0:2466,1:2463,2:2418,3:2453,4:3099,5:2430,6:2636,7:2527,8:2478,9:2566,10:2549,11:2496,12:3273,13:2448,14:2576,15:2513,16:2509,17:2358,18:2451,19:2408,20:2514,21:2629,22:2432,23:2373,24:2602,25:2392,26:2417,27:2488,28:2488,29:2557,30:2642,31:2554,32:2428,33:2421,34:2467,35:2514,36:2461,37:2441,38:2440,39:2380,40:2501,41:2385,42:2587,43:2985,44:3039,45:3042,46:2352,47:2605,48:2533,49:2429,50:2646,51:2503,52:2566,53:2967,54:2472,55:2420,56:2926,57:2362,58:2475,59:2501,60:3158,61:2362,62:2394,63:2353,64:2566,65:2359,66:3102,67:3255,68:3055,69:2626,70:2421,71:2559,72:2460,73:2595,74:2557,75:2593,76:2566,77:3146,78:2549,79:2622,80:2486,81:2545,82:2604,83:2366,84:2548,85:2425,86:2605,87:2542,88:2397,89:2635,90:2495,91:2467,92:2426,93:3229,94:2461,95:2538,96:2539,97:2526,98:2412,99:3255,100:2514,101:2455,102:3154,103:3111,104:2625,105:2628,106:2639,107:3182,108:2617,109:2623,110:2580,111:2535,112:2504,113:2512,114:3199,115:2470,116:2463,117:2629,118:2603,119:2587,120:2604,121:2533,122:2440,123:2351,124:2643,125:3282,126:2511,127:2616,128:2517,129:2572,130:2487,131:2979,132:2535,133:2465,134:2600,135:2449,136:2480,137:2475,138:2380,139:3036,140:2429,141:2514,142:2528,143:2496,144:2985,145:2959,146:2535,147:2429,148:2643,149:2432,150:2497,151:2425,152:2377,153:3077,154:2543,155:2425,156:2553,157:3134,158:2525,159:2449,160:2638,161:2441,162:2396,163:2641,164:2371,165:3112,166:2514,167:2601,168:2517,169:2392,170:2492,171:2452,172:2468,173:2539,174:3064,175:2532,176:2429,177:2550,178:2517,179:3032,180:2500,181:2431,182:2387,183:2476,184:2440,185:2489,186:2499,187:3012,188:2389,189:2487,190:2418,191:2438,192:3191,193:2525,194:2590,195:2541,196:2520,197:2471,198:3146,199:3292,200:2449,201:2906,202:2466,203:2469,204:2483,205:2999,206:2620,207:2382,208:2375,209:2359,210:3047,211:2584,212:2618,213:3067,214:2636,215:2540,216:2624,217:2397,218:2611,219:2518,220:2546,221:2479,222:2576,223:2435,224:2354,225:2526,226:3133,227:2527,228:2612,229:2480,230:2952,231:2584,232:2506,233:2358,234:2580,235:2930,236:2401,237:3062,238:2452,239:2390,240:2583,241:2543,242:2588,243:2556,244:2493,245:2444,246:2638,247:3082,248:2534,249:2573,250:2903,251:2519,252:2382,253:2470,254:2638,255:2437,256:2478,257:3267,258:2649,259:2511,260:3066,261:3097,262:2615,263:3154,264:2453,265:2402,266:2498,267:2434,268:2456,269:2971,270:2609,271:2590,272:3182,273:2541,274:3102,275:2463,276:2624,277:2638,278:2599,279:2382,280:2416,281:3186,282:2398,283:2488,284:2419,285:2559,286:2449,287:3262,288:2499,289:2931,290:2395,291:2461,292:2422,293:2527,294:2462,295:2471,296:2488,297:2527,298:2616,299:2622,300:2639,301:2568,302:2499,303:2480,304:2423,305:2994,306:2456,307:2553,308:2465,309:2414,310:2393,311:2568,312:2570,313:2535,314:2594,315:2566,316:2617,317:2551,318:2481,319:2540,320:2351,321:2482,322:2469,323:2465,324:2565,325:2577,326:2411,327:2563,328:2586,329:2419,330:2645,331:2591,332:2410,333:2363,334:2437,335:2462,336:2545,337:2383,338:2552,339:2404,340:2457,341:2353,342:2454,343:2461,344:2454,345:2548,346:2487,347:2588,348:2518,349:3035,350:2561,351:2379,352:2559,353:2566,354:2598,355:2501,356:2624,357:2494,358:2356,359:2423
0:2468,1:2515,2:2385,3:2368,4:2505,5:2540,6:2462,7:2438,8:3121,9:2516,10:2447,11:2505,12:2353,13:2372,14:2353,15:2584,16:2913,17:2541,18:2603,19:2441,20:2384,21:2635,22:2392,23:2534,24:2363,25:2633,26:3263,27:2399,28:2361,29:2388,30:3220,31:2546,32:2643,33:3290,34:2405,35:2402,36:2594,37:2584,38:3155,39:2930,40:2443,41:2466,42:3031,43:2629,44:2352,45:2403,46:2612,47:2420,48:3066,49:2444,50:2581,51:3133,52:2590,53:2518,54:2514,55:2439,56:2593,57:2458,58:2441,59:2927,60:2631,61:2529,62:2581,63:2412,64:2614,65:2363,66:3125,67:2388,68:2612,69:2402,70:2353,71:2525,72:3154,73:2457,74:2608,75:2530,76:2453,77:2465,78:2637,79:3057,80:2393,81:2385,82:2499,83:2533,84:2392,85:2375,86:2560,87:2412,88:2476,89:2433,90:2452,91:2411,92:2617,93:2410,94:2392,95:2622,96:2387,97:2605,98:2354,99:2369,100:2370,101:2376,102:2480,103:2510,104:2390,105:2452,106:2515,107:2524,108:2580,109:2378,110:2421,111:2541,112:2534,113:2995,114:3030,115:2604,116:2481,117:3036,118:2382,119:2457,120:2407,121:2434,122:2512,123:2594,124:2408,125:2488,126:2956,127:2618,128:2591,129:2418,130:2530,131:2381,132:2605,133:2401,134:3290,135:2365,136:3298,137:2357,138:2434,139:2366,140:2560,141:2493,142:3293,143:2633,144:2545,145:2373,146:2500,147:2480,148:2529,149:2629,150:2369,151:2513,152:2529,153:3076,154:2493,155:2981,156:2417,157:2484,158:2492,159:3283,160:2589,161:2644,162:3244,163:2565,164:2587,165:2449,166:2539,167:2961,168:2498,169:2362,170:2367,171:2933,172:2526,173:2448,174:2950,175:2634,176:3003,177:2587,178:2399,179:2376,180:2360,181:2956,182:2559,183:2469,184:2461,185:3230,186:2507,187:2441,188:2576,189:2566,190:2382,191:3208,192:2643,193:2586,194:2564,195:2949,196:2533,197:2382,198:2491,199:2448,200:2623,201:3062,202:2445,203:2480,204:3209,205:2479,206:2445,207:2475,208:3096,209:2544,210:2576,211:2611,212:2545,213:2570,214:2406,215:2460,216:2482,217:2479,218:2554,219:2439,220:2546,221:2470,222:2440,223:2554,224:2474,225:3157,226:2392,227:2434,228:2410,229:2541,230:2488,231:2549,232:2999,233:2589,234:2363,235:2350,236:2631,237:3260,238:2574,239:2455,240:2397,241:2410,242:2358,243:2375,244:2401,245:2645,246:3074,247:3264,248:3031,249:3037,250:2361,251:2533,252:2497,253:2492,254:2608,255:2467,256:2417,257:2454,258:2392,259:2548,260:2353,261:2641,262:2480,263:2495,264:3110,265:2548,266:2912,267:2503,268:2560,269:3137,270:2640,271:2481,272:2629,273:2394,274:2587,275:2509,276:2382,277:2569,278:2580,279:2403,280:2370,281:2534,282:2464,283:2572,284:2487,285:2577,286:2631,287:2495,288:2467,289:2535,290:2463,291:2572,292:2642,293:2352,294:2948,295:2501,296:2600,297:2414,298:2541,299:2612,300:2540,301:2490,302:2553,303:2971,304:2600,305:2552,306:3258,307:2524,308:2539,309:2462,310:2403,311:3015,312:2472,313:3179,314:3137,315:2573,316:2472,317:2494,318:2648,319:2611,320:3086,321:2521,322:3027,323:2473,324:2401,325:2397,326:2483,327:2351,328:2626,329:2603,330:3188,331:2595,332:2545,333:2532,334:2510,335:3043,336:2527,337:2565,338:2394,339:2357,340:2510,341:2513,342:2513,343:2638,344:2903,345:3001,346:3195,347:3038,348:2508,349:2513,350:2588,351:2476,352:2505,353:2481,354:2598,355:2360,356:2906,357:2515,358:2559,359:2571
0:2566,1:2366,2:2548,3:2433,4:2597,5:2616,6:2922,7:2601,8:2541,9:2386,10:2647,11:2546,12:2520,13:2412,14:2548,15:3211,16:2632,17:2616,18:2491,19:2444,20:2446,21:2623,22:2599,23:3243,24:2554,25:2406,26:2595,27:2495,28:3050,29:2532,30:2436,31:2390,32:2459,33:2496,34:2562,35:2580,36:2464,37:2557,38:2394,39:2512,40:2429,41:3243,42:2408,43:2371,44:2516,45:2630,46:2635,47:2612,48:2480,49:3094,50:2951,51:2497,52:2360,53:2587,54:2626,55:2504,56:2535,57:2464,58:2551,59:2919,60:2587,61:2360,62:2558,63:2503,64:2580,65:2359,66:2444,67:3045,68:2534,69:2637,70:3014,71:2403,72:3116,73:2453,74:2455,75:2600,76:3237,77:2577,78:2996,79:2467,80:2525,81:3273,82:2604,83:2378,84:2533,85:2541,86:2449,87:2449,88:2513,89:2385,90:3199,91:2409,92:3224,93:3246,94:2436,95:2554,96:2433,97:2513,98:2500,99:2518,100:2484,101:2354,102:2413,103:2359,104:2352,105:2402,106:2447,107:2432,108:2474,109:2517,110:2352,111:2451,112:2648,113:2913,114:2460,115:2384,116:2356,117:3222,118:2968,119:2479,120:2624,121:2416,122:2388,123:2451,124:2563,125:2433,126:2617,127:2927,128:2586,129:2546,130:2518,131:2446,132:2474,133:2516,134:2424,135:2620,136:2603,137:2433,138:2369,139:2577,140:2400,141:2455,142:3225,143:2361,144:3129,145:2634,146:2395,147:3188,148:2930,149:2573,150:2455,151:2529,152:2456,153:2460,154:2365,155:2511,156:2468,157:2557,158:2408,159:2421,160:2573,161:2565,162:2554,163:2424,164:2644,165:2562,166:2568,167:3118,168:2351,169:3114,170:3288,171:2385,172:2537,173:2477,174:2957,175:3091,176:2505,177:2446,178:3271,179:2487,180:2606,181:2507,182:2376,183:2981,184:2448,185:2395,186:2421,187:2551,188:2359,189:2620,190:2560,191:2580,192:2509,193:2556,194:2414,195:2928,196:2438,197:2389,198:2565,199:2505,200:2383,201:2350,202:2540,203:3234,204:3170,205:2562,206:2472,207:3299,208:2464,209:2602,210:2558,211:2367,212:2592,213:2928,214:2627,215:2635,216:2553,217:2418,218:3127,219:2406,220:2540,221:2487,222:2452,223:3176,224:2527,225:2629,226:2551,227:2412,228:2551,229:2997,230:2514,231:3215,232:2430,233:2462,234:2563,235:2445,236:2545,237:2400,238:2641,239:3276,240:2940,241:2626,242:2478,243:2391,244:2399,245:2505,246:2526,247:2521,248:2517,249:2616,250:2633,251:2480,252:2519,253:2490,254:2988,255:2550,256:2439,257:2538,258:2432,259:2553,260:2612,261:2567,262:2498,263:2466,264:2457,265:2630,266:2550,267:2398,268:2534,269:2561,270:2638,271:2504,272:2497,273:2369,274:2530,275:2588,276:2538,277:2639,278:2614,279:2562,280:2515,281:2414,282:2403,283:2552,284:2634,285:2622,286:2454,287:2585,288:2617,289:3211,290:2412,291:2439,292:2547,293:2533,294:2473,295:2598,296:2408,297:2476,298:2532,299:3191,300:2363,301:2385,302:2643,303:3264,304:3229,305:2530,306:2633,307:2363,308:2575,309:2958,310:2638,311:2439,312:2528,313:2604,314:3236,315:2482,316:2545,317:2472,318:2446,319:2605,320:2968,321:2500,322:2581,323:2465,324:3256,325:2435,326:3045,327:2563,328:2356,329:2643,330:2529,331:2592,332:2353,333:2562,334:3197,335:2403,336:3054,337:2500,338:2573,339:3136,340:2402,341:2483,342:2497,343:2568,344:2563,345:2495,346:2564,347:2566,348:2547,349:2434,350:2554,351:3210,352:2511,353:2627,354:2382,355:2405,356:2520,357:2583,358:2541,359:2452
0:2583,1:2367,2:2562,3:2404,4:2610,5:2638,6:2411,7:3039,8:2390,9:2353,10:2601,11:2599,12:2432,13:2514,14:2533,15:2516,16:3149,17:2429,18:2390,19:3220,20:2568,21:2604,22:2472,23:2458,24:3225,25:2641,26:2486,27:2418,28:2386,29:2350,30:2554,31:3186,32:2440,33:2508,34:2447,35:2606,36:2382,37:3196,38:2617,39:2382,40:2616,41:2602,42:2509,43:2621,44:3290,45:2367,46:2538,47:3255,48:2358,49:3040,50:3067,51:2604,52:2645,53:2590,54:2478,55:2614,56:2613,57:3083,58:2551,59:2560,60:2573,61:3074,62:3085,63:2388,64:2577,65:2563,66:3067,67:2557,68:3069,69:2522,70:2392,71:2605,72:2535,73:2435,74:2601,75:2415,76:2381,77:2376,78:3194,79:2600,80:2945,81:2396,82:2429,83:2600,84:2446,85:2381,86:2402,87:2551,88:2578,89:2554,90:2558,91:2392,92:2612,93:2569,94:2427,95:2456,96:2369,97:2405,98:2441,99:2517,100:2497,101:2644,102:2598,103:2472,104:3102,105:2491,106:3175,107:3257,108:3265,109:2403,110:3219,111:2439,112:2975,113:2398,114:2448,115:2402,116:2573,117:2641,118:2628,119:3039,120:2583,121:2524,122:2382,123:2449,124:2367,125:2903,126:2589,127:2601,128:2437,129:2381,130:2495,131:2648,132:2402,133:2592,134:2412,135:2504,136:2411,137:2577,138:2558,139:3003,140:2352,141:2569,142:2465,143:2553,144:2454,145:2535,146:2935,147:2478,148:2435,149:2512,150:2952,151:2448,152:2597,153:2354,154:2518,155:2560,156:2401,157:2616,158:2610,159:3137,160:2492,161:2388,162:2549,163:2368,164:2578,165:2640,166:2582,167:2358,168:2638,169:2645,170:2991,171:3290,172:2614,173:2593,174:2645,175:2358,176:3178,177:2376,178:2431,179:2355,180:2981,181:2539,182:2380,183:2570,184:2457,185:2544,186:2521,187:2350,188:2513,189:2519,190:2461,191:2498,192:2587,193:2534,194:2411,195:2467,196:3006,197:2563,198:2413,199:2543,200:2373,201:3155,202:2648,203:2473,204:2491,205:2573,206:2639,207:2377,208:3074,209:2401,210:2634,211:2400,212:2642,213:2946,214:2518,215:2575,216:2535,217:2394,218:2444,219:2461,220:2548,221:2639,222:2389,223:2555,224:3140,225:3199,226:2516,227:2461,228:2388,229:2357,230:2498,231:2383,232:2488,233:2403,234:2391,235:3137,236:2649,237:2452,238:2360,239:2595,240:2615,241:2631,242:2389,243:2417,244:2586,245:2542,246:2549,247:2479,248:2409,249:2600,250:2453,251:3041,252:2426,253:2473,254:2503,255:2637,256:2471,257:2497,258:2433,259:2588,260:2462,261:2439,262:2625,263:3082,264:2512,265:2596,266:2547,267:3138,268:2419,269:2415,270:2571,271:2445,272:2641,273:2362,274:2523,275:2388,276:2986,277:2615,278:2460,279:2519,280:3226,281:2569,282:2563,283:2562,284:2597,285:2608,286:2525,287:2443,288:2643,289:3140,290:2485,291:2601,292:3208,293:2620,294:3077,295:2543,296:2487,297:2537,298:3160,299:2364,300:2560,301:2430,302:2439,303:2445,304:2528,305:2439,306:2970,307:3247,308:2998,309:2516,310:2384,311:2367,312:2376,313:2582,314:2646,315:2574,316:2456,317:2495,318:3041,319:2389,320:2479,321:2383,322:2631,323:2462,324:2527,325:2469,326:2626,327:2475,328:2522,329:2445,330:2529,331:2420,332:2397,333:2961,334:2597,335:2465,336:2584,337:2929,338:2552,339:2496,340:2533,341:2646,342:2602,343:2590,344:2548,345:2538,346:2424,347:2475,348:3091,349:2531,350:2418,351:2575,352:2440,353:2541,354:2512,355:2490,356:2917,357:2484,358:2572,359:2379
0:2470,1:2411,2:2381,3:2623,4:2471,5:2599,6:2505,7:2478,8:2600,9:3261,10:3281,11:2418,12:2640,13:2505,14:2633,15:2594,16:2418,17:2592,18:2553,19:2559,20:2578,21:3104,22:2422,23:2445,24:2509,25:2355,26:2640,27:2594,28:2574,29:2372,30:3293,31:2609,32:2358,33:2590,34:2426,35:2506,36:2549,37:2383,38:2642,39:2387,40:3229,41:2542,42:2476,43:2503,44:2617,45:2432,46:2410,47:2518,48:2565,49:2585,50:2554,51:2400,52:2569,53:2463,54:2509,55:3176,56:2472,57:2515,58:2548,59:3179,60:2450,61:2644,62:2595,63:2428,64:2635,65:2622,66:2540,67:2623,68:2479,69:2515,70:2602,71:2603,72:2456,73:3110,74:2373,75:2452,76:2422,77:2566,78:2398,79:3175,80:2545,81:2364,82:2585,83:2431,84:2415,85:2359,86:2460,87:2428,88:3033,89:2539,90:2566,91:2445,92:2407,93:3275,94:2631,95:2540,96:2398,97:2585,98:2583,99:3275,100:2555,101:2510,102:2507,103:3125,104:2627,105:2577,106:3290,107:2389,108:2516,109:3096,110:3285,111:2426,112:2494,113:2581,114:2512,115:2643,116:2414,117:3092,118:2459,119:2379,120:3060,121:2508,122:2438,123:3118,124:3066,125:3169,126:2418,127:2480,128:2457,129:2350,130:2635,131:2611,132:2364,133:2457,134:2520,135:2403,136:2644,137:2491,138:3061,139:2525,140:2549,141:2415,142:2629,143:2593,144:2514,145:3036,146:2418,147:2351,148:2461,149:2433,150:3091,151:2424,152:2597,153:2535,154:2432,155:2636,156:2464,157:2425,158:2601,159:2566,160:2475,161:2536,162:2406,163:3161,164:2406,165:2936,166:2356,167:2596,168:2545,169:3195,170:2598,171:2646,172:2550,173:2594,174:2641,175:2519,176:2469,177:2904,178:2352,179:2428,180:2571,181:2597,182:2467,183:2516,184:2632,185:2476,186:3109,187:2362,188:2589,189:2563,190:3217,191:2415,192:2408,193:2356,194:2425,195:2561,196:2592,197:2527,198:3277,199:2597,200:2994,201:2461,202:2566,203:3192,204:3132,205:3233,206:2404,207:2553,208:2610,209:2506,210:2538,211:2456,212:2519,213:2398,214:2433,215:2569,216:2441,217:2575,218:2517,219:2998,220:3151,221:2360,222:2476,223:2547,224:2918,225:2430,226:2532,227:2614,228:2600,229:3283,230:3152,231:2565,232:2477,233:2359,234:2460,235:2480,236:2472,237:2527,238:2509,239:2472,240:2649,241:2908,242:2395,243:2452,244:2610,245:2522,246:2578,247:2556,248:2360,249:2528,250:2415,251:2536,252:2582,253:2514,254:2593,255:2400,256:2512,257:2411,258:2918,259:2541,260:2559,261:2590,262:2906,263:2639,264:2640,265:2526,266:2571,267:2632,268:3193,269:2352,270:2454,271:2365,272:2380,273:2391,274:2483,275:2425,276:2422,277:2978,278:2369,279:2636,280:2504,281:2355,282:3150,283:2613,284:2611,285:2500,286:2491,287:2418,288:2567,289:2434,290:2490,291:2424,292:2590,293:2532,294:2406,295:2627,296:3172,297:2468,298:2618,299:2431,300:2476,301:2385,302:3283,303:2552,304:3137,305:2646,306:2471,307:2591,308:2552,309:2374,310:2434,311:2504,312:2454,313:2479,314:2489,315:2446,316:2382,317:2421,318:2528,319:2481,320:2635,321:2600,322:2568,323:2483,324:3255,325:2538,326:2527,327:2434,328:2646,329:2386,330:3186,331:2588,332:2535,333:2559,334:2375,335:3001,336:2503,337:2501,338:3046,339:2521,340:2585,341:3148,342:2352,343:2511,344:2438,345:2938,346:2515,347:2546,348:2595,349:2646,350:2617,351:2595,352:2479,353:2640,354:2560,355:2469,356:2418,357:3003,358:2519,359:2426
0:2570,1:2615,2:2602,3:2931,4:2414,5:3248,6:2606,7:2350,8:2629,9:2636,10:2578,11:2433,12:2512,13:2464,14:2370,15:2440,16:2419,17:2607,18:3264,19:2611,20:2354,21:2460,22:2382,23:2526,24:2526,25:2417,26:2510,27:2528,28:2378,29:2393,30:2460,31:2446,32:2464,33:2994,34:2484,35:2399,36:2641,37:2573,38:2429,39:2567,40:2356,41:3059,42:2442,43:2540,44:3138,45:2533,46:3196,47:2554,48:2417,49:2420,50:2537,51:2437,52:2395,53:2539,54:2531,55:2376,56:2567,57:2649,58:2352,59:2568,60:2423,61:2551,62:3021,63:2356,64:3207,65:2475,66:3189,67:2563,68:2591,69:2454,70:2435,71:2534,72:3262,73:2481,74:2571,75:2470,76:2549,77:2394,78:2536,79:2428,80:2553,81:2448,82:2519,83:2376,84:2581,85:2504,86:2555,87:2480,88:2453,89:2452,90:2606,91:2382,92:2586,93:3177,94:2639,95:2502,96:2455,97:3089,98:3064,99:2373,100:2619,101:2607,102:2472,103:3240,104:3281,105:2382,106:2599,107:2638,108:2496,109:2585,110:2491,111:2544,112:2458,113:2410,114:2442,115:2396,116:2526,117:2643,118:2477,119:2579,120:2451,121:2413,122:2524,123:2535,124:2593,125:2480,126:2600,127:2590,128:2416,129:3260,130:2375,131:3163,132:2401,133:2393,134:2642,135:2448,136:3068,137:2400,138:2401,139:2539,140:2605,141:2492,142:2365,143:3184,144:2935,145:2494,146:2558,147:2540,148:2937,149:2468,150:2637,151:2524,152:2530,153:2496,154:2530,155:2489,156:2555,157:2575,158:2413,159:2478,160:2410,161:2489,162:2501,163:2359,164:2461,165:2510,166:2435,167:2605,168:2513,169:2444,170:2423,171:2576,172:2488,173:2585,174:2619,175:2602,176:2450,177:2571,178:2387,179:2513,180:2470,181:3250,182:2554,183:3095,184:2647,185:2407,186:2609,187:2441,188:2648,189:2585,190:2451,191:2504,192:3261,193:2423,194:2366,195:2556,196:2398,197:2559,198:2371,199:2636,200:2417,201:2364,202:2499,203:2529,204:2626,205:2493,206:3169,207:2469,208:3196,209:2461,210:2521,211:2505,212:2416,213:2616,214:2935,215:2434,216:2535,217:2599,218:2406,219:2469,220:3034,221:2556,222:3295,223:2488,224:3233,225:2469,226:2623,227:2597,228:2566,229:2581,230:2565,231:2364,232:2523,233:2637,234:2629,235:3073,236:2625,237:2567,238:2390,239:2592,240:2499,241:2606,242:2495,243:2649,244:2615,245:2992,246:3226,247:2545,248:2537,249:2435,250:2522,251:2618,252:2502,253:3056,254:2548,255:2608,256:3137,257:2534,258:2389,259:2493,260:2543,261:3140,262:2532,263:2957,264:2383,265:2435,266:2350,267:2460,268:2486,269:2355,270:2619,271:2632,272:2479,273:2360,274:2518,275:3238,276:2627,277:2608,278:2417,279:2487,280:2647,281:2390,282:2514,283:2486,284:2353,285:2372,286:3243,287:2355,288:2589,289:3001,290:2519,291:2568,292:2575,293:2521,294:2641,295:2450,296:2528,297:2412,298:2557,299:2452,300:3020,301:2537,302:2978,303:2484,304:3251,305:2441,306:2913,307:2529,308:2498,309:2581,310:2956,311:2901,312:2404,313:2488,314:2644,315:3168,316:2380,317:2481,318:2424,319:2502,320:3132,321:2410,322:2350,323:3264,324:3156,325:2998,326:2432,327:2593,328:2977,329:2456,330:2450,331:2929,332:2539,333:2373,334:2964,335:2529,336:2397,337:2489,338:2481,339:2438,340:2974,341:2374,342:2538,343:2466,344:3008,345:3253,346:2476,347:2918,348:2627,349:3119,350:2618,351:2422,352:3023,353:2430,354:3045,355:2607,356:2604,357:2507,358:2429,359:2598
0:2435,1:3013,2:2388,3:3098,4:2427,5:2613,6:2456,7:2370,8:2518,9:2590,10:2551,11:2637,12:3243,13:2417,14:2382,15:2586,16:2961,17:3164,18:2910,19:2361,20:3116,21:2524,22:2533,23:2549,24:2626,25:2647,26:2475,27:2535,28:2533,29:2606,30:2643,31:2486,32:2476,33:2596,34:2477,35:2357,36:2479,37:2442,38:2914,39:3005,40:2629,41:2359,42:2465,43:2922,44:2386,45:2446,46:3054,47:3201,48:2529,49:2461,50:2487,51:2478,52:2359,53:2455,54:2455,55:2530,56:2516,57:3034,58:2397,59:2358,60:2503,61:3123,62:2477,63:2474,64:2463,65:2582,66:2554,67:2363,68:2573,69:2524,70:2981,71:2919,72:2557,73:2482,74:2534,75:2583,76:2353,77:2487,78:2620,79:2949,80:3157,81:2646,82:2357,83:2563,84:2456,85:2471,86:2416,87:2539,88:3221,89:2524,90:2506,91:2538,92:2609,93:2609,94:2395,95:2528,96:3133,97:2478,98:2427,99:2432,100:2398,101:2643,102:2459,103:2482,104:2433,105:2353,106:2527,107:2571,108:2642,109:2904,110:2497,111:2613,112:2446,113:2598,114:2414,115:2432,116:2548,117:2367,118:3021,119:2588,120:2958,121:2476,122:2624,123:3140,124:2607,125:2389,126:2502,127:2357,128:2432,129:2495,130:2571,131:2647,132:2350,133:2465,134:2388,135:2358,136:2598,137:2386,138:2615,139:2600,140:2527,141:2620,142:3090,143:2649,144:2356,145:2630,146:2389,147:2567,148:2483,149:3275,150:2484,151:2477,152:2492,153:2365,154:2639,155:2571,156:2389,157:3296,158:2631,159:2526,160:2374,161:2592,162:3095,163:2387,164:2506,165:2633,166:2405,167:3193,168:2612,169:2600,170:2582,171:2637,172:2574,173:2623,174:2410,175:3111,176:2380,177:2422,178:2616,179:2403,180:2497,181:2590,182:3195,183:2510,184:2458,185:2638,186:2531,187:2467,188:2442,189:2412,190:2463,191:2506,192:2596,193:2546,194:2555,195:2613,196:2436,197:2598,198:2438,199:3155,200:2572,201:2526,202:2385,203:2365,204:2534,205:2460,206:2641,207:2430,208:2474,209:3201,210:3212,211:2643,212:2606,213:2482,214:2451,215:2572,216:2371,217:2484,218:2582,219:3054,220:2530,221:2564,222:2562,223:2378,224:2531,225:3133,226:2523,227:2567,228:2442,229:2398,230:2549,231:2570,232:3161,233:2603,234:2565,235:2610,236:2367,237:2417,238:3106,239:2567,240:2363,241:2415,242:2950,243:2423,244:2354,245:2476,246:2635,247:2921,248:2639,249:2402,250:2631,251:2422,252:2605,253:2421,254:2376,255:3031,256:2472,257:2389,258:2558,259:2373,260:2619,261:2430,262:2621,263:2491,264:2388,265:2380,266:2599,267:2431,268:2517,269:2378,270:3011,271:2475,272:2380,273:3151,274:2424,275:2639,276:2360,277:3294,278:2522,279:2646,280:3280,281:2393,282:2501,283:3269,284:2363,285:2465,286:2429,287:2464,288:2432,289:2435,290:2450,291:3167,292:2434,293:2445,294:2626,295:2355,296:2521,297:2570,298:2362,299:2442,300:2557,301:2630,302:2554,303:2582,304:3206,305:3281,306:2622,307:2633,308:2581,309:2619,310:2444,311:2407,312:2471,313:3278,314:3073,315:2540,316:2439,317:2396,318:2530,319:2600,320:2603,321:2495,322:2376,323:2614,324:2478,325:2605,326:3161,327:3158,328:2528,329:2613,330:2490,331:2366,332:2524,333:2510,334:2407,335:2471,336:2493,337:2514,338:2902,339:2453,340:2621,341:2378,342:2388,343:2453,344:2505,345:2575,346:2616,347:3036,348:2484,349:2579,350:3189,351:2606,352:2617,353:2526,354:2400,355:2926,356:2530,357:2563,358:3128,359:2578
0:2377,1:2366,2:3293,3:2377,4:2502,5:2423,6:2358,7:2505,8:2405,9:3271,10:2592,11:2464,12:2415,13:2467,14:2476,15:3093,16:3044,17:2450,18:2617,19:2502,20:2501,21:2512,22:2629,23:2592,24:2500,25:2486,26:2441,27:2649,28:2615,29:2641,30:2515,31:2510,32:2555,33:2454,34:3030,35:2487,36:2588,37:3269,38:3108,39:2371,40:2456,41:2430,42:2472,43:2615,44:2380,45:2564,46:2379,47:2472,48:2421,49:2518,50:2402,51:2643,52:2400,53:3134,54:2449,55:2495,56:2502,57:3060,58:2647,59:2598,60:2607,61:2636,62:2449,63:2540,64:2415,65:2456,66:3222,67:2460,68:2629,69:2432,70:2509,71:2531,72:2488,73:3193,74:3004,75:3216,76:3046,77:2360,78:2405,79:2535,80:2569,81:2448,82:2441,83:2521,84:2616,85:2556,86:2531,87:2417,88:2548,89:2499,90:2626,91:2397,92:2437,93:3265,94:2577,95:2369,96:2513,97:3214,98:2974,99:2431,100:2369,101:2412,102:2515,103:2496,104:2455,105:2402,106:2420,107:2421,108:2428,109:2946,110:2468,111:2596,112:2531,113:2357,114:2408,115:2422,116:2457,117:2442,118:2609,119:2372,120:2445,121:2593,122:3007,123:2366,124:2367,125:2525,126:2419,127:3110,128:2403,129:2646,130:2561,131:3089,132:2559,133:2613,134:2447,135:2584,136:3267,137:2559,138:2489,139:3197,140:2405,141:3232,142:2351,143:2405,144:2645,145:2464,146:2630,147:2462,148:2649,149:2411,150:2547,151:2536,152:2492,153:2424,154:2350,155:2972,156:2609,157:3032,158:2574,159:2480,160:2649,161:2381,162:2558,163:3188,164:2549,165:2451,166:2581,167:2494,168:2419,169:2452,170:2518,171:2577,172:2588,173:2386,174:2551,175:3146,176:2594,177:2537,178:2636,179:2639,180:2498,181:2416,182:2561,183:2398,184:2367,185:2499,186:2352,187:2607,188:2398,189:3096,190:2576,191:2597,192:2435,193:3136,194:3000,195:2379,196:2495,197:3050,198:2411,199:2350,200:2498,201:2638,202:2631,203:2486,204:2527,205:3100,206:2494,207:2558,208:2444,209:2454,210:2398,211:2510,212:2432,213:2490,214:2422,215:2634,216:2428,217:2401,218:2400,219:2456,220:2382,221:2429,222:3244,223:2540,224:3041,225:2551,226:2600,227:2628,228:2582,229:2463,230:2635,231:2592,232:2626,233:2504,234:2452,235:2527,236:2404,237:2368,238:2489,239:2468,240:2423,241:2570,242:2518,243:2416,244:2569,245:2360,246:2627,247:2468,248:2363,249:2624,250:2472,251:2574,252:3070,253:2459,254:2494,255:2487,256:2449,257:2619,258:2451,259:2515,260:2488,261:2512,262:2484,263:2447,264:3225,265:2389,266:2395,267:2469,268:2540,269:2358,270:2546,271:2379,272:2620,273:2507,274:2355,275:2943,276:2554,277:2596,278:2540,279:2481,280:2391,281:2426,282:2636,283:2580,284:2398,285:2637,286:2380,287:2383,288:2555,289:2573,290:2378,291:3280,292:2512,293:2454,294:2370,295:2416,296:2615,297:2382,298:2485,299:2372,300:2947,301:2538,302:2528,303:2646,304:2480,305:2357,306:2951,307:2496,308:2578,309:2508,310:2490,311:2612,312:2521,313:2364,314:2472,315:2400,316:2587,317:2430,318:2428,319:2601,320:2513,321:2352,322:2599,323:2387,324:3083,325:2385,326:2591,327:3250,328:2537,329:2528,330:2431,331:2499,332:2485,333:2608,334:2378,335:2351,336:2478,337:2384,338:2374,339:2475,340:2641,341:2608,342:2402,343:2633,344:3019,345:2972,346:2634,347:3154,348:2564,349:2564,350:2519,351:2456,352:2425,353:2546,354:2400,355:3033,356:2594,357:2576,358:2949,359:2438
0:2435,1:2362,2:2532,3:2636,4:2608,5:2646,6:2388,7:2376,8:2411,9:3272,10:2501,11:2484,12:2580,13:2357,14:2553,15:2552,16:2448,17:2367,18:2367,19:3164,20:2384,21:2646,22:2620,23:2647,24:2578,25:2494,26:2600,27:2499,28:2352,29:2526,30:2421,31:2504,32:2435,33:2397,34:2489,35:2477,36:2642,37:2608,38:2385,39:2389,40:2430,41:2478,42:2564,43:2487,44:2597,45:3226,46:2648,47:2930,48:2417,49:2619,50:3125,51:2518,52:3100,53:2547,54:2619,55:2498,56:2445,57:2417,58:2434,59:2912,60:2585,61:2519,62:2391,63:2627,64:2404,65:2398,66:2428,67:2577,68:2390,69:2555,70:2568,71:2436,72:2464,73:2461,74:2493,75:2943,76:2554,77:2386,78:2352,79:3189,80:2367,81:2464,82:2569,83:2583,84:2392,85:2390,86:2379,87:2533,88:2366,89:2436,90:2473,91:2529,92:2958,93:2402,94:2644,95:2490,96:2563,97:3264,98:2459,99:2541,100:3201,101:2513,102:3056,103:2587,104:2430,105:3023,106:2573,107:2594,108:2434,109:2538,110:2435,111:2465,112:2607,113:2404,114:2577,115:2922,116:2589,117:2605,118:2399,119:2411,120:2556,121:2449,122:2395,123:3253,124:2913,125:2522,126:2386,127:2547,128:3183,129:2922,130:2534,131:2626,132:2510,133:3230,134:2601,135:2437,136:2579,137:2594,138:2605,139:2432,140:2577,141:2644,142:2520,143:2408,144:2611,145:3273,146:2469,147:2554,148:2428,149:2611,150:2917,151:2523,152:2466,153:2583,154:2455,155:2642,156:2453,157:2612,158:2629,159:3157,160:2940,161:3045,162:2499,163:3275,164:3289,165:2458,166:2456,167:2485,168:2490,169:3124,170:2492,171:3227,172:2992,173:2613,174:2555,175:2420,176:3109,177:2611,178:2434,179:2571,180:2384,181:3167,182:2368,183:2906,184:2366,185:2553,186:3036,187:2350,188:2413,189:2430,190:2469,191:2527,192:2640,193:2623,194:2429,195:2480,196:2648,197:2437,198:2587,199:2644,200:2388,201:2538,202:2427,203:3100,204:3138,205:2962,206:2582,207:2587,208:2542,209:2574,210:2416,211:3248,212:2351,213:3189,214:3297,215:2643,216:2422,217:3151,218:2493,219:2383,220:2645,221:2630,222:2595,223:2407,224:3001,225:2630,226:2358,227:2377,228:2575,229:2618,230:2440,231:2418,232:2388,233:2425,234:2629,235:2468,236:2518,237:2623,238:2359,239:2640,240:2543,241:2529,242:2456,243:2468,244:2566,245:2391,246:2590,247:2393,248:2414,249:2557,250:2414,251:2424,252:3115,253:2602,254:2481,255:2494,256:2988,257:2435,258:2355,259:2489,260:2551,261:2391,262:2563,263:2558,264:2423,265:2473,266:2424,267:2648,268:3035,269:2519,270:2464,271:2406,272:2534,273:2488,274:2480,275:2455,276:2515,277:2443,278:2414,279:2551,280:2923,281:2385,282:2500,283:2915,284:2353,285:2378,286:2585,287:2605,288:2472,289:2646,290:3266,291:3226,292:2444,293:2475,294:2462,295:2476,296:2574,297:2591,298:2383,299:2620,300:2556,301:2635,302:2436,303:2426,304:2455,305:2474,306:2410,307:2360,308:2540,309:2622,310:2599,311:2489,312:3040,313:2366,314:2421,315:3046,316:2451,317:2648,318:3151,319:3114,320:2595,321:2394,322:2493,323:3059,324:3192,325:2544,326:2548,327:2470,328:2470,329:2588,330:2619,331:3100,332:2549,333:2987,334:2574,335:2521,336:2527,337:2398,338:2636,339:2613,340:2491,341:2599,342:2414,343:2439,344:2398,345:2358,346:2387,347:2416,348:2414,349:2463,350:2501,351:2361,352:3064,353:2630,354:2402,355:2640,356:2371,357:3108,358:2413,359:2526
0:2493,1:2580,2:2530,3:2988,4:2484,5:2523,6:2574,7:2475,8:2980,9:2592,10:2499,11:2357,12:3295,13:2538,14:2370,15:2385,16:2446,17:2558,18:2923,19:2613,20:2520,21:2611,22:2417,23:2500,24:2426,25:2390,26:2409,27:2512,28:2432,29:2422,30:2428,31:3087,32:2507,33:2528,34:2371,35:2384,36:2428,37:2470,38:2471,39:2447,40:2969,41:2619,42:2402,43:2446,44:2466,45:2387,46:3188,47:2413,48:2596,49:2921,50:2617,51:2511,52:2549,53:2635,54:2638,55:2385,56:2541,57:2446,58:2544,59:2405,60:2467,61:3122,62:2583,63:2384,64:2549,65:2410,66:2403,67:2629,68:2486,69:2444,70:2359,71:2493,72:2543,73:2397,74:3285,75:2569,76:3077,77:2538,78:2502,79:2514,80:2405,81:2630,82:3286,83:2455,84:2484,85:2473,86:2359,87:3031,88:2962,89:2607,90:2522,91:2432,92:2365,93:3212,94:2923,95:2383,96:2463,97:2391,98:2646,99:2634,100:2460,101:2557,102:2526,103:3060,104:3097,105:2422,106:2559,107:2359,108:2429,109:2584,110:2352,111:2591,112:3069,113:2550,114:2565,115:2394,116:2566,117:2369,118:2587,119:2519,120:2619,121:2383,122:2476,123:2582,124:2468,125:2603,126:2609,127:2569,128:3205,129:2991,130:2515,131:2639,132:2449,133:2415,134:2351,135:2409,136:2538,137:2363,138:2993,139:2559,140:2375,141:2473,142:2499,143:2524,144:2511,145:2489,146:2629,147:3184,148:2585,149:2465,150:2942,151:2530,152:3274,153:2436,154:2514,155:2372,156:2354,157:3131,158:2412,159:2634,160:2622,161:2527,162:2638,163:2440,164:3185,165:3070,166:2358,167:2450,168:2359,169:3274,170:3238,171:2607,172:2493,173:2484,174:2428,175:2519,176:2469,177:2523,178:2426,179:2360,180:2562,181:2598,182:2482,183:2635,184:2469,185:2378,186:2482,187:2593,188:2432,189:2484,190:2437,191:2618,192:2393,193:3106,194:2490,195:2412,196:3254,197:2397,198:2597,199:2549,200:2413,201:3135,202:2614,203:2396,204:2591,205:3032,206:2439,207:2524,208:2388,209:2625,210:3282,211:2602,212:2467,213:2479,214:2604,215:2488,216:2924,217:2550,218:2916,219:2522,220:2538,221:2503,222:2375,223:2561,224:2524,225:2555,226:2442,227:2373,228:2925,229:2444,230:2527,231:2488,232:2375,233:2580,234:3264,235:2630,236:2506,237:2515,238:2426,239:2958,240:2568,241:2647,242:2364,243:2530,244:2644,245:2504,246:2621,247:2589,248:2533,249:2577,250:2951,251:2439,252:2614,253:2545,254:2625,255:3033,256:2376,257:2639,258:2374,259:2375,260:2616,261:2433,262:2641,263:3203,264:2393,265:2458,266:2607,267:3034,268:3096,269:2490,270:3288,271:2567,272:2548,273:2586,274:2557,275:2489,276:2419,277:2443,278:2609,279:2432,280:2632,281:2546,282:3110,283:2485,284:2423,285:2599,286:2466,287:2367,288:2910,289:3220,290:2517,291:2618,292:2439,293:2524,294:2415,295:3081,296:2358,297:2577,298:3137,299:2623,300:2601,301:3250,302:2360,303:3039,304:3152,305:2632,306:2635,307:2480,308:2561,309:3244,310:2521,311:2390,312:2617,313:2499,314:2512,315:2918,316:2476,317:2357,318:2542,319:2566,320:2630,321:2458,322:2481,323:2612,324:2469,325:3239,326:2513,327:2390,328:2554,329:2564,330:2411,331:2389,332:2503,333:2604,334:2563,335:2566,336:2463,337:3050,338:2540,339:3239,340:2562,341:2529,342:2397,343:2577,344:2561,345:2464,346:2611,347:2444,348:2421,349:2471,350:3060,351:2444,352:2497,353:3240,354:2420,355:2372,356:3162,357:2519,358:2574,359:3292
0:2388,1:2907,2:2643,3:3149,4:2527,5:2565,6:2485,7:2489,8:2639,9:2590,10:2585,11:2633,12:2582,13:2409,14:2364,15:3126,16:2646,17:2593,18:2564,19:2492,20:2394,21:2421,22:2510,23:2471,24:2451,25:3220,26:2471,27:2560,28:2435,29:2514,30:2571,31:2522,32:3109,33:2993,34:2454,35:2518,36:2400,37:2542,38:2967,39:2571,40:2530,41:2589,42:2640,43:3238,44:2487,45:2478,46:2403,47:3143,48:3287,49:2396,50:2384,51:2645,52:2482,53:2614,54:2579,55:2553,56:3239,57:2454,58:2430,59:2500,60:2428,61:2605,62:2416,63:2649,64:2445,65:3026,66:2992,67:3090,68:2352,69:2455,70:2410,71:2476,72:2406,73:2633,74:2533,75:2358,76:2423,77:2616,78:2648,79:2487,80:2593,81:2402,82:2360,83:2511,84:2976,85:2603,86:2582,87:2410,88:2533,89:2611,90:2459,91:2504,92:2521,93:2567,94:3259,95:2495,96:2383,97:2545,98:2362,99:2490,100:2483,101:2620,102:2415,103:3030,104:2551,105:2442,106:2575,107:2629,108:2484,109:2532,110:2383,111:2542,112:2356,113:2611,114:3125,115:2595,116:2601,117:2515,118:2549,119:2580,120:2361,121:3072,122:3239,123:2920,124:2597,125:2402,126:2587,127:2528,128:2551,129:2396,130:2450,131:3062,132:2394,133:2450,134:2537,135:2617,136:3054,137:2514,138:2622,139:3052,140:2467,141:2645,142:2359,143:3020,144:2584,145:2362,146:2596,147:2481,148:2498,149:2395,150:2421,151:2541,152:2529,153:2486,154:2383,155:2485,156:2581,157:2614,158:2565,159:2618,160:2548,161:2465,162:2520,163:2366,164:2486,165:2468,166:2632,167:2390,168:3220,169:2644,170:2600,171:2918,172:2956,173:2379,174:2451,175:2383,176:2389,177:2401,178:2568,179:3213,180:2388,181:2392,182:2535,183:2512,184:2385,185:2360,186:2354,187:2951,188:2404,189:2503,190:2588,191:3191,192:2648,193:3075,194:2427,195:2370,196:3262,197:2644,198:2602,199:2604,200:2573,201:2573,202:2498,203:2935,204:2421,205:2641,206:2419,207:2453,208:3064,209:2633,210:2625,211:2443,212:2403,213:2609,214:2549,215:2455,216:2402,217:2647,218:2465,219:2425,220:2475,221:2401,222:2509,223:3020,224:2591,225:2510,226:2534,227:2389,228:2548,229:2634,230:2446,231:2453,232:2492,233:2402,234:2483,235:2555,236:2440,237:3258,238:3158,239:2392,240:2363,241:3005,242:3042,243:2560,244:2360,245:2530,246:2615,247:3124,248:3113,249:2430,250:2480,251:2518,252:2919,253:2532,254:2493,255:2471,256:2588,257:2588,258:3142,259:2554,260:2472,261:3014,262:2426,263:2544,264:2443,265:2637,266:2620,267:2438,268:2485,269:2584,270:2518,271:2600,272:3085,273:2407,274:2620,275:2468,276:2440,277:2909,278:2534,279:2953,280:2445,281:2376,282:2615,283:2580,284:2444,285:2565,286:2609,287:2626,288:2602,289:2554,290:2370,291:2471,292:2907,293:2577,294:2576,295:2916,296:2554,297:2594,298:2538,299:2439,300:2425,301:2474,302:2590,303:2528,304:2604,305:2621,306:2397,307:2516,308:2509,309:2453,310:2573,311:2424,312:2547,313:2402,314:2406,315:2355,316:2535,317:2427,318:2395,319:2635,320:2381,321:2410,322:2471,323:3040,324:2488,325:2477,326:2465,327:2576,328:2572,329:3024,330:2533,331:3220,332:3036,333:2549,334:2485,335:2636,336:3066,337:3290,338:2445,339:3098,340:2391,341:2438,342:2632,343:3201,344:3260,345:2570,346:2479,347:2477,348:3173,349:2629,350:2968,351:2465,352:2540,353:2407,354:2365,355:2454,356:2540,357:2370,358:2352,359:2521
0:3237,1:2497,2:2575,3:2552,4:2366,5:2445,6:2524,7:3086,8:2420,9:2397,10:3233,11:2609,12:3042,13:2382,14:2492,15:2550,16:2476,17:2562,18:2520,19:2585,20:2648,21:2635,22:2596,23:2571,24:2399,25:2567,26:2433,27:2369,28:2519,29:2986,30:2557,31:2630,32:2367,33:2569,34:2469,35:2511,36:2421,37:2512,38:2353,39:2445,40:2556,41:2362,42:2392,43:2522,44:2445,45:2459,46:2546,47:2359,48:2531,49:2585,50:2493,51:2585,52:2410,53:3076,54:2520,55:2578,56:2646,57:2454,58:2406,59:2409,60:2586,61:2420,62:2420,63:3209,64:2591,65:2447,66:2592,67:2362,68:3272,69:2473,70:3094,71:2645,72:2472,73:2365,74:2642,75:2514,76:2568,77:2395,78:2554,79:2363,80:2463,81:2465,82:2928,83:2453,84:2548,85:2598,86:2424,87:2632,88:3201,89:2616,90:2925,91:2429,92:3079,93:2478,94:3129,95:2509,96:2586,97:2913,98:2609,99:2924,100:2421,101:2497,102:2516,103:2479,104:2481,105:2360,106:2425,107:2541,108:2581,109:2537,110:3008,111:2556,112:2561,113:2453,114:2398,115:2444,116:2643,117:2987,118:2566,119:3078,120:2634,121:2380,122:2638,123:3158,124:2530,125:2569,126:2406,127:2480,128:2443,129:2565,130:2384,131:2619,132:2572,133:2411,134:2496,135:2350,136:2512,137:2419,138:2547,139:2382,140:2413,141:2457,142:2564,143:2594,144:2633,145:2450,146:2548,147:2446,148:2987,149:2618,150:2498,151:3219,152:2613,153:3021,154:2383,155:2495,156:2440,157:2442,158:2490,159:2604,160:2588,161:2554,162:2571,163:2645,164:2377,165:3151,166:2411,167:2573,168:2373,169:3052,170:2464,171:2536,172:2464,173:2570,174:2575,175:2356,176:2562,177:2590,178:2398,179:2550,180:2355,181:2409,182:2478,183:2512,184:3116,185:3158,186:2362,187:2580,188:2581,189:2579,190:2414,191:2481,192:2539,193:2377,194:2637,195:2491,196:2551,197:2645,198:2533,199:2491,200:2352,201:2469,202:3147,203:2413,204:2435,205:3290,206:2455,207:2369,208:2640,209:2605,210:2631,211:2448,212:2444,213:2397,214:2461,215:2407,216:3060,217:2527,218:2449,219:2939,220:2552,221:2649,222:3023,223:2512,224:2619,225:2451,226:2544,227:2506,228:2355,229:2518,230:2493,231:2503,232:2998,233:3123,234:2458,235:2533,236:2638,237:2409,238:2644,239:2384,240:2559,241:2466,242:2558,243:2540,244:3002,245:2370,246:2402,247:2381,248:2355,249:2551,250:2366,251:2500,252:2976,253:2467,254:2368,255:2550,256:2593,257:2352,258:2466,259:3076,260:2636,261:2462,262:3107,263:2512,264:2453,265:2518,266:2351,267:2513,268:2354,269:2644,270:2566,271:2626,272:2415,273:2599,274:2492,275:2508,276:2365,277:2524,278:2536,279:2571,280:2454,281:2610,282:2641,283:2415,284:2583,285:2569,286:2360,287:2428,288:2446,289:2409,290:2419,291:2974,292:3116,293:2523,294:3203,295:2512,296:2631,297:2412,298:2643,299:2642,300:2427,301:2380,302:2499,303:2360,304:2587,305:2561,306:2454,307:2395,308:2485,309:2401,310:2367,311:2399,312:2910,313:2451,314:2586,315:2520,316:2464,317:2401,318:2560,319:2452,320:2421,321:2371,322:2566,323:2419,324:2478,325:2455,326:2509,327:2407,328:2481,329:2562,330:2644,331:2464,332:2643,333:2555,334:2614,335:2480,336:2557,337:2581,338:3271,339:3013,340:2439,341:2600,342:2449,343:2632,344:2376,345:2494,346:2644,347:2521,348:2598,349:2407,350:2418,351:2552,352:2534,353:3276,354:2532,355:2494,356:2481,357:2613,358:2615,359:2409
0:2548,1:3250,2:2625,3:2482,4:2522,5:2571,6:2463,7:2353,8:2483,9:2489,10:2400,11:2360,12:2623,13:2625,14:2545,15:2628,16:2440,17:3085,18:2407,19:2494,20:2625,21:2448,22:2588,23:2446,24:2435,25:3204,26:2350,27:2549,28:2626,29:3245,30:2357,31:2576,32:2523,33:2543,34:3298,35:2386,36:2563,37:3094,38:2396,39:2362,40:2593,41:2355,42:2466,43:2358,44:2511,45:2444,46:2929,47:2609,48:3172,49:2462,50:2420,51:2547,52:2648,53:2602,54:3059,55:2429,56:3217,57:3276,58:2480,59:2537,60:2508,61:3120,62:2619,63:2483,64:2581,65:2444,66:2627,67:3150,68:2598,69:2560,70:2507,71:2563,72:3013,73:2377,74:2471,75:2541,76:2626,77:2520,78:3114,79:2387,80:2507,81:2608,82:2470,83:2526,84:2376,85:2439,86:3289,87:2489,88:2442,89:3208,90:2589,91:2601,92:2609,93:2394,94:2366,95:2488,96:2485,97:2475,98:3041,99:2556,100:2362,101:2636,102:2428,103:2541,104:2372,105:2352,106:2583,107:2363,108:3028,109:2393,110:2491,111:2431,112:2440,113:2602,114:2429,115:2413,116:2566,117:2552,118:3195,119:2558,120:2462,121:2498,122:3171,123:2478,124:2476,125:3144,126:2599,127:3174,128:2484,129:2421,130:3258,131:2430,132:2445,133:2506,134:2543,135:2553,136:2635,137:2355,138:2552,139:2990,140:2547,141:3091,142:2370,143:2935,144:2384,145:2546,146:2510,147:2358,148:2360,149:2582,150:2593,151:2548,152:2416,153:2459,154:2528,155:2557,156:2629,157:2408,158:2542,159:2393,160:2548,161:2521,162:2582,163:2617,164:2414,165:2614,166:2583,167:2393,168:2359,169:2506,170:2905,171:2357,172:2391,173:2565,174:2485,175:2466,176:2414,177:2488,178:2596,179:2448,180:2443,181:2584,182:2530,183:2938,184:2616,185:2586,186:2905,187:2480,188:2470,189:2433,190:2459,191:2516,192:2386,193:2544,194:2381,195:2484,196:2473,197:3201,198:3093,199:2487,200:2554,201:2576,202:3006,203:2478,204:2539,205:2379,206:2628,207:2504,208:2377,209:2423,210:2528,211:2397,212:2507,213:2468,214:3054,215:2430,216:2497,217:2367,218:2412,219:2617,220:3193,221:2499,222:2587,223:2596,224:2416,225:2462,226:2374,227:3296,228:2470,229:2563,230:2456,231:2501,232:2457,233:2575,234:2358,235:2579,236:2436,237:2400,238:2585,239:2541,240:2495,241:2536,242:2554,243:2498,244:2379,245:2359,246:2527,247:2439,248:2613,249:2452,250:2449,251:3056,252:3064,253:2429,254:2410,255:3207,256:2535,257:2531,258:2410,259:2592,260:2367,261:2410,262:2366,263:2414,264:2567,265:3272,266:3113,267:3113,268:2611,269:2447,270:2553,271:2928,272:2603,273:2603,274:2449,275:2641,276:2641,277:2962,278:2492,279:3097,280:2395,281:2383,282:3106,283:2356,284:3053,285:2428,286:2957,287:3183,288:2586,289:2482,290:2382,291:2417,292:2956,293:2438,294:2500,295:2457,296:2587,297:3062,298:2635,299:2354,300:2564,301:2400,302:2422,303:2632,304:3063,305:2522,306:2634,307:2467,308:2992,309:2587,310:2607,311:2524,312:2405,313:2646,314:2357,315:2563,316:2559,317:2524,318:2440,319:2433,320:2604,321:2945,322:3014,323:2513,324:2645,325:3190,326:2408,327:2438,328:2391,329:2379,330:3282,331:3189,332:2580,333:3062,334:2625,335:2618,336:2534,337:2472,338:2433,339:2563,340:2483,341:2510,342:2931,343:2477,344:2522,345:2431,346:2923,347:2426,348:2622,349:2643,350:2383,351:2378,352:2469,353:2529,354:2460,355:3207,356:2546,357:2438,358:2550,359:2542
0:3265,1:2584,2:2558,3:2538,4:2460,5:2463,6:2367,7:2453,8:2474,9:2644,10:2578,11:2518,12:2636,13:2421,14:2624,15:2575,16:2601,17:2392,18:2526,19:2363,20:2638,21:2499,22:2443,23:2642,24:2581,25:2580,26:2396,27:2449,28:3070,29:2360,30:2622,31:2620,32:3030,33:3249,34:2578,35:2461,36:2609,37:2533,38:2391,39:2355,40:2378,41:2498,42:2482,43:2637,44:2527,45:2600,46:2498,47:2601,48:2642,49:2610,50:2391,51:2516,52:3087,53:2423,54:2441,55:2500,56:2594,57:2597,58:3101,59:2555,60:2368,61:2423,62:2603,63:2625,64:2935,65:2639,66:2509,67:2590,68:2583,69:2462,70:2454,71:2512,72:2635,73:2627,74:2564,75:2464,76:2547,77:2570,78:2599,79:2588,80:2495,81:2589,82:2408,83:2484,84:2604,85:2360,86:2421,87:2528,88:3164,89:2620,90:2546,91:2357,92:2406,93:2468,94:2552,95:2558,96:3072,97:2361,98:3200,99:2563,100:2563,101:2611,102:2435,103:2428,104:2379,105:2638,106:2468,107:2580,108:2378,109:2409,110:2393,111:2511,112:2401,113:2426,114:2450,115:2393,116:2471,117:3263,118:2458,119:2419,120:2636,121:2536,122:2556,123:2594,124:2444,125:2468,126:2516,127:2586,128:2512,129:2637,130:3021,131:2445,132:2383,133:2587,134:2481,135:2615,136:2479,137:2970,138:2587,139:2599,140:2616,141:2379,142:2497,143:2499,144:2538,145:2385,146:2422,147:2577,148:2355,149:2603,150:3275,151:2523,152:2533,153:2615,154:2612,155:2533,156:2392,157:2623,158:3109,159:2483,160:3020,161:2453,162:2622,163:2442,164:2516,165:2451,166:2520,167:2594,168:2456,169:2635,170:2564,171:2389,172:3121,173:2540,174:2517,175:2389,176:2453,177:3153,178:2475,179:2442,180:2569,181:2500,182:3110,183:2414,184:2423,185:2625,186:2588,187:2506,188:2563,189:2546,190:2583,191:2648,192:2563,193:3048,194:2451,195:2624,196:3159,197:2449,198:2628,199:3035,200:2365,201:2900,202:2424,203:2545,204:2633,205:2355,206:2474,207:2511,208:2527,209:2900,210:2441,211:2353,212:2429,213:2561,214:2369,215:3081,216:3126,217:2444,218:2933,219:2569,220:2461,221:2381,222:3033,223:2399,224:2556,225:2540,226:2418,227:2629,228:2641,229:2609,230:2458,231:2357,232:2631,233:3281,234:2389,235:3272,236:2441,237:2468,238:2583,239:2358,240:2560,241:2641,242:2481,243:2554,244:3166,245:3288,246:2585,247:2554,248:2369,249:2567,250:2597,251:2459,252:2590,253:2354,254:2511,255:3292,256:2538,257:2456,258:2491,259:2580,260:2502,261:2524,262:2547,263:2982,264:2516,265:2463,266:2557,267:2508,268:3225,269:3062,270:2631,271:2535,272:2406,273:2361,274:3122,275:2488,276:3097,277:2403,278:3080,279:2419,280:3045,281:2459,282:2409,283:3196,284:2428,285:2604,286:3042,287:2467,288:2485,289:2588,290:3258,291:2609,292:3224,293:2427,294:2493,295:2459,296:2975,297:2459,298:2997,299:2404,300:2361,301:2576,302:2622,303:2639,304:2586,305:3187,306:2352,307:2512,308:2473,309:2947,310:2927,311:2583,312:3040,313:2501,314:2640,315:2600,316:3276,317:2383,318:2416,319:2513,320:2578,321:2523,322:2410,323:2398,324:2468,325:3138,326:2466,327:2547,328:2380,329:2446,330:2495,331:3291,332:2366,333:2648,334:2376,335:2527,336:2445,337:2563,338:2529,339:2471,340:2411,341:2526,342:2369,343:2639,344:2647,345:2402,346:2506,347:2514,348:2453,349:2390,350:2633,351:2648,352:2538,353:2444,354:2614,355:2354,356:2476,357:2402,358:2521,359:2374
0:2620,1:2500,2:3164,3:2536,4:3233,5:2463,6:2550,7:2603,8:2635,9:2586,10:3293,11:2499,12:2394,13:2649,14:2404,15:2527,16:2601,17:2494,18:2561,19:2585,20:2466,21:2439,22:2411,23:2467,24:2984,25:3132,26:2578,27:2373,28:2482,29:2551,30:2495,31:2569,32:2449,33:3001,34:2644,35:2618,36:2574,37:2387,38:2576,39:3039,40:2363,41:2941,42:2419,43:2634,44:2637,45:2367,46:2446,47:2584,48:3085,49:2451,50:2485,51:2561,52:2468,53:2470,54:2608,55:2449,56:2619,57:2588,58:2534,59:3135,60:2551,61:2643,62:2638,63:2525,64:2395,65:2581,66:2922,67:2525,68:2631,69:2541,70:2380,71:2484,72:2540,73:2395,74:2434,75:2410,76:2639,77:2354,78:2566,79:2567,80:2955,81:2620,82:2479,83:2606,84:2350,85:2570,86:2384,87:2450,88:2417,89:2503,90:2549,91:2493,92:2591,93:2429,94:2452,95:2399,96:2562,97:2939,98:2384,99:2564,100:2455,101:2616,102:2567,103:2458,104:2376,105:2431,106:2594,107:2393,108:2624,109:3183,110:2472,111:2360,112:2429,113:2628,114:2353,115:2553,116:2472,117:2930,118:2582,119:2577,120:2612,121:2639,122:2469,123:2443,124:2362,125:2432,126:2378,127:3297,128:2368,129:2969,130:2408,131:2386,132:3111,133:2471,134:2392,135:2621,136:2480,137:2444,138:3226,139:2610,140:3123,141:2397,142:2494,143:2521,144:2430,145:2563,146:2354,147:2536,148:2457,149:2512,150:2567,151:2554,152:3186,153:2488,154:2416,155:2354,156:2494,157:2561,158:2548,159:2464,160:2620,161:2386,162:2366,163:2551,164:2409,165:2367,166:2537,167:2396,168:2513,169:2512,170:2474,171:2562,172:2578,173:2543,174:2573,175:3068,176:2580,177:2570,178:3092,179:2967,180:2634,181:2607,182:2371,183:2439,184:2562,185:2474,186:3219,187:2449,188:2389,189:2396,190:2445,191:2521,192:2435,193:2612,194:2432,195:2563,196:2584,197:2393,198:2491,199:2383,200:2457,201:2428,202:2644,203:2572,204:2612,205:2501,206:2423,207:2574,208:3083,209:2387,210:2508,211:2566,212:2480,213:2524,214:2550,215:2469,216:2365,217:2438,218:2580,219:2623,220:2435,221:2454,222:2565,223:2534,224:2380,225:2922,226:2556,227:2549,228:2459,229:2411,230:2371,231:2374,232:2436,233:2399,234:3013,235:2542,236:2544,237:3097,238:2447,239:2920,240:2476,241:2479,242:2446,243:2449,244:2424,245:2460,246:2970,247:2470,248:2523,249:2589,250:2482,251:2386,252:2558,253:2473,254:3277,255:2553,256:2457,257:2531,258:2485,259:2476,260:2432,261:2968,262:3199,263:2422,264:2604,265:2583,266:2398,267:2624,268:2547,269:2461,270:2504,271:3103,272:2626,273:2403,274:2439,275:2510,276:2636,277:2542,278:2530,279:2530,280:2379,281:2470,282:2526,283:3040,284:2445,285:2592,286:2610,287:2606,288:3125,289:3095,290:3088,291:2378,292:2571,293:2471,294:2407,295:2396,296:2635,297:2361,298:3080,299:2476,300:2540,301:2402,302:2436,303:2499,304:3202,305:2465,306:3232,307:2353,308:2379,309:2482,310:2538,311:2581,312:2416,313:2403,314:2497,315:2369,316:3118,317:2413,318:2531,319:2372,320:2421,321:2454,322:2533,323:2641,324:2437,325:2364,326:2393,327:2426,328:2559,329:2619,330:2439,331:2354,332:2483,333:2365,334:2512,335:2545,336:2585,337:2578,338:2437,339:2942,340:2373,341:2479,342:2461,343:2432,344:2386,345:2646,346:2391,347:2459,348:2619,349:2394,350:2615,351:2501,352:2581,353:2585,354:3150,355:2567,356:2570,357:2469,358:2906,359:2463
0:2622,1:3011,2:2413,3:2401,4:2599,5:3121,6:2386,7:2534,8:2386,9:2452,10:2381,11:2377,12:2461,13:2409,14:2523,15:2359,16:2385,17:2537,18:2437,19:2457,20:2579,21:2549,22:2577,23:2443,24:2442,25:2591,26:2352,27:2549,28:2564,29:2509,30:2418,31:2594,32:2966,33:2549,34:2404,35:2474,36:2565,37:2511,38:2597,39:2361,40:2405,41:2373,42:2408,43:2919,44:2425,45:2467,46:2972,47:2476,48:2359,49:2938,50:2502,51:2591,52:2439,53:2497,54:2500,55:2451,56:2449,57:2417,58:2468,59:2614,60:2392,61:2482,62:2520,63:2579,64:2430,65:2452,66:2487,67:3150,68:3095,69:3232,70:2414,71:2494,72:3045,73:2381,74:2572,75:2420,76:2506,77:2514,78:2996,79:2486,80:2439,81:2365,82:2479,83:2939,84:2581,85:2452,86:2637,87:2451,88:2482,89:2428,90:2393,91:2383,92:2514,93:2507,94:2610,95:2544,96:2508,97:2632,98:2549,99:2484,100:2375,101:2513,102:2439,103:2583,104:2507,105:2394,106:2561,107:2359,108:2645,109:2973,110:2471,111:2445,112:2433,113:2642,114:2530,115:2605,116:2444,117:2647,118:2441,119:2435,120:3290,121:2544,122:2610,123:2595,124:3283,125:3241,126:3045,127:2578,128:2534,129:2404,130:2516,131:3231,132:2605,133:3210,134:2539,135:3279,136:2364,137:2614,138:2627,139:2478,140:2362,141:3211,142:3216,143:2415,144:3180,145:2497,146:2409,147:2368,148:2478,149:2607,150:3014,151:2357,152:3106,153:2350,154:3080,155:2388,156:2500,157:2644,158:2367,159:2470,160:2427,161:2444,162:2611,163:2390,164:2374,165:3194,166:3050,167:2623,168:2378,169:2521,170:2585,171:3111,172:2399,173:2390,174:2537,175:2536,176:2981,177:2440,178:3260,179:2513,180:3232,181:2603,182:2408,183:3136,184:2546,185:2569,186:2553,187:2466,188:2502,189:2979,190:2453,191:2367,192:3108,193:2632,194:2527,195:2521,196:2376,197:2616,198:2647,199:2382,200:2462,201:2546,202:3139,203:2436,204:2515,205:2516,206:2504,207:2352,208:2497,209:2438,210:2355,211:2422,212:3034,213:2500,214:3107,215:2527,216:2387,217:2640,218:2539,219:2635,220:2641,221:2632,222:2484,223:2463,224:2583,225:2948,226:2534,227:2474,228:2502,229:2355,230:2375,231:2598,232:2391,233:2388,234:2620,235:2580,236:2922,237:2380,238:2616,239:2521,240:2420,241:2636,242:2401,243:3261,244:2387,245:2479,246:3146,247:2366,248:2429,249:2955,250:2562,251:2357,252:2601,253:2515,254:3142,255:2548,256:2629,257:2352,258:2436,259:2380,260:2411,261:2512,262:2639,263:2512,264:2585,265:2387,266:3108,267:2524,268:2492,269:2370,270:2517,271:2623,272:2421,273:2360,274:2372,275:2426,276:2387,277:2486,278:2489,279:2979,280:2621,281:3174,282:2403,283:2954,284:2983,285:2386,286:2449,287:2358,288:2536,289:3078,290:2505,291:2585,292:2423,293:2423,294:2596,295:2937,296:2365,297:3067,298:2418,299:2625,300:2361,301:2509,302:2395,303:2490,304:2612,305:2393,306:2563,307:2632,308:3062,309:2360,310:2952,311:2519,312:2535,313:2391,314:2375,315:2535,316:2517,317:2443,318:2415,319:2607,320:2614,321:2532,322:2465,323:2642,324:2532,325:2648,326:2558,327:2494,328:2371,329:2382,330:2383,331:2526,332:2571,333:2482,334:2635,335:2904,336:2646,337:2638,338:2649,339:2415,340:2427,341:2933,342:3177,343:2362,344:3020,345:2505,346:2569,347:2588,348:2517,349:2595,350:2627,351:2518,352:2589,353:2968,354:3273,355:3078,356:2494,357:2354,358:2578,359:3189
0:2584,1:2532,2:2562,3:2530,4:2629,5:2980,6:2609,7:3273,8:2974,9:2631,10:2422,11:2634,12:2566,13:2579,14:2601,15:2487,16:2576,17:2602,18:2420,19:2442,20:2444,21:2353,22:2437,23:2379,24:2389,25:3034,26:2515,27:2581,28:2626,29:2640,30:3210,31:2570,32:2629,33:2644,34:2917,35:2525,36:2398,37:2366,38:2449,39:3162,40:2426,41:2491,42:2539,43:2503,44:2554,45:2384,46:2366,47:2557,48:2612,49:2404,50:2598,51:3274,52:2464,53:2403,54:2620,55:2428,56:2546,57:2599,58:3283,59:2371,60:2476,61:2444,62:2622,63:2632,64:2519,65:2626,66:2437,67:2504,68:2435,69:2583,70:2444,71:3046,72:2588,73:2542,74:3011,75:2403,76:2477,77:2402,78:2601,79:3265,80:2418,81:2450,82:2555,83:2552,84:2423,85:2524,86:2515,87:2515,88:2557,89:2410,90:2529,91:2904,92:3079,93:2637,94:2433,95:3107,96:2437,97:2605,98:2565,99:2470,100:2535,101:2625,102:2519,103:2646,104:2603,105:2534,106:2474,107:2461,108:2507,109:2515,110:2622,111:2644,112:3232,113:2481,114:2503,115:2413,116:2485,117:3073,118:2502,119:2520,120:2357,121:2586,122:2536,123:2401,124:2370,125:2628,126:2359,127:2484,128:2581,129:3208,130:2516,131:2642,132:2485,133:2356,134:2375,135:3222,136:2450,137:2565,138:2470,139:3055,140:2488,141:2371,142:2530,143:2538,144:2545,145:2425,146:2593,147:3237,148:2461,149:2625,150:2409,151:2598,152:2535,153:2513,154:2539,155:2516,156:2599,157:2463,158:2568,159:2453,160:2357,161:2493,162:2432,163:2578,164:2359,165:3134,166:2549,167:2557,168:2617,169:2530,170:2517,171:2563,172:2532,173:2356,174:2535,175:2422,176:2526,177:2513,178:2587,179:2503,180:2353,181:2419,182:2522,183:3145,184:3179,185:2381,186:3282,187:2370,188:2635,189:2556,190:2573,191:2400,192:3249,193:3013,194:2523,195:2511,196:2495,197:3159,198:3207,199:2447,200:2643,201:2466,202:2548,203:2525,204:2442,205:3009,206:2605,207:2609,208:2565,209:2546,210:2556,211:2632,212:3275,213:2608,214:2565,215:3267,216:2474,217:2401,218:3176,219:3046,220:2520,221:2477,222:2581,223:2363,224:2538,225:2364,226:2461,227:2640,228:2473,229:2571,230:2464,231:2596,232:2616,233:2644,234:2505,235:2539,236:2483,237:3138,238:2427,239:2635,240:2582,241:2489,242:2452,243:2372,244:2478,245:2400,246:2610,247:2617,248:2643,249:2589,250:2584,251:2900,252:2479,253:3226,254:2421,255:2475,256:2444,257:2456,258:2495,259:2907,260:2571,261:3045,262:2514,263:2624,264:3285,265:2360,266:2595,267:3023,268:2421,269:2594,270:2644,271:2380,272:2649,273:3076,274:2483,275:2467,276:2458,277:2488,278:2503,279:2467,280:3237,281:2527,282:2618,283:2453,284:2383,285:2569,286:2364,287:2423,288:2625,289:3018,290:2378,291:2354,292:2459,293:2352,294:2617,295:2370,296:2556,297:2591,298:2366,299:2452,300:2437,301:2372,302:2610,303:2378,304:2434,305:2502,306:2460,307:2518,308:2632,309:2582,310:2557,311:2478,312:2478,313:2451,314:2636,315:2516,316:3270,317:2567,318:3051,319:2432,320:2565,321:2390,322:2441,323:2641,324:2428,325:2425,326:2589,327:2599,328:2637,329:2574,330:2444,331:2565,332:2577,333:2366,334:2570,335:3107,336:2585,337:2479,338:2394,339:2642,340:2602,341:2454,342:2943,343:2571,344:2425,345:2457,346:2546,347:2387,348:2636,349:2619,350:2497,351:2410,352:2546,353:2399,354:2444,355:2615,356:2533,357:2373,358:2572,359:2409
0:2439,1:2507,2:2470,3:3138,4:2599,5:2521,6:2434,7:2952,8:2486,9:2489,10:3167,11:2612,12:3194,13:2584,14:3141,15:2420,16:2510,17:2379,18:2627,19:2571,20:3125,21:2638,22:2409,23:2583,24:2396,25:2458,26:2420,27:2557,28:2392,29:2627,30:2610,31:2536,32:2369,33:2394,34:2432,35:2466,36:2442,37:2433,38:2527,39:2507,40:2413,41:2582,42:2465,43:3199,44:2429,45:2481,46:2401,47:2473,48:2584,49:3192,50:2635,51:2614,52:2516,53:2629,54:3047,55:2483,56:2607,57:2506,58:2585,59:3161,60:2411,61:2525,62:2368,63:2383,64:2596,65:2619,66:2519,67:3082,68:3178,69:2507,70:3066,71:3227,72:2533,73:2431,74:2580,75:2428,76:2573,77:2471,78:2563,79:2528,80:2526,81:3258,82:2388,83:2626,84:2353,85:2490,86:2483,87:2556,88:2377,89:2396,90:2397,91:3106,92:2460,93:3228,94:2450,95:2469,96:2420,97:2441,98:2619,99:2440,100:2632,101:2628,102:2450,103:2514,104:2981,105:2464,106:2619,107:3195,108:2360,109:2364,110:2541,111:2458,112:3005,113:2648,114:2444,115:2379,116:2445,117:2568,118:2508,119:2465,120:2488,121:2538,122:2395,123:2355,124:2469,125:2405,126:2588,127:2364,128:2549,129:2466,130:2616,131:2589,132:2374,133:2404,134:3230,135:3040,136:2415,137:2451,138:2598,139:3044,140:2548,141:2429,142:3197,143:2418,144:2511,145:2519,146:3113,147:2530,148:2630,149:2442,150:2383,151:2613,152:2508,153:2395,154:2609,155:2553,156:2524,157:2561,158:3128,159:2450,160:2532,161:2647,162:2497,163:2401,164:2478,165:2517,166:2406,167:2594,168:3010,169:2604,170:2558,171:2360,172:2623,173:2585,174:2507,175:2494,176:2410,177:2572,178:2598,179:2568,180:2965,181:2436,182:2375,183:3021,184:2539,185:2480,186:2560,187:2495,188:2476,189:2514,190:2467,191:2611,192:2550,193:2512,194:2565,195:2357,196:2635,197:2383,198:2586,199:2516,200:2560,201:2377,202:2526,203:2372,204:2608,205:2393,206:2499,207:2362,208:2389,209:2393,210:2496,211:2389,212:2466,213:3211,214:2996,215:2538,216:2428,217:2620,218:2606,219:2600,220:2360,221:2378,222:2513,223:2445,224:2627,225:2596,226:2493,227:2513,228:2377,229:2589,230:2575,231:3293,232:2553,233:2501,234:2393,235:2627,236:2524,237:2548,238:2394,239:2637,240:2939,241:2467,242:2575,243:2489,244:3118,245:2582,246:2531,247:2516,248:3110,249:2499,250:2358,251:2530,252:2529,253:2488,254:2619,255:2578,256:2369,257:2546,258:2534,259:2545,260:2583,261:2385,262:2451,263:2432,264:2534,265:2491,266:2391,267:3207,268:2649,269:2603,270:2569,271:2374,272:2525,273:2419,274:2455,275:2390,276:2519,277:2404,278:2415,279:2611,280:2641,281:2460,282:2366,283:2547,284:2490,285:2564,286:2639,287:2598,288:2404,289:2550,290:2538,291:2572,292:2550,293:2424,294:2402,295:2400,296:2530,297:2641,298:3251,299:2368,300:2637,301:2466,302:2432,303:2444,304:2535,305:2579,306:2604,307:3029,308:2389,309:2425,310:2428,311:2565,312:2537,313:2368,314:2531,315:2386,316:2395,317:2627,318:3016,319:2613,320:2443,321:2356,322:2351,323:2475,324:3073,325:2478,326:2554,327:2527,328:2578,329:2391,330:2566,331:3091,332:3229,333:2407,334:2454,335:2430,336:2487,337:2367,338:2609,339:2522,340:2406,341:2428,342:3193,343:2432,344:2395,345:2386,346:3061,347:2972,348:2441,349:2639,350:2557,351:2359,352:2369,353:2454,354:2441,355:3223,356:2540,357:2360,358:2471,359:2425
0:2378,1:2495,2:2399,3:2379,4:3040,5:2984,6:2391,7:2599,8:2592,9:2449,10:2615,11:2516,12:3262,13:2570,14:2528,15:2585,16:2522,17:2372,18:2411,19:2518,20:2534,21:2539,22:2481,23:2530,24:2542,25:2521,26:2375,27:3211,28:2643,29:2464,30:2539,31:2469,32:2632,33:2356,34:2503,35:2364,36:3215,37:2559,38:2624,39:2635,40:2455,41:2610,42:2619,43:2575,44:3107,45:2996,46:2405,47:2534,48:2580,49:2536,50:2413,51:2549,52:2562,53:2415,54:2421,55:2593,56:2485,57:3179,58:2577,59:2618,60:2563,61:2353,62:2554,63:2521,64:2364,65:2545,66:2610,67:2443,68:2544,69:2454,70:2569,71:2489,72:2606,73:2560,74:2566,75:2546,76:2634,77:2386,78:2552,79:2470,80:2372,81:2412,82:3184,83:2592,84:2588,85:3270,86:2516,87:2483,88:2547,89:2446,90:2614,91:2564,92:2370,93:2580,94:2508,95:2551,96:2641,97:2541,98:2549,99:2500,100:2409,101:2561,102:2451,103:2486,104:2610,105:2423,106:2439,107:2475,108:2472,109:2507,110:2628,111:2540,112:2513,113:2510,114:3268,115:2482,116:2403,117:2582,118:2483,119:2370,120:2467,121:2530,122:2567,123:2966,124:3238,125:2602,126:2520,127:3194,128:2362,129:2362,130:2911,131:2602,132:2386,133:3031,134:2451,135:2386,136:2355,137:2441,138:2372,139:3299,140:3246,141:2475,142:2386,143:2386,144:3275,145:2910,146:2409,147:3013,148:2379,149:2505,150:2566,151:2443,152:2442,153:3280,154:2620,155:2600,156:2992,157:2506,158:2442,159:2985,160:2443,161:2379,162:2604,163:2460,164:3142,165:2381,166:2472,167:2520,168:3166,169:2643,170:2497,171:2492,172:2403,173:2590,174:2629,175:2496,176:3138,177:2365,178:2526,179:2529,180:2625,181:3057,182:2628,183:2946,184:2502,185:2442,186:2617,187:2362,188:2589,189:3241,190:2565,191:2437,192:2597,193:3197,194:2487,195:2375,196:2901,197:2440,198:2430,199:2437,200:2400,201:2388,202:2485,203:2351,204:2553,205:2607,206:2603,207:2627,208:2453,209:2400,210:2535,211:2471,212:2450,213:2600,214:2506,215:2520,216:2528,217:2530,218:2371,219:2617,220:2576,221:2620,222:2362,223:2565,224:2544,225:2551,226:2925,227:2452,228:2608,229:3206,230:2452,231:2909,232:2521,233:2478,234:2467,235:2528,236:2552,237:2588,238:2366,239:2480,240:2365,241:3191,242:2454,243:2524,244:2578,245:2358,246:2417,247:2614,248:2393,249:2458,250:3221,251:2388,252:3279,253:2390,254:2373,255:2481,256:2404,257:2622,258:3278,259:2568,260:3279,261:2570,262:2483,263:2640,264:2584,265:2441,266:2351,267:2556,268:2384,269:2648,270:2360,271:2500,272:2473,273:2539,274:2536,275:2552,276:2900,277:2394,278:2459,279:2589,280:2571,281:2979,282:2589,283:2408,284:2580,285:2415,286:2567,287:2482,288:3099,289:2630,290:2603,291:2461,292:3256,293:2501,294:2633,295:2407,296:2570,297:2518,298:2413,299:2464,300:2423,301:2451,302:2372,303:2382,304:2387,305:2498,306:2599,307:2430,308:2388,309:3138,310:2401,311:2429,312:2422,313:2367,314:2530,315:2592,316:2646,317:2354,318:2385,319:2494,320:2921,321:2560,322:2496,323:2352,324:2589,325:2942,326:2465,327:3195,328:2547,329:2583,330:2990,331:2508,332:2557,333:2622,334:2638,335:2415,336:3213,337:2382,338:2378,339:2594,340:2647,341:2460,342:2490,343:2393,344:2484,345:2350,346:2920,347:2543,348:2387,349:2574,350:2466,351:2635,352:2484,353:2517,354:2483,355:2364,356:2390,357:2468,358:2561,359:2928
0:2636,1:2595,2:2493,3:2548,4:2464,5:2622,6:3255,7:2932,8:2403,9:2393,10:2407,11:2598,12:2448,13:2617,14:2434,15:2504,16:2501,17:2401,18:2900,19:2483,20:2537,21:2379,22:2456,23:2597,24:2529,25:2436,26:2609,27:2425,28:2533,29:3093,30:2400,31:2648,32:2506,33:2360,34:2560,35:2604,36:2500,37:2424,38:2551,39:2576,40:2388,41:2628,42:2523,43:2450,44:2519,45:2466,46:2471,47:2621,48:2447,49:2982,50:3108,51:2395,52:2514,53:2504,54:2425,55:2469,56:2483,57:2380,58:2634,59:2627,60:2623,61:2399,62:2353,63:2368,64:2632,65:2584,66:2500,67:2430,68:2543,69:2645,70:2482,71:2474,72:2432,73:2429,74:2481,75:2504,76:2402,77:2906,78:2350,79:2376,80:2439,81:2578,82:3123,83:2621,84:3265,85:2382,86:2460,87:2453,88:2471,89:2511,90:2569,91:2627,92:2423,93:2512,94:3234,95:3001,96:3003,97:2525,98:2494,99:2519,100:2597,101:2445,102:2622,103:2376,104:2522,105:2388,106:2563,107:2565,108:3068,109:2431,110:2387,111:2385,112:2457,113:2524,114:2639,115:2521,116:2555,117:2568,118:2568,119:2468,120:2510,121:2382,122:3079,123:2456,124:2425,125:2487,126:2557,127:2414,128:2497,129:2363,130:3130,131:2581,132:2368,133:2625,134:2957,135:2504,136:2613,137:2562,138:2547,139:2545,140:2366,141:2350,142:2442,143:2619,144:2520,145:2441,146:2483,147:2583,148:2560,149:2592,150:2446,151:2456,152:2625,153:2426,154:2402,155:2506,156:2554,157:2558,158:2486,159:2607,160:2545,161:2581,162:2614,163:2352,164:2477,165:2366,166:2563,167:2549,168:2405,169:2592,170:2560,171:3143,172:2443,173:2967,174:2468,175:3240,176:2489,177:3297,178:2438,179:3277,180:3171,181:2374,182:2498,183:2371,184:2469,185:2406,186:2425,187:2536,188:2590,189:3171,190:2628,191:2469,192:2506,193:2642,194:2507,195:2416,196:2605,197:2649,198:2616,199:3104,200:2483,201:2482,202:2649,203:2588,204:2907,205:2633,206:2442,207:2570,208:2569,209:2394,210:2486,211:2472,212:2379,213:2548,214:2631,215:2462,216:2357,217:2493,218:2465,219:2394,220:2488,221:3022,222:2404,223:2914,224:2391,225:2353,226:2568,227:2364,228:2623,229:2352,230:2544,231:3230,232:2603,233:2357,234:2501,235:2608,236:2464,237:2503,238:2549,239:2952,240:2444,241:2368,242:2471,243:2599,244:2497,245:2642,246:3019,247:2439,248:2608,249:2554,250:2437,251:2477,252:2408,253:2447,254:2985,255:2377,256:2382,257:3243,258:2589,259:2368,260:2411,261:2598,262:3060,263:3140,264:2483,265:2630,266:2648,267:2536,268:2567,269:2461,270:2441,271:2563,272:2612,273:2516,274:2518,275:2550,276:3239,277:2528,278:2569,279:2405,280:2463,281:2589,282:2423,283:2391,284:2638,285:2448,286:2643,287:2504,288:2561,289:2375,290:2486,291:2595,292:2646,293:2402,294:2573,295:2528,296:2397,297:2438,298:3290,299:2435,300:2562,301:2555,302:2464,303:2360,304:2441,305:2496,306:2578,307:2632,308:2603,309:2415,310:2487,311:2550,312:2557,313:2397,314:2643,315:2606,316:2585,317:2420,318:2620,319:2649,320:2599,321:2940,322:3289,323:2413,324:2394,325:2541,326:2418,327:2442,328:3233,329:2462,330:2410,331:3234,332:2552,333:3119,334:2636,335:2601,336:2605,337:2642,338:2628,339:2365,340:2522,341:2507,342:2408,343:2565,344:2494,345:2470,346:3149,347:2387,348:2636,349:2461,350:2485,351:2644,352:2420,353:2480,354:2477,355:2583,356:2579,357:2446,358:2488,359:2624
0:2418,1:2560,2:2492,3:2644,4:2355,5:2628,6:2909,7:2597,8:2521,9:2631,10:2571,11:2611,12:2460,13:2558,14:2502,15:2462,16:2537,17:2512,18:2586,19:3100,20:2385,21:2611,22:2602,23:2482,24:2955,25:2450,26:2381,27:2365,28:2902,29:3203,30:2430,31:2426,32:2391,33:2389,34:2471,35:3104,36:3099,37:2547,38:2613,39:2620,40:2639,41:2424,42:2452,43:2489,44:2599,45:2454,46:2471,47:2518,48:2582,49:2581,50:3247,51:3131,52:2595,53:2500,54:2563,55:2468,56:2411,57:2416,58:2591,59:2434,60:2609,61:2578,62:2426,63:2585,64:2502,65:2538,66:2632,67:2437,68:2442,69:2384,70:2636,71:2375,72:2387,73:2523,74:2552,75:2362,76:2407,77:2447,78:3098,79:2495,80:2549,81:2568,82:3191,83:2637,84:2576,85:2574,86:3091,87:2462,88:2545,89:2638,90:2614,91:3076,92:2395,93:2558,94:2571,95:2455,96:2591,97:2369,98:2395,99:2450,100:2511,101:2949,102:2622,103:2583,104:2599,105:2400,106:2472,107:2397,108:2550,109:2547,110:3101,111:2444,112:2375,113:2392,114:2382,115:3240,116:2566,117:2356,118:2382,119:2488,120:2448,121:2644,122:2645,123:2567,124:2481,125:2623,126:2553,127:2483,128:3022,129:2453,130:3104,131:2621,132:2497,133:2545,134:2501,135:2615,136:2418,137:2578,138:2435,139:2609,140:2408,141:2482,142:2378,143:2549,144:3197,145:2550,146:2921,147:2576,148:2515,149:2940,150:2556,151:2463,152:2488,153:2590,154:2627,155:2353,156:3204,157:2361,158:2595,159:2619,160:2374,161:2608,162:3114,163:2565,164:2631,165:2444,166:2383,167:2417,168:2561,169:2468,170:2361,171:2483,172:2645,173:2355,174:2559,175:3052,176:2571,177:2649,178:2420,179:3132,180:2983,181:2600,182:2448,183:3216,184:2617,185:2491,186:2511,187:2386,188:2932,189:2961,190:2394,191:3253,192:2568,193:2628,194:2602,195:2350,196:2547,197:2460,198:2614,199:3141,200:2561,201:2479,202:2567,203:2611,204:2555,205:2567,206:2986,207:3200,208:2477,209:2470,210:2543,211:2419,212:2365,213:2600,214:2587,215:2367,216:2563,217:3271,218:2523,219:2914,220:2593,221:2611,222:2561,223:2503,224:2563,225:2462,226:2380,227:2392,228:2587,229:2578,230:2639,231:2488,232:2635,233:2463,234:2634,235:2563,236:2620,237:2477,238:3160,239:2644,240:2535,241:2644,242:3014,243:2529,244:2506,245:2461,246:2373,247:2529,248:2633,249:2564,250:2549,251:2509,252:2529,253:2604,254:2474,255:3203,256:3159,257:3045,258:2384,259:2491,260:2549,261:2919,262:3274,263:2534,264:2626,265:2586,266:3132,267:2477,268:2631,269:2623,270:2426,271:2350,272:3247,273:2563,274:2384,275:2436,276:2587,277:2600,278:3176,279:2369,280:2616,281:2622,282:3021,283:3272,284:2422,285:2377,286:2395,287:2615,288:2499,289:2503,290:2538,291:2638,292:2646,293:2510,294:2434,295:2593,296:2436,297:2381,298:2950,299:2523,300:2422,301:2445,302:2441,303:2476,304:2585,305:3193,306:3146,307:2577,308:2497,309:2627,310:2520,311:2535,312:2389,313:2482,314:3213,315:2481,316:3266,317:2521,318:2396,319:2503,320:2530,321:2621,322:2464,323:2579,324:2595,325:2618,326:2561,327:2581,328:2363,329:2911,330:3113,331:2584,332:2526,333:2612,334:2437,335:2382,336:3041,337:2453,338:2606,339:2403,340:2403,341:2366,342:2399,343:2592,344:2356,345:2581,346:2531,347:2490,348:2476,349:2580,350:2560,351:2467,352:3150,353:2544,354:2360,355:2477,356:2645,357:2430,358:2581,359:3191
0:3298,1:2647,2:2385,3:2612,4:2456,5:2392,6:2646,7:2466,8:2350,9:2482,10:2626,11:2470,12:2552,13:2641,14:2551,15:2543,16:2421,17:2545,18:2503,19:2517,20:2642,21:2565,22:2542,23:2634,24:2508,25:2438,26:2592,27:2601,28:2477,29:2378,30:2637,31:3279,32:2528,33:2460,34:2417,35:2416,36:2376,37:2960,38:3028,39:2585,40:2378,41:2626,42:2603,43:2469,44:2995,45:2477,46:2554,47:2381,48:2413,49:2571,50:2507,51:2458,52:3231,53:2558,54:2448,55:2404,56:2398,57:2607,58:2548,59:2453,60:2574,61:2631,62:2610,63:2595,64:2416,65:2633,66:2955,67:2411,68:2352,69:2423,70:2635,71:2396,72:2370,73:3213,74:2388,75:2508,76:2502,77:2436,78:2625,79:2631,80:2640,81:2611,82:2445,83:2536,84:2438,85:2388,86:2428,87:3149,88:3082,89:2432,90:3215,91:2492,92:2423,93:2904,94:2502,95:2423,96:2478,97:2521,98:2639,99:2556,100:2458,101:2377,102:2482,103:2955,104:2584,105:2370,106:2359,107:2597,108:2555,109:2436,110:3112,111:3201,112:2457,113:2619,114:2405,115:2370,116:2416,117:2378,118:3130,119:2453,120:2427,121:2382,122:2533,123:2586,124:2598,125:2386,126:2506,127:2502,128:2454,129:3043,130:2527,131:2929,132:2446,133:2393,134:2437,135:2634,136:2498,137:2500,138:2621,139:2469,140:2466,141:2519,142:2497,143:2471,144:2398,145:2445,146:2509,147:2369,148:2488,149:2422,150:2521,151:2561,152:3075,153:2648,154:2522,155:2402,156:2598,157:2384,158:2367,159:2461,160:2443,161:2462,162:2396,163:2365,164:2552,165:2609,166:2544,167:2359,168:2415,169:2531,170:3101,171:2451,172:3263,173:2644,174:2469,175:2513,176:2569,177:3119,178:2525,179:2352,180:2561,181:2368,182:2356,183:2359,184:2379,185:2609,186:2394,187:2524,188:2546,189:2383,190:2350,191:3177,192:2451,193:2410,194:2475,195:3277,196:2561,197:2637,198:2628,199:3109,200:2487,201:2638,202:2492,203:2639,204:2632,205:2614,206:2420,207:2365,208:2467,209:2628,210:2498,211:2910,212:2465,213:2584,214:3177,215:2424,216:2640,217:2499,218:2599,219:2597,220:2360,221:2614,222:2519,223:2465,224:3277,225:2648,226:2579,227:2447,228:2971,229:2572,230:2606,231:3183,232:2424,233:2522,234:2531,235:2428,236:2417,237:2430,238:2646,239:2553,240:2579,241:2621,242:2612,243:2451,244:2409,245:2569,246:2585,247:2452,248:2453,249:2516,250:2501,251:3095,252:2563,253:2444,254:2390,255:2606,256:2573,257:2484,258:2611,259:2562,260:2644,261:2406,262:2382,263:2581,264:2641,265:2543,266:3265,267:2398,268:2469,269:2368,270:2573,271:2374,272:2429,273:2449,274:2585,275:2628,276:2641,277:2596,278:2494,279:2991,280:2447,281:2475,282:3011,283:3036,284:2494,285:3275,286:2432,287:2549,288:2527,289:2633,290:2457,291:2525,292:2427,293:2510,294:2576,295:2461,296:2609,297:2411,298:2598,299:2558,300:2532,301:2602,302:2599,303:2412,304:2543,305:2495,306:2371,307:2455,308:2455,309:2993,310:2395,311:2404,312:3069,313:2589,314:2584,315:2583,316:2572,317:3175,318:2577,319:3032,320:2407,321:2962,322:2606,323:2402,324:2388,325:2593,326:2623,327:2473,328:2422,329:2469,330:2439,331:2426,332:2466,333:3055,334:2447,335:2445,336:2495,337:2439,338:2355,339:2640,340:2468,341:2642,342:2596,343:2967,344:2561,345:2455,346:2543,347:2588,348:2565,349:2418,350:2362,351:2542,352:2527,353:2612,354:2563,355:2603,356:2968,357:2520,358:2547,359:2579
0:2434,1:2617,2:2576,3:3225,4:2999,5:2553,6:2482,7:2606,8:3153,9:2365,10:2607,11:2363,12:2354,13:2411,14:2512,15:2540,16:2403,17:2536,18:2521,19:2356,20:2605,21:2437,22:2608,23:2624,24:2478,25:2595,26:2461,27:3161,28:2574,29:2528,30:2529,31:2351,32:2373,33:2474,34:2419,35:2933,36:2389,37:2482,38:2475,39:2512,40:2479,41:2638,42:2520,43:2541,44:2488,45:2493,46:2511,47:2523,48:3164,49:2360,50:3155,51:2603,52:2496,53:2557,54:3218,55:2423,56:2539,57:2364,58:3081,59:2553,60:2412,61:2466,62:2519,63:2580,64:2604,65:2603,66:2366,67:2575,68:2364,69:3133,70:2485,71:2494,72:2471,73:2353,74:2509,75:2441,76:2450,77:2388,78:3290,79:2350,80:2577,81:3266,82:2509,83:2433,84:2431,85:2405,86:2382,87:2418,88:2382,89:2413,90:2446,91:2529,92:2461,93:2565,94:2566,95:2387,96:3250,97:2499,98:2626,99:2577,100:2430,101:2512,102:2476,103:3028,104:2619,105:2631,106:2395,107:2515,108:2599,109:2511,110:2610,111:2613,112:2975,113:3252,114:2448,115:2641,116:2504,117:2640,118:2537,119:2409,120:2458,121:2615,122:2366,123:2358,124:2615,125:3003,126:2488,127:2571,128:2356,129:3194,130:3176,131:3021,132:2359,133:2566,134:2604,135:2458,136:2447,137:2489,138:2454,139:3254,140:2404,141:2374,142:2463,143:2393,144:2518,145:3246,146:2509,147:3289,148:2507,149:3035,150:2993,151:2481,152:2380,153:2633,154:2471,155:2912,156:2415,157:2591,158:2596,159:2545,160:2452,161:3081,162:2614,163:2554,164:2441,165:2453,166:2541,167:3262,168:2352,169:2556,170:2405,171:2558,172:3037,173:2473,174:2403,175:2585,176:2373,177:2584,178:2464,179:2492,180:2626,181:2414,182:2529,183:2447,184:2469,185:2424,186:2453,187:2513,188:2547,189:2350,190:2410,191:2465,192:2644,193:2502,194:2636,195:2644,196:2594,197:2448,198:2449,199:2388,200:2532,201:2532,202:2556,203:2463,204:3247,205:2630,206:2581,207:2365,208:3134,209:2631,210:2439,211:2572,212:2618,213:2573,214:2585,215:2429,216:2370,217:2507,218:2462,219:2544,220:2550,221:2646,222:2398,223:2595,224:2368,225:2922,226:2394,227:2351,228:2580,229:3073,230:2648,231:2479,232:2536,233:2556,234:2360,235:2420,236:3099,237:2547,238:2583,239:2580,240:2607,241:2647,242:2526,243:2419,244:2444,245:2609,246:2445,247:2462,248:2570,249:2595,250:2479,251:2390,252:3038,253:2373,254:2365,255:2393,256:2618,257:2505,258:2635,259:2497,260:2647,261:2926,262:3016,263:2398,264:2370,265:2610,266:2362,267:3125,268:2447,269:2525,270:3066,271:2444,272:2398,273:2465,274:2409,275:2417,276:2419,277:2540,278:2461,279:2594,280:3205,281:2580,282:2441,283:2525,284:2572,285:2386,286:3148,287:2351,288:2405,289:3162,290:2490,291:2425,292:2541,293:2641,294:2604,295:2361,296:2480,297:3262,298:2505,299:2509,300:2960,301:2424,302:2522,303:2390,304:2363,305:2537,306:2454,307:2589,308:2630,309:2467,310:2556,311:2370,312:2488,313:2518,314:2522,315:2426,316:2461,317:2417,318:2412,319:2387,320:2510,321:2470,322:2430,323:3215,324:2557,325:2478,326:2384,327:2572,328:2620,329:2367,330:2445,331:2523,332:2382,333:2525,334:3260,335:2917,336:2511,337:2531,338:2525,339:2466,340:2522,341:2449,342:2406,343:2466,344:2578,345:2378,346:2482,347:3287,348:2584,349:2491,350:2558,351:2463,352:2543,353:2447,354:2350,355:2390,356:2360,357:2639,358:2407,359:2472
0:3101,1:2919,2:2601,3:2547,4:2571,5:2922,6:2529,7:2570,8:2636,9:2648,10:2630,11:2633,12:2434,13:3251,14:2592,15:2368,16:2563,17:3187,18:2350,19:2625,20:2475,21:2358,22:2436,23:2569,24:2472,25:2370,26:2514,27:2428,28:2513,29:3275,30:2535,31:2451,32:2512,33:3092,34:2410,35:2518,36:2641,37:2503,38:3018,39:2638,40:2486,41:2578,42:2385,43:2415,44:3030,45:2572,46:2518,47:2355,48:2516,49:2548,50:2592,51:2563,52:3134,53:2543,54:2411,55:3227,56:2645,57:3141,58:2543,59:2536,60:2644,61:2503,62:2389,63:2485,64:2550,65:2432,66:2409,67:2566,68:2481,69:2427,70:2456,71:3266,72:2421,73:2472,74:2600,75:2358,76:2372,77:2521,78:2607,79:2528,80:2490,81:2379,82:2597,83:2642,84:2604,85:2579,86:2462,87:2506,88:2481,89:2597,90:2623,91:2560,92:2353,93:2505,94:2518,95:3252,96:2357,97:2616,98:2381,99:2386,100:2502,101:2607,102:2481,103:2392,104:2574,105:2578,106:2571,107:2398,108:2395,109:2603,110:2558,111:2432,112:3244,113:2507,114:2381,115:2434,116:3027,117:3082,118:2372,119:2556,120:3142,121:2597,122:2506,123:2446,124:2952,125:3068,126:2440,127:2487,128:2510,129:2468,130:2452,131:2456,132:2598,133:2560,134:3211,135:2469,136:2595,137:2419,138:2593,139:2485,140:3209,141:2495,142:2451,143:2408,144:3030,145:2447,146:2544,147:2394,148:2554,149:2994,150:2585,151:2468,152:3295,153:2511,154:2417,155:2443,156:3197,157:2438,158:2638,159:2637,160:2417,161:2510,162:2608,163:3294,164:2598,165:2604,166:2602,167:2422,168:2571,169:2478,170:2544,171:2541,172:2510,173:2595,174:2598,175:2464,176:2611,177:2976,178:2588,179:2549,180:2648,181:2378,182:2551,183:2593,184:2505,185:2361,186:2488,187:2441,188:2613,189:2533,190:2475,191:2644,192:3148,193:2462,194:2552,195:2375,196:2524,197:3226,198:2355,199:3201,200:2517,201:2350,202:3296,203:3128,204:2356,205:2547,206:2428,207:2629,208:2900,209:3202,210:2445,211:2624,212:2399,213:2442,214:2538,215:2980,216:2949,217:2384,218:2459,219:2365,220:2419,221:2417,222:2387,223:2478,224:2423,225:2389,226:2615,227:2566,228:2440,229:3032,230:3022,231:2584,232:2360,233:2356,234:2544,235:2504,236:2596,237:3235,238:2936,239:2508,240:2358,241:3161,242:2567,243:2621,244:2490,245:2395,246:2539,247:2442,248:2422,249:2362,250:2447,251:2513,252:2448,253:2523,254:2638,255:3170,256:2617,257:2359,258:2494,259:2572,260:2641,261:2615,262:2396,263:2453,264:2493,265:2618,266:2601,267:2633,268:2557,269:2499,270:3018,271:2468,272:2617,273:2371,274:2571,275:2605,276:2515,277:2394,278:2464,279:2600,280:2532,281:2366,282:2544,283:2486,284:2574,285:2404,286:2517,287:3253,288:2462,289:3024,290:2383,291:2458,292:2565,293:2562,294:2630,295:2633,296:2621,297:2373,298:2438,299:2460,300:2641,301:2392,302:2481,303:3250,304:2469,305:2540,306:2357,307:2482,308:2600,309:2641,310:2393,311:3241,312:2499,313:2407,314:2623,315:2477,316:3042,317:2641,318:2619,319:2471,320:2395,321:3290,322:2637,323:2508,324:2363,325:2375,326:2525,327:2445,328:2592,329:2485,330:2547,331:2414,332:2604,333:2553,334:2469,335:2401,336:2394,337:2443,338:3030,339:2492,340:2582,341:2539,342:3142,343:2494,344:2414,345:2395,346:2447,347:2557,348:2516,349:3239,350:2374,351:2595,352:2376,353:2622,354:2470,355:2482,356:2516,357:3102,358:2361,359:2407
0:2634,1:2393,2:2458,3:2563,4:2611,5:2393,6:2480,7:2428,8:3121,9:2465,10:2425,11:2545,12:3210,13:2543,14:2437,15:2438,16:3015,17:2571,18:2394,19:2440,20:3107,21:3061,22:2474,23:2518,24:2536,25:2392,26:2480,27:2578,28:2352,29:2478,30:2612,31:2470,32:2485,33:2492,34:2521,35:2442,36:2591,37:2404,38:2581,39:2358,40:2493,41:2465,42:2573,43:2384,44:2520,45:2528,46:2376,47:3193,48:2424,49:2561,50:2389,51:2522,52:2618,53:2435,54:2622,55:2479,56:2560,57:3065,58:2407,59:3086,60:2616,61:2494,62:2357,63:2387,64:2602,65:2401,66:2620,67:2395,68:2363,69:2476,70:2457,71:2402,72:3185,73:2360,74:2622,75:2594,76:2366,77:2383,78:3066,79:2399,80:2628,81:2537,82:2433,83:2541,84:2504,85:2449,86:3002,87:2428,88:2607,89:2457,90:2397,91:2523,92:2923,93:2390,94:2567,95:2921,96:2522,97:2533,98:2580,99:2601,100:2383,101:2388,102:2440,103:2448,104:2535,105:2428,106:2438,107:2642,108:2565,109:2489,110:2459,111:2477,112:2569,113:2936,114:2503,115:2907,116:3149,117:2372,118:3010,119:3094,120:2535,121:2364,122:2646,123:2449,124:2630,125:2613,126:2598,127:2919,128:2396,129:2363,130:2549,131:2475,132:2513,133:2638,134:2374,135:2382,136:3198,137:2416,138:3290,139:2433,140:3014,141:2493,142:2502,143:2563,144:2495,145:2384,146:2624,147:3011,148:2569,149:2598,150:2561,151:2900,152:3213,153:2565,154:2458,155:2529,156:3211,157:3030,158:2497,159:2955,160:2453,161:2386,162:2452,163:3190,164:2524,165:2460,166:2517,167:2412,168:3074,169:3167,170:2472,171:2613,172:2412,173:3254,174:2474,175:2465,176:2410,177:2567,178:3061,179:2363,180:2560,181:2519,182:2529,183:2518,184:3249,185:2623,186:2411,187:2620,188:2384,189:2400,190:3096,191:2630,192:2377,193:2507,194:2459,195:2528,196:2606,197:2612,198:3050,199:2372,200:2393,201:2623,202:2414,203:2464,204:3293,205:2365,206:2438,207:2365,208:3188,209:2567,210:2582,211:2913,212:2375,213:2460,214:3094,215:2428,216:2511,217:2551,218:3068,219:2493,220:2610,221:2393,222:2395,223:2623,224:2435,225:2996,226:2415,227:2557,228:2367,229:2576,230:2599,231:3044,232:2460,233:2430,234:2359,235:2366,236:2628,237:2565,238:2443,239:2458,240:2529,241:2497,242:2378,243:2351,244:2364,245:2621,246:2391,247:2649,248:3091,249:2424,250:2580,251:2609,252:2411,253:3162,254:2476,255:2461,256:2398,257:2642,258:2449,259:3115,260:2427,261:2485,262:2472,263:2538,264:2499,265:2611,266:3051,267:2455,268:2555,269:2569,270:2454,271:2400,272:2649,273:2575,274:2580,275:2434,276:2414,277:2361,278:2619,279:2635,280:2422,281:2568,282:2426,283:2533,284:3139,285:2483,286:2446,287:2606,288:2358,289:2449,290:3045,291:2560,292:2608,293:2546,294:2462,295:2446,296:2647,297:2400,298:2592,299:2922,300:2417,301:2589,302:2589,303:2512,304:2411,305:2507,306:2542,307:2440,308:2918,309:3182,310:2619,311:2463,312:2371,313:2468,314:2574,315:3058,316:2644,317:2606,318:2445,319:2604,320:2565,321:2442,322:2370,323:2546,324:2615,325:2459,326:2439,327:3141,328:2394,329:2532,330:2417,331:2507,332:2509,333:2597,334:3161,335:2553,336:2487,337:2514,338:2576,339:2364,340:2423,341:2919,342:2405,343:2377,344:2623,345:2580,346:2363,347:2543,348:2500,349:2992,350:2503,351:2516,352:2357,353:2527,354:2371,355:2915,356:2499,357:2448,358:2643,359:2487
0:2601,1:2429,2:3253,3:2588,4:2571,5:2492,6:2412,7:2451,8:3072,9:2911,10:2598,11:2351,12:2609,13:2464,14:2512,15:2391,16:2642,17:2460,18:2639,19:2634,20:2488,21:2492,22:2357,23:2963,24:2496,25:2363,26:2540,27:2526,28:2594,29:2579,30:2553,31:2502,32:2640,33:3282,34:2513,35:2647,36:2418,37:2625,38:2424,39:2648,40:2476,41:2422,42:2460,43:2359,44:2371,45:2368,46:2595,47:3105,48:2427,49:2512,50:2556,51:2424,52:2938,53:2631,54:2464,55:2411,56:2619,57:2382,58:2368,59:2378,60:2539,61:2547,62:2455,63:3169,64:2447,65:2600,66:2545,67:2633,68:2421,69:2939,70:2516,71:2527,72:2540,73:2608,74:2524,75:2535,76:2513,77:2960,78:2611,79:2399,80:2614,81:2529,82:3118,83:2975,84:2423,85:2526,86:2398,87:2600,88:2545,89:2452,90:2412,91:2478,92:2631,93:3176,94:2384,95:2535,96:3222,97:3290,98:2504,99:2484,100:2536,101:2577,102:2454,103:2464,104:2353,105:3294,106:2364,107:2477,108:2573,109:2627,110:2387,111:2457,112:2616,113:2455,114:2959,115:2382,116:2441,117:2524,118:2636,119:2554,120:2434,121:2351,122:2447,123:2492,124:2460,125:2420,126:3292,127:2447,128:2492,129:2549,130:2454,131:2649,132:2639,133:2580,134:2351,135:2626,136:2422,137:3099,138:2388,139:2575,140:2959,141:2457,142:3109,143:3184,144:2572,145:2455,146:2530,147:2507,148:2414,149:2439,150:2373,151:2613,152:2638,153:2489,154:2443,155:2374,156:2434,157:2554,158:2582,159:2597,160:2594,161:2350,162:2386,163:2605,164:2516,165:2417,166:2462,167:2645,168:2971,169:2377,170:2463,171:2525,172:2474,173:2485,174:2493,175:2536,176:2595,177:2491,178:2353,179:2494,180:2505,181:2372,182:2383,183:3062,184:2434,185:2423,186:3040,187:2497,188:2484,189:2441,190:2522,191:2967,192:2609,193:2482,194:2534,195:3134,196:2422,197:2430,198:2641,199:2547,200:2485,201:2402,202:2371,203:2381,204:2617,205:2464,206:2452,207:2480,208:2439,209:2600,210:2353,211:2631,212:2620,213:2630,214:2610,215:2535,216:2416,217:2609,218:2608,219:2578,220:2495,221:2444,222:2374,223:2605,224:2451,225:3205,226:2382,227:2352,228:2627,229:2406,230:2518,231:2543,232:2527,233:2374,234:2516,235:2448,236:2496,237:2620,238:2638,239:2557,240:2963,241:2372,242:2399,243:2617,244:2476,245:2478,246:2462,247:2533,248:3227,249:2471,250:2593,251:2512,252:2427,253:2525,254:2519,255:2350,256:3180,257:2611,258:2445,259:3208,260:2456,261:2422,262:3147,263:2470,264:2540,265:2509,266:3004,267:2476,268:2453,269:3204,270:3129,271:3170,272:2369,273:2361,274:2548,275:2470,276:2434,277:2647,278:2628,279:2388,280:2541,281:2569,282:2906,283:3017,284:2549,285:2571,286:2629,287:2372,288:2480,289:2397,290:2594,291:2459,292:2600,293:2538,294:2629,295:2607,296:2391,297:2435,298:3211,299:2455,300:2616,301:2481,302:2389,303:3188,304:2497,305:2648,306:2420,307:2933,308:2458,309:2513,310:2419,311:2373,312:2418,313:2940,314:2423,315:2558,316:2502,317:2533,318:3284,319:2552,320:2581,321:2533,322:2544,323:2461,324:2430,325:2544,326:2436,327:2569,328:2365,329:2508,330:3017,331:2580,332:2507,333:2392,334:2610,335:3193,336:2616,337:2370,338:2514,339:3283,340:2364,341:3167,342:2399,343:2410,344:2456,345:2627,346:2511,347:2460,348:2440,349:2506,350:2351,351:2602,352:2355,353:2359,354:2428,355:2579,356:2583,357:2648,358:2472,359:2401
0:2603,1:2617,2:2357,3:2591,4:2564,5:2492,6:2619,7:2590,8:3068,9:2512,10:2512,11:2643,12:2632,13:2583,14:2564,15:2409,16:2369,17:2509,18:2362,19:2492,20:2363,21:2649,22:3109,23:3197,24:3127,25:2547,26:2428,27:2564,28:2508,29:2570,30:2366,31:2600,32:2497,33:2905,34:2512,35:2436,36:3154,37:2464,38:2489,39:2399,40:3119,41:2992,42:2394,43:2618,44:2516,45:3051,46:2613,47:2589,48:2514,49:3159,50:2424,51:2417,52:2493,53:3171,54:2560,55:2601,56:2423,57:2406,58:2481,59:2495,60:2563,61:2384,62:2430,63:2633,64:2468,65:2491,66:3278,67:2581,68:2400,69:3241,70:2442,71:2642,72:2502,73:2602,74:2614,75:2401,76:2357,77:2503,78:2418,79:2454,80:2632,81:2442,82:2555,83:2643,84:2627,85:2621,86:2363,87:3192,88:2432,89:2532,90:2353,91:2610,92:2647,93:2624,94:2623,95:2426,96:2417,97:2509,98:2505,99:2350,100:2647,101:2592,102:2576,103:2605,104:2355,105:2523,106:2414,107:2350,108:2359,109:3040,110:3103,111:2350,112:2369,113:3092,114:2609,115:2576,116:2426,117:2521,118:2469,119:3220,120:2406,121:2553,122:2917,123:2959,124:2446,125:2943,126:3129,127:2639,128:3067,129:2952,130:3174,131:2371,132:2545,133:2544,134:2465,135:2490,136:2382,137:3115,138:2486,139:2586,140:2469,141:2637,142:2602,143:2385,144:2387,145:2551,146:2369,147:2516,148:2953,149:2566,150:2606,151:2441,152:2415,153:2533,154:2402,155:2546,156:2453,157:2412,158:2605,159:2560,160:3069,161:2509,162:3200,163:2638,164:2379,165:2456,166:2394,167:2455,168:2479,169:2398,170:2491,171:2520,172:2591,173:2364,174:2357,175:2515,176:2463,177:2387,178:2453,179:2423,180:2497,181:3266,182:2620,183:2614,184:2413,185:2616,186:2640,187:2584,188:2550,189:2399,190:2361,191:2479,192:2621,193:2602,194:2367,195:2474,196:2558,197:2618,198:3107,199:2537,200:2426,201:2558,202:2433,203:3242,204:2582,205:2548,206:2456,207:2450,208:2421,209:2987,210:2377,211:2519,212:2427,213:2631,214:3088,215:2581,216:2448,217:2356,218:3114,219:2579,220:2383,221:2445,222:3164,223:2399,224:2480,225:2371,226:2558,227:2436,228:2580,229:2553,230:2489,231:2415,232:2445,233:3167,234:2432,235:2507,236:2644,237:2362,238:2429,239:3296,240:2382,241:2631,242:2467,243:2354,244:2585,245:2519,246:2380,247:2545,248:2452,249:2621,250:2592,251:2643,252:2393,253:2366,254:2638,255:2421,256:2567,257:2502,258:2424,259:3024,260:2360,261:2362,262:2581,263:2986,264:2475,265:2547,266:2543,267:2451,268:2369,269:2415,270:2382,271:2549,272:2637,273:3277,274:2384,275:2982,276:3277,277:2480,278:2430,279:2474,280:2431,281:2560,282:2551,283:2628,284:2561,285:3282,286:2629,287:2624,288:2401,289:2404,290:2589,291:2368,292:2378,293:2354,294:2523,295:3115,296:2554,297:2601,298:2396,299:2524,300:2491,301:2558,302:2616,303:2380,304:2531,305:2391,306:3055,307:2408,308:2512,309:2449,310:2632,311:2600,312:2604,313:2494,314:2938,315:2367,316:2536,317:2421,318:3151,319:2382,320:2644,321:2989,322:2631,323:2399,324:2498,325:2551,326:2377,327:2536,328:2359,329:2639,330:2372,331:2495,332:2544,333:2603,334:2906,335:2438,336:2375,337:2649,338:2513,339:2419,340:2411,341:2644,342:2531,343:2477,344:2957,345:2606,346:2611,347:2433,348:2417,349:2483,350:2433,351:2461,352:2359,353:3119,354:2411,355:3012,356:2445,357:2619,358:2642,359:2488
0:2571,1:3242,2:2568,3:2588,4:2357,5:2646,6:2605,7:2425,8:2382,9:3022,10:3280,11:2431,12:2616,13:2613,14:2634,15:2537,16:2649,17:2545,18:2512,19:2620,20:2375,21:2566,22:2612,23:2557,24:2522,25:2401,26:2364,27:2632,28:2431,29:2377,30:2445,31:2444,32:2941,33:2647,34:2584,35:3053,36:2631,37:2359,38:3183,39:2620,40:2386,41:2588,42:2461,43:2504,44:2421,45:2516,46:2490,47:2944,48:2401,49:2513,50:2378,51:2352,52:2633,53:2507,54:2447,55:2975,56:2642,57:2535,58:2378,59:3215,60:3198,61:2491,62:2577,63:2428,64:2534,65:2431,66:2566,67:2375,68:2539,69:2617,70:2614,71:3090,72:2452,73:2455,74:2506,75:2589,76:3258,77:2628,78:2447,79:2615,80:2442,81:2482,82:2548,83:2394,84:2395,85:2424,86:2564,87:3055,88:2574,89:2629,90:2546,91:3088,92:2376,93:2556,94:2464,95:2392,96:2472,97:2358,98:2560,99:2466,100:2398,101:2416,102:2502,103:2476,104:2601,105:2618,106:3185,107:2466,108:2420,109:2414,110:2588,111:2532,112:2482,113:2575,114:2647,115:2381,116:2519,117:3112,118:2982,119:2404,120:2489,121:2613,122:3137,123:2602,124:2581,125:2361,126:2530,127:2495,128:3274,129:3039,130:2463,131:2440,132:2601,133:2425,134:2528,135:2525,136:2561,137:2554,138:2391,139:2380,140:2380,141:2404,142:2580,143:2562,144:2444,145:2381,146:2486,147:2599,148:2572,149:2363,150:2415,151:2389,152:2477,153:2420,154:3204,155:2922,156:2502,157:2548,158:2384,159:2640,160:2432,161:2471,162:3256,163:2435,164:3284,165:2564,166:2588,167:2576,168:2514,169:2476,170:2942,171:2638,172:2475,173:2643,174:2466,175:2519,176:2526,177:2439,178:2430,179:2416,180:2469,181:2389,182:2564,183:2559,184:2560,185:2369,186:2617,187:2569,188:2977,189:2408,190:2583,191:3116,192:3161,193:2444,194:2468,195:2363,196:3285,197:2437,198:2445,199:2364,200:2648,201:2927,202:2422,203:2473,204:2517,205:3107,206:2473,207:2596,208:2649,209:2627,210:2609,211:2534,212:3068,213:2431,214:2572,215:2459,216:2472,217:2445,218:2596,219:2645,220:2469,221:2612,222:2383,223:2644,224:2629,225:2488,226:2492,227:2589,228:2563,229:2506,230:3286,231:3140,232:3164,233:2544,234:2565,235:2611,236:2379,237:2644,238:2433,239:2429,240:2590,241:2400,242:2423,243:3047,244:2504,245:3196,246:2497,247:2394,248:2612,249:3297,250:2435,251:3236,252:2411,253:3166,254:3225,255:2532,256:2587,257:2351,258:2462,259:2610,260:2647,261:2547,262:3023,263:2447,264:2371,265:2404,266:2401,267:2525,268:2503,269:2477,270:2581,271:2540,272:2937,273:2486,274:2375,275:2369,276:2552,277:3177,278:2353,279:2548,280:2483,281:2921,282:2603,283:2401,284:2509,285:2565,286:3086,287:2561,288:2457,289:2411,290:2560,291:2593,292:2356,293:2573,294:2554,295:2485,296:2459,297:2475,298:3182,299:2411,300:2407,301:2457,302:2446,303:2485,304:3192,305:2475,306:2459,307:2909,308:2508,309:2447,310:2584,311:2508,312:3121,313:2618,314:2611,315:2608,316:2445,317:2476,318:2419,319:2597,320:2414,321:2987,322:2380,323:2379,324:2522,325:2370,326:2462,327:2506,328:3140,329:2587,330:2498,331:2610,332:2386,333:2585,334:2537,335:2417,336:2580,337:2932,338:2580,339:2444,340:2908,341:2544,342:2419,343:2484,344:2416,345:2641,346:2502,347:2484,348:2626,349:2624,350:2575,351:2410,352:2387,353:2574,354:2608,355:2355,356:2499,357:2605,358:2628,359:2584
0:2616,1:2434,2:2503,3:2588,4:2557,5:2572,6:2527,7:2414,8:2542,9:2609,10:2533,11:2380,12:2550,13:2525,14:3184,15:2535,16:2395,17:2532,18:2408,19:2489,20:2960,21:2402,22:3017,23:2447,24:2370,25:2629,26:2562,27:2571,28:2616,29:2645,30:2636,31:2483,32:3194,33:2511,34:3288,35:3271,36:2641,37:2386,38:2406,39:2614,40:3286,41:2928,42:2370,43:3192,44:2549,45:2456,46:2545,47:2480,48:2905,49:2492,50:2494,51:2602,52:2489,53:2566,54:2591,55:2490,56:2441,57:2455,58:3265,59:2599,60:3281,61:2485,62:2633,63:3124,64:2466,65:2537,66:2351,67:2519,68:2478,69:2546,70:2644,71:2505,72:2529,73:2353,74:2608,75:2472,76:2917,77:2442,78:2439,79:2357,80:2365,81:2530,82:2625,83:2438,84:2463,85:3061,86:2619,87:2500,88:2463,89:2436,90:2639,91:2566,92:2396,93:2488,94:2393,95:2572,96:2647,97:2449,98:2414,99:2361,100:2427,101:2457,102:2468,103:2403,104:2365,105:3118,106:3264,107:2380,108:2620,109:2462,110:2625,111:2540,112:2431,113:2536,114:2491,115:2646,116:2603,117:2550,118:2613,119:2972,120:2641,121:2600,122:2579,123:3138,124:2637,125:2554,126:2482,127:2592,128:2408,129:2360,130:2495,131:2480,132:2944,133:2470,134:2953,135:2505,136:2503,137:2628,138:2363,139:2534,140:2634,141:2421,142:2404,143:2600,144:2352,145:2605,146:2594,147:2612,148:2421,149:2415,150:2428,151:2517,152:2572,153:3013,154:2616,155:2600,156:2536,157:2449,158:2383,159:2387,160:3265,161:2561,162:2624,163:2377,164:2359,165:2522,166:2377,167:2458,168:2491,169:2377,170:2399,171:2606,172:2506,173:2358,174:2550,175:2398,176:2908,177:2502,178:2577,179:2399,180:2603,181:2639,182:3036,183:2633,184:2534,185:2640,186:2393,187:2468,188:2389,189:2382,190:2570,191:2605,192:2481,193:2397,194:2495,195:2633,196:3270,197:2435,198:2617,199:2469,200:2460,201:2356,202:2623,203:2547,204:2469,205:2604,206:2524,207:3051,208:2403,209:2368,210:2509,211:2439,212:2638,213:2442,214:2371,215:2424,216:2500,217:2595,218:3074,219:2618,220:2451,221:2612,222:2536,223:2608,224:2566,225:2572,226:2413,227:2395,228:3208,229:2589,230:2635,231:2607,232:2605,233:2606,234:2589,235:2508,236:3191,237:2967,238:2502,239:2520,240:2426,241:3181,242:2555,243:2426,244:2357,245:2519,246:2591,247:2478,248:2584,249:2363,250:2507,251:2596,252:2530,253:2928,254:2417,255:3282,256:2524,257:2582,258:2536,259:2461,260:2421,261:2416,262:2470,263:2571,264:2385,265:2391,266:3281,267:2606,268:2543,269:2466,270:3112,271:2555,272:2424,273:2499,274:2492,275:2547,276:2615,277:2375,278:3099,279:2432,280:2516,281:2472,282:2545,283:2458,284:2363,285:2414,286:2427,287:3274,288:2632,289:2359,290:2401,291:2620,292:3221,293:2593,294:2395,295:2522,296:2590,297:2573,298:2616,299:2581,300:2576,301:2560,302:2583,303:3105,304:2554,305:2494,306:2566,307:2623,308:2423,309:2470,310:2637,311:2398,312:2581,313:2401,314:2405,315:2529,316:2409,317:2554,318:2989,319:2584,320:2592,321:2493,322:3114,323:3045,324:2456,325:2568,326:3160,327:2562,328:2630,329:2476,330:2567,331:2354,332:2509,333:2552,334:3250,335:2485,336:3174,337:3027,338:2579,339:2436,340:2401,341:2614,342:2525,343:2541,344:2433,345:2638,346:2565,347:2448,348:2606,349:2477,350:2465,351:2527,352:2623,353:2385,354:3060,355:2369,356:2550,357:2609,358:2437,359:2385
0:2361,1:2573,2:2358,3:3230,4:2461,5:2526,6:2605,7:2477,8:2368,9:2602,10:2549,11:2605,12:2546,13:2541,14:2394,15:2539,16:3236,17:2573,18:2553,19:2519,20:2381,21:2446,22:3076,23:2563,24:2585,25:2542,26:2601,27:2474,28:2457,29:2580,30:3144,31:2509,32:2350,33:3086,34:2926,35:2364,36:2484,37:2571,38:2507,39:2586,40:2589,41:2556,42:2641,43:2549,44:2620,45:2366,46:2600,47:2499,48:2516,49:2549,50:2437,51:2353,52:2514,53:2619,54:2471,55:2386,56:2435,57:2574,58:2391,59:2610,60:2564,61:2607,62:2393,63:2471,64:2453,65:2490,66:2433,67:2468,68:2441,69:2596,70:2538,71:2382,72:2398,73:2547,74:2569,75:2496,76:2621,77:2488,78:2596,79:2626,80:2566,81:2545,82:2472,83:2444,84:2498,85:2390,86:2455,87:2634,88:2541,89:2906,90:3176,91:2534,92:2388,93:2479,94:2449,95:2499,96:2476,97:2600,98:2437,99:2638,100:2645,101:2624,102:2357,103:2562,104:2599,105:2450,106:2406,107:3107,108:2392,109:2351,110:2505,111:2403,112:2598,113:3080,114:2398,115:2603,116:2538,117:2608,118:3206,119:3129,120:2614,121:2467,122:2510,123:2644,124:2376,125:3060,126:2562,127:3062,128:2391,129:2629,130:2441,131:2639,132:2523,133:2386,134:2590,135:2479,136:2437,137:2589,138:2479,139:2601,140:2542,141:3109,142:2615,143:3223,144:2482,145:2635,146:2636,147:2457,148:2611,149:2469,150:2600,151:2472,152:3086,153:2366,154:2362,155:2487,156:2427,157:2446,158:2618,159:2403,160:2549,161:2615,162:3204,163:2544,164:2638,165:2618,166:2452,167:2600,168:2379,169:2392,170:2467,171:2488,172:2487,173:2537,174:2366,175:2420,176:2600,177:3292,178:2619,179:2553,180:3273,181:2412,182:2400,183:2394,184:2619,185:2582,186:2357,187:2514,188:3092,189:2949,190:2508,191:3220,192:2431,193:2523,194:3210,195:2613,196:2445,197:2424,198:2371,199:2374,200:2649,201:2463,202:2351,203:2592,204:2379,205:2545,206:2530,207:2409,208:2384,209:2542,210:2976,211:2366,212:2911,213:2611,214:2639,215:2619,216:2486,217:2501,218:2396,219:2444,220:2493,221:2619,222:2594,223:2436,224:2498,225:2407,226:2604,227:3286,228:2644,229:2994,230:2607,231:2450,232:2365,233:2630,234:2636,235:2995,236:2618,237:3211,238:2586,239:2556,240:2535,241:2987,242:2592,243:2590,244:2971,245:2523,246:2474,247:2382,248:2626,249:2632,250:2586,251:2554,252:2401,253:2410,254:2363,255:2370,256:2444,257:2523,258:2353,259:3047,260:2581,261:2607,262:2412,263:2513,264:2512,265:2612,266:2572,267:2646,268:2629,269:2390,270:2533,271:2450,272:2481,273:2477,274:2615,275:2365,276:2957,277:2378,278:3272,279:2644,280:2614,281:2378,282:2515,283:2464,284:2517,285:2967,286:2493,287:2360,288:2501,289:2485,290:2543,291:2483,292:2637,293:2366,294:2353,295:2555,296:3083,297:2514,298:2508,299:2631,300:2443,301:2379,302:2532,303:2567,304:2367,305:2508,306:2609,307:2612,308:2415,309:2443,310:2593,311:2577,312:2546,313:2583,314:2980,315:2431,316:2586,317:2961,318:2628,319:2619,320:3192,321:2369,322:2378,323:2517,324:2997,325:2355,326:2366,327:2469,328:2507,329:3131,330:2642,331:2406,332:3019,333:2407,334:3026,335:2360,336:2386,337:2932,338:2462,339:2558,340:2414,341:2445,342:2594,343:2544,344:2479,345:3289,346:2632,347:2618,348:2544,349:2510,350:2637,351:2573,352:2643,353:2490,354:2482,355:2543,356:2443,357:2528,358:2389,359:2412
0:3203,1:2540,2:2401,3:2649,4:2506,5:2374,6:2458,7:2590,8:2649,9:2409,10:2370,11:2970,12:2513,13:2414,14:2577,15:2595,16:2573,17:2518,18:2479,19:2465,20:2432,21:2622,22:2523,23:3058,24:2366,25:2537,26:2632,27:2552,28:2362,29:3272,30:2487,31:2510,32:3071,33:2566,34:2432,35:2579,36:2370,37:2430,38:2622,39:3236,40:2425,41:2484,42:2410,43:2475,44:2530,45:3016,46:2431,47:2523,48:2414,49:2497,50:2436,51:2624,52:2504,53:2605,54:3185,55:2636,56:2603,57:2529,58:2924,59:2589,60:2455,61:2646,62:2449,63:2639,64:2530,65:2616,66:3219,67:2567,68:3113,69:2514,70:2517,71:2490,72:2468,73:2583,74:2939,75:2926,76:2545,77:2519,78:2374,79:2542,80:2599,81:2628,82:2523,83:2551,84:2470,85:2466,86:2516,87:2408,88:2641,89:2414,90:2603,91:2483,92:2395,93:2471,94:2504,95:3001,96:2394,97:2588,98:2491,99:2412,100:3044,101:2363,102:2400,103:2594,104:2586,105:2503,106:2558,107:2408,108:2516,109:2645,110:2518,111:2353,112:3214,113:3190,114:2450,115:2387,116:2546,117:2409,118:2970,119:3265,120:3027,121:2559,122:2638,123:2641,124:2534,125:2393,126:2472,127:3115,128:3287,129:3033,130:2434,131:2379,132:3072,133:2413,134:2501,135:2462,136:2546,137:2552,138:2400,139:3103,140:2608,141:2504,142:2491,143:2509,144:2432,145:3002,146:2502,147:2631,148:2542,149:2460,150:2518,151:2634,152:2482,153:2478,154:2541,155:2539,156:2543,157:2584,158:2526,159:2544,160:3261,161:2363,162:2368,163:2581,164:2468,165:2536,166:2645,167:2497,168:2915,169:2947,170:3149,171:2644,172:2571,173:2457,174:2593,175:2641,176:2394,177:3187,178:2481,179:2394,180:2522,181:2491,182:2988,183:2567,184:2601,185:2350,186:2583,187:2556,188:3213,189:2576,190:2355,191:2351,192:2389,193:2433,194:2617,195:2904,196:2523,197:2420,198:2591,199:2643,200:2570,201:2576,202:2574,203:2624,204:2401,205:2455,206:3216,207:2591,208:2574,209:2534,210:2923,211:2361,212:3280,213:2351,214:3030,215:2367,216:2357,217:2479,218:2648,219:2352,220:2374,221:3170,222:2555,223:2601,224:2522,225:2359,226:2375,227:3244,228:2353,229:2400,230:2474,231:2415,232:2521,233:3293,234:2535,235:2544,236:2393,237:2935,238:2365,239:2572,240:2617,241:2546,242:2496,243:2527,244:2425,245:2965,246:2598,247:2463,248:3230,249:2380,250:2433,251:2641,252:2632,253:2475,254:2461,255:2543,256:2476,257:3199,258:3004,259:2634,260:2565,261:2482,262:2633,263:2523,264:2644,265:2509,266:2606,267:2623,268:2611,269:2396,270:2578,271:2607,272:2442,273:3267,274:2399,275:2481,276:2515,277:2406,278:3158,279:2447,280:2366,281:2532,282:3027,283:2641,284:2579,285:3050,286:2569,287:2400,288:2590,289:2527,290:2607,291:2417,292:3155,293:2408,294:3289,295:2468,296:3211,297:2438,298:2378,299:3043,300:2561,301:2395,302:2459,303:2511,304:2374,305:2418,306:3119,307:2354,308:2416,309:3106,310:2454,311:2370,312:2445,313:2452,314:2955,315:2398,316:2357,317:2602,318:2411,319:2410,320:2353,321:2483,322:3074,323:2493,324:2486,325:2557,326:2509,327:2387,328:2649,329:2498,330:2498,331:2529,332:3253,333:3288,334:2418,335:2396,336:3225,337:2373,338:2635,339:2454,340:2351,341:2395,342:2480,343:2966,344:3195,345:2387,346:2352,347:2436,348:2401,349:2388,350:2542,351:2935,352:2366,353:2396,354:2434,355:3199,356:2643,357:2642,358:2639,359:2440
0:2592,1:2451,2:2488,3:2487,4:2463,5:2477,6:2597,7:2565,8:2377,9:2560,10:2587,11:2356,12:2555,13:2398,14:2500,15:2393,16:2369,17:2606,18:2607,19:2557,20:2481,21:2441,22:2598,23:2427,24:3135,25:2903,26:2403,27:2482,28:2450,29:2619,30:2387,31:2504,32:2595,33:2379,34:2388,35:2645,36:3211,37:2608,38:2363,39:2581,40:2621,41:2535,42:2626,43:3104,44:2448,45:2465,46:2547,47:2969,48:2996,49:2411,50:2407,51:2415,52:2639,53:2365,54:2532,55:2986,56:2600,57:2609,58:2485,59:3197,60:3157,61:3154,62:2477,63:2624,64:2410,65:2402,66:2482,67:3297,68:3297,69:3026,70:3002,71:2365,72:2517,73:2532,74:2390,75:2519,76:3282,77:2634,78:2486,79:2639,80:2481,81:2523,82:2525,83:3164,84:2632,85:2503,86:2416,87:2538,88:2442,89:2621,90:2506,91:2358,92:2649,93:2510,94:2447,95:2402,96:2493,97:2964,98:2587,99:2459,100:2418,101:2464,102:2637,103:3145,104:3059,105:2434,106:2374,107:2448,108:2955,109:2444,110:2512,111:2609,112:2522,113:2361,114:2482,115:2604,116:2503,117:2547,118:2472,119:2351,120:2401,121:3175,122:2475,123:2608,124:3038,125:2410,126:2585,127:2382,128:2603,129:2571,130:2543,131:3163,132:2582,133:2473,134:2477,135:2582,136:2469,137:2606,138:2369,139:2358,140:2512,141:2569,142:2531,143:2606,144:2545,145:2414,146:2556,147:2408,148:2385,149:2466,150:2507,151:2507,152:2604,153:2541,154:2413,155:2606,156:2605,157:3067,158:2549,159:2445,160:2461,161:2567,162:2622,163:2908,164:2431,165:3278,166:2967,167:2536,168:2505,169:2463,170:2623,171:2401,172:2402,173:2546,174:2397,175:2430,176:2641,177:2506,178:2376,179:2638,180:2455,181:2366,182:2555,183:2552,184:2595,185:2946,186:2991,187:2464,188:2508,189:2543,190:2373,191:2603,192:2451,193:2478,194:2579,195:2418,196:2505,197:2918,198:2503,199:2401,200:2590,201:2383,202:3250,203:2535,204:2615,205:2544,206:2493,207:2526,208:2526,209:2387,210:2596,211:2487,212:2607,213:3229,214:2466,215:2602,216:2402,217:2914,218:2375,219:2380,220:2542,221:2497,222:2596,223:2445,224:2552,225:2590,226:2404,227:2383,228:2481,229:3250,230:2917,231:2367,232:2498,233:2461,234:2982,235:2552,236:2369,237:2446,238:2934,239:2420,240:2910,241:2462,242:2438,243:3274,244:2611,245:2442,246:2401,247:2540,248:2488,249:2553,250:2392,251:2450,252:2520,253:2363,254:2521,255:2377,256:2647,257:2540,258:3092,259:2505,260:2925,261:2602,262:2559,263:2481,264:2442,265:2494,266:2581,267:2412,268:2350,269:2616,270:2499,271:2451,272:2413,273:2549,274:2584,275:2573,276:2495,277:2497,278:2573,279:2597,280:2399,281:3157,282:2581,283:2600,284:2444,285:2553,286:2371,287:2473,288:2398,289:3066,290:2564,291:2582,292:2446,293:2468,294:2453,295:3144,296:2438,297:2609,298:2406,299:2411,300:2371,301:2458,302:2492,303:2429,304:3021,305:2357,306:2641,307:2376,308:2411,309:2538,310:2594,311:2611,312:2552,313:2638,314:2620,315:2552,316:3049,317:2638,318:2522,319:2641,320:2950,321:2984,322:2456,323:2356,324:3278,325:2403,326:2520,327:2550,328:2500,329:2545,330:2419,331:3149,332:2640,333:2520,334:2429,335:2580,336:2509,337:2436,338:2446,339:2948,340:2362,341:2544,342:2402,343:2597,344:2645,345:2514,346:2562,347:2406,348:2554,349:2488,350:2504,351:2642,352:2506,353:2507,354:2462,355:2527,356:3021,357:3253,358:2540,359:3247
0:2584,1:2525,2:2467,3:2540,4:3238,5:2419,6:2442,7:2613,8:2907,9:2569,10:2471,11:2529,12:3237,13:2968,14:2525,15:2433,16:3277,17:2523,18:2623,19:2456,20:3006,21:2642,22:2590,23:2501,24:2439,25:2355,26:3098,27:2517,28:2446,29:2994,30:2502,31:2641,32:2573,33:2442,34:3101,35:2502,36:3180,37:3247,38:2436,39:2647,40:2518,41:2485,42:2643,43:2487,44:2443,45:2474,46:3019,47:2430,48:2491,49:2480,50:2462,51:2371,52:2591,53:3200,54:2476,55:2591,56:2596,57:2941,58:2423,59:2390,60:2360,61:3055,62:2613,63:2386,64:2390,65:2453,66:2614,67:2439,68:2571,69:2631,70:2395,71:2388,72:2565,73:2409,74:2506,75:3289,76:2981,77:2437,78:2416,79:2620,80:2606,81:2375,82:2411,83:2392,84:2477,85:2551,86:2494,87:2481,88:2532,89:2577,90:2515,91:2642,92:2581,93:2489,94:2421,95:2478,96:3076,97:2555,98:2609,99:2526,100:2462,101:2612,102:2469,103:2520,104:2361,105:3251,106:2504,107:2612,108:3080,109:2568,110:2623,111:3254,112:2561,113:2487,114:2396,115:2981,116:2376,117:2422,118:2628,119:2398,120:2361,121:3073,122:2991,123:2571,124:2577,125:2456,126:2442,127:2443,128:2540,129:2483,130:2403,131:3266,132:2542,133:2453,134:2644,135:2636,136:2448,137:2489,138:2383,139:2641,140:2555,141:2478,142:2396,143:2386,144:2583,145:2382,146:2620,147:3112,148:3156,149:2407,150:2578,151:2567,152:2599,153:2520,154:2574,155:2382,156:2566,157:2526,158:2569,159:2434,160:2359,161:2407,162:2402,163:3044,164:2505,165:2575,166:3028,167:2417,168:2549,169:2471,170:2362,171:2600,172:2609,173:2598,174:2629,175:2638,176:2563,177:3002,178:2376,179:2429,180:2417,181:2473,182:2491,183:2571,184:2554,185:2553,186:2543,187:2373,188:2468,189:2576,190:2533,191:3251,192:2494,193:2579,194:2399,195:2545,196:2469,197:2378,198:2452,199:2466,200:2526,201:2468,202:2613,203:2452,204:2439,205:2390,206:2355,207:2571,208:2637,209:2601,210:2563,211:2607,212:2576,213:2467,214:2629,215:2623,216:2352,217:2462,218:2499,219:2443,220:3017,221:2913,222:2584,223:2410,224:2583,225:2537,226:2457,227:2488,228:2570,229:2597,230:2376,231:2920,232:2439,233:2583,234:2627,235:3088,236:2524,237:2640,238:2585,239:2389,240:2646,241:2984,242:2615,243:2465,244:2368,245:2431,246:3248,247:2559,248:3275,249:2570,250:2592,251:2649,252:2598,253:2450,254:3114,255:2597,256:2482,257:2409,258:2520,259:2466,260:2449,261:2623,262:2569,263:2624,264:2626,265:2397,266:2644,267:2640,268:2559,269:2354,270:2500,271:2403,272:2390,273:2575,274:3003,275:2447,276:2497,277:2517,278:2629,279:3216,280:2449,281:2436,282:2473,283:2554,284:2947,285:2377,286:2988,287:2611,288:2579,289:2605,290:2582,291:2614,292:2490,293:2594,294:2381,295:2452,296:2495,297:2604,298:2604,299:2424,300:3225,301:3284,302:2468,303:2581,304:2531,305:2399,306:2941,307:2580,308:2368,309:2485,310:3228,311:2364,312:2516,313:2357,314:2553,315:3056,316:2551,317:2356,318:2615,319:2441,320:2542,321:3203,322:2422,323:2624,324:2500,325:2438,326:2527,327:2526,328:2415,329:2387,330:2441,331:2396,332:2434,333:2559,334:2395,335:2646,336:3167,337:2485,338:2474,339:2526,340:2416,341:2502,342:2615,343:2541,344:2646,345:2376,346:2586,347:2357,348:2429,349:2432,350:2606,351:2406,352:2395,353:2424,354:3067,355:2582,356:2592,357:2925,358:2431,359:2574
0:3249,1:3233,2:2562,3:2394,4:2376,5:2601,6:2648,7:2569,8:2564,9:2381,10:2370,11:2501,12:2577,13:3209,14:2426,15:2560,16:2580,17:2567,18:2441,19:3146,20:2412,21:3143,22:2490,23:2636,24:2420,25:2436,26:2514,27:2408,28:2437,29:2445,30:2434,31:3178,32:2611,33:2368,34:2424,35:2509,36:2489,37:2563,38:2364,39:2353,40:2935,41:2398,42:2960,43:2580,44:2516,45:2379,46:2577,47:2932,48:2367,49:2555,50:2931,51:2469,52:3130,53:2361,54:2594,55:2946,56:2641,57:2438,58:2441,59:2418,60:2387,61:2378,62:2477,63:2367,64:2388,65:3054,66:2386,67:2407,68:3097,69:2359,70:2541,71:2578,72:2406,73:2433,74:2357,75:2469,76:2351,77:2351,78:2391,79:2604,80:3290,81:2501,82:3259,83:2356,84:2595,85:2522,86:2515,87:2629,88:3277,89:2558,90:2520,91:2581,92:2484,93:2577,94:2450,95:2642,96:2623,97:2618,98:2400,99:2649,100:2355,101:3060,102:2463,103:2631,104:2459,105:2600,106:2489,107:2573,108:2591,109:2631,110:2400,111:2526,112:3270,113:2460,114:2556,115:3109,116:2381,117:2584,118:2412,119:3119,120:2440,121:2570,122:2548,123:2571,124:2522,125:2568,126:2463,127:2460,128:2630,129:2354,130:2626,131:2520,132:2355,133:2360,134:3031,135:2363,136:2590,137:2934,138:2572,139:2456,140:2584,141:2503,142:2522,143:2377,144:2396,145:2465,146:2363,147:2491,148:2503,149:2616,150:2510,151:2623,152:2534,153:2366,154:2536,155:2601,156:3002,157:2423,158:2470,159:2434,160:3148,161:2529,162:2452,163:2555,164:2620,165:2483,166:2559,167:3171,168:3287,169:2594,170:2429,171:2582,172:2435,173:2544,174:2568,175:2611,176:3249,177:2636,178:2647,179:2603,180:3175,181:2638,182:2470,183:2442,184:2477,185:2581,186:2420,187:2595,188:2565,189:2370,190:2371,191:2470,192:2593,193:2447,194:2397,195:2630,196:3088,197:2604,198:2601,199:2433,200:2431,201:2488,202:3055,203:2492,204:2611,205:2496,206:2445,207:2631,208:2550,209:2477,210:2439,211:2572,212:3228,213:2536,214:3242,215:2503,216:2492,217:2584,218:2352,219:2496,220:2628,221:2445,222:2409,223:2939,224:2354,225:2636,226:2426,227:2400,228:2541,229:2518,230:2390,231:2354,232:3208,233:2608,234:2461,235:2476,236:2428,237:2430,238:2615,239:2352,240:2637,241:2580,242:2587,243:2565,244:3011,245:2519,246:2521,247:2424,248:2455,249:3178,250:3158,251:3211,252:2573,253:2644,254:2587,255:2539,256:2564,257:3194,258:3127,259:2642,260:2411,261:2397,262:2353,263:2451,264:2648,265:2501,266:2466,267:3027,268:2525,269:2406,270:2499,271:2547,272:2606,273:2502,274:2427,275:2448,276:2544,277:2542,278:3024,279:2386,280:2362,281:2521,282:2483,283:2646,284:2405,285:2439,286:2575,287:2614,288:2623,289:2565,290:3107,291:2370,292:2392,293:3018,294:2454,295:2596,296:3139,297:2463,298:2458,299:2569,300:2594,301:3066,302:2496,303:2479,304:2432,305:2618,306:2502,307:2593,308:2504,309:2486,310:2409,311:2622,312:2593,313:2479,314:2589,315:2606,316:2405,317:2487,318:2637,319:3144,320:2440,321:3047,322:2473,323:2391,324:2993,325:2433,326:2590,327:3111,328:2380,329:2609,330:2605,331:2641,332:2523,333:2397,334:3206,335:2455,336:2480,337:2524,338:2600,339:2381,340:2627,341:2417,342:2523,343:2415,344:2396,345:2484,346:2435,347:2482,348:2428,349:2620,350:2563,351:2499,352:2488,353:2532,354:2515,355:2497,356:2633,357:2569,358:2560,359:2558
0:2424,1:2491,2:2621,3:2440,4:2422,5:2532,6:2412,7:2481,8:2611,9:2607,10:2519,11:2562,12:3147,13:2388,14:3299,15:2449,16:2423,17:2611,18:2442,19:3170,20:2373,21:2636,22:2485,23:2561,24:2543,25:3014,26:2364,27:2502,28:2354,29:2566,30:2573,31:2506,32:2559,33:2406,34:2366,35:2443,36:2359,37:2549,38:2525,39:2463,40:2469,41:2376,42:3040,43:3153,44:2405,45:2391,46:2420,47:2634,48:2442,49:2495,50:2613,51:3009,52:2366,53:2353,54:2611,55:3124,56:2588,57:2503,58:2535,59:2968,60:2606,61:3072,62:2646,63:2599,64:2981,65:2590,66:2610,67:2497,68:2423,69:2648,70:2376,71:2538,72:3053,73:2483,74:2576,75:2612,76:2358,77:2560,78:2487,79:2441,80:2945,81:2502,82:2355,83:2588,84:2533,85:2353,86:2371,87:2596,88:2514,89:2922,90:2415,91:3246,92:2496,93:3090,94:2986,95:2540,96:2433,97:2526,98:2418,99:2905,100:2478,101:2615,102:2585,103:2573,104:3027,105:2499,106:2477,107:2974,108:2629,109:2366,110:3216,111:2637,112:3044,113:2614,114:2371,115:2621,116:2377,117:3288,118:2394,119:2610,120:2641,121:2498,122:2512,123:2516,124:2584,125:2376,126:2381,127:2466,128:2600,129:2616,130:2435,131:2420,132:2494,133:2551,134:2631,135:3161,136:2995,137:2493,138:2405,139:2546,140:2382,141:2613,142:2532,143:3170,144:2377,145:2624,146:2634,147:2991,148:3213,149:2447,150:2603,151:2363,152:2492,153:2565,154:2404,155:2571,156:3258,157:3155,158:3036,159:3075,160:2438,161:2478,162:2904,163:3181,164:2463,165:2614,166:3091,167:2919,168:2386,169:2442,170:2488,171:2623,172:2452,173:2446,174:2382,175:2602,176:2590,177:2520,178:2552,179:2608,180:2553,181:2592,182:2528,183:2419,184:2378,185:2360,186:2555,187:2486,188:2611,189:2353,190:2611,191:2937,192:2376,193:2585,194:2435,195:2624,196:2420,197:2539,198:2360,199:2475,200:2369,201:2431,202:2562,203:2516,204:2383,205:2500,206:2546,207:2555,208:2394,209:2582,210:2386,211:3166,212:2900,213:2621,214:2597,215:2469,216:2536,217:2565,218:2639,219:2594,220:3031,221:3294,222:2487,223:2506,224:2505,225:2396,226:2433,227:2587,228:2526,229:2584,230:2352,231:3238,232:3033,233:2498,234:3102,235:2584,236:2638,237:2440,238:2536,239:2646,240:3186,241:2359,242:2535,243:2622,244:2395,245:2461,246:2525,247:2407,248:3287,249:2569,250:2633,251:2619,252:2556,253:3027,254:2454,255:2624,256:2350,257:3132,258:2600,259:2513,260:2625,261:2993,262:2509,263:2590,264:2408,265:2638,266:2617,267:2599,268:2418,269:2413,270:2598,271:2485,272:2357,273:3280,274:2966,275:2576,276:2450,277:2642,278:3266,279:2358,280:2499,281:2482,282:2450,283:3130,284:2388,285:2354,286:2440,287:3070,288:2577,289:3177,290:2518,291:2602,292:2608,293:2415,294:2632,295:3138,296:2452,297:2550,298:2523,299:2533,300:2396,301:2464,302:2486,303:2464,304:2608,305:2361,306:2380,307:2452,308:2457,309:2410,310:2440,311:2480,312:2433,313:2367,314:2473,315:3088,316:2514,317:2932,318:2565,319:2541,320:2568,321:2430,322:2593,323:2509,324:2598,325:2523,326:2401,327:2492,328:2646,329:2632,330:2616,331:2623,332:2638,333:2404,334:2540,335:2629,336:2558,337:2382,338:2592,339:2624,340:2597,341:2552,342:2371,343:2971,344:2911,345:3098,346:2427,347:2367,348:2615,349:2455,350:2454,351:2435,352:2413,353:2435,354:2575,355:2375,356:2567,357:2447,358:2585,359:2501
0:2391,1:2531,2:2569,3:2563,4:3009,5:2637,6:2474,7:2438,8:2393,9:2366,10:2512,11:2361,12:2523,13:2394,14:2434,15:3264,16:2556,17:2536,18:2597,19:2565,20:2432,21:2543,22:2609,23:2429,24:2541,25:2536,26:3264,27:2404,28:2391,29:2368,30:2412,31:2430,32:2380,33:2640,34:2588,35:2399,36:2361,37:2574,38:2602,39:2478,40:2575,41:2388,42:2992,43:2971,44:2451,45:3166,46:2416,47:2350,48:2487,49:2629,50:2360,51:2593,52:2557,53:2381,54:2433,55:2645,56:3197,57:2454,58:2587,59:2511,60:2429,61:2409,62:2439,63:3147,64:2367,65:2471,66:2499,67:2632,68:2483,69:2453,70:2630,71:2554,72:2366,73:2463,74:2630,75:2489,76:2449,77:2435,78:2539,79:2487,80:2375,81:2360,82:2590,83:2549,84:3261,85:2495,86:2391,87:2598,88:2569,89:2521,90:2640,91:2416,92:2645,93:2426,94:2442,95:2631,96:2374,97:2550,98:2448,99:2434,100:2525,101:2561,102:2541,103:2394,104:2559,105:2364,106:2646,107:2379,108:2590,109:2540,110:3256,111:2579,112:2620,113:2938,114:2573,115:2472,116:2525,117:2627,118:2577,119:2417,120:2617,121:2430,122:2509,123:3025,124:2377,125:2366,126:2471,127:3039,128:3021,129:2502,130:2382,131:2562,132:2533,133:2352,134:2635,135:2428,136:2471,137:2465,138:2436,139:2553,140:3119,141:2433,142:2540,143:2614,144:2580,145:2527,146:2352,147:2481,148:2510,149:2520,150:2414,151:2559,152:2625,153:2559,154:3082,155:2495,156:2381,157:2628,158:2561,159:2447,160:2624,161:2490,162:2490,163:2530,164:2484,165:2544,166:2359,167:2377,168:2541,169:2616,170:2426,171:2507,172:2989,173:2562,174:2502,175:2642,176:2504,177:2546,178:2581,179:2565,180:2564,181:2522,182:2586,183:3189,184:2417,185:2644,186:2492,187:2424,188:2426,189:2595,190:2418,191:2944,192:2420,193:2388,194:2392,195:2990,196:2481,197:2510,198:2379,199:2610,200:2399,201:2501,202:2487,203:3213,204:2502,205:2626,206:2481,207:2539,208:3078,209:2644,210:2564,211:2511,212:2450,213:3280,214:2570,215:3291,216:3252,217:3126,218:2489,219:2565,220:3194,221:2510,222:2360,223:2450,224:2426,225:2559,226:2355,227:2550,228:3122,229:2597,230:2402,231:2545,232:2949,233:2378,234:2455,235:2973,236:2456,237:2472,238:2617,239:2378,240:2630,241:2919,242:3269,243:3249,244:2373,245:2476,246:3129,247:2559,248:3099,249:2454,250:2481,251:2561,252:2527,253:2504,254:2602,255:2632,256:2477,257:2622,258:2357,259:2981,260:2600,261:2624,262:2429,263:2578,264:2479,265:2359,266:2446,267:2609,268:2586,269:2405,270:2584,271:2452,272:2525,273:2566,274:2414,275:2611,276:2400,277:2370,278:2396,279:2586,280:2583,281:2372,282:2463,283:2458,284:2380,285:2456,286:2454,287:2565,288:2461,289:2510,290:3295,291:2496,292:2512,293:3130,294:2467,295:2647,296:2599,297:2456,298:2573,299:2953,300:2449,301:2441,302:2512,303:2404,304:2926,305:2609,306:2478,307:2405,308:2438,309:2409,310:2571,311:2488,312:2382,313:2634,314:2368,315:2429,316:2366,317:2417,318:3033,319:3084,320:2623,321:2613,322:2369,323:2500,324:2544,325:2379,326:2603,327:2492,328:2370,329:2606,330:2550,331:2640,332:2626,333:2463,334:3002,335:2517,336:2578,337:2620,338:2501,339:2499,340:2504,341:2485,342:2554,343:2469,344:2515,345:2525,346:2384,347:3180,348:2441,349:2629,350:2633,351:2503,352:2393,353:2562,354:2413,355:2522,356:2429,357:2571,358:2495,359:2415
0:2637,1:2366,2:2522,3:2949,4:2473,5:3020,6:2351,7:2615,8:2549,9:2533,10:2583,11:2379,12:2458,13:2552,14:2410,15:2950,16:2515,17:2643,18:2452,19:2571,20:3123,21:2396,22:2382,23:3068,24:2583,25:2555,26:2496,27:2497,28:3160,29:2587,30:2475,31:2487,32:2553,33:2553,34:2487,35:2383,36:2390,37:2500,38:2626,39:2577,40:2515,41:2415,42:2531,43:2427,44:2641,45:2372,46:2489,47:2605,48:2445,49:2602,50:2516,51:2548,52:2372,53:2947,54:2357,55:3071,56:2391,57:2563,58:2574,59:2500,60:3011,61:2571,62:2466,63:2550,64:2504,65:2542,66:2392,67:2452,68:2460,69:2537,70:3229,71:2931,72:2400,73:2647,74:2362,75:2528,76:2520,77:2613,78:2587,79:3009,80:2586,81:2636,82:2368,83:2954,84:2494,85:2412,86:2576,87:2509,88:2570,89:2566,90:2507,91:2502,92:2606,93:2456,94:2473,95:2537,96:2593,97:2351,98:2407,99:2515,100:3283,101:2641,102:2574,103:2569,104:2422,105:3139,106:2639,107:2369,108:3299,109:3242,110:2524,111:2433,112:2503,113:2394,114:2475,115:3092,116:2468,117:2620,118:2573,119:2577,120:3087,121:2424,122:2351,123:2536,124:2410,125:3201,126:2443,127:2427,128:2561,129:2629,130:2408,131:2415,132:2438,133:2918,134:2527,135:2436,136:2374,137:2404,138:2511,139:2408,140:2478,141:2562,142:2507,143:3016,144:2644,145:3016,146:2415,147:2438,148:2450,149:2454,150:2414,151:2493,152:2573,153:3282,154:2499,155:3044,156:2454,157:2568,158:2499,159:2483,160:3171,161:2427,162:2622,163:2354,164:2518,165:2525,166:2467,167:2404,168:2433,169:2489,170:2469,171:2607,172:2457,173:2385,174:2424,175:2904,176:2593,177:2549,178:3229,179:2608,180:2589,181:2498,182:2954,183:2580,184:2483,185:2452,186:2566,187:2926,188:2448,189:2432,190:2579,191:2406,192:2554,193:2367,194:2390,195:2637,196:2541,197:2569,198:2587,199:2363,200:2461,201:3285,202:2531,203:2420,204:3034,205:2525,206:2516,207:2365,208:2522,209:2415,210:2469,211:3220,212:3117,213:2367,214:2599,215:3156,216:2368,217:3248,218:3140,219:2409,220:2576,221:2436,222:2528,223:2422,224:2403,225:2412,226:3021,227:2512,228:2553,229:2408,230:2595,231:2376,232:2460,233:2460,234:2529,235:2450,236:2501,237:2926,238:2500,239:2443,240:3171,241:2974,242:2557,243:2455,244:2528,245:2400,246:2613,247:3107,248:2599,249:2538,250:2448,251:2579,252:2450,253:3273,254:2563,255:2590,256:2387,257:2580,258:2615,259:2604,260:2531,261:2643,262:2377,263:2492,264:2443,265:2494,266:2354,267:2480,268:2378,269:2361,270:2446,271:2623,272:2511,273:2395,274:2417,275:2411,276:3289,277:2367,278:2429,279:2901,280:2510,281:2505,282:2476,283:2638,284:2602,285:2351,286:2556,287:2643,288:2428,289:2607,290:2445,291:2540,292:2493,293:2481,294:2421,295:2576,296:2444,297:2589,298:2431,299:2641,300:3265,301:2368,302:2409,303:2612,304:2465,305:2601,306:2605,307:2589,308:2407,309:2568,310:2405,311:2619,312:2496,313:2382,314:2622,315:2413,316:2418,317:2467,318:2647,319:2376,320:2597,321:2444,322:2415,323:2553,324:2433,325:3179,326:2387,327:2505,328:2522,329:2537,330:2590,331:2568,332:2429,333:2471,334:2405,335:2510,336:2647,337:2486,338:2482,339:2407,340:2474,341:2486,342:2620,343:2512,344:2478,345:3241,346:2647,347:3138,348:2416,349:3228,350:3041,351:2401,352:2610,353:2560,354:2504,355:2474,356:2635,357:3176,358:3206,359:2538
0:3079,1:2588,2:2433,3:2396,4:2511,5:3087,6:3230,7:2591,8:2437,9:2593,10:3291,11:2901,12:2434,13:3128,14:2503,15:2601,16:2421,17:2425,18:2586,19:2448,20:2624,21:2354,22:2443,23:2540,24:3053,25:2471,26:2468,27:2481,28:2550,29:2636,30:2463,31:2562,32:2439,33:2976,34:3160,35:2581,36:2590,37:2639,38:2558,39:2640,40:2392,41:2558,42:2564,43:2602,44:2521,45:2521,46:2548,47:3136,48:2434,49:3160,50:2538,51:3158,52:2509,53:2383,54:2957,55:2475,56:2411,57:2355,58:2917,59:2399,60:2627,61:2496,62:3016,63:2636,64:2919,65:2527,66:2615,67:2477,68:3111,69:2403,70:2397,71:2421,72:2426,73:2461,74:2537,75:2425,76:3114,77:3274,78:2429,79:2637,80:2586,81:2646,82:2955,83:2420,84:2388,85:2449,86:2523,87:2631,88:2638,89:3052,90:3220,91:2953,92:2547,93:2382,94:2364,95:2476,96:2471,97:2647,98:3157,99:2376,100:2380,101:2444,102:3091,103:2606,104:2576,105:2455,106:2513,107:3110,108:2368,109:3275,110:2621,111:2494,112:2624,113:2522,114:2389,115:2536,116:2450,117:2484,118:2380,119:3223,120:2450,121:2503,122:2378,123:2528,124:2901,125:2543,126:2490,127:2585,128:2509,129:2500,130:2531,131:2544,132:2589,133:2585,134:2393,135:2517,136:2400,137:2480,138:2474,139:2368,140:2370,141:2368,142:2405,143:3104,144:2409,145:2543,146:3297,147:2473,148:2928,149:2567,150:2405,151:2365,152:2442,153:2406,154:3070,155:3043,156:2370,157:2527,158:2526,159:3281,160:2556,161:2510,162:2532,163:2439,164:2384,165:2407,166:2596,167:3298,168:2907,169:2638,170:2433,171:2625,172:2384,173:2354,174:2554,175:2647,176:2944,177:3113,178:2369,179:2608,180:2491,181:2643,182:2462,183:2564,184:2605,185:2520,186:2492,187:2625,188:2533,189:2974,190:2392,191:2391,192:2352,193:2385,194:2499,195:2433,196:2934,197:2358,198:2577,199:2421,200:2619,201:2409,202:2484,203:2648,204:3001,205:2628,206:2473,207:2562,208:2468,209:2578,210:3050,211:2470,212:2472,213:2419,214:2517,215:2521,216:2512,217:2351,218:2644,219:3230,220:2381,221:2618,222:2631,223:2635,224:2387,225:3049,226:2588,227:2550,228:2470,229:2640,230:2368,231:2381,232:2489,233:2446,234:2364,235:2445,236:3259,237:2617,238:2361,239:2474,240:2465,241:2509,242:3018,243:2447,244:2615,245:2538,246:2446,247:2609,248:2540,249:2628,250:2645,251:2592,252:3019,253:2449,254:2399,255:2453,256:3164,257:2552,258:3208,259:2486,260:2533,261:2522,262:2532,263:2968,264:2414,265:2553,266:2581,267:2400,268:2378,269:3097,270:2489,271:2405,272:2609,273:2531,274:3106,275:2576,276:3008,277:2620,278:3289,279:2437,280:2409,281:3090,282:3113,283:2527,284:2593,285:2474,286:2450,287:2421,288:2542,289:2590,290:2448,291:2516,292:2645,293:2461,294:2639,295:2394,296:2354,297:3293,298:2512,299:3258,300:2503,301:2566,302:2474,303:2612,304:2570,305:2580,306:2599,307:2553,308:2379,309:2542,310:2520,311:2649,312:2527,313:2563,314:2635,315:2955,316:2378,317:2395,318:2601,319:2439,320:2614,321:2640,322:2531,323:2472,324:3122,325:3220,326:2453,327:2511,328:2505,329:2636,330:2645,331:2392,332:2550,333:2456,334:2429,335:2361,336:2369,337:2578,338:2472,339:3159,340:3050,341:2461,342:2384,343:2587,344:2567,345:2354,346:2377,347:2969,348:3187,349:2479,350:2374,351:3059,352:2503,353:2377,354:3274,355:2564,356:2586,357:2382,358:2912,359:2602
0:2589,1:2429,2:2619,3:2630,4:2622,5:2937,6:2446,7:2542,8:3248,9:2460,10:2523,11:2350,12:3181,13:2643,14:2481,15:3100,16:2432,17:2505,18:3294,19:2376,20:2620,21:2502,22:2554,23:2519,24:2506,25:2440,26:2408,27:3191,28:2596,29:2987,30:3165,31:2605,32:2638,33:2356,34:2470,35:2593,36:2591,37:2480,38:2627,39:2391,40:2419,41:2453,42:2432,43:2621,44:2351,45:2638,46:3058,47:2385,48:2644,49:2470,50:2507,51:2569,52:2514,53:2457,54:3260,55:2553,56:2565,57:2434,58:3110,59:2413,60:2585,61:2637,62:2559,63:2428,64:2593,65:2495,66:3067,67:2362,68:2386,69:2561,70:2566,71:2573,72:2455,73:3264,74:2496,75:2537,76:2587,77:2425,78:2638,79:2405,80:2568,81:2902,82:2429,83:2362,84:2442,85:2593,86:2428,87:2589,88:2511,89:2640,90:2636,91:2586,92:2386,93:3199,94:3066,95:2525,96:3102,97:2539,98:2613,99:2395,100:2535,101:2613,102:3117,103:2571,104:2567,105:2549,106:2451,107:2495,108:2532,109:2594,110:2491,111:2615,112:2620,113:2360,114:2488,115:3088,116:2599,117:2498,118:3138,119:2577,120:2494,121:2476,122:2549,123:2419,124:2532,125:2633,126:2391,127:2646,128:2470,129:2572,130:2618,131:2945,132:2367,133:3261,134:2370,135:2608,136:2630,137:2460,138:2531,139:2903,140:2589,141:2472,142:2401,143:2446,144:2421,145:2505,146:2609,147:2447,148:2431,149:2423,150:2519,151:2562,152:2536,153:2534,154:2456,155:2638,156:2512,157:2467,158:2371,159:2504,160:2473,161:2521,162:2494,163:2382,164:2383,165:2634,166:2591,167:2628,168:2486,169:3208,170:2509,171:2921,172:2614,173:3227,174:2581,175:2389,176:2425,177:2376,178:3165,179:2454,180:2631,181:2429,182:2479,183:2646,184:2579,185:2526,186:2625,187:3234,188:2470,189:2566,190:2545,191:2420,192:2370,193:2636,194:2462,195:2421,196:2431,197:2479,198:2517,199:2417,200:2419,201:3137,202:2540,203:3145,204:2382,205:2425,206:2457,207:2403,208:2619,209:2614,210:2591,211:2373,212:2525,213:2647,214:2569,215:3193,216:2406,217:2382,218:3270,219:2393,220:2535,221:2372,222:2613,223:2647,224:2362,225:2591,226:2616,227:2532,228:3168,229:2383,230:2453,231:2499,232:2601,233:2632,234:3011,235:2644,236:2506,237:2416,238:2574,239:2476,240:2545,241:2566,242:2585,243:2527,244:2403,245:2572,246:2564,247:2520,248:2353,249:2554,250:2368,251:2602,252:2373,253:2973,254:3252,255:2440,256:2621,257:3265,258:2612,259:2375,260:2447,261:2382,262:2464,263:2550,264:2469,265:2387,266:2420,267:2517,268:2430,269:2367,270:2450,271:2413,272:2448,273:3210,274:2527,275:2451,276:2526,277:2565,278:2589,279:2531,280:3207,281:2627,282:2401,283:2432,284:2558,285:2601,286:2370,287:2365,288:2645,289:2536,290:3115,291:2476,292:2588,293:2441,294:2476,295:2497,296:3101,297:2407,298:2548,299:2469,300:2546,301:2516,302:2488,303:2407,304:2440,305:2476,306:2636,307:3130,308:2365,309:2530,310:2566,311:2423,312:2482,313:2966,314:2479,315:3196,316:2557,317:2507,318:2447,319:2563,320:3172,321:2621,322:2421,323:2444,324:2566,325:2607,326:2617,327:2597,328:2612,329:2541,330:2931,331:2594,332:2468,333:2575,334:2613,335:2636,336:2517,337:2364,338:3187,339:2352,340:2360,341:2573,342:2370,343:3162,344:2614,345:2474,346:2591,347:2467,348:2463,349:2649,350:2522,351:2371,352:2430,353:2640,354:2365,355:3243,356:2361,357:2455,358:2573,359:2545
0:2415,1:2409,2:2490,3:2558,4:2506,5:2506,6:2417,7:2490,8:2411,9:2636,10:2379,11:2532,12:2484,13:2568,14:3014,15:2439,16:2465,17:2390,18:2483,19:2435,20:2421,21:2597,22:2606,23:2359,24:2530,25:2477,26:2559,27:2643,28:2936,29:2625,30:2539,31:2920,32:2463,33:2641,34:2490,35:2547,36:3179,37:2439,38:2614,39:2504,40:2495,41:2378,42:2564,43:2493,44:2435,45:2509,46:2388,47:2586,48:2363,49:3139,50:2593,51:2461,52:2473,53:2474,54:2384,55:3067,56:2389,57:2423,58:2554,59:2574,60:2599,61:3126,62:2430,63:2510,64:2567,65:2616,66:2371,67:2626,68:2548,69:2396,70:2466,71:3235,72:2533,73:2465,74:3142,75:2523,76:2397,77:2385,78:2508,79:2483,80:2512,81:2627,82:2637,83:2556,84:2563,85:2395,86:2938,87:2628,88:2463,89:2441,90:2553,91:2372,92:3129,93:2465,94:2401,95:2376,96:2603,97:2479,98:2359,99:2618,100:2641,101:2365,102:2378,103:3134,104:2500,105:2470,106:2384,107:2450,108:2490,109:2543,110:2497,111:2548,112:2558,113:2398,114:2358,115:2639,116:2595,117:3181,118:3234,119:2456,120:3010,121:2621,122:3005,123:2405,124:2648,125:3275,126:3245,127:2540,128:2447,129:2426,130:2626,131:2368,132:2596,133:2467,134:2537,135:2443,136:2626,137:2429,138:2472,139:2646,140:2449,141:2906,142:2471,143:2352,144:2439,145:2481,146:2508,147:2486,148:2398,149:3274,150:2626,151:2484,152:2364,153:2571,154:3207,155:2475,156:2511,157:2425,158:2501,159:3002,160:2493,161:2560,162:2379,163:2391,164:2494,165:2453,166:2418,167:2418,168:2630,169:2560,170:2363,171:2426,172:2397,173:2470,174:2370,175:2610,176:3298,177:3168,178:2431,179:2502,180:2552,181:3203,182:2494,183:2409,184:3159,185:2948,186:2387,187:3296,188:2582,189:2463,190:2615,191:2379,192:2624,193:2432,194:2563,195:2602,196:3160,197:2556,198:2442,199:3050,200:2444,201:2623,202:2494,203:2472,204:2578,205:2527,206:2644,207:2467,208:2470,209:3097,210:2392,211:2645,212:2374,213:2494,214:2522,215:2468,216:2370,217:2541,218:2420,219:2533,220:2556,221:3208,222:2598,223:3125,224:2644,225:2582,226:2623,227:2451,228:2400,229:2577,230:2631,231:2583,232:2390,233:2406,234:3283,235:2363,236:2521,237:2956,238:2504,239:3022,240:2546,241:2443,242:3170,243:2539,244:2571,245:2520,246:2432,247:2356,248:2468,249:3105,250:2441,251:2506,252:2352,253:2550,254:2635,255:2546,256:2429,257:2442,258:2437,259:2536,260:2389,261:2485,262:2511,263:2391,264:2364,265:2566,266:2616,267:2950,268:2594,269:2402,270:2983,271:2602,272:2536,273:2365,274:3152,275:3170,276:2579,277:2948,278:2490,279:2365,280:2494,281:2579,282:3135,283:2595,284:2573,285:2501,286:2620,287:2583,288:2373,289:3053,290:2611,291:2563,292:2601,293:2645,294:2465,295:2638,296:2918,297:2455,298:2531,299:2597,300:2623,301:2382,302:2508,303:3288,304:2552,305:2442,306:2565,307:2929,308:2528,309:2521,310:2370,311:3209,312:2356,313:2470,314:2388,315:2500,316:2429,317:3020,318:2623,319:2483,320:2554,321:2642,322:3081,323:2583,324:2627,325:2578,326:2636,327:2514,328:2544,329:2490,330:2427,331:2570,332:2619,333:3078,334:2403,335:2398,336:3153,337:2506,338:2380,339:2375,340:3294,341:3262,342:2454,343:2420,344:2610,345:3129,346:2423,347:2960,348:2441,349:2494,350:2522,351:3231,352:2444,353:2607,354:2487,355:2494,356:3071,357:2642,358:2630,359:2613
0:3053,1:2577,2:2561,3:2420,4:2641,5:2445,6:2528,7:2592,8:2451,9:2509,10:2573,11:2579,12:2445,13:2575,14:2540,15:2606,16:2589,17:3093,18:2411,19:2613,20:2460,21:2586,22:3217,23:2912,24:2453,25:2405,26:2627,27:2596,28:2385,29:2527,30:2578,31:3198,32:2955,33:2534,34:2574,35:2507,36:2506,37:2518,38:2405,39:2372,40:2442,41:2546,42:2439,43:2417,44:2613,45:3247,46:2598,47:3112,48:2567,49:2592,50:2415,51:3289,52:2636,53:2607,54:2487,55:2631,56:2536,57:2507,58:3186,59:2617,60:2636,61:2479,62:2437,63:2520,64:2596,65:3017,66:2487,67:3147,68:3289,69:2975,70:2568,71:2395,72:2907,73:2500,74:2578,75:2527,76:2465,77:2527,78:2353,79:3150,80:2364,81:2425,82:2388,83:2636,84:2436,85:3174,86:2543,87:2507,88:2510,89:3213,90:2588,91:2939,92:2491,93:2429,94:2645,95:2610,96:3024,97:3048,98:2441,99:2385,100:2582,101:2625,102:2649,103:2554,104:3244,105:3065,106:2526,107:2427,108:3297,109:2430,110:3117,111:2555,112:2390,113:2603,114:2445,115:2407,116:2507,117:2575,118:2466,119:2608,120:2542,121:3017,122:3185,123:2352,124:2582,125:2939,126:3269,127:2595,128:2364,129:3004,130:2623,131:2363,132:2375,133:2608,134:2903,135:2591,136:2504,137:2505,138:2528,139:3121,140:2643,141:2557,142:3032,143:2390,144:2467,145:2427,146:2429,147:3204,148:2566,149:3100,150:2411,151:2461,152:2494,153:2643,154:2382,155:2496,156:2600,157:2359,158:2936,159:2482,160:2635,161:3003,162:2621,163:2445,164:2375,165:2491,166:2444,167:2364,168:2649,169:2972,170:2367,171:2503,172:2522,173:2470,174:2483,175:2432,176:3048,177:2539,178:3121,179:2588,180:2483,181:2501,182:2412,183:2633,184:2413,185:2941,186:2514,187:2625,188:2416,189:2543,190:2496,191:2410,192:2644,193:2473,194:2500,195:2523,196:2544,197:3006,198:2450,199:2412,200:2574,201:2488,202:2501,203:2519,204:2425,205:2618,206:2536,207:2486,208:2579,209:2601,210:2362,211:2438,212:2446,213:2610,214:2620,215:2637,216:2454,217:2521,218:2617,219:2496,220:2449,221:2577,222:2467,223:2371,224:2464,225:2478,226:2555,227:3278,228:2467,229:2486,230:2508,231:2539,232:3054,233:2641,234:2456,235:2581,236:2381,237:2525,238:2490,239:2638,240:3246,241:3090,242:2934,243:2453,244:2378,245:2518,246:2645,247:2449,248:3077,249:2444,250:2484,251:2385,252:3297,253:2564,254:2395,255:2625,256:2472,257:2608,258:2581,259:2593,260:2459,261:2471,262:2564,263:2934,264:2436,265:2560,266:2597,267:3022,268:2481,269:2461,270:2541,271:2481,272:2499,273:2391,274:2509,275:3180,276:2525,277:2626,278:3204,279:2354,280:2906,281:2601,282:2421,283:2633,284:2569,285:2352,286:2507,287:2640,288:2387,289:2429,290:2391,291:3238,292:2399,293:2459,294:2513,295:2393,296:3279,297:2420,298:2573,299:2570,300:2441,301:2638,302:2552,303:2589,304:2600,305:2994,306:2517,307:2408,308:2599,309:2424,310:2512,311:2467,312:2643,313:3098,314:2465,315:2590,316:2540,317:2568,318:2606,319:3244,320:2545,321:2480,322:2563,323:2371,324:2489,325:2433,326:2602,327:2428,328:2357,329:2612,330:2617,331:2589,332:2473,333:2369,334:2630,335:2397,336:2480,337:2420,338:2392,339:2456,340:2572,341:2903,342:2580,343:2605,344:2361,345:2521,346:2481,347:2640,348:2644,349:2462,350:2441,351:2353,352:2532,353:2394,354:2419,355:2381,356:2619,357:2563,358:2638,359:2423
0:2599,1:2562,2:2526,3:3155,4:2536,5:2617,6:2504,7:2359,8:2934,9:2424,10:2572,11:2350,12:2404,13:2415,14:2363,15:2479,16:3180,17:2552,18:2363,19:2393,20:2424,21:2493,22:2606,23:3060,24:2603,25:2619,26:2398,27:2439,28:2475,29:2443,30:2514,31:2444,32:3285,33:2576,34:3019,35:2976,36:2498,37:2530,38:2600,39:3114,40:2516,41:2525,42:2646,43:2589,44:2456,45:2407,46:2395,47:2548,48:2641,49:2604,50:2500,51:2449,52:2647,53:2568,54:2627,55:2602,56:2400,57:2557,58:2414,59:3068,60:2366,61:2452,62:2458,63:3050,64:2405,65:2613,66:2410,67:2431,68:2573,69:2526,70:3017,71:2634,72:2552,73:2352,74:2621,75:3020,76:3185,77:2569,78:2492,79:3271,80:2463,81:2581,82:2405,83:2362,84:2503,85:2639,86:2593,87:2542,88:2581,89:3193,90:2384,91:2395,92:2634,93:2447,94:2361,95:2487,96:2421,97:2596,98:2490,99:2639,100:3226,101:2492,102:2388,103:2521,104:2565,105:2384,106:2408,107:2523,108:2980,109:2640,110:2490,111:2500,112:2372,113:2453,114:2375,115:2458,116:2493,117:2362,118:2574,119:2615,120:2556,121:2546,122:2416,123:2643,124:2521,125:2414,126:2510,127:2607,128:2542,129:2557,130:2577,131:2649,132:3253,133:2634,134:2978,135:2469,136:2440,137:2453,138:2600,139:2392,140:2454,141:2529,142:2649,143:2901,144:3076,145:2528,146:2392,147:2485,148:2649,149:2471,150:2353,151:2446,152:3166,153:2424,154:2644,155:2544,156:2560,157:2409,158:2396,159:2457,160:2455,161:2968,162:2593,163:2467,164:2533,165:3233,166:2468,167:2553,168:2536,169:2513,170:2364,171:3208,172:2549,173:2550,174:2375,175:2354,176:2433,177:2631,178:2435,179:2509,180:2438,181:2560,182:2597,183:2513,184:3240,185:2496,186:2588,187:2522,188:2616,189:3108,190:2383,191:2532,192:2928,193:2642,194:2436,195:2629,196:2638,197:2629,198:2476,199:2530,200:2362,201:3021,202:2649,203:2369,204:2411,205:2910,206:2639,207:2554,208:3069,209:2479,210:2523,211:2429,212:2518,213:2593,214:2456,215:2432,216:2381,217:2995,218:2577,219:2449,220:2995,221:2986,222:2907,223:2598,224:2361,225:2365,226:2488,227:2601,228:2501,229:2565,230:2633,231:2644,232:2446,233:2374,234:2959,235:2525,236:2423,237:2448,238:2541,239:2934,240:3218,241:3072,242:3006,243:2590,244:2616,245:2372,246:2370,247:2521,248:2917,249:3285,250:2351,251:2394,252:2614,253:2471,254:2988,255:2565,256:2540,257:2547,258:2505,259:2622,260:3182,261:3015,262:2357,263:2548,264:2519,265:2554,266:2371,267:3027,268:2449,269:2432,270:2517,271:2471,272:2476,273:2503,274:2536,275:2374,276:2503,277:2424,278:2377,279:2500,280:2519,281:2499,282:2609,283:3288,284:2402,285:2445,286:3196,287:2365,288:2579,289:2520,290:2353,291:2350,292:2579,293:2468,294:2631,295:2419,296:2355,297:2631,298:2392,299:2447,300:2359,301:2548,302:2603,303:2440,304:2578,305:2390,306:2609,307:2547,308:2537,309:2477,310:3107,311:2371,312:3258,313:2601,314:2503,315:2447,316:2645,317:2586,318:3101,319:2566,320:2585,321:2371,322:2371,323:2515,324:2461,325:2518,326:2394,327:2525,328:2625,329:2582,330:2552,331:2537,332:2623,333:3262,334:2506,335:2482,336:2488,337:2432,338:2546,339:2540,340:2486,341:2923,342:2979,343:3153,344:2646,345:2439,346:2500,347:2410,348:3238,349:2581,350:2641,351:2586,352:2577,353:2434,354:2479,355:2357,356:2449,357:2538,358:2397,359:2351
0:2462,1:2365,2:3008,3:2423,4:2354,5:2490,6:2498,7:2610,8:2581,9:2604,10:2350,11:2388,12:2517,13:2451,14:2465,15:2552,16:2590,17:2398,18:2632,19:2465,20:2617,21:2384,22:2471,23:2649,24:2973,25:2372,26:2352,27:2570,28:2972,29:2598,30:2596,31:2499,32:2524,33:2601,34:2400,35:2645,36:3002,37:2354,38:2399,39:2646,40:2609,41:2517,42:2511,43:2470,44:2382,45:3115,46:2537,47:2603,48:2458,49:2498,50:2525,51:2576,52:2578,53:2623,54:2431,55:2638,56:2482,57:2354,58:2553,59:2408,60:2617,61:2533,62:2363,63:2450,64:2635,65:2370,66:2560,67:2634,68:3099,69:2489,70:3252,71:2452,72:3258,73:2520,74:2607,75:2583,76:2631,77:2363,78:2395,79:2642,80:2641,81:2601,82:2560,83:2638,84:2562,85:3256,86:2999,87:2991,88:2421,89:2647,90:2512,91:2529,92:2637,93:2623,94:2532,95:2911,96:2440,97:2548,98:2539,99:2460,100:2550,101:2516,102:2471,103:2512,104:2517,105:2480,106:2402,107:2489,108:2569,109:2630,110:2610,111:2372,112:2915,113:2516,114:2419,115:2484,116:2579,117:2963,118:3204,119:2378,120:2591,121:2367,122:2463,123:3126,124:2547,125:2573,126:2513,127:2533,128:2916,129:2467,130:2974,131:2516,132:2400,133:2584,134:2600,135:2645,136:2649,137:2555,138:3023,139:2391,140:3267,141:2358,142:2513,143:3029,144:2545,145:3155,146:2434,147:2604,148:2979,149:3242,150:2588,151:2914,152:2422,153:2547,154:2586,155:2451,156:2536,157:3180,158:2353,159:2520,160:3037,161:2444,162:2637,163:2577,164:2614,165:3113,166:2568,167:2617,168:2543,169:2622,170:2504,171:2638,172:2352,173:3090,174:2642,175:2371,176:2585,177:2461,178:2357,179:3140,180:2471,181:2636,182:2581,183:2488,184:3219,185:2496,186:3068,187:2492,188:2490,189:2424,190:2496,191:2380,192:2586,193:2425,194:3011,195:2390,196:2459,197:2448,198:2502,199:2557,200:2633,201:2567,202:2438,203:2427,204:2560,205:2592,206:2542,207:2508,208:3109,209:2513,210:2473,211:2537,212:2432,213:2476,214:2471,215:2456,216:2397,217:2597,218:2418,219:2506,220:2434,221:2553,222:2380,223:2445,224:2362,225:2546,226:2543,227:2581,228:3235,229:2469,230:3289,231:2376,232:2474,233:2455,234:2516,235:2352,236:2472,237:2583,238:2502,239:2440,240:2385,241:2600,242:2540,243:2356,244:2432,245:2564,246:2443,247:2634,248:2491,249:2511,250:2454,251:3186,252:2413,253:2587,254:2362,255:3000,256:2433,257:2404,258:2903,259:2603,260:2405,261:2615,262:2498,263:2440,264:2603,265:2627,266:2623,267:2635,268:2366,269:2507,270:3173,271:2494,272:2580,273:2502,274:2646,275:2400,276:2618,277:2582,278:2463,279:3163,280:2598,281:2585,282:3273,283:2509,284:2473,285:2441,286:2618,287:2591,288:2425,289:2622,290:2423,291:2570,292:2424,293:2541,294:2360,295:2597,296:2625,297:2474,298:2594,299:2436,300:2526,301:2413,302:2515,303:2620,304:2362,305:2497,306:2353,307:2594,308:2454,309:2436,310:2403,311:2372,312:2367,313:2480,314:2501,315:2612,316:2373,317:2371,318:2522,319:2466,320:2502,321:3085,322:2516,323:2387,324:2468,325:2610,326:2411,327:2495,328:2362,329:3183,330:2352,331:2541,332:3208,333:2421,334:2584,335:2557,336:2463,337:2364,338:2393,339:2445,340:2451,341:2351,342:2570,343:3280,344:2500,345:2632,346:2366,347:3180,348:2382,349:2636,350:2354,351:2554,352:2575,353:2494,354:2626,355:2648,356:2647,357:3074,358:2560,359:2565
0:2417,1:2632,2:2367,3:2426,4:2374,5:2516,6:2621,7:2576,8:2523,9:2522,10:2584,11:2522,12:2630,13:3110,14:2448,15:2520,16:2432,17:2574,18:2440,19:2407,20:2616,21:2550,22:2457,23:3275,24:2614,25:2448,26:2606,27:2415,28:2624,29:2444,30:2528,31:2359,32:2603,33:2461,34:2985,35:2536,36:2616,37:2382,38:2361,39:2644,40:2415,41:2367,42:2620,43:2563,44:2569,45:2442,46:3098,47:3212,48:2590,49:3255,50:2493,51:2608,52:2583,53:2594,54:3214,55:2358,56:3182,57:2605,58:2492,59:2446,60:2508,61:2446,62:2416,63:2416,64:2569,65:2619,66:3071,67:2459,68:2499,69:2464,70:2620,71:3092,72:2490,73:2384,74:2631,75:2504,76:2641,77:3088,78:2438,79:2581,80:2384,81:3013,82:2613,83:2472,84:2597,85:2471,86:2369,87:2445,88:2354,89:2645,90:2580,91:2973,92:2480,93:3171,94:2523,95:2548,96:2356,97:2588,98:2359,99:2505,100:2548,101:2393,102:2643,103:2548,104:2445,105:2525,106:2540,107:2598,108:2452,109:2381,110:2633,111:2603,112:2583,113:2365,114:2437,115:2521,116:2584,117:3069,118:2533,119:2518,120:2642,121:2512,122:2371,123:2358,124:3271,125:2615,126:2553,127:3110,128:3213,129:2409,130:2607,131:2453,132:2401,133:2529,134:2584,135:2615,136:2564,137:3036,138:2503,139:2599,140:2536,141:2471,142:2988,143:2498,144:2412,145:2579,146:2543,147:3045,148:2512,149:2573,150:2574,151:2552,152:3233,153:2515,154:2643,155:3075,156:2470,157:2382,158:2606,159:2411,160:2453,161:3205,162:2575,163:2384,164:2366,165:2506,166:2613,167:2981,168:2621,169:2505,170:2585,171:3224,172:2530,173:2464,174:2572,175:2463,176:2442,177:2909,178:2604,179:3097,180:2538,181:2501,182:2574,183:2444,184:2413,185:2583,186:3071,187:2580,188:2423,189:2541,190:2631,191:2443,192:2584,193:2355,194:2382,195:2635,196:2426,197:2615,198:2565,199:2494,200:2564,201:2910,202:2478,203:2555,204:2536,205:2534,206:2619,207:2612,208:2403,209:2445,210:2487,211:2631,212:2632,213:2438,214:2507,215:2498,216:3255,217:2403,218:2618,219:2589,220:2377,221:2602,222:2413,223:2425,224:2549,225:2618,226:2611,227:3129,228:2581,229:2564,230:2416,231:2424,232:3291,233:2385,234:3140,235:2963,236:2597,237:2547,238:2526,239:2365,240:2466,241:2443,242:2424,243:2472,244:2443,245:2437,246:2517,247:2365,248:2596,249:2511,250:2600,251:2390,252:2578,253:2646,254:2565,255:2559,256:2429,257:2512,258:2411,259:2574,260:2606,261:2563,262:2595,263:2547,264:2503,265:2489,266:2377,267:2604,268:2393,269:2629,270:3015,271:2359,272:2582,273:2467,274:2945,275:2957,276:2622,277:2492,278:2582,279:2617,280:2442,281:2428,282:2550,283:2620,284:2364,285:2598,286:2591,287:2649,288:3008,289:2982,290:2601,291:2367,292:2485,293:2508,294:3262,295:2568,296:2355,297:2438,298:2417,299:2399,300:2433,301:2452,302:2417,303:2638,304:2579,305:2548,306:2633,307:2362,308:2527,309:2647,310:2451,311:3282,312:2351,313:2542,314:2403,315:2366,316:2509,317:2402,318:2556,319:2472,320:2517,321:2614,322:2508,323:2477,324:2434,325:2441,326:2466,327:2522,328:2645,329:2463,330:2433,331:2407,332:2613,333:2605,334:2638,335:2477,336:2489,337:2619,338:2631,339:2380,340:2453,341:2635,342:2408,343:3028,344:2443,345:2568,346:2401,347:2383,348:2602,349:2624,350:2408,351:3122,352:2361,353:2974,354:2583,355:2371,356:2548,357:2647,358:3185,359:2480
0:2368,1:2606,2:2521,3:2435,4:3085,5:2622,6:2421,7:2390,8:3066,9:2480,10:2527,11:3192,12:3217,13:2567,14:2502,15:2583,16:2485,17:3290,18:2530,19:2360,20:2573,21:2460,22:2352,23:2391,24:2374,25:2408,26:2420,27:2499,28:2515,29:2431,30:2432,31:2354,32:2471,33:2369,34:2375,35:2352,36:2442,37:2645,38:3128,39:2387,40:2512,41:2985,42:3170,43:2490,44:2628,45:2911,46:2441,47:3079,48:2579,49:2587,50:2419,51:2641,52:2465,53:2505,54:3065,55:2403,56:2567,57:2616,58:3282,59:2464,60:2421,61:2406,62:2458,63:2421,64:2409,65:2475,66:2475,67:2473,68:2454,69:2554,70:2430,71:2512,72:2428,73:3001,74:2576,75:2603,76:3080,77:2365,78:2928,79:2376,80:3203,81:2410,82:2447,83:2622,84:2488,85:2618,86:2442,87:2906,88:2358,89:2497,90:2599,91:2562,92:2461,93:2512,94:2529,95:3245,96:2401,97:2387,98:2402,99:2446,100:2486,101:2484,102:2597,103:2550,104:2519,105:2527,106:2526,107:2438,108:2962,109:2946,110:2624,111:2457,112:2374,113:3029,114:2555,115:2634,116:2416,117:2564,118:2638,119:2444,120:2527,121:2405,122:3295,123:2528,124:2467,125:2552,126:2599,127:3102,128:2527,129:2474,130:2391,131:2360,132:2378,133:2369,134:2613,135:2541,136:2559,137:2483,138:3250,139:3286,140:2584,141:2442,142:2593,143:2402,144:2573,145:2392,146:2450,147:2460,148:2637,149:2573,150:2383,151:3195,152:2555,153:2420,154:2475,155:2374,156:3206,157:2365,158:2621,159:2500,160:2518,161:2508,162:2580,163:3049,164:2613,165:2454,166:2393,167:2439,168:2619,169:2369,170:2561,171:2388,172:2613,173:2362,174:2536,175:2465,176:2595,177:2926,178:2359,179:2377,180:2495,181:2525,182:2624,183:2542,184:2412,185:2482,186:2999,187:2497,188:2417,189:3129,190:2357,191:2497,192:2566,193:2514,194:3254,195:2537,196:2628,197:2529,198:2506,199:2386,200:2356,201:3229,202:2525,203:2466,204:2428,205:2435,206:2985,207:2434,208:2422,209:2625,210:2352,211:2510,212:3165,213:2620,214:2611,215:2398,216:2521,217:2517,218:2393,219:2448,220:3112,221:2560,222:2568,223:2435,224:2377,225:2440,226:2416,227:2619,228:3151,229:2534,230:2635,231:2587,232:2449,233:2523,234:2545,235:2573,236:2431,237:2384,238:2405,239:2443,240:2449,241:2524,242:2412,243:2493,244:2489,245:2448,246:2381,247:3218,248:2545,249:2522,250:2627,251:2400,252:2494,253:2407,254:2631,255:2384,256:2613,257:2395,258:2559,259:2381,260:3171,261:2480,262:2542,263:2620,264:2351,265:2534,266:3146,267:2359,268:2643,269:3152,270:3050,271:3108,272:3104,273:2432,274:2434,275:2387,276:2632,277:2619,278:2364,279:2463,280:2472,281:2598,282:2405,283:2411,284:2381,285:2643,286:2523,287:2520,288:2577,289:2559,290:2460,291:2398,292:3139,293:2435,294:2443,295:2408,296:3177,297:2618,298:2475,299:2996,300:2532,301:2649,302:2942,303:2568,304:2617,305:3093,306:2526,307:2578,308:2429,309:2428,310:2388,311:2407,312:2437,313:2428,314:2569,315:2640,316:3154,317:2449,318:2461,319:2536,320:2416,321:2460,322:2518,323:2594,324:2372,325:2490,326:2534,327:2472,328:2477,329:2424,330:2554,331:2586,332:2448,333:2983,334:2498,335:2379,336:2451,337:2474,338:2616,339:2571,340:2485,341:2495,342:2534,343:2563,344:3027,345:2536,346:2531,347:2578,348:2570,349:2457,350:2430,351:3273,352:2596,353:2506,354:2524,355:2399,356:2609,357:2505,358:2484,359:2495
0:2584,1:2589,2:2373,3:2360,4:2548,5:2609,6:2645,7:2445,8:2537,9:2477,10:2523,11:2427,12:2510,13:2487,14:2498,15:2352,16:2486,17:2478,18:2425,19:2410,20:3183,21:2554,22:2968,23:2469,24:2448,25:2544,26:2649,27:3192,28:2503,29:2551,30:2627,31:2495,32:3151,33:3128,34:2494,35:2607,36:2377,37:3183,38:3022,39:2444,40:3173,41:2352,42:3108,43:2370,44:2406,45:2400,46:2598,47:2634,48:2929,49:2589,50:2645,51:2489,52:2630,53:2527,54:3186,55:2575,56:2585,57:2426,58:2423,59:2546,60:3052,61:3159,62:2580,63:2573,64:2367,65:2473,66:2912,67:2445,68:2555,69:2577,70:2398,71:2634,72:2473,73:2489,74:2569,75:2596,76:2500,77:2574,78:2526,79:2611,80:2583,81:2490,82:2914,83:2396,84:2570,85:2554,86:2413,87:2455,88:2509,89:2477,90:2947,91:2546,92:2501,93:2377,94:2458,95:2410,96:2523,97:3133,98:2385,99:2548,100:2533,101:2447,102:2620,103:2604,104:2482,105:2375,106:2475,107:2500,108:2604,109:2473,110:2352,111:2460,112:2566,113:2629,114:2445,115:2554,116:3170,117:2458,118:2449,119:2469,120:2524,121:3122,122:2532,123:2559,124:2355,125:2575,126:2462,127:3265,128:2615,129:2410,130:2604,131:2558,132:2467,133:2402,134:2418,135:3287,136:2904,137:2397,138:2601,139:2461,140:2453,141:3069,142:2448,143:2410,144:2641,145:2451,146:2478,147:2590,148:2439,149:2453,150:2424,151:2446,152:2449,153:2559,154:2624,155:2624,156:3224,157:2404,158:2361,159:2433,160:2633,161:2424,162:2512,163:2356,164:3093,165:2614,166:2641,167:3029,168:3262,169:3209,170:2421,171:2405,172:2368,173:2572,174:3160,175:2634,176:2355,177:2472,178:2647,179:2432,180:3021,181:2377,182:2484,183:2464,184:2517,185:2377,186:2462,187:2587,188:2523,189:2448,190:2575,191:2932,192:2902,193:2353,194:2499,195:2644,196:2370,197:2442,198:2603,199:2387,200:2431,201:2617,202:2584,203:2607,204:2461,205:2498,206:2421,207:2541,208:2643,209:2396,210:2485,211:2634,212:3253,213:2587,214:2408,215:2583,216:2499,217:2564,218:2523,219:2635,220:3051,221:2379,222:2586,223:3209,224:2969,225:2634,226:2492,227:2373,228:3136,229:2499,230:3050,231:2647,232:2452,233:3087,234:2506,235:2388,236:2362,237:2507,238:2467,239:2521,240:2456,241:2487,242:2453,243:2649,244:2428,245:2622,246:2546,247:2602,248:2352,249:2430,250:2480,251:3183,252:2498,253:2520,254:3228,255:2521,256:3119,257:2530,258:2508,259:2429,260:2493,261:2544,262:2644,263:2457,264:2420,265:2410,266:2553,267:2544,268:2488,269:2367,270:2496,271:2616,272:3051,273:3028,274:2505,275:2374,276:2428,277:3126,278:2569,279:2525,280:2488,281:2467,282:2586,283:2588,284:2558,285:2979,286:3010,287:2459,288:2623,289:2461,290:2402,291:2633,292:2463,293:2529,294:2517,295:3179,296:2624,297:2599,298:2487,299:2434,300:2422,301:2514,302:2391,303:3246,304:2638,305:2558,306:2591,307:2480,308:2360,309:2522,310:2546,311:3182,312:2911,313:2530,314:2413,315:2373,316:2627,317:3234,318:2418,319:2484,320:2517,321:2537,322:2362,323:2419,324:2545,325:2478,326:2595,327:2972,328:2591,329:2523,330:2979,331:3073,332:2385,333:3057,334:2645,335:2385,336:2575,337:2519,338:2373,339:2563,340:2631,341:2617,342:2555,343:3038,344:2649,345:3170,346:2636,347:2416,348:2957,349:2368,350:2464,351:2398,352:2623,353:2577,354:3290,355:3260,356:2364,357:2645,358:2544,359:2571
0:2563,1:2529,2:2557,3:3038,4:3008,5:2465,6:2520,7:2393,8:3227,9:2369,10:2499,11:2642,12:2985,13:2569,14:2469,15:2507,16:2521,17:2941,18:2468,19:2399,20:2390,21:2360,22:2364,23:2405,24:2557,25:2451,26:2604,27:2420,28:2565,29:2595,30:2442,31:2361,32:2446,33:2938,34:2354,35:2410,36:2408,37:2569,38:2560,39:2608,40:2477,41:2499,42:3288,43:3183,44:2422,45:2402,46:2604,47:2464,48:2433,49:3246,50:2519,51:3058,52:3015,53:2362,54:2559,55:2503,56:2604,57:2628,58:2533,59:2532,60:2529,61:2629,62:2600,63:2352,64:2619,65:2590,66:2620,67:2455,68:2645,69:2983,70:3084,71:2371,72:3096,73:2582,74:3136,75:2603,76:2378,77:2520,78:2580,79:3247,80:2448,81:2640,82:2424,83:2414,84:3154,85:2366,86:2397,87:2600,88:2500,89:2628,90:2497,91:3185,92:2530,93:2631,94:2393,95:2589,96:2498,97:2491,98:2361,99:2564,100:2351,101:2524,102:2374,103:3165,104:2377,105:2588,106:2419,107:2431,108:2619,109:2581,110:2351,111:2377,112:2628,113:2471,114:2584,115:2994,116:3154,117:2569,118:2515,119:2398,120:2509,121:2408,122:2570,123:2383,124:2592,125:2639,126:2481,127:2616,128:2583,129:2972,130:2595,131:2608,132:3062,133:2372,134:3149,135:2635,136:2409,137:2410,138:2468,139:2536,140:2585,141:2441,142:2548,143:2575,144:2435,145:2403,146:2538,147:3128,148:2642,149:2446,150:2449,151:2365,152:2637,153:2411,154:2579,155:2478,156:2354,157:2385,158:2626,159:2529,160:2635,161:2619,162:2421,163:2576,164:2525,165:2613,166:2554,167:3022,168:3079,169:2474,170:2355,171:2517,172:2573,173:2361,174:2526,175:2470,176:2535,177:2491,178:2458,179:3117,180:2610,181:3038,182:2491,183:2369,184:2622,185:3002,186:3178,187:2547,188:2578,189:2607,190:2499,191:2594,192:3245,193:2358,194:2495,195:2471,196:2470,197:2575,198:2628,199:2613,200:2414,201:2503,202:2626,203:2577,204:2418,205:2446,206:2434,207:2563,208:2383,209:2392,210:2378,211:2612,212:3023,213:2493,214:2624,215:2363,216:2526,217:3015,218:2419,219:2479,220:2555,221:2362,222:2400,223:2578,224:2628,225:2629,226:2474,227:2427,228:2568,229:2520,230:2620,231:2482,232:2648,233:2399,234:2974,235:2528,236:2574,237:2495,238:2399,239:2377,240:2589,241:2605,242:3251,243:2545,244:2514,245:2407,246:2506,247:2366,248:2521,249:2558,250:2412,251:2486,252:2546,253:2469,254:2489,255:3107,256:2419,257:2636,258:2642,259:2450,260:2635,261:2544,262:3045,263:2922,264:2519,265:2644,266:2534,267:2957,268:2598,269:2465,270:2533,271:2420,272:2515,273:2635,274:2612,275:2424,276:2427,277:2579,278:2468,279:2507,280:3214,281:2548,282:2352,283:2457,284:2573,285:2365,286:2600,287:2594,288:2552,289:2594,290:2535,291:2415,292:2630,293:2641,294:2398,295:2422,296:2453,297:2603,298:2563,299:3299,300:2548,301:2580,302:2589,303:3098,304:2375,305:2635,306:3153,307:2547,308:2399,309:2367,310:2409,311:2505,312:2508,313:2436,314:2379,315:2642,316:2547,317:2636,318:2617,319:2566,320:2624,321:2574,322:2547,323:3278,324:2398,325:2529,326:2450,327:2443,328:2502,329:2469,330:2607,331:2375,332:3268,333:2591,334:2496,335:2569,336:2506,337:2436,338:2601,339:2468,340:2415,341:2406,342:2474,343:2584,344:2376,345:3088,346:2393,347:2372,348:2357,349:2400,350:2369,351:2647,352:2429,353:2356,354:2621,355:2601,356:2361,357:2485,358:2499,359:2595
0:2514,1:2389,2:2364,3:2543,4:2980,5:2425,6:3243,7:2576,8:2601,9:2605,10:2527,11:2476,12:2500,13:2495,14:2488,15:3019,16:2613,17:2432,18:3009,19:2513,20:2511,21:2599,22:2499,23:2965,24:2635,25:2541,26:2372,27:2443,28:2620,29:2519,30:2452,31:3036,32:2389,33:2519,34:2588,35:2414,36:2418,37:2646,38:2570,39:2908,40:2372,41:2459,42:2539,43:2422,44:2471,45:2374,46:2378,47:2368,48:2649,49:2445,50:2387,51:2460,52:2569,53:2463,54:2993,55:2470,56:2640,57:3199,58:3258,59:2481,60:2419,61:2402,62:2571,63:2386,64:2560,65:2554,66:2533,67:2400,68:2490,69:2637,70:2534,71:2540,72:3220,73:2467,74:2934,75:2510,76:2531,77:2418,78:2979,79:2400,80:3210,81:2571,82:2463,83:2642,84:2532,85:2598,86:2450,87:2495,88:2380,89:2602,90:2499,91:2998,92:2544,93:2489,94:2434,95:2994,96:2423,97:2369,98:2489,99:2387,100:2397,101:3144,102:2405,103:2386,104:2555,105:2614,106:2439,107:2512,108:2458,109:3125,110:2566,111:3286,112:3262,113:2535,114:2374,115:2388,116:2579,117:3039,118:2547,119:2624,120:2526,121:2489,122:2485,123:2469,124:2468,125:2598,126:2504,127:2508,128:2387,129:2536,130:2526,131:2602,132:2490,133:2367,134:2567,135:2362,136:3005,137:2911,138:2452,139:2626,140:2520,141:2564,142:2403,143:2592,144:2441,145:3009,146:2615,147:2447,148:2631,149:2637,150:2531,151:2473,152:2535,153:2584,154:2541,155:2446,156:2366,157:3136,158:2536,159:2512,160:3234,161:2565,162:2432,163:2422,164:3043,165:2600,166:3067,167:2446,168:2550,169:2485,170:2400,171:2420,172:2587,173:2621,174:2481,175:2625,176:2529,177:2489,178:3082,179:2547,180:2514,181:2463,182:2637,183:2598,184:2362,185:2611,186:2597,187:2583,188:2546,189:3013,190:2553,191:2498,192:2488,193:2360,194:2426,195:2400,196:2545,197:2430,198:2631,199:2607,200:2369,201:2403,202:2362,203:2611,204:2414,205:2618,206:3253,207:2603,208:2381,209:2497,210:2490,211:2911,212:2436,213:2591,214:2478,215:2538,216:2428,217:2607,218:2517,219:2556,220:2406,221:2565,222:2455,223:3285,224:2379,225:2631,226:2636,227:2632,228:2449,229:2490,230:2475,231:2649,232:2370,233:2379,234:2592,235:2444,236:2550,237:2613,238:2456,239:2416,240:2646,241:2504,242:3178,243:2397,244:2401,245:2638,246:2374,247:2413,248:3015,249:2643,250:2586,251:2375,252:2437,253:2639,254:2548,255:2518,256:2361,257:3024,258:2578,259:2623,260:2432,261:2513,262:2560,263:2458,264:2558,265:3250,266:2480,267:2589,268:2355,269:2633,270:2423,271:2415,272:2905,273:3093,274:2448,275:2523,276:2540,277:2462,278:2627,279:2641,280:2972,281:2485,282:2589,283:3133,284:2478,285:2574,286:2962,287:2649,288:2544,289:2473,290:2625,291:2424,292:2458,293:2404,294:2373,295:2496,296:2463,297:2556,298:2482,299:3062,300:2510,301:2467,302:3230,303:2390,304:2607,305:2481,306:2455,307:2550,308:2453,309:2587,310:2601,311:2399,312:2590,313:2383,314:2593,315:2536,316:2435,317:3050,318:2528,319:3295,320:2953,321:2603,322:2526,323:2613,324:2440,325:2382,326:2592,327:2562,328:2448,329:2566,330:2558,331:2428,332:2964,333:2594,334:2596,335:2570,336:2571,337:2390,338:2642,339:2420,340:2597,341:2514,342:2590,343:2375,344:2538,345:2645,346:2633,347:2573,348:2573,349:2647,350:2574,351:2471,352:2546,353:2522,354:2445,355:2561,356:2973,357:3133,358:3177,359:2453
0:2485,1:2613,2:2489,3:3097,4:2360,5:2429,6:2500,7:3235,8:3231,9:2369,10:3105,11:3051,12:2519,13:2601,14:2530,15:2413,16:2589,17:2387,18:2516,19:2485,20:2412,21:2421,22:2375,23:2474,24:2372,25:2982,26:2492,27:2374,28:2379,29:2621,30:2522,31:2388,32:2525,33:2421,34:3002,35:2579,36:2611,37:2948,38:2632,39:2405,40:2379,41:2581,42:2959,43:2430,44:2927,45:2585,46:2935,47:2625,48:2904,49:2522,50:2615,51:2972,52:2567,53:2504,54:2526,55:2620,56:2648,57:3053,58:2385,59:2630,60:2415,61:2964,62:2384,63:2493,64:2368,65:2450,66:2443,67:2512,68:2584,69:2363,70:2572,71:2427,72:2517,73:2397,74:2556,75:2382,76:2467,77:3114,78:2604,79:2388,80:2450,81:3019,82:2351,83:2368,84:2435,85:2492,86:2605,87:3095,88:3170,89:3122,90:2452,91:2405,92:2448,93:2622,94:2562,95:2477,96:3218,97:2470,98:3204,99:2489,100:2555,101:2588,102:2596,103:3146,104:3223,105:2395,106:2558,107:2641,108:2396,109:2467,110:2604,111:3233,112:2569,113:2427,114:2504,115:2380,116:2384,117:2354,118:2372,119:2607,120:2922,121:2649,122:2389,123:2564,124:2552,125:2579,126:2369,127:2489,128:2396,129:2368,130:2399,131:2608,132:2643,133:2358,134:2483,135:3265,136:2403,137:3089,138:2413,139:2557,140:2512,141:2515,142:3108,143:2393,144:2404,145:2568,146:2634,147:2535,148:2633,149:2958,150:2626,151:2448,152:2535,153:2579,154:2412,155:2912,156:3277,157:3207,158:2356,159:2571,160:2367,161:2366,162:2513,163:2493,164:2639,165:2944,166:2452,167:2467,168:2561,169:2458,170:2535,171:2534,172:2410,173:2415,174:2642,175:2385,176:2458,177:2449,178:2537,179:2505,180:2384,181:2431,182:2539,183:2630,184:2532,185:2385,186:2634,187:3265,188:3266,189:2460,190:2388,191:2588,192:2452,193:2623,194:2374,195:2530,196:2467,197:2625,198:2473,199:2435,200:2537,201:2472,202:2479,203:3199,204:2534,205:2523,206:2402,207:3077,208:2478,209:2544,210:2521,211:2560,212:2363,213:2430,214:2593,215:3061,216:2536,217:2482,218:2557,219:2421,220:2350,221:2466,222:2617,223:2644,224:2384,225:2424,226:2388,227:2375,228:2366,229:3108,230:2358,231:2427,232:3032,233:2353,234:3034,235:2471,236:3244,237:2524,238:2412,239:2383,240:2478,241:2568,242:3172,243:2562,244:2433,245:2580,246:2452,247:2613,248:2450,249:2409,250:2609,251:2493,252:2401,253:2424,254:3216,255:2603,256:2352,257:2405,258:2433,259:2462,260:2631,261:2615,262:2475,263:2462,264:2598,265:2414,266:2597,267:2603,268:2624,269:2358,270:3264,271:3239,272:2544,273:2624,274:2442,275:2555,276:3101,277:3161,278:2456,279:2488,280:2639,281:2647,282:3018,283:2551,284:2541,285:3253,286:2449,287:2647,288:2400,289:2517,290:2389,291:2501,292:2432,293:2462,294:2506,295:3071,296:2575,297:2521,298:2573,299:2369,300:2621,301:2565,302:3113,303:2482,304:2918,305:2511,306:2408,307:2361,308:2569,309:2990,310:2412,311:2518,312:3141,313:2627,314:2586,315:3126,316:2612,317:2586,318:2471,319:2356,320:2636,321:3058,322:2538,323:2525,324:2482,325:2395,326:2609,327:2625,328:2360,329:2449,330:2631,331:2456,332:2647,333:2429,334:2631,335:2454,336:2638,337:2560,338:2441,339:2614,340:2927,341:3202,342:2482,343:2517,344:2385,345:3049,346:2567,347:3047,348:2556,349:2564,350:2362,351:2503,352:2428,353:2614,354:2415,355:2608,356:2637,357:2542,358:2573,359:2415
0:2439,1:2988,2:2494,3:2482,4:2567,5:2508,6:2496,7:2917,8:2520,9:2527,10:2614,11:2600,12:2497,13:2554,14:3044,15:2419,16:2412,17:2524,18:2515,19:2501,20:2430,21:2405,22:2460,23:2409,24:3139,25:2551,26:2946,27:2516,28:2618,29:2931,30:2557,31:2518,32:2636,33:2610,34:2556,35:2593,36:2589,37:2506,38:2382,39:2593,40:2532,41:2583,42:3195,43:2917,44:2560,45:2577,46:2404,47:2548,48:2440,49:2596,50:2454,51:2589,52:2509,53:2488,54:2601,55:2532,56:2583,57:2445,58:2387,59:2631,60:2527,61:2538,62:2410,63:2578,64:2492,65:2579,66:3235,67:2414,68:2439,69:3097,70:2633,71:2469,72:2469,73:2464,74:2505,75:2623,76:3211,77:2407,78:2361,79:2408,80:2649,81:2423,82:2622,83:2628,84:2424,85:2365,86:3112,87:2419,88:2618,89:3277,90:2386,91:2606,92:2512,93:2406,94:2430,95:2562,96:2545,97:3017,98:2935,99:2393,100:2454,101:2369,102:3045,103:2597,104:2560,105:2559,106:2628,107:2411,108:2458,109:2620,110:2406,111:2464,112:2601,113:2626,114:2494,115:3299,116:2434,117:2411,118:3296,119:3040,120:2376,121:3092,122:2610,123:3231,124:2446,125:2376,126:2531,127:2529,128:2620,129:2350,130:2510,131:2389,132:2433,133:2487,134:2470,135:2497,136:2525,137:2461,138:2358,139:2544,140:2576,141:2395,142:2629,143:2643,144:2428,145:2615,146:2575,147:2540,148:2564,149:2402,150:2473,151:2477,152:2353,153:2616,154:2636,155:2607,156:3282,157:2530,158:2425,159:2929,160:2607,161:2573,162:2464,163:2600,164:2632,165:2622,166:2451,167:2438,168:2418,169:2472,170:2980,171:2422,172:2627,173:2514,174:2497,175:2383,176:2502,177:2513,178:2351,179:3092,180:3267,181:2487,182:2386,183:2430,184:2596,185:2397,186:2531,187:2469,188:2364,189:2576,190:2445,191:2560,192:2489,193:3215,194:2586,195:2561,196:2566,197:2385,198:2410,199:2539,200:2416,201:2476,202:2578,203:2387,204:2640,205:2440,206:3161,207:2376,208:2605,209:2577,210:2578,211:2592,212:2582,213:2649,214:2941,215:2404,216:2457,217:2571,218:2538,219:2526,220:2602,221:3116,222:2420,223:2469,224:2444,225:2546,226:2391,227:2484,228:2575,229:2573,230:2370,231:2542,232:2508,233:2362,234:2612,235:3226,236:2534,237:3212,238:3287,239:2607,240:2569,241:2439,242:2507,243:2523,244:2905,245:3076,246:3289,247:2356,248:2402,249:2412,250:2584,251:2611,252:2467,253:2426,254:2471,255:2544,256:2951,257:2382,258:2511,259:3087,260:3058,261:3183,262:2448,263:2614,264:2626,265:2561,266:2390,267:2594,268:2521,269:2569,270:2584,271:2588,272:2403,273:2487,274:2366,275:3077,276:2618,277:2561,278:3286,279:3297,280:2532,281:2484,282:2512,283:2548,284:2591,285:2527,286:3013,287:3122,288:3191,289:3031,290:3261,291:2367,292:2546,293:2522,294:2408,295:3041,296:2438,297:2607,298:2557,299:2576,300:2485,301:2477,302:2546,303:2569,304:3062,305:2407,306:2374,307:2378,308:2607,309:2548,310:2631,311:2377,312:2355,313:2443,314:2463,315:2483,316:2593,317:2394,318:2528,319:2532,320:2414,321:2487,322:2360,323:2375,324:2439,325:2621,326:3290,327:3258,328:2636,329:2592,330:2556,331:2562,332:2615,333:2505,334:2405,335:2456,336:2543,337:2638,338:2599,339:2619,340:2398,341:2428,342:2368,343:2562,344:2377,345:2440,346:2376,347:2615,348:2388,349:2643,350:2449,351:2380,352:3220,353:2607,354:2455,355:2464,356:2605,357:2606,358:2619,359:2596
0:2523,1:2636,2:2498,3:2434,4:2401,5:3017,6:2448,7:2602,8:2521,9:2906,10:3097,11:2616,12:2596,13:2518,14:2384,15:2424,16:2569,17:2598,18:2561,19:2481,20:2395,21:2523,22:2562,23:2489,24:3267,25:2510,26:2600,27:2463,28:2418,29:2642,30:2416,31:2424,32:2541,33:3130,34:2528,35:2543,36:2560,37:2558,38:3102,39:3156,40:2456,41:2390,42:2640,43:2440,44:2468,45:2634,46:2571,47:2479,48:2948,49:2494,50:2619,51:2411,52:2600,53:2373,54:2494,55:2639,56:2477,57:2433,58:2949,59:2416,60:2557,61:2544,62:2492,63:2427,64:2438,65:2463,66:2572,67:2453,68:3141,69:2632,70:2484,71:3268,72:2644,73:2588,74:2566,75:2354,76:2903,77:2555,78:2475,79:2501,80:2640,81:3246,82:2434,83:2389,84:2435,85:3174,86:3058,87:2473,88:2573,89:2649,90:2608,91:2643,92:2499,93:2408,94:2616,95:2418,96:2577,97:2466,98:2951,99:2435,100:2558,101:2625,102:2536,103:3173,104:2410,105:2428,106:2434,107:3119,108:2572,109:2429,110:2355,111:2591,112:2395,113:2496,114:2361,115:2501,116:2422,117:2558,118:2562,119:2382,120:3096,121:2364,122:2375,123:2407,124:2577,125:2622,126:2513,127:2528,128:3172,129:2367,130:2569,131:2384,132:2471,133:2634,134:2493,135:2646,136:2490,137:2989,138:2361,139:2595,140:2514,141:2584,142:2622,143:2483,144:3048,145:3065,146:2634,147:2472,148:2413,149:2447,150:2559,151:2555,152:2476,153:2649,154:2413,155:2462,156:3259,157:2415,158:2552,159:2526,160:2443,161:2605,162:2373,163:2447,164:2640,165:2620,166:2525,167:2566,168:2612,169:2377,170:2529,171:2593,172:2609,173:2463,174:2514,175:2373,176:2534,177:2462,178:2612,179:2632,180:2423,181:2420,182:2446,183:2606,184:2577,185:2352,186:2415,187:2416,188:2630,189:2615,190:2506,191:2558,192:2516,193:2928,194:2564,195:2509,196:2398,197:2427,198:2561,199:2621,200:2550,201:2633,202:2579,203:2500,204:2508,205:2379,206:2367,207:2971,208:2619,209:2639,210:2420,211:2452,212:2374,213:2577,214:2643,215:2373,216:2626,217:2493,218:2425,219:2409,220:3046,221:2466,222:2382,223:2372,224:3136,225:2956,226:2366,227:3154,228:2623,229:2506,230:2515,231:2501,232:3187,233:2639,234:2631,235:2588,236:2568,237:2647,238:2605,239:2532,240:2632,241:3043,242:2939,243:2503,244:2379,245:2393,246:2564,247:2621,248:2646,249:2552,250:2494,251:2428,252:2526,253:2642,254:2637,255:2447,256:2625,257:2470,258:2370,259:2456,260:2414,261:2479,262:2632,263:2617,264:2508,265:2487,266:2633,267:2624,268:2649,269:2493,270:2612,271:2466,272:2461,273:2971,274:2513,275:2541,276:2618,277:2370,278:2571,279:2607,280:2453,281:2936,282:2406,283:2590,284:2620,285:3291,286:3146,287:2483,288:2427,289:2517,290:3219,291:2364,292:2481,293:2533,294:2378,295:3261,296:3207,297:2641,298:3222,299:2499,300:2428,301:2395,302:2487,303:2370,304:3039,305:3130,306:2403,307:2461,308:2404,309:2493,310:2646,311:2644,312:3000,313:2584,314:2439,315:2350,316:3280,317:2647,318:2366,319:2451,320:2616,321:2597,322:3053,323:2452,324:2903,325:2435,326:2625,327:2647,328:2369,329:2398,330:2470,331:2473,332:2423,333:2464,334:2602,335:2508,336:2582,337:2596,338:2587,339:2351,340:2374,341:2417,342:2447,343:2483,344:2374,345:2480,346:2473,347:2388,348:2399,349:2644,350:2615,351:2632,352:2422,353:2925,354:2459,355:2446,356:2493,357:2510,358:2455,359:3258
0:2605,1:2415,2:2374,3:2534,4:2566,5:2429,6:2471,7:2393,8:2528,9:2374,10:2568,11:2535,12:2595,13:2583,14:2416,15:2509,16:2575,17:2631,18:2407,19:2560,20:2547,21:2390,22:3082,23:2438,24:2549,25:2462,26:2589,27:2538,28:2458,29:2436,30:2372,31:2367,32:2573,33:2472,34:2549,35:2430,36:2627,37:2508,38:2625,39:2642,40:2397,41:2365,42:2417,43:2374,44:2451,45:2435,46:2613,47:2435,48:3084,49:2418,50:2522,51:2571,52:2460,53:3150,54:2449,55:2351,56:2418,57:2594,58:2454,59:2460,60:2537,61:2638,62:2461,63:2356,64:2376,65:2474,66:2557,67:2619,68:2401,69:2628,70:2409,71:2380,72:3288,73:2964,74:2965,75:2381,76:2581,77:2632,78:2479,79:2526,80:2420,81:2604,82:2389,83:2454,84:2531,85:2515,86:2450,87:2425,88:2386,89:2389,90:2561,91:2446,92:2514,93:2507,94:2518,95:2531,96:2388,97:2525,98:2610,99:2379,100:2464,101:3221,102:2538,103:3070,104:2369,105:2912,106:2648,107:2494,108:2407,109:2569,110:2500,111:2421,112:2634,113:2412,114:3111,115:2400,116:3078,117:2547,118:2558,119:2461,120:2402,121:2594,122:2460,123:2542,124:2617,125:3164,126:2361,127:2511,128:2499,129:3045,130:2477,131:2353,132:2932,133:2491,134:2356,135:2612,136:2416,137:2612,138:2408,139:2445,140:2565,141:2529,142:2482,143:2489,144:2627,145:2635,146:2628,147:2544,148:2430,149:3023,150:2497,151:2437,152:2613,153:2526,154:2375,155:2468,156:2625,157:2523,158:2480,159:2607,160:2996,161:3224,162:2500,163:2594,164:3199,165:2571,166:2478,167:2561,168:2384,169:2643,170:2451,171:2350,172:3153,173:2470,174:2523,175:2378,176:2566,177:2496,178:2636,179:2501,180:2468,181:2384,182:2463,183:2555,184:2555,185:2568,186:3055,187:2628,188:2525,189:2992,190:2525,191:2616,192:2439,193:2613,194:2447,195:2946,196:3036,197:2513,198:2460,199:3145,200:2596,201:2447,202:2441,203:2572,204:2355,205:2546,206:2603,207:2540,208:2457,209:2453,210:2472,211:2374,212:2569,213:2574,214:2516,215:2572,216:2452,217:2511,218:2501,219:3011,220:3067,221:2353,222:2484,223:3277,224:2564,225:2355,226:2603,227:2593,228:2618,229:2462,230:2638,231:2414,232:2402,233:2601,234:2430,235:2404,236:2946,237:2460,238:2579,239:2596,240:2626,241:2633,242:2418,243:2496,244:2482,245:2636,246:2353,247:2578,248:2447,249:2515,250:2577,251:2527,252:2517,253:2582,254:2468,255:2544,256:3007,257:2582,258:2499,259:2374,260:2476,261:2520,262:2500,263:3246,264:2358,265:2413,266:2607,267:2403,268:2452,269:2595,270:2385,271:2610,272:2490,273:2544,274:2465,275:2594,276:2413,277:3265,278:2476,279:2619,280:2368,281:2386,282:2410,283:2901,284:3017,285:3274,286:2469,287:2541,288:2562,289:2467,290:3039,291:2487,292:3293,293:2360,294:2580,295:2406,296:2440,297:2494,298:2350,299:3010,300:2581,301:2913,302:2645,303:2919,304:2539,305:2543,306:2435,307:2540,308:2627,309:2503,310:2563,311:2519,312:2487,313:2537,314:2631,315:2647,316:2456,317:2522,318:2420,319:2486,320:2574,321:3190,322:2567,323:2507,324:2621,325:2607,326:2455,327:2353,328:2446,329:2473,330:2465,331:3275,332:3099,333:2421,334:2631,335:2478,336:2538,337:2502,338:2560,339:2511,340:2389,341:2935,342:2406,343:2353,344:2409,345:2973,346:3130,347:2538,348:3002,349:2585,350:2516,351:2543,352:2466,353:3275,354:2591,355:2596,356:2403,357:2536,358:2430,359:2401
0:2522,1:2507,2:3118,3:2902,4:3115,5:3241,6:2398,7:2433,8:3050,9:2472,10:2587,11:2532,12:2602,13:2630,14:2384,15:2604,16:2387,17:2620,18:2520,19:2558,20:2538,21:2474,22:2477,23:2412,24:2623,25:2531,26:2603,27:2373,28:2582,29:2393,30:3013,31:2412,32:2481,33:2600,34:3156,35:2350,36:2565,37:2596,38:2406,39:2438,40:2645,41:2551,42:2397,43:3154,44:3282,45:2576,46:2456,47:2642,48:2448,49:2626,50:2442,51:2560,52:2402,53:2590,54:2608,55:2509,56:3043,57:2383,58:3249,59:2492,60:2484,61:2623,62:2493,63:3204,64:2402,65:2358,66:2427,67:3240,68:3234,69:2392,70:2632,71:3051,72:2410,73:2360,74:2468,75:2446,76:2490,77:2450,78:2417,79:2492,80:2627,81:2584,82:2648,83:2927,84:2568,85:2563,86:2491,87:2604,88:2904,89:2376,90:2990,91:2607,92:2433,93:2415,94:2578,95:2454,96:2921,97:2571,98:2552,99:2483,100:2526,101:3127,102:2530,103:2388,104:2487,105:2530,106:2455,107:2629,108:2581,109:2448,110:2989,111:2484,112:2438,113:2543,114:2908,115:2931,116:2571,117:2978,118:2476,119:2553,120:2408,121:2592,122:2489,123:2462,124:2515,125:2471,126:2624,127:2578,128:2409,129:2415,130:2504,131:2360,132:2465,133:2528,134:2486,135:3004,136:2428,137:2408,138:2617,139:2633,140:2571,141:2568,142:2457,143:2612,144:3200,145:2519,146:2465,147:2588,148:3015,149:2551,150:2506,151:3235,152:2359,153:2533,154:2566,155:2510,156:2931,157:2376,158:2368,159:2378,160:2520,161:2546,162:2353,163:2563,164:2512,165:2544,166:2394,167:2439,168:2454,169:2575,170:2386,171:2427,172:2610,173:2577,174:2379,175:3075,176:2562,177:2435,178:2450,179:2375,180:2491,181:2605,182:3069,183:3249,184:2480,185:2521,186:3140,187:2584,188:2595,189:2358,190:2451,191:2559,192:2450,193:3146,194:2633,195:2471,196:2977,197:2487,198:2604,199:2476,200:2543,201:2546,202:2620,203:2641,204:3285,205:2508,206:2526,207:2560,208:2370,209:2599,210:2609,211:2383,212:2630,213:3241,214:2495,215:2561,216:2544,217:2488,218:2539,219:2597,220:2971,221:2612,222:2455,223:2484,224:2579,225:2560,226:2499,227:2558,228:2583,229:2493,230:3137,231:3150,232:2952,233:2599,234:2623,235:2430,236:2514,237:2405,238:2546,239:2515,240:2407,241:3195,242:2465,243:2639,244:2519,245:2535,246:2499,247:2587,248:2615,249:2365,250:2499,251:2632,252:2350,253:2622,254:2567,255:2433,256:2585,257:2426,258:2608,259:2569,260:2514,261:2591,262:2591,263:2386,264:2556,265:2936,266:2627,267:2517,268:2592,269:3177,270:2434,271:2610,272:2468,273:3266,274:2487,275:2423,276:3242,277:2490,278:2412,279:2620,280:2480,281:2364,282:3192,283:2496,284:2557,285:2359,286:2603,287:3241,288:2640,289:3264,290:2453,291:3207,292:2546,293:2393,294:2547,295:2403,296:2410,297:2625,298:2502,299:2380,300:2522,301:2575,302:2601,303:2540,304:2378,305:2546,306:2409,307:2402,308:2605,309:2473,310:2488,311:2495,312:3284,313:2993,314:2618,315:2494,316:2376,317:3249,318:2371,319:2503,320:2398,321:2495,322:2581,323:2547,324:2403,325:3183,326:2467,327:2604,328:2375,329:2449,330:3137,331:3086,332:2423,333:2624,334:2646,335:2382,336:2466,337:2506,338:2553,339:2413,340:2504,341:2621,342:3107,343:2495,344:2405,345:2490,346:2473,347:2407,348:2483,349:2608,350:2381,351:2460,352:2444,353:2406,354:3127,355:2508,356:3188,357:3288,358:2489,359:3091
0:2498,1:2577,2:2622,3:2588,4:2549,5:2469,6:2974,7:2521,8:2478,9:2364,10:2598,11:2603,12:2438,13:2404,14:2419,15:2461,16:2387,17:2581,18:2611,19:2583,20:2490,21:2413,22:2523,23:2395,24:2521,25:2566,26:2531,27:2588,28:3012,29:2624,30:2451,31:2566,32:2421,33:2559,34:2593,35:2547,36:2366,37:2446,38:2529,39:2453,40:2910,41:2555,42:2490,43:2390,44:2629,45:2417,46:2590,47:3259,48:2382,49:2476,50:2461,51:2476,52:2500,53:2457,54:2490,55:2533,56:2417,57:2563,58:2612,59:2414,60:3021,61:2584,62:3066,63:2597,64:2644,65:2394,66:2397,67:2640,68:2457,69:2480,70:2573,71:2483,72:2603,73:2991,74:2492,75:2534,76:2353,77:2563,78:2549,79:2510,80:2451,81:2557,82:3052,83:2503,84:2547,85:2388,86:2488,87:3055,88:3089,89:3256,90:2374,91:3198,92:2594,93:2641,94:3265,95:2533,96:3293,97:2622,98:2591,99:2373,100:2452,101:2931,102:2376,103:2625,104:3177,105:2546,106:2381,107:2552,108:2523,109:3013,110:2410,111:2364,112:3242,113:3215,114:2647,115:2420,116:2596,117:2636,118:2550,119:2592,120:2449,121:2445,122:3002,123:3280,124:3228,125:2968,126:2562,127:2491,128:2354,129:2481,130:2601,131:2442,132:2369,133:2636,134:2602,135:2507,136:2463,137:3295,138:2480,139:2560,140:3208,141:2448,142:2378,143:3238,144:2507,145:2394,146:2512,147:2433,148:2611,149:2354,150:2483,151:2389,152:2615,153:2523,154:2369,155:2383,156:2566,157:2440,158:2416,159:2589,160:3224,161:2436,162:2594,163:2622,164:2499,165:2556,166:2636,167:2418,168:2504,169:2446,170:2407,171:2964,172:2545,173:2452,174:2548,175:2541,176:2419,177:2532,178:2942,179:2637,180:2557,181:2616,182:2403,183:2406,184:2434,185:2501,186:2601,187:2544,188:2373,189:2541,190:3011,191:2356,192:2491,193:2573,194:2525,195:2908,196:2487,197:2611,198:2395,199:3150,200:2567,201:2980,202:2644,203:2594,204:2547,205:2421,206:2408,207:2487,208:2627,209:2547,210:2633,211:2570,212:2583,213:2492,214:2583,215:2362,216:2463,217:2394,218:3297,219:2442,220:2352,221:2423,222:2636,223:2495,224:3259,225:2474,226:2567,227:2466,228:3011,229:2364,230:2374,231:2535,232:2532,233:2612,234:2445,235:2358,236:3032,237:2641,238:2571,239:2554,240:2625,241:2632,242:2452,243:2441,244:2614,245:2468,246:2394,247:2960,248:3270,249:2626,250:2980,251:2386,252:2572,253:2480,254:2636,255:2495,256:2450,257:3196,258:2476,259:2419,260:3237,261:2391,262:2635,263:2551,264:2382,265:3119,266:2430,267:2574,268:2978,269:2414,270:2503,271:2378,272:2596,273:2360,274:2396,275:2502,276:3004,277:2526,278:2613,279:2486,280:2623,281:2512,282:2580,283:2535,284:2552,285:2512,286:2518,287:2526,288:2518,289:2518,290:2597,291:2422,292:2625,293:2442,294:2530,295:2426,296:2616,297:2461,298:2572,299:3084,300:2622,301:2389,302:2482,303:2489,304:2529,305:2610,306:2601,307:2399,308:2350,309:2427,310:2410,311:2440,312:2394,313:2647,314:2432,315:2494,316:2572,317:2472,318:2560,319:2412,320:2597,321:2566,322:2536,323:2440,324:2488,325:2492,326:3250,327:2588,328:2969,329:2384,330:2403,331:2450,332:2556,333:2589,334:2481,335:2368,336:2556,337:2502,338:2583,339:2599,340:2501,341:2594,342:2543,343:2444,344:3017,345:2529,346:2416,347:2465,348:2408,349:2406,350:2515,351:3039,352:2386,353:2965,354:2579,355:2646,356:2437,357:3270,358:2486,359:2471
0:2464,1:2600,2:2412,3:2411,4:2512,5:3032,6:2594,7:2356,8:2570,9:2475,10:2498,11:2376,12:2463,13:2614,14:3116,15:2485,16:2474,17:2503,18:2376,19:2382,20:2644,21:2446,22:2573,23:2646,24:2389,25:2368,26:2577,27:2397,28:2451,29:2539,30:2544,31:2583,32:2429,33:2991,34:3239,35:2393,36:2408,37:2622,38:2424,39:2557,40:2617,41:2447,42:2510,43:2912,44:2380,45:2990,46:2427,47:2574,48:2409,49:2593,50:2641,51:2575,52:3216,53:2467,54:2973,55:2406,56:2593,57:2551,58:2585,59:3101,60:2393,61:2390,62:2559,63:2499,64:2426,65:2549,66:2593,67:2351,68:2519,69:2572,70:2535,71:2480,72:2383,73:2441,74:2418,75:2413,76:2598,77:2505,78:2520,79:2504,80:2547,81:2368,82:2552,83:2354,84:2469,85:2917,86:2359,87:2464,88:2622,89:2506,90:3220,91:2455,92:2593,93:2537,94:2367,95:2358,96:2601,97:2434,98:2400,99:3159,100:2406,101:2452,102:2476,103:2489,104:2590,105:2453,106:2483,107:2600,108:2604,109:2390,110:2492,111:2436,112:2419,113:2585,114:3285,115:2561,116:3096,117:3169,118:2524,119:2557,120:2642,121:2361,122:2413,123:2443,124:2377,125:3268,126:2616,127:2421,128:3212,129:2463,130:2625,131:2378,132:2522,133:2498,134:3008,135:2488,136:2396,137:2551,138:2500,139:2482,140:2362,141:2618,142:2470,143:2630,144:2469,145:2396,146:2469,147:2353,148:2518,149:2448,150:2440,151:2609,152:2543,153:2367,154:2379,155:2641,156:2574,157:2455,158:2526,159:2638,160:2451,161:2382,162:2506,163:3067,164:2639,165:2569,166:2473,167:2420,168:2400,169:2363,170:2455,171:2584,172:2979,173:2546,174:3105,175:3188,176:2559,177:2417,178:2548,179:2419,180:2546,181:3130,182:2626,183:2437,184:2377,185:2550,186:3064,187:2647,188:2616,189:2947,190:2356,191:2368,192:2485,193:2447,194:2504,195:2560,196:2471,197:2579,198:2591,199:2519,200:2392,201:2480,202:2420,203:2373,204:3263,205:2597,206:2563,207:2539,208:2640,209:2905,210:2493,211:2364,212:2629,213:2648,214:2572,215:2560,216:2382,217:2530,218:2626,219:2986,220:2590,221:2524,222:2440,223:2574,224:2362,225:2609,226:2605,227:2460,228:2546,229:2595,230:3242,231:2422,232:3127,233:2620,234:2414,235:2596,236:2554,237:2384,238:2475,239:2568,240:2482,241:2601,242:2419,243:2412,244:2382,245:2380,246:2628,247:2482,248:2564,249:2500,250:2474,251:2354,252:2378,253:2466,254:2369,255:2416,256:2527,257:2492,258:2538,259:2584,260:2383,261:2531,262:3279,263:2620,264:2552,265:3074,266:3195,267:2577,268:2585,269:2363,270:2581,271:3164,272:3035,273:3101,274:2360,275:2554,276:2541,277:2641,278:2360,279:3064,280:2463,281:2358,282:2985,283:2518,284:2386,285:2484,286:3039,287:2442,288:2474,289:2640,290:2624,291:2368,292:2417,293:2574,294:2353,295:2634,296:2392,297:2373,298:2590,299:2542,300:2542,301:2424,302:3134,303:2627,304:2463,305:3135,306:2415,307:2541,308:3154,309:2455,310:2425,311:2597,312:2617,313:2479,314:2479,315:2552,316:2420,317:2494,318:2392,319:2432,320:2606,321:2956,322:3110,323:2636,324:2516,325:2425,326:2424,327:2404,328:2442,329:2586,330:2427,331:2448,332:2366,333:2551,334:2446,335:2576,336:2521,337:2497,338:2619,339:2505,340:2362,341:2633,342:2412,343:2618,344:2649,345:2589,346:2584,347:2462,348:2423,349:2531,350:2633,351:2535,352:2359,353:2553,354:2408,355:2506,356:2510,357:2642,358:2390,359:2403
0:2617,1:2951,2:2454,3:2390,4:2510,5:3089,6:2419,7:3193,8:2492,9:2636,10:2525,11:2382,12:2479,13:2543,14:2466,15:2382,16:2549,17:2375,18:2551,19:2400,20:2622,21:2585,22:2517,23:2532,24:2463,25:2523,26:2535,27:2600,28:2491,29:3012,30:3047,31:2395,32:2927,33:2414,34:2577,35:2589,36:2497,37:2452,38:2369,39:3153,40:2585,41:2468,42:2403,43:2597,44:2523,45:2581,46:2410,47:2479,48:2528,49:2526,50:2455,51:2523,52:2474,53:3254,54:2391,55:2541,56:2449,57:2571,58:3125,59:2398,60:2357,61:2493,62:2619,63:2387,64:2407,65:2592,66:2456,67:2391,68:2443,69:3200,70:2426,71:2362,72:2353,73:2381,74:2356,75:2483,76:3156,77:2471,78:2375,79:2484,80:2358,81:2630,82:2375,83:2598,84:2608,85:2391,86:2492,87:2544,88:2517,89:2578,90:2596,91:3163,92:2519,93:2629,94:2405,95:3028,96:2532,97:2561,98:2555,99:2565,100:2646,101:2590,102:2544,103:2621,104:2534,105:2414,106:2523,107:2595,108:2566,109:2441,110:2443,111:2643,112:2629,113:2355,114:2572,115:2624,116:2538,117:2579,118:3007,119:3077,120:2624,121:2529,122:2578,123:2554,124:2935,125:2535,126:2521,127:2437,128:2403,129:2510,130:2596,131:2486,132:2486,133:3015,134:3146,135:2647,136:2478,137:2420,138:2466,139:2635,140:2638,141:2623,142:2585,143:2375,144:2433,145:2540,146:2565,147:2645,148:3170,149:2352,150:2994,151:2528,152:2478,153:2534,154:3189,155:2369,156:2946,157:2383,158:2368,159:2921,160:2482,161:2372,162:2564,163:2384,164:2980,165:2647,166:2490,167:2362,168:2358,169:2991,170:2371,171:2547,172:2931,173:2473,174:2506,175:2543,176:2487,177:2517,178:3100,179:2575,180:3270,181:2586,182:2480,183:2548,184:2593,185:3170,186:2556,187:2568,188:2583,189:3209,190:2480,191:2583,192:2377,193:2626,194:2548,195:2510,196:2646,197:2627,198:2618,199:2603,200:2595,201:2435,202:2402,203:2499,204:2449,205:2503,206:3234,207:2585,208:2562,209:2486,210:2564,211:2495,212:2390,213:2536,214:2581,215:2370,216:2445,217:2450,218:2367,219:2477,220:2574,221:2494,222:2394,223:3013,224:2616,225:2450,226:2470,227:2511,228:3125,229:3144,230:2396,231:2613,232:2555,233:2615,234:2997,235:2420,236:2519,237:2451,238:2590,239:2511,240:2491,241:3098,242:3051,243:2591,244:2383,245:3000,246:2537,247:2542,248:2419,249:2548,250:2448,251:2545,252:3122,253:2463,254:2380,255:2350,256:2488,257:2360,258:2387,259:2374,260:2550,261:2629,262:2494,263:2574,264:2511,265:2416,266:2467,267:2531,268:2505,269:2584,270:3296,271:3004,272:3171,273:3169,274:2603,275:2426,276:3211,277:2422,278:2407,279:2547,280:2492,281:2546,282:2539,283:3033,284:2576,285:2568,286:3288,287:3228,288:2491,289:2939,290:2509,291:3106,292:2521,293:2555,294:2405,295:2443,296:2398,297:2360,298:2484,299:2497,300:2515,301:2354,302:2604,303:3291,304:2559,305:2443,306:2931,307:2414,308:3096,309:2372,310:2518,311:2449,312:3037,313:2387,314:2472,315:2447,316:3193,317:2578,318:2453,319:2567,320:2447,321:3026,322:2391,323:2438,324:2420,325:2500,326:2515,327:2495,328:2409,329:2619,330:3114,331:2391,332:2921,333:2427,334:2452,335:3257,336:2413,337:2420,338:2611,339:2590,340:2376,341:2563,342:2494,343:2393,344:2367,345:2535,346:2410,347:2606,348:2593,349:3011,350:2421,351:2447,352:2475,353:3188,354:2387,355:2449,356:2515,357:2428,358:2585,359:2439
0:2421,1:2444,2:2520,3:2379,4:2386,5:2367,6:2991,7:2448,8:2610,9:2441,10:3017,11:2442,12:3214,13:2419,14:2466,15:2465,16:2634,17:2375,18:3288,19:2642,20:2633,21:2470,22:2552,23:2433,24:2495,25:2384,26:2430,27:2605,28:3233,29:2455,30:2418,31:3247,32:2485,33:3025,34:2559,35:2408,36:2566,37:2604,38:2537,39:2507,40:2503,41:2625,42:2641,43:2558,44:2489,45:2570,46:2480,47:2420,48:2644,49:2636,50:2582,51:2486,52:3197,53:2638,54:2601,55:2434,56:2452,57:2534,58:2566,59:2576,60:2489,61:2434,62:2425,63:2618,64:2539,65:2556,66:2595,67:3235,68:2585,69:2641,70:2980,71:2571,72:2584,73:2641,74:2640,75:2389,76:2441,77:2351,78:2398,79:2505,80:2579,81:2619,82:2470,83:2384,84:2564,85:2365,86:2574,87:2356,88:2493,89:2606,90:2500,91:2518,92:2508,93:2474,94:2448,95:2491,96:2363,97:2501,98:2497,99:2367,100:2550,101:2445,102:2607,103:2590,104:2635,105:2510,106:2623,107:2410,108:2418,109:2591,110:2947,111:2590,112:3132,113:2622,114:2388,115:2586,116:2549,117:3147,118:2569,119:2992,120:2508,121:2934,122:2502,123:2412,124:2585,125:2556,126:2530,127:3098,128:2525,129:2574,130:2565,131:2354,132:2649,133:2633,134:2353,135:2510,136:2456,137:3226,138:2412,139:2553,140:2488,141:2423,142:2423,143:2941,144:2434,145:2590,146:2631,147:2573,148:2584,149:2596,150:3025,151:2517,152:2421,153:2534,154:2367,155:3278,156:2482,157:2408,158:2468,159:2498,160:2577,161:2443,162:2414,163:2403,164:2645,165:3102,166:2567,167:2457,168:2605,169:2381,170:2939,171:2511,172:3108,173:2381,174:2431,175:2598,176:2598,177:2558,178:2439,179:2619,180:2404,181:2371,182:2574,183:2403,184:2629,185:2474,186:2571,187:2451,188:2379,189:2592,190:2412,191:2412,192:2577,193:2402,194:2509,195:2630,196:2560,197:3236,198:2594,199:2950,200:2478,201:2360,202:2434,203:2446,204:2586,205:2377,206:2443,207:2431,208:2408,209:2474,210:2590,211:2366,212:3234,213:2426,214:2455,215:2423,216:2495,217:2515,218:3064,219:2591,220:2585,221:2360,222:2370,223:2514,224:2420,225:2562,226:2411,227:2459,228:2968,229:2622,230:2590,231:2352,232:2596,233:2397,234:2459,235:2389,236:2620,237:2428,238:2393,239:2520,240:2462,241:2476,242:3054,243:2445,244:2431,245:3284,246:2548,247:2429,248:2509,249:2614,250:2599,251:2370,252:2508,253:2643,254:3040,255:2632,256:2583,257:2432,258:2353,259:2644,260:2518,261:2626,262:3004,263:2565,264:3183,265:2517,266:2371,267:2617,268:2625,269:2595,270:2485,271:3109,272:2601,273:2940,274:2486,275:2526,276:2424,277:2383,278:2597,279:2615,280:2614,281:2615,282:2406,283:2518,284:2614,285:2642,286:2605,287:3095,288:3209,289:2494,290:2454,291:2528,292:2533,293:2630,294:2375,295:2540,296:2514,297:2644,298:2418,299:2633,300:2558,301:2461,302:2579,303:2441,304:2552,305:2461,306:2376,307:2555,308:2468,309:2514,310:2565,311:2645,312:2358,313:2551,314:2361,315:2484,316:2995,317:2430,318:2385,319:2479,320:2600,321:2480,322:2452,323:2385,324:2380,325:2983,326:2586,327:2512,328:2395,329:2431,330:2361,331:2480,332:2458,333:2573,334:2389,335:2584,336:2589,337:3019,338:2373,339:2599,340:2522,341:2510,342:2621,343:2643,344:2380,345:2402,346:2561,347:2529,348:3285,349:2362,350:2372,351:2593,352:2363,353:2468,354:3277,355:2626,356:2401,357:2420,358:2363,359:2361
0:2450,1:2601,2:2470,3:2423,4:2424,5:3043,6:2604,7:2527,8:2605,9:2975,10:2362,11:2521,12:2376,13:2611,14:2500,15:2350,16:2483,17:2521,18:2404,19:2615,20:2410,21:2509,22:2392,23:2550,24:2535,25:2466,26:3085,27:2610,28:3279,29:2378,30:3077,31:2360,32:2471,33:2387,34:2588,35:2422,36:2955,37:2546,38:2588,39:2351,40:2488,41:3246,42:2530,43:2449,44:2417,45:2498,46:2513,47:2976,48:2471,49:2643,50:2617,51:2555,52:3289,53:2611,54:2534,55:2523,56:3002,57:2390,58:2632,59:2593,60:2532,61:2495,62:2425,63:3284,64:2563,65:2648,66:2463,67:2383,68:2456,69:3180,70:2638,71:2468,72:2385,73:2362,74:2410,75:2614,76:2535,77:2399,78:2582,79:2640,80:2466,81:2378,82:2535,83:2585,84:2915,85:2484,86:2415,87:2529,88:2475,89:2636,90:2392,91:2489,92:3072,93:2587,94:2442,95:2580,96:2530,97:2396,98:2469,99:2446,100:2368,101:3136,102:2537,103:2453,104:2529,105:2401,106:3139,107:2470,108:3164,109:3177,110:2391,111:2590,112:2387,113:2641,114:2534,115:2961,116:2632,117:2543,118:2372,119:2531,120:2518,121:3066,122:2461,123:3173,124:2472,125:2411,126:2384,127:2517,128:2442,129:2414,130:2537,131:2566,132:2376,133:2642,134:2567,135:2507,136:2375,137:2372,138:2573,139:2594,140:2606,141:3121,142:2649,143:2646,144:2523,145:2530,146:2558,147:2507,148:2596,149:2564,150:2399,151:2496,152:2375,153:2463,154:2645,155:2394,156:2517,157:2631,158:2489,159:2412,160:2367,161:3047,162:3274,163:2489,164:2444,165:2580,166:2527,167:2599,168:2502,169:2540,170:2591,171:2433,172:2351,173:3247,174:2380,175:2414,176:2487,177:2570,178:3293,179:2579,180:2485,181:3248,182:2416,183:2559,184:3236,185:2404,186:2404,187:3233,188:2433,189:2460,190:2485,191:2454,192:2518,193:2553,194:3013,195:2474,196:2927,197:2549,198:2578,199:2589,200:2495,201:3189,202:2506,203:2394,204:2360,205:2400,206:2601,207:2464,208:3246,209:2584,210:2974,211:2527,212:2626,213:3225,214:2402,215:2639,216:2556,217:3272,218:2519,219:3102,220:2946,221:3219,222:2615,223:2463,224:3021,225:2594,226:3294,227:2628,228:2413,229:2645,230:2370,231:2424,232:2583,233:2578,234:2412,235:2524,236:2471,237:2465,238:2614,239:2583,240:2524,241:2389,242:2554,243:2460,244:2919,245:2449,246:2383,247:2471,248:2526,249:2573,250:2361,251:2429,252:2568,253:2610,254:2529,255:2388,256:2471,257:2525,258:3081,259:2552,260:2556,261:3198,262:2628,263:2498,264:2459,265:3064,266:2578,267:2382,268:2960,269:2603,270:2648,271:2996,272:2351,273:2578,274:2636,275:2471,276:2459,277:2469,278:2507,279:2612,280:2429,281:2435,282:2437,283:2935,284:2528,285:2623,286:3104,287:2392,288:2586,289:2912,290:2411,291:2431,292:2465,293:2519,294:2622,295:2438,296:2481,297:2431,298:2408,299:3175,300:3157,301:2455,302:2540,303:2454,304:2988,305:2983,306:2350,307:2497,308:2406,309:2441,310:2362,311:2439,312:3152,313:2388,314:3295,315:2507,316:2972,317:2629,318:2630,319:2383,320:2513,321:2536,322:2365,323:2412,324:2496,325:2464,326:2365,327:2622,328:2472,329:2545,330:2438,331:2991,332:2565,333:2560,334:2551,335:2632,336:2446,337:2577,338:2454,339:2455,340:2397,341:2554,342:2569,343:2462,344:2447,345:2443,346:2615,347:2940,348:2376,349:2491,350:2436,351:2563,352:2445,353:2425,354:2538,355:2357,356:2527,357:2592,358:2457,359:2478
0:2450,1:2581,2:2434,3:2372,4:2439,5:2606,6:2474,7:2574,8:2542,9:2559,10:2592,11:2354,12:2402,13:2602,14:2456,15:2371,16:2619,17:2499,18:3099,19:2521,20:2519,21:2455,22:3186,23:2615,24:2499,25:2434,26:2370,27:2356,28:2457,29:2518,30:2475,31:2559,32:2356,33:2624,34:2456,35:2431,36:2588,37:3080,38:2516,39:2379,40:2589,41:2587,42:2504,43:2479,44:3156,45:3256,46:2394,47:2534,48:2533,49:2380,50:2423,51:2409,52:2490,53:2629,54:2511,55:2431,56:2398,57:3026,58:3041,59:2521,60:3030,61:2563,62:2376,63:2627,64:3077,65:2473,66:2552,67:2649,68:2351,69:2558,70:2498,71:2368,72:2631,73:2374,74:2519,75:2541,76:2917,77:2469,78:2397,79:2954,80:2414,81:3071,82:2632,83:2601,84:2467,85:2644,86:2386,87:2523,88:2605,89:2360,90:3224,91:2394,92:2997,93:2482,94:2363,95:2507,96:2550,97:2578,98:2511,99:2550,100:2544,101:2549,102:2596,103:3182,104:2543,105:2383,106:2534,107:2613,108:2601,109:2370,110:2984,111:2621,112:2379,113:2637,114:2451,115:3121,116:2380,117:2417,118:2397,119:2513,120:2396,121:2959,122:2927,123:2589,124:2540,125:2988,126:2362,127:2636,128:2354,129:3056,130:2362,131:3203,132:2529,133:2534,134:2511,135:2451,136:3133,137:2557,138:2611,139:3139,140:2516,141:2391,142:2366,143:2370,144:2413,145:2453,146:2410,147:2569,148:2384,149:2566,150:2571,151:2356,152:2513,153:2577,154:2437,155:2369,156:2564,157:2597,158:2587,159:2622,160:2362,161:2511,162:2647,163:2355,164:2455,165:2530,166:2576,167:2522,168:3017,169:3146,170:2461,171:2546,172:2392,173:3095,174:2423,175:3085,176:2442,177:2648,178:2356,179:2404,180:2631,181:2537,182:2419,183:3022,184:2582,185:2521,186:2401,187:2430,188:2497,189:2561,190:3242,191:2415,192:2618,193:2579,194:2615,195:2578,196:3174,197:2420,198:2537,199:2461,200:2540,201:2385,202:2387,203:2644,204:2498,205:2583,206:2569,207:2564,208:3231,209:3078,210:2458,211:2540,212:2608,213:2508,214:2371,215:2395,216:2355,217:2466,218:2399,219:2423,220:3241,221:2532,222:3176,223:3248,224:2405,225:2368,226:3242,227:3180,228:2557,229:2564,230:2391,231:2561,232:2377,233:2484,234:2527,235:2384,236:2389,237:2630,238:3278,239:2597,240:2501,241:2558,242:2512,243:2414,244:2460,245:2364,246:2610,247:2638,248:2960,249:2600,250:2445,251:2600,252:2586,253:2452,254:2559,255:2613,256:2525,257:2463,258:3172,259:3039,260:2401,261:2531,262:2359,263:2403,264:2518,265:3152,266:2546,267:2537,268:2537,269:2503,270:2609,271:2555,272:2627,273:2466,274:2410,275:2610,276:2485,277:3065,278:2426,279:2612,280:3102,281:2376,282:2514,283:2523,284:2523,285:2515,286:2483,287:2517,288:3072,289:2632,290:2406,291:2440,292:3024,293:2559,294:2453,295:2543,296:3006,297:2618,298:2557,299:2529,300:2597,301:2546,302:2497,303:2636,304:2511,305:2501,306:2545,307:3055,308:2431,309:3271,310:2561,311:3249,312:2599,313:2362,314:2451,315:2453,316:2628,317:2605,318:2362,319:2450,320:2430,321:2375,322:2505,323:2542,324:2547,325:2397,326:2487,327:2358,328:2415,329:2646,330:2591,331:2420,332:2464,333:2492,334:2463,335:2636,336:2409,337:2434,338:2468,339:2421,340:2416,341:2566,342:2538,343:2422,344:2598,345:2411,346:2398,347:2505,348:3177,349:2490,350:2634,351:2432,352:2916,353:2479,354:2629,355:3197,356:2481,357:2388,358:2481,359:2366
0:2358,1:2366,2:2591,3:2449,4:2633,5:2642,6:2425,7:2431,8:2517,9:2488,10:2547,11:2624,12:2604,13:2581,14:2587,15:2374,16:2546,17:2431,18:2392,19:2982,20:2536,21:2386,22:2356,23:2638,24:2464,25:2648,26:2416,27:2605,28:2403,29:2568,30:3109,31:2375,32:2526,33:2368,34:2469,35:2626,36:2416,37:3206,38:2488,39:2516,40:2523,41:3187,42:2545,43:2599,44:3043,45:2510,46:2419,47:2443,48:2493,49:2611,50:2587,51:3011,52:2576,53:2615,54:2491,55:2648,56:3185,57:2451,58:2353,59:3002,60:3192,61:2365,62:3181,63:2520,64:2584,65:2397,66:3182,67:2483,68:2955,69:2360,70:3256,71:2544,72:3212,73:2386,74:2483,75:2401,76:2366,77:2398,78:2610,79:3037,80:2387,81:2362,82:2545,83:3025,84:2575,85:2463,86:2405,87:2493,88:2398,89:2363,90:2383,91:2520,92:2608,93:2509,94:2628,95:2414,96:2601,97:2449,98:2565,99:2941,100:2549,101:2920,102:2570,103:2459,104:2465,105:2400,106:2508,107:2380,108:2610,109:2496,110:2560,111:2479,112:2414,113:2445,114:2612,115:2507,116:2615,117:2572,118:2482,119:2416,120:3008,121:2606,122:2536,123:2592,124:2563,125:3090,126:2372,127:2398,128:2515,129:2550,130:2372,131:2491,132:2461,133:2571,134:2429,135:2375,136:3032,137:2436,138:2437,139:3074,140:2542,141:2993,142:2395,143:2632,144:2501,145:2379,146:2633,147:2517,148:2573,149:2531,150:2488,151:2470,152:2962,153:2442,154:2367,155:2599,156:2460,157:3250,158:2624,159:2553,160:2358,161:2562,162:2589,163:2517,164:2404,165:2526,166:2490,167:2460,168:2393,169:2350,170:2488,171:2612,172:2580,173:2572,174:2484,175:2365,176:2445,177:2624,178:2449,179:2579,180:2408,181:2435,182:2620,183:2569,184:3103,185:2375,186:2401,187:2503,188:2530,189:2509,190:2990,191:2580,192:2560,193:2591,194:2506,195:2442,196:2528,197:2440,198:2580,199:2599,200:2588,201:2607,202:2603,203:2604,204:2608,205:2450,206:2403,207:2448,208:2569,209:2485,210:2491,211:2544,212:2576,213:3255,214:2563,215:2593,216:2559,217:2372,218:2611,219:3273,220:3029,221:2365,222:3100,223:2459,224:3272,225:2965,226:2567,227:2432,228:2563,229:2402,230:3122,231:2620,232:2454,233:2454,234:2467,235:2351,236:2550,237:2431,238:2427,239:3170,240:3003,241:3146,242:2613,243:2491,244:3217,245:3032,246:3240,247:2610,248:3134,249:2400,250:2517,251:2608,252:2621,253:2485,254:2588,255:3012,256:2468,257:2607,258:2649,259:2600,260:2401,261:2592,262:2501,263:2636,264:3023,265:2586,266:3232,267:2505,268:2590,269:2619,270:2373,271:2485,272:2357,273:2543,274:2380,275:2592,276:2430,277:2641,278:2602,279:2419,280:3166,281:2414,282:2644,283:2479,284:2404,285:2585,286:3163,287:2390,288:2424,289:2608,290:2582,291:2419,292:2592,293:2552,294:2595,295:2627,296:2434,297:3246,298:3140,299:2597,300:2490,301:2464,302:2498,303:2627,304:3154,305:2562,306:2612,307:2361,308:2634,309:2922,310:2509,311:2585,312:2395,313:2510,314:2513,315:2502,316:2587,317:2457,318:3053,319:2474,320:2392,321:2367,322:2602,323:2443,324:2351,325:3006,326:2458,327:3029,328:2575,329:2533,330:2555,331:2523,332:2638,333:2623,334:2517,335:3273,336:2500,337:3253,338:2377,339:2503,340:2552,341:2625,342:2613,343:2583,344:3158,345:2568,346:2364,347:2612,348:2364,349:2972,350:2451,351:2432,352:2372,353:2351,354:3210,355:2401,356:3164,357:2547,358:2436,359:2431
0:3267,1:2426,2:2438,3:2567,4:2376,5:2532,6:2462,7:2390,8:2532,9:2506,10:2370,11:2526,12:2618,13:2441,14:3161,15:2472,16:3145,17:2434,18:2370,19:2509,20:2504,21:2583,22:2940,23:3112,24:2560,25:2582,26:3043,27:2363,28:2960,29:2425,30:2596,31:2356,32:2486,33:3227,34:2540,35:2546,36:2636,37:2374,38:3188,39:2632,40:2544,41:2391,42:2396,43:2574,44:2518,45:2379,46:2453,47:2397,48:2428,49:2507,50:2552,51:2513,52:3064,53:3016,54:2917,55:2487,56:2482,57:2544,58:2489,59:2436,60:2381,61:2424,62:2502,63:2414,64:2595,65:2470,66:2465,67:2505,68:2522,69:2639,70:2610,71:2419,72:2586,73:2386,74:2493,75:2583,76:2597,77:2617,78:2447,79:2418,80:2594,81:2585,82:2611,83:3144,84:2370,85:2456,86:2402,87:2403,88:2628,89:2488,90:2556,91:3287,92:3140,93:2500,94:2379,95:3187,96:2417,97:2473,98:3078,99:3086,100:2549,101:2410,102:2461,103:2398,104:2497,105:3087,106:2444,107:2533,108:2642,109:2373,110:2649,111:2447,112:2398,113:2924,114:2571,115:2401,116:2602,117:2541,118:2579,119:2485,120:2429,121:2482,122:2537,123:2481,124:2559,125:2633,126:2407,127:2486,128:2495,129:2505,130:2585,131:3197,132:3133,133:2523,134:2517,135:2522,136:2901,137:2515,138:2957,139:2575,140:2412,141:2392,142:2547,143:2403,144:3271,145:2432,146:2592,147:2597,148:2584,149:2542,150:2609,151:2459,152:2361,153:3191,154:2535,155:3219,156:2429,157:2469,158:2538,159:2900,160:2441,161:2451,162:2543,163:2581,164:2503,165:2606,166:2404,167:2565,168:2576,169:3043,170:2376,171:2531,172:2574,173:2645,174:2645,175:2460,176:2487,177:2588,178:2351,179:2403,180:2571,181:2420,182:2453,183:2626,184:2509,185:2408,186:2585,187:3132,188:2496,189:2552,190:2494,191:2508,192:2629,193:2397,194:2966,195:2566,196:2371,197:2370,198:2467,199:2539,200:2401,201:2392,202:2567,203:2531,204:2507,205:2525,206:2414,207:2493,208:2616,209:3234,210:3021,211:2589,212:2489,213:3003,214:2498,215:2518,216:2529,217:2393,218:2515,219:2382,220:2541,221:2408,222:2428,223:2628,224:2485,225:2621,226:2631,227:2501,228:3159,229:2463,230:2558,231:2475,232:3153,233:2368,234:2555,235:2607,236:2422,237:2532,238:2427,239:2548,240:2374,241:3035,242:2640,243:2542,244:2413,245:2467,246:2456,247:2536,248:2364,249:2384,250:2523,251:2548,252:2408,253:2356,254:2484,255:2386,256:2625,257:2445,258:2465,259:2587,260:2547,261:2989,262:2523,263:3062,264:2492,265:2474,266:2516,267:2467,268:2486,269:3179,270:3038,271:2405,272:2425,273:2436,274:2435,275:2594,276:2456,277:2560,278:2513,279:2460,280:2538,281:2406,282:3254,283:2379,284:2389,285:2644,286:2546,287:2413,288:2515,289:2517,290:2516,291:2557,292:2639,293:2536,294:2390,295:2522,296:2365,297:2425,298:2500,299:2350,300:2619,301:2635,302:2396,303:2642,304:2439,305:2527,306:2447,307:2399,308:2364,309:2566,310:2558,311:2391,312:2398,313:2562,314:2354,315:2518,316:2474,317:2568,318:2498,319:2577,320:2528,321:2438,322:2492,323:2582,324:2391,325:3023,326:2380,327:2596,328:2621,329:2394,330:2538,331:2428,332:2645,333:2391,334:2457,335:2371,336:2605,337:2392,338:2574,339:2642,340:3051,341:3091,342:2470,343:2582,344:2571,345:2358,346:2447,347:2516,348:2387,349:2374,350:2480,351:3164,352:2511,353:2573,354:2518,355:3064,356:2509,357:2605,358:2364,359:2435
0:2375,1:2449,2:2614,3:2536,4:2634,5:2541,6:2364,7:3097,8:2350,9:2421,10:3245,11:2648,12:2376,13:2951,14:2385,15:2484,16:2491,17:2458,18:2491,19:2511,20:2516,21:2391,22:2564,23:2506,24:2573,25:2378,26:2385,27:3088,28:2397,29:2532,30:3146,31:2425,32:2362,33:2566,34:2595,35:2465,36:2436,37:2614,38:2487,39:2569,40:2642,41:3272,42:2405,43:2454,44:2419,45:2547,46:3196,47:2481,48:3293,49:2490,50:2578,51:3227,52:2556,53:2479,54:2920,55:2617,56:2588,57:2606,58:2517,59:2637,60:3106,61:2422,62:2358,63:2463,64:2564,65:2599,66:3170,67:2381,68:2532,69:2934,70:2498,71:2599,72:2451,73:2442,74:2459,75:2549,76:3253,77:2480,78:2459,79:2559,80:2620,81:2596,82:2465,83:2392,84:2412,85:2608,86:2354,87:2352,88:2542,89:2376,90:2530,91:2465,92:2362,93:2456,94:2439,95:2624,96:2353,97:3195,98:2441,99:2988,100:2450,101:2404,102:3031,103:2369,104:2477,105:2351,106:2371,107:2370,108:3180,109:2968,110:2585,111:2630,112:2524,113:2503,114:2934,115:2478,116:2539,117:2418,118:2484,119:2946,120:2611,121:2647,122:2592,123:2579,124:2440,125:2567,126:2519,127:2517,128:2399,129:2459,130:2612,131:2528,132:2360,133:2392,134:2486,135:3097,136:2422,137:2390,138:3088,139:2404,140:2544,141:2596,142:2544,143:2630,144:2599,145:2503,146:2612,147:2361,148:2367,149:2438,150:2643,151:3202,152:2369,153:2577,154:2373,155:2388,156:2361,157:3164,158:2546,159:3070,160:2587,161:2473,162:2370,163:2355,164:2627,165:2498,166:2453,167:2455,168:2594,169:2554,170:2455,171:2596,172:2536,173:2426,174:2614,175:2563,176:2539,177:2382,178:2597,179:2568,180:2390,181:3216,182:2373,183:2627,184:2528,185:2526,186:2585,187:2465,188:2385,189:2370,190:2355,191:2552,192:2352,193:2457,194:2629,195:2647,196:3296,197:2644,198:2520,199:2485,200:2926,201:2941,202:2390,203:2435,204:2393,205:2648,206:2900,207:2465,208:2552,209:2392,210:2418,211:2428,212:2637,213:2492,214:2486,215:3006,216:2604,217:2636,218:2380,219:2971,220:2501,221:2493,222:3244,223:2383,224:2530,225:2922,226:2576,227:3229,228:2633,229:2480,230:2513,231:2567,232:3008,233:2606,234:2401,235:2562,236:2491,237:2385,238:2378,239:2917,240:2391,241:2368,242:2632,243:2503,244:2373,245:3006,246:2621,247:2649,248:2597,249:2900,250:3024,251:2383,252:2440,253:3178,254:3273,255:3123,256:3122,257:2469,258:2522,259:2569,260:2405,261:2466,262:2520,263:2467,264:2477,265:2633,266:2581,267:2587,268:2469,269:2539,270:2379,271:2575,272:2515,273:2513,274:2524,275:2527,276:2481,277:2574,278:2503,279:2398,280:2381,281:2409,282:2525,283:3275,284:3219,285:2569,286:2367,287:2458,288:2402,289:2599,290:2572,291:2976,292:2494,293:2534,294:2563,295:2596,296:2647,297:3154,298:2432,299:2544,300:2409,301:2382,302:2477,303:2472,304:2382,305:2393,306:2550,307:2379,308:2415,309:2474,310:2577,311:2640,312:2351,313:2528,314:2569,315:2468,316:2363,317:2408,318:2435,319:2396,320:3291,321:2463,322:2439,323:2359,324:2531,325:2466,326:2448,327:2504,328:2484,329:2516,330:2430,331:2618,332:2425,333:2501,334:2394,335:2586,336:2515,337:2489,338:2409,339:3204,340:2554,341:2454,342:2607,343:3076,344:2389,345:2383,346:2462,347:2566,348:2545,349:2439,350:2611,351:2584,352:2368,353:2534,354:2513,355:2375,356:2462,357:2452,358:2584,359:2597
0:2607,1:2464,2:2626,3:2381,4:2427,5:2644,6:2398,7:2401,8:2543,9:3147,10:3195,11:2590,12:2411,13:2353,14:2545,15:2484,16:2620,17:2362,18:2366,19:2594,20:2518,21:2624,22:3271,23:2545,24:2605,25:2514,26:3009,27:2439,28:2476,29:2505,30:2517,31:3293,32:2631,33:2391,34:2571,35:2621,36:2479,37:2409,38:2413,39:2906,40:3207,41:2401,42:2641,43:2498,44:2413,45:2466,46:2580,47:2405,48:2566,49:2371,50:2543,51:2511,52:2382,53:2596,54:2405,55:2358,56:2420,57:2433,58:2469,59:2361,60:2596,61:2380,62:2538,63:2425,64:3028,65:2530,66:3176,67:2384,68:2356,69:2540,70:3232,71:2492,72:2474,73:2524,74:2499,75:2419,76:2456,77:2535,78:2421,79:2524,80:2454,81:2450,82:3005,83:3285,84:2918,85:2443,86:2597,87:2366,88:2557,89:2522,90:2521,91:2566,92:2552,93:2625,94:2528,95:3016,96:2902,97:2442,98:2378,99:2561,100:2391,101:2556,102:2505,103:3012,104:2524,105:2411,106:2630,107:2462,108:2610,109:2604,110:2363,111:2471,112:2507,113:2370,114:2498,115:2435,116:2378,117:2609,118:2513,119:2441,120:2518,121:2459,122:2475,123:2399,124:2635,125:2391,126:2372,127:2550,128:2451,129:2393,130:2403,131:3044,132:2353,133:2560,134:2999,135:2482,136:3048,137:2553,138:3264,139:2445,140:2408,141:2587,142:2423,143:2447,144:2615,145:2437,146:2970,147:3269,148:2496,149:3237,150:2501,151:2597,152:3113,153:2586,154:2377,155:3091,156:2625,157:2486,158:2479,159:2378,160:2536,161:2381,162:3066,163:2486,164:3165,165:2403,166:2551,167:2357,168:2392,169:2929,170:2391,171:2431,172:2476,173:2450,174:2431,175:2601,176:2540,177:2403,178:2396,179:2635,180:3095,181:2529,182:2591,183:3141,184:2500,185:2533,186:2463,187:2367,188:2553,189:2593,190:3259,191:2430,192:2422,193:2461,194:2520,195:3198,196:2356,197:2373,198:3032,199:2469,200:2569,201:2535,202:2580,203:2575,204:2639,205:3091,206:2571,207:2439,208:2992,209:2431,210:2476,211:2629,212:2616,213:2576,214:2452,215:2425,216:2356,217:2583,218:2466,219:2532,220:2422,221:2515,222:2512,223:2508,224:3092,225:2567,226:2455,227:3146,228:2506,229:2564,230:2457,231:2418,232:2429,233:2388,234:2589,235:2457,236:2648,237:2361,238:2559,239:2596,240:2553,241:3141,242:2644,243:2453,244:2413,245:3244,246:2591,247:2496,248:3171,249:2599,250:2469,251:2395,252:3215,253:2407,254:2600,255:3147,256:2608,257:2612,258:2397,259:3107,260:2627,261:2543,262:2525,263:2528,264:2505,265:2596,266:3023,267:2552,268:2928,269:2354,270:2583,271:2491,272:2420,273:2432,274:2599,275:2427,276:2575,277:2438,278:2438,279:2492,280:2419,281:2441,282:2590,283:2383,284:2494,285:2513,286:2358,287:2478,288:2618,289:2408,290:2942,291:2630,292:2426,293:2484,294:2527,295:2381,296:2509,297:2426,298:2641,299:2580,300:2386,301:2610,302:2470,303:2581,304:2446,305:2541,306:2452,307:2535,308:2580,309:2503,310:2377,311:2455,312:2550,313:2357,314:2478,315:2641,316:2562,317:2645,318:2415,319:2529,320:2417,321:2923,322:2384,323:2508,324:2379,325:2615,326:2600,327:2457,328:2403,329:2648,330:2440,331:2559,332:2356,333:2643,334:3218,335:2601,336:2387,337:2547,338:3214,339:2645,340:2504,341:2613,342:2556,343:2553,344:2530,345:2389,346:2412,347:2433,348:2350,349:2545,350:2576,351:3265,352:3141,353:2389,354:2502,355:2438,356:2574,357:2467,358:2513,359:2506
0:2459,1:2555,2:2466,3:2386,4:2411,5:2450,6:2522,7:2933,8:3216,9:2470,10:2429,11:2578,12:2476,13:3003,14:2461,15:2416,16:2512,17:3283,18:2414,19:2616,20:2487,21:2554,22:2360,23:2422,24:2467,25:2467,26:2523,27:2490,28:2503,29:2558,30:2401,31:2535,32:2369,33:2590,34:2420,35:2369,36:2480,37:2396,38:2468,39:3299,40:2378,41:2507,42:2477,43:2471,44:2352,45:3123,46:2496,47:2415,48:2441,49:2622,50:2538,51:2946,52:3202,53:2495,54:2459,55:2367,56:2628,57:2578,58:2485,59:2479,60:2408,61:2586,62:2531,63:2619,64:2519,65:2465,66:2611,67:2597,68:2364,69:2632,70:2359,71:2473,72:2452,73:2476,74:2627,75:2443,76:2531,77:2460,78:2612,79:2424,80:2507,81:2588,82:2408,83:2439,84:2642,85:2553,86:2350,87:2368,88:2615,89:2570,90:2425,91:2450,92:2483,93:2432,94:2458,95:2554,96:2632,97:3005,98:2360,99:2643,100:2391,101:2580,102:3217,103:2630,104:2511,105:2380,106:2533,107:3212,108:2462,109:2548,110:2404,111:2923,112:2548,113:2609,114:2377,115:2942,116:2374,117:2602,118:2437,119:2445,120:2532,121:2381,122:2616,123:2618,124:2563,125:2483,126:2384,127:2467,128:2490,129:2552,130:3197,131:2487,132:2421,133:2553,134:3183,135:3010,136:2563,137:2501,138:2541,139:2942,140:2594,141:2627,142:2411,143:2526,144:2597,145:2602,146:2619,147:2373,148:2440,149:2569,150:2535,151:2622,152:3177,153:2595,154:2380,155:2595,156:2391,157:2469,158:2590,159:2421,160:2389,161:2586,162:2545,163:2517,164:2418,165:2477,166:2529,167:2631,168:3113,169:2354,170:2595,171:2429,172:2541,173:2568,174:2542,175:2398,176:2504,177:3126,178:2518,179:2553,180:2392,181:2631,182:2499,183:3277,184:2462,185:2510,186:2386,187:3216,188:2914,189:2441,190:2586,191:2444,192:2513,193:2576,194:2541,195:2604,196:2521,197:2462,198:3185,199:2371,200:2637,201:2484,202:2352,203:2488,204:2506,205:2627,206:2547,207:2644,208:3292,209:2420,210:2609,211:2597,212:2648,213:2615,214:2538,215:2906,216:2435,217:2642,218:2463,219:2449,220:2537,221:2633,222:2428,223:2483,224:2607,225:2486,226:2514,227:2558,228:2536,229:2569,230:2557,231:2585,232:2504,233:2518,234:2568,235:2455,236:2508,237:2373,238:2468,239:2406,240:2401,241:2586,242:2351,243:2533,244:2552,245:2517,246:3071,247:2434,248:2415,249:2926,250:2501,251:2457,252:3267,253:2458,254:2371,255:2627,256:2531,257:2596,258:2362,259:2359,260:2538,261:3078,262:2429,263:2417,264:3170,265:2536,266:2626,267:2467,268:2614,269:2364,270:2527,271:3263,272:2365,273:2555,274:2579,275:2422,276:2534,277:2639,278:3107,279:2592,280:2472,281:2423,282:3120,283:2604,284:2493,285:2394,286:2422,287:2486,288:2430,289:2539,290:2632,291:2570,292:2589,293:2905,294:2413,295:2451,296:3137,297:2608,298:2574,299:2586,300:2364,301:2408,302:2607,303:2606,304:2377,305:2474,306:2375,307:2512,308:3009,309:2454,310:3260,311:2365,312:3218,313:2513,314:2491,315:2592,316:2384,317:2588,318:2373,319:2579,320:2947,321:2512,322:2477,323:2362,324:3289,325:2520,326:3166,327:2410,328:2444,329:2918,330:2468,331:3065,332:2494,333:2624,334:2407,335:2619,336:2632,337:2455,338:2501,339:2915,340:2558,341:2488,342:3049,343:2523,344:2422,345:2391,346:2359,347:2409,348:2377,349:3168,350:2442,351:2471,352:2412,353:2511,354:2475,355:2456,356:3292,357:2446,358:2367,359:3250
0:3116,1:2490,2:2443,3:2355,4:3228,5:3229,6:2538,7:3065,8:2617,9:2572,10:2447,11:2406,12:2578,13:2489,14:2532,15:3080,16:2522,17:2637,18:2562,19:2507,20:3204,21:3121,22:2950,23:2406,24:2375,25:2620,26:2492,27:2583,28:3265,29:2434,30:2436,31:2460,32:3137,33:2415,34:2381,35:2384,36:2477,37:2646,38:2624,39:2513,40:2952,41:2585,42:2454,43:2635,44:2483,45:2540,46:2386,47:2559,48:2513,49:2608,50:2395,51:3092,52:2573,53:2370,54:2623,55:2357,56:3060,57:2566,58:3046,59:2441,60:2409,61:2615,62:3276,63:2588,64:2638,65:2432,66:2470,67:2403,68:2516,69:2477,70:2555,71:2450,72:3068,73:2569,74:2496,75:2576,76:2471,77:2456,78:2607,79:2394,80:2554,81:2607,82:2630,83:2353,84:2433,85:2440,86:2623,87:2375,88:3239,89:2928,90:2422,91:2479,92:2514,93:2529,94:2391,95:2558,96:2451,97:2439,98:2517,99:2586,100:2438,101:2383,102:2613,103:2584,104:2433,105:2528,106:2390,107:2415,108:2610,109:2934,110:2619,111:3128,112:2355,113:2508,114:2567,115:2632,116:2397,117:2377,118:2943,119:2569,120:2441,121:2404,122:2503,123:2555,124:2942,125:2421,126:2541,127:2582,128:2366,129:3192,130:2390,131:2590,132:2925,133:2610,134:2355,135:3220,136:2500,137:2566,138:2509,139:2973,140:3279,141:2648,142:3039,143:2604,144:2452,145:2543,146:2554,147:3014,148:2359,149:2629,150:2995,151:2507,152:2364,153:2523,154:2508,155:2408,156:2412,157:2454,158:3090,159:2415,160:2627,161:3028,162:3133,163:2417,164:2433,165:2421,166:2522,167:2476,168:2435,169:2957,170:2435,171:2432,172:2630,173:2594,174:2548,175:2971,176:2482,177:2585,178:2576,179:2574,180:2494,181:2423,182:2571,183:2491,184:2580,185:2574,186:2366,187:3270,188:2599,189:2452,190:2377,191:2411,192:2618,193:2520,194:3203,195:2355,196:2519,197:2363,198:2401,199:2552,200:2462,201:2519,202:2517,203:2461,204:3101,205:2442,206:2936,207:2379,208:2378,209:2394,210:2390,211:2451,212:2383,213:2381,214:2369,215:3169,216:2473,217:2438,218:3240,219:3185,220:2544,221:2429,222:2629,223:3217,224:2583,225:2430,226:3028,227:3285,228:2503,229:2568,230:2492,231:2391,232:3131,233:3245,234:3028,235:2501,236:2553,237:2523,238:2447,239:2951,240:2559,241:3262,242:2374,243:2619,244:3214,245:2461,246:3233,247:2456,248:2616,249:2350,250:2501,251:2648,252:2544,253:2572,254:2648,255:2384,256:2507,257:3101,258:2494,259:2541,260:2514,261:2551,262:2466,263:2588,264:2379,265:2406,266:2564,267:2604,268:2980,269:2959,270:2373,271:2463,272:2395,273:2627,274:2627,275:2504,276:2447,277:2529,278:2402,279:2553,280:2629,281:2431,282:2398,283:2435,284:2451,285:2563,286:2531,287:2989,288:2488,289:2567,290:2638,291:2549,292:2593,293:3200,294:2388,295:2486,296:2567,297:2602,298:3288,299:2386,300:3027,301:2532,302:2629,303:2426,304:2422,305:2646,306:2499,307:2357,308:2382,309:2376,310:2359,311:2410,312:2419,313:2580,314:3203,315:2951,316:2397,317:2477,318:2439,319:2513,320:2583,321:2439,322:3132,323:2630,324:2385,325:2539,326:2489,327:3197,328:2365,329:2479,330:2364,331:2452,332:2493,333:2585,334:2473,335:3287,336:2462,337:2595,338:2574,339:2583,340:2491,341:2600,342:2484,343:2635,344:2498,345:2616,346:2391,347:2585,348:2391,349:2642,350:2595,351:2577,352:2366,353:2375,354:2641,355:3150,356:2390,357:2450,358:2393,359:2947
0:2464,1:2902,2:2360,3:2481,4:3052,5:2571,6:2416,7:2544,8:2480,9:2538,10:3087,11:2472,12:2383,13:2418,14:2444,15:3153,16:2646,17:2376,18:3123,19:2622,20:2396,21:2441,22:2472,23:2442,24:2540,25:2646,26:2533,27:2369,28:2481,29:3090,30:2623,31:3151,32:2451,33:2469,34:2900,35:2410,36:2388,37:2578,38:2594,39:3289,40:2366,41:2365,42:2472,43:2625,44:2974,45:2402,46:2361,47:2642,48:2448,49:2389,50:2473,51:2619,52:2490,53:2569,54:3143,55:2429,56:2521,57:2386,58:2629,59:2548,60:2598,61:2509,62:2456,63:2450,64:2489,65:2485,66:2604,67:2369,68:2405,69:2617,70:2451,71:2953,72:2503,73:2575,74:2425,75:2630,76:2516,77:2458,78:2627,79:2383,80:2481,81:2913,82:2574,83:2531,84:2511,85:2548,86:2602,87:2966,88:2391,89:2509,90:2355,91:2501,92:2480,93:2515,94:2470,95:2468,96:3096,97:3290,98:3185,99:2448,100:2453,101:2914,102:3147,103:2600,104:2955,105:2507,106:2396,107:2383,108:2572,109:2524,110:2635,111:2411,112:3141,113:2489,114:2411,115:2504,116:2576,117:2542,118:2407,119:2622,120:3197,121:2376,122:2530,123:3102,124:2593,125:2570,126:2418,127:2498,128:2376,129:2415,130:2915,131:2494,132:2431,133:3198,134:2517,135:2451,136:2417,137:2568,138:2466,139:2584,140:2579,141:3282,142:2628,143:2629,144:2494,145:2377,146:2606,147:2430,148:2565,149:2451,150:2592,151:3154,152:2494,153:2395,154:2495,155:2619,156:2449,157:2425,158:3219,159:3080,160:2506,161:3138,162:2504,163:2392,164:2385,165:2360,166:2630,167:2557,168:2494,169:2519,170:2619,171:2528,172:2580,173:2473,174:3241,175:2539,176:2592,177:2602,178:2434,179:2549,180:2357,181:2561,182:2443,183:2374,184:2352,185:2353,186:2374,187:2478,188:2504,189:2477,190:3162,191:3196,192:2604,193:2400,194:2634,195:2559,196:2601,197:2505,198:2530,199:2402,200:2457,201:2369,202:3199,203:2442,204:3111,205:2625,206:2454,207:2954,208:2646,209:3121,210:2392,211:2379,212:2400,213:2591,214:2505,215:3156,216:2561,217:2505,218:2382,219:2565,220:2371,221:3258,222:2526,223:3289,224:2417,225:2637,226:2558,227:2398,228:2546,229:2351,230:2557,231:2404,232:2479,233:2576,234:2360,235:3227,236:2604,237:2384,238:2434,239:2490,240:2559,241:2400,242:2569,243:2620,244:2544,245:2545,246:2469,247:2526,248:2495,249:2389,250:2372,251:2444,252:2641,253:2603,254:2510,255:2576,256:2989,257:2494,258:2428,259:2360,260:2567,261:2357,262:2514,263:2603,264:2451,265:2392,266:3027,267:2460,268:2572,269:2502,270:2595,271:2498,272:2565,273:2536,274:2913,275:2608,276:2583,277:2453,278:2431,279:2432,280:2376,281:2933,282:2961,283:2528,284:2531,285:3092,286:2604,287:3026,288:2472,289:2547,290:2557,291:2488,292:2645,293:3171,294:2647,295:2579,296:2977,297:2357,298:3047,299:2639,300:3189,301:2633,302:3233,303:2597,304:2544,305:2991,306:2598,307:2425,308:2392,309:2378,310:2470,311:2526,312:2627,313:2423,314:2494,315:3182,316:2547,317:2353,318:2609,319:2575,320:2371,321:2570,322:2520,323:2436,324:2351,325:2514,326:2432,327:2358,328:2494,329:2965,330:2553,331:2507,332:2399,333:2544,334:2566,335:2440,336:2493,337:2493,338:3134,339:2503,340:2412,341:2531,342:2378,343:2610,344:2593,345:2530,346:2647,347:2579,348:2441,349:2411,350:2352,351:2593,352:2464,353:2439,354:2911,355:2602,356:2483,357:2561,358:2603,359:2470
0:2406,1:2475,2:2484,3:2557,4:2419,5:2525,6:2370,7:2561,8:2464,9:2487,10:3237,11:2432,12:2572,13:2623,14:2397,15:2623,16:2590,17:2411,18:2477,19:2476,20:2991,21:2627,22:2625,23:2599,24:2613,25:2596,26:2579,27:2606,28:2489,29:2983,30:2617,31:2588,32:2471,33:2624,34:2436,35:2368,36:2374,37:2614,38:2568,39:2641,40:2574,41:2399,42:2488,43:2942,44:2514,45:2475,46:2568,47:2647,48:2472,49:2421,50:2479,51:2491,52:2452,53:2472,54:2370,55:2531,56:2510,57:2536,58:2583,59:2533,60:2644,61:2364,62:2499,63:2474,64:2483,65:2424,66:2415,67:2384,68:2461,69:2442,70:2471,71:3041,72:2518,73:2575,74:2463,75:2414,76:2353,77:2416,78:2354,79:2512,80:2943,81:2606,82:2372,83:2445,84:2604,85:2453,86:2437,87:2435,88:2996,89:2370,90:3044,91:2389,92:2397,93:2378,94:3238,95:2353,96:2510,97:2510,98:2601,99:2950,100:2475,101:2556,102:2497,103:2930,104:2515,105:2356,106:2395,107:2499,108:2465,109:2643,110:2457,111:2560,112:2643,113:2589,114:2525,115:2524,116:2926,117:2561,118:2399,119:2454,120:2626,121:2360,122:2397,123:2442,124:2504,125:2581,126:2633,127:2450,128:2520,129:3192,130:3232,131:2390,132:2431,133:2464,134:2554,135:2623,136:3196,137:3213,138:2614,139:2468,140:2585,141:2571,142:2613,143:2525,144:2469,145:2552,146:3263,147:3191,148:2496,149:2476,150:2621,151:2364,152:2443,153:2481,154:2536,155:2515,156:3139,157:2515,158:2429,159:2387,160:2968,161:2482,162:2417,163:2595,164:2930,165:2923,166:2967,167:2647,168:2398,169:2493,170:2527,171:3066,172:2362,173:2557,174:2458,175:2487,176:2565,177:2444,178:2605,179:2401,180:2574,181:3175,182:3165,183:2388,184:2480,185:2910,186:2416,187:2632,188:3094,189:2472,190:2476,191:2645,192:2572,193:3092,194:2630,195:2628,196:2499,197:2478,198:2538,199:2393,200:2426,201:2526,202:2625,203:2371,204:2638,205:2600,206:2561,207:2442,208:2405,209:2452,210:2460,211:3270,212:2420,213:2586,214:2494,215:2446,216:2908,217:2645,218:2505,219:2428,220:2501,221:2590,222:2403,223:2481,224:2546,225:3041,226:2532,227:2358,228:2969,229:2444,230:2489,231:2551,232:2497,233:3090,234:2455,235:2368,236:2530,237:2386,238:2365,239:2602,240:2451,241:3197,242:2568,243:2500,244:2579,245:2474,246:3096,247:2645,248:2568,249:2452,250:2568,251:2501,252:2385,253:2350,254:2560,255:2474,256:2600,257:3143,258:2385,259:2442,260:2631,261:2481,262:2440,263:2623,264:2465,265:2366,266:2508,267:2506,268:3210,269:2363,270:2530,271:2361,272:2570,273:2356,274:2615,275:2529,276:2350,277:2390,278:2373,279:2628,280:2979,281:2580,282:2505,283:2356,284:2433,285:2396,286:2428,287:2970,288:2642,289:2459,290:2594,291:2526,292:2423,293:2381,294:2953,295:2459,296:2390,297:2414,298:2410,299:2431,300:2397,301:3196,302:2555,303:2559,304:2624,305:2359,306:2614,307:2637,308:3198,309:2422,310:2547,311:2498,312:2542,313:2535,314:2410,315:2569,316:2451,317:2483,318:2515,319:2617,320:3038,321:2400,322:2540,323:2406,324:2503,325:3110,326:2472,327:2527,328:2471,329:2609,330:2409,331:2426,332:2612,333:2479,334:2527,335:2548,336:2617,337:2595,338:2459,339:2532,340:2370,341:2620,342:2464,343:2518,344:2504,345:2618,346:2544,347:2422,348:2585,349:2367,350:2500,351:2639,352:2486,353:2517,354:2576,355:2378,356:2498,357:2443,358:2621,359:2546
0:2493,1:2537,2:2477,3:2379,4:2571,5:2553,6:2553,7:2475,8:2377,9:2461,10:2588,11:3000,12:3296,13:2501,14:3177,15:2450,16:2402,17:2379,18:2374,19:2469,20:2519,21:2418,22:2388,23:2532,24:2577,25:2442,26:2429,27:2542,28:2480,29:3173,30:2583,31:2572,32:2619,33:2938,34:3258,35:2568,36:2579,37:3111,38:2457,39:2514,40:2441,41:2494,42:2421,43:2979,44:2397,45:2402,46:2350,47:2625,48:2605,49:2353,50:2430,51:2401,52:2643,53:3290,54:2510,55:2636,56:2501,57:2409,58:2621,59:2500,60:2620,61:2584,62:2630,63:2421,64:2394,65:2448,66:2380,67:2375,68:2626,69:2538,70:2445,71:2358,72:2377,73:2404,74:2605,75:2982,76:2513,77:2497,78:2600,79:2359,80:2568,81:2595,82:2463,83:2507,84:2974,85:2463,86:2576,87:2642,88:2570,89:2604,90:2611,91:2518,92:2386,93:2499,94:3229,95:2448,96:2427,97:2992,98:2641,99:2544,100:2557,101:2633,102:2543,103:2406,104:2434,105:2517,106:2594,107:2501,108:2508,109:2551,110:2516,111:2473,112:3003,113:2596,114:2621,115:2570,116:2959,117:2396,118:2388,119:2376,120:2468,121:2356,122:2564,123:2421,124:2496,125:2601,126:2482,127:2367,128:2981,129:2416,130:2531,131:2630,132:2632,133:2376,134:2411,135:2957,136:2558,137:2356,138:2637,139:2595,140:2469,141:2623,142:2620,143:2402,144:3019,145:2582,146:2477,147:3170,148:2473,149:3297,150:2494,151:2402,152:3078,153:2415,154:2406,155:2483,156:2514,157:2532,158:2421,159:2484,160:2568,161:2420,162:2372,163:2611,164:2618,165:2453,166:2480,167:2521,168:2612,169:2577,170:2402,171:2642,172:2406,173:2471,174:2603,175:2433,176:2527,177:2636,178:2490,179:2557,180:3028,181:2646,182:3141,183:2452,184:2406,185:3224,186:2504,187:2399,188:2433,189:2460,190:2533,191:3020,192:2521,193:3005,194:2929,195:2590,196:2384,197:2511,198:2382,199:2614,200:2446,201:3121,202:2632,203:2524,204:2475,205:2478,206:2505,207:3029,208:2531,209:2379,210:2378,211:3019,212:2471,213:2600,214:2582,215:2507,216:2370,217:2501,218:2374,219:2400,220:2548,221:2500,222:2352,223:2358,224:2593,225:2366,226:2529,227:3182,228:3016,229:2648,230:2550,231:2426,232:2647,233:3277,234:2520,235:2974,236:2368,237:2399,238:3091,239:2436,240:2409,241:2510,242:2638,243:3186,244:2572,245:2579,246:2535,247:3111,248:2596,249:2435,250:2458,251:2488,252:2631,253:3122,254:2643,255:2423,256:2477,257:2560,258:2639,259:2601,260:2508,261:2459,262:2365,263:2473,264:2382,265:3242,266:2474,267:2388,268:2430,269:2554,270:2928,271:3184,272:2408,273:2630,274:2555,275:2635,276:2374,277:2509,278:2645,279:2649,280:2446,281:2435,282:2571,283:2611,284:3181,285:2554,286:2503,287:2468,288:2569,289:2624,290:2496,291:2933,292:2585,293:2373,294:2354,295:2561,296:2446,297:2366,298:2470,299:2546,300:2447,301:3031,302:2941,303:2402,304:2463,305:3299,306:2387,307:2439,308:2600,309:2592,310:2503,311:2437,312:2569,313:3193,314:2578,315:2629,316:2507,317:2458,318:2648,319:3078,320:2543,321:2470,322:2583,323:2926,324:2530,325:3275,326:2499,327:2624,328:2602,329:2590,330:2400,331:2513,332:3059,333:2526,334:2394,335:2361,336:2458,337:2351,338:2374,339:2583,340:2613,341:3136,342:2547,343:2527,344:2357,345:2374,346:3235,347:2497,348:2517,349:2532,350:2907,351:2359,352:2445,353:2399,354:2968,355:2465,356:2525,357:2354,358:2943,359:2416
0:2456,1:2610,2:2528,3:2946,4:2600,5:2439,6:2387,7:3158,8:2391,9:2578,10:2558,11:2637,12:2577,13:2599,14:2447,15:2619,16:2458,17:2582,18:2568,19:2393,20:2930,21:3131,22:2542,23:2443,24:2509,25:2480,26:2505,27:3046,28:2354,29:2353,30:2476,31:2358,32:2591,33:2549,34:2476,35:2368,36:2350,37:2418,38:2572,39:2647,40:3188,41:2526,42:2439,43:3169,44:3201,45:2511,46:2542,47:2631,48:2352,49:2514,50:2496,51:2465,52:2372,53:2587,54:2628,55:2433,56:3089,57:2459,58:3223,59:2465,60:2641,61:2612,62:2390,63:2527,64:2575,65:2629,66:2634,67:2555,68:2403,69:2632,70:2415,71:2575,72:2425,73:2433,74:2426,75:2602,76:2482,77:2421,78:2454,79:3044,80:2462,81:2413,82:2508,83:2614,84:2457,85:2559,86:2547,87:2616,88:2466,89:2472,90:2581,91:2425,92:3133,93:2398,94:3241,95:2476,96:2466,97:2408,98:2557,99:2401,100:2601,101:2502,102:2579,103:2566,104:2468,105:2429,106:2529,107:2541,108:2443,109:2528,110:2475,111:2636,112:2521,113:2462,114:2380,115:2516,116:2916,117:2522,118:2531,119:2512,120:3247,121:2369,122:2568,123:3170,124:2566,125:2378,126:2528,127:2529,128:2637,129:2470,130:2578,131:2492,132:2423,133:2485,134:2479,135:2645,136:2553,137:2479,138:2502,139:2557,140:3039,141:2415,142:2625,143:2400,144:2522,145:2426,146:2605,147:2592,148:3268,149:3282,150:2543,151:2452,152:2376,153:2541,154:2474,155:2402,156:2389,157:2501,158:2484,159:2578,160:2539,161:3118,162:2489,163:2425,164:2592,165:2360,166:2478,167:2608,168:2969,169:2593,170:2427,171:2361,172:2355,173:3116,174:2431,175:2621,176:2539,177:2943,178:2441,179:2510,180:2561,181:3054,182:3188,183:2540,184:2565,185:2616,186:3183,187:2545,188:2615,189:3297,190:3215,191:2529,192:2473,193:2616,194:2616,195:2383,196:2411,197:2505,198:2608,199:2534,200:2583,201:2533,202:2383,203:2516,204:3068,205:2429,206:2406,207:2403,208:2577,209:2510,210:3148,211:2567,212:2595,213:2358,214:2612,215:2555,216:2482,217:2426,218:2637,219:2493,220:3193,221:2541,222:2450,223:2365,224:2534,225:2607,226:2917,227:2410,228:2407,229:2588,230:2426,231:2562,232:2541,233:2543,234:2932,235:2375,236:2622,237:2590,238:2605,239:2397,240:2585,241:2384,242:2645,243:2382,244:2414,245:2412,246:2556,247:2388,248:2466,249:2479,250:2930,251:2440,252:2361,253:3065,254:2589,255:2425,256:2389,257:2459,258:3285,259:2457,260:3035,261:2545,262:2521,263:2352,264:2359,265:2633,266:3237,267:2512,268:2465,269:2582,270:3174,271:2490,272:3236,273:2414,274:2430,275:2430,276:2545,277:2512,278:2439,279:2373,280:3250,281:3086,282:3253,283:2562,284:2548,285:2366,286:2623,287:2537,288:2454,289:2620,290:2587,291:3212,292:2489,293:2457,294:2620,295:2481,296:3061,297:2620,298:2415,299:2395,300:2444,301:2556,302:2419,303:2502,304:2527,305:3183,306:2476,307:2449,308:2552,309:2413,310:2596,311:2495,312:2462,313:3246,314:2502,315:3232,316:2534,317:3082,318:3046,319:2540,320:2390,321:2438,322:2546,323:2560,324:2574,325:2553,326:2485,327:2353,328:2464,329:2532,330:2525,331:2548,332:2507,333:2478,334:2388,335:2571,336:2629,337:2485,338:2634,339:3298,340:2580,341:2512,342:2546,343:2979,344:2922,345:2620,346:2620,347:2604,348:2646,349:2462,350:2460,351:2985,352:2506,353:2640,354:2622,355:2580,356:2579,357:2621,358:2630,359:2644
0:2470,1:2371,2:2444,3:2492,4:2457,5:2502,6:3047,7:2404,8:2574,9:2911,10:2469,11:2546,12:2393,13:2392,14:2548,15:2374,16:2411,17:2555,18:2579,19:2400,20:2458,21:2360,22:2426,23:2386,24:2471,25:2548,26:2460,27:2420,28:2475,29:2596,30:2393,31:3250,32:2981,33:2617,34:3260,35:2606,36:2476,37:2557,38:2508,39:2961,40:3197,41:2500,42:2643,43:2420,44:2454,45:2388,46:2426,47:2399,48:2563,49:2554,50:2481,51:2612,52:2516,53:2376,54:2548,55:2568,56:2420,57:2393,58:2613,59:2368,60:2577,61:3225,62:2486,63:2444,64:2601,65:2473,66:2427,67:2351,68:2622,69:2476,70:2426,71:2475,72:2357,73:2542,74:2646,75:2583,76:2525,77:2480,78:3117,79:2431,80:2426,81:2480,82:2397,83:2573,84:2458,85:2603,86:2634,87:3220,88:3177,89:2545,90:2631,91:2533,92:2639,93:2494,94:2432,95:2500,96:2629,97:2551,98:2469,99:2412,100:2425,101:2620,102:2470,103:2640,104:2411,105:3017,106:2610,107:2553,108:2926,109:2533,110:2567,111:2420,112:2470,113:2504,114:2420,115:2405,116:2557,117:2550,118:3011,119:2525,120:2556,121:2565,122:2498,123:2353,124:2455,125:2472,126:3112,127:2409,128:2555,129:2419,130:2411,131:2549,132:2479,133:2905,134:2391,135:2575,136:2405,137:2516,138:2622,139:3194,140:2376,141:2483,142:2472,143:2636,144:2510,145:2629,146:2558,147:2481,148:2512,149:3005,150:2530,151:3288,152:2474,153:2489,154:3158,155:2477,156:2441,157:2538,158:2407,159:2371,160:2476,161:2394,162:2606,163:2386,164:2508,165:3265,166:2538,167:2515,168:2616,169:2448,170:2459,171:2559,172:2460,173:2627,174:2440,175:2921,176:3291,177:2552,178:2479,179:2593,180:2377,181:2967,182:2447,183:2929,184:2585,185:2409,186:2462,187:2600,188:3253,189:2552,190:2611,191:2593,192:2564,193:2386,194:2623,195:3216,196:2935,197:2642,198:2572,199:2561,200:2455,201:2377,202:2466,203:2597,204:2489,205:3131,206:2586,207:2578,208:2386,209:2648,210:2457,211:2621,212:2623,213:2549,214:2632,215:2588,216:3193,217:2534,218:2571,219:2477,220:2945,221:2358,222:2526,223:2475,224:2469,225:3091,226:2358,227:2476,228:2963,229:2561,230:2449,231:2472,232:2416,233:2641,234:2456,235:3226,236:2353,237:3215,238:2520,239:2453,240:2384,241:2527,242:2560,243:2631,244:2514,245:2377,246:2362,247:2612,248:2619,249:2413,250:2485,251:3261,252:2507,253:2388,254:2500,255:2364,256:2530,257:2373,258:2582,259:2574,260:2480,261:2421,262:2389,263:2421,264:2478,265:2639,266:2575,267:2571,268:2641,269:2391,270:2496,271:2649,272:2413,273:2584,274:2577,275:2556,276:2476,277:2539,278:2507,279:2559,280:2357,281:2572,282:2645,283:2440,284:2926,285:2380,286:2509,287:2943,288:2463,289:2378,290:2600,291:2548,292:2448,293:2569,294:2434,295:2362,296:2608,297:2484,298:2509,299:3050,300:2642,301:2467,302:3032,303:2429,304:2479,305:2582,306:3119,307:2385,308:2388,309:3070,310:2366,311:2533,312:2437,313:2505,314:2926,315:2542,316:2545,317:2583,318:2403,319:2365,320:2436,321:2917,322:2499,323:2535,324:3223,325:2516,326:3239,327:2618,328:2490,329:2374,330:2636,331:2913,332:2529,333:3173,334:2440,335:2488,336:3291,337:2536,338:2441,339:2411,340:3164,341:3142,342:2357,343:2371,344:2434,345:3136,346:3030,347:2452,348:2462,349:2572,350:2599,351:2980,352:2549,353:2963,354:2365,355:2637,356:2565,357:3124,358:2352,359:2633
0:2493,1:2380,2:2566,3:2409,4:2354,5:2633,6:2478,7:2523,8:2427,9:2374,10:2483,11:2530,12:2553,13:2351,14:2570,15:3047,16:2523,17:2468,18:2639,19:2966,20:2354,21:2455,22:2617,23:2456,24:2963,25:3228,26:2475,27:2401,28:2420,29:2466,30:2545,31:2381,32:2573,33:2512,34:2457,35:2634,36:2391,37:2527,38:2609,39:2522,40:2587,41:2355,42:2427,43:2461,44:2383,45:2374,46:2932,47:2414,48:2507,49:2460,50:2381,51:2421,52:3274,53:2411,54:2642,55:2379,56:2628,57:3211,58:2458,59:2461,60:3211,61:2406,62:2503,63:2480,64:2538,65:2430,66:2440,67:2385,68:2516,69:2367,70:2397,71:2549,72:2490,73:3276,74:2415,75:2588,76:2486,77:2396,78:2495,79:2458,80:2560,81:2459,82:3027,83:2604,84:2561,85:2557,86:2615,87:2594,88:2625,89:2496,90:2552,91:2387,92:2626,93:2427,94:3185,95:2464,96:2603,97:2462,98:2548,99:2406,100:2473,101:2590,102:3209,103:2904,104:2611,105:2485,106:2362,107:2541,108:2434,109:2530,110:2579,111:3279,112:2456,113:2409,114:2525,115:2578,116:2589,117:2394,118:2454,119:2612,120:2475,121:2368,122:2952,123:2553,124:2496,125:3095,126:2506,127:2503,128:2586,129:2431,130:2456,131:3238,132:2561,133:2410,134:2508,135:3168,136:2576,137:2489,138:2438,139:3256,140:2425,141:2529,142:2945,143:3255,144:2518,145:3244,146:2568,147:2531,148:2384,149:2380,150:2555,151:2448,152:2569,153:2567,154:2382,155:2520,156:2562,157:3212,158:3182,159:2545,160:2419,161:3141,162:2444,163:2626,164:2464,165:2454,166:2352,167:2622,168:2381,169:2462,170:3068,171:2538,172:2353,173:2580,174:2381,175:2580,176:2482,177:2425,178:2945,179:2556,180:2511,181:2634,182:3086,183:2644,184:2558,185:2519,186:2634,187:2370,188:2445,189:2365,190:3173,191:2622,192:2586,193:2619,194:2514,195:2607,196:2453,197:2449,198:2563,199:2932,200:2527,201:2600,202:2508,203:2640,204:2572,205:2556,206:2628,207:2458,208:2599,209:2357,210:2586,211:2642,212:3031,213:2927,214:2623,215:3173,216:2350,217:2557,218:2417,219:2508,220:2615,221:3041,222:2353,223:2545,224:2465,225:2469,226:2951,227:3042,228:2495,229:2406,230:2448,231:2415,232:2468,233:2572,234:2595,235:2474,236:2963,237:2636,238:2555,239:2423,240:3156,241:2432,242:2543,243:2534,244:2416,245:2590,246:2374,247:2573,248:2522,249:2632,250:3253,251:2624,252:2590,253:2519,254:2549,255:2533,256:2505,257:2540,258:2546,259:2985,260:2350,261:3033,262:2431,263:2509,264:2431,265:2515,266:2493,267:2996,268:2545,269:2550,270:2417,271:3289,272:2509,273:2426,274:2574,275:2407,276:3188,277:2432,278:2461,279:2576,280:2535,281:2411,282:3193,283:2435,284:2564,285:2424,286:2387,287:2517,288:2553,289:2461,290:2590,291:2439,292:2405,293:2511,294:3154,295:2386,296:2452,297:2492,298:2442,299:3202,300:2643,301:3023,302:2515,303:2465,304:2469,305:2537,306:2436,307:2623,308:2380,309:3252,310:2430,311:2603,312:2492,313:2503,314:2588,315:2544,316:2373,317:2433,318:2645,319:2490,320:3257,321:2584,322:2615,323:2445,324:2388,325:2615,326:2573,327:2427,328:2392,329:2447,330:2606,331:2479,332:2521,333:2490,334:2596,335:2395,336:2381,337:2470,338:2642,339:2454,340:3057,341:2370,342:2449,343:2536,344:2622,345:2457,346:2537,347:2559,348:2485,349:2557,350:3252,351:2624,352:2554,353:2537,354:2561,355:2590,356:2640,357:2395,358:3153,359:2450
0:3215,1:2384,2:2622,3:2536,4:2638,5:2390,6:2916,7:2440,8:2417,9:2365,10:2356,11:2456,12:2562,13:2606,14:3207,15:2612,16:2551,17:2521,18:2368,19:2350,20:2533,21:2923,22:2558,23:2580,24:2462,25:2617,26:2519,27:3039,28:2357,29:2478,30:2400,31:2537,32:2523,33:2423,34:2533,35:2517,36:2971,37:2581,38:2472,39:2554,40:2523,41:2629,42:2608,43:2632,44:2424,45:2612,46:2451,47:2649,48:2593,49:2445,50:2359,51:3213,52:3195,53:2508,54:2569,55:2406,56:2624,57:2552,58:2510,59:2444,60:2485,61:2353,62:2443,63:2591,64:2543,65:2582,66:2633,67:2382,68:3127,69:2448,70:2587,71:2583,72:2422,73:2361,74:3246,75:3196,76:2463,77:2359,78:2465,79:2573,80:2433,81:3067,82:2396,83:2621,84:2502,85:2517,86:2647,87:2645,88:2532,89:2527,90:2621,91:3135,92:2643,93:2616,94:2470,95:2497,96:2458,97:2638,98:3138,99:2535,100:2566,101:2528,102:2372,103:2500,104:2533,105:2614,106:2563,107:2490,108:2582,109:2407,110:2573,111:2425,112:2395,113:3069,114:2392,115:2566,116:2596,117:2560,118:2447,119:2379,120:2558,121:2489,122:2404,123:2483,124:2626,125:2507,126:2355,127:2579,128:2645,129:2439,130:2470,131:2481,132:2624,133:2613,134:2404,135:2549,136:2403,137:2528,138:2517,139:2613,140:2526,141:2638,142:2523,143:2929,144:3298,145:2595,146:2371,147:2511,148:3289,149:2481,150:3014,151:2506,152:2551,153:2630,154:2416,155:2620,156:2461,157:2450,158:2391,159:2399,160:2588,161:2461,162:2449,163:2577,164:2593,165:2409,166:2502,167:2546,168:2512,169:2618,170:2585,171:2505,172:2520,173:2622,174:2545,175:2464,176:2618,177:2355,178:2625,179:2362,180:3019,181:2618,182:2639,183:3066,184:2618,185:3197,186:2446,187:2389,188:2486,189:2989,190:2442,191:2641,192:2492,193:2543,194:2388,195:2367,196:2582,197:2424,198:2438,199:2367,200:2555,201:2491,202:2416,203:2407,204:3283,205:2392,206:3247,207:2426,208:2444,209:2359,210:2592,211:2597,212:2627,213:2648,214:2459,215:2602,216:3086,217:2385,218:2635,219:2541,220:3216,221:2396,222:2943,223:2426,224:2550,225:2354,226:2499,227:2466,228:2491,229:2450,230:2558,231:2460,232:2581,233:2415,234:2508,235:2414,236:2566,237:3184,238:2355,239:2374,240:2568,241:2460,242:2636,243:2427,244:3073,245:2445,246:2575,247:2357,248:2547,249:2633,250:2493,251:2359,252:2390,253:2620,254:2527,255:2366,256:2641,257:3203,258:2554,259:2592,260:2520,261:2490,262:2594,263:2503,264:2613,265:2566,266:2919,267:2540,268:2476,269:2608,270:2437,271:2402,272:2970,273:2464,274:2567,275:3122,276:2961,277:2400,278:3284,279:2380,280:2625,281:2415,282:2585,283:2422,284:2511,285:2406,286:2642,287:2397,288:2644,289:2624,290:2369,291:2621,292:2577,293:2595,294:2383,295:3108,296:2362,297:2436,298:2624,299:2441,300:2614,301:2351,302:2579,303:2547,304:3227,305:2537,306:2571,307:2632,308:2615,309:2400,310:2605,311:2906,312:2385,313:2432,314:2389,315:2400,316:2637,317:2553,318:2412,319:2634,320:2572,321:2554,322:2455,323:2453,324:2420,325:2968,326:2487,327:2614,328:2584,329:2607,330:2421,331:2595,332:2577,333:2569,334:2447,335:2458,336:2443,337:2396,338:2593,339:2405,340:2372,341:2519,342:2537,343:2388,344:2508,345:2492,346:2427,347:2541,348:2413,349:2434,350:2512,351:2907,352:2455,353:2438,354:2989,355:3173,356:2568,357:2480,358:2630,359:2474
0:2540,1:2414,2:2648,3:2469,4:2608,5:2597,6:2449,7:2624,8:2549,9:2358,10:2475,11:2432,12:2469,13:2589,14:3108,15:2626,16:2395,17:2468,18:2422,19:3155,20:2396,21:2406,22:3038,23:2506,24:2426,25:2487,26:2538,27:2451,28:2475,29:2382,30:2421,31:2355,32:2466,33:2474,34:3169,35:2649,36:2431,37:2522,38:2634,39:2585,40:2355,41:2445,42:2449,43:2456,44:2617,45:2501,46:3197,47:2358,48:2593,49:2515,50:2935,51:2512,52:3086,53:2374,54:2451,55:2458,56:2353,57:2493,58:2982,59:2382,60:2404,61:2601,62:2610,63:2575,64:2353,65:2421,66:2614,67:2539,68:2507,69:2390,70:2442,71:2458,72:2557,73:2496,74:2376,75:2432,76:2370,77:2391,78:2434,79:2596,80:2398,81:2575,82:2939,83:3022,84:2513,85:2429,86:2612,87:2609,88:3152,89:2634,90:2433,91:3153,92:2394,93:2638,94:2644,95:2472,96:2442,97:2575,98:2463,99:2394,100:2352,101:2442,102:2392,103:2426,104:2413,105:2391,106:2625,107:2455,108:3129,109:2457,110:2648,111:2623,112:2534,113:2958,114:2610,115:2633,116:3220,117:2638,118:2572,119:2500,120:2567,121:2513,122:2505,123:2597,124:2490,125:2545,126:2384,127:2435,128:2535,129:2609,130:2567,131:2493,132:2630,133:2490,134:3076,135:2396,136:2381,137:2428,138:2424,139:2357,140:2995,141:2421,142:2492,143:2403,144:2549,145:2485,146:3001,147:2560,148:2549,149:2548,150:2555,151:2425,152:2440,153:2453,154:2548,155:2596,156:2569,157:2453,158:2640,159:2406,160:2492,161:2509,162:2529,163:3101,164:3073,165:2576,166:2410,167:2587,168:2514,169:2518,170:2459,171:3035,172:2358,173:3158,174:2508,175:2473,176:2610,177:2494,178:2500,179:2564,180:2636,181:3063,182:2352,183:2491,184:2615,185:3077,186:2384,187:2621,188:2441,189:3240,190:2573,191:2520,192:2446,193:2614,194:2464,195:3006,196:2470,197:2420,198:2511,199:2391,200:2546,201:2587,202:2595,203:2570,204:2381,205:2578,206:2576,207:3220,208:2376,209:2491,210:2558,211:2504,212:2577,213:2953,214:2478,215:2464,216:2447,217:2556,218:2581,219:2502,220:2496,221:2618,222:2402,223:2534,224:2455,225:2386,226:2429,227:2360,228:3038,229:2502,230:2561,231:2581,232:2572,233:3176,234:2400,235:2544,236:2628,237:2507,238:2410,239:2365,240:3215,241:2447,242:2374,243:2502,244:2356,245:2374,246:2624,247:2503,248:2911,249:2491,250:2461,251:2558,252:3240,253:2533,254:2945,255:2511,256:3253,257:2370,258:3001,259:2423,260:2583,261:2550,262:2396,263:2593,264:2577,265:2476,266:2367,267:2582,268:2638,269:2556,270:2595,271:3141,272:3154,273:2469,274:2359,275:2451,276:2361,277:2573,278:2416,279:2585,280:2448,281:2465,282:2527,283:2526,284:2352,285:2629,286:2393,287:2426,288:2409,289:3076,290:2352,291:2619,292:3272,293:3060,294:2594,295:2591,296:3062,297:2426,298:2633,299:3055,300:2498,301:2587,302:2581,303:3137,304:2403,305:3209,306:2405,307:2394,308:2626,309:2406,310:2588,311:2444,312:2430,313:2561,314:2507,315:2361,316:3027,317:2623,318:2935,319:2508,320:3296,321:2489,322:2543,323:3074,324:2452,325:2438,326:2371,327:2507,328:2416,329:2454,330:2464,331:3288,332:2538,333:3148,334:3001,335:2614,336:2592,337:2465,338:2371,339:2553,340:2476,341:2622,342:2406,343:2931,344:2428,345:2364,346:2381,347:2551,348:2520,349:2371,350:2616,351:2569,352:2362,353:2481,354:2519,355:2608,356:2633,357:2609,358:3226,359:2647
0:2448,1:2475,2:2371,3:2441,4:2351,5:2380,6:2998,7:2445,8:2429,9:2496,10:2564,11:2388,12:3040,13:2489,14:2577,15:2597,16:2387,17:2556,18:2642,19:2519,20:2413,21:2579,22:2591,23:2366,24:2589,25:2366,26:2531,27:2518,28:2991,29:2504,30:3211,31:3010,32:2443,33:2367,34:2389,35:2511,36:2448,37:2901,38:2582,39:2496,40:2541,41:2497,42:2509,43:2616,44:2462,45:2518,46:3087,47:2427,48:2469,49:2554,50:2426,51:2400,52:2430,53:2576,54:2406,55:2595,56:2557,57:2457,58:2977,59:2404,60:2511,61:2499,62:2476,63:2626,64:2596,65:2447,66:2533,67:2512,68:2391,69:2462,70:2511,71:2353,72:3138,73:3185,74:2532,75:2589,76:2961,77:3168,78:3166,79:2603,80:2512,81:2624,82:2353,83:3072,84:2503,85:2902,86:2936,87:2591,88:2573,89:3046,90:2482,91:2495,92:2575,93:2475,94:2643,95:3281,96:2488,97:2478,98:2608,99:2476,100:2518,101:2489,102:2607,103:2626,104:2408,105:3011,106:2366,107:2445,108:2367,109:2547,110:2514,111:2435,112:2388,113:2482,114:3290,115:2585,116:2401,117:2489,118:2987,119:2629,120:2568,121:2571,122:2900,123:2508,124:2955,125:2546,126:2546,127:3003,128:2456,129:2361,130:3098,131:2378,132:2626,133:2381,134:2511,135:2453,136:3197,137:2519,138:2631,139:2428,140:2564,141:2582,142:3108,143:2622,144:2634,145:2355,146:2471,147:2567,148:2978,149:3043,150:2369,151:2594,152:2598,153:2517,154:3179,155:3048,156:2529,157:2581,158:2463,159:2478,160:2649,161:3204,162:2640,163:2578,164:3033,165:2502,166:2631,167:2481,168:2589,169:2981,170:2540,171:2354,172:2512,173:2422,174:2361,175:2519,176:2471,177:2372,178:2575,179:2416,180:2519,181:3116,182:2409,183:2452,184:3271,185:2381,186:2471,187:2365,188:2549,189:2520,190:2950,191:2532,192:2587,193:2400,194:2632,195:3171,196:2523,197:2622,198:2537,199:2602,200:2403,201:2464,202:2599,203:2391,204:2477,205:2647,206:2574,207:3188,208:2373,209:2456,210:2927,211:2630,212:2497,213:2393,214:2537,215:2527,216:2604,217:2429,218:2585,219:2487,220:2536,221:2588,222:3283,223:2464,224:2512,225:2413,226:2625,227:2379,228:2402,229:2926,230:2601,231:2502,232:2537,233:2467,234:2446,235:3020,236:2989,237:3044,238:2514,239:2965,240:2365,241:2380,242:2434,243:3070,244:2568,245:2588,246:2623,247:2501,248:2944,249:2540,250:3119,251:2399,252:2385,253:2402,254:3247,255:2354,256:2485,257:3148,258:2407,259:2501,260:2360,261:2586,262:2430,263:2361,264:2402,265:2440,266:2372,267:2632,268:2388,269:2566,270:3198,271:2545,272:2579,273:2566,274:2625,275:3025,276:2354,277:3257,278:2439,279:2577,280:2557,281:2558,282:2635,283:2589,284:3202,285:2506,286:2499,287:3282,288:2991,289:2371,290:2501,291:2944,292:2351,293:2408,294:2535,295:2498,296:2507,297:2361,298:2622,299:2592,300:2492,301:2954,302:2371,303:2609,304:3028,305:3267,306:2411,307:2500,308:3151,309:3008,310:2458,311:3248,312:3019,313:3022,314:2408,315:2577,316:2446,317:2376,318:2493,319:2645,320:2371,321:2919,322:2411,323:2506,324:2625,325:2617,326:2645,327:2904,328:2379,329:2608,330:2586,331:2459,332:2620,333:2548,334:2462,335:2519,336:2362,337:2355,338:2995,339:2511,340:2643,341:2418,342:3097,343:2577,344:2578,345:2642,346:2510,347:2549,348:2373,349:3038,350:2646,351:2459,352:2983,353:2603,354:2996,355:2559,356:2419,357:2592,358:2415,359:2498
0:2599,1:2551,2:2604,3:3295,4:2602,5:3082,6:2573,7:2616,8:2355,9:2458,10:2448,11:3122,12:2540,13:2584,14:2647,15:2403,16:2553,17:2601,18:2596,19:2363,20:2494,21:3204,22:2389,23:2429,24:2451,25:2395,26:2530,27:2486,28:2623,29:2634,30:2398,31:2452,32:2490,33:2548,34:2457,35:2453,36:2446,37:2525,38:2553,39:2452,40:2415,41:2513,42:2410,43:2502,44:2357,45:2537,46:2389,47:2589,48:2493,49:2581,50:2437,51:2603,52:2620,53:2506,54:2352,55:3298,56:2649,57:2561,58:2366,59:2614,60:3026,61:2451,62:2476,63:2363,64:2364,65:2478,66:2452,67:2418,68:2453,69:2508,70:2466,71:2548,72:2555,73:2519,74:2412,75:2576,76:2424,77:2452,78:3271,79:2406,80:2556,81:2594,82:2483,83:2581,84:2391,85:2649,86:2412,87:2429,88:2427,89:2432,90:2621,91:2440,92:2544,93:2489,94:2582,95:2459,96:2583,97:2561,98:2618,99:2426,100:2414,101:2418,102:3133,103:2529,104:2617,105:2956,106:2630,107:2598,108:3218,109:2363,110:3106,111:2521,112:2481,113:2571,114:2632,115:3270,116:3164,117:2590,118:2523,119:3244,120:2571,121:2534,122:3204,123:2626,124:3250,125:2578,126:2600,127:2415,128:2416,129:2398,130:2612,131:2623,132:2468,133:2574,134:2930,135:2595,136:2512,137:2530,138:2626,139:2492,140:2540,141:2640,142:2463,143:2569,144:2366,145:2557,146:2404,147:3253,148:2415,149:2989,150:2561,151:2573,152:2437,153:3113,154:2585,155:3237,156:2368,157:2518,158:3020,159:2636,160:2599,161:2610,162:2616,163:2527,164:2585,165:2593,166:2411,167:2362,168:2611,169:2645,170:2607,171:3231,172:2457,173:2392,174:2484,175:2577,176:2978,177:2549,178:2461,179:2378,180:2562,181:2430,182:2544,183:3005,184:2460,185:2425,186:2631,187:3016,188:2592,189:2590,190:2635,191:2441,192:2422,193:2540,194:2477,195:2477,196:2575,197:3041,198:2538,199:2646,200:2540,201:2445,202:2351,203:2618,204:2407,205:2622,206:2462,207:2585,208:3194,209:2964,210:3286,211:2494,212:2426,213:2465,214:2596,215:2567,216:2565,217:2514,218:2457,219:2370,220:2587,221:2405,222:2483,223:2912,224:2539,225:2504,226:2373,227:2488,228:2510,229:2466,230:2432,231:2634,232:3048,233:2594,234:2619,235:2361,236:2435,237:2362,238:2455,239:3035,240:2385,241:2473,242:2570,243:2594,244:2528,245:3060,246:2421,247:2468,248:2448,249:3245,250:2355,251:2566,252:2395,253:2398,254:2634,255:2523,256:3047,257:2385,258:2902,259:2390,260:2592,261:2536,262:3276,263:2617,264:2458,265:2365,266:3145,267:3217,268:2525,269:2969,270:3258,271:2606,272:2528,273:2592,274:2646,275:2607,276:2388,277:2374,278:2590,279:2576,280:2552,281:2384,282:2497,283:2521,284:2386,285:2404,286:2611,287:2550,288:2420,289:2546,290:2615,291:2960,292:2464,293:3208,294:2359,295:2394,296:2615,297:2621,298:2443,299:2485,300:2470,301:3078,302:2556,303:2487,304:2401,305:2411,306:2552,307:2480,308:2566,309:2479,310:2627,311:2572,312:2357,313:2624,314:2456,315:3169,316:2528,317:2406,318:2642,319:2557,320:2572,321:2635,322:2453,323:2444,324:2640,325:2406,326:2400,327:2994,328:2492,329:2383,330:2465,331:2937,332:2528,333:2379,334:2566,335:2397,336:2459,337:3083,338:2647,339:2929,340:2491,341:2506,342:2522,343:2484,344:2458,345:2632,346:2441,347:2641,348:2577,349:2355,350:2461,351:2578,352:2624,353:2497,354:2618,355:2434,356:3083,357:2472,358:2470,359:2625
0:2512,1:2409,2:2465,3:2439,4:2616,5:2608,6:2444,7:2380,8:2416,9:2538,10:3172,11:2479,12:2564,13:2491,14:2533,15:2499,16:2382,17:2518,18:2393,19:2472,20:2599,21:2595,22:2636,23:3235,24:2617,25:2453,26:2411,27:2581,28:2399,29:2596,30:2619,31:2563,32:2521,33:2450,34:3033,35:2637,36:2371,37:2531,38:2616,39:3004,40:2487,41:2469,42:2388,43:3291,44:2466,45:2357,46:2489,47:2613,48:2449,49:2597,50:2625,51:2370,52:2587,53:2355,54:2574,55:2456,56:3138,57:2598,58:2537,59:2605,60:2495,61:3244,62:2483,63:2375,64:2501,65:2615,66:2480,67:3019,68:2928,69:2421,70:2467,71:2590,72:2423,73:2629,74:2606,75:2514,76:2548,77:2574,78:2539,79:2456,80:3049,81:2649,82:2535,83:2448,84:2368,85:2538,86:2552,87:2472,88:2393,89:2639,90:2424,91:2628,92:3276,93:3264,94:2467,95:2418,96:3229,97:2928,98:2488,99:2443,100:2534,101:2631,102:2538,103:2465,104:2388,105:2531,106:2484,107:2507,108:2439,109:2407,110:2642,111:2586,112:2642,113:2457,114:2508,115:2618,116:2628,117:2402,118:2406,119:2382,120:2498,121:2481,122:3108,123:3038,124:2442,125:2484,126:2630,127:2494,128:2635,129:2434,130:2602,131:2413,132:2439,133:2405,134:2438,135:2418,136:2411,137:3065,138:2546,139:3255,140:2559,141:2628,142:2400,143:2473,144:2410,145:2613,146:2486,147:2544,148:2646,149:2469,150:2624,151:2558,152:2494,153:2589,154:2543,155:2374,156:2615,157:2477,158:2390,159:2958,160:2394,161:2637,162:2445,163:2458,164:2432,165:2621,166:2629,167:2376,168:3051,169:2374,170:2649,171:2507,172:2983,173:3192,174:2626,175:2638,176:2572,177:2382,178:2423,179:2557,180:2564,181:2492,182:2369,183:2989,184:2441,185:2990,186:2578,187:2539,188:2608,189:2625,190:2405,191:3210,192:2351,193:2458,194:2417,195:2626,196:3178,197:2451,198:2614,199:2351,200:3182,201:2502,202:2439,203:2591,204:2445,205:2425,206:2419,207:2469,208:2578,209:2388,210:2574,211:2383,212:2355,213:2563,214:2520,215:2591,216:2988,217:2568,218:2422,219:2428,220:2427,221:2438,222:2357,223:2445,224:2438,225:2531,226:2632,227:2527,228:2544,229:2903,230:2460,231:2573,232:2590,233:2366,234:2529,235:2533,236:3118,237:2394,238:2937,239:2572,240:2357,241:2606,242:2458,243:2400,244:2493,245:2477,246:3294,247:2399,248:2424,249:2593,250:2382,251:3227,252:2978,253:2410,254:2507,255:2589,256:2425,257:2634,258:2424,259:2416,260:2575,261:2428,262:2996,263:2377,264:2448,265:2584,266:2406,267:2981,268:2447,269:2416,270:2649,271:2470,272:2532,273:2580,274:2375,275:3150,276:3041,277:2469,278:2385,279:2492,280:2630,281:2511,282:2505,283:2363,284:2599,285:2492,286:2545,287:2955,288:2989,289:2927,290:2500,291:2646,292:2624,293:2561,294:2491,295:2938,296:2425,297:2484,298:2999,299:3077,300:2610,301:2556,302:2383,303:2503,304:2595,305:3154,306:2478,307:2375,308:2584,309:3165,310:2545,311:2478,312:3196,313:3157,314:3101,315:2380,316:2409,317:2455,318:2399,319:2552,320:2423,321:2637,322:2580,323:2517,324:3249,325:2551,326:2495,327:2613,328:3056,329:2634,330:2441,331:2408,332:2586,333:2532,334:2480,335:2923,336:2630,337:2499,338:2485,339:2517,340:2646,341:2617,342:2350,343:2488,344:2577,345:2412,346:2604,347:2419,348:2907,349:3108,350:2379,351:2613,352:2395,353:3243,354:2421,355:2486,356:2445,357:3231,358:2542,359:2494
0:2503,1:2581,2:2524,3:2419,4:2381,5:2557,6:2486,7:2596,8:2367,9:2648,10:2444,11:2554,12:2378,13:2472,14:2941,15:2568,16:2592,17:2432,18:2639,19:2443,20:2470,21:3277,22:2515,23:2550,24:2525,25:2599,26:2403,27:2412,28:2361,29:2566,30:2606,31:2531,32:2404,33:2642,34:2449,35:2399,36:2426,37:2534,38:2386,39:2462,40:2607,41:2463,42:2623,43:2907,44:2602,45:2383,46:2573,47:2614,48:2464,49:2400,50:2627,51:2648,52:2924,53:2513,54:3182,55:3286,56:2504,57:2551,58:2557,59:2571,60:2431,61:2461,62:2461,63:2466,64:3044,65:2392,66:3034,67:2445,68:2548,69:2635,70:2611,71:2464,72:2592,73:2375,74:2527,75:2426,76:2428,77:2405,78:2439,79:2532,80:2474,81:2970,82:2548,83:3031,84:3032,85:2634,86:3244,87:2393,88:2625,89:2366,90:2487,91:2641,92:2508,93:2436,94:2647,95:2526,96:2461,97:2357,98:2567,99:2603,100:2488,101:2381,102:2452,103:2990,104:3078,105:2645,106:2480,107:3020,108:2397,109:2463,110:2647,111:2467,112:2567,113:2530,114:2414,115:2601,116:2414,117:2417,118:2487,119:2626,120:3119,121:2400,122:2562,123:2607,124:2491,125:2382,126:2490,127:2619,128:2497,129:2571,130:2510,131:2438,132:2481,133:2912,134:2516,135:2476,136:3210,137:2386,138:2971,139:2638,140:2549,141:2506,142:2394,143:3279,144:2498,145:2401,146:2471,147:2478,148:2351,149:2430,150:2597,151:2988,152:2582,153:2498,154:2363,155:2479,156:2459,157:2371,158:3022,159:2547,160:2484,161:3224,162:2624,163:3149,164:2482,165:3184,166:2421,167:2573,168:2496,169:2591,170:2434,171:2464,172:3002,173:3258,174:2506,175:2357,176:2648,177:2565,178:2392,179:2477,180:2600,181:2629,182:2375,183:2391,184:3103,185:2454,186:2373,187:2617,188:2586,189:2364,190:2452,191:2587,192:2474,193:2532,194:2607,195:2449,196:2485,197:2394,198:2398,199:2361,200:2560,201:2637,202:2458,203:2452,204:2398,205:2635,206:2414,207:2456,208:2587,209:2412,210:2603,211:2568,212:2495,213:2911,214:2591,215:2389,216:2384,217:2474,218:2457,219:2568,220:2610,221:2585,222:2368,223:2624,224:2604,225:2493,226:2449,227:2490,228:2487,229:2584,230:2370,231:2392,232:2391,233:2490,234:2434,235:2491,236:2461,237:2410,238:2603,239:2423,240:2621,241:2401,242:2563,243:2635,244:2490,245:2351,246:2505,247:3149,248:2531,249:2562,250:2498,251:2364,252:2926,253:2384,254:3077,255:3241,256:2350,257:2362,258:2545,259:2579,260:2384,261:2401,262:2642,263:2387,264:2563,265:2434,266:2491,267:3230,268:2360,269:2538,270:2433,271:2375,272:2389,273:2412,274:2379,275:2485,276:3017,277:3075,278:2632,279:2569,280:2450,281:2369,282:2626,283:2535,284:3184,285:2394,286:2397,287:3016,288:2592,289:2480,290:2648,291:3005,292:2534,293:2528,294:2497,295:2404,296:3105,297:2364,298:2587,299:2542,300:3079,301:3173,302:2423,303:2593,304:2492,305:2620,306:2538,307:2455,308:2453,309:2372,310:2494,311:2492,312:2488,313:2359,314:2404,315:3064,316:2635,317:2366,318:2968,319:2989,320:2399,321:2449,322:2607,323:2575,324:2988,325:3143,326:2527,327:2365,328:3292,329:2576,330:2351,331:2390,332:2475,333:2632,334:2439,335:2383,336:2573,337:2513,338:2435,339:2536,340:2376,341:2486,342:2353,343:2610,344:2646,345:2357,346:2521,347:3023,348:2451,349:2484,350:2368,351:2638,352:2396,353:2541,354:2374,355:2633,356:2469,357:3144,358:2417,359:2424
0:2392,1:2498,2:2408,3:2626,4:2533,5:2504,6:2603,7:2560,8:2450,9:2385,10:2374,11:2361,12:2628,13:2450,14:2641,15:2958,16:2424,17:2420,18:2393,19:3279,20:2576,21:2589,22:2351,23:2470,24:2510,25:2480,26:2956,27:2383,28:2401,29:2446,30:2984,31:2587,32:2590,33:2468,34:2554,35:2410,36:2361,37:2465,38:2434,39:3127,40:2544,41:2423,42:2468,43:2436,44:2516,45:2521,46:3213,47:3174,48:2461,49:2560,50:2511,51:2474,52:3176,53:2560,54:2584,55:3272,56:2396,57:2507,58:2511,59:2452,60:2407,61:2357,62:2398,63:2386,64:2445,65:2375,66:2534,67:2443,68:2412,69:3055,70:3250,71:3260,72:3190,73:2544,74:2421,75:3155,76:2402,77:2492,78:2439,79:2385,80:2516,81:2611,82:2478,83:2435,84:2423,85:2380,86:3269,87:2367,88:2391,89:2423,90:2580,91:2388,92:2414,93:2468,94:2559,95:2417,96:2521,97:2629,98:2611,99:2613,100:2563,101:2468,102:2398,103:2489,104:2446,105:2616,106:3130,107:3281,108:2410,109:2361,110:2529,111:2609,112:3107,113:2453,114:2488,115:2383,116:2531,117:3163,118:2396,119:2587,120:3215,121:2444,122:2582,123:2472,124:2367,125:2386,126:2580,127:2430,128:2413,129:2941,130:2597,131:2508,132:3146,133:2559,134:3069,135:2942,136:2483,137:2438,138:3239,139:2521,140:2644,141:2539,142:2468,143:2575,144:2471,145:3264,146:2517,147:2542,148:2447,149:2585,150:2616,151:3279,152:2604,153:2623,154:2355,155:3251,156:2479,157:2648,158:2393,159:2415,160:2472,161:2461,162:2634,163:2628,164:2630,165:2366,166:2351,167:2398,168:2414,169:2515,170:3267,171:2423,172:2596,173:2575,174:2416,175:2633,176:2559,177:3290,178:3213,179:2598,180:3238,181:2960,182:2589,183:2475,184:2595,185:2977,186:2604,187:2361,188:2622,189:2524,190:2602,191:2434,192:2456,193:2450,194:2600,195:2461,196:2376,197:2488,198:2414,199:2634,200:2582,201:3189,202:2468,203:2618,204:2371,205:2613,206:3282,207:2471,208:2923,209:2463,210:2649,211:2610,212:2555,213:2629,214:2383,215:2558,216:2485,217:2375,218:2562,219:2474,220:2446,221:2647,222:2566,223:2381,224:2353,225:2459,226:2647,227:3013,228:2497,229:2387,230:2518,231:2625,232:2495,233:3189,234:2460,235:2391,236:2959,237:3187,238:2381,239:3125,240:2608,241:2605,242:2390,243:2511,244:3124,245:2352,246:2585,247:2473,248:2359,249:2545,250:2395,251:2495,252:3289,253:3057,254:2374,255:2648,256:2526,257:2529,258:2618,259:3201,260:2444,261:2473,262:2569,263:2603,264:2586,265:2448,266:2629,267:2616,268:2498,269:2626,270:2900,271:2499,272:2615,273:2574,274:2577,275:2384,276:2622,277:2432,278:2459,279:2491,280:2442,281:2489,282:2582,283:3013,284:2564,285:2397,286:2464,287:2523,288:2357,289:2609,290:2579,291:3074,292:3036,293:3024,294:2960,295:2543,296:2524,297:2592,298:2467,299:2376,300:2389,301:2604,302:2936,303:2632,304:3222,305:2470,306:2407,307:2624,308:2534,309:2508,310:2361,311:2493,312:2582,313:2520,314:2354,315:2427,316:2967,317:2529,318:2362,319:2918,320:2516,321:3162,322:2509,323:2458,324:2380,325:2647,326:2420,327:2648,328:2549,329:2466,330:2641,331:2481,332:3089,333:2491,334:2456,335:2647,336:2578,337:2454,338:2374,339:2456,340:2612,341:2365,342:2516,343:2509,344:2638,345:2426,346:2485,347:3025,348:2445,349:2642,350:2529,351:3065,352:2642,353:2402,354:2463,355:2385,356:3215,357:2434,358:2645,359:2458
0:2523,1:2440,2:2574,3:2470,4:2445,5:3192,6:2539,7:2598,8:2506,9:2462,10:2567,11:3062,12:2490,13:2362,14:2405,15:2361,16:2493,17:2954,18:2440,19:2491,20:3243,21:2926,22:2642,23:2434,24:2397,25:2361,26:2920,27:3151,28:2615,29:2960,30:2480,31:2430,32:2546,33:2476,34:2578,35:2394,36:2472,37:2432,38:2380,39:3088,40:2379,41:2583,42:2560,43:2381,44:2464,45:2568,46:2447,47:2435,48:2417,49:2431,50:2490,51:2369,52:3182,53:2619,54:2626,55:2400,56:2580,57:2380,58:2484,59:2516,60:3036,61:2532,62:2386,63:2909,64:2638,65:2517,66:2371,67:2600,68:2356,69:2493,70:2576,71:2635,72:2921,73:2549,74:2371,75:2545,76:2626,77:2567,78:2527,79:2605,80:2648,81:2567,82:2442,83:2603,84:2604,85:2577,86:3266,87:3020,88:2563,89:2363,90:2463,91:2638,92:2414,93:2639,94:2362,95:2590,96:2468,97:2488,98:2394,99:2587,100:2440,101:3044,102:2488,103:2433,104:3111,105:3230,106:2503,107:2421,108:2376,109:2404,110:3227,111:2557,112:2600,113:3257,114:2637,115:2502,116:2433,117:3053,118:2458,119:2504,120:2435,121:2367,122:2509,123:2466,124:2551,125:2387,126:2532,127:2350,128:2616,129:2942,130:2405,131:2395,132:2405,133:2399,134:2634,135:2489,136:2485,137:2403,138:2961,139:2489,140:2352,141:2451,142:2527,143:2584,144:2544,145:2614,146:2996,147:2591,148:2912,149:2519,150:2495,151:2534,152:2442,153:2619,154:2645,155:2544,156:2621,157:2479,158:2607,159:2485,160:2497,161:2625,162:2608,163:2546,164:2428,165:2576,166:2432,167:2596,168:2471,169:2420,170:2569,171:2435,172:2635,173:2550,174:2441,175:2377,176:2483,177:2354,178:2645,179:2563,180:2520,181:2602,182:2488,183:2392,184:3027,185:2497,186:2383,187:2356,188:2522,189:3086,190:2365,191:2511,192:3198,193:2466,194:2427,195:2364,196:2586,197:2388,198:2405,199:2369,200:2404,201:2410,202:2606,203:2644,204:2415,205:2399,206:2572,207:2499,208:2551,209:2609,210:2416,211:3063,212:3192,213:2459,214:2370,215:2493,216:2524,217:2647,218:2543,219:2373,220:2519,221:2595,222:2387,223:2904,224:2606,225:2576,226:3035,227:2600,228:2533,229:2362,230:3115,231:2613,232:2450,233:3173,234:2613,235:2463,236:3170,237:2446,238:2504,239:2576,240:3190,241:2524,242:2473,243:3130,244:2601,245:3046,246:2379,247:2556,248:3124,249:2398,250:2414,251:2972,252:2626,253:2503,254:2381,255:2373,256:2459,257:2567,258:3089,259:2531,260:3071,261:3170,262:2613,263:2568,264:2367,265:3206,266:2414,267:2388,268:2511,269:2471,270:2486,271:2595,272:2433,273:2496,274:2404,275:2504,276:2969,277:2419,278:2613,279:2576,280:2581,281:2643,282:3073,283:3070,284:2420,285:3100,286:2471,287:2552,288:2362,289:2620,290:2359,291:2608,292:2490,293:3156,294:3196,295:3079,296:2362,297:2363,298:2496,299:2573,300:2353,301:2417,302:3170,303:2359,304:2390,305:3020,306:2567,307:2903,308:2357,309:2396,310:3249,311:2522,312:2467,313:2639,314:2354,315:2624,316:2457,317:2432,318:2645,319:2512,320:2491,321:2355,322:2428,323:2462,324:2574,325:2428,326:3028,327:2412,328:2385,329:2554,330:2539,331:2492,332:2547,333:2914,334:2491,335:2492,336:2484,337:2460,338:2647,339:2961,340:2643,341:2451,342:2548,343:2577,344:2383,345:3218,346:3236,347:2566,348:2440,349:2493,350:2472,351:2389,352:2622,353:2577,354:2488,355:2553,356:2618,357:2548,358:2618,359:2441
0:2922,1:2566,2:2588,3:2617,4:2355,5:2590,6:3064,7:2449,8:2428,9:2402,10:2580,11:2480,12:2374,13:3280,14:2399,15:2421,16:2415,17:2470,18:2490,19:2485,20:2494,21:2541,22:2413,23:3205,24:2452,25:2465,26:2453,27:2465,28:2374,29:2627,30:2448,31:3002,32:2499,33:2350,34:2556,35:2366,36:2404,37:2607,38:2369,39:2587,40:2555,41:2634,42:2477,43:2426,44:2600,45:2479,46:2478,47:2396,48:3198,49:2558,50:2547,51:2474,52:2957,53:2415,54:2500,55:2571,56:2492,57:2991,58:2438,59:2435,60:2350,61:2493,62:2417,63:2402,64:2502,65:3270,66:2384,67:2427,68:3025,69:2545,70:2422,71:2454,72:2596,73:2407,74:3216,75:2607,76:2371,77:2540,78:2495,79:2496,80:2623,81:2418,82:2541,83:2495,84:2385,85:3099,86:2621,87:2545,88:2368,89:2533,90:3228,91:2373,92:2523,93:2642,94:2590,95:2421,96:2417,97:2621,98:2376,99:2624,100:3074,101:2471,102:2405,103:2900,104:2608,105:2526,106:3180,107:3157,108:2487,109:2373,110:2563,111:2399,112:2421,113:2947,114:2398,115:2402,116:3133,117:2460,118:2585,119:2553,120:2441,121:2403,122:2455,123:2966,124:2560,125:2350,126:3135,127:2583,128:2618,129:2488,130:2477,131:2632,132:2416,133:2406,134:2374,135:2499,136:2569,137:2462,138:2580,139:2408,140:2449,141:2610,142:2558,143:3208,144:2403,145:3098,146:2378,147:2519,148:2443,149:2423,150:3025,151:2568,152:2560,153:2954,154:2454,155:2577,156:2565,157:2593,158:2519,159:2996,160:2640,161:2957,162:2602,163:3000,164:2437,165:2982,166:2423,167:2623,168:2978,169:2445,170:2470,171:2410,172:2518,173:2409,174:2635,175:2407,176:2579,177:2385,178:2584,179:2504,180:2642,181:2563,182:2544,183:2528,184:2483,185:2374,186:2440,187:2604,188:2479,189:2637,190:2375,191:2542,192:3035,193:2938,194:2383,195:2355,196:3148,197:2610,198:3131,199:2519,200:3147,201:3044,202:2519,203:2594,204:2519,205:2513,206:2404,207:2453,208:2582,209:2401,210:2372,211:2413,212:3010,213:2439,214:2407,215:2992,216:2573,217:2620,218:2477,219:2508,220:2552,221:2457,222:2625,223:2602,224:2513,225:2465,226:2485,227:2571,228:2378,229:2475,230:2567,231:2499,232:2517,233:2631,234:2582,235:2592,236:2633,237:2540,238:2425,239:2575,240:2409,241:2627,242:2445,243:2582,244:3058,245:2470,246:3174,247:2551,248:2359,249:2548,250:2525,251:2495,252:2357,253:2505,254:2599,255:2612,256:2369,257:2376,258:2350,259:3299,260:2575,261:2360,262:2544,263:3177,264:3174,265:2530,266:2476,267:2361,268:3285,269:2464,270:2513,271:2513,272:3275,273:2581,274:2931,275:3046,276:2521,277:2481,278:2420,279:2410,280:2518,281:3051,282:2387,283:2567,284:2426,285:2511,286:2546,287:3193,288:2457,289:2980,290:2405,291:3138,292:2950,293:2418,294:2501,295:2574,296:2481,297:2616,298:2641,299:3163,300:2551,301:2516,302:3040,303:3110,304:2432,305:2630,306:2637,307:2513,308:2903,309:2401,310:2352,311:2521,312:2443,313:2417,314:2577,315:2614,316:2417,317:3257,318:2421,319:2535,320:2557,321:2550,322:2359,323:2924,324:3003,325:2387,326:2494,327:2521,328:2524,329:2537,330:2541,331:3293,332:2485,333:2428,334:2600,335:2574,336:3220,337:2363,338:2488,339:2449,340:2611,341:2583,342:3087,343:2551,344:3006,345:2418,346:2430,347:2481,348:2459,349:2408,350:2403,351:2438,352:2388,353:2407,354:2489,355:2402,356:2606,357:2563,358:2621,359:2559
0:2394,1:2555,2:2646,3:3217,4:2366,5:2633,6:2398,7:2502,8:2423,9:2556,10:2649,11:2554,12:2536,13:2529,14:2400,15:2388,16:2415,17:2596,18:3277,19:2474,20:2926,21:2370,22:2523,23:2494,24:2521,25:2423,26:2377,27:2613,28:2444,29:3079,30:2635,31:2553,32:2499,33:2587,34:2470,35:3258,36:2404,37:2528,38:2439,39:2432,40:2559,41:2615,42:2506,43:3168,44:2613,45:2633,46:2999,47:2359,48:2393,49:2425,50:2502,51:3142,52:2535,53:2368,54:2538,55:2445,56:2408,57:2444,58:2632,59:2634,60:2538,61:2585,62:2446,63:2462,64:2937,65:2952,66:2487,67:2409,68:2392,69:3197,70:3260,71:2624,72:2442,73:2531,74:2383,75:2392,76:2414,77:2603,78:2623,79:2392,80:2367,81:2589,82:2473,83:2527,84:2549,85:2600,86:2618,87:2592,88:2647,89:2500,90:2525,91:2462,92:2499,93:2634,94:2649,95:3284,96:2546,97:2494,98:2461,99:2640,100:2552,101:2984,102:2626,103:2586,104:2533,105:2352,106:2503,107:2375,108:2417,109:2592,110:2463,111:2404,112:2562,113:2466,114:2426,115:2429,116:2625,117:2592,118:2455,119:2426,120:3152,121:2488,122:2486,123:2452,124:2370,125:2467,126:3028,127:2613,128:2391,129:2419,130:3221,131:2603,132:2578,133:2621,134:2642,135:2934,136:2547,137:2502,138:3023,139:2369,140:2920,141:2909,142:2442,143:2429,144:2372,145:2370,146:2532,147:2617,148:2385,149:2576,150:2595,151:2622,152:2641,153:2477,154:2456,155:2448,156:2423,157:2626,158:2401,159:2515,160:2582,161:2371,162:2416,163:2367,164:2602,165:2563,166:3145,167:2382,168:2396,169:2625,170:2558,171:2960,172:2619,173:2431,174:2629,175:2432,176:3096,177:2449,178:2525,179:2444,180:2379,181:2437,182:2573,183:2485,184:2425,185:2427,186:2635,187:2419,188:2379,189:2638,190:2635,191:2391,192:2576,193:2514,194:2393,195:2622,196:2409,197:2606,198:2554,199:2616,200:2446,201:2961,202:2521,203:2495,204:2614,205:2542,206:2462,207:2528,208:2603,209:2582,210:2560,211:2420,212:2602,213:2625,214:3213,215:2505,216:2627,217:2445,218:2497,219:2499,220:2359,221:2370,222:2573,223:2520,224:2536,225:2438,226:2495,227:2621,228:2366,229:2415,230:2558,231:2984,232:2402,233:2516,234:2359,235:3086,236:2617,237:2364,238:2541,239:2623,240:2488,241:2613,242:2600,243:2543,244:2620,245:3203,246:2616,247:2519,248:2643,249:2571,250:2494,251:2451,252:2411,253:2494,254:2417,255:2504,256:2589,257:2500,258:2389,259:2366,260:2583,261:2506,262:2412,263:2437,264:2596,265:2409,266:2570,267:2494,268:2366,269:2568,270:2557,271:2581,272:2478,273:2437,274:3082,275:2608,276:3148,277:2408,278:2638,279:2404,280:2377,281:2513,282:2563,283:2465,284:2529,285:2393,286:2645,287:2596,288:2448,289:2528,290:2565,291:2520,292:2588,293:2634,294:2608,295:2498,296:3012,297:2429,298:3167,299:2610,300:2356,301:2417,302:2376,303:2421,304:2470,305:2481,306:2366,307:2363,308:2986,309:3141,310:3037,311:3024,312:2625,313:3114,314:2519,315:2612,316:2487,317:3078,318:3077,319:2516,320:2350,321:2448,322:2642,323:2473,324:2412,325:3002,326:2641,327:2602,328:2547,329:2638,330:2391,331:3140,332:2539,333:2513,334:2621,335:2556,336:2599,337:2505,338:2997,339:2377,340:2431,341:2384,342:2416,343:2394,344:2543,345:2905,346:2422,347:2639,348:2636,349:2568,350:2402,351:2495,352:2997,353:2384,354:2394,355:2474,356:3041,357:2503,358:2497,359:2431
0:2441,1:2971,2:2356,3:2544,4:2518,5:3174,6:2547,7:2596,8:2458,9:2921,10:2623,11:2455,12:2472,13:2585,14:2517,15:2487,16:2413,17:2473,18:2640,19:2422,20:2557,21:3271,22:2431,23:2513,24:3023,25:2603,26:2637,27:2489,28:2601,29:2486,30:2634,31:3274,32:2515,33:2406,34:2505,35:2509,36:2374,37:2571,38:2495,39:2629,40:2451,41:2373,42:2381,43:2624,44:2505,45:2587,46:2640,47:2431,48:2637,49:2431,50:2595,51:2396,52:2384,53:2610,54:2581,55:2547,56:2437,57:2569,58:2446,59:2385,60:2485,61:3086,62:2438,63:2623,64:2489,65:2362,66:2506,67:3084,68:3233,69:3199,70:2439,71:2462,72:2596,73:2645,74:2604,75:2618,76:2532,77:2453,78:3269,79:2390,80:2551,81:2371,82:2551,83:2602,84:3031,85:2555,86:2414,87:2530,88:2421,89:2628,90:2567,91:2568,92:2386,93:2526,94:2403,95:3288,96:2609,97:2441,98:2555,99:2536,100:2445,101:2608,102:2378,103:3078,104:2433,105:2421,106:2520,107:2389,108:2385,109:2487,110:2608,111:2407,112:2555,113:2525,114:2401,115:2490,116:2462,117:2524,118:2636,119:2456,120:2963,121:2513,122:2411,123:3010,124:2617,125:2432,126:2526,127:2916,128:2436,129:3208,130:2554,131:3034,132:2442,133:3139,134:2372,135:2588,136:2633,137:2904,138:3124,139:2486,140:2399,141:2586,142:2365,143:2629,144:2619,145:2407,146:2618,147:3023,148:2363,149:2418,150:2544,151:2539,152:2612,153:2423,154:3119,155:3233,156:2497,157:2375,158:2610,159:2392,160:2425,161:2543,162:3269,163:2552,164:2457,165:3074,166:2638,167:2458,168:2405,169:2362,170:2366,171:2620,172:2520,173:2520,174:2423,175:2572,176:2429,177:2442,178:2368,179:2512,180:2464,181:2372,182:2520,183:2375,184:2452,185:2470,186:2374,187:2579,188:2570,189:2411,190:2525,191:3057,192:2546,193:2353,194:2450,195:2367,196:2366,197:2564,198:2458,199:2552,200:2625,201:2927,202:2449,203:2395,204:2444,205:2602,206:2617,207:2447,208:2544,209:2567,210:2517,211:2617,212:2544,213:2625,214:2405,215:2384,216:2551,217:2361,218:2595,219:2452,220:2532,221:2603,222:3198,223:2553,224:2448,225:2469,226:2364,227:2430,228:2615,229:2539,230:2353,231:2572,232:2398,233:2643,234:2621,235:2356,236:2490,237:2466,238:2571,239:2642,240:2484,241:2564,242:2501,243:2646,244:2547,245:2403,246:2374,247:2537,248:2458,249:2384,250:2466,251:2409,252:2631,253:2370,254:2519,255:3173,256:2507,257:2926,258:2992,259:2503,260:2516,261:3073,262:2619,263:2557,264:2645,265:3285,266:2467,267:2362,268:3182,269:2991,270:2615,271:2476,272:2631,273:2466,274:2441,275:2531,276:2372,277:2445,278:2645,279:2408,280:2434,281:2941,282:2419,283:2438,284:2579,285:2550,286:2590,287:2420,288:2367,289:2350,290:3123,291:2999,292:2400,293:2595,294:3206,295:2498,296:2490,297:2530,298:2642,299:2638,300:2520,301:2444,302:3006,303:2476,304:2462,305:2399,306:2538,307:2613,308:2648,309:2504,310:2426,311:2935,312:2461,313:2560,314:2620,315:2564,316:2533,317:2565,318:2402,319:2456,320:2646,321:2520,322:2643,323:2476,324:2635,325:2619,326:2598,327:2498,328:2447,329:2470,330:2428,331:2623,332:2513,333:2611,334:2436,335:3111,336:2598,337:2573,338:2510,339:2570,340:2489,341:2513,342:2370,343:2375,344:2488,345:2408,346:2531,347:3254,348:2540,349:2572,350:3011,351:2644,352:2382,353:2385,354:3180,355:2427,356:2914,357:2542,358:2591,359:2494
0:2633,1:2367,2:3052,3:2380,4:3101,5:3181,6:2631,7:2553,8:2423,9:2382,10:2441,11:2354,12:2573,13:2416,14:2573,15:2515,16:2493,17:2445,18:2466,19:3056,20:2642,21:2532,22:2440,23:2596,24:2647,25:3038,26:2578,27:3063,28:2425,29:3138,30:3041,31:2375,32:2599,33:2635,34:2602,35:2610,36:2446,37:2421,38:2407,39:3081,40:2496,41:3232,42:2385,43:2557,44:3261,45:2633,46:2554,47:2352,48:2402,49:2593,50:2518,51:2529,52:2454,53:2351,54:2403,55:3203,56:2571,57:2351,58:3145,59:2463,60:2506,61:2907,62:2353,63:2640,64:2542,65:3295,66:3082,67:2532,68:2415,69:2494,70:2480,71:2537,72:2461,73:3185,74:2365,75:2591,76:2487,77:2485,78:2535,79:2446,80:2418,81:3248,82:3042,83:2426,84:2432,85:2517,86:2361,87:2531,88:2394,89:2467,90:2564,91:2553,92:2563,93:2451,94:2548,95:2485,96:2597,97:2555,98:2395,99:2370,100:2625,101:2556,102:2583,103:3015,104:2429,105:2522,106:2586,107:3203,108:2478,109:2638,110:2453,111:2609,112:2572,113:2633,114:2401,115:2642,116:3202,117:2607,118:2530,119:2568,120:2515,121:2604,122:2448,123:2569,124:2591,125:2511,126:2636,127:2431,128:2377,129:2591,130:3293,131:2453,132:2553,133:2591,134:2385,135:2550,136:2358,137:2466,138:2607,139:2611,140:2392,141:2576,142:2422,143:2406,144:2466,145:2472,146:2523,147:2627,148:2537,149:2350,150:2415,151:3190,152:2369,153:2415,154:2629,155:2391,156:2414,157:2927,158:2375,159:2602,160:2574,161:2599,162:2592,163:2603,164:3065,165:2501,166:3053,167:2991,168:2555,169:2528,170:2429,171:2472,172:2473,173:2458,174:3079,175:2502,176:2482,177:2401,178:2567,179:2379,180:2458,181:2444,182:2597,183:2598,184:2386,185:2531,186:2467,187:2429,188:2472,189:2908,190:2604,191:3273,192:2482,193:3192,194:2611,195:2465,196:2994,197:2521,198:2577,199:2448,200:2521,201:2613,202:2581,203:2639,204:2558,205:2470,206:2442,207:3147,208:2511,209:2501,210:3125,211:2989,212:2438,213:3187,214:2492,215:2529,216:3271,217:2558,218:2538,219:2502,220:2980,221:2516,222:2534,223:2535,224:2498,225:2435,226:2559,227:2499,228:2549,229:2635,230:2636,231:2490,232:2598,233:2516,234:2506,235:2908,236:2553,237:2511,238:2616,239:2355,240:2600,241:3124,242:3102,243:2512,244:2402,245:2355,246:2957,247:2425,248:2478,249:2606,250:2501,251:2468,252:2509,253:2518,254:2512,255:2490,256:2368,257:3170,258:2426,259:2559,260:2588,261:2418,262:2595,263:2482,264:2356,265:2582,266:2468,267:2393,268:2422,269:2918,270:2430,271:2556,272:2422,273:2554,274:2357,275:2631,276:2437,277:2900,278:2372,279:2602,280:2390,281:2532,282:2539,283:2573,284:2588,285:2473,286:2588,287:2367,288:2907,289:2646,290:3045,291:3024,292:2370,293:2634,294:2527,295:2544,296:2469,297:2644,298:2469,299:2468,300:2489,301:3162,302:2499,303:2976,304:2450,305:2372,306:2587,307:2433,308:2547,309:3055,310:2601,311:2590,312:2542,313:3207,314:2411,315:3079,316:2366,317:2553,318:2545,319:2488,320:2371,321:2459,322:2461,323:2539,324:2447,325:2473,326:2623,327:2640,328:2992,329:2528,330:2616,331:2484,332:2448,333:2572,334:2378,335:2490,336:2566,337:2382,338:2413,339:2615,340:2410,341:2541,342:2547,343:2430,344:2630,345:2426,346:2397,347:2496,348:2958,349:2384,350:2580,351:2508,352:3071,353:2366,354:3193,355:2432,356:2560,357:2903,358:2510,359:3104
0:2370,1:2506,2:2609,3:2543,4:2924,5:2641,6:2498,7:3053,8:2380,9:2586,10:3014,11:2419,12:2424,13:2558,14:2590,15:2524,16:2395,17:2526,18:2419,19:2981,20:2454,21:2599,22:2534,23:2487,24:2910,25:2366,26:2638,27:2534,28:2614,29:2507,30:2418,31:2491,32:2441,33:2539,34:2430,35:2408,36:2583,37:2418,38:2499,39:2552,40:2919,41:2423,42:2532,43:2562,44:2463,45:2541,46:2542,47:2952,48:3009,49:2475,50:2608,51:2415,52:2607,53:3132,54:2479,55:3298,56:2450,57:2514,58:2593,59:2646,60:3065,61:3155,62:2395,63:2480,64:2590,65:2614,66:2515,67:2463,68:2571,69:2371,70:2632,71:3088,72:2542,73:2460,74:2357,75:3129,76:2595,77:2533,78:2478,79:2559,80:2405,81:2449,82:2579,83:2398,84:2609,85:2467,86:2442,87:2400,88:2612,89:3034,90:3249,91:3183,92:2594,93:2449,94:2362,95:2608,96:2468,97:2396,98:3102,99:2488,100:2993,101:3098,102:2621,103:2996,104:2390,105:2354,106:2504,107:2480,108:2372,109:2624,110:2525,111:2471,112:2435,113:3127,114:2607,115:2428,116:2514,117:2585,118:2425,119:2607,120:2574,121:2565,122:2393,123:2475,124:2574,125:2419,126:2553,127:2462,128:2441,129:2571,130:2393,131:2474,132:3155,133:2495,134:2554,135:2511,136:2463,137:2615,138:3244,139:2365,140:2488,141:3289,142:2991,143:2405,144:2950,145:2472,146:3029,147:2465,148:2432,149:2560,150:3005,151:2579,152:2549,153:2393,154:2431,155:2403,156:2425,157:2489,158:2467,159:2584,160:2461,161:2381,162:3036,163:2524,164:3190,165:2374,166:2452,167:2390,168:2636,169:2547,170:2627,171:3298,172:2621,173:2527,174:2567,175:3164,176:2476,177:2506,178:2505,179:2953,180:2947,181:2451,182:2506,183:2518,184:2362,185:2604,186:2498,187:2446,188:3119,189:2625,190:2452,191:3060,192:2575,193:2473,194:2378,195:2372,196:2479,197:2488,198:2636,199:2534,200:2583,201:2595,202:2948,203:2520,204:2584,205:2433,206:2618,207:2631,208:2433,209:2377,210:2417,211:2907,212:2442,213:2992,214:2453,215:2607,216:2530,217:2404,218:2519,219:3091,220:2371,221:3207,222:2406,223:2356,224:2376,225:3257,226:3038,227:2507,228:2377,229:2502,230:2546,231:2566,232:2505,233:2482,234:2606,235:2370,236:2635,237:2611,238:2613,239:2964,240:2398,241:2402,242:2544,243:2636,244:2551,245:2442,246:2407,247:2558,248:2464,249:2509,250:2537,251:2433,252:2545,253:2973,254:2527,255:2623,256:2397,257:3097,258:2374,259:2561,260:2504,261:2372,262:2538,263:2556,264:2909,265:2622,266:2610,267:2648,268:3270,269:2412,270:2533,271:2525,272:2630,273:3177,274:2940,275:2364,276:2557,277:2626,278:2498,279:2498,280:2490,281:2373,282:2590,283:2448,284:2379,285:2603,286:2635,287:3036,288:2605,289:2355,290:3206,291:2615,292:2372,293:2564,294:2465,295:2643,296:2521,297:2513,298:2457,299:3274,300:2399,301:3065,302:2597,303:2599,304:2379,305:2595,306:2554,307:2951,308:2356,309:2966,310:2622,311:2619,312:2459,313:2446,314:2522,315:2618,316:2540,317:2396,318:2411,319:2572,320:2616,321:2434,322:2648,323:2590,324:2360,325:2543,326:2572,327:2550,328:2636,329:2571,330:2639,331:2915,332:3064,333:2635,334:2371,335:2483,336:2489,337:2455,338:2417,339:2606,340:2644,341:2546,342:2393,343:2441,344:2625,345:2582,346:2362,347:2418,348:2642,349:2638,350:2382,351:2544,352:2461,353:2513,354:2430,355:2533,356:2557,357:2466,358:2390,359:2515
0:2572,1:2512,2:2517,3:2397,4:2498,5:2509,6:3138,7:2565,8:2489,9:3096,10:2544,11:2386,12:2351,13:2551,14:2362,15:2467,16:2402,17:2639,18:2433,19:2604,20:2527,21:2451,22:2973,23:2486,24:2522,25:3203,26:2481,27:2640,28:2352,29:2370,30:2603,31:2511,32:2575,33:2506,34:2358,35:2621,36:2974,37:3023,38:2596,39:2413,40:2371,41:2472,42:2499,43:2603,44:2623,45:2462,46:2422,47:2563,48:2391,49:2586,50:2471,51:2359,52:2366,53:2530,54:2597,55:2941,56:3299,57:2946,58:2641,59:2538,60:2480,61:2626,62:2648,63:2568,64:2509,65:2368,66:2502,67:2635,68:2605,69:2605,70:2965,71:2545,72:2576,73:2416,74:2524,75:2649,76:3171,77:2395,78:2385,79:2609,80:2460,81:2545,82:2429,83:2483,84:2523,85:2437,86:2487,87:2567,88:2499,89:2424,90:2401,91:2545,92:2646,93:2411,94:2494,95:2619,96:2438,97:2443,98:2508,99:2446,100:2936,101:2362,102:2463,103:2597,104:2499,105:2463,106:2621,107:2373,108:2351,109:2499,110:2405,111:3104,112:2555,113:2432,114:2523,115:2459,116:2531,117:2497,118:2514,119:3005,120:2620,121:2585,122:2551,123:2420,124:2403,125:2449,126:2505,127:2399,128:2411,129:2449,130:3282,131:2500,132:2436,133:2354,134:2395,135:2548,136:2585,137:2624,138:2908,139:2440,140:2531,141:2364,142:2644,143:2487,144:2565,145:2470,146:2562,147:2406,148:2536,149:2576,150:2565,151:2395,152:2461,153:3159,154:2631,155:2590,156:2422,157:2633,158:2575,159:2474,160:2581,161:2401,162:2601,163:2362,164:2547,165:2521,166:2362,167:2395,168:2576,169:2409,170:2595,171:2591,172:3064,173:2592,174:2370,175:2626,176:2649,177:2616,178:2568,179:2396,180:3152,181:2529,182:2952,183:3125,184:2482,185:2484,186:2964,187:2583,188:3019,189:2645,190:2511,191:2374,192:2550,193:2436,194:2592,195:2484,196:2433,197:2473,198:2530,199:2368,200:2631,201:2521,202:2570,203:2472,204:2427,205:2528,206:2414,207:2486,208:3289,209:2609,210:2597,211:3074,212:2394,213:2499,214:2502,215:2609,216:2387,217:2528,218:2534,219:2649,220:2386,221:2468,222:2561,223:2648,224:2627,225:2598,226:2566,227:2387,228:2646,229:2530,230:2935,231:2627,232:2640,233:2628,234:2593,235:2516,236:2514,237:2622,238:2495,239:2419,240:2643,241:2919,242:2515,243:2612,244:2463,245:2386,246:2400,247:2525,248:2525,249:2450,250:3144,251:2466,252:2530,253:2467,254:2589,255:3270,256:2524,257:2509,258:2524,259:2455,260:2358,261:2574,262:2383,263:2426,264:3218,265:2515,266:2639,267:2531,268:2981,269:2985,270:2609,271:2636,272:2394,273:2529,274:2597,275:2983,276:2633,277:2468,278:2353,279:2593,280:2459,281:2472,282:2430,283:2365,284:2609,285:2462,286:2352,287:2373,288:2362,289:2599,290:2618,291:2382,292:2612,293:2362,294:2376,295:2566,296:2528,297:2394,298:2596,299:3105,300:2496,301:2570,302:2578,303:2586,304:2428,305:2419,306:2504,307:2403,308:2567,309:2431,310:2450,311:2633,312:2384,313:2579,314:3048,315:2535,316:2383,317:2490,318:2614,319:2352,320:2522,321:2446,322:2428,323:2984,324:2549,325:2501,326:2620,327:2590,328:2397,329:2482,330:3115,331:3299,332:2577,333:2409,334:2454,335:2392,336:2629,337:2502,338:3209,339:2378,340:2402,341:2526,342:2411,343:3249,344:2499,345:2584,346:2529,347:2615,348:2579,349:2562,350:2607,351:2505,352:3083,353:2615,354:2495,355:2417,356:2541,357:3135,358:2371,359:2396
0:2482,1:2417,2:2538,3:2598,4:2648,5:2623,6:3247,7:2471,8:2583,9:2476,10:2533,11:2407,12:2518,13:2461,14:2545,15:2490,16:2439,17:2475,18:2567,19:2536,20:2576,21:2478,22:2384,23:2619,24:2351,25:2912,26:2385,27:2604,28:2562,29:2408,30:2548,31:2580,32:2403,33:2354,34:2495,35:3170,36:2417,37:2585,38:2985,39:2614,40:2444,41:2570,42:2574,43:2957,44:2456,45:2440,46:2465,47:2957,48:2564,49:2494,50:2380,51:2475,52:2540,53:2539,54:2968,55:2495,56:2586,57:2623,58:2633,59:2561,60:2387,61:2430,62:2537,63:2471,64:2649,65:2484,66:2539,67:3210,68:2579,69:2497,70:2407,71:2444,72:2554,73:2364,74:2508,75:2351,76:2473,77:2565,78:2627,79:3288,80:2434,81:2487,82:2442,83:3226,84:2478,85:2428,86:2484,87:2419,88:2524,89:2555,90:2506,91:2497,92:2494,93:2428,94:3111,95:2516,96:2454,97:2596,98:2350,99:2533,100:2365,101:2597,102:2481,103:2511,104:2562,105:2407,106:2953,107:3181,108:2386,109:2955,110:2557,111:2637,112:2395,113:2965,114:2361,115:2552,116:2505,117:2521,118:2925,119:2547,120:2395,121:2366,122:3050,123:2479,124:2437,125:2351,126:2609,127:2564,128:2565,129:2579,130:2380,131:2389,132:3182,133:2639,134:2907,135:2613,136:2645,137:2526,138:2510,139:2564,140:2541,141:2630,142:2632,143:2487,144:2591,145:2461,146:2632,147:2451,148:2528,149:2351,150:2647,151:2574,152:2556,153:2615,154:2399,155:2646,156:3007,157:2609,158:3223,159:2572,160:2599,161:2636,162:2539,163:2459,164:2423,165:2412,166:2366,167:2580,168:2531,169:2520,170:2529,171:2642,172:2423,173:2421,174:2430,175:2507,176:2958,177:2495,178:2573,179:3145,180:2484,181:2551,182:3199,183:2546,184:3181,185:2903,186:3172,187:2598,188:2617,189:2454,190:2450,191:2485,192:2520,193:2598,194:2463,195:2540,196:2507,197:2596,198:2596,199:2582,200:2394,201:2618,202:2604,203:2500,204:2579,205:2422,206:3225,207:2486,208:2556,209:2623,210:2639,211:2588,212:2524,213:2577,214:2486,215:3141,216:2366,217:2585,218:2546,219:2403,220:2621,221:2487,222:2450,223:3011,224:2452,225:2426,226:2511,227:3228,228:2615,229:2377,230:2648,231:3232,232:2463,233:2558,234:2444,235:2363,236:2603,237:2589,238:2464,239:2439,240:2366,241:2372,242:2535,243:2352,244:2420,245:2535,246:2584,247:2623,248:2389,249:3124,250:2456,251:2525,252:2559,253:2411,254:2507,255:2486,256:2554,257:2611,258:2385,259:2437,260:3102,261:2990,262:2616,263:3292,264:2467,265:2547,266:2482,267:2390,268:2461,269:2609,270:2576,271:3061,272:2451,273:2369,274:2521,275:2359,276:2567,277:3070,278:2362,279:2630,280:2644,281:2355,282:2491,283:2509,284:2502,285:2575,286:2617,287:2492,288:2401,289:2579,290:2631,291:2491,292:2443,293:2504,294:2421,295:2646,296:2543,297:2377,298:2522,299:2507,300:2537,301:2385,302:2468,303:2487,304:2484,305:2593,306:2594,307:3212,308:2429,309:2370,310:2360,311:2380,312:2562,313:2603,314:2368,315:2640,316:2598,317:2430,318:2565,319:2404,320:2372,321:3149,322:2619,323:2386,324:2371,325:3142,326:2449,327:2643,328:2554,329:2643,330:2917,331:2376,332:2611,333:2631,334:2521,335:2498,336:2577,337:2411,338:2404,339:2507,340:2533,341:2353,342:2559,343:2527,344:2442,345:2470,346:3253,347:2934,348:2484,349:2454,350:2431,351:2527,352:2644,353:3082,354:2552,355:2567,356:2381,357:2379,358:2622,359:2563
0:2425,1:2542,2:2539,3:2542,4:2564,5:3017,6:2371,7:2556,8:2519,9:2450,10:2646,11:2620,12:3179,13:3106,14:2525,15:2645,16:2489,17:2529,18:2525,19:2537,20:2964,21:2536,22:2434,23:2542,24:3035,25:2560,26:2524,27:2367,28:2626,29:2465,30:2543,31:2618,32:2634,33:2490,34:3082,35:2357,36:2433,37:2526,38:2636,39:3280,40:2402,41:2586,42:2433,43:2564,44:2518,45:2542,46:2368,47:2483,48:2423,49:2909,50:2541,51:2367,52:2605,53:2542,54:2541,55:2937,56:2456,57:2476,58:3195,59:2617,60:2649,61:3077,62:2356,63:2372,64:2639,65:2462,66:3007,67:2440,68:3212,69:3023,70:2628,71:2525,72:2359,73:2642,74:2990,75:2455,76:2582,77:2428,78:2976,79:2623,80:2467,81:2638,82:2589,83:2361,84:2625,85:2613,86:2649,87:2584,88:2487,89:2383,90:2405,91:2379,92:3080,93:2419,94:2639,95:2410,96:2579,97:2573,98:2563,99:2555,100:2586,101:3098,102:2639,103:2492,104:2624,105:2381,106:2477,107:2469,108:2590,109:2647,110:3299,111:2590,112:2546,113:2605,114:2397,115:2436,116:2451,117:2429,118:2405,119:2410,120:2405,121:2417,122:2581,123:2522,124:2441,125:2476,126:2437,127:2493,128:2532,129:2495,130:2602,131:2603,132:2535,133:2378,134:3231,135:2633,136:2404,137:2393,138:2622,139:2983,140:2575,141:2502,142:2447,143:2431,144:2568,145:2422,146:2468,147:3136,148:2927,149:2461,150:2450,151:2618,152:3018,153:2613,154:3002,155:2609,156:3296,157:2608,158:2509,159:2638,160:2493,161:2446,162:2404,163:2491,164:2439,165:2370,166:3085,167:2643,168:2466,169:2532,170:2417,171:3034,172:2436,173:2617,174:2563,175:2417,176:2620,177:2579,178:3115,179:2533,180:2407,181:2497,182:2620,183:2616,184:2448,185:2430,186:2491,187:3255,188:3188,189:2611,190:2503,191:2495,192:2534,193:3136,194:2535,195:2619,196:2474,197:2542,198:2395,199:2482,200:2522,201:3074,202:2520,203:3093,204:2482,205:2623,206:2621,207:2507,208:2524,209:2518,210:2501,211:2563,212:2479,213:2586,214:2450,215:2379,216:2605,217:2572,218:3269,219:2386,220:2386,221:2584,222:2434,223:2456,224:2553,225:2599,226:3298,227:2376,228:2556,229:2632,230:2589,231:3234,232:2392,233:2526,234:2920,235:2490,236:2605,237:2555,238:2615,239:2620,240:2634,241:3123,242:2458,243:2382,244:2442,245:2386,246:2462,247:2387,248:3201,249:3071,250:2406,251:2476,252:2480,253:2364,254:2416,255:2514,256:2625,257:2643,258:2604,259:2402,260:2354,261:3013,262:2971,263:2571,264:3265,265:2353,266:2492,267:2992,268:2391,269:2458,270:2369,271:2370,272:2569,273:2590,274:2572,275:2538,276:2964,277:2466,278:2640,279:2445,280:2635,281:2533,282:2464,283:2485,284:2640,285:2421,286:2367,287:2366,288:2446,289:2562,290:3098,291:2398,292:2987,293:2431,294:2639,295:2424,296:2511,297:3250,298:2423,299:2420,300:2503,301:3189,302:2393,303:2552,304:2431,305:2566,306:3051,307:2572,308:2937,309:2621,310:2602,311:2462,312:2391,313:2457,314:3219,315:3082,316:2490,317:3172,318:2534,319:3096,320:2369,321:2482,322:2365,323:2450,324:2950,325:2528,326:2455,327:2582,328:2616,329:3215,330:2558,331:2535,332:2585,333:2383,334:2506,335:2511,336:2420,337:2498,338:2620,339:2613,340:2457,341:2361,342:2527,343:2941,344:2626,345:2596,346:3023,347:2400,348:3201,349:2431,350:3297,351:2629,352:2518,353:2627,354:2909,355:2561,356:2506,357:3108,358:2477,359:2580
0:2489,1:2490,2:2536,3:2590,4:2428,5:2611,6:2637,7:2565,8:2481,9:2454,10:2375,11:2414,12:2440,13:2939,14:2458,15:2455,16:3166,17:2380,18:2941,19:2923,20:2384,21:2508,22:2546,23:2413,24:2436,25:2504,26:2616,27:2576,28:2424,29:2562,30:2591,31:3074,32:2404,33:2501,34:2615,35:2642,36:2609,37:2554,38:2367,39:2422,40:2980,41:2509,42:2375,43:2363,44:2457,45:2543,46:2374,47:3254,48:2641,49:2627,50:2984,51:2357,52:2644,53:2928,54:2544,55:2460,56:2408,57:2568,58:2520,59:2612,60:2615,61:3220,62:2590,63:3060,64:2590,65:2437,66:2928,67:2436,68:2621,69:2446,70:2504,71:2410,72:3298,73:2507,74:2547,75:2567,76:2578,77:2960,78:2355,79:2444,80:2448,81:2356,82:3228,83:2502,84:2499,85:2566,86:2422,87:2552,88:2387,89:2572,90:2556,91:2465,92:2417,93:2535,94:2589,95:2386,96:2457,97:2359,98:2480,99:3008,100:2601,101:3112,102:2602,103:2566,104:2427,105:2559,106:2640,107:2552,108:2605,109:2405,110:2605,111:2370,112:2568,113:2616,114:2460,115:2517,116:2972,117:2514,118:2612,119:2541,120:2384,121:2377,122:2474,123:2491,124:2926,125:2415,126:3259,127:2466,128:2467,129:2365,130:3127,131:2546,132:2358,133:2411,134:2457,135:2554,136:2924,137:2383,138:2617,139:2443,140:3094,141:3256,142:2373,143:2926,144:2605,145:2615,146:2425,147:2488,148:2518,149:2612,150:2629,151:2623,152:2550,153:3031,154:3042,155:2516,156:2505,157:2578,158:2538,159:2517,160:3255,161:2410,162:2366,163:2518,164:2355,165:2584,166:2372,167:2630,168:2537,169:2451,170:2475,171:2447,172:3143,173:2543,174:2596,175:2403,176:2459,177:2404,178:2556,179:2601,180:2488,181:2454,182:3111,183:2626,184:2647,185:2361,186:2468,187:2637,188:2414,189:2368,190:2610,191:2570,192:2969,193:2616,194:2538,195:2610,196:2980,197:2613,198:2512,199:2449,200:2415,201:2550,202:2448,203:2629,204:2463,205:2488,206:2590,207:2612,208:2459,209:2640,210:2597,211:2585,212:3055,213:3007,214:2614,215:2495,216:2625,217:2490,218:2605,219:2571,220:2483,221:2524,222:2454,223:2523,224:2506,225:2362,226:2599,227:2437,228:2364,229:2350,230:2464,231:2383,232:2428,233:2445,234:3085,235:2514,236:2644,237:2440,238:2617,239:2381,240:2613,241:2557,242:2521,243:2610,244:2415,245:2621,246:2424,247:2640,248:2602,249:2361,250:3200,251:2529,252:3283,253:2467,254:2487,255:2383,256:2618,257:2467,258:2365,259:2398,260:2622,261:2589,262:2594,263:2552,264:3030,265:2480,266:2585,267:2966,268:2428,269:2571,270:3087,271:2582,272:2517,273:2365,274:2519,275:2359,276:2490,277:2449,278:2561,279:2419,280:2541,281:3293,282:2394,283:2426,284:2613,285:2418,286:2942,287:2510,288:2492,289:2558,290:3106,291:2475,292:2641,293:2376,294:2988,295:2449,296:2363,297:2509,298:2460,299:2615,300:2380,301:2382,302:2441,303:2526,304:2611,305:2595,306:2377,307:2475,308:2486,309:2515,310:2540,311:2967,312:2391,313:2580,314:3167,315:2414,316:2648,317:2602,318:2443,319:2370,320:2559,321:2623,322:2367,323:2932,324:2462,325:2573,326:2387,327:2447,328:2447,329:2618,330:2367,331:2372,332:2516,333:2573,334:3241,335:3066,336:2951,337:2577,338:2433,339:2582,340:2364,341:3066,342:2496,343:2548,344:2473,345:2923,346:2440,347:2365,348:3146,349:2488,350:2563,351:2468,352:2544,353:2516,354:2536,355:2482,356:2586,357:2418,358:3170,359:2619
0:2599,1:3293,2:2533,3:2598,4:2434,5:2390,6:2401,7:2611,8:2440,9:2521,10:2480,11:2629,12:2363,13:2447,14:2430,15:2461,16:2364,17:2544,18:2597,19:2514,20:2584,21:2591,22:2579,23:2531,24:3112,25:2574,26:2613,27:2417,28:2492,29:3106,30:2543,31:2410,32:2452,33:2505,34:2537,35:2612,36:2631,37:2528,38:2521,39:2413,40:2452,41:2389,42:2933,43:2624,44:2402,45:3157,46:2531,47:2622,48:2406,49:2572,50:2514,51:2939,52:2619,53:2454,54:2575,55:2399,56:2625,57:2633,58:2553,59:2483,60:2640,61:2576,62:2566,63:2457,64:2387,65:2357,66:2542,67:2494,68:2560,69:3072,70:2997,71:2471,72:2965,73:2449,74:2363,75:2360,76:2434,77:2385,78:2466,79:2555,80:2412,81:2567,82:2403,83:3084,84:2486,85:2637,86:2567,87:2426,88:2621,89:2465,90:2447,91:2442,92:2365,93:2417,94:2635,95:2510,96:2354,97:3282,98:2605,99:2444,100:2367,101:2481,102:2577,103:2627,104:2547,105:2373,106:2455,107:2502,108:3151,109:2617,110:2993,111:2354,112:2521,113:2366,114:3061,115:2576,116:2995,117:3122,118:2542,119:2473,120:2588,121:2562,122:2505,123:2604,124:2639,125:2582,126:2465,127:2489,128:2558,129:2408,130:2472,131:2489,132:2601,133:2379,134:2430,135:2635,136:2372,137:3293,138:2434,139:2614,140:3212,141:2413,142:3044,143:2952,144:2930,145:2479,146:2587,147:2638,148:2359,149:2437,150:3284,151:2391,152:2586,153:2394,154:3198,155:2438,156:2940,157:2455,158:3115,159:3291,160:2419,161:2362,162:2539,163:2419,164:2550,165:3224,166:3028,167:2479,168:2537,169:2365,170:2557,171:2605,172:2635,173:2515,174:2604,175:2582,176:2583,177:3264,178:2485,179:3058,180:2598,181:2573,182:2646,183:2570,184:2595,185:2444,186:2445,187:2376,188:2446,189:2353,190:2640,191:2645,192:2539,193:2524,194:2613,195:2507,196:3115,197:2526,198:3065,199:2383,200:3152,201:2580,202:2589,203:2367,204:2424,205:2401,206:2458,207:2553,208:3002,209:2542,210:2362,211:3200,212:2606,213:2460,214:2549,215:2456,216:2523,217:3277,218:2634,219:2440,220:2369,221:2519,222:3259,223:2355,224:2394,225:2586,226:2542,227:2629,228:2558,229:2480,230:2635,231:2620,232:3207,233:2537,234:3177,235:2493,236:2639,237:2385,238:2622,239:2356,240:2378,241:2553,242:2571,243:2623,244:2497,245:2375,246:2556,247:2631,248:2636,249:2453,250:2421,251:2434,252:2441,253:2634,254:2390,255:3134,256:2383,257:2640,258:3133,259:2629,260:3005,261:2417,262:2363,263:2411,264:2487,265:2573,266:3266,267:2422,268:2371,269:2639,270:2387,271:2535,272:3218,273:3112,274:2396,275:3293,276:2572,277:2479,278:2380,279:2409,280:3192,281:2363,282:3033,283:2426,284:2382,285:2557,286:2441,287:2631,288:2517,289:2648,290:2594,291:2404,292:2498,293:2587,294:2641,295:3235,296:2369,297:2387,298:2494,299:2467,300:2449,301:2486,302:2381,303:2463,304:2505,305:2616,306:2393,307:2482,308:2462,309:2533,310:2554,311:2528,312:2402,313:2368,314:2355,315:2463,316:2644,317:2515,318:2497,319:2370,320:2425,321:2374,322:3209,323:2630,324:3172,325:2530,326:3093,327:2915,328:2460,329:2522,330:2607,331:2492,332:2462,333:2641,334:2384,335:2403,336:2521,337:2457,338:2525,339:2522,340:2358,341:2529,342:2613,343:2504,344:2429,345:2496,346:2631,347:2544,348:2558,349:3039,350:3177,351:2642,352:2621,353:2622,354:2573,355:3162,356:2549,357:2605,358:2543,359:2389
0:2481,1:2406,2:2568,3:3175,4:2506,5:2499,6:2616,7:2612,8:2901,9:2625,10:2602,11:2380,12:2367,13:2448,14:2602,15:3089,16:2536,17:2375,18:2360,19:2425,20:2464,21:3125,22:2589,23:2448,24:2613,25:2514,26:2556,27:2515,28:2508,29:2610,30:2627,31:2611,32:2505,33:3245,34:2351,35:3093,36:2612,37:2575,38:2936,39:3202,40:2422,41:2361,42:2478,43:3124,44:2364,45:2577,46:2452,47:2564,48:2622,49:2991,50:2556,51:2556,52:2539,53:3006,54:3132,55:2385,56:2911,57:2571,58:2607,59:2475,60:2424,61:3119,62:2914,63:2460,64:2475,65:2968,66:2457,67:3225,68:2469,69:3284,70:2492,71:2573,72:2361,73:2412,74:2637,75:3234,76:3105,77:3224,78:2454,79:3150,80:2567,81:2359,82:2448,83:2606,84:2647,85:2467,86:2363,87:2391,88:2640,89:2979,90:2595,91:3059,92:2967,93:3252,94:2398,95:2373,96:2635,97:2580,98:2649,99:2649,100:2564,101:2392,102:2497,103:2377,104:2505,105:2357,106:2632,107:2527,108:2537,109:2592,110:2584,111:3043,112:2618,113:2535,114:2646,115:2449,116:3083,117:3178,118:2967,119:2351,120:2428,121:2975,122:2622,123:2621,124:2565,125:2637,126:2528,127:2595,128:2488,129:3000,130:3152,131:2468,132:2549,133:2589,134:2521,135:2436,136:2588,137:2405,138:3154,139:2617,140:2639,141:2637,142:2505,143:3063,144:3276,145:2560,146:3061,147:2457,148:2430,149:2539,150:2547,151:2464,152:2439,153:2501,154:2364,155:2645,156:2401,157:2601,158:2447,159:2968,160:2610,161:2394,162:3157,163:3226,164:2518,165:2451,166:2451,167:2641,168:2531,169:2553,170:2571,171:3047,172:2636,173:3168,174:2502,175:2448,176:2463,177:2509,178:2603,179:2506,180:2498,181:2380,182:3109,183:2978,184:2461,185:2360,186:2421,187:2495,188:2473,189:2974,190:2368,191:2627,192:2646,193:2628,194:2609,195:2492,196:2540,197:2515,198:2568,199:2370,200:2391,201:2372,202:2392,203:2405,204:2533,205:2395,206:2545,207:2593,208:2417,209:2500,210:2415,211:2613,212:2582,213:2636,214:2360,215:2393,216:3211,217:3020,218:2435,219:2547,220:3022,221:2561,222:2648,223:3196,224:2605,225:2487,226:3209,227:3210,228:2369,229:2596,230:2635,231:3143,232:2425,233:2365,234:2499,235:2397,236:2432,237:3063,238:2356,239:2518,240:2632,241:3056,242:2518,243:2449,244:2524,245:2597,246:2576,247:2517,248:2509,249:2494,250:2548,251:2507,252:3107,253:2451,254:2515,255:2569,256:2458,257:2591,258:2401,259:2356,260:2358,261:2644,262:2493,263:2482,264:2578,265:2649,266:2592,267:2438,268:2494,269:2613,270:2456,271:2453,272:2986,273:3277,274:2409,275:2469,276:2546,277:2369,278:2465,279:2591,280:2621,281:2480,282:2645,283:2360,284:2405,285:2435,286:2417,287:2556,288:3173,289:2455,290:2587,291:2392,292:2626,293:2377,294:2429,295:2501,296:2604,297:2532,298:2523,299:2559,300:2396,301:2627,302:2372,303:2415,304:2467,305:2501,306:2492,307:2639,308:2548,309:2586,310:2503,311:3255,312:2515,313:2562,314:2524,315:2621,316:2356,317:2421,318:2529,319:2604,320:2624,321:2511,322:2426,323:2589,324:2487,325:3050,326:2601,327:2504,328:2947,329:2408,330:2603,331:2481,332:2442,333:2445,334:2374,335:2415,336:2555,337:2421,338:2483,339:2524,340:2640,341:2545,342:2423,343:2428,344:2382,345:2411,346:2469,347:3209,348:2376,349:3250,350:2445,351:2367,352:2576,353:2582,354:2477,355:2481,356:2471,357:2432,358:2588,359:2597
0:2468,1:2609,2:2644,3:2943,4:2366,5:2454,6:2429,7:2553,8:2390,9:2425,10:2486,11:2404,12:2514,13:3244,14:2622,15:2389,16:2602,17:2500,18:2553,19:2967,20:2537,21:3268,22:2452,23:2542,24:2372,25:2647,26:2573,27:3025,28:2419,29:2594,30:2444,31:2434,32:2409,33:2376,34:3277,35:2605,36:3092,37:2568,38:2619,39:2580,40:2605,41:3175,42:2528,43:2426,44:3247,45:2608,46:2496,47:2467,48:2597,49:2445,50:2436,51:2556,52:2439,53:2497,54:2522,55:2487,56:2593,57:2364,58:2525,59:2555,60:2615,61:2604,62:2593,63:2465,64:2512,65:2449,66:2449,67:2516,68:2354,69:2374,70:2427,71:3125,72:2522,73:2517,74:2601,75:2527,76:3171,77:2569,78:2500,79:2575,80:2419,81:2490,82:2388,83:2549,84:2402,85:2506,86:2646,87:2372,88:2602,89:3067,90:2556,91:2629,92:2977,93:2944,94:2623,95:2439,96:2624,97:2575,98:2393,99:2375,100:2577,101:2572,102:2441,103:3208,104:2488,105:2415,106:2953,107:2508,108:2586,109:2933,110:2361,111:2581,112:2370,113:2377,114:2632,115:2421,116:2416,117:2430,118:2407,119:2508,120:2561,121:2407,122:2443,123:2610,124:3299,125:2632,126:2351,127:2476,128:2601,129:2404,130:2617,131:2369,132:2503,133:3101,134:2597,135:2546,136:2399,137:3143,138:2389,139:2938,140:2450,141:2953,142:2621,143:2576,144:3023,145:2384,146:3134,147:2614,148:2961,149:2497,150:2484,151:2604,152:2378,153:2620,154:2595,155:2363,156:2527,157:2511,158:2365,159:2454,160:2588,161:2607,162:2417,163:3013,164:3075,165:2606,166:2420,167:2405,168:2436,169:2622,170:2405,171:2601,172:2540,173:2493,174:2580,175:2648,176:2499,177:3180,178:2368,179:2353,180:2404,181:2580,182:2587,183:2647,184:2589,185:2423,186:2556,187:2484,188:2598,189:2513,190:2420,191:2511,192:2431,193:2544,194:2544,195:2378,196:2510,197:2569,198:2647,199:3256,200:2448,201:2557,202:3043,203:3122,204:2609,205:2557,206:2583,207:3253,208:3039,209:2643,210:3018,211:3115,212:2364,213:2400,214:2488,215:2399,216:2580,217:2587,218:2435,219:3007,220:2431,221:2458,222:2502,223:2421,224:2363,225:2518,226:2607,227:2374,228:3283,229:2356,230:2536,231:2505,232:2602,233:2459,234:3208,235:2554,236:2946,237:2387,238:2425,239:2485,240:2528,241:2478,242:2351,243:2634,244:2399,245:2496,246:3178,247:2593,248:2540,249:2470,250:3104,251:2519,252:2459,253:2514,254:2458,255:2407,256:2550,257:2358,258:2392,259:3082,260:2480,261:2353,262:3104,263:3087,264:2351,265:2443,266:2523,267:2550,268:2361,269:2496,270:2410,271:2626,272:2508,273:2534,274:3279,275:3260,276:2472,277:2452,278:3073,279:2482,280:2491,281:3253,282:2589,283:2596,284:2468,285:2383,286:2354,287:2371,288:2447,289:2600,290:3062,291:2480,292:2418,293:2443,294:2499,295:2462,296:2571,297:2535,298:2406,299:2468,300:2384,301:2636,302:2594,303:2473,304:2417,305:2476,306:2989,307:2424,308:2570,309:2602,310:2383,311:3281,312:3065,313:2909,314:2456,315:3116,316:3245,317:2435,318:3025,319:2519,320:2375,321:2642,322:2600,323:2448,324:2439,325:2592,326:2414,327:2365,328:3161,329:2981,330:2454,331:2634,332:2575,333:2986,334:2465,335:2603,336:2589,337:3246,338:2531,339:2358,340:2425,341:2586,342:2404,343:2640,344:2561,345:3008,346:2468,347:2427,348:2528,349:3141,350:2410,351:2491,352:2539,353:2512,354:2645,355:2388,356:2363,357:2373,358:2455,359:2555
0:2430,1:2606,2:2351,3:2498,4:2540,5:2505,6:2621,7:2594,8:2615,9:2562,10:2595,11:2409,12:2536,13:2358,14:2589,15:3289,16:2495,17:2626,18:2524,19:2494,20:2404,21:2456,22:2426,23:2485,24:2480,25:2463,26:2609,27:2352,28:2638,29:2454,30:2969,31:2429,32:2514,33:2549,34:2529,35:2549,36:2462,37:2356,38:2374,39:3119,40:2353,41:2603,42:2517,43:2374,44:2645,45:2541,46:2485,47:2616,48:3023,49:2368,50:2962,51:2552,52:2546,53:2465,54:2623,55:2433,56:2637,57:2500,58:2439,59:2380,60:2359,61:2411,62:2387,63:2417,64:2964,65:2489,66:2452,67:2481,68:2645,69:2542,70:2419,71:2528,72:2557,73:2368,74:2450,75:2528,76:2573,77:2593,78:2642,79:2408,80:2358,81:2532,82:2447,83:2459,84:2642,85:2542,86:2429,87:2507,88:2392,89:2380,90:2511,91:2387,92:2475,93:2350,94:2491,95:2550,96:2474,97:2556,98:2381,99:2438,100:2404,101:2614,102:2403,103:2644,104:3110,105:2528,106:2486,107:2469,108:2502,109:2361,110:2363,111:3069,112:2583,113:2410,114:2633,115:2626,116:2396,117:2549,118:2371,119:2417,120:2532,121:2456,122:2554,123:2356,124:2987,125:2621,126:2575,127:3222,128:2364,129:2597,130:2620,131:2578,132:2596,133:2421,134:2417,135:2616,136:2422,137:2972,138:2433,139:3221,140:2403,141:2593,142:3048,143:2581,144:2442,145:2475,146:2490,147:2615,148:2353,149:2374,150:2999,151:3141,152:3210,153:2379,154:2441,155:2452,156:2582,157:2475,158:3116,159:2480,160:2442,161:2637,162:2522,163:3109,164:2390,165:2441,166:2402,167:2635,168:2517,169:2538,170:2448,171:2643,172:2514,173:3076,174:2538,175:2626,176:2463,177:2552,178:3041,179:2602,180:2994,181:2597,182:2956,183:2452,184:2423,185:2491,186:2587,187:2544,188:2641,189:2931,190:2385,191:3116,192:2528,193:2558,194:2644,195:2357,196:3034,197:2350,198:3273,199:3025,200:3066,201:2589,202:2358,203:2481,204:2477,205:2465,206:2371,207:2640,208:2647,209:2628,210:2610,211:2425,212:2609,213:2376,214:2431,215:2397,216:2632,217:2518,218:2618,219:2466,220:2476,221:2567,222:2419,223:2437,224:2409,225:2475,226:2429,227:2580,228:2405,229:2511,230:3274,231:2599,232:3079,233:2642,234:2598,235:2631,236:2583,237:2385,238:2455,239:3040,240:2352,241:2917,242:2418,243:2458,244:3114,245:2508,246:2414,247:2493,248:2630,249:2452,250:2413,251:2404,252:2457,253:2547,254:2365,255:2524,256:2447,257:2404,258:2379,259:2367,260:3036,261:2630,262:2499,263:2395,264:3006,265:3268,266:2541,267:2424,268:3218,269:2389,270:2522,271:2477,272:2494,273:2537,274:2410,275:2353,276:2494,277:2461,278:2519,279:3120,280:2930,281:2624,282:3294,283:3026,284:2496,285:2623,286:2401,287:2494,288:2418,289:2612,290:2422,291:2439,292:2643,293:2382,294:2451,295:2494,296:2413,297:2441,298:2505,299:2433,300:2485,301:2620,302:2520,303:2489,304:2530,305:3168,306:2430,307:2643,308:2403,309:2591,310:2481,311:2554,312:2488,313:2614,314:2642,315:3295,316:2491,317:3233,318:2362,319:3252,320:2350,321:2934,322:2453,323:2593,324:3263,325:2618,326:2497,327:2464,328:3252,329:2435,330:2483,331:2364,332:2411,333:2649,334:2395,335:2482,336:2375,337:2589,338:2523,339:2476,340:2511,341:3135,342:2483,343:2351,344:2521,345:2943,346:2391,347:2449,348:3149,349:2504,350:2558,351:2548,352:2625,353:2407,354:2586,355:2369,356:2552,357:2494,358:2524,359:3288
0:2508,1:2458,2:2449,3:2372,4:2418,5:2444,6:2415,7:2570,8:2628,9:2573,10:2500,11:2564,12:2618,13:2357,14:2628,15:2379,16:2370,17:2355,18:2371,19:2489,20:2641,21:2604,22:2485,23:2448,24:2477,25:2572,26:2420,27:2470,28:2583,29:2550,30:2557,31:2542,32:2375,33:2453,34:2514,35:2589,36:2553,37:2559,38:2351,39:2459,40:2482,41:3213,42:2528,43:2575,44:2943,45:2503,46:2386,47:2419,48:2597,49:2493,50:2461,51:2532,52:2494,53:2439,54:2406,55:3057,56:2479,57:2450,58:2474,59:2641,60:2505,61:2542,62:3031,63:2478,64:2496,65:2365,66:2455,67:2492,68:2366,69:2420,70:2479,71:2487,72:2561,73:3263,74:2426,75:2432,76:3214,77:3014,78:2520,79:2647,80:2535,81:2551,82:2530,83:2540,84:2384,85:2647,86:2527,87:2504,88:2575,89:2540,90:2352,91:2579,92:2362,93:2438,94:2619,95:2553,96:3086,97:2444,98:3037,99:2400,100:3125,101:3239,102:2531,103:3179,104:2458,105:2536,106:2528,107:3010,108:2450,109:2431,110:2385,111:3050,112:2629,113:2934,114:3027,115:2461,116:2374,117:2642,118:2416,119:3147,120:2614,121:2417,122:2518,123:2430,124:2508,125:2386,126:2601,127:2538,128:2463,129:2587,130:2485,131:2425,132:2376,133:2413,134:2456,135:2421,136:2623,137:2635,138:2460,139:2580,140:2943,141:2551,142:2507,143:2486,144:2575,145:2511,146:2647,147:2522,148:2385,149:2467,150:2443,151:2403,152:2530,153:2902,154:2619,155:2581,156:2425,157:2392,158:2625,159:2644,160:2400,161:2411,162:2470,163:3207,164:2547,165:2483,166:2424,167:2478,168:2407,169:2596,170:2461,171:2569,172:2378,173:2350,174:2353,175:3083,176:2561,177:2957,178:2369,179:2596,180:2484,181:2396,182:2403,183:2405,184:2535,185:2457,186:2513,187:2418,188:3118,189:2555,190:2351,191:2486,192:2553,193:2395,194:2439,195:2943,196:2397,197:2626,198:2420,199:2552,200:2634,201:2638,202:2580,203:3159,204:2471,205:2634,206:2464,207:2398,208:2441,209:3180,210:2597,211:2519,212:2600,213:2460,214:2648,215:2362,216:2594,217:2549,218:2521,219:2487,220:2373,221:2420,222:2507,223:3218,224:2376,225:3107,226:2573,227:3004,228:3145,229:2427,230:2472,231:2366,232:2641,233:2616,234:2460,235:3199,236:3217,237:2362,238:2419,239:2561,240:2616,241:2986,242:2627,243:2522,244:2371,245:3188,246:2366,247:2613,248:3293,249:2609,250:2379,251:2598,252:2461,253:2361,254:2364,255:2583,256:2978,257:2422,258:2630,259:3090,260:2497,261:2596,262:3231,263:2418,264:2598,265:2470,266:2380,267:2900,268:2944,269:2537,270:2552,271:2605,272:3113,273:3230,274:2905,275:2642,276:2447,277:3011,278:3187,279:2643,280:2516,281:2460,282:2631,283:2417,284:2606,285:2385,286:2490,287:2565,288:2563,289:2384,290:2448,291:2568,292:2416,293:2367,294:2643,295:2629,296:2561,297:2631,298:2555,299:2600,300:2601,301:3288,302:2588,303:2406,304:2468,305:2488,306:2581,307:2633,308:2528,309:2539,310:2923,311:3122,312:3185,313:2452,314:2358,315:2453,316:2511,317:2364,318:3253,319:2468,320:2446,321:2594,322:2581,323:2452,324:2418,325:2623,326:2520,327:2645,328:2632,329:2429,330:3236,331:2470,332:2488,333:2381,334:2507,335:2404,336:2534,337:2415,338:3268,339:2947,340:2463,341:2473,342:2390,343:2597,344:2904,345:2614,346:2546,347:2367,348:2465,349:2647,350:2411,351:2549,352:2516,353:2448,354:2364,355:2519,356:2414,357:2408,358:2467,359:2630
0:2419,1:2362,2:2521,3:2612,4:2577,5:2589,6:2431,7:2569,8:2603,9:2369,10:2542,11:2407,12:2611,13:2481,14:2528,15:2480,16:2969,17:2622,18:2422,19:3240,20:2641,21:2549,22:2554,23:2560,24:2456,25:2982,26:3006,27:2491,28:3234,29:2436,30:2460,31:2607,32:3024,33:2366,34:2427,35:2474,36:2435,37:2446,38:2630,39:2607,40:2516,41:2373,42:2507,43:2351,44:2615,45:3192,46:2535,47:2393,48:2419,49:2559,50:2495,51:2429,52:2544,53:2544,54:2429,55:2613,56:2473,57:2634,58:2452,59:2511,60:2371,61:2392,62:3278,63:2478,64:2945,65:2620,66:3196,67:2978,68:2486,69:2447,70:2405,71:2410,72:2568,73:2513,74:2384,75:3138,76:2542,77:2588,78:2367,79:2637,80:2564,81:2563,82:2388,83:2587,84:2388,85:2393,86:2445,87:2435,88:2392,89:2390,90:2457,91:2441,92:3199,93:2479,94:2453,95:3135,96:2351,97:2391,98:2579,99:3079,100:2389,101:2518,102:3165,103:2513,104:2610,105:2612,106:2534,107:2357,108:3069,109:2992,110:2373,111:2619,112:2422,113:2387,114:2597,115:3209,116:2624,117:2584,118:2555,119:2378,120:2584,121:2409,122:2432,123:2620,124:2424,125:2411,126:2618,127:3207,128:3026,129:2393,130:3151,131:2472,132:2644,133:2518,134:2552,135:2555,136:2577,137:2574,138:2566,139:2604,140:2617,141:2612,142:2400,143:2470,144:2393,145:2463,146:2611,147:2637,148:2396,149:2511,150:2398,151:2573,152:2485,153:2583,154:2596,155:3190,156:2555,157:2633,158:2625,159:3112,160:2631,161:2587,162:2420,163:2366,164:2360,165:2589,166:2371,167:2549,168:2361,169:2400,170:2385,171:2374,172:3239,173:3220,174:2567,175:2639,176:2401,177:2931,178:2627,179:2455,180:3107,181:2414,182:2476,183:2490,184:2635,185:2373,186:3047,187:2623,188:2551,189:2388,190:2437,191:2598,192:2360,193:2424,194:2434,195:2469,196:2488,197:3257,198:2508,199:2647,200:2459,201:2550,202:2619,203:3211,204:2491,205:2596,206:2527,207:2503,208:2619,209:2628,210:3134,211:2361,212:2572,213:2375,214:3067,215:2516,216:2403,217:3169,218:2401,219:3296,220:2543,221:2627,222:2608,223:2574,224:2363,225:2354,226:2642,227:2579,228:2417,229:3288,230:2575,231:2453,232:2617,233:2639,234:2632,235:2356,236:2399,237:3047,238:2424,239:3013,240:2640,241:2510,242:2585,243:3237,244:2461,245:2518,246:2415,247:2615,248:2508,249:2977,250:2514,251:2447,252:2586,253:2548,254:2492,255:2595,256:2439,257:2486,258:2512,259:2564,260:2648,261:2648,262:2522,263:2518,264:2933,265:2500,266:2615,267:2615,268:2372,269:3015,270:3230,271:2530,272:2449,273:2513,274:2946,275:3007,276:2595,277:2495,278:2427,279:2509,280:2997,281:2568,282:2353,283:2594,284:2904,285:2908,286:2538,287:2362,288:2552,289:2623,290:2566,291:2609,292:2564,293:2596,294:2371,295:2477,296:2550,297:2481,298:2602,299:2453,300:2560,301:2606,302:2480,303:2621,304:2561,305:2606,306:2406,307:2622,308:2377,309:2629,310:2596,311:2566,312:2425,313:2456,314:2589,315:2637,316:2443,317:3076,318:2377,319:2489,320:3209,321:2488,322:2380,323:2456,324:2374,325:2482,326:2453,327:2515,328:2529,329:2406,330:2508,331:2425,332:2384,333:2504,334:3242,335:2611,336:2509,337:2456,338:2368,339:2453,340:2474,341:2950,342:2455,343:3108,344:2397,345:2390,346:2548,347:2562,348:2401,349:2556,350:2429,351:2356,352:2579,353:2391,354:2366,355:2559,356:2645,357:2448,358:2563,359:2471
0:2394,1:2401,2:3211,3:3135,4:2502,5:2607,6:2448,7:2399,8:2597,9:2647,10:2564,11:2639,12:2537,13:2618,14:2451,15:2631,16:2980,17:2574,18:3034,19:2635,20:2479,21:2417,22:2602,23:2489,24:3229,25:2452,26:2648,27:2983,28:2440,29:2526,30:2592,31:2414,32:2378,33:3150,34:2419,35:2403,36:2572,37:3146,38:2450,39:2451,40:2487,41:2485,42:2573,43:2396,44:2636,45:2561,46:2595,47:2623,48:2351,49:2583,50:2362,51:2407,52:3168,53:2477,54:2625,55:3010,56:2584,57:2613,58:2355,59:2557,60:2482,61:2566,62:2362,63:2928,64:2937,65:2590,66:2426,67:2568,68:2367,69:2507,70:2447,71:2381,72:3251,73:2612,74:2999,75:3179,76:2437,77:2369,78:2434,79:2504,80:2640,81:3100,82:2599,83:2460,84:2517,85:2641,86:2551,87:2508,88:2466,89:2477,90:2640,91:2547,92:2546,93:2377,94:2461,95:2624,96:2401,97:2513,98:2449,99:2544,100:2553,101:2522,102:2950,103:2597,104:2463,105:2539,106:2479,107:2489,108:2402,109:3237,110:2590,111:2438,112:2558,113:2590,114:3235,115:3063,116:2497,117:2440,118:2985,119:2957,120:3183,121:2581,122:2487,123:2524,124:2603,125:3290,126:2388,127:2581,128:2634,129:2438,130:2476,131:2585,132:2442,133:2437,134:2410,135:2647,136:2413,137:2582,138:2646,139:3107,140:2547,141:2500,142:2451,143:2402,144:2648,145:3163,146:2382,147:2485,148:3119,149:2515,150:2420,151:2598,152:2610,153:2609,154:2369,155:2551,156:2629,157:2356,158:2511,159:2509,160:2484,161:2606,162:2385,163:2389,164:2458,165:2484,166:2630,167:3081,168:2607,169:2580,170:2382,171:2597,172:2556,173:3067,174:2593,175:2446,176:2426,177:3245,178:2463,179:2527,180:2384,181:3163,182:2376,183:2464,184:2586,185:3216,186:2488,187:2538,188:2639,189:2558,190:3077,191:2544,192:2400,193:2970,194:2571,195:2505,196:2641,197:2580,198:2453,199:2460,200:2425,201:2494,202:2423,203:2534,204:2620,205:2964,206:2588,207:2557,208:3132,209:2644,210:2573,211:2440,212:2639,213:2410,214:2375,215:3133,216:2450,217:2641,218:2451,219:2981,220:3164,221:2641,222:2595,223:2499,224:3008,225:2454,226:2375,227:2643,228:2634,229:2617,230:2357,231:2406,232:3256,233:2965,234:2513,235:2368,236:2977,237:2614,238:2556,239:2438,240:3288,241:2643,242:3290,243:2612,244:2550,245:3259,246:2358,247:2637,248:2643,249:2412,250:2400,251:2422,252:2638,253:3228,254:2481,255:2615,256:2444,257:2631,258:3219,259:2423,260:2624,261:2610,262:2419,263:2397,264:2431,265:2462,266:3250,267:2528,268:2599,269:2485,270:3020,271:2601,272:2579,273:2632,274:2518,275:2414,276:2470,277:2397,278:2350,279:3032,280:2473,281:2423,282:2487,283:2454,284:3278,285:2433,286:2433,287:2360,288:2513,289:3197,290:2442,291:2454,292:2574,293:2405,294:2573,295:2362,296:2439,297:2529,298:3010,299:2503,300:2428,301:2618,302:2547,303:2601,304:2628,305:2483,306:2563,307:2409,308:2418,309:2520,310:2369,311:2408,312:2647,313:2626,314:2616,315:2963,316:2591,317:2371,318:2620,319:2394,320:2450,321:2640,322:3173,323:2545,324:2475,325:2592,326:2525,327:2640,328:2522,329:2355,330:2589,331:2641,332:2565,333:3091,334:2376,335:2644,336:2598,337:2429,338:3057,339:3086,340:2459,341:2521,342:3212,343:3267,344:2438,345:2417,346:2364,347:2988,348:2436,349:2930,350:2530,351:2514,352:2495,353:2470,354:2615,355:2544,356:2363,357:2614,358:2359,359:2382
0:2465,1:2573,2:2511,3:3097,4:2435,5:2494,6:2475,7:3158,8:3087,9:3088,10:2577,11:2406,12:2561,13:2596,14:2648,15:2599,16:2422,17:2506,18:3221,19:3154,20:2475,21:2546,22:2433,23:2588,24:2390,25:2423,26:2586,27:2387,28:2399,29:2497,30:2599,31:2553,32:2400,33:2963,34:2412,35:2462,36:2596,37:2635,38:2562,39:2489,40:2472,41:2519,42:3191,43:3277,44:2542,45:3152,46:3156,47:2504,48:2404,49:2574,50:2403,51:2352,52:3176,53:2428,54:2569,55:2635,56:2413,57:2628,58:2464,59:2429,60:2593,61:2410,62:2465,63:2591,64:2401,65:2617,66:2436,67:2540,68:2471,69:2922,70:2582,71:2473,72:2523,73:2598,74:2415,75:2546,76:2412,77:2420,78:2968,79:2561,80:3267,81:2545,82:2474,83:2429,84:2568,85:2479,86:2370,87:2560,88:3236,89:2608,90:2384,91:2369,92:2497,93:2623,94:2957,95:2579,96:2620,97:2386,98:2555,99:2614,100:2515,101:2532,102:2635,103:2389,104:2565,105:2616,106:2439,107:2449,108:2388,109:2507,110:2400,111:2574,112:2566,113:3157,114:2556,115:2462,116:3180,117:2367,118:2358,119:2628,120:2644,121:2557,122:2381,123:2350,124:2577,125:2558,126:2961,127:2455,128:2642,129:2564,130:2394,131:2615,132:2509,133:2616,134:2498,135:2567,136:2480,137:2371,138:2509,139:2459,140:2622,141:2626,142:2567,143:2503,144:2920,145:2447,146:2428,147:2645,148:2604,149:2472,150:2395,151:2365,152:2439,153:2617,154:2553,155:2534,156:2566,157:2565,158:2464,159:2396,160:2374,161:2609,162:2636,163:2494,164:2368,165:2440,166:2353,167:2580,168:2458,169:2488,170:2604,171:2391,172:2611,173:2558,174:2417,175:2353,176:2498,177:2645,178:2382,179:3065,180:2435,181:2599,182:2640,183:2406,184:2379,185:2542,186:2374,187:2967,188:2608,189:2457,190:2980,191:2614,192:2447,193:2523,194:2468,195:2352,196:2455,197:2634,198:2614,199:2429,200:2584,201:2545,202:2475,203:2597,204:2617,205:2381,206:2638,207:2447,208:2486,209:2541,210:2505,211:2647,212:2380,213:3017,214:2632,215:2371,216:3246,217:2435,218:2575,219:2402,220:3270,221:2914,222:2365,223:2527,224:2602,225:2551,226:2473,227:2402,228:2445,229:2470,230:2605,231:2496,232:2496,233:2429,234:3221,235:2636,236:2370,237:2645,238:3295,239:2422,240:2432,241:2454,242:2591,243:3231,244:2368,245:2394,246:2980,247:2436,248:2395,249:2630,250:2536,251:2392,252:2632,253:2405,254:2600,255:2485,256:2446,257:3219,258:2399,259:2489,260:2626,261:2437,262:2530,263:2626,264:2519,265:2559,266:2423,267:3037,268:2532,269:2640,270:2430,271:2546,272:3170,273:2489,274:2510,275:2425,276:2381,277:3122,278:2408,279:2463,280:2986,281:2476,282:2460,283:2467,284:2520,285:3291,286:3273,287:2613,288:2527,289:2352,290:3020,291:2610,292:2461,293:2948,294:3040,295:2359,296:2994,297:2399,298:2464,299:2357,300:2633,301:2515,302:2604,303:3093,304:2473,305:2367,306:2495,307:2553,308:2365,309:2423,310:2629,311:2493,312:2385,313:2362,314:2568,315:2351,316:2602,317:2376,318:2457,319:2628,320:2544,321:2387,322:2636,323:2576,324:3055,325:2494,326:2443,327:2367,328:2620,329:2573,330:3175,331:2630,332:2622,333:2562,334:2534,335:2558,336:2430,337:2407,338:2396,339:2605,340:2637,341:3130,342:2469,343:2556,344:2569,345:2565,346:2456,347:2439,348:2964,349:2610,350:2638,351:2534,352:2520,353:2622,354:3009,355:2447,356:2579,357:2567,358:2556,359:2584
0:2537,1:2466,2:2503,3:2532,4:2530,5:2583,6:2545,7:2601,8:3216,9:2525,10:2446,11:2385,12:2356,13:2413,14:2424,15:2391,16:2514,17:3086,18:2493,19:2519,20:3129,21:2453,22:2496,23:2443,24:2603,25:2505,26:2640,27:2611,28:2495,29:2488,30:3099,31:2378,32:2630,33:2401,34:2371,35:2456,36:2475,37:2353,38:2514,39:2954,40:2595,41:2458,42:2554,43:2389,44:2442,45:3096,46:2483,47:3057,48:2506,49:2478,50:2541,51:2437,52:2547,53:2540,54:2572,55:2572,56:2444,57:2584,58:3006,59:3202,60:2575,61:2417,62:2638,63:2576,64:2473,65:2478,66:2624,67:2480,68:2596,69:2566,70:2497,71:2542,72:2430,73:2571,74:2498,75:2516,76:2420,77:2387,78:2527,79:2573,80:2624,81:3292,82:2626,83:3092,84:2522,85:2625,86:2640,87:2389,88:2565,89:2588,90:2456,91:2452,92:2430,93:2575,94:2354,95:2617,96:3042,97:2589,98:2500,99:2359,100:2536,101:2575,102:2451,103:2494,104:3128,105:3185,106:2439,107:3136,108:2542,109:2519,110:2445,111:2353,112:2626,113:2523,114:2566,115:2576,116:2593,117:2383,118:2586,119:2601,120:2539,121:2599,122:2454,123:2587,124:3230,125:2384,126:3280,127:2430,128:3049,129:2379,130:2362,131:2645,132:2354,133:2429,134:3231,135:2553,136:2600,137:2586,138:2522,139:3054,140:2371,141:3230,142:2418,143:3202,144:3069,145:2606,146:2369,147:2532,148:2523,149:2353,150:2384,151:2592,152:2634,153:3220,154:2398,155:2591,156:3214,157:3299,158:2597,159:2595,160:2506,161:2516,162:2357,163:3026,164:2358,165:2513,166:2430,167:2488,168:2438,169:2446,170:2450,171:2593,172:3146,173:2370,174:2495,175:2437,176:2623,177:2611,178:3281,179:2384,180:2404,181:2350,182:2502,183:3127,184:3295,185:2384,186:2388,187:2592,188:2585,189:2366,190:2531,191:2419,192:2634,193:2355,194:2415,195:2379,196:2417,197:2485,198:2641,199:2474,200:2526,201:2470,202:2615,203:2373,204:2594,205:2572,206:2590,207:2424,208:2524,209:2493,210:2461,211:2421,212:2492,213:2623,214:2471,215:2360,216:2970,217:2578,218:2515,219:2545,220:2436,221:2352,222:2375,223:2550,224:2639,225:2445,226:2513,227:2608,228:2600,229:2353,230:2518,231:2527,232:3018,233:2911,234:2417,235:2596,236:2352,237:3231,238:2599,239:2460,240:2526,241:2645,242:2588,243:2560,244:2557,245:3253,246:2462,247:2375,248:2644,249:3299,250:2468,251:2391,252:2504,253:2440,254:2398,255:2382,256:2647,257:3192,258:3035,259:3208,260:2595,261:2406,262:3277,263:2916,264:3068,265:2377,266:2525,267:2536,268:2586,269:2451,270:2379,271:3132,272:3044,273:2447,274:2520,275:2476,276:2590,277:2463,278:2452,279:2482,280:2631,281:3033,282:2400,283:2501,284:2375,285:2482,286:2597,287:2459,288:2440,289:2407,290:3071,291:2620,292:2352,293:2632,294:3188,295:2593,296:2428,297:3255,298:2535,299:3037,300:2414,301:2453,302:2535,303:2467,304:2429,305:2571,306:2403,307:2987,308:2469,309:2422,310:2374,311:2457,312:2645,313:2403,314:2636,315:2368,316:2607,317:2628,318:2431,319:2352,320:2362,321:2636,322:3162,323:2355,324:2397,325:2603,326:2501,327:2512,328:2395,329:2376,330:2535,331:2550,332:2599,333:2414,334:2440,335:2463,336:2505,337:2414,338:2533,339:2462,340:2474,341:2369,342:3149,343:2442,344:2428,345:2550,346:2380,347:2408,348:2902,349:2604,350:2634,351:2490,352:2494,353:2639,354:2424,355:2381,356:2594,357:2590,358:2489,359:2387
0:2580,1:2958,2:2355,3:2426,4:2501,5:2474,6:2563,7:2508,8:2560,9:2609,10:2493,11:2410,12:2371,13:2526,14:2582,15:2441,16:2408,17:2437,18:2968,19:2533,20:2471,21:3190,22:2496,23:2623,24:2560,25:2448,26:2458,27:2368,28:2430,29:2408,30:2398,31:2396,32:2396,33:2564,34:2581,35:2473,36:2516,37:2903,38:2395,39:2539,40:2518,41:2576,42:2410,43:2388,44:2439,45:3137,46:2614,47:2456,48:2452,49:2420,50:2465,51:2624,52:2412,53:2604,54:2499,55:2529,56:2462,57:3082,58:2593,59:2535,60:2441,61:2584,62:2900,63:3000,64:2477,65:2647,66:2358,67:2359,68:2459,69:3281,70:2355,71:2392,72:2640,73:2513,74:2620,75:2352,76:2572,77:2417,78:2488,79:2515,80:2553,81:2443,82:2517,83:3157,84:2374,85:2372,86:2516,87:2418,88:2628,89:2417,90:2418,91:2647,92:2498,93:2376,94:2981,95:2575,96:2538,97:2430,98:2638,99:2573,100:2557,101:2588,102:2906,103:2621,104:2517,105:2615,106:2468,107:2550,108:2509,109:2563,110:2624,111:2430,112:2365,113:2603,114:2465,115:3212,116:2493,117:2577,118:2480,119:2936,120:2558,121:2647,122:2646,123:2445,124:2510,125:3239,126:3011,127:2589,128:3120,129:2503,130:2359,131:2558,132:2499,133:2520,134:2581,135:2569,136:2573,137:2571,138:2500,139:3010,140:2521,141:2371,142:2550,143:3012,144:2425,145:2387,146:3239,147:2470,148:2527,149:2485,150:2362,151:2574,152:2553,153:2374,154:2492,155:2433,156:2911,157:3016,158:3156,159:2510,160:2434,161:2489,162:2519,163:3175,164:2362,165:2529,166:3092,167:2388,168:2400,169:2543,170:2595,171:2511,172:2641,173:2389,174:2447,175:2632,176:3064,177:2631,178:2456,179:2605,180:3230,181:2610,182:2512,183:3060,184:2953,185:2641,186:2502,187:2353,188:2481,189:2407,190:2548,191:2374,192:2561,193:2355,194:2395,195:2351,196:2516,197:2642,198:2495,199:2549,200:2460,201:2648,202:2550,203:2641,204:2368,205:2430,206:2616,207:2473,208:2558,209:2921,210:2624,211:2436,212:3088,213:2450,214:2366,215:2358,216:2586,217:2454,218:3271,219:2999,220:2490,221:2468,222:2581,223:2518,224:2416,225:2480,226:2352,227:2583,228:2452,229:2439,230:2620,231:2531,232:2438,233:2433,234:2582,235:2620,236:2385,237:2644,238:2463,239:2494,240:3162,241:2615,242:2394,243:2495,244:2409,245:2416,246:2595,247:2594,248:2405,249:2407,250:2543,251:2384,252:2614,253:2968,254:2634,255:2380,256:2564,257:2361,258:2458,259:2386,260:2356,261:2379,262:2543,263:2446,264:2932,265:2539,266:2381,267:2394,268:2422,269:2367,270:2627,271:2526,272:3013,273:2547,274:2396,275:2364,276:2424,277:2466,278:2515,279:2557,280:2646,281:2494,282:2404,283:2604,284:2536,285:2502,286:2362,287:2518,288:2623,289:2571,290:3296,291:2558,292:2465,293:2535,294:2643,295:2437,296:2595,297:2567,298:2552,299:2381,300:3179,301:2498,302:2468,303:2396,304:2387,305:2646,306:2632,307:2552,308:2501,309:2623,310:2457,311:2641,312:3005,313:2580,314:2518,315:3275,316:2910,317:2612,318:2382,319:2632,320:2482,321:2519,322:2409,323:2383,324:2588,325:2521,326:2406,327:2618,328:2397,329:2377,330:2441,331:2398,332:2442,333:2906,334:2635,335:2603,336:2459,337:2573,338:2512,339:2501,340:2434,341:2619,342:3276,343:2453,344:2582,345:2605,346:2406,347:2441,348:2421,349:2574,350:2623,351:2499,352:2462,353:2502,354:2471,355:2540,356:3298,357:3033,358:2507,359:2514
0:2540,1:2483,2:2437,3:2930,4:2499,5:2541,6:2589,7:3153,8:3140,9:2461,10:2456,11:2525,12:2429,13:2469,14:3041,15:3268,16:2391,17:2930,18:2586,19:2391,20:3015,21:2609,22:2927,23:2567,24:2458,25:2600,26:2617,27:2903,28:2360,29:2572,30:2353,31:2353,32:2430,33:2452,34:3010,35:2545,36:2995,37:2439,38:2637,39:2493,40:2453,41:2434,42:2360,43:2451,44:2363,45:2452,46:2648,47:2638,48:2556,49:2491,50:2639,51:2635,52:2395,53:2556,54:2637,55:2483,56:2526,57:2537,58:2522,59:2538,60:3066,61:2480,62:2381,63:2411,64:2448,65:3288,66:2473,67:3281,68:2428,69:2422,70:2406,71:2447,72:2568,73:2475,74:2350,75:2450,76:3083,77:2644,78:2578,79:2628,80:2460,81:2646,82:2983,83:2386,84:2548,85:2369,86:2372,87:2399,88:2579,89:2438,90:2637,91:2957,92:2456,93:2596,94:2526,95:2387,96:2624,97:2377,98:2509,99:2515,100:2432,101:2628,102:2382,103:2404,104:2608,105:2929,106:2434,107:2528,108:2384,109:2474,110:3075,111:2391,112:2436,113:2546,114:3061,115:3115,116:2622,117:2549,118:2500,119:2509,120:2471,121:2558,122:2494,123:2468,124:2556,125:2551,126:2468,127:2422,128:2513,129:2531,130:2571,131:3136,132:3207,133:2490,134:2937,135:2418,136:2631,137:2422,138:2599,139:2359,140:3244,141:2510,142:2404,143:3053,144:2462,145:2388,146:2596,147:2450,148:2583,149:2599,150:2614,151:2458,152:2439,153:2435,154:2440,155:2640,156:2457,157:2419,158:2461,159:3126,160:2429,161:2515,162:2530,163:2380,164:2470,165:2422,166:2409,167:2539,168:2609,169:2432,170:2630,171:2499,172:2383,173:3286,174:3295,175:3102,176:3294,177:3146,178:2638,179:2605,180:2465,181:3226,182:2999,183:2559,184:2409,185:2434,186:2361,187:3191,188:2495,189:2428,190:2523,191:2549,192:2610,193:2621,194:2379,195:2465,196:2649,197:2385,198:2504,199:2380,200:2613,201:2638,202:2526,203:2585,204:3265,205:3127,206:2366,207:2610,208:2638,209:3058,210:2538,211:2363,212:2643,213:2558,214:3024,215:2548,216:2618,217:2976,218:2479,219:3129,220:2960,221:2434,222:2535,223:2617,224:2511,225:2392,226:2502,227:2449,228:2392,229:2366,230:2533,231:3162,232:2376,233:2409,234:3103,235:2971,236:2937,237:2451,238:2550,239:2558,240:2370,241:2649,242:2642,243:2515,244:2351,245:2977,246:2541,247:2591,248:2430,249:2635,250:3257,251:2424,252:2512,253:2519,254:2457,255:3101,256:2436,257:3077,258:2459,259:2515,260:2973,261:2358,262:2928,263:2385,264:3051,265:2643,266:2629,267:3205,268:2576,269:2541,270:2356,271:2524,272:2645,273:2592,274:2506,275:2600,276:2512,277:2425,278:2455,279:3155,280:2439,281:2564,282:2438,283:2558,284:2623,285:2417,286:2430,287:2485,288:2444,289:2438,290:2540,291:2962,292:2450,293:2583,294:2550,295:2627,296:2573,297:2475,298:2642,299:3228,300:2381,301:2431,302:2374,303:2518,304:2557,305:2397,306:2627,307:2604,308:2594,309:2459,310:2465,311:2381,312:2629,313:3074,314:2570,315:2410,316:2483,317:3104,318:2594,319:3020,320:2509,321:2465,322:2401,323:2498,324:2637,325:2571,326:2648,327:3005,328:2615,329:2384,330:2583,331:2605,332:2358,333:2384,334:2984,335:2486,336:2638,337:2608,338:2988,339:2498,340:2534,341:2949,342:2505,343:3187,344:2452,345:2401,346:2636,347:2380,348:2411,349:2398,350:2573,351:2594,352:3171,353:2457,354:2616,355:2351,356:2503,357:2435,358:2584,359:3150
0:2519,1:2386,2:2475,3:2640,4:2571,5:2452,6:2937,7:2498,8:3089,9:2430,10:2398,11:2392,12:2545,13:2430,14:2390,15:2381,16:2507,17:2374,18:2465,19:2979,20:3031,21:2566,22:3212,23:2603,24:2643,25:2623,26:3249,27:2504,28:2390,29:2613,30:2446,31:2594,32:2431,33:2645,34:2619,35:3073,36:2617,37:3199,38:2353,39:2352,40:2589,41:2533,42:2499,43:2982,44:3199,45:2406,46:2370,47:2421,48:2396,49:2407,50:2594,51:2575,52:2537,53:2561,54:2571,55:2403,56:2465,57:2567,58:2498,59:2584,60:3135,61:2453,62:3108,63:2629,64:2627,65:2400,66:2554,67:2460,68:2447,69:2493,70:2977,71:2619,72:2393,73:2613,74:2430,75:2970,76:2413,77:3108,78:2477,79:2423,80:3139,81:2526,82:2957,83:2424,84:2365,85:2381,86:2633,87:2492,88:2641,89:2626,90:2392,91:2424,92:3010,93:2387,94:2469,95:2488,96:2929,97:3256,98:2475,99:2358,100:2957,101:2543,102:2580,103:2533,104:2435,105:2469,106:2561,107:2360,108:2558,109:2521,110:2572,111:2619,112:2448,113:2496,114:2971,115:2564,116:3046,117:3023,118:2614,119:2419,120:2478,121:2364,122:2579,123:2425,124:2535,125:2481,126:2452,127:2516,128:2400,129:2504,130:2423,131:2451,132:2412,133:2585,134:2594,135:2436,136:2533,137:2543,138:2586,139:3131,140:3016,141:3119,142:2541,143:2454,144:2382,145:2358,146:2611,147:2368,148:2531,149:2547,150:2636,151:2496,152:3007,153:3141,154:2367,155:3021,156:3175,157:2640,158:2644,159:3107,160:2518,161:3256,162:2430,163:2443,164:2495,165:2615,166:2604,167:2363,168:2435,169:2355,170:2570,171:2646,172:2409,173:2648,174:2389,175:2407,176:2541,177:2508,178:2572,179:2572,180:3094,181:2458,182:2621,183:2378,184:2519,185:2413,186:2433,187:2451,188:2526,189:2623,190:2470,191:2545,192:2589,193:2386,194:2443,195:2540,196:2452,197:2356,198:2373,199:2570,200:2585,201:2582,202:2908,203:2592,204:2991,205:2360,206:2540,207:2464,208:2375,209:2407,210:2648,211:3243,212:3130,213:2516,214:2578,215:2511,216:2441,217:2451,218:2983,219:2591,220:2649,221:2575,222:2563,223:2486,224:2478,225:2423,226:2589,227:2599,228:3140,229:3097,230:3026,231:2436,232:2588,233:2550,234:3175,235:2532,236:2418,237:2649,238:2414,239:3247,240:2448,241:2423,242:2478,243:2527,244:2386,245:2575,246:2602,247:2440,248:2389,249:2535,250:2375,251:2644,252:2568,253:3181,254:2584,255:2457,256:3081,257:2601,258:2503,259:2639,260:3179,261:2580,262:2535,263:2517,264:3189,265:2988,266:2449,267:3128,268:2606,269:2585,270:2959,271:2504,272:2370,273:2378,274:2639,275:2632,276:2393,277:2452,278:3166,279:2548,280:3243,281:3050,282:2422,283:2591,284:2390,285:2432,286:2367,287:2643,288:2415,289:2453,290:2500,291:2555,292:2507,293:3113,294:2945,295:2550,296:2573,297:2930,298:2591,299:2422,300:2495,301:2443,302:2393,303:3136,304:2567,305:3191,306:2471,307:2988,308:2556,309:2571,310:2399,311:2522,312:2527,313:2403,314:3140,315:3127,316:2467,317:3097,318:2644,319:2548,320:3212,321:2488,322:3231,323:2353,324:2567,325:2352,326:3066,327:3201,328:2643,329:2557,330:2975,331:2355,332:2360,333:3049,334:2544,335:2350,336:2574,337:2402,338:2567,339:2354,340:2900,341:2563,342:2618,343:2575,344:2555,345:2514,346:2577,347:2480,348:2397,349:2485,350:2384,351:2517,352:2938,353:2913,354:2421,355:3174,356:2456,357:2484,358:2598,359:2424
0:2918,1:2367,2:2641,3:2598,4:2490,5:3264,6:2543,7:2627,8:2584,9:2974,10:2384,11:2380,12:2445,13:3283,14:2510,15:2569,16:3170,17:2535,18:2471,19:2570,20:2513,21:2385,22:2599,23:2619,24:2459,25:2573,26:2618,27:3174,28:2562,29:3153,30:2562,31:2627,32:2934,33:3028,34:2559,35:2608,36:2400,37:2385,38:2461,39:3156,40:2350,41:2649,42:3279,43:2372,44:2626,45:3194,46:3237,47:2466,48:2359,49:2502,50:3067,51:2414,52:2639,53:2617,54:2497,55:2609,56:2475,57:2515,58:2448,59:2419,60:2603,61:3152,62:3264,63:2601,64:3048,65:2560,66:2516,67:2541,68:2400,69:2567,70:2437,71:3118,72:2637,73:2471,74:2596,75:2559,76:2629,77:2511,78:2358,79:2413,80:2396,81:2563,82:2553,83:2639,84:2938,85:3074,86:2547,87:2635,88:2525,89:2393,90:2565,91:2507,92:2636,93:2948,94:3060,95:2577,96:3185,97:2545,98:2362,99:2610,100:2587,101:2604,102:2570,103:2574,104:2558,105:2643,106:2453,107:2555,108:2526,109:2386,110:2645,111:2426,112:2506,113:2527,114:2539,115:3215,116:2613,117:2391,118:2583,119:2578,120:2924,121:2543,122:2536,123:2374,124:2496,125:2520,126:2446,127:2985,128:2565,129:2485,130:2415,131:2493,132:2351,133:2361,134:2514,135:2503,136:2468,137:2594,138:2496,139:3232,140:2386,141:2521,142:2564,143:3280,144:2521,145:3044,146:2601,147:2458,148:2387,149:2422,150:2594,151:2375,152:2633,153:2512,154:2411,155:2546,156:3065,157:2489,158:2381,159:2495,160:3017,161:2558,162:3071,163:2498,164:3295,165:2616,166:2350,167:2579,168:2570,169:3001,170:2463,171:2529,172:2462,173:2643,174:2471,175:2600,176:2568,177:2442,178:2386,179:2397,180:2461,181:2468,182:2556,183:2528,184:2365,185:2365,186:2357,187:2596,188:2432,189:3204,190:2376,191:2603,192:2427,193:2633,194:2563,195:2517,196:2512,197:2391,198:2381,199:2620,200:2553,201:2643,202:3149,203:2578,204:2414,205:2514,206:2584,207:2563,208:2580,209:2526,210:2544,211:2356,212:2555,213:2546,214:2632,215:2935,216:2386,217:2575,218:3149,219:2527,220:2402,221:2945,222:2409,223:2422,224:2449,225:2602,226:2540,227:2417,228:2562,229:2515,230:3005,231:3103,232:2595,233:2401,234:2507,235:2521,236:2646,237:2468,238:2603,239:2603,240:2388,241:2363,242:2599,243:2434,244:2993,245:2626,246:2483,247:2528,248:2435,249:2438,250:2361,251:3136,252:2604,253:2931,254:2456,255:3018,256:2995,257:2430,258:2450,259:2571,260:2487,261:2482,262:2533,263:2560,264:2492,265:2460,266:2477,267:2441,268:2513,269:2431,270:2594,271:2623,272:2469,273:3264,274:2484,275:2527,276:2531,277:2621,278:2399,279:2406,280:2509,281:3194,282:2502,283:2377,284:2463,285:3061,286:2597,287:2520,288:2483,289:3000,290:2505,291:2540,292:2907,293:2949,294:2465,295:2576,296:2587,297:2432,298:2410,299:2514,300:3069,301:2593,302:2385,303:2409,304:2916,305:2351,306:2509,307:2626,308:2369,309:2377,310:2472,311:2616,312:2474,313:2442,314:2925,315:2435,316:2389,317:2516,318:2608,319:2616,320:2619,321:2597,322:2595,323:2922,324:2619,325:2493,326:2400,327:2596,328:2906,329:2445,330:3007,331:2984,332:2613,333:3143,334:2365,335:2609,336:2649,337:2371,338:2645,339:2383,340:2575,341:2512,342:2530,343:2563,344:2456,345:2509,346:2642,347:2927,348:3296,349:2599,350:2631,351:2518,352:2386,353:3030,354:2504,355:2394,356:2993,357:2549,358:3167,359:2476
0:2569,1:2465,2:2403,3:2378,4:2561,5:2351,6:2467,7:3030,8:2427,9:2492,10:2389,11:2448,12:2634,13:2531,14:2911,15:2619,16:2390,17:2474,18:2566,19:3195,20:2377,21:2512,22:2450,23:3113,24:2549,25:2641,26:3137,27:2470,28:2504,29:2630,30:2551,31:2524,32:2611,33:2646,34:2448,35:2386,36:2386,37:2464,38:2557,39:2631,40:2603,41:3298,42:2399,43:2394,44:2385,45:2479,46:2613,47:2537,48:2611,49:2467,50:2929,51:2392,52:2515,53:2351,54:2428,55:2961,56:2451,57:2637,58:2558,59:3010,60:2464,61:2495,62:3178,63:2369,64:2464,65:2540,66:3221,67:2361,68:2412,69:2363,70:2484,71:2443,72:2396,73:3090,74:3065,75:3239,76:2564,77:2471,78:2532,79:2620,80:2594,81:2573,82:2464,83:2601,84:2500,85:2372,86:2642,87:2390,88:2464,89:2469,90:2602,91:3274,92:2360,93:2449,94:2389,95:2398,96:2490,97:2463,98:2469,99:2637,100:2416,101:3267,102:2513,103:2605,104:3196,105:2359,106:2484,107:2397,108:2433,109:2564,110:2988,111:2532,112:2605,113:2372,114:2489,115:2535,116:2590,117:2481,118:2514,119:2936,120:2544,121:2566,122:2399,123:2580,124:2473,125:2602,126:2414,127:2548,128:2362,129:2583,130:2358,131:2906,132:2644,133:2465,134:2498,135:2604,136:2614,137:2590,138:2925,139:2490,140:2524,141:2575,142:2433,143:3283,144:2427,145:2384,146:2468,147:2532,148:2523,149:2395,150:3044,151:2504,152:2540,153:2566,154:2609,155:2505,156:2499,157:2350,158:3272,159:2569,160:2452,161:3195,162:2970,163:2539,164:2579,165:2586,166:2624,167:2447,168:2614,169:2508,170:2456,171:2510,172:2483,173:2506,174:2422,175:2375,176:2428,177:2483,178:2512,179:2594,180:3256,181:2578,182:2638,183:2470,184:3298,185:2565,186:2487,187:2483,188:2637,189:2503,190:2452,191:2630,192:3021,193:2606,194:2363,195:2373,196:2419,197:2410,198:2542,199:2461,200:2427,201:3261,202:2580,203:2460,204:2435,205:2530,206:2637,207:3256,208:2529,209:2462,210:3269,211:2474,212:2555,213:2510,214:2447,215:2626,216:2649,217:2568,218:2450,219:2429,220:2473,221:2562,222:2427,223:2435,224:2502,225:2513,226:3151,227:2636,228:2645,229:2444,230:2529,231:2542,232:2935,233:2985,234:2619,235:2916,236:2491,237:2443,238:3053,239:2485,240:2409,241:2356,242:2632,243:2541,244:2590,245:2380,246:3070,247:2419,248:2355,249:2448,250:2638,251:2571,252:2542,253:2482,254:2546,255:3265,256:2537,257:3004,258:2590,259:2465,260:2390,261:2635,262:2440,263:2583,264:2473,265:2448,266:2617,267:3144,268:2405,269:2432,270:2385,271:2444,272:2630,273:2597,274:2367,275:2498,276:2547,277:3193,278:2529,279:2548,280:3191,281:3001,282:2628,283:2442,284:3244,285:2598,286:3291,287:2379,288:2606,289:2519,290:2370,291:2432,292:2387,293:2441,294:2415,295:2560,296:2455,297:2501,298:2362,299:3096,300:3142,301:2558,302:2510,303:2575,304:2508,305:2388,306:2362,307:2562,308:2623,309:2649,310:2612,311:3128,312:2444,313:2625,314:2558,315:2530,316:2471,317:3256,318:2481,319:2608,320:2393,321:2567,322:2514,323:2627,324:2615,325:2591,326:2556,327:2446,328:2489,329:2535,330:2612,331:2422,332:2507,333:2518,334:2553,335:2351,336:2505,337:3169,338:2960,339:2548,340:2612,341:2558,342:2472,343:2996,344:2588,345:2572,346:3184,347:2464,348:2426,349:2612,350:2458,351:2481,352:2390,353:3195,354:2551,355:2645,356:2392,357:3086,358:2377,359:3260
0:2413,1:2509,2:2446,3:2626,4:2626,5:2585,6:2496,7:2634,8:2467,9:2464,10:2383,11:2460,12:2440,13:2398,14:3194,15:2525,16:2440,17:2414,18:2614,19:2589,20:2506,21:2500,22:2445,23:2571,24:2594,25:2581,26:2467,27:2632,28:2435,29:2620,30:2374,31:2586,32:2499,33:2368,34:2528,35:2602,36:2408,37:2408,38:2546,39:2587,40:2609,41:2584,42:2515,43:2512,44:2551,45:3228,46:2591,47:2402,48:2557,49:2354,50:3018,51:2539,52:2543,53:2509,54:2424,55:2494,56:2492,57:2442,58:2551,59:3231,60:2627,61:3206,62:2513,63:2637,64:2493,65:2616,66:2647,67:2586,68:2365,69:2477,70:2610,71:2635,72:2519,73:2422,74:2531,75:2523,76:2395,77:2573,78:2487,79:2598,80:2565,81:2597,82:2558,83:2426,84:2397,85:2395,86:2428,87:2373,88:2572,89:2394,90:2605,91:3204,92:2560,93:2522,94:2379,95:2363,96:2423,97:2473,98:2460,99:2640,100:2365,101:2646,102:2441,103:2356,104:2520,105:2360,106:2553,107:2641,108:2610,109:3016,110:2422,111:2519,112:3233,113:2419,114:2410,115:2581,116:2504,117:2915,118:2365,119:3107,120:2357,121:2925,122:2360,123:2969,124:2424,125:2600,126:2557,127:2374,128:3214,129:2644,130:2404,131:2458,132:2479,133:2616,134:2406,135:2471,136:2571,137:2618,138:2918,139:2481,140:2457,141:2450,142:2461,143:2382,144:2592,145:2575,146:2571,147:2625,148:2399,149:2412,150:2548,151:2478,152:2373,153:2491,154:2461,155:2569,156:2488,157:2409,158:2628,159:2485,160:2930,161:2607,162:2952,163:2560,164:2592,165:2387,166:2408,167:3083,168:2637,169:2437,170:3272,171:2455,172:2974,173:2574,174:2376,175:2418,176:2531,177:2545,178:2554,179:2612,180:2554,181:2446,182:2357,183:2544,184:2613,185:2480,186:2417,187:2384,188:2366,189:2603,190:3169,191:3280,192:2570,193:2589,194:2512,195:2423,196:2502,197:2363,198:2483,199:2616,200:2535,201:2554,202:2488,203:2520,204:3193,205:2430,206:2521,207:2518,208:2622,209:2476,210:2483,211:2428,212:2391,213:2376,214:2355,215:2396,216:3080,217:2581,218:3271,219:2600,220:2560,221:3137,222:2390,223:2584,224:3156,225:2500,226:2522,227:2558,228:3077,229:2638,230:2535,231:2430,232:2901,233:2567,234:2629,235:2420,236:2643,237:2577,238:2377,239:2438,240:2649,241:2534,242:2515,243:2470,244:2400,245:2556,246:2590,247:2593,248:2508,249:2493,250:3126,251:3250,252:2429,253:3139,254:2359,255:2526,256:2378,257:2994,258:2474,259:2368,260:3000,261:2356,262:2368,263:3109,264:2411,265:2377,266:2501,267:2471,268:2988,269:2633,270:2648,271:2565,272:2463,273:2983,274:2517,275:2530,276:2418,277:2466,278:2544,279:2615,280:2500,281:3014,282:2481,283:2536,284:2394,285:2400,286:2527,287:3219,288:3031,289:2543,290:2401,291:2382,292:2557,293:3192,294:2914,295:2361,296:2543,297:2603,298:2357,299:3039,300:2361,301:2353,302:2442,303:2352,304:3104,305:3286,306:2352,307:2573,308:2584,309:2446,310:2971,311:2506,312:2467,313:2507,314:3205,315:3186,316:3291,317:2472,318:2929,319:2907,320:2433,321:2389,322:2420,323:2580,324:2639,325:2565,326:2406,327:2458,328:2645,329:2596,330:2453,331:2579,332:2353,333:2388,334:2604,335:2529,336:3123,337:2407,338:2428,339:2454,340:2550,341:2533,342:2471,343:2525,344:2360,345:2497,346:2529,347:2583,348:2394,349:3111,350:2398,351:2509,352:2500,353:2484,354:2393,355:2502,356:2595,357:2537,358:2523,359:2356
0:2525,1:2436,2:2404,3:3162,4:2397,5:2574,6:2515,7:3120,8:3114,9:2558,10:2423,11:2357,12:2914,13:2592,14:2588,15:2586,16:2361,17:2450,18:2504,19:2600,20:2630,21:2374,22:2901,23:2499,24:2542,25:2435,26:2512,27:2377,28:2488,29:3149,30:2595,31:3190,32:2420,33:2617,34:2473,35:3166,36:2438,37:3160,38:2527,39:2960,40:2556,41:2587,42:2627,43:2402,44:2597,45:2578,46:2459,47:2477,48:2510,49:2559,50:2518,51:2454,52:2438,53:2572,54:3062,55:2363,56:2382,57:2505,58:2374,59:2453,60:2934,61:2470,62:2476,63:2988,64:2418,65:2401,66:2440,67:2564,68:3283,69:2592,70:2523,71:2517,72:2486,73:3039,74:2516,75:2489,76:2561,77:2624,78:2431,79:3280,80:2385,81:3237,82:2445,83:2419,84:2606,85:2597,86:2604,87:2447,88:2501,89:2463,90:3182,91:2532,92:2423,93:2405,94:2409,95:2399,96:2452,97:2521,98:2542,99:2386,100:2549,101:2425,102:2372,103:2510,104:2536,105:2578,106:2491,107:2406,108:2500,109:3227,110:2615,111:2634,112:2405,113:2616,114:2432,115:2440,116:2446,117:2522,118:2376,119:3201,120:2369,121:2373,122:2526,123:2555,124:2462,125:2577,126:3246,127:2480,128:2416,129:2397,130:2549,131:2453,132:2638,133:2384,134:2550,135:2628,136:2550,137:2966,138:2464,139:2607,140:2363,141:2638,142:2548,143:2460,144:2578,145:2524,146:2434,147:2565,148:2511,149:3243,150:2526,151:2393,152:2583,153:2382,154:2412,155:2576,156:2465,157:2395,158:2628,159:2353,160:2642,161:2492,162:2403,163:2408,164:2422,165:2534,166:2413,167:2642,168:2549,169:2400,170:2957,171:2350,172:2975,173:2457,174:2411,175:2605,176:2464,177:2574,178:3296,179:2401,180:2608,181:2522,182:2466,183:2643,184:2408,185:2568,186:2494,187:2622,188:2496,189:2418,190:2648,191:2523,192:2643,193:2469,194:2447,195:2499,196:2482,197:2478,198:2578,199:2534,200:2911,201:2493,202:2531,203:3184,204:2631,205:2405,206:2378,207:2643,208:2403,209:2624,210:2360,211:3144,212:2607,213:2411,214:2388,215:2456,216:2402,217:2632,218:2513,219:2597,220:2548,221:2540,222:2489,223:2532,224:2438,225:2589,226:2639,227:3049,228:2350,229:2524,230:2911,231:2447,232:2367,233:2516,234:2586,235:2471,236:2458,237:3208,238:2409,239:2372,240:2569,241:2608,242:2480,243:2437,244:2643,245:2499,246:2357,247:2527,248:2636,249:2643,250:2629,251:2553,252:2431,253:2503,254:2643,255:2607,256:2427,257:2379,258:2373,259:2443,260:2623,261:2557,262:2548,263:3167,264:2597,265:2503,266:3211,267:2599,268:3187,269:2579,270:2551,271:2570,272:2469,273:2609,274:2546,275:2562,276:2424,277:2620,278:2521,279:2489,280:2484,281:2541,282:2423,283:3280,284:2591,285:2458,286:2542,287:2392,288:3173,289:2539,290:2574,291:2375,292:3272,293:2540,294:2630,295:2621,296:3034,297:2596,298:2513,299:3172,300:2442,301:3224,302:2429,303:3005,304:2568,305:2627,306:2493,307:2373,308:2436,309:2587,310:2574,311:2509,312:2389,313:2618,314:2540,315:2477,316:2394,317:2551,318:2601,319:3297,320:3216,321:2487,322:2379,323:2425,324:2515,325:2449,326:2544,327:2371,328:2372,329:2595,330:2503,331:2547,332:2474,333:2356,334:2441,335:2382,336:2490,337:2601,338:2514,339:2507,340:2418,341:2377,342:2566,343:2519,344:2559,345:2592,346:3049,347:2507,348:3198,349:2453,350:2536,351:2459,352:2461,353:2390,354:2489,355:2638,356:2425,357:2637,358:2409,359:2637
0:2617,1:2356,2:2424,3:2379,4:2629,5:3109,6:2541,7:2457,8:3118,9:2437,10:2591,11:2381,12:3078,13:2505,14:2608,15:3223,16:2360,17:2614,18:2390,19:3221,20:2967,21:2640,22:2478,23:2408,24:2358,25:2524,26:2457,27:2557,28:3240,29:2358,30:2449,31:2595,32:2383,33:2409,34:2648,35:2465,36:2413,37:2627,38:2968,39:2416,40:2459,41:2369,42:2931,43:2535,44:3203,45:2358,46:2626,47:2567,48:2571,49:2465,50:2444,51:2371,52:2992,53:2638,54:3073,55:2579,56:2589,57:2487,58:2364,59:2413,60:2524,61:2564,62:2649,63:2614,64:2908,65:2596,66:2612,67:2478,68:2481,69:2939,70:2963,71:2548,72:2554,73:2634,74:2567,75:2475,76:2641,77:2641,78:3293,79:3223,80:3185,81:2619,82:2533,83:2390,84:2631,85:2358,86:2571,87:2639,88:2458,89:2523,90:2445,91:2520,92:2462,93:2492,94:2478,95:2524,96:3238,97:2498,98:2434,99:2619,100:2432,101:3071,102:3175,103:2543,104:2393,105:2370,106:2416,107:3208,108:2368,109:2560,110:2401,111:2602,112:2515,113:2387,114:2412,115:2423,116:2606,117:2429,118:2568,119:2362,120:2431,121:3172,122:2627,123:2509,124:2465,125:2465,126:3202,127:2353,128:2551,129:2488,130:2637,131:2458,132:2549,133:3092,134:2533,135:2594,136:2603,137:2486,138:2392,139:2457,140:2927,141:3223,142:2646,143:2380,144:2484,145:3283,146:2978,147:2545,148:2410,149:2405,150:2466,151:2454,152:2629,153:2576,154:2644,155:2528,156:2555,157:2522,158:2449,159:2542,160:2534,161:3244,162:2497,163:2555,164:2492,165:2360,166:3155,167:2643,168:2579,169:2461,170:2436,171:2488,172:2457,173:2621,174:2378,175:2968,176:2423,177:2516,178:2506,179:2645,180:2379,181:2906,182:2587,183:2562,184:2438,185:2487,186:2453,187:2537,188:2537,189:2517,190:2439,191:3228,192:2350,193:3041,194:2365,195:2352,196:2646,197:2477,198:3013,199:2604,200:2439,201:2391,202:2578,203:3024,204:2448,205:2440,206:2488,207:2536,208:2628,209:2562,210:2527,211:2532,212:2467,213:2531,214:2403,215:2466,216:2483,217:2378,218:2608,219:2390,220:2528,221:2527,222:2501,223:2354,224:2614,225:2932,226:2376,227:2598,228:2576,229:2554,230:2486,231:2907,232:2608,233:2502,234:2566,235:2440,236:2493,237:2575,238:2379,239:2623,240:2512,241:2984,242:2455,243:2482,244:3254,245:2424,246:2626,247:2513,248:2608,249:2626,250:2600,251:2402,252:2451,253:2573,254:2547,255:2563,256:2612,257:2366,258:2515,259:2582,260:2401,261:2401,262:2457,263:2437,264:2500,265:2400,266:3158,267:2555,268:2519,269:2445,270:2413,271:2413,272:3097,273:2533,274:2417,275:2547,276:2590,277:2518,278:2417,279:2383,280:3049,281:2480,282:3209,283:2601,284:2531,285:3036,286:3221,287:2596,288:2403,289:2440,290:2477,291:2420,292:2606,293:2550,294:2350,295:2578,296:2459,297:2387,298:2953,299:2611,300:2476,301:3272,302:2958,303:2583,304:2405,305:2640,306:2453,307:2382,308:2578,309:2445,310:2568,311:2452,312:2452,313:2465,314:2473,315:2637,316:2624,317:2483,318:3202,319:2416,320:2600,321:2634,322:2951,323:2593,324:2399,325:2632,326:3088,327:2441,328:2393,329:2934,330:2440,331:2562,332:2378,333:2365,334:2645,335:2606,336:2395,337:2623,338:3061,339:2386,340:2600,341:2641,342:2477,343:2486,344:2478,345:2982,346:2635,347:3247,348:2427,349:2414,350:2532,351:2375,352:2599,353:2467,354:2480,355:2507,356:2392,357:2352,358:2558,359:2559
0:2577,1:2596,2:2406,3:2521,4:2593,5:2577,6:2463,7:2523,8:2608,9:3180,10:2570,11:3196,12:2634,13:2642,14:2491,15:2443,16:2505,17:3019,18:3287,19:2644,20:2546,21:2409,22:2357,23:2454,24:2428,25:2571,26:2600,27:2403,28:2515,29:2396,30:2514,31:2588,32:2410,33:2355,34:2412,35:2593,36:2605,37:3071,38:2466,39:3247,40:2567,41:2394,42:2622,43:2429,44:3023,45:2407,46:2586,47:3254,48:2521,49:2610,50:2451,51:2481,52:2379,53:2560,54:2492,55:2425,56:2644,57:2649,58:2644,59:2498,60:2398,61:2371,62:2611,63:2477,64:2410,65:2479,66:2575,67:2626,68:2643,69:2486,70:2475,71:2593,72:3135,73:2635,74:2501,75:2544,76:2633,77:2584,78:2625,79:2645,80:2410,81:3027,82:2394,83:2587,84:2639,85:2494,86:2515,87:2355,88:2480,89:2374,90:2552,91:2358,92:2632,93:2969,94:2353,95:3081,96:2648,97:2542,98:2453,99:2486,100:3169,101:2550,102:2369,103:2423,104:2451,105:2510,106:2536,107:2577,108:2400,109:2482,110:2401,111:2519,112:3120,113:2449,114:2620,115:2538,116:2393,117:2506,118:2503,119:2492,120:2405,121:2566,122:2412,123:2536,124:2381,125:2613,126:3298,127:2625,128:3098,129:2431,130:2442,131:2462,132:2541,133:2485,134:2637,135:2571,136:2620,137:3238,138:2587,139:2610,140:2394,141:2969,142:2367,143:2587,144:2381,145:2440,146:2539,147:2492,148:2406,149:2443,150:2370,151:2950,152:2524,153:2635,154:2490,155:2560,156:2578,157:2413,158:2500,159:2948,160:2395,161:2591,162:2391,163:3175,164:2424,165:2967,166:2413,167:2613,168:2443,169:3029,170:2442,171:3143,172:2536,173:2438,174:2525,175:2359,176:2430,177:2637,178:2531,179:2512,180:2549,181:2599,182:2350,183:3137,184:2366,185:2572,186:2623,187:2410,188:2358,189:2537,190:2528,191:2368,192:2469,193:2492,194:2524,195:2564,196:2369,197:2573,198:2518,199:2569,200:2599,201:2500,202:2919,203:2423,204:2621,205:2362,206:2422,207:2403,208:3073,209:2627,210:3040,211:2473,212:2366,213:2496,214:3274,215:2548,216:3028,217:2614,218:2378,219:2926,220:2393,221:2576,222:2581,223:2527,224:2592,225:2442,226:2602,227:2529,228:2419,229:2393,230:2537,231:3151,232:2633,233:2511,234:3005,235:3164,236:3120,237:3061,238:2374,239:2382,240:2621,241:2594,242:2642,243:2540,244:2649,245:2610,246:2444,247:2456,248:2558,249:3254,250:2389,251:2610,252:2420,253:2454,254:2623,255:2415,256:2993,257:2594,258:2370,259:2390,260:2358,261:2957,262:2517,263:3171,264:2460,265:2427,266:2616,267:2603,268:3081,269:2350,270:2395,271:2505,272:2354,273:2433,274:2518,275:2488,276:2436,277:2613,278:3132,279:2423,280:3035,281:2530,282:2451,283:2450,284:3195,285:3266,286:2411,287:2408,288:2642,289:2572,290:2422,291:2636,292:2390,293:2645,294:2615,295:2459,296:3202,297:3009,298:2545,299:2571,300:2381,301:2442,302:3010,303:2559,304:2437,305:2486,306:2477,307:2569,308:3108,309:2486,310:2647,311:2584,312:2562,313:2570,314:2548,315:2642,316:2501,317:2566,318:2639,319:2434,320:2453,321:2992,322:2472,323:2350,324:2566,325:3088,326:2397,327:2986,328:2361,329:2368,330:2454,331:2476,332:3192,333:3165,334:2575,335:2600,336:2632,337:2446,338:2402,339:2516,340:3013,341:2946,342:2436,343:2412,344:3081,345:2429,346:2637,347:2510,348:2512,349:2588,350:2451,351:2490,352:2357,353:2551,354:2426,355:2465,356:2600,357:2649,358:2601,359:2418
0:2359,1:2429,2:2558,3:3118,4:2950,5:2418,6:2379,7:2393,8:2583,9:2448,10:2361,11:2916,12:2414,13:2518,14:2538,15:3286,16:2446,17:2402,18:2494,19:2476,20:2465,21:2520,22:2567,23:2546,24:2465,25:2633,26:2491,27:2365,28:2351,29:3004,30:2611,31:2437,32:2599,33:2498,34:2594,35:2479,36:2590,37:2532,38:2467,39:2532,40:2427,41:2352,42:2354,43:2456,44:2378,45:3032,46:3283,47:2950,48:2468,49:2599,50:2433,51:2395,52:2539,53:2592,54:2494,55:2499,56:2552,57:2437,58:2539,59:2627,60:2431,61:2580,62:2431,63:3278,64:3093,65:3195,66:2387,67:2506,68:2629,69:2538,70:2358,71:2385,72:3217,73:2586,74:2407,75:2473,76:3028,77:2381,78:2613,79:2521,80:2368,81:2561,82:2620,83:2488,84:2359,85:2502,86:2475,87:2613,88:2924,89:2360,90:2435,91:2442,92:3139,93:2584,94:2560,95:2608,96:2565,97:2449,98:2365,99:2502,100:2558,101:3007,102:2554,103:2405,104:2560,105:2558,106:2393,107:2354,108:3020,109:2570,110:2479,111:2566,112:2399,113:2426,114:2357,115:2407,116:2387,117:2421,118:3006,119:2532,120:2639,121:2588,122:2359,123:2367,124:2528,125:2423,126:2369,127:2499,128:2633,129:2613,130:2549,131:2386,132:2388,133:2633,134:3082,135:2568,136:2558,137:2442,138:2623,139:2452,140:3194,141:3093,142:3140,143:2580,144:2386,145:2616,146:2374,147:2452,148:3016,149:2640,150:3227,151:2631,152:2413,153:3113,154:2634,155:2436,156:2404,157:2563,158:3063,159:2637,160:2402,161:2362,162:2434,163:2371,164:2559,165:2571,166:2415,167:2423,168:2413,169:2590,170:2541,171:2434,172:2434,173:3195,174:2420,175:2503,176:2522,177:2374,178:2421,179:2409,180:2356,181:2390,182:2511,183:3069,184:2458,185:3066,186:2554,187:2541,188:2390,189:2412,190:2475,191:2585,192:2553,193:2517,194:3167,195:2467,196:2390,197:2595,198:2564,199:2598,200:2563,201:2494,202:2407,203:2449,204:2585,205:2356,206:2414,207:2479,208:2476,209:2430,210:2522,211:2434,212:2568,213:3167,214:2517,215:2586,216:2630,217:2524,218:3136,219:2606,220:2458,221:2385,222:2424,223:2515,224:3042,225:3115,226:2365,227:2600,228:2583,229:2448,230:2453,231:2532,232:2549,233:2641,234:2614,235:3134,236:2425,237:2482,238:2638,239:2622,240:2614,241:2639,242:2357,243:2627,244:2500,245:3048,246:2447,247:2628,248:3151,249:2460,250:2562,251:2605,252:2587,253:3209,254:2556,255:2378,256:2518,257:2590,258:2467,259:2564,260:2436,261:2492,262:2409,263:2582,264:2936,265:2353,266:2526,267:2506,268:2617,269:2416,270:3264,271:2430,272:2421,273:2519,274:2354,275:2454,276:2570,277:2355,278:2537,279:2602,280:3248,281:2567,282:2584,283:2534,284:2436,285:2537,286:2492,287:2462,288:2386,289:2395,290:2534,291:2512,292:2363,293:2577,294:2484,295:2355,296:2462,297:2452,298:2518,299:2571,300:2614,301:2510,302:2604,303:2643,304:2648,305:2358,306:2430,307:2528,308:2503,309:2602,310:3061,311:3181,312:2383,313:2479,314:2380,315:2417,316:2485,317:3006,318:2382,319:2588,320:2499,321:3072,322:2904,323:2575,324:2372,325:2984,326:2608,327:2565,328:2395,329:2641,330:2537,331:2449,332:2606,333:2496,334:2374,335:2411,336:2442,337:2355,338:2532,339:2597,340:2553,341:2550,342:2601,343:2352,344:2417,345:2593,346:2445,347:2410,348:2498,349:2368,350:2447,351:2458,352:2421,353:2582,354:2615,355:2476,356:2370,357:3006,358:2473,359:2439
0:3029,1:2485,2:2518,3:2523,4:2386,5:2647,6:2549,7:2480,8:2469,9:2383,10:2512,11:2581,12:2395,13:2438,14:2506,15:2490,16:2602,17:2546,18:2538,19:2631,20:3095,21:2603,22:2534,23:2371,24:2368,25:2372,26:2409,27:2539,28:2470,29:2523,30:2531,31:2499,32:2487,33:2419,34:2513,35:3114,36:2622,37:2603,38:2591,39:2568,40:2395,41:2574,42:2643,43:3269,44:3027,45:2414,46:2516,47:2493,48:3262,49:2558,50:2552,51:2597,52:2599,53:2377,54:2598,55:2489,56:3031,57:2400,58:2352,59:2453,60:2636,61:2516,62:2535,63:2353,64:2429,65:2539,66:2403,67:2526,68:3191,69:2406,70:2380,71:2583,72:2467,73:2367,74:2568,75:2626,76:2515,77:2457,78:2513,79:2469,80:2443,81:3110,82:2464,83:2627,84:2516,85:2422,86:2527,87:3212,88:2462,89:2502,90:2446,91:2483,92:3243,93:2619,94:2562,95:3087,96:2620,97:3038,98:2564,99:2573,100:2535,101:2418,102:2622,103:2535,104:2476,105:2379,106:2414,107:2434,108:2437,109:2422,110:2938,111:2931,112:2524,113:2974,114:2442,115:2957,116:2582,117:2627,118:2389,119:2584,120:2454,121:2469,122:2419,123:2447,124:2530,125:2406,126:2457,127:2507,128:2969,129:2500,130:2567,131:2382,132:2416,133:2608,134:2539,135:2390,136:2474,137:2514,138:2581,139:2375,140:3120,141:3028,142:2568,143:2585,144:2507,145:2564,146:2396,147:2505,148:3001,149:2511,150:2541,151:2626,152:2430,153:3289,154:2643,155:2353,156:3153,157:2575,158:2475,159:2411,160:2629,161:2430,162:2510,163:2566,164:2381,165:2623,166:2477,167:2589,168:2606,169:2397,170:2473,171:3098,172:2372,173:2612,174:2641,175:2501,176:2368,177:3196,178:2368,179:2415,180:2439,181:2552,182:2428,183:2409,184:3018,185:2455,186:2434,187:2474,188:2646,189:2547,190:2495,191:2378,192:2471,193:3263,194:2558,195:2644,196:2645,197:2636,198:2492,199:2506,200:3005,201:2918,202:2360,203:2518,204:2454,205:3268,206:3027,207:2587,208:2640,209:2438,210:2560,211:3086,212:2519,213:2444,214:2499,215:2437,216:2631,217:2999,218:2469,219:2381,220:2598,221:2506,222:3056,223:2516,224:2428,225:2381,226:2571,227:2575,228:2595,229:3290,230:2520,231:2622,232:2381,233:2460,234:2648,235:2486,236:3229,237:2614,238:2632,239:2473,240:3077,241:3222,242:3015,243:2548,244:2575,245:2447,246:2445,247:2582,248:2572,249:2526,250:2356,251:2622,252:2976,253:2605,254:2931,255:2451,256:2464,257:2479,258:2511,259:2596,260:2417,261:3061,262:2597,263:2525,264:2646,265:2482,266:2637,267:2506,268:2962,269:2572,270:2543,271:3089,272:2423,273:2565,274:2900,275:2625,276:2390,277:2376,278:3235,279:2469,280:2445,281:2428,282:2412,283:2435,284:2396,285:2535,286:2637,287:2441,288:2943,289:2535,290:2589,291:2548,292:2500,293:2478,294:2568,295:2435,296:2444,297:2637,298:2589,299:2604,300:2378,301:2475,302:2581,303:2389,304:2391,305:2623,306:2363,307:2442,308:2445,309:2390,310:2537,311:2564,312:2613,313:2391,314:2428,315:2618,316:2549,317:2373,318:3033,319:2634,320:2468,321:2390,322:3145,323:3208,324:2558,325:2592,326:2351,327:2547,328:2603,329:2617,330:2467,331:2566,332:2555,333:2635,334:2457,335:2505,336:2521,337:2414,338:2560,339:2600,340:2401,341:2645,342:2394,343:2615,344:3028,345:2621,346:3047,347:3108,348:2510,349:2392,350:2462,351:2546,352:2359,353:2526,354:2460,355:3163,356:2469,357:2612,358:2460,359:2538
0:2592,1:2536,2:2492,3:3142,4:2920,5:2644,6:2484,7:2496,8:2364,9:2351,10:2643,11:2633,12:2471,13:2484,14:2582,15:2412,16:2444,17:2370,18:3011,19:2476,20:2574,21:2358,22:2410,23:2506,24:3018,25:2641,26:2453,27:2445,28:2614,29:2519,30:3151,31:2434,32:2572,33:3190,34:2377,35:2557,36:2914,37:2628,38:2414,39:3241,40:2436,41:2547,42:2615,43:2491,44:2515,45:2494,46:2543,47:2517,48:2553,49:2390,50:2588,51:2504,52:2480,53:2511,54:2383,55:2578,56:2395,57:2361,58:2512,59:2389,60:3244,61:2369,62:2582,63:3155,64:2461,65:3086,66:2634,67:2485,68:3069,69:3114,70:2464,71:2416,72:2484,73:2489,74:3000,75:2498,76:2481,77:2542,78:2482,79:2540,80:3013,81:2504,82:2438,83:2354,84:3252,85:2525,86:2559,87:2639,88:2457,89:2614,90:2619,91:2612,92:2574,93:2639,94:2584,95:2473,96:2373,97:2375,98:2456,99:2503,100:2351,101:2364,102:2599,103:2477,104:2365,105:2473,106:2534,107:2577,108:2600,109:2389,110:2558,111:2601,112:2604,113:2558,114:2482,115:2449,116:2377,117:2455,118:2442,119:2383,120:2481,121:2620,122:2635,123:2647,124:2422,125:2594,126:2376,127:3076,128:2398,129:2987,130:2359,131:2618,132:2621,133:2393,134:3234,135:2435,136:2647,137:2554,138:2524,139:2563,140:2364,141:2553,142:2613,143:2432,144:2409,145:2646,146:2359,147:2622,148:2554,149:2620,150:2536,151:2459,152:2391,153:2537,154:2505,155:2568,156:2601,157:2405,158:2395,159:2549,160:2581,161:2442,162:2618,163:2490,164:2634,165:2496,166:2554,167:2631,168:2466,169:2561,170:2618,171:2382,172:2440,173:3141,174:3069,175:2379,176:3155,177:2361,178:2576,179:2460,180:2371,181:2411,182:2542,183:3211,184:2532,185:3037,186:3148,187:2368,188:3240,189:2576,190:2648,191:2358,192:2942,193:2623,194:2596,195:2370,196:2609,197:3107,198:3297,199:2508,200:2392,201:2509,202:2468,203:2479,204:2579,205:3233,206:2463,207:2611,208:2403,209:2566,210:2381,211:2627,212:2422,213:2362,214:2368,215:2638,216:2642,217:2563,218:2447,219:2584,220:2460,221:3107,222:3097,223:2563,224:2566,225:2617,226:3150,227:2634,228:2493,229:2519,230:2361,231:2401,232:2519,233:2647,234:2427,235:2365,236:2454,237:3201,238:2464,239:2449,240:2540,241:2498,242:2623,243:2384,244:2544,245:2646,246:2592,247:2618,248:3261,249:2585,250:2940,251:3150,252:3234,253:2477,254:2366,255:2483,256:2597,257:2466,258:2520,259:2362,260:2520,261:2617,262:2552,263:3096,264:2979,265:2586,266:2404,267:2464,268:2640,269:2392,270:2407,271:2482,272:2370,273:2523,274:2500,275:2564,276:2605,277:2960,278:2364,279:2554,280:2392,281:2385,282:2573,283:3100,284:3111,285:2630,286:2528,287:2617,288:2451,289:3158,290:3272,291:2640,292:2399,293:2481,294:2624,295:2597,296:2563,297:3083,298:2632,299:2367,300:2462,301:2617,302:2563,303:2381,304:2600,305:2474,306:2476,307:2510,308:2591,309:2436,310:2644,311:2456,312:2525,313:2456,314:2602,315:2984,316:2392,317:3079,318:3280,319:3104,320:2611,321:2618,322:2577,323:2424,324:2589,325:2565,326:2944,327:2552,328:2616,329:2390,330:2996,331:2550,332:2519,333:3133,334:2638,335:2470,336:2971,337:2630,338:2595,339:2492,340:2385,341:2530,342:2989,343:2451,344:2608,345:2644,346:2473,347:2467,348:2532,349:2402,350:2437,351:2629,352:2581,353:2637,354:3028,355:2960,356:2590,357:3130,358:2370,359:2568
0:2613,1:2372,2:3090,3:2400,4:2437,5:2622,6:2457,7:3292,8:2385,9:2603,10:2437,11:2593,12:2355,13:2982,14:2530,15:3296,16:2505,17:2497,18:2516,19:2909,20:2510,21:2381,22:3077,23:3242,24:3279,25:2931,26:2414,27:2610,28:3018,29:2549,30:2514,31:2387,32:3148,33:2359,34:2366,35:2499,36:2478,37:3275,38:2615,39:2432,40:2541,41:3138,42:3196,43:2642,44:2590,45:2413,46:3063,47:2415,48:2600,49:2508,50:3206,51:2543,52:2554,53:2605,54:2388,55:2477,56:2401,57:2624,58:2384,59:3172,60:2434,61:3009,62:2619,63:2909,64:3197,65:2414,66:2473,67:2509,68:2577,69:2633,70:2502,71:2452,72:2946,73:2457,74:2622,75:2439,76:2378,77:2506,78:3042,79:2397,80:2440,81:2924,82:2430,83:2549,84:2611,85:2359,86:2468,87:2568,88:2415,89:2643,90:2423,91:2475,92:2527,93:2464,94:2526,95:2431,96:2497,97:2513,98:2406,99:2449,100:2497,101:2386,102:2556,103:2364,104:2403,105:2389,106:2405,107:2521,108:2636,109:2484,110:3202,111:3031,112:2456,113:2450,114:2641,115:2406,116:2383,117:2422,118:2451,119:2504,120:2594,121:2616,122:2649,123:2378,124:2612,125:2415,126:3233,127:2529,128:2568,129:2403,130:2630,131:2496,132:2437,133:2369,134:2555,135:2568,136:2458,137:2510,138:2555,139:2462,140:2911,141:2931,142:2403,143:3032,144:2599,145:2513,146:2519,147:3088,148:2493,149:2400,150:2408,151:2524,152:2446,153:2636,154:2628,155:2558,156:2618,157:2487,158:2636,159:2536,160:2392,161:2413,162:2449,163:3079,164:2647,165:2461,166:2596,167:2607,168:3081,169:2511,170:2384,171:2549,172:2449,173:2402,174:2376,175:2527,176:2449,177:2479,178:3164,179:2380,180:3155,181:2425,182:2492,183:2479,184:2371,185:2625,186:2523,187:2535,188:2555,189:2537,190:2472,191:3075,192:2595,193:2468,194:2529,195:2510,196:3196,197:2905,198:2570,199:2456,200:2414,201:2410,202:2619,203:2599,204:2502,205:2489,206:2451,207:2354,208:2504,209:2416,210:2539,211:3153,212:2391,213:2489,214:2550,215:2642,216:2537,217:2592,218:2626,219:2513,220:2503,221:2472,222:2505,223:2611,224:2613,225:2437,226:2447,227:2508,228:2423,229:2373,230:2502,231:2378,232:2561,233:3133,234:2466,235:2590,236:2513,237:2557,238:3122,239:2369,240:2556,241:2366,242:2371,243:2615,244:2592,245:2500,246:2380,247:2616,248:2576,249:2511,250:2355,251:2648,252:2971,253:2524,254:2647,255:2446,256:2613,257:2597,258:3237,259:3187,260:2355,261:2390,262:2415,263:2617,264:2638,265:2414,266:2553,267:2447,268:2496,269:2436,270:2400,271:2379,272:2611,273:2555,274:2566,275:2429,276:3099,277:2397,278:2558,279:2516,280:2541,281:2445,282:2579,283:2549,284:2352,285:2395,286:2352,287:2510,288:2966,289:2605,290:2373,291:2461,292:2591,293:3273,294:2469,295:2569,296:2556,297:2614,298:2387,299:2610,300:2594,301:2584,302:2397,303:2643,304:2375,305:2436,306:3082,307:2559,308:2544,309:2506,310:2539,311:2555,312:2574,313:2592,314:2369,315:2603,316:2394,317:3181,318:2558,319:2364,320:2446,321:2551,322:2430,323:2365,324:2525,325:2417,326:2567,327:2354,328:3126,329:2564,330:2563,331:2569,332:2496,333:2612,334:2510,335:2638,336:2366,337:3195,338:2602,339:2584,340:2380,341:2397,342:2510,343:2534,344:2521,345:2353,346:2508,347:2433,348:2436,349:2477,350:2514,351:2556,352:2614,353:2426,354:2550,355:2539,356:2398,357:2577,358:2466,359:2425
0:2453,1:3058,2:2435,3:3146,4:2646,5:2601,6:2483,7:2632,8:2622,9:2434,10:2445,11:2559,12:2411,13:2627,14:2545,15:2629,16:2985,17:2485,18:2498,19:2563,20:2465,21:2429,22:2520,23:2474,24:2469,25:2639,26:2405,27:2360,28:2360,29:2366,30:2465,31:3295,32:2389,33:2591,34:2441,35:2591,36:3227,37:2550,38:2582,39:2640,40:3268,41:2405,42:2427,43:3147,44:3184,45:2502,46:2630,47:3178,48:2573,49:2446,50:2610,51:2611,52:2564,53:2524,54:2493,55:2481,56:2413,57:2473,58:2603,59:2386,60:2624,61:2607,62:2425,63:2422,64:2531,65:2419,66:2350,67:2381,68:2448,69:2483,70:2629,71:2557,72:2366,73:2644,74:2439,75:2585,76:2392,77:2530,78:2436,79:3066,80:2532,81:2451,82:2592,83:2468,84:3090,85:2490,86:2469,87:2613,88:2424,89:2456,90:2940,91:2583,92:2542,93:2552,94:2510,95:2632,96:2567,97:3101,98:2458,99:2567,100:3259,101:3029,102:2580,103:2551,104:2414,105:2416,106:2409,107:2453,108:3071,109:3236,110:2591,111:2483,112:2384,113:2400,114:2510,115:2608,116:2374,117:2551,118:2495,119:2539,120:2380,121:3122,122:2578,123:2518,124:2647,125:2628,126:2585,127:2502,128:3292,129:3094,130:2563,131:2586,132:2446,133:2461,134:2473,135:2616,136:2427,137:2356,138:2593,139:3123,140:2403,141:2428,142:2584,143:2376,144:2607,145:2597,146:2578,147:2537,148:2549,149:2589,150:2380,151:2445,152:2536,153:2575,154:2398,155:2637,156:2465,157:2378,158:2635,159:2391,160:2461,161:3045,162:2646,163:2555,164:2451,165:2456,166:2646,167:2527,168:2966,169:3293,170:2533,171:2447,172:2602,173:2377,174:2431,175:2392,176:2389,177:2599,178:2465,179:2648,180:3212,181:2415,182:2405,183:2474,184:2360,185:2424,186:2455,187:2396,188:2930,189:2427,190:2436,191:3031,192:2621,193:2532,194:2530,195:2531,196:2553,197:2993,198:2622,199:2593,200:2604,201:2578,202:2599,203:2407,204:2493,205:2535,206:2433,207:2531,208:2916,209:2472,210:2564,211:3280,212:3110,213:2413,214:2417,215:2510,216:2933,217:2364,218:3192,219:2613,220:2452,221:2413,222:2949,223:3035,224:2448,225:2561,226:2434,227:2503,228:2535,229:2548,230:2648,231:2558,232:2567,233:2353,234:2613,235:2404,236:2385,237:2370,238:2592,239:3129,240:3001,241:2408,242:2368,243:2431,244:2637,245:2627,246:2582,247:2363,248:2356,249:2448,250:2571,251:3189,252:2602,253:2382,254:2949,255:3273,256:2439,257:2501,258:3216,259:2490,260:2484,261:2381,262:2362,263:2381,264:2353,265:2465,266:2420,267:2373,268:2597,269:2517,270:2475,271:2555,272:2491,273:2962,274:2611,275:2474,276:2627,277:2549,278:2610,279:2434,280:2474,281:2408,282:2646,283:2629,284:2435,285:2531,286:2444,287:2454,288:2577,289:2619,290:2522,291:2607,292:3210,293:2424,294:3059,295:2533,296:2560,297:2626,298:2634,299:2923,300:2448,301:3102,302:2405,303:2490,304:3230,305:2551,306:2392,307:2515,308:2471,309:2518,310:2610,311:2475,312:2605,313:2520,314:2350,315:3206,316:2552,317:3101,318:2361,319:2365,320:2411,321:2369,322:2497,323:2637,324:2524,325:2582,326:2386,327:2518,328:2430,329:2371,330:2526,331:3146,332:2645,333:2620,334:2583,335:2628,336:2548,337:2363,338:2599,339:2412,340:3164,341:2465,342:3171,343:2558,344:3093,345:3088,346:2484,347:2519,348:2640,349:2632,350:2380,351:3224,352:3045,353:2505,354:2574,355:2350,356:2445,357:2587,358:2649,359:2391
0:2549,1:2406,2:2354,3:2447,4:3253,5:2451,6:2507,7:2353,8:2567,9:2393,10:2619,11:2453,12:2632,13:3061,14:2459,15:2379,16:2592,17:2391,18:2391,19:2542,20:2515,21:2465,22:2362,23:2512,24:3217,25:3278,26:2468,27:2580,28:3223,29:2427,30:2428,31:2514,32:2481,33:2608,34:2474,35:2579,36:2437,37:2523,38:2379,39:2417,40:2375,41:2421,42:2505,43:3224,44:2459,45:2587,46:2558,47:2390,48:2483,49:2463,50:2560,51:3048,52:3154,53:2466,54:3053,55:2385,56:2508,57:2388,58:2969,59:3004,60:2529,61:2573,62:2518,63:2592,64:2494,65:2509,66:2421,67:2643,68:3215,69:2394,70:2562,71:2492,72:3167,73:2481,74:2425,75:2517,76:2531,77:2627,78:2577,79:2579,80:2545,81:3027,82:2363,83:2380,84:2385,85:2365,86:2590,87:2412,88:2416,89:2380,90:2401,91:2589,92:2531,93:2598,94:2545,95:2428,96:3116,97:2495,98:2475,99:2370,100:2425,101:2477,102:2498,103:2597,104:2457,105:2441,106:2484,107:2457,108:3253,109:2360,110:2611,111:2583,112:2459,113:2616,114:3039,115:3078,116:2354,117:2507,118:2555,119:2492,120:2397,121:2552,122:2376,123:2577,124:2391,125:2352,126:3219,127:2506,128:2435,129:2507,130:3249,131:2621,132:2529,133:2410,134:2485,135:2524,136:2513,137:2944,138:2453,139:2539,140:2563,141:2434,142:2619,143:2554,144:2554,145:2427,146:3266,147:2519,148:2556,149:2498,150:2419,151:2356,152:2522,153:2451,154:2404,155:2605,156:2992,157:2633,158:2608,159:2543,160:3007,161:2622,162:2931,163:2451,164:2610,165:2591,166:2558,167:2620,168:2422,169:2491,170:3128,171:3252,172:2423,173:2384,174:2572,175:2353,176:2564,177:2374,178:2468,179:2478,180:2574,181:2648,182:3161,183:2576,184:2412,185:2638,186:2436,187:2444,188:2369,189:2646,190:2562,191:2574,192:2394,193:3257,194:2970,195:2403,196:2571,197:2414,198:2354,199:2532,200:2395,201:2931,202:2352,203:2577,204:2487,205:2378,206:2408,207:2367,208:2440,209:2612,210:2914,211:2618,212:3271,213:2350,214:2399,215:2466,216:2605,217:2510,218:2516,219:2621,220:3260,221:2599,222:2577,223:2434,224:2506,225:2581,226:3196,227:2531,228:2640,229:2510,230:2437,231:2457,232:2480,233:3109,234:2525,235:2545,236:2478,237:3083,238:3012,239:2477,240:2646,241:2353,242:2376,243:2502,244:2442,245:2980,246:3088,247:2537,248:2413,249:2539,250:2449,251:2987,252:2508,253:2512,254:2561,255:2496,256:3105,257:2622,258:2552,259:2596,260:2415,261:2552,262:2354,263:2449,264:2603,265:2376,266:2391,267:2417,268:2592,269:3214,270:2522,271:2383,272:3094,273:2955,274:3072,275:2633,276:2442,277:2506,278:2616,279:2609,280:2547,281:2387,282:2550,283:2467,284:2574,285:2428,286:2539,287:3250,288:2416,289:3144,290:2488,291:2626,292:2512,293:2430,294:2451,295:2495,296:2353,297:3076,298:2549,299:2589,300:3186,301:2403,302:2537,303:2518,304:2630,305:2493,306:3146,307:2565,308:2596,309:2633,310:2471,311:2495,312:2648,313:2432,314:2973,315:2623,316:2517,317:2563,318:2980,319:2581,320:2531,321:2406,322:2396,323:2637,324:2497,325:2617,326:2556,327:2523,328:2645,329:2529,330:2352,331:2597,332:2956,333:2388,334:2451,335:2604,336:2495,337:2475,338:3028,339:2444,340:2637,341:2627,342:2622,343:3278,344:2583,345:2492,346:2359,347:2648,348:2393,349:2417,350:2414,351:2445,352:2390,353:2432,354:3146,355:2374,356:2636,357:2581,358:2581,359:2951
0:2950,1:2454,2:2493,3:2415,4:3141,5:2640,6:2533,7:2441,8:2554,9:2980,10:2487,11:2482,12:2548,13:2629,14:2411,15:2470,16:2391,17:2518,18:2480,19:2597,20:2384,21:3135,22:2582,23:2488,24:2599,25:2361,26:2460,27:2572,28:2474,29:2582,30:2559,31:2534,32:2491,33:2637,34:2539,35:2603,36:2540,37:2531,38:2649,39:2412,40:2422,41:2636,42:2382,43:2602,44:2589,45:3023,46:2619,47:3178,48:3132,49:2483,50:2595,51:2374,52:2605,53:2431,54:2475,55:2379,56:2420,57:2404,58:2502,59:2579,60:2479,61:2468,62:3290,63:2408,64:2610,65:3272,66:2354,67:2396,68:2380,69:3154,70:2433,71:2384,72:2633,73:2457,74:2606,75:2585,76:2444,77:2408,78:2468,79:2508,80:3175,81:2351,82:2634,83:2355,84:2491,85:2621,86:2623,87:2399,88:2626,89:2372,90:2579,91:2599,92:2378,93:3132,94:2505,95:2452,96:3048,97:2532,98:2430,99:3222,100:2422,101:2611,102:2454,103:2629,104:2423,105:2535,106:2417,107:2370,108:3077,109:2579,110:2547,111:2491,112:2405,113:2369,114:2549,115:3179,116:2462,117:2394,118:2479,119:2544,120:2359,121:2379,122:2955,123:2403,124:2412,125:2386,126:3110,127:2647,128:2350,129:3238,130:2390,131:3242,132:3255,133:2620,134:2647,135:2388,136:2492,137:2631,138:3126,139:2572,140:2533,141:2602,142:2562,143:2488,144:2537,145:2497,146:2954,147:2417,148:2378,149:2627,150:2582,151:2350,152:2988,153:2646,154:3212,155:3219,156:2537,157:2355,158:2445,159:2403,160:2493,161:2392,162:3199,163:2531,164:2626,165:2614,166:2393,167:3224,168:2408,169:2929,170:2510,171:2419,172:2518,173:2568,174:2578,175:2505,176:2496,177:2354,178:2505,179:2442,180:3052,181:2535,182:2593,183:2635,184:2386,185:2529,186:2357,187:2391,188:2972,189:2486,190:2454,191:2502,192:2420,193:2403,194:2502,195:2579,196:2514,197:2462,198:2574,199:2626,200:2451,201:2506,202:2556,203:2487,204:2514,205:2444,206:2539,207:2633,208:2635,209:2532,210:2487,211:2444,212:2573,213:2431,214:2591,215:3238,216:2580,217:2593,218:2452,219:2434,220:3019,221:2623,222:2452,223:2428,224:3186,225:2438,226:2381,227:2377,228:2402,229:2962,230:2421,231:2375,232:2617,233:2482,234:2467,235:2519,236:2580,237:2511,238:2379,239:3291,240:2578,241:2565,242:2579,243:2457,244:2355,245:2478,246:2452,247:2646,248:2360,249:2611,250:2365,251:2490,252:2545,253:3021,254:2511,255:2368,256:2959,257:2380,258:2359,259:2483,260:2603,261:2388,262:2421,263:2960,264:2419,265:2526,266:2433,267:2460,268:3032,269:2570,270:2471,271:2615,272:2408,273:2452,274:2423,275:2395,276:3040,277:2439,278:2626,279:2495,280:2546,281:2413,282:3225,283:2626,284:2452,285:2536,286:2538,287:2508,288:2520,289:2567,290:3237,291:2423,292:2460,293:3088,294:3091,295:2906,296:2612,297:2647,298:2445,299:2530,300:2441,301:3238,302:2613,303:2415,304:2400,305:3181,306:2560,307:2942,308:2941,309:3230,310:2384,311:3111,312:2465,313:2504,314:2403,315:2433,316:2513,317:2531,318:3056,319:2476,320:2543,321:2590,322:2401,323:2368,324:2402,325:2356,326:2554,327:2490,328:2462,329:2546,330:2537,331:2959,332:2410,333:2518,334:2598,335:2515,336:2487,337:3048,338:2607,339:2364,340:2392,341:2596,342:2977,343:2597,344:2418,345:2463,346:2613,347:2522,348:2558,349:3286,350:2354,351:2567,352:2415,353:2487,354:2478,355:2430,356:2983,357:2485,358:2513,359:2644
0:2604,1:2378,2:2541,3:2599,4:2493,5:2559,6:3091,7:2585,8:2386,9:2500,10:2520,11:2994,12:2366,13:2455,14:2502,15:3187,16:2486,17:3037,18:2463,19:2383,20:3137,21:2414,22:2429,23:2484,24:2546,25:2350,26:3233,27:2395,28:2469,29:3195,30:2495,31:2504,32:2419,33:2575,34:2598,35:2535,36:2545,37:2621,38:3111,39:2395,40:2605,41:2432,42:2582,43:2497,44:2391,45:3142,46:2560,47:2444,48:2998,49:2359,50:2388,51:2629,52:2500,53:3202,54:2368,55:2953,56:2466,57:3252,58:2355,59:2577,60:2550,61:2559,62:2577,63:2985,64:2434,65:2375,66:2360,67:2516,68:2587,69:2526,70:3148,71:2449,72:2422,73:2506,74:2626,75:2412,76:2588,77:2513,78:3268,79:2386,80:2583,81:2462,82:3191,83:2609,84:2384,85:2552,86:2366,87:3087,88:2635,89:2417,90:2380,91:2554,92:2546,93:2606,94:2554,95:3123,96:3185,97:2607,98:2447,99:2430,100:2408,101:2523,102:2387,103:2995,104:2370,105:2434,106:2470,107:3036,108:2360,109:2906,110:2575,111:3019,112:2529,113:3280,114:2567,115:3085,116:2624,117:2463,118:2393,119:3232,120:2546,121:2407,122:2358,123:3184,124:2574,125:2390,126:2423,127:2613,128:2497,129:2633,130:2524,131:2458,132:2489,133:2619,134:2569,135:2570,136:2486,137:3062,138:2502,139:2426,140:2446,141:2528,142:2427,143:2475,144:2944,145:2596,146:3285,147:2611,148:2440,149:2450,150:2631,151:2595,152:3227,153:2520,154:2517,155:2637,156:3116,157:2437,158:3236,159:2441,160:3143,161:2598,162:3217,163:2609,164:2542,165:2587,166:2950,167:2378,168:2551,169:2639,170:2366,171:3160,172:2359,173:2359,174:2378,175:2365,176:2547,177:2603,178:2476,179:2394,180:3285,181:2553,182:2483,183:3042,184:2440,185:2606,186:2606,187:2646,188:2638,189:3089,190:2624,191:2570,192:2517,193:2483,194:2485,195:3201,196:2641,197:2509,198:2647,199:2612,200:2485,201:2646,202:2499,203:2462,204:2394,205:3085,206:2634,207:2591,208:3145,209:3275,210:2632,211:3243,212:2634,213:2615,214:2486,215:3291,216:2456,217:2929,218:2466,219:2520,220:2434,221:2648,222:2417,223:2368,224:2536,225:2458,226:2541,227:2395,228:2581,229:2604,230:2561,231:2585,232:2649,233:2507,234:2649,235:2578,236:2379,237:2422,238:2398,239:2512,240:2399,241:2919,242:2418,243:2357,244:2647,245:2517,246:2600,247:2609,248:2631,249:2569,250:2900,251:3212,252:2997,253:2457,254:2570,255:2500,256:2560,257:2598,258:2570,259:2589,260:2466,261:2547,262:2409,263:2968,264:2644,265:2479,266:3260,267:2457,268:2392,269:2540,270:2442,271:2597,272:2467,273:2443,274:2482,275:2506,276:2475,277:2643,278:2534,279:2363,280:2490,281:3255,282:3108,283:2462,284:2560,285:2501,286:2578,287:2579,288:2572,289:3015,290:2623,291:2616,292:2551,293:2425,294:2475,295:2481,296:2636,297:2418,298:3152,299:2558,300:2359,301:2358,302:2458,303:2506,304:2495,305:2959,306:2459,307:2554,308:2467,309:3088,310:2528,311:2627,312:2385,313:2919,314:2618,315:2401,316:2632,317:2535,318:2403,319:2520,320:2618,321:2468,322:3063,323:2356,324:2413,325:2520,326:2477,327:2628,328:2566,329:2378,330:2990,331:2463,332:2368,333:2528,334:3088,335:2437,336:2606,337:2359,338:3261,339:2623,340:2521,341:2524,342:2467,343:2583,344:2625,345:3008,346:2599,347:2537,348:2404,349:2588,350:2644,351:2531,352:2453,353:2431,354:3055,355:2515,356:2471,357:2992,358:2599,359:2446
0:2560,1:2437,2:2629,3:2541,4:2473,5:2589,6:2589,7:2643,8:2350,9:2405,10:2617,11:2498,12:2502,13:2358,14:2439,15:2517,16:2530,17:2490,18:2630,19:2460,20:2637,21:3055,22:2355,23:2544,24:2539,25:2525,26:2544,27:2944,28:2415,29:3255,30:2618,31:2508,32:2441,33:2454,34:2596,35:2648,36:2586,37:2620,38:2383,39:2641,40:2404,41:2456,42:2596,43:2522,44:2353,45:2379,46:2580,47:2362,48:2460,49:2604,50:2586,51:2528,52:2593,53:2434,54:2406,55:2520,56:2472,57:2522,58:2493,59:2454,60:2575,61:2441,62:2468,63:3013,64:2472,65:3054,66:2508,67:2494,68:2401,69:2534,70:2360,71:2536,72:2425,73:2433,74:3263,75:2515,76:2411,77:2925,78:3099,79:2582,80:2640,81:2384,82:2458,83:2642,84:2566,85:2537,86:2595,87:3221,88:2508,89:2636,90:2402,91:2477,92:3071,93:2630,94:2641,95:2504,96:2436,97:2424,98:2535,99:2387,100:2405,101:3202,102:2410,103:2946,104:2429,105:2447,106:2433,107:2622,108:2456,109:2639,110:2470,111:2434,112:2357,113:2575,114:2957,115:2452,116:2559,117:2403,118:2635,119:2448,120:2352,121:2365,122:2525,123:2533,124:2366,125:2547,126:2515,127:2437,128:2401,129:3277,130:2635,131:2547,132:2469,133:2516,134:2474,135:2384,136:2531,137:2510,138:3275,139:2586,140:2601,141:2618,142:2409,143:2372,144:2432,145:3290,146:3005,147:2504,148:2615,149:2550,150:3107,151:3110,152:2407,153:2505,154:2428,155:2542,156:2531,157:2500,158:2585,159:2496,160:3065,161:2432,162:2585,163:2423,164:3109,165:2535,166:2626,167:2408,168:2548,169:2409,170:2396,171:2590,172:2630,173:2514,174:2498,175:2445,176:2532,177:2438,178:2557,179:3030,180:2557,181:3130,182:3008,183:2614,184:2440,185:2452,186:2415,187:2400,188:2385,189:2518,190:2584,191:2630,192:2572,193:2452,194:2567,195:2552,196:2584,197:2513,198:2354,199:3234,200:2542,201:2375,202:2420,203:2607,204:2454,205:3085,206:2376,207:3147,208:2592,209:2434,210:2544,211:2500,212:2557,213:2395,214:2570,215:2597,216:2397,217:2433,218:3038,219:3121,220:2362,221:2969,222:2425,223:2589,224:2579,225:2444,226:2445,227:2586,228:2416,229:2480,230:3173,231:2416,232:2628,233:2389,234:2564,235:2640,236:2480,237:2582,238:2561,239:2423,240:3167,241:2516,242:2643,243:2602,244:2406,245:2452,246:2453,247:2612,248:2642,249:2458,250:3093,251:2516,252:2513,253:2531,254:2613,255:2471,256:3063,257:2526,258:2395,259:2999,260:2521,261:2581,262:2964,263:2441,264:2352,265:3214,266:2627,267:3194,268:2367,269:2364,270:2522,271:2627,272:2464,273:2517,274:2525,275:2352,276:2646,277:2595,278:2387,279:2566,280:2645,281:2402,282:2356,283:2578,284:2615,285:2415,286:2363,287:2609,288:3172,289:2631,290:2629,291:2525,292:2430,293:2494,294:2443,295:2401,296:2392,297:2462,298:2390,299:2590,300:2394,301:2383,302:2442,303:2360,304:2928,305:3071,306:2576,307:2383,308:2393,309:2622,310:2527,311:2499,312:2426,313:3283,314:2422,315:3034,316:2621,317:2517,318:2497,319:2451,320:2439,321:2582,322:2504,323:2419,324:2556,325:2389,326:3172,327:2465,328:2537,329:2625,330:2636,331:2451,332:2367,333:2515,334:2533,335:2608,336:3261,337:2637,338:2595,339:2602,340:3271,341:2559,342:3264,343:2551,344:2500,345:2447,346:2621,347:2384,348:2625,349:2519,350:2379,351:2486,352:2400,353:3238,354:2573,355:3052,356:3299,357:2372,358:3101,359:3115
0:2541,1:2351,2:2418,3:2545,4:2508,5:2379,6:2442,7:2386,8:2583,9:3070,10:2499,11:2910,12:2588,13:2410,14:2380,15:2599,16:2444,17:2425,18:2631,19:2421,20:2562,21:2423,22:2456,23:2564,24:3136,25:2429,26:2369,27:3062,28:3102,29:2575,30:2564,31:2590,32:3159,33:2546,34:2496,35:2594,36:2469,37:2504,38:2539,39:2362,40:2535,41:2468,42:3197,43:2544,44:2371,45:2560,46:2617,47:2612,48:2644,49:2379,50:2406,51:2559,52:2447,53:2367,54:2421,55:2510,56:2637,57:2497,58:2532,59:2393,60:2361,61:2355,62:2471,63:2520,64:2497,65:3233,66:2434,67:2486,68:2423,69:2495,70:3253,71:2520,72:2504,73:2579,74:2359,75:2511,76:2496,77:2403,78:2398,79:2640,80:2621,81:2559,82:2633,83:3275,84:2646,85:2382,86:2538,87:2485,88:2621,89:2520,90:2958,91:3084,92:2434,93:2923,94:2440,95:3259,96:2620,97:2933,98:2528,99:3191,100:2600,101:2408,102:2362,103:3204,104:2402,105:2426,106:2414,107:2448,108:2623,109:2541,110:3195,111:2615,112:2454,113:2435,114:2605,115:2582,116:2520,117:2400,118:2600,119:2372,120:2417,121:2612,122:2542,123:2556,124:2618,125:2953,126:3021,127:2571,128:2396,129:3245,130:2408,131:2527,132:2568,133:3251,134:2562,135:2547,136:2589,137:2599,138:2618,139:2469,140:2360,141:2626,142:2477,143:2411,144:2453,145:2381,146:2357,147:2526,148:2383,149:2402,150:2374,151:2415,152:2443,153:2529,154:2578,155:2507,156:2581,157:2627,158:2367,159:2594,160:2531,161:2528,162:2994,163:2600,164:3243,165:2475,166:2505,167:2384,168:2525,169:2630,170:2370,171:2945,172:3107,173:2376,174:2509,175:2473,176:2405,177:2985,178:2550,179:2457,180:2567,181:2457,182:2532,183:2976,184:2524,185:2491,186:2526,187:3048,188:2639,189:2447,190:2450,191:2629,192:2553,193:2598,194:2412,195:2622,196:2512,197:2363,198:2380,199:2556,200:2426,201:2381,202:2640,203:2944,204:2454,205:2567,206:2388,207:2510,208:2979,209:2591,210:2352,211:2986,212:3044,213:2450,214:2384,215:2540,216:2581,217:2429,218:2411,219:3229,220:2436,221:2434,222:2390,223:2544,224:2581,225:2377,226:2400,227:3106,228:2352,229:2391,230:2915,231:2464,232:2354,233:2501,234:2556,235:2910,236:2558,237:2354,238:2545,239:2641,240:2416,241:2431,242:2368,243:2384,244:2584,245:2929,246:2590,247:2442,248:2444,249:2559,250:2426,251:2563,252:2394,253:2641,254:2512,255:2901,256:3053,257:2510,258:2379,259:2548,260:2433,261:2926,262:2350,263:3107,264:2475,265:2443,266:2386,267:2608,268:2554,269:2540,270:2986,271:2570,272:3070,273:2443,274:3262,275:2399,276:2368,277:2605,278:2468,279:2426,280:2381,281:2498,282:2574,283:2565,284:2472,285:2582,286:2384,287:2354,288:2378,289:3260,290:2399,291:2374,292:2514,293:2375,294:2992,295:2601,296:2386,297:2634,298:2432,299:2595,300:2568,301:2648,302:2634,303:3187,304:2627,305:2527,306:2401,307:2499,308:2492,309:2584,310:2488,311:2601,312:2387,313:2553,314:2448,315:2392,316:2443,317:3274,318:2351,319:2421,320:2352,321:2619,322:2595,323:2600,324:2566,325:2380,326:2413,327:2990,328:2591,329:3071,330:2624,331:2444,332:2448,333:2600,334:3251,335:2596,336:2631,337:2476,338:2943,339:2539,340:3048,341:2454,342:2496,343:2494,344:2525,345:2437,346:2435,347:2400,348:2523,349:2489,350:2508,351:3129,352:2548,353:2637,354:2611,355:2387,356:2601,357:3131,358:3173,359:2499
0:2625,1:2628,2:2469,3:3032,4:2483,5:2648,6:2472,7:2394,8:2394,9:2584,10:3157,11:2644,12:2597,13:2954,14:2354,15:2437,16:2545,17:2433,18:2461,19:3098,20:3037,21:2535,22:2578,23:2573,24:2472,25:2537,26:2519,27:2362,28:2360,29:2472,30:2539,31:2414,32:2414,33:2603,34:2428,35:2436,36:2453,37:3120,38:2373,39:2498,40:2386,41:2524,42:2446,43:2585,44:2542,45:2351,46:2435,47:2486,48:2422,49:2372,50:2371,51:2380,52:3133,53:2593,54:2458,55:2600,56:2583,57:2500,58:2416,59:2470,60:2604,61:2490,62:2377,63:2456,64:2441,65:2633,66:2563,67:2376,68:2987,69:2632,70:2374,71:3058,72:2504,73:2399,74:2539,75:2588,76:2482,77:2486,78:2357,79:2594,80:2388,81:2487,82:3256,83:2501,84:2563,85:3069,86:2610,87:2523,88:2457,89:2542,90:2642,91:2644,92:2491,93:2488,94:2626,95:2456,96:2581,97:2497,98:2577,99:2607,100:2627,101:2410,102:2453,103:2515,104:2426,105:2434,106:2530,107:2413,108:2519,109:3140,110:2466,111:2507,112:2560,113:2373,114:2570,115:2646,116:2532,117:2350,118:2466,119:2543,120:2561,121:2637,122:2908,123:2562,124:2488,125:2649,126:2606,127:2578,128:2610,129:2585,130:2611,131:2577,132:2434,133:2482,134:2578,135:2415,136:2472,137:2634,138:2547,139:2385,140:2609,141:3019,142:2412,143:2908,144:2511,145:3212,146:2449,147:2430,148:2518,149:2531,150:2560,151:2460,152:2359,153:2376,154:2957,155:2520,156:2462,157:2582,158:2519,159:2446,160:2471,161:2431,162:2945,163:2406,164:2478,165:2557,166:2509,167:2549,168:2591,169:2616,170:2634,171:2471,172:2550,173:2473,174:2649,175:2516,176:2438,177:3184,178:2514,179:2595,180:2427,181:2589,182:2456,183:2489,184:2560,185:3060,186:3250,187:2625,188:2481,189:2637,190:2407,191:2598,192:2443,193:2519,194:2528,195:2441,196:2378,197:2516,198:2384,199:3038,200:2412,201:2587,202:2507,203:2538,204:2591,205:2488,206:2585,207:2620,208:2624,209:2401,210:2393,211:2633,212:2623,213:2556,214:2604,215:2427,216:2587,217:2580,218:2407,219:2393,220:2619,221:2422,222:2427,223:2645,224:2417,225:2564,226:2597,227:2413,228:2365,229:2553,230:2587,231:2570,232:2562,233:2514,234:2396,235:2539,236:2555,237:2507,238:2577,239:2452,240:2366,241:2493,242:2986,243:2364,244:3126,245:2611,246:2483,247:2438,248:2453,249:2582,250:3143,251:2521,252:2502,253:2532,254:2447,255:2598,256:2404,257:2459,258:2350,259:2585,260:2474,261:2484,262:2961,263:2389,264:3241,265:2593,266:2426,267:2648,268:2511,269:2477,270:2415,271:2524,272:2645,273:2397,274:2423,275:2619,276:2508,277:2384,278:2370,279:2482,280:2506,281:3069,282:2395,283:3144,284:2475,285:2637,286:2510,287:2413,288:2571,289:2458,290:2640,291:2525,292:2629,293:2392,294:2508,295:2425,296:2557,297:2361,298:2947,299:3281,300:3230,301:2525,302:2636,303:2603,304:2482,305:2454,306:3188,307:2500,308:2493,309:2405,310:2989,311:3133,312:2494,313:2452,314:2587,315:3243,316:2354,317:2635,318:2399,319:2404,320:2623,321:2518,322:2440,323:3239,324:2354,325:2549,326:2505,327:2639,328:2642,329:2454,330:2631,331:2566,332:2569,333:2637,334:2439,335:2492,336:2493,337:2540,338:2466,339:2584,340:2559,341:2569,342:3001,343:3221,344:2553,345:2412,346:2550,347:2363,348:2546,349:2432,350:3002,351:2544,352:2492,353:2963,354:2538,355:2512,356:2606,357:2572,358:2640,359:2592
0:2406,1:2423,2:2381,3:2604,4:2417,5:2473,6:2569,7:2469,8:2462,9:3217,10:2550,11:2608,12:2422,13:2397,14:2386,15:2953,16:2548,17:2594,18:2373,19:2636,20:2388,21:2382,22:2355,23:2372,24:2404,25:2351,26:2421,27:2543,28:2932,29:2467,30:2612,31:2500,32:2640,33:2501,34:2403,35:3204,36:2550,37:2614,38:2569,39:2489,40:2356,41:3122,42:2393,43:2557,44:3289,45:2633,46:2554,47:2606,48:2386,49:2439,50:2971,51:2524,52:2541,53:2449,54:2922,55:2911,56:2611,57:2495,58:2389,59:2484,60:2522,61:2963,62:2462,63:2606,64:2569,65:2631,66:2374,67:3094,68:2577,69:2544,70:2499,71:2519,72:2609,73:2455,74:3131,75:3222,76:3006,77:2597,78:2453,79:2543,80:2492,81:2582,82:2486,83:2424,84:2583,85:2537,86:3170,87:2428,88:2431,89:2615,90:2589,91:2576,92:2412,93:2452,94:2418,95:2608,96:2379,97:3225,98:2471,99:2563,100:2492,101:2608,102:2372,103:2543,104:2442,105:2457,106:3213,107:2582,108:2447,109:2495,110:2531,111:2409,112:3192,113:2649,114:2531,115:2603,116:2994,117:2540,118:2425,119:2477,120:2569,121:2625,122:2384,123:2376,124:3113,125:2591,126:2430,127:2438,128:2407,129:2476,130:2585,131:2520,132:2634,133:2630,134:2378,135:2599,136:2556,137:2580,138:2466,139:2612,140:2385,141:2393,142:2577,143:2487,144:2469,145:2361,146:2436,147:2375,148:2394,149:2440,150:2383,151:2458,152:2476,153:2626,154:2538,155:2602,156:2388,157:2527,158:2552,159:2579,160:2463,161:2396,162:2568,163:3068,164:2538,165:2607,166:2391,167:2447,168:2512,169:2495,170:2392,171:2546,172:2387,173:2428,174:2390,175:2949,176:2411,177:2515,178:3234,179:2453,180:2597,181:2407,182:2417,183:2466,184:3214,185:2584,186:2902,187:2576,188:2564,189:2424,190:3012,191:3045,192:2457,193:2467,194:2486,195:2646,196:2373,197:2448,198:2513,199:2620,200:2484,201:3239,202:2518,203:2350,204:2372,205:2396,206:2966,207:2479,208:2927,209:2352,210:2356,211:2607,212:2623,213:2450,214:3248,215:2520,216:2389,217:2524,218:2959,219:2492,220:2564,221:2530,222:2621,223:3279,224:2576,225:3179,226:2390,227:2466,228:2414,229:2481,230:2534,231:2507,232:2396,233:2613,234:3260,235:2361,236:2587,237:2946,238:2429,239:2616,240:3294,241:2536,242:2501,243:2912,244:2451,245:2521,246:2384,247:2350,248:2561,249:2409,250:2590,251:2553,252:2389,253:2551,254:2498,255:2614,256:3169,257:2468,258:2593,259:2523,260:2509,261:2630,262:2588,263:2350,264:2396,265:2445,266:3016,267:2364,268:3047,269:2462,270:2527,271:2490,272:3181,273:2513,274:2933,275:3176,276:2403,277:2577,278:2430,279:2421,280:2486,281:2576,282:2377,283:2633,284:3255,285:2438,286:2589,287:2483,288:2391,289:2646,290:2606,291:2481,292:2540,293:2496,294:2522,295:2567,296:2385,297:2369,298:2419,299:2627,300:3258,301:2362,302:2506,303:2611,304:2613,305:2631,306:2541,307:2596,308:2566,309:2522,310:2470,311:2487,312:2476,313:2647,314:2643,315:2517,316:2630,317:2490,318:2585,319:2487,320:2625,321:2603,322:2449,323:2507,324:3110,325:2904,326:3259,327:2454,328:2387,329:2506,330:3264,331:2381,332:2389,333:2638,334:2513,335:2420,336:2550,337:3269,338:2499,339:2567,340:2385,341:2929,342:2446,343:2608,344:2499,345:2525,346:2380,347:2566,348:2397,349:2373,350:2423,351:2356,352:2541,353:2517,354:2460,355:2593,356:2980,357:2500,358:2511,359:2593
0:3232,1:2363,2:2449,3:2427,4:2492,5:2414,6:2516,7:2413,8:2500,9:2493,10:2642,11:2633,12:2556,13:2464,14:3274,15:2558,16:2457,17:2467,18:2372,19:2418,20:2598,21:2636,22:2647,23:2958,24:2506,25:2599,26:2628,27:3098,28:2446,29:3043,30:2601,31:2607,32:2410,33:2500,34:2373,35:3020,36:2620,37:2403,38:2453,39:2457,40:2522,41:2376,42:2566,43:2438,44:2503,45:2603,46:2568,47:2363,48:2606,49:2917,50:2540,51:2962,52:3060,53:2560,54:2587,55:2601,56:2352,57:2354,58:2537,59:2537,60:2547,61:2515,62:2475,63:2408,64:2408,65:2488,66:2571,67:2545,68:2901,69:2496,70:2577,71:2634,72:2644,73:2540,74:2601,75:2506,76:2596,77:2362,78:2562,79:2435,80:2445,81:2561,82:2568,83:2618,84:2499,85:2539,86:2641,87:2622,88:2375,89:2583,90:2587,91:2543,92:2367,93:2555,94:2412,95:2394,96:2487,97:2504,98:3132,99:2382,100:2393,101:2535,102:2581,103:2432,104:2513,105:2597,106:2377,107:3179,108:2944,109:2423,110:2539,111:2640,112:2448,113:3062,114:2491,115:2504,116:2526,117:2419,118:3091,119:3194,120:2581,121:2932,122:2514,123:2501,124:2635,125:2441,126:2593,127:2575,128:2603,129:2399,130:2385,131:2545,132:2481,133:2423,134:2519,135:3286,136:2546,137:2355,138:2398,139:2517,140:2429,141:2542,142:2426,143:2545,144:2470,145:3257,146:2497,147:2551,148:2598,149:2633,150:3161,151:3292,152:2549,153:2507,154:2598,155:2528,156:2625,157:2557,158:2618,159:2635,160:2609,161:2631,162:3082,163:2595,164:2353,165:3143,166:2382,167:2603,168:2548,169:3118,170:2583,171:2614,172:2510,173:2641,174:2564,175:2606,176:2633,177:2421,178:2446,179:2361,180:2491,181:2494,182:2372,183:2577,184:2635,185:2541,186:2425,187:2643,188:3120,189:2524,190:2604,191:2564,192:2404,193:2527,194:2435,195:2606,196:2432,197:3052,198:2474,199:2380,200:2607,201:2611,202:3068,203:2959,204:2591,205:2622,206:3297,207:2638,208:2418,209:2555,210:3104,211:2563,212:2496,213:2391,214:2387,215:2444,216:3142,217:3206,218:2486,219:2353,220:2410,221:3208,222:2536,223:2396,224:2453,225:2464,226:2613,227:2644,228:2410,229:2430,230:2380,231:2566,232:2561,233:2423,234:2573,235:2594,236:2646,237:2412,238:2387,239:2357,240:2523,241:3136,242:2543,243:2403,244:3022,245:2360,246:2504,247:2640,248:2581,249:2926,250:2516,251:2581,252:2402,253:2565,254:2370,255:2611,256:2646,257:2608,258:2501,259:2642,260:3260,261:2400,262:2456,263:2540,264:2449,265:2607,266:2609,267:2443,268:2513,269:2584,270:2370,271:2411,272:2570,273:2608,274:2637,275:2476,276:2521,277:2428,278:2387,279:2526,280:2489,281:2466,282:2426,283:2351,284:2381,285:2424,286:2586,287:2430,288:2559,289:2618,290:2469,291:2381,292:2388,293:2472,294:2607,295:2514,296:2464,297:2539,298:2495,299:2587,300:2360,301:2647,302:2514,303:3001,304:2569,305:2510,306:2587,307:2615,308:2645,309:3009,310:3006,311:2991,312:3297,313:2628,314:2451,315:2453,316:2605,317:2539,318:2419,319:3105,320:2605,321:2487,322:2916,323:2402,324:2499,325:2636,326:2372,327:2548,328:2416,329:2628,330:2515,331:2437,332:2966,333:2493,334:3073,335:3035,336:3263,337:2371,338:2648,339:2466,340:2617,341:2354,342:2390,343:2476,344:2453,345:2587,346:2547,347:2470,348:2381,349:2427,350:2527,351:2488,352:2457,353:2568,354:2993,355:2589,356:2429,357:2996,358:2488,359:3075
0:2625,1:2602,2:2450,3:2541,4:2549,5:3277,6:2454,7:2504,8:2463,9:2553,10:2589,11:2526,12:2626,13:2502,14:2386,15:3159,16:2598,17:2434,18:2908,19:2411,20:2526,21:2435,22:2359,23:2628,24:2487,25:2407,26:2625,27:2465,28:2912,29:2909,30:2646,31:2617,32:2393,33:3051,34:2360,35:2479,36:2623,37:2410,38:2357,39:2418,40:2528,41:3237,42:2512,43:2561,44:2557,45:2443,46:2968,47:2355,48:2432,49:2356,50:3204,51:2391,52:2453,53:2488,54:2609,55:2572,56:2465,57:2386,58:2544,59:2457,60:2569,61:2631,62:2645,63:2465,64:2473,65:2990,66:2458,67:2532,68:2587,69:2528,70:2582,71:2627,72:2514,73:2569,74:2435,75:3150,76:2964,77:2566,78:2382,79:2417,80:2395,81:2384,82:2480,83:2417,84:2461,85:2959,86:2581,87:2373,88:2458,89:2581,90:2609,91:3271,92:2438,93:2446,94:3022,95:2497,96:2407,97:3033,98:3289,99:3245,100:2536,101:2377,102:2646,103:2908,104:2358,105:2362,106:2449,107:2571,108:2403,109:3113,110:2469,111:2522,112:2609,113:3191,114:3033,115:2632,116:2382,117:2421,118:2442,119:2530,120:2596,121:2534,122:2503,123:2603,124:2550,125:2604,126:2380,127:2385,128:2414,129:2592,130:2574,131:2508,132:2941,133:2544,134:2604,135:2427,136:2528,137:3281,138:2640,139:2377,140:2501,141:2629,142:2449,143:3173,144:2507,145:2378,146:3135,147:3228,148:2460,149:2549,150:2484,151:2435,152:2548,153:2430,154:2399,155:2520,156:3299,157:2466,158:2569,159:2423,160:2618,161:2566,162:2361,163:2448,164:2555,165:2497,166:2517,167:2389,168:2411,169:2953,170:2963,171:2525,172:2627,173:3137,174:2458,175:2447,176:2496,177:2424,178:2465,179:3030,180:3255,181:2636,182:2513,183:2406,184:2353,185:2354,186:2543,187:2366,188:2619,189:2602,190:3254,191:2598,192:2583,193:2470,194:2507,195:2523,196:2468,197:2559,198:2631,199:2502,200:2366,201:2385,202:2615,203:2352,204:3221,205:2515,206:3069,207:2363,208:2488,209:2539,210:2430,211:3119,212:2443,213:2442,214:3229,215:2586,216:2572,217:2513,218:2487,219:2619,220:2411,221:2383,222:2383,223:2582,224:2365,225:2487,226:2507,227:2374,228:2377,229:2560,230:2484,231:2563,232:2461,233:2583,234:2476,235:2389,236:3120,237:2581,238:2604,239:2628,240:2591,241:2387,242:2604,243:2598,244:2558,245:2530,246:2447,247:2642,248:2518,249:2585,250:2379,251:2471,252:2423,253:2427,254:2560,255:2551,256:2405,257:2500,258:2633,259:2640,260:2440,261:2392,262:2435,263:2412,264:3193,265:2524,266:2555,267:2638,268:2625,269:3059,270:2396,271:3142,272:2559,273:3121,274:2548,275:2359,276:2597,277:2637,278:2513,279:2586,280:2386,281:2627,282:2404,283:2578,284:2407,285:2588,286:2471,287:2388,288:2358,289:2479,290:2376,291:2416,292:3072,293:2496,294:3216,295:3274,296:2505,297:2564,298:2518,299:2547,300:2428,301:2392,302:2474,303:2428,304:2472,305:2487,306:2354,307:2601,308:2469,309:3168,310:3064,311:2595,312:2382,313:2608,314:2900,315:3250,316:2447,317:2599,318:2369,319:2618,320:3270,321:2633,322:2411,323:3205,324:2453,325:2444,326:2445,327:2606,328:2434,329:2626,330:2607,331:2449,332:2624,333:2360,334:3192,335:3009,336:2415,337:2519,338:2500,339:2923,340:3082,341:2452,342:2570,343:2539,344:2595,345:2615,346:2429,347:2629,348:2379,349:2350,350:2440,351:2520,352:2468,353:2634,354:2471,355:2564,356:3047,357:2544,358:2611,359:2430
0:2409,1:2625,2:2480,3:2364,4:2480,5:2377,6:3044,7:2610,8:2597,9:2357,10:2596,11:2530,12:3024,13:2622,14:2392,15:2643,16:2581,17:2649,18:2399,19:3091,20:2356,21:2370,22:2625,23:2351,24:2520,25:2633,26:2541,27:2439,28:2625,29:2608,30:3034,31:2497,32:2595,33:3047,34:2383,35:2451,36:2418,37:2383,38:2647,39:2609,40:2641,41:2363,42:3084,43:2381,44:2548,45:2632,46:2535,47:2514,48:2402,49:3282,50:2423,51:2580,52:2575,53:2542,54:2366,55:2549,56:2508,57:3277,58:2509,59:2418,60:3209,61:2609,62:2581,63:2645,64:2421,65:2623,66:2555,67:2476,68:2559,69:2628,70:2573,71:2903,72:2397,73:2550,74:2506,75:2444,76:2631,77:2438,78:3139,79:2398,80:2505,81:2604,82:2534,83:2637,84:2460,85:3071,86:2557,87:3196,88:3158,89:2503,90:2546,91:2598,92:2595,93:2528,94:2609,95:2392,96:2568,97:2430,98:2382,99:2605,100:2463,101:2544,102:3016,103:3027,104:2649,105:2419,106:2605,107:2500,108:2495,109:2429,110:2485,111:2586,112:2590,113:3143,114:2393,115:2462,116:2448,117:2398,118:2608,119:3245,120:2538,121:2359,122:2565,123:2925,124:2605,125:2562,126:2609,127:2406,128:2572,129:2555,130:2439,131:2501,132:3056,133:2641,134:2357,135:2390,136:3293,137:3158,138:2618,139:3025,140:2558,141:2635,142:2633,143:2631,144:2576,145:2417,146:2364,147:2559,148:2415,149:2928,150:2483,151:2606,152:2406,153:2538,154:2405,155:2623,156:2550,157:3177,158:2630,159:2370,160:2471,161:2362,162:2649,163:2354,164:2353,165:2467,166:2392,167:2523,168:2521,169:2936,170:2443,171:2387,172:2546,173:2434,174:2643,175:2599,176:2648,177:2405,178:2355,179:2584,180:2455,181:2508,182:3196,183:2395,184:2391,185:2598,186:2612,187:3170,188:2603,189:2581,190:2625,191:2604,192:2471,193:2423,194:3084,195:2465,196:2636,197:3206,198:2420,199:2579,200:2509,201:2506,202:2406,203:2490,204:2386,205:2485,206:2360,207:2380,208:2354,209:3115,210:2596,211:2489,212:2591,213:2477,214:2618,215:2513,216:2556,217:2616,218:2391,219:2564,220:2520,221:2501,222:2422,223:2598,224:2509,225:2413,226:2561,227:3044,228:2597,229:3155,230:2397,231:2378,232:2583,233:2523,234:2592,235:2452,236:2522,237:3262,238:2503,239:2430,240:2498,241:2912,242:3091,243:2412,244:2645,245:2520,246:2425,247:2420,248:2392,249:2436,250:2639,251:2467,252:2496,253:2518,254:2540,255:3215,256:2416,257:3072,258:2493,259:2549,260:2488,261:2407,262:2497,263:2529,264:2437,265:2615,266:2361,267:2504,268:2413,269:2544,270:2604,271:2486,272:2643,273:2622,274:2516,275:2356,276:2564,277:2473,278:2602,279:2602,280:2353,281:2469,282:2374,283:2477,284:2379,285:2534,286:2357,287:2416,288:2462,289:2562,290:2539,291:2417,292:2480,293:2628,294:2533,295:2555,296:2644,297:2509,298:2569,299:2621,300:2920,301:2457,302:2613,303:2471,304:2385,305:2399,306:2374,307:2485,308:2459,309:3139,310:2541,311:2630,312:2403,313:2564,314:2585,315:2647,316:2396,317:2618,318:2587,319:2560,320:3124,321:3224,322:2454,323:2601,324:2512,325:2450,326:2577,327:2938,328:2487,329:2510,330:2394,331:2351,332:3206,333:2955,334:2530,335:2603,336:2575,337:2547,338:2547,339:2637,340:2909,341:2943,342:2576,343:3146,344:2533,345:2510,346:2358,347:2625,348:2566,349:2502,350:2492,351:2541,352:2576,353:2456,354:2644,355:2397,356:2435,357:2609,358:2434,359:3250
0:2555,1:2515,2:2372,3:2428,4:2435,5:2605,6:2451,7:2449,8:2417,9:2526,10:2633,11:2451,12:2417,13:2437,14:2399,15:2640,16:3042,17:2643,18:2369,19:3272,20:3033,21:2401,22:2585,23:2464,24:2441,25:2549,26:2623,27:2385,28:2367,29:2447,30:2526,31:2996,32:3223,33:2427,34:2622,35:2350,36:2411,37:2566,38:2512,39:2514,40:2548,41:2531,42:2431,43:2580,44:2555,45:2494,46:2374,47:2608,48:2600,49:2560,50:2971,51:2464,52:2632,53:2363,54:2420,55:2430,56:2362,57:2637,58:2556,59:2377,60:2471,61:2612,62:2383,63:3184,64:2612,65:2610,66:2553,67:2399,68:3183,69:2396,70:2445,71:2912,72:2578,73:2398,74:2977,75:2541,76:2542,77:3138,78:2643,79:2496,80:2362,81:2927,82:2361,83:2366,84:2399,85:2466,86:2406,87:2565,88:2630,89:2518,90:2542,91:2362,92:2464,93:2383,94:2550,95:2640,96:2553,97:2493,98:2434,99:2624,100:2548,101:2600,102:3299,103:2502,104:2462,105:2426,106:2576,107:2561,108:2513,109:3048,110:3264,111:2555,112:2420,113:2584,114:2610,115:2976,116:2902,117:2592,118:2492,119:2581,120:2384,121:2572,122:2947,123:2470,124:2406,125:2515,126:3093,127:2432,128:2422,129:2423,130:2607,131:2562,132:2966,133:2930,134:2463,135:2612,136:2387,137:2354,138:2590,139:2561,140:2366,141:2448,142:2448,143:2502,144:2518,145:2467,146:2452,147:2420,148:2635,149:2351,150:2450,151:3129,152:2555,153:2492,154:2611,155:2570,156:3122,157:2374,158:2412,159:2573,160:2599,161:2489,162:2568,163:2384,164:2474,165:2575,166:2647,167:2491,168:2635,169:2369,170:2590,171:2422,172:2589,173:2499,174:2591,175:2561,176:2928,177:2601,178:2590,179:2631,180:2490,181:2422,182:2555,183:2616,184:2557,185:2512,186:2470,187:3174,188:2557,189:2579,190:2617,191:2413,192:2480,193:2608,194:2495,195:2419,196:2393,197:2362,198:2350,199:2639,200:2352,201:2476,202:2374,203:2576,204:3069,205:2644,206:2576,207:3030,208:2572,209:3078,210:2649,211:3262,212:2462,213:2486,214:3117,215:2919,216:2574,217:2451,218:2436,219:2380,220:2454,221:2418,222:2615,223:2986,224:2498,225:2452,226:2513,227:2630,228:2430,229:2446,230:3153,231:3207,232:2365,233:2475,234:2563,235:2991,236:2561,237:2381,238:2590,239:2649,240:3022,241:2595,242:2537,243:2453,244:2472,245:2355,246:2500,247:2535,248:2522,249:2640,250:2440,251:2626,252:2501,253:2494,254:2394,255:2958,256:2471,257:2603,258:2550,259:2635,260:2535,261:2593,262:2575,263:2405,264:2559,265:2616,266:2564,267:2552,268:2435,269:2539,270:2552,271:3295,272:2427,273:2411,274:2604,275:2514,276:2430,277:2427,278:2479,279:2367,280:2564,281:2446,282:2500,283:2403,284:2937,285:2415,286:2454,287:2584,288:2591,289:2377,290:2382,291:2424,292:3095,293:2615,294:2619,295:2646,296:2412,297:2989,298:2409,299:2587,300:2352,301:2393,302:2372,303:2627,304:2641,305:2940,306:2531,307:2585,308:2610,309:3021,310:2379,311:2485,312:2609,313:2573,314:2479,315:2591,316:2421,317:3027,318:2416,319:2378,320:2400,321:2454,322:3016,323:2452,324:2621,325:3101,326:2649,327:2906,328:2366,329:3163,330:2522,331:2900,332:2631,333:2597,334:2627,335:3293,336:2601,337:2605,338:2607,339:2427,340:2559,341:2483,342:2533,343:2513,344:2381,345:3104,346:2992,347:2620,348:3092,349:2607,350:3121,351:2590,352:2440,353:2648,354:2956,355:2539,356:2633,357:2632,358:2544,359:2422
0:2454,1:3247,2:2382,3:2615,4:2444,5:2901,6:2390,7:2469,8:2396,9:2503,10:2573,11:3055,12:2907,13:3113,14:2636,15:2513,16:2570,17:2560,18:2364,19:2376,20:2610,21:2647,22:2547,23:2589,24:2427,25:2590,26:2534,27:2369,28:2443,29:2578,30:2515,31:2471,32:2446,33:3149,34:2362,35:2466,36:2955,37:2476,38:2531,39:2604,40:2567,41:2618,42:2604,43:3141,44:2368,45:2627,46:2450,47:2412,48:2425,49:3194,50:2639,51:2512,52:2497,53:2622,54:2443,55:2450,56:2361,57:3002,58:2370,59:3222,60:2422,61:2499,62:2448,63:2363,64:2520,65:2351,66:2378,67:2423,68:2508,69:2594,70:2417,71:2503,72:3145,73:2467,74:2501,75:2464,76:2364,77:3248,78:3083,79:2541,80:2566,81:2475,82:2467,83:2463,84:3007,85:3156,86:2577,87:2506,88:2546,89:2513,90:2374,91:3283,92:2544,93:2491,94:2375,95:2376,96:2457,97:2407,98:2519,99:2446,100:2357,101:2544,102:2462,103:2603,104:2465,105:2598,106:2365,107:2543,108:2444,109:3293,110:2613,111:2546,112:2422,113:2610,114:2408,115:2479,116:3160,117:2632,118:3271,119:2358,120:2612,121:2500,122:2509,123:2578,124:2567,125:2414,126:3078,127:2605,128:2460,129:2608,130:2366,131:2525,132:3227,133:2569,134:2593,135:2452,136:2470,137:3104,138:2565,139:2469,140:2495,141:2608,142:2546,143:2607,144:2360,145:2554,146:2476,147:2535,148:2536,149:2552,150:2492,151:2584,152:2536,153:2459,154:2448,155:3095,156:2352,157:2616,158:2478,159:2647,160:2571,161:2547,162:2939,163:2552,164:3139,165:2609,166:3038,167:2578,168:2601,169:2465,170:2584,171:2447,172:2466,173:2544,174:2951,175:2592,176:2433,177:2603,178:2427,179:2433,180:2944,181:2960,182:2514,183:2546,184:2915,185:2595,186:2497,187:3234,188:3060,189:2372,190:2649,191:2577,192:2646,193:2648,194:3020,195:2555,196:2421,197:2630,198:2597,199:2443,200:2641,201:2597,202:3026,203:3110,204:2502,205:2574,206:3203,207:2570,208:2578,209:2629,210:2381,211:3197,212:2502,213:3069,214:2648,215:2404,216:2649,217:2403,218:2640,219:2364,220:2604,221:2548,222:2934,223:2544,224:2498,225:2611,226:2380,227:2549,228:2607,229:2613,230:2474,231:2640,232:3244,233:2438,234:2442,235:2606,236:2394,237:2597,238:2352,239:2405,240:2380,241:2398,242:2454,243:2645,244:2385,245:2617,246:2365,247:2550,248:3202,249:2625,250:2584,251:2355,252:2499,253:3085,254:2391,255:2647,256:2517,257:2485,258:3197,259:2473,260:2530,261:2467,262:2417,263:2565,264:3123,265:2515,266:2469,267:3257,268:2419,269:3170,270:2941,271:2532,272:2619,273:2400,274:2560,275:2504,276:2509,277:2634,278:2408,279:3015,280:3213,281:2510,282:2465,283:2632,284:2416,285:2373,286:2542,287:2612,288:2384,289:2436,290:3152,291:2568,292:2557,293:2535,294:2454,295:2498,296:2642,297:2387,298:2563,299:2448,300:2589,301:2383,302:2482,303:2615,304:2513,305:2571,306:2635,307:2482,308:3163,309:2463,310:2629,311:2592,312:2387,313:2421,314:2482,315:2587,316:2514,317:2502,318:2502,319:2549,320:2397,321:2907,322:3298,323:2405,324:2532,325:2420,326:2617,327:2403,328:2633,329:2559,330:2422,331:2570,332:2363,333:2487,334:2645,335:2470,336:2511,337:2620,338:2566,339:2565,340:2623,341:2581,342:2638,343:2644,344:2574,345:2355,346:2482,347:2614,348:2559,349:2441,350:2410,351:3293,352:2460,353:2441,354:3036,355:2483,356:2442,357:2509,358:2548,359:3048
0:2575,1:3056,2:2960,3:2454,4:2459,5:2376,6:2350,7:2544,8:2516,9:3256,10:2551,11:2497,12:2443,13:2375,14:2440,15:2595,16:2473,17:3103,18:3037,19:3150,20:2396,21:2527,22:3043,23:2364,24:2519,25:2639,26:2483,27:2560,28:2612,29:2387,30:2398,31:2466,32:2563,33:2438,34:2485,35:3212,36:2535,37:2516,38:2566,39:2406,40:2440,41:2578,42:2553,43:2350,44:2438,45:2626,46:2644,47:3042,48:2643,49:2530,50:2498,51:2564,52:2597,53:3236,54:2559,55:3225,56:3121,57:2642,58:2526,59:2503,60:2557,61:2405,62:2450,63:2383,64:2610,65:2399,66:2468,67:2396,68:2626,69:2430,70:2369,71:2499,72:2443,73:2435,74:2518,75:2456,76:2445,77:2515,78:2393,79:2545,80:2465,81:2626,82:2626,83:2382,84:2625,85:2473,86:2485,87:2515,88:2529,89:3004,90:2386,91:2439,92:2387,93:2955,94:3177,95:2512,96:2453,97:3003,98:3280,99:2464,100:2977,101:2407,102:3236,103:2543,104:2357,105:2425,106:2512,107:2476,108:2375,109:2433,110:2384,111:2365,112:2562,113:3198,114:2607,115:2553,116:2413,117:2439,118:2488,119:2394,120:2564,121:3219,122:2353,123:3276,124:2515,125:2365,126:2968,127:2456,128:2632,129:2639,130:3142,131:2359,132:2492,133:2415,134:2531,135:2357,136:3032,137:3119,138:2593,139:2373,140:2581,141:2540,142:2502,143:2400,144:2524,145:3271,146:2377,147:2519,148:2454,149:2606,150:2636,151:2432,152:3274,153:2393,154:2589,155:2396,156:2573,157:2387,158:2606,159:2550,160:2516,161:2585,162:2400,163:2380,164:2387,165:3033,166:2582,167:2363,168:2442,169:2504,170:2391,171:2370,172:2560,173:2579,174:2354,175:2626,176:2488,177:3081,178:2390,179:2485,180:2445,181:2583,182:2490,183:2617,184:2610,185:2561,186:2408,187:2421,188:2914,189:2455,190:2574,191:3257,192:2414,193:2383,194:2417,195:2428,196:3010,197:2518,198:2453,199:2624,200:2566,201:2450,202:3213,203:2359,204:2546,205:2482,206:2558,207:2355,208:2383,209:2395,210:2411,211:2557,212:2516,213:2518,214:2569,215:2621,216:2578,217:2445,218:2528,219:2400,220:2558,221:2590,222:2623,223:2581,224:3076,225:2404,226:3220,227:2434,228:2360,229:2544,230:2403,231:2631,232:2589,233:3180,234:2545,235:2610,236:2519,237:2564,238:2454,239:3002,240:2525,241:2553,242:3125,243:2455,244:3203,245:3270,246:2440,247:2544,248:2637,249:2599,250:2617,251:2458,252:2381,253:2396,254:3261,255:3263,256:2626,257:3204,258:3033,259:2527,260:3121,261:2513,262:2608,263:2501,264:2579,265:2544,266:2401,267:2625,268:2479,269:3295,270:2445,271:2545,272:2500,273:2527,274:2961,275:2431,276:2491,277:2415,278:2593,279:2403,280:2643,281:2619,282:2649,283:2635,284:2544,285:2561,286:2521,287:2644,288:2475,289:2404,290:2578,291:2496,292:2551,293:3274,294:2638,295:2363,296:2548,297:2999,298:2634,299:2426,300:2521,301:2521,302:2377,303:2394,304:2359,305:2969,306:2359,307:2561,308:2510,309:2377,310:2372,311:2483,312:2366,313:3021,314:2639,315:2359,316:2623,317:2456,318:2643,319:2380,320:2529,321:2549,322:2395,323:2451,324:2618,325:2428,326:2462,327:2409,328:2583,329:2425,330:2359,331:2510,332:2627,333:2458,334:2427,335:2444,336:3255,337:3214,338:3047,339:2481,340:2375,341:2379,342:2358,343:2563,344:2636,345:2643,346:2432,347:3189,348:2367,349:2369,350:2480,351:2552,352:2422,353:2639,354:2447,355:2601,356:2427,357:3247,358:2372,359:2447
0:2522,1:2466,2:2638,3:3107,4:2403,5:3293,6:2528,7:2377,8:2350,9:2623,10:3026,11:2464,12:2477,13:2501,14:2464,15:2384,16:2439,17:3064,18:3123,19:2419,20:2430,21:2403,22:2424,23:2401,24:2357,25:3155,26:2385,27:2613,28:2412,29:3026,30:2506,31:2352,32:2956,33:2598,34:2461,35:2991,36:2620,37:2452,38:2600,39:2442,40:2354,41:2603,42:2441,43:3219,44:2530,45:2371,46:2463,47:2418,48:2553,49:2423,50:3108,51:2473,52:2508,53:2380,54:2403,55:2646,56:2371,57:2350,58:2606,59:2589,60:2649,61:2392,62:2484,63:2531,64:2490,65:2603,66:2511,67:2496,68:2414,69:2361,70:2511,71:2391,72:2615,73:2411,74:2369,75:2377,76:2610,77:3173,78:2445,79:2640,80:2416,81:2410,82:2646,83:2621,84:3233,85:2462,86:2447,87:2380,88:2531,89:2613,90:3227,91:2356,92:2452,93:2466,94:2397,95:2426,96:3199,97:2939,98:2515,99:2475,100:2376,101:2515,102:2615,103:2491,104:2513,105:2404,106:2404,107:2924,108:2474,109:3026,110:2649,111:3180,112:2415,113:2536,114:2376,115:3089,116:2426,117:2561,118:2576,119:2546,120:2517,121:2601,122:2449,123:2595,124:3185,125:2550,126:2551,127:2631,128:3116,129:2911,130:2581,131:3000,132:2611,133:2509,134:2584,135:2555,136:2620,137:2536,138:2473,139:3293,140:2467,141:2569,142:2630,143:2364,144:2416,145:2493,146:2400,147:2514,148:2554,149:2381,150:3075,151:2574,152:2414,153:2574,154:2602,155:2372,156:2372,157:2419,158:2610,159:2438,160:2573,161:2614,162:2506,163:2615,164:2616,165:2478,166:2450,167:2506,168:2566,169:3228,170:2627,171:2592,172:2477,173:2520,174:2350,175:3119,176:2482,177:2586,178:2386,179:2610,180:2524,181:2637,182:3137,183:2440,184:2414,185:2612,186:2410,187:3102,188:2385,189:2591,190:2566,191:2629,192:2623,193:2638,194:2612,195:2423,196:2474,197:2630,198:2640,199:2484,200:3171,201:2611,202:2530,203:2509,204:2416,205:2422,206:2625,207:2475,208:2625,209:2598,210:2606,211:2419,212:3127,213:2373,214:2398,215:2598,216:2597,217:2481,218:2408,219:2631,220:2409,221:2642,222:2455,223:2647,224:2617,225:2989,226:2485,227:2644,228:2398,229:2480,230:2550,231:2589,232:2368,233:2507,234:2995,235:2536,236:3029,237:2491,238:2452,239:2385,240:2534,241:2403,242:2636,243:2584,244:2634,245:2474,246:2619,247:2430,248:2605,249:3176,250:2373,251:2537,252:2472,253:2585,254:2487,255:3265,256:2985,257:2426,258:2522,259:2643,260:2907,261:2451,262:2611,263:3135,264:2414,265:2497,266:2358,267:2486,268:2557,269:2435,270:2516,271:2604,272:2512,273:2415,274:2476,275:2350,276:2450,277:3115,278:2492,279:2529,280:2510,281:2378,282:2477,283:2470,284:3149,285:3237,286:2538,287:2549,288:2441,289:2455,290:3247,291:2626,292:2406,293:2505,294:2625,295:2428,296:2450,297:2629,298:2482,299:2395,300:2415,301:2904,302:3074,303:2603,304:3008,305:2414,306:2553,307:2357,308:2467,309:3066,310:2567,311:3186,312:2632,313:2414,314:2495,315:2628,316:2595,317:2353,318:2629,319:2632,320:2410,321:3162,322:2552,323:2460,324:2570,325:2406,326:2371,327:2481,328:2416,329:2434,330:2611,331:2989,332:2543,333:2631,334:2362,335:2531,336:2564,337:2407,338:2949,339:2463,340:2612,341:2643,342:2388,343:2378,344:2638,345:2414,346:2386,347:2452,348:3161,349:2571,350:2561,351:2475,352:2384,353:2597,354:2397,355:2371,356:2441,357:2394,358:2624,359:2603
0:2535,1:2568,2:3022,3:2363,4:2965,5:2602,6:2917,7:2355,8:2616,9:2425,10:2556,11:2377,12:2589,13:2539,14:2508,15:2559,16:2997,17:2622,18:2459,19:2971,20:2466,21:2515,22:2580,23:2358,24:2446,25:2932,26:2604,27:2539,28:2418,29:2417,30:2438,31:2637,32:2561,33:2447,34:3186,35:2615,36:2505,37:2498,38:2621,39:2390,40:2481,41:2439,42:2597,43:2364,44:2430,45:2626,46:2365,47:2642,48:2493,49:2489,50:2952,51:3214,52:2586,53:2509,54:2622,55:2581,56:3080,57:2487,58:2943,59:2512,60:2609,61:2419,62:2554,63:2427,64:2359,65:2409,66:2373,67:2410,68:2631,69:2648,70:2555,71:2435,72:2485,73:2615,74:2409,75:2646,76:3041,77:2609,78:2555,79:2405,80:2380,81:2358,82:2402,83:2423,84:2376,85:2557,86:2390,87:2367,88:2648,89:2363,90:2512,91:2399,92:3085,93:2617,94:2495,95:2523,96:2476,97:2592,98:2545,99:2368,100:2514,101:3155,102:3285,103:2433,104:2405,105:2423,106:2509,107:2564,108:2629,109:2472,110:2483,111:2404,112:3121,113:2356,114:2447,115:2596,116:2917,117:2386,118:2374,119:2534,120:2639,121:2567,122:3251,123:2517,124:2352,125:2545,126:2435,127:3054,128:2509,129:2530,130:2482,131:2367,132:2483,133:3104,134:3003,135:2422,136:2470,137:2543,138:3143,139:2401,140:2570,141:2620,142:2485,143:2479,144:2539,145:2466,146:3031,147:2364,148:2559,149:2475,150:2523,151:2426,152:2558,153:2358,154:2647,155:2465,156:2490,157:2636,158:2529,159:2504,160:2506,161:3100,162:2517,163:2526,164:2624,165:2514,166:2388,167:2415,168:2462,169:2455,170:2428,171:2620,172:2497,173:2456,174:2443,175:3238,176:2368,177:2476,178:2386,179:2495,180:2504,181:3199,182:2982,183:2553,184:2423,185:3271,186:2458,187:2610,188:2378,189:2601,190:2546,191:3067,192:2461,193:2473,194:2631,195:2411,196:2385,197:2359,198:2408,199:3157,200:2516,201:3005,202:2613,203:2558,204:2550,205:2401,206:3107,207:2493,208:2910,209:2506,210:2452,211:2361,212:3273,213:2481,214:2516,215:2533,216:2362,217:2641,218:2607,219:2597,220:2371,221:2364,222:2388,223:2909,224:2648,225:2410,226:2638,227:2401,228:2458,229:2647,230:2629,231:2410,232:2419,233:2524,234:2458,235:2383,236:2524,237:2560,238:2618,239:2599,240:2528,241:2645,242:2568,243:2630,244:2477,245:2600,246:2448,247:2552,248:2613,249:2558,250:2648,251:3199,252:2356,253:2494,254:2553,255:2598,256:2639,257:2409,258:2356,259:2463,260:2539,261:2402,262:2591,263:2424,264:2471,265:2387,266:2352,267:2406,268:3244,269:2647,270:2559,271:2447,272:2441,273:2538,274:2942,275:2487,276:3289,277:3258,278:2551,279:2518,280:2495,281:2443,282:2465,283:2434,284:2585,285:3121,286:2435,287:2357,288:2550,289:2464,290:2428,291:2411,292:2485,293:2444,294:2443,295:2408,296:2562,297:2512,298:2353,299:2361,300:2509,301:2594,302:2478,303:3111,304:2458,305:2555,306:2573,307:2377,308:2543,309:2365,310:2469,311:2507,312:2642,313:2384,314:2373,315:2493,316:2497,317:2619,318:2387,319:2586,320:2436,321:2538,322:2391,323:2557,324:2485,325:2519,326:2534,327:2415,328:2556,329:2597,330:2598,331:3131,332:2592,333:2512,334:2356,335:2488,336:2513,337:2398,338:2648,339:3046,340:2576,341:2497,342:2401,343:2464,344:2397,345:2389,346:2476,347:2459,348:3213,349:3278,350:2451,351:2532,352:2465,353:3114,354:2592,355:2496,356:2386,357:2400,358:2598,359:2600
0:2454,1:2935,2:2362,3:2575,4:2434,5:2593,6:3293,7:2557,8:2359,9:2520,10:2592,11:2450,12:2451,13:2536,14:2591,15:2533,16:2510,17:3114,18:2963,19:2545,20:2453,21:2380,22:2599,23:2594,24:2559,25:2595,26:2465,27:3251,28:2546,29:2604,30:2543,31:2506,32:2408,33:2625,34:2516,35:2449,36:3292,37:2587,38:2595,39:2402,40:2443,41:2547,42:2540,43:3137,44:2409,45:2351,46:2410,47:2409,48:2562,49:2411,50:2968,51:3079,52:2488,53:2440,54:2525,55:3188,56:2574,57:2370,58:2641,59:2529,60:2621,61:2641,62:2372,63:2519,64:2509,65:2540,66:3067,67:2609,68:2467,69:2490,70:2527,71:2603,72:2608,73:2403,74:3031,75:2490,76:2398,77:2415,78:2370,79:2540,80:2510,81:2350,82:2367,83:2593,84:2375,85:2627,86:2623,87:2480,88:2998,89:2531,90:2538,91:2368,92:3202,93:2572,94:2488,95:3106,96:2484,97:2561,98:2601,99:2922,100:2423,101:2602,102:3167,103:2491,104:2562,105:2614,106:2383,107:2594,108:2372,109:2636,110:2637,111:3194,112:2462,113:2464,114:2368,115:3215,116:2615,117:3131,118:2603,119:2494,120:2541,121:2419,122:2587,123:2562,124:3062,125:2447,126:2548,127:2437,128:3166,129:3021,130:3127,131:2425,132:2434,133:2645,134:3187,135:3255,136:2598,137:2454,138:2378,139:2582,140:2454,141:3197,142:2582,143:2408,144:2390,145:2604,146:2392,147:3228,148:2577,149:2450,150:2514,151:2404,152:2542,153:2639,154:2422,155:3133,156:2474,157:2975,158:3186,159:2363,160:2609,161:2350,162:2990,163:2386,164:2375,165:2362,166:2370,167:2579,168:2416,169:2472,170:2641,171:3092,172:2479,173:2467,174:2533,175:2350,176:2559,177:2604,178:2585,179:2601,180:2643,181:2618,182:2461,183:2369,184:2569,185:2536,186:2406,187:2455,188:2408,189:2451,190:2541,191:2421,192:2476,193:2629,194:2502,195:2436,196:2640,197:2461,198:2443,199:2444,200:2443,201:3233,202:2465,203:2428,204:3229,205:2459,206:2415,207:2556,208:3244,209:2500,210:2947,211:2373,212:2379,213:3285,214:2620,215:2571,216:2582,217:2604,218:2615,219:2390,220:2445,221:2525,222:2486,223:2481,224:2440,225:2647,226:2529,227:2373,228:2635,229:3003,230:2484,231:2462,232:2352,233:2616,234:3200,235:2626,236:3099,237:2611,238:2626,239:2358,240:2405,241:2616,242:2616,243:2600,244:2494,245:2939,246:2461,247:2380,248:2525,249:2621,250:2608,251:2511,252:2401,253:2527,254:2365,255:3084,256:2533,257:2485,258:2366,259:2641,260:2549,261:2372,262:2510,263:2463,264:2462,265:3152,266:3293,267:2584,268:2489,269:2547,270:3083,271:2497,272:2441,273:2372,274:2434,275:2465,276:2596,277:2399,278:2423,279:2559,280:2407,281:2516,282:2631,283:2604,284:2403,285:2457,286:2445,287:2631,288:2439,289:2644,290:2509,291:2623,292:2556,293:2530,294:2577,295:2638,296:2478,297:2640,298:2527,299:2511,300:3245,301:2438,302:2419,303:2396,304:2561,305:3222,306:2428,307:2371,308:2576,309:3242,310:2590,311:2390,312:2523,313:2488,314:2429,315:2407,316:2469,317:2546,318:2352,319:2408,320:3131,321:2553,322:2605,323:2515,324:2351,325:2566,326:2352,327:2630,328:2619,329:2384,330:2450,331:2551,332:3288,333:2589,334:2498,335:2435,336:2374,337:3020,338:2409,339:2565,340:2506,341:2601,342:2416,343:3051,344:2490,345:2492,346:3044,347:2553,348:3016,349:3246,350:2540,351:3034,352:2631,353:3116,354:2426,355:2541,356:2373,357:2415,358:2560,359:2624
0:2597,1:2431,2:2649,3:2446,4:2480,5:2636,6:3014,7:2634,8:2377,9:2467,10:2398,11:2356,12:3017,13:3087,14:2392,15:2606,16:2504,17:2371,18:2392,19:2953,20:2379,21:2369,22:2370,23:2483,24:2484,25:2383,26:2509,27:2554,28:2544,29:2422,30:2488,31:2462,32:3067,33:2485,34:2945,35:2628,36:2565,37:2585,38:3156,39:2475,40:2354,41:2603,42:2638,43:2630,44:2579,45:2579,46:2461,47:2564,48:2376,49:2956,50:2627,51:2480,52:2626,53:2371,54:2909,55:2441,56:2645,57:2445,58:2533,59:2621,60:3257,61:2395,62:2471,63:2571,64:2441,65:2534,66:3115,67:3227,68:2465,69:2537,70:2358,71:3131,72:2519,73:2412,74:2640,75:2371,76:2592,77:2966,78:2973,79:2570,80:2638,81:2375,82:2448,83:3153,84:2435,85:3063,86:2386,87:2613,88:2518,89:2458,90:3016,91:2482,92:2507,93:2394,94:2608,95:2443,96:2959,97:2437,98:2459,99:2635,100:2482,101:3063,102:2621,103:2534,104:2943,105:2374,106:2633,107:2463,108:2513,109:2410,110:2375,111:2360,112:2496,113:3271,114:2539,115:2484,116:3039,117:2460,118:2604,119:2592,120:2427,121:2564,122:2623,123:3149,124:3198,125:2537,126:3298,127:2477,128:2526,129:2594,130:2966,131:2356,132:3119,133:2426,134:2649,135:2427,136:2644,137:2617,138:2456,139:2513,140:2420,141:2523,142:2944,143:2635,144:2598,145:2587,146:2611,147:3027,148:2429,149:2414,150:2511,151:2642,152:2429,153:2495,154:3290,155:2401,156:2605,157:2442,158:2451,159:2474,160:3139,161:3289,162:2568,163:2442,164:2483,165:2464,166:2434,167:2368,168:2579,169:2946,170:2511,171:2452,172:2556,173:2548,174:2411,175:2648,176:2622,177:2604,178:2542,179:2506,180:2515,181:2500,182:2456,183:2628,184:2369,185:2539,186:2521,187:2390,188:2612,189:3187,190:2484,191:2376,192:2539,193:2468,194:3042,195:2568,196:2578,197:2556,198:2574,199:2405,200:2495,201:2371,202:2428,203:3219,204:2372,205:2598,206:3252,207:2591,208:2463,209:3212,210:2602,211:2375,212:2363,213:2411,214:2588,215:2577,216:2441,217:2483,218:2353,219:3093,220:2548,221:2537,222:3122,223:2416,224:2633,225:2486,226:2411,227:2635,228:2514,229:2599,230:2485,231:2451,232:2504,233:2550,234:2495,235:2926,236:2512,237:2549,238:2569,239:3165,240:2583,241:2462,242:2576,243:3043,244:2611,245:2593,246:2617,247:2450,248:2563,249:2463,250:2569,251:2380,252:2563,253:2426,254:2579,255:2356,256:2415,257:2489,258:2475,259:2622,260:2604,261:2609,262:2611,263:2524,264:2628,265:2646,266:2590,267:2393,268:2580,269:2392,270:2454,271:2350,272:2648,273:2357,274:2620,275:2501,276:2560,277:2432,278:2535,279:2373,280:2511,281:2364,282:2460,283:2389,284:2356,285:2589,286:2558,287:2535,288:2552,289:3178,290:2382,291:3185,292:2601,293:2914,294:2558,295:2639,296:2384,297:3055,298:3185,299:2576,300:2610,301:2446,302:2645,303:2449,304:3141,305:2412,306:2957,307:2524,308:2421,309:2626,310:2594,311:2625,312:2463,313:2537,314:2595,315:2614,316:2995,317:2598,318:2540,319:2387,320:2456,321:2426,322:2558,323:2366,324:2513,325:2558,326:2644,327:2566,328:2424,329:2531,330:3174,331:3187,332:2477,333:2966,334:2544,335:2528,336:2579,337:2546,338:2459,339:2508,340:2434,341:2500,342:2399,343:2463,344:2450,345:2572,346:2438,347:2464,348:2549,349:2522,350:2453,351:2468,352:2515,353:2357,354:2510,355:2601,356:2630,357:2511,358:2603,359:2644
0:2610,1:2381,2:2436,3:2455,4:2564,5:2493,6:2350,7:2417,8:2412,9:2412,10:2480,11:2434,12:3053,13:2565,14:2366,15:2517,16:2361,17:2390,18:2610,19:2507,20:3217,21:3125,22:2423,23:2580,24:2583,25:2450,26:3261,27:2380,28:2527,29:2636,30:2614,31:2505,32:2598,33:2381,34:2569,35:2511,36:3095,37:2366,38:2390,39:2380,40:2523,41:2503,42:2352,43:2628,44:2511,45:2482,46:2461,47:2594,48:2593,49:3172,50:2414,51:2487,52:2917,53:2362,54:2544,55:2649,56:2445,57:2612,58:3278,59:2370,60:2612,61:3127,62:3069,63:3242,64:2621,65:2416,66:2552,67:2506,68:2545,69:2562,70:2468,71:2504,72:3107,73:2612,74:2939,75:3197,76:2976,77:2488,78:2524,79:2381,80:2581,81:2611,82:2584,83:2397,84:2504,85:2604,86:2350,87:2477,88:3268,89:2523,90:2535,91:2644,92:2366,93:2440,94:2631,95:3295,96:2444,97:2540,98:3087,99:2482,100:2498,101:2372,102:2643,103:2502,104:2550,105:2463,106:2516,107:2592,108:2580,109:2390,110:2430,111:2361,112:2357,113:2377,114:2616,115:2361,116:2409,117:2404,118:2546,119:2916,120:2530,121:2433,122:2444,123:3146,124:2371,125:2538,126:2579,127:3290,128:2466,129:2539,130:2443,131:2546,132:2645,133:2476,134:2595,135:2560,136:2387,137:2993,138:2912,139:2547,140:2484,141:2556,142:2420,143:2357,144:3101,145:2387,146:2577,147:2608,148:2559,149:2419,150:2585,151:2629,152:2582,153:2411,154:2494,155:2410,156:2525,157:2586,158:2404,159:2559,160:2523,161:3274,162:2430,163:2641,164:2412,165:2521,166:2527,167:2373,168:2454,169:2608,170:2592,171:2495,172:2572,173:2537,174:2382,175:2550,176:2505,177:2498,178:2352,179:2644,180:2537,181:2603,182:2532,183:3155,184:2557,185:2495,186:2402,187:2457,188:2458,189:2402,190:2544,191:2984,192:2649,193:2590,194:2387,195:2461,196:2484,197:3197,198:2464,199:2646,200:2350,201:2436,202:2645,203:2608,204:2404,205:2598,206:2421,207:2526,208:2516,209:2634,210:3041,211:2494,212:2976,213:3166,214:2540,215:2354,216:2446,217:2448,218:2569,219:2579,220:2381,221:2543,222:2387,223:2599,224:2390,225:2568,226:2350,227:2529,228:2360,229:3010,230:2934,231:2560,232:2616,233:2532,234:2600,235:2418,236:2368,237:2557,238:2403,239:2541,240:2515,241:2591,242:2556,243:2532,244:2405,245:2463,246:2577,247:2424,248:2530,249:2510,250:2628,251:2603,252:2598,253:2469,254:2452,255:2477,256:2523,257:2529,258:2475,259:2407,260:2627,261:2492,262:2404,263:2554,264:2489,265:2474,266:2570,267:2533,268:2464,269:2431,270:2596,271:2402,272:3120,273:3154,274:2535,275:2371,276:2519,277:2413,278:2620,279:2582,280:2359,281:2524,282:2510,283:2470,284:2639,285:2506,286:2490,287:2390,288:2511,289:2470,290:2403,291:2940,292:2360,293:2351,294:2356,295:3169,296:3153,297:3157,298:2615,299:2524,300:2480,301:2444,302:2451,303:2596,304:3113,305:2619,306:3161,307:2628,308:2609,309:2609,310:2355,311:2563,312:2407,313:2586,314:2966,315:2927,316:3214,317:2533,318:2601,319:3157,320:2362,321:2536,322:2613,323:2391,324:2465,325:2450,326:2401,327:2635,328:2509,329:2611,330:2474,331:2418,332:2646,333:2626,334:2962,335:3023,336:3071,337:2447,338:2605,339:2580,340:3233,341:2445,342:2616,343:2399,344:2600,345:2549,346:2903,347:2581,348:2641,349:2405,350:3180,351:3167,352:2608,353:2623,354:2527,355:2533,356:2485,357:3239,358:2598,359:2351
0:3241,1:2545,2:2406,3:2602,4:2602,5:2923,6:2465,7:2385,8:2365,9:2477,10:2439,11:2501,12:2646,13:2536,14:3125,15:2391,16:2573,17:2354,18:2958,19:3191,20:2443,21:2487,22:2526,23:2622,24:2536,25:2468,26:2376,27:2500,28:2470,29:3287,30:2581,31:2381,32:2634,33:2630,34:2389,35:2453,36:3029,37:2412,38:2510,39:2448,40:2647,41:2379,42:2504,43:2410,44:2638,45:2599,46:2566,47:3268,48:2592,49:3177,50:2455,51:2356,52:2600,53:2498,54:2976,55:2432,56:3099,57:2574,58:2500,59:3232,60:2638,61:2383,62:2452,63:2459,64:2957,65:2609,66:2365,67:2457,68:2487,69:2630,70:2452,71:2511,72:2361,73:2505,74:2645,75:2593,76:2567,77:2496,78:2367,79:2591,80:2504,81:2594,82:2421,83:2533,84:2395,85:2441,86:2561,87:2613,88:2459,89:2433,90:2608,91:2358,92:3224,93:2628,94:2514,95:2523,96:2402,97:2572,98:2599,99:2461,100:2604,101:2517,102:2628,103:3237,104:2373,105:2368,106:2582,107:2441,108:2417,109:3199,110:2546,111:3263,112:2453,113:2601,114:2574,115:2624,116:2486,117:2351,118:3205,119:2444,120:2625,121:2476,122:3298,123:2398,124:2593,125:2566,126:2570,127:3295,128:2506,129:2591,130:2504,131:2595,132:2629,133:2478,134:3030,135:2581,136:2596,137:3285,138:2579,139:3069,140:2476,141:3124,142:2421,143:2538,144:2932,145:2621,146:3174,147:2625,148:2479,149:2444,150:2421,151:2637,152:2425,153:3148,154:3241,155:2416,156:2955,157:2647,158:2648,159:2540,160:2504,161:2609,162:2358,163:2404,164:2513,165:2460,166:2368,167:2599,168:2401,169:2388,170:2376,171:2373,172:2522,173:3180,174:2442,175:3185,176:2638,177:2631,178:2507,179:2584,180:2467,181:2558,182:2421,183:2541,184:2392,185:2401,186:2952,187:2555,188:2453,189:2392,190:2427,191:2527,192:2923,193:2559,194:2540,195:3273,196:3276,197:2394,198:2594,199:2543,200:3178,201:2593,202:2621,203:2458,204:2484,205:2943,206:2533,207:2541,208:2424,209:2906,210:3286,211:2526,212:2394,213:2608,214:2576,215:2498,216:2444,217:2396,218:2614,219:2398,220:2466,221:2465,222:2618,223:2613,224:2429,225:2610,226:2417,227:3053,228:2540,229:2473,230:2486,231:2355,232:3268,233:2477,234:3187,235:2563,236:2640,237:2449,238:2350,239:3233,240:2430,241:2586,242:2360,243:2473,244:2622,245:2619,246:2962,247:2552,248:2454,249:2429,250:2583,251:2457,252:2401,253:2477,254:2561,255:2407,256:2357,257:2573,258:2553,259:2407,260:2511,261:2941,262:3105,263:2921,264:2368,265:2551,266:2508,267:2458,268:2419,269:2602,270:2641,271:2383,272:2390,273:2375,274:2389,275:3000,276:2602,277:2491,278:2522,279:2422,280:2555,281:2358,282:2471,283:2576,284:2576,285:2615,286:2437,287:2354,288:2447,289:2603,290:3093,291:3036,292:2354,293:3161,294:2431,295:2585,296:2638,297:2635,298:2400,299:2531,300:2954,301:2631,302:2485,303:3095,304:3034,305:2616,306:2520,307:2543,308:2351,309:2437,310:2604,311:2478,312:3209,313:2401,314:2472,315:2389,316:3297,317:2615,318:2475,319:2609,320:2571,321:2434,322:2450,323:2537,324:2363,325:2533,326:2449,327:3014,328:2537,329:2486,330:2458,331:2631,332:2613,333:2455,334:2549,335:2465,336:2473,337:2473,338:2638,339:2401,340:2352,341:3054,342:2541,343:2355,344:2498,345:2396,346:2475,347:2387,348:2491,349:2402,350:2557,351:2608,352:2599,353:2393,354:2569,355:2509,356:2623,357:2567,358:2618,359:2409
0:2354,1:2625,2:2370,3:2540,4:2610,5:2383,6:2610,7:2566,8:2576,9:2449,10:2542,11:2475,12:2437,13:2578,14:2418,15:2631,16:2611,17:2427,18:2546,19:2446,20:2597,21:2424,22:2355,23:2565,24:2545,25:2451,26:2516,27:2465,28:2636,29:2456,30:2971,31:2597,32:3173,33:2646,34:2555,35:2374,36:2541,37:2481,38:2499,39:2632,40:2557,41:2616,42:2411,43:3282,44:2373,45:2480,46:2545,47:2533,48:2609,49:3205,50:2505,51:2502,52:2630,53:2637,54:2396,55:2429,56:2501,57:2537,58:2562,59:2503,60:2636,61:2523,62:2469,63:2438,64:2582,65:2441,66:2449,67:2466,68:2566,69:2501,70:2421,71:3034,72:2633,73:3170,74:2490,75:3277,76:2472,77:2462,78:2518,79:2921,80:2592,81:2486,82:2451,83:2352,84:2383,85:2605,86:3275,87:2433,88:2639,89:2515,90:2566,91:2487,92:2558,93:3133,94:2371,95:2528,96:2471,97:2371,98:2401,99:2455,100:2532,101:3058,102:2417,103:2359,104:2480,105:2485,106:2473,107:2512,108:2402,109:2543,110:2619,111:3292,112:2587,113:2566,114:2526,115:2366,116:2526,117:2649,118:2580,119:2557,120:3110,121:2457,122:2950,123:2478,124:2592,125:3191,126:2634,127:2496,128:2459,129:3050,130:2574,131:2523,132:2510,133:2604,134:2474,135:2586,136:2359,137:2547,138:2354,139:2361,140:3298,141:2642,142:2529,143:2975,144:2483,145:2400,146:2602,147:2464,148:2501,149:3078,150:2638,151:2479,152:2434,153:2484,154:2374,155:2399,156:2936,157:2430,158:2478,159:2394,160:3099,161:2474,162:3213,163:2487,164:2600,165:2512,166:3212,167:2537,168:2634,169:2355,170:2903,171:2930,172:2469,173:2552,174:2474,175:2641,176:2562,177:2400,178:2455,179:2480,180:3281,181:2401,182:2579,183:2520,184:3156,185:2590,186:2439,187:2490,188:2374,189:2978,190:3074,191:3053,192:2599,193:2404,194:2646,195:2489,196:2496,197:2557,198:2459,199:2626,200:2403,201:2641,202:2471,203:2410,204:2433,205:2438,206:2409,207:2398,208:2509,209:2626,210:3058,211:2380,212:2590,213:3046,214:3096,215:2459,216:3228,217:2548,218:2371,219:2440,220:2390,221:2986,222:2405,223:2563,224:2481,225:2927,226:2411,227:2549,228:2602,229:2441,230:2573,231:2613,232:2516,233:3058,234:2613,235:2424,236:2384,237:2358,238:3242,239:2387,240:2364,241:2442,242:2625,243:2388,244:2396,245:2625,246:2472,247:3294,248:2467,249:2417,250:2374,251:2517,252:3189,253:2549,254:2412,255:2483,256:2979,257:3299,258:2616,259:2504,260:2447,261:2595,262:2550,263:2522,264:2477,265:2597,266:2412,267:3043,268:2545,269:2436,270:3225,271:3028,272:2633,273:2420,274:2456,275:2994,276:2386,277:2560,278:3104,279:2644,280:2588,281:2408,282:2919,283:2524,284:2350,285:3202,286:2526,287:2381,288:2608,289:2612,290:2462,291:2579,292:2368,293:2437,294:3211,295:2460,296:2518,297:2499,298:2527,299:2633,300:2383,301:2376,302:2608,303:2581,304:2496,305:2567,306:2456,307:2565,308:2357,309:2606,310:2472,311:2513,312:2431,313:2466,314:2525,315:2633,316:2462,317:2558,318:2538,319:2604,320:2426,321:2636,322:2618,323:2406,324:2464,325:2469,326:3183,327:2402,328:2615,329:2517,330:2644,331:3048,332:2532,333:2367,334:2571,335:2412,336:2381,337:2410,338:2524,339:2467,340:2373,341:2369,342:2566,343:3049,344:2505,345:2378,346:2620,347:2646,348:2929,349:3295,350:2619,351:2407,352:2457,353:2350,354:2567,355:2427,356:2404,357:2408,358:2535,359:2601
0:2534,1:2535,2:2981,3:3115,4:2530,5:2542,6:2367,7:2530,8:2435,9:2429,10:3131,11:2444,12:2402,13:2408,14:2434,15:2478,16:2501,17:2496,18:2371,19:2595,20:2645,21:2555,22:2380,23:2527,24:2570,25:2365,26:2449,27:2591,28:2588,29:2639,30:2466,31:3153,32:2546,33:2585,34:2394,35:2455,36:2529,37:2464,38:2609,39:2448,40:2613,41:2394,42:3097,43:2632,44:2533,45:2631,46:2589,47:2522,48:2459,49:2446,50:2607,51:3013,52:2435,53:2566,54:2441,55:2527,56:2417,57:2470,58:2409,59:2433,60:2537,61:2372,62:3085,63:2458,64:2575,65:2404,66:2369,67:2453,68:3017,69:2515,70:2558,71:2629,72:2476,73:2407,74:2552,75:2561,76:2478,77:2381,78:2930,79:2497,80:3046,81:2907,82:2503,83:2431,84:2645,85:3234,86:2395,87:2601,88:2626,89:2599,90:2418,91:2578,92:2382,93:2421,94:2391,95:2579,96:2613,97:2373,98:2536,99:2577,100:2522,101:2990,102:2987,103:3105,104:2504,105:2552,106:2422,107:2437,108:2601,109:3298,110:2456,111:2404,112:2480,113:2513,114:2454,115:2520,116:2584,117:2477,118:2501,119:2628,120:3163,121:2507,122:3105,123:2602,124:3237,125:2455,126:2515,127:2497,128:2473,129:2362,130:2494,131:2507,132:3006,133:2529,134:2450,135:2489,136:3220,137:2476,138:2434,139:2350,140:2489,141:2638,142:2404,143:2472,144:2411,145:2396,146:2350,147:2483,148:2367,149:2401,150:2648,151:3221,152:3069,153:2606,154:2625,155:2415,156:2579,157:2438,158:2384,159:2556,160:2566,161:3252,162:2388,163:2618,164:3198,165:2439,166:2556,167:2533,168:2423,169:2537,170:2413,171:3046,172:2573,173:2416,174:3242,175:2635,176:2474,177:2366,178:2549,179:3099,180:2374,181:2446,182:2458,183:2357,184:2410,185:2373,186:2456,187:2463,188:2559,189:2441,190:2435,191:2465,192:3059,193:2543,194:2553,195:3129,196:2357,197:2380,198:2387,199:2365,200:2455,201:2372,202:2645,203:2539,204:2549,205:2532,206:2619,207:2562,208:2399,209:2416,210:2580,211:2472,212:3179,213:2531,214:2363,215:2392,216:2518,217:2485,218:2646,219:2446,220:2443,221:2401,222:2639,223:2432,224:2581,225:2389,226:2452,227:2492,228:2466,229:2393,230:2391,231:2641,232:2382,233:2584,234:2547,235:2433,236:2404,237:2505,238:3288,239:2398,240:2616,241:2594,242:2446,243:2441,244:2361,245:2498,246:2569,247:2649,248:2598,249:2425,250:3114,251:2431,252:2518,253:2507,254:2586,255:2433,256:2503,257:2384,258:2917,259:2523,260:2556,261:2405,262:2544,263:2481,264:2361,265:3298,266:2511,267:2457,268:2511,269:2495,270:2512,271:2471,272:2525,273:2375,274:3158,275:3005,276:2370,277:2989,278:2409,279:3276,280:2535,281:2563,282:3104,283:2597,284:2647,285:2519,286:2611,287:2377,288:2447,289:2417,290:2443,291:2999,292:2363,293:2567,294:3058,295:2575,296:2564,297:2364,298:2496,299:2511,300:3283,301:2440,302:2405,303:2525,304:2378,305:2517,306:2402,307:2631,308:2379,309:2449,310:2514,311:2515,312:2431,313:3074,314:2432,315:2429,316:2376,317:2629,318:2458,319:2362,320:2557,321:2393,322:2643,323:2597,324:2591,325:2595,326:2401,327:2417,328:2543,329:3086,330:2583,331:2430,332:2535,333:2530,334:2448,335:2937,336:3175,337:2502,338:2451,339:2497,340:2977,341:2487,342:3163,343:2504,344:2627,345:2522,346:2397,347:2351,348:2361,349:3208,350:2512,351:3077,352:2370,353:2405,354:2366,355:2536,356:2422,357:2557,358:2451,359:2362
0:2389,1:2559,2:2519,3:2633,4:2486,5:2459,6:2627,7:2396,8:2503,9:2524,10:2491,11:2451,12:2532,13:2505,14:2997,15:2568,16:2409,17:2410,18:3051,19:2454,20:2495,21:2407,22:3195,23:2474,24:2649,25:2599,26:2533,27:2514,28:2357,29:2521,30:2476,31:2646,32:3263,33:3275,34:2440,35:2616,36:2372,37:2474,38:3191,39:2516,40:2474,41:2374,42:2450,43:2636,44:2406,45:2435,46:2603,47:2377,48:3051,49:3132,50:2423,51:2438,52:2492,53:2514,54:2442,55:2563,56:2374,57:2411,58:2965,59:2477,60:2614,61:2514,62:2504,63:2628,64:2534,65:2624,66:2597,67:2425,68:2563,69:2442,70:2464,71:2404,72:2505,73:3098,74:2503,75:2567,76:2509,77:2368,78:2446,79:2440,80:2513,81:2922,82:2589,83:2615,84:2647,85:2595,86:2582,87:2357,88:2381,89:2548,90:2519,91:2397,92:2404,93:3099,94:2541,95:2531,96:3187,97:3240,98:2427,99:2524,100:2393,101:3141,102:2427,103:2989,104:2626,105:2402,106:2388,107:2509,108:2629,109:2647,110:2554,111:2488,112:2438,113:2570,114:2373,115:2544,116:2468,117:3110,118:2368,119:2560,120:2402,121:2623,122:2603,123:3097,124:2431,125:2589,126:2545,127:2923,128:2476,129:2589,130:2371,131:2359,132:2385,133:2394,134:2632,135:2369,136:2474,137:2563,138:2357,139:3198,140:2475,141:2351,142:2405,143:2590,144:3095,145:2594,146:2353,147:2643,148:2551,149:2622,150:2359,151:2628,152:2414,153:2417,154:2483,155:2992,156:3221,157:2458,158:2567,159:2574,160:2436,161:2418,162:3203,163:2474,164:2966,165:2631,166:2454,167:2641,168:2416,169:2417,170:2531,171:2578,172:2405,173:3179,174:2382,175:2591,176:2430,177:2567,178:2431,179:2508,180:2531,181:2950,182:2402,183:2389,184:2577,185:2411,186:2570,187:2427,188:2570,189:2504,190:2560,191:3216,192:2383,193:2356,194:2541,195:2616,196:2628,197:2638,198:3177,199:2354,200:3075,201:2467,202:2455,203:2633,204:2485,205:2409,206:2534,207:2450,208:2566,209:3148,210:2370,211:2595,212:2403,213:2363,214:2417,215:3018,216:2460,217:2371,218:2552,219:2473,220:2533,221:2485,222:2601,223:2367,224:3161,225:2626,226:2453,227:3101,228:2384,229:2431,230:3253,231:2472,232:2400,233:2636,234:2498,235:2913,236:2591,237:2633,238:2638,239:2473,240:2512,241:2466,242:2603,243:2582,244:2550,245:2649,246:2539,247:2595,248:2402,249:2482,250:2474,251:2462,252:3244,253:2612,254:2597,255:2514,256:2417,257:2449,258:2607,259:3150,260:3060,261:2505,262:2521,263:2457,264:2587,265:2431,266:2433,267:2353,268:2445,269:2951,270:2942,271:2475,272:2572,273:2441,274:2608,275:2507,276:2447,277:2461,278:3240,279:2562,280:2478,281:2483,282:2516,283:2418,284:2520,285:2618,286:2479,287:2522,288:2614,289:3212,290:2643,291:2500,292:2439,293:2504,294:2440,295:2446,296:3238,297:2393,298:3163,299:2611,300:3188,301:2501,302:2448,303:3162,304:2373,305:2574,306:2914,307:2951,308:2539,309:2388,310:2632,311:2366,312:3047,313:2556,314:2446,315:3267,316:2641,317:2523,318:3130,319:2520,320:2511,321:2986,322:2603,323:3269,324:2638,325:2529,326:2565,327:2393,328:2616,329:2586,330:2484,331:2475,332:2635,333:2425,334:2422,335:2536,336:2553,337:2550,338:2361,339:2577,340:2642,341:2594,342:2380,343:2639,344:2556,345:2437,346:2372,347:2402,348:2627,349:2602,350:2450,351:2577,352:2462,353:2466,354:2603,355:2555,356:2442,357:3221,358:2573,359:2393
0:2499,1:2463,2:2383,3:2637,4:2450,5:2463,6:2448,7:2992,8:3111,9:2528,10:2444,11:2412,12:2379,13:2955,14:2495,15:2638,16:3214,17:2392,18:2451,19:2552,20:3061,21:2630,22:2554,23:2513,24:2377,25:3199,26:2477,27:2644,28:2580,29:2636,30:2624,31:2379,32:2443,33:2609,34:2536,35:2512,36:2573,37:2584,38:2627,39:2466,40:3188,41:3277,42:2620,43:2445,44:2547,45:2624,46:2502,47:2592,48:2458,49:2547,50:2514,51:3015,52:2547,53:2648,54:2418,55:2522,56:2577,57:2597,58:2548,59:2463,60:3007,61:2355,62:2350,63:2484,64:2628,65:2565,66:2472,67:2453,68:2495,69:2582,70:2397,71:2444,72:2439,73:2378,74:2609,75:3006,76:2486,77:3083,78:2479,79:2517,80:2624,81:2565,82:2504,83:2495,84:3005,85:2462,86:2477,87:2467,88:2997,89:2457,90:2593,91:2453,92:2611,93:2514,94:2378,95:2403,96:2510,97:2366,98:2574,99:2554,100:2457,101:2607,102:2627,103:2546,104:2507,105:2528,106:2386,107:2589,108:3206,109:2432,110:2539,111:2369,112:2491,113:2422,114:2609,115:2631,116:2551,117:2546,118:2643,119:2502,120:2412,121:2387,122:2502,123:2413,124:2976,125:2557,126:2391,127:2410,128:2509,129:2481,130:2549,131:2415,132:2532,133:2397,134:2489,135:2469,136:3154,137:2596,138:3234,139:2372,140:2439,141:3233,142:2507,143:3012,144:2467,145:2938,146:2552,147:2639,148:2389,149:2572,150:2463,151:2619,152:2605,153:2427,154:2561,155:2473,156:2594,157:2399,158:2387,159:3159,160:3119,161:2500,162:2524,163:2464,164:2636,165:2648,166:2599,167:2534,168:2494,169:2482,170:3183,171:2458,172:3095,173:2639,174:2414,175:2444,176:2468,177:2377,178:2455,179:2376,180:3027,181:2582,182:2365,183:2596,184:2430,185:3093,186:2911,187:2635,188:2476,189:2930,190:2427,191:2927,192:2556,193:2570,194:3054,195:2639,196:2474,197:2444,198:2626,199:2350,200:2402,201:2528,202:2483,203:2450,204:2430,205:2565,206:2381,207:2374,208:3146,209:2397,210:2518,211:2590,212:2538,213:2563,214:2579,215:2513,216:2624,217:2598,218:3185,219:3152,220:2350,221:3069,222:2633,223:2493,224:2526,225:3089,226:3246,227:2382,228:2554,229:3115,230:3282,231:2488,232:2399,233:2353,234:2484,235:3251,236:2646,237:2571,238:2494,239:2452,240:2438,241:2360,242:2399,243:2616,244:2561,245:3111,246:2985,247:2620,248:2496,249:2476,250:2446,251:2439,252:2398,253:2553,254:2495,255:2373,256:2513,257:2452,258:2568,259:3211,260:3075,261:2385,262:2416,263:2458,264:2350,265:2511,266:2604,267:2423,268:2571,269:2585,270:2570,271:2523,272:2375,273:2494,274:2553,275:2377,276:2583,277:3039,278:3276,279:2511,280:2528,281:2582,282:2978,283:3154,284:2609,285:2604,286:2434,287:2472,288:2391,289:2368,290:2373,291:2584,292:2604,293:2505,294:2503,295:3229,296:2632,297:2383,298:2973,299:2521,300:2503,301:2525,302:2587,303:2915,304:2533,305:2602,306:2446,307:3286,308:2969,309:2429,310:2517,311:2398,312:2581,313:3165,314:2623,315:2608,316:2377,317:3264,318:2385,319:2512,320:2444,321:2984,322:2454,323:2513,324:3073,325:2435,326:2495,327:2642,328:3231,329:2357,330:2605,331:2367,332:2560,333:2481,334:2616,335:2502,336:2926,337:2402,338:2921,339:2415,340:3260,341:2408,342:2414,343:2982,344:2509,345:2438,346:2407,347:2445,348:2644,349:2518,350:2400,351:3098,352:2477,353:3204,354:2439,355:3096,356:2559,357:3232,358:2387,359:2489
0:3298,1:2480,2:3265,3:2516,4:2626,5:2916,6:2500,7:2465,8:2430,9:2368,10:2480,11:2529,12:2641,13:3084,14:2458,15:3220,16:2470,17:2587,18:2526,19:2611,20:2453,21:2369,22:2351,23:2440,24:2370,25:3138,26:2627,27:2535,28:2447,29:2351,30:2561,31:2499,32:2540,33:3239,34:2546,35:2455,36:2598,37:2523,38:2504,39:2647,40:2419,41:3284,42:2435,43:2583,44:2416,45:2601,46:2636,47:2559,48:3146,49:2593,50:2594,51:3148,52:3266,53:2543,54:2584,55:2514,56:3234,57:2647,58:2591,59:2600,60:3152,61:2381,62:2914,63:3274,64:2482,65:2564,66:2525,67:2447,68:2643,69:2501,70:2442,71:2595,72:2605,73:2610,74:3060,75:2522,76:2372,77:2548,78:2359,79:2449,80:3139,81:2496,82:2645,83:2472,84:2437,85:2369,86:2363,87:2630,88:2589,89:2405,90:2406,91:2357,92:2466,93:2364,94:2479,95:2598,96:3298,97:2580,98:2410,99:2634,100:2561,101:2585,102:2371,103:2640,104:2933,105:2501,106:2565,107:2556,108:3004,109:2355,110:2368,111:2473,112:2447,113:2458,114:2380,115:2495,116:2350,117:2430,118:2631,119:3202,120:2489,121:3111,122:2447,123:2380,124:2623,125:2513,126:2547,127:2570,128:2557,129:2960,130:2570,131:2508,132:2464,133:2399,134:2598,135:2479,136:2397,137:2486,138:2527,139:3181,140:2613,141:2382,142:2380,143:2924,144:2390,145:2392,146:2381,147:2624,148:2636,149:2961,150:2370,151:2391,152:2466,153:2396,154:2586,155:2939,156:2480,157:2950,158:2478,159:2492,160:2382,161:2440,162:2388,163:2495,164:2523,165:2983,166:2952,167:2381,168:3019,169:2602,170:2499,171:3216,172:2373,173:2580,174:3209,175:2432,176:2592,177:3219,178:2621,179:2414,180:2547,181:2630,182:2548,183:2402,184:2421,185:2574,186:2533,187:2437,188:2546,189:2539,190:2548,191:2426,192:2393,193:2360,194:2592,195:2437,196:2477,197:2521,198:2414,199:2465,200:2605,201:2927,202:2526,203:2538,204:2567,205:2383,206:3208,207:2420,208:2647,209:2412,210:2423,211:2644,212:2539,213:2480,214:2598,215:3133,216:2395,217:3128,218:2557,219:2378,220:3071,221:2412,222:2420,223:2443,224:2613,225:2520,226:2377,227:2509,228:2536,229:3088,230:2436,231:2418,232:2357,233:2623,234:2487,235:2351,236:2388,237:2627,238:2520,239:2427,240:2471,241:2559,242:3147,243:2407,244:2555,245:2569,246:2579,247:2521,248:2366,249:2607,250:2520,251:2965,252:2568,253:2467,254:2388,255:2623,256:2592,257:3117,258:2532,259:2396,260:2633,261:2381,262:2537,263:2398,264:2363,265:2587,266:3110,267:2394,268:2350,269:2602,270:3196,271:2512,272:2377,273:2542,274:3298,275:2605,276:2494,277:2646,278:2369,279:3270,280:2500,281:3147,282:2597,283:2613,284:2552,285:2390,286:2631,287:2369,288:2371,289:2372,290:2363,291:2990,292:3135,293:2380,294:2364,295:2928,296:2574,297:2445,298:2405,299:2575,300:2354,301:2641,302:2620,303:2556,304:3111,305:3295,306:2565,307:2512,308:2385,309:2351,310:2415,311:2564,312:2543,313:2613,314:2557,315:2606,316:2412,317:2361,318:2569,319:2615,320:2521,321:2514,322:2440,323:2485,324:2556,325:2649,326:2542,327:2489,328:2589,329:2520,330:2602,331:2379,332:2355,333:2634,334:2641,335:2493,336:3137,337:2360,338:2471,339:2500,340:2363,341:2482,342:2607,343:2517,344:2395,345:2376,346:2509,347:2438,348:3227,349:2903,350:2600,351:2634,352:2519,353:3180,354:2982,355:2397,356:2601,357:2601,358:2497,359:2491
0:2455,1:2466,2:2550,3:2574,4:2621,5:2538,6:2490,7:2628,8:2428,9:2452,10:2522,11:2621,12:2545,13:2416,14:2638,15:2548,16:3246,17:2519,18:2608,19:2372,20:2544,21:2621,22:2517,23:2619,24:2644,25:2631,26:2490,27:2434,28:2574,29:2410,30:2563,31:2605,32:2493,33:2644,34:2620,35:2419,36:2574,37:2399,38:2588,39:3294,40:2640,41:2636,42:3124,43:2628,44:2644,45:2573,46:2582,47:2396,48:2939,49:3232,50:2541,51:2623,52:3213,53:2357,54:2504,55:2555,56:2382,57:2384,58:2444,59:2649,60:2614,61:2507,62:2387,63:2512,64:2486,65:2420,66:2433,67:3021,68:2990,69:2616,70:2549,71:2422,72:2612,73:2511,74:2354,75:2535,76:2470,77:2506,78:2588,79:2356,80:2383,81:2403,82:2411,83:2484,84:2388,85:2437,86:2357,87:2559,88:2350,89:2634,90:2418,91:2416,92:2618,93:2492,94:2445,95:2646,96:2390,97:2377,98:2419,99:2491,100:2395,101:3065,102:2364,103:2542,104:3212,105:2519,106:2605,107:3043,108:3175,109:3059,110:2985,111:2413,112:2584,113:2594,114:2395,115:2395,116:2647,117:2499,118:2648,119:2426,120:2534,121:2371,122:3125,123:2529,124:2363,125:3292,126:2472,127:2395,128:2541,129:2373,130:2453,131:2604,132:3022,133:2926,134:2616,135:2587,136:3258,137:2516,138:2420,139:2457,140:2561,141:2497,142:2430,143:2617,144:2914,145:2428,146:2553,147:2415,148:2420,149:2588,150:2586,151:2470,152:2354,153:3177,154:2932,155:2586,156:2470,157:2427,158:2623,159:2431,160:2620,161:3254,162:2535,163:2592,164:2544,165:2610,166:2485,167:3236,168:2643,169:3009,170:2491,171:2504,172:2431,173:2433,174:3253,175:2497,176:2545,177:2350,178:2639,179:3116,180:3010,181:2442,182:2574,183:2982,184:2630,185:2519,186:2508,187:2908,188:2624,189:2370,190:2449,191:2548,192:3194,193:3288,194:2404,195:2558,196:2423,197:2566,198:2371,199:2475,200:2530,201:2480,202:2496,203:2634,204:3276,205:2544,206:2557,207:2547,208:2560,209:2504,210:2460,211:2628,212:2375,213:2351,214:2561,215:2480,216:2541,217:2627,218:2384,219:2639,220:2359,221:2434,222:3109,223:2648,224:2498,225:2523,226:3280,227:2513,228:2616,229:2595,230:2433,231:3231,232:2495,233:2365,234:2600,235:2407,236:2394,237:2573,238:2459,239:2553,240:2561,241:2574,242:2593,243:3126,244:2533,245:2557,246:2409,247:2359,248:2640,249:2417,250:2584,251:2612,252:3165,253:2605,254:2493,255:2992,256:2401,257:2628,258:3264,259:2562,260:2564,261:2394,262:2640,263:2955,264:2379,265:2550,266:2537,267:3235,268:2472,269:2609,270:2364,271:2456,272:2642,273:2633,274:2532,275:2378,276:2370,277:2608,278:2516,279:2585,280:3126,281:2434,282:2374,283:3132,284:2383,285:2476,286:2984,287:3095,288:2460,289:2639,290:2608,291:2485,292:2491,293:2960,294:3060,295:2469,296:2610,297:2509,298:3113,299:2391,300:2567,301:2522,302:2378,303:2514,304:2579,305:3044,306:3173,307:2481,308:2420,309:2400,310:2471,311:2638,312:2518,313:2499,314:2948,315:2570,316:2638,317:2544,318:2509,319:2412,320:2570,321:2491,322:2506,323:2534,324:2563,325:2608,326:2645,327:2451,328:2399,329:2446,330:2438,331:2393,332:2465,333:2639,334:2410,335:2455,336:2608,337:3111,338:2568,339:2636,340:2453,341:2369,342:2495,343:2420,344:2582,345:2902,346:2371,347:2630,348:2644,349:2634,350:2649,351:3197,352:2581,353:2499,354:2470,355:3285,356:2485,357:2388,358:2428,359:2537
0:2980,1:2588,2:3198,3:2430,4:2454,5:2504,6:2524,7:3229,8:2500,9:2589,10:2457,11:2447,12:3136,13:3211,14:2602,15:2371,16:2380,17:2370,18:2641,19:3170,20:2624,21:2610,22:2547,23:3246,24:2389,25:2456,26:2526,27:2633,28:2437,29:3008,30:2422,31:2421,32:2423,33:2644,34:2580,35:3087,36:2463,37:2972,38:2599,39:2392,40:3097,41:2502,42:2543,43:2490,44:2634,45:2511,46:3298,47:2536,48:2495,49:2487,50:2545,51:2500,52:2481,53:2407,54:2540,55:2634,56:2411,57:3234,58:2583,59:2442,60:2539,61:3133,62:2582,63:2575,64:2620,65:2395,66:2385,67:2543,68:2599,69:2360,70:3251,71:2410,72:2457,73:2380,74:2400,75:2585,76:2395,77:2510,78:2434,79:2403,80:2498,81:2580,82:2568,83:2618,84:2407,85:2608,86:2534,87:2358,88:3221,89:2625,90:2500,91:2568,92:2947,93:2438,94:2482,95:2472,96:2401,97:2598,98:2496,99:2636,100:2388,101:2927,102:2450,103:2453,104:2591,105:2419,106:2371,107:2521,108:2589,109:2545,110:2645,111:3039,112:2499,113:2596,114:2645,115:2365,116:3224,117:2557,118:2564,119:2997,120:2586,121:3237,122:2505,123:2462,124:2607,125:2509,126:2478,127:3078,128:3046,129:3147,130:2640,131:2596,132:2640,133:2438,134:3205,135:2578,136:2905,137:2376,138:2563,139:2629,140:2572,141:2400,142:2630,143:2407,144:2435,145:2451,146:2547,147:2574,148:2370,149:2550,150:3103,151:2544,152:2527,153:2562,154:2390,155:2644,156:3218,157:2435,158:2429,159:2615,160:2576,161:2442,162:2431,163:2559,164:2582,165:2475,166:3230,167:2455,168:3226,169:2534,170:2610,171:2373,172:2452,173:3194,174:2370,175:2579,176:3221,177:2528,178:2407,179:2584,180:2366,181:2350,182:2619,183:2401,184:2597,185:2452,186:3118,187:2456,188:3236,189:2451,190:2399,191:2419,192:2577,193:2504,194:2417,195:3284,196:2626,197:2355,198:2579,199:2411,200:2617,201:2372,202:2563,203:2521,204:3192,205:2584,206:2418,207:2474,208:2502,209:2491,210:2507,211:3189,212:2490,213:2483,214:2412,215:2457,216:2619,217:2636,218:2559,219:2953,220:2595,221:2481,222:2530,223:3001,224:2548,225:2477,226:3030,227:2365,228:2360,229:2509,230:2471,231:2424,232:2566,233:2456,234:2480,235:2438,236:2468,237:3277,238:2435,239:2444,240:2479,241:2451,242:2635,243:2548,244:2910,245:2602,246:3173,247:2428,248:2555,249:2352,250:3097,251:2588,252:2638,253:2395,254:2486,255:2973,256:2598,257:2558,258:2523,259:2372,260:2415,261:2506,262:2648,263:2461,264:2954,265:3169,266:2434,267:2547,268:2372,269:2522,270:2606,271:2554,272:2585,273:3151,274:2513,275:2475,276:2544,277:3203,278:2605,279:2522,280:2383,281:2503,282:3125,283:2528,284:2455,285:2647,286:2541,287:2532,288:2465,289:2416,290:2544,291:2425,292:2587,293:2640,294:2394,295:2538,296:2374,297:2621,298:2403,299:2466,300:2393,301:3275,302:2471,303:2352,304:2426,305:2531,306:3044,307:3181,308:2437,309:2633,310:2519,311:2466,312:2623,313:2548,314:2482,315:3063,316:2413,317:2524,318:3004,319:2455,320:2935,321:2550,322:2435,323:2394,324:2638,325:2384,326:2418,327:2588,328:2536,329:3155,330:2573,331:2469,332:2435,333:2544,334:3126,335:2382,336:2621,337:2500,338:2525,339:2521,340:3255,341:2493,342:2497,343:2637,344:2370,345:2522,346:3136,347:2454,348:2479,349:2486,350:2446,351:2395,352:2600,353:2544,354:2643,355:2525,356:2647,357:3126,358:2534,359:2420
0:2605,1:2620,2:2483,3:2472,4:2544,5:2399,6:2643,7:2582,8:2599,9:2552,10:2562,11:2370,12:3083,13:3102,14:2630,15:2438,16:2588,17:2573,18:3275,19:2536,20:2604,21:2353,22:2559,23:2610,24:2483,25:2467,26:2373,27:2361,28:2617,29:2417,30:2396,31:2481,32:2412,33:2572,34:2644,35:2547,36:2983,37:2457,38:3088,39:2412,40:3216,41:2351,42:3196,43:3176,44:2436,45:2472,46:2536,47:2609,48:3238,49:2647,50:2414,51:2390,52:2523,53:2422,54:2987,55:2618,56:2354,57:2493,58:2576,59:3138,60:2518,61:2991,62:2641,63:2526,64:2566,65:2459,66:2505,67:2514,68:3251,69:2610,70:2397,71:2497,72:2608,73:2621,74:2511,75:2556,76:2990,77:2453,78:2367,79:2488,80:3205,81:2459,82:2352,83:2612,84:2483,85:2529,86:3139,87:3285,88:2552,89:2422,90:3061,91:2560,92:2470,93:2644,94:2394,95:2423,96:2373,97:2575,98:2621,99:2555,100:2397,101:2613,102:2543,103:2931,104:2404,105:2479,106:3156,107:2511,108:2571,109:2409,110:2391,111:2384,112:2374,113:2514,114:2431,115:2406,116:2426,117:3070,118:3144,119:2590,120:2405,121:3277,122:2624,123:3108,124:2496,125:2466,126:2358,127:2408,128:2477,129:2604,130:2358,131:2539,132:2484,133:2968,134:2438,135:3073,136:2443,137:3045,138:2377,139:2503,140:2397,141:2521,142:2637,143:2523,144:2439,145:2536,146:2622,147:2509,148:2518,149:2525,150:2630,151:2403,152:2391,153:2445,154:2351,155:2555,156:2639,157:2352,158:2396,159:2551,160:2570,161:3254,162:3126,163:2453,164:2382,165:2378,166:2477,167:2637,168:2972,169:2413,170:2632,171:2570,172:2502,173:2507,174:2603,175:2518,176:2602,177:3185,178:2540,179:2548,180:2635,181:2599,182:2913,183:3126,184:2422,185:2416,186:3025,187:2503,188:2384,189:2555,190:2362,191:2409,192:3219,193:2567,194:2580,195:2549,196:2616,197:2467,198:2514,199:2405,200:2362,201:2625,202:2501,203:2601,204:2479,205:2359,206:2535,207:2532,208:2575,209:2583,210:2384,211:2560,212:2488,213:2470,214:2455,215:3079,216:2368,217:2572,218:2461,219:2429,220:2375,221:3276,222:2612,223:2483,224:2360,225:2397,226:2358,227:2437,228:2591,229:2412,230:2455,231:3114,232:2507,233:2436,234:2416,235:3024,236:2446,237:2605,238:2540,239:2570,240:2575,241:2645,242:2370,243:2481,244:2397,245:2578,246:2591,247:2508,248:2937,249:2581,250:2574,251:2584,252:2597,253:2970,254:3025,255:2537,256:2389,257:2930,258:2506,259:2378,260:2598,261:2478,262:2467,263:2552,264:3038,265:2551,266:2421,267:2637,268:2483,269:2390,270:2517,271:2621,272:2531,273:2636,274:2601,275:2473,276:2429,277:2951,278:3054,279:2567,280:2554,281:2470,282:2486,283:2990,284:2440,285:2384,286:2480,287:2538,288:3208,289:2515,290:2393,291:3011,292:2498,293:2400,294:2500,295:2406,296:2574,297:2451,298:2360,299:2597,300:2389,301:2912,302:2384,303:2387,304:3017,305:2926,306:2489,307:2573,308:2640,309:2624,310:2527,311:2648,312:2967,313:2443,314:2357,315:2566,316:2570,317:2411,318:2452,319:2408,320:2471,321:2633,322:2571,323:2427,324:2391,325:2365,326:2360,327:2598,328:2444,329:2567,330:2421,331:2449,332:2410,333:2646,334:2544,335:2530,336:2395,337:3212,338:2536,339:2410,340:2518,341:2515,342:3222,343:2369,344:3078,345:2478,346:2606,347:3027,348:2640,349:3077,350:2626,351:3005,352:2456,353:2385,354:2548,355:2647,356:2437,357:2577,358:2554,359:2423
0:2378,1:2492,2:3124,3:2634,4:2462,5:2491,6:2494,7:2593,8:2542,9:3098,10:2554,11:2452,12:2542,13:2451,14:2493,15:2360,16:2585,17:2357,18:2490,19:2955,20:2978,21:2475,22:2523,23:2561,24:2366,25:2493,26:2559,27:2380,28:2417,29:2579,30:2368,31:2935,32:2636,33:3286,34:2577,35:2352,36:2630,37:2508,38:3146,39:2542,40:2497,41:2402,42:2514,43:2399,44:3110,45:2353,46:2625,47:2597,48:2625,49:2631,50:3279,51:2627,52:2900,53:2365,54:2550,55:2395,56:2580,57:3286,58:2610,59:3104,60:2466,61:2947,62:2382,63:2504,64:2483,65:3113,66:2475,67:2602,68:3186,69:2411,70:2401,71:2945,72:2416,73:2420,74:2399,75:2468,76:2432,77:2598,78:2411,79:2508,80:2397,81:2590,82:2516,83:2405,84:2514,85:2583,86:2616,87:3255,88:2636,89:2463,90:2463,91:3127,92:2630,93:3017,94:2540,95:2630,96:2620,97:2618,98:2382,99:2357,100:2419,101:2487,102:2392,103:2537,104:2359,105:2648,106:2465,107:2646,108:2509,109:2406,110:2627,111:2902,112:2569,113:2467,114:3232,115:2387,116:2413,117:3247,118:2438,119:2490,120:2437,121:3210,122:3124,123:2453,124:2580,125:2585,126:2426,127:2631,128:2431,129:2462,130:2383,131:2508,132:2502,133:2572,134:2374,135:2644,136:2492,137:2530,138:2425,139:2366,140:2502,141:2377,142:3198,143:3164,144:2636,145:2582,146:2405,147:2486,148:2400,149:2542,150:2473,151:2357,152:2570,153:2629,154:2472,155:3029,156:2986,157:3244,158:3187,159:2412,160:2615,161:2588,162:2357,163:2392,164:2542,165:2420,166:3133,167:2408,168:2367,169:2372,170:2608,171:2480,172:2598,173:2478,174:2619,175:2543,176:2368,177:2479,178:2627,179:2514,180:2616,181:2617,182:2433,183:2649,184:2984,185:2598,186:2389,187:2381,188:2513,189:2375,190:3208,191:2446,192:2473,193:2470,194:3086,195:2615,196:2395,197:2475,198:2525,199:2637,200:2483,201:3170,202:2558,203:2641,204:2354,205:2388,206:2361,207:2544,208:2955,209:2559,210:2633,211:3023,212:2360,213:2498,214:2482,215:2395,216:2560,217:2431,218:2362,219:2516,220:2627,221:2601,222:2560,223:2462,224:3070,225:2531,226:2617,227:2578,228:2404,229:2566,230:2350,231:3230,232:2979,233:2632,234:2450,235:2495,236:2510,237:2613,238:2410,239:2520,240:2991,241:2639,242:2573,243:2464,244:2388,245:2448,246:2539,247:2395,248:3296,249:2578,250:2571,251:3264,252:2458,253:2372,254:3139,255:2364,256:2548,257:2363,258:2362,259:3123,260:2485,261:2501,262:2483,263:2535,264:3001,265:3060,266:2554,267:2940,268:2505,269:2523,270:2361,271:3244,272:2398,273:3057,274:2402,275:2455,276:2360,277:2603,278:3264,279:2619,280:2603,281:3034,282:2463,283:2414,284:2572,285:2617,286:2628,287:3195,288:2568,289:2490,290:2598,291:2513,292:2466,293:2379,294:2908,295:2598,296:2587,297:2645,298:3094,299:2566,300:2527,301:2365,302:2640,303:2401,304:2640,305:2500,306:2503,307:2514,308:2511,309:2944,310:2640,311:2604,312:2370,313:2367,314:2394,315:2643,316:2371,317:2449,318:2976,319:2405,320:2420,321:2445,322:2564,323:2470,324:2398,325:2581,326:2500,327:2493,328:2421,329:2383,330:2529,331:2506,332:2483,333:2583,334:2547,335:2577,336:2599,337:2432,338:2501,339:2528,340:2613,341:2541,342:2555,343:2368,344:2620,345:2539,346:2542,347:2607,348:2474,349:2509,350:2557,351:3003,352:2416,353:2489,354:2504,355:2441,356:3273,357:2558,358:2610,359:2360
0:2356,1:2442,2:2395,3:2416,4:2367,5:2439,6:2521,7:2619,8:2411,9:2370,10:2532,11:2415,12:2467,13:2411,14:2433,15:2532,16:2933,17:2472,18:2477,19:2448,20:2608,21:2588,22:2452,23:3150,24:3010,25:2428,26:2520,27:2378,28:2497,29:2420,30:2416,31:2966,32:2352,33:2355,34:2498,35:2627,36:3076,37:2640,38:2424,39:2417,40:2514,41:2604,42:2468,43:3097,44:2617,45:2587,46:3140,47:2581,48:2971,49:2530,50:2524,51:2546,52:2562,53:2499,54:2484,55:2480,56:2484,57:2500,58:2382,59:2406,60:2437,61:2377,62:2506,63:2649,64:2457,65:2510,66:2551,67:2522,68:2588,69:2645,70:2563,71:3084,72:2380,73:3031,74:3168,75:2358,76:2579,77:2531,78:2639,79:2543,80:2488,81:2429,82:3079,83:2523,84:2443,85:2510,86:2482,87:2453,88:2618,89:2463,90:2412,91:3118,92:2641,93:2645,94:2543,95:2571,96:2522,97:2633,98:3124,99:2352,100:2628,101:2971,102:3024,103:2513,104:2555,105:2438,106:2438,107:2517,108:2353,109:2536,110:2399,111:2431,112:2555,113:2543,114:2631,115:2517,116:2505,117:3227,118:2486,119:2396,120:2537,121:2470,122:2550,123:2455,124:2508,125:2582,126:2402,127:2476,128:2571,129:2549,130:2520,131:2570,132:2376,133:2603,134:2544,135:2561,136:2550,137:2533,138:3091,139:2456,140:2525,141:2553,142:2566,143:2593,144:2418,145:2504,146:2402,147:2999,148:2635,149:2578,150:2363,151:2594,152:3207,153:2568,154:2489,155:2611,156:2487,157:2524,158:3289,159:2454,160:2529,161:2633,162:2642,163:2471,164:3107,165:2441,166:2364,167:2593,168:2444,169:2423,170:2588,171:2565,172:2519,173:3159,174:2512,175:2476,176:2402,177:2390,178:2433,179:2500,180:2623,181:2636,182:2505,183:2986,184:2413,185:3164,186:2597,187:2605,188:2489,189:2599,190:2589,191:2518,192:2488,193:2517,194:3188,195:3100,196:2379,197:2358,198:3093,199:2405,200:2520,201:3183,202:2473,203:2415,204:2399,205:2473,206:2571,207:2586,208:2643,209:2961,210:2486,211:2367,212:2568,213:2383,214:2379,215:3039,216:2629,217:2576,218:2365,219:2515,220:2442,221:2628,222:2558,223:2613,224:2352,225:2581,226:2456,227:2542,228:2616,229:2494,230:2452,231:2551,232:2560,233:2537,234:2990,235:2626,236:2358,237:3176,238:2549,239:2350,240:2540,241:2410,242:2602,243:2482,244:2471,245:2967,246:2605,247:3268,248:2358,249:2563,250:2453,251:2529,252:2438,253:2397,254:2407,255:2648,256:2598,257:2529,258:2642,259:2535,260:2590,261:2520,262:2428,263:3105,264:2498,265:3126,266:2485,267:2540,268:2419,269:2354,270:2543,271:2609,272:2622,273:2513,274:2466,275:3211,276:3078,277:2620,278:2919,279:2443,280:2619,281:2452,282:2541,283:2617,284:2393,285:2360,286:2623,287:3008,288:2504,289:2553,290:2544,291:2587,292:2457,293:2469,294:2436,295:2379,296:2567,297:2475,298:2394,299:2439,300:2623,301:2471,302:3226,303:2526,304:2384,305:2365,306:2461,307:3262,308:2952,309:2449,310:2359,311:3240,312:2632,313:2533,314:2448,315:3096,316:2483,317:2970,318:3070,319:3298,320:2558,321:2647,322:2544,323:2556,324:2585,325:3204,326:2548,327:2463,328:2616,329:2453,330:2996,331:2420,332:3080,333:2422,334:2546,335:2444,336:2950,337:2371,338:2480,339:2431,340:2396,341:2553,342:3140,343:2351,344:2601,345:2639,346:2390,347:2594,348:2404,349:3012,350:2497,351:2377,352:2374,353:2366,354:2531,355:2631,356:2352,357:3164,358:2399,359:2401
0:2418,1:2425,2:2441,3:3128,4:2528,5:2376,6:3072,7:2404,8:2505,9:2380,10:2534,11:2488,12:2930,13:2467,14:2373,15:2494,16:2625,17:2577,18:2645,19:2404,20:2521,21:2505,22:2353,23:2597,24:2408,25:2629,26:2402,27:2492,28:2360,29:2523,30:3173,31:2502,32:2377,33:2645,34:3289,35:3129,36:2396,37:2543,38:2987,39:2614,40:2609,41:2511,42:2484,43:2484,44:2529,45:2496,46:2573,47:2409,48:2621,49:2367,50:2395,51:2437,52:2588,53:2595,54:2565,55:2408,56:2521,57:2429,58:2390,59:2526,60:2533,61:2394,62:2357,63:2611,64:2523,65:3123,66:3015,67:2528,68:2425,69:2493,70:2622,71:2559,72:2489,73:2577,74:2528,75:2425,76:2361,77:3000,78:3226,79:2496,80:2637,81:2399,82:3164,83:2379,84:2382,85:2414,86:2545,87:2584,88:2470,89:2420,90:2524,91:2393,92:2573,93:2567,94:3194,95:2400,96:2460,97:2605,98:2635,99:2455,100:2549,101:2501,102:3061,103:3296,104:2362,105:2459,106:2416,107:2576,108:2636,109:2548,110:3120,111:2530,112:2385,113:2396,114:3043,115:2526,116:2577,117:2597,118:2488,119:2543,120:2632,121:3185,122:2446,123:2582,124:2548,125:2526,126:2501,127:2486,128:2573,129:3162,130:2624,131:2466,132:2437,133:2416,134:2412,135:2408,136:3270,137:2403,138:2429,139:2374,140:2459,141:2607,142:2526,143:2420,144:2587,145:2392,146:2355,147:2449,148:2491,149:2552,150:2428,151:2360,152:2514,153:3236,154:2620,155:2608,156:2624,157:2407,158:2362,159:2436,160:2386,161:2383,162:2367,163:2510,164:2500,165:2537,166:3057,167:2496,168:2476,169:2942,170:2902,171:2605,172:2353,173:3107,174:2574,175:2518,176:2512,177:2410,178:2504,179:2359,180:2517,181:2988,182:2386,183:2499,184:3085,185:2617,186:2365,187:3155,188:3061,189:2473,190:3152,191:2552,192:2352,193:2636,194:2570,195:3212,196:2362,197:2409,198:2437,199:2368,200:2552,201:2371,202:2553,203:3059,204:2518,205:2405,206:2485,207:2630,208:2450,209:2398,210:3020,211:2462,212:3112,213:2591,214:2388,215:2431,216:2544,217:2537,218:2352,219:2390,220:2522,221:2482,222:2475,223:2540,224:2628,225:2429,226:2509,227:2630,228:2401,229:2583,230:2955,231:2588,232:2613,233:2915,234:2528,235:2481,236:3120,237:2568,238:2372,239:2363,240:2625,241:3048,242:2370,243:2601,244:2512,245:3011,246:2530,247:2350,248:2482,249:2432,250:2615,251:2632,252:2492,253:2900,254:2475,255:2472,256:2626,257:2626,258:2526,259:2563,260:2395,261:3014,262:2467,263:2393,264:2906,265:2607,266:2406,267:2372,268:2447,269:2357,270:2628,271:2390,272:2919,273:2425,274:2549,275:2615,276:2609,277:2623,278:2394,279:2613,280:3160,281:2988,282:2562,283:2430,284:2435,285:2546,286:2555,287:2442,288:2649,289:2546,290:3176,291:2412,292:2512,293:2605,294:2542,295:2389,296:2446,297:2388,298:2395,299:2602,300:2404,301:3282,302:2490,303:2392,304:2485,305:2465,306:2627,307:2564,308:2563,309:2350,310:2479,311:2496,312:2483,313:2572,314:2649,315:3133,316:2404,317:2436,318:2582,319:2393,320:2411,321:2484,322:2562,323:2511,324:2985,325:2642,326:2537,327:3299,328:2597,329:2506,330:2373,331:2523,332:2611,333:2419,334:3164,335:3129,336:2478,337:2473,338:2420,339:3044,340:2559,341:2462,342:2423,343:3090,344:2365,345:2443,346:2367,347:2520,348:2365,349:2638,350:2462,351:2601,352:2506,353:2353,354:2519,355:2635,356:2518,357:2919,358:2404,359:2438
0:3110,1:2388,2:2626,3:2361,4:2612,5:2368,6:2555,7:2575,8:2613,9:2586,10:2615,11:2586,12:2641,13:3262,14:3000,15:2586,16:2431,17:2620,18:2425,19:3118,20:2498,21:2487,22:2618,23:3265,24:2412,25:2350,26:2364,27:2500,28:2534,29:2510,30:2436,31:3059,32:2969,33:2533,34:2484,35:2593,36:2616,37:2564,38:2635,39:2587,40:2407,41:2646,42:2640,43:2391,44:2472,45:2532,46:3046,47:2458,48:2457,49:2393,50:2599,51:2511,52:2518,53:2466,54:2532,55:2491,56:2359,57:2372,58:2611,59:2618,60:2579,61:2395,62:2404,63:3139,64:2571,65:2599,66:3133,67:2356,68:2388,69:2542,70:2482,71:2409,72:2436,73:2591,74:2489,75:2541,76:2455,77:2430,78:3119,79:2462,80:2648,81:2422,82:3088,83:2429,84:2421,85:2392,86:2383,87:3182,88:2477,89:2490,90:2534,91:3293,92:2351,93:2919,94:2611,95:2449,96:2529,97:2387,98:2363,99:2623,100:2411,101:3059,102:2366,103:2588,104:2485,105:2544,106:2441,107:2978,108:2354,109:2603,110:2364,111:2596,112:2424,113:2607,114:3162,115:2443,116:2640,117:2613,118:3106,119:2980,120:2412,121:2608,122:2527,123:2452,124:2424,125:2385,126:2443,127:2419,128:2452,129:2987,130:2529,131:3088,132:2644,133:2362,134:2645,135:2429,136:2444,137:2596,138:2424,139:2448,140:2557,141:2504,142:2627,143:2549,144:2474,145:2433,146:3057,147:2586,148:2441,149:2614,150:2360,151:2546,152:3243,153:2405,154:2517,155:2489,156:2504,157:2927,158:2507,159:2648,160:2521,161:2616,162:2573,163:3282,164:2446,165:3282,166:2426,167:2398,168:2411,169:2387,170:2630,171:2556,172:2553,173:2375,174:2414,175:2391,176:2419,177:2643,178:2643,179:2571,180:2497,181:2350,182:2412,183:3219,184:2933,185:2532,186:2387,187:2551,188:2469,189:2586,190:2475,191:2368,192:3046,193:2491,194:2505,195:3061,196:2613,197:2638,198:2408,199:2495,200:2608,201:2507,202:3267,203:2455,204:2410,205:2578,206:2542,207:2393,208:2450,209:2997,210:2511,211:2424,212:2593,213:2596,214:2455,215:2562,216:2617,217:2558,218:2476,219:2497,220:2569,221:2378,222:2547,223:2572,224:2604,225:2454,226:2538,227:2422,228:2496,229:2474,230:2426,231:2451,232:2619,233:2504,234:2480,235:2521,236:3000,237:2569,238:2556,239:2411,240:2456,241:2359,242:3000,243:2468,244:2534,245:2402,246:2556,247:2611,248:2485,249:2576,250:2402,251:2608,252:2384,253:3296,254:2469,255:2583,256:2554,257:2615,258:3069,259:2642,260:2478,261:2606,262:2449,263:2413,264:2422,265:2457,266:2511,267:2378,268:2447,269:2563,270:2483,271:2398,272:2367,273:2475,274:2514,275:2906,276:2551,277:3133,278:2435,279:2566,280:3002,281:2528,282:3134,283:2451,284:2554,285:2515,286:2460,287:2545,288:2622,289:2584,290:2647,291:2459,292:2464,293:2523,294:2524,295:2460,296:3276,297:2430,298:2601,299:2402,300:2516,301:3224,302:2449,303:2390,304:2604,305:2443,306:2605,307:3052,308:2625,309:2492,310:3232,311:2436,312:2605,313:2495,314:2911,315:3175,316:2465,317:2649,318:2617,319:3166,320:2473,321:2534,322:2552,323:2519,324:2377,325:3065,326:2528,327:2483,328:2639,329:2490,330:2584,331:2557,332:2581,333:2509,334:2614,335:2393,336:2582,337:2613,338:2421,339:2600,340:2584,341:2404,342:2490,343:2619,344:2515,345:3119,346:2421,347:2484,348:2415,349:2521,350:2450,351:3091,352:2479,353:2552,354:2429,355:2471,356:2560,357:2571,358:2434,359:2381
0:3003,1:2477,2:2580,3:2519,4:2567,5:3049,6:2638,7:2447,8:2427,9:2452,10:2641,11:2565,12:2403,13:2471,14:2647,15:2613,16:2410,17:2513,18:2639,19:2452,20:2480,21:2462,22:2625,23:2582,24:2404,25:2646,26:2379,27:2538,28:2425,29:2385,30:2645,31:2555,32:2557,33:2920,34:2399,35:2421,36:3212,37:3065,38:2390,39:2549,40:2961,41:2438,42:2392,43:2381,44:2456,45:2457,46:2581,47:2617,48:2433,49:2577,50:2998,51:2574,52:2403,53:2530,54:2351,55:2412,56:2517,57:2608,58:2506,59:3222,60:2592,61:2356,62:2625,63:2449,64:2630,65:2631,66:2642,67:2589,68:2627,69:3082,70:2643,71:3299,72:2503,73:3229,74:2429,75:2421,76:2921,77:2406,78:2592,79:2618,80:2353,81:2366,82:2538,83:2408,84:2465,85:3227,86:2413,87:2639,88:2437,89:2484,90:2494,91:2601,92:2547,93:2457,94:2455,95:2454,96:3062,97:2379,98:2443,99:2513,100:2586,101:2372,102:2471,103:3268,104:2532,105:3054,106:2565,107:2622,108:2444,109:2643,110:2392,111:2567,112:2647,113:2649,114:2439,115:2391,116:2481,117:2394,118:2607,119:2580,120:2531,121:3297,122:2388,123:2378,124:2378,125:2546,126:2467,127:2563,128:2387,129:2550,130:2426,131:2370,132:2404,133:2397,134:2443,135:2467,136:2423,137:3270,138:2420,139:2484,140:2557,141:2559,142:2354,143:2483,144:2458,145:2411,146:2514,147:2504,148:2512,149:3106,150:2426,151:2489,152:2620,153:2906,154:2524,155:2494,156:2426,157:2643,158:3007,159:2416,160:2494,161:2525,162:2423,163:2361,164:2529,165:2351,166:2475,167:2509,168:2613,169:2405,170:2594,171:3125,172:2548,173:2439,174:2527,175:2399,176:2526,177:2923,178:2497,179:2597,180:2580,181:2458,182:2562,183:2634,184:3156,185:2456,186:2634,187:2574,188:3133,189:2402,190:2606,191:3269,192:2549,193:2381,194:2441,195:3143,196:2500,197:3249,198:2541,199:2942,200:2376,201:2567,202:3023,203:2404,204:2507,205:3109,206:2473,207:2443,208:2378,209:2398,210:2489,211:3143,212:2602,213:2439,214:2573,215:2367,216:2538,217:2608,218:2585,219:3009,220:2556,221:2578,222:2559,223:2495,224:2510,225:2575,226:2424,227:2383,228:2501,229:2584,230:2598,231:2641,232:2355,233:2614,234:3141,235:2481,236:3231,237:3046,238:2366,239:2388,240:2960,241:3213,242:2428,243:2418,244:2495,245:2375,246:2563,247:2910,248:2606,249:2530,250:2425,251:2647,252:2534,253:2537,254:2637,255:2354,256:2384,257:2462,258:2613,259:2593,260:2596,261:3251,262:2927,263:2979,264:2509,265:2402,266:2358,267:2621,268:3211,269:2535,270:2438,271:3126,272:2388,273:2534,274:2441,275:2966,276:2361,277:2392,278:2352,279:3265,280:2491,281:2454,282:2522,283:2478,284:2373,285:2389,286:2996,287:2909,288:2408,289:2517,290:2547,291:2599,292:2352,293:2581,294:2470,295:2457,296:2642,297:2452,298:2366,299:3067,300:2590,301:2402,302:2509,303:3176,304:2591,305:3203,306:3213,307:2355,308:3061,309:2438,310:2576,311:2392,312:3284,313:2548,314:2583,315:2648,316:3235,317:2495,318:2356,319:2539,320:2427,321:2644,322:2595,323:2483,324:2435,325:2350,326:2632,327:2446,328:2579,329:2630,330:2580,331:2522,332:2416,333:2358,334:2536,335:2384,336:2398,337:2524,338:2947,339:2622,340:3267,341:2440,342:3157,343:2354,344:2635,345:2585,346:2439,347:2638,348:2558,349:2477,350:2447,351:2569,352:2563,353:2476,354:2455,355:2402,356:2355,357:2470,358:2545,359:2512
0:2529,1:2484,2:2438,3:2433,4:2580,5:2414,6:2539,7:2422,8:2632,9:3023,10:2362,11:2461,12:2403,13:2584,14:2524,15:2580,16:2496,17:3229,18:2542,19:2376,20:2548,21:2551,22:2479,23:2369,24:2604,25:2493,26:3207,27:2483,28:3293,29:2642,30:2358,31:2377,32:3139,33:3187,34:2391,35:2463,36:3220,37:2400,38:2573,39:3199,40:2612,41:2623,42:2505,43:2467,44:2478,45:2468,46:2491,47:3164,48:2551,49:3231,50:2403,51:2374,52:2975,53:2529,54:2538,55:2522,56:2612,57:2612,58:2618,59:2505,60:2361,61:2475,62:2481,63:2623,64:2489,65:2649,66:2558,67:3083,68:3142,69:2367,70:2570,71:2593,72:2449,73:2376,74:2484,75:2534,76:2418,77:2364,78:2592,79:2600,80:2531,81:2424,82:2423,83:2580,84:2465,85:2385,86:2456,87:2581,88:2526,89:3138,90:2631,91:2497,92:2577,93:2533,94:2454,95:2997,96:2499,97:3247,98:2419,99:2407,100:2590,101:2353,102:3147,103:2455,104:2588,105:2486,106:2468,107:2526,108:2418,109:2479,110:2631,111:2391,112:2390,113:2455,114:2352,115:2495,116:2584,117:2583,118:3293,119:2593,120:2371,121:2573,122:2604,123:2383,124:2585,125:2643,126:2597,127:2469,128:2519,129:2437,130:2607,131:2361,132:2423,133:2412,134:2355,135:2624,136:2375,137:2445,138:3121,139:2631,140:2542,141:2628,142:2544,143:2386,144:2460,145:2362,146:2483,147:2522,148:2351,149:2617,150:2608,151:2630,152:2442,153:2369,154:2600,155:2534,156:2362,157:3286,158:2419,159:2376,160:2557,161:2482,162:2613,163:2536,164:2477,165:2449,166:2545,167:2539,168:2437,169:2531,170:3117,171:2492,172:2614,173:2647,174:3183,175:2541,176:2571,177:2531,178:2590,179:2454,180:2572,181:2388,182:2604,183:2402,184:2635,185:2417,186:2647,187:2468,188:2527,189:3174,190:2574,191:3250,192:2437,193:2485,194:2385,195:2590,196:2389,197:2598,198:2598,199:2516,200:2367,201:2490,202:3132,203:2595,204:2430,205:2370,206:2456,207:2463,208:2642,209:2475,210:2581,211:2571,212:2637,213:2908,214:3292,215:2572,216:3153,217:2459,218:2647,219:2455,220:2441,221:3048,222:2427,223:2518,224:2408,225:2644,226:2505,227:2456,228:2525,229:3063,230:2462,231:2584,232:2476,233:2370,234:2573,235:2620,236:3078,237:2482,238:2406,239:2437,240:2484,241:2598,242:2535,243:2551,244:2637,245:2627,246:2609,247:2615,248:2463,249:2397,250:3159,251:2543,252:2482,253:3172,254:2643,255:3084,256:2612,257:2464,258:3179,259:2467,260:3200,261:2487,262:2539,263:2493,264:2516,265:2408,266:2513,267:2552,268:2378,269:2381,270:2648,271:2576,272:2525,273:2512,274:2451,275:2389,276:2542,277:2636,278:2646,279:2465,280:2410,281:2408,282:2415,283:2380,284:2428,285:2516,286:2536,287:2403,288:2355,289:3252,290:2429,291:2629,292:2372,293:2367,294:2543,295:2499,296:2356,297:2400,298:2563,299:2626,300:2527,301:2365,302:2406,303:2546,304:2352,305:2599,306:2445,307:2437,308:2493,309:2422,310:3289,311:3153,312:2363,313:2468,314:2377,315:2390,316:2978,317:2458,318:2503,319:2527,320:2371,321:2405,322:3011,323:3027,324:2646,325:2374,326:2624,327:2563,328:2526,329:2399,330:2521,331:2482,332:2496,333:2478,334:2421,335:3036,336:2362,337:3142,338:2448,339:2400,340:2454,341:2408,342:2360,343:2383,344:2479,345:2432,346:2390,347:2386,348:3188,349:3143,350:2375,351:3138,352:2410,353:2380,354:2513,355:3003,356:2482,357:2543,358:2567,359:2374
0:2648,1:2503,2:2550,3:3196,4:2365,5:2550,6:2539,7:2489,8:3296,9:2609,10:3139,11:2616,12:2626,13:2510,14:2485,15:2375,16:2416,17:2411,18:2368,19:2574,20:2541,21:3008,22:2401,23:2421,24:2489,25:2404,26:2373,27:2484,28:2628,29:2954,30:2454,31:2419,32:2456,33:3007,34:2380,35:2434,36:2418,37:3035,38:2639,39:3088,40:3043,41:2392,42:2411,43:2573,44:2580,45:2637,46:3022,47:2636,48:2458,49:2548,50:2498,51:2602,52:2501,53:2412,54:2496,55:2566,56:2470,57:2445,58:3274,59:2578,60:2541,61:2426,62:2649,63:2363,64:3106,65:3039,66:2597,67:2360,68:2909,69:2648,70:3234,71:2579,72:2485,73:2412,74:2529,75:2976,76:2636,77:2599,78:2919,79:2493,80:2355,81:2526,82:2525,83:2403,84:2481,85:2394,86:2450,87:2628,88:3285,89:2502,90:2412,91:2578,92:2627,93:2473,94:2635,95:3290,96:2551,97:2415,98:2577,99:2550,100:3177,101:3122,102:2418,103:2424,104:2539,105:2438,106:3041,107:2451,108:2418,109:2534,110:2499,111:2494,112:2537,113:2646,114:2590,115:2484,116:2492,117:2599,118:2385,119:2388,120:2459,121:2500,122:2559,123:2412,124:2639,125:3124,126:2382,127:2603,128:2531,129:2492,130:2533,131:2394,132:2634,133:2475,134:2518,135:3238,136:2432,137:2522,138:2381,139:2543,140:2641,141:2395,142:2487,143:2492,144:2405,145:2406,146:2533,147:2519,148:2492,149:2424,150:3144,151:2561,152:2573,153:2608,154:2426,155:2432,156:2561,157:2533,158:2591,159:2505,160:2440,161:2376,162:3030,163:2530,164:2946,165:3276,166:2457,167:2519,168:3026,169:2397,170:3133,171:3076,172:2503,173:2622,174:2374,175:2483,176:2402,177:2474,178:3269,179:2481,180:2380,181:3260,182:2451,183:2357,184:2395,185:2628,186:2352,187:3268,188:2965,189:3155,190:2469,191:2399,192:2393,193:2599,194:2393,195:2473,196:2543,197:2400,198:2496,199:2391,200:2539,201:2475,202:2634,203:2478,204:2358,205:2397,206:2596,207:2591,208:2358,209:2388,210:2417,211:2429,212:2640,213:2415,214:2957,215:2503,216:2403,217:2642,218:2644,219:2405,220:2566,221:3144,222:2525,223:2452,224:3114,225:2539,226:2357,227:2641,228:3237,229:2640,230:2622,231:2573,232:2614,233:2627,234:2532,235:2527,236:2506,237:2538,238:2599,239:2640,240:2471,241:2485,242:2366,243:2548,244:2435,245:2565,246:2469,247:2590,248:2518,249:2521,250:2433,251:2366,252:3095,253:2618,254:2476,255:2355,256:2607,257:2554,258:2535,259:2565,260:2514,261:2548,262:3045,263:2414,264:2454,265:2501,266:2987,267:2612,268:2468,269:2467,270:2499,271:2610,272:2495,273:2600,274:2641,275:2354,276:2425,277:2403,278:2453,279:2447,280:2507,281:2563,282:3008,283:2480,284:2958,285:2576,286:3281,287:2393,288:2518,289:2592,290:3212,291:2368,292:2562,293:2634,294:2421,295:2372,296:2418,297:2638,298:2645,299:2431,300:2367,301:2488,302:2477,303:2386,304:2513,305:2624,306:2589,307:2447,308:2419,309:2533,310:2469,311:2619,312:2432,313:2572,314:2599,315:2530,316:2621,317:2607,318:2490,319:2440,320:2498,321:2568,322:2607,323:2363,324:3296,325:2421,326:2550,327:3181,328:2448,329:2936,330:2639,331:2537,332:2541,333:2522,334:2384,335:2388,336:2509,337:2461,338:2538,339:2647,340:2424,341:2482,342:2443,343:2638,344:2361,345:2504,346:2464,347:3221,348:2633,349:2398,350:2435,351:2572,352:2617,353:2469,354:2639,355:2634,356:2354,357:2500,358:3264,359:2571
0:2432,1:2572,2:2499,3:2425,4:2382,5:2400,6:2447,7:2532,8:2995,9:2365,10:2998,11:2447,12:2350,13:2377,14:2350,15:2501,16:2460,17:2419,18:2440,19:2359,20:2646,21:2539,22:2376,23:3292,24:2448,25:2493,26:2350,27:2355,28:2528,29:2489,30:2397,31:2377,32:2622,33:2448,34:2350,35:3080,36:2429,37:2399,38:2397,39:2462,40:2527,41:2461,42:2449,43:2498,44:3179,45:2580,46:2525,47:2544,48:3070,49:2532,50:2387,51:3198,52:2388,53:2609,54:2637,55:2561,56:2451,57:2586,58:2499,59:2370,60:2919,61:2645,62:2430,63:2953,64:3144,65:3170,66:2454,67:2451,68:2569,69:2443,70:2538,71:2582,72:2514,73:2462,74:2567,75:2642,76:2951,77:2381,78:2975,79:2580,80:2419,81:2588,82:2618,83:2360,84:2451,85:2563,86:2484,87:2635,88:2500,89:2399,90:2645,91:2407,92:2440,93:2535,94:2421,95:3008,96:3047,97:2371,98:3105,99:2365,100:2463,101:3288,102:2477,103:2617,104:2428,105:2456,106:2466,107:2537,108:2616,109:2379,110:2493,111:2534,112:2949,113:3090,114:2642,115:2363,116:2489,117:2491,118:2451,119:2461,120:2560,121:3078,122:2480,123:3043,124:3156,125:2600,126:2437,127:2610,128:2579,129:2531,130:2595,131:3279,132:2370,133:2432,134:2921,135:2415,136:2595,137:2512,138:2404,139:2527,140:2602,141:3197,142:2377,143:2454,144:2511,145:2407,146:2359,147:2480,148:3225,149:2458,150:2480,151:3248,152:2577,153:2933,154:2396,155:2382,156:2646,157:2493,158:2631,159:2455,160:2370,161:2466,162:2482,163:2625,164:2379,165:2511,166:3192,167:2429,168:2633,169:2639,170:2551,171:2616,172:2521,173:2595,174:2503,175:2552,176:2505,177:2561,178:2456,179:2599,180:2466,181:2445,182:2434,183:2409,184:2497,185:3191,186:2486,187:2365,188:2351,189:2573,190:2392,191:2928,192:2441,193:2366,194:3272,195:2471,196:3142,197:2361,198:2541,199:3072,200:2940,201:3212,202:2486,203:3095,204:2644,205:2965,206:2647,207:2522,208:3050,209:2436,210:2417,211:2351,212:2503,213:2551,214:2539,215:2414,216:2480,217:2554,218:2559,219:2591,220:2505,221:2357,222:2646,223:2614,224:3142,225:2571,226:2970,227:2500,228:2350,229:2510,230:2609,231:2435,232:2505,233:2573,234:3183,235:2398,236:3141,237:2356,238:2407,239:2561,240:2357,241:2551,242:2490,243:2535,244:2925,245:2358,246:2373,247:2628,248:2469,249:2415,250:2467,251:2535,252:2366,253:2605,254:2476,255:2402,256:2401,257:2449,258:2426,259:2473,260:2468,261:2619,262:3250,263:2498,264:3215,265:2577,266:2487,267:2595,268:2550,269:2649,270:2399,271:3248,272:2385,273:3242,274:2372,275:2424,276:2606,277:2551,278:3279,279:3283,280:2459,281:2354,282:2511,283:2529,284:2590,285:3235,286:2428,287:2421,288:3039,289:3241,290:2583,291:2440,292:2444,293:2389,294:2377,295:2564,296:2974,297:2630,298:2571,299:3280,300:2527,301:2549,302:2552,303:2606,304:2629,305:3077,306:2456,307:3165,308:2494,309:3049,310:2504,311:2641,312:2635,313:2602,314:2452,315:2643,316:2513,317:2454,318:2612,319:2526,320:2636,321:2519,322:2600,323:2403,324:2917,325:2437,326:2509,327:3242,328:3199,329:2433,330:2458,331:2584,332:2449,333:2562,334:2597,335:2476,336:2632,337:2497,338:2619,339:2596,340:2586,341:3263,342:2353,343:2587,344:2395,345:2638,346:2552,347:2442,348:2480,349:2442,350:2427,351:2971,352:2561,353:2508,354:2547,355:2350,356:2567,357:3178,358:2404,359:2465
0:3058,1:3134,2:2516,3:2528,4:2386,5:2513,6:2640,7:2635,8:2552,9:2429,10:2423,11:2351,12:2560,13:2920,14:2567,15:2464,16:2481,17:2519,18:2557,19:2510,20:2594,21:2576,22:2514,23:2386,24:2523,25:3235,26:2378,27:2497,28:2520,29:2529,30:2591,31:2447,32:2583,33:2426,34:2432,35:2392,36:2569,37:2489,38:2361,39:2557,40:2573,41:3227,42:2489,43:3075,44:2440,45:2449,46:2573,47:2378,48:2432,49:2633,50:2554,51:2436,52:2616,53:2513,54:2454,55:2541,56:2411,57:2472,58:2372,59:2400,60:2370,61:3126,62:2597,63:2483,64:2610,65:2390,66:2489,67:2630,68:2598,69:3084,70:2492,71:2519,72:2592,73:2499,74:2644,75:2499,76:2472,77:3037,78:2572,79:2970,80:2476,81:2476,82:2509,83:2511,84:2502,85:2637,86:2587,87:2513,88:2380,89:3108,90:2512,91:2491,92:3221,93:2362,94:2449,95:2431,96:2548,97:3108,98:2618,99:2909,100:2504,101:2585,102:2554,103:3062,104:2560,105:2620,106:2415,107:2364,108:2586,109:2469,110:2389,111:2443,112:2413,113:2603,114:2366,115:2907,116:2613,117:2552,118:2578,119:2597,120:3263,121:2638,122:2647,123:2381,124:2643,125:2468,126:2430,127:2982,128:2399,129:2503,130:2416,131:2521,132:2592,133:2555,134:3279,135:3117,136:2620,137:2369,138:2590,139:2984,140:2521,141:2496,142:2582,143:2545,144:2425,145:2361,146:2534,147:2374,148:2410,149:2917,150:2408,151:2542,152:2426,153:2385,154:2364,155:3069,156:2596,157:2363,158:2562,159:3147,160:2542,161:2622,162:2426,163:2564,164:2511,165:3195,166:3053,167:2425,168:2639,169:2515,170:2384,171:2619,172:2598,173:2543,174:2533,175:2412,176:2395,177:2422,178:2543,179:2573,180:2404,181:2585,182:2480,183:2471,184:2571,185:2561,186:2587,187:2545,188:2523,189:2444,190:2395,191:2372,192:3193,193:2592,194:2467,195:2531,196:2445,197:2539,198:2920,199:2381,200:2374,201:2378,202:2605,203:2580,204:2374,205:2603,206:2550,207:2363,208:2442,209:2567,210:2516,211:2562,212:2521,213:2441,214:2390,215:2938,216:2464,217:3189,218:2627,219:2593,220:2484,221:2476,222:2970,223:2466,224:2985,225:2584,226:2434,227:2637,228:2401,229:2961,230:2448,231:2398,232:2478,233:2536,234:3092,235:2354,236:2386,237:2408,238:2527,239:2636,240:2935,241:2547,242:2525,243:2485,244:2393,245:2402,246:2483,247:2464,248:2395,249:2499,250:2419,251:2616,252:3055,253:2586,254:2554,255:2561,256:2984,257:2484,258:2568,259:3039,260:2401,261:2441,262:3242,263:2594,264:3171,265:2350,266:3198,267:2485,268:2508,269:2411,270:2381,271:2413,272:2488,273:3226,274:2375,275:2556,276:2454,277:2523,278:2479,279:2354,280:2573,281:2593,282:2356,283:2574,284:2464,285:2380,286:2615,287:3274,288:2938,289:2587,290:2425,291:2365,292:2603,293:2525,294:2417,295:2443,296:3253,297:2631,298:2643,299:2607,300:3219,301:2611,302:2553,303:3205,304:2991,305:2436,306:3079,307:2643,308:2426,309:2368,310:2490,311:2415,312:2618,313:2588,314:2422,315:2646,316:3209,317:2600,318:2600,319:2392,320:2616,321:3076,322:2392,323:2606,324:2620,325:3089,326:2522,327:2552,328:2396,329:2356,330:3269,331:2401,332:2388,333:2369,334:2561,335:2520,336:2401,337:2405,338:2417,339:2353,340:2613,341:2641,342:2648,343:2431,344:2423,345:2378,346:2467,347:2553,348:2564,349:2589,350:2385,351:2360,352:2551,353:2479,354:2430,355:2445,356:2977,357:2410,358:2510,359:2366
0:3027,1:2460,2:2442,3:2515,4:2604,5:2536,6:2453,7:3274,8:2567,9:2549,10:2439,11:2440,12:2438,13:2525,14:2432,15:2574,16:2629,17:2362,18:2620,19:2632,20:2621,21:2376,22:2554,23:2578,24:2479,25:2574,26:2623,27:3295,28:2386,29:2512,30:3100,31:3143,32:2457,33:2440,34:2480,35:2511,36:2533,37:2382,38:2629,39:2437,40:2578,41:2363,42:2488,43:2617,44:2405,45:3219,46:2928,47:2568,48:2627,49:2395,50:2570,51:2532,52:2643,53:2389,54:2624,55:2410,56:2391,57:2625,58:2582,59:2644,60:2511,61:2624,62:2430,63:2636,64:2642,65:2399,66:2468,67:2578,68:2532,69:2514,70:2402,71:2556,72:2598,73:3065,74:2552,75:2421,76:2417,77:2950,78:2442,79:2443,80:2434,81:2529,82:2647,83:2426,84:2622,85:2483,86:2572,87:2567,88:3112,89:2486,90:2462,91:2577,92:2523,93:2440,94:2365,95:2390,96:2619,97:2586,98:3294,99:2377,100:2571,101:2439,102:2419,103:2462,104:2536,105:3286,106:2527,107:3121,108:2486,109:2982,110:2391,111:2963,112:2578,113:2441,114:2477,115:2628,116:2611,117:2389,118:2472,119:2489,120:3240,121:2647,122:3068,123:2624,124:2591,125:2602,126:2536,127:2466,128:2396,129:2482,130:2643,131:2472,132:3091,133:2495,134:2543,135:2405,136:2463,137:2487,138:2445,139:2554,140:3060,141:2439,142:2416,143:2426,144:2631,145:2555,146:2391,147:2441,148:2372,149:2587,150:2497,151:2496,152:3016,153:2617,154:3086,155:2480,156:3027,157:2388,158:3143,159:2570,160:2463,161:2926,162:2391,163:2628,164:2630,165:2383,166:2646,167:2486,168:2580,169:2631,170:2487,171:2609,172:2509,173:2427,174:2612,175:2618,176:2377,177:2632,178:2357,179:2523,180:2569,181:2429,182:2647,183:2579,184:2633,185:2425,186:2593,187:3005,188:2375,189:2352,190:2487,191:2477,192:2483,193:2500,194:2471,195:2354,196:2580,197:2455,198:2544,199:2533,200:2589,201:2454,202:2536,203:2438,204:2429,205:2648,206:2359,207:2398,208:2648,209:2439,210:2477,211:2365,212:2508,213:2520,214:3153,215:2483,216:2550,217:2512,218:2491,219:2512,220:2498,221:2976,222:2478,223:2375,224:2612,225:2619,226:3294,227:2613,228:2422,229:2381,230:2405,231:2633,232:2569,233:2395,234:2551,235:2544,236:2531,237:2418,238:2410,239:2493,240:2468,241:2641,242:2413,243:2372,244:2413,245:2457,246:3184,247:2490,248:2613,249:2370,250:2459,251:3193,252:2610,253:2367,254:3004,255:2510,256:2589,257:2476,258:2616,259:2491,260:2497,261:2614,262:2522,263:2425,264:2603,265:2519,266:2450,267:2511,268:2390,269:2489,270:3123,271:2508,272:2496,273:2992,274:3167,275:2486,276:2417,277:2622,278:2377,279:2449,280:2473,281:2614,282:2404,283:2550,284:2390,285:2923,286:2454,287:2485,288:3292,289:3006,290:2570,291:2562,292:2459,293:2356,294:2388,295:2591,296:2585,297:2395,298:2519,299:2611,300:2634,301:2429,302:3145,303:2468,304:2645,305:3011,306:2448,307:2494,308:3087,309:2637,310:3046,311:2479,312:2531,313:2560,314:2936,315:3140,316:2414,317:2354,318:2615,319:2504,320:2519,321:2929,322:3261,323:3046,324:3247,325:2540,326:2563,327:2560,328:2584,329:2621,330:2375,331:2619,332:2635,333:3198,334:2425,335:2350,336:3065,337:2637,338:2367,339:2605,340:2418,341:2417,342:2530,343:3003,344:2391,345:2519,346:2916,347:2537,348:2601,349:3235,350:2488,351:2644,352:3274,353:2502,354:2482,355:2512,356:2645,357:2479,358:2493,359:3097
0:2536,1:2404,2:2446,3:2484,4:2569,5:2564,6:2569,7:3170,8:3237,9:3007,10:2478,11:3255,12:2596,13:2978,14:2557,15:2610,16:2440,17:2940,18:2393,19:2393,20:2421,21:2490,22:2577,23:2561,24:2415,25:2438,26:2599,27:3206,28:2589,29:2567,30:2568,31:2627,32:2584,33:2637,34:2636,35:2597,36:2978,37:2593,38:2367,39:2406,40:2476,41:2437,42:2491,43:2625,44:2496,45:2351,46:2641,47:2437,48:2381,49:2601,50:2550,51:2553,52:2383,53:3018,54:2543,55:2399,56:2479,57:2431,58:2579,59:2436,60:2360,61:2556,62:2372,63:2403,64:2407,65:2564,66:2422,67:2513,68:2447,69:2413,70:2438,71:2373,72:2455,73:2497,74:2505,75:2598,76:2927,77:2376,78:2590,79:2988,80:2619,81:2600,82:3249,83:3227,84:2488,85:2483,86:2440,87:2469,88:2401,89:2605,90:2481,91:2601,92:2470,93:2566,94:2357,95:2601,96:2497,97:2392,98:2509,99:2496,100:2532,101:2594,102:2402,103:2946,104:2527,105:2641,106:2419,107:2627,108:2937,109:3164,110:2396,111:3236,112:2380,113:2364,114:2585,115:2601,116:2351,117:2508,118:2639,119:2566,120:2459,121:2976,122:2916,123:2999,124:2390,125:3144,126:2429,127:2640,128:2373,129:2956,130:2403,131:2578,132:3128,133:2538,134:2558,135:2468,136:2439,137:2606,138:2619,139:2636,140:2478,141:2484,142:2624,143:2511,144:2364,145:2600,146:2632,147:2392,148:2617,149:2994,150:2591,151:2587,152:2595,153:2617,154:2626,155:2361,156:2638,157:2510,158:2532,159:2501,160:2548,161:2425,162:2562,163:2612,164:2495,165:2548,166:2526,167:2642,168:3286,169:2571,170:3075,171:3207,172:2583,173:2559,174:2638,175:2584,176:2582,177:3167,178:2387,179:2368,180:2606,181:2546,182:2606,183:2434,184:2913,185:2384,186:2427,187:2941,188:2622,189:2637,190:2469,191:2584,192:3249,193:2455,194:2375,195:2523,196:2388,197:2473,198:2927,199:2414,200:2517,201:2506,202:3198,203:3019,204:2479,205:2644,206:2560,207:2567,208:2441,209:2577,210:2591,211:2454,212:2582,213:2432,214:3152,215:2457,216:2954,217:2513,218:2504,219:2411,220:2905,221:2450,222:2606,223:2402,224:2612,225:2475,226:2392,227:3245,228:2554,229:2393,230:2590,231:2503,232:2621,233:3154,234:2402,235:2452,236:2966,237:2535,238:2429,239:2591,240:2442,241:2595,242:2611,243:2498,244:2403,245:2919,246:2559,247:2910,248:2503,249:3071,250:2645,251:2454,252:2437,253:2615,254:2626,255:2604,256:2613,257:2529,258:2556,259:2556,260:2934,261:2602,262:2449,263:2579,264:2581,265:2611,266:2598,267:2383,268:2480,269:2421,270:2454,271:2355,272:2465,273:2518,274:2559,275:3023,276:2400,277:2451,278:2457,279:2429,280:2441,281:2953,282:3253,283:3172,284:2499,285:2431,286:2393,287:2462,288:2577,289:2633,290:2565,291:2576,292:2359,293:2625,294:2509,295:2407,296:2391,297:2608,298:3166,299:2403,300:2483,301:2386,302:2478,303:2364,304:2410,305:2379,306:3157,307:2493,308:2584,309:2434,310:2539,311:3220,312:2351,313:2569,314:2456,315:2386,316:2420,317:2633,318:2433,319:3154,320:2441,321:2621,322:2587,323:2433,324:3068,325:2635,326:2605,327:2455,328:2568,329:3290,330:3217,331:2351,332:2414,333:2592,334:2453,335:2589,336:2480,337:2972,338:2578,339:2457,340:2498,341:2451,342:2503,343:2549,344:2604,345:3080,346:2426,347:2536,348:2565,349:2916,350:2613,351:2556,352:2419,353:2417,354:2433,355:2535,356:2358,357:2531,358:2588,359:2646
0:2522,1:2406,2:2441,3:2382,4:2380,5:2383,6:2521,7:2906,8:2986,9:2622,10:3186,11:2372,12:2362,13:2603,14:2484,15:3115,16:2601,17:2444,18:2624,19:2453,20:2513,21:3239,22:2572,23:2468,24:2507,25:3129,26:2375,27:2567,28:3079,29:2566,30:2633,31:2516,32:2616,33:2535,34:2619,35:2573,36:2459,37:2644,38:2539,39:2560,40:2461,41:2517,42:2351,43:2458,44:2487,45:2429,46:2421,47:2376,48:2613,49:2389,50:2907,51:2447,52:2394,53:2363,54:2642,55:2635,56:2409,57:2550,58:2629,59:2501,60:2472,61:3196,62:2403,63:2625,64:2441,65:2457,66:2518,67:2417,68:2402,69:2631,70:2975,71:2364,72:2423,73:2613,74:2437,75:2575,76:2614,77:2367,78:2634,79:2407,80:2608,81:2624,82:3076,83:2356,84:2492,85:2494,86:2460,87:2448,88:2517,89:2502,90:2943,91:2649,92:2483,93:2443,94:2522,95:2418,96:2630,97:2599,98:3119,99:2440,100:2531,101:2499,102:3073,103:2553,104:2618,105:2612,106:2560,107:2607,108:2918,109:2577,110:2582,111:2562,112:2480,113:2375,114:2524,115:2417,116:2619,117:2553,118:2549,119:2389,120:2553,121:2594,122:2594,123:2482,124:2521,125:2583,126:2575,127:3165,128:2415,129:2460,130:2596,131:2462,132:2404,133:2496,134:2618,135:2373,136:3170,137:2621,138:2608,139:2586,140:2505,141:2432,142:2633,143:2588,144:3271,145:2379,146:2392,147:3089,148:2576,149:3051,150:2591,151:2388,152:3063,153:2388,154:3063,155:2629,156:2478,157:2918,158:2410,159:3128,160:2350,161:2377,162:2568,163:2641,164:3260,165:2370,166:2605,167:3099,168:2496,169:3026,170:2572,171:3166,172:2613,173:3002,174:2958,175:2471,176:2351,177:2455,178:2616,179:2613,180:2377,181:2601,182:2525,183:3124,184:2389,185:2404,186:2351,187:2394,188:2502,189:2552,190:2484,191:2395,192:2495,193:2581,194:2363,195:2646,196:3183,197:2408,198:2521,199:3224,200:2434,201:2442,202:2505,203:2420,204:2409,205:2409,206:2642,207:2437,208:2617,209:2369,210:2352,211:3154,212:2550,213:2507,214:2483,215:2470,216:2408,217:3257,218:2648,219:2367,220:2582,221:2517,222:2532,223:3122,224:2457,225:2470,226:2463,227:2648,228:3105,229:2517,230:2426,231:2549,232:3224,233:2472,234:2443,235:2646,236:2464,237:2504,238:2423,239:2382,240:2503,241:2529,242:2499,243:2626,244:2548,245:2402,246:2478,247:2384,248:2530,249:2530,250:2626,251:2400,252:2569,253:2628,254:2446,255:2559,256:2609,257:2464,258:2501,259:2513,260:2401,261:2390,262:2551,263:2990,264:3009,265:2450,266:2362,267:2587,268:2389,269:2598,270:2407,271:2617,272:2458,273:2462,274:2549,275:2415,276:2615,277:2624,278:2376,279:2463,280:2435,281:2589,282:3091,283:2359,284:2480,285:2563,286:2948,287:2440,288:2488,289:2395,290:2517,291:2478,292:2628,293:2928,294:2590,295:2506,296:2404,297:2569,298:2576,299:2368,300:2500,301:2603,302:2562,303:2373,304:2486,305:2623,306:2640,307:2420,308:2546,309:2574,310:2607,311:2473,312:2611,313:2530,314:2436,315:2364,316:2602,317:2935,318:3092,319:2569,320:2647,321:2561,322:2352,323:2475,324:2593,325:2498,326:2588,327:2418,328:2362,329:2431,330:2363,331:2972,332:2459,333:2575,334:2440,335:2570,336:2384,337:2624,338:2579,339:2616,340:2544,341:2403,342:3082,343:2411,344:2397,345:2640,346:2423,347:2474,348:3186,349:2490,350:2375,351:2415,352:2970,353:2546,354:2478,355:3022,356:2644,357:2526,358:2571,359:2473
0:2386,1:2402,2:2390,3:2545,4:2380,5:2938,6:2463,7:2569,8:2598,9:2362,10:2485,11:2369,12:2374,13:2619,14:2595,15:2400,16:2360,17:2559,18:3011,19:2574,20:2601,21:2498,22:2450,23:2414,24:2568,25:2648,26:2379,27:2435,28:2373,29:2581,30:2640,31:3286,32:2526,33:2448,34:2523,35:2432,36:2643,37:2389,38:2353,39:2622,40:3072,41:2548,42:2635,43:2596,44:2551,45:2638,46:2610,47:2648,48:2390,49:2498,50:2350,51:2518,52:2532,53:2515,54:2375,55:2637,56:2631,57:3083,58:3254,59:2493,60:2579,61:2400,62:2573,63:2954,64:2555,65:2478,66:2474,67:2526,68:3206,69:2601,70:2379,71:2516,72:2359,73:2528,74:2452,75:2517,76:2418,77:2466,78:2355,79:2393,80:2622,81:2453,82:2452,83:2423,84:2469,85:2522,86:2437,87:2352,88:2374,89:2637,90:2476,91:2616,92:2625,93:2443,94:2585,95:3275,96:2356,97:2556,98:3221,99:2529,100:2467,101:2610,102:2413,103:2422,104:2510,105:2577,106:2571,107:2393,108:2633,109:2645,110:2576,111:2587,112:2649,113:2629,114:2427,115:2540,116:2450,117:2598,118:2449,119:2505,120:2612,121:2460,122:3285,123:2432,124:2429,125:2368,126:2413,127:3285,128:2556,129:2526,130:2631,131:2946,132:2549,133:2378,134:2521,135:2512,136:2485,137:3002,138:2607,139:2552,140:2381,141:2384,142:2406,143:2610,144:2635,145:2604,146:2515,147:2561,148:2647,149:2387,150:2384,151:2437,152:2381,153:2440,154:2438,155:3119,156:2620,157:2540,158:2925,159:3172,160:2609,161:2583,162:2403,163:2623,164:3276,165:2489,166:2415,167:2390,168:2486,169:2409,170:2639,171:2632,172:2575,173:2416,174:2593,175:2373,176:3254,177:2643,178:2368,179:2485,180:2611,181:2355,182:2416,183:3260,184:2353,185:2606,186:2564,187:3277,188:2483,189:2547,190:2488,191:2417,192:2418,193:2936,194:2580,195:2395,196:3200,197:2578,198:2407,199:2556,200:2616,201:3009,202:2642,203:2980,204:2637,205:2546,206:3112,207:2576,208:2467,209:2586,210:2573,211:2615,212:2439,213:2617,214:2399,215:2993,216:2438,217:2936,218:2489,219:2392,220:2371,221:2559,222:2493,223:2410,224:2458,225:2518,226:2432,227:2385,228:2568,229:2446,230:2369,231:2622,232:2484,233:2399,234:2363,235:2430,236:2480,237:2526,238:2968,239:2426,240:2576,241:2561,242:3009,243:2592,244:2497,245:2989,246:2418,247:2384,248:2927,249:2434,250:2395,251:2534,252:2614,253:2494,254:2391,255:2359,256:2365,257:3127,258:2570,259:2437,260:2378,261:2430,262:2560,263:2569,264:2456,265:2523,266:2484,267:2479,268:2558,269:2560,270:2467,271:2416,272:2578,273:2606,274:2435,275:2363,276:2378,277:2372,278:2908,279:2354,280:3245,281:2519,282:2563,283:2574,284:2587,285:2540,286:2431,287:2579,288:2484,289:2387,290:2457,291:3146,292:2475,293:2474,294:2588,295:2510,296:2605,297:2549,298:2976,299:2582,300:2517,301:2436,302:2408,303:2576,304:2900,305:3262,306:2596,307:2382,308:2555,309:2380,310:2522,311:2561,312:2510,313:3293,314:2481,315:2598,316:2436,317:3073,318:2607,319:2582,320:2599,321:2379,322:2647,323:2569,324:2991,325:3244,326:2538,327:2442,328:3005,329:2461,330:2556,331:2602,332:2503,333:2625,334:2466,335:2470,336:3059,337:2623,338:2505,339:2454,340:2622,341:2412,342:2598,343:2631,344:2518,345:2370,346:2550,347:2513,348:2645,349:2394,350:2578,351:2482,352:2387,353:2565,354:2546,355:2510,356:2628,357:2504,358:2628,359:2468
0:3107,1:2404,2:2576,3:2561,4:2449,5:2577,6:2458,7:2399,8:2618,9:2612,10:2617,11:3138,12:2514,13:2528,14:2556,15:2629,16:2365,17:2399,18:2386,19:2488,20:2557,21:2635,22:2458,23:2613,24:2501,25:2542,26:2596,27:2613,28:2954,29:2491,30:2629,31:2359,32:2417,33:2586,34:2572,35:2560,36:2387,37:2412,38:2532,39:2610,40:2482,41:2522,42:2394,43:2534,44:2462,45:2544,46:2473,47:2620,48:2522,49:2597,50:2534,51:2435,52:2456,53:2999,54:2442,55:3047,56:2361,57:2626,58:2596,59:2498,60:3184,61:2596,62:2586,63:2510,64:2572,65:2351,66:2363,67:2606,68:2365,69:2946,70:2496,71:2578,72:2429,73:2382,74:2603,75:2488,76:2422,77:2566,78:2568,79:2466,80:2370,81:2427,82:2516,83:2434,84:2550,85:2572,86:2613,87:2384,88:2615,89:2538,90:3074,91:2572,92:2459,93:2467,94:2521,95:2571,96:2538,97:2621,98:2901,99:2499,100:2510,101:2511,102:2505,103:2510,104:2449,105:2488,106:2528,107:3273,108:2469,109:2569,110:2495,111:2591,112:2373,113:2495,114:2570,115:2432,116:2622,117:2465,118:2905,119:2394,120:2902,121:2569,122:2366,123:2583,124:2397,125:2460,126:2482,127:2457,128:2636,129:2546,130:2408,131:2421,132:2641,133:2541,134:3239,135:2632,136:2502,137:2541,138:3214,139:2557,140:2389,141:2621,142:2528,143:2443,144:2625,145:2596,146:2397,147:2507,148:2623,149:2643,150:2642,151:3080,152:2497,153:2467,154:2384,155:2498,156:2420,157:2520,158:3217,159:2477,160:2592,161:2551,162:2519,163:2434,164:2415,165:2477,166:2368,167:2561,168:2537,169:2425,170:2418,171:2404,172:2618,173:2422,174:2467,175:2630,176:3073,177:2437,178:2514,179:3199,180:2572,181:2479,182:2628,183:2524,184:2495,185:2561,186:2466,187:2616,188:3186,189:2587,190:2463,191:2576,192:2636,193:2486,194:2458,195:2551,196:2411,197:2554,198:3231,199:2526,200:2351,201:2496,202:2576,203:3235,204:2980,205:3239,206:3068,207:2439,208:2604,209:3286,210:2518,211:2437,212:2378,213:2491,214:2410,215:2397,216:2439,217:2446,218:2554,219:2446,220:2501,221:2506,222:3237,223:3190,224:3250,225:2574,226:2548,227:2533,228:2413,229:3180,230:2425,231:2633,232:2596,233:2635,234:3174,235:2610,236:2381,237:2568,238:3116,239:3239,240:2379,241:2365,242:2649,243:2459,244:2598,245:2453,246:2557,247:2469,248:2550,249:2468,250:2358,251:2529,252:2539,253:2429,254:2416,255:2524,256:2638,257:2630,258:2440,259:2603,260:2462,261:2404,262:2561,263:2928,264:3280,265:2496,266:2573,267:2597,268:2988,269:2548,270:2507,271:2614,272:2554,273:2385,274:2472,275:2644,276:2622,277:3210,278:2504,279:2582,280:2352,281:2596,282:2427,283:2388,284:2645,285:3111,286:2538,287:3194,288:2621,289:3275,290:2607,291:2390,292:2568,293:2568,294:2373,295:2554,296:2553,297:2577,298:2505,299:2644,300:2594,301:2921,302:2488,303:2527,304:2573,305:2620,306:2448,307:2496,308:2391,309:2647,310:2601,311:2493,312:2639,313:2469,314:2623,315:2641,316:2492,317:2531,318:2522,319:2599,320:2601,321:2644,322:3153,323:3079,324:2911,325:2397,326:2383,327:2596,328:2436,329:2649,330:2487,331:2472,332:2426,333:2574,334:2352,335:2448,336:2914,337:2397,338:2460,339:2563,340:3185,341:2632,342:3218,343:2510,344:2548,345:2521,346:2622,347:2455,348:2502,349:2480,350:2981,351:2480,352:3092,353:2475,354:2470,355:2582,356:2624,357:3178,358:2629,359:2507
0:2528,1:2547,2:2496,3:2504,4:2487,5:2916,6:2470,7:2590,8:2357,9:2376,10:2481,11:2901,12:2495,13:2572,14:2647,15:2479,16:2444,17:2598,18:2551,19:2450,20:2436,21:2414,22:2560,23:2525,24:2447,25:2640,26:2356,27:2491,28:2541,29:2498,30:2383,31:2373,32:2442,33:2459,34:2607,35:2615,36:3247,37:2407,38:2626,39:2567,40:2465,41:2395,42:2602,43:2512,44:2596,45:2461,46:3200,47:2437,48:2388,49:3290,50:2492,51:2489,52:2575,53:2544,54:2390,55:2362,56:2554,57:2562,58:3205,59:2951,60:2470,61:2455,62:2588,63:2649,64:2605,65:2547,66:2401,67:2365,68:2425,69:2482,70:2470,71:2470,72:2399,73:2364,74:3018,75:2444,76:2580,77:2408,78:2399,79:2648,80:3231,81:3216,82:2391,83:2422,84:2518,85:2426,86:2563,87:2612,88:3058,89:2565,90:2532,91:3267,92:2473,93:2619,94:2624,95:2371,96:2474,97:2633,98:3007,99:2503,100:2424,101:3036,102:2378,103:2353,104:2587,105:2389,106:2964,107:3083,108:2511,109:2461,110:2630,111:3232,112:3219,113:2387,114:2528,115:2457,116:2355,117:2484,118:2453,119:2630,120:2638,121:2444,122:2428,123:2612,124:2518,125:2450,126:2439,127:2389,128:2501,129:3221,130:2954,131:2587,132:2374,133:2472,134:2351,135:2474,136:3050,137:2982,138:3060,139:2579,140:2634,141:2497,142:2552,143:2589,144:2566,145:2481,146:2449,147:2414,148:2645,149:2491,150:2620,151:2361,152:2372,153:2606,154:2370,155:3083,156:2428,157:2595,158:2555,159:2473,160:2383,161:2380,162:2500,163:2566,164:3122,165:2363,166:2604,167:2618,168:2408,169:2514,170:2630,171:2464,172:2423,173:3256,174:3116,175:2459,176:2425,177:2360,178:2544,179:3152,180:2474,181:2621,182:2538,183:3299,184:2463,185:2406,186:2560,187:2517,188:2558,189:2387,190:2549,191:2439,192:2573,193:2469,194:2614,195:2580,196:2587,197:2376,198:2354,199:2500,200:3201,201:2514,202:2544,203:2468,204:2496,205:2632,206:2536,207:2507,208:2381,209:2430,210:2476,211:2498,212:2553,213:2366,214:2521,215:2440,216:2617,217:2357,218:2452,219:2532,220:2645,221:3201,222:2418,223:3151,224:2628,225:2494,226:2624,227:2438,228:2486,229:2467,230:2396,231:2488,232:2488,233:2622,234:2448,235:2553,236:2400,237:2988,238:2458,239:2350,240:2648,241:2534,242:2544,243:2604,244:2998,245:3004,246:2628,247:3202,248:2556,249:2608,250:2573,251:3250,252:2378,253:2481,254:2366,255:2600,256:2645,257:2440,258:2575,259:2459,260:2505,261:2534,262:3278,263:2447,264:2502,265:2509,266:2442,267:2627,268:2511,269:2559,270:2366,271:2906,272:2452,273:2623,274:2565,275:3229,276:2362,277:2475,278:2938,279:2417,280:2424,281:2549,282:3061,283:2523,284:2420,285:2993,286:2581,287:2449,288:2454,289:2431,290:2374,291:2551,292:2537,293:2447,294:2400,295:2412,296:2364,297:3127,298:2596,299:2352,300:2576,301:2617,302:2531,303:2486,304:2563,305:2425,306:2404,307:2526,308:2559,309:2613,310:2639,311:2353,312:2386,313:2501,314:2376,315:2483,316:3150,317:2527,318:2598,319:2404,320:2412,321:2389,322:2526,323:2484,324:2591,325:3213,326:2635,327:2467,328:2604,329:3214,330:2593,331:2555,332:2442,333:2609,334:2358,335:2499,336:2354,337:2389,338:2442,339:2516,340:2467,341:2599,342:2401,343:2598,344:2556,345:2611,346:2618,347:2532,348:2471,349:2598,350:3063,351:2419,352:2533,353:2354,354:2445,355:2446,356:2463,357:2602,358:2612,359:2362
0:2583,1:2466,2:2418,3:2605,4:3034,5:2923,6:2458,7:2624,8:2584,9:2405,10:2636,11:2534,12:2506,13:2502,14:2446,15:2385,16:2466,17:2577,18:3265,19:2535,20:2397,21:2519,22:2440,23:3060,24:2499,25:2516,26:2405,27:2502,28:2523,29:2639,30:2983,31:2402,32:2486,33:2598,34:2568,35:2531,36:2634,37:2433,38:2552,39:2910,40:2580,41:2638,42:2613,43:2631,44:2385,45:2556,46:2482,47:2510,48:2604,49:2384,50:2454,51:2636,52:2383,53:2451,54:2633,55:2427,56:2639,57:2598,58:2395,59:3236,60:2387,61:2538,62:2432,63:3185,64:2386,65:2385,66:3167,67:2591,68:2499,69:2463,70:3213,71:2459,72:2423,73:2467,74:2366,75:2615,76:2455,77:2404,78:2578,79:3283,80:2390,81:2353,82:2906,83:2497,84:3094,85:2455,86:2574,87:2365,88:2566,89:2516,90:2505,91:3172,92:2986,93:2367,94:2395,95:2465,96:2455,97:2472,98:3027,99:2371,100:2586,101:2970,102:3151,103:2502,104:2360,105:2374,106:2460,107:2395,108:3012,109:2602,110:2354,111:2467,112:2532,113:3141,114:2399,115:2559,116:2603,117:2640,118:2555,119:2629,120:2401,121:2404,122:2648,123:2560,124:3199,125:2357,126:2626,127:2607,128:2523,129:2562,130:2412,131:2525,132:2578,133:2383,134:2368,135:2373,136:2553,137:2450,138:2550,139:2405,140:2571,141:2411,142:3252,143:2371,144:2638,145:3169,146:2437,147:2453,148:2634,149:2445,150:2502,151:2571,152:3062,153:2359,154:2572,155:2625,156:2484,157:2561,158:2595,159:2506,160:2573,161:2554,162:3295,163:2622,164:2599,165:2567,166:2543,167:2445,168:2524,169:2419,170:2373,171:2536,172:2551,173:2613,174:2548,175:2547,176:2527,177:2434,178:3245,179:2353,180:2557,181:2514,182:2360,183:2449,184:2559,185:2425,186:2520,187:2518,188:2384,189:2485,190:2572,191:3234,192:2474,193:2360,194:2564,195:2471,196:2572,197:2540,198:2507,199:2393,200:2642,201:2404,202:2361,203:2457,204:3218,205:2540,206:2547,207:2362,208:2487,209:2637,210:2609,211:2639,212:2644,213:2539,214:2963,215:2467,216:2360,217:2515,218:3114,219:2557,220:2610,221:2593,222:2416,223:2561,224:2515,225:2449,226:2991,227:3277,228:2624,229:2576,230:2567,231:2459,232:2409,233:2407,234:2564,235:2425,236:2618,237:2648,238:2640,239:2431,240:2408,241:2596,242:2604,243:2414,244:3270,245:2376,246:2581,247:2474,248:2409,249:2366,250:2351,251:2378,252:2469,253:2570,254:2528,255:2635,256:2443,257:2633,258:2469,259:2553,260:2465,261:2432,262:2363,263:2405,264:2417,265:2506,266:2366,267:3051,268:2380,269:2613,270:2494,271:2629,272:2484,273:2649,274:2377,275:3236,276:2589,277:2468,278:2466,279:2611,280:3105,281:2515,282:3069,283:2932,284:2381,285:2446,286:2501,287:2514,288:2469,289:2420,290:2637,291:3046,292:2519,293:2594,294:2937,295:2454,296:2642,297:2476,298:2573,299:2569,300:2631,301:2430,302:3012,303:3180,304:2414,305:2585,306:2614,307:2622,308:2418,309:2525,310:2396,311:3054,312:2401,313:2500,314:2560,315:2616,316:2446,317:2631,318:2433,319:3037,320:2585,321:2400,322:2468,323:2526,324:2597,325:2477,326:2398,327:3068,328:2609,329:2610,330:2447,331:2530,332:2475,333:2631,334:3125,335:2529,336:2418,337:2586,338:2616,339:2376,340:2522,341:2913,342:2483,343:2597,344:2532,345:2446,346:2522,347:2583,348:2357,349:2361,350:2590,351:2592,352:2483,353:2941,354:2526,355:2406,356:3207,357:2387,358:3191,359:3043
0:2535,1:2358,2:2599,3:2477,4:2495,5:3257,6:2488,7:2623,8:2607,9:2625,10:2485,11:2415,12:3119,13:2557,14:3061,15:2628,16:2567,17:2505,18:2515,19:2518,20:2397,21:2378,22:3250,23:2624,24:2545,25:2395,26:3064,27:2418,28:2411,29:2609,30:2471,31:2599,32:2569,33:2645,34:2461,35:2447,36:2452,37:2594,38:2633,39:2566,40:2584,41:2465,42:3227,43:2529,44:2460,45:2440,46:2570,47:2576,48:2364,49:2379,50:2646,51:2579,52:2637,53:2490,54:2635,55:2601,56:2647,57:2365,58:2427,59:2569,60:2523,61:2490,62:2644,63:2611,64:2479,65:2481,66:2510,67:2961,68:3021,69:2641,70:2568,71:2533,72:2470,73:2995,74:2437,75:2415,76:2498,77:3040,78:2373,79:2447,80:2619,81:2641,82:2546,83:2607,84:2635,85:2606,86:2479,87:2532,88:2554,89:2476,90:3144,91:2426,92:2419,93:2565,94:2622,95:2356,96:2575,97:2479,98:2930,99:2561,100:2484,101:2362,102:2638,103:3254,104:2485,105:2353,106:2640,107:2518,108:2424,109:2455,110:2452,111:2538,112:2599,113:2569,114:2471,115:2942,116:2547,117:2540,118:2421,119:2409,120:2584,121:2610,122:2464,123:2590,124:2474,125:2384,126:2640,127:2621,128:2374,129:2455,130:2364,131:2460,132:2563,133:2588,134:2379,135:3261,136:2618,137:2596,138:2572,139:2478,140:2908,141:2351,142:2620,143:3076,144:3058,145:2595,146:2432,147:2439,148:2567,149:2424,150:2634,151:3066,152:2538,153:3257,154:2423,155:2406,156:2556,157:2633,158:2441,159:3105,160:2628,161:2615,162:2575,163:2397,164:2358,165:2541,166:2389,167:2460,168:2369,169:2458,170:2388,171:2356,172:2476,173:2978,174:2959,175:2473,176:2425,177:2565,178:2426,179:2494,180:2430,181:2422,182:2456,183:2624,184:2577,185:2588,186:2548,187:2563,188:2401,189:2509,190:2447,191:2640,192:2361,193:2596,194:3105,195:2442,196:2499,197:2406,198:2534,199:2424,200:2409,201:2409,202:2511,203:2377,204:2954,205:2454,206:2608,207:2595,208:3295,209:2476,210:2455,211:2350,212:2939,213:2547,214:2397,215:2443,216:2589,217:2647,218:2423,219:2452,220:2588,221:2630,222:2495,223:2564,224:2956,225:2358,226:2616,227:2371,228:2446,229:2418,230:2597,231:2581,232:2356,233:2627,234:2424,235:2485,236:2514,237:2524,238:2512,239:2572,240:2565,241:3055,242:2634,243:3215,244:2385,245:2416,246:2560,247:2487,248:2607,249:2915,250:3141,251:2416,252:2567,253:2441,254:2519,255:3011,256:2640,257:2587,258:2996,259:2373,260:2957,261:3055,262:2391,263:2502,264:3046,265:2400,266:2453,267:2428,268:2557,269:2510,270:2361,271:3165,272:2586,273:3067,274:2466,275:2501,276:2610,277:2579,278:2642,279:2579,280:2610,281:2438,282:2359,283:2544,284:2538,285:2572,286:2465,287:3218,288:2446,289:2440,290:2454,291:2627,292:2455,293:2637,294:2448,295:2392,296:2616,297:2617,298:2357,299:2565,300:2468,301:2421,302:2575,303:2584,304:2527,305:2371,306:2496,307:2507,308:2452,309:2407,310:2381,311:2395,312:2391,313:2602,314:2588,315:2498,316:2470,317:2501,318:2470,319:3174,320:3254,321:2527,322:3292,323:2385,324:2511,325:2528,326:2584,327:2625,328:2624,329:2623,330:2636,331:2975,332:2532,333:2391,334:2578,335:2642,336:2554,337:2531,338:3189,339:2622,340:2372,341:2618,342:2565,343:3042,344:2934,345:2570,346:2474,347:2640,348:2381,349:3158,350:3199,351:2578,352:2432,353:2353,354:2599,355:2478,356:2572,357:3183,358:2994,359:2626
0:2542,1:2529,2:2628,3:2530,4:2614,5:3126,6:2512,7:2614,8:2555,9:2538,10:2399,11:2494,12:2962,13:2506,14:2495,15:2487,16:2414,17:2582,18:3127,19:2514,20:2593,21:3143,22:2493,23:2455,24:2638,25:2448,26:2407,27:2410,28:2452,29:2371,30:2412,31:2607,32:3007,33:2485,34:2547,35:3110,36:2497,37:2515,38:2551,39:2499,40:2360,41:2629,42:2520,43:3103,44:2537,45:2494,46:2353,47:2437,48:3033,49:2440,50:2467,51:2535,52:2457,53:2481,54:3024,55:2636,56:3112,57:3286,58:2613,59:2507,60:2636,61:2409,62:3036,63:2602,64:2498,65:2485,66:2358,67:2442,68:2440,69:2568,70:2580,71:2432,72:2626,73:2525,74:2569,75:2463,76:2367,77:2613,78:2423,79:2522,80:2626,81:2407,82:2641,83:2534,84:2355,85:3254,86:2399,87:2502,88:2471,89:2569,90:2477,91:2454,92:2509,93:2541,94:2499,95:2557,96:2617,97:2454,98:2464,99:3225,100:2546,101:2380,102:2628,103:3068,104:2485,105:2481,106:3205,107:2422,108:2639,109:2395,110:2498,111:2960,112:2483,113:2643,114:2393,115:2627,116:2632,117:3195,118:2447,119:2484,120:2599,121:2539,122:2431,123:2647,124:2639,125:2511,126:2388,127:2624,128:2633,129:2622,130:2446,131:2520,132:2526,133:2567,134:2575,135:2593,136:2631,137:2504,138:3134,139:3252,140:2627,141:2628,142:2474,143:2365,144:2647,145:2498,146:2368,147:2609,148:2427,149:2458,150:2390,151:2648,152:2429,153:2612,154:2539,155:2385,156:2404,157:2423,158:2450,159:2534,160:2424,161:3064,162:2566,163:3221,164:2634,165:3208,166:2429,167:2623,168:2440,169:2572,170:2602,171:2476,172:2571,173:2601,174:2517,175:2447,176:2379,177:2360,178:2546,179:2535,180:2581,181:2639,182:2595,183:2555,184:3264,185:2625,186:2504,187:2641,188:2906,189:2489,190:2618,191:2560,192:2401,193:2552,194:2377,195:2360,196:2919,197:2391,198:2361,199:2615,200:3074,201:2582,202:2648,203:2475,204:2588,205:2626,206:2408,207:2598,208:2589,209:2409,210:2612,211:2434,212:3263,213:2631,214:2598,215:3268,216:3096,217:2447,218:2357,219:2588,220:2552,221:2613,222:2484,223:2357,224:2617,225:3003,226:2423,227:2406,228:2398,229:2370,230:2630,231:2415,232:2437,233:2584,234:2532,235:2454,236:2544,237:2370,238:2432,239:3067,240:3042,241:2587,242:2352,243:3033,244:2468,245:2548,246:2485,247:2528,248:2511,249:2486,250:2554,251:2450,252:2593,253:2509,254:2380,255:2393,256:2609,257:2636,258:2445,259:3014,260:2495,261:2478,262:2965,263:2464,264:2521,265:2526,266:2648,267:2412,268:2440,269:2576,270:2358,271:2543,272:2492,273:2490,274:3111,275:2620,276:2498,277:2460,278:3135,279:2517,280:2645,281:2613,282:2558,283:2487,284:2350,285:2560,286:3273,287:2453,288:2629,289:2574,290:2390,291:2613,292:2525,293:2645,294:2493,295:3286,296:2541,297:2387,298:2430,299:2525,300:3163,301:2369,302:2445,303:2598,304:2519,305:2555,306:2554,307:3294,308:2416,309:2550,310:2573,311:2478,312:2517,313:2484,314:2582,315:2412,316:2387,317:2378,318:2646,319:2602,320:2392,321:2536,322:2362,323:3266,324:2566,325:2380,326:2403,327:2393,328:2371,329:3209,330:2389,331:3021,332:2440,333:2424,334:2590,335:2607,336:2541,337:2624,338:3270,339:2528,340:2426,341:2632,342:2578,343:3072,344:2356,345:2514,346:2444,347:2368,348:2547,349:2550,350:2494,351:3145,352:2376,353:2563,354:2379,355:2492,356:2587,357:2400,358:2642,359:2429
0:2351,1:2429,2:2603,3:2498,4:2421,5:2623,6:2642,7:2433,8:2531,9:2434,10:2421,11:2449,12:2599,13:2644,14:2464,15:2442,16:2499,17:2483,18:2452,19:2531,20:2476,21:2420,22:3134,23:2501,24:2359,25:2363,26:2593,27:2399,28:2518,29:2568,30:2482,31:2439,32:2516,33:2558,34:2632,35:2377,36:2633,37:2449,38:3279,39:2397,40:2380,41:3147,42:2981,43:2509,44:2456,45:2630,46:2523,47:2548,48:2462,49:2415,50:2622,51:2481,52:2490,53:2627,54:2928,55:2358,56:2417,57:2363,58:2647,59:2472,60:2428,61:2505,62:3043,63:2555,64:2582,65:2619,66:2374,67:3103,68:2437,69:2522,70:2626,71:2517,72:2636,73:2488,74:2483,75:3037,76:2391,77:2559,78:2520,79:2429,80:2372,81:2423,82:2596,83:2387,84:2351,85:2500,86:2360,87:2581,88:2491,89:3271,90:2530,91:2388,92:2409,93:2362,94:2459,95:2636,96:3230,97:2557,98:2646,99:2495,100:2533,101:2524,102:2953,103:2360,104:2559,105:2595,106:2531,107:2458,108:2410,109:2641,110:2422,111:2511,112:2477,113:2368,114:2435,115:2454,116:2555,117:3064,118:2619,119:2607,120:3066,121:2569,122:2384,123:2459,124:2562,125:2550,126:2408,127:2474,128:3183,129:3077,130:2361,131:2417,132:2368,133:2366,134:2357,135:3264,136:2647,137:2536,138:2599,139:2614,140:2504,141:2958,142:2641,143:2574,144:2390,145:2496,146:2436,147:3043,148:2410,149:2642,150:2574,151:2502,152:2550,153:2620,154:2639,155:2446,156:2467,157:2436,158:2481,159:2378,160:3211,161:2616,162:2453,163:2365,164:2592,165:2453,166:2512,167:2377,168:3250,169:2647,170:2392,171:2437,172:2918,173:2367,174:2409,175:2503,176:2531,177:2589,178:3040,179:2613,180:2607,181:2551,182:2449,183:2640,184:2442,185:2472,186:2429,187:2551,188:2623,189:2465,190:2622,191:2498,192:2993,193:2428,194:2432,195:2631,196:2571,197:2472,198:2472,199:2377,200:3033,201:2365,202:2369,203:2535,204:2539,205:2555,206:2607,207:2611,208:2387,209:2640,210:2567,211:2535,212:2367,213:2417,214:3196,215:2587,216:2561,217:2420,218:2558,219:2409,220:2632,221:2470,222:2591,223:2600,224:2537,225:2353,226:2993,227:2649,228:2409,229:2514,230:2558,231:2497,232:2583,233:3084,234:3044,235:2634,236:2581,237:2362,238:2458,239:2516,240:2553,241:2561,242:2425,243:2513,244:2385,245:2412,246:2642,247:2442,248:2598,249:2513,250:2502,251:2356,252:2354,253:2431,254:2616,255:2554,256:2573,257:2351,258:2536,259:2376,260:2359,261:2575,262:2484,263:2502,264:2408,265:2545,266:2376,267:2591,268:2421,269:2615,270:2544,271:2528,272:2495,273:2475,274:2566,275:3292,276:3296,277:2402,278:2447,279:2415,280:2512,281:2538,282:2491,283:2996,284:2638,285:2463,286:2981,287:2932,288:2387,289:2431,290:3067,291:2554,292:2543,293:2360,294:2991,295:2498,296:2630,297:3203,298:2553,299:2539,300:2580,301:2413,302:2420,303:2357,304:2373,305:2538,306:2577,307:3176,308:2551,309:2567,310:2477,311:2448,312:2453,313:2464,314:2572,315:2486,316:2422,317:2532,318:2559,319:2617,320:2507,321:2489,322:2361,323:2357,324:2616,325:2431,326:2573,327:2914,328:2468,329:2637,330:2516,331:2612,332:2611,333:2924,334:2949,335:2430,336:3042,337:2584,338:2426,339:2534,340:3069,341:2494,342:3038,343:2607,344:2378,345:2578,346:2638,347:2973,348:2427,349:2495,350:2419,351:2558,352:2547,353:2378,354:2454,355:2628,356:2591,357:2570,358:2523,359:2429
0:2454,1:2518,2:2618,3:2458,4:2480,5:2413,6:2547,7:2424,8:2401,9:2387,10:2959,11:2485,12:2506,13:2459,14:2413,15:2383,16:3116,17:2458,18:2627,19:2403,20:2613,21:3169,22:2581,23:2485,24:2630,25:2582,26:2590,27:2432,28:2600,29:2418,30:2435,31:2416,32:2534,33:2581,34:2566,35:2574,36:2619,37:2550,38:2403,39:2568,40:2644,41:2420,42:2358,43:2608,44:2557,45:2599,46:2620,47:2587,48:2392,49:2566,50:2389,51:2909,52:2506,53:2509,54:2969,55:2401,56:2456,57:2575,58:2600,59:2593,60:2491,61:2540,62:2473,63:2631,64:2477,65:2477,66:3014,67:2471,68:2466,69:2556,70:2497,71:2388,72:2506,73:2500,74:2514,75:2468,76:2459,77:2601,78:2413,79:2463,80:3063,81:2502,82:2612,83:3089,84:2454,85:2593,86:2466,87:2388,88:2543,89:2357,90:2556,91:2500,92:2486,93:2391,94:2593,95:2937,96:2529,97:2489,98:2547,99:2578,100:2585,101:2412,102:2477,103:2515,104:2526,105:2566,106:2606,107:2373,108:2647,109:3058,110:2475,111:2588,112:2401,113:2477,114:2631,115:2601,116:2473,117:2564,118:2350,119:2502,120:2517,121:2973,122:2545,123:3173,124:2598,125:2643,126:2641,127:3299,128:2449,129:2639,130:2624,131:2353,132:2993,133:3150,134:2470,135:2437,136:2648,137:2548,138:2579,139:2442,140:2417,141:2369,142:2604,143:2369,144:3118,145:2429,146:2428,147:2533,148:2453,149:2408,150:2623,151:2500,152:2359,153:2970,154:2531,155:2408,156:2475,157:2560,158:2577,159:2535,160:2380,161:2403,162:2368,163:2573,164:3235,165:2436,166:2392,167:2647,168:2638,169:2577,170:2378,171:2385,172:2368,173:2529,174:3155,175:2441,176:3279,177:2549,178:2491,179:2567,180:2357,181:2639,182:2642,183:2613,184:2509,185:3141,186:2426,187:2417,188:2639,189:2564,190:2504,191:2549,192:2489,193:2592,194:2354,195:2610,196:2516,197:3083,198:2514,199:2622,200:2456,201:2980,202:2419,203:2619,204:2506,205:2621,206:2636,207:2482,208:2569,209:2463,210:2370,211:2584,212:2373,213:2604,214:2535,215:3099,216:2484,217:2547,218:2566,219:3094,220:3185,221:2385,222:3276,223:2400,224:2596,225:2440,226:2411,227:2400,228:2548,229:2451,230:2387,231:2584,232:2457,233:2623,234:2528,235:2518,236:2901,237:2363,238:2944,239:2559,240:2510,241:3053,242:2441,243:2539,244:2464,245:2585,246:3220,247:3089,248:2532,249:3225,250:2551,251:2511,252:2954,253:2640,254:2519,255:2364,256:2566,257:2427,258:2471,259:2468,260:2393,261:2445,262:2459,263:2430,264:2481,265:2603,266:2477,267:2487,268:2503,269:3147,270:2401,271:2582,272:2511,273:2374,274:2417,275:2517,276:2622,277:2997,278:2459,279:2634,280:2359,281:2637,282:2503,283:2594,284:2506,285:2584,286:2352,287:2532,288:2583,289:2488,290:2378,291:2962,292:2507,293:2614,294:2577,295:2366,296:2448,297:2467,298:2519,299:2383,300:2558,301:2483,302:3052,303:3146,304:2938,305:2455,306:2589,307:2469,308:2581,309:2390,310:2452,311:2378,312:2421,313:2401,314:2636,315:2592,316:2502,317:2371,318:2639,319:2446,320:2611,321:2554,322:2917,323:2535,324:2541,325:3208,326:2453,327:2610,328:2476,329:2396,330:2983,331:2405,332:2649,333:2611,334:2411,335:3145,336:2423,337:2616,338:2561,339:2546,340:2408,341:2416,342:2435,343:3205,344:2517,345:2646,346:2600,347:2585,348:2353,349:2486,350:3109,351:2428,352:2369,353:2530,354:2619,355:2539,356:2538,357:2635,358:2989,359:2394
0:2541,1:2624,2:2488,3:2568,4:2454,5:2505,6:2542,7:2620,8:2365,9:3214,10:2468,11:2353,12:2975,13:2474,14:2470,15:2416,16:2357,17:2581,18:2471,19:2486,20:2419,21:2408,22:2589,23:2501,24:3132,25:2507,26:2905,27:2399,28:2450,29:2486,30:2483,31:2402,32:2554,33:2394,34:2587,35:2559,36:2483,37:2558,38:3049,39:2471,40:2530,41:2548,42:2637,43:2390,44:2499,45:2401,46:2537,47:2602,48:2511,49:2358,50:3231,51:2641,52:2375,53:2647,54:2946,55:3143,56:2635,57:2622,58:2545,59:2478,60:2584,61:2418,62:2538,63:2499,64:2407,65:3072,66:2518,67:3040,68:2470,69:2583,70:2620,71:2443,72:2359,73:3048,74:2387,75:2493,76:2413,77:2481,78:2522,79:2473,80:3274,81:2523,82:2495,83:2432,84:2448,85:2470,86:2384,87:2567,88:2397,89:2546,90:2939,91:2644,92:2530,93:2445,94:3097,95:2587,96:3082,97:2992,98:2532,99:2614,100:2530,101:2419,102:2559,103:2405,104:2534,105:2388,106:2526,107:2449,108:3284,109:3200,110:2486,111:2477,112:2586,113:3180,114:2591,115:2557,116:2465,117:2576,118:2394,119:2463,120:2379,121:2639,122:2592,123:2644,124:2506,125:2350,126:3141,127:2622,128:2468,129:2562,130:2411,131:2490,132:2555,133:2612,134:2560,135:2408,136:2415,137:3250,138:3012,139:2365,140:2603,141:2562,142:2497,143:2458,144:2383,145:2506,146:2512,147:2634,148:2525,149:2403,150:2414,151:2407,152:2975,153:2593,154:3225,155:2476,156:2635,157:2360,158:3206,159:3127,160:2417,161:2522,162:2482,163:2411,164:2422,165:2470,166:2494,167:2533,168:2377,169:2426,170:2370,171:2362,172:2399,173:2624,174:3106,175:2500,176:2618,177:2521,178:2625,179:3099,180:2474,181:2435,182:2572,183:2529,184:2420,185:2478,186:2546,187:2631,188:2508,189:2597,190:3250,191:2499,192:2558,193:2496,194:2606,195:2649,196:2915,197:2442,198:2370,199:2590,200:2465,201:2391,202:2924,203:2638,204:2635,205:2411,206:2481,207:2408,208:2519,209:2372,210:2612,211:3027,212:2550,213:3121,214:2417,215:2371,216:2526,217:2437,218:2357,219:2382,220:2511,221:2455,222:2637,223:2451,224:2468,225:2565,226:2583,227:2397,228:3040,229:2542,230:2552,231:2537,232:2385,233:2555,234:2429,235:2404,236:2422,237:2350,238:2618,239:3251,240:2957,241:2486,242:3047,243:2931,244:2917,245:2502,246:2609,247:2481,248:2424,249:2512,250:3023,251:2370,252:2614,253:2619,254:2375,255:3224,256:2483,257:2553,258:2566,259:2594,260:2627,261:2488,262:2385,263:2586,264:3106,265:3152,266:2443,267:2603,268:2570,269:2483,270:2939,271:3266,272:2536,273:2527,274:2601,275:3160,276:2530,277:2628,278:2479,279:2461,280:2461,281:2588,282:2411,283:2648,284:2454,285:2372,286:2543,287:2620,288:2390,289:2626,290:2641,291:2646,292:2514,293:2446,294:3244,295:2606,296:3112,297:2486,298:2569,299:2449,300:2628,301:3056,302:2634,303:2523,304:2428,305:2405,306:2581,307:2589,308:2537,309:3010,310:2544,311:2406,312:2402,313:2589,314:2368,315:3041,316:2401,317:2526,318:2500,319:2354,320:2586,321:3051,322:2649,323:2445,324:2579,325:2525,326:2649,327:2554,328:2639,329:2540,330:2392,331:2524,332:2488,333:2624,334:2523,335:2461,336:2512,337:2482,338:2606,339:2570,340:2627,341:2550,342:2540,343:2549,344:2518,345:2571,346:2576,347:3200,348:2476,349:3065,350:2401,351:2523,352:3152,353:2638,354:2402,355:3244,356:2362,357:2578,358:3182,359:2599
0:2613,1:2540,2:3148,3:2483,4:2402,5:2573,6:2524,7:2408,8:2490,9:2403,10:2600,11:2555,12:2435,13:3172,14:3165,15:2419,16:2627,17:3169,18:2474,19:2607,20:2452,21:2632,22:2470,23:3116,24:2513,25:2628,26:3162,27:2524,28:2484,29:3293,30:2538,31:2506,32:2918,33:2528,34:2392,35:2424,36:2436,37:2504,38:2417,39:2381,40:2636,41:2640,42:2610,43:2363,44:3268,45:2451,46:2419,47:2553,48:2644,49:2532,50:2631,51:2950,52:2504,53:2498,54:3014,55:2600,56:2977,57:2596,58:2467,59:2383,60:2587,61:2466,62:2435,63:3164,64:2454,65:2931,66:3292,67:2365,68:2508,69:3246,70:2524,71:2401,72:2447,73:2637,74:2486,75:2401,76:2481,77:2353,78:2632,79:2503,80:2916,81:2568,82:3212,83:2447,84:2574,85:2577,86:3058,87:2644,88:2632,89:2377,90:2604,91:3148,92:2497,93:2510,94:3106,95:2502,96:2614,97:2479,98:2469,99:2537,100:2918,101:2501,102:2407,103:2375,104:2583,105:2472,106:2358,107:2478,108:2496,109:2524,110:2550,111:2499,112:2648,113:2450,114:2392,115:3098,116:2912,117:2433,118:2457,119:2428,120:2531,121:2591,122:2402,123:2531,124:2432,125:2398,126:3013,127:2621,128:2384,129:2927,130:2490,131:2496,132:2443,133:2570,134:2418,135:2634,136:2503,137:2400,138:2506,139:3180,140:2415,141:2408,142:2408,143:2453,144:2586,145:2447,146:2540,147:2446,148:3150,149:2514,150:3248,151:2354,152:2402,153:2551,154:2590,155:2938,156:3115,157:2601,158:2369,159:2411,160:2387,161:2617,162:2601,163:2417,164:2395,165:2583,166:2377,167:2604,168:2451,169:2613,170:2556,171:2496,172:3165,173:2644,174:2581,175:2947,176:2434,177:2355,178:2394,179:2377,180:2616,181:2558,182:2502,183:2481,184:2527,185:2607,186:2382,187:2626,188:2372,189:2394,190:2358,191:2360,192:2605,193:2532,194:2502,195:2502,196:2433,197:2642,198:2352,199:2982,200:2380,201:2561,202:2505,203:2591,204:2415,205:2564,206:3185,207:2568,208:2399,209:3219,210:2517,211:2486,212:2590,213:2543,214:2497,215:2408,216:3227,217:3287,218:2396,219:2540,220:2378,221:2966,222:3072,223:2515,224:2602,225:2594,226:2600,227:2535,228:2474,229:2500,230:2395,231:2597,232:3210,233:2439,234:2520,235:2449,236:3112,237:2366,238:2353,239:2530,240:2645,241:3166,242:2559,243:2946,244:2425,245:2541,246:2468,247:2549,248:2392,249:2615,250:2561,251:2526,252:3172,253:2357,254:3167,255:2973,256:2917,257:2564,258:2452,259:2386,260:2596,261:3244,262:2413,263:2384,264:2551,265:2490,266:2351,267:2379,268:2642,269:3188,270:2567,271:2622,272:3076,273:2625,274:2563,275:2369,276:2370,277:3219,278:2457,279:2560,280:3135,281:2496,282:2594,283:2537,284:2517,285:2465,286:2365,287:2649,288:2397,289:3047,290:2610,291:2649,292:2412,293:2957,294:3298,295:2566,296:3223,297:2527,298:2471,299:2442,300:2574,301:2396,302:2465,303:2530,304:2421,305:2522,306:2402,307:2426,308:2543,309:2625,310:2636,311:2480,312:2358,313:2461,314:2455,315:2502,316:2577,317:2428,318:2371,319:3028,320:2456,321:2385,322:2517,323:2447,324:2647,325:2589,326:2386,327:2594,328:2444,329:2639,330:2474,331:2441,332:2648,333:2627,334:2945,335:2365,336:2432,337:2590,338:2558,339:2449,340:2399,341:2541,342:2608,343:3046,344:2561,345:2604,346:2551,347:3027,348:2623,349:2408,350:2454,351:2457,352:2583,353:2552,354:2411,355:2551,356:2511,357:2609,358:2484,359:3075
0:2638,1:2621,2:2647,3:2411,4:2627,5:2465,6:3072,7:2586,8:2452,9:2583,10:2516,11:2358,12:2471,13:2523,14:2599,15:2527,16:2637,17:2350,18:2990,19:2376,20:2454,21:2599,22:2552,23:2357,24:2418,25:2598,26:2512,27:2619,28:2501,29:2360,30:2965,31:2451,32:3045,33:3253,34:2489,35:2476,36:2591,37:2356,38:3143,39:2548,40:2445,41:2561,42:2605,43:3092,44:2459,45:2647,46:2486,47:2411,48:2535,49:2557,50:2463,51:2376,52:2377,53:2385,54:2634,55:2412,56:2488,57:2447,58:2575,59:3116,60:2378,61:2603,62:2648,63:2437,64:2430,65:2563,66:2403,67:2502,68:2404,69:2923,70:2501,71:2541,72:2473,73:2452,74:2569,75:3137,76:2430,77:2629,78:2628,79:2469,80:2597,81:2600,82:3119,83:2451,84:2585,85:2474,86:2409,87:2472,88:2519,89:3137,90:2604,91:2526,92:2568,93:2472,94:2387,95:2488,96:2523,97:2355,98:2459,99:2417,100:3161,101:2391,102:2457,103:2562,104:2473,105:2635,106:2515,107:2365,108:2434,109:2442,110:2446,111:2416,112:2591,113:2553,114:2442,115:2625,116:2413,117:2476,118:2378,119:2967,120:2414,121:2648,122:2428,123:2596,124:2464,125:2617,126:2460,127:2420,128:2975,129:2423,130:2435,131:2509,132:2520,133:2626,134:2419,135:2521,136:2427,137:2360,138:2521,139:2587,140:2602,141:2519,142:2402,143:3142,144:3276,145:2586,146:2593,147:2546,148:2390,149:2583,150:2368,151:2359,152:2624,153:2478,154:2524,155:3001,156:2572,157:2366,158:2425,159:2425,160:3286,161:2618,162:2441,163:2463,164:2520,165:2351,166:2516,167:2454,168:2471,169:2467,170:2582,171:3027,172:2470,173:3014,174:2492,175:2469,176:3094,177:2647,178:2464,179:2431,180:2645,181:2361,182:3129,183:3230,184:2604,185:2436,186:2603,187:2493,188:2498,189:2631,190:2614,191:2524,192:2350,193:2994,194:2400,195:2364,196:2362,197:2388,198:2568,199:2611,200:3142,201:2632,202:2548,203:2580,204:2561,205:2593,206:2534,207:2548,208:2484,209:2934,210:2540,211:2364,212:3252,213:2415,214:2608,215:2642,216:2596,217:2571,218:2573,219:3060,220:3218,221:2553,222:2614,223:2545,224:2530,225:3167,226:2515,227:2551,228:2901,229:2454,230:3166,231:2494,232:2601,233:2630,234:2432,235:3091,236:2441,237:2414,238:2537,239:2408,240:2560,241:2563,242:2615,243:2354,244:3165,245:2374,246:2382,247:2474,248:2501,249:2513,250:2516,251:2582,252:2443,253:2598,254:2583,255:2521,256:2375,257:2975,258:2975,259:2536,260:2444,261:2359,262:2999,263:2573,264:2601,265:2587,266:2479,267:2426,268:2646,269:2574,270:2484,271:2517,272:2420,273:2605,274:2624,275:2586,276:2375,277:2608,278:2539,279:2366,280:2524,281:2629,282:3027,283:2403,284:2496,285:2563,286:2421,287:2417,288:2980,289:2512,290:2948,291:3134,292:2588,293:2488,294:3018,295:2626,296:3209,297:2586,298:2629,299:2438,300:3033,301:2522,302:2524,303:2491,304:2474,305:2640,306:2376,307:2463,308:2901,309:2441,310:2957,311:2455,312:2509,313:2521,314:2379,315:2380,316:2576,317:2452,318:2452,319:2394,320:2430,321:2579,322:2623,323:2426,324:2539,325:2574,326:2649,327:2441,328:2381,329:2471,330:2519,331:2649,332:2566,333:2462,334:2613,335:2605,336:2452,337:2433,338:2634,339:2591,340:2605,341:2520,342:3092,343:2572,344:2493,345:3045,346:2541,347:2381,348:2631,349:3206,350:2439,351:2507,352:2480,353:2591,354:2583,355:2922,356:2363,357:2420,358:2616,359:2456
0:2442,1:2372,2:2604,3:2622,4:2505,5:2386,6:2585,7:2535,8:2496,9:2452,10:2944,11:3092,12:3281,13:3036,14:3103,15:2434,16:2444,17:2632,18:2354,19:2454,20:2406,21:2390,22:2496,23:2404,24:3188,25:2530,26:3123,27:2591,28:2538,29:2437,30:2440,31:3199,32:3264,33:2499,34:2402,35:2363,36:2600,37:2503,38:2609,39:2555,40:2566,41:2461,42:2366,43:2440,44:2451,45:2915,46:3042,47:3117,48:2610,49:2515,50:2607,51:2476,52:2478,53:2950,54:2516,55:2484,56:2525,57:2459,58:2613,59:2369,60:2450,61:2953,62:2451,63:2474,64:2632,65:2631,66:2385,67:2581,68:2539,69:2386,70:2447,71:2633,72:2445,73:2535,74:3178,75:2498,76:2462,77:2637,78:2453,79:2472,80:2461,81:2481,82:3157,83:2429,84:2636,85:2587,86:2495,87:2498,88:2948,89:2400,90:2413,91:2980,92:2470,93:2480,94:2428,95:2428,96:2373,97:2460,98:2563,99:2404,100:2494,101:2424,102:3106,103:2603,104:2410,105:2991,106:2452,107:2936,108:2528,109:2415,110:2622,111:2492,112:2432,113:2574,114:2400,115:2905,116:2442,117:2392,118:2380,119:3166,120:2504,121:2417,122:2590,123:2403,124:2602,125:2644,126:2647,127:2611,128:2602,129:2515,130:2421,131:2403,132:2937,133:2482,134:2636,135:2400,136:2439,137:2441,138:2393,139:2383,140:2525,141:3278,142:2502,143:2514,144:2390,145:2409,146:3040,147:2454,148:2414,149:2418,150:2578,151:2627,152:2580,153:2394,154:2535,155:2579,156:2550,157:2590,158:2531,159:2515,160:2470,161:2523,162:2640,163:2384,164:2413,165:2627,166:3074,167:2548,168:2901,169:2573,170:2586,171:2548,172:2626,173:2447,174:2542,175:2392,176:3197,177:2422,178:2563,179:2511,180:2394,181:2457,182:2373,183:3091,184:2435,185:3096,186:3061,187:2381,188:2473,189:2412,190:2637,191:2644,192:2447,193:2521,194:2900,195:2474,196:2372,197:2596,198:2585,199:2470,200:2641,201:2626,202:2538,203:2504,204:2483,205:2616,206:2363,207:2984,208:2624,209:2376,210:2953,211:2528,212:2600,213:3177,214:2452,215:2363,216:2439,217:2561,218:2959,219:2411,220:2476,221:3212,222:3220,223:2519,224:2609,225:2443,226:2400,227:2645,228:2351,229:2623,230:2567,231:2376,232:2511,233:2419,234:3293,235:2386,236:2515,237:2529,238:2530,239:3259,240:2611,241:2467,242:2942,243:2375,244:2644,245:2359,246:3281,247:2405,248:2486,249:3199,250:2417,251:2384,252:3098,253:3163,254:3198,255:2373,256:2507,257:2612,258:2614,259:2969,260:2509,261:2487,262:2507,263:2529,264:3213,265:2634,266:2465,267:2490,268:2452,269:2642,270:2381,271:2515,272:2585,273:2631,274:2457,275:2961,276:2628,277:2551,278:2395,279:2452,280:2611,281:2460,282:3000,283:2476,284:2643,285:2458,286:2387,287:3247,288:2503,289:2454,290:2546,291:2635,292:2520,293:2572,294:2565,295:2627,296:2648,297:2350,298:2436,299:2520,300:2961,301:2465,302:2428,303:2621,304:2486,305:2558,306:3240,307:2455,308:2502,309:2476,310:3122,311:2492,312:2470,313:2448,314:2597,315:2649,316:2533,317:2639,318:2463,319:2554,320:2421,321:2501,322:2442,323:2402,324:2449,325:2500,326:2511,327:2568,328:2458,329:2496,330:2639,331:2446,332:3003,333:2396,334:3050,335:2474,336:2553,337:3018,338:3298,339:2595,340:2507,341:2556,342:2613,343:2533,344:2433,345:2353,346:2589,347:2543,348:2922,349:3077,350:2483,351:2427,352:2609,353:2391,354:2552,355:2533,356:2539,357:2378,358:2408,359:3216
0:2545,1:2351,2:2634,3:3069,4:2442,5:2557,6:2624,7:2454,8:2534,9:2523,10:2373,11:2376,12:2906,13:2524,14:2398,15:2633,16:2922,17:2604,18:3258,19:2568,20:2553,21:2396,22:2465,23:2567,24:2386,25:2383,26:2922,27:2994,28:2474,29:2522,30:2499,31:2532,32:2582,33:2559,34:2604,35:2359,36:2573,37:2578,38:2626,39:2471,40:2637,41:2638,42:2627,43:3104,44:2611,45:2538,46:2401,47:2380,48:3124,49:2558,50:2624,51:2393,52:2480,53:2365,54:2580,55:2407,56:2622,57:2478,58:2448,59:2578,60:2434,61:2415,62:2427,63:2366,64:2506,65:2504,66:2445,67:2617,68:3078,69:2562,70:2475,71:2609,72:2406,73:2619,74:3026,75:2402,76:2633,77:2479,78:2474,79:2508,80:2506,81:2443,82:2574,83:2373,84:2429,85:2580,86:3185,87:2525,88:2382,89:2621,90:2396,91:2533,92:2546,93:2519,94:2390,95:2449,96:2447,97:2422,98:3246,99:2917,100:2428,101:2646,102:2515,103:2566,104:2576,105:2636,106:2519,107:2619,108:2374,109:2589,110:2489,111:3279,112:2393,113:2374,114:2464,115:2377,116:2564,117:3243,118:2450,119:2586,120:2409,121:2350,122:2588,123:2901,124:3234,125:2571,126:2494,127:2503,128:2516,129:2585,130:2479,131:2399,132:2451,133:2384,134:2632,135:2411,136:2363,137:2580,138:2400,139:2538,140:2559,141:2620,142:2445,143:2640,144:2626,145:2629,146:3181,147:2409,148:2549,149:2401,150:2610,151:2355,152:2900,153:2471,154:2901,155:2647,156:2481,157:2602,158:2987,159:3156,160:2526,161:2626,162:2555,163:2624,164:2518,165:2442,166:2515,167:2582,168:2434,169:2596,170:2542,171:3001,172:2550,173:2481,174:2475,175:2446,176:2565,177:2605,178:2550,179:2437,180:2637,181:2398,182:2566,183:2630,184:2413,185:2540,186:3058,187:2542,188:2522,189:2468,190:2472,191:2622,192:2430,193:2413,194:2645,195:2413,196:2565,197:2397,198:2564,199:2482,200:3262,201:2604,202:2517,203:2439,204:3291,205:2392,206:2488,207:2434,208:3021,209:2519,210:2448,211:2621,212:2519,213:2471,214:2568,215:2542,216:2504,217:2486,218:2586,219:2408,220:2355,221:2477,222:2372,223:2974,224:2459,225:2545,226:2460,227:2511,228:2444,229:2575,230:2364,231:2387,232:2565,233:2457,234:3076,235:2984,236:2448,237:2441,238:2355,239:2350,240:2559,241:2385,242:2492,243:2434,244:2578,245:2501,246:2537,247:2452,248:2372,249:2921,250:2603,251:2609,252:2440,253:2591,254:2625,255:3080,256:2427,257:3209,258:2643,259:2568,260:2395,261:2534,262:2507,263:2644,264:2492,265:2619,266:2527,267:2376,268:3211,269:3235,270:2440,271:2440,272:2578,273:2927,274:2595,275:3085,276:2987,277:2552,278:2419,279:2649,280:2540,281:2391,282:2453,283:2524,284:2965,285:2379,286:2432,287:2466,288:2459,289:2378,290:2390,291:2482,292:2405,293:2402,294:2475,295:2387,296:2489,297:2372,298:2416,299:2568,300:2431,301:2630,302:2353,303:2640,304:2378,305:2400,306:2385,307:2443,308:2545,309:2616,310:2357,311:2382,312:2637,313:3261,314:2460,315:2612,316:2477,317:2639,318:2604,319:2431,320:2911,321:2520,322:2375,323:2547,324:2445,325:2455,326:2401,327:2422,328:2431,329:2361,330:2536,331:2365,332:2469,333:2479,334:2540,335:2605,336:2419,337:2462,338:2441,339:2374,340:2445,341:2549,342:2459,343:2418,344:2469,345:2410,346:2635,347:2527,348:2394,349:2902,350:2405,351:2441,352:2451,353:2508,354:2382,355:2543,356:2425,357:2379,358:2531,359:2453
0:2424,1:2442,2:2407,3:2496,4:2375,5:3210,6:2645,7:2587,8:2539,9:2496,10:2354,11:3014,12:2495,13:2642,14:2621,15:2397,16:2368,17:2571,18:2562,19:2582,20:3152,21:3169,22:2448,23:2514,24:2386,25:2370,26:2543,27:2416,28:2604,29:2385,30:2443,31:2978,32:2499,33:2512,34:2604,35:2598,36:2564,37:2591,38:2565,39:2513,40:2428,41:2417,42:2487,43:2537,44:2506,45:2529,46:2378,47:2632,48:2572,49:2503,50:2387,51:2586,52:2463,53:2602,54:2504,55:2385,56:2940,57:2416,58:2545,59:2631,60:2547,61:2520,62:2642,63:2365,64:2501,65:2603,66:2576,67:2485,68:2483,69:2472,70:2980,71:2499,72:2416,73:2469,74:2370,75:2508,76:2524,77:2398,78:2633,79:2440,80:2463,81:2541,82:3265,83:2467,84:2411,85:2467,86:2620,87:2469,88:3131,89:2543,90:2383,91:2566,92:2415,93:2997,94:2496,95:2513,96:2554,97:2527,98:2630,99:2445,100:2390,101:3297,102:2543,103:2509,104:2483,105:2560,106:2614,107:2431,108:2570,109:2402,110:2587,111:2357,112:2613,113:2526,114:2391,115:2591,116:2621,117:2387,118:2515,119:2471,120:2534,121:2537,122:2355,123:2639,124:2520,125:2619,126:2455,127:2578,128:2514,129:2544,130:2414,131:2367,132:2391,133:2504,134:2448,135:2370,136:2367,137:2481,138:2475,139:2481,140:2615,141:2426,142:2449,143:3001,144:2936,145:2487,146:2458,147:2425,148:2458,149:2359,150:3117,151:2474,152:2941,153:2517,154:2506,155:2456,156:2432,157:2994,158:3048,159:2489,160:2436,161:2469,162:3046,163:2606,164:2487,165:2909,166:3243,167:2483,168:2422,169:3176,170:3286,171:2478,172:2580,173:2450,174:3186,175:2604,176:3222,177:2564,178:2545,179:2479,180:3237,181:2583,182:2978,183:2428,184:2560,185:2425,186:2632,187:3182,188:2622,189:2444,190:2445,191:2550,192:2472,193:2618,194:2358,195:2397,196:2440,197:2402,198:2428,199:3238,200:2461,201:2413,202:2385,203:2562,204:2445,205:3198,206:2625,207:2620,208:2508,209:2504,210:2482,211:2363,212:2568,213:2586,214:2431,215:2359,216:2927,217:2556,218:2411,219:2443,220:2607,221:2468,222:3179,223:2460,224:2607,225:2566,226:2372,227:2391,228:3100,229:2547,230:2647,231:2599,232:2527,233:2411,234:2596,235:2541,236:2385,237:2560,238:2418,239:2962,240:3224,241:2524,242:2473,243:2457,244:2459,245:2599,246:2479,247:2393,248:2403,249:3136,250:2376,251:2532,252:3114,253:2634,254:2622,255:3298,256:3293,257:2485,258:2596,259:2541,260:2370,261:2421,262:2564,263:2635,264:2636,265:2370,266:2536,267:2615,268:2956,269:3151,270:2377,271:2998,272:2562,273:2608,274:2579,275:2538,276:2350,277:2460,278:2405,279:2600,280:3274,281:2541,282:2568,283:2553,284:3172,285:2621,286:2468,287:2625,288:3178,289:2407,290:2575,291:2356,292:2385,293:2554,294:2366,295:2983,296:3235,297:2521,298:2578,299:2527,300:2361,301:2464,302:2572,303:2485,304:2408,305:2488,306:2637,307:2596,308:3242,309:2421,310:2609,311:2463,312:2494,313:2576,314:2488,315:2503,316:2542,317:2448,318:2392,319:3125,320:2423,321:3030,322:2556,323:2596,324:2447,325:2557,326:2598,327:2554,328:2578,329:3013,330:2413,331:3041,332:2444,333:3287,334:2585,335:3281,336:3169,337:2512,338:2444,339:2612,340:2454,341:2568,342:2410,343:2451,344:2583,345:2382,346:2547,347:2630,348:2434,349:2960,350:2467,351:2585,352:3231,353:2393,354:2410,355:2432,356:2418,357:2535,358:2428,359:2405
0:2523,1:2604,2:2532,3:2483,4:2492,5:2488,6:2378,7:2628,8:2489,9:2557,10:3255,11:2522,12:2360,13:2620,14:2370,15:2601,16:2379,17:2481,18:2435,19:2627,20:2611,21:2402,22:2534,23:2627,24:2552,25:2629,26:2489,27:2412,28:2463,29:2462,30:2425,31:2415,32:2565,33:2987,34:2503,35:2949,36:2359,37:2401,38:2519,39:2487,40:2455,41:2599,42:2510,43:2582,44:2490,45:2486,46:2619,47:2387,48:2436,49:2356,50:2406,51:2544,52:2601,53:2367,54:2525,55:2456,56:2437,57:2560,58:2608,59:2425,60:3004,61:2563,62:2491,63:2484,64:2460,65:2570,66:2557,67:2468,68:2402,69:2434,70:2396,71:2500,72:2429,73:2469,74:2490,75:2464,76:2928,77:2406,78:3237,79:2481,80:2392,81:2629,82:3002,83:2582,84:3078,85:2462,86:2589,87:2567,88:2510,89:2508,90:2533,91:2915,92:2456,93:2555,94:2432,95:3137,96:2410,97:2583,98:2360,99:2563,100:2411,101:2606,102:2647,103:2481,104:2523,105:2631,106:3073,107:2473,108:2403,109:2542,110:2990,111:3112,112:2615,113:2551,114:2556,115:2393,116:2385,117:2589,118:2453,119:2628,120:2633,121:3004,122:2599,123:2400,124:2914,125:2387,126:2381,127:2449,128:2493,129:2490,130:2419,131:2363,132:2477,133:3126,134:2486,135:2973,136:2989,137:2402,138:2394,139:2614,140:2383,141:2454,142:2634,143:2576,144:2519,145:2558,146:2587,147:2935,148:2391,149:2479,150:2537,151:2532,152:2558,153:2457,154:2381,155:2460,156:2388,157:2535,158:2433,159:2379,160:2477,161:2630,162:2514,163:2470,164:2515,165:2566,166:2537,167:2637,168:2559,169:2452,170:2527,171:2584,172:3194,173:2593,174:2362,175:2588,176:2355,177:2465,178:2489,179:2387,180:2512,181:2488,182:2619,183:2536,184:2912,185:2618,186:2558,187:2931,188:2373,189:2640,190:2540,191:2557,192:2498,193:2569,194:2620,195:2513,196:3070,197:3223,198:2436,199:2407,200:2427,201:3179,202:2443,203:2483,204:2458,205:3261,206:2594,207:2418,208:2558,209:2503,210:2369,211:2558,212:2908,213:2426,214:2397,215:2550,216:2366,217:2554,218:2515,219:2535,220:3228,221:2624,222:2609,223:2459,224:2505,225:2364,226:2409,227:2646,228:3023,229:2922,230:2412,231:2527,232:2384,233:2471,234:2365,235:2483,236:2522,237:2944,238:2366,239:2646,240:2450,241:3226,242:2369,243:2359,244:3169,245:2593,246:2598,247:2647,248:2628,249:2585,250:2481,251:2440,252:3222,253:2973,254:2489,255:2966,256:2610,257:2437,258:2606,259:2559,260:2393,261:2558,262:2496,263:2448,264:2926,265:2428,266:2596,267:2500,268:2529,269:2426,270:2530,271:2429,272:2604,273:2635,274:2408,275:3067,276:2646,277:2615,278:2419,279:2372,280:2444,281:2912,282:2638,283:2470,284:2401,285:2506,286:2388,287:2426,288:2524,289:3041,290:2599,291:2498,292:2616,293:2543,294:2549,295:2564,296:2452,297:2573,298:2467,299:2388,300:2587,301:2621,302:2442,303:3285,304:2492,305:2616,306:2527,307:2408,308:2407,309:2473,310:2555,311:2371,312:2597,313:2446,314:2541,315:2394,316:3101,317:2625,318:2965,319:2373,320:2477,321:2649,322:2571,323:2936,324:2623,325:2387,326:2486,327:2382,328:2612,329:2499,330:2560,331:2494,332:2493,333:2598,334:2641,335:3075,336:2639,337:2608,338:2449,339:2398,340:2458,341:2555,342:2533,343:2612,344:2524,345:2357,346:2977,347:2605,348:2462,349:2363,350:2635,351:2624,352:2396,353:2538,354:2437,355:2599,356:2419,357:3108,358:2917,359:2474
0:2582,1:3086,2:2492,3:2379,4:2637,5:3036,6:2456,7:2612,8:2411,9:2406,10:3247,11:2628,12:2441,13:2525,14:2430,15:2910,16:2647,17:2419,18:2616,19:2632,20:2512,21:2520,22:2558,23:2534,24:2432,25:2450,26:3294,27:2537,28:2422,29:2463,30:2455,31:2582,32:2462,33:3259,34:2417,35:2368,36:2513,37:2495,38:2642,39:2408,40:2567,41:2648,42:2434,43:2413,44:3286,45:2382,46:2601,47:2649,48:2401,49:2560,50:2444,51:2487,52:3125,53:2438,54:2408,55:2410,56:3018,57:2356,58:2556,59:2517,60:3090,61:2568,62:2441,63:2497,64:2455,65:2582,66:2566,67:2612,68:2353,69:2524,70:2509,71:2567,72:2646,73:2520,74:2624,75:2476,76:2410,77:2407,78:2571,79:2552,80:2572,81:2456,82:2631,83:2391,84:2373,85:2480,86:2461,87:2352,88:2381,89:2373,90:2382,91:2560,92:2441,93:2554,94:2505,95:2367,96:2485,97:2397,98:2646,99:2406,100:2619,101:3039,102:2484,103:2525,104:2510,105:2366,106:2464,107:3103,108:2565,109:2484,110:2578,111:2439,112:2462,113:2556,114:2571,115:2536,116:2579,117:3208,118:2498,119:2374,120:2592,121:2505,122:2422,123:2619,124:2545,125:2409,126:2646,127:2570,128:2387,129:2962,130:2585,131:2436,132:2393,133:2351,134:2388,135:2625,136:2535,137:2643,138:2483,139:2446,140:2504,141:2530,142:2603,143:2441,144:2415,145:2382,146:2448,147:3226,148:2448,149:2375,150:2621,151:2411,152:2414,153:3263,154:2442,155:2367,156:2528,157:2527,158:2561,159:2470,160:3070,161:3224,162:2583,163:3010,164:2473,165:2397,166:2447,167:2602,168:2362,169:2470,170:3149,171:2497,172:2645,173:2467,174:2608,175:2631,176:2621,177:2490,178:2540,179:2358,180:2647,181:2370,182:2496,183:2527,184:2399,185:2942,186:2466,187:2533,188:2535,189:2477,190:2484,191:2360,192:2426,193:2603,194:3203,195:2488,196:3282,197:2525,198:2623,199:2472,200:2434,201:2462,202:2621,203:2446,204:2567,205:2609,206:2484,207:2478,208:2491,209:2538,210:2647,211:2557,212:2930,213:2908,214:2531,215:2558,216:3178,217:3157,218:2436,219:2479,220:2401,221:2528,222:2553,223:2368,224:2542,225:2379,226:3095,227:2459,228:2367,229:2445,230:2385,231:2594,232:2482,233:2377,234:2543,235:3279,236:2938,237:2587,238:2448,239:2907,240:3245,241:3295,242:2366,243:2623,244:2533,245:2563,246:2353,247:2544,248:2446,249:3060,250:2420,251:2622,252:2580,253:3185,254:2553,255:2552,256:2525,257:3148,258:2383,259:2437,260:2380,261:2623,262:2546,263:2400,264:2429,265:2436,266:2489,267:2564,268:2489,269:2436,270:2910,271:2576,272:2416,273:2646,274:2463,275:2578,276:2958,277:3177,278:2632,279:2468,280:2444,281:2610,282:2905,283:2504,284:2544,285:2498,286:2460,287:2507,288:2594,289:3225,290:3153,291:2456,292:2465,293:2486,294:2636,295:2928,296:2456,297:2366,298:2616,299:2532,300:2516,301:2516,302:2445,303:2513,304:3109,305:2548,306:2426,307:3278,308:2624,309:2569,310:2434,311:2464,312:2423,313:2541,314:2517,315:3062,316:2931,317:2633,318:2615,319:2574,320:2576,321:2370,322:3289,323:2586,324:2531,325:2557,326:2456,327:2531,328:2572,329:2411,330:2969,331:2592,332:2939,333:2405,334:2605,335:2466,336:2375,337:2368,338:2371,339:2625,340:2546,341:2473,342:2615,343:2424,344:2388,345:2569,346:2627,347:2636,348:3170,349:2497,350:2507,351:3075,352:2395,353:2557,354:2426,355:2605,356:2607,357:2643,358:2532,359:2493
0:2354,1:2388,2:2476,3:2645,4:2563,5:2625,6:2613,7:2567,8:2601,9:2639,10:2531,11:2431,12:2579,13:2541,14:2405,15:2402,16:2378,17:2598,18:3044,19:3104,20:2640,21:2408,22:2547,23:2645,24:2608,25:2534,26:2410,27:2625,28:2484,29:2597,30:2634,31:2416,32:2523,33:2466,34:2503,35:3101,36:2580,37:2632,38:2530,39:2425,40:2421,41:2460,42:2493,43:2604,44:2563,45:2371,46:2417,47:2441,48:2471,49:2407,50:2539,51:2454,52:2539,53:2534,54:2488,55:2407,56:2385,57:2603,58:2398,59:2541,60:2619,61:2649,62:2587,63:3295,64:3165,65:2598,66:2586,67:3094,68:2371,69:2930,70:2629,71:3037,72:2441,73:2607,74:2500,75:2418,76:2642,77:2389,78:2572,79:2357,80:2353,81:2357,82:2380,83:2385,84:3021,85:2505,86:2525,87:2629,88:2591,89:2375,90:2638,91:2642,92:2481,93:2398,94:2540,95:2633,96:2596,97:2520,98:2539,99:2452,100:2568,101:2365,102:2558,103:2501,104:2512,105:2375,106:2498,107:2466,108:2434,109:3135,110:2626,111:2546,112:2465,113:2556,114:2589,115:2529,116:2924,117:2549,118:3001,119:2640,120:2424,121:2415,122:2431,123:2566,124:3271,125:2391,126:2435,127:2445,128:2353,129:2547,130:2402,131:2601,132:2369,133:2601,134:3025,135:2961,136:2521,137:2528,138:2554,139:2498,140:2386,141:2635,142:2428,143:2961,144:2553,145:2649,146:3024,147:3057,148:3147,149:2366,150:2633,151:2530,152:2609,153:3036,154:2505,155:2572,156:2515,157:2622,158:2545,159:2380,160:2540,161:2641,162:2393,163:2407,164:2605,165:2539,166:2648,167:2419,168:2593,169:2621,170:2565,171:2430,172:2541,173:2531,174:2646,175:2525,176:2495,177:2460,178:2451,179:2563,180:3294,181:2579,182:3037,183:2359,184:2644,185:2538,186:2462,187:2638,188:2586,189:2425,190:2988,191:2648,192:2551,193:2431,194:2477,195:2968,196:2423,197:2565,198:2538,199:2536,200:2352,201:2553,202:2509,203:2628,204:2617,205:2576,206:2623,207:2520,208:3068,209:2430,210:2477,211:2515,212:2476,213:2426,214:2463,215:2464,216:3064,217:2538,218:2389,219:2434,220:3132,221:2426,222:2579,223:2446,224:2359,225:2394,226:2569,227:2554,228:2571,229:2412,230:2547,231:2445,232:2546,233:2906,234:2533,235:2639,236:2445,237:2353,238:2482,239:2389,240:2512,241:2597,242:2393,243:2490,244:2555,245:2548,246:2390,247:2533,248:2626,249:2520,250:2535,251:2564,252:2585,253:2450,254:2620,255:2412,256:3058,257:2632,258:2368,259:2474,260:2550,261:2435,262:2365,263:2410,264:2639,265:3033,266:3086,267:3024,268:2401,269:2586,270:2470,271:2397,272:2373,273:2547,274:2391,275:2612,276:2547,277:2569,278:2451,279:2614,280:2607,281:2589,282:2511,283:2565,284:2531,285:2421,286:3088,287:2526,288:2381,289:2471,290:2533,291:2622,292:2359,293:2590,294:2958,295:2378,296:2568,297:2489,298:2514,299:3044,300:2948,301:2457,302:2642,303:2415,304:2489,305:2601,306:2565,307:2633,308:2487,309:2527,310:3295,311:2353,312:2988,313:3288,314:2478,315:2927,316:2495,317:2483,318:2428,319:2630,320:2369,321:2485,322:2494,323:2350,324:2434,325:2542,326:2513,327:3140,328:2615,329:2625,330:2426,331:2635,332:2558,333:2355,334:2477,335:2376,336:2534,337:2643,338:2460,339:2514,340:2606,341:3279,342:2467,343:2608,344:2569,345:2550,346:2413,347:2582,348:2616,349:2402,350:2573,351:3107,352:2376,353:2457,354:2612,355:2567,356:2402,357:2907,358:2575,359:2449
0:2634,1:2482,2:2404,3:3008,4:2424,5:2634,6:2557,7:2539,8:2603,9:2366,10:2529,11:2533,12:2399,13:2963,14:2591,15:2446,16:2351,17:2522,18:2543,19:2378,20:2519,21:2522,22:2444,23:2350,24:2472,25:2399,26:2505,27:2441,28:2364,29:2631,30:2362,31:2382,32:2364,33:2549,34:2606,35:2387,36:2599,37:2548,38:2469,39:2417,40:2480,41:2520,42:2389,43:2400,44:2472,45:2433,46:2626,47:2602,48:2430,49:2498,50:2430,51:3037,52:2452,53:2453,54:2552,55:2480,56:2643,57:2638,58:2408,59:2475,60:2369,61:2584,62:3169,63:2392,64:2520,65:2490,66:2605,67:2560,68:2356,69:2374,70:2949,71:2461,72:2490,73:2518,74:2482,75:3232,76:2513,77:2533,78:2600,79:2926,80:2566,81:3180,82:2537,83:2363,84:2459,85:2597,86:2400,87:2432,88:2592,89:3131,90:2580,91:2447,92:2641,93:2563,94:2539,95:2620,96:2372,97:2542,98:2633,99:2529,100:2355,101:2361,102:2578,103:2436,104:2353,105:2564,106:2556,107:2566,108:2480,109:2425,110:2592,111:2456,112:2531,113:2507,114:2481,115:2356,116:2630,117:2622,118:2634,119:2398,120:2367,121:2620,122:2903,123:2559,124:2379,125:2621,126:2623,127:2628,128:2407,129:2936,130:2453,131:2920,132:3129,133:2537,134:2583,135:2929,136:2437,137:2619,138:2350,139:2555,140:2444,141:2406,142:2386,143:2965,144:3138,145:2589,146:2506,147:2448,148:2429,149:2396,150:2406,151:2557,152:2491,153:2929,154:2476,155:2472,156:2572,157:2459,158:2441,159:3259,160:2551,161:2367,162:2553,163:2414,164:2450,165:2409,166:2512,167:2482,168:3141,169:3202,170:3164,171:2406,172:2506,173:3144,174:2611,175:2363,176:2485,177:2353,178:2457,179:2528,180:3095,181:3255,182:2359,183:2648,184:2554,185:2373,186:2632,187:2537,188:2991,189:2583,190:3004,191:2418,192:2387,193:2475,194:2423,195:2591,196:2533,197:2619,198:2605,199:3141,200:2447,201:2458,202:2613,203:2468,204:2649,205:2559,206:2465,207:2968,208:2499,209:3139,210:3085,211:3041,212:2455,213:3164,214:2378,215:2468,216:2626,217:2367,218:3281,219:2407,220:2516,221:2492,222:2475,223:2540,224:2402,225:2639,226:2590,227:3275,228:2474,229:2525,230:2469,231:2928,232:2540,233:2441,234:3297,235:3157,236:3226,237:2497,238:2593,239:2483,240:3265,241:3093,242:3052,243:2496,244:2459,245:2612,246:2641,247:2644,248:2416,249:2372,250:2973,251:3246,252:2446,253:2593,254:2407,255:3249,256:2580,257:2625,258:2464,259:3011,260:3030,261:2552,262:2562,263:2486,264:2574,265:2955,266:2580,267:3251,268:2455,269:2479,270:2488,271:2461,272:2582,273:3020,274:2390,275:2502,276:2499,277:3066,278:3024,279:2414,280:2598,281:2595,282:2530,283:2609,284:3251,285:2429,286:2559,287:2537,288:2503,289:2634,290:2464,291:2552,292:2583,293:2428,294:2369,295:2351,296:2490,297:3219,298:2611,299:2492,300:2448,301:2564,302:2484,303:2578,304:2578,305:2544,306:2497,307:3042,308:2577,309:2413,310:2487,311:2501,312:2470,313:2456,314:3000,315:2639,316:2564,317:2390,318:2609,319:2361,320:3214,321:2649,322:2515,323:2509,324:2355,325:2628,326:2462,327:2447,328:2644,329:2362,330:2627,331:2472,332:2439,333:2562,334:2356,335:2509,336:2516,337:3285,338:2505,339:2497,340:2431,341:2393,342:2645,343:2390,344:2484,345:2412,346:2369,347:3239,348:2384,349:2596,350:2414,351:2402,352:2410,353:2539,354:2442,355:2581,356:2427,357:2423,358:2637,359:2546
0:2608,1:2480,2:2503,3:2555,4:3293,5:2627,6:2533,7:2353,8:2617,9:2566,10:2542,11:2585,12:3229,13:2379,14:2382,15:2360,16:2379,17:2614,18:2534,19:2535,20:2481,21:2412,22:2357,23:2624,24:2648,25:2498,26:2562,27:2905,28:2410,29:2604,30:2471,31:2423,32:2605,33:3069,34:2394,35:3007,36:2629,37:2492,38:2592,39:2435,40:3191,41:2476,42:2364,43:2548,44:2568,45:2619,46:2471,47:3163,48:2626,49:2578,50:3139,51:2352,52:2559,53:2616,54:2463,55:2571,56:2369,57:2352,58:2510,59:3006,60:2470,61:2487,62:2428,63:2586,64:2488,65:2488,66:3073,67:2633,68:2542,69:2375,70:2578,71:2581,72:2372,73:2481,74:2402,75:2506,76:2625,77:2499,78:2518,79:2568,80:2489,81:2446,82:2566,83:2525,84:2351,85:2410,86:2602,87:2500,88:2564,89:3006,90:2363,91:2470,92:2383,93:2561,94:2525,95:2640,96:2551,97:2367,98:2916,99:2641,100:3230,101:2439,102:2526,103:2518,104:3267,105:2530,106:2435,107:2615,108:2416,109:2384,110:2546,111:2438,112:2436,113:3038,114:2634,115:2523,116:2507,117:2511,118:2507,119:3189,120:2515,121:2638,122:2457,123:2618,124:2974,125:2606,126:2396,127:2469,128:2532,129:2501,130:2422,131:2543,132:2449,133:2642,134:2585,135:3283,136:2531,137:2592,138:3112,139:2597,140:2634,141:2523,142:2616,143:2468,144:2926,145:2628,146:2488,147:3270,148:2478,149:2623,150:2564,151:2352,152:2454,153:2385,154:2472,155:2586,156:2444,157:2590,158:2573,159:2546,160:2363,161:2589,162:2401,163:2938,164:2542,165:2646,166:2593,167:2583,168:2474,169:2391,170:2554,171:2416,172:2633,173:2442,174:2401,175:2634,176:2390,177:2421,178:2387,179:2430,180:2362,181:3020,182:3130,183:2507,184:2354,185:2445,186:2608,187:2615,188:2597,189:2498,190:3020,191:2531,192:2409,193:2387,194:2380,195:2507,196:2556,197:2526,198:2451,199:2579,200:2455,201:2639,202:2619,203:3292,204:3214,205:2489,206:2491,207:3289,208:2397,209:2448,210:2456,211:2512,212:2540,213:2361,214:2639,215:2965,216:3092,217:2989,218:2361,219:2484,220:2567,221:3134,222:2534,223:2455,224:2421,225:2622,226:2407,227:2505,228:3202,229:2606,230:2587,231:2578,232:2429,233:2566,234:2432,235:2390,236:2575,237:2980,238:2494,239:2462,240:2543,241:2528,242:3158,243:2543,244:2483,245:3271,246:2529,247:2620,248:2357,249:2974,250:2485,251:2496,252:2623,253:2465,254:2944,255:2422,256:3145,257:2595,258:2441,259:2636,260:2647,261:2364,262:2603,263:2422,264:2606,265:2513,266:2562,267:2496,268:2565,269:2480,270:2436,271:2540,272:3037,273:2424,274:2622,275:2367,276:2453,277:2457,278:2515,279:2483,280:2578,281:2398,282:2356,283:2556,284:3100,285:2565,286:2415,287:2398,288:2366,289:2500,290:2482,291:2360,292:2412,293:2587,294:2474,295:2492,296:2577,297:3174,298:2361,299:2522,300:2538,301:2969,302:2473,303:2608,304:3136,305:2369,306:3010,307:2956,308:2552,309:2613,310:2534,311:2354,312:3058,313:2570,314:2445,315:2396,316:2934,317:2378,318:2352,319:2521,320:2517,321:2561,322:2604,323:2355,324:2588,325:3004,326:2638,327:2424,328:2513,329:3152,330:2400,331:3174,332:3252,333:2578,334:2556,335:2482,336:3298,337:2390,338:2469,339:2506,340:2363,341:2465,342:2633,343:2390,344:2351,345:2598,346:3036,347:2565,348:2601,349:2451,350:2587,351:2580,352:2985,353:2487,354:2553,355:2637,356:2421,357:2417,358:2375,359:2396
0:2520,1:2593,2:2567,3:2443,4:2397,5:2592,6:2445,7:2402,8:2643,9:2626,10:2402,11:2440,12:2361,13:2581,14:2535,15:2450,16:2616,17:2638,18:2595,19:2498,20:2575,21:2625,22:2593,23:2628,24:2427,25:2649,26:2411,27:2580,28:2583,29:3256,30:2635,31:2498,32:2403,33:2429,34:2507,35:2573,36:2526,37:3110,38:2444,39:2534,40:2593,41:3119,42:2537,43:2496,44:2579,45:2632,46:2372,47:2398,48:2953,49:2628,50:2573,51:2612,52:2433,53:2424,54:2483,55:2389,56:2618,57:2478,58:2919,59:2413,60:2629,61:2600,62:2459,63:2395,64:2422,65:2441,66:2386,67:2399,68:3115,69:2515,70:2625,71:2386,72:2602,73:3219,74:2564,75:2622,76:3110,77:2524,78:2629,79:3293,80:2648,81:2593,82:2489,83:2541,84:2912,85:2372,86:2442,87:2356,88:2481,89:2391,90:2363,91:2378,92:2444,93:2643,94:2375,95:2532,96:2428,97:2468,98:2545,99:2611,100:2511,101:2547,102:2538,103:2522,104:2460,105:2577,106:2416,107:2521,108:2515,109:2509,110:2383,111:3099,112:3008,113:2551,114:2404,115:2495,116:2353,117:2634,118:2378,119:2932,120:2559,121:2456,122:3096,123:2448,124:2552,125:2576,126:2962,127:2505,128:2456,129:2613,130:2638,131:2476,132:2440,133:2528,134:2377,135:2394,136:2491,137:2569,138:2410,139:2556,140:2406,141:3268,142:2400,143:2497,144:2554,145:2356,146:2368,147:2568,148:2464,149:3068,150:2596,151:2357,152:2524,153:2570,154:3222,155:2499,156:2543,157:2528,158:2386,159:2478,160:2641,161:2425,162:2357,163:2581,164:2576,165:2354,166:2444,167:2465,168:2399,169:2581,170:2357,171:2383,172:2528,173:2550,174:2620,175:2503,176:3176,177:2412,178:2622,179:2572,180:2500,181:2457,182:2533,183:2500,184:2419,185:3242,186:2360,187:2647,188:2535,189:2630,190:2391,191:2398,192:2564,193:2449,194:2616,195:2470,196:2391,197:2522,198:2476,199:2448,200:2379,201:2573,202:2442,203:2630,204:2620,205:2416,206:2530,207:2407,208:2387,209:2449,210:2534,211:2538,212:2637,213:2599,214:2467,215:2560,216:2394,217:2482,218:2566,219:2975,220:2531,221:2491,222:2414,223:2400,224:2379,225:2482,226:2358,227:2384,228:2647,229:2513,230:2548,231:2389,232:2409,233:2453,234:2543,235:2600,236:2488,237:2464,238:2642,239:2551,240:3021,241:2429,242:2624,243:2996,244:2580,245:2397,246:2944,247:2506,248:2478,249:2505,250:2411,251:2590,252:2913,253:2385,254:3089,255:2571,256:2639,257:2365,258:2997,259:2365,260:2405,261:2512,262:2472,263:2505,264:2548,265:2410,266:2640,267:2611,268:2443,269:2419,270:2642,271:2426,272:2468,273:2430,274:2429,275:2464,276:2402,277:2616,278:2603,279:2607,280:2566,281:3216,282:3147,283:2419,284:2363,285:2356,286:2982,287:3125,288:2404,289:2463,290:2605,291:2432,292:2523,293:2640,294:2544,295:2577,296:2357,297:2951,298:2474,299:2431,300:2977,301:2554,302:3114,303:2477,304:2363,305:3253,306:2357,307:2608,308:2355,309:3135,310:2625,311:2484,312:2431,313:2363,314:3146,315:2437,316:2634,317:2364,318:3006,319:2568,320:2468,321:2488,322:2550,323:2561,324:2452,325:2457,326:2625,327:2458,328:2581,329:2514,330:2561,331:2500,332:2594,333:2547,334:2409,335:2543,336:2601,337:2418,338:2579,339:2376,340:2493,341:2541,342:2522,343:2415,344:2385,345:2500,346:3094,347:3006,348:2603,349:2477,350:2362,351:2395,352:2495,353:2489,354:2600,355:2575,356:2431,357:2531,358:2384,359:2386
0:2642,1:2624,2:2430,3:2351,4:3082,5:2420,6:2588,7:2541,8:2449,9:2582,10:2371,11:2536,12:2499,13:2633,14:3230,15:2624,16:2437,17:2479,18:3094,19:2385,20:2523,21:2496,22:2617,23:2523,24:2432,25:2902,26:2531,27:3163,28:2636,29:2475,30:2939,31:2377,32:2477,33:3007,34:2588,35:2516,36:2595,37:2439,38:2609,39:2982,40:2490,41:2572,42:2534,43:2561,44:2442,45:2537,46:2622,47:2584,48:2577,49:2417,50:2368,51:3263,52:3086,53:2577,54:2401,55:3031,56:2447,57:2509,58:2608,59:2606,60:2466,61:2558,62:3045,63:2648,64:2485,65:2514,66:2491,67:3082,68:3161,69:2919,70:2580,71:2466,72:2644,73:2614,74:2460,75:2407,76:3004,77:3131,78:2400,79:2612,80:2364,81:2365,82:2517,83:2578,84:3002,85:2438,86:2487,87:2585,88:2466,89:2634,90:2544,91:2620,92:2398,93:2374,94:3055,95:2584,96:2548,97:2646,98:3267,99:2633,100:2475,101:2586,102:2503,103:2621,104:2643,105:2464,106:2641,107:2585,108:3104,109:2398,110:2388,111:3142,112:2954,113:2360,114:2364,115:2553,116:2440,117:2363,118:2441,119:3037,120:3015,121:2562,122:2525,123:2555,124:2361,125:3222,126:2443,127:2581,128:2504,129:2357,130:2528,131:2622,132:2459,133:2583,134:2534,135:2506,136:2486,137:2542,138:2607,139:2480,140:2620,141:3116,142:2612,143:2539,144:2392,145:2570,146:3225,147:2474,148:2614,149:3242,150:2581,151:2509,152:3266,153:2605,154:2391,155:2606,156:2639,157:2631,158:2416,159:2616,160:3244,161:2352,162:2569,163:2432,164:3098,165:2431,166:3110,167:2393,168:2455,169:2456,170:2607,171:2529,172:2473,173:2388,174:2533,175:2469,176:2627,177:2521,178:2580,179:2517,180:2404,181:2471,182:2393,183:3089,184:2578,185:2443,186:2441,187:2585,188:2512,189:2449,190:2479,191:2564,192:3157,193:2536,194:2508,195:3144,196:2544,197:2365,198:2614,199:2619,200:2445,201:2489,202:2531,203:3009,204:2590,205:2452,206:2393,207:2649,208:3063,209:2403,210:2539,211:2363,212:2352,213:2551,214:2577,215:3281,216:2523,217:2493,218:2596,219:2473,220:2398,221:2572,222:2624,223:2482,224:2413,225:3076,226:2392,227:2559,228:2372,229:2525,230:2480,231:2426,232:2390,233:2465,234:2534,235:2491,236:2494,237:2512,238:2356,239:2445,240:2455,241:2603,242:2574,243:2439,244:3230,245:3226,246:2393,247:2513,248:2585,249:2574,250:2391,251:2916,252:2515,253:2369,254:2393,255:2566,256:2611,257:2562,258:2495,259:2625,260:2360,261:2608,262:2359,263:2614,264:2412,265:2539,266:2527,267:2483,268:2474,269:2495,270:2452,271:2645,272:2362,273:2604,274:2443,275:2628,276:2433,277:2603,278:2549,279:2429,280:2536,281:2463,282:2487,283:2368,284:2419,285:2995,286:2531,287:2458,288:3026,289:2639,290:2421,291:2963,292:2597,293:2446,294:2514,295:2503,296:2459,297:2467,298:2503,299:2452,300:2427,301:3261,302:2459,303:2636,304:2629,305:2382,306:2371,307:2486,308:2468,309:2368,310:2351,311:2498,312:2480,313:2392,314:3183,315:2470,316:2492,317:2372,318:2608,319:2512,320:2466,321:2465,322:2573,323:2376,324:2647,325:2513,326:3190,327:2417,328:3139,329:3202,330:2411,331:2587,332:2457,333:3240,334:2627,335:2473,336:2605,337:2608,338:2609,339:2428,340:2638,341:3099,342:2603,343:3199,344:2555,345:2644,346:2947,347:3173,348:2577,349:2627,350:2382,351:2370,352:2418,353:2448,354:2433,355:3194,356:2563,357:3298,358:2431,359:2936
0:2457,1:3290,2:2472,3:2497,4:2640,5:2620,6:2423,7:2468,8:2495,9:2382,10:2375,11:2559,12:2469,13:2416,14:2440,15:2499,16:2958,17:2355,18:2909,19:2562,20:2432,21:2483,22:2368,23:2644,24:2411,25:2448,26:2645,27:2357,28:3211,29:2411,30:2411,31:2583,32:2358,33:2511,34:2552,35:2548,36:2521,37:2618,38:2526,39:2936,40:2355,41:3063,42:2451,43:2639,44:2545,45:2483,46:2570,47:2476,48:2383,49:2507,50:2351,51:3187,52:3180,53:2439,54:2646,55:2559,56:2383,57:3104,58:2353,59:2392,60:2365,61:2601,62:3280,63:2380,64:2576,65:3010,66:2444,67:2594,68:2502,69:2359,70:3299,71:2412,72:3191,73:2407,74:2505,75:2359,76:2475,77:2398,78:2353,79:2938,80:2523,81:2355,82:2606,83:2570,84:2526,85:2435,86:2481,87:2520,88:3200,89:2554,90:2645,91:2631,92:2609,93:2456,94:2424,95:2403,96:2610,97:2465,98:2571,99:2951,100:2567,101:2624,102:2475,103:2484,104:3280,105:2412,106:2562,107:2365,108:2412,109:3213,110:2604,111:2602,112:2453,113:2481,114:2632,115:3157,116:2593,117:3236,118:2367,119:2621,120:2355,121:2633,122:2453,123:3057,124:2572,125:2475,126:3205,127:2616,128:3123,129:2417,130:2421,131:2435,132:2367,133:2501,134:2599,135:2609,136:2390,137:2500,138:2565,139:2523,140:3123,141:2631,142:2554,143:2448,144:2497,145:2397,146:2556,147:2481,148:2960,149:2517,150:2358,151:2485,152:2356,153:3151,154:2382,155:2636,156:2445,157:2945,158:2495,159:2482,160:2376,161:2361,162:3215,163:2393,164:3090,165:2429,166:2372,167:2903,168:2471,169:2425,170:3249,171:2617,172:2540,173:2367,174:2538,175:2507,176:2619,177:2607,178:2611,179:2479,180:2542,181:2354,182:2351,183:2438,184:2567,185:2398,186:2490,187:2404,188:2405,189:2626,190:2401,191:2573,192:2360,193:2569,194:2472,195:2385,196:3073,197:2384,198:3139,199:3084,200:2545,201:2555,202:2513,203:2613,204:3265,205:2429,206:2508,207:2450,208:2997,209:2517,210:3041,211:2968,212:3261,213:2645,214:2575,215:2541,216:2970,217:2360,218:2521,219:2369,220:2474,221:2396,222:2395,223:2403,224:2432,225:2460,226:2423,227:2640,228:2554,229:2636,230:2509,231:2620,232:2617,233:2525,234:2457,235:2624,236:2490,237:3057,238:2402,239:2456,240:2360,241:2604,242:2469,243:2600,244:2406,245:2513,246:2412,247:2515,248:2499,249:2527,250:2429,251:2525,252:2508,253:3187,254:2556,255:2482,256:2568,257:2543,258:2509,259:2426,260:2533,261:2565,262:2387,263:2497,264:2611,265:2564,266:3095,267:2632,268:3048,269:2420,270:2648,271:2504,272:2565,273:2498,274:2554,275:2570,276:2406,277:2596,278:2429,279:2442,280:2912,281:3169,282:2384,283:2427,284:2646,285:2603,286:2474,287:2504,288:2607,289:2514,290:2564,291:2601,292:2400,293:2587,294:2370,295:2482,296:2417,297:2532,298:2409,299:2359,300:3052,301:2539,302:2413,303:2518,304:2482,305:2374,306:3252,307:2412,308:2373,309:2517,310:2456,311:2495,312:2411,313:2642,314:2356,315:2386,316:2472,317:2612,318:2565,319:2440,320:2453,321:2573,322:2609,323:2408,324:2444,325:2428,326:2472,327:2453,328:3088,329:2485,330:2544,331:2452,332:2615,333:2456,334:2351,335:2379,336:2359,337:2647,338:2483,339:2506,340:2425,341:2501,342:2399,343:2466,344:2943,345:2514,346:2605,347:2523,348:2502,349:2513,350:2617,351:2366,352:2950,353:2450,354:2932,355:2624,356:2647,357:2545,358:3242,359:2405
0:2434,1:2481,2:2469,3:3091,4:2612,5:2524,6:2577,7:2940,8:2559,9:3132,10:2406,11:2372,12:2414,13:2546,14:2595,15:2437,16:2496,17:2443,18:2536,19:2546,20:2368,21:2377,22:2523,23:2486,24:2389,25:2580,26:2617,27:2488,28:3212,29:2501,30:2621,31:3031,32:2486,33:2565,34:2612,35:2596,36:2376,37:2379,38:2367,39:3216,40:2532,41:3156,42:2641,43:2501,44:2564,45:3268,46:2449,47:2904,48:2375,49:2415,50:2419,51:2534,52:2467,53:2372,54:2422,55:3216,56:2610,57:2368,58:2525,59:2484,60:2456,61:2628,62:3017,63:2354,64:2554,65:2477,66:3286,67:2490,68:2641,69:2426,70:2502,71:2428,72:2982,73:2402,74:2374,75:2359,76:3179,77:3226,78:2956,79:2459,80:3292,81:2533,82:2470,83:2593,84:2610,85:2517,86:3168,87:2567,88:2495,89:2452,90:2530,91:2382,92:2603,93:2352,94:2376,95:2594,96:3210,97:2626,98:2545,99:2636,100:2393,101:2602,102:2632,103:2498,104:2369,105:2418,106:3019,107:2443,108:2977,109:2630,110:2526,111:2620,112:2521,113:2486,114:2569,115:2408,116:2423,117:3237,118:2369,119:2383,120:2570,121:2979,122:2530,123:2368,124:2475,125:2472,126:2485,127:2382,128:2534,129:3211,130:2547,131:2632,132:2470,133:2370,134:2913,135:3231,136:2633,137:2620,138:2369,139:2471,140:2498,141:2407,142:2617,143:2406,144:3098,145:3069,146:2525,147:2448,148:2516,149:3097,150:2455,151:2605,152:2579,153:2368,154:2513,155:3006,156:2357,157:2380,158:2527,159:2592,160:2595,161:2583,162:3256,163:2490,164:2466,165:3001,166:2570,167:3280,168:2387,169:2459,170:2591,171:2441,172:2640,173:2621,174:2368,175:2609,176:2395,177:2387,178:2429,179:2506,180:2574,181:2417,182:2561,183:2569,184:2524,185:2574,186:2512,187:2624,188:2479,189:2601,190:2595,191:2430,192:2388,193:3087,194:2370,195:2469,196:2568,197:2481,198:3251,199:2479,200:3236,201:2638,202:2563,203:2477,204:2476,205:3048,206:2574,207:2595,208:2562,209:2554,210:3013,211:2578,212:2491,213:2641,214:3162,215:2434,216:2546,217:3011,218:2370,219:2512,220:2549,221:2641,222:2551,223:2408,224:2429,225:2502,226:2542,227:2528,228:2402,229:2406,230:2522,231:2371,232:2987,233:2357,234:3259,235:2354,236:2511,237:3044,238:2510,239:2542,240:2427,241:2528,242:2620,243:2619,244:2364,245:2496,246:2400,247:2595,248:2434,249:2643,250:2433,251:2432,252:2648,253:2525,254:2592,255:2403,256:2420,257:2485,258:2903,259:2452,260:2508,261:2365,262:2419,263:3019,264:2572,265:2615,266:2609,267:2462,268:2369,269:2639,270:2597,271:2580,272:2533,273:2363,274:2409,275:2519,276:2518,277:2401,278:3237,279:2463,280:2373,281:2372,282:2533,283:2377,284:2475,285:2389,286:2423,287:3164,288:2369,289:2615,290:2414,291:2602,292:2595,293:2364,294:2522,295:3008,296:2419,297:2416,298:3210,299:2395,300:2589,301:2438,302:2441,303:2416,304:2483,305:2617,306:2573,307:2599,308:2399,309:2614,310:2627,311:2361,312:2545,313:2437,314:2615,315:2542,316:3030,317:2587,318:2350,319:2613,320:2457,321:2360,322:2419,323:2369,324:2523,325:2357,326:2574,327:2584,328:2412,329:2586,330:2612,331:2471,332:2369,333:2385,334:2609,335:2370,336:2641,337:2397,338:2501,339:2575,340:2426,341:2391,342:2394,343:2383,344:2378,345:2516,346:2568,347:2618,348:3129,349:2500,350:2515,351:2493,352:2561,353:2538,354:3047,355:2563,356:2640,357:2511,358:2444,359:3239
0:2625,1:2587,2:2356,3:3055,4:2390,5:2351,6:3220,7:2404,8:2433,9:2984,10:3093,11:2920,12:2567,13:3266,14:2465,15:2462,16:2494,17:2524,18:2518,19:2364,20:2418,21:2525,22:2624,23:2426,24:2479,25:2549,26:2537,27:3129,28:2601,29:2484,30:3141,31:2510,32:2457,33:2475,34:2474,35:2377,36:2598,37:2475,38:2425,39:2487,40:3277,41:2614,42:3254,43:2404,44:2630,45:2622,46:2600,47:2470,48:2382,49:2607,50:2910,51:2924,52:2555,53:2542,54:2604,55:2527,56:2913,57:2361,58:2449,59:2503,60:3291,61:3295,62:2600,63:2570,64:3058,65:2645,66:2569,67:2588,68:2557,69:2465,70:2564,71:2408,72:2574,73:2646,74:2568,75:2479,76:2427,77:2369,78:2506,79:2581,80:2475,81:2998,82:3178,83:2596,84:2523,85:2553,86:2507,87:2969,88:2384,89:2425,90:2636,91:2630,92:2571,93:2409,94:3131,95:2461,96:2503,97:2354,98:2435,99:2590,100:2523,101:2426,102:2397,103:2426,104:2636,105:2402,106:2407,107:2979,108:3026,109:2527,110:2366,111:2573,112:2524,113:3218,114:2366,115:2484,116:2410,117:2530,118:2480,119:2442,120:2375,121:2523,122:2612,123:2611,124:2603,125:3194,126:2540,127:2385,128:2406,129:2509,130:2384,131:2369,132:2418,133:2578,134:2955,135:2616,136:2438,137:2583,138:2463,139:2512,140:2647,141:2486,142:2451,143:2441,144:2583,145:2647,146:2484,147:2510,148:2549,149:2504,150:3037,151:2459,152:2365,153:2444,154:2635,155:2996,156:2555,157:2363,158:2543,159:2597,160:2370,161:2532,162:2603,163:3190,164:2428,165:2379,166:2595,167:2476,168:3141,169:2414,170:2385,171:2572,172:2634,173:2362,174:2354,175:2402,176:2516,177:2648,178:2533,179:3252,180:2380,181:2612,182:2568,183:2922,184:2458,185:2359,186:2398,187:2373,188:3018,189:2504,190:2527,191:3258,192:2401,193:2392,194:2384,195:2576,196:2536,197:2591,198:2446,199:2560,200:3128,201:2350,202:2477,203:2534,204:2574,205:2459,206:3048,207:2502,208:2503,209:2499,210:2437,211:2601,212:2524,213:2432,214:2451,215:2415,216:2583,217:2406,218:2396,219:2566,220:2519,221:2447,222:2628,223:2506,224:3095,225:2561,226:2409,227:2470,228:2417,229:2587,230:2537,231:2401,232:2948,233:2492,234:2404,235:2472,236:2460,237:2536,238:2631,239:2641,240:2559,241:2638,242:2419,243:2605,244:2605,245:3106,246:3023,247:2387,248:2387,249:2527,250:3036,251:2540,252:3040,253:2625,254:2557,255:2463,256:3084,257:2588,258:2525,259:2529,260:2499,261:2642,262:3041,263:2441,264:3233,265:2531,266:2561,267:2418,268:2470,269:2432,270:2596,271:2567,272:2376,273:2382,274:2594,275:2490,276:2536,277:2625,278:2523,279:2985,280:2434,281:3010,282:2548,283:2370,284:2467,285:3022,286:2576,287:2421,288:2469,289:2557,290:2567,291:2495,292:2436,293:2392,294:2499,295:2454,296:2625,297:2430,298:2644,299:2373,300:2617,301:3218,302:2379,303:2950,304:2422,305:2558,306:2525,307:2417,308:2601,309:2568,310:3255,311:2525,312:2475,313:2405,314:2454,315:2358,316:2490,317:2637,318:2373,319:2527,320:2483,321:2512,322:2476,323:3248,324:2615,325:2501,326:2632,327:2900,328:2645,329:2989,330:2612,331:2411,332:2406,333:2529,334:2460,335:2474,336:2635,337:2410,338:2609,339:2571,340:2489,341:3299,342:3274,343:2618,344:2402,345:2416,346:3213,347:2570,348:2407,349:2523,350:3069,351:2573,352:2531,353:2489,354:2363,355:2508,356:2626,357:2381,358:2442,359:2576
0:2547,1:2490,2:3194,3:2541,4:2466,5:2389,6:2505,7:2437,8:2382,9:3105,10:2382,11:2575,12:2563,13:2624,14:3182,15:3210,16:2644,17:2477,18:2431,19:2466,20:2417,21:2534,22:2574,23:2441,24:2501,25:2635,26:2424,27:2438,28:2540,29:3157,30:2559,31:2542,32:2637,33:2518,34:3232,35:2612,36:2382,37:2356,38:2527,39:2385,40:2425,41:2563,42:2634,43:2560,44:2616,45:2510,46:3225,47:2905,48:2567,49:2479,50:2398,51:2454,52:2602,53:2441,54:2506,55:2635,56:2399,57:2632,58:2634,59:2451,60:2418,61:2461,62:2453,63:2414,64:2918,65:2439,66:2446,67:2601,68:2480,69:2393,70:2487,71:2543,72:2609,73:2614,74:2428,75:2352,76:2374,77:2496,78:2636,79:2576,80:2452,81:3043,82:2598,83:2522,84:2402,85:2373,86:2465,87:2557,88:2635,89:2530,90:2372,91:2381,92:2504,93:2354,94:2558,95:2354,96:2461,97:2390,98:2615,99:2461,100:2500,101:2477,102:3226,103:2383,104:2372,105:2615,106:3120,107:2541,108:2581,109:2532,110:2613,111:2534,112:2615,113:2619,114:2612,115:2351,116:2490,117:2623,118:2358,119:2609,120:2541,121:2354,122:2371,123:2480,124:2466,125:2421,126:3029,127:2490,128:3091,129:2550,130:2425,131:2413,132:2387,133:2462,134:2580,135:2624,136:2483,137:2933,138:2442,139:3228,140:2935,141:2648,142:2399,143:2544,144:2525,145:3255,146:2517,147:2542,148:3014,149:2546,150:2389,151:2616,152:2523,153:2442,154:2542,155:2965,156:2561,157:3289,158:2507,159:2564,160:2382,161:2442,162:2419,163:2351,164:2385,165:2637,166:3228,167:2552,168:2631,169:2434,170:2473,171:2644,172:2491,173:2916,174:2383,175:2534,176:2480,177:2418,178:3281,179:2385,180:2568,181:2577,182:2994,183:3074,184:2448,185:2620,186:2912,187:2419,188:2485,189:2608,190:2557,191:3107,192:2490,193:2418,194:3030,195:2587,196:2596,197:2969,198:2361,199:2589,200:2429,201:2576,202:2580,203:2972,204:2568,205:2581,206:2625,207:2570,208:2363,209:2491,210:2354,211:2992,212:2417,213:2393,214:2351,215:2372,216:2595,217:2351,218:3067,219:2536,220:2416,221:2489,222:2471,223:2541,224:2580,225:2470,226:2436,227:2467,228:2589,229:2541,230:3065,231:2559,232:2610,233:3049,234:2632,235:3195,236:2394,237:2425,238:2374,239:2351,240:2481,241:2644,242:3051,243:2527,244:2618,245:2368,246:2568,247:2406,248:2977,249:2607,250:2475,251:2574,252:2568,253:2621,254:2438,255:2428,256:2471,257:3052,258:2373,259:2901,260:2374,261:2350,262:2425,263:2506,264:2380,265:2642,266:2419,267:2585,268:2398,269:3165,270:2621,271:2535,272:2494,273:2409,274:2520,275:2467,276:2356,277:2645,278:2626,279:2450,280:2521,281:2636,282:2405,283:2606,284:3057,285:2482,286:2412,287:2540,288:3195,289:2556,290:2627,291:2418,292:2975,293:2408,294:2413,295:2557,296:3047,297:2613,298:2430,299:2930,300:2462,301:2537,302:2540,303:2404,304:2389,305:3110,306:2562,307:2613,308:2574,309:2505,310:2491,311:2542,312:2578,313:2617,314:2561,315:3170,316:3080,317:2424,318:2467,319:3047,320:2643,321:2464,322:2536,323:2492,324:3088,325:2438,326:2376,327:2608,328:2475,329:2594,330:2500,331:2440,332:2634,333:2521,334:3046,335:2402,336:2465,337:2423,338:2472,339:2920,340:2389,341:2378,342:2491,343:2397,344:2470,345:2350,346:2428,347:2535,348:3235,349:2493,350:3102,351:2353,352:2396,353:2531,354:2586,355:2365,356:2368,357:2604,358:2509,359:3067
0:2430,1:2559,2:2357,3:2361,4:3027,5:2416,6:2436,7:2537,8:2551,9:2559,10:2453,11:2644,12:2531,13:2516,14:2567,15:2474,16:2522,17:2374,18:2368,19:2388,20:2485,21:2494,22:2403,23:2449,24:2504,25:3150,26:2365,27:2508,28:2483,29:2575,30:2395,31:2390,32:3229,33:3035,34:2377,35:2442,36:2472,37:2612,38:2456,39:2494,40:2433,41:2430,42:2636,43:2597,44:2640,45:2461,46:2555,47:2596,48:2629,49:3270,50:2450,51:2410,52:2371,53:2364,54:2371,55:3125,56:2463,57:2416,58:2609,59:2915,60:2559,61:3203,62:2377,63:2424,64:2393,65:2361,66:2598,67:2411,68:2401,69:2457,70:2562,71:2649,72:2362,73:2587,74:2572,75:2562,76:2388,77:3018,78:2389,79:2439,80:2502,81:2389,82:2614,83:2373,84:2923,85:2581,86:2488,87:2372,88:2469,89:3279,90:3254,91:2385,92:2430,93:2404,94:2390,95:2397,96:2588,97:2428,98:2556,99:2404,100:2991,101:2366,102:2356,103:2531,104:2498,105:2564,106:2357,107:2447,108:2542,109:2550,110:2457,111:2386,112:2541,113:2431,114:2644,115:2419,116:2464,117:2583,118:2431,119:2417,120:2452,121:2415,122:2378,123:3115,124:2378,125:2572,126:3070,127:2484,128:2923,129:2401,130:2635,131:2636,132:2587,133:2500,134:2487,135:2384,136:2370,137:2446,138:2384,139:2624,140:2452,141:2594,142:2437,143:2559,144:3203,145:2631,146:2464,147:2394,148:2931,149:2542,150:2545,151:2567,152:2488,153:2523,154:2385,155:2355,156:2602,157:2446,158:2353,159:2415,160:2497,161:2519,162:2622,163:2598,164:2392,165:2602,166:3140,167:2508,168:2571,169:2456,170:2378,171:3208,172:2413,173:2627,174:2424,175:2581,176:2417,177:2604,178:2560,179:2584,180:2601,181:2472,182:2454,183:2378,184:2483,185:2441,186:2517,187:2536,188:2515,189:2494,190:2644,191:2588,192:2545,193:2603,194:2584,195:2392,196:2353,197:2424,198:2608,199:2626,200:2495,201:2400,202:2580,203:2434,204:2646,205:2356,206:2444,207:2538,208:2521,209:2482,210:2381,211:2619,212:2414,213:2587,214:2903,215:2467,216:2934,217:2592,218:2440,219:2919,220:2454,221:2367,222:3173,223:2398,224:2351,225:2613,226:3237,227:2420,228:2524,229:2369,230:2582,231:2640,232:2425,233:2471,234:2487,235:2436,236:2629,237:3197,238:2456,239:2588,240:2359,241:2388,242:2557,243:2458,244:2434,245:2409,246:2420,247:2371,248:2589,249:2643,250:2524,251:2406,252:2388,253:2493,254:2426,255:2460,256:2605,257:2615,258:2584,259:2545,260:2567,261:2376,262:2637,263:2438,264:2488,265:2579,266:2451,267:2477,268:2440,269:2552,270:2417,271:3227,272:2585,273:2499,274:3160,275:2389,276:2423,277:2611,278:2367,279:2479,280:2410,281:2503,282:2612,283:2400,284:2495,285:2466,286:2582,287:2416,288:2536,289:2352,290:2513,291:2630,292:2529,293:3247,294:2380,295:3150,296:2353,297:2375,298:2405,299:2524,300:2377,301:2484,302:2576,303:2510,304:2609,305:2575,306:2558,307:2421,308:2397,309:2525,310:3050,311:3175,312:2406,313:2377,314:2557,315:2484,316:2601,317:2473,318:2615,319:2428,320:2407,321:2384,322:2585,323:2470,324:2409,325:2411,326:2638,327:2412,328:2545,329:2460,330:2423,331:2356,332:2603,333:2622,334:2558,335:2397,336:2537,337:2424,338:2519,339:2527,340:2375,341:2649,342:3053,343:2476,344:3270,345:2447,346:2551,347:2986,348:2605,349:2404,350:2440,351:2418,352:2511,353:2450,354:2438,355:2576,356:2527,357:2479,358:2618,359:2568
0:2436,1:2577,2:2434,3:2598,4:3063,5:2625,6:2368,7:2398,8:2544,9:2401,10:2523,11:2469,12:2519,13:2514,14:2588,15:2476,16:2560,17:2374,18:2530,19:2645,20:3053,21:3067,22:2422,23:2555,24:2432,25:2474,26:2454,27:2525,28:2402,29:2648,30:2472,31:2943,32:2428,33:2495,34:2570,35:2624,36:2602,37:2504,38:2525,39:2538,40:2634,41:2496,42:2367,43:2352,44:2498,45:2532,46:3126,47:2460,48:2610,49:2364,50:2394,51:2578,52:2932,53:2502,54:2388,55:2424,56:2540,57:2488,58:2366,59:2431,60:3060,61:2596,62:3293,63:2511,64:3226,65:2553,66:2950,67:2506,68:2473,69:3096,70:2529,71:3165,72:2590,73:2504,74:2480,75:2606,76:2474,77:2411,78:2437,79:2457,80:2553,81:2490,82:2607,83:2388,84:2611,85:2468,86:2365,87:3258,88:2612,89:2543,90:2458,91:2364,92:2644,93:3170,94:2592,95:2499,96:2626,97:2419,98:2440,99:2365,100:2424,101:2499,102:2438,103:2444,104:2467,105:2369,106:2357,107:2631,108:2540,109:2488,110:2611,111:2493,112:2525,113:2641,114:2451,115:2371,116:2489,117:2469,118:2404,119:2603,120:2389,121:2602,122:2454,123:2642,124:2378,125:2457,126:2628,127:2990,128:2526,129:2552,130:2411,131:2588,132:2381,133:2597,134:2549,135:2919,136:2427,137:2501,138:2576,139:2381,140:2634,141:2477,142:2544,143:2396,144:2577,145:3135,146:2632,147:3193,148:2951,149:2518,150:3142,151:2352,152:2649,153:3156,154:2412,155:2469,156:2634,157:2972,158:2401,159:2365,160:2597,161:3178,162:2366,163:3225,164:2549,165:2458,166:2494,167:2465,168:2426,169:2493,170:2488,171:3282,172:3097,173:2468,174:2357,175:2531,176:2596,177:2464,178:3291,179:2413,180:3148,181:2648,182:2369,183:2394,184:2605,185:2946,186:2507,187:2610,188:2366,189:2541,190:2535,191:2609,192:2449,193:2553,194:2601,195:3043,196:2475,197:2642,198:2616,199:3119,200:2622,201:2591,202:2481,203:2467,204:2552,205:2416,206:3024,207:2625,208:3018,209:3152,210:2902,211:2405,212:2379,213:2506,214:2387,215:2422,216:2414,217:2649,218:2384,219:2608,220:2646,221:2448,222:2534,223:2601,224:2394,225:2481,226:2556,227:2457,228:2581,229:2460,230:2377,231:2478,232:2556,233:3189,234:2487,235:2535,236:2398,237:2613,238:2962,239:2598,240:2440,241:2995,242:2946,243:2595,244:2622,245:2975,246:2480,247:2526,248:2531,249:2597,250:3116,251:2422,252:2448,253:2600,254:2362,255:3065,256:2541,257:2628,258:2445,259:2639,260:2397,261:2548,262:2392,263:2644,264:3094,265:2946,266:2905,267:2519,268:2460,269:2646,270:2623,271:2624,272:2616,273:2998,274:2599,275:2529,276:2521,277:2479,278:2417,279:2913,280:2523,281:2631,282:2618,283:2463,284:2389,285:2490,286:3104,287:2452,288:2613,289:2351,290:2631,291:2443,292:2589,293:3083,294:2636,295:2618,296:2971,297:2608,298:2423,299:2621,300:2406,301:2381,302:2981,303:2412,304:2539,305:3093,306:2476,307:2494,308:2428,309:2370,310:2586,311:2522,312:2500,313:2502,314:2553,315:2372,316:3031,317:2445,318:2599,319:3148,320:2605,321:2475,322:2634,323:2452,324:2410,325:2472,326:2640,327:2369,328:2570,329:2392,330:2431,331:2411,332:2635,333:2502,334:2539,335:2450,336:2384,337:2388,338:2432,339:2607,340:2646,341:2546,342:2492,343:3065,344:2399,345:2437,346:2627,347:2428,348:2385,349:2553,350:2442,351:2593,352:2591,353:2433,354:2545,355:2510,356:2562,357:2398,358:2567,359:2438
0:2381,1:2414,2:2557,3:2528,4:2432,5:2646,6:3080,7:2932,8:2490,9:3037,10:2601,11:2633,12:2625,13:2648,14:2503,15:2374,16:2351,17:2552,18:2567,19:2601,20:2384,21:2418,22:2452,23:2562,24:2404,25:2445,26:2606,27:2623,28:2359,29:2354,30:2449,31:2434,32:2367,33:2577,34:2560,35:2358,36:2646,37:3039,38:2997,39:2606,40:2527,41:2385,42:2645,43:2557,44:2408,45:2610,46:2450,47:2435,48:3053,49:2644,50:2476,51:2371,52:2525,53:2436,54:2523,55:3279,56:2379,57:2440,58:2474,59:2484,60:2359,61:3137,62:2590,63:2577,64:2446,65:2608,66:2416,67:2523,68:2503,69:2558,70:2634,71:2441,72:2492,73:2392,74:2562,75:2476,76:2447,77:2480,78:3088,79:2436,80:3246,81:3035,82:2389,83:2400,84:2563,85:2374,86:3046,87:2392,88:2635,89:2527,90:2359,91:2577,92:2491,93:3294,94:2417,95:2577,96:2373,97:2382,98:2578,99:2621,100:2594,101:2607,102:2350,103:2626,104:2392,105:2586,106:2352,107:2618,108:3256,109:2529,110:2605,111:2574,112:2388,113:2408,114:2409,115:2511,116:2409,117:2612,118:2625,119:3210,120:2592,121:2529,122:2484,123:2409,124:2354,125:3270,126:2508,127:2438,128:2982,129:2543,130:2533,131:2926,132:2513,133:2597,134:3064,135:2490,136:2452,137:2414,138:2365,139:2564,140:3266,141:2443,142:2448,143:3074,144:2450,145:2402,146:2543,147:2545,148:2476,149:2489,150:2454,151:2575,152:2528,153:2571,154:2931,155:2472,156:2562,157:2519,158:2614,159:2540,160:2524,161:2570,162:2565,163:2567,164:2501,165:3221,166:2531,167:3150,168:2447,169:2577,170:2609,171:2444,172:2469,173:2452,174:2452,175:2461,176:2377,177:2374,178:2569,179:2530,180:2444,181:2581,182:2960,183:2440,184:2631,185:2443,186:2612,187:2918,188:2629,189:2554,190:2583,191:2944,192:2482,193:2431,194:2528,195:2361,196:2385,197:3014,198:3174,199:3218,200:2616,201:2365,202:2915,203:3077,204:2566,205:2558,206:3093,207:2473,208:2417,209:2632,210:2568,211:3187,212:2540,213:2527,214:2448,215:2363,216:2633,217:2469,218:2385,219:2576,220:2360,221:2426,222:2552,223:2412,224:2586,225:3257,226:3103,227:2479,228:2570,229:2429,230:2532,231:2445,232:2504,233:2487,234:2397,235:2471,236:2500,237:2545,238:2983,239:2403,240:2554,241:2376,242:3019,243:2603,244:2494,245:2465,246:2641,247:2383,248:2628,249:2647,250:2596,251:2634,252:2541,253:2999,254:2997,255:2515,256:2403,257:2473,258:2593,259:2551,260:2411,261:2357,262:2638,263:2407,264:2584,265:2610,266:2443,267:3117,268:2625,269:2640,270:2442,271:2413,272:2450,273:2358,274:2564,275:2405,276:2575,277:2355,278:2575,279:2589,280:2529,281:2558,282:2472,283:2394,284:3054,285:2588,286:2511,287:2464,288:2521,289:2491,290:2951,291:2452,292:2511,293:2515,294:2554,295:2630,296:2363,297:2483,298:2563,299:2945,300:3071,301:2430,302:2520,303:2386,304:2442,305:2579,306:2596,307:2569,308:2478,309:2553,310:2374,311:2562,312:2363,313:2481,314:2955,315:3035,316:2647,317:2478,318:2486,319:2351,320:2499,321:2518,322:2607,323:2549,324:2563,325:2369,326:2413,327:2412,328:2602,329:3128,330:2491,331:2520,332:2509,333:2506,334:2487,335:2466,336:2644,337:2416,338:2621,339:2582,340:2542,341:2540,342:3293,343:2910,344:2628,345:3255,346:2579,347:2923,348:2390,349:2584,350:2993,351:2614,352:2524,353:2582,354:2420,355:2380,356:2521,357:2613,358:2372,359:2585
0:2457,1:2586,2:2389,3:2567,4:2590,5:2418,6:2533,7:2605,8:2439,9:2530,10:2391,11:2561,12:2585,13:3207,14:2568,15:2649,16:2499,17:2466,18:2508,19:2636,20:3106,21:2490,22:2381,23:2510,24:2426,25:2393,26:2616,27:2509,28:3001,29:3148,30:2446,31:2406,32:2585,33:2597,34:2625,35:2459,36:2526,37:2407,38:2481,39:2457,40:2576,41:2582,42:2519,43:2449,44:3095,45:2369,46:2531,47:2594,48:3062,49:2403,50:2525,51:2429,52:3125,53:2598,54:3193,55:2579,56:2442,57:2641,58:2521,59:2499,60:2500,61:2453,62:2909,63:2573,64:2393,65:2587,66:2454,67:2375,68:2353,69:2410,70:2488,71:2384,72:2521,73:2471,74:2640,75:2533,76:2645,77:2443,78:2390,79:2631,80:2463,81:2395,82:2959,83:2540,84:2649,85:2541,86:2533,87:2557,88:2628,89:2626,90:2612,91:2624,92:2388,93:2463,94:2507,95:2609,96:2501,97:2606,98:2602,99:2420,100:3114,101:2618,102:2550,103:2467,104:2941,105:2405,106:3036,107:2556,108:2430,109:2365,110:2629,111:2903,112:2539,113:2916,114:2440,115:2644,116:2506,117:3206,118:2924,119:3133,120:3055,121:2444,122:2470,123:2372,124:2601,125:2607,126:2445,127:2917,128:3070,129:2629,130:2509,131:3037,132:2900,133:3084,134:2412,135:2407,136:3258,137:2446,138:2446,139:2563,140:2436,141:2545,142:2390,143:2392,144:2495,145:3090,146:2391,147:2401,148:2360,149:3110,150:2530,151:3296,152:3080,153:2535,154:2397,155:2637,156:2421,157:2389,158:2496,159:2475,160:2382,161:2442,162:2471,163:2579,164:2559,165:2406,166:2909,167:2616,168:3129,169:2384,170:2466,171:2389,172:2611,173:2385,174:2445,175:2452,176:2581,177:2375,178:2359,179:2943,180:2597,181:2379,182:2956,183:2609,184:2414,185:3087,186:2366,187:2576,188:2369,189:2575,190:2649,191:2434,192:2645,193:2568,194:2583,195:2971,196:2596,197:2626,198:3252,199:3099,200:2607,201:2915,202:2439,203:2424,204:2534,205:2485,206:2350,207:2561,208:2399,209:2422,210:2540,211:2444,212:2383,213:3151,214:2442,215:2496,216:2494,217:2431,218:2552,219:3054,220:2568,221:2489,222:2458,223:2484,224:3143,225:2376,226:2402,227:2380,228:3142,229:2387,230:2612,231:2423,232:2455,233:3134,234:2526,235:2586,236:2456,237:3217,238:2591,239:2436,240:2598,241:2371,242:2939,243:2429,244:2647,245:2591,246:2479,247:2617,248:2487,249:3222,250:2511,251:2450,252:2584,253:2509,254:2385,255:3140,256:2367,257:2638,258:2364,259:2530,260:2612,261:2363,262:2468,263:2568,264:2359,265:2520,266:2470,267:2422,268:2472,269:2450,270:2565,271:2608,272:2640,273:2486,274:2492,275:2515,276:2370,277:2606,278:2520,279:3247,280:2587,281:2512,282:2523,283:2634,284:2503,285:2485,286:2509,287:2617,288:3230,289:2604,290:2503,291:2542,292:3213,293:2438,294:2556,295:3207,296:2448,297:3130,298:2633,299:2421,300:2498,301:2585,302:2506,303:2431,304:2595,305:2573,306:3224,307:2564,308:2558,309:2548,310:2503,311:2533,312:3141,313:2423,314:2585,315:2400,316:2581,317:2511,318:2602,319:2460,320:2632,321:2397,322:3007,323:2385,324:3049,325:2366,326:2393,327:2472,328:2492,329:2439,330:2444,331:2414,332:2602,333:3270,334:3264,335:2467,336:2577,337:3260,338:2471,339:2446,340:2636,341:2385,342:2358,343:2598,344:2616,345:2427,346:2429,347:2542,348:2640,349:2643,350:2524,351:2499,352:2506,353:2647,354:2541,355:2393,356:2538,357:2393,358:2648,359:2628
0:2594,1:2982,2:2488,3:3097,4:2636,5:2519,6:2542,7:2523,8:2399,9:2924,10:3030,11:2579,12:3102,13:2358,14:2401,15:2353,16:3234,17:2429,18:2369,19:2419,20:3122,21:2619,22:2387,23:2470,24:2562,25:2511,26:2587,27:2474,28:2376,29:2497,30:2435,31:2541,32:3236,33:2633,34:2647,35:2550,36:2510,37:2432,38:2535,39:2624,40:2633,41:2416,42:2353,43:2524,44:2631,45:2544,46:2533,47:3183,48:2397,49:2598,50:2585,51:2957,52:2648,53:3284,54:2391,55:2357,56:2621,57:2649,58:2642,59:2500,60:2536,61:2409,62:2372,63:2414,64:2471,65:2558,66:2995,67:2408,68:2941,69:2592,70:2564,71:2615,72:2580,73:2574,74:2533,75:2490,76:3234,77:2617,78:2625,79:2585,80:2392,81:2521,82:2467,83:2519,84:2619,85:2503,86:3246,87:2499,88:2611,89:2646,90:3288,91:2576,92:3211,93:2583,94:2569,95:2376,96:2386,97:2914,98:2432,99:2367,100:2601,101:2918,102:2594,103:2379,104:2435,105:2433,106:3051,107:2612,108:2541,109:2960,110:2588,111:2542,112:2451,113:2447,114:2371,115:2609,116:2499,117:2550,118:2975,119:2414,120:2501,121:2612,122:2465,123:2379,124:2994,125:2568,126:2450,127:2364,128:3035,129:3080,130:2408,131:3082,132:3191,133:2447,134:2470,135:3220,136:2373,137:3195,138:2584,139:2360,140:2412,141:3195,142:3229,143:2978,144:2931,145:2573,146:2499,147:2626,148:2412,149:2518,150:2533,151:2381,152:2598,153:2604,154:2359,155:2354,156:2550,157:2414,158:2558,159:2551,160:2937,161:3189,162:2529,163:2551,164:2512,165:2449,166:2523,167:2630,168:2490,169:3215,170:2463,171:2455,172:2488,173:2629,174:2509,175:2578,176:2428,177:2647,178:2409,179:2504,180:2603,181:2578,182:2441,183:2473,184:3246,185:2360,186:2376,187:2429,188:2404,189:2496,190:2578,191:2600,192:2592,193:2367,194:2373,195:2482,196:2630,197:2533,198:2572,199:2456,200:2351,201:3235,202:2580,203:2632,204:2552,205:2548,206:2611,207:2417,208:2470,209:2436,210:3167,211:2592,212:3076,213:2515,214:2489,215:2511,216:2604,217:2536,218:2381,219:2536,220:2635,221:2447,222:2622,223:3230,224:2352,225:2573,226:2580,227:2595,228:2582,229:2610,230:2459,231:2453,232:2388,233:2427,234:2489,235:2378,236:2529,237:2555,238:2424,239:3133,240:3290,241:2648,242:2593,243:2620,244:2517,245:2557,246:2512,247:3039,248:2547,249:2383,250:2400,251:2431,252:2410,253:2484,254:2648,255:2567,256:2618,257:3219,258:2489,259:3242,260:2558,261:2471,262:2506,263:2442,264:2371,265:2584,266:2545,267:2469,268:2541,269:2476,270:2478,271:3262,272:2377,273:2392,274:2441,275:2636,276:2514,277:2648,278:2534,279:2473,280:2514,281:2501,282:3106,283:2412,284:2437,285:2359,286:2574,287:2631,288:3089,289:2958,290:2440,291:2612,292:2384,293:2584,294:2507,295:3164,296:2488,297:2634,298:3142,299:2444,300:2451,301:2496,302:3238,303:2417,304:2487,305:2479,306:2448,307:3059,308:2364,309:2492,310:2640,311:2450,312:2456,313:2386,314:2366,315:2504,316:2922,317:2992,318:2576,319:2504,320:3193,321:2587,322:2538,323:3067,324:2488,325:2475,326:2511,327:2520,328:2586,329:2544,330:2607,331:2471,332:2509,333:2351,334:3253,335:2494,336:2393,337:2556,338:2533,339:2351,340:2413,341:2940,342:2533,343:2943,344:2564,345:3291,346:2426,347:2399,348:2596,349:2351,350:2989,351:2515,352:2902,353:2516,354:2505,355:2628,356:2468,357:2360,358:2472,359:2548
0:2423,1:2438,2:2452,3:2580,4:2415,5:3204,6:2518,7:2498,8:2448,9:2564,10:2431,11:2596,12:2436,13:2945,14:3080,15:2618,16:2559,17:2386,18:2550,19:2493,20:2533,21:2588,22:2508,23:2512,24:2420,25:2426,26:2527,27:2574,28:2587,29:2423,30:3241,31:2374,32:2419,33:2511,34:2540,35:2422,36:2411,37:2509,38:3141,39:2412,40:2497,41:2535,42:2420,43:2427,44:2512,45:2408,46:2512,47:2543,48:2968,49:2466,50:3155,51:2482,52:2357,53:2546,54:2552,55:2564,56:2481,57:3265,58:2571,59:3164,60:2642,61:2431,62:2387,63:2645,64:2630,65:2466,66:3276,67:2420,68:2489,69:2590,70:2623,71:2362,72:3243,73:2408,74:2638,75:2358,76:2441,77:3198,78:3030,79:2358,80:2616,81:2370,82:2571,83:3013,84:2458,85:2588,86:2436,87:2610,88:2439,89:2592,90:2902,91:2607,92:2365,93:2546,94:3250,95:2573,96:2921,97:2494,98:2382,99:2382,100:2399,101:2396,102:2411,103:2415,104:2453,105:2570,106:2358,107:2628,108:2394,109:2359,110:2439,111:2627,112:2489,113:2630,114:2355,115:2507,116:2368,117:2608,118:2571,119:2559,120:2613,121:2552,122:2352,123:2464,124:2649,125:2538,126:2430,127:3208,128:2524,129:2607,130:2350,131:2546,132:2603,133:3023,134:2491,135:2547,136:2411,137:2426,138:3271,139:2510,140:2360,141:2591,142:2476,143:2385,144:2619,145:2419,146:2576,147:2537,148:2559,149:2367,150:2491,151:2480,152:2539,153:2592,154:3173,155:2643,156:2971,157:2359,158:3248,159:2564,160:2415,161:2544,162:2440,163:2636,164:2923,165:2590,166:2398,167:2409,168:2479,169:2350,170:2477,171:3190,172:2512,173:2525,174:3190,175:2425,176:2470,177:2400,178:2506,179:2465,180:2435,181:2542,182:3272,183:2511,184:2468,185:3137,186:2590,187:2457,188:2542,189:2640,190:2627,191:2450,192:2549,193:2530,194:2613,195:2355,196:3105,197:2535,198:2477,199:3199,200:2624,201:2414,202:2528,203:2505,204:2578,205:2601,206:3191,207:2494,208:2438,209:2524,210:2500,211:2468,212:2948,213:2597,214:2462,215:2499,216:2635,217:2499,218:2488,219:3064,220:2516,221:2631,222:2398,223:2398,224:2511,225:2418,226:2389,227:2462,228:2465,229:3156,230:2630,231:2409,232:2419,233:2527,234:2507,235:2432,236:2589,237:2433,238:3212,239:3187,240:2637,241:3158,242:2609,243:2584,244:2420,245:2369,246:3143,247:2545,248:2583,249:2533,250:2520,251:2421,252:2592,253:2431,254:2619,255:2523,256:2552,257:3094,258:2534,259:2622,260:2918,261:2462,262:2464,263:2526,264:2988,265:2405,266:2398,267:2437,268:2506,269:2519,270:2554,271:2529,272:2499,273:3071,274:2585,275:2393,276:2371,277:2919,278:2627,279:2532,280:2612,281:2555,282:2646,283:3221,284:2351,285:3071,286:2549,287:2419,288:2563,289:3158,290:2504,291:2503,292:2391,293:2500,294:3221,295:2418,296:2384,297:2443,298:2543,299:2619,300:2433,301:2435,302:2565,303:2474,304:3208,305:2612,306:2964,307:2526,308:2556,309:2455,310:3159,311:3215,312:2582,313:2559,314:2615,315:2542,316:2450,317:3278,318:2514,319:2631,320:3088,321:3099,322:2396,323:2414,324:3243,325:2417,326:2565,327:2514,328:2616,329:2372,330:2553,331:2420,332:2397,333:2563,334:2381,335:2648,336:2956,337:2464,338:3017,339:2418,340:2513,341:3257,342:2614,343:2588,344:2365,345:2523,346:2511,347:3265,348:2418,349:2600,350:2920,351:2592,352:2433,353:2565,354:2595,355:3070,356:2356,357:2501,358:2395,359:2572
0:2976,1:2611,2:2351,3:2364,4:2538,5:2425,6:2439,7:2519,8:2615,9:2564,10:2445,11:2634,12:2622,13:2508,14:2405,15:2604,16:3296,17:2472,18:2573,19:2390,20:2360,21:2403,22:3183,23:2393,24:2594,25:2363,26:2607,27:2566,28:2627,29:2968,30:2557,31:2400,32:2572,33:2411,34:2354,35:2593,36:2513,37:2907,38:3060,39:2552,40:2641,41:2415,42:2627,43:2460,44:2370,45:2501,46:2634,47:2644,48:2572,49:2380,50:2523,51:2487,52:2453,53:2362,54:2440,55:3153,56:2397,57:2631,58:2476,59:2523,60:2495,61:2443,62:3077,63:2551,64:3230,65:2383,66:2386,67:2494,68:2572,69:2371,70:2546,71:2378,72:2620,73:2469,74:2520,75:2599,76:3095,77:3244,78:2382,79:3109,80:2462,81:2504,82:3176,83:2535,84:3181,85:2377,86:2578,87:2372,88:2517,89:2540,90:2533,91:2356,92:2574,93:2900,94:2435,95:2543,96:2573,97:3277,98:2453,99:2423,100:2410,101:2412,102:2541,103:2529,104:2539,105:2442,106:2586,107:2568,108:2646,109:2508,110:3189,111:2383,112:2564,113:2412,114:2500,115:2546,116:2628,117:2620,118:2645,119:2469,120:2368,121:2607,122:2362,123:2384,124:2434,125:2363,126:2502,127:2497,128:2371,129:2557,130:2582,131:2645,132:2519,133:2375,134:3231,135:2565,136:3047,137:2628,138:2528,139:2364,140:2642,141:2381,142:2443,143:2634,144:2376,145:2600,146:2638,147:3044,148:2416,149:2505,150:2490,151:2477,152:3223,153:2384,154:2412,155:3297,156:2355,157:3219,158:2577,159:2492,160:2606,161:2624,162:2439,163:2534,164:2633,165:2483,166:2434,167:2431,168:2527,169:2471,170:2579,171:2606,172:2582,173:2429,174:2506,175:2452,176:2506,177:2536,178:2559,179:2446,180:2382,181:2585,182:2531,183:2350,184:3072,185:2453,186:2580,187:2578,188:2624,189:2586,190:3072,191:2542,192:2453,193:2450,194:2642,195:2447,196:2452,197:2350,198:2425,199:2507,200:3222,201:2443,202:3167,203:2563,204:2438,205:2559,206:2380,207:2510,208:2602,209:2359,210:2472,211:2415,212:2532,213:2495,214:3236,215:2524,216:2435,217:2553,218:2511,219:2356,220:2486,221:3150,222:2490,223:2388,224:2450,225:2541,226:3170,227:2586,228:2362,229:2441,230:2388,231:2578,232:2612,233:2631,234:2590,235:2602,236:2629,237:2580,238:2385,239:2906,240:2581,241:2433,242:2450,243:2646,244:2483,245:2631,246:3217,247:3223,248:2467,249:2371,250:3297,251:2417,252:3048,253:2962,254:2435,255:2373,256:2519,257:2638,258:2409,259:2431,260:2476,261:2352,262:2557,263:2496,264:2454,265:2575,266:2601,267:2386,268:2469,269:2567,270:2598,271:2522,272:2641,273:2485,274:2644,275:2915,276:2420,277:2524,278:2530,279:2553,280:3179,281:3206,282:2431,283:2615,284:2645,285:2393,286:2575,287:2640,288:2544,289:2462,290:2607,291:2928,292:2623,293:2634,294:3057,295:2408,296:2597,297:2368,298:2573,299:2636,300:2541,301:2610,302:2591,303:2494,304:2576,305:2517,306:2617,307:3041,308:2359,309:2388,310:2374,311:3053,312:2413,313:2414,314:2432,315:2616,316:2486,317:2401,318:2382,319:2405,320:2546,321:2640,322:2585,323:2496,324:3015,325:2555,326:2637,327:2920,328:2526,329:2605,330:2364,331:2607,332:2608,333:2595,334:2610,335:2568,336:2408,337:2611,338:3276,339:2523,340:2565,341:3073,342:2584,343:2504,344:2499,345:2649,346:2501,347:2640,348:2393,349:3072,350:2366,351:2535,352:3263,353:2370,354:2477,355:2611,356:3060,357:2371,358:2428,359:2353
0:3181,1:2603,2:2355,3:2374,4:2437,5:2594,6:2376,7:2646,8:2588,9:2521,10:2397,11:2548,12:2522,13:2402,14:2363,15:2512,16:2493,17:2470,18:2490,19:2412,20:2561,21:2356,22:2375,23:2602,24:2998,25:2485,26:2514,27:2643,28:2602,29:2606,30:2440,31:3120,32:2626,33:2627,34:2549,35:2420,36:2401,37:3186,38:2580,39:2468,40:3101,41:3161,42:2605,43:2586,44:2973,45:2486,46:2579,47:2621,48:2442,49:2455,50:2626,51:2433,52:2500,53:2352,54:2414,55:2363,56:2588,57:2484,58:2570,59:3252,60:2471,61:3276,62:2431,63:2467,64:2593,65:2373,66:2928,67:2416,68:2603,69:2457,70:2439,71:2520,72:2557,73:3173,74:2364,75:2645,76:2567,77:2493,78:2510,79:2911,80:2463,81:2570,82:2608,83:2595,84:2562,85:2369,86:2591,87:2614,88:2549,89:2582,90:3222,91:2573,92:2357,93:2571,94:2512,95:2500,96:3110,97:2475,98:2449,99:2645,100:2356,101:2464,102:2504,103:3046,104:2624,105:2428,106:3054,107:2981,108:2577,109:2601,110:2564,111:2553,112:2360,113:2431,114:2394,115:2388,116:2504,117:2616,118:2509,119:2369,120:2538,121:3120,122:2363,123:2622,124:2530,125:2533,126:2418,127:2600,128:2545,129:2596,130:2526,131:2371,132:2415,133:2350,134:2483,135:2387,136:2494,137:2379,138:3085,139:2454,140:2428,141:2377,142:2409,143:2416,144:3008,145:2354,146:2448,147:2569,148:2933,149:2371,150:2553,151:2626,152:2641,153:3262,154:3199,155:2432,156:2461,157:2491,158:2482,159:2466,160:2440,161:2517,162:3193,163:3234,164:2500,165:3178,166:2611,167:2580,168:2963,169:3042,170:2514,171:2389,172:2352,173:2588,174:2450,175:2499,176:3256,177:2538,178:2362,179:2395,180:2587,181:2619,182:2451,183:3212,184:3268,185:2524,186:2427,187:3032,188:2485,189:2522,190:2450,191:2417,192:2447,193:2525,194:3093,195:2609,196:2448,197:2555,198:2538,199:2598,200:2508,201:2614,202:2374,203:2576,204:2531,205:2649,206:2374,207:2418,208:2525,209:2566,210:3245,211:2630,212:3133,213:3151,214:3133,215:2526,216:2470,217:2419,218:2543,219:2367,220:2641,221:2587,222:2429,223:3234,224:2493,225:2596,226:2581,227:2356,228:2494,229:2451,230:2497,231:2368,232:2372,233:2518,234:3219,235:2541,236:2378,237:2622,238:2577,239:2478,240:2519,241:2549,242:2616,243:2444,244:3010,245:2427,246:2442,247:2489,248:2583,249:2587,250:3233,251:2607,252:2375,253:2593,254:2443,255:2509,256:2427,257:2431,258:2463,259:2624,260:2447,261:2433,262:2495,263:2449,264:3016,265:3230,266:2494,267:2478,268:3220,269:3149,270:2914,271:2998,272:2440,273:2589,274:2547,275:2492,276:2998,277:2625,278:2490,279:3268,280:2442,281:2487,282:2555,283:2641,284:3048,285:2450,286:2507,287:2359,288:2378,289:2542,290:2395,291:2483,292:2560,293:2522,294:2945,295:2503,296:2425,297:2421,298:2574,299:2501,300:2454,301:2444,302:3070,303:2637,304:2534,305:3170,306:2483,307:2644,308:2436,309:3280,310:2506,311:2578,312:2620,313:2409,314:2568,315:3250,316:3189,317:2480,318:2565,319:2983,320:2480,321:2568,322:2431,323:2637,324:2577,325:3062,326:2523,327:2648,328:2482,329:2414,330:2374,331:2598,332:2635,333:2476,334:2543,335:2566,336:2523,337:2426,338:2373,339:2495,340:2624,341:2485,342:3246,343:2460,344:2392,345:2521,346:2409,347:2496,348:2597,349:2530,350:2399,351:2359,352:2643,353:2583,354:2528,355:2450,356:2420,357:2401,358:2646,359:2358
0:2573,1:2488,2:2400,3:2367,4:2519,5:2413,6:2513,7:2466,8:2483,9:3044,10:2355,11:2460,12:2588,13:2355,14:2549,15:2397,16:2589,17:2426,18:2647,19:2484,20:2548,21:2971,22:2527,23:2635,24:3066,25:3188,26:2592,27:2602,28:2640,29:2384,30:2545,31:2353,32:2613,33:2443,34:3288,35:2448,36:2499,37:2514,38:2624,39:2439,40:2592,41:3261,42:3275,43:2536,44:2626,45:2572,46:2501,47:2383,48:3150,49:2408,50:2613,51:2624,52:2648,53:3294,54:2438,55:2536,56:2517,57:2623,58:2596,59:2630,60:2571,61:2566,62:2509,63:2367,64:2509,65:3066,66:2613,67:2581,68:2436,69:2432,70:2593,71:3299,72:2466,73:2542,74:3119,75:2372,76:2593,77:2418,78:2477,79:2617,80:2462,81:2407,82:2522,83:2505,84:2546,85:2565,86:2370,87:2410,88:2396,89:3098,90:2471,91:2642,92:2583,93:2379,94:2497,95:3014,96:2643,97:2399,98:2627,99:2464,100:2391,101:2459,102:2539,103:2388,104:3284,105:2573,106:2352,107:2506,108:2446,109:2360,110:2454,111:2490,112:2409,113:2398,114:2479,115:2481,116:2515,117:2481,118:2405,119:2602,120:2584,121:2439,122:3123,123:2412,124:3289,125:2583,126:3201,127:3276,128:2427,129:2519,130:2411,131:2631,132:2607,133:2489,134:2365,135:2554,136:2459,137:2601,138:2427,139:2357,140:2409,141:2557,142:2580,143:2358,144:2906,145:2477,146:2418,147:2580,148:2517,149:2595,150:2601,151:2404,152:2474,153:2357,154:2450,155:2517,156:2378,157:2513,158:2377,159:2592,160:2398,161:2473,162:2365,163:2634,164:2569,165:2518,166:2587,167:2976,168:2537,169:2563,170:2357,171:2442,172:2601,173:2633,174:2413,175:2523,176:3213,177:2998,178:2441,179:2352,180:2588,181:2426,182:2384,183:2498,184:2372,185:2601,186:2645,187:3025,188:2643,189:2480,190:2910,191:2633,192:2566,193:2527,194:2437,195:2408,196:2416,197:2384,198:2399,199:2606,200:2499,201:2354,202:2353,203:2412,204:2646,205:2413,206:2547,207:2532,208:2424,209:2575,210:3008,211:2400,212:2903,213:2357,214:2474,215:2635,216:2362,217:3220,218:2618,219:2434,220:2408,221:2482,222:2523,223:2431,224:2504,225:2541,226:2537,227:2469,228:2991,229:2475,230:2557,231:2543,232:2434,233:2954,234:2519,235:2532,236:3249,237:3156,238:2471,239:2940,240:2599,241:2376,242:2463,243:2607,244:2446,245:3182,246:2483,247:2546,248:2361,249:3008,250:2557,251:3124,252:2451,253:2612,254:2552,255:2548,256:2638,257:2493,258:3174,259:2466,260:2368,261:2399,262:2546,263:2525,264:2422,265:2553,266:2464,267:2392,268:2489,269:2443,270:2539,271:2574,272:2635,273:2389,274:2429,275:2425,276:2448,277:2560,278:2424,279:3250,280:2376,281:2563,282:2570,283:2488,284:2612,285:2587,286:2539,287:2513,288:2642,289:2478,290:2454,291:2355,292:2610,293:2486,294:2495,295:2396,296:2369,297:2498,298:2491,299:2376,300:2449,301:2557,302:2618,303:2401,304:2554,305:2543,306:2643,307:3229,308:2420,309:2474,310:2379,311:2635,312:2575,313:2432,314:2528,315:2579,316:2431,317:2406,318:3223,319:2489,320:2374,321:2547,322:2498,323:2567,324:3213,325:2482,326:2633,327:2480,328:2598,329:2476,330:2494,331:2626,332:2353,333:2619,334:2490,335:3034,336:3254,337:2478,338:2926,339:2639,340:3270,341:3156,342:2524,343:2535,344:2489,345:2606,346:2583,347:2633,348:2454,349:2625,350:2354,351:2647,352:3001,353:3097,354:2512,355:2575,356:2528,357:3152,358:2631,359:2408
0:2417,1:2410,2:2500,3:2372,4:2367,5:2365,6:2370,7:2981,8:2611,9:3250,10:2426,11:2608,12:2409,13:3213,14:2614,15:2564,16:2527,17:2603,18:2562,19:3181,20:3111,21:2580,22:2639,23:3267,24:2602,25:2564,26:3076,27:2638,28:2397,29:2520,30:2626,31:2406,32:2583,33:2527,34:2441,35:2456,36:2434,37:2962,38:2568,39:2475,40:2525,41:2363,42:2358,43:2539,44:2359,45:2396,46:2485,47:3067,48:2592,49:2460,50:2401,51:2584,52:2397,53:2413,54:2372,55:2627,56:2418,57:2564,58:2476,59:2590,60:2384,61:2461,62:2449,63:2468,64:2441,65:2504,66:2444,67:2622,68:2488,69:2576,70:2504,71:2380,72:2517,73:2982,74:2965,75:2599,76:3146,77:2447,78:2398,79:2635,80:2478,81:2532,82:2480,83:2382,84:2377,85:2422,86:2521,87:2442,88:2370,89:2504,90:2554,91:2510,92:3230,93:2920,94:2592,95:2527,96:2573,97:2627,98:2520,99:2535,100:2614,101:2549,102:2371,103:2370,104:2451,105:2451,106:2571,107:2439,108:2400,109:2517,110:2984,111:2372,112:2615,113:2398,114:2397,115:2359,116:2540,117:2375,118:2532,119:2508,120:2421,121:2439,122:2391,123:2648,124:2900,125:2635,126:2973,127:2577,128:2534,129:2392,130:2396,131:3163,132:2629,133:2612,134:2555,135:2523,136:2459,137:2388,138:2416,139:2440,140:2520,141:2387,142:2508,143:2547,144:2525,145:2438,146:2582,147:2413,148:3042,149:2643,150:2497,151:2496,152:3011,153:2403,154:2392,155:2592,156:2397,157:3156,158:2621,159:2379,160:2991,161:2577,162:2594,163:2646,164:3039,165:2549,166:2987,167:2478,168:2946,169:2522,170:2625,171:2423,172:2523,173:2534,174:2512,175:2380,176:2453,177:2558,178:2475,179:2594,180:2352,181:2409,182:2492,183:2431,184:2489,185:3001,186:2944,187:2472,188:2555,189:2421,190:2476,191:2459,192:3102,193:2351,194:2378,195:3212,196:2546,197:2545,198:2424,199:3274,200:2442,201:2365,202:2571,203:2384,204:2445,205:3264,206:2394,207:2417,208:2506,209:2387,210:2646,211:2459,212:2514,213:2363,214:2573,215:2351,216:2411,217:2470,218:2599,219:2366,220:2577,221:2984,222:2622,223:2433,224:2483,225:2355,226:2646,227:2470,228:2414,229:2445,230:2358,231:2508,232:3061,233:2601,234:2590,235:3148,236:2649,237:2492,238:2368,239:2605,240:2363,241:2427,242:3196,243:2639,244:2494,245:2606,246:2404,247:2560,248:3207,249:2525,250:3224,251:2604,252:2570,253:2500,254:2405,255:2498,256:2410,257:2443,258:3069,259:2518,260:2488,261:2500,262:3258,263:2568,264:2360,265:2384,266:2442,267:2364,268:2384,269:2511,270:2594,271:2465,272:2538,273:2390,274:2634,275:2617,276:3122,277:2414,278:2910,279:2422,280:2396,281:3264,282:2634,283:2572,284:2480,285:2378,286:2613,287:2520,288:2446,289:2544,290:2443,291:2572,292:2492,293:2459,294:2514,295:2543,296:2496,297:2394,298:2509,299:2534,300:3166,301:2417,302:2566,303:2924,304:2444,305:2617,306:2453,307:2638,308:2492,309:2550,310:2574,311:2498,312:2487,313:2487,314:2623,315:2586,316:2350,317:2638,318:2367,319:2589,320:2624,321:3228,322:3054,323:2354,324:2425,325:2577,326:2402,327:2619,328:2396,329:2409,330:2580,331:2378,332:2591,333:2516,334:2598,335:3298,336:2533,337:2648,338:2506,339:2468,340:2566,341:2637,342:2584,343:3143,344:2647,345:2563,346:3037,347:2591,348:3144,349:2429,350:2479,351:2607,352:3235,353:2488,354:2468,355:2608,356:2585,357:2634,358:2435,359:2532
0:2484,1:2506,2:2417,3:2495,4:2492,5:2430,6:2614,7:2585,8:2381,9:2407,10:2626,11:2479,12:2597,13:2440,14:2423,15:2569,16:2640,17:2432,18:2562,19:2380,20:2432,21:3001,22:2538,23:3105,24:2545,25:2619,26:2523,27:2386,28:2648,29:2419,30:3076,31:2637,32:2593,33:2516,34:2494,35:3031,36:2585,37:2408,38:3103,39:2608,40:2492,41:3026,42:2489,43:2533,44:2451,45:2997,46:2495,47:2477,48:2604,49:2392,50:2607,51:2444,52:2426,53:2379,54:2467,55:3168,56:2414,57:2963,58:2555,59:2354,60:3261,61:2501,62:2640,63:2590,64:2434,65:2430,66:2458,67:2388,68:2545,69:2499,70:2488,71:2479,72:2386,73:2388,74:2564,75:2563,76:2465,77:2631,78:2647,79:2635,80:2509,81:2516,82:2576,83:3055,84:2358,85:2542,86:3267,87:2602,88:3109,89:3247,90:2496,91:2631,92:2600,93:2391,94:2468,95:2569,96:2379,97:2569,98:2552,99:3205,100:2371,101:2425,102:2512,103:2519,104:3219,105:2489,106:2609,107:2455,108:2517,109:2375,110:2384,111:3014,112:2629,113:2487,114:2412,115:2502,116:3022,117:3132,118:2427,119:2487,120:2585,121:2372,122:2606,123:3114,124:2510,125:2444,126:2440,127:2584,128:2957,129:2406,130:2413,131:2354,132:3006,133:2563,134:2497,135:2420,136:2490,137:2924,138:2645,139:2396,140:2648,141:2526,142:2540,143:3187,144:2492,145:2441,146:2461,147:2635,148:2497,149:2635,150:2517,151:2554,152:3269,153:2433,154:2589,155:2444,156:2915,157:2526,158:2535,159:3054,160:2592,161:2410,162:2525,163:3151,164:2436,165:2468,166:2396,167:2423,168:2416,169:2367,170:3166,171:2511,172:2358,173:2504,174:2355,175:2409,176:2505,177:2554,178:2476,179:2448,180:2384,181:2452,182:2386,183:2995,184:2633,185:2480,186:2373,187:2366,188:2474,189:2462,190:2537,191:3099,192:2395,193:2428,194:2485,195:2514,196:2551,197:2486,198:2450,199:2592,200:2642,201:2477,202:3009,203:2455,204:2390,205:2611,206:3187,207:2353,208:2638,209:2440,210:2510,211:2452,212:2551,213:2452,214:3155,215:2519,216:2434,217:3050,218:2523,219:2526,220:2565,221:2415,222:2485,223:2610,224:2412,225:2593,226:2553,227:2584,228:2554,229:2619,230:3082,231:3175,232:2403,233:2606,234:2502,235:2406,236:2464,237:2586,238:2385,239:2417,240:2527,241:2590,242:2459,243:2592,244:2429,245:2382,246:2434,247:2457,248:2494,249:2475,250:2364,251:2385,252:2554,253:2512,254:2455,255:2502,256:3191,257:2427,258:2426,259:2503,260:2453,261:3078,262:2615,263:2366,264:2579,265:2649,266:2538,267:2615,268:2454,269:2504,270:2429,271:2429,272:2520,273:2495,274:2448,275:2372,276:3097,277:2429,278:2379,279:2531,280:2438,281:2613,282:2538,283:2378,284:2440,285:2367,286:2401,287:2558,288:3087,289:3120,290:2631,291:2402,292:2988,293:2498,294:2445,295:2472,296:2628,297:3086,298:2384,299:2396,300:2648,301:2585,302:2387,303:2559,304:2460,305:2459,306:2485,307:2582,308:2602,309:2996,310:2367,311:2366,312:2586,313:2521,314:2366,315:2428,316:2946,317:2609,318:2417,319:2356,320:2433,321:2579,322:3240,323:2464,324:2570,325:2497,326:2542,327:2366,328:2618,329:2439,330:3091,331:2440,332:2415,333:2560,334:2585,335:2620,336:2380,337:2533,338:2584,339:2589,340:2536,341:2503,342:2461,343:2394,344:2482,345:3187,346:2427,347:2619,348:2382,349:2409,350:2501,351:3270,352:2626,353:2535,354:3233,355:2495,356:2450,357:2634,358:2514,359:2412
0:2417,1:2386,2:2499,3:2469,4:2389,5:2545,6:2519,7:2621,8:2637,9:2551,10:2538,11:2632,12:2514,13:2508,14:2458,15:2368,16:2383,17:2391,18:2509,19:2590,20:2579,21:2621,22:2538,23:2392,24:2458,25:2418,26:2384,27:2427,28:2438,29:2572,30:2636,31:2412,32:2508,33:2591,34:3228,35:2560,36:2612,37:2612,38:2425,39:2449,40:2535,41:2387,42:2606,43:3115,44:2443,45:2580,46:2415,47:2467,48:2931,49:2530,50:2411,51:2399,52:2602,53:2609,54:2499,55:3285,56:2403,57:2521,58:2437,59:2355,60:2502,61:3036,62:2556,63:2518,64:2649,65:2449,66:2542,67:2927,68:2429,69:2553,70:2474,71:2358,72:2405,73:2900,74:2428,75:2449,76:2417,77:2537,78:2615,79:3269,80:2610,81:2428,82:2524,83:2375,84:2571,85:3116,86:2367,87:2505,88:2502,89:2581,90:3116,91:2361,92:2531,93:2548,94:2602,95:2632,96:2436,97:2500,98:2406,99:2606,100:2582,101:2430,102:2397,103:2599,104:3209,105:2599,106:3243,107:2481,108:2404,109:2598,110:3097,111:2619,112:2600,113:2551,114:2545,115:2460,116:2354,117:2600,118:2646,119:2483,120:2564,121:2359,122:2637,123:2585,124:2374,125:3218,126:2487,127:2389,128:2538,129:2598,130:2558,131:2409,132:2611,133:2409,134:2606,135:2385,136:2367,137:2633,138:2637,139:2576,140:2534,141:2608,142:2640,143:2458,144:3076,145:2633,146:2394,147:2504,148:2470,149:2536,150:2390,151:2502,152:2621,153:3270,154:2452,155:3171,156:2610,157:2909,158:2490,159:2583,160:2647,161:2529,162:2639,163:3152,164:2613,165:2381,166:2354,167:2459,168:3184,169:2609,170:2575,171:2436,172:2467,173:2405,174:2523,175:2465,176:2422,177:2592,178:2378,179:2545,180:2419,181:2552,182:2369,183:3026,184:3077,185:2450,186:2364,187:3151,188:2499,189:3152,190:2350,191:2428,192:2372,193:2624,194:2640,195:2647,196:2625,197:3203,198:3062,199:2578,200:3270,201:2438,202:2400,203:3244,204:2610,205:2527,206:2359,207:2397,208:2430,209:2575,210:2408,211:2361,212:2627,213:2477,214:2569,215:2596,216:2381,217:2503,218:2368,219:2967,220:2646,221:2443,222:2484,223:2648,224:2360,225:2951,226:2542,227:2505,228:2435,229:2401,230:2530,231:3244,232:2584,233:2624,234:2554,235:2472,236:2618,237:2358,238:2643,239:2626,240:2466,241:2539,242:3043,243:3268,244:2518,245:2430,246:2412,247:2440,248:2416,249:2520,250:2586,251:2576,252:2465,253:3218,254:3183,255:2366,256:2427,257:2576,258:2461,259:2578,260:3044,261:2354,262:2372,263:2628,264:2440,265:2565,266:2370,267:2477,268:2632,269:2473,270:2388,271:2943,272:2599,273:2605,274:2527,275:2646,276:2403,277:2529,278:2364,279:2545,280:2400,281:2641,282:2419,283:2387,284:2411,285:2518,286:2435,287:2448,288:2642,289:3065,290:2530,291:2998,292:2916,293:2351,294:2628,295:2442,296:3009,297:2528,298:2641,299:2485,300:2646,301:2518,302:3260,303:3097,304:2415,305:2471,306:2378,307:2540,308:2551,309:2561,310:2542,311:2558,312:2639,313:2537,314:2378,315:2420,316:2516,317:2413,318:2381,319:2617,320:2424,321:2445,322:2590,323:2379,324:3034,325:3078,326:2578,327:2425,328:2476,329:2478,330:2490,331:2477,332:2649,333:2605,334:2602,335:2356,336:2395,337:2610,338:2631,339:2460,340:2637,341:3161,342:2381,343:2529,344:2470,345:2412,346:2350,347:2557,348:2609,349:2356,350:2619,351:2391,352:3138,353:2421,354:2605,355:2571,356:3242,357:2649,358:2543,359:2945
0:2388,1:2461,2:2407,3:3089,4:2416,5:2498,6:2362,7:3171,8:2476,9:2379,10:2410,11:2588,12:2588,13:2473,14:3161,15:2506,16:3101,17:2592,18:2563,19:2616,20:2514,21:2480,22:2422,23:2497,24:2478,25:3196,26:2465,27:2558,28:2472,29:2453,30:2463,31:3261,32:2541,33:2480,34:2502,35:3104,36:2460,37:2430,38:2646,39:2597,40:2491,41:3008,42:2550,43:2501,44:2497,45:2472,46:2449,47:2555,48:2571,49:2447,50:2515,51:2476,52:2398,53:3013,54:2387,55:2569,56:2414,57:2497,58:2617,59:2445,60:2537,61:2480,62:2605,63:2436,64:2430,65:3193,66:2621,67:2524,68:2366,69:2517,70:2372,71:2352,72:2538,73:2530,74:2388,75:2556,76:2639,77:2629,78:2532,79:2467,80:2492,81:2530,82:2997,83:2452,84:2419,85:3285,86:2641,87:2394,88:2464,89:2565,90:2565,91:2413,92:2603,93:2360,94:2548,95:2434,96:2966,97:2619,98:2447,99:3272,100:2410,101:3283,102:2486,103:2435,104:2600,105:3185,106:2368,107:2636,108:2609,109:2362,110:2589,111:2597,112:2398,113:2646,114:2503,115:2555,116:2417,117:2435,118:2583,119:2592,120:2541,121:3054,122:2562,123:2512,124:2461,125:2543,126:2465,127:2387,128:2532,129:2933,130:2564,131:2414,132:3230,133:3192,134:3092,135:2484,136:2476,137:3115,138:2529,139:2637,140:2623,141:2563,142:2626,143:2643,144:2510,145:2459,146:2603,147:2480,148:2639,149:2390,150:2475,151:2531,152:3002,153:2423,154:2362,155:2576,156:2542,157:2475,158:2501,159:2545,160:2424,161:2577,162:2529,163:2422,164:2409,165:3124,166:2559,167:2628,168:2402,169:2552,170:2428,171:2464,172:2581,173:2643,174:2431,175:2614,176:2441,177:2400,178:2601,179:2436,180:2381,181:2598,182:2395,183:3198,184:2548,185:2574,186:2415,187:2416,188:2436,189:2594,190:2460,191:2648,192:2397,193:2638,194:2477,195:2486,196:2628,197:2378,198:2430,199:2444,200:2495,201:2507,202:2610,203:3227,204:2558,205:2487,206:2647,207:2352,208:2484,209:2607,210:2493,211:2453,212:2546,213:2411,214:2371,215:2608,216:2917,217:2447,218:2415,219:3067,220:2365,221:2469,222:2608,223:2999,224:2544,225:2594,226:2556,227:2629,228:2389,229:2533,230:2538,231:2525,232:2501,233:3171,234:2527,235:2634,236:2560,237:2416,238:3250,239:2609,240:2402,241:3094,242:2506,243:3107,244:2361,245:2601,246:2355,247:2535,248:2444,249:2381,250:2522,251:2395,252:3158,253:2458,254:2499,255:2514,256:2482,257:2489,258:2640,259:2530,260:3064,261:2615,262:2607,263:2525,264:2537,265:2456,266:2375,267:2378,268:3074,269:3036,270:2644,271:2529,272:2405,273:2359,274:2401,275:2389,276:2558,277:2382,278:3179,279:2596,280:2538,281:2583,282:2559,283:2616,284:2423,285:2435,286:2440,287:2542,288:2507,289:2516,290:2554,291:2531,292:2620,293:2643,294:2377,295:2405,296:2636,297:2604,298:2449,299:2484,300:2601,301:2581,302:2977,303:2377,304:2572,305:2353,306:2373,307:2604,308:2502,309:2394,310:2366,311:2634,312:2369,313:2513,314:3053,315:2602,316:3091,317:2444,318:2472,319:2631,320:2420,321:2503,322:2384,323:2526,324:2493,325:3135,326:2560,327:2459,328:2424,329:2575,330:2564,331:2454,332:2389,333:2547,334:3228,335:2914,336:2446,337:3142,338:2629,339:2370,340:2593,341:2449,342:2490,343:2588,344:2405,345:2362,346:2445,347:2556,348:2413,349:2562,350:2515,351:2440,352:3278,353:2422,354:2368,355:2586,356:3074,357:2527,358:2601,359:2454
0:2596,1:2469,2:2405,3:2468,4:2379,5:2403,6:2508,7:2504,8:2425,9:2392,10:2506,11:2434,12:2575,13:2521,14:2615,15:2910,16:2575,17:2436,18:2360,19:2545,20:2605,21:2533,22:2378,23:2591,24:2549,25:2528,26:2548,27:2987,28:2565,29:3200,30:2648,31:2366,32:2418,33:2521,34:2526,35:2545,36:2576,37:2628,38:2606,39:2419,40:2507,41:2499,42:2548,43:2573,44:2464,45:2448,46:2408,47:2383,48:2579,49:2625,50:2392,51:2467,52:2469,53:2358,54:2602,55:2539,56:2547,57:3190,58:2526,59:2603,60:2952,61:2597,62:2611,63:2970,64:2356,65:3043,66:3278,67:2495,68:2593,69:2377,70:3229,71:2399,72:2583,73:2431,74:2609,75:2386,76:2470,77:3014,78:2562,79:2371,80:2528,81:3127,82:2591,83:2483,84:2424,85:2560,86:3186,87:2595,88:2386,89:3133,90:2576,91:2614,92:2386,93:2393,94:2478,95:2400,96:2504,97:2632,98:2374,99:3190,100:2530,101:2409,102:2360,103:2551,104:2352,105:3182,106:3221,107:2384,108:3192,109:2567,110:2489,111:2497,112:2517,113:2598,114:2545,115:2451,116:3189,117:2357,118:2560,119:3039,120:2413,121:2997,122:2421,123:2475,124:2475,125:2594,126:2415,127:2523,128:2457,129:2560,130:2522,131:2512,132:2376,133:2487,134:2353,135:2358,136:2509,137:2591,138:2434,139:3203,140:3070,141:2596,142:2474,143:2623,144:3146,145:2362,146:2532,147:2552,148:2445,149:2370,150:2522,151:3083,152:2644,153:3137,154:2632,155:2404,156:2353,157:3159,158:2484,159:2473,160:3241,161:2356,162:2464,163:2407,164:2487,165:3276,166:2508,167:2554,168:2493,169:3224,170:2589,171:2396,172:2505,173:2532,174:3125,175:2492,176:2425,177:2460,178:2540,179:2497,180:2410,181:2400,182:3208,183:2649,184:2648,185:2447,186:2396,187:2566,188:2602,189:2450,190:2386,191:2615,192:2422,193:2354,194:2418,195:2379,196:2535,197:2496,198:2488,199:2647,200:2565,201:2417,202:2529,203:2559,204:2522,205:2546,206:2965,207:2596,208:2352,209:3179,210:2591,211:2408,212:2443,213:3210,214:2612,215:2405,216:2450,217:2927,218:2486,219:2381,220:2608,221:2500,222:2513,223:2618,224:2467,225:2977,226:2581,227:2599,228:2406,229:2578,230:3223,231:2495,232:2491,233:2461,234:2610,235:2383,236:2365,237:2403,238:2485,239:2590,240:2555,241:3076,242:2414,243:2516,244:3206,245:2422,246:2599,247:3295,248:2500,249:2396,250:2526,251:2484,252:2528,253:2611,254:2622,255:2605,256:2588,257:2396,258:2620,259:2474,260:2633,261:2907,262:2523,263:2558,264:2391,265:2477,266:2443,267:2379,268:2457,269:2520,270:2379,271:2642,272:3283,273:2506,274:2604,275:2478,276:2420,277:2497,278:2417,279:2360,280:2355,281:2382,282:2462,283:2639,284:2466,285:3208,286:2584,287:2548,288:3040,289:2413,290:2382,291:2635,292:2450,293:2629,294:2402,295:3143,296:2626,297:2649,298:2521,299:2369,300:2476,301:2444,302:2484,303:3129,304:2540,305:2435,306:2466,307:2611,308:2609,309:2430,310:2607,311:2987,312:2564,313:2438,314:2624,315:2402,316:2578,317:3089,318:3100,319:2957,320:2430,321:2404,322:2580,323:2361,324:2631,325:2403,326:2476,327:3007,328:2508,329:2989,330:2519,331:2552,332:2509,333:2378,334:2616,335:2354,336:2589,337:2569,338:2453,339:2539,340:2642,341:2549,342:2433,343:2624,344:2377,345:2626,346:2627,347:2413,348:2364,349:2616,350:2361,351:2504,352:3185,353:2647,354:2533,355:2508,356:3115,357:2587,358:2355,359:2510
0:2573,1:2599,2:2615,3:2407,4:2933,5:2533,6:2635,7:2358,8:3192,9:2461,10:2538,11:2435,12:2540,13:2389,14:2411,15:2412,16:3190,17:2405,18:2610,19:2648,20:2649,21:2619,22:2406,23:2465,24:2578,25:2990,26:2542,27:2610,28:2404,29:2353,30:2360,31:2645,32:2545,33:2574,34:2469,35:2520,36:2559,37:2580,38:2384,39:2502,40:3236,41:2479,42:2436,43:2569,44:2512,45:2545,46:2453,47:2537,48:2359,49:2403,50:2467,51:2617,52:2569,53:2638,54:2505,55:2624,56:2517,57:2625,58:3125,59:2445,60:2622,61:2384,62:2597,63:2359,64:2361,65:2622,66:2350,67:2921,68:3144,69:2381,70:2599,71:2938,72:2444,73:2558,74:2462,75:2570,76:2365,77:2353,78:2502,79:2404,80:2479,81:2610,82:2355,83:2451,84:2360,85:3289,86:2486,87:2566,88:2557,89:2544,90:2416,91:2428,92:2461,93:2466,94:2409,95:2477,96:2356,97:2562,98:2496,99:2474,100:2919,101:2635,102:2576,103:2606,104:2533,105:2617,106:2370,107:2603,108:2620,109:2495,110:2489,111:2467,112:2447,113:2359,114:2364,115:2562,116:2556,117:2388,118:2616,119:2607,120:2537,121:2492,122:2648,123:2401,124:2521,125:2570,126:2635,127:2581,128:2458,129:2515,130:2591,131:2396,132:2580,133:2498,134:2533,135:3131,136:2563,137:2604,138:2919,139:2362,140:2542,141:2466,142:2450,143:2588,144:2497,145:2527,146:2572,147:2970,148:2445,149:2534,150:2458,151:3135,152:2393,153:3001,154:2564,155:2622,156:2607,157:2416,158:2553,159:2601,160:2532,161:2909,162:2461,163:2628,164:2571,165:2624,166:2375,167:2590,168:3060,169:2436,170:2593,171:3285,172:2393,173:2572,174:2528,175:2537,176:2554,177:2425,178:2350,179:2370,180:2443,181:2511,182:2512,183:2943,184:2621,185:2990,186:2627,187:2483,188:2624,189:2510,190:2572,191:2625,192:2514,193:2476,194:2588,195:2476,196:2445,197:2473,198:2362,199:2491,200:2497,201:2526,202:2640,203:2396,204:2400,205:2495,206:2956,207:3197,208:2432,209:2371,210:2433,211:3080,212:2359,213:2991,214:2469,215:2461,216:2561,217:2645,218:2507,219:2506,220:2420,221:3022,222:2611,223:2416,224:2501,225:2620,226:2525,227:3120,228:2499,229:2577,230:2469,231:3009,232:3290,233:2634,234:2355,235:2383,236:2369,237:3164,238:2389,239:2558,240:2927,241:2608,242:2541,243:2644,244:2510,245:2511,246:2361,247:2611,248:2357,249:2965,250:3083,251:2445,252:2422,253:2371,254:2478,255:2916,256:2580,257:2362,258:2498,259:2372,260:2636,261:2621,262:2632,263:3133,264:2583,265:2559,266:2358,267:2613,268:2416,269:2418,270:2440,271:2443,272:2524,273:2384,274:3091,275:2512,276:2493,277:2377,278:2508,279:2383,280:2620,281:3108,282:2512,283:2529,284:2396,285:2384,286:2569,287:2431,288:2609,289:2401,290:2422,291:2351,292:2432,293:2461,294:2370,295:2365,296:2620,297:2422,298:2465,299:2644,300:3163,301:2629,302:2968,303:2367,304:3191,305:2408,306:2388,307:2959,308:3290,309:2469,310:2602,311:3046,312:2491,313:2495,314:2610,315:2581,316:2607,317:3037,318:2623,319:2425,320:2619,321:2631,322:2545,323:2372,324:2572,325:2562,326:2421,327:3014,328:3000,329:2972,330:2959,331:2596,332:2475,333:2568,334:2479,335:2593,336:2930,337:2398,338:2408,339:2496,340:2601,341:2445,342:2631,343:2405,344:2357,345:3149,346:2498,347:2586,348:2509,349:2389,350:2575,351:2364,352:2907,353:2403,354:2639,355:2416,356:2544,357:3222,358:3111,359:3071
0:2432,1:2472,2:2436,3:2442,4:2458,5:2424,6:3291,7:2515,8:2550,9:2406,10:2423,11:3156,12:2459,13:2411,14:2535,15:2640,16:2649,17:2463,18:2554,19:2579,20:2554,21:3101,22:2574,23:2379,24:2365,25:2355,26:2612,27:2541,28:2514,29:2479,30:2364,31:2494,32:2637,33:2590,34:2942,35:2624,36:3204,37:2354,38:2615,39:2591,40:2385,41:2422,42:2455,43:2535,44:2427,45:2422,46:3074,47:2393,48:2572,49:2909,50:2509,51:2356,52:2551,53:2624,54:3281,55:2586,56:2601,57:2639,58:2582,59:2495,60:2593,61:2593,62:2608,63:2520,64:2393,65:2485,66:2558,67:2482,68:2389,69:2618,70:2626,71:2391,72:2528,73:3166,74:2400,75:2929,76:2634,77:2930,78:2645,79:2526,80:3202,81:2529,82:3295,83:2543,84:3244,85:2565,86:2902,87:2943,88:2477,89:2601,90:2454,91:2624,92:2376,93:2379,94:3166,95:3211,96:2476,97:3279,98:2923,99:2374,100:2606,101:2478,102:2361,103:2567,104:2407,105:2432,106:2360,107:3029,108:2545,109:2620,110:2390,111:2431,112:2473,113:2413,114:2618,115:2642,116:2596,117:2972,118:3099,119:2622,120:2360,121:2632,122:3161,123:2375,124:2551,125:2554,126:2639,127:3220,128:2471,129:2429,130:2382,131:2425,132:2402,133:2589,134:3018,135:3252,136:2399,137:2389,138:2632,139:2410,140:2408,141:2633,142:2350,143:2569,144:2510,145:3125,146:2613,147:3084,148:2924,149:2641,150:2399,151:2621,152:2436,153:2398,154:2539,155:2913,156:2994,157:2421,158:2417,159:3042,160:2485,161:2559,162:2497,163:2446,164:2466,165:2953,166:2375,167:2584,168:2603,169:2431,170:2365,171:2508,172:2435,173:2379,174:2619,175:2418,176:2410,177:2360,178:2469,179:2571,180:2409,181:2558,182:3060,183:2504,184:2424,185:2519,186:2541,187:2488,188:2499,189:2451,190:2561,191:2576,192:2582,193:2359,194:2647,195:2376,196:2570,197:2547,198:2605,199:2489,200:2918,201:2421,202:2413,203:2534,204:2621,205:2363,206:2542,207:2533,208:2449,209:2501,210:2439,211:2588,212:2973,213:2506,214:2626,215:2603,216:2593,217:3038,218:2393,219:2645,220:2975,221:2978,222:2387,223:2642,224:2524,225:3171,226:2359,227:2358,228:2404,229:2509,230:2492,231:2495,232:2572,233:2355,234:2632,235:2631,236:2435,237:2446,238:3090,239:2541,240:2642,241:2404,242:2480,243:3080,244:3183,245:3171,246:2644,247:2484,248:2369,249:3118,250:2613,251:2593,252:2484,253:2380,254:2529,255:2592,256:2630,257:2535,258:2603,259:2404,260:2511,261:2950,262:2450,263:2602,264:2530,265:2523,266:2964,267:2549,268:2523,269:2578,270:2403,271:2566,272:2585,273:2554,274:3298,275:2640,276:3254,277:2557,278:2519,279:2563,280:2564,281:2517,282:2458,283:2619,284:2360,285:2366,286:2598,287:2455,288:2610,289:3260,290:2620,291:2481,292:2635,293:2498,294:2486,295:2523,296:2470,297:2629,298:2497,299:2601,300:3201,301:2560,302:2425,303:2487,304:2371,305:2367,306:2444,307:3204,308:2490,309:2562,310:2540,311:2452,312:2980,313:2621,314:2412,315:2634,316:2389,317:2423,318:2586,319:2978,320:2493,321:2632,322:2522,323:2492,324:2595,325:2387,326:2411,327:2484,328:2517,329:2562,330:2443,331:2563,332:3004,333:2423,334:2477,335:2539,336:2409,337:2509,338:2587,339:2613,340:2540,341:2624,342:2646,343:2363,344:2613,345:3215,346:2569,347:2973,348:2436,349:2508,350:2555,351:2353,352:2542,353:2520,354:2472,355:2484,356:2623,357:3299,358:2634,359:2381
0:3202,1:2576,2:2457,3:3259,4:2634,5:2424,6:2459,7:3057,8:2565,9:2544,10:2441,11:2567,12:3139,13:2614,14:2509,15:2563,16:3035,17:2453,18:2645,19:2587,20:2376,21:3175,22:2458,23:2539,24:2509,25:3012,26:2537,27:2618,28:2356,29:2486,30:2617,31:2604,32:2580,33:2447,34:3115,35:2424,36:2373,37:2647,38:2414,39:2480,40:2637,41:2631,42:3036,43:2565,44:2575,45:2581,46:2555,47:2517,48:3041,49:3167,50:2550,51:3299,52:2423,53:2395,54:2477,55:3119,56:2511,57:2398,58:2649,59:3231,60:2485,61:2448,62:3210,63:2392,64:3195,65:2543,66:2961,67:2446,68:2417,69:3289,70:2451,71:2595,72:2584,73:3188,74:2981,75:2596,76:2376,77:2497,78:2474,79:2372,80:2512,81:2595,82:2628,83:3204,84:2350,85:2362,86:2530,87:2986,88:2563,89:2517,90:2357,91:3070,92:2606,93:2369,94:2566,95:2475,96:2632,97:2363,98:2412,99:2519,100:2618,101:2634,102:2605,103:2492,104:2552,105:2356,106:2912,107:2594,108:2438,109:2578,110:2364,111:2589,112:2572,113:3267,114:2572,115:2499,116:2370,117:2365,118:2421,119:2479,120:2608,121:2603,122:2649,123:3098,124:2617,125:2493,126:2419,127:2563,128:2460,129:2470,130:2628,131:2510,132:2503,133:2564,134:3115,135:2530,136:2564,137:2554,138:3288,139:2936,140:2528,141:2515,142:2641,143:2365,144:2527,145:2422,146:2511,147:2402,148:2461,149:2585,150:2978,151:2370,152:2482,153:2493,154:2388,155:2595,156:2442,157:2471,158:2590,159:2535,160:2531,161:2610,162:2581,163:2506,164:2491,165:2530,166:2512,167:3145,168:2508,169:2443,170:2395,171:2547,172:2559,173:2408,174:2443,175:2544,176:3167,177:2440,178:3067,179:2379,180:2646,181:2492,182:2462,183:2489,184:2518,185:2433,186:2532,187:2567,188:2540,189:2388,190:2458,191:2489,192:2378,193:2356,194:2608,195:2382,196:2522,197:2540,198:2383,199:2423,200:3002,201:2415,202:3029,203:2353,204:2395,205:2550,206:3151,207:3026,208:2527,209:2609,210:2613,211:2595,212:2583,213:3024,214:2354,215:2522,216:2363,217:2393,218:2429,219:2943,220:2381,221:2615,222:2486,223:2504,224:2383,225:2624,226:2434,227:3015,228:2356,229:2610,230:2403,231:2583,232:2568,233:2375,234:3263,235:2378,236:2532,237:2418,238:2928,239:3247,240:2404,241:2411,242:2576,243:2459,244:2598,245:2487,246:2540,247:2599,248:2406,249:2600,250:3239,251:3172,252:2469,253:2602,254:2466,255:2586,256:2442,257:2476,258:2397,259:2436,260:3232,261:2519,262:2629,263:2491,264:2487,265:2961,266:2482,267:2454,268:2441,269:2492,270:2582,271:2534,272:2603,273:2441,274:2432,275:2371,276:2352,277:2443,278:2625,279:2555,280:2520,281:2446,282:2568,283:2476,284:2411,285:2489,286:2415,287:2574,288:3034,289:2481,290:2594,291:2477,292:2356,293:2593,294:2625,295:2555,296:2579,297:2536,298:2638,299:2388,300:2495,301:2394,302:2617,303:2575,304:2489,305:2466,306:2378,307:2446,308:3180,309:2544,310:2466,311:2597,312:2386,313:2956,314:2394,315:2601,316:2611,317:3069,318:3071,319:2575,320:2531,321:2624,322:2622,323:2557,324:2524,325:2432,326:2378,327:2402,328:2619,329:2458,330:2930,331:2472,332:2493,333:2630,334:2631,335:3101,336:2409,337:2457,338:2483,339:2513,340:2513,341:2929,342:2485,343:2544,344:2411,345:2605,346:2555,347:2368,348:2373,349:2622,350:2557,351:2594,352:2623,353:3224,354:2415,355:2521,356:2568,357:2357,358:2611,359:2498
0:2446,1:2389,2:2574,3:2376,4:2420,5:2419,6:2520,7:2541,8:2573,9:2561,10:2375,11:2562,12:2554,13:2530,14:2593,15:2625,16:3210,17:2596,18:2442,19:2486,20:2435,21:2611,22:2449,23:2551,24:2520,25:2424,26:2563,27:3121,28:2564,29:2547,30:2578,31:2625,32:2631,33:2615,34:2586,35:2519,36:2426,37:2483,38:2581,39:2474,40:2915,41:2606,42:2644,43:2498,44:2406,45:2469,46:2440,47:2527,48:2471,49:2602,50:2538,51:2478,52:2591,53:2606,54:2614,55:3033,56:3053,57:2500,58:2424,59:2414,60:2632,61:2444,62:2620,63:2478,64:2514,65:2351,66:3143,67:2974,68:2375,69:3092,70:2477,71:3245,72:2527,73:2536,74:2597,75:2436,76:2488,77:2420,78:2569,79:2644,80:2372,81:2367,82:2371,83:2378,84:2517,85:3187,86:2520,87:2616,88:2520,89:2398,90:2508,91:2428,92:2598,93:2480,94:2629,95:2596,96:2449,97:3297,98:3024,99:2913,100:2393,101:2588,102:2972,103:3013,104:2484,105:3142,106:3285,107:2626,108:2414,109:2553,110:3017,111:3278,112:2460,113:2529,114:3011,115:2380,116:2407,117:2495,118:2985,119:2540,120:2609,121:2506,122:2536,123:2382,124:2602,125:2439,126:2492,127:2444,128:2351,129:2526,130:2363,131:2446,132:2592,133:2418,134:3236,135:3062,136:3082,137:2451,138:2374,139:2429,140:2513,141:2619,142:2638,143:2549,144:2575,145:2480,146:2428,147:2441,148:2583,149:3150,150:2522,151:2367,152:2378,153:3279,154:2357,155:2419,156:2475,157:2600,158:2612,159:2471,160:2382,161:2570,162:2460,163:2599,164:2399,165:2382,166:2565,167:2488,168:2985,169:2487,170:2631,171:3290,172:2556,173:2492,174:2636,175:2427,176:2609,177:2629,178:2380,179:2580,180:2901,181:2607,182:2414,183:2540,184:2383,185:3275,186:2603,187:2493,188:2466,189:2453,190:2488,191:2637,192:3130,193:2602,194:2446,195:2581,196:2469,197:2515,198:2382,199:2475,200:2598,201:2468,202:2432,203:2486,204:3022,205:2640,206:2501,207:3212,208:2919,209:2602,210:2646,211:2432,212:2580,213:2409,214:2636,215:2474,216:2552,217:2391,218:2444,219:2430,220:2432,221:2369,222:2398,223:2386,224:2398,225:2582,226:2357,227:2622,228:2483,229:2634,230:2565,231:2434,232:2563,233:2597,234:3276,235:2624,236:2433,237:2426,238:2629,239:2516,240:2599,241:2416,242:2597,243:2430,244:2553,245:2488,246:2488,247:2625,248:2407,249:2517,250:3030,251:2381,252:2991,253:2385,254:2496,255:2562,256:2460,257:2564,258:2927,259:2357,260:2443,261:2528,262:2467,263:2405,264:2639,265:2421,266:3074,267:2641,268:2640,269:2350,270:2602,271:2425,272:3017,273:2577,274:2637,275:2428,276:2431,277:2453,278:2442,279:2608,280:2599,281:3098,282:2524,283:2496,284:2433,285:2490,286:2370,287:2487,288:2398,289:3132,290:2985,291:2533,292:2605,293:2516,294:2594,295:2608,296:2391,297:2452,298:2395,299:2385,300:2491,301:2469,302:2454,303:2405,304:2526,305:2364,306:2604,307:2565,308:2391,309:2529,310:2549,311:2592,312:2393,313:2530,314:2607,315:3251,316:2461,317:3295,318:2981,319:2495,320:2365,321:3095,322:2630,323:2354,324:2549,325:2403,326:2535,327:2390,328:2392,329:2366,330:2442,331:2599,332:2364,333:2581,334:2921,335:3252,336:2570,337:2429,338:2479,339:2490,340:2467,341:2455,342:2508,343:2402,344:2512,345:2449,346:2485,347:2624,348:2625,349:3193,350:2451,351:2638,352:2434,353:2545,354:2361,355:2641,356:2399,357:2456,358:2532,359:2385
0:2456,1:2568,2:2608,3:2397,4:2616,5:2382,6:3030,7:2573,8:2423,9:2374,10:2420,11:2607,12:2382,13:2480,14:2498,15:2578,16:3216,17:2543,18:2461,19:2373,20:2566,21:2480,22:2589,23:2589,24:2451,25:2597,26:2424,27:2966,28:2608,29:2361,30:2469,31:2565,32:2610,33:2405,34:2558,35:2362,36:2445,37:2383,38:3114,39:2491,40:2524,41:2357,42:2428,43:2449,44:2502,45:2568,46:2572,47:2574,48:2598,49:2537,50:3179,51:2615,52:2474,53:2473,54:2410,55:2445,56:2461,57:3056,58:3180,59:2976,60:3079,61:2415,62:2551,63:3041,64:2467,65:2483,66:2511,67:3239,68:2503,69:2434,70:2547,71:2468,72:3293,73:2537,74:2498,75:2430,76:2493,77:2539,78:2563,79:2991,80:2554,81:2931,82:2458,83:2431,84:2496,85:2434,86:2357,87:3265,88:2628,89:2647,90:2512,91:2455,92:2527,93:2445,94:2428,95:2485,96:2455,97:2566,98:2362,99:2351,100:2593,101:2495,102:2445,103:3206,104:3223,105:3070,106:2479,107:2434,108:3258,109:2455,110:2454,111:2444,112:2607,113:2517,114:2458,115:2431,116:2604,117:2527,118:2569,119:2363,120:2487,121:2408,122:2367,123:2511,124:2380,125:2495,126:2390,127:2630,128:2569,129:2628,130:2374,131:2434,132:2521,133:2513,134:2488,135:3229,136:2434,137:3232,138:2566,139:2545,140:2398,141:2572,142:2398,143:2441,144:2476,145:2456,146:2508,147:2373,148:2511,149:2552,150:2529,151:2513,152:2555,153:2442,154:2557,155:2563,156:3002,157:2967,158:2353,159:2353,160:2567,161:2516,162:2457,163:2363,164:2585,165:2410,166:2361,167:3122,168:2396,169:2620,170:2483,171:3295,172:2421,173:3005,174:2565,175:2466,176:2611,177:2543,178:3240,179:2369,180:2430,181:2606,182:2571,183:2536,184:2463,185:3042,186:2514,187:2360,188:2591,189:2902,190:2400,191:2410,192:2538,193:2470,194:2395,195:3017,196:2397,197:2613,198:2501,199:2587,200:2603,201:2581,202:2616,203:2535,204:2595,205:2912,206:2560,207:2457,208:2621,209:2550,210:3242,211:2451,212:2517,213:2574,214:2374,215:2569,216:2384,217:3156,218:2433,219:2558,220:2515,221:2427,222:3297,223:2452,224:3029,225:2918,226:2647,227:2562,228:2604,229:3089,230:2481,231:2514,232:2621,233:2383,234:2640,235:2945,236:2489,237:2543,238:2609,239:2404,240:3211,241:2420,242:2479,243:3108,244:2476,245:3070,246:3109,247:2904,248:2516,249:2617,250:2419,251:2499,252:3184,253:2560,254:2411,255:2455,256:2640,257:2449,258:2601,259:2625,260:2615,261:2590,262:2480,263:2542,264:2508,265:2524,266:2583,267:2483,268:2636,269:3193,270:2494,271:2960,272:2613,273:2541,274:2540,275:2456,276:2476,277:2468,278:2644,279:2398,280:2351,281:2573,282:2441,283:3218,284:2524,285:2447,286:2540,287:2930,288:2649,289:2445,290:3272,291:3046,292:2556,293:2609,294:2352,295:2351,296:2409,297:2362,298:2409,299:2502,300:2397,301:2434,302:2479,303:2573,304:2467,305:2615,306:2585,307:2602,308:2423,309:2480,310:2418,311:2488,312:3097,313:2634,314:2592,315:2450,316:2392,317:2626,318:2389,319:2649,320:2530,321:2597,322:2629,323:2486,324:2370,325:2628,326:2575,327:2463,328:2379,329:2443,330:2492,331:2445,332:2355,333:2480,334:2394,335:2583,336:2596,337:2444,338:2378,339:2931,340:2635,341:2475,342:2521,343:2613,344:2961,345:2395,346:2370,347:2355,348:2647,349:2583,350:2502,351:2410,352:2526,353:2464,354:2629,355:2523,356:3058,357:2571,358:2416,359:2572
0:2592,1:2639,2:2366,3:2592,4:2611,5:2557,6:2583,7:2575,8:2529,9:2484,10:2617,11:2567,12:3279,13:2632,14:2516,15:2509,16:3205,17:2540,18:2627,19:2553,20:2473,21:2537,22:2503,23:2451,24:2541,25:2497,26:2604,27:2543,28:3237,29:3149,30:2490,31:2363,32:2526,33:2563,34:2474,35:3020,36:2495,37:2465,38:2457,39:2545,40:2573,41:2433,42:2463,43:2430,44:2577,45:2528,46:2453,47:2612,48:2550,49:2391,50:2385,51:2378,52:2572,53:2503,54:2572,55:2487,56:2387,57:2534,58:2528,59:2385,60:3221,61:2354,62:2620,63:2547,64:2969,65:2387,66:2481,67:2527,68:2514,69:2496,70:2471,71:2526,72:2430,73:2599,74:2463,75:2377,76:2365,77:2473,78:2523,79:2529,80:2624,81:2361,82:2481,83:2421,84:2447,85:3038,86:2494,87:2642,88:2617,89:2359,90:2448,91:2376,92:2621,93:2355,94:2567,95:2410,96:2385,97:2478,98:2596,99:2534,100:2501,101:2447,102:2927,103:2631,104:2564,105:2432,106:2645,107:2373,108:2386,109:2590,110:2580,111:3235,112:2545,113:2360,114:2497,115:3022,116:2367,117:2555,118:2604,119:2479,120:2618,121:2617,122:2367,123:2393,124:3088,125:2600,126:2370,127:2983,128:2611,129:2487,130:2588,131:2964,132:2583,133:2617,134:2422,135:3045,136:2648,137:2455,138:2369,139:3014,140:2466,141:2491,142:2582,143:2415,144:2482,145:2534,146:2645,147:2407,148:2540,149:2452,150:2526,151:2421,152:2514,153:3065,154:2403,155:2630,156:2378,157:2494,158:2571,159:2512,160:2415,161:2561,162:2455,163:2454,164:3254,165:2543,166:2424,167:3004,168:3073,169:2543,170:2382,171:2584,172:2538,173:2388,174:2528,175:2406,176:2450,177:2518,178:2464,179:3208,180:3003,181:2542,182:2570,183:2601,184:2419,185:2608,186:2513,187:2499,188:2371,189:2429,190:2382,191:2581,192:2426,193:2396,194:2373,195:2354,196:2510,197:2534,198:2531,199:2641,200:2568,201:2964,202:2389,203:2388,204:2521,205:2498,206:2490,207:2352,208:2553,209:2959,210:2402,211:2576,212:2406,213:2499,214:2624,215:2480,216:2361,217:2370,218:2615,219:2645,220:2472,221:2384,222:2512,223:2924,224:2567,225:2493,226:2539,227:2418,228:2466,229:2435,230:2359,231:2415,232:2373,233:2483,234:3058,235:2636,236:2552,237:2549,238:2621,239:2428,240:2386,241:2377,242:2421,243:2505,244:2421,245:2522,246:2914,247:2388,248:2527,249:2644,250:2506,251:2533,252:2551,253:2532,254:2402,255:3289,256:2400,257:2445,258:2997,259:2972,260:2457,261:2556,262:2597,263:3155,264:2366,265:2422,266:2364,267:2406,268:2548,269:2949,270:2561,271:2429,272:2586,273:3052,274:2400,275:2634,276:2599,277:2573,278:2376,279:2618,280:3226,281:2551,282:2602,283:2541,284:2993,285:2604,286:2456,287:3225,288:2523,289:2627,290:2497,291:3167,292:2481,293:2505,294:2902,295:2524,296:2931,297:2371,298:2549,299:2623,300:2561,301:2624,302:2451,303:2626,304:2495,305:2633,306:2614,307:2414,308:3087,309:2363,310:2472,311:2354,312:2492,313:2407,314:2420,315:2528,316:2456,317:2421,318:2481,319:3232,320:2623,321:2531,322:2606,323:2584,324:2496,325:2590,326:2502,327:3102,328:2557,329:2562,330:2470,331:2567,332:2387,333:2450,334:2520,335:2593,336:2625,337:2497,338:2570,339:2607,340:2585,341:3040,342:2592,343:2568,344:2551,345:2358,346:2545,347:2437,348:2396,349:2488,350:2401,351:2523,352:2405,353:3204,354:2388,355:2419,356:2618,357:2524,358:2551,359:2354
0:2477,1:2605,2:2365,3:2643,4:2483,5:2439,6:2591,7:2473,8:2402,9:2481,10:2536,11:2381,12:2409,13:3264,14:2602,15:2491,16:2591,17:3032,18:2429,19:2527,20:2509,21:2502,22:2436,23:2446,24:2359,25:2441,26:2394,27:2512,28:2409,29:3119,30:2371,31:2517,32:2615,33:2484,34:2529,35:2419,36:2352,37:2567,38:2435,39:3052,40:2636,41:2476,42:2587,43:2351,44:2452,45:2631,46:2628,47:2630,48:2571,49:2411,50:2541,51:2589,52:2485,53:2432,54:2433,55:2399,56:2443,57:2555,58:2600,59:2441,60:2577,61:2516,62:2460,63:2357,64:2362,65:2430,66:2626,67:2354,68:2607,69:2510,70:2616,71:2470,72:3038,73:3117,74:2388,75:2499,76:2552,77:2441,78:2389,79:3006,80:3290,81:2544,82:2413,83:2418,84:2520,85:2378,86:2433,87:2537,88:2541,89:2569,90:2415,91:2965,92:2411,93:2428,94:3281,95:2468,96:2555,97:2515,98:2599,99:2573,100:2457,101:2462,102:2481,103:2619,104:2461,105:2630,106:2606,107:2515,108:2492,109:2622,110:2571,111:2590,112:2524,113:2423,114:3279,115:2441,116:2589,117:2423,118:2630,119:2536,120:3126,121:2378,122:2444,123:2433,124:3249,125:3176,126:2493,127:2374,128:2380,129:2600,130:2464,131:2424,132:2630,133:2581,134:2581,135:2608,136:2526,137:2380,138:2496,139:2405,140:2358,141:2366,142:2397,143:2354,144:2455,145:2975,146:2567,147:2639,148:2536,149:2545,150:2372,151:2417,152:3212,153:2487,154:2496,155:2548,156:2624,157:2373,158:2411,159:2482,160:2532,161:2575,162:2599,163:2540,164:2631,165:2630,166:3111,167:2551,168:2629,169:2480,170:2603,171:2447,172:3053,173:2617,174:2534,175:2419,176:2513,177:2615,178:2534,179:2423,180:2448,181:2595,182:2576,183:2605,184:3220,185:2586,186:2557,187:2626,188:2466,189:2645,190:2435,191:2443,192:2422,193:2538,194:2472,195:2556,196:2425,197:2635,198:3116,199:2416,200:2358,201:2599,202:2612,203:2364,204:2485,205:2612,206:2585,207:2630,208:2518,209:2359,210:2557,211:2951,212:2493,213:2355,214:2396,215:2938,216:2584,217:3248,218:2356,219:2490,220:3292,221:2632,222:2487,223:2516,224:2425,225:2458,226:2357,227:2524,228:2519,229:2531,230:2547,231:2446,232:2448,233:2476,234:2544,235:2463,236:2508,237:2392,238:2428,239:2510,240:2477,241:2647,242:3004,243:2553,244:2360,245:2637,246:2609,247:2486,248:3104,249:2442,250:2482,251:2982,252:2536,253:2396,254:2368,255:2531,256:2590,257:3231,258:3193,259:2548,260:2404,261:3222,262:2394,263:2471,264:2560,265:2377,266:2640,267:2641,268:2500,269:2557,270:2557,271:2578,272:2435,273:2392,274:2603,275:2499,276:2589,277:2469,278:3237,279:2464,280:2584,281:2435,282:3188,283:2360,284:2427,285:2503,286:3233,287:2523,288:2517,289:2498,290:2413,291:2584,292:2629,293:2546,294:2528,295:2391,296:2614,297:2649,298:2374,299:2513,300:2444,301:2638,302:2644,303:2461,304:2413,305:2427,306:2598,307:3020,308:3241,309:2380,310:2993,311:2397,312:3156,313:2570,314:2615,315:2395,316:3271,317:2450,318:2556,319:2387,320:2549,321:2597,322:3138,323:3004,324:2555,325:2434,326:2438,327:2527,328:2511,329:2637,330:2485,331:2614,332:3242,333:2400,334:2992,335:2456,336:2527,337:2399,338:2423,339:2374,340:2621,341:2441,342:2416,343:2433,344:2497,345:2526,346:2438,347:2606,348:2449,349:2601,350:2628,351:2934,352:2624,353:2376,354:2515,355:2367,356:2612,357:2394,358:2556,359:2514
0:2517,1:3233,2:2462,3:3128,4:2350,5:2363,6:3113,7:2623,8:2443,9:2496,10:3247,11:2493,12:2480,13:2495,14:2356,15:2588,16:2586,17:2517,18:2392,19:3127,20:2632,21:2395,22:2618,23:3199,24:2446,25:2552,26:3205,27:2605,28:2495,29:2548,30:3031,31:2492,32:2977,33:2485,34:3234,35:2497,36:2603,37:2633,38:2496,39:2419,40:2591,41:2629,42:2514,43:2523,44:2423,45:2354,46:2940,47:2594,48:2505,49:2530,50:2608,51:2543,52:2357,53:2492,54:2553,55:2574,56:3218,57:2608,58:2584,59:2396,60:2361,61:3223,62:2579,63:2471,64:2352,65:2356,66:2642,67:2581,68:2592,69:2497,70:2390,71:2489,72:2632,73:3268,74:2411,75:2645,76:2602,77:2648,78:2354,79:2925,80:2544,81:2503,82:2435,83:3248,84:2614,85:2435,86:2489,87:2521,88:2642,89:2362,90:2570,91:2600,92:2518,93:2624,94:2421,95:2425,96:2364,97:3057,98:2460,99:2626,100:2455,101:3116,102:2410,103:2435,104:2396,105:2618,106:2552,107:2966,108:2407,109:2932,110:2572,111:2948,112:2577,113:2634,114:2392,115:2536,116:2482,117:2380,118:2360,119:2404,120:2441,121:2569,122:2551,123:2607,124:3049,125:2411,126:2403,127:2425,128:2550,129:3150,130:2902,131:2637,132:2565,133:2630,134:2453,135:2648,136:2509,137:2404,138:2398,139:2617,140:2639,141:2403,142:3021,143:2628,144:2398,145:2498,146:2500,147:2590,148:2359,149:2460,150:2367,151:2459,152:2649,153:2440,154:2515,155:2551,156:2592,157:2480,158:3177,159:2599,160:2600,161:2377,162:2445,163:2648,164:3242,165:2408,166:3061,167:2360,168:2434,169:3044,170:3092,171:2464,172:2384,173:2405,174:2568,175:2561,176:2412,177:2624,178:2534,179:2398,180:2639,181:2379,182:2529,183:2593,184:2546,185:2527,186:2641,187:2576,188:2364,189:2370,190:2555,191:2596,192:3226,193:2430,194:2577,195:3202,196:2981,197:2578,198:2519,199:2909,200:3060,201:2422,202:2442,203:2604,204:2509,205:2957,206:2374,207:2545,208:2444,209:3203,210:2423,211:3171,212:2645,213:2442,214:3237,215:2563,216:2622,217:2448,218:2363,219:2629,220:2503,221:2570,222:3039,223:2434,224:3257,225:2507,226:2617,227:2628,228:3183,229:2628,230:2553,231:2984,232:3075,233:2353,234:2586,235:2541,236:3059,237:3084,238:2357,239:3012,240:3147,241:2584,242:2372,243:2925,244:2536,245:2547,246:2485,247:2511,248:2645,249:2377,250:2497,251:2549,252:2415,253:2362,254:3235,255:2544,256:3004,257:2421,258:2565,259:2564,260:2442,261:2405,262:2378,263:2396,264:2981,265:2452,266:3209,267:2507,268:2472,269:2540,270:2502,271:2483,272:2646,273:2501,274:2540,275:2585,276:2984,277:2572,278:3166,279:2648,280:2611,281:2423,282:3126,283:2482,284:2508,285:2567,286:2503,287:2986,288:3120,289:3248,290:2444,291:2398,292:2957,293:2495,294:2429,295:2649,296:2487,297:2480,298:2933,299:2350,300:3285,301:2389,302:2417,303:2452,304:3209,305:2536,306:3061,307:3193,308:2359,309:2525,310:2518,311:2442,312:2514,313:3147,314:2616,315:2643,316:2399,317:2351,318:2642,319:2601,320:2575,321:2639,322:2460,323:2977,324:2603,325:2548,326:2513,327:3285,328:2405,329:2430,330:2503,331:3192,332:2485,333:2596,334:2600,335:2502,336:3058,337:3270,338:2399,339:2351,340:3263,341:3101,342:2443,343:2383,344:2402,345:2553,346:2550,347:2641,348:2488,349:3062,350:2392,351:2603,352:2991,353:2627,354:2968,355:2441,356:3100,357:3248,358:2378,359:2447
0:2643,1:2964,2:2517,3:2355,4:2531,5:2531,6:2566,7:2446,8:2629,9:2510,10:2914,11:2999,12:3077,13:2438,14:2514,15:2530,16:2416,17:3173,18:2507,19:2504,20:2956,21:2368,22:2558,23:2564,24:3143,25:3183,26:2487,27:2437,28:3066,29:2364,30:2363,31:2527,32:2603,33:3291,34:2359,35:2925,36:2425,37:2455,38:2428,39:2515,40:3265,41:3266,42:2592,43:2620,44:2395,45:2509,46:2568,47:3263,48:2400,49:2477,50:2386,51:2530,52:2517,53:2636,54:2597,55:2631,56:2938,57:2521,58:2489,59:2572,60:2644,61:2601,62:3133,63:2624,64:2523,65:2419,66:2555,67:2415,68:2581,69:2599,70:2541,71:3122,72:2488,73:2370,74:2529,75:2537,76:2626,77:2604,78:2620,79:3290,80:2448,81:2513,82:2532,83:2555,84:2575,85:2383,86:2386,87:2410,88:3053,89:2497,90:2447,91:2592,92:2493,93:2913,94:3134,95:2553,96:2607,97:2424,98:2423,99:2435,100:2585,101:2405,102:2365,103:2373,104:2459,105:2590,106:2432,107:2540,108:3265,109:2625,110:3271,111:2614,112:2594,113:2560,114:3241,115:2603,116:3148,117:2399,118:2448,119:2562,120:2601,121:2940,122:2593,123:2635,124:2468,125:2536,126:2636,127:2418,128:2489,129:2503,130:2555,131:2550,132:2640,133:2351,134:2499,135:2404,136:2502,137:2487,138:2560,139:3059,140:2526,141:3171,142:3060,143:2421,144:2511,145:2400,146:2521,147:2428,148:2507,149:2585,150:2641,151:2443,152:2615,153:2374,154:2479,155:3257,156:2572,157:2373,158:2590,159:2359,160:2521,161:2405,162:3147,163:2433,164:2490,165:2459,166:2542,167:2539,168:2363,169:2478,170:2525,171:3059,172:2399,173:2566,174:2536,175:2580,176:2493,177:2439,178:2506,179:2463,180:2527,181:2640,182:2528,183:2478,184:3222,185:2998,186:2646,187:3222,188:2507,189:2414,190:2399,191:2406,192:2473,193:2536,194:2484,195:2481,196:2609,197:3280,198:2551,199:2490,200:2513,201:2568,202:2447,203:2454,204:2442,205:2520,206:2600,207:2628,208:3037,209:2556,210:2565,211:2426,212:3087,213:2372,214:2371,215:2563,216:2408,217:2356,218:2490,219:3159,220:3118,221:2490,222:2594,223:2495,224:2528,225:2604,226:2363,227:2491,228:2577,229:2607,230:2478,231:2355,232:2382,233:2623,234:2398,235:2559,236:3286,237:2517,238:2464,239:2440,240:2427,241:2537,242:2500,243:2429,244:2406,245:2529,246:2448,247:2539,248:2423,249:2416,250:2573,251:3267,252:2474,253:3299,254:2576,255:2604,256:2568,257:2648,258:2601,259:2455,260:2505,261:2402,262:2443,263:2549,264:2457,265:2610,266:3148,267:2454,268:2354,269:2589,270:3249,271:2432,272:2646,273:2608,274:2463,275:2528,276:2517,277:3107,278:2509,279:2415,280:2377,281:2524,282:2453,283:2597,284:2470,285:2600,286:2369,287:3060,288:2994,289:2448,290:2533,291:2384,292:2524,293:2631,294:3155,295:2491,296:2536,297:2464,298:2540,299:2627,300:3214,301:2544,302:2467,303:2429,304:2647,305:2634,306:2579,307:2459,308:2439,309:2464,310:2949,311:2403,312:2532,313:2358,314:2591,315:2544,316:2639,317:2618,318:2582,319:2630,320:2415,321:2547,322:2403,323:2566,324:2627,325:2646,326:2532,327:2398,328:2503,329:3160,330:2613,331:2373,332:2534,333:2551,334:2549,335:2648,336:2605,337:2622,338:3222,339:2902,340:2476,341:2570,342:2408,343:3062,344:2623,345:2438,346:2561,347:2379,348:2599,349:2624,350:2518,351:3230,352:2466,353:2393,354:2554,355:2364,356:2467,357:2597,358:2572,359:2611
0:2611,1:2391,2:2444,3:2543,4:2392,5:2452,6:2434,7:2573,8:2578,9:2388,10:2387,11:2371,12:2434,13:2424,14:3260,15:2576,16:2372,17:2533,18:2605,19:2512,20:2397,21:3255,22:2528,23:2364,24:2545,25:2405,26:2351,27:2445,28:2635,29:2470,30:2385,31:2568,32:2576,33:2551,34:2624,35:2424,36:2582,37:2393,38:3121,39:2940,40:3144,41:2420,42:2584,43:2470,44:2508,45:3075,46:2485,47:2477,48:2574,49:2421,50:2467,51:3192,52:2395,53:2529,54:2634,55:2537,56:3188,57:2486,58:2594,59:2564,60:2586,61:2382,62:2445,63:2462,64:2533,65:2465,66:2646,67:3022,68:3280,69:2388,70:2598,71:2525,72:2399,73:2426,74:2414,75:2400,76:2438,77:2479,78:3108,79:2633,80:3279,81:2406,82:2457,83:2597,84:3087,85:2518,86:2622,87:2395,88:2628,89:2429,90:2632,91:2628,92:2355,93:2394,94:2535,95:2576,96:2474,97:2367,98:2468,99:2374,100:2997,101:2406,102:2494,103:2475,104:2430,105:2390,106:2629,107:2634,108:2494,109:2376,110:2410,111:3080,112:2627,113:2373,114:2379,115:2390,116:2589,117:2415,118:2587,119:2500,120:2561,121:2446,122:2610,123:2389,124:2629,125:2604,126:2585,127:2355,128:2505,129:2502,130:3136,131:2597,132:2391,133:2376,134:3296,135:2410,136:2572,137:2563,138:2628,139:2574,140:2444,141:2644,142:2422,143:2430,144:3163,145:2534,146:2607,147:2946,148:2609,149:2549,150:3254,151:2573,152:2536,153:2584,154:2637,155:2550,156:2542,157:2590,158:2544,159:2456,160:2358,161:2434,162:2534,163:2352,164:2605,165:2638,166:3081,167:2356,168:2371,169:3026,170:2939,171:2441,172:2539,173:2483,174:2365,175:2401,176:2536,177:2482,178:2457,179:2514,180:2417,181:2374,182:2352,183:3057,184:2394,185:2444,186:2615,187:2548,188:2425,189:2507,190:3001,191:3125,192:2441,193:3285,194:2539,195:3286,196:2524,197:2566,198:2495,199:2584,200:2511,201:2412,202:2617,203:3093,204:2356,205:2491,206:2402,207:2961,208:2475,209:2483,210:2382,211:2355,212:2430,213:2602,214:2369,215:2551,216:3170,217:2543,218:2350,219:2570,220:2421,221:2388,222:2404,223:2361,224:2461,225:2529,226:2543,227:2541,228:2461,229:2604,230:2539,231:2543,232:2639,233:2495,234:2562,235:2442,236:2600,237:2443,238:2586,239:3004,240:2606,241:2454,242:3263,243:2554,244:2607,245:2477,246:3109,247:2519,248:2411,249:3257,250:2385,251:2411,252:2513,253:2452,254:3181,255:2376,256:2409,257:2933,258:2450,259:3265,260:2401,261:2459,262:2578,263:2392,264:2626,265:2459,266:2408,267:2629,268:3193,269:2646,270:2467,271:2626,272:2606,273:2617,274:2521,275:2357,276:2550,277:2966,278:2387,279:3004,280:2403,281:2596,282:2960,283:2421,284:2615,285:2538,286:2629,287:2931,288:2632,289:2599,290:2967,291:2528,292:2964,293:2593,294:2365,295:2572,296:2386,297:2355,298:2467,299:3260,300:2414,301:2610,302:2456,303:2400,304:2412,305:2606,306:2625,307:3227,308:2998,309:2373,310:2586,311:2416,312:2598,313:2648,314:2351,315:2506,316:2479,317:3108,318:2632,319:2619,320:2518,321:2500,322:2363,323:2562,324:2582,325:3021,326:2357,327:2541,328:2591,329:3127,330:2423,331:2497,332:3187,333:2373,334:3097,335:2445,336:2472,337:2605,338:2405,339:2425,340:2610,341:2458,342:2409,343:2515,344:2623,345:2632,346:2460,347:2384,348:2421,349:2393,350:2410,351:2477,352:2515,353:2575,354:2500,355:2418,356:2509,357:2627,358:2598,359:2500
0:2393,1:3299,2:2646,3:2569,4:2499,5:2629,6:2486,7:2540,8:2515,9:2514,10:2393,11:2584,12:3126,13:3296,14:2533,15:2605,16:2492,17:2430,18:2409,19:2350,20:2358,21:2529,22:2631,23:2620,24:2406,25:2591,26:2548,27:2457,28:3207,29:3001,30:3243,31:2583,32:2381,33:2585,34:2556,35:3108,36:2494,37:2589,38:2630,39:2601,40:2643,41:2615,42:2357,43:2622,44:2606,45:2495,46:2630,47:2513,48:2498,49:2537,50:2405,51:2428,52:2504,53:2539,54:2604,55:2623,56:2501,57:2580,58:3197,59:2525,60:3058,61:3056,62:2373,63:2477,64:2427,65:2562,66:2594,67:2399,68:2544,69:2438,70:3110,71:2521,72:2570,73:2492,74:3223,75:2629,76:2575,77:2620,78:3268,79:2467,80:2606,81:2597,82:2631,83:2427,84:2531,85:2634,86:2494,87:2478,88:2472,89:2569,90:2362,91:2901,92:2973,93:2528,94:2400,95:2507,96:2544,97:2594,98:3106,99:2408,100:2548,101:2371,102:2508,103:2639,104:2598,105:2436,106:2387,107:2490,108:2641,109:2597,110:2467,111:2511,112:2457,113:2541,114:2496,115:3220,116:2539,117:2624,118:2388,119:2564,120:2364,121:2563,122:2542,123:2425,124:2566,125:3171,126:2616,127:2390,128:2424,129:2585,130:2565,131:3100,132:2628,133:2510,134:2367,135:2517,136:2452,137:2474,138:2631,139:2457,140:2457,141:2380,142:2540,143:2516,144:2429,145:2498,146:3088,147:2560,148:2419,149:2467,150:3171,151:2504,152:2615,153:2577,154:2467,155:2363,156:2455,157:2499,158:2596,159:2556,160:2415,161:2371,162:2364,163:2547,164:2395,165:3119,166:2388,167:2355,168:2441,169:2417,170:2576,171:2587,172:2497,173:2410,174:2600,175:2495,176:2352,177:2596,178:2640,179:2515,180:3106,181:2424,182:2410,183:3177,184:2616,185:2352,186:2646,187:2424,188:2369,189:2496,190:2528,191:2538,192:3174,193:2571,194:2358,195:2925,196:2458,197:2947,198:2400,199:2641,200:2456,201:2543,202:2945,203:2512,204:2428,205:2580,206:2647,207:2485,208:2953,209:3274,210:2476,211:3116,212:2526,213:2491,214:2399,215:2543,216:2593,217:3045,218:2638,219:2602,220:2603,221:2555,222:2359,223:2378,224:2425,225:2432,226:2465,227:2553,228:2391,229:2421,230:2477,231:2610,232:2418,233:2494,234:3285,235:2355,236:2442,237:2416,238:2599,239:2508,240:2571,241:2500,242:3141,243:2499,244:2502,245:2642,246:2421,247:2616,248:2628,249:2554,250:2950,251:2367,252:2395,253:2556,254:2545,255:2394,256:3154,257:2366,258:2401,259:2461,260:2611,261:2641,262:2555,263:2383,264:2637,265:2443,266:2589,267:2533,268:2633,269:2519,270:2605,271:2350,272:2574,273:2420,274:2456,275:2588,276:2477,277:2640,278:2416,279:2434,280:2362,281:2411,282:3102,283:2598,284:2420,285:2534,286:2584,287:2351,288:3170,289:2560,290:2351,291:2560,292:2385,293:2412,294:2404,295:2485,296:2422,297:2451,298:2368,299:2591,300:2642,301:2455,302:2644,303:2629,304:2594,305:3271,306:2496,307:2617,308:2439,309:2421,310:2591,311:2480,312:2559,313:3117,314:2485,315:2590,316:2469,317:2571,318:2601,319:2558,320:2354,321:2434,322:3143,323:2612,324:2603,325:2385,326:2411,327:2461,328:2558,329:2566,330:2468,331:2551,332:2634,333:2492,334:2427,335:2454,336:2623,337:2646,338:2404,339:2445,340:2537,341:2522,342:2620,343:2400,344:2592,345:3291,346:2380,347:2940,348:3000,349:2353,350:2598,351:2354,352:2638,353:2367,354:2360,355:2382,356:2504,357:2491,358:2501,359:3053
