0:4175,1:3910,2:4123,3:3950,4:3912,5:4249,6:4042,7:4161,8:4131,9:3940,10:4127,11:4070,12:4140,13:4282,14:3975,15:4142,16:4351,17:4222,18:4271,19:4189,20:4031,21:4188,22:4096,23:4340,24:4378,25:4320,26:4301,27:4378,28:4204,29:4390,30:4172,31:4221,32:4141,33:4117,34:4095,35:4410,36:4415,37:4199,38:4092,39:4390,40:4386,41:4324,42:4178,43:4185,44:4419,45:4205,46:4417,47:4258,48:4275,49:4101,50:4381,51:4224,52:4134,53:4255,54:4188,55:4320,56:4332,57:4400,58:4214,59:4245,60:4327,61:4100,62:4252,63:4434,64:4059,65:4420,66:4086,67:4284,68:4250,69:4071,70:4209,71:4222,72:4354,73:4251,74:4231,75:4086,76:4160,77:3944,78:4112,79:4177,80:4008,81:4273,82:3941,83:4245,84:4016,85:4056,86:3939,87:4142,88:4047,89:3856,90:3818,91:4123,92:3890,93:3855,94:4047,95:3863,96:3884,97:3833,98:4091,99:3890,100:3713,101:3866,102:3712,103:4050,104:3709,105:3909,106:3993,107:3746,108:4000,109:3984,110:3846,111:3691,112:3781,113:3643,114:3934,115:3755,116:3906,117:3876,118:3663,119:3742,120:3607,121:3673,122:3901,123:3780,124:3672,125:3618,126:3528,127:3737,128:3624,129:3839,130:3596,131:3507,132:3815,133:3667,134:3701,135:3663,136:3668,137:3858,138:3554,139:3664,140:3572,141:3819,142:3819,143:3550,144:3578,145:3757,146:3569,147:3897,148:3545,149:3538,150:3634,151:3574,152:3895,153:3619,154:3730,155:3965,156:3839,157:3763,158:3637,159:3659,160:3708,161:3665,162:3768,163:3849,164:3919,165:3889,166:3679,167:3816,168:3844,169:3689,170:3759,171:3967,172:4072,173:3879,174:3738,175:3894,176:3795,177:3813,178:4119,179:4135,180:4021,181:3964,182:3938,183:3884,184:4135,185:4179,186:4060,187:4103,188:4113,189:4063,190:4290,191:3966,192:4244,193:3972,194:4284,195:4010,196:4208,197:4016,198:3980,199:4257,200:4025,201:4175,202:4031,203:4334,204:4188,205:4126,206:4409,207:4105,208:4153,209:4098,210:4409,211:4335,212:4356,213:4302,214:4366,215:4418,216:4159,217:4118,218:4407,219:4106,220:4351,221:4480,222:4404,223:4196,224:4242,225:4361,226:4318,227:4324,228:4308,229:4342,230:4396,231:4168,232:4375,233:4324,234:4104,235:4086,236:4144,237:4390,238:4295,239:4354,240:4286,241:4071,242:4439,243:4160,244:4185,245:4097,246:4101,247:4328,248:4387,249:4294,250:4104,251:4215,252:4042,253:4330,254:4264,255:4300,256:4201,257:4188,258:4171,259:4188,260:4062,261:4047,262:4187,263:4100,264:4204,265:3881,266:4003,267:4158,268:4218,269:3896,270:4016,271:4033,272:4157,273:3975,274:3828,275:3944,276:3806,277:4019,278:3834,279:4099,280:4074,281:3962,282:3995,283:3989,284:3705,285:3796,286:3870,287:3941,288:3855,289:3663,290:3800,291:3965,292:3640,293:3774,294:3651,295:3888,296:3951,297:3915,298:3761,299:3597,300:3671,301:3597,302:3730,303:3664,304:3581,305:3746,306:3569,307:3819,308:3860,309:3800,310:3815,311:3758,312:3513,313:3846,314:3576,315:3828,316:3729,317:3671,318:3703,319:3881,320:3620,321:3603,322:3787,323:3695,324:3890,325:3719,326:3699,327:3685,328:3687,329:3925,330:3758,331:3617,332:3728,333:3774,334:3580,335:3611,336:3791,337:3800,338:3854,339:3899,340:3874,341:3825,342:3884,343:3799,344:3800,345:4036,346:3786,347:3805,348:3942,349:3804,350:3742,351:4062,352:3934,353:3807,354:3984,355:3793,356:4143,357:3972,358:4005,359:4101
0:3973,1:3875,2:3993,3:4196,4:4052,5:4041,6:3986,7:4096,8:4108,9:4009,10:3968,11:4256,12:4053,13:3942,14:4248,15:4308,16:4143,17:4328,18:4093,19:4377,20:4136,21:4195,22:4042,23:4409,24:4061,25:4067,26:4349,27:4098,28:4399,29:4174,30:4223,31:4303,32:4409,33:4175,34:4210,35:4191,36:4180,37:4121,38:4348,39:4187,40:4421,41:4414,42:4175,43:4108,44:4405,45:4141,46:4382,47:4201,48:4288,49:4250,50:4464,51:4234,52:4477,53:4306,54:4313,55:4360,56:4177,57:4143,58:4237,59:4223,60:4186,61:4081,62:4376,63:4094,64:4269,65:4342,66:4155,67:4094,68:4028,69:4325,70:4391,71:4132,72:4082,73:4162,74:4065,75:4000,76:4230,77:4083,78:4210,79:3984,80:4268,81:4169,82:4019,83:4159,84:3878,85:4066,86:4182,87:4203,88:4112,89:4118,90:3920,91:4113,92:4068,93:3994,94:4012,95:3850,96:3933,97:3962,98:3896,99:3840,100:3858,101:3970,102:3726,103:3680,104:3964,105:3808,106:3826,107:3644,108:3723,109:3860,110:3911,111:3699,112:3712,113:3840,114:3791,115:3608,116:3899,117:3679,118:3640,119:3617,120:3771,121:3909,122:3758,123:3902,124:3742,125:3816,126:3562,127:3719,128:3681,129:3611,130:3710,131:3744,132:3774,133:3561,134:3672,135:3690,136:3520,137:3781,138:3707,139:3874,140:3701,141:3821,142:3721,143:3546,144:3570,145:3893,146:3535,147:3548,148:3571,149:3648,150:3581,151:3822,152:3920,153:3605,154:3631,155:3751,156:3972,157:3668,158:3844,159:3973,160:3848,161:3717,162:3953,163:3905,164:3799,165:3873,166:3982,167:3718,168:3700,169:4063,170:3895,171:3777,172:4076,173:3805,174:3988,175:3860,176:3795,177:4000,178:3874,179:3808,180:3974,181:3887,182:4095,183:4130,184:3997,185:4007,186:4130,187:4054,188:4198,189:4187,190:4186,191:4013,192:4044,193:4263,194:3968,195:4088,196:4166,197:4022,198:4007,199:4130,200:4222,201:4017,202:4249,203:4235,204:4030,205:4159,206:4421,207:4398,208:4295,209:4285,210:4282,211:4133,212:4276,213:4311,214:4450,215:4447,216:4234,217:4368,218:4298,219:4146,220:4169,221:4117,222:4214,223:4130,224:4276,225:4159,226:4245,227:4121,228:4161,229:4284,230:4224,231:4230,232:4373,233:4256,234:4141,235:4418,236:4180,237:4451,238:4312,239:4230,240:4166,241:4452,242:4344,243:4396,244:4354,245:4355,246:4383,247:4140,248:4203,249:4053,250:4325,251:4337,252:4301,253:4028,254:4197,255:4259,256:3952,257:4097,258:4097,259:4056,260:4158,261:3903,262:4247,263:4194,264:4180,265:4052,266:3865,267:4229,268:4043,269:4137,270:4072,271:4081,272:3882,273:4054,274:4090,275:3751,276:4075,277:4008,278:3827,279:3934,280:3761,281:4038,282:4049,283:3836,284:3757,285:3770,286:3824,287:4018,288:3724,289:3720,290:3778,291:3641,292:3701,293:3684,294:3975,295:3573,296:3774,297:3611,298:3779,299:3827,300:3654,301:3552,302:3705,303:3785,304:3580,305:3820,306:3578,307:3870,308:3709,309:3864,310:3580,311:3526,312:3715,313:3656,314:3669,315:3719,316:3658,317:3806,318:3834,319:3849,320:3625,321:3873,322:3733,323:3720,324:3800,325:3822,326:3664,327:3834,328:3757,329:3550,330:3674,331:3856,332:3921,333:3619,334:3916,335:3659,336:3590,337:3781,338:3720,339:3962,340:3971,341:3859,342:3997,343:3655,344:3993,345:3826,346:3771,347:3681,348:3831,349:3798,350:3730,351:4074,352:3860,353:3735,354:4093,355:4065,356:3932,357:4062,358:4086,359:4065
0:3917,1:3830,2:4157,3:4126,4:3930,5:4070,6:4246,7:3932,8:4014,9:4134,10:4296,11:3929,12:4123,13:4161,14:4013,15:4177,16:4049,17:4008,18:4332,19:4143,20:4110,21:4286,22:4106,23:4019,24:4135,25:4392,26:4188,27:4344,28:4442,29:4447,30:4078,31:4416,32:4354,33:4230,34:4216,35:4175,36:4446,37:4104,38:4317,39:4169,40:4283,41:4238,42:4145,43:4374,44:4295,45:4287,46:4238,47:4306,48:4108,49:4158,50:4350,51:4097,52:4429,53:4263,54:4207,55:4138,56:4160,57:4159,58:4220,59:4095,60:4306,61:4219,62:4334,63:4073,64:4070,65:4400,66:4303,67:4254,68:4049,69:4191,70:4279,71:4232,72:4028,73:3990,74:4107,75:4072,76:4281,77:4310,78:4226,79:4122,80:3957,81:4292,82:4273,83:4260,84:3897,85:4141,86:4226,87:3848,88:4089,89:3922,90:4031,91:4042,92:3846,93:3830,94:3960,95:3842,96:3835,97:3913,98:4096,99:4067,100:3714,101:3887,102:4077,103:3925,104:3815,105:3917,106:3642,107:3768,108:4014,109:3997,110:3775,111:3881,112:3799,113:3831,114:3588,115:3779,116:3915,117:3950,118:3749,119:3608,120:3827,121:3732,122:3598,123:3619,124:3536,125:3744,126:3803,127:3775,128:3873,129:3722,130:3776,131:3662,132:3883,133:3571,134:3884,135:3816,136:3638,137:3504,138:3702,139:3878,140:3518,141:3652,142:3813,143:3612,144:3864,145:3577,146:3554,147:3864,148:3743,149:3590,150:3607,151:3764,152:3574,153:3871,154:3802,155:3725,156:3627,157:3858,158:3857,159:3720,160:3842,161:3826,162:3807,163:4020,164:3746,165:3990,166:3815,167:3670,168:3946,169:3922,170:3965,171:3848,172:3721,173:3981,174:3994,175:3898,176:4125,177:4094,178:4111,179:3805,180:4005,181:3867,182:4020,183:3946,184:3890,185:4024,186:3989,187:4198,188:4167,189:4063,190:4272,191:4057,192:3976,193:4287,194:4244,195:4345,196:4090,197:4352,198:4018,199:4098,200:4209,201:4151,202:4398,203:4170,204:4299,205:4265,206:4105,207:4216,208:4251,209:4075,210:4357,211:4129,212:4404,213:4230,214:4103,215:4469,216:4346,217:4334,218:4305,219:4462,220:4312,221:4303,222:4281,223:4484,224:4304,225:4140,226:4410,227:4140,228:4296,229:4361,230:4238,231:4439,232:4167,233:4214,234:4419,235:4190,236:4078,237:4297,238:4168,239:4130,240:4077,241:4305,242:4237,243:4064,244:4323,245:4141,246:4207,247:4088,248:4235,249:4192,250:4193,251:4353,252:4096,253:4236,254:4233,255:3984,256:4158,257:4301,258:4250,259:4057,260:4133,261:4066,262:4234,263:4052,264:4218,265:4089,266:4058,267:3988,268:3852,269:3927,270:4100,271:3992,272:4025,273:4018,274:3770,275:4014,276:4049,277:3880,278:4113,279:4022,280:3971,281:3694,282:3971,283:3951,284:3812,285:3942,286:3817,287:3960,288:3989,289:3978,290:3800,291:3685,292:3606,293:3706,294:3874,295:3751,296:3860,297:3775,298:3916,299:3866,300:3798,301:3565,302:3893,303:3839,304:3602,305:3573,306:3891,307:3668,308:3697,309:3520,310:3647,311:3834,312:3502,313:3575,314:3704,315:3730,316:3835,317:3791,318:3794,319:3812,320:3644,321:3893,322:3773,323:3713,324:3821,325:3808,326:3731,327:3903,328:3782,329:3834,330:3571,331:3802,332:3695,333:3749,334:3779,335:3872,336:3816,337:3670,338:3652,339:3976,340:3758,341:3639,342:3804,343:4014,344:3902,345:3667,346:3695,347:3863,348:3972,349:3773,350:4059,351:4065,352:3918,353:4001,354:3746,355:3751,356:3840,357:3776,358:3856,359:4056
0:4185,1:4001,2:3887,3:3868,4:4213,5:4053,6:4006,7:3998,8:4108,9:3905,10:4033,11:4145,12:4090,13:4200,14:4140,15:4148,16:4235,17:4351,18:4270,19:4280,20:4341,21:4199,22:4208,23:4120,24:4348,25:4229,26:4319,27:4266,28:4266,29:4202,30:4066,31:4373,32:4129,33:4310,34:4425,35:4145,36:4370,37:4360,38:4172,39:4264,40:4481,41:4103,42:4428,43:4490,44:4195,45:4446,46:4319,47:4472,48:4170,49:4217,50:4407,51:4157,52:4483,53:4247,54:4407,55:4423,56:4195,57:4342,58:4169,59:4325,60:4230,61:4282,62:4077,63:4322,64:4315,65:4144,66:4089,67:4132,68:4255,69:4005,70:4363,71:4067,72:4288,73:3972,74:4327,75:4138,76:3955,77:3969,78:4162,79:4083,80:4107,81:4148,82:4268,83:4015,84:4041,85:4224,86:4076,87:4183,88:4002,89:3908,90:4136,91:4185,92:4148,93:4057,94:4135,95:3910,96:3755,97:3851,98:4035,99:3917,100:3998,101:3962,102:3891,103:3708,104:3688,105:4046,106:3898,107:4012,108:3784,109:3776,110:3809,111:3727,112:3815,113:3832,114:3834,115:3772,116:3945,117:3752,118:3946,119:3937,120:3714,121:3541,122:3924,123:3703,124:3855,125:3749,126:3896,127:3871,128:3744,129:3783,130:3691,131:3596,132:3587,133:3501,134:3803,135:3758,136:3653,137:3728,138:3876,139:3506,140:3749,141:3671,142:3745,143:3596,144:3555,145:3572,146:3853,147:3565,148:3767,149:3642,150:3910,151:3813,152:3604,153:3781,154:3661,155:3895,156:3581,157:3693,158:3620,159:3617,160:3677,161:3803,162:3890,163:3855,164:3683,165:3889,166:3864,167:4021,168:4067,169:3980,170:3952,171:3906,172:3944,173:3741,174:3945,175:4001,176:3962,177:3817,178:4078,179:3859,180:4067,181:3950,182:4168,183:4091,184:4033,185:4158,186:4071,187:4033,188:4231,189:4085,190:4030,191:4013,192:4215,193:4062,194:4005,195:4150,196:4342,197:4327,198:4205,199:4179,200:4067,201:4360,202:4245,203:4055,204:4202,205:4210,206:4429,207:4224,208:4301,209:4067,210:4174,211:4097,212:4237,213:4085,214:4383,215:4232,216:4169,217:4402,218:4174,219:4361,220:4169,221:4219,222:4274,223:4387,224:4156,225:4498,226:4260,227:4483,228:4163,229:4234,230:4454,231:4243,232:4145,233:4179,234:4267,235:4397,236:4107,237:4264,238:4264,239:4393,240:4095,241:4170,242:4112,243:4240,244:4361,245:4312,246:4189,247:4026,248:4119,249:4129,250:4149,251:4380,252:3999,253:4091,254:4078,255:3980,256:4208,257:4204,258:3947,259:3964,260:4175,261:4138,262:4254,263:3907,264:4186,265:3926,266:4077,267:4022,268:4119,269:3866,270:4040,271:4129,272:4178,273:3769,274:3850,275:3809,276:3916,277:3840,278:4026,279:4001,280:3947,281:4017,282:3965,283:3786,284:3785,285:3921,286:3977,287:3929,288:4002,289:3639,290:3736,291:3815,292:3958,293:3919,294:3647,295:3925,296:3945,297:3910,298:3909,299:3677,300:3591,301:3632,302:3926,303:3627,304:3690,305:3823,306:3691,307:3527,308:3689,309:3669,310:3846,311:3670,312:3607,313:3801,314:3622,315:3810,316:3510,317:3747,318:3825,319:3770,320:3569,321:3725,322:3809,323:3594,324:3548,325:3628,326:3561,327:3718,328:3773,329:3613,330:3849,331:3569,332:3740,333:3832,334:3767,335:3712,336:3742,337:3741,338:3655,339:3638,340:3974,341:3965,342:3691,343:3699,344:3834,345:3872,346:3986,347:3778,348:3917,349:3719,350:3769,351:4026,352:3979,353:3747,354:4037,355:3754,356:3826,357:3772,358:3961,359:3893
0:3904,1:3945,2:3979,3:3939,4:4004,5:4231,6:3944,7:3951,8:4257,9:4031,10:4220,11:4133,12:4312,13:4238,14:4037,15:4059,16:4116,17:4288,18:4347,19:4157,20:4119,21:4119,22:4122,23:4062,24:4063,25:4405,26:4375,27:4416,28:4121,29:4100,30:4294,31:4069,32:4339,33:4472,34:4409,35:4481,36:4094,37:4421,38:4490,39:4328,40:4401,41:4118,42:4442,43:4440,44:4214,45:4446,46:4417,47:4382,48:4406,49:4395,50:4397,51:4209,52:4264,53:4233,54:4099,55:4247,56:4163,57:4227,58:4373,59:4352,60:4160,61:4146,62:4297,63:4161,64:4264,65:4404,66:4321,67:4366,68:4109,69:4059,70:4255,71:4248,72:4171,73:4148,74:3971,75:4098,76:4131,77:4270,78:4055,79:4034,80:4286,81:4240,82:4206,83:3902,84:3946,85:4195,86:3978,87:4159,88:3975,89:3850,90:4047,91:4110,92:4109,93:4147,94:3875,95:3813,96:3798,97:3805,98:3915,99:3753,100:3878,101:3771,102:3995,103:3848,104:3700,105:3713,106:3677,107:3880,108:3761,109:3739,110:3845,111:3886,112:3701,113:3835,114:3801,115:3854,116:3651,117:3727,118:3835,119:3722,120:3870,121:3628,122:3556,123:3623,124:3826,125:3817,126:3842,127:3878,128:3521,129:3874,130:3716,131:3872,132:3526,133:3791,134:3617,135:3882,136:3836,137:3651,138:3599,139:3575,140:3527,141:3633,142:3846,143:3722,144:3626,145:3656,146:3676,147:3533,148:3749,149:3712,150:3921,151:3846,152:3706,153:3876,154:3838,155:3874,156:3821,157:3779,158:3795,159:3928,160:3895,161:3718,162:3669,163:3670,164:3875,165:3747,166:3935,167:3896,168:3897,169:3978,170:4076,171:4017,172:3887,173:4056,174:4132,175:3821,176:3801,177:3983,178:3980,179:3881,180:3900,181:3930,182:4220,183:4062,184:4179,185:4099,186:4193,187:3900,188:4193,189:4265,190:4086,191:4222,192:4162,193:4300,194:4091,195:4326,196:4239,197:4160,198:4131,199:4065,200:4291,201:4213,202:4389,203:4189,204:4147,205:4374,206:4426,207:4096,208:4354,209:4136,210:4305,211:4115,212:4074,213:4331,214:4084,215:4474,216:4101,217:4392,218:4341,219:4182,220:4099,221:4462,222:4166,223:4486,224:4119,225:4147,226:4441,227:4425,228:4228,229:4300,230:4313,231:4303,232:4277,233:4435,234:4347,235:4130,236:4411,237:4202,238:4428,239:4080,240:4367,241:4375,242:4067,243:4067,244:4272,245:4425,246:4253,247:4315,248:4132,249:4070,250:4155,251:4065,252:4293,253:4288,254:4146,255:4145,256:4285,257:4020,258:3968,259:3955,260:4068,261:3956,262:4146,263:4164,264:3928,265:4137,266:3977,267:4130,268:3826,269:3813,270:3955,271:3932,272:3985,273:3795,274:4035,275:3999,276:3996,277:3915,278:3910,279:4025,280:3984,281:3875,282:3853,283:3898,284:3693,285:3838,286:3679,287:4025,288:3776,289:3725,290:3828,291:3967,292:3940,293:3643,294:3970,295:3833,296:3717,297:3731,298:3789,299:3887,300:3696,301:3787,302:3567,303:3660,304:3913,305:3817,306:3697,307:3743,308:3744,309:3705,310:3526,311:3740,312:3579,313:3738,314:3643,315:3654,316:3693,317:3562,318:3680,319:3758,320:3863,321:3839,322:3690,323:3548,324:3697,325:3673,326:3533,327:3538,328:3685,329:3782,330:3596,331:3831,332:3845,333:3756,334:3936,335:3574,336:3673,337:3773,338:3901,339:3998,340:3748,341:3954,342:3928,343:3786,344:3950,345:4031,346:4036,347:3776,348:3976,349:3764,350:3970,351:3962,352:3896,353:3729,354:3937,355:4099,356:4099,357:4102,358:3822,359:3924
0:3999,1:4067,2:3903,3:4063,4:4109,5:4172,6:4050,7:4048,8:4032,9:4131,10:4291,11:3954,12:4154,13:4151,14:4179,15:4170,16:4022,17:4276,18:4243,19:4160,20:4008,21:4356,22:4091,23:4032,24:4222,25:4321,26:4319,27:4249,28:4105,29:4067,30:4173,31:4447,32:4130,33:4108,34:4097,35:4310,36:4317,37:4371,38:4246,39:4291,40:4139,41:4495,42:4317,43:4456,44:4253,45:4272,46:4367,47:4488,48:4296,49:4494,50:4338,51:4106,52:4293,53:4254,54:4292,55:4255,56:4219,57:4297,58:4251,59:4250,60:4442,61:4150,62:4395,63:4111,64:4362,65:4392,66:4291,67:4158,68:4316,69:4343,70:4143,71:4319,72:4180,73:4298,74:3997,75:4272,76:4263,77:4282,78:4173,79:4003,80:4062,81:4019,82:4208,83:4002,84:4083,85:3988,86:4069,87:4008,88:4066,89:3857,90:4132,91:3917,92:4106,93:3858,94:3875,95:4059,96:3745,97:4014,98:3845,99:3947,100:3976,101:3764,102:4068,103:3801,104:3969,105:3747,106:3978,107:3804,108:3703,109:3960,110:3927,111:3895,112:3919,113:3913,114:3750,115:3587,116:3659,117:3605,118:3644,119:3734,120:3660,121:3628,122:3736,123:3764,124:3821,125:3758,126:3595,127:3700,128:3822,129:3731,130:3772,131:3556,132:3626,133:3700,134:3749,135:3624,136:3727,137:3797,138:3693,139:3688,140:3600,141:3652,142:3586,143:3835,144:3721,145:3735,146:3589,147:3626,148:3815,149:3609,150:3643,151:3867,152:3851,153:3811,154:3616,155:3584,156:3917,157:3836,158:3978,159:3910,160:3938,161:3945,162:3915,163:3857,164:3929,165:3937,166:3981,167:4016,168:3794,169:3780,170:3738,171:4100,172:3782,173:3735,174:4099,175:3836,176:3819,177:4012,178:3889,179:4032,180:4182,181:4162,182:4107,183:3982,184:4049,185:4127,186:4098,187:4082,188:4263,189:4157,190:4134,191:4243,192:4192,193:4074,194:4192,195:4145,196:4121,197:4047,198:4256,199:4219,200:4366,201:4079,202:4091,203:4284,204:4112,205:4322,206:4103,207:4093,208:4419,209:4214,210:4134,211:4463,212:4319,213:4323,214:4123,215:4476,216:4309,217:4305,218:4292,219:4311,220:4343,221:4422,222:4456,223:4316,224:4281,225:4328,226:4140,227:4241,228:4158,229:4111,230:4272,231:4378,232:4139,233:4306,234:4364,235:4243,236:4348,237:4230,238:4184,239:4201,240:4143,241:4173,242:4131,243:4274,244:4261,245:4240,246:4110,247:4358,248:4285,249:4005,250:4373,251:4005,252:3978,253:4252,254:4178,255:4230,256:3951,257:4206,258:4182,259:4232,260:4126,261:4230,262:3949,263:4034,264:4203,265:4160,266:4220,267:3910,268:4151,269:3911,270:4021,271:3889,272:3911,273:4156,274:4134,275:3986,276:4104,277:3946,278:3992,279:3936,280:4043,281:3886,282:3822,283:3862,284:3839,285:3888,286:3719,287:3705,288:3632,289:3901,290:3911,291:3755,292:3960,293:3775,294:3915,295:3686,296:3768,297:3894,298:3657,299:3914,300:3721,301:3807,302:3631,303:3636,304:3595,305:3691,306:3833,307:3763,308:3672,309:3675,310:3895,311:3636,312:3631,313:3625,314:3521,315:3801,316:3612,317:3796,318:3617,319:3822,320:3610,321:3735,322:3875,323:3635,324:3759,325:3699,326:3810,327:3749,328:3570,329:3535,330:3800,331:3845,332:3751,333:3627,334:3840,335:3669,336:3790,337:3902,338:3724,339:3754,340:3625,341:3721,342:3899,343:3687,344:3758,345:3744,346:4047,347:3819,348:3688,349:3944,350:3804,351:3820,352:3912,353:4045,354:3809,355:3851,356:4082,357:3904,358:3879,359:4049
0:3832,1:4100,2:4010,3:4183,4:4232,5:4045,6:4109,7:4200,8:3980,9:3919,10:4165,11:4004,12:4017,13:4110,14:4254,15:3975,16:4100,17:4167,18:4282,19:4329,20:4272,21:4399,22:4231,23:4152,24:4115,25:4163,26:4141,27:4379,28:4329,29:4142,30:4407,31:4434,32:4354,33:4441,34:4082,35:4460,36:4394,37:4427,38:4115,39:4366,40:4308,41:4116,42:4205,43:4278,44:4219,45:4489,46:4396,47:4278,48:4488,49:4494,50:4257,51:4394,52:4220,53:4305,54:4366,55:4094,56:4398,57:4393,58:4213,59:4410,60:4445,61:4141,62:4144,63:4141,64:4119,65:4224,66:4029,67:4052,68:4333,69:4215,70:4391,71:4164,72:4274,73:4352,74:4108,75:4076,76:4116,77:4329,78:4289,79:4088,80:3920,81:3981,82:4017,83:4256,84:4225,85:4077,86:3921,87:4214,88:3979,89:4077,90:3891,91:4137,92:3865,93:3893,94:3958,95:3937,96:3988,97:3862,98:3841,99:3866,100:4054,101:3821,102:3687,103:3946,104:3833,105:3926,106:3815,107:3918,108:3909,109:3983,110:3772,111:3602,112:3785,113:3958,114:3764,115:3571,116:3580,117:3878,118:3888,119:3558,120:3929,121:3732,122:3602,123:3812,124:3672,125:3730,126:3648,127:3819,128:3625,129:3764,130:3695,131:3882,132:3617,133:3704,134:3576,135:3717,136:3676,137:3677,138:3614,139:3564,140:3828,141:3824,142:3711,143:3536,144:3876,145:3829,146:3653,147:3837,148:3697,149:3788,150:3690,151:3709,152:3699,153:3944,154:3924,155:3726,156:3678,157:3599,158:3846,159:3777,160:3672,161:3873,162:3651,163:4028,164:3694,165:3774,166:3836,167:3793,168:3770,169:3993,170:3915,171:4014,172:3774,173:3850,174:3772,175:4049,176:3835,177:3991,178:4003,179:4154,180:3918,181:3827,182:4022,183:4080,184:3855,185:4134,186:4157,187:3970,188:3959,189:3946,190:4239,191:3965,192:4097,193:4241,194:3989,195:4319,196:4244,197:4214,198:4245,199:4059,200:4135,201:4055,202:4126,203:4064,204:4284,205:4314,206:4247,207:4216,208:4414,209:4353,210:4063,211:4303,212:4254,213:4126,214:4240,215:4119,216:4212,217:4267,218:4147,219:4488,220:4115,221:4193,222:4419,223:4220,224:4110,225:4400,226:4122,227:4333,228:4099,229:4269,230:4145,231:4336,232:4440,233:4422,234:4232,235:4296,236:4306,237:4349,238:4377,239:4456,240:4325,241:4313,242:4308,243:4267,244:4151,245:4202,246:4301,247:4152,248:4146,249:4062,250:4059,251:4071,252:4017,253:4148,254:4225,255:4271,256:4071,257:4274,258:4163,259:4152,260:4226,261:4219,262:4145,263:4001,264:3957,265:3875,266:3993,267:4170,268:4134,269:4094,270:4063,271:4073,272:4027,273:4050,274:3764,275:3780,276:3835,277:3839,278:3718,279:3754,280:3702,281:4046,282:3705,283:3912,284:3997,285:3797,286:3881,287:3723,288:3841,289:3921,290:3733,291:3966,292:3618,293:3879,294:3907,295:3872,296:3782,297:3576,298:3744,299:3845,300:3677,301:3688,302:3795,303:3790,304:3864,305:3664,306:3752,307:3591,308:3810,309:3691,310:3747,311:3663,312:3797,313:3715,314:3591,315:3608,316:3535,317:3809,318:3812,319:3725,320:3594,321:3748,322:3682,323:3750,324:3548,325:3574,326:3556,327:3878,328:3858,329:3587,330:3837,331:3586,332:3562,333:3736,334:3799,335:3716,336:3931,337:3891,338:3765,339:3904,340:3823,341:3929,342:3757,343:3681,344:3688,345:4028,346:3735,347:3784,348:3706,349:3700,350:3731,351:3934,352:3807,353:3840,354:3769,355:3958,356:4095,357:3987,358:4074,359:3948
0:4026,1:3932,2:4136,3:3986,4:4208,5:4104,6:4242,7:4064,8:4058,9:4148,10:3909,11:4241,12:4211,13:4040,14:4157,15:4091,16:4266,17:4300,18:3998,19:4025,20:4067,21:4153,22:4108,23:4082,24:4289,25:4427,26:4322,27:4069,28:4382,29:4431,30:4453,31:4173,32:4300,33:4269,34:4175,35:4085,36:4423,37:4130,38:4102,39:4241,40:4368,41:4411,42:4257,43:4134,44:4316,45:4403,46:4318,47:4360,48:4254,49:4494,50:4103,51:4354,52:4460,53:4436,54:4361,55:4202,56:4385,57:4321,58:4105,59:4141,60:4231,61:4061,62:4439,63:4130,64:4072,65:4137,66:4232,67:4074,68:4137,69:4112,70:4227,71:4004,72:4159,73:4160,74:4226,75:3987,76:4338,77:4016,78:4032,79:4093,80:4244,81:4007,82:3912,83:4161,84:3865,85:4152,86:3942,87:3958,88:3872,89:3833,90:4088,91:4158,92:3986,93:3867,94:3960,95:4043,96:4099,97:3864,98:3774,99:4089,100:4092,101:3875,102:3925,103:3846,104:3960,105:3727,106:3889,107:3890,108:3949,109:3849,110:3911,111:3982,112:3697,113:3856,114:3706,115:3647,116:3920,117:3797,118:3878,119:3679,120:3936,121:3884,122:3891,123:3834,124:3806,125:3771,126:3726,127:3578,128:3541,129:3745,130:3710,131:3650,132:3870,133:3859,134:3610,135:3554,136:3505,137:3645,138:3714,139:3520,140:3805,141:3701,142:3526,143:3536,144:3809,145:3747,146:3561,147:3666,148:3682,149:3744,150:3591,151:3760,152:3811,153:3627,154:3608,155:3791,156:3757,157:3761,158:3947,159:3847,160:3968,161:3701,162:3717,163:3894,164:3833,165:3895,166:3801,167:4055,168:3716,169:3800,170:3917,171:4096,172:4040,173:4113,174:3818,175:3968,176:3791,177:4058,178:4087,179:3978,180:4118,181:3993,182:3948,183:4141,184:3883,185:3998,186:3954,187:3933,188:4222,189:4285,190:3960,191:4006,192:4179,193:4149,194:4258,195:4222,196:4073,197:4260,198:4039,199:4182,200:4256,201:4186,202:4234,203:4029,204:4323,205:4124,206:4083,207:4054,208:4205,209:4175,210:4309,211:4430,212:4433,213:4192,214:4220,215:4212,216:4359,217:4423,218:4444,219:4456,220:4145,221:4255,222:4322,223:4467,224:4336,225:4409,226:4366,227:4482,228:4122,229:4379,230:4107,231:4139,232:4434,233:4388,234:4213,235:4156,236:4162,237:4193,238:4446,239:4326,240:4186,241:4341,242:4386,243:4414,244:4217,245:4244,246:4290,247:4195,248:4212,249:4016,250:4146,251:4165,252:4108,253:4069,254:3970,255:4145,256:4216,257:3994,258:4218,259:4138,260:3950,261:4278,262:4177,263:4166,264:3879,265:3986,266:3943,267:3962,268:4068,269:3887,270:3977,271:4081,272:4053,273:4039,274:3777,275:3775,276:3855,277:3985,278:3861,279:4000,280:3719,281:3915,282:3943,283:3968,284:3883,285:3705,286:3843,287:3709,288:4006,289:3845,290:3755,291:3657,292:3687,293:3907,294:3891,295:3658,296:3615,297:3808,298:3647,299:3934,300:3605,301:3536,302:3555,303:3641,304:3780,305:3741,306:3698,307:3899,308:3761,309:3647,310:3856,311:3610,312:3655,313:3887,314:3727,315:3816,316:3547,317:3633,318:3634,319:3834,320:3581,321:3774,322:3777,323:3534,324:3591,325:3631,326:3878,327:3831,328:3656,329:3683,330:3795,331:3913,332:3721,333:3769,334:3816,335:3819,336:3593,337:3948,338:3845,339:3821,340:3945,341:3761,342:3971,343:3897,344:3676,345:3755,346:3693,347:3999,348:4010,349:4008,350:3896,351:4028,352:3982,353:3780,354:3907,355:3926,356:3872,357:4148,358:3805,359:4133
0:3846,1:4159,2:4059,3:3915,4:4159,5:3861,6:3965,7:4227,8:4184,9:4226,10:4299,11:4246,12:4246,13:4238,14:3945,15:4004,16:4275,17:4292,18:4311,19:4003,20:4030,21:4245,22:4380,23:4232,24:4093,25:4149,26:4392,27:4340,28:4263,29:4217,30:4223,31:4345,32:4414,33:4379,34:4124,35:4443,36:4395,37:4096,38:4412,39:4134,40:4347,41:4317,42:4355,43:4275,44:4433,45:4159,46:4445,47:4117,48:4457,49:4428,50:4374,51:4228,52:4129,53:4109,54:4227,55:4112,56:4231,57:4366,58:4449,59:4217,60:4458,61:4157,62:4106,63:4097,64:4231,65:4044,66:4036,67:4387,68:4294,69:4123,70:4029,71:4174,72:4209,73:4304,74:4318,75:4198,76:4047,77:3978,78:4074,79:4287,80:4169,81:4117,82:4229,83:4123,84:3942,85:3887,86:4020,87:4212,88:4024,89:4125,90:4017,91:3859,92:3931,93:4023,94:3957,95:3776,96:4116,97:3969,98:4113,99:3742,100:4096,101:3708,102:3790,103:4003,104:3713,105:3805,106:3827,107:3791,108:3722,109:3789,110:3905,111:3604,112:3832,113:3912,114:3850,115:3644,116:3930,117:3855,118:3653,119:3771,120:3560,121:3750,122:3756,123:3825,124:3915,125:3782,126:3526,127:3640,128:3861,129:3854,130:3667,131:3835,132:3811,133:3767,134:3518,135:3780,136:3556,137:3662,138:3618,139:3869,140:3622,141:3703,142:3658,143:3850,144:3662,145:3673,146:3855,147:3864,148:3560,149:3852,150:3799,151:3920,152:3658,153:3907,154:3618,155:3782,156:3632,157:3857,158:3626,159:3741,160:3929,161:3658,162:3661,163:3962,164:3774,165:3995,166:3792,167:3833,168:3898,169:3687,170:3993,171:3752,172:3833,173:3800,174:4066,175:3989,176:4035,177:3815,178:4022,179:3966,180:4143,181:4141,182:3874,183:3882,184:3858,185:4229,186:4189,187:4232,188:4114,189:4215,190:4086,191:4204,192:4113,193:4051,194:4206,195:4056,196:3998,197:4343,198:4198,199:4034,200:4175,201:4021,202:4306,203:4182,204:4341,205:4096,206:4095,207:4297,208:4359,209:4183,210:4193,211:4097,212:4344,213:4447,214:4310,215:4411,216:4455,217:4355,218:4398,219:4221,220:4368,221:4419,222:4164,223:4185,224:4242,225:4368,226:4339,227:4414,228:4106,229:4097,230:4150,231:4443,232:4264,233:4373,234:4302,235:4118,236:4156,237:4238,238:4461,239:4434,240:4388,241:4191,242:4310,243:4172,244:4144,245:4366,246:4407,247:4269,248:4195,249:4315,250:4358,251:4042,252:4197,253:4342,254:4218,255:4215,256:4066,257:4165,258:4080,259:3977,260:4136,261:4249,262:4146,263:4089,264:4225,265:3975,266:4113,267:4226,268:3917,269:4091,270:4176,271:4157,272:3803,273:3813,274:3842,275:3779,276:3778,277:3888,278:3777,279:3933,280:4012,281:3988,282:3763,283:3931,284:3896,285:3870,286:3931,287:3817,288:3929,289:3702,290:3904,291:3979,292:3920,293:3597,294:3830,295:3665,296:3829,297:3895,298:3653,299:3670,300:3840,301:3842,302:3848,303:3726,304:3608,305:3765,306:3826,307:3603,308:3879,309:3600,310:3794,311:3574,312:3581,313:3776,314:3790,315:3778,316:3818,317:3747,318:3791,319:3869,320:3847,321:3902,322:3735,323:3706,324:3708,325:3819,326:3782,327:3799,328:3600,329:3757,330:3759,331:3879,332:3575,333:3561,334:3629,335:3708,336:3844,337:3760,338:3939,339:3982,340:3826,341:3739,342:3807,343:3893,344:3931,345:3956,346:3662,347:3735,348:3983,349:4079,350:3773,351:3793,352:3879,353:3964,354:4037,355:3960,356:3815,357:4103,358:3913,359:4161
0:4083,1:4169,2:4132,3:3834,4:4119,5:3871,6:4217,7:4065,8:4166,9:4074,10:4150,11:4092,12:4283,13:4140,14:3954,15:4224,16:4247,17:4269,18:4005,19:4094,20:4149,21:4232,22:4287,23:4058,24:4133,25:4113,26:4301,27:4079,28:4069,29:4233,30:4375,31:4219,32:4451,33:4193,34:4424,35:4114,36:4267,37:4449,38:4369,39:4482,40:4147,41:4108,42:4386,43:4291,44:4498,45:4313,46:4353,47:4340,48:4463,49:4308,50:4143,51:4363,52:4300,53:4303,54:4419,55:4371,56:4267,57:4279,58:4316,59:4165,60:4118,61:4282,62:4052,63:4419,64:4301,65:4319,66:4344,67:4164,68:4247,69:4206,70:4144,71:4363,72:4277,73:4339,74:4302,75:3977,76:4009,77:4233,78:3975,79:4178,80:4139,81:3903,82:4239,83:4254,84:4178,85:4026,86:3948,87:4012,88:3902,89:3834,90:4048,91:3831,92:4040,93:3773,94:4015,95:4107,96:3915,97:4028,98:3884,99:3873,100:3783,101:4027,102:3935,103:3965,104:3816,105:3869,106:3970,107:4009,108:3937,109:3996,110:3886,111:3851,112:3861,113:3906,114:3726,115:3709,116:3743,117:3693,118:3915,119:3820,120:3738,121:3907,122:3730,123:3823,124:3567,125:3632,126:3623,127:3622,128:3901,129:3532,130:3895,131:3708,132:3805,133:3896,134:3722,135:3572,136:3555,137:3799,138:3739,139:3612,140:3696,141:3609,142:3589,143:3528,144:3676,145:3581,146:3666,147:3715,148:3803,149:3798,150:3750,151:3742,152:3576,153:3616,154:3941,155:3689,156:3687,157:3800,158:3648,159:3686,160:3685,161:3798,162:3778,163:3735,164:4004,165:3830,166:3773,167:3696,168:3934,169:3697,170:3943,171:3788,172:3900,173:3906,174:3824,175:3909,176:3851,177:3946,178:3896,179:4003,180:4087,181:4158,182:3861,183:4097,184:3922,185:4133,186:4251,187:4240,188:4186,189:4011,190:3969,191:4080,192:4094,193:4037,194:4283,195:4060,196:4172,197:4071,198:4079,199:4356,200:4159,201:4266,202:4364,203:4139,204:4393,205:4388,206:4301,207:4128,208:4051,209:4162,210:4402,211:4322,212:4397,213:4200,214:4292,215:4313,216:4253,217:4417,218:4211,219:4166,220:4430,221:4184,222:4455,223:4124,224:4146,225:4498,226:4145,227:4111,228:4141,229:4182,230:4103,231:4383,232:4093,233:4131,234:4255,235:4084,236:4121,237:4347,238:4155,239:4169,240:4188,241:4424,242:4414,243:4285,244:4328,245:4389,246:4411,247:4314,248:4301,249:4097,250:4263,251:4070,252:4182,253:4029,254:4212,255:4079,256:4129,257:4040,258:4239,259:4143,260:4209,261:3976,262:4029,263:3931,264:4222,265:3956,266:4015,267:4130,268:3959,269:3966,270:4096,271:3843,272:4163,273:3914,274:3862,275:3765,276:4092,277:3909,278:3904,279:3962,280:3991,281:4015,282:4043,283:3890,284:3991,285:3685,286:3804,287:4017,288:3884,289:3996,290:4002,291:3692,292:3815,293:3763,294:3824,295:3671,296:3762,297:3706,298:3666,299:3658,300:3721,301:3758,302:3711,303:3745,304:3904,305:3718,306:3617,307:3798,308:3754,309:3761,310:3595,311:3793,312:3771,313:3738,314:3636,315:3888,316:3868,317:3667,318:3571,319:3574,320:3694,321:3823,322:3827,323:3554,324:3867,325:3571,326:3631,327:3549,328:3602,329:3656,330:3667,331:3765,332:3939,333:3745,334:3685,335:3647,336:3881,337:3957,338:3817,339:3683,340:3711,341:3803,342:3925,343:4020,344:3901,345:3777,346:3715,347:3971,348:3728,349:3859,350:3932,351:3780,352:4085,353:3779,354:4080,355:3987,356:3861,357:3868,358:4120,359:3852
0:4127,1:4067,2:4066,3:3914,4:3880,5:4077,6:3950,7:3900,8:3975,9:4169,10:4292,11:4275,12:4022,13:4053,14:4123,15:4348,16:4057,17:4149,18:4094,19:4164,20:4333,21:4237,22:4332,23:4332,24:4378,25:4207,26:4358,27:4083,28:4243,29:4159,30:4246,31:4281,32:4349,33:4196,34:4394,35:4098,36:4426,37:4191,38:4202,39:4258,40:4106,41:4397,42:4358,43:4291,44:4148,45:4125,46:4217,47:4444,48:4318,49:4348,50:4358,51:4127,52:4414,53:4097,54:4121,55:4382,56:4314,57:4211,58:4114,59:4455,60:4139,61:4429,62:4112,63:4384,64:4227,65:4260,66:4108,67:4403,68:4197,69:4152,70:4137,71:4261,72:3996,73:4335,74:4066,75:4092,76:4017,77:3946,78:4019,79:4151,80:4242,81:4265,82:4229,83:4141,84:4101,85:3908,86:4159,87:4185,88:3963,89:3892,90:3930,91:4108,92:4073,93:4053,94:3915,95:3866,96:3768,97:3781,98:4112,99:3862,100:4059,101:3772,102:3802,103:3812,104:3671,105:3970,106:3893,107:3722,108:3924,109:3963,110:3656,111:3668,112:3925,113:3919,114:3589,115:3607,116:3777,117:3781,118:3595,119:3827,120:3814,121:3863,122:3610,123:3800,124:3855,125:3560,126:3716,127:3612,128:3774,129:3562,130:3579,131:3521,132:3545,133:3830,134:3735,135:3776,136:3761,137:3823,138:3571,139:3616,140:3749,141:3516,142:3540,143:3739,144:3578,145:3527,146:3811,147:3803,148:3778,149:3558,150:3920,151:3705,152:3949,153:3903,154:3821,155:3761,156:3831,157:3772,158:3792,159:3907,160:3700,161:3721,162:3848,163:3915,164:3741,165:3814,166:3932,167:3865,168:4012,169:3784,170:3704,171:3940,172:4013,173:3743,174:3801,175:3776,176:4098,177:4048,178:4152,179:3962,180:4018,181:4060,182:3852,183:3923,184:4023,185:4220,186:3973,187:3934,188:4105,189:3998,190:4074,191:4245,192:3987,193:4096,194:4022,195:4081,196:4349,197:4296,198:4298,199:4040,200:4072,201:4380,202:4261,203:4324,204:4160,205:4080,206:4323,207:4337,208:4242,209:4186,210:4297,211:4289,212:4388,213:4307,214:4387,215:4255,216:4259,217:4439,218:4134,219:4262,220:4153,221:4290,222:4452,223:4205,224:4222,225:4352,226:4231,227:4358,228:4275,229:4361,230:4355,231:4183,232:4113,233:4462,234:4418,235:4464,236:4267,237:4469,238:4214,239:4455,240:4303,241:4060,242:4264,243:4211,244:4369,245:4285,246:4193,247:4409,248:4076,249:4032,250:4317,251:4307,252:4308,253:4255,254:4201,255:4347,256:4051,257:4030,258:4056,259:4208,260:4148,261:4043,262:3946,263:4222,264:4220,265:4042,266:3910,267:3859,268:4109,269:3996,270:3888,271:4032,272:4037,273:3921,274:4009,275:3974,276:3789,277:3986,278:4098,279:3912,280:4023,281:3851,282:3863,283:4035,284:3695,285:3692,286:3649,287:3662,288:3940,289:3661,290:3706,291:3724,292:3737,293:3804,294:3804,295:3671,296:3667,297:3855,298:3820,299:3811,300:3748,301:3689,302:3864,303:3790,304:3618,305:3739,306:3728,307:3670,308:3559,309:3676,310:3827,311:3822,312:3533,313:3895,314:3531,315:3810,316:3616,317:3604,318:3835,319:3616,320:3807,321:3795,322:3746,323:3527,324:3816,325:3748,326:3526,327:3865,328:3813,329:3795,330:3723,331:3635,332:3782,333:3733,334:3782,335:3683,336:3703,337:3896,338:3951,339:3720,340:3759,341:3975,342:3891,343:4002,344:3767,345:3950,346:3706,347:3807,348:4018,349:3752,350:4030,351:4068,352:4058,353:4100,354:3809,355:3858,356:4080,357:3826,358:3945,359:3885
0:3994,1:3907,2:3968,3:4088,4:4184,5:4114,6:4019,7:3937,8:3928,9:4269,10:4215,11:3922,12:4218,13:3942,14:4303,15:4069,16:4277,17:4040,18:4188,19:4266,20:4373,21:4192,22:4067,23:4029,24:4119,25:4306,26:4311,27:4338,28:4163,29:4442,30:4287,31:4343,32:4457,33:4282,34:4174,35:4342,36:4241,37:4422,38:4460,39:4447,40:4459,41:4438,42:4427,43:4127,44:4446,45:4378,46:4307,47:4150,48:4498,49:4203,50:4327,51:4143,52:4375,53:4425,54:4166,55:4210,56:4206,57:4385,58:4264,59:4448,60:4207,61:4089,62:4205,63:4241,64:4083,65:4282,66:4393,67:4135,68:4376,69:4241,70:4151,71:4044,72:4029,73:4191,74:4023,75:4095,76:4262,77:4295,78:4268,79:4288,80:3988,81:4237,82:4118,83:4253,84:4064,85:4160,86:4094,87:4062,88:3879,89:4129,90:4182,91:4157,92:4043,93:3922,94:3834,95:3922,96:4047,97:4124,98:4038,99:3723,100:3883,101:3742,102:3894,103:3894,104:3743,105:3956,106:3683,107:3885,108:3744,109:3966,110:3858,111:3898,112:3644,113:3825,114:3725,115:3844,116:3779,117:3910,118:3665,119:3901,120:3896,121:3900,122:3753,123:3631,124:3895,125:3568,126:3745,127:3762,128:3626,129:3869,130:3881,131:3838,132:3586,133:3777,134:3882,135:3679,136:3750,137:3749,138:3542,139:3777,140:3552,141:3740,142:3603,143:3700,144:3575,145:3647,146:3787,147:3697,148:3778,149:3873,150:3837,151:3789,152:3872,153:3641,154:3593,155:3810,156:3761,157:3627,158:3647,159:3787,160:3647,161:3617,162:3720,163:3872,164:3936,165:3879,166:3715,167:3749,168:3679,169:3940,170:4081,171:3774,172:3841,173:4065,174:3791,175:3925,176:4095,177:3989,178:4132,179:3842,180:4140,181:3953,182:3844,183:4066,184:4105,185:3906,186:4007,187:4119,188:3954,189:4091,190:4107,191:4183,192:4238,193:4083,194:4258,195:4349,196:4163,197:4303,198:4048,199:4047,200:4390,201:4357,202:4255,203:4128,204:4119,205:4296,206:4215,207:4113,208:4179,209:4113,210:4164,211:4156,212:4182,213:4226,214:4439,215:4424,216:4097,217:4419,218:4344,219:4112,220:4147,221:4258,222:4144,223:4305,224:4423,225:4421,226:4201,227:4358,228:4141,229:4286,230:4131,231:4322,232:4176,233:4201,234:4116,235:4289,236:4213,237:4223,238:4287,239:4072,240:4229,241:4090,242:4317,243:4298,244:4095,245:4105,246:4288,247:4045,248:4237,249:4084,250:4218,251:4245,252:4144,253:4128,254:4111,255:4099,256:4319,257:4233,258:4229,259:4009,260:3966,261:4059,262:4201,263:4232,264:4047,265:4192,266:4177,267:4071,268:4063,269:3962,270:3933,271:4138,272:3895,273:3852,274:3817,275:4101,276:4084,277:3771,278:3860,279:3931,280:4018,281:3842,282:3727,283:3955,284:3947,285:3926,286:3793,287:3874,288:3720,289:3770,290:3898,291:3685,292:3809,293:3962,294:3842,295:3794,296:3648,297:3942,298:3930,299:3912,300:3684,301:3883,302:3837,303:3835,304:3819,305:3543,306:3626,307:3907,308:3575,309:3614,310:3722,311:3514,312:3579,313:3503,314:3720,315:3645,316:3759,317:3895,318:3674,319:3582,320:3708,321:3794,322:3824,323:3593,324:3671,325:3854,326:3629,327:3567,328:3736,329:3801,330:3831,331:3746,332:3868,333:3780,334:3695,335:3700,336:3974,337:3725,338:3881,339:3936,340:3890,341:3625,342:3742,343:3812,344:3877,345:3757,346:3825,347:3845,348:4044,349:4037,350:4090,351:3974,352:3810,353:3730,354:4072,355:3953,356:4062,357:4050,358:3979,359:3811
0:4106,1:3828,2:4120,3:4134,4:3897,5:4137,6:4222,7:3932,8:3893,9:3936,10:3971,11:3988,12:4106,13:4148,14:4270,15:4095,16:4334,17:4146,18:4303,19:4004,20:4322,21:4020,22:4298,23:4344,24:4117,25:4099,26:4225,27:4066,28:4059,29:4133,30:4141,31:4177,32:4460,33:4428,34:4110,35:4331,36:4289,37:4224,38:4342,39:4294,40:4372,41:4230,42:4286,43:4422,44:4417,45:4260,46:4472,47:4325,48:4486,49:4420,50:4193,51:4325,52:4112,53:4142,54:4385,55:4150,56:4189,57:4397,58:4412,59:4261,60:4316,61:4068,62:4156,63:4342,64:4419,65:4229,66:4322,67:4392,68:4066,69:4060,70:4276,71:4333,72:4173,73:4236,74:4169,75:4220,76:4168,77:3978,78:4157,79:4285,80:4154,81:4272,82:4070,83:3913,84:4136,85:4215,86:3853,87:4144,88:3937,89:4037,90:3843,91:3923,92:4046,93:3881,94:3848,95:3883,96:4129,97:3932,98:4100,99:3825,100:3905,101:3761,102:3787,103:3912,104:3705,105:3939,106:3791,107:3762,108:3934,109:3615,110:3703,111:3689,112:3838,113:3683,114:3891,115:3942,116:3842,117:3840,118:3739,119:3925,120:3565,121:3875,122:3580,123:3748,124:3701,125:3599,126:3608,127:3803,128:3829,129:3843,130:3504,131:3901,132:3660,133:3815,134:3808,135:3566,136:3767,137:3719,138:3611,139:3697,140:3888,141:3812,142:3846,143:3552,144:3843,145:3901,146:3633,147:3910,148:3641,149:3915,150:3822,151:3570,152:3790,153:3763,154:3567,155:3671,156:3864,157:3811,158:3884,159:3992,160:3759,161:3892,162:3920,163:4028,164:3882,165:3735,166:3711,167:3840,168:3969,169:3833,170:3970,171:3851,172:3933,173:4033,174:3807,175:4091,176:4137,177:3776,178:3881,179:3943,180:4036,181:3844,182:4205,183:4188,184:4186,185:4137,186:4203,187:4241,188:4245,189:4034,190:4265,191:4041,192:3979,193:4164,194:4323,195:3992,196:3978,197:4230,198:4268,199:4230,200:4095,201:4096,202:4383,203:4037,204:4088,205:4175,206:4337,207:4147,208:4230,209:4119,210:4140,211:4348,212:4077,213:4081,214:4205,215:4453,216:4101,217:4163,218:4345,219:4406,220:4266,221:4320,222:4386,223:4223,224:4416,225:4246,226:4287,227:4255,228:4298,229:4224,230:4385,231:4380,232:4393,233:4191,234:4470,235:4374,236:4293,237:4271,238:4328,239:4088,240:4365,241:4442,242:4283,243:4210,244:4378,245:4089,246:4134,247:4397,248:4226,249:4052,250:4044,251:4089,252:4151,253:4113,254:4142,255:4271,256:4340,257:4225,258:4269,259:4262,260:4143,261:4044,262:4175,263:4226,264:3897,265:3871,266:4118,267:3881,268:4169,269:3885,270:3822,271:3953,272:4082,273:3900,274:3980,275:4047,276:3891,277:3915,278:3965,279:3798,280:4096,281:3831,282:4030,283:3687,284:3803,285:3692,286:3894,287:3758,288:3920,289:3809,290:3739,291:3840,292:3714,293:3757,294:3595,295:3826,296:3613,297:3944,298:3666,299:3864,300:3652,301:3851,302:3535,303:3616,304:3621,305:3720,306:3540,307:3667,308:3662,309:3823,310:3719,311:3832,312:3581,313:3676,314:3614,315:3883,316:3632,317:3618,318:3573,319:3606,320:3674,321:3893,322:3675,323:3742,324:3833,325:3836,326:3798,327:3744,328:3820,329:3631,330:3783,331:3806,332:3674,333:3952,334:3742,335:3700,336:3645,337:3660,338:3720,339:3987,340:3945,341:3966,342:3782,343:3955,344:3847,345:3723,346:3892,347:3873,348:3881,349:3838,350:3986,351:4095,352:4038,353:3820,354:3955,355:4112,356:4157,357:3942,358:3810,359:4157
0:4065,1:4021,2:4133,3:3920,4:4089,5:4103,6:3943,7:4049,8:4107,9:4286,10:4171,11:4301,12:4060,13:4044,14:4043,15:4035,16:3992,17:4199,18:4356,19:4192,20:4034,21:4120,22:4029,23:4399,24:4065,25:4357,26:4214,27:4057,28:4208,29:4390,30:4310,31:4256,32:4454,33:4162,34:4313,35:4248,36:4219,37:4180,38:4202,39:4135,40:4309,41:4376,42:4364,43:4379,44:4308,45:4265,46:4116,47:4160,48:4272,49:4315,50:4279,51:4486,52:4351,53:4203,54:4345,55:4362,56:4322,57:4127,58:4312,59:4074,60:4385,61:4323,62:4057,63:4066,64:4365,65:4245,66:4245,67:4371,68:4226,69:4324,70:4300,71:4302,72:4135,73:4172,74:4094,75:4230,76:3996,77:3964,78:4191,79:4110,80:3924,81:4002,82:3973,83:4170,84:4005,85:3936,86:3923,87:4081,88:3961,89:3916,90:3840,91:4030,92:3962,93:4014,94:3794,95:4145,96:3917,97:3759,98:3745,99:3732,100:3989,101:3981,102:4050,103:3724,104:3888,105:3780,106:4029,107:4019,108:3852,109:3745,110:3739,111:3665,112:3689,113:3605,114:3699,115:3702,116:3770,117:3642,118:3711,119:3680,120:3834,121:3835,122:3688,123:3569,124:3692,125:3804,126:3684,127:3824,128:3515,129:3678,130:3664,131:3737,132:3781,133:3735,134:3817,135:3504,136:3743,137:3885,138:3676,139:3537,140:3529,141:3558,142:3707,143:3651,144:3645,145:3594,146:3635,147:3924,148:3620,149:3735,150:3776,151:3585,152:3924,153:3757,154:3636,155:3962,156:3727,157:3723,158:3883,159:3696,160:3806,161:3708,162:3962,163:4026,164:4034,165:3740,166:3920,167:4001,168:3796,169:3994,170:4023,171:3914,172:3998,173:4063,174:3784,175:4040,176:4089,177:3961,178:4125,179:4122,180:3805,181:4144,182:3956,183:4098,184:3905,185:3979,186:3885,187:3887,188:4139,189:4141,190:3931,191:4086,192:4250,193:4050,194:4030,195:4205,196:4353,197:4126,198:4033,199:4039,200:4114,201:4034,202:4272,203:4092,204:4222,205:4243,206:4169,207:4086,208:4120,209:4433,210:4378,211:4441,212:4217,213:4349,214:4251,215:4111,216:4468,217:4103,218:4482,219:4358,220:4153,221:4406,222:4351,223:4179,224:4321,225:4455,226:4283,227:4471,228:4116,229:4411,230:4401,231:4142,232:4262,233:4282,234:4366,235:4101,236:4310,237:4302,238:4345,239:4395,240:4080,241:4166,242:4423,243:4380,244:4223,245:4043,246:4335,247:4074,248:4169,249:4031,250:4222,251:4254,252:4078,253:4130,254:4012,255:3960,256:4130,257:4103,258:4046,259:4283,260:3923,261:4095,262:4253,263:4043,264:4179,265:4144,266:4240,267:3938,268:4210,269:3934,270:4027,271:4019,272:3903,273:4065,274:4070,275:4019,276:3966,277:4081,278:3734,279:3761,280:3758,281:3699,282:3885,283:3879,284:3972,285:3660,286:3770,287:3697,288:3809,289:3811,290:3740,291:3818,292:3724,293:3825,294:3911,295:3847,296:3824,297:3906,298:3880,299:3810,300:3699,301:3795,302:3572,303:3593,304:3578,305:3664,306:3906,307:3528,308:3838,309:3563,310:3708,311:3747,312:3685,313:3804,314:3575,315:3748,316:3818,317:3669,318:3880,319:3595,320:3654,321:3853,322:3722,323:3879,324:3601,325:3716,326:3669,327:3673,328:3802,329:3827,330:3606,331:3733,332:3764,333:3582,334:3786,335:3858,336:3585,337:3641,338:3933,339:3773,340:3645,341:3787,342:3829,343:3817,344:3943,345:3677,346:4009,347:3973,348:3926,349:3901,350:3913,351:4013,352:3975,353:3979,354:3880,355:3750,356:4104,357:4111,358:3986,359:3810
0:4093,1:3822,2:4117,3:3967,4:3976,5:3929,6:4142,7:4047,8:3991,9:4226,10:3989,11:4037,12:3931,13:3936,14:4002,15:4089,16:4002,17:4078,18:4277,19:4147,20:4097,21:4351,22:4132,23:4264,24:4073,25:4337,26:4364,27:4342,28:4127,29:4135,30:4086,31:4394,32:4071,33:4465,34:4381,35:4472,36:4287,37:4111,38:4166,39:4457,40:4133,41:4158,42:4168,43:4417,44:4109,45:4190,46:4295,47:4247,48:4170,49:4299,50:4439,51:4445,52:4218,53:4487,54:4131,55:4114,56:4150,57:4102,58:4464,59:4434,60:4414,61:4437,62:4408,63:4137,64:4257,65:4225,66:4370,67:4256,68:4173,69:4398,70:4370,71:4223,72:4269,73:3998,74:4260,75:4274,76:4176,77:4059,78:3979,79:4019,80:4024,81:4142,82:3931,83:4096,84:4089,85:4132,86:3878,87:4017,88:4201,89:4096,90:3805,91:4048,92:3982,93:4039,94:4114,95:3850,96:3943,97:4102,98:3969,99:3938,100:3981,101:3815,102:3969,103:3944,104:3885,105:3920,106:3762,107:3847,108:3702,109:3885,110:3679,111:3831,112:3786,113:3955,114:3712,115:3668,116:3751,117:3645,118:3872,119:3794,120:3923,121:3794,122:3901,123:3705,124:3771,125:3722,126:3657,127:3890,128:3543,129:3673,130:3707,131:3605,132:3506,133:3564,134:3562,135:3539,136:3558,137:3673,138:3846,139:3576,140:3741,141:3833,142:3560,143:3597,144:3799,145:3549,146:3577,147:3852,148:3563,149:3714,150:3897,151:3775,152:3613,153:3883,154:3628,155:3890,156:3931,157:3957,158:3828,159:3624,160:3936,161:3829,162:3734,163:3812,164:3728,165:4009,166:3946,167:3843,168:3979,169:3856,170:4049,171:4066,172:3913,173:3770,174:3920,175:3798,176:4035,177:4145,178:3966,179:3965,180:4071,181:3946,182:4030,183:4212,184:4206,185:3914,186:4147,187:4018,188:4192,189:4291,190:4031,191:4123,192:4146,193:4125,194:4204,195:4335,196:4067,197:4090,198:4337,199:3991,200:4163,201:4135,202:4134,203:4035,204:4412,205:4161,206:4099,207:4317,208:4293,209:4128,210:4352,211:4437,212:4266,213:4304,214:4409,215:4167,216:4282,217:4194,218:4471,219:4236,220:4128,221:4378,222:4360,223:4344,224:4224,225:4465,226:4384,227:4287,228:4375,229:4468,230:4333,231:4325,232:4278,233:4473,234:4458,235:4206,236:4414,237:4391,238:4468,239:4242,240:4446,241:4137,242:4423,243:4139,244:4054,245:4180,246:4244,247:4371,248:4104,249:4289,250:4178,251:4010,252:4137,253:4225,254:4254,255:3950,256:4090,257:4234,258:4033,259:4170,260:3972,261:3927,262:4176,263:4255,264:3885,265:4167,266:4207,267:3848,268:4059,269:4010,270:3943,271:3848,272:3790,273:3865,274:3932,275:3843,276:4023,277:3900,278:3937,279:4015,280:3800,281:4041,282:4059,283:3719,284:3718,285:3832,286:4008,287:3908,288:3803,289:3658,290:3935,291:3742,292:3956,293:3900,294:3882,295:3638,296:3703,297:3705,298:3692,299:3784,300:3645,301:3897,302:3570,303:3892,304:3556,305:3523,306:3818,307:3643,308:3897,309:3740,310:3795,311:3836,312:3581,313:3517,314:3604,315:3627,316:3874,317:3596,318:3748,319:3633,320:3629,321:3581,322:3711,323:3691,324:3713,325:3769,326:3640,327:3675,328:3626,329:3764,330:3562,331:3833,332:3776,333:3670,334:3880,335:3720,336:3839,337:3648,338:3679,339:3648,340:3758,341:3965,342:3768,343:3679,344:3673,345:3884,346:3751,347:3848,348:3688,349:4011,350:3990,351:3736,352:3834,353:4037,354:4083,355:3951,356:3908,357:3817,358:3874,359:3937
0:4014,1:3823,2:3857,3:4031,4:4030,5:3983,6:4222,7:4233,8:4119,9:3949,10:3971,11:3943,12:4078,13:4276,14:4103,15:4015,16:4273,17:4145,18:4302,19:4091,20:4084,21:4016,22:4051,23:4174,24:4048,25:4280,26:4219,27:4314,28:4385,29:4288,30:4450,31:4162,32:4187,33:4168,34:4138,35:4155,36:4306,37:4470,38:4303,39:4463,40:4212,41:4490,42:4428,43:4156,44:4294,45:4354,46:4214,47:4368,48:4320,49:4140,50:4097,51:4244,52:4256,53:4381,54:4161,55:4471,56:4164,57:4262,58:4297,59:4100,60:4335,61:4062,62:4062,63:4226,64:4306,65:4374,66:4131,67:4291,68:4042,69:4208,70:4057,71:4135,72:3992,73:4275,74:4186,75:4303,76:4170,77:4145,78:4291,79:4150,80:3984,81:4051,82:3940,83:3976,84:4223,85:3913,86:4102,87:3835,88:3821,89:4006,90:3910,91:3942,92:4099,93:4057,94:4097,95:3809,96:3978,97:3996,98:4038,99:3981,100:4025,101:3717,102:3825,103:4048,104:3884,105:3824,106:3941,107:4016,108:4002,109:3960,110:3826,111:3693,112:3680,113:3635,114:3704,115:3576,116:3847,117:3567,118:3779,119:3720,120:3859,121:3681,122:3873,123:3841,124:3855,125:3701,126:3659,127:3538,128:3735,129:3853,130:3645,131:3639,132:3874,133:3674,134:3620,135:3654,136:3702,137:3529,138:3791,139:3734,140:3903,141:3548,142:3852,143:3876,144:3519,145:3535,146:3564,147:3686,148:3598,149:3721,150:3631,151:3790,152:3553,153:3877,154:3874,155:3667,156:3775,157:3688,158:3729,159:3824,160:3890,161:3700,162:3677,163:3944,164:3692,165:3833,166:3927,167:3931,168:3853,169:3989,170:3848,171:3978,172:3770,173:4109,174:3825,175:3918,176:3773,177:3778,178:4002,179:4165,180:3939,181:3885,182:3964,183:4049,184:4193,185:4124,186:3951,187:3930,188:3931,189:4172,190:4202,191:3942,192:4227,193:4265,194:4126,195:4034,196:4108,197:4352,198:4036,199:4085,200:4352,201:4157,202:4260,203:4330,204:4241,205:4214,206:4108,207:4141,208:4335,209:4444,210:4076,211:4304,212:4096,213:4230,214:4410,215:4150,216:4328,217:4221,218:4287,219:4386,220:4364,221:4222,222:4138,223:4366,224:4405,225:4173,226:4202,227:4392,228:4479,229:4264,230:4260,231:4128,232:4457,233:4349,234:4477,235:4246,236:4303,237:4457,238:4389,239:4341,240:4165,241:4187,242:4420,243:4149,244:4362,245:4416,246:4204,247:4363,248:4372,249:4193,250:4382,251:4276,252:4238,253:4116,254:4276,255:4289,256:4004,257:3964,258:3993,259:4237,260:4027,261:4172,262:4003,263:3920,264:4232,265:3864,266:3879,267:3960,268:4026,269:3865,270:3878,271:3803,272:4024,273:3826,274:3945,275:3840,276:4081,277:3924,278:3739,279:3880,280:3957,281:3773,282:3824,283:3896,284:3712,285:3865,286:3778,287:4004,288:3948,289:3805,290:3716,291:3747,292:3946,293:3598,294:3740,295:3612,296:3781,297:3714,298:3890,299:3667,300:3544,301:3787,302:3876,303:3764,304:3804,305:3807,306:3774,307:3540,308:3756,309:3879,310:3775,311:3615,312:3646,313:3722,314:3633,315:3602,316:3519,317:3657,318:3572,319:3681,320:3638,321:3574,322:3577,323:3669,324:3732,325:3649,326:3682,327:3775,328:3911,329:3700,330:3838,331:3677,332:3666,333:3897,334:3900,335:3619,336:3688,337:3875,338:3973,339:3978,340:3943,341:3689,342:3700,343:3852,344:4017,345:4048,346:3738,347:3785,348:3835,349:3974,350:3795,351:3968,352:4088,353:4100,354:3761,355:4021,356:3993,357:4014,358:3973,359:3829
0:4129,1:3981,2:4142,3:3983,4:4057,5:4058,6:3997,7:4235,8:4103,9:4230,10:4295,11:4004,12:4309,13:4193,14:4055,15:4046,16:4017,17:4035,18:4252,19:4024,20:4254,21:4189,22:4188,23:4099,24:4214,25:4131,26:4052,27:4439,28:4381,29:4082,30:4265,31:4161,32:4256,33:4369,34:4143,35:4439,36:4127,37:4476,38:4154,39:4325,40:4178,41:4163,42:4101,43:4214,44:4404,45:4126,46:4187,47:4395,48:4465,49:4105,50:4156,51:4360,52:4285,53:4172,54:4239,55:4217,56:4323,57:4372,58:4225,59:4236,60:4214,61:4201,62:4415,63:4278,64:4109,65:4035,66:4283,67:4321,68:4295,69:4181,70:4255,71:4139,72:4172,73:4188,74:3974,75:3991,76:4024,77:4047,78:4070,79:4136,80:4237,81:4077,82:3968,83:3928,84:4235,85:3957,86:4123,87:4181,88:3824,89:4153,90:4086,91:4153,92:3822,93:4071,94:4110,95:3788,96:3936,97:3880,98:3913,99:3971,100:4000,101:4083,102:3778,103:3939,104:3856,105:3901,106:3704,107:3904,108:3769,109:3904,110:3957,111:3896,112:3989,113:3812,114:3720,115:3663,116:3707,117:3749,118:3834,119:3690,120:3668,121:3859,122:3829,123:3904,124:3824,125:3635,126:3534,127:3813,128:3671,129:3660,130:3852,131:3507,132:3636,133:3511,134:3808,135:3739,136:3772,137:3584,138:3897,139:3647,140:3772,141:3595,142:3539,143:3590,144:3689,145:3682,146:3634,147:3625,148:3595,149:3644,150:3900,151:3655,152:3804,153:3796,154:3854,155:3575,156:3911,157:3724,158:3703,159:3805,160:3622,161:3990,162:3918,163:3983,164:3965,165:3872,166:3843,167:3932,168:3791,169:3963,170:4027,171:3908,172:3928,173:3877,174:4029,175:4053,176:3778,177:3853,178:3972,179:3833,180:3926,181:3850,182:3897,183:3862,184:4139,185:4091,186:3929,187:4040,188:4025,189:4095,190:4291,191:4015,192:4166,193:4260,194:4160,195:3954,196:4104,197:4059,198:4099,199:4335,200:4158,201:4371,202:4395,203:4400,204:4092,205:4130,206:4304,207:4285,208:4213,209:4257,210:4385,211:4426,212:4465,213:4441,214:4213,215:4284,216:4432,217:4134,218:4390,219:4263,220:4299,221:4361,222:4274,223:4212,224:4109,225:4397,226:4173,227:4413,228:4329,229:4314,230:4276,231:4348,232:4324,233:4259,234:4257,235:4337,236:4433,237:4447,238:4102,239:4337,240:4452,241:4325,242:4330,243:4223,244:4092,245:4343,246:4301,247:4137,248:4264,249:4058,250:4152,251:4248,252:4177,253:4171,254:4256,255:3991,256:4081,257:4244,258:4133,259:4036,260:4065,261:4088,262:3887,263:3998,264:4070,265:4002,266:4074,267:3914,268:3979,269:3988,270:4039,271:4051,272:3980,273:3971,274:3806,275:3926,276:3741,277:4069,278:3868,279:3707,280:3886,281:3690,282:3951,283:3813,284:4027,285:3990,286:3884,287:3942,288:3711,289:3940,290:3786,291:3937,292:3881,293:3683,294:3583,295:3744,296:3734,297:3768,298:3556,299:3650,300:3575,301:3827,302:3573,303:3862,304:3919,305:3566,306:3528,307:3569,308:3689,309:3904,310:3578,311:3893,312:3776,313:3523,314:3840,315:3576,316:3769,317:3815,318:3504,319:3826,320:3766,321:3640,322:3710,323:3840,324:3841,325:3579,326:3706,327:3717,328:3868,329:3577,330:3559,331:3933,332:3567,333:3832,334:3818,335:3806,336:3613,337:3677,338:3759,339:3615,340:3837,341:3852,342:3645,343:3729,344:3661,345:3654,346:3981,347:3968,348:3896,349:4086,350:3765,351:3725,352:3963,353:4092,354:4126,355:3928,356:4041,357:4113,358:4053,359:3878
0:4122,1:4159,2:4075,3:4194,4:3933,5:4219,6:4001,7:4000,8:3917,9:4173,10:4286,11:4028,12:4253,13:4128,14:3942,15:4160,16:4203,17:4144,18:4240,19:4164,20:4105,21:4226,22:4115,23:4110,24:4264,25:4241,26:4176,27:4259,28:4318,29:4245,30:4185,31:4199,32:4254,33:4400,34:4473,35:4367,36:4413,37:4157,38:4248,39:4257,40:4267,41:4267,42:4309,43:4345,44:4195,45:4411,46:4194,47:4460,48:4240,49:4286,50:4348,51:4311,52:4147,53:4228,54:4267,55:4342,56:4116,57:4400,58:4112,59:4114,60:4437,61:4060,62:4364,63:4121,64:4111,65:4275,66:4379,67:4220,68:4218,69:4003,70:4187,71:4340,72:3979,73:3988,74:4096,75:4088,76:4196,77:4308,78:4159,79:3969,80:3916,81:4037,82:3910,83:4021,84:4122,85:3855,86:3943,87:4009,88:4183,89:4098,90:3980,91:4109,92:4018,93:3815,94:3941,95:4104,96:3947,97:3896,98:4092,99:4092,100:3837,101:3720,102:3783,103:3962,104:3787,105:3889,106:3984,107:3690,108:3891,109:3820,110:3624,111:3834,112:3748,113:3937,114:3809,115:3846,116:3597,117:3950,118:3832,119:3547,120:3610,121:3811,122:3890,123:3800,124:3878,125:3539,126:3767,127:3604,128:3713,129:3879,130:3514,131:3678,132:3644,133:3622,134:3620,135:3865,136:3555,137:3821,138:3720,139:3743,140:3841,141:3601,142:3824,143:3736,144:3698,145:3892,146:3735,147:3609,148:3793,149:3539,150:3648,151:3680,152:3687,153:3610,154:3719,155:3827,156:3926,157:3593,158:3725,159:3617,160:3721,161:3698,162:3992,163:3913,164:4023,165:3731,166:3768,167:4051,168:3872,169:3859,170:3978,171:3916,172:3771,173:3747,174:4054,175:3812,176:4054,177:3949,178:3815,179:4008,180:3994,181:4101,182:4136,183:4218,184:3969,185:4194,186:4247,187:3948,188:4250,189:4169,190:3906,191:4300,192:4054,193:3987,194:4257,195:4220,196:4080,197:4235,198:4121,199:4143,200:4143,201:4344,202:4264,203:4328,204:4269,205:4172,206:4373,207:4395,208:4282,209:4120,210:4237,211:4340,212:4413,213:4438,214:4241,215:4128,216:4288,217:4150,218:4386,219:4221,220:4126,221:4353,222:4151,223:4452,224:4173,225:4234,226:4498,227:4145,228:4484,229:4365,230:4330,231:4179,232:4363,233:4273,234:4272,235:4134,236:4318,237:4166,238:4270,239:4160,240:4136,241:4124,242:4062,243:4232,244:4424,245:4330,246:4244,247:4308,248:4296,249:4322,250:4142,251:4014,252:4183,253:4086,254:4091,255:4298,256:4065,257:4177,258:3930,259:4042,260:4213,261:3905,262:4005,263:4151,264:3903,265:4197,266:4197,267:3996,268:3875,269:4162,270:4016,271:3792,272:3797,273:3890,274:3906,275:3892,276:4136,277:3961,278:3720,279:3737,280:3723,281:3751,282:3915,283:3935,284:4052,285:3911,286:3858,287:3800,288:3802,289:3812,290:3716,291:3680,292:3850,293:3775,294:3835,295:3762,296:3626,297:3822,298:3883,299:3723,300:3795,301:3887,302:3539,303:3771,304:3794,305:3759,306:3781,307:3851,308:3631,309:3610,310:3666,311:3889,312:3870,313:3664,314:3551,315:3546,316:3882,317:3835,318:3635,319:3783,320:3885,321:3539,322:3887,323:3674,324:3626,325:3813,326:3628,327:3635,328:3701,329:3684,330:3891,331:3676,332:3936,333:3648,334:3763,335:3922,336:3872,337:3715,338:3620,339:3641,340:3933,341:3839,342:3800,343:3719,344:3643,345:3870,346:3839,347:4034,348:3685,349:3802,350:3717,351:4097,352:3836,353:4053,354:3995,355:3811,356:4081,357:3809,358:4000,359:3975
0:4174,1:3827,2:3974,3:4198,4:3931,5:4080,6:4085,7:4144,8:4099,9:4018,10:3994,11:3969,12:4125,13:4273,14:4237,15:4048,16:4296,17:4001,18:4257,19:4265,20:4294,21:4089,22:4384,23:4208,24:4164,25:4136,26:4053,27:4270,28:4324,29:4377,30:4455,31:4196,32:4184,33:4213,34:4139,35:4268,36:4372,37:4277,38:4218,39:4269,40:4165,41:4152,42:4132,43:4130,44:4219,45:4150,46:4204,47:4446,48:4152,49:4468,50:4136,51:4180,52:4393,53:4323,54:4284,55:4182,56:4236,57:4392,58:4238,59:4120,60:4123,61:4069,62:4302,63:4200,64:4095,65:4378,66:4386,67:4271,68:4065,69:4312,70:4049,71:4346,72:4138,73:4043,74:4045,75:4024,76:4255,77:4073,78:4122,79:4001,80:4262,81:3960,82:4185,83:3878,84:4051,85:3897,86:4130,87:4014,88:3960,89:3841,90:4108,91:4100,92:3806,93:3897,94:4117,95:4000,96:3999,97:3970,98:3869,99:3782,100:3912,101:3941,102:3888,103:3900,104:3850,105:4023,106:3986,107:3944,108:3663,109:3952,110:3634,111:3944,112:3687,113:3584,114:3761,115:3789,116:3795,117:3641,118:3884,119:3791,120:3757,121:3839,122:3901,123:3590,124:3902,125:3834,126:3821,127:3822,128:3656,129:3625,130:3534,131:3506,132:3547,133:3624,134:3729,135:3780,136:3637,137:3572,138:3523,139:3800,140:3652,141:3822,142:3830,143:3759,144:3781,145:3819,146:3715,147:3665,148:3770,149:3904,150:3617,151:3772,152:3885,153:3570,154:3729,155:3923,156:3894,157:3703,158:3943,159:3758,160:3938,161:3664,162:3855,163:4018,164:3656,165:3997,166:3956,167:4009,168:3722,169:3773,170:4082,171:3851,172:3943,173:3955,174:4025,175:3876,176:4077,177:3802,178:4159,179:4147,180:4153,181:4079,182:3956,183:3960,184:4046,185:4180,186:4118,187:3974,188:4117,189:3922,190:3972,191:4041,192:4093,193:4113,194:4177,195:4067,196:4143,197:4301,198:3992,199:4254,200:4375,201:4187,202:4135,203:4278,204:4212,205:4139,206:4119,207:4374,208:4067,209:4352,210:4352,211:4074,212:4438,213:4103,214:4232,215:4131,216:4203,217:4315,218:4211,219:4371,220:4267,221:4327,222:4465,223:4340,224:4277,225:4433,226:4148,227:4296,228:4465,229:4447,230:4141,231:4132,232:4444,233:4427,234:4225,235:4272,236:4107,237:4142,238:4228,239:4232,240:4219,241:4219,242:4185,243:4154,244:4343,245:4200,246:4350,247:4058,248:4277,249:4304,250:4206,251:4201,252:4227,253:4288,254:4138,255:4206,256:4302,257:4274,258:3997,259:4256,260:4242,261:3936,262:3884,263:4212,264:4230,265:3900,266:4041,267:3890,268:3910,269:3839,270:4055,271:4075,272:3867,273:3793,274:4145,275:4095,276:3827,277:3932,278:3788,279:3781,280:4046,281:3691,282:3760,283:4053,284:3754,285:3721,286:4001,287:3881,288:3851,289:3762,290:3790,291:3745,292:3847,293:3698,294:3803,295:3861,296:3928,297:3606,298:3886,299:3785,300:3613,301:3579,302:3589,303:3594,304:3835,305:3701,306:3635,307:3682,308:3654,309:3857,310:3506,311:3620,312:3800,313:3618,314:3513,315:3897,316:3658,317:3769,318:3877,319:3616,320:3665,321:3727,322:3742,323:3865,324:3717,325:3697,326:3753,327:3718,328:3764,329:3852,330:3917,331:3762,332:3833,333:3862,334:3666,335:3898,336:3588,337:3812,338:3781,339:3814,340:3622,341:3631,342:3910,343:3864,344:4007,345:3696,346:3660,347:4052,348:3983,349:3788,350:3824,351:3990,352:3883,353:3952,354:3821,355:3989,356:3815,357:3869,358:3881,359:4047
0:4176,1:3827,2:4116,3:4212,4:3870,5:3870,6:4051,7:3963,8:4191,9:3947,10:4195,11:3933,12:4111,13:4205,14:4078,15:3980,16:3960,17:4301,18:4110,19:4225,20:4269,21:4011,22:4329,23:4360,24:4068,25:4222,26:4392,27:4246,28:4437,29:4333,30:4345,31:4387,32:4357,33:4118,34:4238,35:4381,36:4144,37:4436,38:4195,39:4341,40:4278,41:4129,42:4118,43:4135,44:4304,45:4382,46:4312,47:4224,48:4269,49:4197,50:4259,51:4178,52:4134,53:4112,54:4364,55:4403,56:4439,57:4340,58:4430,59:4449,60:4355,61:4143,62:4130,63:4153,64:4370,65:4356,66:4027,67:4065,68:4122,69:4242,70:4352,71:3994,72:4146,73:4231,74:4257,75:4117,76:4235,77:3948,78:4259,79:3917,80:4146,81:3971,82:3888,83:4160,84:4014,85:4079,86:4005,87:4205,88:3820,89:4042,90:3958,91:3823,92:3965,93:4081,94:3906,95:4082,96:3847,97:4106,98:3752,99:4032,100:4033,101:3841,102:3691,103:3740,104:4031,105:3805,106:3967,107:3930,108:3789,109:3791,110:3873,111:3862,112:3961,113:3640,114:3713,115:3653,116:3931,117:3805,118:3799,119:3685,120:3560,121:3616,122:3792,123:3535,124:3706,125:3730,126:3587,127:3586,128:3550,129:3607,130:3891,131:3536,132:3719,133:3837,134:3531,135:3846,136:3791,137:3732,138:3868,139:3884,140:3758,141:3509,142:3591,143:3520,144:3861,145:3709,146:3903,147:3667,148:3774,149:3547,150:3857,151:3887,152:3620,153:3729,154:3662,155:3908,156:3877,157:3648,158:3717,159:3901,160:3916,161:3868,162:3786,163:3709,164:3927,165:3897,166:4020,167:3783,168:3710,169:3865,170:3970,171:4066,172:3729,173:3820,174:4108,175:4050,176:3931,177:3844,178:3946,179:3802,180:3844,181:3923,182:4054,183:3831,184:3878,185:4219,186:3868,187:3946,188:4227,189:4267,190:4014,191:3963,192:4059,193:4324,194:3975,195:4170,196:4145,197:4339,198:3976,199:4184,200:4281,201:4047,202:4156,203:4408,204:4166,205:4254,206:4405,207:4320,208:4298,209:4141,210:4188,211:4367,212:4270,213:4240,214:4473,215:4177,216:4132,217:4260,218:4370,219:4183,220:4154,221:4423,222:4151,223:4414,224:4122,225:4488,226:4118,227:4413,228:4389,229:4411,230:4464,231:4273,232:4381,233:4371,234:4363,235:4212,236:4173,237:4246,238:4139,239:4454,240:4209,241:4093,242:4239,243:4284,244:4231,245:4203,246:4314,247:4039,248:4314,249:4398,250:4341,251:4245,252:4342,253:4219,254:4068,255:4192,256:4246,257:3937,258:4214,259:4301,260:4192,261:4141,262:4239,263:4063,264:4023,265:4013,266:4216,267:3868,268:4142,269:4088,270:4151,271:4017,272:4134,273:4024,274:3821,275:3981,276:3939,277:3973,278:3865,279:3804,280:3952,281:3863,282:3976,283:3732,284:3815,285:3735,286:3909,287:3866,288:3787,289:4009,290:3705,291:3633,292:3744,293:3696,294:3732,295:3612,296:3934,297:3681,298:3731,299:3940,300:3673,301:3596,302:3696,303:3893,304:3832,305:3528,306:3608,307:3767,308:3574,309:3870,310:3890,311:3795,312:3870,313:3721,314:3646,315:3555,316:3871,317:3536,318:3603,319:3837,320:3633,321:3831,322:3765,323:3607,324:3803,325:3686,326:3637,327:3596,328:3667,329:3742,330:3872,331:3610,332:3886,333:3711,334:3834,335:3745,336:3967,337:3672,338:3703,339:3732,340:3900,341:3743,342:3803,343:3728,344:4000,345:3724,346:3739,347:3856,348:4006,349:3981,350:3910,351:3838,352:3774,353:3760,354:4092,355:4067,356:3962,357:4165,358:4082,359:3843
0:3925,1:4170,2:4033,3:3936,4:4067,5:4024,6:4090,7:4177,8:3887,9:4204,10:4033,11:4074,12:4311,13:4074,14:4010,15:4349,16:3987,17:4129,18:4023,19:4309,20:4048,21:4233,22:4216,23:4127,24:4118,25:4134,26:4140,27:4264,28:4165,29:4286,30:4267,31:4068,32:4256,33:4181,34:4257,35:4253,36:4122,37:4395,38:4181,39:4461,40:4267,41:4351,42:4118,43:4187,44:4127,45:4119,46:4223,47:4477,48:4259,49:4115,50:4493,51:4415,52:4373,53:4385,54:4400,55:4338,56:4467,57:4306,58:4242,59:4234,60:4437,61:4249,62:4306,63:4169,64:4322,65:4155,66:4123,67:4216,68:4364,69:4258,70:4063,71:4251,72:4185,73:4354,74:4313,75:4347,76:4280,77:4062,78:4299,79:4253,80:4103,81:3952,82:3937,83:4026,84:4138,85:4059,86:4192,87:3968,88:4047,89:4055,90:4108,91:3960,92:3907,93:4010,94:4146,95:4023,96:4006,97:3777,98:4014,99:3996,100:3867,101:3880,102:3860,103:3860,104:3717,105:3895,106:3896,107:3995,108:4021,109:3740,110:3787,111:3938,112:3847,113:3764,114:3945,115:3911,116:3845,117:3674,118:3559,119:3675,120:3762,121:3886,122:3826,123:3820,124:3569,125:3771,126:3859,127:3682,128:3788,129:3522,130:3536,131:3759,132:3637,133:3560,134:3693,135:3513,136:3619,137:3550,138:3728,139:3845,140:3860,141:3526,142:3821,143:3564,144:3856,145:3651,146:3894,147:3779,148:3774,149:3613,150:3927,151:3609,152:3948,153:3596,154:3943,155:3696,156:3634,157:3816,158:3721,159:3645,160:3665,161:3620,162:3832,163:3998,164:3903,165:3908,166:3815,167:3900,168:3739,169:3890,170:4084,171:3955,172:3788,173:4074,174:4014,175:3875,176:4006,177:3921,178:4102,179:3881,180:4057,181:3963,182:4087,183:3850,184:4096,185:3977,186:3902,187:4218,188:4117,189:4185,190:4292,191:4230,192:3979,193:4229,194:3985,195:3973,196:4098,197:4220,198:4041,199:4148,200:4001,201:4068,202:4088,203:4157,204:4101,205:4040,206:4420,207:4189,208:4070,209:4202,210:4455,211:4301,212:4327,213:4326,214:4103,215:4233,216:4392,217:4171,218:4224,219:4214,220:4474,221:4177,222:4457,223:4260,224:4420,225:4189,226:4380,227:4456,228:4381,229:4441,230:4108,231:4245,232:4243,233:4339,234:4339,235:4113,236:4418,237:4340,238:4273,239:4209,240:4130,241:4287,242:4300,243:4427,244:4069,245:4165,246:4364,247:4254,248:4325,249:4400,250:4146,251:4331,252:4168,253:4362,254:4292,255:4030,256:4311,257:4295,258:4018,259:4080,260:4071,261:4137,262:4068,263:3935,264:4240,265:4242,266:4062,267:4148,268:4128,269:4127,270:4174,271:3935,272:3854,273:3877,274:3976,275:3764,276:3878,277:3739,278:4051,279:4034,280:3767,281:3942,282:4053,283:4064,284:3854,285:3685,286:3707,287:3716,288:3978,289:3893,290:3853,291:3644,292:3895,293:3589,294:3686,295:3772,296:3589,297:3624,298:3598,299:3618,300:3544,301:3901,302:3628,303:3700,304:3559,305:3895,306:3550,307:3766,308:3538,309:3899,310:3900,311:3508,312:3901,313:3615,314:3671,315:3859,316:3830,317:3509,318:3508,319:3752,320:3798,321:3760,322:3697,323:3611,324:3655,325:3685,326:3788,327:3597,328:3558,329:3628,330:3785,331:3720,332:3840,333:3821,334:3615,335:3869,336:3869,337:3977,338:3811,339:3634,340:3726,341:3736,342:3689,343:3870,344:3834,345:3846,346:3843,347:3940,348:3994,349:3936,350:4032,351:3779,352:3720,353:3766,354:3844,355:3813,356:3772,357:4039,358:3860,359:4014
0:3923,1:4092,2:4036,3:3920,4:3875,5:4240,6:3974,7:4022,8:4043,9:4052,10:4218,11:4002,12:4102,13:3956,14:4196,15:4276,16:4356,17:4112,18:4060,19:4337,20:4090,21:4073,22:4268,23:4166,24:4308,25:4110,26:4327,27:4175,28:4106,29:4054,30:4309,31:4233,32:4214,33:4124,34:4203,35:4479,36:4409,37:4285,38:4470,39:4249,40:4149,41:4313,42:4301,43:4129,44:4438,45:4122,46:4190,47:4102,48:4300,49:4289,50:4179,51:4350,52:4417,53:4092,54:4224,55:4408,56:4139,57:4302,58:4201,59:4290,60:4233,61:4369,62:4078,63:4186,64:4264,65:4157,66:4404,67:4386,68:4178,69:4348,70:4378,71:4192,72:4031,73:4074,74:4326,75:4172,76:4042,77:4240,78:4254,79:4131,80:4011,81:4257,82:3937,83:4117,84:4000,85:4182,86:3863,87:4126,88:4104,89:4096,90:4198,91:3934,92:3943,93:4017,94:3764,95:3828,96:3907,97:3927,98:3812,99:3959,100:4069,101:3690,102:4052,103:3693,104:3712,105:3787,106:3671,107:3901,108:3680,109:4007,110:3973,111:3825,112:3725,113:3976,114:3625,115:3833,116:3896,117:3644,118:3712,119:3616,120:3849,121:3714,122:3573,123:3709,124:3551,125:3880,126:3529,127:3868,128:3843,129:3893,130:3722,131:3737,132:3777,133:3857,134:3532,135:3704,136:3807,137:3639,138:3728,139:3636,140:3799,141:3888,142:3801,143:3660,144:3649,145:3767,146:3819,147:3818,148:3541,149:3876,150:3927,151:3744,152:3881,153:3606,154:3865,155:3931,156:3777,157:3626,158:3667,159:3902,160:3824,161:3743,162:3763,163:3966,164:3864,165:3756,166:3930,167:3690,168:3695,169:3912,170:3770,171:4067,172:4001,173:3909,174:4127,175:3979,176:4007,177:3850,178:3956,179:3923,180:4093,181:4025,182:3867,183:4102,184:3860,185:4016,186:4042,187:4243,188:4158,189:4211,190:3984,191:4054,192:4280,193:3947,194:3977,195:4028,196:4128,197:4014,198:3991,199:4359,200:4379,201:4041,202:4088,203:4123,204:4232,205:4370,206:4072,207:4423,208:4160,209:4255,210:4134,211:4118,212:4234,213:4182,214:4369,215:4237,216:4228,217:4369,218:4463,219:4468,220:4226,221:4285,222:4280,223:4314,224:4273,225:4300,226:4469,227:4133,228:4372,229:4461,230:4307,231:4162,232:4094,233:4297,234:4300,235:4269,236:4144,237:4298,238:4116,239:4267,240:4401,241:4168,242:4071,243:4126,244:4242,245:4202,246:4160,247:4193,248:4139,249:4345,250:4347,251:4076,252:4261,253:4357,254:4329,255:4014,256:4316,257:4005,258:3930,259:4266,260:4146,261:4007,262:3901,263:4113,264:4028,265:3912,266:3918,267:4003,268:4141,269:3884,270:3834,271:4179,272:4113,273:3832,274:3926,275:4030,276:4107,277:3742,278:3823,279:4032,280:3704,281:3917,282:3941,283:4033,284:4036,285:3796,286:3756,287:3953,288:3761,289:3929,290:3902,291:3672,292:3794,293:3837,294:3713,295:3849,296:3694,297:3795,298:3618,299:3672,300:3720,301:3788,302:3650,303:3650,304:3801,305:3681,306:3889,307:3568,308:3592,309:3737,310:3817,311:3697,312:3560,313:3856,314:3652,315:3690,316:3604,317:3563,318:3896,319:3514,320:3629,321:3772,322:3784,323:3753,324:3724,325:3887,326:3736,327:3599,328:3754,329:3729,330:3573,331:3842,332:3678,333:3779,334:3752,335:3868,336:3928,337:3767,338:3629,339:3797,340:3772,341:3855,342:3653,343:3741,344:3982,345:4029,346:4051,347:3722,348:3692,349:4014,350:3892,351:3776,352:4107,353:4106,354:3750,355:4135,356:4032,357:3833,358:3887,359:3864
0:3823,1:4147,2:3849,3:3931,4:3854,5:4141,6:4225,7:4014,8:4139,9:3982,10:4023,11:4150,12:3989,13:4154,14:4017,15:3974,16:4030,17:4188,18:4020,19:4236,20:4001,21:4261,22:4226,23:4303,24:4193,25:4173,26:4239,27:4390,28:4415,29:4247,30:4188,31:4353,32:4283,33:4235,34:4324,35:4365,36:4386,37:4246,38:4258,39:4341,40:4275,41:4419,42:4494,43:4243,44:4252,45:4404,46:4251,47:4463,48:4396,49:4221,50:4194,51:4359,52:4343,53:4189,54:4366,55:4396,56:4429,57:4358,58:4263,59:4183,60:4369,61:4161,62:4102,63:4257,64:4241,65:4378,66:4208,67:4038,68:4200,69:4169,70:4229,71:4128,72:4338,73:4132,74:4203,75:4088,76:3978,77:4319,78:3945,79:4107,80:4073,81:4223,82:4017,83:4233,84:4099,85:3985,86:4211,87:4079,88:3934,89:4028,90:4198,91:4148,92:4096,93:3914,94:4092,95:4033,96:4017,97:3786,98:3768,99:4043,100:3843,101:4055,102:3844,103:3806,104:3720,105:3791,106:3975,107:3787,108:3832,109:3663,110:3777,111:3937,112:3931,113:3632,114:3875,115:3925,116:3935,117:3767,118:3740,119:3553,120:3659,121:3597,122:3818,123:3842,124:3895,125:3775,126:3899,127:3784,128:3832,129:3732,130:3767,131:3716,132:3501,133:3639,134:3889,135:3518,136:3873,137:3855,138:3858,139:3655,140:3611,141:3783,142:3614,143:3824,144:3894,145:3568,146:3807,147:3768,148:3900,149:3580,150:3597,151:3668,152:3890,153:3718,154:3774,155:3858,156:3724,157:3766,158:3712,159:3608,160:3721,161:3824,162:3834,163:3796,164:3849,165:3809,166:3715,167:3739,168:3904,169:3796,170:3908,171:3781,172:3785,173:3793,174:3963,175:4006,176:3995,177:3909,178:3817,179:4036,180:4118,181:3959,182:4025,183:4027,184:4141,185:4221,186:4244,187:3973,188:3887,189:4178,190:3979,191:3914,192:4234,193:3956,194:3947,195:4203,196:4177,197:4012,198:4349,199:4117,200:4114,201:4273,202:4369,203:4140,204:4420,205:4263,206:4309,207:4061,208:4332,209:4130,210:4446,211:4342,212:4404,213:4192,214:4282,215:4338,216:4256,217:4121,218:4320,219:4372,220:4202,221:4480,222:4364,223:4140,224:4484,225:4270,226:4278,227:4444,228:4169,229:4298,230:4102,231:4101,232:4201,233:4238,234:4263,235:4319,236:4255,237:4370,238:4097,239:4430,240:4306,241:4287,242:4070,243:4243,244:4414,245:4255,246:4284,247:4407,248:4188,249:4317,250:4209,251:4040,252:4178,253:4061,254:4178,255:4157,256:3968,257:4071,258:4286,259:4084,260:4130,261:4256,262:4251,263:3938,264:3962,265:4117,266:4013,267:4003,268:4058,269:4134,270:3825,271:3882,272:3798,273:3786,274:3978,275:3776,276:3971,277:3745,278:3956,279:3990,280:3752,281:3831,282:3865,283:3969,284:3665,285:3697,286:3880,287:3994,288:3731,289:3632,290:3984,291:3740,292:3825,293:3616,294:3657,295:3735,296:3922,297:3818,298:3934,299:3830,300:3595,301:3828,302:3856,303:3915,304:3688,305:3754,306:3881,307:3836,308:3744,309:3854,310:3569,311:3554,312:3777,313:3751,314:3784,315:3640,316:3613,317:3850,318:3504,319:3765,320:3765,321:3755,322:3641,323:3878,324:3631,325:3818,326:3796,327:3613,328:3728,329:3850,330:3716,331:3729,332:3904,333:3869,334:3905,335:3580,336:3584,337:3624,338:3761,339:3992,340:3768,341:3806,342:3863,343:3641,344:3706,345:3876,346:3703,347:3979,348:3845,349:4055,350:3813,351:4046,352:3791,353:3924,354:3777,355:3833,356:3924,357:4012,358:3840,359:3904
0:4099,1:3905,2:3875,3:4151,4:3913,5:3988,6:4224,7:4046,8:4080,9:4251,10:4178,11:4265,12:4258,13:4063,14:4176,15:4077,16:4009,17:4108,18:4100,19:4270,20:4138,21:4082,22:4091,23:4400,24:4254,25:4037,26:4052,27:4254,28:4144,29:4413,30:4397,31:4227,32:4146,33:4215,34:4228,35:4138,36:4268,37:4141,38:4245,39:4284,40:4369,41:4317,42:4415,43:4155,44:4354,45:4407,46:4367,47:4456,48:4296,49:4309,50:4106,51:4345,52:4137,53:4379,54:4324,55:4098,56:4133,57:4361,58:4207,59:4455,60:4243,61:4253,62:4397,63:4348,64:4179,65:4230,66:4239,67:4032,68:4335,69:4126,70:4387,71:4109,72:4092,73:3982,74:3991,75:3972,76:4262,77:4095,78:4233,79:4233,80:3943,81:3996,82:4006,83:4218,84:4009,85:4067,86:3980,87:4078,88:3932,89:4134,90:3952,91:3869,92:4141,93:4133,94:3959,95:4088,96:3895,97:3753,98:3814,99:4086,100:3712,101:3857,102:3764,103:3730,104:4058,105:3874,106:3843,107:3949,108:3939,109:3912,110:3677,111:3657,112:3783,113:3774,114:3779,115:3767,116:3866,117:3755,118:3668,119:3714,120:3879,121:3887,122:3611,123:3767,124:3849,125:3702,126:3889,127:3571,128:3819,129:3884,130:3719,131:3686,132:3751,133:3864,134:3532,135:3611,136:3511,137:3860,138:3653,139:3856,140:3788,141:3556,142:3517,143:3607,144:3879,145:3640,146:3710,147:3886,148:3578,149:3866,150:3589,151:3640,152:3887,153:3839,154:3628,155:3874,156:3789,157:3841,158:3772,159:3757,160:3739,161:3797,162:3830,163:3991,164:3875,165:3738,166:3886,167:3752,168:3762,169:4085,170:3891,171:4090,172:3844,173:3960,174:3835,175:3807,176:3948,177:4137,178:3961,179:3932,180:4143,181:4039,182:3857,183:4057,184:3856,185:4158,186:4175,187:4267,188:3906,189:4266,190:3958,191:4220,192:4210,193:4130,194:4165,195:4108,196:4273,197:4272,198:3976,199:4216,200:4043,201:4056,202:4237,203:4290,204:4064,205:4135,206:4182,207:4250,208:4114,209:4189,210:4220,211:4271,212:4430,213:4431,214:4151,215:4230,216:4259,217:4436,218:4359,219:4359,220:4144,221:4468,222:4407,223:4134,224:4381,225:4146,226:4432,227:4234,228:4386,229:4340,230:4359,231:4400,232:4148,233:4314,234:4418,235:4250,236:4270,237:4160,238:4196,239:4191,240:4424,241:4435,242:4182,243:4065,244:4102,245:4155,246:4370,247:4046,248:4273,249:4161,250:4106,251:4276,252:4137,253:4055,254:4223,255:4158,256:4206,257:4160,258:4294,259:4099,260:4196,261:3946,262:4267,263:4086,264:3957,265:3974,266:3903,267:4113,268:3887,269:4029,270:4032,271:4067,272:4020,273:4097,274:3856,275:3967,276:4117,277:3843,278:3731,279:4022,280:3961,281:3726,282:3810,283:3955,284:3877,285:3935,286:3660,287:3690,288:3873,289:3830,290:3819,291:3770,292:3877,293:3877,294:3720,295:3968,296:3953,297:3729,298:3758,299:3628,300:3598,301:3814,302:3919,303:3586,304:3716,305:3764,306:3804,307:3706,308:3758,309:3646,310:3730,311:3652,312:3650,313:3706,314:3725,315:3886,316:3794,317:3695,318:3570,319:3878,320:3559,321:3844,322:3749,323:3626,324:3618,325:3655,326:3539,327:3654,328:3635,329:3586,330:3645,331:3604,332:3766,333:3823,334:3591,335:3699,336:3927,337:3653,338:3916,339:3749,340:3887,341:3649,342:3869,343:3670,344:3903,345:3876,346:4001,347:3932,348:4072,349:3861,350:3805,351:3752,352:4020,353:4010,354:4063,355:4107,356:3946,357:3826,358:3780,359:3964
0:3920,1:4146,2:3943,3:4106,4:4186,5:3973,6:4256,7:3960,8:3989,9:4161,10:4236,11:4088,12:4019,13:4286,14:4211,15:4018,16:4044,17:4023,18:4051,19:4204,20:4009,21:4037,22:4192,23:4100,24:4272,25:4163,26:4406,27:4223,28:4207,29:4076,30:4448,31:4457,32:4350,33:4154,34:4232,35:4472,36:4342,37:4405,38:4155,39:4105,40:4259,41:4485,42:4478,43:4429,44:4496,45:4465,46:4430,47:4214,48:4222,49:4409,50:4387,51:4440,52:4272,53:4152,54:4153,55:4428,56:4445,57:4406,58:4226,59:4397,60:4103,61:4193,62:4222,63:4402,64:4425,65:4336,66:4246,67:4358,68:4120,69:4217,70:4200,71:4240,72:3981,73:4014,74:4021,75:4294,76:4039,77:4292,78:3925,79:4025,80:3964,81:3944,82:4251,83:3930,84:3950,85:3968,86:3914,87:4112,88:4101,89:3861,90:3934,91:4051,92:4122,93:3923,94:3983,95:3908,96:3895,97:4010,98:3766,99:3773,100:3756,101:3795,102:3688,103:3734,104:3953,105:3676,106:3869,107:4029,108:3766,109:3797,110:3774,111:3994,112:3866,113:3931,114:3845,115:3573,116:3697,117:3686,118:3622,119:3791,120:3573,121:3779,122:3540,123:3671,124:3907,125:3719,126:3727,127:3842,128:3604,129:3776,130:3803,131:3729,132:3545,133:3550,134:3800,135:3600,136:3615,137:3675,138:3687,139:3650,140:3732,141:3746,142:3584,143:3582,144:3715,145:3518,146:3700,147:3918,148:3537,149:3791,150:3742,151:3929,152:3904,153:3838,154:3625,155:3684,156:3727,157:3591,158:3720,159:3922,160:3705,161:3880,162:3693,163:4018,164:3999,165:3891,166:3978,167:3896,168:3979,169:4007,170:3916,171:4019,172:4046,173:3730,174:3795,175:3818,176:3805,177:4166,178:3912,179:4162,180:4189,181:4094,182:4147,183:3968,184:4145,185:3884,186:4149,187:3977,188:3887,189:3900,190:4093,191:4220,192:4044,193:4261,194:4284,195:4194,196:3975,197:4062,198:4004,199:4260,200:4252,201:4112,202:4309,203:4249,204:4179,205:4324,206:4257,207:4318,208:4261,209:4340,210:4316,211:4263,212:4227,213:4415,214:4220,215:4189,216:4151,217:4387,218:4349,219:4106,220:4226,221:4231,222:4269,223:4170,224:4337,225:4373,226:4251,227:4164,228:4247,229:4268,230:4384,231:4163,232:4419,233:4297,234:4114,235:4426,236:4083,237:4342,238:4206,239:4222,240:4359,241:4112,242:4293,243:4377,244:4417,245:4178,246:4376,247:4131,248:4259,249:4381,250:3993,251:4239,252:4057,253:4131,254:4063,255:4310,256:4155,257:4275,258:4275,259:3952,260:4175,261:3989,262:4044,263:4013,264:4134,265:4243,266:3938,267:3943,268:4158,269:3829,270:3935,271:4043,272:4068,273:4118,274:3956,275:3982,276:3792,277:3860,278:4004,279:4027,280:3875,281:4036,282:3804,283:3702,284:3945,285:3654,286:3946,287:3828,288:3738,289:3733,290:3691,291:3960,292:3857,293:3976,294:3660,295:3856,296:3680,297:3608,298:3740,299:3699,300:3711,301:3736,302:3888,303:3845,304:3852,305:3798,306:3900,307:3743,308:3708,309:3673,310:3645,311:3655,312:3524,313:3684,314:3653,315:3702,316:3841,317:3875,318:3583,319:3591,320:3600,321:3763,322:3568,323:3758,324:3590,325:3536,326:3546,327:3635,328:3692,329:3845,330:3716,331:3689,332:3732,333:3838,334:3733,335:3928,336:3780,337:3892,338:3714,339:3621,340:3837,341:3900,342:3988,343:3704,344:3944,345:3972,346:3698,347:3949,348:3800,349:3810,350:3958,351:3796,352:3867,353:4007,354:3862,355:3951,356:3809,357:4159,358:4054,359:4066
0:4072,1:4030,2:3997,3:3964,4:4027,5:3948,6:4209,7:4090,8:4059,9:4149,10:4065,11:4057,12:4159,13:4173,14:4037,15:4000,16:4180,17:4160,18:4348,19:4375,20:4319,21:4193,22:4064,23:4282,24:4213,25:4301,26:4225,27:4243,28:4052,29:4421,30:4315,31:4135,32:4182,33:4377,34:4455,35:4101,36:4322,37:4220,38:4424,39:4158,40:4262,41:4431,42:4173,43:4117,44:4311,45:4184,46:4442,47:4293,48:4122,49:4132,50:4272,51:4241,52:4273,53:4129,54:4409,55:4223,56:4203,57:4268,58:4290,59:4137,60:4098,61:4445,62:4296,63:4298,64:4289,65:4335,66:4104,67:4366,68:4279,69:4142,70:4216,71:4230,72:4057,73:3968,74:4135,75:4032,76:4041,77:4028,78:4057,79:4001,80:3917,81:4180,82:4278,83:4035,84:4158,85:4105,86:4154,87:3988,88:4125,89:3890,90:4010,91:3825,92:4136,93:3960,94:4099,95:4060,96:3997,97:4054,98:3795,99:4081,100:3806,101:3803,102:4016,103:3868,104:3961,105:3905,106:3777,107:3792,108:3739,109:3957,110:3841,111:3683,112:3885,113:3982,114:3745,115:3835,116:3868,117:3632,118:3776,119:3805,120:3817,121:3863,122:3638,123:3714,124:3790,125:3792,126:3650,127:3843,128:3844,129:3691,130:3676,131:3684,132:3600,133:3670,134:3804,135:3675,136:3799,137:3674,138:3647,139:3575,140:3851,141:3533,142:3646,143:3761,144:3901,145:3645,146:3598,147:3885,148:3890,149:3796,150:3824,151:3868,152:3948,153:3841,154:3860,155:3905,156:3607,157:3627,158:3696,159:3965,160:3910,161:3992,162:3632,163:3980,164:3759,165:4019,166:4005,167:3840,168:4027,169:3749,170:3721,171:3733,172:3981,173:3878,174:3778,175:3938,176:3970,177:3953,178:3816,179:3819,180:4143,181:4100,182:3867,183:4171,184:4069,185:3967,186:4099,187:3902,188:3896,189:4261,190:4286,191:4186,192:4215,193:4059,194:4043,195:4224,196:4015,197:4320,198:4123,199:4042,200:4122,201:4324,202:4403,203:4079,204:4269,205:4236,206:4107,207:4431,208:4155,209:4174,210:4215,211:4464,212:4111,213:4256,214:4269,215:4236,216:4360,217:4165,218:4462,219:4409,220:4489,221:4262,222:4486,223:4109,224:4497,225:4380,226:4390,227:4404,228:4194,229:4161,230:4490,231:4152,232:4114,233:4355,234:4095,235:4321,236:4101,237:4138,238:4413,239:4267,240:4313,241:4113,242:4067,243:4049,244:4326,245:4394,246:4359,247:4110,248:4154,249:4296,250:4052,251:4136,252:4123,253:4214,254:4305,255:3963,256:4214,257:4202,258:4134,259:4048,260:4155,261:4036,262:3991,263:4023,264:4019,265:4228,266:4017,267:3995,268:3845,269:4083,270:3897,271:4021,272:4126,273:4167,274:4099,275:4039,276:3992,277:3894,278:4097,279:4001,280:3715,281:3800,282:3784,283:3999,284:3717,285:3956,286:3691,287:3980,288:3960,289:3954,290:3813,291:3985,292:3893,293:3669,294:3882,295:3594,296:3570,297:3776,298:3818,299:3899,300:3900,301:3580,302:3862,303:3744,304:3555,305:3785,306:3758,307:3862,308:3874,309:3825,310:3857,311:3507,312:3883,313:3619,314:3876,315:3634,316:3631,317:3656,318:3675,319:3720,320:3750,321:3864,322:3784,323:3774,324:3826,325:3548,326:3575,327:3690,328:3597,329:3879,330:3604,331:3566,332:3885,333:3835,334:3668,335:3823,336:3965,337:3671,338:3802,339:3661,340:3733,341:3678,342:3655,343:3663,344:3717,345:3771,346:3980,347:3985,348:3799,349:3806,350:4085,351:3798,352:3975,353:3837,354:4114,355:3748,356:4014,357:3986,358:3869,359:3837
0:3914,1:4077,2:4052,3:4023,4:4181,5:3891,6:4238,7:4081,8:4128,9:4126,10:4256,11:4053,12:4072,13:4200,14:4317,15:4175,16:4193,17:4065,18:4048,19:4180,20:4199,21:4363,22:4362,23:4337,24:4329,25:4316,26:4330,27:4283,28:4359,29:4303,30:4413,31:4267,32:4363,33:4148,34:4157,35:4338,36:4154,37:4445,38:4195,39:4303,40:4144,41:4350,42:4364,43:4418,44:4115,45:4341,46:4351,47:4213,48:4143,49:4208,50:4376,51:4271,52:4228,53:4195,54:4469,55:4351,56:4085,57:4422,58:4350,59:4239,60:4225,61:4085,62:4420,63:4264,64:4076,65:4423,66:4235,67:4398,68:4333,69:4370,70:4363,71:4020,72:4093,73:4301,74:4100,75:4092,76:4327,77:4084,78:4226,79:4243,80:3999,81:4118,82:3908,83:4246,84:3929,85:4111,86:4013,87:4143,88:3974,89:4138,90:3962,91:3992,92:3819,93:4131,94:4133,95:3937,96:3815,97:4015,98:3855,99:3828,100:3838,101:4076,102:3977,103:3708,104:3940,105:3681,106:4029,107:3970,108:3972,109:3885,110:3634,111:3945,112:3906,113:3788,114:3966,115:3954,116:3843,117:3566,118:3800,119:3748,120:3855,121:3717,122:3662,123:3687,124:3801,125:3855,126:3690,127:3631,128:3728,129:3753,130:3724,131:3510,132:3828,133:3886,134:3547,135:3590,136:3547,137:3746,138:3651,139:3868,140:3577,141:3677,142:3856,143:3547,144:3732,145:3690,146:3581,147:3540,148:3815,149:3796,150:3698,151:3617,152:3741,153:3883,154:3776,155:3902,156:3622,157:3717,158:3932,159:3674,160:3665,161:3671,162:3908,163:3870,164:4022,165:3652,166:3879,167:3771,168:3905,169:4009,170:4042,171:3781,172:4034,173:4007,174:3852,175:3763,176:3864,177:4022,178:4112,179:4114,180:3939,181:3906,182:4054,183:4028,184:4234,185:3891,186:4005,187:4122,188:4054,189:4161,190:3935,191:4086,192:3984,193:3956,194:4207,195:4206,196:4217,197:4108,198:4302,199:4175,200:4034,201:4266,202:4332,203:4036,204:4371,205:4046,206:4096,207:4307,208:4384,209:4156,210:4075,211:4139,212:4284,213:4458,214:4159,215:4118,216:4368,217:4405,218:4205,219:4230,220:4423,221:4455,222:4154,223:4213,224:4295,225:4105,226:4276,227:4109,228:4468,229:4372,230:4112,231:4254,232:4323,233:4178,234:4143,235:4338,236:4224,237:4361,238:4422,239:4330,240:4282,241:4055,242:4414,243:4269,244:4096,245:4323,246:4047,247:4032,248:4267,249:4071,250:4106,251:4326,252:4105,253:4356,254:4284,255:3995,256:4267,257:3951,258:4095,259:4202,260:4156,261:4109,262:3940,263:4239,264:4147,265:3954,266:3934,267:4001,268:4113,269:4200,270:4108,271:4028,272:4002,273:4027,274:3993,275:4099,276:4136,277:3759,278:3979,279:3995,280:4087,281:3949,282:3755,283:3707,284:4025,285:3717,286:3761,287:3998,288:3973,289:3669,290:3658,291:3749,292:3958,293:3766,294:3857,295:3607,296:3894,297:3596,298:3783,299:3775,300:3806,301:3878,302:3735,303:3825,304:3747,305:3578,306:3616,307:3550,308:3626,309:3764,310:3645,311:3690,312:3865,313:3561,314:3879,315:3645,316:3519,317:3533,318:3797,319:3510,320:3521,321:3751,322:3529,323:3567,324:3819,325:3683,326:3862,327:3879,328:3735,329:3836,330:3589,331:3586,332:3759,333:3656,334:3661,335:3920,336:3951,337:3938,338:3612,339:3832,340:3619,341:3874,342:3721,343:3946,344:3866,345:3842,346:3780,347:3864,348:4037,349:4066,350:3828,351:3885,352:3899,353:3977,354:3832,355:3845,356:4119,357:3979,358:4025,359:4134
0:3829,1:3967,2:3985,3:4147,4:3910,5:4247,6:4135,7:3974,8:4210,9:4271,10:4031,11:4060,12:3954,13:4059,14:4130,15:4232,16:3995,17:4046,18:4044,19:4221,20:4273,21:4116,22:4352,23:4384,24:4162,25:4106,26:4281,27:4224,28:4199,29:4265,30:4295,31:4330,32:4339,33:4427,34:4300,35:4145,36:4329,37:4296,38:4441,39:4127,40:4394,41:4220,42:4127,43:4279,44:4402,45:4380,46:4110,47:4237,48:4302,49:4349,50:4489,51:4291,52:4448,53:4330,54:4267,55:4160,56:4375,57:4347,58:4424,59:4249,60:4453,61:4354,62:4366,63:4304,64:4396,65:4287,66:4401,67:4218,68:4143,69:4287,70:4027,71:4035,72:4109,73:4336,74:4203,75:4101,76:3945,77:4093,78:4127,79:4032,80:4169,81:4069,82:4068,83:4189,84:4012,85:4153,86:4229,87:4054,88:4149,89:4019,90:4025,91:3826,92:4155,93:3785,94:4036,95:3952,96:3852,97:4026,98:3907,99:3925,100:3722,101:4036,102:3799,103:4003,104:3806,105:3893,106:3744,107:3986,108:3624,109:3665,110:3894,111:3686,112:3659,113:3692,114:3742,115:3966,116:3574,117:3860,118:3882,119:3574,120:3909,121:3679,122:3669,123:3924,124:3537,125:3873,126:3623,127:3545,128:3589,129:3681,130:3781,131:3542,132:3717,133:3891,134:3830,135:3541,136:3804,137:3590,138:3717,139:3588,140:3861,141:3608,142:3584,143:3612,144:3809,145:3762,146:3531,147:3820,148:3593,149:3597,150:3638,151:3608,152:3612,153:3669,154:3635,155:3726,156:3911,157:3641,158:3890,159:3629,160:3675,161:3736,162:3653,163:3987,164:3839,165:3670,166:3827,167:3778,168:3863,169:3793,170:3817,171:3819,172:3792,173:3879,174:3795,175:4019,176:3811,177:3772,178:4014,179:3867,180:4041,181:4205,182:4020,183:4207,184:4048,185:4069,186:4124,187:3969,188:4106,189:4008,190:3915,191:3998,192:4094,193:3992,194:4266,195:4299,196:4174,197:4130,198:4096,199:4073,200:4086,201:4327,202:4107,203:4188,204:4083,205:4233,206:4235,207:4194,208:4089,209:4228,210:4457,211:4311,212:4342,213:4212,214:4288,215:4417,216:4353,217:4151,218:4369,219:4298,220:4458,221:4324,222:4260,223:4303,224:4260,225:4120,226:4469,227:4394,228:4291,229:4321,230:4480,231:4285,232:4201,233:4324,234:4446,235:4179,236:4471,237:4430,238:4211,239:4460,240:4459,241:4337,242:4089,243:4254,244:4274,245:4340,246:4362,247:4327,248:4228,249:4213,250:4306,251:4343,252:4302,253:3996,254:4232,255:3958,256:4223,257:4234,258:3989,259:4103,260:4090,261:3904,262:4147,263:4026,264:3872,265:4022,266:4056,267:3899,268:4164,269:3864,270:4017,271:4047,272:3969,273:3966,274:4100,275:4023,276:3998,277:3988,278:3987,279:4105,280:3939,281:3950,282:3748,283:3730,284:3723,285:3831,286:3704,287:3873,288:3919,289:3764,290:3854,291:3923,292:3746,293:3714,294:3706,295:3895,296:3582,297:3655,298:3651,299:3595,300:3867,301:3893,302:3748,303:3708,304:3784,305:3673,306:3610,307:3515,308:3907,309:3691,310:3849,311:3895,312:3721,313:3527,314:3893,315:3615,316:3760,317:3558,318:3610,319:3624,320:3786,321:3822,322:3861,323:3807,324:3706,325:3723,326:3782,327:3702,328:3747,329:3934,330:3847,331:3729,332:3630,333:3818,334:3869,335:3627,336:3590,337:3605,338:3754,339:3677,340:3707,341:3771,342:3839,343:3739,344:3929,345:3696,346:3667,347:3916,348:4034,349:3706,350:3845,351:3867,352:3897,353:3907,354:4132,355:4052,356:3846,357:3928,358:4117,359:3837
0:3976,1:3882,2:3847,3:3956,4:3959,5:4024,6:4110,7:4119,8:4064,9:4261,10:4229,11:4247,12:4118,13:4140,14:3982,15:4314,16:4184,17:4083,18:4171,19:4078,20:4014,21:4369,22:4400,23:4039,24:4067,25:4187,26:4275,27:4144,28:4214,29:4368,30:4095,31:4078,32:4098,33:4149,34:4179,35:4311,36:4190,37:4425,38:4126,39:4412,40:4119,41:4377,42:4225,43:4293,44:4124,45:4434,46:4414,47:4290,48:4432,49:4247,50:4415,51:4236,52:4240,53:4341,54:4093,55:4396,56:4325,57:4403,58:4380,59:4164,60:4209,61:4374,62:4173,63:4096,64:4074,65:4297,66:4420,67:4341,68:4401,69:4090,70:4271,71:4052,72:4014,73:3990,74:4348,75:4205,76:4305,77:4081,78:4036,79:4173,80:4044,81:4267,82:4141,83:3985,84:3916,85:4045,86:4039,87:3843,88:3829,89:4160,90:4129,91:3855,92:3963,93:3847,94:4149,95:4123,96:3976,97:3860,98:4069,99:3956,100:3936,101:4060,102:3933,103:3984,104:3959,105:3983,106:3917,107:3716,108:3886,109:3819,110:3672,111:3831,112:3949,113:3597,114:3954,115:3846,116:3700,117:3657,118:3765,119:3565,120:3569,121:3908,122:3532,123:3871,124:3888,125:3821,126:3610,127:3780,128:3847,129:3684,130:3879,131:3900,132:3518,133:3531,134:3570,135:3776,136:3884,137:3716,138:3620,139:3853,140:3757,141:3881,142:3778,143:3870,144:3604,145:3533,146:3794,147:3538,148:3883,149:3538,150:3599,151:3904,152:3620,153:3941,154:3800,155:3864,156:3816,157:3875,158:3614,159:3649,160:3836,161:3925,162:3974,163:3838,164:3719,165:3860,166:3940,167:3694,168:3703,169:3739,170:3792,171:4038,172:4091,173:3878,174:3901,175:3926,176:3946,177:3846,178:4115,179:4108,180:3955,181:4205,182:4202,183:4188,184:3890,185:3984,186:4212,187:4122,188:4080,189:3991,190:4049,191:4001,192:4047,193:4007,194:4128,195:3975,196:4033,197:4114,198:4187,199:4098,200:4009,201:4283,202:4187,203:4287,204:4197,205:4379,206:4379,207:4045,208:4281,209:4212,210:4163,211:4410,212:4417,213:4246,214:4303,215:4459,216:4169,217:4457,218:4333,219:4440,220:4477,221:4446,222:4496,223:4270,224:4366,225:4474,226:4291,227:4312,228:4203,229:4299,230:4121,231:4282,232:4123,233:4450,234:4235,235:4217,236:4413,237:4436,238:4422,239:4152,240:4064,241:4280,242:4115,243:4081,244:4195,245:4214,246:4315,247:4204,248:4400,249:4251,250:4126,251:4008,252:4117,253:4338,254:4186,255:4267,256:4205,257:4144,258:3969,259:3951,260:4144,261:3945,262:4140,263:4139,264:3943,265:3887,266:4032,267:4148,268:4072,269:4164,270:4147,271:3818,272:3966,273:3922,274:3925,275:4138,276:3863,277:3994,278:3965,279:3709,280:3812,281:3731,282:3907,283:3909,284:4038,285:3742,286:4027,287:3655,288:3645,289:3774,290:3946,291:3650,292:3827,293:3929,294:3898,295:3850,296:3728,297:3751,298:3815,299:3626,300:3808,301:3832,302:3575,303:3699,304:3628,305:3550,306:3914,307:3602,308:3550,309:3694,310:3631,311:3514,312:3647,313:3579,314:3532,315:3534,316:3603,317:3712,318:3532,319:3773,320:3858,321:3612,322:3711,323:3718,324:3807,325:3561,326:3567,327:3702,328:3791,329:3649,330:3820,331:3871,332:3901,333:3721,334:3783,335:3804,336:3599,337:3818,338:3652,339:3715,340:3758,341:3900,342:3667,343:3942,344:3673,345:3859,346:3707,347:3930,348:3881,349:3853,350:4036,351:3866,352:3804,353:4055,354:3837,355:3804,356:4121,357:4126,358:4174,359:3927
0:4121,1:4188,2:3888,3:4230,4:4025,5:4044,6:3877,7:4003,8:3902,9:4175,10:3919,11:4079,12:4200,13:4083,14:4318,15:4124,16:4106,17:4097,18:4042,19:3989,20:3997,21:4387,22:4376,23:4297,24:4171,25:4070,26:4047,27:4274,28:4141,29:4238,30:4067,31:4214,32:4262,33:4214,34:4107,35:4436,36:4432,37:4266,38:4120,39:4384,40:4426,41:4467,42:4145,43:4122,44:4180,45:4329,46:4150,47:4287,48:4143,49:4153,50:4348,51:4385,52:4427,53:4261,54:4352,55:4379,56:4364,57:4228,58:4090,59:4380,60:4192,61:4095,62:4371,63:4164,64:4427,65:4164,66:4142,67:4304,68:4277,69:4391,70:4025,71:4198,72:4114,73:4314,74:4050,75:4319,76:3960,77:4209,78:3956,79:4281,80:4297,81:3984,82:4099,83:4021,84:3980,85:3964,86:3908,87:4093,88:3974,89:4077,90:3922,91:3874,92:3852,93:4041,94:4010,95:3807,96:4063,97:4004,98:4069,99:3808,100:4054,101:3886,102:3867,103:3683,104:3668,105:3986,106:3671,107:3911,108:3794,109:3794,110:3755,111:3959,112:3631,113:3707,114:3863,115:3649,116:3900,117:3824,118:3795,119:3792,120:3820,121:3709,122:3596,123:3608,124:3763,125:3739,126:3900,127:3543,128:3628,129:3573,130:3862,131:3533,132:3664,133:3560,134:3755,135:3517,136:3686,137:3722,138:3561,139:3510,140:3542,141:3625,142:3633,143:3803,144:3832,145:3526,146:3681,147:3857,148:3861,149:3860,150:3921,151:3835,152:3755,153:3664,154:3705,155:3917,156:3636,157:3805,158:3647,159:3705,160:3807,161:3822,162:3723,163:3846,164:3958,165:3655,166:3877,167:3978,168:4064,169:3694,170:3982,171:3783,172:4095,173:4119,174:4110,175:3871,176:3883,177:3890,178:3929,179:3794,180:3830,181:3975,182:4179,183:4029,184:4187,185:4206,186:4228,187:4064,188:3884,189:4237,190:3986,191:4027,192:4021,193:4212,194:4261,195:4068,196:4045,197:4241,198:4246,199:4147,200:4132,201:4093,202:4079,203:4132,204:4402,205:4220,206:4186,207:4264,208:4376,209:4425,210:4136,211:4256,212:4260,213:4326,214:4084,215:4378,216:4108,217:4252,218:4104,219:4093,220:4270,221:4139,222:4463,223:4428,224:4369,225:4355,226:4416,227:4113,228:4296,229:4474,230:4291,231:4179,232:4123,233:4447,234:4207,235:4249,236:4174,237:4376,238:4302,239:4107,240:4415,241:4381,242:4381,243:4395,244:4375,245:4294,246:4141,247:4266,248:4176,249:4364,250:4109,251:4104,252:4340,253:4026,254:4280,255:4318,256:4290,257:3993,258:4244,259:4257,260:4279,261:4145,262:4097,263:4063,264:3988,265:4179,266:3869,267:4052,268:3994,269:3968,270:4150,271:4108,272:4055,273:3792,274:4051,275:4097,276:3969,277:3735,278:3765,279:3934,280:4065,281:4015,282:3920,283:3771,284:3983,285:3697,286:3944,287:3721,288:3643,289:3885,290:3842,291:3826,292:3689,293:3664,294:3596,295:3768,296:3808,297:3656,298:3558,299:3644,300:3837,301:3847,302:3811,303:3534,304:3668,305:3885,306:3573,307:3910,308:3731,309:3512,310:3537,311:3539,312:3793,313:3698,314:3890,315:3530,316:3777,317:3759,318:3574,319:3600,320:3753,321:3748,322:3707,323:3732,324:3742,325:3693,326:3532,327:3639,328:3709,329:3917,330:3556,331:3767,332:3833,333:3673,334:3642,335:3744,336:3733,337:3748,338:3829,339:3672,340:3947,341:3984,342:3688,343:4006,344:4018,345:3741,346:3706,347:3735,348:3960,349:3950,350:4069,351:4028,352:4065,353:3903,354:3899,355:3866,356:3946,357:3936,358:4048,359:4006
0:4090,1:3881,2:4060,3:3937,4:3981,5:3868,6:4029,7:3887,8:4092,9:4258,10:3924,11:4042,12:3968,13:4326,14:4306,15:4061,16:4043,17:4362,18:3998,19:4267,20:4277,21:4299,22:4398,23:4077,24:4113,25:4170,26:4311,27:4094,28:4155,29:4451,30:4359,31:4202,32:4409,33:4470,34:4187,35:4157,36:4450,37:4263,38:4225,39:4393,40:4470,41:4185,42:4267,43:4191,44:4429,45:4239,46:4361,47:4276,48:4235,49:4242,50:4244,51:4293,52:4488,53:4228,54:4148,55:4422,56:4121,57:4336,58:4193,59:4368,60:4114,61:4173,62:4434,63:4153,64:4362,65:4351,66:4356,67:4135,68:4042,69:4117,70:4048,71:4005,72:4371,73:4050,74:4268,75:4128,76:4322,77:4175,78:4013,79:4109,80:4244,81:4274,82:4206,83:4080,84:4069,85:3997,86:3875,87:4102,88:3978,89:3860,90:3800,91:4031,92:4018,93:3825,94:4019,95:3840,96:3869,97:3754,98:3860,99:3718,100:3959,101:3891,102:3851,103:4047,104:3940,105:4036,106:3675,107:3649,108:3636,109:3983,110:3838,111:3816,112:3675,113:3632,114:3960,115:3617,116:3813,117:3665,118:3774,119:3743,120:3580,121:3690,122:3837,123:3674,124:3813,125:3848,126:3814,127:3879,128:3882,129:3820,130:3752,131:3627,132:3517,133:3590,134:3792,135:3648,136:3852,137:3514,138:3702,139:3785,140:3539,141:3765,142:3600,143:3747,144:3772,145:3882,146:3523,147:3549,148:3661,149:3881,150:3930,151:3836,152:3917,153:3897,154:3767,155:3870,156:3969,157:3845,158:3875,159:3677,160:3651,161:3799,162:3795,163:3862,164:3784,165:3836,166:3945,167:3748,168:3940,169:3703,170:3870,171:3747,172:3889,173:4120,174:3968,175:4099,176:3954,177:3914,178:3870,179:3874,180:4013,181:3865,182:3996,183:4133,184:3993,185:4186,186:4232,187:4132,188:4158,189:4096,190:4269,191:4154,192:4238,193:3969,194:4140,195:3976,196:4246,197:4157,198:4080,199:4103,200:4022,201:4166,202:4018,203:4142,204:4384,205:4126,206:4336,207:4217,208:4232,209:4117,210:4372,211:4114,212:4236,213:4216,214:4164,215:4131,216:4102,217:4278,218:4477,219:4208,220:4356,221:4354,222:4231,223:4331,224:4390,225:4120,226:4393,227:4464,228:4265,229:4379,230:4358,231:4146,232:4409,233:4251,234:4423,235:4231,236:4119,237:4402,238:4355,239:4373,240:4359,241:4344,242:4092,243:4288,244:4126,245:4196,246:4290,247:4056,248:4073,249:4265,250:4342,251:4234,252:4339,253:4249,254:4276,255:4218,256:4278,257:4283,258:3991,259:4130,260:4158,261:3988,262:3953,263:4144,264:4187,265:4130,266:3896,267:3933,268:4196,269:3981,270:4099,271:4106,272:3921,273:4155,274:3837,275:3932,276:3830,277:4026,278:3960,279:4105,280:3895,281:3887,282:3730,283:3972,284:3782,285:3776,286:3850,287:3888,288:3894,289:3982,290:3761,291:3688,292:3788,293:3618,294:3839,295:3787,296:3956,297:3684,298:3773,299:3743,300:3828,301:3882,302:3839,303:3718,304:3546,305:3675,306:3811,307:3836,308:3655,309:3885,310:3556,311:3553,312:3776,313:3688,314:3604,315:3764,316:3821,317:3527,318:3520,319:3686,320:3698,321:3574,322:3573,323:3528,324:3592,325:3609,326:3615,327:3544,328:3587,329:3537,330:3880,331:3712,332:3570,333:3933,334:3583,335:3932,336:3734,337:3900,338:3938,339:3984,340:3782,341:3615,342:3972,343:3847,344:3822,345:3901,346:3794,347:3971,348:3875,349:3710,350:3998,351:3796,352:3939,353:3933,354:4092,355:3796,356:4141,357:3857,358:3955,359:4066
0:4096,1:3878,2:4000,3:3905,4:4089,5:3891,6:4084,7:3961,8:4216,9:4076,10:4227,11:4026,12:4309,13:4110,14:4306,15:4111,16:4257,17:4081,18:4170,19:4102,20:4348,21:4071,22:4098,23:4192,24:4174,25:4257,26:4093,27:4308,28:4229,29:4349,30:4331,31:4235,32:4352,33:4413,34:4315,35:4412,36:4282,37:4247,38:4269,39:4448,40:4140,41:4472,42:4233,43:4384,44:4499,45:4416,46:4122,47:4324,48:4309,49:4260,50:4434,51:4433,52:4285,53:4245,54:4124,55:4146,56:4262,57:4467,58:4166,59:4390,60:4177,61:4112,62:4172,63:4160,64:4088,65:4294,66:4073,67:4403,68:4024,69:4046,70:4272,71:4350,72:4170,73:4141,74:4249,75:4207,76:4199,77:4169,78:4173,79:4064,80:4275,81:4182,82:3924,83:4031,84:4074,85:3986,86:3846,87:3892,88:4025,89:3863,90:3910,91:4167,92:3938,93:3951,94:3797,95:3804,96:3799,97:3960,98:3878,99:4002,100:3802,101:3708,102:3772,103:3887,104:3720,105:3840,106:3739,107:3872,108:3714,109:3698,110:3840,111:3980,112:3972,113:3867,114:3655,115:3870,116:3705,117:3680,118:3774,119:3847,120:3588,121:3728,122:3747,123:3630,124:3874,125:3915,126:3518,127:3585,128:3620,129:3550,130:3526,131:3812,132:3669,133:3545,134:3832,135:3712,136:3878,137:3805,138:3834,139:3696,140:3580,141:3727,142:3583,143:3635,144:3755,145:3857,146:3565,147:3895,148:3534,149:3866,150:3570,151:3752,152:3810,153:3851,154:3573,155:3813,156:3932,157:3634,158:3884,159:3815,160:3798,161:3916,162:3833,163:3733,164:3902,165:3946,166:3768,167:4001,168:3938,169:3915,170:4023,171:4049,172:4093,173:3830,174:3952,175:3897,176:3870,177:3924,178:4138,179:3951,180:4188,181:4043,182:4087,183:4045,184:4159,185:3859,186:3922,187:4192,188:4207,189:4099,190:4153,191:4061,192:4100,193:4243,194:4105,195:4287,196:4074,197:4000,198:4126,199:4024,200:4380,201:4179,202:4365,203:4031,204:4368,205:4064,206:4148,207:4264,208:4427,209:4279,210:4451,211:4277,212:4137,213:4384,214:4462,215:4449,216:4269,217:4268,218:4114,219:4197,220:4184,221:4368,222:4295,223:4232,224:4296,225:4292,226:4293,227:4254,228:4441,229:4460,230:4349,231:4382,232:4118,233:4313,234:4304,235:4268,236:4417,237:4448,238:4264,239:4236,240:4072,241:4403,242:4313,243:4078,244:4106,245:4050,246:4145,247:4111,248:4372,249:4181,250:4158,251:4044,252:4333,253:4122,254:3960,255:4109,256:4229,257:4077,258:4132,259:4112,260:3991,261:3928,262:4119,263:4266,264:4033,265:4000,266:3937,267:4115,268:3986,269:4122,270:3916,271:4087,272:4023,273:3861,274:4044,275:3804,276:3941,277:3906,278:3905,279:3738,280:4060,281:3905,282:3694,283:4006,284:3894,285:3981,286:3699,287:3905,288:3879,289:3897,290:3789,291:3794,292:3600,293:3928,294:3692,295:3633,296:3588,297:3877,298:3825,299:3809,300:3853,301:3592,302:3586,303:3860,304:3912,305:3541,306:3636,307:3800,308:3601,309:3730,310:3870,311:3724,312:3533,313:3550,314:3877,315:3582,316:3750,317:3764,318:3831,319:3795,320:3675,321:3712,322:3688,323:3630,324:3571,325:3518,326:3789,327:3785,328:3749,329:3551,330:3901,331:3941,332:3766,333:3614,334:3736,335:3866,336:3968,337:3887,338:3954,339:3709,340:3665,341:3817,342:3941,343:3638,344:4016,345:3780,346:3712,347:3774,348:3865,349:3824,350:4094,351:3829,352:3950,353:3821,354:4091,355:3881,356:4069,357:4085,358:4040,359:3995
0:3894,1:4013,2:4120,3:4144,4:3864,5:3937,6:4241,7:3898,8:4181,9:4131,10:3917,11:3957,12:4046,13:4069,14:4138,15:4207,16:4049,17:4101,18:4073,19:4142,20:4383,21:4229,22:4360,23:4413,24:4139,25:4320,26:4354,27:4076,28:4377,29:4424,30:4294,31:4428,32:4102,33:4217,34:4224,35:4105,36:4371,37:4391,38:4290,39:4342,40:4141,41:4223,42:4103,43:4188,44:4336,45:4333,46:4456,47:4231,48:4165,49:4310,50:4369,51:4487,52:4406,53:4314,54:4479,55:4373,56:4093,57:4210,58:4222,59:4149,60:4080,61:4422,62:4224,63:4412,64:4347,65:4075,66:4363,67:4303,68:4393,69:4272,70:4055,71:4084,72:4227,73:4234,74:4092,75:4280,76:4264,77:4104,78:4145,79:4272,80:4176,81:4059,82:4261,83:4197,84:4079,85:4147,86:4037,87:4097,88:3887,89:4005,90:3897,91:4006,92:4131,93:4031,94:3981,95:4040,96:4020,97:4029,98:4091,99:3843,100:3813,101:3895,102:3815,103:3942,104:3948,105:4021,106:3814,107:3872,108:3655,109:3937,110:3621,111:3994,112:3982,113:3846,114:3791,115:3899,116:3593,117:3562,118:3588,119:3903,120:3843,121:3845,122:3836,123:3652,124:3624,125:3797,126:3903,127:3784,128:3568,129:3805,130:3581,131:3806,132:3789,133:3865,134:3696,135:3539,136:3889,137:3709,138:3643,139:3619,140:3526,141:3724,142:3528,143:3540,144:3681,145:3639,146:3744,147:3915,148:3892,149:3732,150:3662,151:3876,152:3733,153:3782,154:3565,155:3842,156:3829,157:3857,158:3949,159:3615,160:3923,161:3944,162:3660,163:3750,164:3857,165:3958,166:3995,167:3970,168:3857,169:3749,170:3770,171:3927,172:3767,173:3777,174:4049,175:4023,176:3896,177:4048,178:3787,179:3967,180:4137,181:4092,182:4181,183:3936,184:4162,185:4008,186:4076,187:4208,188:4182,189:3913,190:4044,191:4258,192:4129,193:4307,194:4003,195:4152,196:4209,197:3976,198:4054,199:4294,200:4244,201:4131,202:4166,203:4412,204:4281,205:4143,206:4166,207:4421,208:4331,209:4178,210:4144,211:4208,212:4105,213:4362,214:4151,215:4274,216:4484,217:4089,218:4242,219:4289,220:4464,221:4347,222:4321,223:4351,224:4194,225:4407,226:4136,227:4259,228:4172,229:4240,230:4361,231:4311,232:4188,233:4225,234:4265,235:4268,236:4202,237:4269,238:4152,239:4138,240:4075,241:4292,242:4355,243:4078,244:4103,245:4420,246:4135,247:4341,248:4297,249:4081,250:4252,251:4311,252:4012,253:4234,254:4296,255:4157,256:4255,257:4020,258:4286,259:4215,260:3959,261:3999,262:4161,263:4181,264:4072,265:4049,266:3939,267:4003,268:4026,269:3906,270:3905,271:3819,272:3933,273:3956,274:4143,275:3869,276:3760,277:3761,278:3941,279:3805,280:3716,281:3993,282:3696,283:3751,284:3797,285:3957,286:3816,287:3978,288:4014,289:3812,290:3825,291:3781,292:3919,293:3794,294:3837,295:3646,296:3653,297:3909,298:3837,299:3779,300:3664,301:3754,302:3668,303:3850,304:3741,305:3575,306:3848,307:3518,308:3795,309:3700,310:3675,311:3802,312:3834,313:3720,314:3666,315:3743,316:3861,317:3571,318:3649,319:3571,320:3747,321:3652,322:3773,323:3571,324:3863,325:3790,326:3693,327:3706,328:3867,329:3583,330:3833,331:3565,332:3562,333:3837,334:3596,335:3755,336:3756,337:3627,338:3899,339:3963,340:3919,341:3801,342:3871,343:3643,344:3850,345:3777,346:3753,347:3909,348:3712,349:3745,350:3701,351:4044,352:4111,353:4003,354:3934,355:3766,356:3850,357:3840,358:4038,359:4173
0:4040,1:4125,2:4032,3:4130,4:4102,5:4044,6:3995,7:4214,8:4203,9:3933,10:4120,11:4088,12:4314,13:4198,14:4223,15:4101,16:4275,17:4338,18:4095,19:4135,20:4278,21:4293,22:4292,23:4069,24:4406,25:4317,26:4377,27:4330,28:4063,29:4360,30:4146,31:4418,32:4146,33:4186,34:4146,35:4463,36:4456,37:4309,38:4356,39:4219,40:4419,41:4135,42:4199,43:4474,44:4115,45:4463,46:4216,47:4366,48:4447,49:4393,50:4227,51:4297,52:4179,53:4317,54:4448,55:4458,56:4252,57:4201,58:4099,59:4187,60:4350,61:4114,62:4327,63:4403,64:4227,65:4324,66:4317,67:4297,68:4231,69:4174,70:4208,71:4082,72:3989,73:4077,74:4208,75:4299,76:3984,77:4006,78:4305,79:3919,80:4025,81:4062,82:3927,83:4030,84:4150,85:4186,86:3974,87:3927,88:4154,89:4090,90:3980,91:3879,92:4119,93:4016,94:3900,95:3820,96:3800,97:3926,98:4094,99:3880,100:3784,101:4073,102:3811,103:3997,104:3932,105:3757,106:3982,107:3877,108:3962,109:3880,110:3949,111:3629,112:3902,113:3723,114:3771,115:3704,116:3682,117:3838,118:3940,119:3698,120:3690,121:3916,122:3850,123:3827,124:3577,125:3774,126:3590,127:3745,128:3649,129:3692,130:3556,131:3843,132:3735,133:3592,134:3536,135:3695,136:3504,137:3830,138:3557,139:3866,140:3872,141:3557,142:3735,143:3904,144:3759,145:3523,146:3751,147:3691,148:3903,149:3924,150:3922,151:3669,152:3565,153:3811,154:3910,155:3642,156:3840,157:3905,158:3961,159:3756,160:3730,161:3820,162:3758,163:3835,164:3802,165:3941,166:3888,167:3921,168:4015,169:4078,170:3698,171:4064,172:3896,173:4034,174:3780,175:3831,176:4009,177:3828,178:4012,179:4003,180:4074,181:3871,182:4137,183:3967,184:4131,185:4023,186:4122,187:3947,188:3898,189:4013,190:4295,191:4201,192:3956,193:4043,194:4192,195:4012,196:3988,197:4127,198:4145,199:4159,200:4177,201:4046,202:4136,203:4404,204:4089,205:4036,206:4304,207:4346,208:4078,209:4271,210:4309,211:4309,212:4387,213:4339,214:4119,215:4352,216:4470,217:4182,218:4348,219:4395,220:4407,221:4363,222:4244,223:4371,224:4340,225:4268,226:4310,227:4160,228:4271,229:4328,230:4174,231:4110,232:4204,233:4182,234:4190,235:4230,236:4348,237:4275,238:4453,239:4092,240:4309,241:4062,242:4434,243:4298,244:4431,245:4325,246:4278,247:4133,248:4349,249:4393,250:4369,251:4036,252:4030,253:4155,254:4006,255:4221,256:4000,257:4294,258:4159,259:3994,260:4286,261:4230,262:4005,263:3935,264:4166,265:3887,266:3915,267:3913,268:4063,269:3815,270:4175,271:3873,272:4173,273:3855,274:3874,275:3765,276:3836,277:3836,278:3754,279:3890,280:3751,281:3984,282:3876,283:3840,284:3891,285:3808,286:3712,287:3717,288:3628,289:3662,290:3649,291:3695,292:3940,293:3758,294:3957,295:3789,296:3689,297:3755,298:3700,299:3832,300:3686,301:3811,302:3834,303:3619,304:3894,305:3801,306:3517,307:3538,308:3564,309:3628,310:3526,311:3624,312:3712,313:3763,314:3519,315:3588,316:3823,317:3818,318:3617,319:3516,320:3761,321:3702,322:3898,323:3724,324:3730,325:3756,326:3759,327:3633,328:3801,329:3536,330:3763,331:3810,332:3752,333:3702,334:3937,335:3698,336:3967,337:3603,338:3595,339:3965,340:3815,341:3629,342:4011,343:3817,344:3739,345:3692,346:3748,347:3754,348:3937,349:3987,350:3944,351:4081,352:3759,353:4046,354:3849,355:4009,356:3787,357:3871,358:3805,359:4103
0:3970,1:4105,2:4036,3:4112,4:3843,5:4122,6:4232,7:3885,8:3925,9:4123,10:4075,11:4127,12:4149,13:4168,14:4103,15:4215,16:4259,17:3969,18:4183,19:4197,20:4123,21:4067,22:4364,23:4334,24:4177,25:4306,26:4294,27:4422,28:4090,29:4255,30:4314,31:4254,32:4119,33:4463,34:4097,35:4092,36:4269,37:4319,38:4422,39:4165,40:4370,41:4309,42:4383,43:4372,44:4323,45:4122,46:4384,47:4427,48:4151,49:4416,50:4296,51:4354,52:4334,53:4470,54:4359,55:4345,56:4183,57:4407,58:4090,59:4315,60:4364,61:4317,62:4396,63:4241,64:4050,65:4077,66:4421,67:4285,68:4408,69:4258,70:4373,71:4243,72:4140,73:4099,74:4353,75:4168,76:4137,77:4083,78:3988,79:4062,80:4095,81:3993,82:4101,83:4247,84:4111,85:4066,86:3957,87:3966,88:3868,89:3857,90:4018,91:4147,92:4012,93:4019,94:4063,95:4075,96:3851,97:4121,98:3911,99:4083,100:3710,101:3705,102:3818,103:3927,104:3924,105:3675,106:3733,107:4019,108:3807,109:3692,110:3709,111:3957,112:3796,113:3760,114:3926,115:3597,116:3862,117:3921,118:3852,119:3657,120:3772,121:3877,122:3728,123:3670,124:3819,125:3668,126:3828,127:3687,128:3832,129:3875,130:3530,131:3729,132:3638,133:3531,134:3616,135:3547,136:3697,137:3733,138:3844,139:3887,140:3656,141:3685,142:3842,143:3856,144:3662,145:3867,146:3541,147:3893,148:3885,149:3627,150:3604,151:3774,152:3891,153:3742,154:3639,155:3831,156:3684,157:3756,158:3814,159:3729,160:3667,161:3786,162:3731,163:3910,164:3729,165:3800,166:3727,167:3684,168:3832,169:3911,170:3903,171:3747,172:3780,173:3917,174:4100,175:4109,176:4155,177:3958,178:4171,179:4033,180:3817,181:4087,182:3904,183:3953,184:4197,185:3958,186:4099,187:4262,188:4110,189:4029,190:4147,191:4297,192:4013,193:3965,194:4202,195:4277,196:3989,197:4126,198:4321,199:4029,200:4291,201:4076,202:4143,203:4077,204:4099,205:4048,206:4269,207:4186,208:4390,209:4423,210:4406,211:4112,212:4468,213:4362,214:4111,215:4183,216:4119,217:4425,218:4139,219:4195,220:4250,221:4425,222:4477,223:4112,224:4223,225:4117,226:4248,227:4230,228:4208,229:4311,230:4266,231:4190,232:4209,233:4454,234:4137,235:4252,236:4223,237:4365,238:4107,239:4298,240:4334,241:4319,242:4160,243:4388,244:4137,245:4314,246:4312,247:4228,248:4054,249:4055,250:4325,251:4152,252:4033,253:4233,254:4320,255:4051,256:4166,257:4153,258:3961,259:4161,260:4144,261:3937,262:4066,263:4091,264:4240,265:4246,266:4047,267:4075,268:4134,269:3967,270:4045,271:3826,272:3898,273:4082,274:3963,275:4001,276:4134,277:3846,278:3749,279:3820,280:3782,281:3911,282:3827,283:3937,284:3678,285:3714,286:3895,287:3786,288:3687,289:3754,290:3611,291:3704,292:3806,293:3602,294:3678,295:3907,296:3582,297:3865,298:3782,299:3736,300:3930,301:3816,302:3664,303:3856,304:3637,305:3801,306:3693,307:3788,308:3688,309:3903,310:3876,311:3558,312:3805,313:3706,314:3540,315:3567,316:3571,317:3566,318:3597,319:3746,320:3809,321:3830,322:3773,323:3886,324:3515,325:3602,326:3691,327:3799,328:3546,329:3872,330:3623,331:3896,332:3558,333:3775,334:3841,335:3867,336:3919,337:3641,338:3906,339:3659,340:3806,341:3931,342:3626,343:3981,344:3910,345:3832,346:4010,347:3838,348:4040,349:4017,350:3846,351:3953,352:4089,353:4108,354:3854,355:3954,356:4137,357:3837,358:3958,359:4072
0:4171,1:3925,2:4118,3:4192,4:4140,5:3975,6:3902,7:4008,8:3933,9:4185,10:4194,11:4059,12:4254,13:4106,14:4122,15:4053,16:4033,17:4176,18:4294,19:4356,20:4364,21:4303,22:4189,23:4339,24:4072,25:4325,26:4286,27:4246,28:4426,29:4289,30:4223,31:4072,32:4363,33:4345,34:4167,35:4168,36:4337,37:4110,38:4153,39:4389,40:4330,41:4130,42:4257,43:4325,44:4440,45:4306,46:4404,47:4292,48:4284,49:4144,50:4475,51:4283,52:4281,53:4189,54:4332,55:4212,56:4301,57:4354,58:4381,59:4311,60:4184,61:4352,62:4214,63:4177,64:4411,65:4408,66:4233,67:4341,68:4085,69:4358,70:4352,71:4051,72:4312,73:4033,74:4233,75:4175,76:4323,77:4144,78:3971,79:4251,80:4022,81:4244,82:3920,83:4236,84:3887,85:3918,86:3964,87:4109,88:4076,89:4134,90:4084,91:4106,92:3887,93:3959,94:3822,95:3824,96:3999,97:4086,98:3973,99:3913,100:3800,101:3780,102:3835,103:3832,104:3803,105:3895,106:3771,107:4019,108:3645,109:3940,110:3678,111:3819,112:3731,113:3783,114:3632,115:3578,116:3942,117:3730,118:3926,119:3847,120:3656,121:3630,122:3888,123:3680,124:3751,125:3751,126:3834,127:3623,128:3651,129:3551,130:3849,131:3894,132:3658,133:3669,134:3818,135:3657,136:3845,137:3846,138:3756,139:3678,140:3682,141:3610,142:3892,143:3779,144:3663,145:3807,146:3679,147:3887,148:3772,149:3822,150:3774,151:3549,152:3751,153:3639,154:3713,155:3841,156:3881,157:3727,158:3961,159:3714,160:3733,161:3800,162:3815,163:3778,164:3995,165:3832,166:3953,167:3733,168:3985,169:3707,170:3733,171:3856,172:3840,173:3955,174:3914,175:3982,176:3916,177:3786,178:4126,179:3947,180:3932,181:4196,182:4032,183:4040,184:4111,185:3992,186:3925,187:4175,188:4199,189:3946,190:4011,191:3993,192:4272,193:4138,194:4263,195:3987,196:4281,197:4028,198:4248,199:4297,200:4200,201:4379,202:4344,203:4115,204:4391,205:4288,206:4211,207:4091,208:4351,209:4257,210:4337,211:4266,212:4389,213:4390,214:4468,215:4110,216:4286,217:4417,218:4122,219:4306,220:4225,221:4122,222:4427,223:4222,224:4436,225:4404,226:4399,227:4163,228:4407,229:4496,230:4211,231:4121,232:4405,233:4275,234:4389,235:4215,236:4386,237:4153,238:4096,239:4282,240:4066,241:4427,242:4148,243:4379,244:4229,245:4067,246:4069,247:4188,248:4301,249:4142,250:4092,251:4013,252:4109,253:4055,254:4043,255:4325,256:4293,257:4207,258:4097,259:3959,260:4182,261:4067,262:4064,263:3983,264:3892,265:4138,266:3972,267:4202,268:4060,269:4091,270:4002,271:4116,272:3975,273:3989,274:3827,275:4141,276:3866,277:4075,278:3829,279:3889,280:3783,281:4033,282:3775,283:3912,284:3987,285:3729,286:3650,287:3801,288:3674,289:4005,290:3650,291:3879,292:3930,293:3621,294:3867,295:3723,296:3653,297:3696,298:3773,299:3669,300:3807,301:3927,302:3588,303:3726,304:3599,305:3707,306:3621,307:3542,308:3816,309:3668,310:3622,311:3675,312:3884,313:3643,314:3869,315:3681,316:3662,317:3557,318:3669,319:3536,320:3898,321:3703,322:3563,323:3759,324:3885,325:3789,326:3545,327:3628,328:3884,329:3871,330:3880,331:3729,332:3755,333:3744,334:3841,335:3937,336:3875,337:3628,338:3668,339:3842,340:3976,341:3815,342:3712,343:3642,344:3798,345:3658,346:4005,347:4052,348:3714,349:3724,350:3882,351:4067,352:3813,353:3821,354:3743,355:4035,356:3770,357:4024,358:3809,359:4128
0:3948,1:3852,2:4152,3:4203,4:4019,5:4211,6:4021,7:4254,8:3943,9:4254,10:3965,11:4236,12:4121,13:4186,14:4290,15:4029,16:4228,17:4194,18:4061,19:4272,20:4094,21:4257,22:4293,23:4034,24:4406,25:4230,26:4236,27:4441,28:4435,29:4157,30:4210,31:4272,32:4264,33:4446,34:4358,35:4096,36:4408,37:4126,38:4211,39:4480,40:4293,41:4196,42:4432,43:4353,44:4196,45:4483,46:4301,47:4341,48:4424,49:4164,50:4099,51:4343,52:4293,53:4115,54:4382,55:4463,56:4147,57:4095,58:4256,59:4171,60:4104,61:4226,62:4371,63:4077,64:4051,65:4282,66:4236,67:4087,68:4227,69:4294,70:4269,71:4181,72:3992,73:4218,74:4107,75:4192,76:4189,77:4119,78:4272,79:4051,80:3939,81:4077,82:4159,83:4126,84:4260,85:3955,86:4216,87:3881,88:3860,89:4094,90:3973,91:4058,92:4020,93:3948,94:3903,95:4147,96:3806,97:3930,98:4107,99:3841,100:3990,101:3929,102:3740,103:3911,104:3753,105:3941,106:3702,107:3651,108:3911,109:3914,110:3870,111:3749,112:3895,113:3878,114:3876,115:3629,116:3937,117:3746,118:3932,119:3839,120:3722,121:3862,122:3559,123:3925,124:3863,125:3873,126:3617,127:3747,128:3662,129:3661,130:3854,131:3653,132:3754,133:3835,134:3749,135:3803,136:3744,137:3525,138:3880,139:3519,140:3848,141:3814,142:3855,143:3909,144:3650,145:3768,146:3587,147:3654,148:3742,149:3894,150:3778,151:3569,152:3606,153:3874,154:3853,155:3841,156:3678,157:3867,158:3831,159:3780,160:3783,161:3827,162:3784,163:3848,164:3745,165:3825,166:4048,167:3835,168:3795,169:3703,170:3795,171:4060,172:3819,173:3878,174:3977,175:4054,176:4010,177:4030,178:4116,179:4070,180:4062,181:4039,182:4028,183:4138,184:3897,185:3983,186:4198,187:4192,188:3936,189:3936,190:4169,191:4051,192:4308,193:4049,194:3946,195:4139,196:4205,197:4129,198:3990,199:3993,200:4349,201:4330,202:4123,203:4412,204:4349,205:4405,206:4395,207:4225,208:4264,209:4417,210:4425,211:4287,212:4107,213:4277,214:4458,215:4157,216:4447,217:4406,218:4210,219:4101,220:4491,221:4259,222:4322,223:4207,224:4152,225:4487,226:4119,227:4293,228:4160,229:4300,230:4322,231:4456,232:4348,233:4143,234:4408,235:4392,236:4297,237:4126,238:4426,239:4302,240:4190,241:4220,242:4145,243:4210,244:4181,245:4039,246:4248,247:4184,248:4408,249:4329,250:4156,251:4066,252:4290,253:4283,254:4123,255:4232,256:4220,257:4267,258:4304,259:4246,260:3983,261:4232,262:4234,263:4057,264:4064,265:3946,266:4024,267:4137,268:4087,269:4052,270:3907,271:3944,272:3831,273:3794,274:3910,275:3840,276:4040,277:4027,278:3909,279:3954,280:4061,281:3710,282:3770,283:3854,284:3914,285:3909,286:3641,287:3861,288:3966,289:3617,290:3747,291:3732,292:3885,293:3609,294:3937,295:3946,296:3770,297:3834,298:3655,299:3833,300:3811,301:3748,302:3665,303:3912,304:3615,305:3590,306:3653,307:3823,308:3540,309:3859,310:3838,311:3899,312:3898,313:3636,314:3530,315:3533,316:3549,317:3549,318:3603,319:3563,320:3675,321:3790,322:3645,323:3790,324:3676,325:3888,326:3788,327:3861,328:3806,329:3765,330:3923,331:3840,332:3897,333:3955,334:3787,335:3577,336:3857,337:3978,338:3964,339:3749,340:3768,341:3716,342:3738,343:3917,344:4001,345:3934,346:3735,347:3721,348:3927,349:3779,350:3842,351:3896,352:3985,353:4070,354:3854,355:3825,356:4085,357:3849,358:3799,359:4061
0:3918,1:4020,2:4161,3:3885,4:4192,5:4195,6:4157,7:3960,8:3887,9:4165,10:3935,11:4103,12:3998,13:4061,14:3960,15:4054,16:4268,17:4193,18:4027,19:4217,20:4317,21:4391,22:4250,23:4043,24:4171,25:4333,26:4317,27:4435,28:4058,29:4195,30:4346,31:4338,32:4255,33:4160,34:4159,35:4172,36:4229,37:4325,38:4260,39:4249,40:4413,41:4132,42:4344,43:4369,44:4151,45:4431,46:4261,47:4192,48:4494,49:4224,50:4436,51:4450,52:4395,53:4185,54:4262,55:4334,56:4417,57:4268,58:4251,59:4152,60:4347,61:4335,62:4093,63:4260,64:4413,65:4323,66:4388,67:4382,68:4194,69:4195,70:4337,71:4304,72:4010,73:4005,74:4295,75:4241,76:4022,77:4005,78:4283,79:4042,80:3953,81:3968,82:4015,83:4148,84:3987,85:4166,86:4127,87:4004,88:4056,89:3815,90:3932,91:4067,92:4017,93:3937,94:4017,95:3994,96:3797,97:3900,98:4081,99:4052,100:4027,101:3739,102:4026,103:3855,104:3984,105:3671,106:3704,107:3866,108:3648,109:3988,110:3692,111:3611,112:3608,113:3792,114:3695,115:3838,116:3659,117:3731,118:3681,119:3866,120:3844,121:3593,122:3925,123:3849,124:3694,125:3635,126:3567,127:3552,128:3697,129:3576,130:3714,131:3802,132:3547,133:3721,134:3543,135:3768,136:3625,137:3709,138:3617,139:3768,140:3760,141:3619,142:3746,143:3682,144:3835,145:3829,146:3670,147:3672,148:3675,149:3766,150:3847,151:3897,152:3697,153:3956,154:3675,155:3915,156:3728,157:3926,158:3963,159:3968,160:3804,161:3757,162:3801,163:3751,164:3918,165:3889,166:3902,167:4037,168:4021,169:3852,170:3800,171:3833,172:4021,173:3729,174:3938,175:3948,176:3845,177:4102,178:4060,179:4094,180:4053,181:3975,182:4136,183:3885,184:3922,185:4172,186:4253,187:4247,188:4213,189:4112,190:4284,191:4102,192:4100,193:4229,194:4069,195:4159,196:4322,197:4074,198:4049,199:4324,200:4375,201:4256,202:4225,203:4373,204:4087,205:4037,206:4377,207:4261,208:4337,209:4292,210:4325,211:4081,212:4412,213:4300,214:4080,215:4129,216:4229,217:4460,218:4432,219:4096,220:4214,221:4169,222:4479,223:4281,224:4380,225:4313,226:4193,227:4136,228:4175,229:4454,230:4267,231:4198,232:4102,233:4094,234:4481,235:4122,236:4398,237:4282,238:4321,239:4177,240:4200,241:4094,242:4238,243:4358,244:4160,245:4162,246:4118,247:4338,248:4181,249:4337,250:4049,251:4327,252:4289,253:4109,254:4209,255:4055,256:4042,257:4204,258:4044,259:3963,260:4140,261:4092,262:3984,263:3897,264:3965,265:4231,266:4138,267:3886,268:3827,269:4050,270:3986,271:4063,272:3816,273:3811,274:4009,275:3823,276:4123,277:4032,278:3798,279:3905,280:3836,281:4042,282:4057,283:4040,284:3936,285:3709,286:3837,287:4000,288:3960,289:3926,290:3871,291:3882,292:3744,293:3815,294:3670,295:3937,296:3739,297:3859,298:3768,299:3597,300:3851,301:3751,302:3670,303:3552,304:3538,305:3615,306:3633,307:3784,308:3896,309:3794,310:3752,311:3829,312:3775,313:3584,314:3891,315:3694,316:3613,317:3708,318:3548,319:3743,320:3901,321:3545,322:3853,323:3789,324:3540,325:3673,326:3536,327:3656,328:3782,329:3697,330:3916,331:3652,332:3910,333:3742,334:3809,335:3921,336:3940,337:3780,338:3936,339:3858,340:3907,341:3631,342:3953,343:3791,344:4015,345:3848,346:3666,347:3988,348:3721,349:3972,350:4081,351:3870,352:3827,353:3840,354:3947,355:4104,356:3925,357:3867,358:4101,359:3975
0:4123,1:4094,2:4007,3:3909,4:4147,5:3979,6:4240,7:4033,8:4271,9:4116,10:4221,11:4005,12:4001,13:4041,14:4168,15:4279,16:4309,17:3980,18:4366,19:3992,20:4246,21:4088,22:4124,23:4177,24:4194,25:4351,26:4271,27:4350,28:4180,29:4361,30:4204,31:4312,32:4381,33:4161,34:4081,35:4370,36:4193,37:4400,38:4208,39:4472,40:4377,41:4269,42:4294,43:4449,44:4130,45:4369,46:4296,47:4159,48:4443,49:4447,50:4489,51:4353,52:4191,53:4337,54:4374,55:4475,56:4165,57:4213,58:4313,59:4266,60:4115,61:4366,62:4193,63:4389,64:4329,65:4314,66:4329,67:4393,68:4100,69:4237,70:4345,71:4355,72:4010,73:4309,74:4061,75:4020,76:4309,77:4008,78:3999,79:4182,80:4008,81:4201,82:4108,83:4107,84:4056,85:4057,86:4053,87:4085,88:4041,89:4082,90:4146,91:3789,92:4090,93:4017,94:4002,95:3908,96:3824,97:4104,98:3744,99:4047,100:3948,101:3971,102:3868,103:3830,104:3934,105:3873,106:3957,107:3786,108:3675,109:3851,110:4003,111:3604,112:3776,113:3652,114:3806,115:3869,116:3774,117:3832,118:3565,119:3699,120:3926,121:3627,122:3534,123:3609,124:3546,125:3523,126:3563,127:3701,128:3899,129:3824,130:3721,131:3816,132:3717,133:3778,134:3736,135:3578,136:3880,137:3813,138:3575,139:3703,140:3882,141:3518,142:3555,143:3809,144:3799,145:3563,146:3548,147:3538,148:3751,149:3669,150:3864,151:3817,152:3923,153:3647,154:3669,155:3706,156:3695,157:3847,158:3930,159:3937,160:4002,161:3820,162:3634,163:3726,164:3867,165:3690,166:3925,167:3969,168:4010,169:3879,170:3856,171:4051,172:4068,173:3767,174:3741,175:4019,176:3948,177:4069,178:4172,179:4040,180:3822,181:3972,182:3969,183:3996,184:4131,185:3979,186:3946,187:4013,188:4265,189:4290,190:4148,191:4213,192:4100,193:4269,194:4139,195:4334,196:4116,197:4062,198:4336,199:4046,200:4212,201:4382,202:4013,203:4239,204:4218,205:4230,206:4409,207:4381,208:4307,209:4298,210:4429,211:4156,212:4242,213:4133,214:4183,215:4183,216:4234,217:4241,218:4268,219:4217,220:4235,221:4322,222:4242,223:4188,224:4160,225:4306,226:4232,227:4296,228:4370,229:4336,230:4366,231:4312,232:4283,233:4202,234:4199,235:4433,236:4097,237:4417,238:4203,239:4392,240:4194,241:4159,242:4082,243:4113,244:4102,245:4185,246:4186,247:4041,248:4162,249:4236,250:4091,251:4070,252:4357,253:4193,254:4019,255:4336,256:3961,257:4177,258:4286,259:4213,260:3925,261:4101,262:4166,263:3950,264:4136,265:4227,266:4227,267:4230,268:4164,269:3988,270:4136,271:3908,272:3961,273:3905,274:3905,275:3984,276:4013,277:3785,278:3913,279:3737,280:3944,281:3751,282:3870,283:3673,284:3839,285:3952,286:3763,287:3634,288:3953,289:3909,290:3902,291:3905,292:3652,293:3912,294:3920,295:3712,296:3819,297:3756,298:3912,299:3889,300:3628,301:3541,302:3657,303:3668,304:3699,305:3634,306:3807,307:3875,308:3548,309:3685,310:3649,311:3691,312:3640,313:3546,314:3583,315:3500,316:3896,317:3701,318:3568,319:3764,320:3691,321:3890,322:3879,323:3739,324:3610,325:3588,326:3753,327:3873,328:3897,329:3768,330:3733,331:3882,332:3720,333:3896,334:3714,335:3780,336:3640,337:3754,338:3649,339:3669,340:3673,341:3832,342:3783,343:3721,344:3833,345:3818,346:3683,347:3901,348:3847,349:3764,350:3813,351:3995,352:4094,353:3739,354:4122,355:3831,356:3801,357:3893,358:4088,359:3966
0:4021,1:4037,2:4190,3:3872,4:4147,5:4204,6:4225,7:4193,8:4146,9:4274,10:3917,11:4261,12:3950,13:4324,14:4025,15:4200,16:4358,17:4022,18:4267,19:4208,20:4219,21:4019,22:4067,23:4353,24:4396,25:4427,26:4063,27:4072,28:4327,29:4410,30:4075,31:4303,32:4187,33:4247,34:4312,35:4304,36:4303,37:4431,38:4124,39:4393,40:4200,41:4320,42:4289,43:4129,44:4363,45:4165,46:4130,47:4206,48:4460,49:4224,50:4363,51:4239,52:4117,53:4316,54:4343,55:4365,56:4386,57:4456,58:4406,59:4185,60:4102,61:4350,62:4403,63:4357,64:4229,65:4273,66:4341,67:4170,68:4110,69:4281,70:4242,71:4030,72:4009,73:4359,74:4004,75:3994,76:4270,77:4028,78:4082,79:3981,80:4089,81:4119,82:3915,83:3955,84:4192,85:4148,86:4161,87:4204,88:4108,89:4179,90:3959,91:4110,92:3958,93:3949,94:4100,95:3888,96:4033,97:3770,98:4039,99:4079,100:3927,101:3817,102:3926,103:3832,104:3957,105:4010,106:3791,107:3670,108:3798,109:3795,110:3872,111:3779,112:3930,113:3852,114:3745,115:3715,116:3829,117:3734,118:3924,119:3916,120:3900,121:3929,122:3910,123:3657,124:3724,125:3784,126:3738,127:3731,128:3629,129:3529,130:3866,131:3802,132:3601,133:3806,134:3523,135:3678,136:3606,137:3869,138:3569,139:3849,140:3547,141:3748,142:3704,143:3827,144:3805,145:3872,146:3605,147:3611,148:3863,149:3601,150:3768,151:3779,152:3753,153:3629,154:3728,155:3595,156:3863,157:3643,158:3718,159:3796,160:3900,161:3827,162:3765,163:3647,164:3886,165:3926,166:3873,167:3943,168:3963,169:4064,170:3954,171:3961,172:3814,173:3917,174:3917,175:4144,176:3907,177:4167,178:3834,179:3963,180:4172,181:3871,182:4094,183:4052,184:4022,185:3920,186:3905,187:3983,188:3893,189:4229,190:4033,191:3996,192:4105,193:4100,194:4105,195:4056,196:4165,197:4184,198:4110,199:4377,200:4319,201:4117,202:4308,203:4205,204:4034,205:4414,206:4248,207:4428,208:4120,209:4324,210:4454,211:4087,212:4259,213:4360,214:4231,215:4196,216:4146,217:4349,218:4486,219:4155,220:4322,221:4276,222:4190,223:4140,224:4133,225:4168,226:4137,227:4169,228:4218,229:4452,230:4112,231:4413,232:4229,233:4452,234:4186,235:4267,236:4182,237:4212,238:4459,239:4196,240:4246,241:4341,242:4331,243:4216,244:4174,245:4082,246:4114,247:4208,248:4311,249:4125,250:4292,251:4093,252:4203,253:4304,254:4352,255:4138,256:3959,257:4181,258:4185,259:4022,260:4010,261:4237,262:4191,263:3921,264:4064,265:4119,266:3876,267:4003,268:4087,269:4165,270:4014,271:3958,272:3906,273:4053,274:3914,275:4014,276:3885,277:4024,278:4086,279:3848,280:3767,281:3732,282:3881,283:3859,284:3809,285:3918,286:3969,287:3731,288:3865,289:3657,290:3876,291:3955,292:3912,293:3757,294:3838,295:3746,296:3580,297:3909,298:3881,299:3751,300:3562,301:3885,302:3551,303:3824,304:3586,305:3748,306:3541,307:3588,308:3798,309:3523,310:3899,311:3583,312:3838,313:3557,314:3654,315:3848,316:3804,317:3816,318:3879,319:3874,320:3506,321:3742,322:3822,323:3533,324:3752,325:3904,326:3784,327:3692,328:3670,329:3682,330:3879,331:3833,332:3703,333:3727,334:3631,335:3943,336:3758,337:3664,338:3851,339:3933,340:3791,341:3888,342:3903,343:3921,344:3764,345:3718,346:3716,347:3863,348:4028,349:3729,350:3839,351:4083,352:3930,353:3805,354:3752,355:3799,356:3760,357:4031,358:3888,359:3884
0:3928,1:3967,2:3867,3:3981,4:4117,5:4002,6:3897,7:4266,8:3897,9:3945,10:4289,11:3990,12:3939,13:4152,14:4120,15:4003,16:4195,17:3978,18:4084,19:4119,20:4252,21:4350,22:4178,23:4199,24:4319,25:4199,26:4224,27:4238,28:4295,29:4415,30:4312,31:4201,32:4146,33:4261,34:4340,35:4149,36:4312,37:4231,38:4132,39:4183,40:4402,41:4425,42:4292,43:4430,44:4372,45:4136,46:4415,47:4375,48:4286,49:4275,50:4186,51:4341,52:4393,53:4446,54:4317,55:4200,56:4339,57:4152,58:4232,59:4411,60:4440,61:4254,62:4049,63:4274,64:4094,65:4176,66:4347,67:4028,68:4386,69:4391,70:4213,71:4361,72:4155,73:4082,74:4245,75:4109,76:4302,77:4155,78:3963,79:4213,80:4277,81:4162,82:3964,83:3910,84:3899,85:4161,86:4008,87:4028,88:4095,89:4131,90:3839,91:4041,92:3839,93:4126,94:3997,95:3774,96:3903,97:3853,98:3893,99:3818,100:3706,101:3754,102:3975,103:3698,104:3852,105:3992,106:3724,107:3935,108:3997,109:3620,110:3949,111:3823,112:3934,113:3598,114:3814,115:3593,116:3623,117:3682,118:3863,119:3744,120:3741,121:3807,122:3628,123:3880,124:3623,125:3581,126:3635,127:3816,128:3573,129:3591,130:3711,131:3685,132:3549,133:3767,134:3783,135:3858,136:3708,137:3809,138:3691,139:3552,140:3816,141:3790,142:3739,143:3536,144:3587,145:3703,146:3540,147:3892,148:3673,149:3631,150:3804,151:3559,152:3767,153:3933,154:3630,155:3700,156:3808,157:3828,158:3854,159:3685,160:3989,161:3885,162:3756,163:3635,164:3771,165:3929,166:3860,167:4025,168:3991,169:4016,170:4070,171:3986,172:4049,173:3843,174:4128,175:4045,176:4076,177:3830,178:4165,179:4080,180:4082,181:4077,182:4095,183:4077,184:3968,185:3913,186:4081,187:4006,188:4214,189:3915,190:4193,191:4043,192:4095,193:4022,194:4009,195:4210,196:4157,197:4019,198:4021,199:4172,200:4106,201:4009,202:4392,203:4023,204:4253,205:4261,206:4339,207:4348,208:4292,209:4367,210:4361,211:4370,212:4332,213:4436,214:4187,215:4099,216:4209,217:4358,218:4358,219:4466,220:4382,221:4272,222:4421,223:4467,224:4390,225:4210,226:4241,227:4207,228:4186,229:4116,230:4492,231:4146,232:4232,233:4141,234:4241,235:4354,236:4164,237:4297,238:4394,239:4414,240:4114,241:4352,242:4350,243:4211,244:4403,245:4423,246:4370,247:4374,248:4382,249:4318,250:4313,251:4026,252:4303,253:4252,254:4317,255:4049,256:4335,257:4285,258:4091,259:4022,260:3949,261:4032,262:4045,263:4152,264:4094,265:4032,266:4054,267:4002,268:3882,269:4137,270:4158,271:3890,272:4156,273:3886,274:4056,275:3912,276:4113,277:3810,278:3846,279:4019,280:3910,281:3856,282:3927,283:3944,284:3736,285:3654,286:3736,287:3971,288:3991,289:3982,290:4002,291:3894,292:3816,293:3656,294:3845,295:3927,296:3655,297:3600,298:3860,299:3658,300:3713,301:3622,302:3767,303:3655,304:3662,305:3860,306:3664,307:3646,308:3664,309:3734,310:3748,311:3559,312:3682,313:3882,314:3651,315:3510,316:3548,317:3584,318:3590,319:3679,320:3728,321:3714,322:3556,323:3579,324:3570,325:3770,326:3581,327:3892,328:3670,329:3900,330:3781,331:3922,332:3949,333:3938,334:3584,335:3795,336:3775,337:3792,338:3764,339:3652,340:3615,341:3735,342:3818,343:3988,344:3707,345:4041,346:3735,347:3669,348:3903,349:3857,350:3888,351:3888,352:3991,353:4003,354:3828,355:3803,356:4083,357:3939,358:4080,359:3802
0:3997,1:3821,2:3950,3:3990,4:4164,5:4023,6:3902,7:4240,8:4109,9:4050,10:3962,11:4148,12:4005,13:4094,14:4328,15:4314,16:3970,17:4315,18:4345,19:3989,20:4020,21:4233,22:4229,23:4028,24:4304,25:4321,26:4261,27:4395,28:4074,29:4245,30:4332,31:4082,32:4096,33:4155,34:4149,35:4249,36:4173,37:4097,38:4428,39:4312,40:4246,41:4453,42:4197,43:4232,44:4224,45:4215,46:4309,47:4285,48:4173,49:4257,50:4198,51:4340,52:4325,53:4283,54:4279,55:4233,56:4260,57:4357,58:4251,59:4160,60:4442,61:4161,62:4067,63:4243,64:4135,65:4180,66:4054,67:4059,68:4279,69:4133,70:4093,71:4194,72:4030,73:4075,74:3962,75:4341,76:3988,77:4077,78:4320,79:4194,80:4040,81:3948,82:3943,83:3980,84:3995,85:3951,86:3921,87:4071,88:4219,89:3860,90:4186,91:3907,92:3862,93:3943,94:3897,95:3983,96:3867,97:3786,98:4018,99:3920,100:3938,101:3824,102:4054,103:4017,104:3672,105:3996,106:3940,107:3878,108:3728,109:3628,110:3905,111:3852,112:3647,113:3671,114:3652,115:3677,116:3837,117:3951,118:3800,119:3697,120:3671,121:3672,122:3680,123:3688,124:3871,125:3779,126:3628,127:3775,128:3852,129:3895,130:3566,131:3739,132:3606,133:3618,134:3544,135:3580,136:3524,137:3699,138:3729,139:3544,140:3791,141:3804,142:3536,143:3549,144:3528,145:3663,146:3670,147:3564,148:3687,149:3581,150:3634,151:3551,152:3909,153:3693,154:3962,155:3839,156:3784,157:3768,158:3951,159:3900,160:3952,161:3757,162:3905,163:3911,164:3767,165:3996,166:3738,167:3801,168:4072,169:3845,170:3981,171:3895,172:4089,173:4070,174:3787,175:3842,176:3999,177:4107,178:3947,179:3825,180:3955,181:3948,182:3895,183:3859,184:4188,185:4082,186:3998,187:3927,188:4182,189:4039,190:4156,191:4148,192:4097,193:4291,194:4201,195:3953,196:4022,197:4064,198:4297,199:4182,200:4077,201:4026,202:4033,203:4158,204:4298,205:4393,206:4132,207:4326,208:4324,209:4219,210:4150,211:4416,212:4156,213:4234,214:4164,215:4410,216:4333,217:4465,218:4181,219:4406,220:4124,221:4417,222:4387,223:4251,224:4179,225:4280,226:4145,227:4476,228:4229,229:4469,230:4253,231:4433,232:4210,233:4122,234:4445,235:4403,236:4457,237:4121,238:4167,239:4337,240:4305,241:4181,242:4160,243:4152,244:4348,245:4177,246:4290,247:4325,248:4324,249:4217,250:4281,251:4239,252:4145,253:4167,254:4115,255:4272,256:4329,257:4015,258:4055,259:4011,260:4075,261:4107,262:4163,263:4034,264:3983,265:3910,266:4195,267:4159,268:3965,269:3945,270:4152,271:4058,272:3900,273:3843,274:4049,275:3813,276:3744,277:3936,278:3811,279:4099,280:3984,281:3956,282:3797,283:3999,284:3801,285:3822,286:3890,287:3945,288:3955,289:3923,290:3788,291:3706,292:3595,293:3716,294:3899,295:3938,296:3820,297:3695,298:3650,299:3794,300:3758,301:3618,302:3639,303:3606,304:3920,305:3590,306:3596,307:3563,308:3584,309:3809,310:3818,311:3531,312:3533,313:3832,314:3573,315:3810,316:3596,317:3528,318:3671,319:3845,320:3880,321:3756,322:3622,323:3673,324:3883,325:3773,326:3892,327:3587,328:3571,329:3685,330:3853,331:3783,332:3886,333:3734,334:3817,335:3641,336:3662,337:3653,338:3919,339:3809,340:3713,341:3719,342:4016,343:3760,344:3889,345:3985,346:3723,347:3991,348:3698,349:3836,350:4069,351:4003,352:3886,353:3765,354:3927,355:3777,356:3931,357:3917,358:4040,359:4087
0:4145,1:4176,2:4080,3:4024,4:4048,5:4047,6:3941,7:4267,8:4114,9:4013,10:4023,11:4088,12:4120,13:4100,14:3941,15:4026,16:4096,17:4290,18:3989,19:4287,20:4220,21:4397,22:4327,23:4145,24:4221,25:4205,26:4337,27:4217,28:4135,29:4405,30:4328,31:4460,32:4315,33:4230,34:4349,35:4101,36:4087,37:4167,38:4094,39:4467,40:4455,41:4245,42:4367,43:4335,44:4472,45:4303,46:4215,47:4491,48:4270,49:4100,50:4346,51:4094,52:4398,53:4169,54:4330,55:4300,56:4308,57:4140,58:4183,59:4095,60:4303,61:4170,62:4350,63:4383,64:4133,65:4372,66:4052,67:4054,68:4067,69:4298,70:4291,71:4056,72:4305,73:4298,74:4129,75:4073,76:3987,77:4180,78:4168,79:4177,80:4018,81:4227,82:4005,83:4162,84:4138,85:3991,86:4037,87:4041,88:3996,89:3872,90:3951,91:4167,92:3959,93:3861,94:4031,95:3778,96:3753,97:3951,98:4021,99:3880,100:3768,101:4055,102:3817,103:3756,104:3751,105:4031,106:3666,107:3853,108:3841,109:3876,110:3815,111:3660,112:3783,113:3722,114:3875,115:3856,116:3810,117:3809,118:3631,119:3839,120:3563,121:3681,122:3753,123:3581,124:3530,125:3792,126:3880,127:3536,128:3670,129:3769,130:3716,131:3591,132:3773,133:3753,134:3884,135:3585,136:3896,137:3605,138:3638,139:3886,140:3541,141:3680,142:3890,143:3753,144:3748,145:3639,146:3527,147:3769,148:3764,149:3649,150:3737,151:3784,152:3644,153:3759,154:3881,155:3967,156:3882,157:3751,158:3697,159:3836,160:3765,161:3721,162:3671,163:3711,164:3757,165:3829,166:3967,167:4047,168:4064,169:3689,170:3954,171:3956,172:4081,173:3759,174:4115,175:3834,176:4001,177:3847,178:4032,179:3983,180:3868,181:4079,182:4084,183:4208,184:4098,185:4246,186:3924,187:4135,188:4215,189:4173,190:4162,191:3986,192:4206,193:4270,194:4313,195:4071,196:4279,197:4347,198:4120,199:4174,200:4107,201:4314,202:4404,203:4136,204:4314,205:4268,206:4115,207:4097,208:4165,209:4386,210:4197,211:4410,212:4447,213:4371,214:4298,215:4210,216:4274,217:4306,218:4359,219:4155,220:4320,221:4322,222:4385,223:4330,224:4260,225:4129,226:4465,227:4221,228:4473,229:4305,230:4192,231:4481,232:4243,233:4331,234:4420,235:4454,236:4248,237:4307,238:4300,239:4421,240:4356,241:4204,242:4053,243:4129,244:4174,245:4181,246:4414,247:4325,248:4185,249:4269,250:4212,251:4361,252:4225,253:4122,254:4062,255:4290,256:4022,257:3968,258:3947,259:4217,260:4264,261:3942,262:3980,263:4225,264:3872,265:4011,266:4239,267:3833,268:4108,269:3848,270:3819,271:3803,272:3852,273:4070,274:3962,275:3985,276:3784,277:4085,278:4110,279:4051,280:3861,281:3952,282:3839,283:3769,284:3906,285:3674,286:3947,287:4002,288:3881,289:3892,290:3959,291:3841,292:3976,293:3759,294:3617,295:3811,296:3872,297:3630,298:3839,299:3797,300:3732,301:3910,302:3795,303:3558,304:3921,305:3849,306:3814,307:3601,308:3582,309:3525,310:3683,311:3546,312:3668,313:3857,314:3681,315:3569,316:3788,317:3727,318:3750,319:3808,320:3833,321:3534,322:3659,323:3633,324:3601,325:3715,326:3537,327:3796,328:3929,329:3611,330:3621,331:3737,332:3653,333:3660,334:3818,335:3600,336:3668,337:3876,338:3779,339:3949,340:3716,341:3834,342:3839,343:3776,344:3641,345:3780,346:3935,347:3855,348:4026,349:3730,350:3912,351:3970,352:3994,353:4042,354:3959,355:3864,356:3849,357:4018,358:4029,359:3987
0:3855,1:4003,2:3830,3:3988,4:4159,5:4194,6:4224,7:4100,8:4272,9:4186,10:3903,11:4291,12:4199,13:4079,14:4085,15:4323,16:4033,17:4036,18:4236,19:4016,20:4009,21:4240,22:4267,23:4352,24:4074,25:4337,26:4164,27:4052,28:4235,29:4384,30:4397,31:4439,32:4182,33:4210,34:4426,35:4391,36:4325,37:4295,38:4421,39:4358,40:4341,41:4351,42:4269,43:4285,44:4379,45:4422,46:4342,47:4340,48:4125,49:4178,50:4245,51:4237,52:4172,53:4162,54:4257,55:4379,56:4100,57:4282,58:4259,59:4463,60:4263,61:4142,62:4199,63:4131,64:4409,65:4349,66:4351,67:4266,68:4134,69:4285,70:4054,71:4084,72:4106,73:4118,74:4227,75:4305,76:3946,77:4281,78:4188,79:3956,80:4111,81:3938,82:4253,83:4125,84:4074,85:3855,86:3964,87:4041,88:4062,89:3959,90:3815,91:4012,92:4151,93:4162,94:4116,95:3858,96:3998,97:4057,98:3890,99:3803,100:3714,101:3788,102:3823,103:3736,104:3892,105:3706,106:3942,107:3662,108:3854,109:3620,110:3879,111:3792,112:3972,113:3745,114:3625,115:3616,116:3898,117:3586,118:3756,119:3586,120:3925,121:3828,122:3695,123:3777,124:3805,125:3847,126:3715,127:3765,128:3872,129:3711,130:3795,131:3627,132:3828,133:3523,134:3674,135:3535,136:3787,137:3703,138:3533,139:3846,140:3759,141:3684,142:3712,143:3581,144:3829,145:3848,146:3745,147:3714,148:3732,149:3730,150:3913,151:3688,152:3653,153:3805,154:3713,155:3671,156:3711,157:3720,158:3926,159:3899,160:3825,161:3987,162:3946,163:3700,164:3885,165:3999,166:3834,167:3977,168:3775,169:3747,170:3787,171:3851,172:4031,173:3881,174:3738,175:3864,176:3769,177:3887,178:4022,179:4039,180:3838,181:3818,182:3992,183:3931,184:3880,185:4104,186:4068,187:4087,188:4189,189:3982,190:4085,191:4052,192:4183,193:4249,194:4178,195:3967,196:4265,197:4200,198:4111,199:4253,200:4118,201:4279,202:4170,203:4094,204:4175,205:4189,206:4050,207:4060,208:4134,209:4360,210:4160,211:4343,212:4205,213:4405,214:4360,215:4474,216:4277,217:4160,218:4287,219:4338,220:4205,221:4139,222:4213,223:4144,224:4427,225:4287,226:4446,227:4286,228:4383,229:4441,230:4484,231:4116,232:4362,233:4247,234:4194,235:4364,236:4256,237:4451,238:4381,239:4083,240:4267,241:4113,242:4164,243:4182,244:4288,245:4386,246:4211,247:4154,248:4381,249:4285,250:4223,251:4250,252:4072,253:3988,254:4079,255:3962,256:4253,257:4269,258:4274,259:4202,260:3993,261:3978,262:4154,263:4033,264:4160,265:4157,266:4038,267:4017,268:4137,269:3839,270:3994,271:3990,272:3903,273:3878,274:4109,275:3906,276:4055,277:3993,278:3877,279:4014,280:3712,281:3941,282:4023,283:4067,284:4011,285:3827,286:3826,287:3948,288:3685,289:3638,290:3787,291:3813,292:3592,293:3944,294:3873,295:3870,296:3644,297:3954,298:3694,299:3840,300:3741,301:3706,302:3649,303:3686,304:3576,305:3717,306:3617,307:3741,308:3677,309:3830,310:3549,311:3846,312:3869,313:3688,314:3565,315:3509,316:3664,317:3608,318:3640,319:3876,320:3639,321:3815,322:3569,323:3791,324:3830,325:3729,326:3882,327:3923,328:3847,329:3546,330:3658,331:3810,332:3664,333:3590,334:3670,335:3804,336:3706,337:3804,338:3669,339:3736,340:3641,341:3632,342:3852,343:3762,344:3850,345:3943,346:3954,347:3670,348:3871,349:3694,350:3859,351:4068,352:3951,353:4060,354:4078,355:4147,356:3947,357:4039,358:3980,359:4147
0:3818,1:4084,2:4027,3:4182,4:4006,5:3872,6:4193,7:3975,8:4000,9:4069,10:4072,11:4050,12:4242,13:3943,14:4318,15:4238,16:4217,17:4062,18:3999,19:4287,20:4228,21:4299,22:4143,23:4364,24:4032,25:4419,26:4297,27:4174,28:4295,29:4059,30:4411,31:4073,32:4225,33:4399,34:4378,35:4376,36:4200,37:4113,38:4302,39:4446,40:4490,41:4359,42:4350,43:4127,44:4267,45:4207,46:4436,47:4450,48:4114,49:4191,50:4308,51:4322,52:4214,53:4142,54:4306,55:4091,56:4430,57:4379,58:4246,59:4204,60:4143,61:4253,62:4123,63:4413,64:4350,65:4353,66:4135,67:4051,68:4407,69:4184,70:4121,71:4204,72:4017,73:4135,74:4021,75:4329,76:4022,77:4302,78:4095,79:3976,80:3908,81:4270,82:3936,83:4061,84:4040,85:4026,86:4108,87:3846,88:4020,89:4026,90:4123,91:4107,92:4020,93:3938,94:4034,95:3920,96:3974,97:3870,98:3977,99:3817,100:3721,101:3725,102:3790,103:3679,104:3837,105:3825,106:3925,107:3860,108:3901,109:3823,110:3900,111:3616,112:3613,113:3803,114:3698,115:3643,116:3806,117:3758,118:3679,119:3781,120:3762,121:3798,122:3747,123:3623,124:3793,125:3712,126:3574,127:3652,128:3663,129:3903,130:3687,131:3793,132:3639,133:3748,134:3679,135:3627,136:3738,137:3856,138:3696,139:3614,140:3894,141:3514,142:3903,143:3842,144:3647,145:3614,146:3664,147:3715,148:3746,149:3753,150:3731,151:3717,152:3769,153:3776,154:3856,155:3663,156:3759,157:3746,158:3927,159:3831,160:3666,161:3764,162:3857,163:3728,164:3662,165:3813,166:3666,167:3692,168:3697,169:3708,170:4003,171:3934,172:3963,173:3845,174:3786,175:3802,176:4110,177:3888,178:4078,179:3869,180:4038,181:3925,182:4109,183:4110,184:3849,185:4110,186:3868,187:4190,188:4084,189:4097,190:4293,191:4146,192:4279,193:3958,194:4098,195:4041,196:4250,197:4350,198:4304,199:4177,200:4269,201:4005,202:4286,203:4072,204:4101,205:4293,206:4110,207:4107,208:4215,209:4416,210:4095,211:4206,212:4427,213:4457,214:4413,215:4089,216:4252,217:4383,218:4278,219:4463,220:4296,221:4121,222:4228,223:4423,224:4374,225:4158,226:4164,227:4464,228:4331,229:4418,230:4471,231:4290,232:4332,233:4148,234:4085,235:4450,236:4156,237:4254,238:4196,239:4143,240:4287,241:4293,242:4051,243:4256,244:4052,245:4048,246:4174,247:4054,248:4149,249:4360,250:4197,251:4218,252:4183,253:4114,254:4288,255:4240,256:3958,257:4087,258:3944,259:4254,260:4066,261:4053,262:4267,263:4031,264:3954,265:3888,266:4164,267:3872,268:3881,269:3860,270:3853,271:3858,272:4019,273:4019,274:4115,275:4031,276:3796,277:3784,278:4004,279:3958,280:3706,281:3705,282:3710,283:3674,284:3905,285:3827,286:3729,287:3822,288:3883,289:3628,290:3726,291:3774,292:3690,293:3975,294:3862,295:3772,296:3648,297:3802,298:3660,299:3677,300:3671,301:3541,302:3913,303:3892,304:3531,305:3871,306:3728,307:3902,308:3549,309:3532,310:3589,311:3734,312:3517,313:3560,314:3754,315:3602,316:3666,317:3864,318:3807,319:3705,320:3678,321:3648,322:3658,323:3775,324:3793,325:3572,326:3608,327:3676,328:3811,329:3891,330:3850,331:3613,332:3899,333:3732,334:3769,335:3645,336:3879,337:3946,338:3832,339:3945,340:3952,341:3690,342:3787,343:3867,344:3750,345:3989,346:3713,347:3914,348:4040,349:3754,350:4065,351:3902,352:3998,353:3885,354:4048,355:4046,356:4130,357:4003,358:4000,359:4004
0:4140,1:4165,2:4015,3:3880,4:4033,5:4051,6:4102,7:4208,8:4249,9:4273,10:4148,11:4109,12:4133,13:3936,14:4154,15:4073,16:4265,17:4227,18:4002,19:4345,20:4306,21:4314,22:4115,23:4260,24:4024,25:4269,26:4262,27:4246,28:4174,29:4096,30:4219,31:4177,32:4374,33:4081,34:4323,35:4359,36:4201,37:4467,38:4185,39:4230,40:4249,41:4131,42:4446,43:4261,44:4460,45:4133,46:4393,47:4314,48:4168,49:4216,50:4317,51:4486,52:4227,53:4108,54:4102,55:4154,56:4464,57:4433,58:4219,59:4176,60:4420,61:4319,62:4316,63:4412,64:4366,65:4223,66:4194,67:4127,68:4134,69:4185,70:4172,71:4381,72:4109,73:4136,74:4076,75:4068,76:4258,77:4209,78:4043,79:3985,80:4070,81:4148,82:4203,83:4019,84:3869,85:4210,86:4177,87:4147,88:3922,89:4144,90:4131,91:4152,92:4154,93:3991,94:4063,95:3885,96:4042,97:4068,98:3931,99:3987,100:3763,101:3847,102:3953,103:3977,104:3886,105:4007,106:3779,107:3889,108:3686,109:3805,110:3877,111:3628,112:3946,113:3813,114:3865,115:3587,116:3665,117:3736,118:3843,119:3593,120:3606,121:3717,122:3633,123:3740,124:3531,125:3666,126:3552,127:3764,128:3868,129:3734,130:3810,131:3851,132:3788,133:3764,134:3849,135:3597,136:3837,137:3882,138:3711,139:3871,140:3791,141:3656,142:3617,143:3625,144:3565,145:3767,146:3628,147:3565,148:3876,149:3565,150:3544,151:3780,152:3665,153:3698,154:3946,155:3675,156:3722,157:3922,158:3852,159:3844,160:3729,161:3789,162:3699,163:3671,164:3664,165:3760,166:3947,167:4024,168:3913,169:4038,170:3868,171:3953,172:3887,173:3921,174:4131,175:4129,176:3898,177:4092,178:3875,179:4047,180:3907,181:3894,182:3823,183:3918,184:3894,185:4064,186:3966,187:3892,188:4277,189:4101,190:4259,191:4123,192:3969,193:4286,194:4125,195:3961,196:4253,197:4117,198:4182,199:4352,200:4168,201:4351,202:4174,203:4071,204:4363,205:4277,206:4231,207:4223,208:4406,209:4295,210:4201,211:4170,212:4070,213:4182,214:4350,215:4475,216:4209,217:4477,218:4312,219:4421,220:4232,221:4417,222:4171,223:4159,224:4409,225:4160,226:4229,227:4392,228:4430,229:4199,230:4422,231:4294,232:4378,233:4129,234:4354,235:4091,236:4367,237:4230,238:4340,239:4208,240:4244,241:4366,242:4341,243:4313,244:4271,245:4401,246:4144,247:4324,248:4048,249:4328,250:4020,251:4082,252:4302,253:4245,254:4318,255:4267,256:4143,257:3961,258:4234,259:4027,260:4263,261:4177,262:4142,263:4055,264:4083,265:4072,266:4191,267:3935,268:4214,269:4194,270:4042,271:4184,272:3972,273:3913,274:3861,275:3963,276:4100,277:4033,278:4039,279:4075,280:3957,281:3818,282:3922,283:3940,284:3930,285:3786,286:3851,287:3947,288:3652,289:3900,290:3620,291:3860,292:3937,293:3911,294:3661,295:3693,296:3570,297:3889,298:3576,299:3915,300:3775,301:3555,302:3667,303:3691,304:3854,305:3573,306:3740,307:3809,308:3689,309:3871,310:3815,311:3813,312:3744,313:3869,314:3747,315:3656,316:3803,317:3826,318:3531,319:3574,320:3614,321:3524,322:3870,323:3746,324:3647,325:3840,326:3655,327:3763,328:3756,329:3701,330:3733,331:3750,332:3693,333:3652,334:3869,335:3660,336:3715,337:3737,338:3715,339:3890,340:3799,341:4004,342:3838,343:3680,344:3957,345:3745,346:3997,347:3818,348:3722,349:3912,350:3821,351:3859,352:3973,353:3934,354:3884,355:3797,356:3880,357:4134,358:4096,359:3825
0:4176,1:3899,2:4157,3:3908,4:3882,5:3869,6:3971,7:4203,8:4253,9:4213,10:3980,11:4106,12:4091,13:4011,14:4236,15:4154,16:3967,17:4301,18:4216,19:3990,20:4014,21:4395,22:4313,23:4202,24:4191,25:4287,26:4078,27:4408,28:4439,29:4382,30:4456,31:4177,32:4232,33:4419,34:4097,35:4158,36:4257,37:4218,38:4308,39:4392,40:4341,41:4309,42:4441,43:4120,44:4330,45:4264,46:4329,47:4152,48:4260,49:4409,50:4309,51:4253,52:4354,53:4103,54:4455,55:4173,56:4451,57:4426,58:4075,59:4184,60:4120,61:4107,62:4359,63:4285,64:4071,65:4376,66:4213,67:4230,68:4108,69:4262,70:4295,71:4329,72:4346,73:4165,74:4252,75:4277,76:4112,77:4068,78:3928,79:4018,80:4009,81:3987,82:3921,83:4208,84:4195,85:4229,86:4122,87:3835,88:4023,89:4099,90:4197,91:4147,92:3797,93:4025,94:3813,95:3970,96:4108,97:3780,98:3750,99:3728,100:3917,101:3727,102:3890,103:3874,104:3867,105:3759,106:3657,107:3697,108:3835,109:3650,110:3971,111:3998,112:3987,113:3684,114:3839,115:3603,116:3696,117:3862,118:3789,119:3646,120:3661,121:3800,122:3662,123:3701,124:3817,125:3613,126:3838,127:3875,128:3604,129:3535,130:3569,131:3708,132:3517,133:3730,134:3756,135:3683,136:3884,137:3713,138:3688,139:3790,140:3751,141:3605,142:3644,143:3608,144:3556,145:3675,146:3692,147:3609,148:3643,149:3598,150:3692,151:3919,152:3739,153:3787,154:3939,155:3700,156:3744,157:3865,158:3946,159:3945,160:3741,161:3732,162:3936,163:3876,164:3892,165:3910,166:3844,167:4028,168:3961,169:3932,170:3836,171:3924,172:4025,173:3806,174:3926,175:3869,176:3974,177:4129,178:3961,179:3936,180:4046,181:4039,182:4143,183:3999,184:4019,185:3896,186:4118,187:4078,188:4216,189:4003,190:4063,191:4100,192:4259,193:4147,194:4126,195:4026,196:4326,197:3976,198:4178,199:4070,200:4087,201:4309,202:4229,203:4018,204:4407,205:4115,206:4386,207:4109,208:4184,209:4164,210:4272,211:4403,212:4373,213:4219,214:4214,215:4382,216:4338,217:4325,218:4453,219:4244,220:4165,221:4133,222:4302,223:4444,224:4404,225:4195,226:4219,227:4243,228:4172,229:4227,230:4150,231:4312,232:4477,233:4436,234:4313,235:4467,236:4120,237:4197,238:4436,239:4336,240:4348,241:4428,242:4106,243:4171,244:4287,245:4057,246:4027,247:4048,248:4192,249:4137,250:4295,251:4286,252:4252,253:4023,254:4035,255:4228,256:4274,257:4034,258:4182,259:3983,260:4140,261:4147,262:4054,263:4006,264:4233,265:3864,266:4215,267:4002,268:3879,269:3898,270:3903,271:4143,272:3853,273:4119,274:3863,275:3757,276:3887,277:4126,278:3893,279:3997,280:4091,281:3701,282:3912,283:3866,284:3902,285:3775,286:3683,287:3887,288:3871,289:3930,290:3717,291:3808,292:3822,293:3970,294:3973,295:3580,296:3574,297:3850,298:3738,299:3929,300:3565,301:3632,302:3609,303:3860,304:3583,305:3747,306:3712,307:3848,308:3772,309:3794,310:3869,311:3642,312:3896,313:3758,314:3516,315:3567,316:3816,317:3701,318:3773,319:3550,320:3862,321:3608,322:3731,323:3670,324:3651,325:3724,326:3853,327:3540,328:3709,329:3561,330:3927,331:3665,332:3754,333:3635,334:3733,335:3697,336:3676,337:3892,338:3622,339:3704,340:3896,341:3640,342:3847,343:4023,344:3862,345:3661,346:4053,347:3908,348:3727,349:3708,350:3733,351:4033,352:3756,353:4066,354:4119,355:3761,356:3838,357:3920,358:3914,359:3924
0:3989,1:3858,2:4078,3:3835,4:3857,5:3961,6:4223,7:3907,8:4074,9:4261,10:3961,11:3998,12:3926,13:3959,14:4148,15:4244,16:4139,17:4244,18:4338,19:4006,20:4187,21:4108,22:4110,23:4130,24:4271,25:4294,26:4314,27:4434,28:4265,29:4240,30:4264,31:4453,32:4278,33:4278,34:4355,35:4354,36:4216,37:4205,38:4484,39:4104,40:4198,41:4129,42:4148,43:4202,44:4281,45:4261,46:4257,47:4205,48:4295,49:4490,50:4337,51:4339,52:4288,53:4371,54:4331,55:4156,56:4202,57:4348,58:4152,59:4283,60:4076,61:4388,62:4099,63:4287,64:4370,65:4405,66:4045,67:4027,68:4183,69:4295,70:4001,71:4298,72:4108,73:4234,74:4076,75:3977,76:3956,77:4180,78:4167,79:4185,80:4241,81:3997,82:4179,83:4140,84:3865,85:4175,86:4099,87:4116,88:4024,89:4050,90:4168,91:4002,92:3833,93:3910,94:3896,95:3766,96:3913,97:3935,98:3779,99:3812,100:3982,101:3761,102:3966,103:3850,104:3864,105:4002,106:3942,107:3822,108:3872,109:3753,110:3940,111:3824,112:3643,113:3859,114:3958,115:3656,116:3600,117:3857,118:3567,119:3854,120:3573,121:3791,122:3573,123:3771,124:3860,125:3787,126:3519,127:3806,128:3561,129:3788,130:3529,131:3656,132:3534,133:3812,134:3658,135:3701,136:3657,137:3848,138:3880,139:3805,140:3817,141:3599,142:3627,143:3669,144:3634,145:3856,146:3658,147:3889,148:3926,149:3761,150:3812,151:3779,152:3861,153:3631,154:3739,155:3809,156:3856,157:3586,158:3802,159:3602,160:3972,161:3853,162:3997,163:4015,164:3784,165:3942,166:3985,167:3689,168:3744,169:3920,170:3935,171:3843,172:4034,173:3838,174:4111,175:3942,176:3789,177:3832,178:3821,179:4156,180:3927,181:4043,182:3835,183:3959,184:3966,185:4205,186:4173,187:4091,188:3896,189:4125,190:4276,191:4168,192:3997,193:4254,194:4097,195:4226,196:4032,197:4353,198:4297,199:4371,200:4093,201:4217,202:4167,203:4148,204:4087,205:4082,206:4374,207:4113,208:4319,209:4443,210:4152,211:4266,212:4217,213:4104,214:4082,215:4195,216:4423,217:4421,218:4426,219:4264,220:4329,221:4337,222:4251,223:4386,224:4492,225:4118,226:4476,227:4375,228:4238,229:4296,230:4142,231:4214,232:4140,233:4458,234:4092,235:4254,236:4262,237:4147,238:4214,239:4248,240:4330,241:4452,242:4176,243:4100,244:4043,245:4137,246:4344,247:4187,248:4170,249:4385,250:4313,251:4213,252:4146,253:4182,254:4242,255:4046,256:4087,257:4029,258:4301,259:3938,260:3955,261:4211,262:3886,263:3905,264:3916,265:3887,266:4066,267:4062,268:4202,269:3928,270:3817,271:3933,272:4114,273:3944,274:3768,275:3899,276:4080,277:3860,278:4090,279:4035,280:3958,281:4019,282:4059,283:3864,284:3993,285:3946,286:3854,287:3701,288:3835,289:3983,290:3923,291:3922,292:3756,293:3767,294:3668,295:3627,296:3744,297:3591,298:3552,299:3804,300:3767,301:3614,302:3851,303:3766,304:3762,305:3790,306:3759,307:3623,308:3519,309:3753,310:3711,311:3759,312:3607,313:3866,314:3617,315:3566,316:3597,317:3862,318:3765,319:3722,320:3528,321:3864,322:3772,323:3787,324:3781,325:3845,326:3770,327:3698,328:3747,329:3598,330:3929,331:3838,332:3918,333:3924,334:3684,335:3698,336:3685,337:3851,338:3827,339:3824,340:3944,341:3870,342:4014,343:3827,344:3780,345:3832,346:3986,347:3903,348:4044,349:3768,350:3902,351:3708,352:3717,353:3893,354:3784,355:3858,356:4003,357:4055,358:3787,359:3885
0:3893,1:4020,2:4193,3:4131,4:3947,5:4065,6:4138,7:4136,8:4200,9:4243,10:4136,11:4193,12:4252,13:4021,14:4095,15:4089,16:3959,17:4128,18:4341,19:4036,20:4178,21:4191,22:4049,23:4253,24:4095,25:4152,26:4262,27:4113,28:4421,29:4094,30:4402,31:4339,32:4277,33:4223,34:4206,35:4403,36:4391,37:4450,38:4450,39:4173,40:4383,41:4182,42:4164,43:4256,44:4104,45:4310,46:4289,47:4187,48:4321,49:4455,50:4247,51:4114,52:4203,53:4343,54:4437,55:4421,56:4238,57:4136,58:4227,59:4332,60:4209,61:4219,62:4069,63:4273,64:4083,65:4145,66:4259,67:4249,68:4327,69:4371,70:4102,71:3988,72:4166,73:4018,74:4130,75:4102,76:4240,77:4073,78:4176,79:4069,80:3954,81:4292,82:4243,83:4217,84:3890,85:3874,86:4109,87:4147,88:4219,89:4157,90:4068,91:3966,92:3915,93:4067,94:4037,95:3898,96:4133,97:4114,98:3745,99:3776,100:3889,101:3796,102:3730,103:3998,104:3717,105:3862,106:3819,107:3772,108:3832,109:3993,110:3722,111:3644,112:3669,113:3731,114:3914,115:3581,116:3592,117:3746,118:3916,119:3879,120:3691,121:3665,122:3624,123:3612,124:3713,125:3661,126:3832,127:3652,128:3892,129:3683,130:3672,131:3893,132:3639,133:3632,134:3561,135:3644,136:3798,137:3790,138:3509,139:3541,140:3845,141:3780,142:3748,143:3852,144:3857,145:3650,146:3682,147:3674,148:3550,149:3928,150:3622,151:3554,152:3584,153:3836,154:3582,155:3865,156:3729,157:3774,158:3851,159:3853,160:3629,161:3664,162:3959,163:3696,164:3936,165:3906,166:3818,167:4004,168:4008,169:3782,170:3856,171:3793,172:3813,173:3953,174:4011,175:4027,176:4056,177:4106,178:3893,179:3956,180:4162,181:3893,182:4160,183:3837,184:4236,185:4181,186:4192,187:3975,188:4022,189:4152,190:4008,191:4014,192:3940,193:4009,194:4051,195:4335,196:4058,197:4290,198:4034,199:4094,200:4198,201:4006,202:4313,203:4081,204:4219,205:4353,206:4132,207:4369,208:4349,209:4337,210:4326,211:4289,212:4406,213:4435,214:4142,215:4114,216:4355,217:4164,218:4300,219:4280,220:4184,221:4350,222:4147,223:4121,224:4334,225:4303,226:4447,227:4383,228:4371,229:4255,230:4305,231:4297,232:4098,233:4344,234:4143,235:4256,236:4366,237:4122,238:4260,239:4272,240:4450,241:4148,242:4272,243:4249,244:4136,245:4125,246:4297,247:4126,248:4158,249:4321,250:4143,251:4245,252:4062,253:4094,254:4088,255:4085,256:4339,257:4266,258:4106,259:4123,260:4148,261:4077,262:4075,263:4270,264:3941,265:4001,266:4062,267:3838,268:4195,269:4145,270:3952,271:4185,272:3884,273:3899,274:3894,275:3889,276:3979,277:4004,278:3790,279:4031,280:3957,281:3750,282:3960,283:3769,284:3711,285:3679,286:3899,287:3891,288:3682,289:3770,290:3787,291:3865,292:3988,293:3803,294:3658,295:3870,296:3734,297:3651,298:3697,299:3667,300:3566,301:3865,302:3550,303:3911,304:3821,305:3698,306:3587,307:3756,308:3767,309:3635,310:3517,311:3551,312:3658,313:3607,314:3586,315:3513,316:3676,317:3622,318:3831,319:3846,320:3530,321:3786,322:3658,323:3546,324:3530,325:3558,326:3627,327:3528,328:3825,329:3559,330:3816,331:3565,332:3651,333:3738,334:3585,335:3912,336:3692,337:3749,338:3635,339:3956,340:3661,341:3850,342:3869,343:3937,344:3990,345:3695,346:4053,347:3739,348:3987,349:3945,350:3798,351:3748,352:3769,353:3858,354:3967,355:4040,356:3796,357:4119,358:4175,359:4178
0:4156,1:4167,2:4049,3:4096,4:4195,5:3973,6:4191,7:4270,8:4211,9:4268,10:4147,11:4254,12:4254,13:4094,14:4186,15:4272,16:4216,17:4347,18:4082,19:4082,20:4390,21:4289,22:4087,23:4342,24:4361,25:4421,26:4393,27:4329,28:4228,29:4316,30:4108,31:4125,32:4316,33:4382,34:4139,35:4369,36:4215,37:4102,38:4312,39:4483,40:4427,41:4309,42:4399,43:4391,44:4222,45:4412,46:4259,47:4386,48:4385,49:4150,50:4115,51:4389,52:4324,53:4421,54:4150,55:4440,56:4290,57:4359,58:4107,59:4390,60:4183,61:4054,62:4102,63:4150,64:4290,65:4101,66:4317,67:4139,68:4202,69:4099,70:4173,71:4274,72:4086,73:4038,74:4019,75:4139,76:4143,77:4242,78:4012,79:4153,80:3948,81:4119,82:3939,83:4048,84:4004,85:3910,86:4223,87:3853,88:3842,89:4001,90:4088,91:3812,92:4040,93:3896,94:4078,95:4125,96:3870,97:4114,98:3887,99:3905,100:4056,101:3965,102:3706,103:3692,104:3726,105:3792,106:3779,107:3908,108:3780,109:4009,110:3642,111:3771,112:3961,113:3685,114:3650,115:3849,116:3834,117:3945,118:3695,119:3588,120:3580,121:3576,122:3922,123:3575,124:3803,125:3718,126:3808,127:3617,128:3906,129:3680,130:3900,131:3550,132:3885,133:3526,134:3644,135:3780,136:3846,137:3577,138:3655,139:3877,140:3761,141:3891,142:3767,143:3813,144:3836,145:3775,146:3562,147:3737,148:3719,149:3563,150:3891,151:3761,152:3729,153:3615,154:3803,155:3760,156:3774,157:3603,158:3935,159:3800,160:3998,161:3801,162:3923,163:3742,164:3709,165:3977,166:3997,167:3770,168:3946,169:3939,170:4023,171:3909,172:4030,173:3917,174:4044,175:4100,176:3893,177:3830,178:3875,179:3811,180:4149,181:3931,182:4048,183:4035,184:3986,185:3968,186:3916,187:4049,188:4142,189:3920,190:3963,191:3981,192:4289,193:3969,194:4051,195:4183,196:4355,197:4158,198:3979,199:4149,200:4085,201:4221,202:4076,203:4219,204:4099,205:4315,206:4255,207:4071,208:4336,209:4261,210:4277,211:4315,212:4120,213:4251,214:4222,215:4478,216:4165,217:4325,218:4296,219:4481,220:4205,221:4296,222:4321,223:4309,224:4187,225:4496,226:4452,227:4231,228:4489,229:4484,230:4159,231:4131,232:4296,233:4182,234:4147,235:4475,236:4218,237:4283,238:4341,239:4366,240:4443,241:4139,242:4297,243:4239,244:4294,245:4165,246:4345,247:4125,248:4295,249:4179,250:4247,251:4256,252:4192,253:4059,254:4314,255:4048,256:4180,257:4289,258:3987,259:4057,260:3970,261:4115,262:4155,263:4042,264:4039,265:4116,266:3861,267:4077,268:4048,269:3830,270:3894,271:3818,272:4017,273:3859,274:4121,275:3757,276:4135,277:3963,278:3956,279:4099,280:3988,281:3690,282:4048,283:3919,284:3830,285:3930,286:4021,287:3799,288:3975,289:3874,290:3686,291:3916,292:3949,293:3974,294:3654,295:3774,296:3718,297:3644,298:3771,299:3737,300:3611,301:3618,302:3906,303:3565,304:3558,305:3519,306:3663,307:3642,308:3848,309:3578,310:3625,311:3697,312:3529,313:3723,314:3825,315:3529,316:3842,317:3895,318:3687,319:3734,320:3735,321:3657,322:3664,323:3906,324:3673,325:3718,326:3526,327:3904,328:3676,329:3667,330:3795,331:3599,332:3713,333:3564,334:3826,335:3953,336:3586,337:3734,338:3974,339:3989,340:3703,341:3654,342:3911,343:3788,344:3924,345:3760,346:3764,347:3990,348:3845,349:4047,350:3826,351:3917,352:4030,353:3778,354:3814,355:4027,356:3883,357:3868,358:4097,359:3800
0:4109,1:4152,2:3863,3:4157,4:4084,5:4107,6:3886,7:4119,8:4091,9:4051,10:4038,11:4143,12:3942,13:4210,14:4097,15:3966,16:4333,17:4103,18:4023,19:4355,20:4108,21:4190,22:4352,23:4273,24:4275,25:4180,26:4063,27:4131,28:4365,29:4207,30:4075,31:4143,32:4363,33:4466,34:4329,35:4241,36:4262,37:4325,38:4371,39:4466,40:4449,41:4251,42:4417,43:4499,44:4179,45:4352,46:4268,47:4404,48:4309,49:4470,50:4270,51:4176,52:4243,53:4413,54:4237,55:4207,56:4126,57:4297,58:4469,59:4066,60:4406,61:4096,62:4350,63:4086,64:4421,65:4080,66:4398,67:4309,68:4114,69:4354,70:4016,71:4216,72:4064,73:4356,74:4126,75:4012,76:4232,77:4120,78:3930,79:4085,80:4225,81:4205,82:4165,83:4021,84:4144,85:4206,86:4094,87:3956,88:4202,89:3873,90:3970,91:3975,92:4137,93:4161,94:4116,95:3938,96:3851,97:3797,98:4111,99:4047,100:3733,101:3715,102:3754,103:3726,104:3830,105:3950,106:3670,107:3997,108:3941,109:3939,110:3966,111:3800,112:3945,113:3679,114:3635,115:3817,116:3578,117:3873,118:3585,119:3559,120:3832,121:3650,122:3533,123:3849,124:3797,125:3585,126:3520,127:3623,128:3639,129:3650,130:3644,131:3761,132:3752,133:3703,134:3825,135:3601,136:3832,137:3712,138:3777,139:3548,140:3829,141:3888,142:3598,143:3678,144:3649,145:3580,146:3707,147:3655,148:3755,149:3687,150:3598,151:3907,152:3649,153:3823,154:3768,155:3831,156:3773,157:3850,158:3630,159:3875,160:3910,161:3794,162:4012,163:3997,164:3850,165:3751,166:3996,167:3760,168:3680,169:3854,170:3912,171:3874,172:3810,173:4032,174:3836,175:3901,176:4036,177:4112,178:4139,179:4144,180:4135,181:3831,182:4134,183:4068,184:3857,185:3969,186:3925,187:4029,188:4126,189:4069,190:4019,191:4289,192:4082,193:3977,194:4204,195:3958,196:3963,197:4251,198:4004,199:4349,200:4086,201:4186,202:4184,203:4066,204:4160,205:4099,206:4117,207:4292,208:4368,209:4454,210:4103,211:4127,212:4410,213:4300,214:4335,215:4250,216:4264,217:4368,218:4238,219:4356,220:4358,221:4113,222:4216,223:4338,224:4439,225:4369,226:4282,227:4099,228:4316,229:4453,230:4442,231:4148,232:4280,233:4298,234:4201,235:4131,236:4335,237:4327,238:4453,239:4220,240:4328,241:4366,242:4175,243:4441,244:4042,245:4312,246:4051,247:4198,248:4188,249:4091,250:4357,251:4335,252:4087,253:4052,254:4223,255:4212,256:3964,257:4149,258:3932,259:4141,260:3995,261:4281,262:4169,263:4042,264:3935,265:4156,266:3998,267:4046,268:4042,269:3959,270:3818,271:4087,272:4067,273:4128,274:3983,275:4069,276:3965,277:3915,278:3786,279:4078,280:4075,281:3711,282:3886,283:3785,284:3708,285:3840,286:3774,287:3859,288:3778,289:3619,290:3836,291:3678,292:3982,293:3747,294:3681,295:3927,296:3636,297:3750,298:3748,299:3797,300:3614,301:3595,302:3851,303:3551,304:3551,305:3840,306:3897,307:3626,308:3832,309:3578,310:3779,311:3834,312:3552,313:3562,314:3671,315:3814,316:3600,317:3630,318:3529,319:3878,320:3713,321:3515,322:3698,323:3757,324:3712,325:3550,326:3899,327:3849,328:3577,329:3924,330:3545,331:3593,332:3596,333:3956,334:3715,335:3698,336:3640,337:3785,338:3616,339:3847,340:3679,341:3961,342:3661,343:3956,344:3960,345:3866,346:3886,347:3937,348:3713,349:4078,350:3730,351:3724,352:3720,353:3785,354:4016,355:3962,356:3789,357:4146,358:3991,359:3985
0:4026,1:3823,2:3996,3:3916,4:4101,5:4171,6:3894,7:3957,8:4059,9:4066,10:3932,11:4183,12:4009,13:4097,14:4055,15:4242,16:4261,17:4065,18:4158,19:4199,20:4286,21:4214,22:4062,23:4127,24:4118,25:4388,26:4122,27:4248,28:4228,29:4350,30:4224,31:4249,32:4292,33:4222,34:4141,35:4290,36:4174,37:4472,38:4160,39:4420,40:4227,41:4317,42:4112,43:4182,44:4207,45:4306,46:4167,47:4420,48:4468,49:4152,50:4095,51:4331,52:4397,53:4304,54:4280,55:4280,56:4239,57:4316,58:4243,59:4248,60:4311,61:4308,62:4201,63:4375,64:4148,65:4071,66:4091,67:4187,68:4073,69:4385,70:4059,71:4246,72:4299,73:4205,74:4229,75:4229,76:4234,77:4226,78:4213,79:4264,80:4153,81:4046,82:4158,83:3892,84:4219,85:4175,86:3980,87:3907,88:3857,89:3922,90:3915,91:3810,92:3994,93:3851,94:3797,95:3815,96:3994,97:3845,98:3974,99:3836,100:3923,101:3770,102:4005,103:3679,104:3990,105:3954,106:3906,107:4028,108:3794,109:4002,110:3830,111:3680,112:3671,113:3889,114:3931,115:3880,116:3733,117:3660,118:3918,119:3761,120:3579,121:3827,122:3866,123:3699,124:3845,125:3824,126:3634,127:3639,128:3719,129:3765,130:3599,131:3525,132:3881,133:3850,134:3618,135:3741,136:3826,137:3514,138:3804,139:3677,140:3626,141:3771,142:3725,143:3704,144:3791,145:3611,146:3688,147:3815,148:3622,149:3632,150:3725,151:3623,152:3671,153:3577,154:3884,155:3643,156:3774,157:3657,158:3698,159:3657,160:3879,161:3961,162:3825,163:3897,164:3959,165:3687,166:3962,167:3819,168:3828,169:3792,170:4015,171:4106,172:4059,173:3992,174:3824,175:3983,176:3931,177:3848,178:3874,179:3813,180:4051,181:4057,182:4033,183:3894,184:4135,185:4194,186:3953,187:4079,188:4122,189:4032,190:4242,191:4065,192:3981,193:4164,194:4154,195:4040,196:4299,197:4028,198:4077,199:4035,200:4162,201:4191,202:4145,203:4209,204:4420,205:4051,206:4160,207:4188,208:4440,209:4293,210:4441,211:4218,212:4195,213:4142,214:4201,215:4158,216:4224,217:4484,218:4129,219:4290,220:4128,221:4108,222:4205,223:4220,224:4110,225:4338,226:4167,227:4190,228:4327,229:4366,230:4196,231:4349,232:4224,233:4333,234:4356,235:4117,236:4111,237:4141,238:4277,239:4259,240:4089,241:4190,242:4077,243:4151,244:4208,245:4243,246:4096,247:4019,248:4127,249:4172,250:4200,251:4072,252:4370,253:4040,254:3988,255:3961,256:4269,257:4244,258:3930,259:4268,260:3917,261:4030,262:3899,263:4089,264:4092,265:4133,266:4085,267:3903,268:4134,269:3881,270:4050,271:4072,272:4120,273:3794,274:4025,275:4071,276:3863,277:3785,278:3909,279:3989,280:4003,281:3772,282:3891,283:4018,284:3748,285:3975,286:3900,287:3668,288:3907,289:3741,290:3898,291:3919,292:3813,293:3979,294:3894,295:3632,296:3740,297:3773,298:3821,299:3628,300:3910,301:3538,302:3781,303:3639,304:3921,305:3658,306:3731,307:3867,308:3753,309:3812,310:3751,311:3637,312:3700,313:3828,314:3749,315:3541,316:3822,317:3675,318:3572,319:3702,320:3870,321:3690,322:3728,323:3522,324:3741,325:3562,326:3849,327:3787,328:3574,329:3551,330:3898,331:3926,332:3792,333:3713,334:3911,335:3579,336:3929,337:3916,338:3967,339:3785,340:3861,341:3724,342:3716,343:3764,344:3751,345:3686,346:3782,347:3974,348:3909,349:4064,350:4089,351:3937,352:3797,353:3813,354:4033,355:4039,356:3873,357:3796,358:3864,359:4090
0:3949,1:3843,2:3949,3:4147,4:4025,5:4023,6:3949,7:3940,8:3921,9:4250,10:4186,11:4047,12:4272,13:4033,14:4143,15:4295,16:4035,17:4080,18:4157,19:4175,20:4038,21:4073,22:4191,23:4128,24:4134,25:4403,26:4189,27:4230,28:4229,29:4295,30:4288,31:4392,32:4462,33:4113,34:4273,35:4275,36:4193,37:4237,38:4408,39:4121,40:4312,41:4480,42:4291,43:4362,44:4295,45:4355,46:4203,47:4426,48:4420,49:4150,50:4164,51:4108,52:4274,53:4422,54:4217,55:4342,56:4327,57:4343,58:4243,59:4426,60:4100,61:4302,62:4337,63:4144,64:4405,65:4100,66:4307,67:4396,68:4168,69:4196,70:4068,71:4034,72:4191,73:4203,74:4104,75:4073,76:3996,77:4130,78:4095,79:3919,80:4273,81:3912,82:4014,83:4125,84:4176,85:4197,86:4181,87:4226,88:4011,89:4151,90:4124,91:3791,92:3958,93:3879,94:4067,95:3826,96:3843,97:3838,98:4048,99:3765,100:3741,101:3687,102:3785,103:3777,104:3962,105:3669,106:4031,107:3737,108:3808,109:3644,110:3798,111:3827,112:3874,113:3951,114:3832,115:3895,116:3771,117:3806,118:3759,119:3617,120:3926,121:3627,122:3608,123:3782,124:3843,125:3697,126:3802,127:3710,128:3563,129:3820,130:3728,131:3784,132:3802,133:3755,134:3814,135:3834,136:3624,137:3708,138:3868,139:3857,140:3701,141:3512,142:3814,143:3804,144:3776,145:3624,146:3654,147:3739,148:3671,149:3930,150:3893,151:3915,152:3945,153:3737,154:3745,155:3767,156:3945,157:3597,158:3670,159:3980,160:3849,161:3869,162:3626,163:3748,164:4026,165:3804,166:4031,167:3974,168:3863,169:3902,170:3817,171:4051,172:3929,173:4098,174:3739,175:3975,176:3951,177:3926,178:3843,179:4175,180:4023,181:3946,182:3867,183:4073,184:4048,185:4215,186:4141,187:4048,188:4235,189:3975,190:4141,191:4021,192:4156,193:4060,194:3979,195:4057,196:4335,197:4056,198:4004,199:4299,200:4182,201:4301,202:4348,203:4188,204:4261,205:4190,206:4249,207:4043,208:4257,209:4295,210:4078,211:4389,212:4281,213:4235,214:4192,215:4354,216:4462,217:4275,218:4206,219:4396,220:4136,221:4358,222:4476,223:4219,224:4272,225:4128,226:4367,227:4307,228:4152,229:4326,230:4416,231:4386,232:4222,233:4338,234:4262,235:4363,236:4292,237:4454,238:4352,239:4107,240:4184,241:4431,242:4426,243:4288,244:4217,245:4247,246:4249,247:4286,248:4261,249:4139,250:4130,251:4275,252:4219,253:4365,254:4118,255:4162,256:4104,257:3969,258:4018,259:4172,260:4204,261:4075,262:3901,263:4258,264:4168,265:4046,266:4042,267:4166,268:3988,269:3849,270:3801,271:3824,272:3946,273:3799,274:3918,275:3875,276:3917,277:3732,278:3825,279:3938,280:3930,281:3908,282:4043,283:3920,284:3936,285:3815,286:3701,287:4000,288:3967,289:3774,290:3992,291:3977,292:3725,293:3811,294:3739,295:3963,296:3717,297:3834,298:3786,299:3772,300:3713,301:3870,302:3804,303:3907,304:3699,305:3745,306:3776,307:3637,308:3587,309:3860,310:3688,311:3823,312:3836,313:3738,314:3679,315:3610,316:3869,317:3629,318:3651,319:3774,320:3715,321:3635,322:3743,323:3734,324:3654,325:3691,326:3901,327:3847,328:3853,329:3726,330:3591,331:3708,332:3915,333:3880,334:3738,335:3771,336:3603,337:3631,338:3847,339:3739,340:3730,341:3894,342:3940,343:3838,344:3990,345:3844,346:3947,347:3716,348:4074,349:3902,350:3752,351:4031,352:3786,353:4079,354:3962,355:3888,356:4118,357:4059,358:4069,359:3919
0:3892,1:4095,2:3981,3:4222,4:4227,5:3917,6:3944,7:4237,8:4196,9:3971,10:4284,11:4179,12:4321,13:4035,14:4206,15:4273,16:4097,17:4173,18:4084,19:3999,20:4154,21:4056,22:4044,23:4284,24:4220,25:4189,26:4148,27:4296,28:4101,29:4306,30:4353,31:4209,32:4448,33:4414,34:4336,35:4452,36:4263,37:4214,38:4488,39:4385,40:4470,41:4307,42:4448,43:4269,44:4234,45:4304,46:4329,47:4169,48:4448,49:4265,50:4187,51:4396,52:4195,53:4460,54:4110,55:4215,56:4156,57:4129,58:4118,59:4215,60:4355,61:4284,62:4205,63:4314,64:4048,65:4053,66:4176,67:4372,68:4320,69:4091,70:4120,71:3997,72:4134,73:3980,74:4164,75:4173,76:4303,77:4237,78:4214,79:3974,80:4240,81:4024,82:4115,83:4131,84:4205,85:4168,86:4160,87:4142,88:4004,89:3958,90:3838,91:4086,92:4145,93:4127,94:4031,95:4120,96:3999,97:3882,98:3730,99:3734,100:4079,101:3818,102:4052,103:3718,104:3781,105:3735,106:3769,107:3998,108:3712,109:3812,110:3750,111:3660,112:3680,113:3600,114:3811,115:3586,116:3642,117:3905,118:3817,119:3624,120:3829,121:3921,122:3863,123:3643,124:3910,125:3766,126:3555,127:3622,128:3853,129:3634,130:3901,131:3888,132:3780,133:3863,134:3647,135:3733,136:3782,137:3815,138:3623,139:3756,140:3687,141:3589,142:3582,143:3571,144:3578,145:3533,146:3797,147:3775,148:3670,149:3897,150:3638,151:3666,152:3691,153:3877,154:3572,155:3948,156:3771,157:3879,158:3983,159:3760,160:3955,161:3919,162:3777,163:3952,164:3948,165:4028,166:3828,167:3746,168:3834,169:3688,170:3989,171:4000,172:3969,173:4096,174:3839,175:3991,176:3987,177:4126,178:3843,179:3833,180:3978,181:3830,182:4201,183:4062,184:3968,185:3913,186:4240,187:4232,188:4232,189:4223,190:4041,191:4136,192:4241,193:4090,194:3950,195:4216,196:4061,197:4092,198:4128,199:4379,200:4310,201:4086,202:4227,203:4348,204:4223,205:4188,206:4227,207:4050,208:4411,209:4278,210:4304,211:4159,212:4178,213:4380,214:4244,215:4460,216:4237,217:4403,218:4143,219:4348,220:4262,221:4315,222:4478,223:4393,224:4293,225:4266,226:4365,227:4454,228:4457,229:4451,230:4385,231:4210,232:4225,233:4404,234:4480,235:4299,236:4153,237:4268,238:4110,239:4449,240:4213,241:4353,242:4367,243:4317,244:4062,245:4239,246:4067,247:4380,248:4213,249:4138,250:4002,251:4069,252:4082,253:4192,254:4143,255:4117,256:4294,257:4317,258:4156,259:4045,260:4243,261:4177,262:4237,263:4055,264:3976,265:4196,266:4202,267:4224,268:3867,269:3861,270:3870,271:4072,272:4111,273:3981,274:4041,275:3979,276:3846,277:3751,278:3842,279:4078,280:4084,281:4072,282:3823,283:3791,284:3853,285:3684,286:4006,287:3810,288:3997,289:3943,290:3977,291:3745,292:3898,293:3946,294:3798,295:3811,296:3775,297:3572,298:3856,299:3847,300:3831,301:3758,302:3844,303:3725,304:3841,305:3655,306:3797,307:3547,308:3585,309:3887,310:3824,311:3895,312:3503,313:3567,314:3839,315:3830,316:3803,317:3836,318:3661,319:3671,320:3513,321:3555,322:3715,323:3555,324:3710,325:3666,326:3721,327:3641,328:3822,329:3895,330:3601,331:3777,332:3783,333:3588,334:3943,335:3940,336:3733,337:3974,338:3871,339:3683,340:3711,341:3738,342:3952,343:3762,344:3860,345:3665,346:3959,347:3908,348:3957,349:4087,350:3839,351:3878,352:3887,353:4036,354:3793,355:4088,356:3917,357:3819,358:4175,359:3918
0:4152,1:3888,2:3899,3:3870,4:4047,5:3944,6:3908,7:4235,8:4073,9:4223,10:4112,11:3977,12:4164,13:4178,14:4170,15:3963,16:4015,17:4293,18:4179,19:4222,20:4290,21:4293,22:4255,23:4294,24:4272,25:4270,26:4357,27:4335,28:4297,29:4158,30:4426,31:4110,32:4258,33:4093,34:4466,35:4089,36:4357,37:4464,38:4097,39:4449,40:4486,41:4112,42:4263,43:4373,44:4414,45:4168,46:4125,47:4099,48:4494,49:4368,50:4444,51:4114,52:4170,53:4335,54:4205,55:4108,56:4342,57:4209,58:4331,59:4133,60:4347,61:4234,62:4133,63:4239,64:4429,65:4200,66:4366,67:4129,68:4267,69:4048,70:4198,71:4152,72:4284,73:4328,74:4157,75:3964,76:4207,77:4148,78:4203,79:4246,80:4144,81:4139,82:3932,83:3897,84:4160,85:4180,86:4106,87:3869,88:3974,89:4107,90:4174,91:4074,92:4060,93:4045,94:3892,95:3905,96:3932,97:3967,98:3932,99:4064,100:3853,101:4070,102:3767,103:4037,104:3805,105:3921,106:3902,107:3656,108:3939,109:3985,110:3895,111:3996,112:3662,113:3703,114:3740,115:3911,116:3879,117:3616,118:3882,119:3607,120:3678,121:3567,122:3712,123:3686,124:3901,125:3914,126:3580,127:3538,128:3542,129:3824,130:3749,131:3652,132:3835,133:3732,134:3634,135:3595,136:3751,137:3770,138:3533,139:3721,140:3603,141:3749,142:3707,143:3631,144:3665,145:3816,146:3593,147:3530,148:3709,149:3577,150:3811,151:3713,152:3856,153:3823,154:3855,155:3876,156:3686,157:3721,158:3703,159:3682,160:3666,161:3710,162:3680,163:3838,164:3880,165:3863,166:3851,167:3757,168:3852,169:4023,170:3700,171:3963,172:3737,173:4068,174:3832,175:3803,176:3768,177:3966,178:3931,179:4141,180:4147,181:3889,182:3944,183:3833,184:3967,185:4062,186:3964,187:3911,188:4020,189:4176,190:3919,191:3935,192:4320,193:4000,194:4290,195:4349,196:4067,197:3978,198:4265,199:4303,200:4153,201:4054,202:4053,203:4126,204:4141,205:4423,206:4333,207:4255,208:4204,209:4316,210:4083,211:4210,212:4137,213:4256,214:4298,215:4125,216:4379,217:4248,218:4307,219:4367,220:4230,221:4187,222:4120,223:4411,224:4282,225:4388,226:4493,227:4420,228:4277,229:4174,230:4150,231:4489,232:4249,233:4216,234:4085,235:4265,236:4090,237:4105,238:4269,239:4326,240:4451,241:4075,242:4069,243:4388,244:4194,245:4182,246:4038,247:4301,248:4040,249:4120,250:4313,251:4079,252:4152,253:4293,254:4185,255:4208,256:4128,257:4295,258:4237,259:4172,260:4250,261:4065,262:4053,263:4252,264:3871,265:4059,266:4189,267:4204,268:3959,269:4111,270:3993,271:3931,272:4077,273:3791,274:4030,275:4118,276:3905,277:3910,278:4037,279:3921,280:4093,281:3827,282:3968,283:3856,284:3710,285:3688,286:3819,287:3841,288:3962,289:3924,290:3910,291:3743,292:3775,293:3660,294:3834,295:3599,296:3587,297:3677,298:3727,299:3910,300:3609,301:3586,302:3777,303:3820,304:3902,305:3616,306:3735,307:3721,308:3837,309:3566,310:3653,311:3579,312:3774,313:3589,314:3751,315:3807,316:3512,317:3503,318:3736,319:3658,320:3834,321:3866,322:3545,323:3757,324:3519,325:3660,326:3541,327:3631,328:3630,329:3703,330:3729,331:3697,332:3553,333:3793,334:3923,335:3624,336:3717,337:3590,338:3990,339:3781,340:3816,341:3998,342:3812,343:4002,344:3997,345:3963,346:3775,347:3967,348:4065,349:4059,350:3718,351:3905,352:3965,353:4058,354:3792,355:4035,356:4128,357:3934,358:3921,359:3973
0:3952,1:3936,2:3877,3:3974,4:4019,5:4178,6:4088,7:4018,8:4222,9:4080,10:4186,11:4084,12:4066,13:4116,14:4027,15:4137,16:4034,17:4362,18:4357,19:4324,20:4386,21:4094,22:4383,23:4152,24:4135,25:4333,26:4379,27:4087,28:4316,29:4093,30:4096,31:4317,32:4134,33:4395,34:4102,35:4395,36:4408,37:4377,38:4372,39:4218,40:4121,41:4210,42:4240,43:4380,44:4253,45:4129,46:4324,47:4488,48:4497,49:4494,50:4123,51:4228,52:4279,53:4281,54:4198,55:4131,56:4249,57:4158,58:4319,59:4308,60:4369,61:4189,62:4359,63:4162,64:4111,65:4399,66:4267,67:4357,68:4295,69:4033,70:4330,71:3993,72:4279,73:4125,74:4320,75:4015,76:3979,77:4122,78:4292,79:4207,80:4077,81:4232,82:4074,83:3949,84:3964,85:3907,86:3866,87:4003,88:4001,89:4209,90:4080,91:3851,92:3860,93:3967,94:3949,95:3933,96:3902,97:3965,98:3965,99:4053,100:3915,101:3786,102:3981,103:3998,104:3864,105:3681,106:3753,107:3915,108:3820,109:3885,110:3991,111:3837,112:3725,113:3754,114:3696,115:3882,116:3781,117:3647,118:3620,119:3873,120:3584,121:3542,122:3622,123:3623,124:3622,125:3856,126:3815,127:3868,128:3593,129:3585,130:3863,131:3871,132:3525,133:3665,134:3634,135:3641,136:3815,137:3585,138:3896,139:3624,140:3885,141:3780,142:3741,143:3872,144:3664,145:3874,146:3701,147:3809,148:3705,149:3702,150:3786,151:3618,152:3595,153:3692,154:3620,155:3929,156:3912,157:3780,158:3695,159:3863,160:3807,161:3773,162:3745,163:3694,164:3749,165:3834,166:3815,167:4003,168:3959,169:3830,170:3863,171:3808,172:3826,173:3849,174:3925,175:4099,176:4113,177:4112,178:4127,179:3883,180:4060,181:4125,182:3843,183:4142,184:4240,185:4105,186:4193,187:4040,188:4202,189:4238,190:4251,191:4234,192:4197,193:4240,194:4290,195:4230,196:4276,197:4100,198:4028,199:4000,200:4216,201:4384,202:4084,203:4355,204:4205,205:4278,206:4268,207:4322,208:4314,209:4149,210:4408,211:4452,212:4422,213:4301,214:4207,215:4330,216:4185,217:4191,218:4294,219:4249,220:4366,221:4489,222:4196,223:4293,224:4238,225:4181,226:4333,227:4387,228:4441,229:4381,230:4287,231:4467,232:4333,233:4175,234:4454,235:4278,236:4433,237:4150,238:4149,239:4278,240:4069,241:4371,242:4099,243:4400,244:4250,245:4305,246:4038,247:4282,248:4054,249:4025,250:4212,251:4212,252:4161,253:4252,254:4295,255:3967,256:3993,257:4035,258:4009,259:3993,260:4138,261:3979,262:4166,263:4064,264:4065,265:4160,266:3933,267:3909,268:4071,269:3830,270:3870,271:4165,272:4057,273:3977,274:4060,275:4047,276:3857,277:3921,278:3935,279:3954,280:4052,281:3886,282:3739,283:3737,284:3847,285:3733,286:3641,287:3735,288:3899,289:3653,290:3747,291:3822,292:3846,293:3661,294:3750,295:3835,296:3647,297:3588,298:3742,299:3622,300:3737,301:3651,302:3619,303:3573,304:3765,305:3603,306:3567,307:3885,308:3525,309:3594,310:3550,311:3653,312:3630,313:3695,314:3886,315:3676,316:3728,317:3819,318:3740,319:3849,320:3532,321:3651,322:3572,323:3531,324:3731,325:3743,326:3877,327:3815,328:3732,329:3634,330:3559,331:3899,332:3905,333:3937,334:3670,335:3626,336:3810,337:3936,338:3775,339:3958,340:3629,341:3954,342:3911,343:3914,344:3897,345:3803,346:4000,347:3921,348:4026,349:3802,350:3797,351:3776,352:3865,353:3923,354:3739,355:3758,356:3798,357:4066,358:3825,359:4121
0:4002,1:4098,2:4127,3:3956,4:3981,5:4056,6:4212,7:3919,8:4005,9:3912,10:4008,11:3913,12:4280,13:4248,14:3961,15:4138,16:4083,17:4216,18:4187,19:3994,20:4260,21:4285,22:4132,23:4359,24:4386,25:4408,26:4336,27:4183,28:4274,29:4154,30:4222,31:4284,32:4245,33:4151,34:4185,35:4218,36:4116,37:4353,38:4383,39:4258,40:4232,41:4261,42:4413,43:4422,44:4236,45:4375,46:4357,47:4254,48:4313,49:4201,50:4261,51:4404,52:4458,53:4235,54:4096,55:4154,56:4270,57:4415,58:4223,59:4122,60:4092,61:4113,62:4353,63:4124,64:4132,65:4145,66:4393,67:4323,68:4226,69:4111,70:4031,71:4156,72:4105,73:4288,74:4267,75:4212,76:4103,77:4130,78:4212,79:4070,80:4197,81:4248,82:4067,83:3876,84:4057,85:3925,86:4177,87:3896,88:4162,89:4193,90:3858,91:4125,92:3812,93:4006,94:4058,95:4073,96:4026,97:3878,98:4115,99:4002,100:3935,101:3924,102:4002,103:3702,104:4033,105:3912,106:3793,107:4021,108:3939,109:3671,110:3645,111:3950,112:3720,113:3794,114:3734,115:3911,116:3945,117:3957,118:3555,119:3920,120:3651,121:3723,122:3604,123:3597,124:3630,125:3621,126:3664,127:3652,128:3605,129:3738,130:3806,131:3601,132:3655,133:3776,134:3818,135:3804,136:3765,137:3808,138:3674,139:3707,140:3786,141:3812,142:3555,143:3598,144:3745,145:3679,146:3623,147:3785,148:3556,149:3660,150:3783,151:3591,152:3890,153:3750,154:3738,155:3662,156:3886,157:3802,158:3726,159:3753,160:3634,161:3763,162:3942,163:4020,164:3785,165:4005,166:3840,167:3933,168:3826,169:3814,170:4013,171:3968,172:3839,173:4028,174:3985,175:4071,176:3879,177:3810,178:3882,179:4148,180:4138,181:3908,182:4134,183:4088,184:4100,185:4184,186:4059,187:4228,188:4043,189:4139,190:4095,191:4245,192:4207,193:3989,194:4213,195:4106,196:4331,197:4175,198:4236,199:4086,200:4199,201:4256,202:4293,203:4154,204:4361,205:4315,206:4131,207:4239,208:4360,209:4065,210:4287,211:4298,212:4148,213:4364,214:4262,215:4468,216:4468,217:4286,218:4147,219:4253,220:4283,221:4302,222:4263,223:4202,224:4145,225:4363,226:4256,227:4303,228:4265,229:4446,230:4255,231:4345,232:4110,233:4429,234:4097,235:4214,236:4142,237:4412,238:4078,239:4069,240:4188,241:4236,242:4111,243:4194,244:4317,245:4043,246:4324,247:4316,248:4396,249:4122,250:4087,251:4366,252:4123,253:4310,254:4213,255:4006,256:4224,257:4026,258:4077,259:4308,260:4058,261:4278,262:3901,263:4065,264:3950,265:4101,266:4008,267:3853,268:4047,269:3894,270:3894,271:4176,272:4073,273:4129,274:4113,275:3778,276:3928,277:3858,278:4079,279:3923,280:4030,281:3756,282:3816,283:4015,284:3873,285:3896,286:3946,287:3655,288:3995,289:3867,290:3749,291:3795,292:3688,293:3917,294:3853,295:3829,296:3811,297:3868,298:3712,299:3854,300:3621,301:3594,302:3840,303:3732,304:3521,305:3584,306:3765,307:3654,308:3886,309:3572,310:3870,311:3545,312:3599,313:3694,314:3607,315:3653,316:3696,317:3591,318:3776,319:3873,320:3810,321:3745,322:3757,323:3590,324:3669,325:3802,326:3794,327:3843,328:3778,329:3706,330:3629,331:3933,332:3635,333:3888,334:3680,335:3632,336:3837,337:3945,338:3780,339:3658,340:3715,341:3975,342:3629,343:3781,344:3995,345:3763,346:3843,347:3880,348:3917,349:3914,350:3708,351:3727,352:4106,353:3731,354:4058,355:3761,356:3889,357:3949,358:3943,359:3842
0:3974,1:4019,2:4207,3:3939,4:4101,5:4055,6:3875,7:4091,8:4161,9:4044,10:4076,11:4166,12:4258,13:4024,14:4199,15:4301,16:4256,17:4191,18:4284,19:4061,20:4066,21:4333,22:4321,23:4408,24:4367,25:4290,26:4203,27:4200,28:4074,29:4083,30:4174,31:4109,32:4404,33:4266,34:4324,35:4469,36:4399,37:4454,38:4099,39:4205,40:4267,41:4257,42:4465,43:4173,44:4306,45:4419,46:4203,47:4379,48:4244,49:4125,50:4332,51:4110,52:4114,53:4347,54:4405,55:4290,56:4177,57:4326,58:4249,59:4146,60:4232,61:4412,62:4308,63:4429,64:4373,65:4335,66:4173,67:4330,68:4146,69:4124,70:4354,71:4359,72:4054,73:4033,74:4352,75:3989,76:4334,77:3946,78:4150,79:4273,80:4159,81:4134,82:3946,83:4175,84:4151,85:4018,86:4031,87:4024,88:4167,89:3947,90:4041,91:3864,92:3968,93:3817,94:4035,95:3955,96:3932,97:3752,98:4069,99:3981,100:3788,101:3840,102:4042,103:4014,104:3994,105:3955,106:3891,107:3787,108:3826,109:3876,110:3828,111:3965,112:3688,113:3695,114:3943,115:3685,116:3657,117:3949,118:3928,119:3551,120:3739,121:3639,122:3552,123:3693,124:3604,125:3792,126:3532,127:3718,128:3640,129:3646,130:3662,131:3899,132:3844,133:3844,134:3839,135:3886,136:3570,137:3877,138:3900,139:3807,140:3554,141:3716,142:3727,143:3615,144:3657,145:3552,146:3716,147:3672,148:3591,149:3776,150:3633,151:3619,152:3587,153:3736,154:3807,155:3750,156:3746,157:3901,158:3761,159:3887,160:3881,161:3800,162:3641,163:3856,164:4004,165:3995,166:3902,167:3672,168:3729,169:4052,170:4001,171:3899,172:3997,173:3821,174:3847,175:4118,176:4055,177:3839,178:3863,179:4117,180:3884,181:3855,182:3948,183:4081,184:4046,185:4092,186:4174,187:4053,188:4070,189:3936,190:4197,191:4142,192:4259,193:4130,194:4254,195:4287,196:4106,197:4099,198:4104,199:4061,200:4050,201:4102,202:4156,203:4028,204:4310,205:4355,206:4127,207:4213,208:4232,209:4059,210:4438,211:4100,212:4437,213:4447,214:4252,215:4193,216:4257,217:4323,218:4324,219:4177,220:4455,221:4209,222:4220,223:4472,224:4148,225:4475,226:4137,227:4408,228:4295,229:4369,230:4460,231:4185,232:4408,233:4428,234:4261,235:4105,236:4307,237:4442,238:4099,239:4330,240:4103,241:4159,242:4380,243:4128,244:4186,245:4282,246:4268,247:4069,248:4230,249:4322,250:4117,251:4354,252:4115,253:4065,254:4291,255:4049,256:4101,257:4292,258:4207,259:3912,260:4015,261:4061,262:4199,263:4247,264:4253,265:3907,266:3973,267:3845,268:3851,269:3958,270:3922,271:3993,272:4098,273:3978,274:3786,275:3757,276:3811,277:3823,278:4059,279:3802,280:3851,281:4062,282:4007,283:3801,284:3692,285:3843,286:3939,287:3689,288:3811,289:3646,290:3628,291:3751,292:3769,293:3858,294:3700,295:3963,296:3951,297:3730,298:3765,299:3564,300:3587,301:3617,302:3901,303:3672,304:3780,305:3605,306:3516,307:3804,308:3842,309:3718,310:3640,311:3699,312:3676,313:3562,314:3533,315:3820,316:3533,317:3864,318:3721,319:3899,320:3614,321:3758,322:3683,323:3710,324:3527,325:3767,326:3658,327:3562,328:3887,329:3793,330:3704,331:3739,332:3862,333:3891,334:3876,335:3958,336:3755,337:3902,338:3642,339:3905,340:3608,341:4011,342:3950,343:3907,344:3812,345:4026,346:4024,347:4036,348:3728,349:3816,350:3813,351:4061,352:3948,353:4081,354:3794,355:3966,356:4064,357:4105,358:4132,359:3813
0:4091,1:3848,2:4041,3:3858,4:4129,5:4099,6:4052,7:4032,8:4195,9:4165,10:4102,11:4298,12:4303,13:4322,14:3966,15:3950,16:4206,17:4188,18:4368,19:4098,20:4062,21:4199,22:4074,23:4017,24:4182,25:4235,26:4095,27:4398,28:4239,29:4201,30:4338,31:4185,32:4307,33:4180,34:4316,35:4421,36:4324,37:4407,38:4424,39:4214,40:4314,41:4214,42:4399,43:4424,44:4323,45:4450,46:4379,47:4392,48:4468,49:4490,50:4281,51:4190,52:4143,53:4403,54:4173,55:4237,56:4286,57:4092,58:4333,59:4412,60:4323,61:4371,62:4244,63:4091,64:4342,65:4409,66:4140,67:4276,68:4364,69:4160,70:4355,71:4270,72:4178,73:4096,74:4084,75:4138,76:4002,77:4181,78:4156,79:4134,80:3975,81:4271,82:4040,83:4051,84:4244,85:3900,86:4021,87:3922,88:3859,89:3937,90:3834,91:3887,92:4065,93:4103,94:4044,95:3936,96:4019,97:3929,98:4081,99:3884,100:3806,101:3800,102:3838,103:3858,104:3924,105:3808,106:3853,107:3729,108:3775,109:3722,110:3959,111:3979,112:3787,113:3918,114:3828,115:3781,116:3902,117:3767,118:3946,119:3836,120:3607,121:3808,122:3539,123:3883,124:3860,125:3823,126:3785,127:3567,128:3581,129:3561,130:3569,131:3635,132:3671,133:3859,134:3711,135:3625,136:3518,137:3501,138:3628,139:3544,140:3782,141:3816,142:3627,143:3617,144:3557,145:3722,146:3577,147:3847,148:3827,149:3619,150:3674,151:3834,152:3632,153:3814,154:3666,155:3863,156:3952,157:3703,158:3823,159:3776,160:3871,161:3711,162:3843,163:3715,164:3833,165:3828,166:3795,167:3907,168:4033,169:3918,170:3787,171:3968,172:4012,173:4075,174:3908,175:3795,176:4120,177:4072,178:3860,179:4102,180:3825,181:4018,182:4142,183:4031,184:3861,185:3998,186:4167,187:4262,188:4232,189:4079,190:3929,191:4045,192:3941,193:4282,194:3953,195:4272,196:4098,197:4219,198:4026,199:4096,200:4246,201:4117,202:4297,203:4373,204:4043,205:4059,206:4193,207:4255,208:4438,209:4107,210:4173,211:4340,212:4331,213:4301,214:4250,215:4133,216:4159,217:4440,218:4224,219:4154,220:4229,221:4133,222:4169,223:4418,224:4099,225:4345,226:4115,227:4460,228:4398,229:4183,230:4304,231:4126,232:4105,233:4275,234:4204,235:4123,236:4135,237:4261,238:4269,239:4239,240:4451,241:4301,242:4252,243:4111,244:4043,245:4246,246:4231,247:4176,248:4022,249:4340,250:4109,251:3995,252:4030,253:4156,254:3972,255:4012,256:4217,257:4301,258:4259,259:3966,260:4287,261:4107,262:4075,263:4109,264:4113,265:3981,266:4177,267:3915,268:4029,269:4178,270:3892,271:4131,272:3943,273:3990,274:3890,275:4017,276:4087,277:3831,278:4110,279:4013,280:3973,281:3697,282:3938,283:3746,284:3728,285:3946,286:3762,287:3822,288:3917,289:3989,290:3671,291:3651,292:3612,293:3840,294:3689,295:3753,296:3935,297:3567,298:3661,299:3666,300:3604,301:3933,302:3615,303:3912,304:3647,305:3745,306:3601,307:3820,308:3565,309:3517,310:3554,311:3742,312:3727,313:3756,314:3515,315:3630,316:3555,317:3793,318:3877,319:3683,320:3787,321:3893,322:3758,323:3717,324:3624,325:3848,326:3620,327:3657,328:3769,329:3904,330:3545,331:3627,332:3897,333:3685,334:3893,335:3844,336:3776,337:3803,338:3632,339:3811,340:3953,341:3893,342:3856,343:3780,344:3722,345:3939,346:3748,347:3895,348:3987,349:3799,350:3715,351:3978,352:4080,353:3868,354:4001,355:3801,356:4013,357:3963,358:4029,359:3868
0:4045,1:3998,2:3911,3:4098,4:3939,5:4085,6:3975,7:3904,8:4208,9:3955,10:4230,11:4117,12:4034,13:4105,14:4245,15:4004,16:4174,17:4009,18:4348,19:4341,20:4326,21:4279,22:4120,23:4265,24:4086,25:4152,26:4424,27:4281,28:4187,29:4156,30:4309,31:4252,32:4330,33:4265,34:4345,35:4445,36:4355,37:4225,38:4478,39:4133,40:4158,41:4251,42:4430,43:4317,44:4302,45:4203,46:4469,47:4460,48:4324,49:4231,50:4442,51:4206,52:4107,53:4243,54:4428,55:4261,56:4456,57:4306,58:4403,59:4105,60:4399,61:4363,62:4138,63:4042,64:4230,65:4051,66:4422,67:4246,68:4060,69:4354,70:4358,71:4378,72:4291,73:4289,74:4183,75:4247,76:4336,77:4258,78:4041,79:4240,80:4189,81:4230,82:4018,83:4269,84:4098,85:3886,86:4037,87:3930,88:4066,89:3969,90:4180,91:4044,92:3799,93:3818,94:4066,95:4039,96:4070,97:3794,98:3755,99:4071,100:3757,101:4020,102:3720,103:3897,104:3908,105:3719,106:3735,107:3975,108:3969,109:3646,110:3725,111:3873,112:3650,113:3735,114:3751,115:3799,116:3771,117:3877,118:3668,119:3750,120:3646,121:3777,122:3711,123:3803,124:3770,125:3597,126:3732,127:3745,128:3850,129:3534,130:3532,131:3758,132:3601,133:3893,134:3806,135:3739,136:3604,137:3727,138:3568,139:3683,140:3642,141:3771,142:3735,143:3844,144:3898,145:3654,146:3529,147:3719,148:3797,149:3670,150:3608,151:3601,152:3791,153:3851,154:3652,155:3820,156:3881,157:3876,158:3676,159:3668,160:3854,161:3848,162:3626,163:3636,164:4037,165:3975,166:4040,167:3725,168:3866,169:4038,170:3885,171:4040,172:3801,173:3879,174:4107,175:3932,176:4134,177:4083,178:4171,179:3911,180:4038,181:4164,182:4172,183:4006,184:4075,185:3940,186:3927,187:3973,188:3959,189:3900,190:4170,191:4059,192:4159,193:4139,194:4261,195:4102,196:4011,197:4072,198:4245,199:4219,200:4034,201:4089,202:4389,203:4072,204:4239,205:4317,206:4299,207:4306,208:4438,209:4120,210:4216,211:4070,212:4270,213:4261,214:4204,215:4289,216:4344,217:4273,218:4451,219:4363,220:4257,221:4481,222:4159,223:4155,224:4276,225:4203,226:4116,227:4477,228:4464,229:4213,230:4210,231:4288,232:4444,233:4483,234:4145,235:4404,236:4413,237:4354,238:4255,239:4209,240:4229,241:4394,242:4140,243:4133,244:4208,245:4369,246:4294,247:4136,248:4211,249:4368,250:4039,251:4256,252:4274,253:4230,254:4327,255:4120,256:4058,257:4218,258:3958,259:4206,260:4184,261:4033,262:4142,263:4198,264:3892,265:4206,266:3877,267:3881,268:4032,269:3837,270:3808,271:4049,272:3846,273:4165,274:3926,275:4127,276:4084,277:3825,278:3783,279:3783,280:4040,281:4068,282:3746,283:3983,284:3733,285:4005,286:3685,287:3657,288:3736,289:3865,290:3652,291:3774,292:3713,293:3900,294:3617,295:3864,296:3658,297:3804,298:3890,299:3926,300:3875,301:3727,302:3808,303:3867,304:3827,305:3545,306:3644,307:3741,308:3694,309:3547,310:3759,311:3617,312:3766,313:3863,314:3731,315:3558,316:3762,317:3564,318:3600,319:3516,320:3812,321:3786,322:3696,323:3876,324:3715,325:3802,326:3547,327:3915,328:3808,329:3693,330:3603,331:3840,332:3787,333:3796,334:3881,335:3838,336:3912,337:3654,338:3829,339:3738,340:3818,341:3672,342:3766,343:3796,344:3738,345:3994,346:3900,347:3843,348:3907,349:3896,350:3840,351:3865,352:3902,353:3924,354:4093,355:4139,356:3993,357:4072,358:4160,359:4087
0:4013,1:4039,2:4134,3:4123,4:4123,5:3865,6:3871,7:4070,8:4164,9:4090,10:4130,11:4076,12:4223,13:3946,14:4055,15:4252,16:4208,17:4355,18:4013,19:4368,20:4312,21:4047,22:4167,23:4165,24:4091,25:4319,26:4109,27:4215,28:4103,29:4204,30:4137,31:4147,32:4433,33:4174,34:4396,35:4241,36:4428,37:4390,38:4441,39:4223,40:4112,41:4352,42:4371,43:4176,44:4256,45:4225,46:4248,47:4445,48:4291,49:4477,50:4264,51:4482,52:4177,53:4338,54:4097,55:4221,56:4262,57:4337,58:4107,59:4324,60:4154,61:4291,62:4282,63:4341,64:4421,65:4159,66:4048,67:4236,68:4190,69:4226,70:4305,71:4070,72:4160,73:4100,74:4182,75:4126,76:4206,77:3965,78:4245,79:4209,80:4256,81:4218,82:4116,83:4260,84:4055,85:4024,86:4087,87:3846,88:4114,89:3898,90:3826,91:4094,92:3973,93:3900,94:3936,95:4097,96:4092,97:3891,98:3864,99:3937,100:4013,101:3886,102:3889,103:3885,104:3724,105:3688,106:3971,107:3924,108:3645,109:3836,110:3817,111:3942,112:3710,113:3866,114:3649,115:3949,116:3801,117:3698,118:3593,119:3629,120:3785,121:3562,122:3686,123:3699,124:3572,125:3854,126:3652,127:3705,128:3878,129:3899,130:3739,131:3698,132:3682,133:3591,134:3793,135:3555,136:3827,137:3814,138:3573,139:3558,140:3761,141:3612,142:3591,143:3787,144:3652,145:3623,146:3837,147:3550,148:3583,149:3748,150:3641,151:3751,152:3706,153:3716,154:3950,155:3796,156:3932,157:3793,158:3623,159:3899,160:3916,161:3716,162:3791,163:3765,164:3995,165:4022,166:3936,167:3901,168:3980,169:4032,170:4075,171:3736,172:3730,173:3828,174:3930,175:4132,176:3998,177:4007,178:4101,179:3942,180:4023,181:4121,182:4017,183:4111,184:3999,185:3880,186:4094,187:3942,188:4264,189:4251,190:3985,191:4241,192:4032,193:3992,194:4309,195:4202,196:4050,197:4155,198:4199,199:4201,200:4190,201:4367,202:4270,203:4081,204:4245,205:4341,206:4193,207:4210,208:4387,209:4316,210:4088,211:4295,212:4185,213:4342,214:4325,215:4414,216:4165,217:4137,218:4398,219:4295,220:4199,221:4344,222:4400,223:4300,224:4387,225:4341,226:4355,227:4104,228:4407,229:4314,230:4169,231:4433,232:4406,233:4278,234:4119,235:4387,236:4472,237:4228,238:4355,239:4231,240:4413,241:4069,242:4063,243:4161,244:4059,245:4138,246:4192,247:4399,248:4108,249:4147,250:4332,251:4113,252:4351,253:4331,254:4298,255:4175,256:4150,257:4164,258:3980,259:4207,260:4235,261:4287,262:3883,263:3931,264:4092,265:3991,266:4166,267:4087,268:3827,269:4105,270:4190,271:3824,272:3920,273:3932,274:3898,275:3769,276:4019,277:3873,278:3924,279:3953,280:3767,281:3881,282:4069,283:3741,284:3766,285:3783,286:3828,287:3805,288:3972,289:3884,290:3737,291:3666,292:3815,293:3850,294:3617,295:3833,296:3882,297:3854,298:3716,299:3849,300:3745,301:3546,302:3818,303:3673,304:3656,305:3821,306:3863,307:3700,308:3712,309:3624,310:3829,311:3568,312:3709,313:3628,314:3855,315:3662,316:3896,317:3541,318:3801,319:3877,320:3605,321:3804,322:3824,323:3654,324:3853,325:3533,326:3861,327:3583,328:3572,329:3814,330:3877,331:3811,332:3713,333:3828,334:3567,335:3665,336:3912,337:3763,338:3846,339:3741,340:3913,341:3901,342:3675,343:3785,344:3978,345:3882,346:3982,347:4059,348:3737,349:3901,350:4064,351:3735,352:4050,353:4090,354:4044,355:3816,356:3968,357:3776,358:4034,359:4012
0:3866,1:4006,2:4071,3:4191,4:3894,5:4049,6:4219,7:4264,8:4101,9:3974,10:4287,11:4085,12:4319,13:4013,14:4038,15:4308,16:4188,17:3993,18:4030,19:4200,20:4096,21:4264,22:4166,23:4195,24:4059,25:4046,26:4087,27:4079,28:4202,29:4433,30:4440,31:4241,32:4443,33:4172,34:4397,35:4251,36:4257,37:4282,38:4333,39:4368,40:4457,41:4289,42:4193,43:4150,44:4413,45:4245,46:4257,47:4475,48:4216,49:4149,50:4134,51:4212,52:4143,53:4345,54:4425,55:4422,56:4379,57:4357,58:4400,59:4325,60:4108,61:4148,62:4301,63:4049,64:4334,65:4086,66:4290,67:4314,68:4263,69:4388,70:4226,71:4007,72:4016,73:4291,74:4175,75:4326,76:4316,77:4241,78:4144,79:4172,80:4096,81:4113,82:4166,83:4172,84:4202,85:4112,86:4167,87:3992,88:3912,89:3845,90:4037,91:4084,92:3861,93:3793,94:3794,95:3978,96:4108,97:4100,98:4101,99:3864,100:3891,101:3766,102:3699,103:3677,104:3702,105:3870,106:3880,107:3849,108:4022,109:3963,110:3692,111:3776,112:3750,113:3910,114:3780,115:3926,116:3788,117:3567,118:3856,119:3912,120:3898,121:3611,122:3925,123:3661,124:3557,125:3614,126:3744,127:3613,128:3657,129:3783,130:3840,131:3822,132:3874,133:3756,134:3589,135:3652,136:3850,137:3887,138:3861,139:3900,140:3752,141:3807,142:3517,143:3763,144:3650,145:3656,146:3871,147:3562,148:3706,149:3633,150:3658,151:3722,152:3759,153:3729,154:3814,155:3728,156:3698,157:3734,158:3745,159:3985,160:3614,161:3845,162:3992,163:3892,164:3804,165:3891,166:4044,167:3971,168:3812,169:3751,170:3704,171:3918,172:4074,173:4088,174:3769,175:3945,176:3913,177:4066,178:3795,179:4067,180:4138,181:3863,182:3963,183:3984,184:4203,185:4183,186:3940,187:4198,188:3920,189:4279,190:4287,191:4269,192:3941,193:4118,194:4159,195:3954,196:4111,197:4257,198:4304,199:4175,200:4292,201:4136,202:4071,203:4201,204:4191,205:4178,206:4235,207:4251,208:4340,209:4414,210:4068,211:4400,212:4399,213:4354,214:4396,215:4370,216:4099,217:4271,218:4331,219:4152,220:4326,221:4122,222:4422,223:4369,224:4172,225:4218,226:4119,227:4236,228:4171,229:4392,230:4418,231:4142,232:4264,233:4288,234:4255,235:4096,236:4193,237:4222,238:4290,239:4214,240:4447,241:4405,242:4339,243:4438,244:4189,245:4373,246:4289,247:4144,248:4342,249:4081,250:4233,251:4145,252:4041,253:4288,254:4133,255:4289,256:4120,257:3947,258:4147,259:4110,260:4274,261:4202,262:4187,263:3912,264:4019,265:4109,266:3957,267:4230,268:4133,269:3922,270:3800,271:3915,272:4017,273:3847,274:3791,275:4053,276:3888,277:3807,278:3864,279:3795,280:3710,281:3766,282:4014,283:3799,284:4046,285:3651,286:3842,287:3963,288:3772,289:3833,290:3819,291:3977,292:3940,293:3948,294:3605,295:3768,296:3627,297:3838,298:3613,299:3848,300:3655,301:3759,302:3867,303:3573,304:3806,305:3894,306:3754,307:3712,308:3751,309:3735,310:3611,311:3584,312:3783,313:3816,314:3571,315:3554,316:3861,317:3598,318:3893,319:3577,320:3526,321:3828,322:3724,323:3810,324:3829,325:3586,326:3621,327:3613,328:3612,329:3799,330:3842,331:3820,332:3801,333:3596,334:3832,335:3576,336:3707,337:3960,338:3931,339:3919,340:3617,341:3724,342:3901,343:3976,344:4032,345:3665,346:3946,347:3708,348:3699,349:4027,350:4078,351:3963,352:3950,353:3753,354:4090,355:4078,356:3880,357:3907,358:4070,359:4088
0:3879,1:3997,2:4074,3:3989,4:4209,5:4229,6:3887,7:4146,8:4130,9:4095,10:4295,11:4131,12:4196,13:4243,14:4221,15:4133,16:4338,17:4165,18:4147,19:4323,20:4152,21:4011,22:4328,23:4122,24:4390,25:4127,26:4104,27:4360,28:4299,29:4261,30:4179,31:4281,32:4324,33:4167,34:4337,35:4394,36:4201,37:4100,38:4408,39:4155,40:4457,41:4227,42:4266,43:4354,44:4151,45:4279,46:4251,47:4381,48:4314,49:4214,50:4421,51:4458,52:4368,53:4418,54:4374,55:4314,56:4387,57:4285,58:4336,59:4337,60:4396,61:4257,62:4350,63:4122,64:4366,65:4280,66:4234,67:4386,68:4013,69:4276,70:4278,71:4237,72:4189,73:4027,74:4039,75:3950,76:4312,77:3989,78:3933,79:4131,80:3969,81:3965,82:4059,83:3908,84:4135,85:4039,86:3906,87:4003,88:3921,89:3815,90:4015,91:3853,92:4130,93:3799,94:4010,95:3878,96:4127,97:4088,98:3727,99:4094,100:4061,101:4003,102:3719,103:3733,104:3763,105:3727,106:3922,107:3974,108:3767,109:3637,110:3681,111:3960,112:3857,113:3723,114:3851,115:3634,116:3605,117:3946,118:3881,119:3843,120:3631,121:3583,122:3835,123:3612,124:3626,125:3743,126:3767,127:3532,128:3742,129:3844,130:3655,131:3584,132:3675,133:3739,134:3897,135:3516,136:3826,137:3554,138:3556,139:3508,140:3603,141:3797,142:3613,143:3700,144:3809,145:3738,146:3849,147:3767,148:3843,149:3913,150:3627,151:3737,152:3580,153:3608,154:3628,155:3766,156:3639,157:3710,158:3899,159:3789,160:3815,161:3731,162:3919,163:3994,164:3900,165:3830,166:3869,167:3949,168:3686,169:3884,170:3726,171:3894,172:4078,173:3951,174:4063,175:3976,176:3944,177:4027,178:4133,179:3862,180:3842,181:4041,182:4004,183:3866,184:3876,185:4017,186:4212,187:4013,188:4012,189:4204,190:3947,191:4066,192:4123,193:4143,194:4255,195:4230,196:4188,197:4352,198:4027,199:4306,200:4327,201:4025,202:4133,203:4221,204:4286,205:4189,206:4332,207:4128,208:4415,209:4387,210:4390,211:4258,212:4126,213:4367,214:4106,215:4304,216:4452,217:4344,218:4209,219:4230,220:4329,221:4182,222:4324,223:4227,224:4480,225:4416,226:4475,227:4150,228:4230,229:4452,230:4152,231:4199,232:4432,233:4126,234:4230,235:4418,236:4147,237:4415,238:4417,239:4130,240:4148,241:4054,242:4187,243:4381,244:4283,245:4405,246:4260,247:4275,248:4252,249:4153,250:4137,251:4166,252:4065,253:4209,254:4066,255:4297,256:4267,257:4044,258:4130,259:3976,260:3998,261:4103,262:3902,263:4236,264:3992,265:4088,266:3957,267:3969,268:4057,269:3869,270:4189,271:4121,272:4039,273:4155,274:4092,275:3784,276:4081,277:3927,278:4089,279:3876,280:3887,281:3718,282:3894,283:3937,284:3944,285:3909,286:3985,287:3719,288:4005,289:3833,290:3647,291:3783,292:3646,293:3971,294:3900,295:3710,296:3570,297:3814,298:3685,299:3634,300:3872,301:3766,302:3754,303:3579,304:3773,305:3644,306:3765,307:3802,308:3685,309:3545,310:3704,311:3629,312:3789,313:3798,314:3888,315:3571,316:3597,317:3712,318:3684,319:3709,320:3618,321:3795,322:3858,323:3881,324:3559,325:3887,326:3801,327:3632,328:3706,329:3741,330:3847,331:3561,332:3858,333:3907,334:3631,335:3843,336:3609,337:3827,338:3711,339:3712,340:3900,341:3864,342:4017,343:3902,344:3786,345:4021,346:3761,347:4017,348:3856,349:3803,350:3775,351:3746,352:3894,353:3914,354:3998,355:3770,356:3980,357:4057,358:4055,359:4059
0:4104,1:3991,2:4148,3:4120,4:4107,5:4227,6:4084,7:3931,8:3982,9:4232,10:4034,11:4074,12:4133,13:4128,14:3953,15:4297,16:4073,17:4021,18:4053,19:4132,20:4179,21:4208,22:4045,23:4069,24:4341,25:4193,26:4320,27:4316,28:4343,29:4132,30:4349,31:4113,32:4119,33:4432,34:4149,35:4408,36:4103,37:4105,38:4114,39:4342,40:4186,41:4297,42:4456,43:4195,44:4243,45:4140,46:4480,47:4337,48:4099,49:4331,50:4244,51:4190,52:4189,53:4357,54:4218,55:4130,56:4297,57:4463,58:4290,59:4408,60:4359,61:4396,62:4335,63:4215,64:4103,65:4222,66:4392,67:4098,68:4269,69:4018,70:4384,71:3995,72:4238,73:4134,74:4292,75:4211,76:4016,77:3984,78:3933,79:4144,80:4236,81:4103,82:4021,83:3970,84:4028,85:4028,86:3860,87:4022,88:4073,89:3870,90:4020,91:3926,92:4031,93:3850,94:4024,95:4040,96:4047,97:3981,98:3878,99:3926,100:3994,101:3996,102:4025,103:3734,104:3923,105:3712,106:3834,107:3745,108:3987,109:3724,110:3941,111:3955,112:3789,113:3875,114:3846,115:3733,116:3686,117:3767,118:3932,119:3937,120:3617,121:3541,122:3590,123:3750,124:3728,125:3673,126:3728,127:3673,128:3795,129:3859,130:3733,131:3850,132:3549,133:3776,134:3557,135:3818,136:3793,137:3561,138:3825,139:3763,140:3639,141:3870,142:3891,143:3839,144:3876,145:3889,146:3585,147:3880,148:3800,149:3711,150:3715,151:3608,152:3743,153:3869,154:3847,155:3577,156:3687,157:3808,158:3610,159:3900,160:3656,161:3968,162:3872,163:3920,164:3976,165:3687,166:3820,167:3883,168:3741,169:3877,170:3835,171:4008,172:3763,173:4023,174:3863,175:3768,176:3972,177:4075,178:3804,179:3915,180:3897,181:4162,182:4172,183:4021,184:3951,185:4135,186:4219,187:3929,188:3907,189:4159,190:4273,191:4074,192:4156,193:4195,194:4266,195:4206,196:4326,197:4158,198:4115,199:4197,200:4247,201:4091,202:4008,203:4313,204:4362,205:4286,206:4110,207:4230,208:4358,209:4225,210:4221,211:4371,212:4365,213:4148,214:4359,215:4316,216:4281,217:4184,218:4240,219:4240,220:4468,221:4456,222:4324,223:4203,224:4376,225:4211,226:4222,227:4244,228:4399,229:4441,230:4188,231:4191,232:4180,233:4185,234:4201,235:4097,236:4155,237:4213,238:4406,239:4320,240:4186,241:4312,242:4314,243:4281,244:4415,245:4158,246:4340,247:4017,248:4009,249:4220,250:4170,251:4103,252:4249,253:4330,254:4323,255:3959,256:4087,257:4262,258:4092,259:4006,260:3983,261:4197,262:3936,263:3997,264:3954,265:4100,266:3968,267:4149,268:4144,269:4207,270:3801,271:3837,272:3905,273:3799,274:3997,275:4116,276:4081,277:3734,278:4069,279:3926,280:3850,281:3759,282:3969,283:3969,284:4007,285:4013,286:3784,287:3697,288:3786,289:3712,290:3795,291:3865,292:3689,293:3929,294:3611,295:3888,296:3637,297:3763,298:3727,299:3602,300:3602,301:3788,302:3577,303:3720,304:3647,305:3563,306:3861,307:3675,308:3582,309:3566,310:3609,311:3884,312:3578,313:3689,314:3834,315:3533,316:3764,317:3626,318:3837,319:3715,320:3675,321:3659,322:3673,323:3762,324:3728,325:3761,326:3883,327:3699,328:3840,329:3819,330:3873,331:3760,332:3669,333:3955,334:3772,335:3880,336:3622,337:3741,338:3945,339:3885,340:3919,341:3641,342:3895,343:3824,344:3771,345:3692,346:3845,347:3810,348:3817,349:3871,350:3822,351:3985,352:4114,353:4126,354:4049,355:4074,356:4154,357:4023,358:4146,359:4078
0:3813,1:3998,2:3851,3:3873,4:3883,5:3930,6:4229,7:4120,8:3949,9:3929,10:4126,11:4227,12:3933,13:4263,14:4275,15:4195,16:4198,17:4184,18:4302,19:4304,20:4311,21:4331,22:4280,23:4044,24:4185,25:4362,26:4250,27:4423,28:4133,29:4101,30:4407,31:4115,32:4323,33:4458,34:4473,35:4357,36:4418,37:4311,38:4371,39:4384,40:4455,41:4229,42:4214,43:4477,44:4439,45:4365,46:4377,47:4119,48:4422,49:4372,50:4324,51:4450,52:4244,53:4447,54:4255,55:4474,56:4269,57:4150,58:4139,59:4238,60:4312,61:4151,62:4360,63:4206,64:4233,65:4353,66:4158,67:4096,68:4099,69:4215,70:4105,71:4379,72:4227,73:4316,74:4224,75:4093,76:4324,77:4264,78:4235,79:4190,80:4068,81:4011,82:3992,83:3880,84:4150,85:3957,86:3941,87:4205,88:4117,89:3890,90:4085,91:3790,92:4125,93:3981,94:3793,95:3764,96:3977,97:3975,98:4057,99:4086,100:4024,101:3887,102:3809,103:3902,104:3728,105:3831,106:3713,107:3839,108:3813,109:3747,110:3758,111:3700,112:3678,113:3836,114:3707,115:3688,116:3691,117:3575,118:3817,119:3593,120:3576,121:3779,122:3915,123:3714,124:3775,125:3723,126:3579,127:3884,128:3785,129:3629,130:3819,131:3836,132:3529,133:3658,134:3524,135:3564,136:3790,137:3621,138:3724,139:3544,140:3694,141:3601,142:3678,143:3719,144:3702,145:3890,146:3823,147:3762,148:3807,149:3548,150:3785,151:3684,152:3608,153:3951,154:3568,155:3578,156:3725,157:3654,158:3969,159:3787,160:3845,161:3673,162:3788,163:3697,164:3690,165:3692,166:3945,167:3776,168:3982,169:4048,170:3843,171:3838,172:3784,173:4062,174:3974,175:4117,176:3899,177:4004,178:4031,179:3970,180:4187,181:3934,182:4189,183:4174,184:4030,185:3865,186:4168,187:4149,188:3899,189:4227,190:4193,191:4144,192:4183,193:4218,194:4076,195:4339,196:4119,197:4166,198:3990,199:4174,200:4158,201:4240,202:4243,203:4223,204:4036,205:4246,206:4433,207:4192,208:4101,209:4430,210:4435,211:4438,212:4090,213:4277,214:4237,215:4471,216:4341,217:4308,218:4371,219:4173,220:4459,221:4361,222:4105,223:4496,224:4111,225:4371,226:4490,227:4396,228:4156,229:4452,230:4159,231:4446,232:4435,233:4324,234:4338,235:4385,236:4384,237:4252,238:4427,239:4306,240:4084,241:4129,242:4244,243:4105,244:4345,245:4037,246:4325,247:4336,248:4287,249:4311,250:4280,251:4308,252:4062,253:4357,254:4082,255:4140,256:4073,257:4165,258:3958,259:4205,260:4170,261:3954,262:4194,263:4228,264:4225,265:4060,266:3983,267:4148,268:4093,269:4176,270:4035,271:3948,272:4174,273:4138,274:3801,275:3811,276:3930,277:3757,278:4105,279:4101,280:4024,281:3851,282:3897,283:3824,284:3853,285:3900,286:4033,287:3926,288:3960,289:3898,290:3635,291:3988,292:3929,293:3931,294:3694,295:3727,296:3836,297:3711,298:3557,299:3878,300:3784,301:3782,302:3792,303:3884,304:3575,305:3767,306:3876,307:3634,308:3612,309:3722,310:3634,311:3851,312:3652,313:3889,314:3645,315:3507,316:3512,317:3891,318:3527,319:3695,320:3832,321:3654,322:3746,323:3820,324:3688,325:3749,326:3824,327:3816,328:3709,329:3645,330:3876,331:3679,332:3578,333:3848,334:3735,335:3954,336:3957,337:3715,338:3718,339:3753,340:3937,341:3895,342:3762,343:3827,344:3774,345:3755,346:3951,347:3821,348:3693,349:3875,350:4089,351:3823,352:3780,353:3890,354:3759,355:4073,356:4023,357:4106,358:3835,359:3957
0:3830,1:4134,2:4026,3:4127,4:4040,5:4238,6:3979,7:4093,8:4192,9:4131,10:4127,11:4278,12:4119,13:4084,14:4017,15:4331,16:4205,17:4253,18:4043,19:4348,20:4197,21:4048,22:4010,23:4409,24:4091,25:4364,26:4309,27:4245,28:4319,29:4329,30:4332,31:4179,32:4127,33:4124,34:4191,35:4325,36:4322,37:4177,38:4389,39:4464,40:4281,41:4415,42:4354,43:4191,44:4472,45:4398,46:4381,47:4280,48:4382,49:4208,50:4465,51:4382,52:4489,53:4442,54:4476,55:4361,56:4111,57:4223,58:4462,59:4454,60:4167,61:4120,62:4252,63:4200,64:4377,65:4157,66:4279,67:4068,68:4170,69:4331,70:4300,71:4106,72:4242,73:4034,74:4128,75:4232,76:3984,77:3954,78:3979,79:4215,80:4091,81:4232,82:4001,83:4164,84:3932,85:3960,86:3921,87:3966,88:4212,89:4167,90:3833,91:3879,92:3955,93:3891,94:3942,95:4035,96:4007,97:3876,98:3875,99:3744,100:3991,101:3815,102:3827,103:3998,104:3884,105:4048,106:3931,107:3789,108:3805,109:3654,110:3998,111:3890,112:3864,113:3968,114:3866,115:3736,116:3874,117:3599,118:3667,119:3834,120:3734,121:3578,122:3918,123:3798,124:3680,125:3819,126:3846,127:3532,128:3869,129:3654,130:3596,131:3503,132:3634,133:3559,134:3532,135:3799,136:3593,137:3528,138:3610,139:3845,140:3513,141:3789,142:3626,143:3822,144:3552,145:3554,146:3656,147:3762,148:3604,149:3599,150:3648,151:3915,152:3807,153:3885,154:3677,155:3736,156:3649,157:3644,158:3858,159:3792,160:3975,161:3703,162:3955,163:3712,164:3738,165:3661,166:3844,167:3951,168:3976,169:3966,170:3754,171:3919,172:3736,173:3775,174:3844,175:4101,176:3957,177:4098,178:3869,179:3993,180:3887,181:4041,182:4084,183:4029,184:4166,185:4052,186:4182,187:4040,188:4241,189:4012,190:4091,191:4228,192:4147,193:4124,194:4131,195:4224,196:4347,197:4218,198:4070,199:4033,200:4184,201:4243,202:4217,203:4034,204:4384,205:4121,206:4278,207:4254,208:4122,209:4091,210:4065,211:4100,212:4343,213:4232,214:4365,215:4396,216:4188,217:4226,218:4165,219:4485,220:4388,221:4273,222:4312,223:4163,224:4372,225:4457,226:4119,227:4404,228:4327,229:4247,230:4379,231:4171,232:4434,233:4457,234:4233,235:4131,236:4473,237:4359,238:4334,239:4330,240:4248,241:4173,242:4143,243:4192,244:4104,245:4197,246:4297,247:4290,248:4067,249:4135,250:4278,251:4178,252:4328,253:4298,254:3972,255:3995,256:3958,257:4093,258:4185,259:4088,260:4216,261:4186,262:3967,263:4192,264:4179,265:4219,266:4095,267:4070,268:3831,269:3962,270:3902,271:4173,272:3949,273:4015,274:3880,275:3860,276:3920,277:3741,278:4083,279:3819,280:3704,281:3912,282:3976,283:3969,284:4035,285:3998,286:3951,287:3786,288:3863,289:3838,290:3808,291:3791,292:3974,293:3685,294:3908,295:3674,296:3910,297:3601,298:3769,299:3794,300:3907,301:3747,302:3851,303:3762,304:3896,305:3531,306:3771,307:3885,308:3816,309:3569,310:3720,311:3513,312:3509,313:3866,314:3780,315:3649,316:3856,317:3673,318:3559,319:3890,320:3840,321:3747,322:3781,323:3746,324:3851,325:3814,326:3875,327:3542,328:3531,329:3926,330:3737,331:3866,332:3848,333:3939,334:3947,335:3620,336:3899,337:3803,338:3984,339:3682,340:3994,341:3845,342:3718,343:3706,344:3913,345:4002,346:3714,347:3693,348:3795,349:3752,350:4036,351:3940,352:3774,353:3994,354:3797,355:4018,356:4039,357:3832,358:3842,359:3851
0:4076,1:4118,2:4025,3:3857,4:3851,5:4046,6:4079,7:4081,8:4254,9:4091,10:4163,11:3966,12:4067,13:4267,14:4048,15:4053,16:3998,17:4067,18:4311,19:4331,20:4006,21:4197,22:4235,23:4365,24:4291,25:4402,26:4369,27:4151,28:4163,29:4181,30:4272,31:4273,32:4413,33:4159,34:4166,35:4147,36:4126,37:4280,38:4409,39:4484,40:4243,41:4155,42:4275,43:4378,44:4233,45:4438,46:4226,47:4319,48:4435,49:4292,50:4168,51:4415,52:4203,53:4214,54:4263,55:4414,56:4331,57:4175,58:4405,59:4153,60:4458,61:4421,62:4248,63:4060,64:4245,65:4200,66:4255,67:4221,68:4363,69:4010,70:4379,71:4332,72:3978,73:4295,74:4058,75:3967,76:4167,77:3966,78:4186,79:3938,80:3944,81:4121,82:3921,83:4035,84:3982,85:4153,86:4230,87:4200,88:3877,89:4038,90:3901,91:4144,92:4169,93:3887,94:3961,95:4108,96:4051,97:3882,98:3814,99:4062,100:3971,101:4050,102:3834,103:3818,104:3829,105:3689,106:3944,107:3729,108:3640,109:3824,110:3641,111:3674,112:3811,113:3731,114:3759,115:3819,116:3646,117:3829,118:3894,119:3810,120:3726,121:3655,122:3819,123:3775,124:3612,125:3630,126:3861,127:3749,128:3761,129:3530,130:3627,131:3566,132:3770,133:3839,134:3806,135:3832,136:3875,137:3815,138:3523,139:3795,140:3663,141:3628,142:3844,143:3594,144:3780,145:3635,146:3650,147:3544,148:3792,149:3595,150:3798,151:3914,152:3657,153:3595,154:3573,155:3794,156:3715,157:3681,158:3908,159:3605,160:3982,161:3818,162:3631,163:3814,164:3986,165:3673,166:3889,167:3749,168:4018,169:4040,170:3932,171:3753,172:3935,173:4126,174:3954,175:4012,176:4157,177:4152,178:4066,179:4089,180:3904,181:4058,182:4150,183:3897,184:4007,185:3900,186:3962,187:3998,188:4179,189:4157,190:4258,191:4179,192:3967,193:4145,194:4036,195:4119,196:4107,197:4172,198:4024,199:4081,200:4010,201:4006,202:4355,203:4126,204:4080,205:4190,206:4284,207:4386,208:4239,209:4246,210:4222,211:4331,212:4220,213:4121,214:4292,215:4110,216:4295,217:4165,218:4252,219:4165,220:4275,221:4325,222:4202,223:4157,224:4234,225:4262,226:4456,227:4323,228:4401,229:4196,230:4344,231:4189,232:4464,233:4274,234:4230,235:4410,236:4241,237:4114,238:4359,239:4397,240:4240,241:4228,242:4355,243:4057,244:4331,245:4258,246:4389,247:4194,248:4253,249:4364,250:4248,251:4264,252:4053,253:4159,254:4274,255:4076,256:4187,257:4111,258:4137,259:3918,260:4227,261:3941,262:3996,263:4238,264:4134,265:4040,266:3863,267:3891,268:4007,269:3917,270:4071,271:3978,272:3931,273:3995,274:3800,275:3777,276:3849,277:3774,278:3881,279:3785,280:3950,281:3927,282:3685,283:3743,284:3902,285:3913,286:3728,287:3728,288:3717,289:3873,290:3683,291:3705,292:3861,293:3794,294:3624,295:3913,296:3609,297:3908,298:3669,299:3622,300:3617,301:3623,302:3578,303:3538,304:3837,305:3709,306:3526,307:3881,308:3780,309:3535,310:3529,311:3877,312:3675,313:3590,314:3754,315:3744,316:3520,317:3615,318:3522,319:3511,320:3554,321:3742,322:3852,323:3658,324:3568,325:3906,326:3730,327:3608,328:3748,329:3912,330:3718,331:3732,332:3936,333:3821,334:3914,335:3731,336:3804,337:3609,338:3831,339:3673,340:3750,341:4007,342:3805,343:3746,344:3823,345:3695,346:3924,347:3992,348:4038,349:3860,350:3997,351:3744,352:4018,353:3910,354:3878,355:3989,356:3825,357:3852,358:3948,359:3986
0:4117,1:4102,2:4187,3:3968,4:3979,5:3981,6:4229,7:4059,8:4274,9:3958,10:4262,11:4050,12:4178,13:4299,14:4214,15:4196,16:4298,17:4040,18:4072,19:4124,20:4351,21:4263,22:4043,23:4040,24:4246,25:4287,26:4228,27:4128,28:4333,29:4333,30:4374,31:4178,32:4290,33:4367,34:4361,35:4157,36:4383,37:4455,38:4140,39:4416,40:4477,41:4378,42:4329,43:4289,44:4489,45:4326,46:4379,47:4385,48:4479,49:4194,50:4442,51:4438,52:4307,53:4212,54:4209,55:4176,56:4134,57:4185,58:4435,59:4185,60:4224,61:4285,62:4423,63:4125,64:4295,65:4356,66:4305,67:4026,68:4338,69:4391,70:4274,71:4285,72:3999,73:4077,74:4028,75:4112,76:4215,77:4167,78:4203,79:4202,80:4079,81:4101,82:3906,83:4101,84:4250,85:4030,86:4024,87:4100,88:4215,89:3874,90:4131,91:3960,92:3991,93:3807,94:3877,95:4131,96:4134,97:3807,98:3834,99:4080,100:3784,101:3999,102:3883,103:3919,104:3921,105:3714,106:3725,107:3991,108:3740,109:3948,110:3711,111:3786,112:3791,113:3907,114:3968,115:3938,116:3787,117:3855,118:3764,119:3619,120:3579,121:3688,122:3760,123:3861,124:3671,125:3727,126:3772,127:3567,128:3694,129:3682,130:3789,131:3726,132:3743,133:3542,134:3603,135:3836,136:3725,137:3594,138:3814,139:3833,140:3784,141:3793,142:3670,143:3785,144:3748,145:3555,146:3872,147:3924,148:3599,149:3610,150:3826,151:3824,152:3618,153:3923,154:3759,155:3607,156:3966,157:3849,158:3828,159:3677,160:3828,161:3904,162:3632,163:3746,164:3731,165:3742,166:3887,167:3820,168:4070,169:3698,170:3807,171:3870,172:3924,173:3996,174:3925,175:3925,176:4072,177:3919,178:3977,179:3850,180:3940,181:3987,182:3988,183:3978,184:3915,185:3975,186:4023,187:4194,188:3952,189:4179,190:4035,191:4164,192:4219,193:4137,194:4029,195:4034,196:4032,197:4328,198:4162,199:4245,200:4138,201:4059,202:4028,203:4239,204:4199,205:4331,206:4186,207:4101,208:4343,209:4118,210:4352,211:4181,212:4094,213:4310,214:4216,215:4095,216:4185,217:4390,218:4218,219:4375,220:4343,221:4289,222:4135,223:4262,224:4200,225:4236,226:4384,227:4453,228:4234,229:4226,230:4112,231:4144,232:4365,233:4188,234:4098,235:4127,236:4220,237:4186,238:4209,239:4393,240:4205,241:4144,242:4319,243:4289,244:4430,245:4106,246:4256,247:4098,248:4076,249:4160,250:4258,251:4290,252:4354,253:4135,254:4251,255:4059,256:4186,257:4000,258:4314,259:4201,260:4081,261:4112,262:3970,263:4221,264:4257,265:4249,266:4227,267:4129,268:4152,269:4053,270:4116,271:3895,272:3868,273:3802,274:4088,275:3813,276:4135,277:3829,278:4115,279:4068,280:4088,281:3773,282:3865,283:3779,284:3712,285:3981,286:3970,287:4006,288:3983,289:3989,290:3647,291:3855,292:3604,293:3679,294:3643,295:3756,296:3591,297:3834,298:3697,299:3846,300:3899,301:3558,302:3549,303:3548,304:3838,305:3566,306:3664,307:3521,308:3868,309:3679,310:3601,311:3538,312:3725,313:3545,314:3525,315:3511,316:3664,317:3502,318:3521,319:3701,320:3598,321:3852,322:3510,323:3648,324:3602,325:3537,326:3810,327:3823,328:3674,329:3721,330:3921,331:3793,332:3613,333:3748,334:3661,335:3619,336:3674,337:3772,338:3769,339:3964,340:3732,341:3738,342:3815,343:3682,344:3693,345:3949,346:3986,347:3978,348:3863,349:3877,350:3940,351:3788,352:3864,353:3942,354:3892,355:3822,356:4068,357:3984,358:4041,359:4020
0:4106,1:4118,2:4044,3:4201,4:4047,5:4089,6:4142,7:3971,8:4172,9:4036,10:4096,11:4007,12:4002,13:4220,14:4020,15:4326,16:4191,17:4299,18:4011,19:4283,20:4221,21:4309,22:4192,23:4322,24:4191,25:4423,26:4312,27:4241,28:4135,29:4130,30:4410,31:4265,32:4298,33:4178,34:4204,35:4311,36:4424,37:4137,38:4443,39:4210,40:4385,41:4439,42:4467,43:4198,44:4106,45:4103,46:4353,47:4345,48:4476,49:4354,50:4229,51:4121,52:4429,53:4442,54:4146,55:4145,56:4227,57:4470,58:4445,59:4129,60:4061,61:4393,62:4315,63:4148,64:4079,65:4411,66:4417,67:4055,68:4240,69:4106,70:4224,71:4085,72:4325,73:4355,74:4338,75:4109,76:4000,77:4108,78:4179,79:4203,80:4040,81:3966,82:4043,83:3982,84:3961,85:4055,86:4163,87:4049,88:4220,89:4108,90:4028,91:3967,92:4139,93:4028,94:3934,95:4036,96:3975,97:3908,98:3895,99:3771,100:3740,101:3974,102:3943,103:3757,104:3681,105:4022,106:3910,107:3878,108:3911,109:4014,110:3938,111:3661,112:3839,113:3677,114:3729,115:3743,116:3726,117:3683,118:3559,119:3866,120:3795,121:3739,122:3883,123:3880,124:3680,125:3762,126:3661,127:3775,128:3570,129:3699,130:3840,131:3695,132:3574,133:3825,134:3856,135:3617,136:3622,137:3671,138:3556,139:3878,140:3565,141:3834,142:3814,143:3765,144:3567,145:3887,146:3788,147:3709,148:3846,149:3645,150:3752,151:3766,152:3649,153:3642,154:3614,155:3594,156:3684,157:3836,158:3802,159:3662,160:3726,161:3745,162:3676,163:3886,164:3759,165:3939,166:3774,167:3812,168:3890,169:3792,170:3872,171:3989,172:3912,173:4046,174:4081,175:3966,176:3805,177:4062,178:3954,179:3979,180:3897,181:3978,182:4088,183:4124,184:3996,185:4238,186:4050,187:4174,188:3994,189:4073,190:4119,191:4058,192:4007,193:4010,194:4009,195:4305,196:4299,197:4096,198:4179,199:4126,200:3993,201:4232,202:4360,203:4078,204:4266,205:4387,206:4380,207:4272,208:4334,209:4056,210:4215,211:4114,212:4377,213:4217,214:4212,215:4140,216:4415,217:4330,218:4238,219:4385,220:4363,221:4181,222:4186,223:4475,224:4466,225:4174,226:4323,227:4112,228:4375,229:4483,230:4472,231:4392,232:4295,233:4111,234:4364,235:4274,236:4131,237:4103,238:4310,239:4067,240:4351,241:4131,242:4134,243:4380,244:4268,245:4374,246:4384,247:4243,248:4286,249:4220,250:4023,251:4282,252:4248,253:4251,254:4058,255:4007,256:4111,257:4292,258:4145,259:4035,260:4120,261:4063,262:4129,263:3925,264:3866,265:4209,266:4207,267:4162,268:4194,269:4104,270:4109,271:4091,272:4165,273:4142,274:3949,275:3857,276:3943,277:3795,278:3814,279:4050,280:3738,281:3794,282:3922,283:3755,284:3695,285:3771,286:4010,287:4002,288:3917,289:3785,290:3964,291:3988,292:3818,293:3755,294:3839,295:3782,296:3853,297:3664,298:3697,299:3734,300:3820,301:3714,302:3765,303:3658,304:3527,305:3568,306:3784,307:3792,308:3757,309:3872,310:3514,311:3690,312:3745,313:3845,314:3856,315:3572,316:3592,317:3704,318:3820,319:3506,320:3830,321:3630,322:3867,323:3518,324:3800,325:3551,326:3522,327:3553,328:3537,329:3638,330:3802,331:3588,332:3647,333:3762,334:3948,335:3673,336:3707,337:3723,338:3737,339:3924,340:3878,341:3782,342:3669,343:3703,344:3892,345:3783,346:3801,347:3893,348:3856,349:3818,350:4051,351:3879,352:4107,353:4004,354:3746,355:3863,356:4060,357:4034,358:3985,359:3810
0:3897,1:4141,2:3984,3:4214,4:3926,5:4211,6:4057,7:4235,8:4177,9:4005,10:3921,11:3941,12:4061,13:4279,14:4124,15:4303,16:4099,17:4003,18:3977,19:4116,20:4286,21:4399,22:4064,23:4337,24:4032,25:4308,26:4262,27:4272,28:4087,29:4452,30:4221,31:4241,32:4336,33:4248,34:4432,35:4436,36:4240,37:4418,38:4113,39:4388,40:4397,41:4295,42:4452,43:4476,44:4206,45:4425,46:4155,47:4406,48:4331,49:4338,50:4302,51:4407,52:4140,53:4422,54:4100,55:4367,56:4309,57:4360,58:4152,59:4176,60:4254,61:4073,62:4434,63:4346,64:4388,65:4170,66:4024,67:4154,68:4263,69:4326,70:4387,71:4086,72:3989,73:4067,74:4270,75:4240,76:4132,77:4188,78:4231,79:3944,80:4101,81:4287,82:4258,83:4110,84:3958,85:3875,86:4225,87:3993,88:3910,89:4140,90:3894,91:3821,92:3900,93:4081,94:4078,95:4001,96:3772,97:4081,98:3763,99:3775,100:3748,101:4041,102:3872,103:3765,104:3730,105:3739,106:4023,107:3694,108:3943,109:3729,110:3814,111:3881,112:3800,113:3828,114:3684,115:3614,116:3746,117:3817,118:3645,119:3651,120:3541,121:3746,122:3679,123:3596,124:3837,125:3658,126:3572,127:3569,128:3860,129:3550,130:3861,131:3679,132:3659,133:3772,134:3500,135:3680,136:3564,137:3656,138:3677,139:3597,140:3617,141:3638,142:3693,143:3549,144:3629,145:3822,146:3668,147:3577,148:3753,149:3892,150:3770,151:3913,152:3608,153:3772,154:3586,155:3642,156:3637,157:3882,158:3856,159:3771,160:3902,161:3671,162:3681,163:3888,164:4004,165:3657,166:3748,167:3939,168:4044,169:3803,170:3702,171:3981,172:4020,173:3899,174:3819,175:3849,176:3865,177:3872,178:3858,179:4038,180:4107,181:4041,182:4210,183:4060,184:4003,185:4205,186:4242,187:4131,188:4144,189:4177,190:4256,191:4278,192:4295,193:4152,194:4219,195:4341,196:4275,197:4135,198:4055,199:4348,200:4040,201:4384,202:4297,203:4124,204:4117,205:4035,206:4383,207:4116,208:4183,209:4339,210:4216,211:4144,212:4377,213:4347,214:4278,215:4091,216:4218,217:4398,218:4426,219:4147,220:4103,221:4396,222:4431,223:4426,224:4468,225:4462,226:4416,227:4254,228:4171,229:4436,230:4385,231:4197,232:4393,233:4315,234:4270,235:4432,236:4470,237:4461,238:4351,239:4233,240:4159,241:4068,242:4313,243:4339,244:4168,245:4206,246:4282,247:4346,248:4146,249:4217,250:4218,251:4270,252:4294,253:4131,254:4190,255:4017,256:4216,257:3966,258:4202,259:4116,260:4036,261:4217,262:3885,263:4271,264:4130,265:4174,266:4223,267:3971,268:3873,269:4053,270:3866,271:3793,272:3822,273:3855,274:3800,275:4030,276:4011,277:3995,278:3718,279:3797,280:3760,281:4040,282:3840,283:3691,284:3939,285:3898,286:4031,287:3679,288:4014,289:3743,290:3833,291:3666,292:3677,293:3630,294:3718,295:3675,296:3590,297:3629,298:3760,299:3819,300:3601,301:3616,302:3748,303:3657,304:3559,305:3546,306:3565,307:3690,308:3677,309:3624,310:3838,311:3771,312:3668,313:3603,314:3681,315:3754,316:3852,317:3590,318:3542,319:3835,320:3876,321:3754,322:3751,323:3564,324:3884,325:3746,326:3687,327:3537,328:3827,329:3763,330:3643,331:3732,332:3801,333:3766,334:3684,335:3809,336:3871,337:3980,338:3800,339:3979,340:3937,341:3975,342:3735,343:3711,344:3746,345:4048,346:3688,347:3771,348:3797,349:3835,350:3779,351:3943,352:4064,353:4002,354:3835,355:4019,356:4009,357:4030,358:3925,359:3971
0:4054,1:4077,2:4166,3:3941,4:4141,5:4066,6:4047,7:4010,8:4280,9:4008,10:4263,11:4189,12:3934,13:3977,14:4322,15:4111,16:4051,17:4195,18:4014,19:4028,20:4307,21:4324,22:4307,23:4349,24:4380,25:4128,26:4431,27:4252,28:4101,29:4322,30:4196,31:4394,32:4302,33:4239,34:4194,35:4135,36:4391,37:4270,38:4251,39:4359,40:4276,41:4333,42:4106,43:4148,44:4495,45:4311,46:4363,47:4281,48:4182,49:4364,50:4320,51:4380,52:4465,53:4288,54:4228,55:4439,56:4432,57:4302,58:4393,59:4254,60:4090,61:4244,62:4401,63:4424,64:4317,65:4380,66:4412,67:4293,68:4336,69:4001,70:4083,71:4037,72:4204,73:4045,74:4221,75:4063,76:4154,77:4105,78:4318,79:4120,80:4010,81:4161,82:4208,83:4264,84:3927,85:3947,86:4205,87:4055,88:3999,89:4034,90:3863,91:3888,92:4166,93:3909,94:4058,95:4077,96:4098,97:3821,98:4020,99:3709,100:4022,101:4082,102:3732,103:3830,104:3919,105:3851,106:4037,107:4013,108:3657,109:3945,110:3960,111:3959,112:3890,113:3970,114:3847,115:3778,116:3712,117:3929,118:3656,119:3875,120:3641,121:3547,122:3586,123:3838,124:3541,125:3610,126:3860,127:3650,128:3807,129:3607,130:3554,131:3724,132:3857,133:3878,134:3640,135:3656,136:3728,137:3732,138:3666,139:3587,140:3583,141:3905,142:3812,143:3842,144:3522,145:3915,146:3903,147:3876,148:3639,149:3755,150:3867,151:3914,152:3819,153:3609,154:3588,155:3803,156:3843,157:3740,158:3715,159:3940,160:3965,161:3793,162:3995,163:4025,164:3904,165:3736,166:3674,167:3942,168:3826,169:3951,170:4069,171:4008,172:3944,173:3893,174:3891,175:4129,176:3875,177:3866,178:4121,179:4099,180:4104,181:3980,182:4058,183:4145,184:3943,185:4018,186:4007,187:4055,188:3894,189:4138,190:3964,191:4029,192:4178,193:4185,194:4005,195:4088,196:4012,197:4051,198:4285,199:4277,200:4378,201:4057,202:4397,203:4054,204:4216,205:4306,206:4306,207:4246,208:4092,209:4168,210:4205,211:4409,212:4291,213:4437,214:4090,215:4420,216:4432,217:4472,218:4256,219:4108,220:4212,221:4223,222:4457,223:4326,224:4333,225:4161,226:4415,227:4486,228:4101,229:4488,230:4474,231:4210,232:4095,233:4263,234:4454,235:4238,236:4350,237:4226,238:4109,239:4112,240:4452,241:4434,242:4125,243:4176,244:4245,245:4345,246:4408,247:4083,248:4377,249:4357,250:4290,251:4149,252:4298,253:4217,254:4212,255:4044,256:4171,257:3961,258:4016,259:3989,260:4302,261:4082,262:3983,263:4025,264:3946,265:3892,266:4020,267:4121,268:4040,269:3928,270:3899,271:4074,272:4025,273:4040,274:3804,275:3794,276:3928,277:4122,278:4034,279:4090,280:4043,281:3903,282:3774,283:3697,284:3950,285:3952,286:4020,287:3871,288:3741,289:3723,290:3651,291:3988,292:3604,293:3934,294:3906,295:3784,296:3963,297:3934,298:3844,299:3933,300:3929,301:3921,302:3859,303:3790,304:3676,305:3567,306:3789,307:3720,308:3582,309:3666,310:3556,311:3873,312:3645,313:3677,314:3519,315:3662,316:3869,317:3874,318:3750,319:3646,320:3710,321:3586,322:3655,323:3855,324:3673,325:3544,326:3886,327:3677,328:3765,329:3932,330:3698,331:3836,332:3818,333:3726,334:3688,335:3588,336:3647,337:3812,338:3912,339:3740,340:3838,341:3883,342:3634,343:3868,344:3708,345:3972,346:3987,347:3844,348:3715,349:3756,350:4029,351:3802,352:3759,353:3768,354:3814,355:4018,356:3821,357:3806,358:3988,359:3978
0:4079,1:4063,2:3898,3:4186,4:4224,5:3866,6:4055,7:3963,8:3981,9:3908,10:4081,11:4284,12:4036,13:3946,14:3982,15:3980,16:4255,17:4233,18:4062,19:4179,20:4182,21:4372,22:4155,23:4222,24:4177,25:4097,26:4122,27:4278,28:4269,29:4084,30:4075,31:4381,32:4126,33:4411,34:4135,35:4264,36:4414,37:4276,38:4339,39:4214,40:4253,41:4137,42:4383,43:4340,44:4270,45:4139,46:4278,47:4196,48:4119,49:4186,50:4348,51:4304,52:4152,53:4316,54:4313,55:4086,56:4332,57:4132,58:4362,59:4171,60:4418,61:4191,62:4319,63:4431,64:4095,65:4367,66:4311,67:4139,68:4270,69:4332,70:4114,71:4166,72:4336,73:4263,74:3998,75:4000,76:4155,77:4004,78:4149,79:4137,80:4251,81:4156,82:3977,83:4069,84:4148,85:3978,86:4211,87:3912,88:4180,89:3845,90:3997,91:4144,92:3972,93:4097,94:4072,95:3917,96:4051,97:3767,98:3928,99:3720,100:3720,101:3955,102:3721,103:3717,104:3921,105:3681,106:3979,107:3982,108:3929,109:3683,110:3638,111:3611,112:3666,113:3641,114:3788,115:3613,116:3643,117:3588,118:3563,119:3646,120:3850,121:3834,122:3684,123:3644,124:3732,125:3741,126:3672,127:3650,128:3734,129:3832,130:3684,131:3770,132:3524,133:3864,134:3572,135:3736,136:3794,137:3744,138:3779,139:3528,140:3594,141:3740,142:3784,143:3810,144:3763,145:3754,146:3665,147:3537,148:3825,149:3864,150:3560,151:3687,152:3554,153:3748,154:3679,155:3875,156:3731,157:3931,158:3753,159:3611,160:3655,161:3830,162:3868,163:3845,164:3878,165:3761,166:4031,167:4041,168:3820,169:4044,170:3948,171:3877,172:3761,173:4022,174:4064,175:4042,176:3829,177:4133,178:3994,179:3884,180:3937,181:4201,182:3874,183:4171,184:4109,185:4226,186:4254,187:4166,188:4082,189:3897,190:4163,191:4020,192:4252,193:4244,194:4059,195:4291,196:4311,197:4366,198:4190,199:4103,200:4118,201:4350,202:4142,203:4262,204:4381,205:4417,206:4209,207:4371,208:4440,209:4121,210:4210,211:4277,212:4437,213:4223,214:4318,215:4108,216:4356,217:4316,218:4327,219:4255,220:4313,221:4329,222:4205,223:4194,224:4455,225:4152,226:4326,227:4169,228:4377,229:4111,230:4181,231:4123,232:4415,233:4118,234:4151,235:4233,236:4207,237:4435,238:4095,239:4394,240:4390,241:4403,242:4330,243:4257,244:4065,245:4224,246:4280,247:4317,248:4323,249:4327,250:4264,251:4025,252:4254,253:4304,254:3971,255:4059,256:4132,257:4079,258:3981,259:3934,260:4144,261:3925,262:3885,263:3903,264:4079,265:4206,266:4109,267:4147,268:3867,269:4023,270:3945,271:4103,272:4015,273:3907,274:3880,275:4138,276:3917,277:3900,278:3803,279:3907,280:3922,281:3725,282:3988,283:4028,284:4035,285:4030,286:4011,287:3652,288:3773,289:3810,290:3845,291:3820,292:3614,293:3900,294:3901,295:3843,296:3567,297:3782,298:3686,299:3858,300:3768,301:3682,302:3567,303:3767,304:3795,305:3782,306:3742,307:3691,308:3558,309:3592,310:3750,311:3850,312:3816,313:3542,314:3615,315:3540,316:3759,317:3893,318:3789,319:3781,320:3606,321:3732,322:3802,323:3760,324:3814,325:3832,326:3726,327:3553,328:3629,329:3807,330:3771,331:3706,332:3921,333:3923,334:3925,335:3877,336:3877,337:3891,338:3605,339:3802,340:3634,341:3942,342:3833,343:3859,344:3731,345:3669,346:3967,347:3915,348:3892,349:3884,350:3983,351:3934,352:3787,353:3792,354:3817,355:3933,356:3965,357:3950,358:3857,359:3943
0:3830,1:4026,2:4156,3:3936,4:3852,5:3939,6:4201,7:3873,8:4190,9:4111,10:3971,11:4202,12:4134,13:4173,14:4112,15:4236,16:4216,17:4163,18:4013,19:4171,20:4037,21:4018,22:4222,23:4071,24:4117,25:4367,26:4272,27:4273,28:4426,29:4279,30:4122,31:4140,32:4200,33:4465,34:4393,35:4209,36:4463,37:4381,38:4115,39:4331,40:4101,41:4302,42:4258,43:4389,44:4426,45:4192,46:4257,47:4483,48:4452,49:4427,50:4365,51:4408,52:4141,53:4160,54:4125,55:4328,56:4329,57:4410,58:4418,59:4440,60:4267,61:4357,62:4291,63:4212,64:4119,65:4207,66:4208,67:4390,68:4346,69:4080,70:4009,71:4360,72:4345,73:4045,74:4331,75:4149,76:4080,77:3959,78:4270,79:4023,80:4039,81:3969,82:3974,83:3915,84:4142,85:3944,86:4066,87:4053,88:3843,89:3972,90:3855,91:3876,92:3897,93:3851,94:4016,95:4045,96:3928,97:3913,98:3789,99:3736,100:3917,101:3946,102:3764,103:4032,104:3753,105:3734,106:3999,107:4011,108:3896,109:3899,110:3697,111:3870,112:3674,113:3817,114:3633,115:3852,116:3728,117:3726,118:3714,119:3901,120:3669,121:3604,122:3571,123:3725,124:3657,125:3650,126:3551,127:3717,128:3815,129:3626,130:3759,131:3749,132:3664,133:3570,134:3805,135:3841,136:3626,137:3740,138:3761,139:3832,140:3555,141:3528,142:3591,143:3545,144:3642,145:3619,146:3578,147:3617,148:3732,149:3621,150:3858,151:3666,152:3685,153:3849,154:3866,155:3860,156:3882,157:3630,158:3955,159:3661,160:3679,161:3993,162:3871,163:3875,164:3741,165:3740,166:3848,167:3709,168:3769,169:3987,170:3950,171:3834,172:3808,173:3785,174:3885,175:4046,176:3768,177:3903,178:4080,179:4009,180:3872,181:4151,182:4099,183:4170,184:4083,185:4057,186:4197,187:3894,188:4060,189:3940,190:4215,191:3926,192:4196,193:4039,194:4008,195:4187,196:4230,197:4337,198:3990,199:4193,200:4362,201:4339,202:4150,203:4059,204:4041,205:4422,206:4160,207:4345,208:4410,209:4307,210:4066,211:4234,212:4090,213:4074,214:4232,215:4315,216:4465,217:4108,218:4115,219:4361,220:4386,221:4106,222:4399,223:4414,224:4115,225:4428,226:4113,227:4430,228:4121,229:4334,230:4441,231:4144,232:4295,233:4109,234:4196,235:4438,236:4205,237:4365,238:4167,239:4201,240:4248,241:4361,242:4085,243:4144,244:4309,245:4385,246:4047,247:4054,248:4201,249:4027,250:4201,251:4007,252:4190,253:3988,254:4112,255:4097,256:4092,257:4289,258:3986,259:4226,260:4089,261:4054,262:3964,263:3913,264:4120,265:3957,266:4179,267:3992,268:3991,269:4025,270:3995,271:4151,272:3949,273:3966,274:3849,275:3756,276:3994,277:3798,278:3863,279:3884,280:3902,281:3943,282:3860,283:3960,284:3891,285:3769,286:3647,287:3778,288:3850,289:3690,290:3718,291:3913,292:3911,293:3615,294:3801,295:3628,296:3575,297:3766,298:3789,299:3720,300:3582,301:3838,302:3672,303:3841,304:3833,305:3526,306:3768,307:3614,308:3517,309:3606,310:3759,311:3701,312:3664,313:3772,314:3659,315:3517,316:3501,317:3581,318:3533,319:3628,320:3784,321:3714,322:3693,323:3575,324:3649,325:3532,326:3685,327:3609,328:3781,329:3868,330:3847,331:3905,332:3724,333:3879,334:3800,335:3651,336:3593,337:3613,338:3973,339:3897,340:3620,341:4009,342:3884,343:3739,344:3812,345:4040,346:3910,347:3673,348:3895,349:3695,350:3724,351:4002,352:3881,353:3951,354:4088,355:4034,356:4076,357:3959,358:4072,359:3886
0:3908,1:3916,2:4095,3:4206,4:3948,5:3876,6:4014,7:3893,8:3940,9:4089,10:4132,11:4006,12:4049,13:4048,14:4201,15:3989,16:4058,17:4339,18:4116,19:4094,20:4008,21:4088,22:4237,23:4016,24:4162,25:4394,26:4334,27:4109,28:4327,29:4213,30:4399,31:4166,32:4123,33:4401,34:4178,35:4095,36:4167,37:4304,38:4201,39:4405,40:4152,41:4199,42:4163,43:4369,44:4320,45:4351,46:4217,47:4147,48:4162,49:4449,50:4314,51:4151,52:4306,53:4241,54:4196,55:4136,56:4283,57:4157,58:4075,59:4420,60:4064,61:4197,62:4301,63:4306,64:4337,65:4268,66:4068,67:4209,68:4169,69:4089,70:4115,71:4155,72:4325,73:3984,74:4269,75:4162,76:4279,77:4004,78:4225,79:4104,80:4032,81:4212,82:4232,83:4020,84:4056,85:4033,86:4089,87:3936,88:3955,89:3833,90:4049,91:4175,92:3809,93:3895,94:3759,95:3931,96:3931,97:3846,98:3892,99:4041,100:4064,101:3991,102:3770,103:3899,104:3828,105:4045,106:3977,107:3741,108:3947,109:3673,110:3879,111:3832,112:3619,113:3939,114:3867,115:3870,116:3863,117:3720,118:3757,119:3715,120:3568,121:3906,122:3627,123:3625,124:3753,125:3853,126:3575,127:3788,128:3784,129:3801,130:3687,131:3851,132:3891,133:3563,134:3732,135:3546,136:3686,137:3744,138:3671,139:3821,140:3686,141:3641,142:3567,143:3621,144:3534,145:3541,146:3593,147:3782,148:3772,149:3703,150:3923,151:3651,152:3917,153:3829,154:3854,155:3881,156:3901,157:3599,158:3799,159:3604,160:3701,161:3622,162:3756,163:3948,164:3803,165:4009,166:3685,167:4063,168:4060,169:3909,170:3799,171:3865,172:3769,173:3892,174:3910,175:4072,176:3870,177:3988,178:4084,179:4184,180:4142,181:4038,182:4014,183:3924,184:4213,185:4194,186:4013,187:3958,188:4211,189:3938,190:3933,191:3983,192:4224,193:4069,194:4008,195:4174,196:3970,197:4016,198:4266,199:4216,200:4360,201:4335,202:4233,203:4243,204:4119,205:4116,206:4356,207:4379,208:4130,209:4074,210:4184,211:4103,212:4260,213:4392,214:4341,215:4459,216:4092,217:4453,218:4370,219:4159,220:4444,221:4280,222:4448,223:4195,224:4289,225:4162,226:4319,227:4299,228:4187,229:4161,230:4434,231:4437,232:4260,233:4360,234:4454,235:4239,236:4255,237:4234,238:4370,239:4116,240:4291,241:4208,242:4274,243:4102,244:4119,245:4165,246:4095,247:4381,248:4145,249:4070,250:4041,251:4125,252:4060,253:4312,254:4260,255:4282,256:4282,257:4098,258:4121,259:4276,260:4131,261:3969,262:4244,263:4080,264:4133,265:4039,266:4085,267:4206,268:3903,269:4117,270:3862,271:3818,272:4083,273:3918,274:3917,275:4043,276:4116,277:3839,278:4063,279:3843,280:4042,281:4039,282:3956,283:3685,284:3830,285:3659,286:3855,287:3812,288:3946,289:3717,290:3825,291:3625,292:3895,293:3595,294:3652,295:3593,296:3774,297:3921,298:3916,299:3928,300:3626,301:3920,302:3677,303:3842,304:3698,305:3587,306:3811,307:3775,308:3895,309:3835,310:3606,311:3667,312:3546,313:3512,314:3573,315:3808,316:3796,317:3705,318:3891,319:3782,320:3846,321:3687,322:3768,323:3587,324:3737,325:3725,326:3561,327:3766,328:3828,329:3923,330:3794,331:3749,332:3708,333:3731,334:3877,335:3644,336:3612,337:3814,338:3689,339:3922,340:3648,341:3896,342:3746,343:3897,344:3843,345:3824,346:3934,347:3798,348:4030,349:3914,350:4068,351:4005,352:3791,353:3781,354:3809,355:4034,356:3778,357:3778,358:4013,359:3907
0:4101,1:3897,2:3960,3:4211,4:4141,5:4208,6:3964,7:4020,8:4276,9:4166,10:4054,11:4247,12:4117,13:4139,14:3978,15:4229,16:4342,17:4109,18:4247,19:4195,20:4392,21:4096,22:4293,23:4075,24:4254,25:4308,26:4386,27:4376,28:4290,29:4066,30:4074,31:4070,32:4325,33:4400,34:4216,35:4112,36:4390,37:4271,38:4353,39:4457,40:4330,41:4375,42:4156,43:4373,44:4169,45:4397,46:4309,47:4233,48:4413,49:4250,50:4359,51:4309,52:4241,53:4311,54:4422,55:4411,56:4224,57:4077,58:4358,59:4438,60:4299,61:4177,62:4154,63:4097,64:4408,65:4213,66:4397,67:4228,68:4312,69:4165,70:4158,71:4158,72:4247,73:4263,74:4149,75:4308,76:4163,77:4017,78:4275,79:3927,80:3962,81:4183,82:4052,83:4054,84:4032,85:4053,86:4156,87:3903,88:3963,89:4055,90:3875,91:3887,92:4042,93:4152,94:4147,95:3875,96:3840,97:3731,98:3771,99:3719,100:4040,101:3808,102:3723,103:3675,104:4035,105:3906,106:3892,107:3905,108:3627,109:3914,110:3807,111:3887,112:3869,113:3652,114:3861,115:3905,116:3880,117:3587,118:3893,119:3910,120:3875,121:3705,122:3613,123:3620,124:3823,125:3915,126:3755,127:3664,128:3731,129:3511,130:3735,131:3865,132:3900,133:3564,134:3689,135:3649,136:3623,137:3636,138:3634,139:3620,140:3715,141:3891,142:3819,143:3737,144:3642,145:3772,146:3684,147:3780,148:3812,149:3566,150:3820,151:3575,152:3800,153:3919,154:3932,155:3726,156:3624,157:3705,158:3986,159:3957,160:3650,161:3805,162:3795,163:3702,164:3886,165:3974,166:3891,167:3960,168:3918,169:3722,170:4067,171:4016,172:3847,173:3755,174:3892,175:3975,176:3790,177:3929,178:3941,179:3975,180:4038,181:4196,182:4021,183:4077,184:4072,185:3908,186:3997,187:3991,188:4222,189:4104,190:4070,191:4233,192:3929,193:3936,194:3952,195:4076,196:4131,197:4272,198:4362,199:4274,200:4001,201:4322,202:4082,203:4370,204:4078,205:4071,206:4395,207:4350,208:4136,209:4148,210:4149,211:4207,212:4407,213:4420,214:4202,215:4275,216:4111,217:4147,218:4303,219:4195,220:4286,221:4435,222:4392,223:4258,224:4412,225:4262,226:4211,227:4442,228:4305,229:4319,230:4450,231:4432,232:4383,233:4288,234:4455,235:4315,236:4410,237:4083,238:4084,239:4386,240:4430,241:4099,242:4255,243:4360,244:4088,245:4389,246:4267,247:4215,248:4330,249:4375,250:4264,251:4247,252:4162,253:3985,254:4171,255:4160,256:4280,257:4073,258:4047,259:4265,260:4026,261:4280,262:4181,263:3910,264:3955,265:4131,266:3864,267:3885,268:4089,269:4189,270:3803,271:4039,272:3896,273:3926,274:3977,275:3929,276:3975,277:3933,278:3894,279:3899,280:3784,281:3732,282:3685,283:3943,284:3666,285:3692,286:3642,287:3964,288:3783,289:3865,290:3783,291:3796,292:3696,293:3786,294:3789,295:3586,296:3778,297:3928,298:3950,299:3604,300:3912,301:3634,302:3764,303:3681,304:3597,305:3819,306:3753,307:3791,308:3550,309:3537,310:3557,311:3684,312:3714,313:3572,314:3820,315:3788,316:3635,317:3576,318:3760,319:3783,320:3675,321:3634,322:3630,323:3592,324:3902,325:3592,326:3831,327:3583,328:3564,329:3830,330:3758,331:3881,332:3882,333:3931,334:3808,335:3643,336:3762,337:3966,338:3863,339:3753,340:3685,341:3729,342:3987,343:3898,344:3984,345:3685,346:3801,347:3886,348:3905,349:4039,350:4050,351:3819,352:4039,353:3774,354:3830,355:4146,356:4074,357:3963,358:4099,359:4164
0:4000,1:4207,2:4012,3:4096,4:3959,5:4129,6:4229,7:4146,8:4009,9:4041,10:4223,11:4271,12:4036,13:4304,14:4321,15:4130,16:4222,17:4220,18:4250,19:4139,20:4148,21:4054,22:4300,23:4190,24:4294,25:4203,26:4066,27:4095,28:4152,29:4058,30:4068,31:4215,32:4288,33:4186,34:4126,35:4301,36:4091,37:4444,38:4245,39:4417,40:4149,41:4429,42:4223,43:4471,44:4331,45:4198,46:4380,47:4267,48:4432,49:4381,50:4117,51:4477,52:4167,53:4314,54:4222,55:4243,56:4237,57:4210,58:4083,59:4283,60:4062,61:4353,62:4290,63:4277,64:4264,65:4201,66:4260,67:4109,68:4200,69:4352,70:4098,71:4247,72:4016,73:4317,74:4196,75:4202,76:4057,77:4006,78:4104,79:3953,80:4117,81:4198,82:4171,83:4114,84:3875,85:4173,86:3857,87:4109,88:4168,89:4017,90:3934,91:4069,92:4114,93:3999,94:3828,95:4085,96:4089,97:4051,98:3775,99:3733,100:3753,101:3868,102:3711,103:3829,104:3781,105:3931,106:3963,107:3759,108:3686,109:3848,110:3669,111:3756,112:3685,113:3960,114:3708,115:3933,116:3585,117:3570,118:3584,119:3577,120:3629,121:3882,122:3850,123:3836,124:3731,125:3523,126:3616,127:3710,128:3763,129:3677,130:3825,131:3832,132:3617,133:3831,134:3882,135:3899,136:3550,137:3795,138:3771,139:3647,140:3671,141:3867,142:3639,143:3541,144:3836,145:3751,146:3855,147:3725,148:3537,149:3798,150:3609,151:3681,152:3819,153:3820,154:3568,155:3622,156:3841,157:3859,158:3843,159:3631,160:3698,161:3710,162:3959,163:3660,164:3889,165:3995,166:3685,167:3745,168:3915,169:3690,170:4061,171:4015,172:3998,173:3867,174:3998,175:4007,176:4102,177:3983,178:4144,179:3835,180:3918,181:3838,182:3949,183:4132,184:3881,185:4110,186:3976,187:4045,188:4064,189:3926,190:4039,191:4261,192:4146,193:4111,194:4246,195:4057,196:4314,197:3970,198:4305,199:3988,200:4026,201:4289,202:4318,203:4084,204:4311,205:4072,206:4242,207:4428,208:4279,209:4057,210:4401,211:4070,212:4325,213:4232,214:4299,215:4467,216:4191,217:4213,218:4137,219:4104,220:4221,221:4305,222:4299,223:4464,224:4479,225:4125,226:4212,227:4320,228:4197,229:4462,230:4181,231:4487,232:4202,233:4250,234:4336,235:4122,236:4319,237:4401,238:4316,239:4168,240:4224,241:4257,242:4098,243:4082,244:4044,245:4081,246:4072,247:4174,248:4174,249:4226,250:4064,251:4096,252:4265,253:4155,254:4062,255:4076,256:4188,257:4091,258:4248,259:4083,260:4055,261:4267,262:4192,263:3917,264:4004,265:3951,266:4072,267:4002,268:4183,269:4197,270:3980,271:3927,272:3886,273:4054,274:3897,275:3941,276:3875,277:3804,278:4038,279:3810,280:4003,281:3897,282:3780,283:3911,284:3716,285:3684,286:3975,287:3840,288:3846,289:3681,290:3895,291:3638,292:3926,293:3629,294:3673,295:3805,296:3916,297:3756,298:3775,299:3739,300:3905,301:3893,302:3809,303:3554,304:3800,305:3866,306:3877,307:3624,308:3759,309:3607,310:3870,311:3667,312:3634,313:3656,314:3765,315:3840,316:3535,317:3518,318:3876,319:3690,320:3549,321:3506,322:3803,323:3839,324:3784,325:3706,326:3708,327:3920,328:3847,329:3917,330:3565,331:3730,332:3768,333:3590,334:3670,335:3907,336:3863,337:3911,338:3591,339:3904,340:3650,341:3906,342:4001,343:3755,344:3743,345:4041,346:3756,347:3951,348:3731,349:3760,350:3798,351:3988,352:3797,353:3785,354:3918,355:3841,356:3829,357:3931,358:3989,359:3937
0:3810,1:4036,2:4122,3:3904,4:3997,5:4088,6:3994,7:4156,8:3924,9:4206,10:3943,11:4108,12:4013,13:4232,14:4211,15:4306,16:3968,17:4126,18:4276,19:4367,20:4030,21:4359,22:4310,23:4296,24:4128,25:4143,26:4287,27:4064,28:4153,29:4417,30:4380,31:4216,32:4180,33:4114,34:4222,35:4230,36:4459,37:4266,38:4216,39:4412,40:4231,41:4222,42:4454,43:4310,44:4457,45:4139,46:4243,47:4101,48:4433,49:4392,50:4294,51:4296,52:4287,53:4255,54:4216,55:4127,56:4405,57:4367,58:4245,59:4449,60:4183,61:4171,62:4210,63:4194,64:4350,65:4422,66:4363,67:4238,68:4352,69:4251,70:4006,71:4077,72:4326,73:3990,74:4181,75:4178,76:4310,77:4086,78:4005,79:4123,80:4003,81:3893,82:3951,83:4106,84:3997,85:4143,86:4168,87:4124,88:4077,89:4098,90:4063,91:4088,92:3844,93:4055,94:3868,95:3845,96:4114,97:3743,98:3910,99:4034,100:3814,101:3845,102:3941,103:3751,104:3706,105:3689,106:3642,107:3946,108:3764,109:4003,110:3659,111:3669,112:3606,113:3676,114:3688,115:3580,116:3839,117:3784,118:3880,119:3675,120:3937,121:3618,122:3734,123:3607,124:3746,125:3592,126:3805,127:3822,128:3768,129:3522,130:3830,131:3752,132:3773,133:3515,134:3844,135:3517,136:3549,137:3513,138:3857,139:3718,140:3797,141:3579,142:3710,143:3673,144:3662,145:3661,146:3613,147:3642,148:3757,149:3665,150:3563,151:3826,152:3705,153:3905,154:3680,155:3789,156:3949,157:3602,158:3823,159:3949,160:3901,161:3856,162:3911,163:3880,164:3870,165:3894,166:4039,167:3972,168:3937,169:3988,170:3947,171:4096,172:3768,173:3910,174:3808,175:3896,176:4151,177:3838,178:3964,179:3907,180:3818,181:4118,182:3917,183:3862,184:4177,185:4076,186:3893,187:3878,188:4198,189:3959,190:4164,191:4273,192:4224,193:4102,194:4208,195:3953,196:4345,197:4080,198:4169,199:4152,200:4061,201:4356,202:4076,203:4355,204:4256,205:4176,206:4113,207:4168,208:4167,209:4310,210:4136,211:4353,212:4421,213:4411,214:4133,215:4241,216:4258,217:4303,218:4128,219:4166,220:4152,221:4438,222:4135,223:4471,224:4226,225:4218,226:4419,227:4181,228:4217,229:4292,230:4171,231:4393,232:4364,233:4333,234:4407,235:4409,236:4367,237:4144,238:4358,239:4218,240:4144,241:4295,242:4077,243:4358,244:4066,245:4407,246:4124,247:4029,248:4031,249:4043,250:4124,251:4177,252:3989,253:4225,254:4330,255:4115,256:4088,257:4052,258:3942,259:3978,260:4018,261:4174,262:3926,263:3915,264:4111,265:4046,266:4199,267:3989,268:3935,269:3870,270:4191,271:4113,272:4016,273:3853,274:4121,275:3957,276:4087,277:4117,278:4108,279:4095,280:4075,281:3966,282:3901,283:3821,284:3787,285:3789,286:3798,287:4014,288:3821,289:3989,290:3785,291:3649,292:3705,293:3883,294:3896,295:3748,296:3651,297:3704,298:3606,299:3857,300:3821,301:3640,302:3628,303:3822,304:3758,305:3623,306:3853,307:3522,308:3789,309:3836,310:3628,311:3708,312:3811,313:3720,314:3788,315:3879,316:3799,317:3780,318:3821,319:3853,320:3629,321:3645,322:3578,323:3691,324:3569,325:3561,326:3792,327:3700,328:3673,329:3625,330:3590,331:3603,332:3910,333:3957,334:3923,335:3762,336:3673,337:3761,338:3956,339:3771,340:3770,341:3820,342:3985,343:3889,344:3852,345:3837,346:4016,347:3865,348:3961,349:4085,350:3760,351:4050,352:4072,353:4105,354:3770,355:3753,356:4156,357:3836,358:4174,359:4043
0:3860,1:4069,2:4039,3:4102,4:3893,5:4078,6:4035,7:3997,8:3971,9:4168,10:3988,11:4145,12:4241,13:4293,14:4334,15:4024,16:4080,17:4100,18:4013,19:4096,20:4178,21:4035,22:4286,23:4164,24:4177,25:4296,26:4381,27:4434,28:4356,29:4228,30:4090,31:4354,32:4216,33:4465,34:4442,35:4082,36:4340,37:4411,38:4352,39:4412,40:4313,41:4198,42:4247,43:4357,44:4433,45:4365,46:4423,47:4299,48:4469,49:4427,50:4340,51:4325,52:4183,53:4310,54:4185,55:4476,56:4389,57:4357,58:4077,59:4306,60:4170,61:4439,62:4101,63:4196,64:4399,65:4369,66:4122,67:4369,68:4069,69:4143,70:4022,71:4203,72:4353,73:4296,74:4189,75:4347,76:3956,77:4260,78:4264,79:3923,80:4103,81:3938,82:3927,83:3975,84:4078,85:4189,86:4171,87:4122,88:4022,89:4115,90:4142,91:3870,92:4029,93:4085,94:4091,95:4138,96:3809,97:4113,98:3967,99:4018,100:3976,101:3714,102:3714,103:3966,104:3662,105:3692,106:3776,107:3811,108:3766,109:3646,110:4006,111:3637,112:3917,113:3591,114:3670,115:3822,116:3647,117:3862,118:3725,119:3900,120:3631,121:3664,122:3826,123:3755,124:3700,125:3917,126:3545,127:3652,128:3757,129:3597,130:3594,131:3775,132:3731,133:3698,134:3725,135:3668,136:3666,137:3508,138:3554,139:3861,140:3565,141:3749,142:3551,143:3697,144:3810,145:3789,146:3868,147:3628,148:3662,149:3845,150:3698,151:3734,152:3688,153:3915,154:3725,155:3940,156:3860,157:3791,158:3958,159:3713,160:3794,161:3773,162:3977,163:3645,164:3947,165:3912,166:3778,167:3715,168:3779,169:3959,170:4081,171:3762,172:3880,173:3946,174:3916,175:3973,176:4071,177:3935,178:3927,179:4074,180:4142,181:3962,182:4182,183:3959,184:4035,185:3944,186:4042,187:3900,188:4151,189:4291,190:4035,191:4192,192:4318,193:3949,194:4161,195:4077,196:4071,197:4327,198:4232,199:4294,200:4185,201:4339,202:4183,203:4358,204:4122,205:4290,206:4080,207:4246,208:4128,209:4269,210:4189,211:4411,212:4399,213:4219,214:4327,215:4420,216:4342,217:4295,218:4287,219:4392,220:4260,221:4311,222:4394,223:4214,224:4343,225:4297,226:4295,227:4159,228:4170,229:4206,230:4219,231:4250,232:4224,233:4120,234:4241,235:4428,236:4363,237:4399,238:4226,239:4139,240:4450,241:4139,242:4364,243:4425,244:4103,245:4032,246:4364,247:4299,248:4099,249:4397,250:4029,251:4011,252:4176,253:4028,254:4081,255:4106,256:4040,257:4218,258:3950,259:4124,260:4119,261:3970,262:4282,263:3958,264:3864,265:4216,266:4088,267:3951,268:4092,269:3960,270:4002,271:3949,272:3976,273:3930,274:3839,275:4011,276:3938,277:3878,278:3762,279:3854,280:3936,281:3973,282:3774,283:3938,284:3820,285:3944,286:4008,287:4022,288:3714,289:3825,290:3788,291:3848,292:3930,293:3868,294:3785,295:3704,296:3880,297:3937,298:3699,299:3907,300:3761,301:3608,302:3879,303:3712,304:3556,305:3574,306:3753,307:3847,308:3727,309:3886,310:3738,311:3892,312:3532,313:3819,314:3868,315:3660,316:3551,317:3895,318:3632,319:3805,320:3574,321:3599,322:3704,323:3704,324:3574,325:3759,326:3633,327:3566,328:3845,329:3861,330:3852,331:3630,332:3920,333:3762,334:3861,335:3715,336:3947,337:3813,338:3898,339:3857,340:3825,341:3873,342:3681,343:3950,344:3997,345:4018,346:4037,347:3718,348:3967,349:3918,350:4072,351:3775,352:3832,353:3777,354:4094,355:4129,356:3783,357:3942,358:3977,359:3891
0:4112,1:3816,2:4164,3:3964,4:4122,5:3952,6:4236,7:3934,8:3937,9:4204,10:4016,11:3969,12:3971,13:3978,14:3967,15:4293,16:4103,17:4232,18:4035,19:4198,20:4227,21:4371,22:4273,23:4049,24:4117,25:4031,26:4286,27:4274,28:4266,29:4158,30:4229,31:4181,32:4265,33:4337,34:4281,35:4305,36:4132,37:4463,38:4240,39:4463,40:4475,41:4491,42:4204,43:4314,44:4449,45:4322,46:4486,47:4382,48:4159,49:4321,50:4469,51:4257,52:4096,53:4182,54:4378,55:4329,56:4158,57:4294,58:4070,59:4147,60:4361,61:4387,62:4106,63:4094,64:4063,65:4069,66:4312,67:4156,68:4273,69:4090,70:4020,71:4238,72:4324,73:4203,74:4193,75:4120,76:3949,77:4328,78:4179,79:4037,80:3929,81:3958,82:4130,83:4042,84:4094,85:4016,86:3965,87:3969,88:3840,89:4145,90:4053,91:4015,92:4014,93:3810,94:3829,95:3846,96:3847,97:3997,98:4077,99:4005,100:3775,101:3832,102:3770,103:3882,104:3849,105:4027,106:3839,107:3825,108:3788,109:3690,110:3860,111:3670,112:3709,113:3736,114:3793,115:3769,116:3612,117:3650,118:3911,119:3565,120:3540,121:3684,122:3536,123:3813,124:3602,125:3852,126:3907,127:3638,128:3808,129:3859,130:3512,131:3608,132:3762,133:3528,134:3697,135:3870,136:3774,137:3721,138:3579,139:3542,140:3545,141:3550,142:3579,143:3870,144:3634,145:3554,146:3782,147:3802,148:3700,149:3789,150:3607,151:3792,152:3731,153:3640,154:3663,155:3938,156:3774,157:3784,158:3861,159:3846,160:3725,161:3669,162:3883,163:3988,164:3731,165:3965,166:3735,167:3711,168:3796,169:4083,170:4043,171:3951,172:3778,173:3914,174:3916,175:3984,176:3994,177:3797,178:4086,179:4011,180:4154,181:4162,182:3834,183:4083,184:4241,185:4185,186:4187,187:4099,188:4276,189:4228,190:4149,191:3962,192:4312,193:4201,194:4188,195:4330,196:4332,197:3974,198:4014,199:4055,200:4201,201:4211,202:4118,203:4197,204:4309,205:4200,206:4432,207:4091,208:4372,209:4346,210:4170,211:4086,212:4200,213:4284,214:4447,215:4192,216:4426,217:4309,218:4310,219:4373,220:4263,221:4364,222:4115,223:4466,224:4473,225:4461,226:4287,227:4485,228:4390,229:4489,230:4176,231:4231,232:4429,233:4322,234:4091,235:4402,236:4242,237:4339,238:4451,239:4358,240:4344,241:4332,242:4354,243:4166,244:4058,245:4197,246:4039,247:4391,248:4148,249:4010,250:4176,251:4250,252:4099,253:4078,254:4201,255:4206,256:4074,257:4260,258:4192,259:4269,260:4102,261:4130,262:4166,263:4038,264:4240,265:4122,266:4031,267:4099,268:4106,269:4124,270:3912,271:4055,272:4158,273:3828,274:3971,275:3933,276:4021,277:4011,278:3769,279:3878,280:3792,281:3763,282:3725,283:3887,284:3684,285:3881,286:3748,287:3898,288:3789,289:3691,290:3985,291:3811,292:3862,293:3854,294:3974,295:3603,296:3758,297:3697,298:3708,299:3922,300:3617,301:3660,302:3612,303:3537,304:3685,305:3740,306:3680,307:3762,308:3666,309:3514,310:3754,311:3522,312:3777,313:3539,314:3525,315:3605,316:3834,317:3572,318:3860,319:3592,320:3899,321:3510,322:3841,323:3564,324:3680,325:3655,326:3773,327:3774,328:3603,329:3722,330:3648,331:3711,332:3921,333:3819,334:3754,335:3634,336:3633,337:3864,338:3933,339:3725,340:3943,341:3985,342:3910,343:3647,344:3988,345:3720,346:3682,347:3715,348:4014,349:3849,350:3755,351:3778,352:3786,353:3795,354:3925,355:4129,356:3964,357:4123,358:4128,359:4014
0:3848,1:4143,2:3954,3:3986,4:3915,5:3970,6:4077,7:4214,8:4027,9:4002,10:3973,11:3988,12:3989,13:3964,14:4208,15:4345,16:4006,17:4119,18:4306,19:4330,20:4298,21:4023,22:4255,23:4367,24:4126,25:4184,26:4392,27:4431,28:4397,29:4240,30:4364,31:4129,32:4454,33:4100,34:4167,35:4172,36:4452,37:4186,38:4226,39:4124,40:4132,41:4217,42:4155,43:4192,44:4303,45:4393,46:4263,47:4100,48:4321,49:4306,50:4393,51:4217,52:4242,53:4366,54:4222,55:4266,56:4090,57:4338,58:4184,59:4365,60:4258,61:4178,62:4101,63:4156,64:4348,65:4407,66:4372,67:4247,68:4037,69:4067,70:4070,71:4337,72:4000,73:4292,74:4237,75:3974,76:4333,77:4281,78:4262,79:4218,80:4219,81:4037,82:4064,83:4030,84:3866,85:4224,86:4203,87:3974,88:4165,89:3975,90:4115,91:3837,92:4019,93:3839,94:4067,95:4003,96:3854,97:3932,98:4091,99:3837,100:4059,101:3910,102:3884,103:4041,104:3960,105:3694,106:3751,107:3798,108:3950,109:3628,110:3798,111:3867,112:3817,113:3975,114:3668,115:3899,116:3834,117:3846,118:3621,119:3776,120:3821,121:3535,122:3642,123:3726,124:3844,125:3531,126:3876,127:3699,128:3834,129:3767,130:3663,131:3685,132:3616,133:3899,134:3584,135:3826,136:3656,137:3796,138:3788,139:3637,140:3767,141:3881,142:3630,143:3539,144:3783,145:3518,146:3757,147:3585,148:3770,149:3932,150:3876,151:3703,152:3824,153:3823,154:3600,155:3733,156:3970,157:3635,158:3707,159:3626,160:3610,161:3818,162:3785,163:3718,164:3953,165:3959,166:3747,167:3804,168:3778,169:3912,170:3957,171:3915,172:3746,173:3801,174:3848,175:3798,176:3858,177:3836,178:3823,179:4029,180:3923,181:3983,182:4073,183:4164,184:4173,185:4102,186:3880,187:3971,188:3993,189:4104,190:4004,191:4002,192:4163,193:4015,194:4231,195:4308,196:4154,197:4283,198:4045,199:3998,200:4240,201:4297,202:4014,203:4321,204:4409,205:4265,206:4131,207:4387,208:4278,209:4328,210:4122,211:4436,212:4265,213:4365,214:4373,215:4083,216:4302,217:4376,218:4158,219:4269,220:4195,221:4458,222:4240,223:4454,224:4108,225:4164,226:4415,227:4455,228:4236,229:4354,230:4225,231:4385,232:4220,233:4200,234:4138,235:4377,236:4281,237:4421,238:4192,239:4089,240:4130,241:4240,242:4168,243:4307,244:4302,245:4224,246:4270,247:4182,248:4251,249:4188,250:4122,251:4277,252:3985,253:4044,254:4002,255:4293,256:4143,257:3963,258:3947,259:4194,260:4155,261:3999,262:3939,263:4248,264:4127,265:3927,266:4218,267:3978,268:4088,269:3991,270:3937,271:4008,272:3884,273:3987,274:3817,275:4106,276:3980,277:3743,278:3835,279:3968,280:3824,281:3760,282:3964,283:3893,284:3737,285:3894,286:3810,287:3841,288:3830,289:3972,290:3838,291:3615,292:3807,293:3645,294:3834,295:3798,296:3589,297:3945,298:3849,299:3769,300:3923,301:3873,302:3916,303:3710,304:3721,305:3870,306:3908,307:3850,308:3699,309:3611,310:3616,311:3858,312:3536,313:3848,314:3577,315:3787,316:3801,317:3723,318:3707,319:3578,320:3899,321:3671,322:3761,323:3903,324:3527,325:3589,326:3824,327:3633,328:3740,329:3563,330:3802,331:3932,332:3734,333:3612,334:3631,335:3923,336:3875,337:3737,338:3905,339:3829,340:3953,341:3782,342:3697,343:3882,344:4015,345:3834,346:3714,347:3818,348:4002,349:3934,350:3957,351:3755,352:4030,353:3887,354:3870,355:3866,356:3900,357:4090,358:3868,359:3948
0:3850,1:4205,2:3909,3:4081,4:4234,5:4085,6:4207,7:4070,8:4041,9:3904,10:4185,11:4287,12:4232,13:4071,14:4019,15:4280,16:4184,17:4290,18:4103,19:4171,20:4221,21:4094,22:4223,23:4337,24:4203,25:4045,26:4318,27:4267,28:4437,29:4263,30:4423,31:4348,32:4464,33:4219,34:4261,35:4100,36:4180,37:4352,38:4307,39:4247,40:4244,41:4400,42:4321,43:4182,44:4109,45:4104,46:4195,47:4227,48:4435,49:4237,50:4247,51:4206,52:4307,53:4375,54:4171,55:4108,56:4080,57:4339,58:4264,59:4354,60:4324,61:4337,62:4396,63:4338,64:4036,65:4415,66:4175,67:4078,68:4089,69:4350,70:4264,71:4252,72:4053,73:4108,74:4173,75:4003,76:4193,77:4234,78:4020,79:3990,80:4162,81:4264,82:4043,83:3941,84:4066,85:4038,86:3887,87:4216,88:4107,89:4130,90:4026,91:3958,92:3889,93:4124,94:3794,95:4057,96:4116,97:4086,98:3774,99:3749,100:3997,101:4082,102:4014,103:3894,104:3945,105:3744,106:3777,107:3839,108:3914,109:3798,110:3742,111:3675,112:3798,113:3852,114:3830,115:3726,116:3620,117:3940,118:3646,119:3807,120:3856,121:3846,122:3858,123:3806,124:3680,125:3908,126:3689,127:3587,128:3760,129:3644,130:3693,131:3723,132:3699,133:3584,134:3881,135:3711,136:3846,137:3794,138:3730,139:3701,140:3819,141:3774,142:3518,143:3743,144:3846,145:3880,146:3676,147:3549,148:3741,149:3672,150:3833,151:3546,152:3671,153:3667,154:3808,155:3969,156:3915,157:3693,158:3634,159:3650,160:3882,161:3751,162:3651,163:3917,164:3754,165:3688,166:4039,167:3984,168:3736,169:4034,170:3878,171:3877,172:3900,173:3819,174:3768,175:3923,176:3970,177:4047,178:3951,179:3871,180:4192,181:4078,182:3900,183:3951,184:4149,185:4199,186:4152,187:4151,188:4233,189:4170,190:4261,191:4222,192:4241,193:4318,194:4077,195:3995,196:4250,197:4225,198:4344,199:3988,200:4329,201:4076,202:4365,203:4288,204:4081,205:4272,206:4361,207:4133,208:4275,209:4358,210:4344,211:4248,212:4105,213:4079,214:4140,215:4462,216:4262,217:4375,218:4352,219:4386,220:4448,221:4387,222:4292,223:4283,224:4242,225:4159,226:4358,227:4186,228:4235,229:4266,230:4470,231:4192,232:4158,233:4428,234:4307,235:4203,236:4250,237:4273,238:4212,239:4133,240:4227,241:4200,242:4316,243:4350,244:4277,245:4411,246:4163,247:4181,248:4217,249:4254,250:4092,251:4246,252:4040,253:4355,254:4129,255:4055,256:4050,257:4230,258:4117,259:4174,260:4074,261:3961,262:4143,263:4046,264:3898,265:3988,266:4051,267:4139,268:4029,269:3947,270:4192,271:3976,272:4129,273:4058,274:4076,275:4069,276:3906,277:4052,278:4061,279:3751,280:3702,281:3707,282:3978,283:3782,284:4045,285:3845,286:3805,287:3692,288:3937,289:3691,290:3660,291:3962,292:3970,293:3807,294:3616,295:3813,296:3644,297:3783,298:3782,299:3704,300:3881,301:3561,302:3677,303:3698,304:3602,305:3741,306:3740,307:3711,308:3719,309:3830,310:3713,311:3875,312:3669,313:3687,314:3799,315:3877,316:3783,317:3784,318:3700,319:3848,320:3853,321:3652,322:3661,323:3883,324:3578,325:3731,326:3730,327:3908,328:3716,329:3588,330:3685,331:3819,332:3832,333:3931,334:3853,335:3913,336:3782,337:3873,338:3742,339:3713,340:3905,341:3970,342:3925,343:4024,344:3748,345:3725,346:3917,347:3754,348:3745,349:3822,350:3983,351:3971,352:3826,353:3986,354:3745,355:3846,356:3775,357:4067,358:3831,359:4060
0:3878,1:4115,2:4214,3:4142,4:3872,5:3927,6:4008,7:4155,8:4011,9:3906,10:4241,11:4170,12:4259,13:4097,14:4223,15:4176,16:4159,17:4283,18:4269,19:3997,20:4283,21:4260,22:4163,23:4380,24:4394,25:4032,26:4284,27:4182,28:4139,29:4293,30:4365,31:4066,32:4092,33:4294,34:4263,35:4400,36:4295,37:4360,38:4359,39:4332,40:4381,41:4328,42:4126,43:4322,44:4268,45:4486,46:4250,47:4207,48:4424,49:4391,50:4449,51:4150,52:4153,53:4347,54:4369,55:4433,56:4373,57:4140,58:4438,59:4223,60:4194,61:4099,62:4133,63:4176,64:4298,65:4033,66:4153,67:4172,68:4040,69:4352,70:4281,71:4216,72:4187,73:4137,74:4142,75:3998,76:4061,77:4309,78:4209,79:3927,80:4059,81:4156,82:4222,83:3942,84:4133,85:3864,86:4089,87:3930,88:4177,89:3908,90:4094,91:3986,92:3946,93:3962,94:3928,95:3849,96:3971,97:3808,98:4104,99:3992,100:3956,101:3797,102:3953,103:3907,104:4048,105:3892,106:3994,107:3812,108:3946,109:3936,110:3642,111:3990,112:3692,113:3646,114:3873,115:3721,116:3948,117:3705,118:3755,119:3759,120:3887,121:3692,122:3559,123:3698,124:3717,125:3530,126:3516,127:3685,128:3851,129:3636,130:3537,131:3698,132:3853,133:3633,134:3511,135:3677,136:3824,137:3815,138:3888,139:3774,140:3778,141:3707,142:3716,143:3590,144:3785,145:3738,146:3918,147:3869,148:3898,149:3929,150:3878,151:3669,152:3948,153:3832,154:3744,155:3830,156:3969,157:3886,158:3839,159:3907,160:3874,161:3956,162:3987,163:3770,164:4038,165:3831,166:3700,167:3835,168:3814,169:3858,170:3774,171:3992,172:3994,173:4010,174:3921,175:4073,176:3979,177:3777,178:3858,179:3797,180:4071,181:4162,182:3945,183:3971,184:4012,185:4041,186:4009,187:4224,188:4246,189:4042,190:4080,191:3931,192:4158,193:4116,194:4035,195:4337,196:4043,197:4339,198:4126,199:4109,200:4089,201:4079,202:4085,203:4315,204:4074,205:4413,206:4321,207:4202,208:4079,209:4243,210:4336,211:4390,212:4264,213:4158,214:4353,215:4107,216:4118,217:4450,218:4422,219:4207,220:4382,221:4465,222:4240,223:4127,224:4437,225:4433,226:4286,227:4458,228:4278,229:4461,230:4143,231:4230,232:4150,233:4456,234:4349,235:4335,236:4320,237:4089,238:4097,239:4142,240:4165,241:4379,242:4138,243:4099,244:4078,245:4107,246:4280,247:4343,248:4104,249:4263,250:4235,251:4129,252:4238,253:4030,254:4251,255:4003,256:4178,257:4070,258:4308,259:4208,260:3926,261:4156,262:4064,263:3954,264:4132,265:4160,266:3891,267:4080,268:3892,269:3823,270:3902,271:4041,272:3980,273:4126,274:3904,275:3860,276:3938,277:3941,278:4013,279:3713,280:3719,281:3754,282:4038,283:3945,284:4057,285:3840,286:3798,287:3967,288:3669,289:3948,290:3916,291:3833,292:3730,293:3695,294:3679,295:3582,296:3681,297:3865,298:3770,299:3712,300:3765,301:3822,302:3783,303:3893,304:3704,305:3578,306:3817,307:3590,308:3707,309:3645,310:3784,311:3737,312:3584,313:3699,314:3766,315:3665,316:3501,317:3781,318:3717,319:3789,320:3814,321:3633,322:3674,323:3869,324:3607,325:3678,326:3878,327:3785,328:3796,329:3901,330:3597,331:3940,332:3589,333:3682,334:3883,335:3789,336:3931,337:3865,338:3698,339:3933,340:3930,341:3808,342:3942,343:3892,344:3981,345:3956,346:4031,347:3817,348:3890,349:3863,350:4042,351:4098,352:4084,353:3842,354:3903,355:3851,356:4082,357:4016,358:4068,359:3795
0:3851,1:3816,2:4170,3:4228,4:4141,5:4133,6:4218,7:4237,8:4049,9:4251,10:3935,11:4282,12:4224,13:4062,14:4004,15:4128,16:4245,17:4021,18:4104,19:4106,20:4304,21:4302,22:4261,23:4258,24:4231,25:4043,26:4390,27:4058,28:4264,29:4268,30:4260,31:4261,32:4442,33:4441,34:4373,35:4470,36:4285,37:4154,38:4287,39:4093,40:4291,41:4333,42:4169,43:4150,44:4438,45:4430,46:4120,47:4152,48:4098,49:4480,50:4171,51:4399,52:4229,53:4322,54:4262,55:4240,56:4259,57:4309,58:4398,59:4329,60:4426,61:4205,62:4443,63:4204,64:4306,65:4328,66:4146,67:4044,68:4207,69:4067,70:4195,71:4328,72:4251,73:4012,74:4337,75:4152,76:4069,77:3935,78:4206,79:4201,80:4207,81:4182,82:4122,83:4108,84:4086,85:3910,86:3854,87:4152,88:3856,89:4073,90:3888,91:4115,92:4130,93:3799,94:4059,95:4077,96:4039,97:4066,98:4017,99:3951,100:4050,101:3931,102:3990,103:3869,104:3723,105:3893,106:4012,107:3874,108:3846,109:3801,110:3679,111:3804,112:3618,113:3807,114:3778,115:3706,116:3789,117:3888,118:3939,119:3723,120:3939,121:3620,122:3613,123:3558,124:3878,125:3579,126:3877,127:3639,128:3536,129:3746,130:3655,131:3611,132:3563,133:3765,134:3515,135:3882,136:3543,137:3887,138:3544,139:3842,140:3818,141:3807,142:3589,143:3865,144:3808,145:3768,146:3803,147:3526,148:3581,149:3864,150:3885,151:3599,152:3620,153:3798,154:3736,155:3734,156:3705,157:3665,158:3648,159:3639,160:3943,161:3984,162:3859,163:3745,164:3924,165:3884,166:3947,167:3720,168:4010,169:4022,170:4057,171:3860,172:3957,173:3746,174:3899,175:3811,176:4155,177:3786,178:3987,179:3988,180:3899,181:3873,182:3840,183:3835,184:3849,185:4126,186:4113,187:3956,188:4049,189:4176,190:4223,191:4213,192:4149,193:4110,194:4241,195:4059,196:4165,197:3971,198:4270,199:4278,200:4229,201:4143,202:4092,203:4170,204:4361,205:4300,206:4297,207:4407,208:4380,209:4404,210:4096,211:4096,212:4394,213:4225,214:4236,215:4331,216:4302,217:4410,218:4349,219:4180,220:4238,221:4330,222:4257,223:4419,224:4456,225:4283,226:4197,227:4418,228:4312,229:4274,230:4108,231:4264,232:4379,233:4330,234:4413,235:4223,236:4446,237:4142,238:4254,239:4446,240:4245,241:4159,242:4297,243:4331,244:4385,245:4392,246:4190,247:4346,248:4019,249:4319,250:4036,251:3994,252:4255,253:4365,254:3978,255:4153,256:3963,257:4072,258:4260,259:4053,260:4024,261:4128,262:3923,263:3932,264:4093,265:4130,266:3906,267:4090,268:3989,269:3962,270:4006,271:3835,272:3815,273:3897,274:3976,275:3873,276:3907,277:4023,278:4052,279:3828,280:3946,281:3749,282:3988,283:3728,284:3768,285:4019,286:3951,287:3955,288:3770,289:3838,290:3902,291:3627,292:3823,293:3945,294:3783,295:3843,296:3894,297:3648,298:3935,299:3684,300:3644,301:3567,302:3538,303:3748,304:3530,305:3757,306:3737,307:3876,308:3864,309:3782,310:3887,311:3515,312:3678,313:3612,314:3656,315:3681,316:3764,317:3526,318:3839,319:3842,320:3866,321:3826,322:3747,323:3769,324:3643,325:3674,326:3531,327:3762,328:3549,329:3912,330:3616,331:3711,332:3635,333:3791,334:3960,335:3850,336:3597,337:3867,338:3594,339:3676,340:3968,341:3751,342:3969,343:4009,344:3845,345:4025,346:3920,347:4061,348:3934,349:4084,350:3828,351:3724,352:3882,353:4056,354:3788,355:3804,356:4107,357:3936,358:3805,359:4077
0:3970,1:4193,2:3841,3:3891,4:4000,5:4060,6:4075,7:3906,8:4176,9:4009,10:4288,11:4308,12:4081,13:4064,14:4305,15:4238,16:4122,17:4249,18:4075,19:4099,20:4153,21:4087,22:4225,23:4255,24:4098,25:4206,26:4308,27:4273,28:4419,29:4397,30:4283,31:4168,32:4131,33:4184,34:4324,35:4314,36:4255,37:4265,38:4103,39:4167,40:4188,41:4462,42:4362,43:4339,44:4161,45:4163,46:4292,47:4279,48:4115,49:4231,50:4183,51:4432,52:4122,53:4391,54:4184,55:4106,56:4277,57:4142,58:4391,59:4328,60:4424,61:4259,62:4146,63:4046,64:4336,65:4309,66:4293,67:4388,68:4201,69:4214,70:4302,71:4311,72:4242,73:4062,74:4095,75:4231,76:4254,77:4189,78:4296,79:4226,80:4168,81:4085,82:3968,83:3922,84:3937,85:4053,86:4043,87:3955,88:4134,89:3850,90:3839,91:3894,92:4096,93:4075,94:4126,95:3818,96:3905,97:3836,98:3902,99:4086,100:3837,101:3832,102:3683,103:3958,104:3974,105:3814,106:3880,107:3892,108:3854,109:3950,110:3818,111:3965,112:3989,113:3931,114:3923,115:3716,116:3960,117:3583,118:3620,119:3679,120:3557,121:3618,122:3924,123:3654,124:3547,125:3571,126:3565,127:3565,128:3869,129:3553,130:3736,131:3624,132:3653,133:3875,134:3712,135:3690,136:3611,137:3854,138:3772,139:3743,140:3798,141:3621,142:3883,143:3910,144:3814,145:3759,146:3790,147:3787,148:3670,149:3817,150:3839,151:3893,152:3685,153:3566,154:3798,155:3797,156:3821,157:3636,158:3606,159:3793,160:3641,161:3796,162:3860,163:3953,164:3856,165:3837,166:3762,167:3795,168:3686,169:3793,170:3716,171:3765,172:3809,173:3915,174:3806,175:3950,176:3814,177:3786,178:4144,179:4175,180:4133,181:4057,182:4163,183:3912,184:4129,185:4067,186:4049,187:3880,188:3885,189:4243,190:4165,191:4025,192:4189,193:4110,194:4092,195:4128,196:4226,197:4097,198:4306,199:4066,200:4356,201:4109,202:4275,203:4104,204:4302,205:4384,206:4213,207:4436,208:4054,209:4383,210:4439,211:4068,212:4425,213:4094,214:4271,215:4192,216:4332,217:4121,218:4445,219:4236,220:4204,221:4370,222:4205,223:4397,224:4399,225:4359,226:4376,227:4252,228:4205,229:4442,230:4475,231:4253,232:4238,233:4374,234:4325,235:4304,236:4406,237:4355,238:4126,239:4103,240:4383,241:4057,242:4355,243:4153,244:4146,245:4060,246:4143,247:4130,248:4128,249:4257,250:4209,251:4199,252:4225,253:4271,254:4040,255:3985,256:4299,257:4063,258:4281,259:4161,260:4217,261:4024,262:3892,263:3905,264:4163,265:4116,266:4212,267:3947,268:4151,269:4029,270:3844,271:4151,272:4126,273:3842,274:3801,275:3761,276:3806,277:4056,278:3834,279:3904,280:3792,281:3786,282:3883,283:3752,284:4038,285:3758,286:3795,287:3713,288:3834,289:3896,290:3906,291:3913,292:3715,293:3607,294:3866,295:3798,296:3681,297:3693,298:3702,299:3685,300:3674,301:3660,302:3759,303:3841,304:3786,305:3796,306:3841,307:3532,308:3520,309:3721,310:3880,311:3729,312:3634,313:3810,314:3591,315:3775,316:3799,317:3872,318:3593,319:3609,320:3555,321:3575,322:3696,323:3828,324:3759,325:3765,326:3817,327:3575,328:3865,329:3827,330:3628,331:3933,332:3807,333:3602,334:3739,335:3649,336:3584,337:3866,338:3775,339:3674,340:3943,341:3801,342:3959,343:3987,344:3956,345:3979,346:3946,347:4063,348:3695,349:3855,350:3849,351:3765,352:3718,353:3768,354:3882,355:3909,356:4097,357:3912,358:4021,359:3970
0:4134,1:4192,2:4062,3:4035,4:3926,5:3992,6:4138,7:4203,8:4162,9:4193,10:4278,11:4051,12:4177,13:3969,14:4082,15:4180,16:4260,17:4335,18:4006,19:4133,20:4151,21:4129,22:4353,23:4030,24:4153,25:4059,26:4203,27:4336,28:4381,29:4210,30:4072,31:4068,32:4352,33:4414,34:4148,35:4334,36:4158,37:4255,38:4419,39:4313,40:4229,41:4296,42:4385,43:4130,44:4209,45:4466,46:4456,47:4338,48:4268,49:4214,50:4492,51:4336,52:4333,53:4434,54:4111,55:4172,56:4141,57:4085,58:4333,59:4102,60:4112,61:4299,62:4182,63:4414,64:4163,65:4286,66:4412,67:4190,68:4224,69:4231,70:4303,71:4037,72:4217,73:4048,74:4084,75:4174,76:4060,77:4219,78:4020,79:4277,80:4283,81:4256,82:4099,83:3951,84:4164,85:4079,86:4009,87:3893,88:4125,89:3894,90:3878,91:4005,92:3993,93:4035,94:3891,95:4085,96:4013,97:3808,98:3869,99:3720,100:3881,101:4002,102:3866,103:4048,104:3925,105:3950,106:3827,107:3795,108:3872,109:3711,110:3908,111:3662,112:3753,113:3880,114:3876,115:3769,116:3924,117:3820,118:3663,119:3892,120:3560,121:3640,122:3781,123:3634,124:3874,125:3617,126:3654,127:3587,128:3631,129:3527,130:3848,131:3539,132:3793,133:3805,134:3719,135:3637,136:3604,137:3653,138:3597,139:3634,140:3858,141:3647,142:3821,143:3538,144:3670,145:3555,146:3577,147:3613,148:3544,149:3575,150:3803,151:3818,152:3762,153:3925,154:3847,155:3648,156:3708,157:3722,158:3748,159:3769,160:3963,161:3718,162:3819,163:3795,164:3988,165:3921,166:3767,167:3713,168:3751,169:3818,170:3792,171:3782,172:3842,173:3870,174:3900,175:3907,176:4058,177:3816,178:4108,179:3969,180:4199,181:4129,182:3960,183:4035,184:4121,185:4150,186:4190,187:3901,188:3965,189:3895,190:4191,191:3937,192:4216,193:4221,194:3948,195:4168,196:3969,197:4287,198:4015,199:4130,200:4038,201:4018,202:4357,203:4121,204:4188,205:4043,206:4190,207:4409,208:4350,209:4261,210:4252,211:4119,212:4122,213:4147,214:4278,215:4377,216:4207,217:4137,218:4406,219:4147,220:4301,221:4142,222:4489,223:4489,224:4354,225:4445,226:4439,227:4408,228:4101,229:4267,230:4244,231:4160,232:4292,233:4130,234:4342,235:4355,236:4425,237:4397,238:4469,239:4160,240:4428,241:4317,242:4059,243:4343,244:4123,245:4337,246:4200,247:4020,248:4211,249:4204,250:4162,251:4105,252:4329,253:4305,254:4348,255:4160,256:4224,257:4225,258:3929,259:4224,260:4238,261:3926,262:4064,263:4020,264:4117,265:4163,266:3967,267:3886,268:4038,269:4075,270:3940,271:3976,272:3990,273:3813,274:3825,275:3919,276:3934,277:3899,278:4088,279:3745,280:3894,281:3891,282:3907,283:3936,284:3705,285:3777,286:3875,287:3808,288:3658,289:3690,290:3728,291:3686,292:3766,293:3927,294:3652,295:3914,296:3705,297:3832,298:3692,299:3583,300:3636,301:3813,302:3852,303:3825,304:3597,305:3750,306:3592,307:3752,308:3888,309:3884,310:3614,311:3800,312:3807,313:3613,314:3507,315:3592,316:3796,317:3517,318:3696,319:3814,320:3631,321:3779,322:3535,323:3683,324:3794,325:3758,326:3566,327:3626,328:3713,329:3888,330:3560,331:3879,332:3650,333:3639,334:3569,335:3690,336:3599,337:3737,338:3661,339:3942,340:3904,341:3898,342:4003,343:3892,344:4030,345:3736,346:3927,347:4005,348:3934,349:3956,350:3912,351:4072,352:3823,353:3918,354:3748,355:3952,356:4121,357:4021,358:3960,359:3830
0:3839,1:4058,2:4215,3:4159,4:4202,5:3919,6:4160,7:4116,8:4072,9:4288,10:3959,11:4027,12:4310,13:4032,14:4083,15:4306,16:4341,17:4232,18:4318,19:4313,20:4024,21:4070,22:4128,23:4084,24:4192,25:4321,26:4287,27:4110,28:4336,29:4104,30:4386,31:4081,32:4355,33:4197,34:4177,35:4453,36:4194,37:4389,38:4407,39:4404,40:4196,41:4468,42:4225,43:4377,44:4408,45:4362,46:4244,47:4262,48:4433,49:4447,50:4367,51:4481,52:4109,53:4420,54:4101,55:4333,56:4213,57:4329,58:4248,59:4396,60:4398,61:4177,62:4070,63:4249,64:4097,65:4421,66:4073,67:4160,68:4056,69:4295,70:4045,71:4283,72:4211,73:4136,74:4013,75:4294,76:4312,77:3957,78:3991,79:4241,80:3998,81:4212,82:4277,83:4008,84:3945,85:4199,86:4158,87:4218,88:3839,89:3944,90:4123,91:3998,92:3886,93:3810,94:4102,95:3989,96:4005,97:3811,98:3908,99:3817,100:3864,101:3864,102:3924,103:3756,104:3778,105:3668,106:3696,107:3667,108:3649,109:3805,110:3922,111:3788,112:3697,113:3800,114:3617,115:3814,116:3953,117:3824,118:3899,119:3751,120:3563,121:3884,122:3705,123:3881,124:3824,125:3539,126:3712,127:3575,128:3850,129:3797,130:3694,131:3708,132:3749,133:3521,134:3788,135:3852,136:3663,137:3741,138:3521,139:3513,140:3594,141:3692,142:3585,143:3530,144:3662,145:3578,146:3560,147:3763,148:3653,149:3869,150:3895,151:3738,152:3860,153:3605,154:3733,155:3640,156:3743,157:3671,158:3713,159:3688,160:3900,161:3812,162:3780,163:3922,164:3751,165:3711,166:3730,167:3781,168:3750,169:3938,170:3870,171:3823,172:3896,173:3771,174:3957,175:3888,176:3777,177:4092,178:3949,179:4016,180:4172,181:3921,182:3972,183:4164,184:3928,185:3896,186:3998,187:3932,188:4111,189:4264,190:4100,191:3963,192:4071,193:4159,194:4051,195:4210,196:4350,197:4073,198:4305,199:4012,200:4339,201:4130,202:4298,203:4386,204:4325,205:4379,206:4304,207:4227,208:4409,209:4125,210:4454,211:4182,212:4403,213:4100,214:4426,215:4367,216:4193,217:4301,218:4256,219:4439,220:4435,221:4179,222:4222,223:4110,224:4134,225:4305,226:4174,227:4494,228:4495,229:4139,230:4465,231:4198,232:4289,233:4220,234:4085,235:4271,236:4270,237:4076,238:4316,239:4293,240:4161,241:4222,242:4215,243:4257,244:4117,245:4137,246:4148,247:4301,248:4223,249:4004,250:4098,251:4236,252:4292,253:4342,254:4153,255:4338,256:4247,257:4130,258:4320,259:3940,260:4110,261:4233,262:3968,263:4047,264:4208,265:3879,266:3948,267:3900,268:3930,269:4181,270:4162,271:3797,272:4003,273:3774,274:4129,275:3944,276:4069,277:4010,278:3838,279:3721,280:3960,281:3799,282:3802,283:3896,284:3813,285:3944,286:3649,287:3891,288:3934,289:3872,290:3907,291:3888,292:3692,293:3947,294:3821,295:3851,296:3937,297:3559,298:3725,299:3925,300:3759,301:3840,302:3732,303:3876,304:3535,305:3599,306:3646,307:3582,308:3828,309:3864,310:3518,311:3623,312:3576,313:3691,314:3570,315:3689,316:3570,317:3512,318:3725,319:3627,320:3611,321:3815,322:3618,323:3645,324:3879,325:3861,326:3860,327:3715,328:3853,329:3666,330:3556,331:3707,332:3931,333:3897,334:3761,335:3731,336:3715,337:3592,338:3743,339:3803,340:3977,341:3916,342:3659,343:4011,344:3994,345:3895,346:4002,347:3880,348:3763,349:3758,350:4089,351:3845,352:3917,353:4059,354:3993,355:3824,356:3979,357:3805,358:4167,359:4042
0:3907,1:3815,2:4070,3:3857,4:3864,5:4247,6:3870,7:4086,8:4000,9:4055,10:3955,11:4024,12:4023,13:4065,14:4216,15:4299,16:4197,17:4036,18:4296,19:4167,20:4023,21:4187,22:4280,23:4318,24:4032,25:4199,26:4097,27:4248,28:4189,29:4432,30:4393,31:4460,32:4432,33:4467,34:4081,35:4399,36:4365,37:4321,38:4140,39:4247,40:4419,41:4460,42:4451,43:4100,44:4161,45:4462,46:4243,47:4462,48:4365,49:4238,50:4254,51:4294,52:4473,53:4375,54:4366,55:4170,56:4096,57:4221,58:4425,59:4363,60:4315,61:4132,62:4313,63:4065,64:4057,65:4336,66:4189,67:4291,68:4216,69:4102,70:4118,71:4339,72:4212,73:4192,74:4295,75:4264,76:4084,77:4071,78:4129,79:4019,80:3920,81:3987,82:4004,83:4198,84:3895,85:4245,86:4163,87:4018,88:4071,89:4135,90:3880,91:4045,92:4036,93:3839,94:4080,95:3920,96:4041,97:4115,98:3896,99:3867,100:3767,101:3751,102:3811,103:3783,104:3681,105:3742,106:3692,107:3868,108:3811,109:3809,110:3665,111:3950,112:3887,113:3589,114:3639,115:3590,116:3717,117:3858,118:3606,119:3569,120:3551,121:3697,122:3539,123:3824,124:3632,125:3615,126:3736,127:3759,128:3600,129:3519,130:3805,131:3795,132:3534,133:3832,134:3579,135:3883,136:3610,137:3702,138:3870,139:3809,140:3650,141:3510,142:3708,143:3589,144:3846,145:3869,146:3678,147:3880,148:3786,149:3783,150:3614,151:3600,152:3638,153:3627,154:3734,155:3623,156:3646,157:3597,158:3989,159:3964,160:3764,161:3637,162:3945,163:3795,164:4021,165:3669,166:3725,167:3889,168:4051,169:3735,170:3894,171:3986,172:3841,173:3918,174:3875,175:3761,176:3782,177:3906,178:4028,179:4068,180:4046,181:4014,182:3839,183:3915,184:4199,185:3852,186:4077,187:4194,188:3981,189:3995,190:4053,191:3996,192:4314,193:4014,194:4193,195:4162,196:4325,197:4317,198:4221,199:4344,200:4364,201:4058,202:4360,203:4348,204:4220,205:4131,206:4070,207:4353,208:4238,209:4288,210:4106,211:4148,212:4104,213:4428,214:4417,215:4100,216:4206,217:4268,218:4246,219:4376,220:4187,221:4255,222:4385,223:4250,224:4198,225:4436,226:4371,227:4445,228:4455,229:4380,230:4220,231:4119,232:4232,233:4200,234:4109,235:4111,236:4477,237:4303,238:4176,239:4146,240:4233,241:4319,242:4282,243:4323,244:4077,245:4121,246:4053,247:4200,248:4126,249:4170,250:4069,251:4045,252:4078,253:4083,254:3988,255:4089,256:4340,257:4129,258:4311,259:4277,260:3922,261:4218,262:4178,263:4171,264:3884,265:3869,266:4221,267:3843,268:4157,269:3886,270:3898,271:4108,272:3817,273:4151,274:3955,275:4090,276:3765,277:3985,278:4031,279:4074,280:4036,281:3813,282:3690,283:3706,284:3960,285:4035,286:3730,287:3845,288:3914,289:3691,290:3663,291:3769,292:3684,293:3773,294:3896,295:3703,296:3716,297:3924,298:3828,299:3706,300:3896,301:3743,302:3616,303:3568,304:3888,305:3740,306:3675,307:3777,308:3718,309:3662,310:3515,311:3800,312:3681,313:3587,314:3727,315:3814,316:3835,317:3725,318:3818,319:3799,320:3553,321:3516,322:3789,323:3700,324:3590,325:3553,326:3733,327:3754,328:3736,329:3923,330:3676,331:3722,332:3674,333:3853,334:3893,335:3884,336:3830,337:3673,338:3873,339:3723,340:3766,341:3979,342:3639,343:3749,344:3796,345:3995,346:3990,347:3937,348:4032,349:3750,350:3841,351:4030,352:3789,353:3895,354:3768,355:4093,356:3947,357:4130,358:4039,359:3959
0:3972,1:3929,2:3957,3:3928,4:4042,5:4108,6:3897,7:3874,8:4054,9:4119,10:3915,11:3984,12:4314,13:4093,14:4322,15:4200,16:4153,17:4250,18:4229,19:4304,20:4293,21:4013,22:4090,23:4410,24:4299,25:4337,26:4337,27:4082,28:4428,29:4381,30:4423,31:4221,32:4116,33:4246,34:4171,35:4158,36:4331,37:4477,38:4413,39:4424,40:4179,41:4410,42:4272,43:4356,44:4472,45:4291,46:4231,47:4466,48:4296,49:4383,50:4485,51:4369,52:4235,53:4090,54:4307,55:4406,56:4174,57:4177,58:4100,59:4093,60:4354,61:4341,62:4328,63:4374,64:4399,65:4296,66:4361,67:4390,68:4189,69:4299,70:4093,71:4122,72:4188,73:4060,74:4259,75:4092,76:4178,77:4064,78:3972,79:4206,80:4097,81:4064,82:3954,83:4022,84:4007,85:3881,86:3864,87:3965,88:4148,89:4194,90:3977,91:3861,92:4064,93:3795,94:4055,95:3950,96:3764,97:3979,98:4036,99:3737,100:3883,101:4012,102:3992,103:3693,104:3816,105:4020,106:4025,107:3661,108:3865,109:3662,110:3744,111:3795,112:3885,113:3862,114:3632,115:3600,116:3934,117:3734,118:3879,119:3590,120:3851,121:3921,122:3795,123:3783,124:3824,125:3649,126:3831,127:3775,128:3858,129:3630,130:3551,131:3720,132:3780,133:3737,134:3694,135:3603,136:3836,137:3634,138:3597,139:3651,140:3675,141:3590,142:3512,143:3605,144:3571,145:3837,146:3836,147:3637,148:3535,149:3612,150:3854,151:3854,152:3932,153:3673,154:3881,155:3626,156:3892,157:3788,158:3971,159:3903,160:3757,161:3805,162:3728,163:3728,164:3673,165:3986,166:3979,167:3699,168:4064,169:3872,170:3851,171:4095,172:3825,173:3900,174:3875,175:3911,176:4031,177:4000,178:3890,179:3845,180:3925,181:4152,182:3948,183:4139,184:3958,185:4188,186:3985,187:4020,188:4206,189:4101,190:3926,191:3935,192:3953,193:4104,194:4293,195:4250,196:4052,197:4332,198:4107,199:4104,200:4311,201:4082,202:4166,203:4390,204:4277,205:4090,206:4133,207:4117,208:4315,209:4132,210:4337,211:4165,212:4415,213:4341,214:4369,215:4251,216:4414,217:4100,218:4106,219:4145,220:4183,221:4206,222:4209,223:4228,224:4357,225:4416,226:4474,227:4225,228:4238,229:4451,230:4426,231:4246,232:4467,233:4108,234:4254,235:4304,236:4417,237:4458,238:4251,239:4087,240:4063,241:4271,242:4239,243:4397,244:4124,245:4332,246:4160,247:4057,248:4321,249:4352,250:4066,251:4308,252:4181,253:4362,254:4342,255:4053,256:4045,257:4143,258:4044,259:4027,260:4276,261:3940,262:4003,263:4037,264:3977,265:3937,266:4039,267:4002,268:3926,269:4070,270:3814,271:3823,272:3871,273:3839,274:4003,275:3957,276:3739,277:4017,278:3738,279:3876,280:3859,281:3704,282:4039,283:3709,284:3677,285:3764,286:3744,287:3644,288:3774,289:3641,290:3729,291:3710,292:3983,293:3865,294:3758,295:3866,296:3749,297:3842,298:3901,299:3575,300:3575,301:3866,302:3605,303:3870,304:3720,305:3770,306:3643,307:3753,308:3849,309:3699,310:3735,311:3879,312:3815,313:3703,314:3569,315:3505,316:3696,317:3688,318:3630,319:3801,320:3824,321:3881,322:3875,323:3691,324:3624,325:3846,326:3785,327:3613,328:3718,329:3884,330:3560,331:3798,332:3556,333:3660,334:3807,335:3921,336:3664,337:3913,338:3880,339:3912,340:3763,341:3881,342:3910,343:3958,344:3717,345:3951,346:3780,347:4026,348:3954,349:3739,350:3973,351:3850,352:3741,353:3967,354:3749,355:3948,356:4141,357:4089,358:3923,359:4001
0:4176,1:3986,2:4147,3:4094,4:4028,5:4180,6:4037,7:3896,8:4192,9:4196,10:4075,11:4138,12:4247,13:4019,14:4225,15:4017,16:4026,17:4276,18:3982,19:4163,20:4307,21:4287,22:4236,23:4164,24:4381,25:4068,26:4040,27:4177,28:4380,29:4376,30:4081,31:4190,32:4336,33:4312,34:4419,35:4310,36:4480,37:4448,38:4338,39:4427,40:4188,41:4141,42:4426,43:4360,44:4310,45:4150,46:4196,47:4187,48:4325,49:4147,50:4451,51:4173,52:4336,53:4129,54:4446,55:4268,56:4334,57:4200,58:4357,59:4197,60:4082,61:4132,62:4098,63:4348,64:4146,65:4224,66:4047,67:4168,68:4247,69:4320,70:4103,71:4157,72:4066,73:4101,74:4021,75:3990,76:4148,77:4064,78:3933,79:4041,80:4038,81:3918,82:4175,83:4034,84:4206,85:3914,86:4152,87:4037,88:4057,89:4058,90:3911,91:3894,92:3940,93:4165,94:4015,95:3918,96:3974,97:4042,98:3883,99:3793,100:3853,101:3832,102:3819,103:3807,104:3919,105:3795,106:3823,107:4008,108:3818,109:3703,110:3915,111:3612,112:3840,113:3786,114:3633,115:3605,116:3713,117:3674,118:3778,119:3546,120:3824,121:3716,122:3623,123:3583,124:3555,125:3528,126:3646,127:3863,128:3809,129:3549,130:3641,131:3882,132:3821,133:3615,134:3518,135:3642,136:3658,137:3828,138:3718,139:3673,140:3847,141:3530,142:3639,143:3660,144:3788,145:3846,146:3855,147:3750,148:3863,149:3626,150:3892,151:3928,152:3725,153:3596,154:3859,155:3601,156:3621,157:3813,158:3778,159:3630,160:3908,161:3890,162:3899,163:3716,164:3930,165:3713,166:3940,167:3723,168:3699,169:4054,170:3819,171:3994,172:3995,173:3942,174:4123,175:3930,176:3889,177:3972,178:3819,179:4028,180:4148,181:4000,182:4027,183:3846,184:3888,185:4105,186:3960,187:4088,188:4219,189:3973,190:3957,191:4306,192:4011,193:4014,194:4198,195:4174,196:4085,197:4018,198:4027,199:4311,200:4231,201:4277,202:4183,203:4152,204:4036,205:4326,206:4121,207:4152,208:4155,209:4245,210:4428,211:4380,212:4358,213:4261,214:4301,215:4293,216:4329,217:4446,218:4333,219:4455,220:4137,221:4386,222:4315,223:4115,224:4497,225:4129,226:4422,227:4124,228:4150,229:4130,230:4467,231:4341,232:4130,233:4458,234:4152,235:4384,236:4262,237:4385,238:4272,239:4374,240:4151,241:4356,242:4186,243:4048,244:4123,245:4240,246:4038,247:4385,248:4158,249:4247,250:4042,251:4298,252:4362,253:4223,254:4176,255:4060,256:3966,257:4215,258:4113,259:3931,260:4109,261:4208,262:3908,263:4051,264:4181,265:4034,266:4063,267:4213,268:4057,269:3822,270:3830,271:3881,272:4096,273:4081,274:4098,275:4134,276:3822,277:3999,278:3878,279:4094,280:3822,281:3809,282:3812,283:3947,284:3842,285:3885,286:3688,287:3870,288:3990,289:3936,290:3839,291:3866,292:3728,293:3713,294:3688,295:3661,296:3630,297:3621,298:3749,299:3799,300:3678,301:3928,302:3585,303:3575,304:3676,305:3805,306:3578,307:3820,308:3615,309:3767,310:3766,311:3818,312:3688,313:3572,314:3719,315:3843,316:3893,317:3668,318:3542,319:3552,320:3513,321:3898,322:3821,323:3901,324:3759,325:3770,326:3815,327:3645,328:3631,329:3922,330:3924,331:3780,332:3702,333:3594,334:3615,335:3634,336:3657,337:3922,338:3824,339:3961,340:3926,341:3788,342:3813,343:3795,344:3700,345:3926,346:3901,347:3809,348:3721,349:3776,350:3811,351:4037,352:3736,353:3977,354:4090,355:3937,356:4089,357:3802,358:4096,359:4023
0:4159,1:3992,2:3998,3:4035,4:4124,5:4195,6:4126,7:4129,8:4210,9:4157,10:4039,11:4090,12:4074,13:4062,14:4192,15:4203,16:4180,17:4353,18:4359,19:3993,20:4174,21:4259,22:4404,23:4290,24:4152,25:4336,26:4270,27:4255,28:4095,29:4294,30:4282,31:4338,32:4342,33:4259,34:4119,35:4249,36:4291,37:4150,38:4282,39:4320,40:4245,41:4121,42:4176,43:4170,44:4192,45:4249,46:4476,47:4298,48:4449,49:4133,50:4480,51:4314,52:4424,53:4486,54:4202,55:4473,56:4254,57:4202,58:4308,59:4413,60:4455,61:4170,62:4122,63:4243,64:4344,65:4327,66:4203,67:4359,68:4319,69:4278,70:4331,71:4175,72:4147,73:4134,74:4143,75:4336,76:4071,77:4078,78:4233,79:4096,80:4177,81:4127,82:4267,83:3953,84:4029,85:4080,86:4141,87:4099,88:4035,89:4099,90:3831,91:4022,92:4102,93:3917,94:3805,95:3885,96:4051,97:3814,98:3786,99:3713,100:4067,101:3734,102:3834,103:3850,104:3996,105:3721,106:3857,107:3658,108:3978,109:3731,110:3733,111:3734,112:3746,113:3727,114:3720,115:3828,116:3882,117:3675,118:3686,119:3641,120:3658,121:3866,122:3744,123:3720,124:3623,125:3544,126:3740,127:3664,128:3748,129:3713,130:3753,131:3515,132:3737,133:3616,134:3698,135:3596,136:3804,137:3832,138:3777,139:3734,140:3807,141:3673,142:3871,143:3833,144:3519,145:3799,146:3530,147:3532,148:3630,149:3934,150:3720,151:3742,152:3671,153:3633,154:3906,155:3844,156:3608,157:3592,158:3768,159:3799,160:3808,161:3842,162:3730,163:4029,164:3811,165:3739,166:3897,167:3730,168:3928,169:3714,170:3817,171:4077,172:3997,173:4080,174:3889,175:3818,176:3830,177:4005,178:4083,179:3836,180:3948,181:4001,182:3907,183:3951,184:4216,185:4024,186:4057,187:3910,188:4275,189:4270,190:4149,191:3922,192:4040,193:4211,194:4138,195:4280,196:4351,197:4174,198:3986,199:4103,200:4201,201:4391,202:4378,203:4221,204:4407,205:4105,206:4149,207:4252,208:4318,209:4114,210:4321,211:4248,212:4466,213:4359,214:4432,215:4312,216:4211,217:4393,218:4261,219:4185,220:4163,221:4270,222:4135,223:4176,224:4315,225:4245,226:4174,227:4200,228:4165,229:4219,230:4229,231:4136,232:4115,233:4162,234:4165,235:4212,236:4292,237:4385,238:4189,239:4416,240:4326,241:4220,242:4438,243:4396,244:4253,245:4223,246:4140,247:4180,248:4122,249:4310,250:4071,251:4076,252:3986,253:4129,254:4113,255:4316,256:4072,257:4059,258:4212,259:4217,260:4265,261:3963,262:4207,263:4145,264:4111,265:4107,266:3972,267:3995,268:4201,269:4157,270:4011,271:3851,272:3909,273:3850,274:4114,275:4036,276:3897,277:4013,278:4002,279:4097,280:4011,281:3881,282:3867,283:4060,284:3979,285:3956,286:3725,287:3978,288:3902,289:3635,290:3847,291:3984,292:3734,293:3726,294:3637,295:3948,296:3632,297:3830,298:3772,299:3641,300:3843,301:3737,302:3616,303:3902,304:3777,305:3888,306:3801,307:3686,308:3598,309:3747,310:3903,311:3602,312:3837,313:3703,314:3578,315:3743,316:3848,317:3863,318:3848,319:3558,320:3639,321:3674,322:3751,323:3838,324:3670,325:3586,326:3855,327:3527,328:3714,329:3731,330:3691,331:3563,332:3786,333:3709,334:3953,335:3933,336:3642,337:3699,338:3793,339:3724,340:3782,341:3701,342:4004,343:3756,344:3847,345:3711,346:3916,347:3881,348:3845,349:4041,350:4060,351:3881,352:4069,353:3926,354:3959,355:4034,356:3838,357:4049,358:4069,359:4089
0:4044,1:4060,2:4113,3:4039,4:3882,5:4165,6:4251,7:4227,8:4012,9:3994,10:4181,11:4213,12:3949,13:4292,14:3958,15:4124,16:4274,17:4261,18:4129,19:4328,20:4216,21:4374,22:4179,23:4064,24:4165,25:4038,26:4060,27:4095,28:4115,29:4185,30:4102,31:4309,32:4090,33:4080,34:4456,35:4325,36:4272,37:4393,38:4330,39:4358,40:4151,41:4352,42:4160,43:4471,44:4428,45:4372,46:4365,47:4431,48:4485,49:4216,50:4155,51:4215,52:4480,53:4434,54:4266,55:4444,56:4353,57:4122,58:4328,59:4104,60:4145,61:4321,62:4132,63:4237,64:4146,65:4216,66:4282,67:4346,68:4399,69:4044,70:4062,71:4213,72:4139,73:4015,74:4101,75:4245,76:4004,77:4118,78:4307,79:3990,80:4027,81:4106,82:4023,83:3905,84:4167,85:3893,86:4196,87:3881,88:3946,89:4114,90:3923,91:4081,92:3893,93:3995,94:3831,95:3875,96:3771,97:3865,98:3975,99:3707,100:3871,101:3718,102:4033,103:3940,104:3684,105:3917,106:3939,107:3673,108:3850,109:3697,110:3873,111:3766,112:3727,113:3768,114:3856,115:3897,116:3584,117:3757,118:3714,119:3750,120:3841,121:3610,122:3651,123:3560,124:3888,125:3900,126:3726,127:3719,128:3742,129:3701,130:3828,131:3729,132:3785,133:3540,134:3599,135:3655,136:3872,137:3894,138:3772,139:3508,140:3735,141:3583,142:3708,143:3786,144:3722,145:3635,146:3574,147:3741,148:3555,149:3931,150:3720,151:3550,152:3661,153:3677,154:3600,155:3723,156:3750,157:3610,158:3832,159:3978,160:3628,161:3814,162:3911,163:3776,164:3706,165:3667,166:3880,167:4005,168:4009,169:3962,170:3782,171:4092,172:3940,173:3979,174:3925,175:3776,176:3965,177:4144,178:3949,179:3976,180:4167,181:3911,182:4138,183:4042,184:4117,185:4136,186:4082,187:3909,188:4036,189:4219,190:4004,191:4147,192:4236,193:4141,194:3986,195:4262,196:4327,197:4167,198:4146,199:4298,200:4386,201:4370,202:4365,203:4393,204:4388,205:4300,206:4433,207:4180,208:4163,209:4103,210:4081,211:4301,212:4291,213:4085,214:4081,215:4090,216:4174,217:4219,218:4197,219:4393,220:4433,221:4266,222:4409,223:4451,224:4466,225:4436,226:4454,227:4201,228:4375,229:4263,230:4294,231:4430,232:4459,233:4312,234:4294,235:4107,236:4306,237:4388,238:4375,239:4435,240:4063,241:4231,242:4258,243:4327,244:4366,245:4274,246:4183,247:4356,248:4250,249:4144,250:4385,251:4175,252:4165,253:3976,254:3990,255:4198,256:4113,257:4298,258:4203,259:3923,260:4260,261:4027,262:3931,263:3900,264:4099,265:4137,266:4209,267:4169,268:4207,269:4112,270:4021,271:4108,272:4112,273:3832,274:3839,275:3988,276:3823,277:3884,278:4047,279:4096,280:3889,281:3893,282:3893,283:4016,284:3715,285:4014,286:3786,287:3968,288:3816,289:3646,290:3983,291:3715,292:3636,293:3909,294:3635,295:3951,296:3738,297:3717,298:3619,299:3746,300:3803,301:3801,302:3716,303:3919,304:3825,305:3615,306:3875,307:3739,308:3595,309:3896,310:3781,311:3582,312:3675,313:3537,314:3745,315:3878,316:3736,317:3762,318:3675,319:3827,320:3643,321:3735,322:3764,323:3879,324:3531,325:3527,326:3736,327:3917,328:3555,329:3551,330:3877,331:3909,332:3808,333:3721,334:3705,335:3851,336:3584,337:3887,338:3957,339:3608,340:3827,341:3728,342:4022,343:3932,344:3899,345:3780,346:4002,347:3841,348:3994,349:3906,350:4058,351:3743,352:4094,353:3962,354:3910,355:4034,356:4139,357:3952,358:3913,359:4080
0:4194,1:4100,2:4077,3:4105,4:4224,5:3965,6:4058,7:4086,8:3947,9:3914,10:4227,11:3928,12:4305,13:4137,14:4027,15:4016,16:3960,17:4337,18:4321,19:4120,20:4168,21:4097,22:4209,23:4021,24:4422,25:4337,26:4053,27:4046,28:4417,29:4453,30:4061,31:4217,32:4374,33:4292,34:4163,35:4207,36:4411,37:4461,38:4127,39:4206,40:4300,41:4414,42:4455,43:4120,44:4370,45:4297,46:4255,47:4190,48:4224,49:4357,50:4311,51:4118,52:4412,53:4298,54:4397,55:4464,56:4468,57:4262,58:4347,59:4223,60:4068,61:4099,62:4235,63:4210,64:4090,65:4147,66:4202,67:4371,68:4228,69:4003,70:4244,71:4284,72:4113,73:4024,74:4147,75:4155,76:4012,77:4234,78:4176,79:4116,80:4291,81:4009,82:4256,83:3977,84:4098,85:3909,86:4197,87:4195,88:4066,89:3951,90:3915,91:4177,92:4054,93:3967,94:4089,95:3762,96:4026,97:3994,98:3727,99:3934,100:3752,101:3784,102:3875,103:3988,104:3999,105:3873,106:3725,107:3998,108:3874,109:3989,110:3815,111:3962,112:3959,113:3613,114:3864,115:3872,116:3902,117:3682,118:3889,119:3896,120:3745,121:3877,122:3762,123:3916,124:3645,125:3859,126:3782,127:3584,128:3766,129:3610,130:3757,131:3633,132:3678,133:3875,134:3847,135:3795,136:3607,137:3879,138:3778,139:3665,140:3584,141:3843,142:3767,143:3762,144:3589,145:3904,146:3728,147:3789,148:3615,149:3805,150:3936,151:3695,152:3907,153:3747,154:3773,155:3626,156:3610,157:3776,158:3821,159:3740,160:3664,161:3872,162:3769,163:3967,164:3673,165:3778,166:3991,167:3834,168:3882,169:3974,170:3976,171:3787,172:3859,173:3808,174:4108,175:3782,176:3979,177:4081,178:3848,179:3993,180:4080,181:4107,182:3881,183:4113,184:4022,185:4115,186:4196,187:4154,188:3980,189:4249,190:4117,191:4123,192:4297,193:4084,194:4111,195:4250,196:4290,197:4133,198:4240,199:4379,200:4233,201:4002,202:4186,203:4079,204:4126,205:4033,206:4431,207:4414,208:4311,209:4275,210:4072,211:4306,212:4326,213:4181,214:4285,215:4400,216:4275,217:4318,218:4326,219:4388,220:4137,221:4238,222:4287,223:4409,224:4147,225:4432,226:4275,227:4426,228:4309,229:4230,230:4286,231:4393,232:4333,233:4484,234:4338,235:4294,236:4201,237:4247,238:4313,239:4114,240:4337,241:4187,242:4097,243:4355,244:4277,245:4127,246:4053,247:4267,248:4142,249:4123,250:4312,251:4171,252:4218,253:4114,254:4153,255:4136,256:4152,257:4088,258:3934,259:4185,260:4252,261:4274,262:4099,263:4147,264:4149,265:3887,266:3943,267:4001,268:3849,269:4004,270:3966,271:3799,272:3847,273:4109,274:4140,275:3843,276:3901,277:3983,278:4089,279:4060,280:4018,281:3861,282:4033,283:4068,284:3710,285:4048,286:3702,287:3749,288:3654,289:3832,290:3810,291:3744,292:3642,293:3723,294:3655,295:3863,296:3910,297:3774,298:3929,299:3818,300:3819,301:3691,302:3769,303:3720,304:3831,305:3832,306:3690,307:3552,308:3584,309:3889,310:3726,311:3859,312:3628,313:3727,314:3893,315:3616,316:3688,317:3602,318:3807,319:3706,320:3829,321:3833,322:3767,323:3787,324:3646,325:3790,326:3865,327:3863,328:3719,329:3587,330:3928,331:3816,332:3746,333:3686,334:3951,335:3901,336:3934,337:3727,338:3619,339:3764,340:3623,341:3854,342:3867,343:3986,344:3919,345:3690,346:3676,347:3847,348:3965,349:3770,350:3837,351:4087,352:3743,353:3915,354:3800,355:4053,356:4117,357:4143,358:3820,359:3805
0:4185,1:3869,2:4046,3:3978,4:3956,5:4077,6:4115,7:4047,8:4082,9:4126,10:4122,11:3979,12:4213,13:3996,14:4006,15:4014,16:4329,17:4221,18:4053,19:4128,20:4000,21:4280,22:4117,23:4187,24:4377,25:4380,26:4271,27:4430,28:4067,29:4386,30:4207,31:4425,32:4291,33:4301,34:4448,35:4263,36:4392,37:4196,38:4242,39:4328,40:4097,41:4193,42:4429,43:4227,44:4403,45:4159,46:4250,47:4196,48:4298,49:4369,50:4344,51:4474,52:4411,53:4373,54:4223,55:4262,56:4241,57:4330,58:4312,59:4253,60:4147,61:4326,62:4322,63:4380,64:4210,65:4247,66:4348,67:4335,68:4027,69:4150,70:4075,71:4031,72:4314,73:4067,74:4051,75:3952,76:4126,77:4196,78:4270,79:4169,80:4025,81:3935,82:4084,83:4143,84:3888,85:4166,86:3950,87:3897,88:4135,89:3997,90:3923,91:4155,92:4066,93:3795,94:3843,95:3996,96:3907,97:4106,98:3861,99:3858,100:3978,101:4071,102:3889,103:3679,104:4009,105:3827,106:3972,107:3976,108:3728,109:3823,110:3610,111:3766,112:3821,113:3983,114:3653,115:3600,116:3582,117:3717,118:3835,119:3812,120:3544,121:3548,122:3797,123:3611,124:3881,125:3719,126:3523,127:3795,128:3523,129:3703,130:3743,131:3859,132:3694,133:3537,134:3766,135:3698,136:3515,137:3559,138:3720,139:3692,140:3796,141:3658,142:3798,143:3617,144:3797,145:3752,146:3657,147:3793,148:3541,149:3712,150:3778,151:3900,152:3892,153:3835,154:3594,155:3941,156:3590,157:3802,158:3761,159:3987,160:3811,161:3648,162:4017,163:3854,164:3849,165:3702,166:3787,167:4033,168:3847,169:4069,170:3984,171:3916,172:4081,173:4009,174:3977,175:4004,176:3802,177:4150,178:3853,179:4140,180:3991,181:3898,182:3919,183:4076,184:3873,185:4213,186:4049,187:3960,188:4006,189:3968,190:4060,191:4189,192:3939,193:4326,194:4278,195:3958,196:4030,197:4244,198:4192,199:4137,200:4326,201:4254,202:4364,203:4400,204:4132,205:4033,206:4143,207:4348,208:4251,209:4160,210:4446,211:4268,212:4218,213:4434,214:4477,215:4408,216:4473,217:4282,218:4454,219:4333,220:4336,221:4408,222:4355,223:4384,224:4163,225:4457,226:4301,227:4439,228:4229,229:4367,230:4452,231:4241,232:4394,233:4227,234:4273,235:4454,236:4430,237:4359,238:4228,239:4077,240:4162,241:4335,242:4182,243:4115,244:4426,245:4299,246:4237,247:4409,248:4054,249:4245,250:4171,251:4002,252:4209,253:4024,254:4025,255:4107,256:4139,257:3962,258:4090,259:3975,260:4001,261:3998,262:4023,263:3994,264:4032,265:3853,266:3865,267:4148,268:4126,269:4002,270:3833,271:4092,272:4056,273:4045,274:4059,275:3825,276:4069,277:3891,278:4060,279:3771,280:3699,281:3958,282:3993,283:3977,284:3797,285:4040,286:3865,287:3707,288:3887,289:3772,290:3698,291:3712,292:3940,293:3641,294:3664,295:3920,296:3658,297:3870,298:3705,299:3627,300:3688,301:3626,302:3733,303:3594,304:3903,305:3570,306:3909,307:3747,308:3584,309:3511,310:3705,311:3736,312:3614,313:3815,314:3634,315:3746,316:3592,317:3738,318:3573,319:3892,320:3585,321:3858,322:3799,323:3641,324:3540,325:3782,326:3855,327:3548,328:3754,329:3746,330:3891,331:3765,332:3697,333:3861,334:3898,335:3869,336:3929,337:3843,338:3754,339:3837,340:3649,341:3776,342:3641,343:3996,344:3813,345:4027,346:4039,347:3914,348:4040,349:3957,350:3903,351:3961,352:3817,353:3848,354:3914,355:3800,356:4093,357:3985,358:4106,359:3976
0:3945,1:4053,2:3935,3:3923,4:4108,5:4123,6:3954,7:4164,8:3943,9:4208,10:3949,11:4114,12:4319,13:3956,14:4260,15:4295,16:4048,17:4329,18:4226,19:4220,20:4140,21:4016,22:4197,23:4085,24:4255,25:4234,26:4269,27:4441,28:4131,29:4150,30:4330,31:4194,32:4199,33:4263,34:4302,35:4427,36:4385,37:4486,38:4349,39:4149,40:4477,41:4308,42:4262,43:4144,44:4123,45:4276,46:4172,47:4439,48:4204,49:4376,50:4239,51:4163,52:4466,53:4397,54:4395,55:4422,56:4465,57:4329,58:4412,59:4317,60:4436,61:4226,62:4221,63:4392,64:4247,65:4177,66:4365,67:4179,68:4104,69:4160,70:4201,71:4332,72:4234,73:4294,74:4296,75:4016,76:4154,77:4080,78:4040,79:4228,80:4039,81:4118,82:3936,83:4261,84:3984,85:3915,86:3879,87:3871,88:4048,89:4066,90:3903,91:3927,92:3800,93:3976,94:3906,95:4063,96:4085,97:4012,98:3817,99:4050,100:3803,101:3722,102:3681,103:3676,104:3814,105:3733,106:3933,107:3758,108:3660,109:4012,110:3804,111:3647,112:3847,113:3630,114:3850,115:3735,116:3902,117:3910,118:3919,119:3784,120:3778,121:3869,122:3702,123:3651,124:3919,125:3765,126:3552,127:3751,128:3866,129:3860,130:3802,131:3849,132:3509,133:3604,134:3745,135:3773,136:3879,137:3705,138:3706,139:3839,140:3635,141:3512,142:3760,143:3549,144:3778,145:3525,146:3845,147:3866,148:3893,149:3816,150:3763,151:3734,152:3696,153:3815,154:3826,155:3954,156:3914,157:3698,158:3688,159:3871,160:3843,161:3796,162:3636,163:3825,164:3937,165:3936,166:3669,167:4015,168:3935,169:3767,170:3838,171:4103,172:3924,173:3821,174:4043,175:3895,176:3919,177:4127,178:4066,179:3941,180:3954,181:4184,182:4130,183:4106,184:4045,185:4030,186:3940,187:4151,188:4078,189:4189,190:4030,191:4163,192:4285,193:4220,194:4230,195:3957,196:4297,197:4134,198:4271,199:4154,200:4249,201:4031,202:4395,203:4172,204:4282,205:4203,206:4418,207:4199,208:4249,209:4393,210:4364,211:4327,212:4211,213:4342,214:4452,215:4135,216:4298,217:4199,218:4298,219:4410,220:4489,221:4305,222:4272,223:4427,224:4469,225:4196,226:4120,227:4430,228:4145,229:4279,230:4305,231:4248,232:4289,233:4151,234:4475,235:4103,236:4212,237:4220,238:4075,239:4416,240:4200,241:4321,242:4242,243:4428,244:4376,245:4401,246:4190,247:4305,248:4197,249:4078,250:4083,251:4163,252:4279,253:4065,254:4067,255:4202,256:4150,257:4246,258:4062,259:4129,260:4095,261:4062,262:3922,263:3951,264:4212,265:4180,266:4129,267:3993,268:3824,269:4200,270:4004,271:3981,272:4168,273:4155,274:4069,275:4066,276:4136,277:3865,278:3948,279:3937,280:3871,281:3976,282:3839,283:3883,284:3981,285:3868,286:3903,287:3825,288:3873,289:3667,290:3900,291:3879,292:3629,293:3644,294:3600,295:3834,296:3700,297:3707,298:3591,299:3549,300:3668,301:3889,302:3703,303:3657,304:3569,305:3907,306:3869,307:3761,308:3543,309:3839,310:3602,311:3867,312:3688,313:3578,314:3671,315:3845,316:3576,317:3818,318:3517,319:3652,320:3716,321:3539,322:3836,323:3821,324:3602,325:3829,326:3610,327:3534,328:3869,329:3689,330:3761,331:3644,332:3945,333:3944,334:3919,335:3635,336:3638,337:3855,338:3592,339:3944,340:3747,341:3754,342:3811,343:3961,344:3985,345:3948,346:3792,347:4056,348:3868,349:3862,350:3994,351:3776,352:3895,353:3856,354:4131,355:4125,356:3872,357:3820,358:3973,359:3845
0:4044,1:4168,2:4192,3:3974,4:3867,5:3949,6:3950,7:3980,8:3918,9:4165,10:4017,11:4272,12:4108,13:4045,14:4069,15:3963,16:3976,17:4193,18:4123,19:4291,20:4167,21:4076,22:4108,23:4187,24:4189,25:4162,26:4120,27:4387,28:4176,29:4172,30:4187,31:4205,32:4186,33:4405,34:4162,35:4105,36:4363,37:4343,38:4390,39:4273,40:4460,41:4369,42:4334,43:4471,44:4445,45:4259,46:4197,47:4260,48:4133,49:4378,50:4271,51:4201,52:4282,53:4104,54:4210,55:4440,56:4405,57:4180,58:4316,59:4209,60:4457,61:4255,62:4187,63:4333,64:4211,65:4144,66:4355,67:4274,68:4104,69:4397,70:4308,71:4224,72:4127,73:4070,74:4074,75:4085,76:4117,77:4155,78:4166,79:4025,80:4181,81:4107,82:4274,83:3921,84:4235,85:4010,86:4093,87:4023,88:3896,89:4022,90:3827,91:3892,92:4111,93:3862,94:4044,95:4116,96:3966,97:3896,98:4075,99:4066,100:3910,101:3749,102:3753,103:3893,104:4029,105:4019,106:3712,107:3934,108:3746,109:4012,110:3982,111:3994,112:3624,113:3838,114:3951,115:3739,116:3856,117:3915,118:3758,119:3662,120:3551,121:3824,122:3694,123:3885,124:3631,125:3718,126:3674,127:3656,128:3535,129:3695,130:3878,131:3861,132:3591,133:3563,134:3568,135:3819,136:3753,137:3709,138:3689,139:3622,140:3650,141:3837,142:3792,143:3661,144:3530,145:3564,146:3542,147:3832,148:3632,149:3795,150:3732,151:3868,152:3642,153:3820,154:3923,155:3617,156:3790,157:3656,158:3638,159:3650,160:3921,161:3849,162:3857,163:3903,164:3724,165:3656,166:3854,167:3828,168:3833,169:3696,170:3854,171:3712,172:4064,173:4104,174:3796,175:4035,176:4088,177:3990,178:4007,179:3881,180:4197,181:4111,182:4173,183:4229,184:3949,185:3944,186:4219,187:4033,188:4040,189:4176,190:4181,191:4115,192:4197,193:3982,194:4190,195:4033,196:4185,197:4230,198:4030,199:4129,200:4306,201:4368,202:4021,203:4264,204:4345,205:4257,206:4353,207:4209,208:4366,209:4301,210:4185,211:4271,212:4459,213:4453,214:4348,215:4369,216:4426,217:4095,218:4246,219:4163,220:4375,221:4110,222:4172,223:4356,224:4221,225:4369,226:4155,227:4146,228:4423,229:4193,230:4151,231:4123,232:4224,233:4387,234:4429,235:4328,236:4228,237:4167,238:4102,239:4240,240:4098,241:4082,242:4093,243:4114,244:4321,245:4194,246:4235,247:4085,248:4140,249:4206,250:4028,251:4124,252:4024,253:4270,254:4192,255:3951,256:4147,257:4207,258:4197,259:4195,260:4139,261:4015,262:3992,263:4272,264:3876,265:4032,266:4072,267:3934,268:4020,269:4006,270:4158,271:4151,272:4142,273:3983,274:3871,275:4008,276:3826,277:3904,278:3964,279:4044,280:3860,281:4063,282:3922,283:3679,284:3937,285:3706,286:3923,287:3926,288:3758,289:3928,290:3780,291:3801,292:3748,293:3750,294:3853,295:3758,296:3568,297:3834,298:3918,299:3592,300:3733,301:3596,302:3861,303:3668,304:3611,305:3622,306:3560,307:3565,308:3898,309:3714,310:3586,311:3522,312:3826,313:3613,314:3540,315:3630,316:3802,317:3893,318:3872,319:3810,320:3614,321:3676,322:3774,323:3686,324:3568,325:3529,326:3735,327:3623,328:3888,329:3707,330:3715,331:3876,332:3711,333:3748,334:3619,335:3595,336:3842,337:3730,338:3702,339:3924,340:3910,341:3808,342:3807,343:3733,344:3983,345:3706,346:3824,347:3876,348:3751,349:3949,350:3918,351:3780,352:3929,353:3969,354:4120,355:3978,356:3775,357:3839,358:3795,359:3833
0:3932,1:3953,2:4037,3:3918,4:4226,5:3929,6:4150,7:4124,8:3903,9:4149,10:3993,11:4250,12:4245,13:4014,14:4333,15:4139,16:4215,17:4364,18:4116,19:4278,20:4321,21:4016,22:4058,23:4410,24:4151,25:4389,26:4273,27:4337,28:4050,29:4407,30:4083,31:4226,32:4169,33:4247,34:4386,35:4362,36:4479,37:4309,38:4457,39:4446,40:4105,41:4477,42:4414,43:4146,44:4193,45:4247,46:4363,47:4271,48:4205,49:4319,50:4229,51:4419,52:4335,53:4264,54:4270,55:4425,56:4343,57:4318,58:4176,59:4447,60:4120,61:4250,62:4122,63:4099,64:4279,65:4108,66:4364,67:4097,68:4047,69:4113,70:4348,71:4017,72:4311,73:4269,74:4010,75:3972,76:4313,77:3980,78:4082,79:4286,80:3991,81:4150,82:4056,83:3966,84:4130,85:4107,86:3903,87:3906,88:4172,89:3894,90:3960,91:3972,92:4130,93:3769,94:4009,95:3758,96:3776,97:3737,98:3992,99:3861,100:4074,101:3891,102:4040,103:3794,104:3993,105:3884,106:4015,107:3915,108:3856,109:3952,110:3877,111:3862,112:3921,113:3742,114:3614,115:3875,116:3912,117:3600,118:3849,119:3927,120:3897,121:3599,122:3901,123:3543,124:3588,125:3747,126:3661,127:3737,128:3889,129:3854,130:3519,131:3697,132:3770,133:3795,134:3544,135:3774,136:3889,137:3786,138:3560,139:3561,140:3835,141:3542,142:3553,143:3538,144:3533,145:3903,146:3874,147:3561,148:3551,149:3675,150:3867,151:3810,152:3918,153:3934,154:3729,155:3855,156:3671,157:3671,158:3636,159:3767,160:3926,161:3851,162:4003,163:3711,164:4008,165:3938,166:4024,167:3929,168:3903,169:3797,170:3941,171:3920,172:3724,173:3832,174:3953,175:3908,176:3800,177:4020,178:3960,179:3873,180:3819,181:4001,182:3979,183:3903,184:4100,185:4223,186:3963,187:3906,188:4281,189:4004,190:4021,191:4227,192:4069,193:4249,194:4139,195:4179,196:4347,197:4014,198:4198,199:4178,200:3999,201:4148,202:4171,203:4068,204:4203,205:4139,206:4296,207:4205,208:4074,209:4396,210:4112,211:4229,212:4445,213:4123,214:4375,215:4173,216:4286,217:4195,218:4465,219:4326,220:4443,221:4233,222:4477,223:4166,224:4461,225:4483,226:4168,227:4393,228:4295,229:4334,230:4326,231:4376,232:4479,233:4220,234:4453,235:4345,236:4437,237:4400,238:4429,239:4297,240:4446,241:4278,242:4401,243:4283,244:4183,245:4278,246:4112,247:4132,248:4017,249:4323,250:4263,251:4339,252:4231,253:4319,254:4029,255:4234,256:3999,257:4038,258:4205,259:4033,260:4264,261:4073,262:4004,263:4047,264:4094,265:4007,266:4074,267:3902,268:3895,269:3991,270:3903,271:3798,272:4140,273:3968,274:4018,275:3778,276:3924,277:4007,278:3784,279:3736,280:4072,281:3794,282:4001,283:4031,284:3863,285:3948,286:3788,287:3761,288:3759,289:3823,290:3840,291:3807,292:3632,293:3854,294:3644,295:3704,296:3632,297:3626,298:3788,299:3675,300:3675,301:3560,302:3547,303:3721,304:3722,305:3542,306:3816,307:3700,308:3645,309:3531,310:3576,311:3897,312:3860,313:3596,314:3657,315:3829,316:3842,317:3720,318:3545,319:3696,320:3543,321:3597,322:3549,323:3784,324:3725,325:3897,326:3800,327:3637,328:3646,329:3656,330:3642,331:3791,332:3711,333:3781,334:3568,335:3723,336:3733,337:3647,338:3815,339:3845,340:3801,341:3727,342:3833,343:3633,344:4004,345:3809,346:3809,347:4062,348:4063,349:3765,350:3928,351:4025,352:3848,353:3735,354:3969,355:3945,356:4118,357:3957,358:3838,359:4088
0:3971,1:3836,2:4043,3:3986,4:4208,5:4117,6:4110,7:3934,8:3987,9:3999,10:4160,11:3997,12:4221,13:4139,14:4119,15:4239,16:4031,17:4076,18:4312,19:4342,20:4060,21:4285,22:4390,23:4333,24:4273,25:4038,26:4221,27:4276,28:4183,29:4227,30:4455,31:4203,32:4163,33:4426,34:4430,35:4168,36:4456,37:4199,38:4191,39:4298,40:4167,41:4338,42:4124,43:4100,44:4141,45:4231,46:4175,47:4101,48:4385,49:4406,50:4466,51:4466,52:4457,53:4417,54:4342,55:4392,56:4404,57:4380,58:4256,59:4121,60:4459,61:4147,62:4359,63:4295,64:4325,65:4346,66:4159,67:4122,68:4109,69:4082,70:4252,71:4056,72:4106,73:4071,74:4079,75:4178,76:4217,77:4206,78:4160,79:3928,80:4078,81:4206,82:4170,83:3938,84:4248,85:3917,86:4096,87:4168,88:3954,89:3849,90:4145,91:4041,92:4023,93:3984,94:3882,95:4077,96:4086,97:3741,98:3846,99:4020,100:3889,101:4081,102:3812,103:3818,104:3953,105:4021,106:3650,107:3775,108:4011,109:3986,110:3993,111:3761,112:3733,113:3879,114:3908,115:3877,116:3643,117:3662,118:3683,119:3766,120:3564,121:3849,122:3906,123:3810,124:3863,125:3586,126:3695,127:3840,128:3867,129:3522,130:3704,131:3687,132:3755,133:3515,134:3765,135:3684,136:3596,137:3539,138:3641,139:3872,140:3849,141:3752,142:3668,143:3662,144:3801,145:3546,146:3775,147:3825,148:3651,149:3539,150:3815,151:3812,152:3918,153:3727,154:3695,155:3580,156:3851,157:3702,158:3964,159:3749,160:3734,161:3881,162:3661,163:4022,164:4016,165:3696,166:3961,167:3848,168:3775,169:4017,170:3795,171:3976,172:4099,173:4099,174:3914,175:3782,176:3920,177:4021,178:4052,179:4135,180:4004,181:4007,182:3918,183:3924,184:4025,185:4126,186:3950,187:4265,188:4058,189:3901,190:4103,191:4163,192:3953,193:4227,194:4144,195:4245,196:4088,197:4034,198:4109,199:4282,200:4088,201:4293,202:4152,203:4167,204:4241,205:4326,206:4150,207:4421,208:4201,209:4393,210:4220,211:4206,212:4375,213:4075,214:4131,215:4475,216:4386,217:4365,218:4437,219:4098,220:4370,221:4254,222:4468,223:4212,224:4497,225:4247,226:4149,227:4247,228:4486,229:4135,230:4278,231:4162,232:4259,233:4264,234:4388,235:4224,236:4294,237:4087,238:4385,239:4384,240:4279,241:4057,242:4226,243:4311,244:4393,245:4124,246:4230,247:4090,248:4330,249:4307,250:4080,251:4037,252:4256,253:4288,254:4069,255:3982,256:3964,257:4313,258:4266,259:4018,260:4286,261:4289,262:3919,263:4170,264:4246,265:4053,266:4221,267:4079,268:4078,269:4180,270:3859,271:3864,272:4080,273:4147,274:4052,275:3798,276:3963,277:4109,278:4080,279:3915,280:3777,281:3832,282:3832,283:3773,284:3857,285:3777,286:3641,287:3953,288:3680,289:3845,290:3632,291:3731,292:3751,293:3743,294:3589,295:3758,296:3894,297:3583,298:3589,299:3554,300:3838,301:3600,302:3751,303:3683,304:3791,305:3640,306:3767,307:3791,308:3681,309:3624,310:3551,311:3683,312:3632,313:3854,314:3574,315:3557,316:3612,317:3853,318:3891,319:3859,320:3894,321:3861,322:3696,323:3552,324:3635,325:3902,326:3802,327:3759,328:3693,329:3759,330:3726,331:3588,332:3820,333:3841,334:3779,335:3835,336:3663,337:3642,338:3768,339:3760,340:3630,341:3671,342:3696,343:3652,344:3978,345:4040,346:3917,347:3780,348:4004,349:3759,350:4009,351:4104,352:3768,353:3733,354:3826,355:3824,356:3925,357:3930,358:4036,359:3921
0:3929,1:4169,2:3866,3:3855,4:4137,5:4069,6:4135,7:4060,8:4247,9:4145,10:4112,11:4294,12:4201,13:4067,14:4254,15:4033,16:4017,17:4337,18:4142,19:4114,20:3998,21:4359,22:4283,23:4285,24:4387,25:4290,26:4382,27:4353,28:4369,29:4101,30:4095,31:4242,32:4375,33:4221,34:4352,35:4361,36:4316,37:4139,38:4356,39:4454,40:4353,41:4126,42:4418,43:4334,44:4386,45:4490,46:4303,47:4323,48:4291,49:4317,50:4310,51:4483,52:4162,53:4449,54:4125,55:4184,56:4395,57:4216,58:4211,59:4208,60:4102,61:4278,62:4144,63:4261,64:4312,65:4336,66:4102,67:4300,68:4261,69:4061,70:4293,71:4089,72:4372,73:4028,74:4190,75:4210,76:4296,77:4272,78:4241,79:4183,80:4182,81:4181,82:3918,83:4111,84:3927,85:4220,86:4020,87:4067,88:4064,89:4181,90:4177,91:4020,92:3922,93:4026,94:3778,95:3971,96:3851,97:3828,98:3925,99:3987,100:3770,101:3775,102:3931,103:3775,104:3932,105:3859,106:3927,107:3948,108:4001,109:3615,110:3637,111:3823,112:3929,113:3976,114:3660,115:3769,116:3939,117:3695,118:3895,119:3596,120:3716,121:3769,122:3827,123:3663,124:3885,125:3651,126:3764,127:3608,128:3652,129:3616,130:3894,131:3635,132:3687,133:3541,134:3631,135:3673,136:3627,137:3705,138:3524,139:3796,140:3641,141:3525,142:3625,143:3577,144:3855,145:3535,146:3706,147:3675,148:3757,149:3872,150:3932,151:3680,152:3741,153:3906,154:3646,155:3719,156:3637,157:3625,158:3603,159:3752,160:3878,161:3869,162:3666,163:3738,164:3768,165:3819,166:3912,167:4056,168:4020,169:3875,170:3700,171:4070,172:4038,173:3999,174:4121,175:4070,176:4125,177:3785,178:3951,179:4112,180:4055,181:4132,182:4121,183:4114,184:3877,185:4105,186:4150,187:3965,188:3926,189:4118,190:4133,191:3937,192:4122,193:3966,194:4034,195:4234,196:3963,197:4031,198:4159,199:4149,200:4210,201:4001,202:4079,203:4391,204:4221,205:4095,206:4044,207:4380,208:4423,209:4161,210:4443,211:4152,212:4459,213:4459,214:4380,215:4451,216:4338,217:4473,218:4305,219:4225,220:4185,221:4184,222:4192,223:4267,224:4300,225:4310,226:4497,227:4216,228:4256,229:4317,230:4494,231:4289,232:4261,233:4177,234:4339,235:4127,236:4282,237:4104,238:4166,239:4112,240:4088,241:4222,242:4224,243:4287,244:4395,245:4224,246:4153,247:4370,248:4360,249:4016,250:4203,251:4171,252:4282,253:3992,254:4271,255:4151,256:4178,257:3985,258:4294,259:4185,260:4232,261:3970,262:4010,263:3900,264:3954,265:4044,266:4052,267:3893,268:4028,269:3940,270:3809,271:3879,272:3809,273:3992,274:3972,275:3942,276:3945,277:3848,278:4014,279:3782,280:3896,281:3794,282:3911,283:3870,284:3666,285:3985,286:3888,287:3946,288:3759,289:3842,290:3646,291:3726,292:3964,293:3887,294:3742,295:3725,296:3809,297:3859,298:3736,299:3679,300:3743,301:3565,302:3846,303:3749,304:3749,305:3652,306:3623,307:3637,308:3661,309:3856,310:3871,311:3589,312:3725,313:3696,314:3535,315:3663,316:3850,317:3538,318:3511,319:3503,320:3872,321:3773,322:3873,323:3727,324:3885,325:3568,326:3921,327:3876,328:3710,329:3718,330:3932,331:3791,332:3684,333:3909,334:3718,335:3799,336:3743,337:3731,338:3879,339:3960,340:3710,341:3691,342:3645,343:3656,344:3937,345:3899,346:3831,347:3767,348:3897,349:4022,350:3735,351:4058,352:4089,353:3766,354:3758,355:3979,356:3821,357:4025,358:3798,359:3799
0:4064,1:4073,2:4048,3:3950,4:3881,5:4249,6:4186,7:4195,8:4107,9:4168,10:4029,11:4021,12:4167,13:4188,14:4182,15:3954,16:4100,17:4177,18:4217,19:3991,20:4092,21:4097,22:4321,23:4194,24:4124,25:4116,26:4255,27:4237,28:4181,29:4306,30:4425,31:4225,32:4180,33:4207,34:4255,35:4218,36:4421,37:4119,38:4271,39:4462,40:4369,41:4218,42:4363,43:4243,44:4405,45:4433,46:4172,47:4205,48:4353,49:4367,50:4110,51:4280,52:4450,53:4181,54:4310,55:4452,56:4106,57:4402,58:4318,59:4265,60:4095,61:4175,62:4096,63:4214,64:4301,65:4248,66:4374,67:4325,68:4042,69:4250,70:4012,71:4084,72:4142,73:3971,74:3959,75:3987,76:4322,77:4241,78:4068,79:4137,80:4174,81:4173,82:3960,83:4141,84:4173,85:3942,86:3865,87:4079,88:3945,89:3853,90:4075,91:4024,92:3982,93:4040,94:3992,95:3972,96:4130,97:4125,98:3851,99:3933,100:4041,101:3730,102:4075,103:3934,104:3935,105:3881,106:3868,107:3925,108:3902,109:3947,110:3628,111:3812,112:3708,113:3676,114:3675,115:3804,116:3569,117:3896,118:3654,119:3558,120:3830,121:3845,122:3905,123:3571,124:3904,125:3542,126:3558,127:3615,128:3565,129:3605,130:3547,131:3868,132:3837,133:3788,134:3878,135:3802,136:3688,137:3843,138:3775,139:3649,140:3570,141:3828,142:3520,143:3703,144:3911,145:3801,146:3849,147:3870,148:3625,149:3714,150:3854,151:3601,152:3750,153:3906,154:3596,155:3743,156:3805,157:3696,158:3822,159:3642,160:3846,161:3839,162:3974,163:3692,164:3664,165:3840,166:3969,167:3819,168:3760,169:3918,170:4089,171:3960,172:4061,173:3972,174:3757,175:3838,176:4144,177:3828,178:3851,179:3938,180:3952,181:4179,182:4125,183:4077,184:3856,185:4214,186:3905,187:4251,188:4217,189:4064,190:4025,191:3960,192:4121,193:3935,194:4135,195:4137,196:4166,197:4100,198:4152,199:4255,200:4316,201:4288,202:4393,203:4115,204:4231,205:4049,206:4395,207:4159,208:4158,209:4256,210:4164,211:4454,212:4223,213:4181,214:4401,215:4241,216:4207,217:4189,218:4161,219:4461,220:4161,221:4457,222:4139,223:4464,224:4458,225:4402,226:4364,227:4267,228:4106,229:4114,230:4114,231:4108,232:4409,233:4389,234:4268,235:4370,236:4414,237:4331,238:4460,239:4380,240:4324,241:4228,242:4175,243:4375,244:4287,245:4135,246:4161,247:4042,248:4159,249:4144,250:4358,251:4218,252:4051,253:4124,254:4268,255:4024,256:4274,257:4304,258:4260,259:3981,260:4092,261:4182,262:4116,263:4178,264:4243,265:4116,266:4063,267:3885,268:4187,269:4054,270:4057,271:4037,272:4090,273:4167,274:3921,275:4108,276:3996,277:3948,278:4110,279:3717,280:4064,281:3927,282:3813,283:3922,284:3992,285:3823,286:3689,287:3812,288:3836,289:3856,290:3944,291:3996,292:3989,293:3874,294:3585,295:3627,296:3879,297:3609,298:3569,299:3798,300:3934,301:3724,302:3584,303:3560,304:3866,305:3631,306:3590,307:3655,308:3543,309:3760,310:3899,311:3682,312:3778,313:3513,314:3629,315:3519,316:3657,317:3655,318:3752,319:3799,320:3871,321:3739,322:3546,323:3632,324:3762,325:3584,326:3809,327:3648,328:3904,329:3654,330:3607,331:3644,332:3759,333:3792,334:3947,335:3799,336:3745,337:3706,338:3687,339:3947,340:3800,341:3722,342:3918,343:3962,344:3961,345:4040,346:4019,347:3708,348:3746,349:3860,350:4027,351:3827,352:4089,353:3802,354:3966,355:4023,356:4110,357:4077,358:4034,359:3889
0:4188,1:4059,2:4148,3:4153,4:4206,5:4122,6:3914,7:4109,8:4230,9:3952,10:4104,11:3918,12:4131,13:4233,14:4110,15:4055,16:4250,17:4138,18:4341,19:4071,20:4094,21:4341,22:4396,23:4337,24:4341,25:4247,26:4057,27:4360,28:4145,29:4056,30:4114,31:4397,32:4226,33:4245,34:4092,35:4107,36:4393,37:4377,38:4471,39:4229,40:4357,41:4294,42:4362,43:4284,44:4253,45:4466,46:4286,47:4100,48:4120,49:4402,50:4398,51:4237,52:4388,53:4219,54:4308,55:4369,56:4088,57:4235,58:4294,59:4242,60:4151,61:4400,62:4327,63:4311,64:4322,65:4293,66:4345,67:4026,68:4267,69:4110,70:4391,71:4331,72:4363,73:4151,74:4028,75:4230,76:4243,77:4160,78:4318,79:4084,80:4017,81:4090,82:3973,83:4198,84:3917,85:3912,86:3901,87:4087,88:4020,89:3895,90:4008,91:4096,92:3916,93:3841,94:3958,95:3808,96:3842,97:3844,98:3918,99:3911,100:3989,101:3989,102:4020,103:4003,104:4008,105:3852,106:3702,107:3683,108:3972,109:3861,110:3654,111:3831,112:3761,113:3953,114:3939,115:3668,116:3581,117:3732,118:3785,119:3623,120:3869,121:3688,122:3754,123:3558,124:3866,125:3691,126:3618,127:3783,128:3655,129:3789,130:3657,131:3766,132:3752,133:3564,134:3739,135:3698,136:3837,137:3708,138:3780,139:3568,140:3549,141:3510,142:3788,143:3574,144:3850,145:3640,146:3578,147:3854,148:3866,149:3641,150:3559,151:3784,152:3731,153:3638,154:3794,155:3862,156:3891,157:3831,158:3720,159:3919,160:3975,161:3796,162:3632,163:3669,164:3793,165:3733,166:3714,167:3746,168:3932,169:3916,170:4081,171:3964,172:4066,173:3773,174:3862,175:3854,176:3768,177:4036,178:4100,179:3918,180:3917,181:4084,182:4045,183:4083,184:4022,185:3912,186:4072,187:4056,188:3900,189:4068,190:4195,191:4283,192:4013,193:4324,194:3997,195:4212,196:3965,197:4224,198:4349,199:4262,200:4093,201:4377,202:4377,203:4372,204:4049,205:4308,206:4404,207:4177,208:4286,209:4337,210:4336,211:4289,212:4313,213:4372,214:4293,215:4253,216:4358,217:4199,218:4196,219:4103,220:4466,221:4359,222:4126,223:4270,224:4300,225:4136,226:4411,227:4176,228:4312,229:4241,230:4304,231:4469,232:4306,233:4267,234:4138,235:4366,236:4350,237:4088,238:4070,239:4409,240:4307,241:4221,242:4077,243:4307,244:4298,245:4337,246:4236,247:4299,248:4175,249:4043,250:4194,251:4037,252:4356,253:4142,254:4269,255:4055,256:4178,257:4184,258:4094,259:4265,260:4178,261:4016,262:4258,263:4172,264:3971,265:4054,266:3978,267:4126,268:4071,269:4022,270:4045,271:4083,272:4156,273:3993,274:3979,275:3753,276:4026,277:3863,278:3733,279:3780,280:3970,281:3921,282:3956,283:4011,284:3833,285:3914,286:3859,287:3928,288:3747,289:3641,290:3899,291:3871,292:3824,293:3887,294:3755,295:3648,296:3898,297:3664,298:3640,299:3582,300:3793,301:3815,302:3922,303:3642,304:3678,305:3537,306:3873,307:3823,308:3768,309:3624,310:3520,311:3814,312:3790,313:3550,314:3572,315:3753,316:3577,317:3545,318:3777,319:3889,320:3717,321:3568,322:3580,323:3603,324:3615,325:3910,326:3617,327:3717,328:3864,329:3848,330:3743,331:3630,332:3771,333:3916,334:3786,335:3742,336:3585,337:3814,338:3791,339:3873,340:3981,341:3829,342:3837,343:3753,344:3861,345:4035,346:3946,347:4022,348:3999,349:3883,350:3775,351:3741,352:4085,353:3912,354:3889,355:4053,356:3807,357:3821,358:3790,359:4119
0:3903,1:3984,2:3974,3:3905,4:4035,5:4021,6:3928,7:4083,8:4258,9:4149,10:4003,11:3920,12:4001,13:3960,14:4064,15:4102,16:3998,17:3972,18:4251,19:4378,20:4060,21:4375,22:4373,23:4310,24:4265,25:4098,26:4147,27:4286,28:4222,29:4271,30:4386,31:4391,32:4217,33:4430,34:4475,35:4280,36:4258,37:4421,38:4335,39:4164,40:4155,41:4453,42:4247,43:4222,44:4365,45:4476,46:4259,47:4198,48:4204,49:4366,50:4165,51:4180,52:4468,53:4416,54:4484,55:4201,56:4098,57:4339,58:4379,59:4238,60:4295,61:4279,62:4439,63:4122,64:4202,65:4249,66:4299,67:4260,68:4176,69:4067,70:4259,71:4196,72:4132,73:4234,74:4303,75:4290,76:4133,77:4117,78:4118,79:3947,80:4057,81:4188,82:4226,83:4036,84:3868,85:4216,86:4136,87:4108,88:4193,89:3986,90:3837,91:4001,92:4024,93:4111,94:3897,95:4025,96:3972,97:3796,98:4066,99:4100,100:4087,101:3872,102:3691,103:3686,104:3700,105:3819,106:3854,107:3960,108:3841,109:3719,110:3934,111:3719,112:3900,113:3618,114:3918,115:3828,116:3606,117:3918,118:3567,119:3884,120:3591,121:3660,122:3579,123:3913,124:3684,125:3597,126:3547,127:3905,128:3690,129:3889,130:3860,131:3709,132:3661,133:3649,134:3639,135:3740,136:3734,137:3638,138:3552,139:3829,140:3615,141:3855,142:3863,143:3804,144:3701,145:3848,146:3875,147:3753,148:3753,149:3728,150:3578,151:3913,152:3846,153:3875,154:3818,155:3697,156:3871,157:3749,158:3881,159:3677,160:3672,161:3756,162:3655,163:3940,164:3953,165:4031,166:3749,167:3915,168:4024,169:3955,170:3955,171:3949,172:3909,173:3934,174:3936,175:3932,176:4025,177:4034,178:4134,179:3945,180:4128,181:4061,182:4004,183:3953,184:4223,185:4220,186:3988,187:3932,188:3908,189:4172,190:4182,191:4214,192:3946,193:4237,194:4082,195:4236,196:4240,197:4269,198:4242,199:4045,200:4286,201:4191,202:4208,203:4371,204:4126,205:4074,206:4135,207:4055,208:4361,209:4381,210:4101,211:4418,212:4122,213:4445,214:4368,215:4147,216:4367,217:4192,218:4483,219:4439,220:4412,221:4176,222:4140,223:4152,224:4225,225:4437,226:4303,227:4268,228:4159,229:4120,230:4126,231:4113,232:4454,233:4486,234:4138,235:4366,236:4314,237:4280,238:4244,239:4257,240:4145,241:4191,242:4214,243:4144,244:4088,245:4419,246:4261,247:4313,248:4154,249:4358,250:4095,251:4294,252:4065,253:4073,254:4353,255:4328,256:3988,257:4235,258:4003,259:4182,260:4160,261:3944,262:4049,263:3989,264:4036,265:4071,266:3904,267:4229,268:3960,269:4093,270:4026,271:4129,272:4008,273:4144,274:4128,275:4099,276:3900,277:3728,278:3793,279:3794,280:4011,281:3700,282:4018,283:3734,284:3800,285:3910,286:3847,287:3634,288:3857,289:3947,290:3699,291:3720,292:3868,293:3939,294:3965,295:3732,296:3624,297:3735,298:3789,299:3776,300:3681,301:3615,302:3920,303:3754,304:3669,305:3813,306:3792,307:3769,308:3646,309:3825,310:3769,311:3710,312:3631,313:3504,314:3530,315:3561,316:3721,317:3890,318:3824,319:3854,320:3891,321:3819,322:3582,323:3662,324:3567,325:3773,326:3910,327:3746,328:3539,329:3741,330:3913,331:3613,332:3563,333:3865,334:3631,335:3883,336:3612,337:3881,338:3610,339:3640,340:3790,341:3794,342:3751,343:3685,344:3963,345:3771,346:3802,347:4051,348:4073,349:3778,350:3839,351:3876,352:3963,353:3949,354:3868,355:4013,356:3771,357:4128,358:3957,359:4134
0:4161,1:3853,2:3961,3:4063,4:4181,5:4238,6:4034,7:4140,8:4146,9:4074,10:4139,11:4120,12:4000,13:4282,14:4251,15:4076,16:4326,17:4277,18:4142,19:4221,20:4391,21:4076,22:4122,23:4403,24:4312,25:4206,26:4170,27:4151,28:4439,29:4360,30:4291,31:4143,32:4432,33:4109,34:4101,35:4288,36:4204,37:4206,38:4361,39:4480,40:4128,41:4226,42:4332,43:4186,44:4202,45:4350,46:4122,47:4285,48:4304,49:4174,50:4115,51:4379,52:4177,53:4477,54:4272,55:4236,56:4477,57:4445,58:4353,59:4141,60:4445,61:4178,62:4130,63:4414,64:4054,65:4081,66:4140,67:4379,68:4245,69:4217,70:4228,71:4287,72:4132,73:3974,74:4213,75:4084,76:4197,77:4217,78:4013,79:4143,80:3943,81:4021,82:3883,83:4170,84:3989,85:3943,86:4049,87:4187,88:4025,89:4046,90:4098,91:4017,92:3999,93:4063,94:4078,95:4044,96:3965,97:4053,98:3930,99:3780,100:3833,101:3960,102:3701,103:3958,104:3680,105:3940,106:3653,107:3697,108:3660,109:3777,110:3730,111:3695,112:3849,113:3729,114:3721,115:3965,116:3571,117:3755,118:3732,119:3901,120:3815,121:3778,122:3625,123:3644,124:3751,125:3852,126:3718,127:3856,128:3730,129:3548,130:3752,131:3676,132:3758,133:3577,134:3542,135:3735,136:3846,137:3618,138:3779,139:3866,140:3568,141:3588,142:3756,143:3874,144:3650,145:3670,146:3600,147:3547,148:3773,149:3608,150:3782,151:3919,152:3764,153:3728,154:3885,155:3602,156:3750,157:3646,158:3972,159:3814,160:3644,161:3869,162:3635,163:3655,164:4024,165:3950,166:4040,167:3854,168:3693,169:3975,170:3720,171:3733,172:3965,173:3772,174:4066,175:3880,176:4042,177:3772,178:3940,179:3800,180:3845,181:3948,182:3882,183:3852,184:3894,185:4193,186:3997,187:4185,188:4223,189:4031,190:4206,191:4268,192:3939,193:4047,194:3958,195:3954,196:3982,197:4081,198:4184,199:4079,200:4292,201:4359,202:4013,203:4127,204:4256,205:4363,206:4117,207:4247,208:4312,209:4403,210:4373,211:4237,212:4194,213:4260,214:4441,215:4169,216:4413,217:4129,218:4368,219:4390,220:4152,221:4184,222:4438,223:4482,224:4284,225:4256,226:4337,227:4134,228:4106,229:4142,230:4387,231:4114,232:4276,233:4301,234:4238,235:4342,236:4437,237:4093,238:4138,239:4344,240:4245,241:4079,242:4406,243:4423,244:4263,245:4151,246:4173,247:4279,248:4372,249:4225,250:4386,251:4016,252:4264,253:4091,254:3965,255:4275,256:4036,257:4159,258:3977,259:4172,260:3989,261:3922,262:4043,263:3906,264:4162,265:3887,266:4170,267:4058,268:4061,269:3929,270:4082,271:3839,272:3861,273:3874,274:4098,275:4007,276:3900,277:3774,278:3914,279:3910,280:3779,281:3739,282:3781,283:3995,284:3791,285:3793,286:3802,287:3704,288:4007,289:4014,290:3639,291:3712,292:3732,293:3655,294:3919,295:3667,296:3793,297:3881,298:3773,299:3749,300:3753,301:3697,302:3899,303:3704,304:3911,305:3592,306:3834,307:3889,308:3688,309:3862,310:3902,311:3819,312:3638,313:3567,314:3508,315:3840,316:3604,317:3889,318:3802,319:3766,320:3733,321:3657,322:3737,323:3622,324:3880,325:3655,326:3713,327:3722,328:3621,329:3691,330:3561,331:3557,332:3714,333:3824,334:3801,335:3875,336:3740,337:3606,338:3893,339:3807,340:3860,341:3868,342:3999,343:3868,344:3823,345:3796,346:3801,347:3777,348:3919,349:4049,350:3967,351:4100,352:4006,353:3953,354:3839,355:3915,356:4139,357:4136,358:4060,359:3966
0:3960,1:4147,2:4113,3:4033,4:3899,5:3874,6:4186,7:4256,8:4195,9:4098,10:4065,11:4090,12:4197,13:4163,14:4000,15:4139,16:4349,17:4220,18:4003,19:4174,20:4192,21:4170,22:4302,23:4133,24:4264,25:4055,26:4093,27:4064,28:4122,29:4209,30:4184,31:4463,32:4420,33:4201,34:4323,35:4174,36:4311,37:4202,38:4214,39:4339,40:4482,41:4402,42:4493,43:4491,44:4371,45:4267,46:4140,47:4196,48:4353,49:4261,50:4425,51:4302,52:4143,53:4179,54:4409,55:4400,56:4147,57:4260,58:4095,59:4241,60:4400,61:4261,62:4104,63:4206,64:4250,65:4329,66:4270,67:4244,68:4099,69:4032,70:4340,71:4129,72:4174,73:4152,74:4217,75:4127,76:4281,77:4225,78:3923,79:3921,80:4223,81:4110,82:4049,83:4082,84:4018,85:4122,86:3940,87:3902,88:4217,89:3880,90:3962,91:4069,92:3800,93:3784,94:4115,95:3773,96:3879,97:4091,98:3986,99:3760,100:4057,101:3877,102:3801,103:3785,104:3706,105:3796,106:3648,107:3832,108:3850,109:4013,110:3830,111:3689,112:3957,113:3767,114:3729,115:3683,116:3748,117:3852,118:3625,119:3735,120:3572,121:3575,122:3793,123:3747,124:3628,125:3728,126:3796,127:3536,128:3805,129:3532,130:3860,131:3821,132:3767,133:3595,134:3623,135:3724,136:3752,137:3551,138:3593,139:3682,140:3894,141:3735,142:3537,143:3803,144:3568,145:3884,146:3700,147:3701,148:3924,149:3695,150:3667,151:3842,152:3926,153:3718,154:3761,155:3729,156:3683,157:3729,158:3851,159:3960,160:3764,161:3838,162:3826,163:3932,164:3847,165:3667,166:3855,167:3675,168:3785,169:4061,170:3844,171:3783,172:3884,173:3767,174:3924,175:3935,176:4149,177:4075,178:4022,179:3834,180:3801,181:3822,182:4167,183:4034,184:3890,185:3910,186:3926,187:4004,188:4103,189:3895,190:3962,191:4208,192:4149,193:4320,194:4206,195:4186,196:3978,197:3997,198:4271,199:4006,200:4142,201:4328,202:4389,203:4254,204:4376,205:4074,206:4255,207:4378,208:4147,209:4181,210:4447,211:4199,212:4265,213:4116,214:4121,215:4265,216:4143,217:4433,218:4344,219:4371,220:4437,221:4222,222:4480,223:4144,224:4256,225:4384,226:4391,227:4170,228:4391,229:4490,230:4376,231:4262,232:4125,233:4425,234:4126,235:4160,236:4444,237:4421,238:4196,239:4232,240:4213,241:4136,242:4322,243:4255,244:4418,245:4367,246:4209,247:4229,248:4061,249:4089,250:4277,251:4093,252:4121,253:4279,254:4308,255:4342,256:4212,257:4209,258:4316,259:3930,260:4145,261:4278,262:4168,263:4216,264:4258,265:3943,266:3971,267:3894,268:4092,269:4113,270:4038,271:3997,272:4114,273:4081,274:4129,275:3789,276:3787,277:4061,278:3811,279:3792,280:3980,281:3856,282:3873,283:3910,284:4053,285:3884,286:3704,287:3721,288:3927,289:3977,290:3613,291:3853,292:3751,293:3606,294:3804,295:3888,296:3934,297:3737,298:3761,299:3739,300:3602,301:3794,302:3680,303:3555,304:3611,305:3671,306:3621,307:3794,308:3576,309:3567,310:3687,311:3752,312:3851,313:3570,314:3502,315:3609,316:3583,317:3835,318:3536,319:3763,320:3742,321:3562,322:3524,323:3584,324:3723,325:3647,326:3805,327:3629,328:3803,329:3776,330:3912,331:3779,332:3881,333:3855,334:3657,335:3694,336:3775,337:3594,338:3689,339:3993,340:3714,341:3845,342:3673,343:4004,344:4011,345:4007,346:3800,347:4028,348:3993,349:3762,350:3885,351:4042,352:4107,353:3810,354:3751,355:3827,356:4037,357:3913,358:4161,359:3809
0:3983,1:3946,2:4008,3:4110,4:3872,5:3873,6:3953,7:3954,8:4109,9:4269,10:4204,11:4015,12:4230,13:4270,14:4048,15:3992,16:4029,17:3977,18:4206,19:4106,20:4076,21:4038,22:4068,23:4411,24:4123,25:4267,26:4179,27:4105,28:4268,29:4220,30:4353,31:4453,32:4268,33:4247,34:4338,35:4082,36:4120,37:4445,38:4248,39:4136,40:4278,41:4205,42:4494,43:4316,44:4146,45:4324,46:4477,47:4322,48:4492,49:4497,50:4176,51:4415,52:4396,53:4243,54:4368,55:4378,56:4309,57:4311,58:4363,59:4250,60:4267,61:4066,62:4294,63:4144,64:4216,65:4097,66:4045,67:4189,68:4261,69:4121,70:4282,71:4305,72:4022,73:4264,74:4100,75:4224,76:4278,77:3966,78:4257,79:4226,80:4071,81:4230,82:4234,83:3970,84:4143,85:4069,86:4209,87:3973,88:4066,89:3935,90:3971,91:4092,92:3916,93:3829,94:3950,95:4059,96:3775,97:3971,98:3950,99:4049,100:4047,101:4052,102:3851,103:3929,104:3678,105:3828,106:3959,107:3995,108:3937,109:3778,110:3853,111:3659,112:3950,113:3700,114:3873,115:3717,116:3626,117:3833,118:3696,119:3743,120:3891,121:3709,122:3705,123:3768,124:3666,125:3856,126:3656,127:3715,128:3845,129:3712,130:3660,131:3801,132:3728,133:3665,134:3839,135:3545,136:3678,137:3638,138:3625,139:3738,140:3592,141:3528,142:3728,143:3603,144:3630,145:3895,146:3528,147:3823,148:3664,149:3610,150:3719,151:3734,152:3677,153:3680,154:3677,155:3736,156:3626,157:3843,158:3846,159:3919,160:3801,161:4012,162:3964,163:3757,164:3670,165:4006,166:3896,167:3836,168:3961,169:3870,170:3865,171:3934,172:3773,173:3728,174:3963,175:3903,176:3819,177:3876,178:4050,179:3803,180:4197,181:4016,182:3913,183:4032,184:3906,185:3996,186:4161,187:3905,188:4106,189:4006,190:4274,191:3946,192:4267,193:3984,194:4257,195:4077,196:4284,197:4013,198:4095,199:4377,200:4126,201:4099,202:4349,203:4135,204:4291,205:4287,206:4415,207:4174,208:4169,209:4380,210:4417,211:4110,212:4457,213:4354,214:4364,215:4085,216:4419,217:4382,218:4421,219:4314,220:4436,221:4317,222:4410,223:4183,224:4190,225:4210,226:4409,227:4323,228:4402,229:4201,230:4393,231:4481,232:4257,233:4337,234:4291,235:4111,236:4442,237:4260,238:4174,239:4451,240:4131,241:4066,242:4151,243:4232,244:4143,245:4260,246:4070,247:4082,248:4301,249:4204,250:4140,251:4338,252:4045,253:4341,254:4144,255:3986,256:4215,257:4166,258:4092,259:3942,260:4042,261:3948,262:4221,263:4213,264:4177,265:4186,266:4133,267:4123,268:3957,269:3892,270:4166,271:4131,272:4043,273:4089,274:3956,275:3774,276:3853,277:3836,278:4107,279:3801,280:3812,281:3755,282:3862,283:3742,284:3871,285:3696,286:3729,287:3788,288:3975,289:3618,290:3922,291:3981,292:3733,293:3877,294:3688,295:3574,296:3959,297:3842,298:3597,299:3887,300:3678,301:3633,302:3873,303:3645,304:3596,305:3807,306:3736,307:3578,308:3574,309:3762,310:3527,311:3790,312:3623,313:3549,314:3582,315:3563,316:3709,317:3629,318:3530,319:3584,320:3838,321:3805,322:3863,323:3582,324:3691,325:3896,326:3803,327:3695,328:3920,329:3710,330:3585,331:3845,332:3789,333:3924,334:3655,335:3847,336:3660,337:3833,338:3859,339:3714,340:3753,341:3618,342:3939,343:3909,344:3875,345:3850,346:3722,347:3879,348:3688,349:3791,350:4069,351:4097,352:3778,353:4074,354:4074,355:3961,356:4100,357:4085,358:4125,359:4075
0:4155,1:4126,2:3905,3:3872,4:4129,5:4134,6:4013,7:3879,8:4202,9:4135,10:4187,11:3914,12:3987,13:4140,14:4270,15:4121,16:4320,17:4100,18:4144,19:4173,20:4060,21:4179,22:4089,23:4237,24:4038,25:4088,26:4205,27:4332,28:4106,29:4233,30:4203,31:4393,32:4304,33:4223,34:4430,35:4287,36:4481,37:4214,38:4376,39:4388,40:4440,41:4115,42:4199,43:4444,44:4278,45:4233,46:4473,47:4356,48:4328,49:4473,50:4197,51:4275,52:4454,53:4423,54:4153,55:4472,56:4114,57:4355,58:4232,59:4427,60:4201,61:4304,62:4312,63:4099,64:4112,65:4335,66:4368,67:4152,68:4092,69:4005,70:4084,71:4295,72:4203,73:4210,74:4051,75:3997,76:4301,77:4300,78:4023,79:3919,80:4141,81:4146,82:4097,83:4247,84:4243,85:4148,86:3869,87:3951,88:4163,89:3936,90:4098,91:3885,92:3939,93:4055,94:4124,95:4117,96:3927,97:3776,98:3949,99:3729,100:3989,101:3894,102:4012,103:3879,104:3972,105:3668,106:3799,107:3759,108:3715,109:3789,110:3919,111:3900,112:3947,113:3960,114:3826,115:3794,116:3640,117:3699,118:3735,119:3655,120:3630,121:3894,122:3867,123:3619,124:3796,125:3817,126:3718,127:3825,128:3834,129:3714,130:3893,131:3772,132:3876,133:3637,134:3741,135:3792,136:3712,137:3811,138:3655,139:3543,140:3902,141:3584,142:3538,143:3771,144:3535,145:3665,146:3885,147:3724,148:3648,149:3727,150:3641,151:3779,152:3777,153:3823,154:3761,155:3898,156:3641,157:3675,158:3620,159:3837,160:3697,161:3709,162:3961,163:3718,164:3914,165:3744,166:3838,167:4054,168:3728,169:3872,170:3749,171:3935,172:3977,173:4084,174:4060,175:3888,176:3865,177:3994,178:3841,179:3961,180:3895,181:4128,182:4083,183:3927,184:3933,185:3980,186:4148,187:3970,188:4278,189:4242,190:4026,191:4250,192:4039,193:4222,194:4192,195:4271,196:4300,197:4210,198:3978,199:4170,200:4354,201:4177,202:4025,203:4264,204:4351,205:4418,206:4200,207:4338,208:4282,209:4066,210:4269,211:4114,212:4128,213:4436,214:4415,215:4154,216:4150,217:4242,218:4170,219:4429,220:4134,221:4182,222:4319,223:4413,224:4295,225:4190,226:4427,227:4407,228:4496,229:4207,230:4274,231:4460,232:4412,233:4274,234:4434,235:4271,236:4354,237:4164,238:4162,239:4137,240:4392,241:4421,242:4369,243:4264,244:4184,245:4132,246:4228,247:4333,248:4305,249:4198,250:4191,251:4063,252:4362,253:3997,254:4265,255:4251,256:4329,257:4025,258:4264,259:4019,260:3944,261:4045,262:4030,263:4153,264:3982,265:3859,266:4058,267:3966,268:4079,269:4009,270:3836,271:3961,272:3945,273:4023,274:4145,275:4067,276:3747,277:4057,278:3749,279:4007,280:3800,281:3792,282:3729,283:3977,284:4029,285:3728,286:3655,287:3978,288:3744,289:3837,290:3644,291:3689,292:3735,293:3734,294:3787,295:3827,296:3938,297:3900,298:3583,299:3645,300:3634,301:3645,302:3632,303:3767,304:3888,305:3907,306:3807,307:3860,308:3705,309:3876,310:3799,311:3840,312:3556,313:3703,314:3789,315:3822,316:3569,317:3862,318:3579,319:3683,320:3738,321:3562,322:3798,323:3857,324:3648,325:3905,326:3619,327:3799,328:3650,329:3711,330:3624,331:3934,332:3685,333:3893,334:3939,335:3709,336:3753,337:3893,338:3955,339:3986,340:3746,341:3885,342:3824,343:3949,344:3969,345:3710,346:3764,347:3726,348:3827,349:3714,350:3939,351:3838,352:3842,353:4104,354:4100,355:3979,356:4041,357:4117,358:4172,359:3909
0:4180,1:3906,2:4084,3:4160,4:4132,5:4002,6:4128,7:3872,8:3995,9:3928,10:3970,11:4153,12:4197,13:3993,14:4170,15:4326,16:3981,17:4259,18:3988,19:4188,20:4109,21:4013,22:4160,23:4231,24:4180,25:4076,26:4111,27:4408,28:4342,29:4071,30:4349,31:4095,32:4220,33:4370,34:4367,35:4390,36:4392,37:4208,38:4203,39:4094,40:4458,41:4299,42:4225,43:4380,44:4131,45:4340,46:4427,47:4140,48:4408,49:4134,50:4172,51:4327,52:4437,53:4384,54:4416,55:4184,56:4287,57:4136,58:4401,59:4128,60:4150,61:4378,62:4221,63:4387,64:4366,65:4098,66:4327,67:4159,68:4154,69:4236,70:4292,71:4144,72:4326,73:4066,74:4330,75:4331,76:4115,77:4208,78:3971,79:4280,80:4060,81:4198,82:4176,83:3941,84:4157,85:3859,86:4147,87:3832,88:4193,89:3928,90:3894,91:3837,92:3889,93:3777,94:4151,95:3802,96:3852,97:3883,98:3818,99:3897,100:3739,101:3787,102:3892,103:3912,104:4017,105:3701,106:3770,107:3697,108:3812,109:3881,110:3944,111:3887,112:3835,113:3954,114:3937,115:3776,116:3841,117:3682,118:3804,119:3708,120:3662,121:3724,122:3796,123:3746,124:3620,125:3775,126:3795,127:3536,128:3630,129:3514,130:3692,131:3518,132:3809,133:3538,134:3657,135:3794,136:3680,137:3594,138:3551,139:3559,140:3800,141:3546,142:3819,143:3800,144:3550,145:3756,146:3908,147:3583,148:3753,149:3681,150:3551,151:3736,152:3604,153:3916,154:3885,155:3953,156:3926,157:3938,158:3928,159:3953,160:3819,161:3924,162:3924,163:3858,164:3867,165:3985,166:3894,167:3713,168:3903,169:3859,170:3820,171:3855,172:3787,173:3849,174:3822,175:3826,176:3972,177:4050,178:3875,179:3929,180:4136,181:3995,182:4178,183:4106,184:4139,185:3894,186:4224,187:4204,188:4091,189:3914,190:4161,191:3974,192:3962,193:4108,194:4142,195:4027,196:4336,197:3992,198:4284,199:4124,200:4106,201:4059,202:4158,203:4059,204:4334,205:4196,206:4297,207:4078,208:4352,209:4358,210:4265,211:4376,212:4441,213:4110,214:4466,215:4095,216:4119,217:4188,218:4477,219:4414,220:4414,221:4244,222:4478,223:4420,224:4331,225:4149,226:4414,227:4452,228:4346,229:4314,230:4440,231:4286,232:4265,233:4407,234:4382,235:4176,236:4181,237:4133,238:4124,239:4260,240:4245,241:4070,242:4259,243:4244,244:4055,245:4284,246:4199,247:4057,248:4366,249:4133,250:4283,251:4221,252:4135,253:4077,254:3965,255:4204,256:4275,257:4096,258:4309,259:4147,260:3913,261:4205,262:3999,263:4257,264:3868,265:4181,266:3982,267:4090,268:4112,269:4149,270:3872,271:3896,272:3921,273:4088,274:3759,275:3839,276:4130,277:3743,278:3828,279:3767,280:4090,281:3885,282:3803,283:3800,284:3825,285:3898,286:3903,287:3756,288:3637,289:3951,290:3945,291:3784,292:3841,293:3975,294:3923,295:3635,296:3846,297:3717,298:3920,299:3904,300:3939,301:3720,302:3816,303:3592,304:3763,305:3757,306:3592,307:3699,308:3719,309:3825,310:3538,311:3806,312:3804,313:3764,314:3726,315:3861,316:3886,317:3665,318:3788,319:3736,320:3611,321:3884,322:3609,323:3602,324:3653,325:3634,326:3824,327:3556,328:3538,329:3875,330:3750,331:3935,332:3588,333:3687,334:3879,335:3866,336:3876,337:3841,338:3754,339:3744,340:3733,341:3623,342:3724,343:3919,344:3964,345:3719,346:3672,347:3728,348:3983,349:3941,350:3972,351:3979,352:4053,353:3978,354:3770,355:4015,356:4019,357:3807,358:3931,359:3983
0:3990,1:3907,2:3822,3:4025,4:3959,5:4032,6:3940,7:4111,8:4017,9:3958,10:4285,11:4181,12:4010,13:4070,14:4142,15:4211,16:4091,17:3987,18:4021,19:4292,20:4071,21:4055,22:4312,23:4321,24:4374,25:4274,26:4415,27:4422,28:4200,29:4169,30:4136,31:4326,32:4182,33:4372,34:4119,35:4400,36:4407,37:4165,38:4096,39:4338,40:4485,41:4355,42:4481,43:4314,44:4178,45:4223,46:4285,47:4359,48:4315,49:4149,50:4387,51:4159,52:4384,53:4171,54:4379,55:4236,56:4443,57:4361,58:4437,59:4428,60:4281,61:4423,62:4272,63:4046,64:4362,65:4329,66:4081,67:4376,68:4204,69:4023,70:4270,71:4239,72:4215,73:4246,74:4284,75:4147,76:4056,77:4199,78:4224,79:3954,80:4007,81:3901,82:3940,83:4112,84:4209,85:3897,86:4108,87:3937,88:4142,89:3886,90:4083,91:3793,92:4034,93:4058,94:4032,95:4141,96:3799,97:4094,98:3901,99:3788,100:3916,101:3829,102:3875,103:3786,104:3969,105:4008,106:3996,107:4002,108:3868,109:3886,110:3896,111:3921,112:3645,113:3882,114:3899,115:3928,116:3883,117:3910,118:3913,119:3618,120:3722,121:3657,122:3643,123:3584,124:3844,125:3556,126:3570,127:3514,128:3622,129:3894,130:3620,131:3894,132:3891,133:3739,134:3807,135:3824,136:3599,137:3885,138:3774,139:3835,140:3843,141:3740,142:3548,143:3707,144:3778,145:3686,146:3625,147:3600,148:3802,149:3713,150:3561,151:3733,152:3610,153:3728,154:3907,155:3945,156:3832,157:3919,158:3887,159:3691,160:3874,161:3869,162:3715,163:3937,164:3688,165:3953,166:3787,167:3691,168:3987,169:3959,170:3750,171:3874,172:3784,173:4045,174:3817,175:3978,176:3946,177:3884,178:4140,179:3830,180:3829,181:3836,182:4025,183:4047,184:3921,185:4034,186:4079,187:3877,188:3899,189:3918,190:3948,191:4151,192:3929,193:4252,194:4088,195:4237,196:4018,197:4219,198:4287,199:4174,200:4285,201:4082,202:4213,203:4324,204:4199,205:4038,206:4248,207:4225,208:4168,209:4328,210:4451,211:4242,212:4116,213:4233,214:4393,215:4315,216:4424,217:4180,218:4422,219:4185,220:4169,221:4461,222:4348,223:4234,224:4397,225:4211,226:4474,227:4259,228:4294,229:4361,230:4294,231:4226,232:4364,233:4213,234:4312,235:4473,236:4125,237:4212,238:4177,239:4097,240:4335,241:4056,242:4421,243:4376,244:4107,245:4211,246:4139,247:4200,248:4287,249:4074,250:4000,251:4150,252:4171,253:4317,254:4043,255:4253,256:4274,257:4115,258:4263,259:3919,260:4268,261:4027,262:3957,263:3952,264:3950,265:4119,266:3896,267:3854,268:3823,269:3931,270:3937,271:3889,272:4173,273:3991,274:3986,275:3763,276:3771,277:3748,278:3956,279:3757,280:3758,281:3949,282:4015,283:3889,284:3709,285:3651,286:4038,287:3958,288:4001,289:3912,290:3980,291:3837,292:3815,293:3640,294:3701,295:3734,296:3744,297:3746,298:3773,299:3721,300:3764,301:3598,302:3806,303:3758,304:3827,305:3774,306:3649,307:3586,308:3667,309:3519,310:3594,311:3773,312:3881,313:3891,314:3752,315:3752,316:3747,317:3795,318:3727,319:3522,320:3819,321:3855,322:3798,323:3850,324:3794,325:3784,326:3560,327:3872,328:3534,329:3661,330:3608,331:3882,332:3740,333:3853,334:3917,335:3757,336:3794,337:3839,338:3963,339:3887,340:3784,341:3701,342:3711,343:4009,344:3783,345:3749,346:4030,347:3961,348:3709,349:3770,350:4074,351:3977,352:4062,353:3937,354:3786,355:4020,356:4156,357:4048,358:3871,359:3884
0:4130,1:3893,2:4189,3:4203,4:3992,5:3970,6:4200,7:4146,8:4002,9:4191,10:4137,11:4235,12:4181,13:4256,14:4092,15:4046,16:4066,17:4179,18:4184,19:4163,20:4143,21:4327,22:4319,23:4385,24:4223,25:4360,26:4256,27:4141,28:4388,29:4389,30:4239,31:4449,32:4143,33:4306,34:4211,35:4279,36:4429,37:4245,38:4480,39:4395,40:4329,41:4288,42:4162,43:4216,44:4183,45:4177,46:4280,47:4264,48:4112,49:4201,50:4385,51:4357,52:4200,53:4372,54:4248,55:4451,56:4399,57:4159,58:4259,59:4456,60:4188,61:4358,62:4125,63:4076,64:4151,65:4155,66:4261,67:4369,68:4400,69:4367,70:4031,71:4350,72:4215,73:4166,74:4071,75:4112,76:4049,77:4154,78:4292,79:3935,80:4238,81:3937,82:3916,83:4207,84:4192,85:4192,86:3972,87:3999,88:3984,89:3991,90:3994,91:4137,92:3959,93:4063,94:4122,95:3801,96:3754,97:4022,98:3892,99:3949,100:3707,101:3697,102:3944,103:3946,104:4036,105:3776,106:3753,107:3773,108:3664,109:3778,110:3660,111:3604,112:3625,113:3690,114:3730,115:3962,116:3916,117:3634,118:3570,119:3732,120:3835,121:3771,122:3695,123:3721,124:3560,125:3917,126:3548,127:3855,128:3544,129:3635,130:3834,131:3697,132:3605,133:3704,134:3503,135:3853,136:3852,137:3561,138:3884,139:3739,140:3844,141:3633,142:3897,143:3617,144:3813,145:3660,146:3637,147:3777,148:3894,149:3679,150:3780,151:3698,152:3670,153:3706,154:3909,155:3765,156:3921,157:3938,158:3647,159:3693,160:3725,161:3959,162:3813,163:3787,164:3950,165:3682,166:3969,167:3888,168:3783,169:3715,170:3905,171:3907,172:3789,173:3898,174:4101,175:3894,176:4157,177:3946,178:4165,179:3937,180:3824,181:3884,182:3957,183:3989,184:3854,185:4065,186:3903,187:3931,188:4038,189:4183,190:4161,191:4078,192:4117,193:4292,194:4259,195:4225,196:4285,197:4186,198:3999,199:4048,200:4341,201:4231,202:4041,203:4399,204:4099,205:4395,206:4405,207:4309,208:4298,209:4092,210:4344,211:4224,212:4073,213:4371,214:4194,215:4126,216:4168,217:4111,218:4346,219:4123,220:4326,221:4366,222:4325,223:4445,224:4424,225:4212,226:4197,227:4393,228:4272,229:4405,230:4445,231:4358,232:4093,233:4171,234:4257,235:4478,236:4202,237:4283,238:4159,239:4236,240:4260,241:4186,242:4374,243:4373,244:4036,245:4155,246:4231,247:4329,248:4379,249:4095,250:4054,251:4005,252:4168,253:4243,254:4297,255:4299,256:4315,257:4232,258:4005,259:4241,260:4153,261:4034,262:4214,263:4026,264:4163,265:4083,266:4051,267:3845,268:4057,269:4069,270:3870,271:3797,272:3802,273:3842,274:3978,275:4011,276:4063,277:3974,278:3748,279:3805,280:3755,281:3962,282:3889,283:3872,284:3683,285:4037,286:3978,287:3799,288:3794,289:3943,290:3634,291:3999,292:3960,293:3586,294:3581,295:3609,296:3794,297:3923,298:3608,299:3915,300:3668,301:3911,302:3708,303:3794,304:3917,305:3779,306:3558,307:3599,308:3694,309:3661,310:3534,311:3556,312:3802,313:3690,314:3756,315:3696,316:3735,317:3718,318:3656,319:3735,320:3762,321:3619,322:3600,323:3757,324:3869,325:3847,326:3540,327:3587,328:3566,329:3871,330:3554,331:3861,332:3759,333:3831,334:3806,335:3756,336:3924,337:3689,338:3760,339:3818,340:3882,341:3672,342:3902,343:3687,344:3734,345:3824,346:4050,347:4042,348:3773,349:3871,350:3727,351:4017,352:3841,353:4007,354:3820,355:4058,356:3901,357:3837,358:3824,359:4032
0:4063,1:3938,2:4012,3:4229,4:4096,5:3928,6:4161,7:3969,8:4139,9:4051,10:3975,11:4291,12:3962,13:4278,14:4259,15:4060,16:4123,17:4350,18:4186,19:4271,20:4076,21:4294,22:4097,23:4079,24:4191,25:4125,26:4274,27:4184,28:4351,29:4337,30:4389,31:4380,32:4449,33:4411,34:4287,35:4469,36:4334,37:4222,38:4191,39:4472,40:4381,41:4462,42:4385,43:4494,44:4163,45:4407,46:4100,47:4122,48:4457,49:4378,50:4343,51:4186,52:4171,53:4217,54:4416,55:4331,56:4085,57:4369,58:4131,59:4427,60:4392,61:4141,62:4225,63:4380,64:4217,65:4084,66:4317,67:4230,68:4041,69:4294,70:4018,71:4049,72:4235,73:4047,74:4326,75:4183,76:4096,77:4117,78:4117,79:3973,80:4098,81:3899,82:4030,83:3991,84:4204,85:4117,86:3880,87:4038,88:3966,89:4101,90:4099,91:3856,92:3905,93:4122,94:3860,95:3886,96:3888,97:3913,98:3892,99:3993,100:4039,101:3896,102:3939,103:4028,104:3891,105:3856,106:3872,107:4010,108:3750,109:3989,110:3646,111:3814,112:3644,113:3713,114:3899,115:3598,116:3676,117:3811,118:3865,119:3829,120:3839,121:3930,122:3624,123:3705,124:3708,125:3676,126:3904,127:3588,128:3571,129:3518,130:3641,131:3604,132:3708,133:3747,134:3632,135:3840,136:3515,137:3857,138:3900,139:3657,140:3898,141:3905,142:3816,143:3862,144:3571,145:3526,146:3768,147:3689,148:3707,149:3681,150:3878,151:3857,152:3724,153:3761,154:3639,155:3695,156:3737,157:3869,158:3913,159:3814,160:3701,161:4012,162:3804,163:3705,164:3753,165:3813,166:3786,167:3975,168:3752,169:3896,170:3996,171:3832,172:3863,173:3736,174:4057,175:3906,176:3807,177:3882,178:4022,179:4156,180:3906,181:4179,182:3990,183:3923,184:4096,185:4181,186:4156,187:3965,188:4012,189:3925,190:4298,191:4288,192:4084,193:3989,194:3993,195:3980,196:4145,197:4335,198:3998,199:4168,200:4170,201:4389,202:4356,203:4231,204:4409,205:4158,206:4291,207:4422,208:4247,209:4055,210:4138,211:4333,212:4189,213:4222,214:4257,215:4191,216:4473,217:4453,218:4427,219:4410,220:4461,221:4357,222:4359,223:4187,224:4496,225:4349,226:4126,227:4145,228:4252,229:4234,230:4394,231:4209,232:4165,233:4311,234:4403,235:4374,236:4232,237:4457,238:4134,239:4314,240:4142,241:4268,242:4191,243:4148,244:4414,245:4363,246:4320,247:4404,248:4363,249:4299,250:4229,251:4159,252:4232,253:4331,254:4104,255:4150,256:3951,257:3998,258:3965,259:3916,260:4059,261:4288,262:3936,263:3912,264:3999,265:4130,266:4016,267:4095,268:3955,269:4002,270:4072,271:4089,272:3980,273:3962,274:4004,275:4042,276:3985,277:4043,278:4021,279:3838,280:3859,281:3914,282:4004,283:3696,284:4023,285:3980,286:3762,287:3991,288:3852,289:4003,290:3722,291:3874,292:3752,293:3893,294:3875,295:3824,296:3867,297:3866,298:3731,299:3547,300:3556,301:3686,302:3715,303:3588,304:3755,305:3713,306:3906,307:3903,308:3720,309:3538,310:3681,311:3608,312:3750,313:3628,314:3563,315:3612,316:3544,317:3883,318:3542,319:3596,320:3583,321:3836,322:3656,323:3659,324:3828,325:3626,326:3839,327:3775,328:3698,329:3849,330:3556,331:3896,332:3855,333:3948,334:3784,335:3893,336:3737,337:3981,338:3817,339:3681,340:3950,341:3722,342:3930,343:3797,344:3914,345:3957,346:3905,347:3889,348:3942,349:4001,350:3860,351:3718,352:3955,353:3766,354:3890,355:3826,356:4062,357:4126,358:3874,359:4177
0:3839,1:3902,2:3998,3:4193,4:4000,5:3891,6:4102,7:4066,8:4238,9:4233,10:4127,11:4035,12:4162,13:4006,14:3952,15:4309,16:4229,17:4002,18:4126,19:4355,20:4028,21:4226,22:4203,23:4380,24:4043,25:4039,26:4218,27:4425,28:4178,29:4276,30:4427,31:4263,32:4245,33:4436,34:4177,35:4261,36:4114,37:4448,38:4382,39:4292,40:4260,41:4231,42:4117,43:4288,44:4311,45:4442,46:4315,47:4155,48:4207,49:4107,50:4413,51:4399,52:4483,53:4243,54:4271,55:4171,56:4207,57:4173,58:4103,59:4304,60:4199,61:4298,62:4072,63:4220,64:4266,65:4322,66:4146,67:4285,68:4041,69:4075,70:4228,71:4104,72:4241,73:4295,74:3992,75:4282,76:3998,77:4320,78:4010,79:4073,80:4051,81:3963,82:4107,83:3987,84:3884,85:4202,86:3941,87:4041,88:3983,89:4016,90:3816,91:3819,92:3812,93:3862,94:3909,95:3785,96:4040,97:3749,98:3958,99:4034,100:4006,101:3789,102:3997,103:3848,104:3809,105:3789,106:3918,107:3646,108:3796,109:3928,110:3991,111:3772,112:3884,113:3708,114:3933,115:3965,116:3775,117:3805,118:3739,119:3728,120:3857,121:3753,122:3772,123:3766,124:3696,125:3704,126:3598,127:3855,128:3814,129:3817,130:3882,131:3639,132:3602,133:3527,134:3836,135:3771,136:3566,137:3738,138:3857,139:3885,140:3799,141:3773,142:3745,143:3737,144:3677,145:3895,146:3653,147:3615,148:3908,149:3562,150:3896,151:3918,152:3902,153:3783,154:3742,155:3871,156:3970,157:3899,158:3652,159:3748,160:3611,161:3993,162:3654,163:3764,164:3994,165:3856,166:3687,167:4053,168:3917,169:3849,170:3863,171:3761,172:3845,173:3914,174:4017,175:3753,176:3977,177:4153,178:3831,179:3824,180:4138,181:3908,182:4063,183:3954,184:4176,185:3966,186:4009,187:4144,188:4179,189:4132,190:4288,191:4279,192:3924,193:4040,194:4108,195:4226,196:4177,197:4120,198:4329,199:4108,200:4161,201:4023,202:4203,203:4074,204:4314,205:4198,206:4056,207:4398,208:4363,209:4130,210:4158,211:4099,212:4090,213:4437,214:4101,215:4394,216:4162,217:4248,218:4187,219:4180,220:4268,221:4106,222:4273,223:4329,224:4189,225:4308,226:4465,227:4114,228:4221,229:4442,230:4132,231:4195,232:4160,233:4318,234:4366,235:4089,236:4472,237:4162,238:4146,239:4105,240:4422,241:4390,242:4220,243:4337,244:4283,245:4341,246:4414,247:4217,248:4261,249:4304,250:4326,251:4138,252:4181,253:4312,254:4108,255:4075,256:4083,257:4223,258:4122,259:4226,260:4102,261:4262,262:4083,263:4198,264:4066,265:3902,266:4203,267:4054,268:4202,269:3949,270:4164,271:4019,272:3785,273:3793,274:3910,275:4016,276:4028,277:3927,278:3859,279:3977,280:3861,281:3756,282:3818,283:3744,284:4009,285:3709,286:3874,287:3978,288:3827,289:3877,290:3901,291:3760,292:3820,293:3855,294:3599,295:3772,296:3793,297:3794,298:3902,299:3883,300:3880,301:3591,302:3670,303:3674,304:3778,305:3810,306:3607,307:3781,308:3793,309:3633,310:3775,311:3531,312:3771,313:3734,314:3761,315:3885,316:3542,317:3508,318:3840,319:3757,320:3567,321:3527,322:3891,323:3544,324:3902,325:3519,326:3548,327:3743,328:3552,329:3558,330:3744,331:3614,332:3915,333:3595,334:3568,335:3878,336:3689,337:3943,338:3893,339:3702,340:3610,341:3669,342:3763,343:3950,344:3698,345:3742,346:3973,347:3840,348:3848,349:3843,350:3924,351:3969,352:3939,353:3797,354:4020,355:4115,356:4027,357:4138,358:4177,359:3917
0:3944,1:4031,2:3874,3:3940,4:3979,5:3861,6:3985,7:4167,8:4117,9:4205,10:4160,11:3942,12:4162,13:4272,14:4093,15:4330,16:4114,17:4329,18:4242,19:4088,20:4276,21:4017,22:4392,23:4284,24:4229,25:4177,26:4190,27:4054,28:4413,29:4237,30:4355,31:4344,32:4417,33:4344,34:4307,35:4197,36:4131,37:4357,38:4451,39:4421,40:4172,41:4393,42:4481,43:4316,44:4163,45:4186,46:4493,47:4368,48:4300,49:4407,50:4383,51:4425,52:4345,53:4129,54:4182,55:4394,56:4290,57:4104,58:4222,59:4378,60:4363,61:4348,62:4215,63:4078,64:4245,65:4401,66:4118,67:4363,68:4299,69:4261,70:4204,71:3998,72:4044,73:4236,74:4056,75:4301,76:4288,77:4252,78:4136,79:3912,80:4083,81:4162,82:4219,83:3911,84:3875,85:4109,86:3866,87:3999,88:3835,89:4137,90:3897,91:3985,92:4005,93:3873,94:4130,95:3795,96:3905,97:3797,98:3791,99:4071,100:3774,101:3900,102:3900,103:3974,104:3766,105:4030,106:3851,107:3984,108:3802,109:4001,110:3852,111:3991,112:3792,113:3767,114:3881,115:3605,116:3877,117:3683,118:3792,119:3708,120:3893,121:3817,122:3797,123:3845,124:3898,125:3795,126:3612,127:3813,128:3865,129:3633,130:3591,131:3565,132:3755,133:3817,134:3695,135:3617,136:3761,137:3634,138:3897,139:3508,140:3834,141:3554,142:3798,143:3552,144:3675,145:3589,146:3722,147:3730,148:3862,149:3550,150:3727,151:3714,152:3628,153:3766,154:3861,155:3667,156:3767,157:3978,158:3893,159:3681,160:3628,161:3882,162:3882,163:3974,164:3758,165:3858,166:3984,167:3982,168:3789,169:4003,170:4078,171:3988,172:3743,173:3819,174:3786,175:3861,176:3807,177:3935,178:3820,179:4089,180:4181,181:4194,182:3848,183:3862,184:4160,185:3881,186:4132,187:4019,188:4021,189:3973,190:3903,191:4292,192:3937,193:4065,194:4324,195:4203,196:4011,197:4094,198:4328,199:4286,200:4202,201:4291,202:4172,203:4152,204:4237,205:4173,206:4052,207:4099,208:4347,209:4399,210:4335,211:4271,212:4389,213:4301,214:4227,215:4181,216:4364,217:4426,218:4299,219:4315,220:4263,221:4212,222:4468,223:4439,224:4424,225:4284,226:4313,227:4382,228:4448,229:4488,230:4106,231:4367,232:4231,233:4329,234:4353,235:4344,236:4296,237:4366,238:4138,239:4421,240:4264,241:4191,242:4310,243:4414,244:4263,245:4303,246:4149,247:4359,248:4200,249:4374,250:4216,251:4113,252:4328,253:4125,254:4080,255:4307,256:4280,257:4019,258:4245,259:3977,260:4010,261:3920,262:4269,263:4219,264:3894,265:3896,266:4075,267:4007,268:3928,269:4200,270:3874,271:4039,272:3963,273:4149,274:3919,275:4075,276:4003,277:4069,278:3892,279:4028,280:4095,281:3693,282:3829,283:3840,284:3937,285:3909,286:3992,287:3981,288:3679,289:3945,290:3667,291:3658,292:3653,293:3902,294:3955,295:3811,296:3635,297:3575,298:3626,299:3941,300:3845,301:3730,302:3797,303:3549,304:3797,305:3820,306:3715,307:3790,308:3550,309:3631,310:3894,311:3618,312:3783,313:3816,314:3569,315:3650,316:3578,317:3879,318:3766,319:3595,320:3851,321:3560,322:3763,323:3699,324:3628,325:3717,326:3678,327:3639,328:3630,329:3796,330:3824,331:3860,332:3660,333:3809,334:3595,335:3911,336:3637,337:3611,338:3961,339:3638,340:3731,341:3871,342:3967,343:3728,344:3971,345:3831,346:3868,347:3885,348:3745,349:4045,350:3735,351:3948,352:3727,353:4020,354:3820,355:3845,356:3839,357:3875,358:4149,359:3936
0:4075,1:4069,2:3843,3:4114,4:4027,5:4152,6:4128,7:4216,8:4168,9:3975,10:4205,11:4064,12:4186,13:4301,14:4071,15:4087,16:4013,17:4304,18:4189,19:4110,20:4239,21:4245,22:4048,23:4277,24:4073,25:4139,26:4348,27:4255,28:4254,29:4136,30:4185,31:4095,32:4452,33:4434,34:4219,35:4270,36:4319,37:4393,38:4427,39:4235,40:4338,41:4356,42:4392,43:4259,44:4434,45:4254,46:4350,47:4452,48:4331,49:4366,50:4387,51:4472,52:4171,53:4424,54:4347,55:4097,56:4415,57:4338,58:4096,59:4236,60:4221,61:4267,62:4111,63:4388,64:4240,65:4072,66:4335,67:4388,68:4181,69:4248,70:4278,71:4027,72:4053,73:4321,74:4292,75:4218,76:4160,77:3975,78:4075,79:4217,80:4026,81:3893,82:4276,83:4027,84:4067,85:3940,86:3869,87:4029,88:4144,89:4100,90:4150,91:4102,92:4176,93:3785,94:3873,95:3939,96:3991,97:4085,98:3810,99:3771,100:3893,101:3986,102:3948,103:3864,104:3862,105:3894,106:3768,107:3688,108:3946,109:3729,110:3619,111:3899,112:3717,113:3787,114:3661,115:3828,116:3709,117:3573,118:3573,119:3922,120:3692,121:3719,122:3908,123:3797,124:3532,125:3554,126:3893,127:3567,128:3727,129:3651,130:3736,131:3513,132:3521,133:3726,134:3542,135:3648,136:3584,137:3870,138:3727,139:3654,140:3832,141:3596,142:3847,143:3522,144:3648,145:3894,146:3682,147:3856,148:3869,149:3905,150:3848,151:3700,152:3854,153:3911,154:3852,155:3680,156:3727,157:3799,158:3818,159:3941,160:3638,161:3872,162:3862,163:3806,164:3876,165:3942,166:3752,167:3736,168:3689,169:3745,170:4079,171:3911,172:4093,173:3760,174:3926,175:3853,176:4037,177:4141,178:3848,179:4089,180:3933,181:3991,182:3958,183:4042,184:4095,185:4027,186:3998,187:3944,188:4216,189:3910,190:4037,191:4308,192:4098,193:4302,194:3990,195:4108,196:4342,197:4036,198:4218,199:4375,200:4238,201:4170,202:4014,203:4247,204:4160,205:4247,206:4387,207:4205,208:4399,209:4115,210:4284,211:4338,212:4246,213:4471,214:4443,215:4220,216:4406,217:4323,218:4372,219:4459,220:4222,221:4259,222:4397,223:4204,224:4480,225:4407,226:4395,227:4370,228:4257,229:4428,230:4398,231:4317,232:4313,233:4367,234:4298,235:4340,236:4332,237:4189,238:4104,239:4210,240:4409,241:4285,242:4297,243:4258,244:4429,245:4055,246:4135,247:4245,248:4103,249:4221,250:4036,251:4309,252:4123,253:4273,254:3985,255:4111,256:4078,257:3943,258:3991,259:4140,260:4136,261:3915,262:4089,263:4067,264:4116,265:4249,266:3904,267:4022,268:4191,269:4078,270:3931,271:4177,272:3845,273:3967,274:4035,275:3941,276:3947,277:4001,278:3860,279:4027,280:3840,281:3839,282:3725,283:3734,284:3979,285:3692,286:3701,287:3855,288:3956,289:3756,290:3867,291:3862,292:3706,293:3861,294:3779,295:3570,296:3628,297:3804,298:3769,299:3674,300:3922,301:3613,302:3796,303:3538,304:3681,305:3552,306:3654,307:3690,308:3538,309:3881,310:3728,311:3659,312:3841,313:3790,314:3604,315:3551,316:3550,317:3636,318:3779,319:3825,320:3820,321:3541,322:3729,323:3523,324:3913,325:3743,326:3612,327:3806,328:3766,329:3788,330:3582,331:3648,332:3822,333:3645,334:3796,335:3880,336:3758,337:3954,338:3936,339:3728,340:3681,341:3700,342:3847,343:3899,344:3841,345:3718,346:3916,347:3785,348:3932,349:3773,350:4005,351:4088,352:4035,353:3749,354:3806,355:4141,356:3831,357:4031,358:4086,359:4119
0:3998,1:4187,2:4042,3:4009,4:4009,5:3974,6:4231,7:3923,8:4122,9:4288,10:3975,11:4032,12:4116,13:4058,14:4204,15:4217,16:4016,17:4100,18:4360,19:3998,20:4141,21:4148,22:4403,23:4348,24:4102,25:4422,26:4209,27:4334,28:4377,29:4394,30:4173,31:4301,32:4379,33:4106,34:4291,35:4323,36:4232,37:4138,38:4372,39:4456,40:4366,41:4420,42:4489,43:4361,44:4285,45:4475,46:4431,47:4192,48:4481,49:4348,50:4206,51:4127,52:4120,53:4479,54:4088,55:4412,56:4418,57:4169,58:4336,59:4227,60:4173,61:4190,62:4147,63:4358,64:4216,65:4127,66:4411,67:4396,68:4250,69:4358,70:4287,71:4312,72:4070,73:4358,74:4121,75:4023,76:4030,77:4087,78:4288,79:4166,80:4279,81:4201,82:3991,83:4071,84:4258,85:4159,86:4213,87:4001,88:4115,89:4064,90:3957,91:3806,92:3972,93:3898,94:4086,95:3794,96:3843,97:3811,98:3821,99:3805,100:4015,101:4028,102:3759,103:3871,104:3828,105:3854,106:3768,107:3652,108:3854,109:3648,110:3712,111:3962,112:3749,113:3752,114:3901,115:3625,116:3780,117:3854,118:3678,119:3615,120:3814,121:3747,122:3880,123:3808,124:3770,125:3737,126:3796,127:3825,128:3554,129:3721,130:3516,131:3840,132:3820,133:3646,134:3735,135:3679,136:3616,137:3558,138:3747,139:3817,140:3733,141:3761,142:3855,143:3690,144:3766,145:3753,146:3575,147:3771,148:3659,149:3637,150:3621,151:3742,152:3715,153:3560,154:3686,155:3821,156:3748,157:3948,158:3930,159:3856,160:3805,161:3701,162:3982,163:3655,164:3853,165:3881,166:3878,167:3762,168:3951,169:3965,170:3954,171:3779,172:3724,173:3870,174:3755,175:3931,176:4082,177:3812,178:3824,179:3913,180:4178,181:4049,182:3948,183:3873,184:4201,185:4100,186:3975,187:4176,188:3975,189:4072,190:4246,191:4268,192:4108,193:3993,194:4103,195:4309,196:4190,197:4123,198:4120,199:4168,200:4160,201:4218,202:4171,203:4306,204:4382,205:4209,206:4073,207:4392,208:4388,209:4392,210:4399,211:4166,212:4265,213:4328,214:4154,215:4167,216:4296,217:4402,218:4413,219:4274,220:4265,221:4283,222:4114,223:4437,224:4480,225:4456,226:4440,227:4355,228:4469,229:4304,230:4479,231:4417,232:4277,233:4389,234:4149,235:4131,236:4363,237:4098,238:4159,239:4269,240:4134,241:4065,242:4202,243:4348,244:4108,245:4370,246:4273,247:4285,248:4086,249:4160,250:4354,251:4366,252:4347,253:4080,254:4022,255:4200,256:4039,257:4325,258:4008,259:4289,260:4115,261:4103,262:3982,263:4205,264:4094,265:3991,266:4226,267:3895,268:3886,269:4046,270:3960,271:4161,272:4040,273:3922,274:4031,275:3785,276:3948,277:3936,278:3904,279:3730,280:3841,281:3726,282:3899,283:3940,284:3771,285:3921,286:3889,287:3907,288:3952,289:3692,290:3783,291:3935,292:3728,293:3632,294:3682,295:3965,296:3693,297:3843,298:3831,299:3556,300:3835,301:3836,302:3733,303:3733,304:3801,305:3675,306:3559,307:3870,308:3873,309:3644,310:3725,311:3873,312:3648,313:3663,314:3555,315:3523,316:3635,317:3501,318:3723,319:3603,320:3644,321:3709,322:3802,323:3657,324:3871,325:3559,326:3688,327:3606,328:3860,329:3855,330:3806,331:3808,332:3598,333:3877,334:3729,335:3953,336:3599,337:3600,338:3835,339:3954,340:3642,341:3966,342:3969,343:3964,344:3913,345:3826,346:3660,347:4068,348:4008,349:4020,350:4087,351:4087,352:3759,353:3799,354:4074,355:4122,356:3947,357:4003,358:3941,359:3932
0:4047,1:3982,2:3959,3:4228,4:4034,5:4220,6:4070,7:4041,8:4088,9:4190,10:3977,11:4251,12:4273,13:4109,14:4317,15:3958,16:4283,17:4275,18:4362,19:4248,20:4255,21:4065,22:4388,23:4055,24:4180,25:4137,26:4338,27:4325,28:4334,29:4391,30:4088,31:4362,32:4243,33:4400,34:4107,35:4256,36:4309,37:4455,38:4272,39:4138,40:4261,41:4175,42:4355,43:4478,44:4186,45:4132,46:4241,47:4420,48:4333,49:4479,50:4370,51:4473,52:4486,53:4172,54:4323,55:4447,56:4267,57:4113,58:4406,59:4300,60:4108,61:4320,62:4363,63:4126,64:4058,65:4123,66:4029,67:4334,68:4260,69:4006,70:4136,71:4223,72:4013,73:3970,74:4213,75:4158,76:3993,77:3981,78:4287,79:4037,80:4239,81:3962,82:4180,83:4224,84:4249,85:4015,86:4016,87:4117,88:4122,89:4210,90:3931,91:3883,92:3828,93:3931,94:3852,95:3922,96:4080,97:3940,98:3923,99:3777,100:3744,101:3863,102:3875,103:3683,104:3959,105:3842,106:3860,107:3711,108:3766,109:3791,110:3717,111:3701,112:3772,113:3871,114:3633,115:3731,116:3596,117:3608,118:3669,119:3565,120:3637,121:3700,122:3746,123:3726,124:3843,125:3741,126:3710,127:3720,128:3613,129:3575,130:3574,131:3727,132:3876,133:3803,134:3584,135:3512,136:3635,137:3779,138:3608,139:3819,140:3610,141:3578,142:3791,143:3564,144:3758,145:3698,146:3606,147:3763,148:3789,149:3546,150:3597,151:3617,152:3644,153:3638,154:3963,155:3893,156:3774,157:3959,158:3869,159:3917,160:3615,161:4012,162:3919,163:3925,164:3909,165:4049,166:4020,167:3775,168:4048,169:3923,170:4089,171:3711,172:3795,173:3766,174:4108,175:3885,176:4074,177:4065,178:3906,179:4065,180:4138,181:4020,182:3935,183:4183,184:4132,185:3912,186:3900,187:3987,188:4039,189:4071,190:4154,191:4032,192:3994,193:4213,194:4171,195:4231,196:4290,197:4188,198:4317,199:4257,200:4363,201:4079,202:4119,203:4038,204:4166,205:4101,206:4112,207:4419,208:4098,209:4179,210:4155,211:4244,212:4275,213:4150,214:4419,215:4380,216:4190,217:4457,218:4392,219:4158,220:4380,221:4124,222:4137,223:4314,224:4467,225:4177,226:4484,227:4221,228:4416,229:4138,230:4250,231:4389,232:4094,233:4407,234:4438,235:4404,236:4397,237:4115,238:4135,239:4355,240:4318,241:4282,242:4296,243:4170,244:4273,245:4412,246:4377,247:4383,248:4012,249:4151,250:4049,251:4198,252:4296,253:4029,254:4166,255:4335,256:4181,257:4204,258:4267,259:4083,260:4060,261:4065,262:3954,263:4231,264:4190,265:3912,266:3911,267:4190,268:4044,269:4151,270:4137,271:4180,272:3935,273:4074,274:3856,275:3798,276:3950,277:3990,278:3941,279:3748,280:3728,281:4045,282:3740,283:3801,284:4035,285:3697,286:3721,287:3961,288:3883,289:3728,290:3860,291:3951,292:3720,293:3864,294:3955,295:3965,296:3947,297:3763,298:3920,299:3555,300:3636,301:3560,302:3838,303:3728,304:3637,305:3630,306:3890,307:3856,308:3807,309:3854,310:3703,311:3613,312:3529,313:3698,314:3863,315:3891,316:3741,317:3622,318:3644,319:3615,320:3835,321:3535,322:3622,323:3679,324:3741,325:3779,326:3533,327:3731,328:3731,329:3597,330:3672,331:3642,332:3639,333:3753,334:3757,335:3627,336:3777,337:3949,338:3916,339:3998,340:3609,341:3643,342:3770,343:3717,344:3835,345:4004,346:3851,347:3706,348:3691,349:3784,350:3935,351:3730,352:3847,353:4078,354:4014,355:3871,356:3915,357:3797,358:4088,359:4011
0:4050,1:3900,2:4044,3:4193,4:3968,5:3983,6:3886,7:3889,8:4103,9:3898,10:4075,11:4311,12:4050,13:3940,14:4338,15:3978,16:4301,17:4112,18:4120,19:4155,20:4013,21:4282,22:4163,23:4041,24:4143,25:4174,26:4214,27:4106,28:4172,29:4242,30:4172,31:4098,32:4199,33:4342,34:4455,35:4396,36:4287,37:4249,38:4260,39:4311,40:4232,41:4200,42:4480,43:4114,44:4408,45:4188,46:4416,47:4103,48:4433,49:4204,50:4321,51:4250,52:4133,53:4113,54:4119,55:4479,56:4210,57:4367,58:4100,59:4250,60:4413,61:4174,62:4166,63:4094,64:4287,65:4369,66:4110,67:4155,68:4144,69:4113,70:4217,71:4269,72:4118,73:4238,74:3975,75:4161,76:3983,77:4140,78:4117,79:3974,80:4214,81:3982,82:4191,83:3971,84:3930,85:4168,86:4194,87:4078,88:4097,89:4183,90:4018,91:4166,92:3996,93:3985,94:3905,95:3913,96:4021,97:3849,98:3797,99:3942,100:3703,101:3944,102:3992,103:3934,104:3806,105:3741,106:3832,107:3823,108:3950,109:3857,110:3986,111:3606,112:3897,113:3934,114:3834,115:3967,116:3803,117:3625,118:3565,119:3787,120:3578,121:3633,122:3568,123:3680,124:3802,125:3662,126:3572,127:3784,128:3717,129:3699,130:3636,131:3523,132:3752,133:3579,134:3743,135:3605,136:3869,137:3513,138:3863,139:3779,140:3594,141:3764,142:3732,143:3668,144:3794,145:3841,146:3542,147:3830,148:3691,149:3862,150:3633,151:3735,152:3614,153:3680,154:3651,155:3735,156:3831,157:3932,158:3931,159:3955,160:3805,161:3694,162:3810,163:3687,164:3950,165:3848,166:4050,167:3945,168:3982,169:4056,170:4052,171:3830,172:3996,173:3993,174:3894,175:4064,176:3883,177:4065,178:4048,179:4059,180:3855,181:3863,182:4127,183:3945,184:3938,185:4177,186:4139,187:4188,188:4145,189:3897,190:4109,191:4281,192:3997,193:4021,194:4160,195:4212,196:3969,197:4304,198:4081,199:4054,200:4193,201:4019,202:4267,203:4150,204:4289,205:4326,206:4093,207:4194,208:4068,209:4406,210:4381,211:4144,212:4099,213:4364,214:4127,215:4210,216:4194,217:4468,218:4421,219:4332,220:4404,221:4410,222:4140,223:4458,224:4187,225:4380,226:4311,227:4309,228:4232,229:4341,230:4341,231:4447,232:4167,233:4335,234:4232,235:4176,236:4314,237:4348,238:4306,239:4413,240:4067,241:4193,242:4215,243:4251,244:4131,245:4103,246:4104,247:4095,248:4355,249:4112,250:4238,251:4116,252:4166,253:4346,254:4034,255:4112,256:4284,257:4057,258:4321,259:4052,260:4294,261:3893,262:4083,263:4258,264:4249,265:4186,266:3907,267:4218,268:4035,269:3878,270:4108,271:3829,272:4158,273:3961,274:4033,275:4107,276:3810,277:3910,278:4111,279:3753,280:3729,281:3884,282:3841,283:3777,284:3815,285:3898,286:3942,287:3742,288:3720,289:3759,290:3707,291:3939,292:3826,293:3983,294:3703,295:3842,296:3653,297:3731,298:3854,299:3926,300:3793,301:3748,302:3797,303:3668,304:3788,305:3522,306:3814,307:3907,308:3579,309:3896,310:3635,311:3855,312:3896,313:3589,314:3526,315:3570,316:3535,317:3841,318:3891,319:3521,320:3720,321:3792,322:3817,323:3713,324:3602,325:3562,326:3656,327:3888,328:3824,329:3826,330:3819,331:3570,332:3880,333:3799,334:3932,335:3700,336:3771,337:3932,338:3947,339:3843,340:3983,341:3856,342:3932,343:3762,344:3659,345:4000,346:3792,347:3792,348:4033,349:4051,350:3725,351:3855,352:3937,353:3824,354:4110,355:4022,356:4091,357:3860,358:3891,359:3919
0:4119,1:3892,2:4169,3:3976,4:4112,5:4012,6:4228,7:4039,8:4233,9:4213,10:4174,11:4300,12:4150,13:3951,14:4262,15:4215,16:4260,17:4015,18:4356,19:4210,20:4026,21:4067,22:4267,23:4087,24:4082,25:4210,26:4348,27:4390,28:4311,29:4290,30:4138,31:4245,32:4116,33:4091,34:4464,35:4358,36:4439,37:4127,38:4426,39:4359,40:4209,41:4340,42:4126,43:4225,44:4333,45:4483,46:4242,47:4494,48:4253,49:4215,50:4264,51:4101,52:4150,53:4395,54:4468,55:4168,56:4177,57:4375,58:4251,59:4356,60:4118,61:4227,62:4351,63:4374,64:4089,65:4246,66:4168,67:4269,68:4069,69:4110,70:4302,71:4266,72:3984,73:4289,74:4173,75:4025,76:3970,77:4071,78:4136,79:4011,80:4128,81:4094,82:3942,83:3941,84:4124,85:4234,86:4239,87:4016,88:4218,89:4145,90:4143,91:3823,92:3971,93:3947,94:3940,95:3750,96:3822,97:4015,98:4104,99:3973,100:3760,101:4075,102:3773,103:3844,104:3849,105:3819,106:3868,107:3994,108:3801,109:3978,110:3681,111:3658,112:3626,113:3871,114:3733,115:3887,116:3691,117:3639,118:3552,119:3722,120:3911,121:3863,122:3543,123:3733,124:3666,125:3723,126:3879,127:3654,128:3748,129:3563,130:3531,131:3730,132:3862,133:3805,134:3766,135:3703,136:3751,137:3550,138:3756,139:3706,140:3596,141:3764,142:3648,143:3724,144:3532,145:3852,146:3584,147:3558,148:3593,149:3595,150:3674,151:3815,152:3691,153:3878,154:3932,155:3605,156:3878,157:3660,158:3663,159:3927,160:3932,161:4000,162:3696,163:3901,164:3650,165:4001,166:3751,167:3753,168:3898,169:3711,170:3714,171:3963,172:3931,173:4105,174:4049,175:4014,176:4047,177:4019,178:3936,179:3868,180:3953,181:3995,182:4138,183:4096,184:4224,185:4156,186:3952,187:4103,188:4019,189:3946,190:4009,191:3925,192:4139,193:4207,194:4140,195:4332,196:4230,197:4327,198:4100,199:4191,200:4096,201:4128,202:4081,203:4292,204:4282,205:4290,206:4287,207:4386,208:4190,209:4342,210:4260,211:4323,212:4108,213:4296,214:4147,215:4148,216:4283,217:4487,218:4459,219:4435,220:4203,221:4340,222:4222,223:4253,224:4182,225:4270,226:4215,227:4392,228:4243,229:4237,230:4134,231:4203,232:4134,233:4253,234:4270,235:4247,236:4370,237:4290,238:4223,239:4220,240:4397,241:4266,242:4322,243:4394,244:4050,245:4055,246:4168,247:4245,248:4267,249:4162,250:4136,251:4037,252:4361,253:4293,254:4218,255:4216,256:4032,257:3988,258:4256,259:4303,260:4277,261:4073,262:4268,263:4051,264:3882,265:4227,266:3996,267:4030,268:3900,269:4111,270:4049,271:4163,272:4101,273:4057,274:3887,275:3844,276:4084,277:3866,278:3776,279:3922,280:3723,281:3908,282:3981,283:3963,284:3775,285:3842,286:3679,287:3737,288:3893,289:3831,290:3806,291:3874,292:3703,293:3707,294:3715,295:3929,296:3927,297:3954,298:3588,299:3737,300:3790,301:3778,302:3585,303:3888,304:3752,305:3699,306:3895,307:3567,308:3713,309:3585,310:3683,311:3758,312:3822,313:3718,314:3592,315:3508,316:3731,317:3708,318:3849,319:3660,320:3524,321:3779,322:3862,323:3667,324:3616,325:3594,326:3744,327:3590,328:3671,329:3684,330:3720,331:3611,332:3923,333:3745,334:3960,335:3856,336:3590,337:3843,338:3907,339:3614,340:3854,341:3620,342:3860,343:3840,344:3726,345:4020,346:4006,347:3728,348:3848,349:3780,350:3712,351:3719,352:4072,353:4060,354:4019,355:3833,356:4000,357:4165,358:3885,359:4041
0:4157,1:4121,2:4206,3:3974,4:3894,5:3919,6:3957,7:4256,8:4076,9:4165,10:4267,11:4130,12:4100,13:3996,14:4091,15:3980,16:4149,17:4326,18:4122,19:4074,20:4287,21:4289,22:4353,23:4365,24:4097,25:4098,26:4258,27:4393,28:4308,29:4119,30:4099,31:4343,32:4410,33:4207,34:4261,35:4368,36:4116,37:4227,38:4105,39:4384,40:4422,41:4432,42:4479,43:4443,44:4315,45:4246,46:4445,47:4487,48:4168,49:4490,50:4233,51:4315,52:4311,53:4114,54:4239,55:4208,56:4206,57:4138,58:4231,59:4156,60:4286,61:4163,62:4064,63:4143,64:4121,65:4331,66:4241,67:4151,68:4019,69:4162,70:4056,71:4216,72:4007,73:4153,74:4237,75:4332,76:4294,77:4199,78:4028,79:4009,80:4113,81:4131,82:3951,83:4256,84:4124,85:4160,86:3870,87:3896,88:4138,89:3927,90:3869,91:4116,92:4173,93:3952,94:3787,95:3865,96:4018,97:4052,98:4098,99:4089,100:3737,101:3745,102:4030,103:3752,104:3808,105:3842,106:3832,107:3722,108:3862,109:3739,110:3833,111:3750,112:3880,113:3948,114:3884,115:3692,116:3669,117:3580,118:3875,119:3837,120:3665,121:3891,122:3566,123:3758,124:3537,125:3610,126:3687,127:3907,128:3534,129:3891,130:3859,131:3665,132:3774,133:3657,134:3835,135:3839,136:3638,137:3693,138:3595,139:3552,140:3872,141:3805,142:3841,143:3746,144:3551,145:3732,146:3888,147:3918,148:3889,149:3714,150:3840,151:3799,152:3813,153:3886,154:3930,155:3735,156:3593,157:3956,158:3704,159:3625,160:3870,161:3742,162:4001,163:3719,164:3662,165:3771,166:3853,167:3852,168:4012,169:3863,170:4054,171:3719,172:3820,173:3782,174:3968,175:4078,176:3919,177:3975,178:4069,179:4037,180:4103,181:3943,182:3956,183:4187,184:3844,185:4125,186:4252,187:3881,188:4079,189:3956,190:4003,191:4011,192:3985,193:3949,194:4310,195:4046,196:4060,197:4144,198:4068,199:3990,200:4056,201:4199,202:4178,203:4067,204:4246,205:4360,206:4181,207:4236,208:4433,209:4328,210:4410,211:4183,212:4389,213:4187,214:4267,215:4320,216:4166,217:4427,218:4422,219:4110,220:4287,221:4389,222:4210,223:4101,224:4271,225:4402,226:4138,227:4456,228:4476,229:4334,230:4384,231:4174,232:4196,233:4444,234:4385,235:4453,236:4319,237:4392,238:4404,239:4230,240:4110,241:4148,242:4288,243:4262,244:4369,245:4368,246:4098,247:4413,248:4264,249:4050,250:4190,251:4193,252:4324,253:4232,254:4198,255:4193,256:4240,257:4227,258:4320,259:4298,260:4297,261:3958,262:4001,263:4062,264:4026,265:4217,266:4230,267:4143,268:4021,269:4087,270:4027,271:3792,272:3926,273:3954,274:3945,275:3967,276:4096,277:3843,278:4039,279:3783,280:4028,281:3786,282:4052,283:3751,284:4036,285:3650,286:3853,287:3922,288:3634,289:3806,290:3796,291:3942,292:3849,293:3845,294:3609,295:3853,296:3721,297:3606,298:3641,299:3892,300:3621,301:3706,302:3732,303:3837,304:3711,305:3557,306:3885,307:3851,308:3821,309:3550,310:3707,311:3689,312:3604,313:3718,314:3728,315:3583,316:3571,317:3538,318:3850,319:3693,320:3558,321:3581,322:3758,323:3518,324:3633,325:3745,326:3615,327:3835,328:3823,329:3797,330:3570,331:3704,332:3819,333:3904,334:3898,335:3691,336:3629,337:3869,338:3727,339:3932,340:3681,341:3957,342:3638,343:3966,344:4030,345:3768,346:3964,347:4004,348:4045,349:3794,350:3768,351:3845,352:4003,353:3746,354:3858,355:4051,356:3838,357:4075,358:4141,359:3959
0:4164,1:3963,2:3987,3:3871,4:4188,5:3863,6:4042,7:4064,8:4238,9:3970,10:4068,11:4245,12:4037,13:3999,14:4070,15:4251,16:4025,17:4230,18:4276,19:4164,20:4101,21:4067,22:4197,23:4274,24:4357,25:4224,26:4060,27:4384,28:4447,29:4444,30:4156,31:4287,32:4114,33:4173,34:4360,35:4132,36:4089,37:4258,38:4258,39:4288,40:4276,41:4301,42:4181,43:4150,44:4161,45:4499,46:4206,47:4118,48:4497,49:4276,50:4141,51:4405,52:4339,53:4104,54:4086,55:4427,56:4393,57:4180,58:4083,59:4079,60:4221,61:4341,62:4399,63:4308,64:4434,65:4168,66:4406,67:4054,68:4070,69:4110,70:4091,71:4018,72:4225,73:4279,74:4161,75:4074,76:4179,77:4250,78:4227,79:3988,80:3953,81:4135,82:4109,83:4229,84:4147,85:4090,86:3956,87:3946,88:3921,89:3843,90:3951,91:4137,92:3837,93:3872,94:4118,95:4138,96:4060,97:4003,98:3775,99:3970,100:3962,101:3761,102:3721,103:3923,104:3757,105:3822,106:3816,107:3651,108:3962,109:3964,110:3834,111:3695,112:3650,113:3824,114:3820,115:3843,116:3634,117:3901,118:3683,119:3830,120:3836,121:3889,122:3543,123:3846,124:3771,125:3901,126:3891,127:3862,128:3537,129:3672,130:3832,131:3725,132:3730,133:3880,134:3627,135:3744,136:3705,137:3665,138:3881,139:3559,140:3743,141:3726,142:3659,143:3824,144:3891,145:3575,146:3654,147:3760,148:3593,149:3674,150:3919,151:3755,152:3651,153:3746,154:3936,155:3826,156:3722,157:3672,158:3610,159:3711,160:3838,161:3680,162:3767,163:4013,164:3809,165:4035,166:3732,167:3958,168:3719,169:4030,170:3999,171:4001,172:3967,173:4079,174:4054,175:3921,176:4049,177:3820,178:3955,179:4134,180:4123,181:4154,182:3977,183:4054,184:4121,185:3940,186:3975,187:4216,188:4161,189:4077,190:4300,191:4103,192:4062,193:4115,194:4126,195:4029,196:4133,197:4365,198:3990,199:4270,200:4007,201:4368,202:4234,203:4064,204:4408,205:4300,206:4299,207:4230,208:4053,209:4340,210:4139,211:4311,212:4359,213:4463,214:4176,215:4382,216:4320,217:4382,218:4348,219:4201,220:4364,221:4238,222:4180,223:4460,224:4384,225:4449,226:4218,227:4483,228:4140,229:4469,230:4389,231:4146,232:4458,233:4221,234:4267,235:4226,236:4414,237:4339,238:4455,239:4418,240:4200,241:4273,242:4294,243:4339,244:4400,245:4154,246:4250,247:4388,248:4319,249:4322,250:4295,251:4171,252:4281,253:4311,254:4182,255:4346,256:4131,257:4304,258:4004,259:3929,260:4027,261:4252,262:4199,263:3996,264:4020,265:4136,266:4045,267:4213,268:3853,269:3998,270:3873,271:3984,272:4002,273:4151,274:4089,275:3780,276:3866,277:3786,278:3815,279:4087,280:3905,281:3872,282:3939,283:3895,284:3718,285:3923,286:3820,287:3867,288:3703,289:3841,290:3690,291:3956,292:3675,293:3779,294:3658,295:3904,296:3860,297:3873,298:3822,299:3762,300:3862,301:3727,302:3843,303:3746,304:3859,305:3883,306:3646,307:3712,308:3861,309:3543,310:3815,311:3898,312:3751,313:3764,314:3569,315:3693,316:3792,317:3603,318:3537,319:3516,320:3609,321:3578,322:3623,323:3858,324:3538,325:3845,326:3540,327:3820,328:3730,329:3576,330:3739,331:3714,332:3941,333:3564,334:3892,335:3576,336:3883,337:3841,338:3887,339:3990,340:3691,341:3656,342:3990,343:3965,344:3848,345:3928,346:3945,347:3774,348:3693,349:3999,350:3942,351:3974,352:3762,353:3864,354:3827,355:4038,356:3786,357:3933,358:3915,359:3842
0:3833,1:3958,2:4123,3:4198,4:3850,5:3915,6:4151,7:3912,8:4245,9:4011,10:3995,11:4241,12:4116,13:4166,14:3959,15:4064,16:4112,17:4358,18:4304,19:4035,20:4293,21:4054,22:4236,23:4261,24:4205,25:4066,26:4259,27:4232,28:4372,29:4232,30:4202,31:4226,32:4461,33:4360,34:4462,35:4389,36:4133,37:4185,38:4487,39:4220,40:4127,41:4292,42:4327,43:4203,44:4148,45:4399,46:4349,47:4217,48:4123,49:4486,50:4221,51:4398,52:4310,53:4281,54:4125,55:4163,56:4123,57:4420,58:4278,59:4424,60:4186,61:4256,62:4188,63:4263,64:4085,65:4152,66:4211,67:4142,68:4336,69:4078,70:4002,71:4319,72:4284,73:4320,74:4140,75:4003,76:4030,77:4232,78:4267,79:3970,80:4141,81:4084,82:4079,83:4090,84:3877,85:4110,86:4033,87:3932,88:3827,89:3946,90:3983,91:4140,92:4113,93:4147,94:3860,95:3752,96:3920,97:3991,98:4031,99:4077,100:3757,101:3726,102:3986,103:3967,104:4008,105:4044,106:3756,107:3779,108:3650,109:3660,110:3837,111:3753,112:3664,113:3847,114:3767,115:3927,116:3808,117:3941,118:3613,119:3700,120:3791,121:3812,122:3643,123:3813,124:3566,125:3721,126:3686,127:3731,128:3808,129:3664,130:3508,131:3613,132:3839,133:3615,134:3676,135:3753,136:3723,137:3642,138:3510,139:3785,140:3870,141:3852,142:3668,143:3868,144:3535,145:3858,146:3840,147:3811,148:3532,149:3652,150:3572,151:3834,152:3876,153:3764,154:3894,155:3750,156:3770,157:3848,158:3641,159:3869,160:3681,161:3733,162:3956,163:3892,164:3748,165:4017,166:3980,167:4045,168:3851,169:3944,170:3798,171:3924,172:4044,173:3798,174:3915,175:3934,176:3910,177:4109,178:3911,179:4003,180:3942,181:4155,182:3894,183:3951,184:3930,185:4162,186:3882,187:4004,188:3898,189:4254,190:4183,191:4078,192:4194,193:4072,194:4289,195:3958,196:4220,197:4084,198:4293,199:4071,200:4075,201:4204,202:4086,203:4229,204:4134,205:4382,206:4039,207:4148,208:4235,209:4327,210:4249,211:4329,212:4407,213:4116,214:4211,215:4136,216:4169,217:4261,218:4164,219:4489,220:4285,221:4259,222:4106,223:4225,224:4197,225:4282,226:4112,227:4145,228:4405,229:4289,230:4446,231:4463,232:4396,233:4472,234:4309,235:4474,236:4244,237:4428,238:4298,239:4317,240:4127,241:4452,242:4095,243:4210,244:4354,245:4387,246:4310,247:4108,248:4105,249:4137,250:4349,251:4236,252:4090,253:4340,254:4125,255:4171,256:4112,257:4263,258:4114,259:3928,260:4195,261:4226,262:4075,263:4110,264:4207,265:4138,266:3985,267:4149,268:3910,269:4150,270:4041,271:4013,272:4032,273:4142,274:3767,275:3881,276:3776,277:4024,278:3801,279:3918,280:3916,281:3971,282:3740,283:4043,284:3832,285:3874,286:4013,287:3954,288:3956,289:4012,290:3777,291:3808,292:3971,293:3736,294:3601,295:3853,296:3660,297:3906,298:3862,299:3773,300:3659,301:3760,302:3655,303:3778,304:3745,305:3714,306:3703,307:3882,308:3860,309:3807,310:3631,311:3795,312:3837,313:3592,314:3566,315:3731,316:3865,317:3530,318:3725,319:3883,320:3663,321:3856,322:3838,323:3574,324:3705,325:3761,326:3650,327:3673,328:3896,329:3912,330:3799,331:3841,332:3855,333:3566,334:3723,335:3570,336:3722,337:3796,338:3686,339:3904,340:3888,341:3787,342:3790,343:3839,344:3695,345:3853,346:3984,347:3960,348:4057,349:3881,350:3984,351:4040,352:3847,353:4046,354:3871,355:4098,356:3863,357:3803,358:3970,359:4183
0:4034,1:4104,2:4198,3:4090,4:4035,5:4078,6:4012,7:4178,8:3946,9:4244,10:4191,11:4081,12:4040,13:4302,14:4101,15:4305,16:4198,17:4267,18:4299,19:4145,20:4243,21:4223,22:4311,23:4018,24:4312,25:4061,26:4419,27:4435,28:4312,29:4226,30:4277,31:4100,32:4270,33:4194,34:4196,35:4353,36:4085,37:4123,38:4229,39:4461,40:4473,41:4360,42:4358,43:4192,44:4315,45:4138,46:4152,47:4371,48:4170,49:4204,50:4360,51:4382,52:4122,53:4425,54:4480,55:4187,56:4119,57:4380,58:4348,59:4283,60:4147,61:4150,62:4317,63:4084,64:4106,65:4039,66:4041,67:4122,68:4212,69:4379,70:4170,71:4345,72:4234,73:4187,74:4280,75:4025,76:4161,77:4110,78:3951,79:4258,80:4221,81:4006,82:4012,83:4086,84:3934,85:4154,86:3955,87:4105,88:4188,89:4043,90:4148,91:3860,92:4063,93:3799,94:3828,95:3786,96:4031,97:4102,98:4109,99:4054,100:3837,101:3861,102:3736,103:3800,104:4018,105:3739,106:3767,107:3839,108:3771,109:4003,110:3701,111:3747,112:3838,113:3825,114:3808,115:3741,116:3572,117:3608,118:3677,119:3809,120:3592,121:3633,122:3811,123:3613,124:3660,125:3586,126:3588,127:3777,128:3850,129:3898,130:3505,131:3579,132:3822,133:3510,134:3868,135:3779,136:3733,137:3637,138:3858,139:3675,140:3846,141:3588,142:3548,143:3727,144:3867,145:3659,146:3777,147:3755,148:3735,149:3908,150:3787,151:3943,152:3690,153:3816,154:3587,155:3683,156:3726,157:3919,158:3923,159:3897,160:3816,161:3718,162:3717,163:3854,164:3809,165:3756,166:3864,167:3998,168:3916,169:3777,170:3720,171:3774,172:4059,173:3909,174:3825,175:3772,176:4031,177:3926,178:4027,179:3827,180:4018,181:4023,182:4125,183:4058,184:4041,185:4055,186:3933,187:3935,188:4146,189:3926,190:3949,191:4010,192:3950,193:4038,194:4323,195:4095,196:4240,197:4142,198:4226,199:4335,200:4211,201:4259,202:4356,203:4018,204:4096,205:4140,206:4366,207:4429,208:4224,209:4297,210:4376,211:4322,212:4438,213:4277,214:4239,215:4198,216:4153,217:4333,218:4201,219:4310,220:4492,221:4369,222:4274,223:4446,224:4142,225:4335,226:4224,227:4409,228:4383,229:4108,230:4320,231:4371,232:4204,233:4211,234:4165,235:4234,236:4211,237:4227,238:4308,239:4417,240:4221,241:4279,242:4070,243:4249,244:4322,245:4131,246:4080,247:4017,248:4246,249:4049,250:4086,251:4024,252:4084,253:4150,254:4306,255:4045,256:3978,257:4247,258:4126,259:4094,260:4266,261:4000,262:4153,263:4094,264:3997,265:4020,266:3943,267:4014,268:4089,269:3838,270:4129,271:4063,272:4068,273:3798,274:3923,275:4083,276:3899,277:4112,278:3827,279:3999,280:3838,281:3782,282:3678,283:3997,284:3799,285:3691,286:3653,287:3831,288:3682,289:3849,290:3795,291:3753,292:3948,293:3637,294:3793,295:3663,296:3866,297:3631,298:3784,299:3866,300:3743,301:3633,302:3791,303:3568,304:3902,305:3532,306:3888,307:3731,308:3516,309:3617,310:3898,311:3615,312:3801,313:3600,314:3802,315:3884,316:3805,317:3605,318:3783,319:3878,320:3854,321:3557,322:3551,323:3533,324:3795,325:3839,326:3736,327:3548,328:3854,329:3755,330:3796,331:3923,332:3688,333:3784,334:3578,335:3897,336:3681,337:3772,338:3972,339:3743,340:3836,341:3623,342:3920,343:3747,344:3646,345:3658,346:3957,347:4000,348:4002,349:3813,350:4061,351:3964,352:3762,353:3929,354:3913,355:4113,356:4115,357:3906,358:4083,359:4049
0:3831,1:3978,2:3888,3:4222,4:3968,5:3878,6:4201,7:4178,8:4018,9:4176,10:4295,11:4298,12:3926,13:4221,14:4138,15:4097,16:4269,17:4067,18:4316,19:4025,20:4186,21:4389,22:4314,23:4111,24:4181,25:4192,26:4045,27:4140,28:4131,29:4329,30:4189,31:4212,32:4325,33:4468,34:4316,35:4161,36:4089,37:4243,38:4445,39:4321,40:4297,41:4294,42:4433,43:4409,44:4111,45:4285,46:4251,47:4436,48:4363,49:4421,50:4100,51:4250,52:4363,53:4459,54:4433,55:4383,56:4305,57:4120,58:4377,59:4370,60:4416,61:4263,62:4098,63:4222,64:4358,65:4428,66:4079,67:4285,68:4299,69:4393,70:4045,71:4205,72:3988,73:4230,74:4144,75:4261,76:4184,77:4274,78:3947,79:4036,80:4141,81:4062,82:3897,83:4247,84:4083,85:3856,86:3914,87:4224,88:3848,89:4069,90:3923,91:3908,92:4174,93:3971,94:4127,95:4067,96:3758,97:3796,98:3877,99:3875,100:3922,101:3736,102:3774,103:4040,104:3790,105:3983,106:3641,107:3782,108:3850,109:4002,110:3742,111:3747,112:3867,113:3903,114:3927,115:3733,116:3694,117:3621,118:3705,119:3883,120:3550,121:3598,122:3755,123:3871,124:3561,125:3786,126:3628,127:3820,128:3859,129:3603,130:3617,131:3741,132:3701,133:3721,134:3626,135:3704,136:3658,137:3720,138:3807,139:3803,140:3756,141:3788,142:3807,143:3639,144:3569,145:3531,146:3737,147:3528,148:3850,149:3723,150:3895,151:3605,152:3919,153:3858,154:3568,155:3940,156:3598,157:3909,158:3731,159:3783,160:3664,161:3792,162:3897,163:3954,164:3991,165:3782,166:3683,167:3751,168:3846,169:4040,170:4052,171:3798,172:3823,173:3877,174:3840,175:3923,176:4091,177:4129,178:3904,179:3837,180:4114,181:4092,182:4034,183:4009,184:4039,185:4178,186:3978,187:4029,188:4213,189:3961,190:4038,191:4104,192:4165,193:4307,194:4260,195:3985,196:4263,197:4193,198:4124,199:4344,200:3994,201:4110,202:4151,203:4342,204:4045,205:4063,206:4343,207:4213,208:4194,209:4333,210:4372,211:4407,212:4085,213:4130,214:4153,215:4343,216:4441,217:4171,218:4473,219:4492,220:4129,221:4361,222:4258,223:4295,224:4177,225:4273,226:4164,227:4116,228:4263,229:4209,230:4109,231:4159,232:4296,233:4351,234:4322,235:4410,236:4387,237:4202,238:4329,239:4223,240:4378,241:4083,242:4116,243:4409,244:4354,245:4298,246:4165,247:4323,248:4067,249:4141,250:4133,251:4058,252:3984,253:4301,254:4190,255:3983,256:3991,257:4295,258:4030,259:4238,260:4121,261:3983,262:3929,263:3984,264:3991,265:3886,266:3941,267:3860,268:4170,269:3826,270:3866,271:4048,272:4063,273:3844,274:4010,275:3867,276:3987,277:3950,278:3732,279:3863,280:3885,281:3762,282:3688,283:3960,284:3973,285:3936,286:3835,287:3807,288:3872,289:3877,290:3609,291:3777,292:3678,293:3978,294:3702,295:3647,296:3941,297:3914,298:3767,299:3783,300:3636,301:3910,302:3724,303:3830,304:3533,305:3527,306:3874,307:3819,308:3708,309:3879,310:3820,311:3725,312:3772,313:3760,314:3802,315:3688,316:3879,317:3744,318:3624,319:3597,320:3862,321:3670,322:3591,323:3650,324:3863,325:3609,326:3802,327:3890,328:3811,329:3915,330:3597,331:3768,332:3569,333:3657,334:3912,335:3809,336:3785,337:3672,338:3767,339:3820,340:3677,341:3617,342:4014,343:3685,344:3835,345:3955,346:3794,347:3832,348:3813,349:3958,350:3832,351:4067,352:4029,353:3830,354:4127,355:4143,356:4140,357:3833,358:3807,359:3991
0:3993,1:3935,2:3998,3:3977,4:4085,5:4001,6:3905,7:4018,8:4044,9:3997,10:4218,11:4219,12:4220,13:4225,14:4185,15:4054,16:3973,17:4297,18:4110,19:4303,20:4038,21:4306,22:4094,23:4141,24:4321,25:4407,26:4079,27:4144,28:4281,29:4308,30:4306,31:4328,32:4216,33:4081,34:4471,35:4417,36:4475,37:4120,38:4229,39:4317,40:4466,41:4373,42:4199,43:4414,44:4490,45:4176,46:4128,47:4157,48:4273,49:4441,50:4448,51:4328,52:4345,53:4108,54:4410,55:4106,56:4359,57:4201,58:4095,59:4457,60:4375,61:4130,62:4157,63:4398,64:4362,65:4311,66:4291,67:4065,68:4183,69:4140,70:4219,71:4120,72:4344,73:4269,74:4158,75:4329,76:4286,77:4233,78:4182,79:4049,80:4099,81:4279,82:4144,83:4072,84:3983,85:4083,86:3882,87:4130,88:3832,89:4176,90:3998,91:3973,92:3955,93:3790,94:3985,95:4011,96:3904,97:3909,98:3747,99:3991,100:4017,101:3971,102:3733,103:3909,104:3832,105:3959,106:4011,107:3999,108:3996,109:3911,110:3730,111:3668,112:3990,113:3703,114:3740,115:3798,116:3687,117:3827,118:3867,119:3628,120:3829,121:3738,122:3732,123:3637,124:3753,125:3524,126:3764,127:3604,128:3649,129:3530,130:3824,131:3575,132:3715,133:3856,134:3505,135:3763,136:3640,137:3795,138:3752,139:3624,140:3607,141:3624,142:3703,143:3817,144:3825,145:3843,146:3757,147:3687,148:3828,149:3561,150:3780,151:3916,152:3564,153:3623,154:3734,155:3582,156:3659,157:3818,158:3890,159:3852,160:3638,161:3649,162:3745,163:3991,164:3865,165:3888,166:3821,167:3733,168:3994,169:3907,170:3983,171:4051,172:4064,173:3809,174:4106,175:3948,176:4117,177:3952,178:4150,179:3945,180:4149,181:4069,182:4163,183:4146,184:3996,185:4035,186:3997,187:4129,188:4213,189:4035,190:4292,191:4066,192:4090,193:4070,194:4080,195:4142,196:4216,197:4058,198:3979,199:4358,200:4208,201:4397,202:4023,203:4211,204:4357,205:4232,206:4096,207:4251,208:4131,209:4421,210:4094,211:4268,212:4444,213:4076,214:4198,215:4106,216:4336,217:4121,218:4408,219:4159,220:4385,221:4114,222:4440,223:4303,224:4119,225:4243,226:4392,227:4320,228:4164,229:4221,230:4382,231:4438,232:4112,233:4467,234:4412,235:4340,236:4306,237:4115,238:4214,239:4359,240:4111,241:4247,242:4106,243:4139,244:4418,245:4356,246:4319,247:4194,248:4404,249:4221,250:4091,251:4104,252:3989,253:4362,254:4194,255:3990,256:4318,257:4183,258:3991,259:4232,260:4302,261:3973,262:3958,263:3905,264:4008,265:4029,266:4177,267:3907,268:3856,269:3835,270:3977,271:3954,272:3845,273:4001,274:3900,275:4038,276:3875,277:3816,278:3874,279:3776,280:3796,281:3990,282:3801,283:3723,284:3742,285:3772,286:3988,287:3944,288:3837,289:3949,290:3885,291:3832,292:3892,293:3812,294:3736,295:3900,296:3926,297:3640,298:3555,299:3781,300:3550,301:3828,302:3641,303:3610,304:3749,305:3772,306:3718,307:3520,308:3606,309:3839,310:3842,311:3773,312:3716,313:3618,314:3664,315:3590,316:3878,317:3531,318:3507,319:3705,320:3739,321:3655,322:3681,323:3850,324:3799,325:3894,326:3852,327:3853,328:3838,329:3726,330:3580,331:3903,332:3844,333:3801,334:3754,335:3738,336:3867,337:3712,338:3643,339:3724,340:3930,341:3916,342:3758,343:3910,344:3999,345:4001,346:3680,347:4064,348:3820,349:3942,350:4095,351:3864,352:3744,353:3833,354:4131,355:4097,356:3998,357:3850,358:3998,359:4154
0:4063,1:3960,2:4031,3:4175,4:4107,5:3983,6:3921,7:4085,8:3898,9:3922,10:4215,11:4125,12:4138,13:4140,14:4296,15:4045,16:4125,17:4147,18:4341,19:4103,20:4043,21:4082,22:4085,23:4247,24:4313,25:4290,26:4247,27:4089,28:4092,29:4084,30:4245,31:4454,32:4296,33:4135,34:4415,35:4239,36:4462,37:4307,38:4355,39:4434,40:4194,41:4203,42:4111,43:4275,44:4414,45:4493,46:4215,47:4404,48:4438,49:4379,50:4431,51:4350,52:4095,53:4138,54:4264,55:4178,56:4272,57:4079,58:4117,59:4182,60:4116,61:4122,62:4315,63:4212,64:4249,65:4288,66:4135,67:4381,68:4167,69:4116,70:4196,71:4127,72:4206,73:4081,74:4061,75:3983,76:3987,77:4048,78:3947,79:4132,80:4070,81:4265,82:3999,83:3880,84:4139,85:4090,86:4107,87:4048,88:3860,89:3953,90:3983,91:3845,92:3812,93:3841,94:3923,95:3998,96:3815,97:3830,98:3794,99:4065,100:3772,101:3739,102:3785,103:3961,104:3900,105:4039,106:3823,107:3647,108:3775,109:3820,110:3896,111:3925,112:3793,113:3737,114:3615,115:3665,116:3598,117:3862,118:3636,119:3858,120:3555,121:3824,122:3745,123:3848,124:3767,125:3858,126:3605,127:3701,128:3698,129:3676,130:3893,131:3898,132:3562,133:3560,134:3569,135:3618,136:3711,137:3525,138:3750,139:3784,140:3787,141:3521,142:3827,143:3575,144:3558,145:3709,146:3870,147:3897,148:3909,149:3742,150:3629,151:3635,152:3937,153:3695,154:3827,155:3945,156:3971,157:3586,158:3614,159:3724,160:3634,161:3728,162:3627,163:3687,164:3684,165:3776,166:3813,167:3795,168:3969,169:3709,170:4088,171:3726,172:3761,173:3742,174:4042,175:3997,176:4106,177:3956,178:3927,179:3856,180:4058,181:3950,182:4077,183:4159,184:4067,185:4160,186:4160,187:3952,188:4148,189:3934,190:4095,191:4216,192:4210,193:4235,194:4272,195:4180,196:4064,197:4057,198:4064,199:4058,200:4212,201:4033,202:4350,203:4087,204:4305,205:4132,206:4084,207:4367,208:4336,209:4144,210:4443,211:4186,212:4278,213:4169,214:4314,215:4147,216:4347,217:4145,218:4186,219:4345,220:4395,221:4341,222:4132,223:4473,224:4439,225:4340,226:4315,227:4334,228:4378,229:4214,230:4158,231:4194,232:4414,233:4168,234:4356,235:4475,236:4177,237:4396,238:4438,239:4086,240:4125,241:4194,242:4434,243:4286,244:4179,245:4285,246:4033,247:4283,248:4050,249:4111,250:4374,251:4353,252:4194,253:4352,254:4270,255:4257,256:4263,257:4240,258:4166,259:4093,260:4265,261:4138,262:3894,263:4055,264:4067,265:3899,266:3899,267:4123,268:3906,269:4070,270:3872,271:4019,272:4099,273:4094,274:4118,275:3839,276:3896,277:3815,278:3938,279:3942,280:3931,281:3879,282:3875,283:3698,284:3855,285:4004,286:3986,287:3943,288:3775,289:3644,290:3663,291:3973,292:3720,293:3621,294:3634,295:3672,296:3830,297:3686,298:3566,299:3847,300:3810,301:3668,302:3924,303:3562,304:3777,305:3779,306:3796,307:3542,308:3832,309:3740,310:3739,311:3520,312:3750,313:3727,314:3594,315:3701,316:3548,317:3596,318:3589,319:3687,320:3574,321:3634,322:3703,323:3886,324:3745,325:3564,326:3735,327:3549,328:3915,329:3567,330:3833,331:3785,332:3808,333:3903,334:3631,335:3575,336:3620,337:3978,338:3942,339:3948,340:3774,341:3753,342:3708,343:4011,344:3939,345:3783,346:3881,347:3792,348:3809,349:3993,350:3845,351:3974,352:4008,353:4072,354:3833,355:3866,356:4052,357:4113,358:4029,359:4186
0:3990,1:4007,2:4032,3:3868,4:3915,5:3971,6:4071,7:3979,8:3898,9:4041,10:4037,11:4267,12:4108,13:4168,14:3957,15:3956,16:4192,17:4344,18:4228,19:4184,20:4361,21:4281,22:4359,23:4229,24:4269,25:4172,26:4333,27:4378,28:4309,29:4167,30:4369,31:4265,32:4200,33:4455,34:4374,35:4304,36:4161,37:4180,38:4181,39:4165,40:4184,41:4379,42:4291,43:4196,44:4469,45:4343,46:4157,47:4340,48:4450,49:4254,50:4293,51:4476,52:4276,53:4195,54:4249,55:4112,56:4382,57:4274,58:4085,59:4085,60:4227,61:4286,62:4399,63:4185,64:4185,65:4409,66:4189,67:4069,68:4270,69:4060,70:4167,71:4091,72:4092,73:4318,74:4147,75:4116,76:4269,77:4054,78:4006,79:4254,80:4230,81:4112,82:4127,83:4214,84:4149,85:3965,86:4162,87:4160,88:4217,89:4021,90:4048,91:4111,92:3924,93:3864,94:4133,95:4082,96:3990,97:4066,98:3901,99:3990,100:4041,101:3827,102:4022,103:3703,104:3742,105:3931,106:3959,107:3798,108:3778,109:3746,110:3902,111:3932,112:3845,113:3620,114:3595,115:3931,116:3802,117:3587,118:3758,119:3575,120:3734,121:3893,122:3883,123:3745,124:3663,125:3592,126:3605,127:3776,128:3547,129:3760,130:3891,131:3643,132:3512,133:3819,134:3721,135:3717,136:3775,137:3871,138:3643,139:3621,140:3627,141:3650,142:3594,143:3869,144:3633,145:3606,146:3875,147:3893,148:3743,149:3752,150:3677,151:3554,152:3571,153:3633,154:3841,155:3848,156:3813,157:3935,158:3680,159:3890,160:3814,161:3626,162:3652,163:3719,164:3884,165:3890,166:3895,167:3783,168:4064,169:3990,170:3848,171:3851,172:3787,173:3753,174:3750,175:3876,176:3990,177:4058,178:3973,179:4128,180:4119,181:3888,182:3894,183:4217,184:3967,185:4057,186:4207,187:4130,188:4076,189:4223,190:4228,191:4049,192:4295,193:4295,194:4017,195:4101,196:4060,197:4303,198:4236,199:3993,200:4086,201:4170,202:4053,203:4169,204:4216,205:4333,206:4248,207:4335,208:4089,209:4445,210:4376,211:4324,212:4293,213:4083,214:4111,215:4368,216:4227,217:4225,218:4328,219:4111,220:4366,221:4219,222:4431,223:4429,224:4377,225:4468,226:4408,227:4282,228:4237,229:4141,230:4237,231:4383,232:4155,233:4165,234:4127,235:4466,236:4223,237:4230,238:4262,239:4276,240:4287,241:4187,242:4411,243:4223,244:4195,245:4256,246:4112,247:4252,248:4365,249:4077,250:4089,251:4012,252:4053,253:3987,254:4164,255:3970,256:3956,257:4085,258:4051,259:3976,260:4171,261:4105,262:4199,263:3945,264:4260,265:4186,266:4123,267:4078,268:4156,269:3989,270:3842,271:4006,272:4167,273:4117,274:3919,275:4111,276:4020,277:4073,278:3718,279:4021,280:4082,281:3911,282:3782,283:3803,284:3868,285:4010,286:3719,287:3833,288:3892,289:3841,290:3628,291:3600,292:3731,293:3750,294:3711,295:3634,296:3889,297:3621,298:3649,299:3772,300:3899,301:3796,302:3536,303:3896,304:3899,305:3665,306:3877,307:3736,308:3634,309:3585,310:3762,311:3739,312:3541,313:3734,314:3736,315:3610,316:3848,317:3586,318:3837,319:3635,320:3879,321:3845,322:3670,323:3544,324:3767,325:3748,326:3873,327:3871,328:3653,329:3549,330:3781,331:3556,332:3614,333:3748,334:3768,335:3917,336:3749,337:3976,338:3781,339:3809,340:3641,341:4001,342:3693,343:3755,344:3690,345:3678,346:3769,347:3920,348:3936,349:3762,350:3760,351:4048,352:3935,353:3816,354:3987,355:4122,356:4078,357:3923,358:3852,359:3990
0:3947,1:3817,2:4065,3:4202,4:4022,5:4161,6:4080,7:3957,8:4179,9:4170,10:4214,11:4153,12:4000,13:4295,14:4207,15:4271,16:4011,17:4244,18:4307,19:4082,20:4210,21:4204,22:4162,23:4325,24:4340,25:4054,26:4145,27:4417,28:4235,29:4246,30:4303,31:4264,32:4460,33:4155,34:4224,35:4122,36:4356,37:4137,38:4133,39:4462,40:4254,41:4483,42:4443,43:4405,44:4198,45:4383,46:4314,47:4297,48:4426,49:4467,50:4168,51:4323,52:4400,53:4447,54:4387,55:4134,56:4195,57:4443,58:4171,59:4330,60:4331,61:4132,62:4438,63:4109,64:4135,65:4395,66:4078,67:4138,68:4287,69:4167,70:4376,71:4015,72:4347,73:4123,74:4165,75:3953,76:3954,77:4299,78:4104,79:4012,80:4133,81:4142,82:4042,83:4020,84:4076,85:3965,86:3863,87:3862,88:3823,89:4198,90:4047,91:4169,92:3995,93:3985,94:3840,95:4108,96:3970,97:3765,98:4049,99:3747,100:3809,101:4042,102:3985,103:3920,104:3741,105:3742,106:3951,107:3781,108:3942,109:3624,110:3882,111:3823,112:3824,113:3759,114:3873,115:3642,116:3886,117:3694,118:3698,119:3741,120:3695,121:3861,122:3597,123:3747,124:3800,125:3862,126:3760,127:3535,128:3693,129:3606,130:3542,131:3873,132:3551,133:3703,134:3520,135:3573,136:3585,137:3599,138:3882,139:3856,140:3703,141:3664,142:3648,143:3538,144:3568,145:3523,146:3911,147:3543,148:3878,149:3728,150:3874,151:3730,152:3885,153:3795,154:3645,155:3743,156:3692,157:3649,158:3776,159:3669,160:3879,161:3934,162:3867,163:3993,164:3937,165:3968,166:3903,167:3762,168:4020,169:3735,170:3856,171:3730,172:3917,173:3738,174:4042,175:3907,176:3956,177:4136,178:3864,179:4032,180:4130,181:4134,182:4052,183:3839,184:3923,185:4109,186:4147,187:4123,188:3947,189:4289,190:3985,191:4169,192:3962,193:4156,194:4265,195:3987,196:4166,197:4339,198:4354,199:4204,200:4278,201:4225,202:4250,203:4280,204:4278,205:4364,206:4161,207:4304,208:4168,209:4312,210:4170,211:4164,212:4203,213:4115,214:4346,215:4144,216:4410,217:4224,218:4185,219:4406,220:4266,221:4360,222:4494,223:4351,224:4456,225:4393,226:4240,227:4473,228:4143,229:4371,230:4237,231:4420,232:4454,233:4165,234:4419,235:4248,236:4172,237:4340,238:4434,239:4112,240:4203,241:4170,242:4343,243:4164,244:4122,245:4248,246:4159,247:4301,248:4343,249:4222,250:4018,251:4116,252:3979,253:3969,254:4040,255:4295,256:3971,257:3935,258:4024,259:4100,260:4295,261:3994,262:4063,263:3887,264:3877,265:3859,266:4240,267:3907,268:4135,269:3969,270:3898,271:4106,272:3992,273:3951,274:3951,275:3765,276:4099,277:3817,278:3871,279:4094,280:3858,281:4087,282:3764,283:3899,284:3844,285:4027,286:3749,287:3865,288:3786,289:3816,290:3638,291:3689,292:3621,293:3670,294:3746,295:3865,296:3664,297:3668,298:3868,299:3681,300:3556,301:3889,302:3669,303:3690,304:3902,305:3725,306:3607,307:3693,308:3841,309:3540,310:3848,311:3605,312:3599,313:3591,314:3527,315:3622,316:3594,317:3684,318:3867,319:3575,320:3800,321:3811,322:3509,323:3598,324:3881,325:3778,326:3857,327:3600,328:3668,329:3924,330:3713,331:3876,332:3685,333:3660,334:3915,335:3577,336:3598,337:3698,338:3681,339:3828,340:3942,341:3644,342:3973,343:3737,344:3833,345:3991,346:3935,347:3698,348:4032,349:4026,350:3731,351:3959,352:3887,353:3799,354:3792,355:4004,356:3924,357:3940,358:4156,359:3929
0:3850,1:3837,2:3911,3:4058,4:3876,5:4102,6:4196,7:4190,8:4117,9:4227,10:4155,11:4251,12:3958,13:4068,14:4316,15:4265,16:3960,17:4136,18:4049,19:4033,20:4205,21:4285,22:4145,23:4262,24:4331,25:4391,26:4216,27:4115,28:4239,29:4127,30:4183,31:4253,32:4293,33:4413,34:4108,35:4234,36:4242,37:4449,38:4135,39:4401,40:4287,41:4379,42:4429,43:4121,44:4292,45:4458,46:4360,47:4339,48:4411,49:4263,50:4282,51:4377,52:4127,53:4307,54:4401,55:4464,56:4100,57:4467,58:4272,59:4382,60:4114,61:4169,62:4340,63:4355,64:4213,65:4160,66:4202,67:4404,68:4155,69:4046,70:4053,71:4289,72:4180,73:4156,74:4039,75:3957,76:4320,77:4209,78:3930,79:4012,80:4244,81:3935,82:4160,83:4142,84:3878,85:3873,86:4175,87:4147,88:3961,89:4072,90:3850,91:4175,92:4104,93:4164,94:3858,95:3995,96:4117,97:4005,98:4090,99:3930,100:3808,101:4046,102:3998,103:3859,104:3951,105:3704,106:3940,107:3916,108:3857,109:3864,110:3918,111:3623,112:3673,113:3630,114:3867,115:3805,116:3741,117:3754,118:3946,119:3917,120:3747,121:3692,122:3733,123:3827,124:3575,125:3536,126:3676,127:3650,128:3778,129:3713,130:3704,131:3839,132:3857,133:3560,134:3524,135:3736,136:3676,137:3851,138:3563,139:3783,140:3868,141:3859,142:3849,143:3723,144:3767,145:3712,146:3609,147:3860,148:3778,149:3637,150:3555,151:3710,152:3776,153:3752,154:3680,155:3880,156:3725,157:3631,158:3596,159:3861,160:3888,161:3980,162:4021,163:3980,164:3824,165:4002,166:4017,167:3854,168:3718,169:3914,170:3952,171:4061,172:4018,173:3934,174:3986,175:3886,176:4125,177:4097,178:4075,179:4129,180:4196,181:4073,182:4194,183:3911,184:4100,185:4048,186:3874,187:4244,188:4092,189:4109,190:4069,191:4305,192:3936,193:4081,194:4089,195:4046,196:4065,197:4023,198:4131,199:4375,200:4173,201:4090,202:4161,203:4134,204:4382,205:4338,206:4286,207:4215,208:4128,209:4379,210:4387,211:4110,212:4113,213:4081,214:4090,215:4226,216:4360,217:4420,218:4351,219:4168,220:4130,221:4215,222:4425,223:4205,224:4124,225:4176,226:4347,227:4383,228:4356,229:4421,230:4129,231:4406,232:4276,233:4408,234:4119,235:4186,236:4294,237:4081,238:4313,239:4342,240:4315,241:4081,242:4134,243:4072,244:4167,245:4171,246:4229,247:4125,248:4030,249:4048,250:4310,251:4104,252:4272,253:4355,254:4224,255:3988,256:4079,257:4217,258:4255,259:3987,260:4030,261:4043,262:4108,263:4190,264:4186,265:4096,266:3928,267:4070,268:4109,269:3920,270:4058,271:4053,272:4060,273:3903,274:3768,275:4059,276:3774,277:3809,278:4079,279:3816,280:3735,281:3901,282:4031,283:4063,284:3819,285:3706,286:3981,287:3922,288:3703,289:3850,290:3989,291:3678,292:3908,293:3919,294:3783,295:3941,296:3851,297:3585,298:3857,299:3733,300:3764,301:3626,302:3866,303:3613,304:3779,305:3639,306:3823,307:3551,308:3898,309:3646,310:3692,311:3683,312:3817,313:3590,314:3546,315:3631,316:3677,317:3673,318:3853,319:3690,320:3811,321:3823,322:3825,323:3514,324:3626,325:3734,326:3538,327:3534,328:3608,329:3757,330:3647,331:3885,332:3916,333:3802,334:3893,335:3813,336:3661,337:3638,338:3736,339:3763,340:3953,341:3699,342:3875,343:3806,344:3814,345:4012,346:3673,347:3834,348:3789,349:3979,350:3893,351:3992,352:3930,353:3950,354:4016,355:4125,356:4044,357:4069,358:4014,359:3836
0:4079,1:3940,2:3850,3:4157,4:4125,5:3870,6:4132,7:4138,8:4247,9:4106,10:4198,11:3954,12:4214,13:3955,14:4056,15:4166,16:4322,17:4056,18:4015,19:4184,20:4353,21:4173,22:4368,23:4149,24:4330,25:4214,26:4405,27:4250,28:4189,29:4137,30:4236,31:4289,32:4291,33:4466,34:4365,35:4216,36:4305,37:4161,38:4194,39:4211,40:4279,41:4218,42:4430,43:4146,44:4165,45:4293,46:4308,47:4316,48:4453,49:4131,50:4384,51:4412,52:4403,53:4200,54:4318,55:4412,56:4449,57:4398,58:4273,59:4397,60:4269,61:4059,62:4237,63:4395,64:4069,65:4121,66:4060,67:4358,68:4088,69:4063,70:4255,71:4295,72:4371,73:4147,74:4067,75:4188,76:3996,77:4128,78:3958,79:4066,80:4060,81:4160,82:3993,83:4185,84:3946,85:4164,86:3939,87:3965,88:4086,89:3927,90:3927,91:3828,92:3951,93:3942,94:4098,95:3984,96:3845,97:3787,98:3869,99:3943,100:3943,101:3981,102:4025,103:3984,104:3716,105:3690,106:3755,107:3894,108:3753,109:3931,110:3714,111:3645,112:3797,113:3608,114:3622,115:3731,116:3905,117:3625,118:3723,119:3564,120:3791,121:3884,122:3830,123:3657,124:3794,125:3856,126:3709,127:3876,128:3859,129:3547,130:3748,131:3855,132:3504,133:3593,134:3505,135:3580,136:3616,137:3702,138:3722,139:3717,140:3854,141:3623,142:3896,143:3896,144:3816,145:3868,146:3867,147:3694,148:3672,149:3917,150:3773,151:3821,152:3564,153:3891,154:3842,155:3970,156:3668,157:3742,158:3906,159:3887,160:3994,161:3707,162:3929,163:4006,164:3787,165:3754,166:3694,167:3679,168:3687,169:3992,170:3905,171:3922,172:3759,173:3803,174:3778,175:4064,176:3827,177:4073,178:4145,179:3840,180:3819,181:4160,182:3890,183:3838,184:4121,185:4197,186:4189,187:3925,188:4037,189:4023,190:4263,191:4159,192:4072,193:4250,194:3969,195:4137,196:3969,197:4115,198:4276,199:4289,200:4119,201:4053,202:4054,203:4052,204:4247,205:4198,206:4370,207:4065,208:4052,209:4198,210:4106,211:4311,212:4433,213:4218,214:4246,215:4326,216:4478,217:4455,218:4392,219:4443,220:4312,221:4289,222:4183,223:4115,224:4257,225:4181,226:4186,227:4266,228:4181,229:4264,230:4128,231:4168,232:4147,233:4331,234:4195,235:4238,236:4470,237:4097,238:4216,239:4135,240:4108,241:4370,242:4374,243:4400,244:4077,245:4387,246:4054,247:4328,248:4303,249:4073,250:4205,251:4224,252:4117,253:4088,254:4357,255:4052,256:4175,257:4121,258:4099,259:4262,260:4277,261:3902,262:4202,263:4086,264:3874,265:3945,266:3920,267:3949,268:3997,269:3889,270:3838,271:4014,272:3848,273:4063,274:3815,275:3813,276:3828,277:3805,278:3896,279:3715,280:3702,281:3905,282:3832,283:3980,284:3859,285:3907,286:3768,287:3910,288:3867,289:3658,290:3729,291:3601,292:3636,293:3667,294:3602,295:3787,296:3718,297:3880,298:3786,299:3635,300:3718,301:3573,302:3776,303:3625,304:3734,305:3615,306:3633,307:3869,308:3890,309:3616,310:3673,311:3553,312:3698,313:3742,314:3525,315:3763,316:3790,317:3730,318:3893,319:3886,320:3876,321:3517,322:3580,323:3742,324:3728,325:3827,326:3849,327:3622,328:3919,329:3544,330:3550,331:3549,332:3633,333:3755,334:3780,335:3875,336:3758,337:3808,338:3665,339:3901,340:3982,341:3921,342:3841,343:3847,344:3685,345:4026,346:4054,347:3935,348:3828,349:4061,350:3766,351:3872,352:3817,353:3977,354:4041,355:3825,356:4157,357:4081,358:4113,359:4158
0:4084,1:4084,2:3992,3:3902,4:3941,5:3887,6:3998,7:4147,8:4131,9:3958,10:4008,11:4173,12:4104,13:4066,14:3941,15:4309,16:4202,17:4189,18:4294,19:3994,20:4250,21:4396,22:4030,23:4196,24:4145,25:4149,26:4277,27:4107,28:4166,29:4072,30:4214,31:4322,32:4253,33:4176,34:4323,35:4194,36:4224,37:4352,38:4097,39:4187,40:4330,41:4333,42:4254,43:4260,44:4283,45:4346,46:4430,47:4193,48:4111,49:4142,50:4319,51:4442,52:4140,53:4378,54:4397,55:4251,56:4391,57:4152,58:4104,59:4130,60:4264,61:4159,62:4370,63:4433,64:4211,65:4067,66:4185,67:4373,68:4095,69:4101,70:4160,71:3992,72:4271,73:4016,74:4119,75:4061,76:3998,77:4310,78:3990,79:4184,80:3940,81:3987,82:4280,83:3927,84:4227,85:3962,86:3998,87:4136,88:4069,89:4206,90:3978,91:3971,92:3875,93:3871,94:3959,95:3844,96:3834,97:3873,98:3990,99:4069,100:3880,101:4064,102:4025,103:3965,104:3925,105:3695,106:4021,107:3640,108:3666,109:4010,110:3986,111:3668,112:3866,113:3885,114:3635,115:3662,116:3653,117:3815,118:3687,119:3758,120:3803,121:3694,122:3549,123:3812,124:3902,125:3691,126:3797,127:3521,128:3512,129:3639,130:3877,131:3794,132:3684,133:3680,134:3605,135:3611,136:3823,137:3825,138:3726,139:3818,140:3794,141:3749,142:3772,143:3596,144:3843,145:3527,146:3734,147:3581,148:3922,149:3840,150:3635,151:3702,152:3676,153:3864,154:3783,155:3570,156:3913,157:3980,158:3881,159:3792,160:3844,161:3725,162:3984,163:3723,164:3843,165:3928,166:4040,167:3898,168:4022,169:3759,170:4066,171:4103,172:3796,173:4109,174:4051,175:3928,176:4023,177:3983,178:3992,179:3789,180:3880,181:3886,182:4021,183:3887,184:4099,185:4195,186:4198,187:4258,188:4210,189:4191,190:4028,191:4131,192:3978,193:4197,194:4180,195:4131,196:3995,197:4191,198:4175,199:4130,200:4379,201:4291,202:4253,203:4412,204:4023,205:4231,206:4261,207:4284,208:4364,209:4317,210:4352,211:4382,212:4227,213:4329,214:4380,215:4167,216:4364,217:4323,218:4338,219:4194,220:4456,221:4223,222:4162,223:4465,224:4174,225:4249,226:4432,227:4479,228:4476,229:4137,230:4228,231:4437,232:4368,233:4400,234:4259,235:4328,236:4353,237:4473,238:4407,239:4143,240:4199,241:4218,242:4213,243:4203,244:4327,245:4113,246:4399,247:4046,248:4376,249:4099,250:4019,251:3992,252:4082,253:4077,254:4294,255:4261,256:4132,257:4056,258:4147,259:4063,260:3925,261:3907,262:4025,263:4091,264:3919,265:4238,266:4044,267:4101,268:4039,269:3859,270:4097,271:3827,272:4100,273:4002,274:3869,275:4110,276:4038,277:3767,278:3792,279:3879,280:3794,281:3813,282:4006,283:3794,284:3879,285:4008,286:3920,287:3662,288:3692,289:3671,290:3771,291:3890,292:3940,293:3678,294:3855,295:3948,296:3750,297:3784,298:3559,299:3850,300:3932,301:3738,302:3578,303:3663,304:3704,305:3903,306:3737,307:3847,308:3513,309:3517,310:3730,311:3518,312:3883,313:3790,314:3766,315:3890,316:3611,317:3843,318:3806,319:3607,320:3778,321:3594,322:3748,323:3824,324:3678,325:3757,326:3895,327:3840,328:3599,329:3679,330:3652,331:3840,332:3770,333:3837,334:3639,335:3879,336:3927,337:3875,338:3740,339:3955,340:3757,341:3875,342:3644,343:3687,344:4021,345:3944,346:4025,347:3887,348:3724,349:4047,350:3986,351:3796,352:4048,353:3937,354:4064,355:3886,356:3988,357:4016,358:3975,359:3996
0:4026,1:4154,2:4211,3:3988,4:4157,5:4173,6:4161,7:3968,8:4255,9:4135,10:3925,11:3924,12:4306,13:4143,14:4088,15:4238,16:4241,17:4212,18:4258,19:4106,20:4210,21:4010,22:4222,23:4237,24:4136,25:4396,26:4087,27:4317,28:4313,29:4284,30:4298,31:4415,32:4316,33:4386,34:4189,35:4187,36:4326,37:4208,38:4197,39:4475,40:4296,41:4330,42:4256,43:4450,44:4172,45:4367,46:4174,47:4243,48:4306,49:4099,50:4354,51:4355,52:4264,53:4333,54:4097,55:4255,56:4421,57:4179,58:4432,59:4154,60:4244,61:4301,62:4254,63:4361,64:4359,65:4176,66:4340,67:4177,68:4376,69:4285,70:4067,71:4236,72:4312,73:4074,74:3988,75:4251,76:4054,77:3934,78:4267,79:4263,80:3954,81:3945,82:4092,83:3925,84:3949,85:4248,86:4222,87:3923,88:3895,89:3852,90:3805,91:4070,92:4018,93:3879,94:4082,95:3787,96:4004,97:3967,98:3930,99:3804,100:3942,101:3838,102:4043,103:3796,104:3850,105:3997,106:3699,107:3939,108:3882,109:3834,110:3789,111:3993,112:3809,113:3828,114:3686,115:3871,116:3643,117:3827,118:3561,119:3791,120:3877,121:3538,122:3697,123:3567,124:3736,125:3907,126:3761,127:3897,128:3514,129:3886,130:3573,131:3902,132:3869,133:3883,134:3875,135:3860,136:3671,137:3839,138:3675,139:3902,140:3584,141:3622,142:3565,143:3530,144:3588,145:3658,146:3594,147:3646,148:3760,149:3866,150:3709,151:3600,152:3614,153:3750,154:3592,155:3720,156:3966,157:3633,158:3690,159:3671,160:3636,161:3631,162:3715,163:3836,164:3680,165:3778,166:3671,167:3918,168:4073,169:3734,170:3984,171:3719,172:3958,173:4041,174:3826,175:3817,176:3786,177:3864,178:4058,179:3923,180:4090,181:3968,182:3876,183:3900,184:4194,185:4206,186:4142,187:4130,188:4084,189:4165,190:4200,191:4231,192:4315,193:4287,194:4268,195:4301,196:4151,197:4202,198:3977,199:4122,200:4316,201:4356,202:4163,203:4334,204:4345,205:4404,206:4351,207:4291,208:4144,209:4273,210:4101,211:4307,212:4171,213:4273,214:4276,215:4152,216:4136,217:4327,218:4360,219:4476,220:4185,221:4298,222:4179,223:4320,224:4165,225:4166,226:4442,227:4238,228:4156,229:4371,230:4364,231:4171,232:4151,233:4209,234:4249,235:4406,236:4273,237:4461,238:4389,239:4270,240:4159,241:4326,242:4286,243:4215,244:4283,245:4303,246:4247,247:4276,248:4027,249:4270,250:4221,251:4256,252:4011,253:4302,254:4113,255:3982,256:4331,257:4033,258:4070,259:4279,260:4052,261:4131,262:4208,263:4242,264:4261,265:3940,266:4138,267:3865,268:4212,269:3971,270:4153,271:4070,272:3870,273:3959,274:4009,275:3820,276:3885,277:3793,278:3740,279:3941,280:3987,281:3753,282:3720,283:3821,284:3772,285:3814,286:3692,287:3811,288:3862,289:3824,290:3747,291:3932,292:3839,293:3819,294:3620,295:3784,296:3874,297:3672,298:3600,299:3597,300:3700,301:3788,302:3620,303:3738,304:3842,305:3831,306:3612,307:3538,308:3715,309:3775,310:3812,311:3735,312:3527,313:3797,314:3691,315:3899,316:3722,317:3527,318:3621,319:3608,320:3682,321:3617,322:3719,323:3720,324:3719,325:3839,326:3870,327:3695,328:3927,329:3575,330:3834,331:3617,332:3733,333:3917,334:3628,335:3572,336:3778,337:3682,338:3861,339:3722,340:3689,341:3952,342:4013,343:3797,344:3818,345:3933,346:3936,347:3731,348:3678,349:3956,350:3854,351:3738,352:4024,353:4114,354:4110,355:4029,356:3772,357:4151,358:4036,359:4144
0:3942,1:4078,2:4154,3:4048,4:4153,5:4244,6:3921,7:3916,8:4135,9:3958,10:3929,11:3942,12:4250,13:4329,14:4327,15:4167,16:4332,17:4323,18:4264,19:4169,20:4035,21:4010,22:4325,23:4279,24:4380,25:4166,26:4118,27:4388,28:4101,29:4241,30:4168,31:4386,32:4428,33:4102,34:4104,35:4230,36:4386,37:4260,38:4297,39:4413,40:4414,41:4473,42:4239,43:4410,44:4375,45:4202,46:4494,47:4257,48:4483,49:4482,50:4230,51:4279,52:4352,53:4323,54:4130,55:4343,56:4215,57:4472,58:4324,59:4111,60:4439,61:4100,62:4133,63:4181,64:4366,65:4101,66:4341,67:4328,68:4265,69:4264,70:4255,71:4058,72:4253,73:4308,74:4028,75:4231,76:4336,77:3965,78:3987,79:4096,80:3928,81:4103,82:4269,83:4215,84:3967,85:4241,86:3867,87:3884,88:4012,89:3902,90:4080,91:4094,92:3910,93:4037,94:4157,95:3920,96:4087,97:3737,98:3824,99:4103,100:3900,101:3897,102:3705,103:3708,104:3949,105:3802,106:3859,107:3638,108:4009,109:3640,110:3849,111:3826,112:3865,113:3585,114:3831,115:3943,116:3785,117:3589,118:3620,119:3555,120:3617,121:3569,122:3812,123:3600,124:3859,125:3910,126:3745,127:3735,128:3854,129:3554,130:3756,131:3547,132:3858,133:3620,134:3716,135:3600,136:3556,137:3837,138:3806,139:3514,140:3665,141:3586,142:3869,143:3569,144:3728,145:3706,146:3634,147:3707,148:3589,149:3874,150:3659,151:3565,152:3919,153:3798,154:3961,155:3959,156:3861,157:3709,158:3881,159:3907,160:3608,161:3709,162:3799,163:3844,164:3913,165:3681,166:3919,167:3804,168:4004,169:4032,170:3854,171:3909,172:3955,173:3882,174:4036,175:3817,176:4016,177:3865,178:4080,179:3846,180:3997,181:4114,182:4151,183:4165,184:4031,185:3991,186:3914,187:3997,188:4012,189:4197,190:3934,191:4240,192:4239,193:4199,194:4251,195:4041,196:4329,197:4102,198:4067,199:4146,200:4310,201:4237,202:4014,203:4373,204:4291,205:4425,206:4398,207:4180,208:4126,209:4316,210:4453,211:4390,212:4356,213:4329,214:4361,215:4234,216:4415,217:4094,218:4355,219:4274,220:4110,221:4199,222:4120,223:4452,224:4250,225:4429,226:4383,227:4162,228:4441,229:4396,230:4256,231:4474,232:4189,233:4341,234:4206,235:4232,236:4467,237:4271,238:4371,239:4393,240:4240,241:4365,242:4085,243:4098,244:4363,245:4216,246:4155,247:4113,248:4211,249:4323,250:4153,251:4239,252:4211,253:4244,254:4344,255:4134,256:4307,257:3997,258:4289,259:4016,260:4149,261:4133,262:4002,263:4157,264:4100,265:4038,266:4043,267:3909,268:4144,269:3957,270:4173,271:4128,272:4157,273:4033,274:3955,275:3883,276:3816,277:3999,278:3791,279:4040,280:4080,281:3780,282:4013,283:3971,284:3673,285:3965,286:3765,287:3781,288:3935,289:3629,290:3835,291:3774,292:3663,293:3981,294:3760,295:3936,296:3669,297:3938,298:3923,299:3697,300:3644,301:3565,302:3656,303:3727,304:3706,305:3536,306:3527,307:3561,308:3704,309:3513,310:3879,311:3721,312:3792,313:3503,314:3855,315:3682,316:3716,317:3691,318:3683,319:3626,320:3895,321:3659,322:3859,323:3540,324:3878,325:3781,326:3631,327:3880,328:3637,329:3915,330:3916,331:3731,332:3745,333:3856,334:3836,335:3603,336:3710,337:3603,338:3705,339:3910,340:3651,341:3659,342:3642,343:3722,344:3681,345:3854,346:3905,347:3769,348:3777,349:3750,350:4081,351:4083,352:4025,353:3853,354:3934,355:4108,356:3873,357:4026,358:3793,359:4060
0:4198,1:3817,2:4179,3:4138,4:4075,5:4036,6:4039,7:4132,8:4077,9:3945,10:4178,11:4217,12:4190,13:4209,14:4127,15:3960,16:4004,17:4087,18:3996,19:4073,20:4375,21:4146,22:4398,23:4187,24:4356,25:4325,26:4434,27:4362,28:4190,29:4341,30:4414,31:4228,32:4249,33:4400,34:4415,35:4234,36:4347,37:4488,38:4327,39:4119,40:4341,41:4427,42:4476,43:4331,44:4319,45:4273,46:4247,47:4256,48:4457,49:4204,50:4459,51:4451,52:4377,53:4181,54:4229,55:4460,56:4462,57:4159,58:4194,59:4391,60:4269,61:4418,62:4217,63:4138,64:4276,65:4139,66:4253,67:4330,68:4406,69:4174,70:4137,71:4053,72:4302,73:4224,74:4215,75:4072,76:4212,77:4084,78:4200,79:4277,80:4293,81:4257,82:4138,83:3932,84:4097,85:3888,86:4136,87:4199,88:4016,89:3895,90:4114,91:4180,92:3786,93:3812,94:4027,95:4136,96:4129,97:3752,98:3739,99:3801,100:3907,101:3896,102:3796,103:3679,104:3980,105:3676,106:3763,107:3799,108:3978,109:3974,110:3669,111:3773,112:3686,113:3812,114:3968,115:3891,116:3816,117:3589,118:3775,119:3817,120:3761,121:3933,122:3893,123:3743,124:3613,125:3706,126:3830,127:3876,128:3867,129:3643,130:3752,131:3764,132:3741,133:3845,134:3541,135:3684,136:3853,137:3777,138:3646,139:3686,140:3831,141:3838,142:3694,143:3902,144:3670,145:3827,146:3629,147:3684,148:3806,149:3868,150:3736,151:3555,152:3758,153:3715,154:3630,155:3960,156:3829,157:3826,158:3933,159:3668,160:3785,161:3667,162:3800,163:4024,164:3990,165:3767,166:3685,167:3985,168:3968,169:3794,170:3774,171:3818,172:3873,173:3820,174:3849,175:3977,176:3820,177:4105,178:3892,179:4064,180:3955,181:3975,182:3852,183:3928,184:4028,185:3953,186:4044,187:3933,188:4032,189:4187,190:4168,191:4156,192:4251,193:4105,194:4029,195:4028,196:4011,197:3978,198:4345,199:4099,200:4314,201:4252,202:4263,203:4317,204:4285,205:4347,206:4187,207:4245,208:4261,209:4245,210:4443,211:4111,212:4211,213:4166,214:4107,215:4209,216:4410,217:4432,218:4145,219:4462,220:4165,221:4237,222:4239,223:4129,224:4396,225:4375,226:4256,227:4467,228:4288,229:4425,230:4197,231:4471,232:4171,233:4366,234:4222,235:4156,236:4158,237:4190,238:4144,239:4069,240:4384,241:4206,242:4417,243:4365,244:4293,245:4175,246:4030,247:4306,248:4193,249:4094,250:4042,251:4212,252:4152,253:4081,254:4214,255:4231,256:4016,257:4033,258:4304,259:4224,260:4083,261:4198,262:4198,263:3942,264:4081,265:4172,266:4164,267:4046,268:3862,269:3874,270:4029,271:3978,272:3922,273:4078,274:3767,275:3942,276:4008,277:3941,278:3763,279:3979,280:3909,281:4059,282:4025,283:3787,284:3775,285:3714,286:3755,287:3704,288:3892,289:3782,290:3685,291:3614,292:3900,293:3601,294:3621,295:3641,296:3616,297:3765,298:3804,299:3887,300:3654,301:3780,302:3922,303:3550,304:3750,305:3671,306:3595,307:3601,308:3570,309:3791,310:3646,311:3627,312:3776,313:3624,314:3590,315:3743,316:3803,317:3894,318:3717,319:3876,320:3622,321:3539,322:3596,323:3714,324:3601,325:3592,326:3776,327:3536,328:3792,329:3773,330:3743,331:3728,332:3560,333:3862,334:3613,335:3681,336:3891,337:3742,338:3892,339:3769,340:3681,341:3867,342:3768,343:3910,344:3792,345:3939,346:4030,347:3938,348:3921,349:3995,350:3740,351:3753,352:3969,353:3995,354:3858,355:3770,356:3819,357:3970,358:4109,359:3822
0:3964,1:4082,2:4140,3:4227,4:4184,5:4078,6:4032,7:4015,8:3905,9:4022,10:4079,11:3984,12:4302,13:4266,14:4010,15:4348,16:4227,17:4309,18:4112,19:4143,20:4371,21:4007,22:4315,23:4300,24:4280,25:4336,26:4281,27:4429,28:4207,29:4348,30:4314,31:4446,32:4086,33:4308,34:4146,35:4259,36:4380,37:4180,38:4206,39:4196,40:4149,41:4231,42:4203,43:4347,44:4340,45:4102,46:4392,47:4394,48:4157,49:4487,50:4140,51:4414,52:4136,53:4170,54:4089,55:4386,56:4374,57:4283,58:4167,59:4183,60:4223,61:4226,62:4345,63:4128,64:4126,65:4298,66:4360,67:4141,68:4190,69:4134,70:4205,71:4229,72:4035,73:4240,74:4156,75:4170,76:4119,77:4177,78:3953,79:3975,80:3956,81:4268,82:4262,83:3891,84:4126,85:4204,86:3952,87:4005,88:3873,89:3813,90:4171,91:3955,92:3820,93:4010,94:4095,95:3950,96:3941,97:3854,98:4079,99:3731,100:3913,101:3931,102:3878,103:3757,104:3740,105:3923,106:3725,107:3877,108:3902,109:3821,110:3821,111:3980,112:3680,113:3787,114:3844,115:3630,116:3827,117:3774,118:3700,119:3863,120:3801,121:3903,122:3558,123:3550,124:3747,125:3736,126:3691,127:3673,128:3563,129:3537,130:3750,131:3576,132:3788,133:3838,134:3874,135:3526,136:3801,137:3745,138:3888,139:3592,140:3781,141:3648,142:3567,143:3740,144:3740,145:3698,146:3603,147:3857,148:3883,149:3703,150:3573,151:3831,152:3678,153:3911,154:3828,155:3679,156:3658,157:3759,158:3854,159:3943,160:3931,161:3834,162:3935,163:3855,164:3718,165:3652,166:3762,167:3932,168:3874,169:3924,170:3791,171:3914,172:3983,173:3942,174:4015,175:3950,176:3860,177:3944,178:3951,179:3910,180:3933,181:4177,182:4058,183:3944,184:4069,185:3928,186:3934,187:3976,188:4032,189:4024,190:4297,191:4288,192:4066,193:4046,194:3998,195:4083,196:4076,197:4170,198:4361,199:4051,200:4334,201:4049,202:4326,203:4233,204:4215,205:4398,206:4226,207:4179,208:4302,209:4372,210:4392,211:4123,212:4085,213:4326,214:4194,215:4145,216:4249,217:4154,218:4183,219:4259,220:4447,221:4320,222:4181,223:4236,224:4434,225:4404,226:4334,227:4391,228:4210,229:4097,230:4353,231:4347,232:4395,233:4394,234:4267,235:4459,236:4199,237:4365,238:4272,239:4240,240:4134,241:4400,242:4090,243:4384,244:4337,245:4384,246:4398,247:4219,248:4377,249:4314,250:4220,251:4052,252:4214,253:4300,254:4124,255:4306,256:4168,257:3985,258:4183,259:4145,260:4135,261:4194,262:4217,263:3934,264:4227,265:4252,266:4233,267:4054,268:4203,269:4128,270:3922,271:4109,272:4146,273:4121,274:3861,275:3963,276:3937,277:3958,278:4023,279:3886,280:3786,281:3808,282:3941,283:3727,284:3841,285:3823,286:4003,287:3695,288:3888,289:4002,290:3968,291:3880,292:3689,293:3718,294:3816,295:3631,296:3784,297:3900,298:3925,299:3706,300:3866,301:3588,302:3761,303:3527,304:3768,305:3840,306:3786,307:3905,308:3571,309:3775,310:3629,311:3641,312:3637,313:3586,314:3612,315:3673,316:3570,317:3562,318:3745,319:3670,320:3706,321:3791,322:3860,323:3672,324:3863,325:3915,326:3610,327:3778,328:3692,329:3771,330:3864,331:3780,332:3903,333:3877,334:3662,335:3739,336:3957,337:3744,338:3638,339:3951,340:3751,341:4003,342:3956,343:3915,344:3889,345:3673,346:3682,347:3824,348:3863,349:3798,350:3833,351:3898,352:3846,353:4018,354:3804,355:3907,356:4121,357:3885,358:3913,359:3931
0:4015,1:3932,2:3897,3:4202,4:3862,5:4205,6:4209,7:3896,8:3932,9:4237,10:3907,11:4054,12:4083,13:4086,14:4261,15:4263,16:4340,17:4176,18:4305,19:4179,20:4267,21:4010,22:4166,23:4286,24:4265,25:4319,26:4183,27:4296,28:4300,29:4256,30:4439,31:4260,32:4210,33:4213,34:4316,35:4233,36:4134,37:4365,38:4332,39:4192,40:4133,41:4143,42:4452,43:4239,44:4310,45:4488,46:4411,47:4239,48:4314,49:4490,50:4127,51:4103,52:4378,53:4389,54:4190,55:4095,56:4208,57:4173,58:4389,59:4443,60:4258,61:4401,62:4216,63:4361,64:4431,65:4333,66:4090,67:4316,68:4162,69:4037,70:4047,71:4281,72:4213,73:4355,74:4167,75:4017,76:4049,77:4116,78:4267,79:3948,80:4274,81:3922,82:4063,83:4117,84:3911,85:3998,86:4083,87:4129,88:4131,89:4069,90:4032,91:4005,92:4133,93:3918,94:3955,95:3770,96:4053,97:3931,98:3824,99:3837,100:3733,101:3993,102:4016,103:3947,104:3979,105:3967,106:3804,107:3748,108:3750,109:3642,110:3778,111:3966,112:3697,113:3701,114:3712,115:3662,116:3797,117:3890,118:3919,119:3605,120:3588,121:3725,122:3659,123:3626,124:3838,125:3619,126:3804,127:3527,128:3556,129:3813,130:3902,131:3773,132:3837,133:3754,134:3698,135:3794,136:3570,137:3808,138:3812,139:3576,140:3619,141:3561,142:3543,143:3572,144:3545,145:3867,146:3762,147:3894,148:3630,149:3677,150:3901,151:3814,152:3778,153:3801,154:3612,155:3780,156:3964,157:3706,158:3644,159:3814,160:3952,161:3974,162:3970,163:3732,164:3827,165:3653,166:3988,167:3990,168:3698,169:3901,170:3993,171:4088,172:3778,173:3960,174:3759,175:4141,176:4035,177:3923,178:3985,179:4098,180:4045,181:4073,182:4012,183:4212,184:4107,185:4006,186:3947,187:4177,188:4042,189:4291,190:4212,191:3971,192:4186,193:3999,194:4176,195:4341,196:4215,197:4083,198:4058,199:4352,200:4171,201:4222,202:4200,203:4030,204:4397,205:4247,206:4346,207:4050,208:4431,209:4444,210:4369,211:4364,212:4173,213:4131,214:4161,215:4106,216:4132,217:4323,218:4141,219:4373,220:4234,221:4319,222:4393,223:4188,224:4479,225:4309,226:4173,227:4327,228:4104,229:4373,230:4101,231:4142,232:4307,233:4482,234:4435,235:4213,236:4465,237:4093,238:4096,239:4078,240:4214,241:4313,242:4427,243:4164,244:4218,245:4334,246:4076,247:4270,248:4332,249:4306,250:4258,251:4135,252:3994,253:4366,254:4036,255:4047,256:4012,257:3942,258:4080,259:3941,260:4089,261:3893,262:4179,263:4191,264:4068,265:4196,266:3881,267:4104,268:3910,269:3923,270:4117,271:4053,272:3946,273:3920,274:4137,275:3752,276:3758,277:4006,278:4068,279:3791,280:3861,281:3755,282:3924,283:3944,284:3959,285:3692,286:3756,287:3771,288:3769,289:3791,290:3773,291:3989,292:3885,293:3803,294:3595,295:3752,296:3934,297:3726,298:3872,299:3716,300:3908,301:3868,302:3728,303:3827,304:3855,305:3619,306:3737,307:3762,308:3869,309:3517,310:3733,311:3527,312:3775,313:3811,314:3627,315:3579,316:3790,317:3575,318:3633,319:3845,320:3580,321:3798,322:3740,323:3878,324:3721,325:3744,326:3569,327:3849,328:3676,329:3652,330:3786,331:3873,332:3829,333:3780,334:3692,335:3932,336:3692,337:3611,338:3644,339:3946,340:3617,341:3705,342:3832,343:3875,344:3880,345:3892,346:3832,347:3827,348:4025,349:3878,350:4047,351:3918,352:3891,353:3985,354:4023,355:3917,356:3967,357:3959,358:3788,359:3997
0:3804,1:4074,2:3834,3:4149,4:3864,5:3855,6:4256,7:4048,8:4027,9:4048,10:3925,11:4036,12:4290,13:4170,14:4054,15:4261,16:4069,17:4046,18:4241,19:4060,20:4178,21:4265,22:4233,23:4033,24:4162,25:4191,26:4419,27:4153,28:4284,29:4253,30:4319,31:4317,32:4118,33:4435,34:4088,35:4293,36:4217,37:4166,38:4315,39:4316,40:4299,41:4138,42:4284,43:4367,44:4119,45:4111,46:4126,47:4158,48:4387,49:4459,50:4428,51:4244,52:4192,53:4134,54:4380,55:4238,56:4278,57:4131,58:4076,59:4237,60:4387,61:4166,62:4367,63:4168,64:4239,65:4162,66:4381,67:4025,68:4253,69:4238,70:4386,71:4186,72:4046,73:4309,74:4307,75:4030,76:3984,77:4272,78:4070,79:4267,80:4046,81:4043,82:4010,83:4029,84:3874,85:4011,86:4150,87:3995,88:3841,89:3926,90:3905,91:4177,92:4099,93:4021,94:4048,95:3854,96:4070,97:3991,98:3830,99:4074,100:4020,101:3980,102:3988,103:3695,104:3779,105:3651,106:3768,107:3712,108:3952,109:3932,110:3954,111:3604,112:3712,113:3693,114:3631,115:3709,116:3737,117:3701,118:3900,119:3736,120:3689,121:3636,122:3725,123:3892,124:3534,125:3693,126:3750,127:3778,128:3825,129:3884,130:3705,131:3576,132:3709,133:3504,134:3643,135:3844,136:3507,137:3595,138:3584,139:3791,140:3737,141:3889,142:3510,143:3526,144:3827,145:3838,146:3760,147:3737,148:3580,149:3912,150:3815,151:3606,152:3907,153:3726,154:3660,155:3940,156:3746,157:3624,158:3647,159:3668,160:3665,161:3917,162:3707,163:3908,164:3924,165:3887,166:3767,167:3766,168:3943,169:4057,170:3739,171:3990,172:3998,173:3901,174:3940,175:4147,176:4070,177:4056,178:4132,179:3861,180:3809,181:4020,182:4220,183:4175,184:3973,185:4017,186:4095,187:3913,188:4165,189:4274,190:3918,191:4066,192:3942,193:4097,194:4127,195:4193,196:4293,197:4036,198:4260,199:4216,200:4199,201:4327,202:4166,203:4206,204:4245,205:4296,206:4174,207:4269,208:4097,209:4305,210:4226,211:4374,212:4374,213:4246,214:4279,215:4465,216:4368,217:4120,218:4436,219:4442,220:4402,221:4443,222:4177,223:4458,224:4345,225:4382,226:4328,227:4280,228:4116,229:4492,230:4489,231:4407,232:4410,233:4365,234:4118,235:4148,236:4454,237:4164,238:4224,239:4212,240:4180,241:4199,242:4336,243:4316,244:4368,245:4264,246:4045,247:4225,248:4127,249:4161,250:4372,251:4173,252:4103,253:4052,254:3991,255:4055,256:4174,257:4319,258:4313,259:4200,260:3980,261:4061,262:4263,263:4202,264:3887,265:4244,266:4107,267:4029,268:4078,269:4171,270:4164,271:4125,272:3985,273:3956,274:3965,275:3946,276:3778,277:3741,278:4081,279:3785,280:3890,281:3955,282:3932,283:4066,284:3861,285:3969,286:3652,287:3877,288:3740,289:3934,290:3905,291:3966,292:3956,293:3747,294:3959,295:3909,296:3822,297:3569,298:3761,299:3723,300:3855,301:3915,302:3731,303:3609,304:3576,305:3649,306:3801,307:3817,308:3513,309:3722,310:3850,311:3792,312:3590,313:3574,314:3713,315:3774,316:3893,317:3693,318:3554,319:3720,320:3642,321:3862,322:3873,323:3707,324:3679,325:3628,326:3797,327:3903,328:3790,329:3729,330:3834,331:3727,332:3842,333:3862,334:3895,335:3844,336:3705,337:3908,338:3764,339:3704,340:3968,341:3621,342:3828,343:3873,344:3871,345:3769,346:4044,347:3938,348:3701,349:4075,350:3731,351:3871,352:3855,353:4020,354:3936,355:3798,356:3944,357:3858,358:3868,359:4089
0:4147,1:4060,2:4054,3:4200,4:4148,5:3885,6:4140,7:3878,8:3897,9:4015,10:4294,11:3994,12:4124,13:4269,14:4259,15:4281,16:4296,17:4276,18:4046,19:4210,20:4111,21:4366,22:4146,23:4078,24:4349,25:4331,26:4302,27:4154,28:4334,29:4281,30:4081,31:4118,32:4319,33:4227,34:4437,35:4091,36:4387,37:4224,38:4177,39:4317,40:4379,41:4340,42:4288,43:4437,44:4180,45:4246,46:4398,47:4273,48:4375,49:4134,50:4211,51:4117,52:4481,53:4363,54:4432,55:4255,56:4426,57:4165,58:4293,59:4251,60:4224,61:4430,62:4334,63:4429,64:4105,65:4283,66:4155,67:4039,68:4201,69:4084,70:4041,71:3992,72:3992,73:4029,74:3977,75:4215,76:4179,77:3995,78:4178,79:4147,80:4181,81:3970,82:4066,83:3880,84:4040,85:4108,86:3931,87:3832,88:3870,89:3996,90:4166,91:4028,92:3991,93:3852,94:3810,95:4045,96:4097,97:3871,98:4083,99:4032,100:3897,101:3701,102:3775,103:3981,104:3817,105:4028,106:3877,107:3926,108:3918,109:3715,110:3910,111:3695,112:3712,113:3850,114:3897,115:3747,116:3811,117:3884,118:3921,119:3760,120:3776,121:3695,122:3864,123:3649,124:3822,125:3739,126:3547,127:3605,128:3788,129:3727,130:3754,131:3531,132:3514,133:3777,134:3855,135:3639,136:3845,137:3731,138:3533,139:3742,140:3845,141:3761,142:3656,143:3688,144:3725,145:3522,146:3800,147:3532,148:3674,149:3654,150:3837,151:3795,152:3611,153:3938,154:3941,155:3762,156:3854,157:3822,158:3936,159:3689,160:3733,161:4003,162:3627,163:3665,164:4035,165:3778,166:3821,167:3719,168:3931,169:3816,170:4009,171:3737,172:3973,173:3781,174:4010,175:3957,176:4040,177:3923,178:3874,179:3978,180:3871,181:4113,182:3884,183:4063,184:4016,185:3921,186:4053,187:4114,188:4199,189:3953,190:4206,191:4279,192:4268,193:4018,194:4176,195:4229,196:4017,197:4104,198:4083,199:4164,200:4305,201:4144,202:4358,203:4380,204:4110,205:4338,206:4059,207:4380,208:4381,209:4146,210:4425,211:4394,212:4200,213:4257,214:4314,215:4387,216:4153,217:4322,218:4326,219:4448,220:4145,221:4468,222:4199,223:4429,224:4499,225:4232,226:4103,227:4471,228:4414,229:4266,230:4348,231:4442,232:4172,233:4161,234:4191,235:4244,236:4400,237:4094,238:4151,239:4343,240:4177,241:4192,242:4411,243:4305,244:4351,245:4034,246:4272,247:4373,248:4405,249:4241,250:4294,251:4304,252:4267,253:3987,254:4162,255:4135,256:4189,257:4152,258:4264,259:4187,260:3904,261:4201,262:3974,263:3946,264:4057,265:3983,266:4030,267:4077,268:4158,269:4068,270:3900,271:3920,272:4175,273:3925,274:4153,275:4021,276:3925,277:4059,278:3815,279:4049,280:3987,281:3971,282:3987,283:3904,284:3806,285:3909,286:3865,287:3828,288:3906,289:3660,290:3707,291:3961,292:3638,293:3875,294:3733,295:3666,296:3639,297:3824,298:3901,299:3879,300:3693,301:3614,302:3852,303:3662,304:3641,305:3821,306:3583,307:3909,308:3693,309:3770,310:3584,311:3762,312:3746,313:3876,314:3789,315:3729,316:3524,317:3820,318:3584,319:3752,320:3645,321:3543,322:3688,323:3621,324:3789,325:3583,326:3677,327:3814,328:3805,329:3897,330:3739,331:3633,332:3881,333:3838,334:3745,335:3688,336:3774,337:3669,338:3705,339:3861,340:3893,341:3765,342:3625,343:3948,344:3659,345:4006,346:3868,347:3856,348:3862,349:3949,350:4062,351:3855,352:3837,353:4071,354:4128,355:3931,356:4118,357:4134,358:3971,359:4035
0:3850,1:4140,2:3984,3:4037,4:4002,5:3877,6:3924,7:4033,8:3972,9:4113,10:4065,11:4042,12:3994,13:4049,14:4309,15:4103,16:4272,17:4301,18:4281,19:4045,20:4263,21:4250,22:4136,23:4076,24:4313,25:4419,26:4364,27:4333,28:4108,29:4105,30:4402,31:4370,32:4264,33:4185,34:4441,35:4392,36:4232,37:4373,38:4453,39:4396,40:4107,41:4147,42:4473,43:4335,44:4491,45:4337,46:4146,47:4227,48:4185,49:4157,50:4306,51:4160,52:4466,53:4423,54:4421,55:4406,56:4118,57:4392,58:4374,59:4318,60:4362,61:4162,62:4085,63:4145,64:4191,65:4170,66:4325,67:4327,68:4363,69:4178,70:4191,71:4259,72:4034,73:4164,74:4114,75:4318,76:4059,77:3945,78:4205,79:3953,80:3971,81:3981,82:4083,83:3985,84:4192,85:4221,86:4124,87:3862,88:4112,89:3892,90:3879,91:4175,92:4099,93:3955,94:3768,95:3894,96:3854,97:4016,98:4080,99:3987,100:4079,101:3865,102:3956,103:3702,104:3867,105:4020,106:3681,107:3770,108:3732,109:3651,110:3643,111:3867,112:3900,113:3777,114:3951,115:3695,116:3805,117:3615,118:3778,119:3675,120:3783,121:3908,122:3711,123:3760,124:3828,125:3762,126:3674,127:3882,128:3550,129:3822,130:3865,131:3842,132:3723,133:3676,134:3637,135:3684,136:3726,137:3701,138:3842,139:3675,140:3815,141:3823,142:3761,143:3614,144:3878,145:3914,146:3848,147:3896,148:3615,149:3557,150:3877,151:3553,152:3919,153:3815,154:3664,155:3918,156:3826,157:3717,158:3862,159:3672,160:3937,161:3939,162:3725,163:3895,164:3913,165:4031,166:3962,167:3777,168:3680,169:3911,170:3928,171:3711,172:3980,173:3991,174:3984,175:4124,176:4099,177:3827,178:3902,179:3835,180:3800,181:3905,182:3958,183:3974,184:4182,185:4039,186:3930,187:4048,188:3885,189:4028,190:4293,191:3923,192:4139,193:4280,194:3952,195:3972,196:4052,197:4108,198:4271,199:4276,200:4185,201:4367,202:4244,203:4149,204:4109,205:4410,206:4151,207:4201,208:4116,209:4413,210:4092,211:4353,212:4369,213:4356,214:4136,215:4372,216:4203,217:4197,218:4316,219:4178,220:4333,221:4180,222:4098,223:4453,224:4389,225:4207,226:4250,227:4160,228:4378,229:4236,230:4427,231:4286,232:4439,233:4140,234:4317,235:4117,236:4333,237:4303,238:4466,239:4386,240:4433,241:4385,242:4299,243:4215,244:4199,245:4314,246:4069,247:4369,248:4224,249:4347,250:4007,251:4188,252:4197,253:4009,254:4281,255:4187,256:3989,257:4096,258:3994,259:3953,260:4269,261:4248,262:4196,263:4016,264:4039,265:3981,266:4091,267:3891,268:4141,269:4182,270:4087,271:4129,272:4162,273:4082,274:3781,275:4073,276:4127,277:3837,278:3839,279:3834,280:3848,281:3887,282:3783,283:3789,284:3825,285:3806,286:3703,287:3977,288:3905,289:3639,290:3945,291:3614,292:3652,293:3922,294:3752,295:3665,296:3794,297:3766,298:3575,299:3575,300:3662,301:3586,302:3646,303:3555,304:3612,305:3875,306:3749,307:3887,308:3563,309:3604,310:3627,311:3797,312:3720,313:3870,314:3715,315:3542,316:3549,317:3526,318:3592,319:3712,320:3810,321:3618,322:3575,323:3680,324:3867,325:3549,326:3559,327:3629,328:3923,329:3788,330:3707,331:3914,332:3597,333:3658,334:3887,335:3785,336:3732,337:3718,338:3662,339:3738,340:3861,341:3861,342:3960,343:3788,344:3682,345:3793,346:3754,347:3886,348:3905,349:3909,350:3880,351:4010,352:3895,353:4012,354:3961,355:3969,356:3895,357:3884,358:3951,359:4075
0:4171,1:4073,2:3965,3:3963,4:4200,5:4142,6:4134,7:4034,8:4106,9:4057,10:4116,11:4279,12:4321,13:4259,14:4236,15:4137,16:4179,17:4183,18:4021,19:4183,20:4017,21:4339,22:4395,23:4266,24:4034,25:4064,26:4044,27:4210,28:4062,29:4116,30:4455,31:4112,32:4081,33:4337,34:4407,35:4351,36:4236,37:4381,38:4150,39:4287,40:4312,41:4463,42:4219,43:4353,44:4202,45:4238,46:4321,47:4317,48:4257,49:4219,50:4376,51:4466,52:4273,53:4312,54:4114,55:4438,56:4133,57:4263,58:4078,59:4454,60:4189,61:4363,62:4173,63:4364,64:4297,65:4374,66:4237,67:4132,68:4385,69:4247,70:4133,71:4360,72:4364,73:4242,74:4272,75:4199,76:4324,77:4022,78:4146,79:4138,80:4023,81:3982,82:3925,83:4226,84:4249,85:3897,86:3927,87:4011,88:3894,89:3923,90:4189,91:3812,92:4133,93:3912,94:4083,95:3926,96:4011,97:3902,98:4065,99:3776,100:4044,101:3931,102:3854,103:3800,104:3667,105:3911,106:4016,107:4011,108:3838,109:3680,110:3832,111:3692,112:3845,113:3931,114:3656,115:3784,116:3684,117:3650,118:3625,119:3616,120:3829,121:3711,122:3655,123:3588,124:3768,125:3869,126:3833,127:3701,128:3709,129:3732,130:3769,131:3697,132:3799,133:3548,134:3814,135:3890,136:3518,137:3522,138:3728,139:3742,140:3569,141:3583,142:3783,143:3590,144:3835,145:3624,146:3764,147:3549,148:3732,149:3636,150:3897,151:3688,152:3628,153:3660,154:3887,155:3910,156:3778,157:3769,158:3691,159:3736,160:3617,161:3719,162:3885,163:3737,164:3929,165:4012,166:3660,167:3754,168:3969,169:3799,170:4074,171:3765,172:4012,173:3898,174:4063,175:4043,176:3836,177:3993,178:3783,179:3943,180:4172,181:4122,182:3903,183:4120,184:3870,185:4167,186:4260,187:4021,188:3989,189:3936,190:4299,191:3989,192:3932,193:4089,194:4158,195:3957,196:4334,197:4130,198:4213,199:4034,200:4323,201:4008,202:4311,203:4244,204:4365,205:4315,206:4323,207:4287,208:4276,209:4380,210:4392,211:4232,212:4070,213:4211,214:4461,215:4374,216:4289,217:4342,218:4322,219:4268,220:4096,221:4247,222:4420,223:4354,224:4202,225:4111,226:4212,227:4225,228:4486,229:4187,230:4220,231:4098,232:4472,233:4333,234:4255,235:4191,236:4463,237:4351,238:4164,239:4232,240:4355,241:4135,242:4426,243:4375,244:4315,245:4269,246:4133,247:4133,248:4077,249:4317,250:4374,251:4211,252:4051,253:4002,254:4159,255:4029,256:4233,257:4180,258:4151,259:3945,260:4143,261:4040,262:4197,263:4029,264:4049,265:4099,266:4158,267:4021,268:4039,269:4047,270:4040,271:3862,272:4091,273:3948,274:4005,275:4103,276:3924,277:4070,278:3964,279:3764,280:3882,281:3836,282:3848,283:4065,284:3951,285:3797,286:3909,287:3739,288:3661,289:3944,290:3885,291:3940,292:3984,293:3969,294:3790,295:3826,296:3596,297:3663,298:3932,299:3944,300:3871,301:3820,302:3614,303:3616,304:3736,305:3778,306:3676,307:3756,308:3820,309:3571,310:3677,311:3720,312:3747,313:3857,314:3717,315:3605,316:3646,317:3508,318:3814,319:3798,320:3739,321:3823,322:3716,323:3892,324:3808,325:3878,326:3744,327:3646,328:3779,329:3743,330:3635,331:3655,332:3731,333:3754,334:3678,335:3666,336:3599,337:3914,338:3853,339:3881,340:3800,341:3804,342:3932,343:3799,344:3819,345:4010,346:3922,347:3713,348:4071,349:3920,350:3999,351:4005,352:3740,353:3894,354:4096,355:3979,356:4039,357:3904,358:3807,359:4046
0:4058,1:4000,2:4175,3:3838,4:3900,5:4231,6:3960,7:4220,8:4218,9:4242,10:4078,11:4188,12:3986,13:4146,14:4261,15:4326,16:4022,17:4030,18:4337,19:4301,20:4322,21:4210,22:4160,23:4229,24:4129,25:4032,26:4240,27:4095,28:4290,29:4337,30:4413,31:4210,32:4442,33:4436,34:4329,35:4355,36:4160,37:4292,38:4355,39:4356,40:4188,41:4233,42:4463,43:4474,44:4225,45:4206,46:4484,47:4478,48:4307,49:4258,50:4279,51:4378,52:4223,53:4214,54:4357,55:4127,56:4128,57:4449,58:4435,59:4071,60:4243,61:4270,62:4354,63:4379,64:4434,65:4129,66:4363,67:4404,68:4268,69:4317,70:4045,71:4325,72:4239,73:4309,74:4072,75:4181,76:4312,77:4119,78:4234,79:4138,80:4180,81:4112,82:4129,83:4186,84:4206,85:4057,86:3999,87:4069,88:4180,89:4107,90:3939,91:3795,92:3914,93:4036,94:4105,95:3787,96:3760,97:3751,98:3985,99:4053,100:3994,101:4004,102:3819,103:4040,104:3819,105:3747,106:3912,107:3900,108:3835,109:3921,110:3902,111:3661,112:3727,113:3658,114:3792,115:3716,116:3730,117:3782,118:3561,119:3759,120:3541,121:3705,122:3855,123:3923,124:3666,125:3532,126:3623,127:3804,128:3812,129:3817,130:3565,131:3844,132:3726,133:3573,134:3746,135:3604,136:3508,137:3794,138:3566,139:3503,140:3611,141:3510,142:3754,143:3617,144:3632,145:3908,146:3533,147:3611,148:3634,149:3574,150:3639,151:3723,152:3710,153:3700,154:3702,155:3702,156:3699,157:3971,158:3732,159:3995,160:3755,161:3751,162:3892,163:4007,164:3944,165:3928,166:3857,167:3840,168:4019,169:3972,170:3962,171:4035,172:3882,173:4074,174:4061,175:4016,176:3915,177:4135,178:3788,179:3868,180:3805,181:3817,182:3855,183:4098,184:3986,185:4117,186:4120,187:4083,188:3927,189:4100,190:3942,191:4161,192:4067,193:4174,194:4274,195:4233,196:4008,197:4054,198:4143,199:4331,200:4326,201:4379,202:4167,203:4217,204:4161,205:4371,206:4251,207:4112,208:4203,209:4229,210:4311,211:4393,212:4267,213:4325,214:4389,215:4427,216:4092,217:4409,218:4219,219:4224,220:4381,221:4492,222:4408,223:4099,224:4308,225:4428,226:4345,227:4209,228:4317,229:4324,230:4129,231:4099,232:4097,233:4191,234:4403,235:4435,236:4470,237:4156,238:4272,239:4128,240:4117,241:4329,242:4277,243:4191,244:4095,245:4091,246:4320,247:4236,248:4383,249:4070,250:4211,251:4303,252:4184,253:4174,254:4108,255:4129,256:4236,257:4120,258:3984,259:4244,260:3959,261:4054,262:4227,263:4100,264:3927,265:3877,266:3973,267:4083,268:4147,269:3927,270:4154,271:4120,272:3978,273:4078,274:3940,275:4132,276:4117,277:4068,278:3724,279:3842,280:3838,281:3751,282:3795,283:3875,284:3836,285:3766,286:3915,287:3868,288:3849,289:3708,290:3664,291:3672,292:3659,293:3677,294:3962,295:3901,296:3808,297:3658,298:3813,299:3572,300:3855,301:3545,302:3793,303:3548,304:3609,305:3562,306:3707,307:3887,308:3824,309:3524,310:3550,311:3882,312:3704,313:3563,314:3581,315:3625,316:3855,317:3712,318:3630,319:3522,320:3685,321:3687,322:3515,323:3892,324:3727,325:3718,326:3618,327:3686,328:3853,329:3740,330:3659,331:3854,332:3883,333:3764,334:3845,335:3840,336:3818,337:3630,338:3848,339:3797,340:3823,341:3709,342:3659,343:3856,344:3761,345:3936,346:3852,347:3974,348:3861,349:3720,350:3770,351:4084,352:3741,353:3922,354:4047,355:3953,356:4067,357:4030,358:3831,359:4103
0:4106,1:3887,2:3878,3:3977,4:4084,5:4017,6:4053,7:4037,8:4112,9:4265,10:4206,11:3913,12:4172,13:4018,14:4226,15:4028,16:4023,17:3995,18:4164,19:4148,20:4155,21:4305,22:4225,23:4266,24:4311,25:4298,26:4192,27:4085,28:4083,29:4203,30:4360,31:4417,32:4122,33:4103,34:4216,35:4354,36:4436,37:4338,38:4270,39:4269,40:4289,41:4464,42:4452,43:4425,44:4196,45:4243,46:4284,47:4124,48:4330,49:4409,50:4258,51:4212,52:4408,53:4469,54:4233,55:4131,56:4363,57:4375,58:4140,59:4136,60:4349,61:4322,62:4123,63:4048,64:4229,65:4133,66:4260,67:4252,68:4264,69:4349,70:4226,71:4132,72:4108,73:4055,74:4341,75:4223,76:4076,77:4322,78:4143,79:4304,80:4005,81:3936,82:4223,83:4063,84:3981,85:3901,86:3995,87:3842,88:3996,89:3951,90:4170,91:3901,92:3877,93:3960,94:3931,95:3919,96:3861,97:3731,98:4114,99:3767,100:3857,101:3719,102:3903,103:3962,104:3823,105:4038,106:4005,107:3990,108:3646,109:3772,110:3800,111:3608,112:3602,113:3659,114:3581,115:3873,116:3839,117:3677,118:3742,119:3837,120:3836,121:3883,122:3810,123:3641,124:3783,125:3561,126:3808,127:3781,128:3691,129:3707,130:3524,131:3650,132:3537,133:3863,134:3618,135:3712,136:3536,137:3529,138:3661,139:3719,140:3656,141:3615,142:3561,143:3674,144:3751,145:3597,146:3855,147:3775,148:3642,149:3632,150:3839,151:3908,152:3796,153:3912,154:3951,155:3879,156:3900,157:3891,158:3771,159:3701,160:3858,161:3959,162:3859,163:3968,164:3838,165:3706,166:3999,167:3923,168:3915,169:3984,170:4075,171:3857,172:4020,173:3822,174:3901,175:3866,176:4142,177:3839,178:3915,179:4023,180:4043,181:4124,182:3827,183:4154,184:4022,185:3959,186:3925,187:4171,188:4028,189:4130,190:4144,191:4174,192:4125,193:4097,194:4139,195:4027,196:3972,197:3979,198:4195,199:3994,200:4031,201:4074,202:4123,203:4213,204:4104,205:4198,206:4215,207:4410,208:4319,209:4343,210:4305,211:4267,212:4329,213:4299,214:4126,215:4453,216:4334,217:4247,218:4432,219:4380,220:4172,221:4396,222:4406,223:4439,224:4157,225:4315,226:4241,227:4175,228:4105,229:4190,230:4481,231:4426,232:4209,233:4428,234:4269,235:4131,236:4273,237:4462,238:4205,239:4255,240:4401,241:4334,242:4184,243:4230,244:4354,245:4267,246:4210,247:4328,248:4194,249:4123,250:4059,251:4127,252:4125,253:4333,254:4002,255:4293,256:4200,257:4285,258:4082,259:4111,260:4028,261:4184,262:3899,263:3979,264:3883,265:4000,266:4161,267:4213,268:3917,269:4090,270:4040,271:3957,272:3912,273:3807,274:3925,275:3988,276:3746,277:3907,278:3810,279:4036,280:3987,281:3775,282:3685,283:4046,284:4021,285:4016,286:3836,287:3696,288:3834,289:3901,290:3987,291:3910,292:3956,293:3942,294:3856,295:3601,296:3893,297:3822,298:3789,299:3876,300:3933,301:3552,302:3724,303:3527,304:3872,305:3576,306:3712,307:3513,308:3596,309:3746,310:3574,311:3512,312:3898,313:3857,314:3732,315:3681,316:3627,317:3528,318:3877,319:3813,320:3725,321:3597,322:3594,323:3882,324:3859,325:3598,326:3685,327:3674,328:3789,329:3568,330:3772,331:3898,332:3650,333:3879,334:3952,335:3782,336:3772,337:3691,338:3972,339:3701,340:3727,341:3740,342:3917,343:3747,344:3880,345:3998,346:3744,347:3839,348:3830,349:3874,350:3720,351:3763,352:3937,353:3858,354:3740,355:3966,356:4092,357:4119,358:4111,359:4025
0:4096,1:4016,2:3939,3:4128,4:3896,5:4240,6:4063,7:3977,8:4081,9:4015,10:4063,11:4307,12:4063,13:4015,14:4207,15:4160,16:4162,17:4225,18:4224,19:4091,20:4057,21:4253,22:4337,23:4060,24:4178,25:4258,26:4110,27:4424,28:4101,29:4408,30:4155,31:4306,32:4094,33:4118,34:4321,35:4363,36:4417,37:4314,38:4233,39:4223,40:4284,41:4460,42:4455,43:4466,44:4105,45:4330,46:4497,47:4227,48:4231,49:4335,50:4380,51:4139,52:4348,53:4277,54:4253,55:4082,56:4156,57:4119,58:4070,59:4173,60:4296,61:4143,62:4365,63:4043,64:4435,65:4248,66:4290,67:4061,68:4087,69:4317,70:4025,71:4276,72:4029,73:4054,74:4013,75:4152,76:4136,77:3948,78:4199,79:4111,80:3925,81:4032,82:3966,83:3966,84:3980,85:4096,86:4190,87:4167,88:4211,89:3927,90:3919,91:3850,92:4095,93:4036,94:3861,95:4105,96:3860,97:3833,98:4087,99:3768,100:3845,101:4012,102:3736,103:3750,104:3728,105:3936,106:4008,107:3684,108:3783,109:3708,110:3758,111:3727,112:3732,113:3925,114:3614,115:3812,116:3680,117:3855,118:3951,119:3744,120:3741,121:3920,122:3698,123:3806,124:3535,125:3754,126:3531,127:3588,128:3684,129:3584,130:3877,131:3679,132:3838,133:3617,134:3660,135:3839,136:3605,137:3581,138:3808,139:3872,140:3567,141:3655,142:3651,143:3802,144:3859,145:3540,146:3695,147:3582,148:3656,149:3569,150:3746,151:3902,152:3831,153:3829,154:3596,155:3884,156:3663,157:3965,158:3764,159:3674,160:3916,161:3969,162:3650,163:3807,164:3959,165:3749,166:3756,167:4008,168:4074,169:3977,170:3976,171:3830,172:4094,173:3803,174:4085,175:4145,176:3912,177:4130,178:4162,179:3923,180:3832,181:3870,182:4013,183:4019,184:3982,185:3891,186:4181,187:4135,188:3900,189:4234,190:3938,191:4041,192:4256,193:4325,194:4339,195:4319,196:4061,197:4054,198:4169,199:4030,200:4100,201:4117,202:4132,203:4092,204:4366,205:4235,206:4181,207:4432,208:4220,209:4416,210:4063,211:4409,212:4222,213:4290,214:4227,215:4464,216:4473,217:4094,218:4304,219:4156,220:4379,221:4221,222:4348,223:4390,224:4342,225:4196,226:4307,227:4428,228:4148,229:4316,230:4205,231:4249,232:4382,233:4475,234:4311,235:4120,236:4266,237:4116,238:4310,239:4126,240:4221,241:4258,242:4344,243:4097,244:4115,245:4210,246:4104,247:4018,248:4407,249:4139,250:4165,251:4374,252:4055,253:4071,254:4147,255:4253,256:4112,257:4083,258:4054,259:4061,260:3996,261:3967,262:4224,263:4001,264:4040,265:3995,266:4032,267:3988,268:3888,269:3846,270:4010,271:3940,272:4151,273:3970,274:3986,275:3810,276:3778,277:3823,278:4098,279:3871,280:4047,281:3980,282:3980,283:3880,284:4049,285:3737,286:3837,287:4026,288:3845,289:3693,290:3858,291:3842,292:3724,293:3903,294:3850,295:3854,296:3604,297:3786,298:3815,299:3844,300:3857,301:3893,302:3800,303:3689,304:3877,305:3886,306:3642,307:3629,308:3683,309:3593,310:3869,311:3734,312:3782,313:3760,314:3641,315:3562,316:3738,317:3551,318:3755,319:3880,320:3579,321:3518,322:3633,323:3907,324:3598,325:3901,326:3746,327:3551,328:3730,329:3863,330:3598,331:3792,332:3611,333:3752,334:3816,335:3820,336:3711,337:3922,338:3892,339:3806,340:3996,341:3960,342:3972,343:3644,344:3988,345:3935,346:3664,347:3790,348:3719,349:4046,350:4096,351:3848,352:3866,353:3762,354:3964,355:4085,356:3996,357:3905,358:3782,359:3793
0:4070,1:3956,2:4003,3:4208,4:3966,5:3905,6:3996,7:4135,8:4213,9:4086,10:3970,11:4055,12:4263,13:4278,14:3991,15:4100,16:4177,17:4085,18:4096,19:4241,20:4390,21:4241,22:4049,23:4107,24:4280,25:4087,26:4233,27:4364,28:4312,29:4200,30:4094,31:4107,32:4119,33:4381,34:4261,35:4448,36:4321,37:4156,38:4473,39:4094,40:4184,41:4159,42:4262,43:4463,44:4295,45:4324,46:4372,47:4391,48:4152,49:4214,50:4409,51:4156,52:4259,53:4225,54:4092,55:4300,56:4182,57:4109,58:4289,59:4168,60:4267,61:4178,62:4103,63:4409,64:4341,65:4341,66:4222,67:4382,68:4154,69:4084,70:4222,71:4090,72:4208,73:4013,74:4264,75:4066,76:4159,77:4130,78:3928,79:3964,80:3986,81:4277,82:3952,83:4148,84:4241,85:3939,86:4104,87:4129,88:3826,89:3912,90:3833,91:4074,92:4069,93:3893,94:4076,95:3947,96:4092,97:4031,98:3743,99:3918,100:3999,101:4023,102:3873,103:4003,104:4015,105:3903,106:3698,107:3841,108:3824,109:3817,110:3999,111:3849,112:3895,113:3923,114:3959,115:3764,116:3702,117:3900,118:3899,119:3878,120:3763,121:3739,122:3735,123:3913,124:3864,125:3788,126:3823,127:3829,128:3906,129:3678,130:3721,131:3831,132:3764,133:3861,134:3552,135:3643,136:3525,137:3846,138:3800,139:3888,140:3741,141:3713,142:3688,143:3790,144:3794,145:3811,146:3734,147:3745,148:3697,149:3839,150:3842,151:3739,152:3724,153:3586,154:3760,155:3940,156:3669,157:3652,158:3794,159:3660,160:3930,161:3935,162:3948,163:3954,164:3746,165:3898,166:3901,167:4003,168:3878,169:3974,170:4092,171:3909,172:3858,173:3994,174:3947,175:3796,176:4115,177:4065,178:3794,179:4115,180:4111,181:3946,182:4142,183:3913,184:4149,185:3869,186:3924,187:4155,188:4038,189:4215,190:4021,191:4230,192:4147,193:4156,194:4265,195:4264,196:4224,197:4198,198:4126,199:4114,200:4237,201:4127,202:4318,203:4344,204:4409,205:4045,206:4144,207:4196,208:4179,209:4268,210:4184,211:4358,212:4115,213:4120,214:4288,215:4198,216:4213,217:4368,218:4202,219:4224,220:4490,221:4365,222:4439,223:4489,224:4198,225:4118,226:4315,227:4337,228:4479,229:4335,230:4141,231:4362,232:4473,233:4398,234:4392,235:4277,236:4366,237:4433,238:4408,239:4363,240:4222,241:4320,242:4435,243:4440,244:4236,245:4222,246:4041,247:4390,248:4308,249:4380,250:4292,251:4100,252:4319,253:4341,254:4270,255:4093,256:4165,257:4060,258:4173,259:4065,260:3943,261:4183,262:4065,263:4262,264:4203,265:4149,266:4056,267:4221,268:4004,269:4060,270:3914,271:3988,272:4094,273:3885,274:4027,275:4081,276:3997,277:3988,278:3772,279:4095,280:3772,281:4009,282:3834,283:3964,284:3785,285:3793,286:3834,287:3690,288:3878,289:3788,290:3816,291:3888,292:3740,293:3943,294:3684,295:3885,296:3775,297:3558,298:3851,299:3569,300:3586,301:3898,302:3611,303:3768,304:3733,305:3760,306:3708,307:3906,308:3850,309:3906,310:3780,311:3881,312:3709,313:3509,314:3718,315:3580,316:3559,317:3515,318:3695,319:3733,320:3763,321:3588,322:3817,323:3843,324:3763,325:3850,326:3791,327:3852,328:3646,329:3667,330:3745,331:3605,332:3908,333:3596,334:3786,335:3601,336:3774,337:3613,338:3795,339:3826,340:3710,341:3688,342:4004,343:3944,344:3847,345:3791,346:3666,347:3674,348:4012,349:4086,350:3723,351:3942,352:3897,353:3841,354:3813,355:4132,356:3802,357:3991,358:4103,359:4122
0:4133,1:3833,2:4077,3:3902,4:3989,5:3880,6:3924,7:4059,8:4205,9:3946,10:3957,11:4223,12:4115,13:4172,14:4192,15:4256,16:4014,17:4326,18:4189,19:4371,20:4313,21:4317,22:4158,23:4208,24:4351,25:4057,26:4311,27:4254,28:4442,29:4447,30:4219,31:4157,32:4336,33:4299,34:4142,35:4297,36:4209,37:4247,38:4445,39:4269,40:4235,41:4454,42:4269,43:4203,44:4176,45:4131,46:4192,47:4228,48:4476,49:4281,50:4381,51:4246,52:4129,53:4289,54:4405,55:4370,56:4477,57:4143,58:4397,59:4261,60:4211,61:4424,62:4359,63:4381,64:4111,65:4342,66:4407,67:4018,68:4065,69:4284,70:4264,71:4184,72:4018,73:4020,74:4149,75:4202,76:4039,77:4047,78:4213,79:4301,80:4231,81:4036,82:4273,83:4162,84:3930,85:4120,86:4208,87:3915,88:4142,89:4032,90:4021,91:4116,92:3969,93:3845,94:4025,95:4114,96:3972,97:3894,98:3957,99:4001,100:3967,101:4008,102:3824,103:3797,104:3734,105:3720,106:3999,107:3856,108:4006,109:3776,110:3750,111:3978,112:3610,113:3919,114:3844,115:3621,116:3879,117:3717,118:3910,119:3866,120:3567,121:3762,122:3538,123:3609,124:3840,125:3818,126:3841,127:3638,128:3675,129:3591,130:3764,131:3750,132:3838,133:3782,134:3574,135:3524,136:3761,137:3657,138:3864,139:3719,140:3871,141:3845,142:3569,143:3592,144:3626,145:3685,146:3756,147:3558,148:3745,149:3558,150:3827,151:3806,152:3651,153:3705,154:3940,155:3582,156:3865,157:3778,158:3690,159:3916,160:3984,161:3753,162:3814,163:3881,164:3853,165:3854,166:3701,167:3987,168:3999,169:4060,170:3838,171:3878,172:3937,173:3955,174:3981,175:4120,176:4097,177:4032,178:3801,179:3925,180:3818,181:4139,182:3989,183:3910,184:4041,185:3892,186:4085,187:4133,188:4073,189:4260,190:4301,191:4027,192:4115,193:4297,194:4310,195:4266,196:4248,197:4245,198:4241,199:4283,200:4027,201:4298,202:4200,203:4347,204:4133,205:4319,206:4255,207:4403,208:4107,209:4415,210:4064,211:4150,212:4407,213:4271,214:4221,215:4360,216:4385,217:4248,218:4427,219:4183,220:4435,221:4141,222:4371,223:4272,224:4254,225:4194,226:4387,227:4122,228:4347,229:4297,230:4202,231:4241,232:4256,233:4459,234:4336,235:4140,236:4248,237:4422,238:4436,239:4399,240:4458,241:4109,242:4247,243:4418,244:4139,245:4174,246:4348,247:4232,248:4012,249:4357,250:4285,251:4221,252:4232,253:4147,254:4018,255:4086,256:4304,257:4122,258:4165,259:4152,260:4068,261:3953,262:4058,263:4252,264:3973,265:4192,266:4087,267:4112,268:3885,269:4092,270:3818,271:3852,272:4155,273:4049,274:3885,275:4045,276:3994,277:4029,278:3892,279:3853,280:3818,281:3815,282:3679,283:3717,284:4005,285:3709,286:3911,287:3785,288:3828,289:3826,290:3694,291:3944,292:3727,293:3923,294:3950,295:3591,296:3893,297:3616,298:3569,299:3641,300:3632,301:3681,302:3627,303:3549,304:3575,305:3753,306:3893,307:3615,308:3837,309:3804,310:3731,311:3741,312:3713,313:3723,314:3584,315:3517,316:3551,317:3567,318:3609,319:3844,320:3785,321:3595,322:3609,323:3534,324:3824,325:3558,326:3726,327:3816,328:3622,329:3801,330:3669,331:3724,332:3896,333:3903,334:3919,335:3670,336:3803,337:3817,338:3631,339:3614,340:3989,341:3684,342:3942,343:4021,344:3875,345:3991,346:3964,347:3780,348:3811,349:4077,350:3934,351:3883,352:3879,353:4032,354:4079,355:3817,356:4114,357:4064,358:3908,359:4005
0:3834,1:4048,2:4069,3:3864,4:4012,5:3952,6:4200,7:4162,8:3952,9:4168,10:4198,11:4240,12:4217,13:4037,14:3956,15:4213,16:4265,17:4346,18:4099,19:4049,20:4177,21:4278,22:4241,23:4085,24:4119,25:4281,26:4105,27:4074,28:4399,29:4284,30:4429,31:4222,32:4124,33:4207,34:4105,35:4355,36:4095,37:4206,38:4099,39:4123,40:4364,41:4414,42:4287,43:4146,44:4229,45:4198,46:4291,47:4477,48:4416,49:4245,50:4463,51:4448,52:4312,53:4112,54:4218,55:4383,56:4454,57:4074,58:4163,59:4241,60:4331,61:4307,62:4284,63:4372,64:4394,65:4141,66:4400,67:4069,68:4266,69:4279,70:4137,71:4347,72:4189,73:4308,74:3967,75:4094,76:4010,77:4099,78:4082,79:4289,80:4265,81:4223,82:3975,83:3917,84:4183,85:4234,86:4058,87:4053,88:4001,89:4151,90:3854,91:4042,92:4172,93:4017,94:3947,95:4105,96:4060,97:3801,98:3859,99:3762,100:3734,101:4064,102:3858,103:3829,104:3761,105:3990,106:3711,107:3828,108:3899,109:3778,110:3727,111:3967,112:3610,113:3603,114:3883,115:3851,116:3863,117:3865,118:3642,119:3565,120:3698,121:3586,122:3645,123:3754,124:3780,125:3751,126:3558,127:3908,128:3660,129:3675,130:3507,131:3539,132:3831,133:3779,134:3731,135:3709,136:3588,137:3555,138:3756,139:3538,140:3528,141:3580,142:3640,143:3906,144:3763,145:3651,146:3633,147:3780,148:3671,149:3790,150:3623,151:3873,152:3666,153:3601,154:3907,155:3752,156:3698,157:3975,158:3595,159:3704,160:3805,161:3947,162:3831,163:3866,164:4036,165:3972,166:3710,167:4020,168:3755,169:4051,170:3825,171:3800,172:3878,173:3943,174:3804,175:3802,176:3839,177:3868,178:3876,179:3869,180:3993,181:3929,182:3996,183:4230,184:4010,185:4064,186:4076,187:3958,188:4007,189:4254,190:3964,191:4064,192:3949,193:4035,194:4155,195:4192,196:4097,197:4100,198:4235,199:4271,200:4199,201:4378,202:4366,203:4363,204:4374,205:4034,206:4196,207:4205,208:4235,209:4114,210:4341,211:4066,212:4098,213:4258,214:4345,215:4253,216:4385,217:4466,218:4274,219:4364,220:4158,221:4156,222:4325,223:4341,224:4369,225:4243,226:4433,227:4119,228:4131,229:4455,230:4453,231:4329,232:4403,233:4481,234:4109,235:4311,236:4245,237:4294,238:4087,239:4284,240:4245,241:4252,242:4283,243:4352,244:4232,245:4332,246:4420,247:4074,248:4034,249:4278,250:4181,251:4055,252:4035,253:3974,254:4012,255:4226,256:4162,257:4029,258:4030,259:4211,260:4075,261:4105,262:3977,263:4212,264:4218,265:4232,266:4228,267:4139,268:3913,269:3970,270:4174,271:3912,272:3823,273:4046,274:4073,275:3949,276:4065,277:3910,278:3876,279:3979,280:3873,281:3771,282:4040,283:3754,284:3727,285:3667,286:3747,287:4019,288:3700,289:3760,290:3988,291:3885,292:3744,293:3842,294:3802,295:3880,296:3844,297:3639,298:3874,299:3581,300:3909,301:3684,302:3917,303:3881,304:3570,305:3628,306:3657,307:3598,308:3750,309:3515,310:3822,311:3616,312:3860,313:3718,314:3648,315:3687,316:3677,317:3793,318:3562,319:3598,320:3508,321:3793,322:3606,323:3892,324:3680,325:3677,326:3807,327:3528,328:3755,329:3577,330:3622,331:3684,332:3654,333:3832,334:3626,335:3614,336:3944,337:3604,338:3592,339:3674,340:3957,341:3690,342:3732,343:3890,344:3771,345:4044,346:3916,347:3739,348:3907,349:4029,350:3961,351:3880,352:3980,353:3938,354:3756,355:3937,356:3890,357:4043,358:3996,359:4123
0:4009,1:4129,2:4106,3:3882,4:3850,5:4240,6:3938,7:3891,8:4126,9:3992,10:4159,11:4042,12:4288,13:4047,14:4044,15:4169,16:4330,17:4315,18:4193,19:4007,20:4077,21:4318,22:4171,23:4140,24:4067,25:4229,26:4351,27:4204,28:4087,29:4162,30:4177,31:4402,32:4259,33:4424,34:4104,35:4176,36:4301,37:4322,38:4359,39:4154,40:4250,41:4119,42:4210,43:4471,44:4132,45:4242,46:4124,47:4368,48:4132,49:4221,50:4143,51:4460,52:4200,53:4429,54:4173,55:4216,56:4098,57:4280,58:4363,59:4193,60:4277,61:4345,62:4421,63:4321,64:4128,65:4119,66:4374,67:4141,68:4402,69:4338,70:4184,71:4281,72:4095,73:4216,74:4179,75:3957,76:4098,77:4243,78:4094,79:4157,80:4238,81:4068,82:4255,83:4175,84:3908,85:4089,86:3918,87:4157,88:4193,89:3994,90:4123,91:4052,92:4174,93:3953,94:3956,95:3919,96:3980,97:3916,98:3850,99:4034,100:3847,101:3698,102:3832,103:3817,104:4048,105:3970,106:3927,107:3678,108:3977,109:3681,110:3843,111:3923,112:3689,113:3875,114:3606,115:3707,116:3699,117:3680,118:3650,119:3748,120:3683,121:3683,122:3884,123:3910,124:3902,125:3593,126:3629,127:3582,128:3733,129:3780,130:3891,131:3720,132:3710,133:3824,134:3889,135:3783,136:3559,137:3536,138:3591,139:3733,140:3625,141:3735,142:3698,143:3612,144:3849,145:3847,146:3542,147:3752,148:3564,149:3799,150:3680,151:3932,152:3893,153:3839,154:3633,155:3704,156:3688,157:3880,158:3731,159:3652,160:3751,161:3999,162:3818,163:3824,164:3870,165:3941,166:3763,167:3876,168:3721,169:4020,170:3976,171:4096,172:3759,173:3768,174:3956,175:3868,176:3913,177:3829,178:3979,179:4063,180:4184,181:4169,182:4039,183:4092,184:4182,185:4205,186:4215,187:3878,188:4001,189:3982,190:4062,191:4088,192:4140,193:4303,194:4007,195:4237,196:4193,197:4233,198:4102,199:4327,200:3997,201:4143,202:4030,203:4063,204:4278,205:4382,206:4361,207:4158,208:4199,209:4152,210:4277,211:4323,212:4207,213:4335,214:4166,215:4115,216:4141,217:4405,218:4190,219:4449,220:4302,221:4483,222:4319,223:4334,224:4264,225:4189,226:4195,227:4227,228:4296,229:4289,230:4305,231:4116,232:4146,233:4347,234:4090,235:4318,236:4123,237:4351,238:4085,239:4148,240:4062,241:4264,242:4438,243:4283,244:4248,245:4062,246:4155,247:4091,248:4122,249:4084,250:4031,251:4321,252:4207,253:4192,254:4254,255:3996,256:3956,257:4057,258:3964,259:4001,260:3957,261:4003,262:4046,263:3921,264:4065,265:4089,266:4141,267:4054,268:3896,269:3827,270:3944,271:3971,272:4012,273:3773,274:4019,275:4113,276:3999,277:3911,278:3928,279:3883,280:4065,281:3973,282:3694,283:3710,284:3814,285:3810,286:3712,287:3824,288:3810,289:3861,290:3726,291:3736,292:3666,293:3938,294:3968,295:3940,296:3658,297:3763,298:3861,299:3924,300:3827,301:3545,302:3656,303:3919,304:3523,305:3683,306:3866,307:3620,308:3675,309:3646,310:3518,311:3826,312:3809,313:3658,314:3790,315:3590,316:3661,317:3568,318:3876,319:3537,320:3664,321:3746,322:3676,323:3647,324:3824,325:3890,326:3754,327:3920,328:3856,329:3592,330:3687,331:3641,332:3836,333:3757,334:3848,335:3742,336:3667,337:3586,338:3932,339:3777,340:3967,341:3999,342:4015,343:3679,344:3652,345:3897,346:3972,347:3808,348:3967,349:3795,350:3999,351:4085,352:3910,353:3803,354:3957,355:4142,356:4111,357:3964,358:3797,359:3946
0:4080,1:3966,2:4009,3:3914,4:3843,5:3954,6:4220,7:3999,8:4045,9:4233,10:3982,11:3957,12:4198,13:4035,14:4253,15:4192,16:4241,17:4244,18:4365,19:4079,20:4341,21:4088,22:4211,23:4337,24:4201,25:4075,26:4331,27:4311,28:4207,29:4242,30:4212,31:4102,32:4078,33:4469,34:4225,35:4247,36:4145,37:4179,38:4221,39:4323,40:4344,41:4354,42:4133,43:4331,44:4201,45:4317,46:4284,47:4131,48:4203,49:4316,50:4463,51:4326,52:4091,53:4111,54:4428,55:4196,56:4431,57:4221,58:4241,59:4180,60:4169,61:4387,62:4236,63:4231,64:4153,65:4234,66:4114,67:4337,68:4350,69:4194,70:4235,71:4040,72:4145,73:4305,74:4356,75:4211,76:3978,77:4026,78:4226,79:4089,80:4009,81:3918,82:3995,83:3942,84:3892,85:3854,86:3951,87:4095,88:3888,89:3919,90:3926,91:3950,92:3846,93:3791,94:3944,95:3774,96:3992,97:4058,98:4015,99:3960,100:3780,101:4068,102:3683,103:3822,104:3674,105:3908,106:4018,107:3932,108:3692,109:3764,110:3668,111:3835,112:3929,113:3585,114:3821,115:3722,116:3770,117:3813,118:3940,119:3703,120:3582,121:3559,122:3584,123:3679,124:3648,125:3552,126:3517,127:3902,128:3847,129:3655,130:3765,131:3876,132:3660,133:3626,134:3789,135:3667,136:3631,137:3830,138:3804,139:3861,140:3718,141:3800,142:3685,143:3830,144:3631,145:3611,146:3798,147:3677,148:3602,149:3779,150:3900,151:3820,152:3851,153:3880,154:3808,155:3849,156:3915,157:3980,158:3845,159:3760,160:3914,161:3927,162:3792,163:3789,164:3683,165:3860,166:3912,167:3698,168:3808,169:3957,170:4086,171:3947,172:4039,173:4017,174:3780,175:3843,176:3989,177:4042,178:3826,179:3942,180:4119,181:4083,182:4180,183:4020,184:3899,185:4088,186:4033,187:4268,188:4212,189:4183,190:4173,191:4021,192:3958,193:4206,194:4282,195:3962,196:4303,197:4050,198:3996,199:4238,200:4190,201:4033,202:4058,203:4285,204:4384,205:4151,206:4309,207:4058,208:4220,209:4399,210:4430,211:4190,212:4122,213:4146,214:4414,215:4125,216:4380,217:4101,218:4275,219:4317,220:4190,221:4270,222:4189,223:4349,224:4206,225:4365,226:4244,227:4301,228:4377,229:4345,230:4344,231:4123,232:4325,233:4320,234:4224,235:4172,236:4347,237:4142,238:4403,239:4293,240:4318,241:4304,242:4437,243:4103,244:4233,245:4246,246:4272,247:4227,248:4185,249:4170,250:4265,251:4074,252:4106,253:4159,254:4314,255:4340,256:4268,257:4321,258:4147,259:4306,260:4070,261:4270,262:4200,263:4197,264:4241,265:4180,266:4073,267:3945,268:4093,269:4102,270:4036,271:3821,272:4116,273:4128,274:4047,275:3971,276:4129,277:3833,278:3851,279:3958,280:4004,281:3722,282:3976,283:3891,284:3704,285:3950,286:3708,287:4017,288:3909,289:4000,290:3853,291:3934,292:3644,293:3946,294:3715,295:3639,296:3608,297:3709,298:3587,299:3839,300:3752,301:3689,302:3927,303:3712,304:3819,305:3636,306:3643,307:3526,308:3863,309:3751,310:3550,311:3674,312:3823,313:3525,314:3508,315:3647,316:3729,317:3524,318:3767,319:3584,320:3796,321:3599,322:3796,323:3887,324:3528,325:3769,326:3769,327:3856,328:3870,329:3637,330:3742,331:3871,332:3922,333:3676,334:3624,335:3612,336:3667,337:3878,338:3786,339:3695,340:3881,341:3824,342:4011,343:4011,344:4022,345:3772,346:3957,347:3788,348:3792,349:3792,350:3762,351:3982,352:3719,353:4025,354:4131,355:3811,356:3855,357:3822,358:4058,359:3857
0:4047,1:3855,2:4145,3:4182,4:3960,5:4097,6:4137,7:4124,8:3899,9:4252,10:4224,11:4000,12:4014,13:4056,14:4195,15:4335,16:4214,17:4147,18:4159,19:4299,20:4106,21:4002,22:4122,23:4146,24:4214,25:4150,26:4342,27:4089,28:4310,29:4106,30:4418,31:4079,32:4177,33:4408,34:4474,35:4467,36:4129,37:4199,38:4362,39:4275,40:4314,41:4211,42:4353,43:4258,44:4485,45:4275,46:4386,47:4429,48:4359,49:4385,50:4225,51:4454,52:4461,53:4318,54:4274,55:4088,56:4383,57:4463,58:4116,59:4410,60:4261,61:4287,62:4069,63:4362,64:4280,65:4272,66:4047,67:4330,68:4020,69:4231,70:4188,71:4057,72:4153,73:4224,74:4344,75:4217,76:4294,77:4144,78:4277,79:4265,80:3904,81:4170,82:4019,83:4222,84:3872,85:3940,86:4239,87:4219,88:4029,89:3938,90:4171,91:3973,92:3798,93:3940,94:4039,95:4130,96:3829,97:3854,98:3873,99:3989,100:3752,101:3700,102:3700,103:3969,104:3743,105:3717,106:3971,107:3753,108:3881,109:3625,110:3758,111:3848,112:3664,113:3904,114:3617,115:3824,116:3824,117:3567,118:3619,119:3876,120:3871,121:3893,122:3747,123:3796,124:3910,125:3847,126:3824,127:3618,128:3769,129:3696,130:3904,131:3865,132:3513,133:3765,134:3769,135:3549,136:3558,137:3889,138:3724,139:3790,140:3739,141:3515,142:3660,143:3796,144:3805,145:3678,146:3815,147:3534,148:3889,149:3809,150:3597,151:3720,152:3905,153:3941,154:3630,155:3772,156:3932,157:3947,158:3741,159:3981,160:3647,161:3757,162:3962,163:3858,164:3703,165:3726,166:3760,167:4009,168:4021,169:4029,170:3861,171:3893,172:3848,173:4115,174:3895,175:4014,176:4018,177:4061,178:4035,179:4035,180:4170,181:3897,182:3939,183:3960,184:4115,185:3935,186:4154,187:3956,188:4250,189:3929,190:4078,191:4263,192:4006,193:4116,194:4062,195:4274,196:4072,197:4088,198:4139,199:4199,200:4127,201:4073,202:4008,203:4139,204:4378,205:4295,206:4063,207:4118,208:4125,209:4451,210:4255,211:4134,212:4284,213:4346,214:4232,215:4316,216:4133,217:4372,218:4101,219:4202,220:4234,221:4135,222:4436,223:4106,224:4270,225:4218,226:4182,227:4424,228:4482,229:4446,230:4316,231:4400,232:4286,233:4333,234:4107,235:4392,236:4118,237:4122,238:4129,239:4311,240:4402,241:4405,242:4141,243:4067,244:4222,245:4203,246:4190,247:4270,248:4287,249:4377,250:4155,251:4193,252:4137,253:4246,254:4247,255:3982,256:4037,257:4244,258:4191,259:4081,260:4012,261:4119,262:4280,263:4023,264:4094,265:4017,266:3916,267:4048,268:3984,269:4093,270:3901,271:4066,272:4142,273:4157,274:3939,275:4013,276:3867,277:3729,278:3812,279:3821,280:4017,281:3865,282:3821,283:4044,284:3855,285:3852,286:3871,287:3884,288:3701,289:3806,290:3686,291:3683,292:3666,293:3798,294:3834,295:3760,296:3739,297:3591,298:3682,299:3927,300:3580,301:3547,302:3703,303:3720,304:3616,305:3849,306:3565,307:3788,308:3791,309:3607,310:3757,311:3580,312:3784,313:3724,314:3712,315:3631,316:3822,317:3826,318:3700,319:3616,320:3796,321:3745,322:3642,323:3864,324:3616,325:3605,326:3599,327:3742,328:3898,329:3789,330:3785,331:3942,332:3847,333:3766,334:3567,335:3874,336:3768,337:3864,338:3806,339:3974,340:3832,341:3918,342:3902,343:3686,344:3645,345:3658,346:3997,347:3872,348:3717,349:3928,350:3880,351:3756,352:4010,353:3909,354:4079,355:3802,356:3783,357:4162,358:4170,359:4060
0:3900,1:4076,2:4035,3:4227,4:4229,5:3892,6:4206,7:4270,8:4079,9:3943,10:4179,11:4158,12:3977,13:3952,14:4269,15:4120,16:4329,17:4213,18:4136,19:4227,20:4322,21:4123,22:4265,23:4181,24:4136,25:4042,26:4126,27:4422,28:4425,29:4254,30:4175,31:4359,32:4224,33:4102,34:4255,35:4260,36:4334,37:4133,38:4357,39:4119,40:4113,41:4358,42:4246,43:4462,44:4371,45:4241,46:4101,47:4401,48:4232,49:4305,50:4327,51:4276,52:4278,53:4302,54:4109,55:4344,56:4340,57:4452,58:4344,59:4152,60:4062,61:4357,62:4425,63:4233,64:4424,65:4227,66:4165,67:4276,68:4353,69:4042,70:4110,71:4274,72:4346,73:3988,74:4134,75:4305,76:4124,77:4143,78:4058,79:4244,80:4247,81:4145,82:3952,83:3874,84:4159,85:3957,86:4177,87:4147,88:3949,89:3912,90:3888,91:3832,92:4154,93:4047,94:3836,95:4127,96:3966,97:3914,98:3868,99:3969,100:3790,101:3735,102:3963,103:3765,104:4030,105:3695,106:3985,107:3735,108:3736,109:3880,110:3638,111:3803,112:3755,113:3743,114:3622,115:3646,116:3623,117:3693,118:3864,119:3794,120:3832,121:3787,122:3686,123:3859,124:3589,125:3653,126:3697,127:3872,128:3794,129:3577,130:3506,131:3861,132:3513,133:3734,134:3573,135:3795,136:3729,137:3821,138:3525,139:3507,140:3760,141:3673,142:3551,143:3795,144:3619,145:3580,146:3840,147:3635,148:3819,149:3828,150:3672,151:3853,152:3844,153:3626,154:3736,155:3664,156:3920,157:3750,158:3953,159:3832,160:3765,161:3909,162:3889,163:3854,164:3930,165:3986,166:4055,167:3677,168:3831,169:4086,170:3764,171:3862,172:3860,173:3930,174:3898,175:3825,176:4137,177:3774,178:3786,179:4050,180:4125,181:4097,182:4061,183:3982,184:4236,185:3950,186:4051,187:4218,188:3882,189:4195,190:3988,191:3916,192:4123,193:3961,194:4057,195:4240,196:4016,197:3982,198:4344,199:4042,200:4039,201:4154,202:4241,203:4301,204:4322,205:4262,206:4225,207:4303,208:4264,209:4305,210:4191,211:4204,212:4351,213:4421,214:4285,215:4337,216:4239,217:4267,218:4119,219:4456,220:4455,221:4229,222:4185,223:4477,224:4482,225:4217,226:4193,227:4453,228:4228,229:4416,230:4162,231:4433,232:4284,233:4299,234:4244,235:4287,236:4364,237:4376,238:4274,239:4414,240:4429,241:4150,242:4303,243:4113,244:4145,245:4202,246:4311,247:4252,248:4332,249:4227,250:4355,251:4125,252:4050,253:4157,254:4318,255:4038,256:4282,257:4138,258:4054,259:4144,260:4207,261:3942,262:3994,263:4255,264:3982,265:4230,266:3960,267:4163,268:3853,269:3849,270:3826,271:3850,272:4152,273:4092,274:3989,275:4089,276:3966,277:3860,278:4028,279:3943,280:3795,281:4038,282:3814,283:3712,284:3708,285:3716,286:3915,287:4018,288:3687,289:3984,290:3652,291:3747,292:3920,293:3895,294:3795,295:3592,296:3768,297:3940,298:3770,299:3596,300:3552,301:3666,302:3628,303:3890,304:3902,305:3593,306:3627,307:3708,308:3883,309:3516,310:3674,311:3880,312:3709,313:3776,314:3699,315:3764,316:3776,317:3717,318:3759,319:3706,320:3592,321:3725,322:3711,323:3749,324:3615,325:3710,326:3776,327:3759,328:3597,329:3750,330:3877,331:3732,332:3672,333:3629,334:3782,335:3660,336:3594,337:3910,338:3929,339:3848,340:3654,341:3792,342:3664,343:4001,344:3936,345:3863,346:3767,347:3817,348:3784,349:3731,350:3817,351:3722,352:3792,353:3882,354:3999,355:3892,356:4037,357:3827,358:4093,359:4175
0:3930,1:4012,2:3896,3:3998,4:3930,5:4044,6:4143,7:4175,8:4257,9:4201,10:3959,11:4209,12:4142,13:4007,14:4299,15:4166,16:4202,17:4226,18:4360,19:4312,20:4271,21:4245,22:4322,23:4229,24:4386,25:4345,26:4305,27:4389,28:4048,29:4127,30:4398,31:4230,32:4216,33:4077,34:4433,35:4284,36:4146,37:4255,38:4194,39:4230,40:4170,41:4228,42:4452,43:4165,44:4112,45:4481,46:4123,47:4115,48:4385,49:4231,50:4208,51:4229,52:4216,53:4198,54:4224,55:4221,56:4090,57:4216,58:4292,59:4212,60:4383,61:4399,62:4071,63:4167,64:4208,65:4057,66:4252,67:4338,68:4093,69:4282,70:4170,71:4260,72:4311,73:4186,74:4126,75:4182,76:4158,77:4047,78:4215,79:3939,80:4188,81:4078,82:4211,83:4266,84:4122,85:3969,86:4005,87:3886,88:3904,89:4013,90:4129,91:3939,92:4080,93:4121,94:3942,95:3861,96:3851,97:3771,98:4031,99:3772,100:3822,101:3709,102:3974,103:3924,104:3835,105:3947,106:3910,107:3689,108:3666,109:3816,110:3927,111:3985,112:3912,113:3616,114:3789,115:3879,116:3634,117:3924,118:3870,119:3756,120:3797,121:3733,122:3724,123:3859,124:3798,125:3810,126:3815,127:3614,128:3674,129:3793,130:3773,131:3518,132:3534,133:3851,134:3852,135:3761,136:3722,137:3512,138:3695,139:3804,140:3805,141:3772,142:3767,143:3800,144:3645,145:3805,146:3772,147:3580,148:3810,149:3920,150:3580,151:3914,152:3676,153:3590,154:3902,155:3866,156:3818,157:3734,158:3743,159:3965,160:3849,161:3643,162:3737,163:3966,164:3952,165:3964,166:3828,167:3870,168:3920,169:4021,170:3869,171:3855,172:3801,173:3783,174:3844,175:3957,176:3891,177:4077,178:4053,179:3794,180:4052,181:3874,182:4026,183:4094,184:4206,185:4038,186:4053,187:4228,188:4162,189:4286,190:3995,191:4138,192:3980,193:4194,194:3954,195:4048,196:4265,197:4210,198:4145,199:4225,200:4048,201:4197,202:4327,203:4405,204:4285,205:4133,206:4435,207:4333,208:4086,209:4428,210:4106,211:4174,212:4230,213:4225,214:4334,215:4158,216:4452,217:4359,218:4311,219:4200,220:4488,221:4406,222:4120,223:4342,224:4435,225:4382,226:4244,227:4371,228:4424,229:4157,230:4220,231:4110,232:4119,233:4379,234:4315,235:4374,236:4311,237:4162,238:4323,239:4173,240:4437,241:4348,242:4302,243:4212,244:4078,245:4180,246:4323,247:4117,248:4140,249:4196,250:4139,251:4131,252:4208,253:4193,254:4188,255:4307,256:4174,257:4189,258:4002,259:4036,260:4239,261:4075,262:4053,263:3931,264:4098,265:3873,266:4215,267:3910,268:3980,269:4027,270:3951,271:3988,272:3866,273:4098,274:3872,275:4030,276:3965,277:3990,278:3832,279:3897,280:4000,281:3924,282:3843,283:3729,284:3770,285:3697,286:3970,287:3961,288:3894,289:3620,290:3949,291:3640,292:3726,293:3617,294:3583,295:3861,296:3958,297:3795,298:3619,299:3603,300:3851,301:3736,302:3749,303:3830,304:3889,305:3605,306:3544,307:3765,308:3874,309:3552,310:3692,311:3509,312:3584,313:3602,314:3786,315:3774,316:3588,317:3741,318:3853,319:3802,320:3767,321:3686,322:3675,323:3562,324:3714,325:3653,326:3780,327:3712,328:3768,329:3545,330:3828,331:3731,332:3648,333:3779,334:3682,335:3702,336:3637,337:3980,338:3618,339:3837,340:3969,341:3979,342:3974,343:3784,344:3842,345:3785,346:3897,347:3810,348:3931,349:4059,350:3906,351:3896,352:4091,353:4055,354:4120,355:4047,356:3990,357:3849,358:3998,359:4101
0:4096,1:4068,2:4033,3:4218,4:4065,5:4153,6:3959,7:3876,8:4060,9:4182,10:4098,11:3976,12:4034,13:4181,14:4190,15:4102,16:4075,17:4316,18:4348,19:4317,20:4005,21:4294,22:4049,23:4230,24:4377,25:4345,26:4154,27:4193,28:4363,29:4206,30:4224,31:4140,32:4279,33:4276,34:4373,35:4331,36:4184,37:4103,38:4160,39:4194,40:4478,41:4315,42:4255,43:4474,44:4215,45:4247,46:4411,47:4167,48:4259,49:4269,50:4198,51:4411,52:4147,53:4283,54:4436,55:4476,56:4307,57:4118,58:4187,59:4257,60:4433,61:4300,62:4349,63:4373,64:4344,65:4031,66:4270,67:4302,68:4286,69:4072,70:4296,71:4071,72:4052,73:4127,74:4292,75:4117,76:4168,77:4257,78:4142,79:3993,80:4282,81:4017,82:4124,83:4146,84:4079,85:4174,86:4024,87:4078,88:4218,89:3842,90:4025,91:4155,92:3904,93:3791,94:4106,95:4004,96:4103,97:4015,98:3940,99:3882,100:3794,101:3855,102:3793,103:3812,104:3839,105:3992,106:3917,107:3925,108:3909,109:3881,110:3815,111:3795,112:3830,113:3836,114:3973,115:3580,116:3790,117:3877,118:3776,119:3801,120:3835,121:3805,122:3615,123:3700,124:3903,125:3648,126:3836,127:3876,128:3711,129:3677,130:3619,131:3596,132:3627,133:3769,134:3576,135:3703,136:3750,137:3854,138:3603,139:3682,140:3790,141:3737,142:3627,143:3739,144:3638,145:3519,146:3547,147:3541,148:3783,149:3741,150:3792,151:3724,152:3736,153:3709,154:3687,155:3737,156:3801,157:3911,158:3890,159:3643,160:3906,161:3882,162:3844,163:3650,164:3828,165:3658,166:3847,167:3862,168:4046,169:3923,170:3927,171:3809,172:3810,173:3763,174:3816,175:3906,176:4134,177:4116,178:4046,179:3975,180:4081,181:4166,182:3998,183:3907,184:4196,185:3955,186:3982,187:3911,188:3888,189:4114,190:3922,191:4054,192:3951,193:4031,194:4192,195:4318,196:4289,197:4120,198:4108,199:4228,200:4045,201:4283,202:4204,203:4173,204:4346,205:4255,206:4400,207:4324,208:4332,209:4125,210:4411,211:4167,212:4331,213:4429,214:4234,215:4263,216:4450,217:4313,218:4123,219:4136,220:4370,221:4189,222:4434,223:4223,224:4165,225:4235,226:4107,227:4225,228:4143,229:4481,230:4259,231:4355,232:4387,233:4446,234:4224,235:4238,236:4112,237:4087,238:4190,239:4462,240:4088,241:4317,242:4128,243:4431,244:4401,245:4064,246:4213,247:4181,248:4317,249:4132,250:4038,251:4384,252:4101,253:4226,254:4023,255:4323,256:4137,257:4045,258:4128,259:4174,260:3933,261:4136,262:3991,263:4126,264:4129,265:4072,266:4174,267:4087,268:4165,269:4147,270:4180,271:3976,272:4100,273:4159,274:3947,275:4065,276:3847,277:3746,278:4064,279:3986,280:3889,281:3878,282:3952,283:3983,284:3760,285:3834,286:3846,287:3844,288:3898,289:3863,290:3796,291:3951,292:3609,293:3598,294:3646,295:3732,296:3628,297:3903,298:3768,299:3872,300:3868,301:3681,302:3820,303:3664,304:3628,305:3735,306:3825,307:3805,308:3772,309:3727,310:3845,311:3856,312:3642,313:3764,314:3667,315:3847,316:3574,317:3862,318:3521,319:3841,320:3560,321:3680,322:3651,323:3681,324:3805,325:3913,326:3921,327:3625,328:3741,329:3724,330:3929,331:3710,332:3846,333:3769,334:3946,335:3851,336:3669,337:3831,338:3670,339:3806,340:3858,341:3746,342:3957,343:3764,344:3742,345:3963,346:3928,347:3937,348:3836,349:3952,350:3846,351:4017,352:4017,353:3744,354:4062,355:4067,356:3903,357:3831,358:3841,359:3937
0:3909,1:4067,2:4005,3:4002,4:4091,5:3924,6:4166,7:4226,8:3990,9:4076,10:4291,11:4125,12:4237,13:4146,14:3963,15:4166,16:4042,17:4021,18:4375,19:4335,20:4194,21:4217,22:4379,23:4133,24:4281,25:4167,26:4283,27:4319,28:4237,29:4205,30:4199,31:4181,32:4362,33:4430,34:4200,35:4151,36:4390,37:4300,38:4312,39:4443,40:4332,41:4155,42:4467,43:4410,44:4168,45:4479,46:4491,47:4132,48:4485,49:4389,50:4213,51:4407,52:4093,53:4345,54:4298,55:4179,56:4172,57:4391,58:4094,59:4313,60:4454,61:4426,62:4374,63:4341,64:4078,65:4060,66:4056,67:4269,68:4364,69:4168,70:4337,71:4159,72:4339,73:4163,74:4201,75:4337,76:4135,77:3980,78:4297,79:4085,80:4299,81:4091,82:4194,83:4072,84:4117,85:4093,86:3990,87:3893,88:4099,89:3968,90:3966,91:4007,92:4038,93:3782,94:3852,95:3823,96:3743,97:4025,98:3785,99:3769,100:4043,101:4007,102:4055,103:3816,104:4030,105:3855,106:3881,107:3815,108:3919,109:3755,110:3766,111:3702,112:3766,113:3586,114:3662,115:3856,116:3565,117:3938,118:3828,119:3702,120:3699,121:3844,122:3538,123:3651,124:3665,125:3671,126:3519,127:3525,128:3817,129:3600,130:3829,131:3520,132:3582,133:3675,134:3521,135:3722,136:3604,137:3890,138:3891,139:3654,140:3524,141:3668,142:3862,143:3825,144:3633,145:3798,146:3656,147:3619,148:3748,149:3647,150:3727,151:3822,152:3867,153:3934,154:3717,155:3804,156:3973,157:3935,158:3903,159:3924,160:3629,161:3839,162:3843,163:3664,164:3959,165:4044,166:3854,167:3967,168:3916,169:3843,170:4007,171:4091,172:3848,173:3885,174:3781,175:4086,176:4041,177:3843,178:3938,179:4011,180:3903,181:4000,182:4030,183:3864,184:3995,185:3957,186:4260,187:3967,188:3983,189:3938,190:4022,191:4249,192:4180,193:4046,194:4251,195:4172,196:4245,197:4077,198:4224,199:4082,200:4175,201:4002,202:4343,203:4253,204:4176,205:4280,206:4359,207:4208,208:4134,209:4353,210:4327,211:4104,212:4352,213:4152,214:4314,215:4454,216:4483,217:4123,218:4225,219:4150,220:4318,221:4463,222:4131,223:4265,224:4216,225:4352,226:4281,227:4413,228:4218,229:4286,230:4486,231:4441,232:4439,233:4472,234:4201,235:4228,236:4163,237:4139,238:4343,239:4313,240:4213,241:4110,242:4162,243:4121,244:4123,245:4359,246:4182,247:4179,248:4011,249:4009,250:4196,251:4245,252:4332,253:4102,254:4152,255:4068,256:4291,257:3990,258:4176,259:3956,260:3980,261:4139,262:4064,263:3946,264:4063,265:3899,266:3928,267:3949,268:3895,269:4059,270:4065,271:4037,272:3801,273:4160,274:3988,275:4028,276:3867,277:4100,278:4023,279:3978,280:3922,281:4012,282:3712,283:4037,284:3968,285:3836,286:3939,287:3874,288:3889,289:3920,290:3718,291:3829,292:3797,293:3731,294:3951,295:3759,296:3934,297:3935,298:3784,299:3778,300:3872,301:3906,302:3831,303:3602,304:3601,305:3699,306:3724,307:3752,308:3718,309:3803,310:3725,311:3789,312:3555,313:3577,314:3765,315:3754,316:3677,317:3888,318:3721,319:3647,320:3717,321:3814,322:3832,323:3523,324:3541,325:3546,326:3798,327:3643,328:3604,329:3645,330:3852,331:3891,332:3842,333:3802,334:3743,335:3917,336:3941,337:3887,338:3788,339:3614,340:3760,341:3835,342:3771,343:3922,344:3724,345:3983,346:3732,347:3700,348:3816,349:3805,350:4063,351:3917,352:3734,353:4091,354:4012,355:3973,356:3796,357:4132,358:3900,359:3836
0:4039,1:4122,2:4104,3:3847,4:3877,5:3913,6:4134,7:3919,8:4096,9:3998,10:4223,11:4255,12:4023,13:3935,14:4260,15:4186,16:4112,17:4110,18:4363,19:4268,20:4182,21:4316,22:4197,23:4364,24:4410,25:4119,26:4289,27:4175,28:4320,29:4112,30:4231,31:4430,32:4077,33:4129,34:4269,35:4089,36:4194,37:4179,38:4459,39:4151,40:4335,41:4386,42:4168,43:4254,44:4100,45:4299,46:4314,47:4215,48:4430,49:4459,50:4458,51:4396,52:4438,53:4096,54:4380,55:4476,56:4170,57:4246,58:4201,59:4232,60:4170,61:4312,62:4404,63:4172,64:4227,65:4065,66:4371,67:4140,68:4062,69:4063,70:4038,71:4079,72:4202,73:4224,74:4039,75:3959,76:4143,77:4068,78:3977,79:4139,80:4110,81:4239,82:4195,83:4091,84:3894,85:3929,86:4126,87:4162,88:3849,89:4155,90:3837,91:3903,92:4035,93:4140,94:3800,95:4074,96:4055,97:3863,98:3835,99:4031,100:4040,101:3781,102:3891,103:3857,104:3827,105:3780,106:3940,107:3706,108:3874,109:3852,110:3684,111:3799,112:3846,113:3617,114:3649,115:3746,116:3627,117:3821,118:3560,119:3890,120:3923,121:3689,122:3690,123:3667,124:3796,125:3858,126:3754,127:3813,128:3586,129:3764,130:3756,131:3852,132:3847,133:3805,134:3598,135:3683,136:3779,137:3691,138:3628,139:3719,140:3756,141:3513,142:3577,143:3781,144:3730,145:3696,146:3783,147:3631,148:3809,149:3601,150:3842,151:3875,152:3893,153:3770,154:3854,155:3681,156:3867,157:3890,158:3640,159:3782,160:3928,161:3940,162:3933,163:3641,164:3858,165:3921,166:3872,167:3769,168:3803,169:4074,170:3942,171:3767,172:3944,173:3962,174:3919,175:4096,176:3827,177:3931,178:4148,179:4054,180:3943,181:3952,182:3877,183:3992,184:4119,185:3975,186:4164,187:3899,188:3966,189:4160,190:4264,191:4151,192:4183,193:4303,194:4197,195:4105,196:4137,197:4100,198:4244,199:4205,200:4056,201:4146,202:4357,203:4207,204:4082,205:4144,206:4232,207:4122,208:4406,209:4143,210:4362,211:4290,212:4157,213:4376,214:4191,215:4461,216:4158,217:4427,218:4223,219:4246,220:4130,221:4179,222:4146,223:4419,224:4493,225:4438,226:4125,227:4388,228:4139,229:4410,230:4148,231:4297,232:4147,233:4377,234:4127,235:4476,236:4269,237:4217,238:4239,239:4167,240:4446,241:4127,242:4122,243:4439,244:4092,245:4042,246:4029,247:4291,248:4198,249:4337,250:4249,251:4032,252:4026,253:4193,254:4238,255:3953,256:4051,257:4154,258:3981,259:3947,260:4001,261:4291,262:3898,263:4094,264:3915,265:4099,266:3932,267:3934,268:4040,269:3886,270:4000,271:3991,272:3994,273:3939,274:4040,275:3940,276:4130,277:3952,278:4093,279:3869,280:3993,281:4065,282:3823,283:3744,284:3725,285:3924,286:3906,287:3930,288:3725,289:3955,290:3635,291:3675,292:3870,293:3932,294:3629,295:3605,296:3855,297:3839,298:3918,299:3748,300:3888,301:3602,302:3719,303:3674,304:3807,305:3869,306:3598,307:3764,308:3680,309:3746,310:3720,311:3632,312:3865,313:3858,314:3605,315:3651,316:3560,317:3807,318:3885,319:3677,320:3802,321:3539,322:3701,323:3767,324:3860,325:3578,326:3803,327:3563,328:3725,329:3792,330:3939,331:3879,332:3616,333:3726,334:3762,335:3765,336:3870,337:3644,338:3607,339:3875,340:3938,341:3777,342:3906,343:3708,344:3781,345:3664,346:3821,347:3871,348:3857,349:3820,350:3762,351:3711,352:3870,353:3945,354:4137,355:3778,356:4058,357:4048,358:4114,359:3870
0:4107,1:4207,2:4152,3:4131,4:3949,5:3973,6:4153,7:4127,8:4270,9:3962,10:3953,11:4234,12:3988,13:4285,14:4028,15:4114,16:4346,17:4091,18:4334,19:4181,20:4025,21:4269,22:4287,23:4220,24:4083,25:4150,26:4363,27:4105,28:4437,29:4318,30:4070,31:4414,32:4127,33:4109,34:4156,35:4411,36:4378,37:4455,38:4459,39:4251,40:4370,41:4424,42:4223,43:4495,44:4403,45:4375,46:4243,47:4186,48:4464,49:4446,50:4387,51:4364,52:4282,53:4184,54:4311,55:4326,56:4182,57:4264,58:4083,59:4239,60:4158,61:4288,62:4423,63:4204,64:4135,65:4154,66:4038,67:4233,68:4263,69:4022,70:4326,71:4257,72:4127,73:4361,74:4317,75:4122,76:4172,77:4217,78:4169,79:4036,80:4233,81:4052,82:4107,83:4124,84:3880,85:4175,86:4231,87:3971,88:3895,89:3841,90:4051,91:4161,92:3824,93:3826,94:4075,95:4093,96:3774,97:4111,98:3741,99:4086,100:3849,101:3841,102:4051,103:3730,104:3972,105:3990,106:3671,107:3898,108:3961,109:3621,110:4006,111:3680,112:3939,113:3794,114:3828,115:3602,116:3816,117:3810,118:3892,119:3665,120:3564,121:3874,122:3552,123:3854,124:3794,125:3770,126:3753,127:3759,128:3839,129:3679,130:3705,131:3857,132:3710,133:3563,134:3761,135:3606,136:3774,137:3658,138:3654,139:3641,140:3706,141:3890,142:3841,143:3891,144:3644,145:3537,146:3624,147:3577,148:3718,149:3582,150:3906,151:3778,152:3950,153:3825,154:3789,155:3627,156:3849,157:3845,158:3875,159:3967,160:3783,161:3896,162:3786,163:3994,164:3752,165:3882,166:3926,167:3792,168:3904,169:3837,170:3920,171:3810,172:3760,173:3799,174:3823,175:3826,176:3821,177:3901,178:3982,179:4024,180:4145,181:3846,182:4163,183:3889,184:4083,185:4166,186:4074,187:3907,188:3950,189:4207,190:4263,191:3941,192:4295,193:4247,194:4269,195:3994,196:4355,197:3996,198:4101,199:4151,200:4236,201:4259,202:4170,203:4244,204:4389,205:4241,206:4240,207:4179,208:4326,209:4224,210:4348,211:4310,212:4214,213:4261,214:4418,215:4427,216:4281,217:4429,218:4129,219:4404,220:4166,221:4410,222:4294,223:4428,224:4396,225:4277,226:4430,227:4125,228:4400,229:4308,230:4137,231:4368,232:4161,233:4331,234:4171,235:4453,236:4181,237:4275,238:4329,239:4311,240:4353,241:4247,242:4265,243:4122,244:4287,245:4074,246:4256,247:4226,248:4091,249:4248,250:4239,251:4253,252:4258,253:3972,254:4280,255:4269,256:4003,257:4098,258:4001,259:3948,260:4102,261:3995,262:4201,263:4098,264:3908,265:4147,266:4237,267:3854,268:4189,269:3952,270:3920,271:4027,272:4053,273:4139,274:3930,275:4081,276:4007,277:3746,278:3999,279:3847,280:3996,281:3731,282:3821,283:3842,284:4011,285:3824,286:3844,287:3765,288:3682,289:3748,290:3637,291:3603,292:3672,293:3785,294:3919,295:3742,296:3867,297:3831,298:3852,299:3865,300:3670,301:3932,302:3766,303:3895,304:3694,305:3761,306:3620,307:3637,308:3714,309:3521,310:3745,311:3815,312:3766,313:3727,314:3831,315:3746,316:3622,317:3796,318:3637,319:3807,320:3505,321:3898,322:3617,323:3767,324:3775,325:3902,326:3606,327:3649,328:3697,329:3713,330:3861,331:3692,332:3839,333:3823,334:3613,335:3920,336:3874,337:3777,338:3615,339:3731,340:3966,341:3685,342:3903,343:3677,344:3922,345:3669,346:3900,347:3720,348:4030,349:3814,350:3937,351:3903,352:4006,353:3777,354:3791,355:3810,356:3900,357:4164,358:3803,359:4149
0:3818,1:4080,2:3996,3:4063,4:3887,5:4220,6:4199,7:4021,8:4150,9:4288,10:4084,11:3923,12:4243,13:4153,14:4029,15:3956,16:4346,17:4021,18:4311,19:3989,20:4185,21:4041,22:4222,23:4069,24:4231,25:4416,26:4065,27:4179,28:4084,29:4223,30:4394,31:4370,32:4368,33:4316,34:4453,35:4229,36:4110,37:4467,38:4394,39:4464,40:4388,41:4205,42:4300,43:4411,44:4343,45:4416,46:4100,47:4101,48:4126,49:4321,50:4111,51:4461,52:4307,53:4401,54:4270,55:4141,56:4302,57:4384,58:4390,59:4290,60:4065,61:4317,62:4389,63:4394,64:4369,65:4225,66:4195,67:4102,68:4234,69:4200,70:4325,71:3986,72:4016,73:4079,74:4107,75:4183,76:4302,77:4182,78:4091,79:4083,80:3989,81:4128,82:3996,83:4251,84:4148,85:4149,86:4050,87:4184,88:4105,89:3885,90:4148,91:3967,92:3983,93:4156,94:4109,95:3892,96:4018,97:3795,98:3885,99:3843,100:4007,101:3854,102:3965,103:4043,104:3872,105:3794,106:3760,107:4019,108:3746,109:3838,110:3903,111:3842,112:3903,113:3624,114:3890,115:3890,116:3747,117:3765,118:3780,119:3737,120:3811,121:3650,122:3752,123:3691,124:3623,125:3520,126:3715,127:3905,128:3517,129:3626,130:3694,131:3682,132:3599,133:3803,134:3523,135:3710,136:3628,137:3501,138:3569,139:3901,140:3846,141:3655,142:3848,143:3778,144:3697,145:3666,146:3808,147:3819,148:3873,149:3772,150:3755,151:3622,152:3609,153:3762,154:3911,155:3853,156:3848,157:3835,158:3705,159:3805,160:3753,161:3972,162:3880,163:3799,164:3963,165:3905,166:3689,167:3849,168:3918,169:3810,170:4052,171:3712,172:3738,173:4097,174:4095,175:3878,176:3856,177:4047,178:4002,179:4031,180:3942,181:3969,182:3969,183:3893,184:4170,185:4035,186:4171,187:4114,188:4239,189:4150,190:4227,191:3977,192:3936,193:3975,194:4237,195:4100,196:4138,197:4220,198:4279,199:4151,200:4246,201:4251,202:4113,203:4125,204:4031,205:4046,206:4415,207:4145,208:4120,209:4337,210:4199,211:4179,212:4279,213:4357,214:4296,215:4255,216:4128,217:4120,218:4290,219:4131,220:4156,221:4288,222:4318,223:4401,224:4469,225:4259,226:4444,227:4253,228:4479,229:4465,230:4352,231:4373,232:4158,233:4473,234:4343,235:4087,236:4122,237:4223,238:4450,239:4125,240:4110,241:4205,242:4336,243:4139,244:4131,245:4097,246:4065,247:4162,248:4343,249:4155,250:4355,251:4207,252:4088,253:4248,254:3998,255:4265,256:4007,257:4276,258:3927,259:3973,260:4011,261:4281,262:4130,263:4083,264:4212,265:4076,266:4208,267:4068,268:3923,269:4071,270:4159,271:3959,272:3790,273:3883,274:3773,275:4060,276:3985,277:3977,278:3733,279:3878,280:4000,281:3775,282:3899,283:4026,284:3929,285:4022,286:3745,287:3837,288:3897,289:4007,290:3890,291:3676,292:3912,293:3629,294:3859,295:3868,296:3901,297:3617,298:3803,299:3913,300:3608,301:3754,302:3553,303:3874,304:3822,305:3867,306:3754,307:3899,308:3806,309:3900,310:3605,311:3856,312:3890,313:3695,314:3706,315:3664,316:3795,317:3874,318:3668,319:3879,320:3541,321:3572,322:3511,323:3558,324:3663,325:3874,326:3719,327:3683,328:3599,329:3646,330:3755,331:3678,332:3893,333:3929,334:3862,335:3879,336:3937,337:3608,338:3922,339:3762,340:3726,341:3897,342:3666,343:3683,344:4036,345:3946,346:3800,347:3697,348:4012,349:4069,350:3751,351:3942,352:3742,353:3867,354:3875,355:4047,356:4015,357:4115,358:3952,359:3792
0:4098,1:4129,2:4207,3:3894,4:4210,5:4222,6:4106,7:3953,8:4123,9:4246,10:4039,11:4197,12:4250,13:3943,14:4168,15:4146,16:4259,17:4152,18:4224,19:4264,20:4262,21:4197,22:4011,23:4175,24:4324,25:4312,26:4111,27:4084,28:4317,29:4441,30:4198,31:4230,32:4117,33:4093,34:4305,35:4138,36:4342,37:4143,38:4124,39:4463,40:4346,41:4215,42:4200,43:4159,44:4447,45:4367,46:4394,47:4182,48:4290,49:4181,50:4256,51:4457,52:4270,53:4154,54:4404,55:4384,56:4124,57:4084,58:4421,59:4392,60:4233,61:4170,62:4297,63:4435,64:4397,65:4342,66:4366,67:4288,68:4123,69:4240,70:4109,71:4378,72:4318,73:4266,74:4128,75:4104,76:4058,77:4062,78:4091,79:4235,80:3999,81:4257,82:4247,83:3877,84:4211,85:3960,86:3874,87:4016,88:3870,89:3845,90:3863,91:3945,92:3948,93:3926,94:4110,95:3982,96:4089,97:4119,98:3841,99:3733,100:3837,101:3903,102:4049,103:3830,104:3866,105:3891,106:3769,107:3702,108:3811,109:3828,110:3961,111:3805,112:3691,113:3862,114:3872,115:3860,116:3604,117:3789,118:3606,119:3740,120:3914,121:3665,122:3656,123:3772,124:3853,125:3897,126:3689,127:3720,128:3709,129:3625,130:3659,131:3732,132:3836,133:3676,134:3889,135:3838,136:3595,137:3521,138:3625,139:3551,140:3631,141:3515,142:3535,143:3751,144:3820,145:3676,146:3573,147:3815,148:3531,149:3584,150:3855,151:3707,152:3592,153:3948,154:3623,155:3659,156:3645,157:3865,158:3949,159:3882,160:3847,161:3662,162:3780,163:3652,164:3913,165:3949,166:4004,167:3672,168:3801,169:3906,170:4023,171:4077,172:4018,173:4064,174:3753,175:4004,176:3820,177:3969,178:3820,179:3804,180:3994,181:3992,182:3834,183:4026,184:3953,185:4246,186:3937,187:4202,188:4211,189:4228,190:4180,191:4065,192:3967,193:4257,194:4102,195:4258,196:4152,197:4335,198:4213,199:4007,200:3997,201:4283,202:4271,203:4415,204:4210,205:4384,206:4070,207:4415,208:4192,209:4280,210:4347,211:4330,212:4172,213:4321,214:4310,215:4264,216:4313,217:4218,218:4430,219:4416,220:4349,221:4191,222:4130,223:4141,224:4136,225:4133,226:4219,227:4429,228:4394,229:4448,230:4134,231:4463,232:4200,233:4381,234:4277,235:4297,236:4271,237:4080,238:4249,239:4351,240:4394,241:4339,242:4351,243:4154,244:4422,245:4411,246:4332,247:4263,248:4154,249:4142,250:4386,251:4067,252:4060,253:4030,254:4098,255:4164,256:4253,257:4019,258:4285,259:4087,260:4145,261:3971,262:3985,263:4089,264:4045,265:4181,266:4128,267:3901,268:4105,269:4013,270:4028,271:4169,272:3927,273:3912,274:3818,275:4131,276:3859,277:3914,278:3941,279:3763,280:3900,281:4071,282:4042,283:3989,284:4041,285:3918,286:3667,287:3909,288:3999,289:3990,290:3795,291:3872,292:3641,293:3971,294:3916,295:3680,296:3574,297:3851,298:3832,299:3603,300:3685,301:3915,302:3646,303:3688,304:3672,305:3900,306:3639,307:3735,308:3746,309:3719,310:3893,311:3526,312:3583,313:3753,314:3653,315:3759,316:3514,317:3764,318:3758,319:3737,320:3704,321:3549,322:3551,323:3888,324:3650,325:3761,326:3569,327:3817,328:3891,329:3696,330:3629,331:3571,332:3563,333:3807,334:3802,335:3934,336:3770,337:3780,338:3849,339:3996,340:3735,341:3928,342:3736,343:3730,344:3988,345:3723,346:3875,347:4019,348:3944,349:3821,350:4073,351:3782,352:4011,353:4049,354:4116,355:3834,356:4112,357:4155,358:3857,359:3981
0:3805,1:4031,2:4034,3:3978,4:3930,5:3861,6:4029,7:4261,8:4160,9:4254,10:4287,11:3939,12:4051,13:3963,14:4003,15:3952,16:4252,17:4006,18:4096,19:4039,20:4183,21:4081,22:4046,23:4362,24:4266,25:4335,26:4198,27:4297,28:4198,29:4422,30:4361,31:4235,32:4216,33:4278,34:4324,35:4429,36:4461,37:4281,38:4142,39:4322,40:4154,41:4319,42:4343,43:4493,44:4260,45:4264,46:4334,47:4400,48:4446,49:4148,50:4303,51:4448,52:4152,53:4483,54:4434,55:4420,56:4432,57:4214,58:4441,59:4068,60:4099,61:4399,62:4312,63:4407,64:4059,65:4076,66:4341,67:4309,68:4201,69:4063,70:4294,71:4237,72:4051,73:4338,74:4199,75:4009,76:4256,77:4218,78:4126,79:4298,80:3997,81:3915,82:4021,83:4147,84:4211,85:3969,86:4033,87:4172,88:3843,89:3995,90:4102,91:3823,92:4177,93:4146,94:3890,95:3748,96:3806,97:3766,98:3921,99:3818,100:3701,101:3979,102:3762,103:3683,104:3980,105:4019,106:3690,107:4018,108:3644,109:3888,110:3923,111:3824,112:3750,113:3727,114:3759,115:3718,116:3925,117:3563,118:3737,119:3545,120:3627,121:3542,122:3727,123:3884,124:3810,125:3542,126:3596,127:3834,128:3683,129:3750,130:3810,131:3887,132:3749,133:3783,134:3585,135:3720,136:3809,137:3754,138:3652,139:3738,140:3827,141:3557,142:3792,143:3898,144:3718,145:3790,146:3689,147:3770,148:3777,149:3830,150:3557,151:3819,152:3940,153:3914,154:3895,155:3581,156:3677,157:3798,158:3668,159:3946,160:3882,161:3861,162:3632,163:3815,164:3944,165:3742,166:4004,167:3669,168:3857,169:4011,170:3937,171:3808,172:3946,173:3960,174:4072,175:3882,176:4016,177:4005,178:3881,179:4073,180:4063,181:3841,182:4083,183:4124,184:3875,185:3942,186:4119,187:3963,188:4227,189:4190,190:3908,191:4167,192:4129,193:4262,194:4132,195:4216,196:3992,197:4180,198:4125,199:4003,200:4012,201:4032,202:4026,203:4284,204:4066,205:4065,206:4210,207:4185,208:4296,209:4184,210:4370,211:4324,212:4333,213:4202,214:4435,215:4308,216:4343,217:4473,218:4302,219:4145,220:4468,221:4157,222:4408,223:4324,224:4429,225:4297,226:4259,227:4480,228:4254,229:4142,230:4430,231:4269,232:4449,233:4296,234:4441,235:4408,236:4307,237:4249,238:4359,239:4220,240:4066,241:4065,242:4135,243:4225,244:4260,245:4405,246:4377,247:4316,248:4189,249:4260,250:4092,251:4037,252:4045,253:4013,254:4162,255:4008,256:3983,257:4262,258:4025,259:4280,260:4121,261:3952,262:4209,263:4131,264:3991,265:4048,266:4149,267:3933,268:4194,269:3959,270:4194,271:3988,272:3806,273:3978,274:4066,275:3912,276:3904,277:3994,278:3812,279:4031,280:3993,281:3771,282:3761,283:3856,284:3945,285:3864,286:4028,287:3686,288:3832,289:3672,290:3826,291:3742,292:3653,293:3794,294:3725,295:3843,296:3931,297:3561,298:3602,299:3676,300:3846,301:3894,302:3605,303:3783,304:3724,305:3644,306:3860,307:3567,308:3555,309:3606,310:3725,311:3768,312:3670,313:3804,314:3849,315:3618,316:3730,317:3862,318:3730,319:3732,320:3598,321:3704,322:3711,323:3865,324:3762,325:3885,326:3770,327:3671,328:3748,329:3603,330:3685,331:3929,332:3618,333:3787,334:3595,335:3940,336:3629,337:3936,338:3703,339:3750,340:3986,341:3929,342:3853,343:3891,344:3895,345:3706,346:3872,347:3733,348:3759,349:4047,350:3711,351:3823,352:4022,353:3788,354:3918,355:3762,356:3891,357:4163,358:4121,359:3970
0:4028,1:3995,2:4173,3:3985,4:4130,5:4119,6:4010,7:4167,8:4192,9:3920,10:4284,11:4279,12:3968,13:4245,14:4052,15:4064,16:4080,17:3975,18:4161,19:4188,20:3995,21:4242,22:4029,23:4319,24:4379,25:4212,26:4039,27:4136,28:4339,29:4376,30:4307,31:4155,32:4356,33:4272,34:4441,35:4470,36:4178,37:4422,38:4467,39:4372,40:4248,41:4181,42:4115,43:4171,44:4405,45:4129,46:4458,47:4390,48:4155,49:4135,50:4447,51:4137,52:4135,53:4475,54:4418,55:4122,56:4466,57:4199,58:4213,59:4125,60:4364,61:4112,62:4109,63:4134,64:4231,65:4084,66:4187,67:4093,68:4059,69:4212,70:4338,71:4307,72:4222,73:4039,74:4240,75:4292,76:4058,77:4038,78:3965,79:4135,80:4182,81:4023,82:4258,83:3931,84:4165,85:4228,86:4076,87:3902,88:4075,89:3827,90:4169,91:3919,92:3782,93:4164,94:4010,95:3762,96:3942,97:3765,98:3904,99:4032,100:4035,101:3840,102:3838,103:3769,104:3975,105:3773,106:3797,107:3644,108:3944,109:3774,110:3644,111:3838,112:3804,113:3922,114:3655,115:3676,116:3713,117:3891,118:3742,119:3613,120:3891,121:3766,122:3793,123:3653,124:3644,125:3898,126:3839,127:3710,128:3512,129:3574,130:3875,131:3656,132:3544,133:3663,134:3792,135:3801,136:3622,137:3734,138:3727,139:3529,140:3859,141:3777,142:3515,143:3723,144:3567,145:3617,146:3914,147:3874,148:3617,149:3772,150:3630,151:3833,152:3733,153:3817,154:3919,155:3603,156:3723,157:3905,158:3802,159:3832,160:3788,161:3699,162:3690,163:3828,164:3910,165:3727,166:4015,167:3775,168:3716,169:4068,170:3724,171:3864,172:3885,173:3878,174:3802,175:4061,176:3939,177:3804,178:4111,179:3956,180:4068,181:4105,182:3949,183:4022,184:3883,185:4167,186:3910,187:4241,188:4167,189:4069,190:4190,191:4107,192:4028,193:4219,194:4165,195:4201,196:4092,197:4134,198:4042,199:4121,200:4332,201:4215,202:4076,203:4252,204:4353,205:4072,206:4326,207:4421,208:4432,209:4403,210:4257,211:4283,212:4421,213:4361,214:4150,215:4120,216:4360,217:4394,218:4165,219:4221,220:4449,221:4274,222:4474,223:4171,224:4468,225:4394,226:4286,227:4282,228:4224,229:4458,230:4217,231:4096,232:4261,233:4376,234:4252,235:4416,236:4374,237:4238,238:4271,239:4220,240:4088,241:4091,242:4428,243:4247,244:4068,245:4312,246:4336,247:4196,248:4027,249:4281,250:4111,251:4375,252:4263,253:4246,254:4120,255:4072,256:4052,257:4054,258:4046,259:4265,260:4252,261:4062,262:4250,263:3967,264:3955,265:3954,266:3878,267:3955,268:3901,269:4022,270:3996,271:3792,272:4029,273:3774,274:4057,275:3962,276:4012,277:4089,278:3964,279:3715,280:3813,281:4016,282:3717,283:3967,284:3966,285:3672,286:4018,287:3917,288:3742,289:3753,290:3696,291:3980,292:3737,293:3917,294:3876,295:3942,296:3734,297:3573,298:3774,299:3868,300:3748,301:3641,302:3756,303:3645,304:3916,305:3647,306:3565,307:3671,308:3824,309:3883,310:3847,311:3851,312:3579,313:3818,314:3712,315:3870,316:3572,317:3865,318:3694,319:3708,320:3676,321:3536,322:3828,323:3673,324:3706,325:3682,326:3594,327:3777,328:3612,329:3772,330:3657,331:3783,332:3602,333:3833,334:3904,335:3841,336:3808,337:3840,338:3814,339:3739,340:3613,341:3889,342:3978,343:3676,344:3881,345:3778,346:3927,347:3818,348:3719,349:4045,350:4059,351:3866,352:4016,353:3938,354:4107,355:3905,356:4122,357:3862,358:3909,359:3937
0:3925,1:3914,2:3987,3:4205,4:4116,5:4219,6:4165,7:3928,8:4014,9:3991,10:4279,11:3929,12:4034,13:4100,14:4157,15:4148,16:4174,17:4173,18:4062,19:4289,20:4052,21:4135,22:4132,23:4201,24:4056,25:4323,26:4374,27:4127,28:4391,29:4382,30:4102,31:4411,32:4465,33:4197,34:4411,35:4461,36:4275,37:4412,38:4378,39:4469,40:4417,41:4328,42:4345,43:4343,44:4117,45:4401,46:4125,47:4278,48:4441,49:4358,50:4292,51:4440,52:4391,53:4130,54:4453,55:4275,56:4467,57:4096,58:4289,59:4214,60:4100,61:4260,62:4292,63:4232,64:4361,65:4215,66:4229,67:4299,68:4101,69:4233,70:4256,71:4218,72:4198,73:4343,74:4248,75:3961,76:4180,77:4011,78:4304,79:4160,80:4017,81:4284,82:3917,83:3887,84:4160,85:4026,86:4197,87:4055,88:4172,89:4010,90:4006,91:4045,92:4170,93:3925,94:4011,95:4044,96:4037,97:3822,98:4023,99:4005,100:3743,101:3845,102:4002,103:3725,104:3750,105:3913,106:3838,107:3718,108:3768,109:3987,110:3649,111:3878,112:3747,113:3658,114:3636,115:3805,116:3864,117:3901,118:3888,119:3729,120:3706,121:3795,122:3626,123:3592,124:3591,125:3643,126:3852,127:3789,128:3773,129:3565,130:3793,131:3797,132:3834,133:3804,134:3567,135:3542,136:3796,137:3541,138:3638,139:3754,140:3547,141:3774,142:3901,143:3724,144:3737,145:3557,146:3785,147:3831,148:3759,149:3823,150:3857,151:3792,152:3902,153:3696,154:3936,155:3683,156:3763,157:3694,158:3688,159:3696,160:3643,161:3817,162:3911,163:3642,164:3881,165:3854,166:3965,167:3882,168:3980,169:3708,170:3842,171:4061,172:4027,173:3737,174:3973,175:3967,176:3767,177:3883,178:4164,179:3901,180:3942,181:3888,182:4122,183:3949,184:3849,185:4001,186:4232,187:4095,188:3900,189:3944,190:3970,191:4223,192:3930,193:4111,194:3998,195:4202,196:4243,197:4321,198:4009,199:4206,200:4127,201:4272,202:4361,203:4143,204:4032,205:4280,206:4392,207:4224,208:4178,209:4453,210:4390,211:4409,212:4357,213:4212,214:4298,215:4207,216:4352,217:4407,218:4352,219:4383,220:4494,221:4324,222:4200,223:4290,224:4431,225:4284,226:4283,227:4382,228:4324,229:4190,230:4406,231:4257,232:4304,233:4457,234:4291,235:4142,236:4333,237:4363,238:4160,239:4085,240:4165,241:4450,242:4199,243:4309,244:4408,245:4205,246:4403,247:4287,248:4195,249:4146,250:4132,251:4345,252:4162,253:4022,254:4075,255:4168,256:4294,257:4226,258:3951,259:3941,260:3999,261:4177,262:3911,263:3963,264:4232,265:4182,266:4065,267:4075,268:3898,269:4052,270:3864,271:4132,272:4034,273:4116,274:4154,275:3768,276:4083,277:4089,278:3855,279:3913,280:3889,281:3918,282:3829,283:3767,284:3882,285:3663,286:3741,287:3695,288:3780,289:3993,290:3818,291:3931,292:3974,293:3857,294:3920,295:3619,296:3642,297:3938,298:3861,299:3690,300:3592,301:3845,302:3889,303:3679,304:3811,305:3640,306:3658,307:3842,308:3661,309:3862,310:3738,311:3588,312:3863,313:3821,314:3899,315:3899,316:3727,317:3596,318:3539,319:3666,320:3550,321:3713,322:3598,323:3904,324:3667,325:3771,326:3728,327:3560,328:3769,329:3610,330:3668,331:3810,332:3876,333:3613,334:3732,335:3751,336:3876,337:3617,338:3905,339:3889,340:3771,341:3783,342:3659,343:3797,344:3782,345:3746,346:3827,347:4061,348:3781,349:3938,350:3744,351:4077,352:4038,353:3901,354:3880,355:3910,356:3870,357:3844,358:3913,359:3846
0:4107,1:4147,2:4187,3:4006,4:4155,5:4080,6:3953,7:4047,8:4049,9:3990,10:4293,11:4210,12:3955,13:4093,14:4214,15:4188,16:4105,17:4282,18:4182,19:4356,20:4148,21:4181,22:4190,23:4184,24:4324,25:4277,26:4173,27:4440,28:4140,29:4418,30:4087,31:4407,32:4148,33:4116,34:4469,35:4253,36:4395,37:4387,38:4450,39:4216,40:4185,41:4121,42:4285,43:4378,44:4275,45:4247,46:4353,47:4165,48:4278,49:4148,50:4227,51:4344,52:4369,53:4368,54:4089,55:4181,56:4354,57:4280,58:4192,59:4107,60:4316,61:4155,62:4403,63:4290,64:4041,65:4427,66:4419,67:4114,68:4108,69:4054,70:4078,71:4205,72:4235,73:4082,74:4143,75:4154,76:4295,77:4320,78:4125,79:4103,80:3948,81:4197,82:4159,83:3990,84:3941,85:3900,86:4137,87:4127,88:3947,89:4108,90:4002,91:4085,92:4170,93:4101,94:3758,95:3794,96:4031,97:4072,98:3840,99:4052,100:3827,101:3874,102:3997,103:3965,104:3663,105:3886,106:3963,107:3738,108:3932,109:3855,110:3887,111:3903,112:3798,113:3690,114:3644,115:3694,116:3934,117:3814,118:3741,119:3632,120:3551,121:3683,122:3566,123:3712,124:3713,125:3617,126:3895,127:3606,128:3623,129:3804,130:3687,131:3682,132:3525,133:3640,134:3781,135:3680,136:3561,137:3859,138:3757,139:3744,140:3738,141:3729,142:3625,143:3754,144:3913,145:3562,146:3549,147:3798,148:3597,149:3931,150:3751,151:3816,152:3813,153:3606,154:3617,155:3605,156:3597,157:3775,158:3756,159:3869,160:3968,161:3788,162:3705,163:3993,164:3977,165:3813,166:3953,167:3687,168:3718,169:3879,170:3769,171:3958,172:3990,173:3741,174:4102,175:3988,176:4073,177:3926,178:4093,179:4163,180:4040,181:4016,182:3842,183:4149,184:4049,185:4218,186:4242,187:3895,188:3934,189:4254,190:4147,191:4040,192:4032,193:4126,194:4119,195:4079,196:3987,197:4257,198:4122,199:4003,200:4354,201:4328,202:4123,203:4330,204:4302,205:4087,206:4232,207:4183,208:4244,209:4319,210:4289,211:4349,212:4306,213:4325,214:4276,215:4092,216:4358,217:4234,218:4251,219:4245,220:4163,221:4257,222:4305,223:4436,224:4300,225:4178,226:4460,227:4202,228:4401,229:4347,230:4117,231:4411,232:4460,233:4248,234:4397,235:4443,236:4082,237:4433,238:4150,239:4287,240:4285,241:4234,242:4091,243:4280,244:4239,245:4228,246:4047,247:4166,248:4402,249:4359,250:4095,251:4115,252:4214,253:4013,254:4025,255:4144,256:4040,257:4288,258:4043,259:4033,260:3931,261:3976,262:4061,263:4100,264:4184,265:4008,266:3997,267:4027,268:3967,269:4099,270:3955,271:4142,272:4136,273:4168,274:3859,275:4017,276:3755,277:3895,278:4049,279:3767,280:3905,281:3942,282:3995,283:4010,284:4007,285:3843,286:3736,287:3812,288:3706,289:3728,290:3758,291:3948,292:3690,293:3754,294:3601,295:3875,296:3597,297:3936,298:3854,299:3606,300:3799,301:3736,302:3880,303:3823,304:3747,305:3676,306:3776,307:3819,308:3865,309:3811,310:3811,311:3701,312:3860,313:3682,314:3751,315:3892,316:3883,317:3612,318:3834,319:3639,320:3700,321:3582,322:3892,323:3847,324:3815,325:3622,326:3752,327:3704,328:3769,329:3658,330:3640,331:3863,332:3823,333:3733,334:3629,335:3708,336:3811,337:3880,338:3958,339:3744,340:3895,341:3654,342:3900,343:3996,344:3797,345:3901,346:3834,347:4014,348:3724,349:3866,350:3861,351:4101,352:4113,353:4089,354:4022,355:3911,356:4086,357:4060,358:4034,359:4149
0:3830,1:4047,2:4218,3:3984,4:3950,5:4181,6:4019,7:3964,8:3974,9:4030,10:4096,11:4176,12:4221,13:3971,14:3982,15:3997,16:4290,17:4128,18:4361,19:4059,20:4019,21:4200,22:4033,23:4127,24:4346,25:4242,26:4049,27:4390,28:4301,29:4371,30:4228,31:4392,32:4301,33:4461,34:4342,35:4306,36:4406,37:4407,38:4325,39:4142,40:4112,41:4220,42:4259,43:4193,44:4251,45:4217,46:4356,47:4470,48:4240,49:4417,50:4415,51:4200,52:4201,53:4254,54:4088,55:4394,56:4117,57:4120,58:4293,59:4326,60:4079,61:4169,62:4320,63:4351,64:4348,65:4327,66:4332,67:4337,68:4015,69:4031,70:4082,71:4250,72:4303,73:4062,74:4171,75:4042,76:4239,77:3954,78:4044,79:4276,80:3926,81:4118,82:4066,83:4258,84:4003,85:4074,86:4069,87:4172,88:4128,89:4045,90:3971,91:4116,92:3837,93:3935,94:3912,95:3806,96:3888,97:4057,98:3935,99:4087,100:3932,101:3972,102:3766,103:3796,104:3831,105:3701,106:3948,107:4028,108:3903,109:3894,110:3941,111:3779,112:3688,113:3890,114:3679,115:3682,116:3776,117:3734,118:3833,119:3735,120:3699,121:3673,122:3629,123:3704,124:3815,125:3585,126:3791,127:3739,128:3883,129:3743,130:3755,131:3794,132:3775,133:3805,134:3553,135:3845,136:3747,137:3794,138:3587,139:3610,140:3718,141:3854,142:3606,143:3875,144:3734,145:3802,146:3910,147:3915,148:3914,149:3813,150:3761,151:3775,152:3922,153:3626,154:3596,155:3701,156:3820,157:3980,158:3640,159:3983,160:3966,161:3957,162:3947,163:3678,164:4025,165:3830,166:3837,167:3953,168:3793,169:3960,170:4007,171:4057,172:4053,173:4033,174:3927,175:4095,176:4065,177:3882,178:3845,179:4133,180:4183,181:3836,182:3944,183:3881,184:4021,185:3893,186:3937,187:3936,188:4042,189:4118,190:4110,191:4020,192:4210,193:4279,194:4268,195:4165,196:4047,197:4313,198:4221,199:4343,200:4245,201:4082,202:4315,203:4085,204:4259,205:4410,206:4286,207:4080,208:4220,209:4300,210:4351,211:4245,212:4460,213:4352,214:4132,215:4149,216:4387,217:4220,218:4168,219:4257,220:4304,221:4241,222:4236,223:4215,224:4137,225:4162,226:4252,227:4197,228:4361,229:4128,230:4255,231:4250,232:4397,233:4403,234:4229,235:4114,236:4333,237:4336,238:4261,239:4360,240:4198,241:4336,242:4053,243:4319,244:4365,245:4257,246:4222,247:4222,248:4104,249:4081,250:4260,251:4189,252:4056,253:4199,254:4098,255:4013,256:4017,257:4054,258:4013,259:4168,260:4190,261:4153,262:4168,263:4072,264:4029,265:4120,266:4234,267:4178,268:3911,269:3939,270:3802,271:4044,272:3929,273:3918,274:3923,275:3996,276:4137,277:3948,278:3843,279:3962,280:3808,281:3961,282:3773,283:3817,284:3765,285:3803,286:3804,287:3785,288:3746,289:3843,290:3694,291:3661,292:3739,293:3658,294:3972,295:3920,296:3940,297:3877,298:3782,299:3742,300:3563,301:3674,302:3811,303:3635,304:3804,305:3724,306:3688,307:3569,308:3744,309:3613,310:3735,311:3841,312:3889,313:3553,314:3773,315:3514,316:3589,317:3528,318:3887,319:3764,320:3891,321:3767,322:3846,323:3778,324:3894,325:3836,326:3870,327:3542,328:3866,329:3646,330:3621,331:3845,332:3816,333:3819,334:3884,335:3726,336:3812,337:3853,338:3987,339:3965,340:3865,341:3780,342:3984,343:3995,344:3664,345:3757,346:3804,347:3949,348:3929,349:3968,350:3961,351:3870,352:3754,353:3936,354:4038,355:4117,356:4016,357:4148,358:4047,359:3967
0:4185,1:4182,2:3921,3:3866,4:4213,5:3980,6:4202,7:4230,8:4090,9:3979,10:4087,11:4058,12:4063,13:4077,14:4006,15:4307,16:4245,17:4350,18:4094,19:4010,20:4278,21:4032,22:4401,23:4385,24:4383,25:4259,26:4043,27:4257,28:4192,29:4108,30:4389,31:4218,32:4173,33:4281,34:4424,35:4426,36:4284,37:4336,38:4337,39:4317,40:4492,41:4410,42:4220,43:4118,44:4136,45:4471,46:4451,47:4243,48:4392,49:4262,50:4262,51:4218,52:4204,53:4199,54:4418,55:4085,56:4227,57:4165,58:4365,59:4295,60:4108,61:4430,62:4418,63:4363,64:4309,65:4119,66:4412,67:4148,68:4098,69:4309,70:4286,71:4114,72:4331,73:4059,74:4312,75:4005,76:3998,77:3990,78:4158,79:4003,80:4159,81:4249,82:4021,83:4270,84:4079,85:4238,86:3951,87:4070,88:3867,89:4087,90:3913,91:3906,92:3910,93:3970,94:4122,95:3774,96:4031,97:3776,98:4050,99:3715,100:3813,101:3704,102:3854,103:3759,104:3784,105:3861,106:3682,107:3999,108:4005,109:3900,110:3901,111:3612,112:3938,113:3812,114:3624,115:3787,116:3655,117:3677,118:3858,119:3657,120:3903,121:3754,122:3875,123:3813,124:3765,125:3579,126:3614,127:3613,128:3734,129:3542,130:3634,131:3660,132:3749,133:3898,134:3578,135:3895,136:3850,137:3537,138:3871,139:3882,140:3853,141:3545,142:3524,143:3736,144:3793,145:3523,146:3896,147:3871,148:3770,149:3840,150:3617,151:3634,152:3816,153:3930,154:3961,155:3946,156:3944,157:3903,158:3900,159:3605,160:3838,161:3777,162:4001,163:3714,164:3937,165:3902,166:3755,167:3771,168:3713,169:3770,170:4092,171:3734,172:4116,173:4012,174:3888,175:4123,176:3779,177:3874,178:3969,179:3861,180:4106,181:3963,182:4131,183:4000,184:3941,185:4052,186:3970,187:4014,188:4129,189:3950,190:4240,191:4260,192:4170,193:4143,194:4166,195:4030,196:4310,197:4242,198:4127,199:4383,200:4067,201:4195,202:4132,203:4078,204:4127,205:4146,206:4435,207:4210,208:4445,209:4083,210:4402,211:4130,212:4424,213:4335,214:4351,215:4114,216:4420,217:4250,218:4163,219:4192,220:4270,221:4449,222:4415,223:4368,224:4239,225:4171,226:4468,227:4173,228:4437,229:4159,230:4231,231:4370,232:4246,233:4092,234:4263,235:4470,236:4159,237:4381,238:4256,239:4265,240:4232,241:4297,242:4176,243:4166,244:4302,245:4107,246:4415,247:4257,248:4310,249:4356,250:4035,251:4030,252:4346,253:3997,254:4261,255:4223,256:4037,257:4273,258:4189,259:4120,260:4222,261:4044,262:4112,263:4057,264:4232,265:3853,266:4037,267:4190,268:4080,269:3947,270:3893,271:4136,272:3802,273:3953,274:4081,275:3959,276:3767,277:3938,278:3878,279:3853,280:3737,281:3759,282:3697,283:3981,284:3878,285:3695,286:3932,287:3857,288:3928,289:3857,290:3623,291:3962,292:3755,293:3685,294:3934,295:3828,296:3684,297:3634,298:3740,299:3659,300:3879,301:3823,302:3539,303:3644,304:3911,305:3882,306:3601,307:3850,308:3764,309:3554,310:3797,311:3902,312:3698,313:3749,314:3718,315:3898,316:3778,317:3557,318:3698,319:3878,320:3510,321:3784,322:3829,323:3577,324:3802,325:3897,326:3671,327:3629,328:3750,329:3764,330:3926,331:3687,332:3940,333:3602,334:3639,335:3779,336:3953,337:3910,338:3619,339:3727,340:3906,341:3852,342:3905,343:3734,344:3811,345:3961,346:3689,347:3844,348:3757,349:3721,350:3744,351:3723,352:3763,353:4000,354:3771,355:4088,356:3876,357:4156,358:4043,359:3845
0:4030,1:3973,2:3915,3:4182,4:4198,5:3938,6:3936,7:4259,8:3899,9:4139,10:3911,11:3917,12:4100,13:3957,14:4148,15:3965,16:3992,17:4237,18:3999,19:4139,20:4075,21:4179,22:4399,23:4071,24:4055,25:4253,26:4354,27:4170,28:4403,29:4303,30:4134,31:4375,32:4179,33:4365,34:4114,35:4284,36:4482,37:4123,38:4318,39:4263,40:4302,41:4348,42:4340,43:4105,44:4293,45:4225,46:4107,47:4106,48:4139,49:4315,50:4341,51:4401,52:4432,53:4393,54:4311,55:4313,56:4372,57:4112,58:4235,59:4430,60:4430,61:4287,62:4168,63:4192,64:4278,65:4364,66:4364,67:4035,68:4107,69:4313,70:4008,71:4187,72:4016,73:4175,74:4254,75:4278,76:4194,77:3991,78:4234,79:4039,80:4253,81:4199,82:3956,83:4025,84:3978,85:3857,86:4183,87:4126,88:3825,89:3983,90:4101,91:4102,92:3989,93:3848,94:3911,95:4082,96:3948,97:3746,98:3942,99:3979,100:3838,101:3787,102:3789,103:3743,104:3850,105:3798,106:4030,107:3737,108:3786,109:3829,110:3910,111:3759,112:3691,113:3687,114:3847,115:3612,116:3803,117:3699,118:3597,119:3925,120:3549,121:3876,122:3603,123:3779,124:3791,125:3736,126:3885,127:3822,128:3595,129:3591,130:3709,131:3753,132:3511,133:3882,134:3654,135:3884,136:3846,137:3665,138:3854,139:3601,140:3732,141:3602,142:3562,143:3648,144:3840,145:3886,146:3888,147:3803,148:3729,149:3793,150:3748,151:3860,152:3876,153:3943,154:3853,155:3771,156:3645,157:3783,158:3946,159:3637,160:3698,161:3732,162:4021,163:3691,164:3755,165:4007,166:3751,167:3949,168:3734,169:3930,170:3733,171:3829,172:3795,173:3955,174:3876,175:3994,176:3977,177:3972,178:4004,179:3814,180:3807,181:4106,182:4041,183:3968,184:4119,185:4061,186:4069,187:4166,188:4238,189:4128,190:3935,191:4112,192:4260,193:3953,194:4272,195:3995,196:3976,197:4343,198:4062,199:3990,200:4314,201:4056,202:4169,203:4041,204:4122,205:4265,206:4314,207:4114,208:4119,209:4352,210:4406,211:4293,212:4410,213:4235,214:4265,215:4267,216:4213,217:4180,218:4136,219:4328,220:4240,221:4371,222:4267,223:4115,224:4325,225:4403,226:4393,227:4299,228:4237,229:4193,230:4495,231:4315,232:4387,233:4426,234:4438,235:4124,236:4139,237:4195,238:4316,239:4396,240:4153,241:4239,242:4393,243:4405,244:4114,245:4060,246:4253,247:4205,248:4181,249:4142,250:4260,251:4310,252:4012,253:4039,254:4215,255:4206,256:3962,257:4220,258:4294,259:4147,260:4178,261:4015,262:3889,263:4055,264:4171,265:4184,266:4186,267:3966,268:3956,269:3975,270:3978,271:4158,272:4012,273:4019,274:4035,275:3982,276:4002,277:3869,278:3965,279:3947,280:3855,281:3861,282:4043,283:4029,284:3850,285:3682,286:3651,287:3962,288:3822,289:3910,290:3842,291:3929,292:3687,293:3660,294:3858,295:3834,296:3599,297:3869,298:3888,299:3857,300:3753,301:3780,302:3739,303:3599,304:3541,305:3612,306:3651,307:3715,308:3863,309:3826,310:3652,311:3851,312:3527,313:3786,314:3600,315:3528,316:3727,317:3577,318:3865,319:3599,320:3760,321:3815,322:3530,323:3731,324:3771,325:3801,326:3865,327:3897,328:3751,329:3551,330:3703,331:3792,332:3743,333:3716,334:3687,335:3894,336:3789,337:3834,338:3823,339:3798,340:3825,341:3766,342:3997,343:3757,344:3854,345:3932,346:3800,347:3772,348:3969,349:3988,350:3924,351:3802,352:4097,353:3998,354:4134,355:4028,356:3928,357:4132,358:4128,359:3925
0:3804,1:3879,2:3907,3:4131,4:4124,5:4092,6:4118,7:4257,8:4201,9:4128,10:4141,11:3973,12:4030,13:4329,14:4024,15:4176,16:3969,17:4233,18:4206,19:4167,20:4014,21:4292,22:4324,23:4374,24:4055,25:4346,26:4255,27:4268,28:4147,29:4187,30:4108,31:4207,32:4366,33:4223,34:4133,35:4150,36:4088,37:4481,38:4232,39:4245,40:4148,41:4119,42:4486,43:4327,44:4396,45:4119,46:4259,47:4154,48:4231,49:4183,50:4385,51:4146,52:4484,53:4151,54:4202,55:4124,56:4173,57:4473,58:4406,59:4233,60:4334,61:4387,62:4259,63:4121,64:4365,65:4343,66:4337,67:4097,68:4082,69:4271,70:4072,71:4277,72:4359,73:4240,74:4200,75:4288,76:4114,77:4265,78:3946,79:4299,80:3966,81:3988,82:4061,83:4068,84:4065,85:4249,86:4032,87:3916,88:4099,89:4079,90:4056,91:4085,92:3921,93:4013,94:3832,95:3903,96:3762,97:3977,98:3936,99:3803,100:3987,101:3799,102:3711,103:3931,104:3819,105:3801,106:3697,107:3769,108:4012,109:3801,110:3933,111:3636,112:3624,113:3880,114:3685,115:3779,116:3656,117:3805,118:3924,119:3644,120:3575,121:3906,122:3792,123:3694,124:3708,125:3628,126:3567,127:3884,128:3641,129:3566,130:3641,131:3632,132:3726,133:3574,134:3591,135:3578,136:3705,137:3761,138:3619,139:3646,140:3530,141:3870,142:3848,143:3635,144:3603,145:3857,146:3664,147:3871,148:3604,149:3572,150:3773,151:3672,152:3722,153:3927,154:3578,155:3702,156:3829,157:3662,158:3602,159:3734,160:3825,161:3707,162:3727,163:3798,164:3681,165:3714,166:3881,167:3787,168:4007,169:4070,170:3774,171:3723,172:4061,173:3975,174:3795,175:4023,176:3767,177:3841,178:4116,179:4161,180:4099,181:3964,182:4048,183:4151,184:4212,185:3874,186:4256,187:3876,188:4087,189:4004,190:4199,191:4277,192:3938,193:4159,194:4273,195:4310,196:4015,197:4347,198:4176,199:4190,200:4032,201:4220,202:4009,203:4068,204:4083,205:4418,206:4039,207:4211,208:4107,209:4169,210:4356,211:4133,212:4357,213:4424,214:4221,215:4301,216:4331,217:4309,218:4230,219:4252,220:4373,221:4369,222:4322,223:4275,224:4317,225:4427,226:4134,227:4129,228:4180,229:4404,230:4318,231:4323,232:4151,233:4368,234:4283,235:4253,236:4231,237:4274,238:4344,239:4116,240:4351,241:4326,242:4262,243:4247,244:4191,245:4164,246:4244,247:4385,248:4110,249:4089,250:4003,251:3997,252:4172,253:4365,254:4146,255:4211,256:4205,257:4021,258:4100,259:4291,260:4014,261:4270,262:3931,263:4023,264:3973,265:4196,266:3951,267:4200,268:4210,269:4079,270:3831,271:3915,272:3936,273:4062,274:3966,275:4112,276:3933,277:3972,278:3979,279:3784,280:3868,281:3689,282:4061,283:4060,284:3769,285:3872,286:3666,287:3973,288:4002,289:3922,290:3918,291:3751,292:3912,293:3751,294:3783,295:3604,296:3938,297:3722,298:3805,299:3722,300:3870,301:3848,302:3738,303:3688,304:3715,305:3813,306:3900,307:3830,308:3681,309:3698,310:3770,311:3898,312:3863,313:3758,314:3598,315:3652,316:3792,317:3731,318:3711,319:3890,320:3806,321:3556,322:3688,323:3520,324:3560,325:3716,326:3881,327:3628,328:3615,329:3817,330:3931,331:3745,332:3915,333:3932,334:3648,335:3946,336:3683,337:3869,338:3933,339:3774,340:3675,341:3875,342:3761,343:3760,344:3883,345:3952,346:3982,347:3964,348:3887,349:3691,350:3836,351:4067,352:3796,353:3895,354:4011,355:4081,356:3855,357:3996,358:3981,359:4132
0:3826,1:4167,2:4007,3:4012,4:4129,5:4226,6:4058,7:4050,8:4148,9:4110,10:4204,11:3993,12:4276,13:3970,14:4232,15:4075,16:4246,17:4172,18:3994,19:4256,20:4101,21:4193,22:4093,23:4364,24:4249,25:4288,26:4126,27:4391,28:4116,29:4296,30:4409,31:4145,32:4097,33:4158,34:4116,35:4255,36:4164,37:4220,38:4478,39:4156,40:4138,41:4290,42:4325,43:4203,44:4254,45:4404,46:4345,47:4215,48:4128,49:4256,50:4115,51:4469,52:4446,53:4198,54:4479,55:4193,56:4298,57:4439,58:4194,59:4158,60:4392,61:4085,62:4189,63:4246,64:4129,65:4242,66:4182,67:4129,68:4363,69:4271,70:4373,71:4135,72:4063,73:4099,74:4156,75:4119,76:4303,77:3976,78:4246,79:3996,80:4267,81:4198,82:4084,83:4229,84:4123,85:4197,86:4147,87:3840,88:3946,89:4136,90:3898,91:3995,92:4093,93:4081,94:3760,95:3883,96:3750,97:4031,98:4040,99:4074,100:3915,101:3946,102:3900,103:3672,104:3666,105:3957,106:3892,107:3764,108:3991,109:3980,110:3626,111:3795,112:3964,113:3842,114:3975,115:3633,116:3659,117:3617,118:3948,119:3710,120:3577,121:3675,122:3916,123:3594,124:3651,125:3888,126:3867,127:3733,128:3576,129:3596,130:3589,131:3668,132:3763,133:3634,134:3834,135:3837,136:3823,137:3820,138:3841,139:3726,140:3824,141:3759,142:3591,143:3861,144:3715,145:3904,146:3737,147:3649,148:3596,149:3634,150:3734,151:3795,152:3559,153:3724,154:3805,155:3570,156:3715,157:3705,158:3754,159:3619,160:3624,161:3806,162:3774,163:3712,164:3920,165:3851,166:3697,167:3852,168:3847,169:3832,170:4062,171:3804,172:3866,173:4009,174:3749,175:3874,176:3910,177:3966,178:3810,179:3847,180:4052,181:3889,182:4064,183:4162,184:4064,185:3901,186:4153,187:3946,188:3969,189:3972,190:4048,191:4016,192:4208,193:3940,194:3994,195:4036,196:4294,197:4021,198:4021,199:4347,200:4149,201:4228,202:4230,203:4382,204:4366,205:4207,206:4166,207:4133,208:4291,209:4069,210:4088,211:4300,212:4140,213:4194,214:4407,215:4457,216:4453,217:4361,218:4469,219:4471,220:4295,221:4239,222:4360,223:4464,224:4291,225:4371,226:4120,227:4482,228:4298,229:4367,230:4338,231:4422,232:4402,233:4223,234:4228,235:4306,236:4441,237:4472,238:4290,239:4453,240:4422,241:4095,242:4208,243:4189,244:4414,245:4110,246:4210,247:4324,248:4256,249:4204,250:4250,251:4208,252:4220,253:4290,254:4169,255:4007,256:3960,257:4131,258:4286,259:4093,260:4025,261:4154,262:4171,263:4224,264:4056,265:4011,266:4156,267:3928,268:3934,269:4101,270:3901,271:4160,272:3982,273:3930,274:3997,275:3840,276:3834,277:3849,278:3987,279:3907,280:4000,281:4022,282:3876,283:3748,284:3867,285:3743,286:3762,287:3772,288:3907,289:3945,290:3917,291:3902,292:3902,293:3767,294:3736,295:3577,296:3572,297:3566,298:3715,299:3736,300:3542,301:3623,302:3760,303:3892,304:3588,305:3670,306:3657,307:3645,308:3574,309:3534,310:3730,311:3779,312:3547,313:3639,314:3803,315:3827,316:3507,317:3827,318:3875,319:3813,320:3817,321:3793,322:3700,323:3705,324:3879,325:3773,326:3638,327:3599,328:3906,329:3566,330:3681,331:3826,332:3711,333:3650,334:3659,335:3907,336:3591,337:3644,338:3732,339:3746,340:3703,341:3675,342:3665,343:3945,344:3978,345:3742,346:3827,347:3901,348:3911,349:3911,350:3761,351:3849,352:3833,353:3754,354:3742,355:4022,356:3901,357:3804,358:4158,359:3932
0:3827,1:4026,2:4204,3:3888,4:4155,5:3939,6:4210,7:4051,8:4273,9:4094,10:4092,11:4168,12:4049,13:4023,14:4094,15:3996,16:4146,17:4325,18:4223,19:4195,20:4390,21:4308,22:4317,23:4019,24:4116,25:4210,26:4151,27:4207,28:4167,29:4149,30:4343,31:4286,32:4266,33:4371,34:4441,35:4167,36:4241,37:4415,38:4201,39:4312,40:4236,41:4407,42:4280,43:4340,44:4472,45:4296,46:4169,47:4333,48:4264,49:4427,50:4323,51:4340,52:4238,53:4109,54:4245,55:4140,56:4206,57:4370,58:4356,59:4275,60:4074,61:4056,62:4254,63:4267,64:4216,65:4229,66:4331,67:4074,68:4016,69:4053,70:4104,71:4359,72:4073,73:4013,74:4118,75:4257,76:4272,77:4154,78:3955,79:4266,80:4101,81:3893,82:3892,83:4021,84:4176,85:3858,86:4009,87:4041,88:3897,89:3963,90:3937,91:3983,92:4155,93:3948,94:3828,95:3831,96:3846,97:4017,98:3824,99:4049,100:3762,101:3844,102:3686,103:3691,104:3772,105:3959,106:3733,107:3926,108:3921,109:3659,110:3859,111:3613,112:3926,113:3722,114:3809,115:3922,116:3659,117:3819,118:3832,119:3745,120:3675,121:3728,122:3623,123:3531,124:3529,125:3776,126:3824,127:3570,128:3641,129:3534,130:3901,131:3694,132:3531,133:3882,134:3621,135:3521,136:3877,137:3647,138:3704,139:3702,140:3749,141:3669,142:3607,143:3651,144:3821,145:3692,146:3710,147:3713,148:3620,149:3726,150:3646,151:3892,152:3654,153:3852,154:3739,155:3713,156:3974,157:3671,158:3910,159:3858,160:3729,161:3679,162:4014,163:3780,164:3911,165:3730,166:3681,167:3845,168:3976,169:3864,170:3850,171:3889,172:3854,173:3880,174:3926,175:3807,176:3881,177:4079,178:3978,179:4107,180:3909,181:4167,182:4001,183:4179,184:3956,185:3989,186:4073,187:4107,188:4241,189:4025,190:4095,191:3934,192:4172,193:4182,194:4117,195:4151,196:4072,197:4363,198:3993,199:4295,200:4021,201:4129,202:4363,203:4111,204:4177,205:4197,206:4083,207:4131,208:4440,209:4150,210:4309,211:4152,212:4159,213:4266,214:4330,215:4427,216:4110,217:4141,218:4178,219:4263,220:4333,221:4276,222:4424,223:4342,224:4239,225:4373,226:4368,227:4165,228:4144,229:4451,230:4429,231:4287,232:4209,233:4269,234:4286,235:4459,236:4228,237:4115,238:4396,239:4218,240:4369,241:4122,242:4228,243:4247,244:4407,245:4223,246:4354,247:4334,248:4117,249:4384,250:4089,251:4026,252:4235,253:4101,254:4138,255:4245,256:4265,257:4246,258:4048,259:4014,260:4302,261:4084,262:3986,263:3924,264:3878,265:4046,266:3975,267:4207,268:3946,269:4135,270:3844,271:3870,272:3886,273:4007,274:4045,275:4008,276:4066,277:4056,278:3977,279:3880,280:3859,281:3779,282:3724,283:4020,284:3944,285:3669,286:3806,287:3971,288:3954,289:3891,290:3681,291:3916,292:3727,293:3983,294:3883,295:3798,296:3836,297:3706,298:3669,299:3671,300:3579,301:3606,302:3554,303:3551,304:3779,305:3883,306:3705,307:3875,308:3883,309:3667,310:3699,311:3818,312:3829,313:3886,314:3535,315:3574,316:3588,317:3632,318:3707,319:3538,320:3773,321:3711,322:3863,323:3672,324:3595,325:3554,326:3545,327:3651,328:3924,329:3700,330:3602,331:3719,332:3671,333:3777,334:3914,335:3727,336:3951,337:3721,338:3873,339:3661,340:3607,341:3909,342:3790,343:3881,344:3957,345:3668,346:3728,347:3916,348:3937,349:3949,350:4035,351:3962,352:3749,353:4004,354:3981,355:4001,356:4096,357:3858,358:3855,359:3804
0:4030,1:3976,2:4011,3:4205,4:4230,5:4079,6:3926,7:3873,8:4186,9:4012,10:4256,11:3979,12:4125,13:4177,14:4219,15:4005,16:4008,17:4075,18:4052,19:4055,20:4322,21:4270,22:4072,23:4154,24:4344,25:4289,26:4144,27:4050,28:4128,29:4250,30:4232,31:4123,32:4369,33:4182,34:4272,35:4349,36:4162,37:4485,38:4093,39:4286,40:4269,41:4232,42:4305,43:4470,44:4241,45:4338,46:4113,47:4442,48:4330,49:4128,50:4161,51:4464,52:4167,53:4251,54:4473,55:4130,56:4197,57:4267,58:4260,59:4188,60:4450,61:4265,62:4258,63:4423,64:4158,65:4271,66:4185,67:4236,68:4314,69:4258,70:4057,71:4318,72:3992,73:4344,74:4180,75:4124,76:4073,77:4160,78:4266,79:4026,80:4177,81:4163,82:3930,83:4264,84:3871,85:4238,86:3879,87:4121,88:3940,89:3887,90:3958,91:4152,92:3850,93:3924,94:4106,95:3813,96:3763,97:3738,98:3736,99:4042,100:3882,101:4022,102:3832,103:4051,104:3870,105:3970,106:3749,107:3706,108:3657,109:3937,110:3990,111:3793,112:3602,113:3981,114:3716,115:3856,116:3606,117:3730,118:3898,119:3554,120:3912,121:3730,122:3851,123:3711,124:3676,125:3581,126:3885,127:3759,128:3893,129:3727,130:3691,131:3888,132:3641,133:3559,134:3539,135:3779,136:3631,137:3604,138:3724,139:3515,140:3715,141:3827,142:3708,143:3908,144:3576,145:3612,146:3835,147:3756,148:3550,149:3790,150:3634,151:3752,152:3722,153:3638,154:3777,155:3762,156:3698,157:3678,158:3729,159:3889,160:3718,161:3652,162:3774,163:3951,164:3701,165:3843,166:3939,167:3799,168:4033,169:3874,170:3802,171:3964,172:3836,173:3838,174:3738,175:4141,176:3809,177:4071,178:4103,179:3947,180:4013,181:3840,182:3934,183:4021,184:3957,185:3867,186:4042,187:4156,188:4088,189:4131,190:4091,191:3928,192:4316,193:4230,194:3987,195:4145,196:4356,197:4060,198:4156,199:4220,200:4172,201:4335,202:4015,203:4279,204:4347,205:4218,206:4185,207:4379,208:4192,209:4105,210:4180,211:4372,212:4279,213:4348,214:4371,215:4391,216:4330,217:4462,218:4241,219:4310,220:4213,221:4324,222:4434,223:4429,224:4359,225:4221,226:4422,227:4099,228:4340,229:4296,230:4399,231:4303,232:4191,233:4109,234:4390,235:4325,236:4310,237:4362,238:4287,239:4238,240:4135,241:4121,242:4415,243:4306,244:4130,245:4352,246:4326,247:4178,248:4389,249:4309,250:4318,251:4046,252:4106,253:4331,254:3988,255:4218,256:4116,257:4294,258:4221,259:4295,260:4169,261:4048,262:4266,263:3899,264:4085,265:4034,266:4221,267:4129,268:4093,269:3903,270:4072,271:4107,272:4044,273:3898,274:4013,275:4033,276:3971,277:3896,278:4045,279:3919,280:3961,281:4077,282:3726,283:3857,284:3740,285:3786,286:3909,287:3862,288:3986,289:3841,290:3613,291:3678,292:3889,293:3658,294:3608,295:3863,296:3854,297:3711,298:3944,299:3929,300:3637,301:3896,302:3852,303:3735,304:3797,305:3827,306:3831,307:3762,308:3774,309:3761,310:3838,311:3561,312:3518,313:3672,314:3867,315:3574,316:3898,317:3631,318:3728,319:3602,320:3685,321:3671,322:3877,323:3721,324:3668,325:3720,326:3815,327:3575,328:3798,329:3707,330:3763,331:3844,332:3796,333:3760,334:3663,335:3689,336:3628,337:3770,338:3766,339:3992,340:3812,341:3640,342:3796,343:3729,344:3744,345:3994,346:3710,347:3684,348:3967,349:3960,350:3995,351:4099,352:3891,353:3919,354:3833,355:3910,356:4118,357:4137,358:4169,359:4054
0:4006,1:4066,2:4098,3:4014,4:3879,5:3968,6:3956,7:4101,8:4127,9:3956,10:4110,11:4179,12:4233,13:4321,14:4047,15:3986,16:4328,17:4025,18:4036,19:4341,20:4385,21:4377,22:4196,23:4087,24:4094,25:4213,26:4052,27:4078,28:4175,29:4431,30:4174,31:4231,32:4406,33:4133,34:4261,35:4194,36:4188,37:4364,38:4335,39:4128,40:4237,41:4463,42:4279,43:4233,44:4323,45:4142,46:4343,47:4179,48:4361,49:4328,50:4134,51:4225,52:4268,53:4291,54:4288,55:4384,56:4328,57:4298,58:4211,59:4176,60:4162,61:4064,62:4207,63:4134,64:4109,65:4113,66:4168,67:4016,68:4044,69:4333,70:4355,71:4343,72:4265,73:4171,74:4207,75:4087,76:4246,77:4221,78:4128,79:4078,80:4089,81:4064,82:4014,83:4119,84:4079,85:4201,86:4134,87:3946,88:3989,89:3944,90:4080,91:4149,92:4141,93:4064,94:4055,95:4102,96:4001,97:3893,98:3787,99:4020,100:3915,101:3829,102:3734,103:3928,104:3989,105:3796,106:3744,107:4000,108:3679,109:3691,110:3736,111:3784,112:3829,113:3648,114:3604,115:3700,116:3716,117:3655,118:3635,119:3693,120:3652,121:3703,122:3584,123:3568,124:3652,125:3902,126:3784,127:3891,128:3675,129:3635,130:3665,131:3752,132:3569,133:3572,134:3710,135:3757,136:3650,137:3806,138:3804,139:3717,140:3758,141:3673,142:3785,143:3836,144:3614,145:3772,146:3901,147:3723,148:3808,149:3649,150:3707,151:3615,152:3893,153:3648,154:3824,155:3947,156:3849,157:3973,158:3665,159:3835,160:3825,161:3720,162:3640,163:3980,164:3702,165:3764,166:4027,167:3811,168:4018,169:3887,170:3813,171:4031,172:4050,173:3812,174:3800,175:4119,176:4001,177:3985,178:4006,179:3878,180:3892,181:4059,182:4040,183:4169,184:4048,185:3919,186:3994,187:3945,188:4195,189:4280,190:4247,191:4006,192:4317,193:4298,194:4061,195:4012,196:4000,197:4025,198:4025,199:4145,200:4324,201:4295,202:4132,203:4193,204:4188,205:4329,206:4055,207:4351,208:4273,209:4325,210:4246,211:4120,212:4361,213:4089,214:4315,215:4087,216:4116,217:4437,218:4155,219:4486,220:4255,221:4198,222:4200,223:4131,224:4243,225:4192,226:4159,227:4158,228:4253,229:4427,230:4183,231:4247,232:4372,233:4343,234:4184,235:4142,236:4430,237:4301,238:4328,239:4401,240:4310,241:4082,242:4175,243:4174,244:4106,245:4154,246:4299,247:4019,248:4326,249:4124,250:4224,251:4159,252:4193,253:4195,254:4352,255:3971,256:4034,257:4055,258:4015,259:3977,260:4162,261:3981,262:3941,263:4128,264:3880,265:4154,266:4042,267:3875,268:4001,269:3844,270:4148,271:4178,272:3869,273:3883,274:3960,275:3867,276:3752,277:3814,278:4100,279:3938,280:3960,281:3772,282:3886,283:3703,284:3682,285:3754,286:4034,287:3976,288:3756,289:3724,290:3649,291:3881,292:3743,293:3747,294:3772,295:3860,296:3575,297:3861,298:3731,299:3839,300:3645,301:3810,302:3862,303:3888,304:3616,305:3849,306:3822,307:3834,308:3648,309:3704,310:3768,311:3557,312:3869,313:3540,314:3623,315:3583,316:3852,317:3758,318:3893,319:3807,320:3834,321:3734,322:3664,323:3565,324:3839,325:3877,326:3614,327:3902,328:3834,329:3572,330:3785,331:3660,332:3872,333:3717,334:3622,335:3830,336:3716,337:3846,338:3627,339:3790,340:3990,341:3908,342:3682,343:3972,344:3657,345:3748,346:3786,347:3810,348:4073,349:3860,350:4074,351:3836,352:4000,353:4000,354:4059,355:4091,356:3963,357:3845,358:4046,359:4077
0:3845,1:3953,2:3933,3:3941,4:3901,5:3936,6:4023,7:3902,8:3891,9:4076,10:4232,11:4091,12:4204,13:4261,14:4308,15:4058,16:4107,17:4283,18:4291,19:4291,20:4129,21:4344,22:4154,23:4200,24:4356,25:4158,26:4371,27:4310,28:4349,29:4448,30:4235,31:4149,32:4467,33:4313,34:4256,35:4131,36:4097,37:4321,38:4325,39:4210,40:4314,41:4266,42:4108,43:4104,44:4347,45:4140,46:4223,47:4256,48:4415,49:4352,50:4145,51:4241,52:4247,53:4282,54:4117,55:4396,56:4198,57:4139,58:4138,59:4109,60:4275,61:4132,62:4313,63:4386,64:4129,65:4282,66:4218,67:4345,68:4213,69:4298,70:4112,71:4057,72:4194,73:4311,74:4267,75:4034,76:4166,77:4167,78:4074,79:4195,80:4013,81:4048,82:3942,83:4099,84:4156,85:4238,86:3870,87:3955,88:3962,89:3828,90:3862,91:4054,92:4169,93:4018,94:4155,95:3823,96:3935,97:4121,98:3832,99:3869,100:3994,101:3906,102:4053,103:3903,104:3894,105:3792,106:4039,107:3836,108:3828,109:3840,110:4005,111:3901,112:3969,113:3815,114:3769,115:3726,116:3633,117:3584,118:3679,119:3572,120:3935,121:3811,122:3685,123:3812,124:3682,125:3885,126:3866,127:3661,128:3558,129:3703,130:3597,131:3532,132:3668,133:3721,134:3781,135:3608,136:3628,137:3532,138:3704,139:3744,140:3666,141:3648,142:3620,143:3641,144:3526,145:3864,146:3542,147:3629,148:3796,149:3717,150:3806,151:3698,152:3745,153:3779,154:3867,155:3734,156:3732,157:3948,158:3951,159:3756,160:3785,161:3775,162:3764,163:3661,164:3939,165:3805,166:3918,167:3752,168:3826,169:3918,170:3791,171:4053,172:3971,173:3777,174:4001,175:3918,176:3826,177:3978,178:4022,179:3954,180:4135,181:3827,182:4171,183:3961,184:3968,185:3915,186:4115,187:3933,188:3923,189:4068,190:4138,191:4139,192:4267,193:4307,194:4220,195:4053,196:4201,197:4095,198:4045,199:4231,200:4361,201:4104,202:4331,203:4293,204:4330,205:4412,206:4419,207:4296,208:4242,209:4197,210:4102,211:4255,212:4093,213:4103,214:4466,215:4314,216:4181,217:4101,218:4202,219:4275,220:4431,221:4332,222:4470,223:4259,224:4151,225:4402,226:4217,227:4381,228:4475,229:4172,230:4209,231:4336,232:4265,233:4444,234:4462,235:4115,236:4301,237:4239,238:4156,239:4223,240:4119,241:4097,242:4148,243:4275,244:4391,245:4408,246:4275,247:4365,248:4263,249:4029,250:4211,251:4232,252:3980,253:4189,254:4283,255:4310,256:4111,257:4150,258:4093,259:4135,260:3906,261:4004,262:3963,263:3945,264:4099,265:3977,266:4084,267:4088,268:3876,269:4129,270:4189,271:4143,272:3948,273:3978,274:3818,275:4026,276:4127,277:3800,278:3931,279:4015,280:4058,281:3689,282:3811,283:3998,284:3883,285:3991,286:3790,287:3818,288:3757,289:3871,290:3860,291:3728,292:3858,293:3678,294:3935,295:3824,296:3816,297:3605,298:3693,299:3596,300:3698,301:3857,302:3592,303:3771,304:3614,305:3686,306:3851,307:3814,308:3590,309:3850,310:3810,311:3704,312:3544,313:3704,314:3612,315:3835,316:3726,317:3529,318:3699,319:3877,320:3651,321:3840,322:3527,323:3516,324:3797,325:3822,326:3726,327:3785,328:3535,329:3702,330:3689,331:3929,332:3787,333:3814,334:3774,335:3799,336:3836,337:3972,338:3859,339:3972,340:3923,341:3890,342:3736,343:3738,344:3743,345:4017,346:3799,347:3895,348:3689,349:3718,350:3904,351:3828,352:3817,353:4004,354:3797,355:4013,356:3949,357:4149,358:4118,359:4186
0:3991,1:3845,2:4197,3:4006,4:4220,5:3945,6:3927,7:3977,8:3968,9:4004,10:3908,11:4019,12:4069,13:4183,14:4005,15:4222,16:4026,17:4230,18:4319,19:4044,20:4049,21:4241,22:4180,23:4128,24:4400,25:4073,26:4290,27:4305,28:4269,29:4450,30:4295,31:4177,32:4347,33:4162,34:4377,35:4331,36:4471,37:4347,38:4161,39:4359,40:4390,41:4154,42:4355,43:4162,44:4135,45:4123,46:4391,47:4140,48:4485,49:4495,50:4277,51:4122,52:4410,53:4350,54:4303,55:4139,56:4121,57:4129,58:4252,59:4081,60:4260,61:4253,62:4312,63:4403,64:4375,65:4089,66:4168,67:4146,68:4010,69:4117,70:4306,71:4346,72:4249,73:4157,74:4225,75:4288,76:4036,77:4121,78:4191,79:3997,80:4268,81:3981,82:4222,83:4109,84:4080,85:4023,86:3887,87:4186,88:4066,89:3922,90:4102,91:3832,92:4031,93:3807,94:4140,95:3969,96:4131,97:4046,98:4035,99:3844,100:3836,101:4052,102:4076,103:3902,104:3903,105:3993,106:3851,107:3910,108:3740,109:3618,110:3894,111:3851,112:3988,113:3855,114:3638,115:3927,116:3907,117:3779,118:3847,119:3554,120:3796,121:3652,122:3865,123:3687,124:3700,125:3735,126:3593,127:3533,128:3538,129:3901,130:3810,131:3827,132:3767,133:3716,134:3693,135:3835,136:3850,137:3676,138:3662,139:3561,140:3695,141:3513,142:3523,143:3539,144:3572,145:3702,146:3551,147:3732,148:3838,149:3615,150:3621,151:3684,152:3729,153:3564,154:3584,155:3847,156:3678,157:3605,158:3956,159:3873,160:3907,161:3679,162:3988,163:3889,164:3716,165:3964,166:3765,167:3869,168:3902,169:3926,170:4021,171:3918,172:3959,173:3909,174:3940,175:4120,176:4086,177:4106,178:3835,179:3867,180:3877,181:4118,182:4123,183:3990,184:4040,185:4209,186:4157,187:4063,188:3944,189:3960,190:3917,191:4102,192:4225,193:3962,194:4332,195:4340,196:4357,197:4025,198:4125,199:4294,200:4111,201:4180,202:4362,203:4407,204:4214,205:4166,206:4138,207:4146,208:4063,209:4122,210:4315,211:4372,212:4149,213:4083,214:4476,215:4476,216:4203,217:4485,218:4143,219:4295,220:4187,221:4194,222:4122,223:4177,224:4252,225:4310,226:4116,227:4164,228:4389,229:4330,230:4374,231:4431,232:4344,233:4181,234:4406,235:4361,236:4327,237:4462,238:4350,239:4117,240:4413,241:4449,242:4346,243:4068,244:4089,245:4217,246:4099,247:4177,248:4176,249:4084,250:4002,251:3999,252:4033,253:4238,254:4131,255:4040,256:4213,257:4111,258:4261,259:4227,260:4255,261:4145,262:3997,263:4252,264:3981,265:3877,266:4066,267:4160,268:4141,269:3855,270:3859,271:4125,272:4157,273:4020,274:4045,275:3834,276:3947,277:4072,278:3792,279:3938,280:3740,281:3820,282:3845,283:3919,284:4013,285:3904,286:3996,287:3945,288:3889,289:3714,290:3964,291:3859,292:3645,293:3876,294:3710,295:3793,296:3900,297:3913,298:3820,299:3751,300:3757,301:3679,302:3873,303:3567,304:3921,305:3906,306:3657,307:3870,308:3714,309:3582,310:3510,311:3868,312:3814,313:3861,314:3836,315:3557,316:3552,317:3655,318:3813,319:3623,320:3592,321:3894,322:3549,323:3668,324:3624,325:3614,326:3801,327:3611,328:3722,329:3786,330:3817,331:3698,332:3761,333:3641,334:3842,335:3601,336:3793,337:3683,338:3961,339:3990,340:3916,341:3826,342:3976,343:3671,344:3807,345:3923,346:3895,347:3826,348:3841,349:4061,350:4082,351:4102,352:3741,353:3993,354:3955,355:3996,356:3966,357:3827,358:3795,359:3941
0:4189,1:4076,2:3894,3:3924,4:4023,5:4071,6:3867,7:3981,8:4178,9:3957,10:4054,11:3926,12:4055,13:4323,14:4117,15:4026,16:3985,17:4227,18:4241,19:4196,20:4100,21:4222,22:4264,23:4078,24:4168,25:4073,26:4150,27:4059,28:4318,29:4417,30:4127,31:4305,32:4467,33:4355,34:4304,35:4294,36:4196,37:4347,38:4289,39:4355,40:4158,41:4313,42:4324,43:4405,44:4155,45:4466,46:4307,47:4280,48:4220,49:4485,50:4408,51:4468,52:4183,53:4234,54:4345,55:4319,56:4272,57:4412,58:4197,59:4066,60:4250,61:4161,62:4206,63:4070,64:4417,65:4334,66:4344,67:4074,68:4244,69:4287,70:4261,71:4094,72:4238,73:4136,74:4178,75:4000,76:4155,77:4205,78:4302,79:4154,80:4047,81:4164,82:4166,83:4057,84:4256,85:4134,86:4181,87:4117,88:4060,89:3887,90:4163,91:3884,92:3808,93:3802,94:3779,95:4121,96:3853,97:3790,98:3805,99:3996,100:3978,101:3758,102:3869,103:3726,104:3743,105:3728,106:3979,107:3814,108:3856,109:3810,110:3679,111:3988,112:3922,113:3822,114:3896,115:3578,116:3667,117:3666,118:3938,119:3849,120:3847,121:3677,122:3873,123:3537,124:3795,125:3747,126:3823,127:3791,128:3542,129:3643,130:3509,131:3659,132:3633,133:3561,134:3659,135:3507,136:3778,137:3506,138:3646,139:3673,140:3520,141:3898,142:3709,143:3817,144:3529,145:3848,146:3790,147:3913,148:3807,149:3553,150:3627,151:3872,152:3652,153:3829,154:3594,155:3803,156:3663,157:3674,158:3935,159:3858,160:3753,161:3981,162:3657,163:4008,164:3997,165:3837,166:3695,167:3686,168:4018,169:4050,170:4000,171:3942,172:3963,173:3989,174:3909,175:3871,176:3863,177:4080,178:3978,179:3982,180:3860,181:4144,182:3996,183:3883,184:4213,185:3994,186:4138,187:4182,188:3883,189:4064,190:4281,191:3948,192:4166,193:3981,194:4251,195:4285,196:4075,197:4028,198:4137,199:4296,200:4346,201:4008,202:4276,203:4310,204:4122,205:4306,206:4303,207:4332,208:4248,209:4255,210:4340,211:4065,212:4103,213:4204,214:4132,215:4281,216:4389,217:4195,218:4187,219:4107,220:4359,221:4363,222:4314,223:4274,224:4148,225:4276,226:4133,227:4367,228:4347,229:4258,230:4237,231:4148,232:4134,233:4144,234:4417,235:4469,236:4436,237:4151,238:4466,239:4099,240:4265,241:4058,242:4175,243:4359,244:4139,245:4390,246:4048,247:4179,248:4340,249:4224,250:4117,251:4209,252:4205,253:4116,254:4294,255:4127,256:4317,257:4244,258:4307,259:4053,260:4146,261:4123,262:4211,263:3885,264:4191,265:4035,266:4111,267:4043,268:4188,269:3920,270:3957,271:3797,272:3947,273:4025,274:4142,275:3888,276:3846,277:3951,278:3739,279:4030,280:3856,281:3837,282:3994,283:4006,284:4030,285:3761,286:3796,287:3978,288:3762,289:3650,290:3743,291:3857,292:3952,293:3739,294:3742,295:3683,296:3942,297:3939,298:3592,299:3604,300:3735,301:3583,302:3619,303:3859,304:3706,305:3850,306:3685,307:3625,308:3905,309:3564,310:3519,311:3815,312:3687,313:3869,314:3647,315:3725,316:3633,317:3611,318:3603,319:3544,320:3661,321:3868,322:3557,323:3777,324:3553,325:3662,326:3755,327:3644,328:3687,329:3839,330:3928,331:3709,332:3938,333:3879,334:3850,335:3617,336:3750,337:3768,338:3779,339:3966,340:3746,341:3847,342:3647,343:4029,344:3948,345:3787,346:3943,347:4001,348:3684,349:3768,350:3945,351:3930,352:3724,353:4050,354:3922,355:3885,356:3873,357:3839,358:4028,359:3941
0:3948,1:4182,2:3991,3:4003,4:4090,5:4197,6:3958,7:3971,8:4220,9:4226,10:4009,11:3960,12:4316,13:4076,14:4093,15:4325,16:4152,17:4274,18:4249,19:4258,20:4308,21:4395,22:4101,23:4218,24:4256,25:4353,26:4368,27:4410,28:4250,29:4328,30:4075,31:4206,32:4354,33:4384,34:4222,35:4409,36:4303,37:4424,38:4401,39:4416,40:4385,41:4154,42:4150,43:4132,44:4414,45:4487,46:4286,47:4225,48:4392,49:4406,50:4442,51:4145,52:4093,53:4191,54:4172,55:4154,56:4215,57:4335,58:4414,59:4415,60:4249,61:4249,62:4101,63:4369,64:4175,65:4218,66:4117,67:4094,68:4386,69:4326,70:4200,71:4009,72:3995,73:4309,74:4119,75:4187,76:4314,77:3966,78:4217,79:4106,80:4277,81:4221,82:4076,83:4074,84:4151,85:4233,86:4194,87:4219,88:3822,89:4090,90:3891,91:4139,92:4019,93:4037,94:4114,95:4024,96:3977,97:3921,98:3770,99:3883,100:3780,101:3919,102:3935,103:3950,104:3846,105:3873,106:3701,107:3931,108:3682,109:3875,110:3740,111:3972,112:3988,113:3590,114:3714,115:3590,116:3728,117:3831,118:3943,119:3596,120:3849,121:3759,122:3833,123:3681,124:3685,125:3592,126:3573,127:3881,128:3568,129:3530,130:3722,131:3549,132:3883,133:3693,134:3729,135:3798,136:3692,137:3607,138:3796,139:3829,140:3563,141:3570,142:3542,143:3739,144:3683,145:3519,146:3855,147:3897,148:3563,149:3881,150:3562,151:3938,152:3711,153:3948,154:3893,155:3941,156:3808,157:3854,158:3840,159:3866,160:3613,161:3706,162:3632,163:3756,164:3676,165:3804,166:4014,167:3887,168:3734,169:4053,170:4070,171:3986,172:3852,173:4021,174:3737,175:3859,176:3832,177:3988,178:3781,179:4016,180:4178,181:3845,182:3829,183:4157,184:3843,185:3951,186:4027,187:3996,188:4275,189:4183,190:4238,191:3919,192:4126,193:4095,194:4082,195:4211,196:4127,197:4170,198:4350,199:4244,200:3995,201:4172,202:4314,203:4173,204:4140,205:4270,206:4329,207:4394,208:4369,209:4216,210:4325,211:4101,212:4311,213:4356,214:4316,215:4458,216:4277,217:4203,218:4211,219:4172,220:4429,221:4427,222:4172,223:4305,224:4104,225:4356,226:4493,227:4127,228:4239,229:4427,230:4119,231:4438,232:4467,233:4178,234:4360,235:4224,236:4115,237:4350,238:4101,239:4264,240:4234,241:4331,242:4380,243:4145,244:4309,245:4361,246:4024,247:4280,248:4176,249:4377,250:4315,251:4226,252:4150,253:4190,254:3968,255:4102,256:3970,257:4076,258:4300,259:4273,260:4288,261:3895,262:4135,263:3943,264:4110,265:3972,266:4172,267:4184,268:4000,269:4007,270:4136,271:4088,272:3846,273:4049,274:4144,275:4102,276:3950,277:4047,278:3865,279:3893,280:3912,281:3832,282:3896,283:3868,284:3894,285:3790,286:3681,287:3706,288:3973,289:3703,290:3695,291:3908,292:3961,293:3907,294:3630,295:3681,296:3700,297:3938,298:3861,299:3695,300:3647,301:3683,302:3651,303:3831,304:3823,305:3815,306:3551,307:3514,308:3835,309:3650,310:3642,311:3863,312:3874,313:3598,314:3667,315:3614,316:3726,317:3870,318:3631,319:3718,320:3573,321:3733,322:3853,323:3702,324:3728,325:3598,326:3683,327:3707,328:3743,329:3764,330:3836,331:3873,332:3680,333:3807,334:3751,335:3635,336:3669,337:3611,338:3908,339:3712,340:3782,341:3918,342:3764,343:3872,344:3688,345:4003,346:3690,347:3910,348:3824,349:3957,350:4060,351:3952,352:4064,353:3939,354:4068,355:3792,356:3869,357:3991,358:3825,359:3892
0:4174,1:3984,2:4122,3:3974,4:4194,5:4200,6:4143,7:4056,8:4123,9:4017,10:4130,11:4154,12:4189,13:4187,14:4142,15:4048,16:4327,17:4148,18:4057,19:4060,20:4269,21:4278,22:4057,23:4217,24:4405,25:4349,26:4086,27:4088,28:4331,29:4394,30:4403,31:4211,32:4253,33:4349,34:4310,35:4450,36:4305,37:4431,38:4261,39:4094,40:4467,41:4464,42:4250,43:4152,44:4356,45:4267,46:4388,47:4190,48:4409,49:4255,50:4453,51:4366,52:4099,53:4417,54:4229,55:4251,56:4475,57:4337,58:4378,59:4148,60:4088,61:4171,62:4318,63:4052,64:4217,65:4332,66:4345,67:4404,68:4236,69:4275,70:3993,71:4318,72:3998,73:4333,74:4316,75:4205,76:4241,77:4107,78:3992,79:4242,80:3920,81:4175,82:4087,83:4155,84:4152,85:4130,86:3970,87:3963,88:4125,89:4047,90:4149,91:3972,92:3820,93:3833,94:3874,95:3906,96:3828,97:4012,98:4052,99:4054,100:3737,101:3862,102:3756,103:3959,104:4011,105:3708,106:3878,107:4005,108:3667,109:3789,110:3873,111:3811,112:3652,113:3860,114:3752,115:3804,116:3607,117:3628,118:3674,119:3587,120:3808,121:3566,122:3626,123:3553,124:3530,125:3848,126:3563,127:3727,128:3597,129:3710,130:3521,131:3581,132:3631,133:3808,134:3536,135:3822,136:3721,137:3850,138:3690,139:3861,140:3530,141:3714,142:3624,143:3850,144:3865,145:3873,146:3540,147:3767,148:3741,149:3600,150:3939,151:3566,152:3592,153:3697,154:3677,155:3857,156:3761,157:3807,158:3930,159:3744,160:3773,161:3786,162:4010,163:3745,164:3776,165:3722,166:3863,167:3781,168:3933,169:3955,170:3748,171:3887,172:3977,173:3751,174:4047,175:4010,176:3809,177:4103,178:4040,179:3810,180:3887,181:3844,182:4103,183:4056,184:3883,185:3928,186:3926,187:4104,188:3978,189:3995,190:4088,191:4179,192:4285,193:4130,194:4135,195:4344,196:4068,197:4027,198:4321,199:4046,200:4255,201:4072,202:4289,203:4177,204:4216,205:4341,206:4383,207:4380,208:4274,209:4354,210:4133,211:4443,212:4350,213:4154,214:4158,215:4281,216:4310,217:4303,218:4425,219:4227,220:4419,221:4273,222:4257,223:4433,224:4387,225:4229,226:4153,227:4277,228:4493,229:4256,230:4322,231:4417,232:4267,233:4477,234:4466,235:4340,236:4376,237:4117,238:4258,239:4444,240:4117,241:4186,242:4273,243:4379,244:4199,245:4064,246:4124,247:4388,248:4163,249:4171,250:4363,251:4192,252:4370,253:4157,254:4201,255:4191,256:4183,257:4250,258:4139,259:4212,260:4104,261:4129,262:4263,263:4209,264:4071,265:4197,266:3958,267:4173,268:3901,269:4071,270:4064,271:3810,272:3796,273:4140,274:3869,275:3864,276:3868,277:3914,278:3811,279:4021,280:3739,281:3724,282:3871,283:4037,284:3783,285:3904,286:3795,287:3902,288:3869,289:4011,290:3858,291:3643,292:3708,293:3879,294:3859,295:3949,296:3631,297:3642,298:3766,299:3941,300:3590,301:3588,302:3728,303:3775,304:3907,305:3775,306:3521,307:3577,308:3588,309:3532,310:3840,311:3816,312:3875,313:3836,314:3502,315:3828,316:3602,317:3661,318:3647,319:3517,320:3744,321:3590,322:3896,323:3813,324:3628,325:3589,326:3778,327:3596,328:3906,329:3660,330:3551,331:3854,332:3556,333:3729,334:3885,335:3693,336:3827,337:3848,338:3819,339:3633,340:3837,341:3656,342:3765,343:3970,344:3968,345:3773,346:3709,347:3753,348:3708,349:3994,350:4026,351:3837,352:3890,353:4012,354:4024,355:3854,356:4094,357:3991,358:3885,359:4170
0:4133,1:4135,2:3838,3:3998,4:4062,5:4179,6:3932,7:4065,8:3993,9:4221,10:4125,11:4155,12:4264,13:4232,14:4071,15:3962,16:4095,17:4294,18:4142,19:4062,20:4375,21:4201,22:4376,23:4337,24:4196,25:4363,26:4230,27:4423,28:4306,29:4248,30:4321,31:4426,32:4192,33:4291,34:4311,35:4301,36:4201,37:4097,38:4393,39:4457,40:4470,41:4111,42:4424,43:4250,44:4169,45:4433,46:4372,47:4155,48:4197,49:4176,50:4422,51:4266,52:4247,53:4294,54:4342,55:4320,56:4447,57:4104,58:4292,59:4204,60:4415,61:4081,62:4272,63:4395,64:4217,65:4106,66:4172,67:4197,68:4339,69:4094,70:4296,71:4125,72:4153,73:4002,74:4233,75:4256,76:4144,77:4227,78:4057,79:4213,80:4084,81:4055,82:4004,83:3922,84:3971,85:4128,86:4182,87:4093,88:4149,89:3946,90:4127,91:4130,92:3883,93:4022,94:4135,95:3748,96:3957,97:3938,98:3977,99:3977,100:3830,101:4083,102:3909,103:3745,104:3693,105:4042,106:3900,107:3678,108:3800,109:3673,110:3782,111:3887,112:3971,113:3957,114:3743,115:3721,116:3792,117:3796,118:3865,119:3893,120:3627,121:3774,122:3922,123:3703,124:3886,125:3560,126:3654,127:3891,128:3739,129:3794,130:3609,131:3852,132:3893,133:3860,134:3706,135:3724,136:3737,137:3532,138:3537,139:3811,140:3578,141:3672,142:3512,143:3865,144:3843,145:3554,146:3595,147:3693,148:3673,149:3781,150:3831,151:3787,152:3838,153:3703,154:3901,155:3871,156:3945,157:3610,158:3967,159:3966,160:3692,161:3654,162:3787,163:3948,164:3966,165:4032,166:3856,167:3747,168:4066,169:4036,170:3760,171:3856,172:4074,173:3741,174:4104,175:3846,176:4122,177:4001,178:4063,179:3934,180:4017,181:4134,182:4084,183:3958,184:3997,185:3881,186:4106,187:4044,188:4105,189:4240,190:4257,191:4083,192:4286,193:4010,194:4231,195:4182,196:4319,197:4044,198:4256,199:4089,200:4163,201:4169,202:4183,203:4214,204:4355,205:4218,206:4142,207:4250,208:4443,209:4260,210:4165,211:4220,212:4244,213:4319,214:4232,215:4189,216:4163,217:4337,218:4336,219:4145,220:4114,221:4331,222:4201,223:4199,224:4226,225:4193,226:4164,227:4265,228:4256,229:4221,230:4154,231:4231,232:4412,233:4379,234:4436,235:4248,236:4280,237:4135,238:4279,239:4433,240:4171,241:4340,242:4274,243:4390,244:4109,245:4278,246:4257,247:4249,248:4362,249:4122,250:4364,251:4245,252:4351,253:3990,254:4336,255:4184,256:4102,257:4135,258:4003,259:3998,260:4216,261:4197,262:4176,263:3948,264:4160,265:3992,266:3850,267:3847,268:3963,269:3938,270:3872,271:4142,272:3909,273:3998,274:3823,275:3753,276:4110,277:3975,278:3838,279:3960,280:3722,281:4081,282:3726,283:3970,284:3752,285:3848,286:3826,287:3966,288:4011,289:3654,290:3671,291:3998,292:3762,293:3983,294:3580,295:3646,296:3678,297:3951,298:3860,299:3666,300:3875,301:3727,302:3792,303:3841,304:3782,305:3667,306:3677,307:3675,308:3884,309:3634,310:3834,311:3775,312:3573,313:3683,314:3848,315:3799,316:3784,317:3815,318:3810,319:3551,320:3892,321:3892,322:3549,323:3543,324:3792,325:3889,326:3651,327:3720,328:3861,329:3925,330:3612,331:3785,332:3918,333:3593,334:3960,335:3788,336:3686,337:3659,338:3908,339:3696,340:3792,341:3925,342:3849,343:3638,344:3876,345:3972,346:3961,347:3877,348:3916,349:4062,350:3745,351:3885,352:4068,353:3795,354:3904,355:3776,356:3887,357:3987,358:3911,359:4081
0:3844,1:3871,2:4058,3:3958,4:4135,5:4049,6:3960,7:4210,8:4126,9:4099,10:4258,11:3985,12:4013,13:3946,14:4308,15:3978,16:4058,17:4122,18:4360,19:4340,20:4037,21:4367,22:4255,23:4019,24:4222,25:4096,26:4072,27:4083,28:4172,29:4415,30:4327,31:4286,32:4190,33:4337,34:4312,35:4398,36:4418,37:4478,38:4359,39:4161,40:4326,41:4270,42:4280,43:4367,44:4415,45:4350,46:4123,47:4269,48:4245,49:4236,50:4113,51:4371,52:4483,53:4396,54:4283,55:4439,56:4157,57:4298,58:4162,59:4253,60:4397,61:4278,62:4053,63:4266,64:4180,65:4097,66:4299,67:4248,68:4075,69:4261,70:4045,71:4217,72:4055,73:3968,74:4316,75:4139,76:4223,77:4315,78:3970,79:4056,80:3929,81:4115,82:4273,83:4150,84:3965,85:4150,86:4123,87:4132,88:4153,89:3865,90:4121,91:4017,92:3795,93:4159,94:4085,95:4116,96:3815,97:4015,98:3956,99:3901,100:3826,101:4025,102:3954,103:3885,104:3900,105:3660,106:3988,107:3670,108:3970,109:3862,110:3994,111:3889,112:3972,113:3693,114:3617,115:3749,116:3668,117:3815,118:3822,119:3857,120:3865,121:3890,122:3689,123:3580,124:3626,125:3774,126:3562,127:3536,128:3551,129:3890,130:3686,131:3861,132:3822,133:3704,134:3537,135:3796,136:3863,137:3834,138:3651,139:3603,140:3871,141:3840,142:3667,143:3690,144:3735,145:3712,146:3793,147:3847,148:3716,149:3611,150:3559,151:3694,152:3670,153:3770,154:3651,155:3750,156:3856,157:3850,158:3860,159:3880,160:3915,161:3712,162:3873,163:4011,164:3648,165:3801,166:3718,167:3691,168:3760,169:3743,170:3967,171:4081,172:3890,173:3947,174:4073,175:4069,176:4017,177:4120,178:4043,179:4124,180:3941,181:3988,182:3910,183:3935,184:4094,185:4054,186:3987,187:4141,188:4051,189:3969,190:4204,191:4021,192:3966,193:4220,194:4080,195:3983,196:4218,197:4192,198:4285,199:4299,200:4179,201:4198,202:4217,203:4266,204:4103,205:4365,206:4219,207:4184,208:4214,209:4411,210:4457,211:4267,212:4338,213:4162,214:4163,215:4345,216:4233,217:4451,218:4140,219:4167,220:4118,221:4169,222:4381,223:4438,224:4361,225:4249,226:4289,227:4200,228:4120,229:4344,230:4388,231:4356,232:4160,233:4345,234:4331,235:4327,236:4081,237:4096,238:4209,239:4273,240:4376,241:4231,242:4240,243:4077,244:4387,245:4161,246:4045,247:4169,248:4278,249:4053,250:4038,251:4060,252:4219,253:4150,254:4331,255:4267,256:4202,257:3956,258:4201,259:4228,260:4138,261:3985,262:4257,263:4002,264:3897,265:3950,266:3870,267:3895,268:3878,269:3976,270:4135,271:3948,272:3871,273:4127,274:3786,275:4114,276:4131,277:3749,278:3857,279:4102,280:3857,281:4000,282:3797,283:3915,284:4037,285:3838,286:3737,287:3900,288:3875,289:3985,290:3904,291:3693,292:3627,293:3859,294:3666,295:3675,296:3818,297:3777,298:3744,299:3786,300:3871,301:3562,302:3724,303:3821,304:3803,305:3846,306:3527,307:3833,308:3751,309:3730,310:3799,311:3578,312:3619,313:3689,314:3735,315:3813,316:3526,317:3735,318:3663,319:3579,320:3663,321:3574,322:3511,323:3601,324:3575,325:3843,326:3709,327:3563,328:3827,329:3830,330:3819,331:3569,332:3688,333:3597,334:3662,335:3855,336:3608,337:3916,338:3755,339:3751,340:3751,341:3781,342:3845,343:3757,344:4016,345:3957,346:3894,347:3741,348:3841,349:3907,350:4037,351:3852,352:3924,353:3831,354:4104,355:3877,356:3979,357:3815,358:4055,359:3894
0:3876,1:4032,2:4050,3:4061,4:4239,5:3939,6:4115,7:4129,8:4197,9:4001,10:4106,11:4222,12:4098,13:4244,14:4252,15:4187,16:4084,17:4105,18:4292,19:3989,20:4328,21:4321,22:4406,23:4083,24:4343,25:4188,26:4130,27:4057,28:4401,29:4448,30:4347,31:4239,32:4117,33:4183,34:4288,35:4101,36:4180,37:4367,38:4190,39:4453,40:4129,41:4189,42:4220,43:4445,44:4495,45:4430,46:4328,47:4298,48:4377,49:4165,50:4279,51:4192,52:4220,53:4199,54:4354,55:4444,56:4203,57:4420,58:4333,59:4156,60:4213,61:4054,62:4413,63:4244,64:4241,65:4142,66:4179,67:4327,68:4034,69:4326,70:4215,71:3995,72:4120,73:4129,74:4128,75:4233,76:4027,77:4260,78:4159,79:4112,80:3982,81:4074,82:4105,83:4011,84:4038,85:4226,86:3914,87:3984,88:4001,89:3923,90:4131,91:4179,92:4038,93:3976,94:3938,95:3929,96:4046,97:3960,98:3826,99:4031,100:3882,101:3967,102:3869,103:3722,104:3869,105:3706,106:4035,107:3857,108:3803,109:3697,110:3708,111:3678,112:3728,113:3586,114:3950,115:3672,116:3685,117:3584,118:3637,119:3781,120:3832,121:3729,122:3554,123:3536,124:3583,125:3856,126:3638,127:3894,128:3855,129:3748,130:3785,131:3766,132:3527,133:3770,134:3819,135:3754,136:3742,137:3762,138:3860,139:3507,140:3790,141:3565,142:3651,143:3883,144:3801,145:3667,146:3751,147:3648,148:3631,149:3540,150:3823,151:3681,152:3702,153:3937,154:3905,155:3841,156:3626,157:3901,158:3866,159:3868,160:3929,161:4003,162:3922,163:3894,164:3740,165:4029,166:3688,167:3763,168:3760,169:3955,170:3933,171:3949,172:3902,173:4059,174:4114,175:3759,176:3961,177:3913,178:4009,179:3830,180:4012,181:3992,182:4038,183:4229,184:4217,185:3891,186:4047,187:4028,188:4105,189:3916,190:4070,191:4060,192:4027,193:4119,194:4036,195:4169,196:4124,197:4158,198:4104,199:4362,200:4321,201:4400,202:4251,203:4236,204:4163,205:4328,206:4152,207:4425,208:4242,209:4406,210:4449,211:4213,212:4337,213:4194,214:4188,215:4323,216:4108,217:4348,218:4414,219:4371,220:4338,221:4307,222:4101,223:4418,224:4365,225:4447,226:4123,227:4265,228:4485,229:4379,230:4222,231:4222,232:4384,233:4219,234:4319,235:4356,236:4176,237:4154,238:4335,239:4229,240:4327,241:4418,242:4396,243:4299,244:4325,245:4148,246:4416,247:4196,248:4343,249:4003,250:4117,251:4378,252:4045,253:4214,254:4119,255:4014,256:4280,257:4061,258:4281,259:3960,260:3906,261:3996,262:3940,263:3948,264:4020,265:4010,266:4136,267:4095,268:3930,269:3825,270:4157,271:3809,272:3844,273:4118,274:4025,275:3806,276:3985,277:3987,278:3906,279:3890,280:3949,281:3815,282:3971,283:4026,284:3667,285:3747,286:3770,287:3797,288:3630,289:3619,290:3933,291:3673,292:3723,293:3795,294:3641,295:3757,296:3639,297:3739,298:3600,299:3641,300:3874,301:3698,302:3813,303:3595,304:3568,305:3566,306:3730,307:3595,308:3826,309:3538,310:3593,311:3866,312:3881,313:3783,314:3766,315:3540,316:3703,317:3778,318:3796,319:3565,320:3804,321:3893,322:3581,323:3791,324:3691,325:3562,326:3766,327:3894,328:3553,329:3691,330:3693,331:3699,332:3860,333:3695,334:3902,335:3822,336:3860,337:3962,338:3658,339:3627,340:3647,341:3871,342:3726,343:3673,344:3716,345:4029,346:3830,347:4040,348:3884,349:3803,350:3744,351:3795,352:3867,353:3901,354:4009,355:3945,356:4114,357:3913,358:4015,359:4135
0:4128,1:3950,2:3885,3:3954,4:4153,5:4146,6:4078,7:4136,8:3944,9:4037,10:4222,11:4254,12:3935,13:3984,14:4058,15:4137,16:4173,17:3987,18:4355,19:4296,20:4245,21:4003,22:4218,23:4060,24:4138,25:4194,26:4341,27:4087,28:4302,29:4089,30:4396,31:4400,32:4396,33:4186,34:4367,35:4280,36:4213,37:4196,38:4303,39:4401,40:4208,41:4341,42:4424,43:4173,44:4425,45:4353,46:4224,47:4148,48:4114,49:4166,50:4435,51:4122,52:4160,53:4191,54:4302,55:4259,56:4175,57:4136,58:4344,59:4214,60:4377,61:4271,62:4439,63:4232,64:4106,65:4380,66:4093,67:4137,68:4296,69:4007,70:4181,71:4193,72:4086,73:4049,74:4248,75:4063,76:3956,77:4114,78:4014,79:4208,80:4194,81:4146,82:4003,83:4132,84:3883,85:4027,86:4021,87:3987,88:3853,89:4003,90:3902,91:3876,92:3907,93:4078,94:3923,95:4067,96:3790,97:3744,98:3910,99:3729,100:3782,101:3817,102:3922,103:3913,104:3662,105:3859,106:3875,107:3632,108:3926,109:3762,110:3852,111:3826,112:3888,113:3949,114:3690,115:3968,116:3603,117:3931,118:3688,119:3844,120:3824,121:3668,122:3917,123:3668,124:3909,125:3849,126:3850,127:3769,128:3593,129:3567,130:3646,131:3623,132:3665,133:3628,134:3696,135:3524,136:3529,137:3511,138:3782,139:3565,140:3774,141:3676,142:3600,143:3526,144:3779,145:3673,146:3685,147:3883,148:3540,149:3818,150:3872,151:3798,152:3751,153:3907,154:3576,155:3701,156:3594,157:3819,158:3697,159:3734,160:3863,161:3866,162:3647,163:3720,164:3959,165:3754,166:3887,167:4021,168:4063,169:3731,170:4006,171:4008,172:3723,173:3989,174:3781,175:3880,176:3941,177:3893,178:3911,179:4166,180:4103,181:4097,182:3907,183:3911,184:4098,185:4061,186:4140,187:4231,188:3940,189:4084,190:3985,191:4215,192:3966,193:4107,194:4228,195:4128,196:4064,197:4088,198:4288,199:4246,200:4125,201:4288,202:4140,203:4108,204:4392,205:4422,206:4124,207:4377,208:4279,209:4245,210:4142,211:4450,212:4292,213:4105,214:4184,215:4248,216:4474,217:4187,218:4471,219:4312,220:4190,221:4110,222:4482,223:4315,224:4233,225:4182,226:4400,227:4482,228:4397,229:4433,230:4109,231:4370,232:4314,233:4270,234:4322,235:4109,236:4105,237:4082,238:4280,239:4077,240:4095,241:4387,242:4066,243:4288,244:4054,245:4376,246:4381,247:4133,248:4332,249:4085,250:4048,251:4070,252:4196,253:4179,254:4202,255:4075,256:3990,257:4017,258:4031,259:3916,260:3934,261:4145,262:4135,263:4151,264:4183,265:4144,266:4074,267:4177,268:4202,269:3872,270:4107,271:4098,272:4045,273:3897,274:3771,275:3852,276:3741,277:3947,278:3882,279:3768,280:4031,281:3705,282:4021,283:4044,284:3671,285:3956,286:3661,287:3644,288:3981,289:3767,290:3863,291:3829,292:3751,293:3853,294:3967,295:3839,296:3746,297:3648,298:3789,299:3886,300:3714,301:3888,302:3895,303:3768,304:3849,305:3525,306:3544,307:3850,308:3740,309:3644,310:3731,311:3521,312:3751,313:3806,314:3540,315:3778,316:3803,317:3881,318:3625,319:3516,320:3664,321:3673,322:3581,323:3691,324:3899,325:3651,326:3525,327:3884,328:3820,329:3683,330:3823,331:3792,332:3648,333:3899,334:3731,335:3892,336:3648,337:3770,338:3706,339:3851,340:3653,341:3755,342:3991,343:3891,344:3925,345:3944,346:3784,347:3671,348:4041,349:3764,350:3808,351:4054,352:3919,353:4053,354:4071,355:3916,356:3765,357:3813,358:4021,359:3830
0:4156,1:3903,2:3863,3:3960,4:4184,5:4104,6:4092,7:4132,8:4056,9:4068,10:3967,11:4048,12:4090,13:3938,14:4042,15:4261,16:4189,17:4146,18:3987,19:4040,20:4353,21:4058,22:4229,23:4024,24:4386,25:4295,26:4436,27:4382,28:4081,29:4249,30:4281,31:4138,32:4273,33:4188,34:4271,35:4452,36:4115,37:4333,38:4238,39:4226,40:4409,41:4163,42:4372,43:4227,44:4377,45:4336,46:4257,47:4222,48:4459,49:4307,50:4095,51:4349,52:4203,53:4446,54:4373,55:4282,56:4085,57:4175,58:4220,59:4098,60:4119,61:4225,62:4314,63:4298,64:4151,65:4118,66:4387,67:4276,68:4082,69:4261,70:4309,71:4371,72:4008,73:4234,74:4285,75:3990,76:4172,77:3949,78:4181,79:4013,80:4069,81:4081,82:4056,83:3998,84:4219,85:3885,86:3872,87:4019,88:4098,89:4084,90:3944,91:4034,92:3786,93:4003,94:3962,95:4008,96:4047,97:4037,98:3839,99:3831,100:3910,101:4012,102:3709,103:4047,104:3670,105:3857,106:3813,107:3989,108:3651,109:4001,110:3761,111:3859,112:3989,113:3609,114:3598,115:3585,116:3864,117:3707,118:3680,119:3851,120:3582,121:3544,122:3865,123:3745,124:3818,125:3906,126:3752,127:3569,128:3884,129:3885,130:3874,131:3637,132:3580,133:3714,134:3875,135:3509,136:3758,137:3644,138:3655,139:3600,140:3676,141:3897,142:3679,143:3771,144:3588,145:3674,146:3587,147:3796,148:3911,149:3840,150:3732,151:3695,152:3562,153:3708,154:3877,155:3950,156:3692,157:3925,158:3891,159:3910,160:3889,161:3844,162:3627,163:3674,164:3996,165:3660,166:3993,167:4047,168:3838,169:3909,170:3711,171:3792,172:3919,173:3849,174:3856,175:4058,176:3910,177:4054,178:4118,179:3952,180:3849,181:3850,182:4139,183:3956,184:4222,185:4069,186:4128,187:3966,188:4030,189:4148,190:3944,191:4114,192:3998,193:4321,194:4278,195:4181,196:4237,197:4061,198:4293,199:4072,200:4261,201:4027,202:4109,203:4171,204:4336,205:4128,206:4322,207:4129,208:4298,209:4114,210:4380,211:4390,212:4245,213:4447,214:4408,215:4337,216:4165,217:4282,218:4204,219:4470,220:4126,221:4258,222:4459,223:4154,224:4102,225:4452,226:4427,227:4461,228:4396,229:4475,230:4406,231:4429,232:4455,233:4336,234:4349,235:4119,236:4372,237:4111,238:4446,239:4080,240:4453,241:4244,242:4349,243:4295,244:4196,245:4174,246:4128,247:4033,248:4252,249:4187,250:4337,251:4251,252:4333,253:4123,254:4358,255:3977,256:4118,257:4278,258:3923,259:4186,260:3994,261:4254,262:4244,263:4010,264:4053,265:4156,266:4178,267:3985,268:3849,269:3912,270:3905,271:4133,272:4007,273:4105,274:4019,275:3973,276:3907,277:3820,278:3876,279:3714,280:3975,281:3926,282:3944,283:3913,284:3885,285:3898,286:3833,287:3728,288:3984,289:3878,290:3735,291:3753,292:3983,293:3590,294:3769,295:3646,296:3797,297:3561,298:3801,299:3887,300:3604,301:3826,302:3658,303:3803,304:3637,305:3706,306:3667,307:3669,308:3602,309:3712,310:3698,311:3609,312:3604,313:3862,314:3898,315:3801,316:3741,317:3842,318:3505,319:3797,320:3602,321:3893,322:3880,323:3704,324:3519,325:3803,326:3706,327:3584,328:3720,329:3928,330:3559,331:3649,332:3757,333:3742,334:3636,335:3868,336:3687,337:3821,338:3937,339:3606,340:3668,341:3775,342:3996,343:3922,344:3812,345:3885,346:3949,347:3852,348:3801,349:3943,350:3979,351:3789,352:3809,353:3953,354:4099,355:3959,356:3765,357:4101,358:4165,359:4132
0:3921,1:3975,2:4217,3:3849,4:4195,5:4032,6:3923,7:3981,8:4153,9:3970,10:3940,11:4071,12:4184,13:4200,14:4031,15:4251,16:4180,17:4121,18:4192,19:4300,20:4287,21:4139,22:4220,23:4372,24:4124,25:4286,26:4117,27:4436,28:4065,29:4389,30:4111,31:4112,32:4333,33:4130,34:4276,35:4336,36:4157,37:4094,38:4236,39:4177,40:4451,41:4305,42:4400,43:4420,44:4140,45:4242,46:4142,47:4244,48:4158,49:4418,50:4264,51:4479,52:4320,53:4183,54:4439,55:4472,56:4422,57:4427,58:4231,59:4072,60:4315,61:4071,62:4329,63:4262,64:4041,65:4059,66:4383,67:4373,68:4291,69:4063,70:4200,71:4378,72:3998,73:4103,74:3974,75:4122,76:4117,77:4208,78:4225,79:4088,80:3979,81:4086,82:4211,83:3903,84:4188,85:3917,86:4169,87:4213,88:4165,89:4048,90:3882,91:3949,92:3985,93:4127,94:3915,95:3766,96:4048,97:3852,98:4074,99:3860,100:3849,101:3963,102:3964,103:3778,104:3877,105:3706,106:3995,107:4027,108:3895,109:3806,110:3868,111:3704,112:3760,113:3799,114:3780,115:3805,116:3677,117:3677,118:3633,119:3672,120:3541,121:3565,122:3919,123:3802,124:3576,125:3561,126:3677,127:3554,128:3847,129:3646,130:3888,131:3854,132:3724,133:3836,134:3883,135:3883,136:3833,137:3859,138:3632,139:3878,140:3640,141:3692,142:3856,143:3614,144:3687,145:3688,146:3580,147:3550,148:3736,149:3578,150:3577,151:3728,152:3677,153:3563,154:3630,155:3774,156:3708,157:3679,158:3910,159:3812,160:3727,161:3759,162:3854,163:3635,164:3715,165:3677,166:3962,167:3868,168:3749,169:4063,170:3816,171:4013,172:4009,173:3787,174:3741,175:3768,176:3878,177:4051,178:4170,179:3912,180:4045,181:4136,182:3837,183:3890,184:4149,185:3993,186:4033,187:4085,188:4251,189:4201,190:4045,191:4187,192:4225,193:4224,194:4210,195:4151,196:4338,197:4307,198:4148,199:4054,200:4298,201:4369,202:4039,203:4154,204:4061,205:4217,206:4292,207:4240,208:4179,209:4182,210:4265,211:4397,212:4343,213:4218,214:4373,215:4274,216:4179,217:4232,218:4285,219:4102,220:4146,221:4320,222:4438,223:4346,224:4364,225:4392,226:4377,227:4192,228:4296,229:4398,230:4471,231:4373,232:4157,233:4216,234:4259,235:4237,236:4265,237:4106,238:4290,239:4379,240:4390,241:4331,242:4353,243:4166,244:4272,245:4320,246:4237,247:4109,248:4073,249:4262,250:4092,251:4301,252:4137,253:4096,254:4203,255:4222,256:3969,257:3966,258:3987,259:3953,260:4135,261:4005,262:3913,263:3890,264:4010,265:4224,266:4212,267:4045,268:3827,269:3845,270:4161,271:4182,272:4086,273:3777,274:3933,275:4043,276:4111,277:3881,278:3868,279:4011,280:3759,281:3843,282:4049,283:3797,284:3887,285:3729,286:3830,287:3646,288:3628,289:3935,290:3719,291:3660,292:3804,293:3873,294:3681,295:3724,296:3900,297:3685,298:3627,299:3754,300:3884,301:3781,302:3852,303:3742,304:3835,305:3828,306:3530,307:3850,308:3693,309:3637,310:3856,311:3564,312:3626,313:3677,314:3831,315:3872,316:3713,317:3693,318:3899,319:3558,320:3886,321:3836,322:3515,323:3633,324:3911,325:3557,326:3623,327:3751,328:3565,329:3899,330:3810,331:3918,332:3638,333:3928,334:3945,335:3731,336:3665,337:3891,338:3828,339:3672,340:3888,341:3988,342:3753,343:3873,344:3873,345:3969,346:3948,347:3986,348:3767,349:3833,350:3847,351:4000,352:4069,353:3914,354:4034,355:4127,356:3769,357:3841,358:4120,359:3860
0:4065,1:4011,2:3845,3:3953,4:4048,5:3944,6:4050,7:3927,8:4021,9:4142,10:4230,11:4002,12:4278,13:3950,14:4195,15:3994,16:4009,17:4306,18:4129,19:4311,20:4067,21:4120,22:4404,23:4275,24:4076,25:4030,26:4369,27:4132,28:4298,29:4111,30:4298,31:4320,32:4157,33:4339,34:4426,35:4365,36:4343,37:4416,38:4274,39:4476,40:4443,41:4206,42:4219,43:4493,44:4367,45:4244,46:4277,47:4401,48:4332,49:4457,50:4451,51:4115,52:4458,53:4432,54:4353,55:4335,56:4470,57:4128,58:4421,59:4252,60:4379,61:4342,62:4258,63:4411,64:4053,65:4313,66:4203,67:4042,68:4202,69:4138,70:4277,71:4081,72:4196,73:3976,74:4103,75:4110,76:4128,77:4321,78:3935,79:4117,80:4127,81:4260,82:4140,83:3923,84:4169,85:4000,86:3863,87:3994,88:4027,89:4036,90:4158,91:4090,92:3925,93:4056,94:3827,95:3835,96:3980,97:4070,98:3722,99:3872,100:4000,101:3819,102:3827,103:3697,104:3992,105:3909,106:3932,107:4030,108:3800,109:3927,110:3987,111:3860,112:3958,113:3883,114:3922,115:3581,116:3727,117:3865,118:3745,119:3911,120:3928,121:3913,122:3921,123:3646,124:3813,125:3855,126:3544,127:3621,128:3859,129:3561,130:3856,131:3566,132:3890,133:3570,134:3738,135:3521,136:3504,137:3625,138:3702,139:3685,140:3868,141:3506,142:3623,143:3547,144:3539,145:3890,146:3657,147:3595,148:3602,149:3680,150:3719,151:3932,152:3911,153:3607,154:3574,155:3859,156:3589,157:3885,158:3644,159:3807,160:3840,161:3827,162:3727,163:3907,164:3744,165:3810,166:3969,167:3948,168:3925,169:4034,170:3931,171:3870,172:3963,173:4118,174:3984,175:3962,176:3768,177:4018,178:3785,179:3945,180:3914,181:3893,182:4116,183:3982,184:3929,185:4018,186:4141,187:4008,188:4071,189:4042,190:3932,191:4054,192:4119,193:3937,194:4252,195:3968,196:4111,197:4232,198:3998,199:4089,200:4019,201:4131,202:4024,203:4112,204:4036,205:4070,206:4236,207:4097,208:4088,209:4108,210:4111,211:4261,212:4268,213:4470,214:4327,215:4104,216:4347,217:4408,218:4292,219:4364,220:4464,221:4143,222:4108,223:4123,224:4477,225:4423,226:4153,227:4210,228:4394,229:4135,230:4435,231:4372,232:4144,233:4242,234:4443,235:4223,236:4205,237:4325,238:4149,239:4320,240:4269,241:4156,242:4191,243:4344,244:4426,245:4323,246:4341,247:4278,248:4217,249:4060,250:4101,251:4067,252:4005,253:4145,254:4203,255:4348,256:4271,257:4058,258:4213,259:3989,260:4070,261:4286,262:4157,263:4202,264:4211,265:4146,266:3856,267:4167,268:4170,269:4103,270:4189,271:4069,272:4102,273:4079,274:3900,275:3938,276:3742,277:4094,278:3765,279:3766,280:3747,281:4059,282:3768,283:3884,284:3727,285:4004,286:3919,287:4026,288:3723,289:3767,290:3846,291:3958,292:3899,293:3765,294:3842,295:3589,296:3681,297:3853,298:3605,299:3912,300:3726,301:3550,302:3864,303:3906,304:3843,305:3671,306:3848,307:3839,308:3651,309:3658,310:3815,311:3713,312:3786,313:3622,314:3889,315:3509,316:3688,317:3568,318:3793,319:3791,320:3532,321:3546,322:3791,323:3869,324:3706,325:3535,326:3687,327:3609,328:3639,329:3572,330:3744,331:3781,332:3674,333:3937,334:3676,335:3930,336:3820,337:3881,338:3917,339:3899,340:3688,341:3672,342:3688,343:3905,344:3691,345:3841,346:4029,347:3839,348:3849,349:3881,350:3864,351:4055,352:4058,353:3778,354:4055,355:3875,356:3930,357:3837,358:4150,359:3998
0:3830,1:4192,2:3986,3:3863,4:4056,5:4213,6:3939,7:4271,8:4170,9:4017,10:4215,11:3943,12:4047,13:4299,14:4230,15:4280,16:3981,17:4083,18:4169,19:4190,20:4142,21:4228,22:4392,23:4112,24:4176,25:4259,26:4188,27:4386,28:4380,29:4409,30:4143,31:4163,32:4343,33:4368,34:4229,35:4131,36:4269,37:4300,38:4414,39:4217,40:4393,41:4127,42:4141,43:4134,44:4230,45:4349,46:4448,47:4275,48:4145,49:4154,50:4418,51:4230,52:4162,53:4205,54:4143,55:4259,56:4316,57:4101,58:4362,59:4064,60:4183,61:4103,62:4294,63:4440,64:4280,65:4122,66:4258,67:4118,68:4142,69:4260,70:4149,71:4299,72:4060,73:4076,74:3995,75:4059,76:4004,77:4076,78:4266,79:3971,80:3910,81:4275,82:4175,83:4220,84:4167,85:3990,86:4058,87:3930,88:4206,89:4021,90:4124,91:3941,92:4052,93:3979,94:3797,95:3973,96:3822,97:3940,98:4031,99:3740,100:3876,101:3753,102:3858,103:4023,104:3899,105:3905,106:3949,107:3838,108:3930,109:3715,110:3688,111:3767,112:3591,113:3738,114:3713,115:3918,116:3734,117:3778,118:3610,119:3602,120:3641,121:3841,122:3709,123:3720,124:3554,125:3670,126:3900,127:3688,128:3813,129:3623,130:3721,131:3887,132:3538,133:3780,134:3734,135:3725,136:3688,137:3871,138:3512,139:3703,140:3706,141:3760,142:3517,143:3868,144:3814,145:3776,146:3915,147:3565,148:3759,149:3753,150:3777,151:3564,152:3835,153:3821,154:3923,155:3595,156:3937,157:3743,158:3953,159:3616,160:3977,161:3975,162:3944,163:3963,164:3822,165:4034,166:4023,167:3956,168:4026,169:4009,170:3914,171:3926,172:3966,173:4020,174:3864,175:3787,176:4062,177:4163,178:4080,179:4011,180:3919,181:4157,182:3852,183:3889,184:3998,185:4082,186:3979,187:4147,188:4262,189:4073,190:4023,191:4264,192:4163,193:4027,194:4299,195:4066,196:4058,197:4097,198:3982,199:4180,200:4345,201:4335,202:4030,203:4174,204:4331,205:4259,206:4295,207:4209,208:4089,209:4186,210:4238,211:4459,212:4438,213:4142,214:4403,215:4123,216:4172,217:4343,218:4418,219:4372,220:4358,221:4117,222:4169,223:4177,224:4418,225:4429,226:4428,227:4166,228:4141,229:4343,230:4103,231:4232,232:4166,233:4222,234:4244,235:4362,236:4364,237:4143,238:4452,239:4136,240:4399,241:4440,242:4415,243:4058,244:4139,245:4174,246:4144,247:4318,248:4021,249:4165,250:4201,251:4337,252:4326,253:4174,254:4275,255:4220,256:4061,257:4301,258:4193,259:3959,260:4175,261:4192,262:4160,263:3892,264:3873,265:4177,266:4209,267:4031,268:4020,269:4089,270:3959,271:4088,272:3902,273:3831,274:3999,275:3910,276:4099,277:3881,278:3935,279:4012,280:3892,281:3798,282:3692,283:3860,284:3854,285:3775,286:4005,287:3911,288:3754,289:3639,290:3716,291:3796,292:3801,293:3969,294:3781,295:3889,296:3689,297:3888,298:3880,299:3579,300:3583,301:3620,302:3749,303:3775,304:3660,305:3686,306:3914,307:3879,308:3809,309:3892,310:3739,311:3851,312:3615,313:3757,314:3644,315:3837,316:3693,317:3504,318:3603,319:3597,320:3874,321:3585,322:3702,323:3763,324:3631,325:3910,326:3917,327:3613,328:3833,329:3725,330:3921,331:3597,332:3641,333:3643,334:3624,335:3873,336:3770,337:3933,338:3906,339:3824,340:3936,341:3766,342:3922,343:3763,344:3690,345:3771,346:3916,347:3845,348:3935,349:3834,350:3969,351:3780,352:3739,353:3977,354:3917,355:3957,356:3878,357:3963,358:4165,359:3793
0:4104,1:3930,2:4013,3:3972,4:4144,5:4179,6:4063,7:4085,8:4128,9:3926,10:4289,11:4112,12:4004,13:4002,14:3949,15:4305,16:4222,17:4036,18:4000,19:4375,20:4049,21:4294,22:4024,23:4063,24:4111,25:4330,26:4346,27:4058,28:4063,29:4328,30:4354,31:4248,32:4232,33:4300,34:4390,35:4224,36:4257,37:4400,38:4154,39:4473,40:4422,41:4443,42:4284,43:4230,44:4128,45:4170,46:4409,47:4483,48:4301,49:4466,50:4095,51:4285,52:4259,53:4205,54:4086,55:4308,56:4461,57:4098,58:4117,59:4150,60:4275,61:4066,62:4442,63:4276,64:4117,65:4188,66:4108,67:4256,68:4352,69:4233,70:4028,71:4270,72:4088,73:4294,74:4348,75:4052,76:4026,77:4109,78:4240,79:3985,80:3989,81:4072,82:3940,83:4238,84:3926,85:3979,86:4068,87:3998,88:3869,89:4046,90:4031,91:4028,92:3838,93:3977,94:3799,95:3763,96:3997,97:4104,98:3967,99:4007,100:3703,101:3986,102:3837,103:3669,104:3817,105:3979,106:3731,107:3835,108:3875,109:3849,110:3727,111:3834,112:3735,113:3795,114:3869,115:3743,116:3636,117:3790,118:3552,119:3661,120:3675,121:3798,122:3814,123:3582,124:3652,125:3589,126:3622,127:3636,128:3579,129:3765,130:3678,131:3772,132:3775,133:3731,134:3707,135:3518,136:3867,137:3844,138:3724,139:3598,140:3508,141:3834,142:3568,143:3645,144:3726,145:3531,146:3633,147:3561,148:3611,149:3641,150:3934,151:3615,152:3644,153:3827,154:3639,155:3728,156:3785,157:3937,158:3792,159:3978,160:3630,161:3872,162:3854,163:3780,164:3940,165:3841,166:4039,167:3830,168:3991,169:4032,170:3705,171:3844,172:3746,173:3765,174:4116,175:3802,176:3993,177:4058,178:3971,179:3813,180:3933,181:4068,182:3978,183:3877,184:4073,185:3906,186:4119,187:3908,188:4277,189:3911,190:4162,191:4130,192:3959,193:4198,194:4102,195:4001,196:4153,197:4201,198:4293,199:4075,200:4286,201:4393,202:4166,203:4095,204:4290,205:4249,206:4362,207:4335,208:4126,209:4089,210:4150,211:4161,212:4185,213:4080,214:4148,215:4316,216:4417,217:4128,218:4150,219:4270,220:4227,221:4211,222:4140,223:4232,224:4307,225:4440,226:4107,227:4332,228:4184,229:4298,230:4178,231:4136,232:4258,233:4164,234:4339,235:4232,236:4448,237:4309,238:4098,239:4444,240:4113,241:4149,242:4407,243:4213,244:4429,245:4067,246:4203,247:4331,248:4373,249:4011,250:4070,251:4049,252:4154,253:4297,254:4106,255:4187,256:4313,257:4311,258:4295,259:3951,260:4069,261:3972,262:4044,263:3924,264:4009,265:3894,266:4091,267:3923,268:4216,269:3895,270:4012,271:3804,272:3826,273:3957,274:4110,275:3934,276:3918,277:3832,278:3931,279:3816,280:3881,281:3720,282:4053,283:3876,284:3808,285:3999,286:3833,287:3677,288:3659,289:3918,290:3689,291:3679,292:3644,293:3724,294:3967,295:3866,296:3731,297:3914,298:3587,299:3608,300:3548,301:3547,302:3769,303:3584,304:3808,305:3797,306:3670,307:3749,308:3806,309:3681,310:3862,311:3640,312:3816,313:3714,314:3835,315:3540,316:3697,317:3806,318:3837,319:3618,320:3721,321:3632,322:3824,323:3667,324:3663,325:3590,326:3571,327:3676,328:3841,329:3612,330:3867,331:3913,332:3804,333:3737,334:3834,335:3808,336:3839,337:3927,338:3983,339:3804,340:3679,341:3943,342:3629,343:3948,344:3795,345:3785,346:3809,347:3770,348:3696,349:3875,350:3964,351:3873,352:3899,353:3788,354:4053,355:3993,356:4108,357:4090,358:4075,359:3940
0:3944,1:3867,2:3981,3:3894,4:4192,5:3869,6:4242,7:3874,8:4070,9:4146,10:3963,11:3992,12:4238,13:4055,14:3948,15:4265,16:4075,17:4154,18:4180,19:4355,20:4154,21:4103,22:4123,23:4021,24:4354,25:4194,26:4422,27:4223,28:4070,29:4355,30:4358,31:4251,32:4456,33:4155,34:4370,35:4474,36:4226,37:4415,38:4422,39:4262,40:4263,41:4292,42:4171,43:4388,44:4322,45:4480,46:4182,47:4283,48:4227,49:4202,50:4184,51:4232,52:4204,53:4175,54:4087,55:4394,56:4125,57:4441,58:4392,59:4332,60:4184,61:4097,62:4137,63:4379,64:4383,65:4270,66:4195,67:4126,68:4183,69:4252,70:4162,71:4294,72:4178,73:4362,74:4254,75:4200,76:4268,77:4008,78:4070,79:4081,80:4157,81:3936,82:3938,83:4164,84:3874,85:3916,86:4035,87:3935,88:4082,89:4049,90:3884,91:4153,92:3806,93:4102,94:4154,95:3886,96:3786,97:4062,98:3724,99:3734,100:4060,101:3788,102:4047,103:3912,104:3721,105:3749,106:3707,107:3929,108:3979,109:4008,110:3664,111:3922,112:3781,113:3625,114:3620,115:3945,116:3644,117:3872,118:3911,119:3684,120:3687,121:3869,122:3534,123:3800,124:3773,125:3899,126:3851,127:3811,128:3556,129:3772,130:3767,131:3648,132:3777,133:3802,134:3887,135:3533,136:3882,137:3634,138:3667,139:3684,140:3796,141:3582,142:3709,143:3730,144:3737,145:3601,146:3795,147:3740,148:3724,149:3855,150:3859,151:3758,152:3781,153:3836,154:3963,155:3689,156:3835,157:3945,158:3688,159:3718,160:3965,161:3989,162:3853,163:3721,164:3733,165:3983,166:3996,167:3794,168:3739,169:3983,170:3874,171:3823,172:3750,173:3963,174:3798,175:3769,176:4094,177:3829,178:3837,179:3899,180:4046,181:4132,182:3846,183:4125,184:3946,185:4054,186:3919,187:4152,188:4267,189:4152,190:4155,191:4294,192:4296,193:4043,194:4323,195:4314,196:4226,197:4207,198:4336,199:4143,200:4387,201:4238,202:4318,203:4403,204:4385,205:4101,206:4328,207:4309,208:4188,209:4086,210:4118,211:4240,212:4184,213:4309,214:4324,215:4123,216:4374,217:4110,218:4475,219:4472,220:4258,221:4483,222:4201,223:4363,224:4130,225:4392,226:4354,227:4300,228:4353,229:4173,230:4424,231:4237,232:4237,233:4212,234:4298,235:4304,236:4257,237:4186,238:4147,239:4411,240:4294,241:4386,242:4277,243:4224,244:4219,245:4234,246:4239,247:4343,248:4361,249:4290,250:4026,251:4361,252:4359,253:4252,254:4170,255:4278,256:4116,257:4235,258:4188,259:4080,260:4243,261:3972,262:4201,263:4001,264:3902,265:4243,266:4129,267:4068,268:4177,269:4016,270:3813,271:3832,272:4087,273:3805,274:3976,275:4010,276:3879,277:3927,278:3952,279:4099,280:3862,281:3840,282:3940,283:4005,284:4043,285:4014,286:3765,287:3866,288:3836,289:3951,290:3969,291:3938,292:3668,293:3709,294:3886,295:3595,296:3917,297:3611,298:3889,299:3698,300:3594,301:3666,302:3886,303:3842,304:3786,305:3865,306:3640,307:3740,308:3884,309:3540,310:3775,311:3694,312:3887,313:3730,314:3550,315:3656,316:3581,317:3648,318:3771,319:3841,320:3854,321:3651,322:3532,323:3848,324:3747,325:3679,326:3806,327:3793,328:3569,329:3674,330:3694,331:3648,332:3579,333:3849,334:3875,335:3657,336:3753,337:3631,338:3885,339:3842,340:3925,341:3659,342:3877,343:3659,344:3797,345:3710,346:3696,347:3851,348:3687,349:3911,350:3752,351:3874,352:3720,353:3826,354:3832,355:3790,356:3795,357:4061,358:4145,359:4055
0:3960,1:3813,2:3856,3:3843,4:3936,5:4047,6:4221,7:4035,8:4064,9:4006,10:4157,11:4067,12:4124,13:4220,14:4134,15:4177,16:3994,17:4205,18:4329,19:4338,20:4077,21:4207,22:4327,23:4312,24:4134,25:4118,26:4318,27:4297,28:4050,29:4271,30:4229,31:4303,32:4324,33:4274,34:4289,35:4364,36:4295,37:4313,38:4177,39:4158,40:4286,41:4409,42:4428,43:4376,44:4435,45:4424,46:4221,47:4286,48:4245,49:4382,50:4453,51:4321,52:4091,53:4125,54:4289,55:4382,56:4241,57:4261,58:4172,59:4069,60:4247,61:4229,62:4075,63:4186,64:4412,65:4070,66:4402,67:4198,68:4328,69:4314,70:4240,71:4241,72:4370,73:4279,74:3981,75:4178,76:4191,77:3990,78:4233,79:4243,80:4113,81:4063,82:4243,83:3888,84:3897,85:3933,86:4223,87:3860,88:4022,89:3880,90:4055,91:3803,92:4160,93:3842,94:4110,95:4079,96:3775,97:4105,98:4008,99:3775,100:4008,101:3754,102:4048,103:3906,104:3941,105:3760,106:3895,107:3729,108:3946,109:3960,110:3939,111:3722,112:3664,113:3717,114:3814,115:3763,116:3839,117:3621,118:3625,119:3693,120:3610,121:3818,122:3903,123:3842,124:3633,125:3892,126:3877,127:3527,128:3747,129:3565,130:3886,131:3710,132:3572,133:3726,134:3753,135:3873,136:3809,137:3802,138:3590,139:3529,140:3642,141:3816,142:3630,143:3711,144:3823,145:3875,146:3877,147:3560,148:3770,149:3721,150:3783,151:3619,152:3702,153:3797,154:3798,155:3968,156:3782,157:3754,158:3885,159:3828,160:3792,161:3958,162:4019,163:3712,164:3710,165:3855,166:3937,167:3920,168:4062,169:3919,170:3811,171:3905,172:3891,173:4068,174:3905,175:4111,176:3833,177:3994,178:4068,179:4088,180:3996,181:4014,182:3896,183:4065,184:3864,185:3976,186:4046,187:4188,188:4018,189:4217,190:4065,191:4197,192:4126,193:4249,194:4064,195:4247,196:3989,197:4319,198:4368,199:4094,200:4341,201:4157,202:4352,203:4027,204:4034,205:4186,206:4187,207:4256,208:4443,209:4154,210:4235,211:4098,212:4106,213:4175,214:4243,215:4168,216:4409,217:4291,218:4305,219:4275,220:4339,221:4284,222:4354,223:4391,224:4340,225:4112,226:4120,227:4456,228:4251,229:4349,230:4316,231:4410,232:4464,233:4353,234:4229,235:4406,236:4413,237:4254,238:4311,239:4169,240:4318,241:4168,242:4073,243:4123,244:4374,245:4212,246:4220,247:4036,248:4309,249:4190,250:4307,251:4063,252:4200,253:4030,254:4071,255:4132,256:4079,257:3993,258:3983,259:4196,260:4019,261:4006,262:4224,263:4102,264:4249,265:4128,266:3942,267:4069,268:3974,269:3860,270:3900,271:4036,272:3889,273:3928,274:3964,275:4028,276:3918,277:4125,278:4063,279:3745,280:4011,281:3832,282:3690,283:3865,284:3976,285:3742,286:4038,287:4015,288:3749,289:3934,290:3795,291:3834,292:3701,293:3634,294:3968,295:3577,296:3611,297:3588,298:3611,299:3754,300:3775,301:3666,302:3548,303:3527,304:3873,305:3765,306:3816,307:3783,308:3649,309:3646,310:3508,311:3608,312:3773,313:3873,314:3747,315:3602,316:3742,317:3837,318:3744,319:3559,320:3578,321:3518,322:3542,323:3654,324:3820,325:3648,326:3546,327:3788,328:3765,329:3725,330:3817,331:3549,332:3715,333:3684,334:3749,335:3872,336:3904,337:3615,338:3934,339:3833,340:3783,341:3912,342:3892,343:3796,344:3917,345:4008,346:4008,347:4015,348:3689,349:3759,350:4080,351:3780,352:3805,353:3851,354:4019,355:3844,356:4032,357:3979,358:4052,359:4136
0:4031,1:4165,2:3977,3:3991,4:4149,5:4093,6:4123,7:4061,8:3999,9:4172,10:4006,11:4038,12:4090,13:4067,14:4158,15:4348,16:4070,17:4040,18:4368,19:4080,20:4066,21:4221,22:4253,23:4110,24:4286,25:4304,26:4353,27:4441,28:4225,29:4237,30:4238,31:4439,32:4110,33:4319,34:4256,35:4121,36:4172,37:4362,38:4219,39:4220,40:4269,41:4335,42:4455,43:4229,44:4211,45:4289,46:4209,47:4470,48:4342,49:4490,50:4473,51:4289,52:4138,53:4472,54:4105,55:4262,56:4347,57:4149,58:4223,59:4098,60:4158,61:4286,62:4115,63:4087,64:4225,65:4371,66:4324,67:4275,68:4370,69:4388,70:4144,71:4063,72:4309,73:4145,74:4196,75:4063,76:4150,77:4147,78:4290,79:4130,80:4180,81:4092,82:4053,83:4091,84:3944,85:3970,86:4217,87:3940,88:3864,89:4144,90:4103,91:4174,92:3934,93:4131,94:3771,95:4125,96:3774,97:4015,98:4090,99:3880,100:3951,101:3973,102:3797,103:3934,104:3897,105:3917,106:3862,107:3706,108:3781,109:3659,110:3662,111:3940,112:3679,113:3868,114:3968,115:3641,116:3746,117:3912,118:3902,119:3813,120:3826,121:3675,122:3694,123:3910,124:3716,125:3811,126:3839,127:3599,128:3761,129:3622,130:3654,131:3554,132:3604,133:3536,134:3519,135:3500,136:3547,137:3839,138:3774,139:3504,140:3570,141:3777,142:3570,143:3590,144:3791,145:3547,146:3756,147:3667,148:3613,149:3768,150:3618,151:3666,152:3671,153:3793,154:3671,155:3781,156:3650,157:3875,158:3649,159:3859,160:3843,161:3764,162:3783,163:3998,164:3815,165:3981,166:3707,167:4064,168:3699,169:3726,170:4047,171:3943,172:3873,173:4107,174:3890,175:3884,176:3975,177:4131,178:3888,179:3985,180:3978,181:3889,182:4156,183:3925,184:4053,185:4214,186:3988,187:4179,188:4025,189:4281,190:3983,191:4268,192:4220,193:4237,194:4077,195:4278,196:4203,197:4139,198:4012,199:4223,200:3994,201:4144,202:4195,203:4158,204:4391,205:4248,206:4354,207:4320,208:4210,209:4259,210:4245,211:4450,212:4190,213:4359,214:4374,215:4172,216:4224,217:4241,218:4345,219:4365,220:4145,221:4475,222:4142,223:4194,224:4480,225:4485,226:4179,227:4138,228:4177,229:4135,230:4323,231:4309,232:4384,233:4255,234:4484,235:4332,236:4186,237:4319,238:4424,239:4463,240:4317,241:4354,242:4367,243:4386,244:4165,245:4262,246:4297,247:4125,248:4269,249:4133,250:4254,251:4074,252:4213,253:4006,254:4201,255:4222,256:4067,257:4130,258:4177,259:4166,260:4182,261:4071,262:4234,263:3933,264:3912,265:3980,266:4176,267:3894,268:4088,269:4190,270:3890,271:4115,272:3914,273:4082,274:3828,275:3750,276:3834,277:3883,278:4058,279:3843,280:3820,281:3958,282:3799,283:3739,284:3769,285:3947,286:3693,287:3711,288:3932,289:3816,290:3879,291:3734,292:3818,293:3738,294:3591,295:3610,296:3724,297:3927,298:3701,299:3942,300:3668,301:3919,302:3631,303:3834,304:3755,305:3846,306:3882,307:3807,308:3895,309:3756,310:3635,311:3851,312:3545,313:3634,314:3809,315:3640,316:3614,317:3673,318:3733,319:3534,320:3651,321:3599,322:3641,323:3694,324:3766,325:3703,326:3555,327:3693,328:3593,329:3895,330:3873,331:3899,332:3863,333:3947,334:3759,335:3621,336:3737,337:3591,338:3956,339:3936,340:3666,341:3888,342:3642,343:3833,344:3829,345:3735,346:3842,347:3824,348:3694,349:3974,350:3982,351:3929,352:3867,353:3987,354:3963,355:3994,356:3958,357:4124,358:3869,359:4125
0:4064,1:3870,2:4004,3:4127,4:4012,5:4210,6:3875,7:4012,8:4249,9:4270,10:4252,11:4208,12:4056,13:4154,14:4019,15:4248,16:3973,17:4223,18:4138,19:4267,20:4041,21:4199,22:4106,23:4064,24:4077,25:4261,26:4113,27:4204,28:4235,29:4312,30:4147,31:4248,32:4156,33:4299,34:4352,35:4230,36:4257,37:4167,38:4425,39:4269,40:4141,41:4273,42:4360,43:4491,44:4246,45:4414,46:4293,47:4289,48:4147,49:4224,50:4197,51:4162,52:4172,53:4133,54:4315,55:4269,56:4227,57:4354,58:4238,59:4289,60:4332,61:4162,62:4180,63:4229,64:4308,65:4380,66:4416,67:4119,68:4013,69:4346,70:4373,71:4190,72:4304,73:4050,74:4268,75:4044,76:4271,77:4236,78:3991,79:3923,80:4249,81:4172,82:4163,83:4003,84:4043,85:3996,86:3910,87:3983,88:4173,89:3969,90:3826,91:4160,92:3816,93:3966,94:3784,95:3929,96:3877,97:3730,98:3900,99:3906,100:3764,101:3873,102:3757,103:3811,104:3762,105:3844,106:3858,107:3836,108:3827,109:3640,110:3684,111:3851,112:3778,113:3919,114:3924,115:3764,116:3748,117:3921,118:3737,119:3895,120:3559,121:3824,122:3849,123:3722,124:3820,125:3723,126:3653,127:3669,128:3512,129:3532,130:3596,131:3541,132:3698,133:3585,134:3829,135:3621,136:3891,137:3619,138:3709,139:3552,140:3767,141:3624,142:3822,143:3769,144:3676,145:3905,146:3554,147:3884,148:3597,149:3730,150:3548,151:3825,152:3936,153:3660,154:3846,155:3846,156:3956,157:3632,158:3727,159:3922,160:3731,161:3839,162:3951,163:3637,164:3898,165:3832,166:3977,167:4055,168:3985,169:4084,170:3698,171:4066,172:3884,173:4067,174:4125,175:4147,176:3919,177:4109,178:4172,179:4051,180:3996,181:4110,182:4215,183:4026,184:4168,185:3967,186:4075,187:4000,188:4033,189:4131,190:4054,191:4240,192:4007,193:4186,194:4226,195:3951,196:4156,197:4316,198:4321,199:4257,200:4044,201:4185,202:4139,203:4367,204:4115,205:4309,206:4260,207:4398,208:4357,209:4273,210:4161,211:4171,212:4359,213:4414,214:4280,215:4204,216:4348,217:4180,218:4319,219:4155,220:4377,221:4420,222:4178,223:4452,224:4496,225:4435,226:4265,227:4404,228:4178,229:4394,230:4165,231:4486,232:4239,233:4308,234:4482,235:4357,236:4451,237:4263,238:4136,239:4094,240:4404,241:4436,242:4325,243:4213,244:4189,245:4277,246:4265,247:4337,248:4146,249:4347,250:4378,251:4217,252:3991,253:3976,254:4051,255:4240,256:4059,257:4138,258:4270,259:4097,260:3953,261:4053,262:4169,263:4247,264:4090,265:4243,266:4081,267:4032,268:4168,269:3832,270:4087,271:3854,272:4089,273:4041,274:3814,275:3951,276:3766,277:4078,278:3875,279:3922,280:3734,281:3918,282:4071,283:3711,284:3874,285:3733,286:3720,287:3942,288:3863,289:3667,290:3649,291:3994,292:3920,293:3920,294:3782,295:3957,296:3699,297:3808,298:3882,299:3938,300:3684,301:3902,302:3744,303:3788,304:3750,305:3841,306:3906,307:3607,308:3589,309:3609,310:3704,311:3508,312:3867,313:3771,314:3548,315:3566,316:3530,317:3536,318:3839,319:3556,320:3721,321:3818,322:3689,323:3626,324:3831,325:3672,326:3645,327:3600,328:3654,329:3661,330:3735,331:3705,332:3795,333:3631,334:3857,335:3741,336:3844,337:3603,338:3976,339:3957,340:3764,341:3858,342:3634,343:3766,344:3773,345:3891,346:3803,347:3913,348:3699,349:3769,350:3974,351:3805,352:3969,353:3732,354:3806,355:4097,356:3855,357:3769,358:4085,359:3976
0:4078,1:4106,2:3867,3:4067,4:3889,5:3984,6:4097,7:4053,8:4080,9:4257,10:4132,11:4139,12:4019,13:4329,14:4070,15:4292,16:4073,17:3968,18:4240,19:4181,20:4137,21:4249,22:4169,23:4413,24:4331,25:4383,26:4057,27:4320,28:4123,29:4265,30:4093,31:4442,32:4387,33:4226,34:4261,35:4323,36:4231,37:4303,38:4175,39:4319,40:4129,41:4425,42:4373,43:4256,44:4380,45:4417,46:4233,47:4345,48:4151,49:4332,50:4378,51:4403,52:4158,53:4453,54:4351,55:4274,56:4153,57:4129,58:4202,59:4255,60:4432,61:4154,62:4115,63:4073,64:4214,65:4034,66:4055,67:4294,68:4361,69:4393,70:4079,71:4003,72:4078,73:3986,74:4060,75:4030,76:4198,77:4293,78:4231,79:3948,80:4190,81:4160,82:4052,83:4269,84:3878,85:4228,86:3984,87:3875,88:3998,89:3995,90:4027,91:3954,92:3965,93:3910,94:3881,95:3966,96:3987,97:3894,98:3906,99:4092,100:3926,101:3836,102:4054,103:3899,104:4028,105:3889,106:3967,107:3792,108:3879,109:3951,110:3715,111:3957,112:3752,113:3590,114:3671,115:3928,116:3910,117:3601,118:3773,119:3604,120:3609,121:3660,122:3868,123:3700,124:3899,125:3896,126:3911,127:3560,128:3636,129:3571,130:3741,131:3523,132:3873,133:3891,134:3814,135:3541,136:3714,137:3765,138:3649,139:3863,140:3901,141:3883,142:3519,143:3718,144:3875,145:3894,146:3738,147:3874,148:3859,149:3895,150:3899,151:3710,152:3743,153:3589,154:3775,155:3704,156:3926,157:3904,158:3833,159:3973,160:3730,161:3652,162:3778,163:4031,164:3822,165:3873,166:3904,167:3802,168:3769,169:3922,170:4017,171:4091,172:3830,173:3869,174:3828,175:3789,176:3847,177:4065,178:4038,179:3813,180:3873,181:4034,182:3974,183:3835,184:4226,185:4244,186:4179,187:4069,188:4146,189:4090,190:3920,191:4280,192:3928,193:4020,194:4304,195:4080,196:4118,197:4287,198:4104,199:4139,200:4270,201:4192,202:4298,203:4197,204:4268,205:4167,206:4189,207:4340,208:4208,209:4076,210:4440,211:4452,212:4167,213:4357,214:4474,215:4379,216:4290,217:4123,218:4235,219:4200,220:4415,221:4369,222:4328,223:4188,224:4161,225:4187,226:4223,227:4313,228:4210,229:4447,230:4463,231:4149,232:4359,233:4446,234:4449,235:4317,236:4405,237:4409,238:4339,239:4448,240:4363,241:4139,242:4075,243:4237,244:4087,245:4254,246:4315,247:4016,248:4157,249:4081,250:4390,251:4137,252:4188,253:4096,254:4093,255:4099,256:4214,257:3941,258:4006,259:3962,260:4248,261:4054,262:4200,263:3956,264:3880,265:4112,266:4077,267:4111,268:3974,269:4069,270:3965,271:4014,272:3867,273:4105,274:3975,275:4027,276:4094,277:3924,278:3848,279:3768,280:3938,281:3949,282:3846,283:3872,284:3783,285:3811,286:3655,287:3669,288:3755,289:3932,290:3960,291:3989,292:3858,293:3910,294:3781,295:3679,296:3644,297:3938,298:3593,299:3565,300:3541,301:3685,302:3682,303:3580,304:3592,305:3638,306:3670,307:3871,308:3891,309:3856,310:3759,311:3806,312:3673,313:3722,314:3568,315:3642,316:3645,317:3838,318:3716,319:3706,320:3662,321:3788,322:3619,323:3814,324:3826,325:3706,326:3691,327:3622,328:3905,329:3829,330:3875,331:3723,332:3921,333:3750,334:3958,335:3810,336:3914,337:3691,338:3641,339:3659,340:3833,341:3965,342:3976,343:3818,344:3659,345:3792,346:3792,347:3767,348:3790,349:3905,350:3796,351:3858,352:3967,353:4038,354:3912,355:4145,356:4043,357:3974,358:3829,359:3884
0:3836,1:3857,2:4068,3:4184,4:4024,5:4074,6:4139,7:4198,8:4133,9:4069,10:4132,11:4169,12:4013,13:4317,14:4301,15:4107,16:4169,17:4183,18:3985,19:4069,20:4353,21:4002,22:4108,23:4059,24:4142,25:4160,26:4240,27:4278,28:4236,29:4074,30:4419,31:4123,32:4275,33:4257,34:4341,35:4141,36:4112,37:4222,38:4436,39:4356,40:4204,41:4339,42:4234,43:4394,44:4347,45:4378,46:4365,47:4153,48:4463,49:4123,50:4146,51:4157,52:4457,53:4283,54:4184,55:4167,56:4194,57:4332,58:4237,59:4065,60:4118,61:4303,62:4261,63:4190,64:4205,65:4075,66:4394,67:4134,68:4350,69:4171,70:4377,71:4046,72:3988,73:4282,74:3977,75:4149,76:4267,77:4309,78:3960,79:4224,80:4143,81:4111,82:4071,83:3981,84:3873,85:3927,86:3934,87:3831,88:3876,89:4070,90:3941,91:4130,92:4021,93:3797,94:3859,95:3983,96:4125,97:3948,98:4032,99:4086,100:3711,101:3860,102:3713,103:3844,104:3696,105:3964,106:3958,107:3785,108:3738,109:3619,110:3690,111:3626,112:3762,113:3716,114:3940,115:3705,116:3596,117:3746,118:3581,119:3800,120:3925,121:3774,122:3639,123:3924,124:3822,125:3734,126:3733,127:3542,128:3749,129:3666,130:3780,131:3612,132:3604,133:3869,134:3664,135:3858,136:3762,137:3705,138:3502,139:3664,140:3741,141:3676,142:3550,143:3904,144:3719,145:3645,146:3768,147:3632,148:3651,149:3560,150:3576,151:3636,152:3570,153:3580,154:3927,155:3866,156:3925,157:3681,158:3688,159:3960,160:3845,161:3856,162:3637,163:4031,164:4021,165:3984,166:3743,167:3899,168:3817,169:3702,170:3880,171:4058,172:3858,173:4115,174:3939,175:4095,176:3998,177:3940,178:4036,179:3923,180:3836,181:3811,182:4164,183:4091,184:4166,185:3920,186:4076,187:3962,188:4260,189:4042,190:3925,191:3921,192:3924,193:4246,194:4233,195:4033,196:4305,197:4103,198:4083,199:4123,200:4182,201:4056,202:4345,203:4109,204:4248,205:4390,206:4129,207:4213,208:4283,209:4131,210:4302,211:4368,212:4307,213:4080,214:4106,215:4237,216:4174,217:4308,218:4290,219:4155,220:4428,221:4235,222:4144,223:4179,224:4420,225:4448,226:4432,227:4452,228:4235,229:4293,230:4182,231:4110,232:4288,233:4276,234:4255,235:4144,236:4445,237:4200,238:4285,239:4452,240:4265,241:4243,242:4314,243:4174,244:4096,245:4423,246:4288,247:4052,248:4353,249:4266,250:4246,251:4152,252:4286,253:4178,254:4154,255:4160,256:4130,257:4112,258:4218,259:3970,260:4190,261:4207,262:4268,263:4047,264:4156,265:3965,266:3936,267:3932,268:4161,269:4005,270:3892,271:3810,272:4171,273:3840,274:4030,275:3770,276:3825,277:3743,278:3954,279:4023,280:3813,281:3869,282:3744,283:3845,284:3952,285:3652,286:3650,287:3930,288:3630,289:3774,290:3998,291:3701,292:3747,293:3682,294:3902,295:3841,296:3688,297:3709,298:3864,299:3586,300:3559,301:3536,302:3709,303:3724,304:3600,305:3532,306:3548,307:3898,308:3686,309:3781,310:3606,311:3532,312:3576,313:3820,314:3664,315:3557,316:3604,317:3594,318:3725,319:3542,320:3843,321:3759,322:3822,323:3689,324:3611,325:3784,326:3750,327:3675,328:3553,329:3705,330:3696,331:3743,332:3773,333:3644,334:3858,335:3848,336:3690,337:3614,338:3677,339:3811,340:3985,341:3762,342:3814,343:3883,344:3980,345:3884,346:3967,347:3961,348:3951,349:4025,350:3728,351:3999,352:3800,353:3840,354:3934,355:3975,356:3775,357:3985,358:3994,359:3875
0:3886,1:4126,2:4104,3:3886,4:4225,5:3978,6:4150,7:4023,8:4089,9:4075,10:3938,11:4269,12:4285,13:4237,14:4124,15:4165,16:4097,17:4125,18:4091,19:4177,20:3995,21:4049,22:4297,23:4105,24:4319,25:4078,26:4135,27:4365,28:4285,29:4066,30:4238,31:4336,32:4263,33:4296,34:4327,35:4354,36:4341,37:4485,38:4399,39:4460,40:4399,41:4395,42:4410,43:4252,44:4184,45:4257,46:4495,47:4367,48:4134,49:4429,50:4429,51:4147,52:4274,53:4487,54:4298,55:4331,56:4156,57:4247,58:4392,59:4406,60:4162,61:4171,62:4422,63:4177,64:4077,65:4154,66:4174,67:4027,68:4276,69:4031,70:3999,71:4003,72:4144,73:4131,74:3976,75:4189,76:4185,77:4272,78:3940,79:4259,80:3996,81:4145,82:4052,83:4081,84:4200,85:4161,86:4222,87:4098,88:4052,89:3815,90:3900,91:3858,92:4027,93:3855,94:3936,95:4069,96:3990,97:3755,98:3824,99:3708,100:3869,101:3779,102:3705,103:3817,104:3901,105:3694,106:3756,107:3836,108:3694,109:3651,110:3825,111:3968,112:3918,113:3826,114:3959,115:3608,116:3798,117:3942,118:3616,119:3744,120:3840,121:3863,122:3737,123:3612,124:3891,125:3835,126:3898,127:3860,128:3762,129:3859,130:3892,131:3657,132:3778,133:3670,134:3632,135:3805,136:3755,137:3852,138:3711,139:3871,140:3572,141:3513,142:3779,143:3576,144:3688,145:3554,146:3790,147:3533,148:3608,149:3806,150:3772,151:3935,152:3648,153:3816,154:3747,155:3784,156:3596,157:3816,158:3826,159:3831,160:3661,161:3806,162:3714,163:3771,164:3762,165:3751,166:3869,167:3683,168:3799,169:3894,170:4010,171:3710,172:3987,173:3761,174:3995,175:4102,176:4021,177:3945,178:4115,179:3884,180:4040,181:4090,182:3886,183:3964,184:4057,185:4229,186:4040,187:4056,188:4117,189:3979,190:4290,191:3936,192:4124,193:4017,194:4209,195:4028,196:3994,197:4050,198:4104,199:4027,200:4079,201:4400,202:4354,203:4114,204:4166,205:4151,206:4310,207:4306,208:4080,209:4299,210:4283,211:4399,212:4375,213:4244,214:4400,215:4219,216:4104,217:4276,218:4148,219:4305,220:4305,221:4151,222:4416,223:4308,224:4370,225:4401,226:4286,227:4492,228:4357,229:4108,230:4127,231:4346,232:4256,233:4204,234:4262,235:4408,236:4251,237:4376,238:4406,239:4271,240:4202,241:4358,242:4310,243:4194,244:4063,245:4170,246:4218,247:4330,248:4375,249:4086,250:4365,251:4354,252:4265,253:4064,254:4038,255:4138,256:4332,257:4039,258:3926,259:4184,260:4146,261:4116,262:4249,263:3934,264:3891,265:3901,266:3852,267:4011,268:3921,269:3926,270:4086,271:3844,272:3824,273:3903,274:3913,275:4086,276:4018,277:3731,278:3928,279:3756,280:3833,281:3936,282:3995,283:3761,284:3689,285:3868,286:3999,287:3938,288:3952,289:3643,290:3796,291:3972,292:3784,293:3631,294:3746,295:3645,296:3719,297:3790,298:3739,299:3844,300:3554,301:3791,302:3548,303:3715,304:3908,305:3894,306:3587,307:3871,308:3746,309:3642,310:3834,311:3605,312:3658,313:3620,314:3616,315:3718,316:3832,317:3841,318:3899,319:3851,320:3751,321:3643,322:3518,323:3905,324:3609,325:3541,326:3682,327:3840,328:3770,329:3805,330:3921,331:3585,332:3701,333:3724,334:3954,335:3934,336:3817,337:3689,338:3750,339:3677,340:3836,341:3744,342:3682,343:3692,344:3779,345:3739,346:3891,347:3907,348:3904,349:4071,350:3720,351:3813,352:4047,353:3857,354:4045,355:3960,356:3935,357:3980,358:3825,359:3811
0:3954,1:3849,2:4101,3:3988,4:4128,5:4137,6:4196,7:3931,8:4206,9:4218,10:4296,11:3978,12:4063,13:4010,14:4212,15:3989,16:4055,17:4148,18:4019,19:4189,20:4225,21:4227,22:4376,23:4153,24:4209,25:4391,26:4196,27:4121,28:4134,29:4378,30:4284,31:4157,32:4390,33:4465,34:4459,35:4373,36:4389,37:4158,38:4421,39:4464,40:4152,41:4416,42:4334,43:4371,44:4395,45:4225,46:4205,47:4246,48:4266,49:4267,50:4163,51:4370,52:4337,53:4335,54:4309,55:4166,56:4446,57:4309,58:4400,59:4074,60:4120,61:4345,62:4355,63:4273,64:4377,65:4187,66:4225,67:4109,68:4286,69:4326,70:4283,71:3987,72:4261,73:4168,74:3976,75:4279,76:4229,77:3937,78:3991,79:4177,80:4126,81:4169,82:4243,83:3984,84:4062,85:4022,86:4034,87:3845,88:4105,89:3855,90:3960,91:3915,92:3784,93:3874,94:3901,95:3959,96:3834,97:3990,98:3991,99:3711,100:3863,101:3749,102:3847,103:3853,104:3997,105:3945,106:3770,107:3652,108:3818,109:3791,110:3806,111:3777,112:3615,113:3819,114:3848,115:3594,116:3885,117:3642,118:3823,119:3703,120:3606,121:3894,122:3530,123:3599,124:3817,125:3683,126:3833,127:3834,128:3888,129:3759,130:3603,131:3753,132:3661,133:3789,134:3781,135:3522,136:3750,137:3657,138:3621,139:3783,140:3858,141:3803,142:3600,143:3849,144:3837,145:3898,146:3619,147:3831,148:3694,149:3645,150:3739,151:3592,152:3926,153:3921,154:3701,155:3733,156:3655,157:3778,158:3709,159:3874,160:3671,161:3893,162:4008,163:3912,164:3725,165:4038,166:3858,167:3823,168:3962,169:3757,170:3991,171:3756,172:3833,173:3817,174:4082,175:3843,176:3798,177:3896,178:3792,179:3902,180:3996,181:4093,182:3870,183:3972,184:3846,185:3930,186:4171,187:4020,188:4048,189:4200,190:3948,191:4047,192:4035,193:4176,194:4179,195:4278,196:4091,197:4193,198:4129,199:3996,200:4038,201:4115,202:4185,203:4129,204:4072,205:4347,206:4079,207:4149,208:4072,209:4150,210:4150,211:4096,212:4199,213:4117,214:4182,215:4348,216:4194,217:4105,218:4242,219:4248,220:4432,221:4489,222:4118,223:4197,224:4157,225:4443,226:4242,227:4344,228:4196,229:4187,230:4218,231:4327,232:4330,233:4403,234:4253,235:4330,236:4342,237:4082,238:4454,239:4148,240:4337,241:4261,242:4087,243:4206,244:4419,245:4359,246:4077,247:4081,248:4347,249:4021,250:4293,251:4329,252:4030,253:4225,254:4338,255:4044,256:4197,257:4017,258:4124,259:4012,260:4100,261:4000,262:4034,263:4167,264:3908,265:3873,266:4045,267:3990,268:4049,269:4063,270:4139,271:3980,272:3812,273:4149,274:3894,275:3952,276:3873,277:3854,278:3752,279:3731,280:4058,281:3880,282:4063,283:3798,284:3912,285:3985,286:3901,287:3814,288:3903,289:3911,290:3984,291:3840,292:3658,293:3865,294:3646,295:3776,296:3963,297:3857,298:3852,299:3624,300:3859,301:3713,302:3580,303:3831,304:3755,305:3916,306:3521,307:3627,308:3537,309:3839,310:3606,311:3838,312:3855,313:3752,314:3599,315:3873,316:3590,317:3648,318:3700,319:3707,320:3590,321:3724,322:3649,323:3883,324:3761,325:3591,326:3910,327:3909,328:3659,329:3800,330:3861,331:3937,332:3621,333:3674,334:3721,335:3872,336:3813,337:3710,338:3927,339:3747,340:3698,341:3763,342:3791,343:3851,344:3650,345:3678,346:4000,347:3762,348:3980,349:3709,350:3988,351:3745,352:3844,353:4057,354:3998,355:3954,356:4018,357:4136,358:3807,359:3821
0:3983,1:3811,2:3880,3:4116,4:4199,5:3886,6:4170,7:4261,8:3920,9:4212,10:3964,11:3955,12:4290,13:4204,14:4021,15:3954,16:4332,17:4180,18:4161,19:4284,20:4262,21:4345,22:4233,23:4044,24:4233,25:4382,26:4336,27:4328,28:4199,29:4267,30:4136,31:4414,32:4236,33:4277,34:4135,35:4436,36:4455,37:4392,38:4400,39:4467,40:4431,41:4439,42:4278,43:4376,44:4261,45:4164,46:4448,47:4406,48:4435,49:4179,50:4180,51:4345,52:4150,53:4392,54:4256,55:4273,56:4391,57:4307,58:4311,59:4076,60:4382,61:4247,62:4299,63:4261,64:4275,65:4194,66:4221,67:4274,68:4139,69:4023,70:4165,71:4254,72:4200,73:4203,74:4223,75:4259,76:3964,77:4192,78:4099,79:4042,80:4271,81:3917,82:4241,83:4092,84:4126,85:3977,86:4075,87:3976,88:4172,89:4036,90:4133,91:3897,92:3956,93:3949,94:4006,95:3964,96:4029,97:3973,98:3777,99:4104,100:3993,101:4019,102:3998,103:3758,104:3745,105:3720,106:3864,107:3842,108:3846,109:3910,110:3928,111:3784,112:3636,113:3772,114:3822,115:3889,116:3579,117:3938,118:3908,119:3932,120:3701,121:3633,122:3591,123:3580,124:3615,125:3544,126:3789,127:3543,128:3608,129:3618,130:3628,131:3826,132:3602,133:3814,134:3538,135:3533,136:3648,137:3611,138:3668,139:3554,140:3520,141:3509,142:3630,143:3685,144:3857,145:3750,146:3849,147:3663,148:3707,149:3612,150:3737,151:3584,152:3849,153:3577,154:3849,155:3771,156:3746,157:3615,158:3785,159:3860,160:3963,161:3757,162:3780,163:4027,164:3855,165:4029,166:3806,167:3912,168:3792,169:3708,170:3762,171:3722,172:4013,173:3915,174:3848,175:4131,176:4046,177:4148,178:4030,179:3994,180:4120,181:3920,182:4094,183:3906,184:4172,185:3864,186:3882,187:4116,188:4015,189:4158,190:3940,191:4025,192:4184,193:4025,194:4120,195:4059,196:4269,197:4002,198:4233,199:4147,200:4344,201:4284,202:4332,203:4399,204:4166,205:4138,206:4307,207:4198,208:4384,209:4331,210:4384,211:4181,212:4313,213:4281,214:4221,215:4110,216:4248,217:4281,218:4230,219:4252,220:4121,221:4151,222:4346,223:4114,224:4342,225:4284,226:4314,227:4112,228:4227,229:4434,230:4310,231:4195,232:4097,233:4286,234:4113,235:4347,236:4116,237:4101,238:4176,239:4182,240:4067,241:4432,242:4065,243:4102,244:4372,245:4169,246:4236,247:4231,248:4111,249:4364,250:4263,251:4024,252:4284,253:4093,254:4268,255:4098,256:4015,257:4235,258:4321,259:4261,260:3987,261:4195,262:4209,263:4089,264:4258,265:3984,266:3851,267:3846,268:3922,269:3844,270:3945,271:3919,272:3948,273:4061,274:4087,275:4054,276:3773,277:3867,278:4080,279:3806,280:4009,281:3929,282:3951,283:3836,284:3723,285:3763,286:3904,287:3701,288:3917,289:3741,290:3711,291:3952,292:3736,293:3873,294:3870,295:3667,296:3955,297:3802,298:3939,299:3588,300:3646,301:3826,302:3581,303:3764,304:3910,305:3727,306:3545,307:3652,308:3796,309:3799,310:3678,311:3883,312:3891,313:3569,314:3539,315:3812,316:3883,317:3556,318:3677,319:3574,320:3620,321:3707,322:3815,323:3845,324:3670,325:3837,326:3880,327:3623,328:3733,329:3653,330:3789,331:3804,332:3881,333:3607,334:3617,335:3705,336:3592,337:3637,338:3646,339:3686,340:3845,341:3896,342:3732,343:3654,344:3839,345:4047,346:3804,347:3927,348:4030,349:3709,350:4085,351:3882,352:3951,353:4082,354:4030,355:4085,356:3873,357:4164,358:3846,359:3826
0:3906,1:4030,2:3851,3:3868,4:4047,5:4247,6:3892,7:4250,8:4025,9:3902,10:4298,11:4077,12:3944,13:3950,14:4077,15:3981,16:4175,17:4216,18:4157,19:4238,20:4316,21:4160,22:4042,23:4320,24:4343,25:4166,26:4198,27:4202,28:4258,29:4221,30:4413,31:4376,32:4281,33:4463,34:4151,35:4198,36:4210,37:4338,38:4131,39:4406,40:4112,41:4139,42:4212,43:4142,44:4152,45:4188,46:4306,47:4215,48:4286,49:4475,50:4447,51:4458,52:4116,53:4340,54:4266,55:4117,56:4379,57:4106,58:4381,59:4141,60:4379,61:4257,62:4343,63:4210,64:4045,65:4077,66:4069,67:4080,68:4357,69:4247,70:4126,71:4208,72:4351,73:4295,74:3973,75:4171,76:4199,77:4085,78:3983,79:3992,80:4095,81:4015,82:4153,83:4182,84:4136,85:3852,86:3940,87:4007,88:3868,89:3984,90:3923,91:4159,92:3808,93:4004,94:3823,95:4071,96:3973,97:4009,98:3893,99:4013,100:3921,101:4044,102:3896,103:3873,104:3698,105:3917,106:3804,107:4018,108:3828,109:3626,110:4004,111:3766,112:3901,113:3735,114:3835,115:3611,116:3652,117:3837,118:3863,119:3671,120:3796,121:3865,122:3918,123:3735,124:3595,125:3554,126:3795,127:3769,128:3830,129:3570,130:3679,131:3635,132:3789,133:3741,134:3762,135:3550,136:3836,137:3624,138:3728,139:3623,140:3669,141:3727,142:3901,143:3517,144:3542,145:3544,146:3722,147:3536,148:3669,149:3919,150:3794,151:3840,152:3695,153:3713,154:3804,155:3747,156:3649,157:3924,158:3781,159:3872,160:3674,161:3942,162:3653,163:3645,164:3887,165:3821,166:3921,167:4037,168:3729,169:3798,170:3812,171:3978,172:3869,173:3814,174:3866,175:3969,176:4053,177:3849,178:3811,179:3956,180:3838,181:3816,182:3893,183:3999,184:3859,185:4096,186:4256,187:4058,188:4084,189:4139,190:4231,191:4275,192:4301,193:3965,194:4214,195:3984,196:4166,197:4145,198:4098,199:4052,200:4062,201:4040,202:4254,203:4274,204:4340,205:4391,206:4401,207:4281,208:4259,209:4069,210:4336,211:4172,212:4294,213:4086,214:4375,215:4395,216:4368,217:4287,218:4413,219:4196,220:4480,221:4369,222:4432,223:4452,224:4378,225:4385,226:4226,227:4174,228:4111,229:4206,230:4416,231:4422,232:4316,233:4378,234:4346,235:4412,236:4290,237:4209,238:4274,239:4276,240:4298,241:4281,242:4102,243:4057,244:4248,245:4303,246:4348,247:4146,248:4050,249:4252,250:4388,251:4232,252:4075,253:4041,254:4057,255:4129,256:3951,257:4021,258:3954,259:4216,260:4186,261:4243,262:3893,263:4102,264:4052,265:3999,266:4126,267:3865,268:3866,269:3923,270:4197,271:3967,272:4108,273:3971,274:4089,275:4090,276:4106,277:3873,278:4040,279:3821,280:3974,281:3943,282:3683,283:3712,284:4001,285:4034,286:3944,287:3921,288:3794,289:3652,290:3715,291:3848,292:3951,293:3815,294:3868,295:3705,296:3644,297:3698,298:3800,299:3692,300:3667,301:3828,302:3796,303:3739,304:3882,305:3742,306:3525,307:3763,308:3817,309:3556,310:3761,311:3683,312:3657,313:3745,314:3857,315:3767,316:3574,317:3573,318:3558,319:3510,320:3634,321:3566,322:3652,323:3531,324:3598,325:3522,326:3801,327:3902,328:3680,329:3620,330:3545,331:3578,332:3629,333:3723,334:3766,335:3906,336:3730,337:3819,338:3798,339:3670,340:3920,341:3845,342:3734,343:3798,344:3880,345:3939,346:3733,347:3783,348:4000,349:3701,350:3822,351:3847,352:4075,353:3955,354:4095,355:3895,356:4090,357:4087,358:4129,359:4161
0:3811,1:3962,2:4084,3:4091,4:4129,5:4106,6:4029,7:4112,8:3922,9:4280,10:4054,11:4149,12:4290,13:4129,14:4080,15:4300,16:4007,17:4042,18:3977,19:4211,20:4009,21:4266,22:4136,23:4039,24:4262,25:4285,26:4184,27:4210,28:4422,29:4067,30:4334,31:4218,32:4202,33:4110,34:4288,35:4440,36:4241,37:4334,38:4247,39:4452,40:4357,41:4404,42:4427,43:4199,44:4216,45:4103,46:4276,47:4359,48:4341,49:4433,50:4215,51:4397,52:4314,53:4148,54:4393,55:4299,56:4336,57:4083,58:4134,59:4445,60:4105,61:4306,62:4329,63:4240,64:4186,65:4427,66:4275,67:4229,68:4171,69:4184,70:4266,71:4153,72:3985,73:4122,74:4277,75:4249,76:3983,77:4227,78:4194,79:4296,80:4119,81:3949,82:4132,83:4122,84:4146,85:4105,86:3956,87:3944,88:3856,89:3972,90:3827,91:3790,92:3878,93:3943,94:3775,95:4066,96:4071,97:3899,98:4090,99:3899,100:3984,101:4070,102:3982,103:3948,104:3774,105:3811,106:3722,107:3644,108:3665,109:3764,110:3666,111:3908,112:3968,113:3698,114:3660,115:3579,116:3703,117:3870,118:3733,119:3885,120:3753,121:3824,122:3712,123:3681,124:3678,125:3882,126:3823,127:3697,128:3597,129:3768,130:3867,131:3665,132:3874,133:3839,134:3503,135:3588,136:3672,137:3767,138:3846,139:3559,140:3626,141:3785,142:3859,143:3578,144:3652,145:3606,146:3534,147:3856,148:3644,149:3610,150:3583,151:3607,152:3881,153:3577,154:3670,155:3863,156:3916,157:3710,158:3693,159:3791,160:3869,161:3848,162:3937,163:3772,164:3815,165:3864,166:3984,167:3709,168:4035,169:3738,170:4096,171:3970,172:4031,173:3910,174:3927,175:4005,176:3927,177:3812,178:4172,179:3803,180:4094,181:4196,182:4087,183:4189,184:4041,185:4040,186:4260,187:3944,188:4168,189:3996,190:4296,191:4007,192:3925,193:4121,194:4170,195:4165,196:4065,197:4222,198:4333,199:4151,200:4335,201:4356,202:4080,203:4400,204:4119,205:4411,206:4217,207:4230,208:4292,209:4142,210:4417,211:4065,212:4450,213:4301,214:4175,215:4298,216:4280,217:4423,218:4271,219:4336,220:4328,221:4116,222:4308,223:4234,224:4427,225:4445,226:4210,227:4141,228:4413,229:4322,230:4198,231:4437,232:4246,233:4129,234:4182,235:4429,236:4142,237:4190,238:4126,239:4269,240:4164,241:4234,242:4129,243:4196,244:4235,245:4071,246:4101,247:4038,248:4388,249:4052,250:4181,251:4219,252:4235,253:4240,254:4184,255:4057,256:4280,257:4210,258:4223,259:3924,260:4005,261:4192,262:4252,263:4007,264:4001,265:3978,266:3985,267:4103,268:4110,269:3987,270:4157,271:3860,272:4043,273:4011,274:3794,275:4145,276:3831,277:4007,278:3776,279:4052,280:3719,281:3711,282:3998,283:3943,284:3827,285:3772,286:3727,287:3946,288:3829,289:3725,290:3621,291:3898,292:3844,293:3840,294:3882,295:3578,296:3775,297:3905,298:3855,299:3675,300:3729,301:3567,302:3920,303:3553,304:3538,305:3899,306:3723,307:3754,308:3794,309:3625,310:3845,311:3756,312:3900,313:3700,314:3676,315:3826,316:3593,317:3523,318:3803,319:3803,320:3688,321:3661,322:3843,323:3805,324:3730,325:3636,326:3875,327:3843,328:3558,329:3933,330:3773,331:3852,332:3561,333:3834,334:3760,335:3630,336:3578,337:3719,338:3720,339:3700,340:3912,341:3629,342:3971,343:3889,344:3979,345:3957,346:3862,347:3749,348:3728,349:3923,350:3875,351:4067,352:3758,353:4093,354:4097,355:4141,356:3988,357:3878,358:3801,359:3892
0:4103,1:3951,2:3960,3:4025,4:3847,5:4042,6:4224,7:3928,8:4225,9:3918,10:4110,11:4075,12:3983,13:4162,14:4123,15:4310,16:4046,17:4174,18:4241,19:3994,20:4019,21:4211,22:4211,23:4196,24:4073,25:4202,26:4309,27:4340,28:4368,29:4172,30:4279,31:4133,32:4328,33:4374,34:4240,35:4127,36:4313,37:4475,38:4414,39:4152,40:4353,41:4289,42:4495,43:4143,44:4489,45:4311,46:4423,47:4387,48:4307,49:4432,50:4435,51:4362,52:4366,53:4263,54:4340,55:4372,56:4197,57:4336,58:4129,59:4399,60:4341,61:4333,62:4361,63:4047,64:4406,65:4205,66:4237,67:4038,68:4105,69:4122,70:4111,71:4203,72:4232,73:4073,74:4307,75:4036,76:4001,77:4022,78:4116,79:4030,80:4292,81:4262,82:4068,83:4075,84:4154,85:4222,86:4122,87:3995,88:4159,89:3817,90:3945,91:3817,92:4162,93:3966,94:4007,95:3930,96:4050,97:3949,98:3790,99:3960,100:3951,101:4069,102:3687,103:3825,104:3955,105:4017,106:3911,107:3815,108:3746,109:3685,110:4006,111:3708,112:3786,113:3975,114:3847,115:3906,116:3887,117:3860,118:3940,119:3908,120:3631,121:3648,122:3562,123:3856,124:3684,125:3800,126:3756,127:3817,128:3793,129:3640,130:3652,131:3902,132:3809,133:3827,134:3794,135:3536,136:3873,137:3814,138:3878,139:3513,140:3529,141:3694,142:3850,143:3744,144:3681,145:3519,146:3790,147:3866,148:3875,149:3550,150:3570,151:3632,152:3590,153:3710,154:3624,155:3574,156:3677,157:3702,158:3919,159:3811,160:3879,161:3669,162:3819,163:3896,164:3726,165:3746,166:3780,167:3777,168:3712,169:3819,170:3948,171:4099,172:3780,173:4113,174:3783,175:3860,176:4058,177:3997,178:3925,179:4183,180:3927,181:3995,182:4099,183:4228,184:4076,185:3964,186:3988,187:3914,188:3885,189:4117,190:4071,191:4201,192:4228,193:4320,194:3948,195:4088,196:4203,197:4033,198:4254,199:4175,200:4273,201:4061,202:4209,203:4145,204:4419,205:4030,206:4100,207:4184,208:4410,209:4103,210:4405,211:4123,212:4129,213:4451,214:4113,215:4293,216:4482,217:4116,218:4247,219:4189,220:4465,221:4322,222:4277,223:4489,224:4448,225:4232,226:4315,227:4199,228:4422,229:4237,230:4196,231:4143,232:4120,233:4354,234:4405,235:4270,236:4130,237:4260,238:4087,239:4421,240:4332,241:4105,242:4286,243:4106,244:4287,245:4244,246:4113,247:4391,248:4349,249:4366,250:4198,251:4197,252:4194,253:4288,254:4135,255:4311,256:4146,257:3991,258:4178,259:4097,260:4104,261:3953,262:4162,263:3943,264:4167,265:4251,266:4050,267:4108,268:4148,269:3907,270:4046,271:3848,272:4131,273:3792,274:3800,275:4124,276:3829,277:4073,278:3834,279:3910,280:3747,281:3788,282:3954,283:3943,284:3798,285:3672,286:3821,287:3735,288:3870,289:3964,290:3944,291:3670,292:3905,293:3775,294:3816,295:3818,296:3577,297:3838,298:3814,299:3622,300:3615,301:3792,302:3896,303:3852,304:3783,305:3562,306:3750,307:3674,308:3843,309:3864,310:3679,311:3852,312:3837,313:3659,314:3633,315:3735,316:3549,317:3690,318:3514,319:3718,320:3814,321:3587,322:3861,323:3674,324:3793,325:3678,326:3748,327:3693,328:3774,329:3687,330:3585,331:3775,332:3666,333:3637,334:3765,335:3621,336:3681,337:3586,338:3835,339:3655,340:3763,341:3913,342:3993,343:3808,344:3792,345:3975,346:3735,347:3944,348:4020,349:3775,350:4083,351:3822,352:4072,353:3923,354:4010,355:4141,356:4049,357:3942,358:4033,359:4077
0:4028,1:3839,2:3833,3:4016,4:3883,5:3914,6:3887,7:4255,8:4258,9:4034,10:4117,11:4244,12:4188,13:4173,14:4114,15:4332,16:4135,17:4331,18:4021,19:4360,20:4230,21:4137,22:4285,23:4103,24:4320,25:4312,26:4111,27:4109,28:4361,29:4198,30:4068,31:4237,32:4262,33:4306,34:4103,35:4401,36:4211,37:4326,38:4119,39:4146,40:4113,41:4278,42:4113,43:4379,44:4300,45:4123,46:4103,47:4132,48:4487,49:4417,50:4130,51:4130,52:4434,53:4212,54:4117,55:4279,56:4338,57:4376,58:4367,59:4459,60:4138,61:4087,62:4124,63:4200,64:4043,65:4056,66:4323,67:4054,68:4223,69:4151,70:4229,71:4361,72:4020,73:4179,74:4163,75:4010,76:4182,77:4109,78:3957,79:4082,80:4186,81:4269,82:4262,83:3987,84:4055,85:4220,86:3857,87:4055,88:4014,89:4097,90:3911,91:4099,92:3960,93:3863,94:3763,95:3932,96:3745,97:4080,98:3836,99:4086,100:3894,101:3784,102:4072,103:3938,104:4031,105:3989,106:3946,107:3909,108:3900,109:3988,110:3743,111:3706,112:3971,113:3947,114:3831,115:3600,116:3892,117:3908,118:3566,119:3867,120:3657,121:3886,122:3618,123:3606,124:3788,125:3654,126:3854,127:3715,128:3897,129:3714,130:3815,131:3513,132:3527,133:3875,134:3632,135:3502,136:3780,137:3570,138:3763,139:3569,140:3616,141:3643,142:3727,143:3719,144:3726,145:3746,146:3777,147:3858,148:3870,149:3572,150:3604,151:3931,152:3660,153:3909,154:3916,155:3953,156:3742,157:3982,158:3878,159:3919,160:3929,161:3757,162:3932,163:3656,164:3955,165:4002,166:3881,167:3933,168:4022,169:3944,170:3841,171:3776,172:3929,173:3764,174:3842,175:3986,176:3762,177:3836,178:4049,179:3908,180:3993,181:4072,182:3979,183:3946,184:4176,185:3864,186:3897,187:4145,188:3960,189:4242,190:4018,191:4025,192:4213,193:4112,194:4028,195:4138,196:4129,197:4218,198:4073,199:4269,200:4091,201:4201,202:4052,203:4184,204:4050,205:4280,206:4125,207:4223,208:4091,209:4060,210:4358,211:4434,212:4432,213:4173,214:4288,215:4219,216:4146,217:4197,218:4186,219:4264,220:4261,221:4149,222:4143,223:4247,224:4359,225:4347,226:4498,227:4168,228:4146,229:4369,230:4154,231:4195,232:4284,233:4342,234:4093,235:4315,236:4392,237:4153,238:4245,239:4223,240:4238,241:4417,242:4333,243:4129,244:4214,245:4033,246:4101,247:4045,248:4226,249:4366,250:3996,251:4056,252:4029,253:4034,254:4307,255:4224,256:4008,257:4297,258:4237,259:4196,260:4226,261:4171,262:4177,263:4067,264:3928,265:3979,266:4218,267:4119,268:4013,269:3855,270:4125,271:3949,272:3860,273:3934,274:3916,275:4049,276:4058,277:4027,278:3861,279:3769,280:4030,281:3765,282:3944,283:3723,284:3741,285:3999,286:3966,287:3935,288:3857,289:3774,290:3708,291:3669,292:3715,293:3620,294:3645,295:3767,296:3900,297:3708,298:3700,299:3631,300:3649,301:3756,302:3863,303:3557,304:3678,305:3579,306:3544,307:3844,308:3785,309:3870,310:3748,311:3682,312:3843,313:3798,314:3700,315:3782,316:3626,317:3622,318:3760,319:3875,320:3780,321:3549,322:3555,323:3663,324:3840,325:3564,326:3570,327:3702,328:3577,329:3586,330:3660,331:3696,332:3838,333:3875,334:3764,335:3673,336:3911,337:3863,338:3710,339:3729,340:3767,341:3773,342:3630,343:3650,344:3740,345:3801,346:3961,347:3726,348:4048,349:3707,350:3749,351:3750,352:3771,353:3997,354:3931,355:4110,356:4131,357:3859,358:3820,359:4067
0:4152,1:4135,2:4207,3:3968,4:3906,5:3876,6:4128,7:4063,8:4113,9:4266,10:4124,11:4054,12:4006,13:4297,14:4147,15:4313,16:4103,17:4229,18:4151,19:4225,20:4192,21:4344,22:4144,23:4102,24:4115,25:4423,26:4383,27:4251,28:4319,29:4442,30:4306,31:4066,32:4459,33:4330,34:4312,35:4371,36:4337,37:4420,38:4423,39:4356,40:4488,41:4239,42:4397,43:4128,44:4161,45:4340,46:4240,47:4410,48:4242,49:4172,50:4146,51:4330,52:4471,53:4265,54:4151,55:4370,56:4429,57:4297,58:4135,59:4133,60:4139,61:4260,62:4143,63:4077,64:4103,65:4126,66:4072,67:4135,68:4160,69:4397,70:4277,71:4170,72:4068,73:4169,74:4024,75:4209,76:3996,77:4003,78:3948,79:4175,80:4223,81:3931,82:4235,83:3962,84:3880,85:4033,86:3894,87:4131,88:4013,89:4067,90:4137,91:4153,92:4143,93:4089,94:3922,95:3781,96:3739,97:3798,98:3769,99:3775,100:3699,101:3865,102:3737,103:3965,104:3949,105:4016,106:3834,107:3736,108:3773,109:3932,110:3716,111:3615,112:3857,113:3714,114:3657,115:3598,116:3678,117:3797,118:3673,119:3771,120:3789,121:3743,122:3578,123:3901,124:3715,125:3899,126:3667,127:3618,128:3738,129:3672,130:3733,131:3865,132:3781,133:3520,134:3839,135:3514,136:3663,137:3785,138:3875,139:3746,140:3524,141:3507,142:3906,143:3665,144:3661,145:3658,146:3659,147:3607,148:3895,149:3811,150:3882,151:3582,152:3712,153:3921,154:3768,155:3782,156:3810,157:3697,158:3768,159:3958,160:3956,161:4001,162:3867,163:3953,164:3820,165:3701,166:3992,167:3956,168:4002,169:3724,170:3839,171:4002,172:3852,173:3889,174:4030,175:4102,176:4090,177:4051,178:3926,179:4188,180:4175,181:3922,182:4124,183:3957,184:4220,185:4050,186:4180,187:4230,188:4281,189:4069,190:4192,191:3916,192:4288,193:4262,194:4148,195:4171,196:4230,197:4357,198:4198,199:4105,200:4236,201:4232,202:4165,203:4277,204:4080,205:4085,206:4335,207:4219,208:4228,209:4433,210:4114,211:4099,212:4153,213:4095,214:4211,215:4208,216:4249,217:4163,218:4407,219:4163,220:4344,221:4379,222:4160,223:4146,224:4249,225:4303,226:4382,227:4311,228:4182,229:4325,230:4355,231:4346,232:4195,233:4199,234:4386,235:4238,236:4465,237:4415,238:4172,239:4071,240:4377,241:4219,242:4081,243:4396,244:4170,245:4288,246:4284,247:4101,248:4029,249:4026,250:4243,251:4332,252:4150,253:4041,254:4044,255:4346,256:4091,257:4158,258:4091,259:3920,260:4019,261:4062,262:3906,263:3894,264:4128,265:4136,266:4185,267:3934,268:3909,269:4171,270:3814,271:3916,272:4006,273:3953,274:4045,275:3823,276:3939,277:4002,278:3948,279:4036,280:3762,281:3878,282:3738,283:3859,284:4026,285:3658,286:3724,287:3911,288:3865,289:3723,290:3818,291:3661,292:3935,293:3970,294:3793,295:3633,296:3723,297:3886,298:3635,299:3925,300:3630,301:3625,302:3812,303:3573,304:3561,305:3567,306:3575,307:3751,308:3515,309:3823,310:3741,311:3899,312:3574,313:3637,314:3693,315:3612,316:3761,317:3742,318:3615,319:3599,320:3628,321:3715,322:3659,323:3783,324:3737,325:3769,326:3656,327:3914,328:3760,329:3747,330:3896,331:3883,332:3673,333:3574,334:3884,335:3691,336:3603,337:3807,338:3803,339:3994,340:3930,341:3633,342:3852,343:3751,344:4016,345:3774,346:3683,347:3958,348:4069,349:3875,350:3713,351:3888,352:3756,353:3953,354:4043,355:3823,356:4014,357:3903,358:4060,359:3887
0:3853,1:3908,2:4097,3:4016,4:3844,5:3917,6:4232,7:4214,8:4067,9:3995,10:4131,11:4184,12:3955,13:3984,14:4072,15:3996,16:4129,17:4304,18:3983,19:4284,20:4130,21:4328,22:4224,23:4225,24:4109,25:4303,26:4091,27:4066,28:4396,29:4237,30:4330,31:4381,32:4325,33:4160,34:4472,35:4431,36:4324,37:4399,38:4117,39:4366,40:4105,41:4124,42:4182,43:4381,44:4347,45:4291,46:4340,47:4306,48:4343,49:4473,50:4460,51:4446,52:4242,53:4159,54:4320,55:4436,56:4308,57:4193,58:4427,59:4351,60:4387,61:4317,62:4182,63:4241,64:4420,65:4227,66:4217,67:4206,68:4332,69:4150,70:4018,71:4197,72:4113,73:4307,74:4232,75:4204,76:4148,77:4132,78:4284,79:4306,80:4001,81:3929,82:4112,83:4198,84:4244,85:4000,86:3863,87:4100,88:3850,89:4062,90:3948,91:3791,92:3976,93:4110,94:3769,95:3864,96:4080,97:3952,98:3999,99:3855,100:3916,101:3910,102:3716,103:3745,104:3924,105:3768,106:3913,107:3665,108:3788,109:3912,110:3994,111:3784,112:3694,113:3868,114:3596,115:3910,116:3864,117:3946,118:3932,119:3714,120:3729,121:3904,122:3543,123:3901,124:3574,125:3871,126:3879,127:3725,128:3513,129:3832,130:3902,131:3761,132:3593,133:3787,134:3730,135:3819,136:3558,137:3546,138:3766,139:3650,140:3747,141:3553,142:3725,143:3548,144:3804,145:3700,146:3846,147:3898,148:3797,149:3765,150:3543,151:3923,152:3678,153:3859,154:3697,155:3814,156:3901,157:3741,158:3898,159:3608,160:3706,161:3728,162:3736,163:3909,164:3704,165:3853,166:4047,167:3986,168:3970,169:3812,170:3953,171:3712,172:3910,173:3835,174:4013,175:3862,176:4096,177:3888,178:3922,179:3817,180:3891,181:4082,182:3864,183:4102,184:3881,185:3904,186:4202,187:4253,188:4050,189:4282,190:4198,191:4038,192:4044,193:4282,194:4331,195:4260,196:4264,197:4227,198:4099,199:4367,200:4083,201:4369,202:4024,203:4208,204:4127,205:4415,206:4378,207:4242,208:4055,209:4086,210:4230,211:4348,212:4109,213:4308,214:4384,215:4443,216:4185,217:4228,218:4205,219:4467,220:4118,221:4183,222:4348,223:4352,224:4409,225:4208,226:4156,227:4315,228:4429,229:4208,230:4462,231:4409,232:4288,233:4329,234:4321,235:4354,236:4439,237:4175,238:4201,239:4150,240:4369,241:4207,242:4357,243:4219,244:4066,245:4411,246:4364,247:4210,248:4127,249:4267,250:4144,251:4251,252:4027,253:4208,254:4316,255:4235,256:4268,257:3957,258:4261,259:3974,260:4117,261:4269,262:4176,263:4211,264:3922,265:4058,266:3881,267:4201,268:3987,269:3983,270:3921,271:3858,272:3935,273:4124,274:3837,275:4048,276:4124,277:4112,278:3748,279:4106,280:3775,281:3761,282:3847,283:3893,284:3931,285:4031,286:3756,287:3683,288:3668,289:3939,290:3941,291:3998,292:3878,293:3673,294:3669,295:3945,296:3901,297:3899,298:3638,299:3708,300:3922,301:3661,302:3582,303:3818,304:3574,305:3548,306:3645,307:3849,308:3705,309:3545,310:3663,311:3680,312:3692,313:3539,314:3645,315:3704,316:3502,317:3696,318:3844,319:3707,320:3522,321:3858,322:3568,323:3685,324:3905,325:3904,326:3662,327:3528,328:3807,329:3690,330:3590,331:3835,332:3616,333:3818,334:3903,335:3702,336:3846,337:3720,338:3905,339:3943,340:3756,341:3887,342:3869,343:3730,344:3705,345:3717,346:3834,347:3764,348:3968,349:4026,350:3849,351:4101,352:3814,353:4083,354:3888,355:3842,356:3838,357:3913,358:4115,359:3954
0:4056,1:4021,2:4051,3:3991,4:3969,5:4136,6:3925,7:4013,8:3939,9:3959,10:4254,11:4006,12:4038,13:4306,14:4057,15:4290,16:4248,17:4249,18:4078,19:4170,20:4290,21:4198,22:4181,23:4406,24:4182,25:4273,26:4088,27:4162,28:4190,29:4237,30:4132,31:4442,32:4357,33:4452,34:4265,35:4326,36:4283,37:4334,38:4412,39:4395,40:4305,41:4153,42:4452,43:4367,44:4490,45:4331,46:4423,47:4430,48:4383,49:4191,50:4200,51:4171,52:4116,53:4304,54:4108,55:4091,56:4173,57:4455,58:4197,59:4153,60:4130,61:4413,62:4066,63:4066,64:4390,65:4053,66:4132,67:4087,68:4335,69:4161,70:4237,71:4129,72:3977,73:4258,74:4026,75:4039,76:4188,77:4321,78:4177,79:4121,80:4040,81:4258,82:4021,83:4006,84:4008,85:4151,86:4120,87:3869,88:4115,89:4204,90:4162,91:3838,92:3807,93:4008,94:3958,95:4108,96:3992,97:3969,98:3980,99:3983,100:3848,101:3878,102:3774,103:4029,104:3659,105:4024,106:3936,107:3782,108:3686,109:3879,110:3854,111:3754,112:3733,113:3635,114:3973,115:3825,116:3692,117:3701,118:3888,119:3737,120:3929,121:3762,122:3787,123:3742,124:3534,125:3561,126:3607,127:3829,128:3742,129:3841,130:3877,131:3899,132:3520,133:3703,134:3550,135:3582,136:3636,137:3740,138:3714,139:3720,140:3551,141:3699,142:3609,143:3844,144:3584,145:3591,146:3522,147:3598,148:3579,149:3911,150:3552,151:3818,152:3874,153:3632,154:3945,155:3936,156:3837,157:3621,158:3848,159:3693,160:3624,161:3831,162:3978,163:3973,164:4020,165:3653,166:3999,167:3910,168:3687,169:4032,170:3976,171:3859,172:3742,173:3866,174:3805,175:4086,176:3830,177:3907,178:4176,179:4166,180:4077,181:3989,182:3946,183:4031,184:3921,185:4159,186:4093,187:3999,188:4144,189:4010,190:3928,191:4217,192:3992,193:4219,194:3960,195:4138,196:3970,197:4101,198:4220,199:4092,200:4130,201:4013,202:4285,203:4193,204:4110,205:4230,206:4367,207:4275,208:4096,209:4193,210:4373,211:4298,212:4331,213:4233,214:4458,215:4335,216:4453,217:4442,218:4124,219:4176,220:4142,221:4197,222:4189,223:4482,224:4408,225:4378,226:4401,227:4356,228:4216,229:4350,230:4208,231:4371,232:4327,233:4400,234:4347,235:4366,236:4302,237:4234,238:4115,239:4361,240:4157,241:4174,242:4351,243:4176,244:4048,245:4302,246:4230,247:4213,248:4296,249:4118,250:4335,251:4063,252:4359,253:3972,254:4297,255:4156,256:4104,257:4064,258:4140,259:4219,260:4111,261:4267,262:4256,263:4130,264:4211,265:4155,266:3892,267:4219,268:4066,269:4150,270:4084,271:4045,272:3968,273:4165,274:4149,275:4043,276:3818,277:4005,278:4110,279:3871,280:3882,281:3893,282:4053,283:3911,284:3920,285:3757,286:3699,287:3912,288:3734,289:3678,290:3952,291:3667,292:3762,293:3616,294:3664,295:3600,296:3946,297:3800,298:3652,299:3576,300:3699,301:3901,302:3550,303:3546,304:3540,305:3665,306:3645,307:3616,308:3634,309:3530,310:3760,311:3581,312:3700,313:3881,314:3889,315:3724,316:3874,317:3806,318:3539,319:3662,320:3542,321:3663,322:3638,323:3870,324:3550,325:3736,326:3912,327:3602,328:3813,329:3559,330:3641,331:3579,332:3835,333:3868,334:3801,335:3969,336:3659,337:3719,338:3803,339:3627,340:3917,341:3886,342:3956,343:3872,344:3912,345:4036,346:3749,347:3979,348:3744,349:3935,350:3840,351:4055,352:3781,353:3869,354:4006,355:4101,356:3899,357:3775,358:3801,359:4027
0:4026,1:4083,2:4088,3:4178,4:4120,5:3953,6:3972,7:4038,8:4211,9:4071,10:4237,11:4071,12:4109,13:4207,14:4316,15:4199,16:4108,17:4252,18:4013,19:4104,20:4304,21:4060,22:4172,23:4134,24:4400,25:4089,26:4227,27:4155,28:4397,29:4338,30:4366,31:4066,32:4221,33:4160,34:4093,35:4406,36:4253,37:4345,38:4250,39:4385,40:4326,41:4378,42:4229,43:4129,44:4440,45:4279,46:4164,47:4230,48:4449,49:4267,50:4372,51:4138,52:4350,53:4198,54:4412,55:4335,56:4105,57:4409,58:4450,59:4416,60:4308,61:4447,62:4429,63:4214,64:4229,65:4422,66:4137,67:4113,68:4291,69:4164,70:4218,71:4324,72:4287,73:4307,74:3990,75:4324,76:4327,77:3990,78:4007,79:4031,80:4076,81:4269,82:4064,83:4230,84:4104,85:4128,86:3973,87:4143,88:4141,89:4020,90:4076,91:3859,92:4095,93:4109,94:4086,95:3870,96:4013,97:3963,98:3799,99:4095,100:3930,101:3903,102:4002,103:3818,104:3878,105:3934,106:3878,107:3912,108:3631,109:3717,110:3978,111:3933,112:3763,113:3719,114:3905,115:3918,116:3723,117:3740,118:3731,119:3561,120:3651,121:3763,122:3685,123:3681,124:3823,125:3854,126:3611,127:3828,128:3535,129:3816,130:3628,131:3828,132:3675,133:3687,134:3698,135:3684,136:3564,137:3593,138:3598,139:3892,140:3609,141:3728,142:3625,143:3694,144:3699,145:3686,146:3633,147:3835,148:3664,149:3654,150:3854,151:3858,152:3732,153:3670,154:3646,155:3946,156:3806,157:3716,158:3644,159:3599,160:3686,161:3787,162:3966,163:3920,164:3850,165:3810,166:3709,167:3899,168:3861,169:3991,170:3876,171:3861,172:3826,173:3976,174:4131,175:3988,176:4025,177:4130,178:3848,179:3913,180:4189,181:4133,182:4201,183:3930,184:4045,185:4213,186:3916,187:3959,188:4036,189:4177,190:4015,191:3955,192:4101,193:4291,194:4134,195:3954,196:4239,197:4366,198:4351,199:4290,200:4302,201:4324,202:4301,203:4291,204:4059,205:4387,206:4188,207:4222,208:4340,209:4376,210:4080,211:4112,212:4264,213:4151,214:4411,215:4376,216:4143,217:4382,218:4098,219:4204,220:4281,221:4413,222:4181,223:4226,224:4152,225:4182,226:4284,227:4367,228:4116,229:4401,230:4254,231:4481,232:4398,233:4134,234:4418,235:4419,236:4093,237:4175,238:4459,239:4095,240:4254,241:4246,242:4066,243:4204,244:4400,245:4413,246:4229,247:4137,248:4050,249:4310,250:4134,251:4307,252:4108,253:3997,254:4130,255:4177,256:4131,257:4325,258:4167,259:4060,260:4036,261:4037,262:4063,263:3970,264:3907,265:3872,266:3898,267:3894,268:4185,269:4111,270:3806,271:4166,272:3795,273:3953,274:4007,275:3951,276:4090,277:4123,278:3866,279:3961,280:3782,281:3882,282:3757,283:3673,284:3731,285:3993,286:3818,287:3978,288:3894,289:3765,290:3986,291:3737,292:3684,293:3974,294:3886,295:3780,296:3773,297:3761,298:3710,299:3864,300:3899,301:3755,302:3587,303:3925,304:3898,305:3768,306:3641,307:3593,308:3677,309:3512,310:3793,311:3517,312:3729,313:3614,314:3777,315:3628,316:3725,317:3828,318:3853,319:3823,320:3615,321:3781,322:3786,323:3674,324:3775,325:3671,326:3908,327:3715,328:3624,329:3727,330:3602,331:3845,332:3754,333:3686,334:3750,335:3628,336:3685,337:3740,338:3889,339:3764,340:3750,341:3631,342:3899,343:3675,344:3942,345:3799,346:3897,347:3757,348:3992,349:3804,350:3803,351:4010,352:4019,353:3903,354:3987,355:3792,356:4030,357:4154,358:3891,359:3829
0:4182,1:3887,2:4124,3:4215,4:4062,5:4021,6:4228,7:4219,8:4003,9:3924,10:4056,11:4271,12:4320,13:4039,14:4071,15:4311,16:3980,17:4130,18:4118,19:4374,20:4075,21:4221,22:4403,23:4046,24:4339,25:4265,26:4318,27:4117,28:4249,29:4140,30:4446,31:4420,32:4175,33:4234,34:4313,35:4214,36:4205,37:4095,38:4351,39:4192,40:4404,41:4479,42:4142,43:4490,44:4122,45:4456,46:4183,47:4390,48:4290,49:4242,50:4433,51:4245,52:4278,53:4484,54:4469,55:4414,56:4251,57:4101,58:4130,59:4282,60:4348,61:4304,62:4363,63:4375,64:4193,65:4114,66:4274,67:4281,68:4186,69:4140,70:4045,71:4329,72:4092,73:4320,74:4041,75:4137,76:4127,77:4291,78:3972,79:4198,80:4217,81:4271,82:4091,83:4218,84:4033,85:4018,86:4213,87:3896,88:4054,89:4168,90:4031,91:3938,92:4021,93:3868,94:3839,95:3888,96:4091,97:4037,98:4034,99:3993,100:3979,101:3900,102:3678,103:3820,104:3774,105:3804,106:4032,107:3672,108:3782,109:3720,110:3753,111:3767,112:3815,113:3613,114:3615,115:3591,116:3874,117:3622,118:3733,119:3730,120:3552,121:3661,122:3679,123:3837,124:3726,125:3759,126:3546,127:3637,128:3798,129:3877,130:3740,131:3507,132:3775,133:3642,134:3558,135:3536,136:3688,137:3834,138:3825,139:3733,140:3764,141:3876,142:3756,143:3775,144:3572,145:3917,146:3573,147:3808,148:3567,149:3680,150:3808,151:3696,152:3911,153:3626,154:3760,155:3746,156:3642,157:3881,158:3869,159:3880,160:3751,161:3990,162:3689,163:3776,164:3704,165:3850,166:3846,167:3725,168:3968,169:3734,170:3798,171:3881,172:3996,173:3744,174:3779,175:3816,176:4150,177:3870,178:3817,179:3993,180:4140,181:4177,182:4144,183:3838,184:3918,185:3980,186:4237,187:3884,188:3936,189:4021,190:3934,191:4106,192:4083,193:4007,194:4280,195:4114,196:4043,197:4230,198:4073,199:4286,200:4379,201:4035,202:4128,203:4202,204:4323,205:4374,206:4312,207:4200,208:4447,209:4104,210:4196,211:4274,212:4122,213:4109,214:4273,215:4267,216:4270,217:4309,218:4268,219:4298,220:4397,221:4179,222:4102,223:4449,224:4299,225:4250,226:4314,227:4215,228:4261,229:4449,230:4238,231:4278,232:4328,233:4148,234:4134,235:4412,236:4415,237:4305,238:4463,239:4215,240:4156,241:4416,242:4079,243:4393,244:4358,245:4305,246:4258,247:4353,248:4279,249:4105,250:4368,251:4315,252:4167,253:4156,254:4269,255:4043,256:4243,257:4021,258:4207,259:3923,260:4273,261:4270,262:3985,263:4191,264:4060,265:4137,266:3889,267:4117,268:4128,269:3968,270:4109,271:4182,272:4052,273:4150,274:3823,275:4087,276:3767,277:3798,278:3938,279:4079,280:3781,281:3924,282:4061,283:3799,284:3865,285:3705,286:3751,287:3886,288:3841,289:3839,290:3845,291:3657,292:3821,293:3942,294:3703,295:3779,296:3914,297:3667,298:3622,299:3838,300:3571,301:3689,302:3616,303:3568,304:3766,305:3912,306:3717,307:3715,308:3830,309:3712,310:3824,311:3835,312:3786,313:3826,314:3878,315:3867,316:3615,317:3659,318:3712,319:3593,320:3640,321:3813,322:3812,323:3523,324:3849,325:3871,326:3805,327:3532,328:3886,329:3710,330:3589,331:3923,332:3853,333:3893,334:3873,335:3865,336:3699,337:3974,338:3972,339:3669,340:3875,341:3622,342:3887,343:3946,344:3665,345:3876,346:3837,347:3748,348:4064,349:4085,350:3709,351:3866,352:4106,353:3837,354:3935,355:4003,356:4139,357:3873,358:3900,359:4005
0:4032,1:3901,2:3854,3:4090,4:4067,5:4203,6:3989,7:4188,8:4271,9:3954,10:3920,11:3982,12:4198,13:4072,14:4119,15:4118,16:4339,17:4290,18:4341,19:4160,20:4290,21:4269,22:4112,23:4354,24:4222,25:4168,26:4052,27:4130,28:4447,29:4147,30:4207,31:4281,32:4104,33:4455,34:4450,35:4104,36:4360,37:4356,38:4104,39:4108,40:4183,41:4117,42:4151,43:4196,44:4225,45:4260,46:4377,47:4364,48:4489,49:4164,50:4167,51:4426,52:4490,53:4324,54:4456,55:4387,56:4366,57:4366,58:4449,59:4221,60:4292,61:4428,62:4174,63:4200,64:4295,65:4192,66:4081,67:4100,68:4216,69:4020,70:4106,71:4042,72:4279,73:4035,74:4105,75:3998,76:4146,77:4218,78:4108,79:4030,80:4010,81:4137,82:4030,83:4090,84:3949,85:3990,86:4080,87:4078,88:3870,89:4064,90:4191,91:3941,92:3921,93:3827,94:4129,95:3828,96:3839,97:3893,98:4098,99:3759,100:4065,101:3785,102:3842,103:4013,104:3988,105:3798,106:3925,107:3922,108:3989,109:3995,110:3973,111:3669,112:3706,113:3835,114:3851,115:3947,116:3623,117:3651,118:3684,119:3570,120:3661,121:3568,122:3631,123:3774,124:3664,125:3809,126:3635,127:3654,128:3767,129:3799,130:3757,131:3901,132:3575,133:3664,134:3791,135:3882,136:3847,137:3604,138:3555,139:3785,140:3609,141:3812,142:3889,143:3578,144:3876,145:3575,146:3605,147:3795,148:3638,149:3787,150:3783,151:3708,152:3944,153:3938,154:3821,155:3723,156:3783,157:3625,158:3839,159:3886,160:3756,161:3699,162:4020,163:3758,164:3791,165:3667,166:3815,167:3915,168:3695,169:3742,170:4018,171:3879,172:4007,173:4021,174:3751,175:3927,176:4135,177:4100,178:3966,179:4112,180:4170,181:4078,182:3859,183:4082,184:4025,185:4004,186:3938,187:3927,188:3978,189:4187,190:4162,191:4227,192:4007,193:4063,194:4012,195:4155,196:4189,197:4244,198:4163,199:4083,200:4322,201:4247,202:4096,203:4096,204:4343,205:4337,206:4205,207:4290,208:4198,209:4409,210:4292,211:4067,212:4469,213:4336,214:4423,215:4451,216:4376,217:4355,218:4183,219:4473,220:4481,221:4453,222:4288,223:4401,224:4178,225:4271,226:4171,227:4122,228:4338,229:4345,230:4492,231:4156,232:4392,233:4259,234:4257,235:4368,236:4434,237:4247,238:4355,239:4261,240:4128,241:4179,242:4092,243:4214,244:4364,245:4035,246:4072,247:4337,248:4092,249:4306,250:4160,251:3998,252:4161,253:4128,254:4295,255:4066,256:4261,257:4254,258:4274,259:3923,260:4163,261:4001,262:3980,263:3872,264:3927,265:3936,266:4117,267:3834,268:4091,269:3861,270:4162,271:3980,272:4125,273:4044,274:4052,275:3781,276:3826,277:4037,278:3841,279:4015,280:3875,281:3961,282:3846,283:4019,284:3959,285:3943,286:3691,287:3734,288:3822,289:3820,290:3965,291:3918,292:3794,293:3712,294:3763,295:3666,296:3580,297:3605,298:3654,299:3647,300:3938,301:3592,302:3707,303:3915,304:3710,305:3875,306:3809,307:3752,308:3732,309:3708,310:3684,311:3858,312:3518,313:3898,314:3684,315:3660,316:3606,317:3734,318:3846,319:3723,320:3788,321:3746,322:3533,323:3553,324:3588,325:3683,326:3802,327:3867,328:3855,329:3898,330:3548,331:3750,332:3773,333:3660,334:3908,335:3753,336:3685,337:3787,338:3948,339:3705,340:3613,341:3863,342:3846,343:3713,344:3668,345:4042,346:3773,347:3782,348:3942,349:4063,350:4097,351:3776,352:3718,353:3820,354:3990,355:3984,356:3759,357:3933,358:4014,359:4046
0:3838,1:3855,2:3999,3:4042,4:4235,5:4236,6:3923,7:4231,8:4268,9:4119,10:4208,11:4198,12:4019,13:4219,14:4241,15:4020,16:4352,17:4190,18:4099,19:4046,20:4284,21:4053,22:4306,23:4188,24:4357,25:4242,26:4177,27:4232,28:4131,29:4368,30:4378,31:4071,32:4276,33:4212,34:4243,35:4138,36:4441,37:4260,38:4352,39:4470,40:4102,41:4307,42:4103,43:4208,44:4247,45:4343,46:4416,47:4268,48:4266,49:4432,50:4199,51:4395,52:4199,53:4241,54:4366,55:4412,56:4167,57:4110,58:4170,59:4411,60:4191,61:4131,62:4257,63:4062,64:4074,65:4315,66:4351,67:4101,68:4218,69:4335,70:4059,71:4018,72:4325,73:4059,74:4159,75:3961,76:4123,77:3995,78:3967,79:3990,80:4205,81:3968,82:4190,83:4080,84:4218,85:4163,86:4171,87:4163,88:3892,89:3924,90:4026,91:3969,92:4059,93:4168,94:3860,95:3787,96:4133,97:3962,98:4065,99:3793,100:3879,101:3718,102:3707,103:3685,104:3840,105:3740,106:3650,107:3794,108:3943,109:3682,110:3640,111:3642,112:3887,113:3830,114:3898,115:3825,116:3822,117:3839,118:3584,119:3740,120:3798,121:3825,122:3839,123:3612,124:3547,125:3778,126:3754,127:3598,128:3576,129:3904,130:3722,131:3698,132:3668,133:3512,134:3885,135:3722,136:3722,137:3579,138:3563,139:3610,140:3647,141:3581,142:3634,143:3865,144:3692,145:3635,146:3826,147:3619,148:3833,149:3926,150:3788,151:3918,152:3679,153:3887,154:3751,155:3946,156:3805,157:3630,158:3743,159:3746,160:3648,161:3686,162:3912,163:3956,164:4031,165:3707,166:3942,167:3909,168:3824,169:3867,170:4010,171:3863,172:4103,173:3905,174:3842,175:4132,176:4113,177:3881,178:4102,179:4163,180:4083,181:4147,182:4015,183:4086,184:3938,185:3980,186:3873,187:4033,188:4133,189:4019,190:4142,191:4254,192:4223,193:4302,194:4298,195:4164,196:4027,197:4328,198:4155,199:4039,200:4212,201:4150,202:4027,203:4228,204:4301,205:4339,206:4124,207:4311,208:4307,209:4137,210:4364,211:4212,212:4392,213:4392,214:4464,215:4266,216:4278,217:4209,218:4420,219:4226,220:4134,221:4098,222:4215,223:4467,224:4100,225:4147,226:4353,227:4478,228:4191,229:4385,230:4335,231:4439,232:4143,233:4419,234:4477,235:4435,236:4382,237:4243,238:4389,239:4069,240:4404,241:4126,242:4300,243:4051,244:4399,245:4139,246:4334,247:4360,248:4110,249:4365,250:4361,251:4204,252:4368,253:4048,254:4153,255:4100,256:4062,257:4239,258:4078,259:4040,260:4063,261:3903,262:3887,263:4266,264:4205,265:4017,266:3898,267:3860,268:4147,269:4043,270:3966,271:4062,272:3876,273:3967,274:3803,275:4024,276:4109,277:3826,278:3831,279:3932,280:3883,281:3979,282:3801,283:3975,284:3734,285:3702,286:3879,287:4013,288:3993,289:3618,290:3877,291:3794,292:3734,293:3952,294:3750,295:3773,296:3807,297:3636,298:3755,299:3886,300:3595,301:3661,302:3631,303:3657,304:3530,305:3856,306:3589,307:3602,308:3741,309:3528,310:3633,311:3867,312:3536,313:3762,314:3588,315:3860,316:3720,317:3677,318:3553,319:3727,320:3879,321:3591,322:3891,323:3703,324:3524,325:3782,326:3707,327:3851,328:3867,329:3624,330:3899,331:3607,332:3924,333:3624,334:3684,335:3842,336:3724,337:3738,338:3614,339:3850,340:3682,341:3615,342:3827,343:3815,344:3715,345:3831,346:4034,347:4001,348:3855,349:4031,350:3980,351:3941,352:3940,353:3840,354:4032,355:3869,356:3806,357:4168,358:3839,359:3888
