354.5:459.7,355.7:447.5,356.9:440.5,357.6:436.5,358.9:432.5,0.1:428.5,1.0:425.0,1.9:422.5,3.2:420.5,4.1:419.0,5.2:419.2,6.0:422.0,7.9:0.0,9.3:323.7,10.4:317.7,11.2:313.5,12.4:311.5,13.3:310.2,14.7:0.0,16.3:0.0,17.1:281.5,18.5:276.7,19.1:274.2,20.3:273.0,22.0:272.7,25.0:0.0,26.0:0.0,27.0:0.0,28.1:0.0,29.1:0.0,30.1:0.0,31.1:0.0,32.1:0.0,33.2:0.0,34.2:0.0,35.2:0.0,36.2:0.0,37.3:0.0,38.3:0.0,39.3:0.0,40.4:0.0,41.4:0.0,42.5:0.0,36.6:0.0,37.6:1263.2,38.7:1268.2,39.7:1259.5,40.8:1256.5,41.7:1263.7,42.8:1268.0,43.8:1278.0,51.7:0.0,52.7:0.0,53.8:0.0,54.8:0.0,55.8:0.0,56.9:0.0,57.9:0.0,52.0:0.0,60.0:0.0,61.0:0.0,62.0:0.0,63.0:0.0,64.1:0.0,65.1:0.0,59.0:0.0,67.1:0.0,68.1:0.0,69.2:0.0,63.1:1550.0,64.2:1571.0,65.2:1573.7,66.2:1569.0,67.2:1571.7,68.3:1576.5,69.3:1580.2,70.3:1580.0,71.3:1583.0,72.4:1586.5,73.4:1588.5,74.4:1593.0,75.4:1599.2,76.4:1608.0,77.5:1615.0,78.5:1625.0,79.5:1633.5,80.5:1637.5,81.5:1645.7,82.6:1655.7,83.5:1661.5,84.6:1670.0,85.6:1682.7,86.7:1695.5,87.7:1709.0,88.6:1722.0,89.7:1738.0,97.9:0.0,98.9:0.0,99.9:0.0,101.0:0.0,102.0:0.0,103.0:0.0,104.0:0.0,105.1:0.0,106.1:0.0,107.1:0.0,108.1:0.0,109.2:0.0,103.3:0.0,111.2:0.0,112.2:0.0,113.2:0.0,114.3:0.0,115.3:0.0,116.3:0.0,117.3:0.0,118.4:0.0,119.4:0.0,120.4:0.0,121.4:0.0,122.5:0.0,123.5:0.0,124.5:0.0,118.3:0.0,119.3:1823.0,120.4:1807.5,121.4:1789.0,122.5:1766.0,123.5:1745.0,124.5:1728.0,125.6:1712.5,126.6:1701.7,127.6:1692.0,128.7:1677.0,129.6:1665.5,130.7:1653.7,131.8:1641.2,132.9:1633.2,133.9:1630.2,134.9:1640.5,135.9:1630.0,137.0:1607.0,138.0:1602.0,139.0:1594.2,140.0:1588.2,141.1:1584.7,142.1:1579.5,143.2:1572.5,144.2:1569.0,145.2:1567.5,146.2:1564.7,147.3:1563.0,148.3:1562.2,156.4:0.0,157.4:0.0,158.5:0.0,159.5:0.0,160.5:0.0,161.5:0.0,162.6:0.0,163.7:0.0,164.7:0.0,165.7:0.0,166.7:0.0,167.8:0.0,168.8:0.0,169.8:0.0,170.9:0.0,171.9:0.0,172.9:0.0,174.0:0.0,175.0:0.0,176.0:0.0,177.0:0.0,178.1:0.0,179.1:0.0,180.1:0.0,181.2:0.0,182.2:0.0,183.2:0.0,184.3:0.0,185.3:0.0,186.3:0.0,187.3:0.0,188.3:0.0,189.4:0.0,190.4:0.0,191.4:0.0,192.5:0.0,193.5:0.0,194.5:0.0,195.5:0.0,196.6:0.0,197.6:0.0,198.6:0.0,199.6:0.0,200.7:0.0,201.7:0.0,202.7:0.0,203.7:0.0,204.8:0.0,205.8:0.0,206.8:0.0,207.9:0.0,208.9:0.0,210.0:0.0,211.0:0.0,212.0:0.0,213.0:0.0,214.1:0.0,215.1:0.0,209.7:0.0,217.2:0.0,218.2:0.0,219.2:0.0,213.9:0.0,214.9:876.2,216.0:869.2,217.0:862.2,218.0:856.5,219.1:848.7,220.2:843.5,221.2:839.2,222.2:832.7,223.3:828.5,224.4:824.0,225.4:818.2,226.3:815.5,227.4:812.7,228.4:810.0,229.6:807.0,230.5:802.7,231.6:801.2,232.6:800.2,233.7:798.2,234.7:795.5,235.8:791.5,236.8:792.0,237.8:792.7,238.9:790.7,239.9:789.7,240.9:790.0,241.9:791.2,243.0:791.5,244.1:790.0,245.0:791.2,246.1:794.0,247.1:796.2,248.1:797.2,249.1:797.7,250.1:799.5,251.1:803.5,252.2:806.7,253.2:809.0,254.1:813.2,255.2:817.2,256.2:821.5,257.2:825.0,258.2:829.7,259.3:834.2,260.3:839.7,261.3:844.2,262.3:848.2,263.3:854.5,264.4:861.5,265.3:870.7,272.7:0.0,267.4:0.0,274.8:0.0,275.8:0.0,276.9:0.0,277.9:0.0,278.9:0.0,278.8:0.0,280.0:235.0,280.5:233.7,282.7:233.5,282.7:233.5,285.0:0.0,286.0:0.0,287.1:0.0,287.2:0.0,287.7:217.0,289.9:218.0,290.9:218.5,292.2:0.0,293.2:0.0,294.2:0.0,295.2:0.0,296.2:0.0,294.6:0.0,295.5:293.7,297.0:287.0,297.3:285.7,298.3:286.7,299.3:286.0,300.4:283.7,302.5:279.5,303.1:278.2,304.4:278.0,305.7:278.5,306.2:278.7,307.1:278.7,307.9:279.0,308.9:278.7,310.1:277.2,311.2:275.7,312.5:275.5,313.1:277.5,316.9:0.0,317.9:0.0,315.8:282.7,320.0:0.0,321.0:0.0,322.0:0.0,323.1:0.0,321.2:0.0,321.6:316.2,326.1:0.0,327.2:0.0,324.8:0.0,325.9:338.0,326.8:343.0,327.6:347.7,328.4:353.7,329.5:361.0,330.5:368.0,331.6:373.7,332.2:379.7,333.2:386.7,334.4:394.0,335.3:400.2,336.0:406.0,337.0:413.5,338.0:421.7,339.0:428.7,340.0:436.5,341.2:443.2,342.0:446.2,343.1:451.2,344.0:461.2,344.9:468.0,346.2:467.7,347.1:469.7,348.1:476.0,349.1:481.5,350.0:487.2,356.1:0.0,357.1:0.0,353.3:0.0,
354.3:471.2,355.5:462.7,356.7:0.0,357.7:0.0,359.1:416.5,0.0:411.7,0.8:407.0,2.0:402.5,3.1:398.0,4.3:395.0,5.4:392.2,7.3:0.0,8.3:296.2,9.5:288.7,11.0:283.7,12.0:281.2,12.7:279.5,14.5:277.2,16.2:0.0,17.3:0.0,19.6:249.7,19.0:245.2,20.6:243.0,22.0:242.2,23.7:242.2,25.0:0.0,26.0:0.0,27.0:0.0,28.1:0.0,29.1:0.0,30.1:0.0,31.1:0.0,32.2:0.0,33.2:0.0,34.2:0.0,35.2:0.0,36.3:0.0,37.3:0.0,38.3:0.0,39.4:0.0,40.4:0.0,41.4:0.0,35.6:0.0,36.6:1267.0,37.7:1264.0,38.7:1270.5,39.7:1261.7,40.8:1257.0,41.8:1265.0,42.8:1269.2,43.8:1274.2,44.9:1284.0,52.8:0.0,53.8:0.0,54.9:0.0,55.9:0.0,56.9:0.0,57.9:0.0,52.1:0.0,60.0:0.0,61.0:0.0,62.1:0.0,63.1:0.0,64.1:0.0,65.2:0.0,59.0:0.0,67.1:0.0,68.2:0.0,69.2:0.0,63.1:1550.2,64.2:1570.7,65.2:1572.5,66.2:1568.0,67.3:1571.7,68.3:1575.0,69.3:1575.2,70.3:1577.0,71.4:1580.5,72.4:1584.5,73.5:1588.7,74.4:1593.0,75.5:1598.7,76.5:1607.0,77.5:1614.7,78.5:1622.0,79.6:1631.7,80.6:1638.5,81.6:1643.0,82.7:1651.7,83.6:1660.2,84.7:1671.7,85.7:1684.0,86.7:1695.5,87.7:1709.7,88.7:1723.5,89.7:1739.0,97.9:0.0,99.0:0.0,100.0:0.0,101.0:0.0,102.0:0.0,103.1:0.0,104.1:0.0,105.1:0.0,106.2:0.0,107.2:0.0,108.2:0.0,109.2:0.0,103.4:0.0,111.3:0.0,112.3:0.0,113.3:0.0,114.4:0.0,115.4:0.0,116.4:0.0,117.5:0.0,118.5:0.0,119.5:0.0,120.5:0.0,121.6:0.0,122.6:0.0,123.6:0.0,124.7:0.0,118.5:0.0,119.5:1819.5,120.5:1804.2,121.5:1788.0,122.6:1767.2,123.7:1747.7,124.7:1732.5,125.7:1715.2,126.7:1700.5,127.8:1689.5,128.8:1678.5,129.8:1668.7,130.9:1654.2,131.9:1641.0,133.0:1631.7,134.0:1626.5,135.0:1638.5,136.1:1630.5,137.1:1607.5,138.2:1602.0,139.1:1594.0,140.2:1588.7,141.2:1583.0,142.2:1577.0,143.3:1572.5,144.3:1569.7,145.4:1567.7,146.4:1564.7,147.4:1562.5,148.4:1561.7,149.4:1562.2,150.5:1561.5,151.5:1561.0,152.5:1561.2,153.5:1565.0,161.7:0.0,162.7:0.0,156.9:0.0,157.9:1282.5,159.0:1288.5,166.9:0.0,161.0:1284.7,162.0:1278.0,163.1:1278.7,164.1:1284.0,165.1:1292.0,166.1:1296.2,174.1:0.0,175.1:0.0,176.1:0.0,177.1:0.0,178.2:0.0,179.2:0.0,180.2:0.0,181.3:0.0,175.3:0.0,176.4:1375.5,177.4:1386.7,178.4:1396.2,186.4:0.0,187.5:0.0,181.5:0.0,189.5:0.0,190.5:0.0,191.6:0.0,192.6:0.0,193.6:0.0,194.7:0.0,195.7:0.0,196.7:0.0,197.7:0.0,198.8:0.0,199.8:0.0,200.8:0.0,201.9:0.0,202.9:0.0,203.9:0.0,205.0:0.0,206.0:0.0,207.0:0.0,208.0:0.0,209.1:0.0,210.2:0.0,211.2:0.0,205.7:0.0,213.2:0.0,214.3:0.0,215.3:0.0,210.0:0.0,211.1:905.7,218.4:0.0,219.5:0.0,214.2:888.0,215.2:874.2,216.3:867.5,217.3:861.0,218.3:854.7,219.4:846.5,220.4:842.7,221.4:840.5,222.5:833.0,223.5:828.5,224.5:825.0,225.6:821.0,226.6:817.0,227.8:812.5,228.7:810.0,229.8:805.7,230.8:802.7,231.8:801.0,232.9:798.7,233.9:797.0,235.0:794.5,235.9:793.7,236.9:793.0,237.9:791.7,239.0:790.7,240.0:790.0,241.0:790.7,242.1:792.0,243.1:792.5,244.2:793.5,245.3:793.7,246.2:793.2,247.2:794.5,248.3:797.0,249.3:798.7,250.3:800.0,251.3:803.5,252.3:808.2,253.4:810.7,254.5:813.0,255.4:817.5,256.5:821.7,257.5:825.2,258.5:829.0,259.5:834.2,260.5:840.0,261.5:845.2,262.6:851.0,263.5:858.0,264.6:863.5,272.0:0.0,273.0:0.0,267.6:0.0,275.1:0.0,276.1:0.0,277.1:0.0,271.7:934.5,279.2:0.0,280.2:0.0,281.2:0.0,282.2:0.0,283.2:0.0,284.2:0.0,285.3:0.0,286.3:0.0,287.3:0.0,288.3:0.0,289.4:0.0,290.4:0.0,291.4:0.0,292.5:0.0,293.5:0.0,294.5:0.0,295.5:0.0,296.6:0.0,297.6:0.0,298.6:0.0,299.6:0.0,300.7:0.0,301.7:0.0,299.4:0.0,301.0:0.0,302.4:296.0,302.7:289.5,303.8:285.5,305.8:283.2,306.5:282.5,307.6:281.5,308.2:280.2,309.5:278.2,311.0:275.7,311.7:275.0,312.8:275.5,314.2:277.0,314.2:279.7,315.2:283.5,317.2:282.7,317.9:280.5,318.3:281.5,319.7:283.5,320.7:286.0,324.4:0.0,325.5:0.0,326.5:0.0,327.5:0.0,328.5:0.0,329.6:0.0,330.6:0.0,331.6:0.0,332.7:0.0,333.7:0.0,334.7:0.0,335.7:0.0,336.8:0.0,337.8:0.0,338.8:0.0,339.9:0.0,340.9:0.0,337.6:0.0,338.4:399.2,344.0:0.0,345.0:0.0,341.7:0.0,342.3:426.0,343.5:433.5,344.6:442.2,345.3:447.2,351.2:0.0,352.2:0.0,348.6:0.0,349.4:466.0,350.5:469.7,351.5:473.0,352.5:475.2,353.5:477.5,
354.7:484.5,355.5:488.0,356.7:0.0,358.0:0.0,359.0:441.5,0.0:433.5,1.2:426.7,4.0:0.0,5.2:296.7,6.5:291.7,7.4:288.5,10.1:0.0,10.1:0.0,11.0:244.0,11.8:241.7,14.2:240.5,14.8:240.5,17.1:0.0,18.1:0.0,19.1:0.0,20.1:0.0,18.2:0.0,22.2:0.0,23.2:0.0,24.2:0.0,25.3:0.0,26.3:0.0,27.3:0.0,28.3:0.0,29.3:0.0,30.4:0.0,31.4:0.0,32.4:0.0,33.5:0.0,34.5:0.0,35.5:0.0,36.5:0.0,30.4:0.0,38.6:0.0,39.6:0.0,40.7:0.0,41.7:0.0,42.8:0.0,37.0:0.0,37.9:1265.5,45.9:0.0,40.0:1261.7,41.1:1261.0,42.1:1268.5,43.1:1274.7,44.2:1282.5,45.1:1289.0,53.1:0.0,54.1:0.0,55.1:0.0,56.2:0.0,57.2:0.0,58.2:0.0,59.2:0.0,60.3:0.0,61.3:0.0,62.3:0.0,63.4:0.0,64.4:0.0,65.4:0.0,59.4:0.0,67.5:0.0,68.5:0.0,69.5:0.0,63.5:1559.0,64.5:1570.5,65.5:1567.5,66.6:1570.7,67.5:1574.2,68.6:1575.2,69.6:1576.7,70.7:1579.7,71.7:1583.7,72.7:1588.0,73.7:1591.0,74.8:1597.5,75.8:1603.0,76.8:1609.2,77.8:1620.5,78.9:1629.7,79.9:1635.5,80.9:1638.5,82.0:1644.7,82.9:1656.5,84.0:1667.2,85.0:1676.0,86.0:1688.2,87.0:1700.2,88.0:1714.0,89.1:1728.0,97.2:0.0,98.2:0.0,99.3:0.0,100.3:0.0,101.3:0.0,102.4:0.0,103.4:0.0,104.4:0.0,105.4:0.0,106.5:0.0,100.5:0.0,108.5:0.0,102.6:1329.2,110.6:0.0,111.6:0.0,112.6:0.0,113.6:0.0,114.7:0.0,115.7:0.0,116.7:0.0,117.7:0.0,118.7:0.0,119.8:0.0,120.8:0.0,121.8:0.0,122.9:0.0,123.9:0.0,124.9:0.0,118.7:0.0,119.7:1816.0,120.8:1797.0,121.8:1776.5,122.9:1758.5,123.9:1739.0,125.0:1722.2,126.0:1708.5,127.0:1696.5,128.0:1681.5,129.0:1669.7,130.1:1662.7,131.2:1650.7,132.2:1637.5,133.3:1629.5,134.3:1627.2,135.4:1623.0,136.4:1613.5,137.4:1604.2,138.4:1598.2,139.4:1592.2,140.5:1587.2,141.5:1580.7,142.6:1575.5,143.6:1573.2,144.6:1569.2,145.7:1566.0,146.7:1565.5,147.7:1567.0,148.8:1563.0,149.8:1558.7,150.8:1561.0,151.8:1561.5,152.9:1562.2,153.9:1568.7,162.0:0.0,163.1:0.0,157.2:0.0,158.2:1286.2,159.3:1288.7,160.3:1280.0,161.4:1273.2,162.4:1277.0,163.4:1279.0,164.5:1286.2,165.5:1293.7,166.5:1297.0,174.4:0.0,175.4:0.0,176.5:0.0,177.5:0.0,178.5:0.0,179.6:0.0,180.6:0.0,174.7:0.0,175.7:1369.2,183.7:0.0,184.7:0.0,185.7:0.0,186.8:0.0,187.8:0.0,181.8:0.0,189.9:0.0,190.9:0.0,191.9:0.0,192.9:0.0,194.0:0.0,195.0:0.0,196.0:0.0,194.0:0.0,197.3:0.0,199.2:0.0,200.2:0.0,201.2:0.0,202.2:0.0,203.3:0.0,204.3:0.0,202.0:0.0,202.7:320.5,203.7:325.7,208.4:0.0,205.7:327.2,210.5:0.0,211.6:0.0,212.6:0.0,213.6:0.0,214.6:0.0,215.7:0.0,215.2:0.0,217.5:225.7,218.5:228.0,219.8:0.0,220.9:0.0,221.9:0.0,216.5:0.0,223.9:0.0,225.0:0.0,226.0:0.0,227.0:0.0,228.0:0.0,222.9:0.0,223.9:827.0,224.9:820.2,225.9:818.2,227.1:809.7,228.0:805.5,229.1:809.0,236.3:0.0,231.1:805.0,232.2:800.0,233.2:798.0,234.2:795.7,235.3:793.2,236.3:793.0,237.3:792.2,238.4:790.7,239.4:790.2,240.5:790.0,241.5:790.7,242.6:790.5,243.5:790.5,244.6:791.5,245.6:791.7,246.7:792.7,247.7:794.7,250.8:0.0,251.8:385.7,253.0:384.2,253.8:0.0,255.0:368.5,256.3:363.5,257.0:360.0,258.1:356.0,259.5:356.0,260.6:0.0,261.4:337.2,262.9:335.2,264.0:333.7,264.8:333.7,265.5:334.7,266.6:336.2,268.1:339.0,268.6:342.2,269.7:345.2,274.4:0.0,275.5:0.0,276.5:0.0,277.5:0.0,278.5:0.0,279.6:0.0,280.6:0.0,281.6:0.0,282.6:0.0,283.6:0.0,284.6:0.0,285.6:0.0,286.7:0.0,287.7:0.0,288.7:0.0,289.7:0.0,290.8:0.0,291.8:0.0,292.8:0.0,293.9:0.0,294.9:0.0,295.9:0.0,291.4:0.0,292.5:593.2,299.0:0.0,300.0:0.0,301.0:0.0,302.1:0.0,297.8:0.0,304.1:0.0,305.1:0.0,306.3:0.0,307.3:0.0,308.3:0.0,304.2:0.0,305.3:513.5,306.4:508.2,307.3:504.7,308.3:502.7,309.6:500.0,315.5:0.0,313.3:0.0,314.7:292.5,316.6:284.7,316.7:278.2,317.7:275.0,319.0:274.0,320.5:274.2,321.7:275.0,322.9:275.0,323.4:275.2,325.0:276.7,325.0:279.0,326.5:281.5,327.3:284.2,328.0:287.0,329.4:289.7,330.1:292.7,330.8:294.7,332.1:294.7,333.4:295.7,334.6:299.7,338.2:0.0,339.2:0.0,340.3:0.0,341.3:0.0,342.3:0.0,343.4:0.0,344.4:0.0,345.4:0.0,342.3:0.0,343.1:399.2,348.5:0.0,349.5:0.0,345.8:0.0,351.6:0.0,352.6:0.0,348.7:0.0,354.7:0.0,355.8:0.0,351.7:0.0,353.0:484.7,
352.5:967.7,353.5:976.2,354.6:982.5,355.6:991.5,356.6:1001.0,357.6:1007.2,358.6:1017.5,359.6:1027.7,0.7:1034.2,8.3:0.0,9.3:0.0,10.4:0.0,4.8:0.0,8.9:0.0,10.1:343.5,10.6:337.2,12.0:332.0,12.9:329.2,13.9:327.7,15.2:324.2,16.4:317.0,17.8:309.2,19.1:304.0,19.8:301.0,20.5:299.7,21.9:299.5,23.0:300.5,26.9:0.0,27.9:0.0,25.0:0.0,29.9:0.0,30.9:0.0,32.0:0.0,33.0:0.0,34.0:0.0,35.1:0.0,36.1:0.0,37.1:0.0,38.2:0.0,39.2:0.0,40.2:0.0,41.2:0.0,42.3:0.0,43.4:0.0,37.5:0.0,45.4:0.0,39.6:1260.2,40.6:1258.7,41.6:1265.0,42.7:1268.7,43.7:1275.2,51.6:0.0,52.6:0.0,53.7:0.0,54.7:0.0,55.7:0.0,56.7:0.0,57.8:0.0,58.8:0.0,52.8:0.0,60.9:0.0,61.9:0.0,62.9:0.0,64.0:0.0,65.0:0.0,58.9:0.0,67.0:0.0,68.0:0.0,69.0:0.0,63.0:1538.5,64.0:1567.7,65.1:1571.0,66.1:1566.7,67.1:1570.5,68.1:1576.5,69.2:1577.2,70.2:1579.2,71.2:1580.7,72.2:1584.0,73.3:1589.0,74.3:1593.2,75.3:1598.7,76.3:1606.2,77.3:1616.5,78.4:1623.7,79.4:1630.2,80.4:1638.5,81.5:1644.5,82.5:1651.0,83.5:1658.5,84.5:1670.7,85.5:1682.5,86.6:1693.2,87.5:1709.7,88.6:1724.0,89.6:1739.0,97.8:0.0,98.8:0.0,99.8:0.0,100.9:0.0,101.9:0.0,102.9:0.0,104.0:0.0,105.0:0.0,106.0:0.0,107.0:0.0,108.1:0.0,109.1:0.0,103.2:0.0,111.1:0.0,112.2:0.0,113.2:0.0,114.2:0.0,115.3:0.0,116.3:0.0,117.3:0.0,118.3:0.0,119.4:0.0,120.4:0.0,121.4:0.0,122.4:0.0,123.5:0.0,124.5:0.0,118.3:0.0,119.4:1823.5,120.4:1805.7,121.4:1788.0,122.5:1766.5,123.5:1748.2,124.5:1732.0,125.5:1713.5,126.6:1697.7,127.6:1686.0,128.7:1678.0,129.7:1667.7,130.7:1656.5,131.8:1643.7,132.8:1632.0,133.8:1629.2,134.8:1640.2,135.9:1630.2,137.0:1604.2,138.0:1599.5,139.0:1595.0,140.1:1588.0,141.1:1583.7,142.1:1578.2,143.2:1574.0,144.1:1570.7,145.2:1567.5,146.2:1566.2,147.3:1564.5,148.3:1560.5,149.3:1560.0,150.3:1562.7,151.4:1563.2,152.4:1564.0,153.5:1567.0,154.4:1578.7,162.6:0.0,163.6:0.0,157.8:0.0,158.8:1290.0,166.7:0.0,160.9:1285.5,161.9:1277.5,162.9:1278.2,163.9:1282.7,165.0:1290.0,166.0:1297.7,167.0:1302.5,174.9:0.0,176.0:0.0,177.0:0.0,178.0:0.0,179.0:0.0,180.1:0.0,174.2:0.0,175.2:1361.2,176.2:1366.7,177.2:1380.0,185.2:0.0,186.3:0.0,187.3:0.0,181.3:0.0,182.3:1501.2,190.4:0.0,191.5:0.0,192.5:0.0,193.5:0.0,194.5:0.0,195.6:0.0,196.6:0.0,197.6:0.0,198.7:0.0,199.7:0.0,200.7:0.0,201.7:0.0,202.8:0.0,203.8:0.0,204.8:0.0,205.9:0.0,200.4:0.0,207.9:0.0,209.0:0.0,210.1:0.0,211.1:0.0,212.1:0.0,213.2:0.0,214.2:0.0,215.2:0.0,216.3:0.0,211.0:0.0,218.3:0.0,219.4:0.0,214.1:890.2,215.1:874.0,216.1:868.0,217.2:861.2,218.3:853.7,219.2:847.7,220.3:843.0,221.4:838.7,222.3:833.5,223.5:829.0,224.5:825.5,225.6:820.5,226.6:818.0,227.6:815.2,228.6:811.0,229.7:807.2,230.6:804.5,231.8:802.0,232.8:799.5,233.8:796.7,234.7:794.0,235.8:793.7,236.9:792.0,237.9:790.5,238.9:790.2,240.0:789.5,241.0:790.5,242.1:790.5,243.0:790.7,244.1:792.2,245.0:793.0,246.1:793.2,247.1:795.7,248.2:798.7,249.2:799.5,250.2:800.5,251.3:803.2,252.3:807.7,253.3:810.7,254.3:813.0,255.4:817.2,256.5:821.5,257.5:824.7,258.5:828.5,259.5:834.7,260.5:840.0,261.6:843.2,262.5:849.7,263.6:858.2,264.6:862.7,265.6:867.7,273.0:0.0,267.6:0.0,275.0:0.0,276.0:0.0,270.5:0.0,271.7:0.0,279.1:0.0,280.2:0.0,281.2:0.0,282.1:0.0,283.2:0.0,284.2:0.0,285.2:0.0,286.2:0.0,287.2:0.0,288.3:0.0,289.3:0.0,290.3:0.0,291.4:0.0,292.4:0.0,293.4:0.0,294.4:0.0,295.5:0.0,296.5:0.0,291.8:0.0,298.5:0.0,299.6:0.0,300.6:0.0,301.6:0.0,297.4:0.0,303.7:0.0,299.5:546.0,305.7:0.0,306.8:0.0,307.9:0.0,303.6:0.0,304.8:513.7,305.9:506.5,306.8:503.2,307.9:504.2,309.1:501.5,309.9:500.0,311.1:501.0,312.1:501.5,318.2:0.0,319.2:0.0,320.2:0.0,321.3:0.0,322.3:0.0,323.3:0.0,324.4:0.0,325.4:0.0,326.4:0.0,327.5:0.0,328.5:0.0,329.5:0.0,324.0:0.0,325.0:941.0,326.1:941.0,333.6:0.0,328.3:0.0,329.3:910.0,330.3:910.0,331.3:908.5,333.9:0.0,334.9:0.0,336.2:451.5,337.1:451.0,338.0:456.5,339.0:463.7,339.9:471.0,341.1:478.2,341.9:487.5,343.0:499.0,349.1:0.0,350.1:0.0,351.1:0.0,352.1:0.0,346.7:0.0,347.8:945.0,348.8:952.0,349.8:957.2,350.8:960.0,351.9:963.0,
358.7:0.0,359.8:0.0,353.7:0.0,354.7:1568.5,355.7:1572.7,356.8:1575.2,357.8:1577.7,358.8:1578.2,359.9:1579.2,0.9:1579.2,1.9:1580.7,2.9:1586.7,3.9:1592.2,4.9:1597.0,6.0:1603.0,7.0:1608.0,8.0:1617.5,9.0:1627.7,10.0:1635.0,11.0:1641.2,12.1:1645.7,13.1:1651.7,14.1:1661.0,15.2:1673.5,16.1:1686.0,17.2:1698.7,18.2:1714.2,19.2:1727.5,20.2:1740.7,28.4:0.0,29.4:0.0,30.5:0.0,31.5:0.0,32.5:0.0,33.5:0.0,34.5:0.0,35.6:0.0,36.6:0.0,37.6:0.0,38.6:0.0,39.7:0.0,33.8:0.0,41.7:0.0,42.8:0.0,43.8:0.0,44.8:0.0,45.9:0.0,46.9:0.0,47.9:0.0,48.9:0.0,50.0:0.0,51.0:0.0,52.0:0.0,53.0:0.0,54.1:0.0,55.1:0.0,56.1:0.0,49.9:0.0,51.0:1811.5,52.0:1795.0,53.0:1776.7,54.0:1755.2,55.1:1734.2,56.1:1720.0,57.2:1706.5,58.2:1693.5,59.2:1681.2,60.2:1669.5,61.2:1661.5,62.3:1651.5,63.3:1643.7,64.3:1637.2,65.4:1635.2,66.4:1625.0,67.4:1612.5,68.4:1607.2,69.4:1600.0,70.5:1593.7,71.5:1592.7,72.7:0.0,73.7:1316.2,74.7:1311.7,75.8:1317.2,83.7:0.0,84.7:0.0,78.7:0.0,79.7:1566.5,80.7:1569.2,81.7:1567.7,82.8:1568.0,83.8:1570.7,84.7:1576.0,92.9:0.0,93.9:0.0,88.1:0.0,89.1:1291.5,97.0:0.0,91.1:1287.7,92.2:1281.0,93.1:1279.5,94.2:1283.0,95.2:1289.0,96.2:1295.0,97.2:1300.0,105.1:0.0,106.1:0.0,107.2:0.0,108.2:0.0,109.2:0.0,110.2:0.0,104.3:0.0,105.4:1364.2,106.3:1371.7,114.3:0.0,115.3:0.0,116.3:0.0,117.4:0.0,118.4:0.0,112.3:0.0,120.4:0.0,121.4:0.0,122.5:0.0,123.5:0.0,124.5:0.0,125.5:0.0,126.5:0.0,127.6:0.0,128.6:0.0,129.6:0.0,130.6:0.0,131.6:0.0,132.7:0.0,133.7:0.0,134.7:0.0,135.7:0.0,136.7:0.0,131.2:0.0,138.9:0.0,139.9:0.0,140.9:0.0,141.9:0.0,142.9:0.0,144.0:0.0,145.0:0.0,146.0:0.0,140.6:0.0,141.7:904.5,149.1:0.0,143.8:888.2,144.7:877.5,145.8:871.5,146.8:866.2,147.9:859.5,148.9:853.0,149.9:846.5,151.0:840.5,152.1:836.2,153.1:832.0,154.1:827.0,155.2:821.7,156.3:819.5,157.2:815.7,158.3:811.0,159.3:807.2,160.3:803.5,161.3:801.0,162.4:797.7,163.4:796.7,164.5:796.0,165.6:794.2,166.5:793.2,167.6:791.0,168.6:790.0,169.5:789.5,170.6:788.7,171.7:788.5,172.7:789.0,173.7:790.0,174.8:790.0,175.8:791.2,176.7:792.7,177.8:793.7,178.8:795.5,179.7:796.2,180.7:799.2,181.8:803.7,182.9:805.0,183.8:806.5,184.8:810.7,185.9:814.5,186.9:818.0,187.8:821.7,188.9:827.5,189.9:833.2,190.9:836.0,191.9:840.0,193.0:844.7,193.9:851.2,195.0:858.7,196.0:866.0,203.3:0.0,198.0:0.0,199.0:923.2,206.4:0.0,207.4:0.0,208.5:0.0,209.5:0.0,210.6:0.0,211.6:0.0,212.7:0.0,213.7:0.0,214.7:0.0,215.7:0.0,216.7:0.0,217.8:0.0,218.8:0.0,219.8:0.0,220.9:0.0,221.9:0.0,222.9:0.0,223.9:0.0,225.0:0.0,226.0:0.0,221.4:0.0,222.6:598.0,229.1:0.0,230.1:0.0,231.1:0.0,232.2:0.0,233.2:0.0,234.2:0.0,235.2:0.0,236.2:0.0,231.9:0.0,238.3:0.0,239.3:0.0,235.1:517.0,236.3:507.2,237.1:504.7,238.4:502.5,239.3:498.0,240.5:497.0,241.6:495.5,242.5:496.7,243.5:498.7,249.5:0.0,250.6:0.0,251.6:0.0,252.6:0.0,253.6:0.0,254.7:0.0,255.7:0.0,256.7:0.0,257.7:0.0,258.8:0.0,259.8:0.0,260.8:0.0,255.4:0.0,256.4:936.7,257.4:936.5,258.5:0.0,259.5:906.7,260.5:908.0,261.6:907.2,262.6:906.2,263.6:907.2,264.6:906.7,265.7:907.7,266.7:910.0,267.7:910.7,268.8:910.5,269.8:913.7,270.8:919.2,271.8:920.2,272.8:920.5,273.8:923.2,274.8:925.7,275.8:930.0,276.8:934.2,277.7:938.7,278.8:944.2,279.9:950.2,280.8:954.7,281.9:956.7,282.9:962.2,283.8:968.7,284.9:974.5,285.8:982.7,286.9:992.0,287.8:1000.5,288.9:1009.7,289.8:1020.2,290.9:1029.5,298.5:0.0,299.5:0.0,300.5:0.0,301.6:0.0,295.9:0.0,296.9:1095.5,304.6:0.0,305.6:0.0,306.8:0.0,307.8:0.0,308.8:0.0,309.8:0.0,310.9:0.0,311.9:0.0,312.9:0.0,314.0:0.0,315.0:0.0,316.0:0.0,317.0:0.0,318.0:0.0,319.1:0.0,320.1:0.0,321.1:0.0,322.1:0.0,323.2:0.0,324.2:0.0,325.2:0.0,326.2:0.0,327.2:0.0,328.3:0.0,329.3:0.0,330.3:0.0,331.4:0.0,332.4:0.0,326.5:0.0,327.6:1266.5,328.6:1266.0,329.6:1271.2,330.7:1267.2,331.7:1258.0,332.7:1262.5,333.7:1273.7,334.7:1282.7,342.6:0.0,343.6:0.0,344.7:0.0,345.7:0.0,346.7:0.0,347.7:0.0,348.8:0.0,349.8:0.0,350.8:0.0,351.8:0.0,352.9:0.0,353.9:0.0,354.9:0.0,356.0:0.0,349.9:0.0,358.0:0.0,
358.8:0.0,352.2:0.0,354.0:0.0,355.0:1369.2,356.0:1367.5,357.0:1368.7,358.1:1373.5,359.1:1375.0,0.1:1377.2,1.1:1381.5,2.2:1384.5,3.2:1386.5,4.2:1388.2,5.3:1392.0,6.2:1397.2,7.3:1400.5,8.4:1404.2,9.3:1414.2,10.4:1426.0,11.3:1432.5,12.4:1436.5,13.5:1442.5,14.4:1450.2,15.5:1458.2,16.5:1467.2,17.5:1481.0,18.5:1496.5,19.6:1509.7,20.6:1520.7,21.6:1532.5,22.6:1546.5,23.6:1561.5,31.7:0.0,32.8:0.0,33.8:0.0,34.8:0.0,35.9:0.0,36.9:0.0,37.9:0.0,39.0:0.0,40.0:0.0,41.0:0.0,42.1:0.0,43.1:0.0,37.4:0.0,38.3:1187.2,39.5:1174.0,47.2:0.0,48.2:0.0,49.3:0.0,50.3:0.0,51.3:0.0,52.3:0.0,53.4:0.0,54.4:0.0,55.4:0.0,56.5:0.0,57.5:0.0,58.5:0.0,59.6:0.0,60.6:0.0,61.6:0.0,55.5:0.0,56.6:1695.0,57.6:1681.0,58.6:1666.0,59.6:1655.5,60.6:1643.2,61.6:1630.0,62.7:1620.0,63.7:1612.0,64.7:1604.5,65.8:1597.2,66.8:1588.0,67.8:1579.5,68.8:1572.5,69.9:1566.0,70.9:1560.2,71.9:1560.2,73.0:1567.7,74.0:1558.7,75.0:1549.5,76.1:1549.0,77.1:1544.2,78.2:1538.5,79.2:1533.5,80.1:1533.0,81.2:1534.7,82.2:1536.7,83.2:1536.2,84.2:1538.5,85.2:1542.0,86.3:1545.0,87.3:1547.5,88.4:1551.0,89.4:1552.7,90.4:1556.5,91.4:1565.0,92.4:1575.7,100.5:0.0,101.6:0.0,102.6:0.0,96.7:0.0,97.7:1304.2,105.7:0.0,106.7:0.0,100.8:1303.2,108.7:0.0,109.8:0.0,110.8:0.0,111.8:0.0,112.8:0.0,107.0:0.0,114.9:0.0,109.0:1367.2,110.0:1381.5,118.0:0.0,119.0:0.0,120.0:0.0,121.0:0.0,122.0:0.0,123.1:0.0,124.1:0.0,118.0:0.0,126.1:0.0,127.2:0.0,128.2:0.0,129.2:0.0,130.2:0.0,131.3:0.0,132.3:0.0,133.3:0.0,134.3:0.0,135.4:0.0,136.4:0.0,137.4:0.0,138.5:0.0,139.5:0.0,140.5:0.0,141.5:0.0,142.6:0.0,143.6:0.0,144.6:0.0,145.6:0.0,146.7:0.0,147.7:0.0,148.7:0.0,143.1:0.0,144.0:1104.7,145.1:1098.2,146.2:1087.5,147.2:1077.2,154.9:0.0,155.9:0.0,150.2:1063.2,151.4:1048.7,152.3:1042.2,153.4:1037.7,154.4:1030.2,155.5:1023.0,156.6:1018.0,157.6:1014.0,158.7:1011.5,159.6:1008.0,160.7:1003.0,161.7:998.7,162.8:997.7,163.8:995.0,164.8:992.0,165.8:991.2,167.0:990.2,167.9:987.2,169.0:984.5,170.0:985.2,171.0:984.7,172.0:984.0,173.1:984.7,174.1:985.2,175.2:984.2,176.2:986.5,177.2:988.2,178.2:989.7,179.2:992.5,180.2:993.7,181.3:997.5,182.3:1002.2,183.3:1004.5,184.4:1007.5,185.4:1012.2,186.4:1014.2,187.5:1017.5,188.4:1024.5,189.5:1033.7,190.5:1041.0,191.5:1044.2,192.5:1049.7,200.2:0.0,194.5:0.0,195.5:1098.2,203.3:0.0,204.3:0.0,198.7:1100.5,206.4:0.0,207.4:0.0,208.4:0.0,209.4:0.0,210.5:0.0,211.5:0.0,212.6:0.0,213.6:0.0,214.6:0.0,215.7:0.0,216.7:0.0,217.7:0.0,218.7:0.0,219.8:0.0,220.8:0.0,221.8:0.0,222.9:0.0,223.9:0.0,224.9:0.0,226.0:0.0,227.0:0.0,222.3:0.0,223.4:616.5,224.5:612.5,225.5:612.0,226.6:611.0,227.5:611.5,228.6:612.0,235.2:0.0,236.2:0.0,237.2:0.0,238.3:0.0,239.3:0.0,240.3:0.0,241.4:0.0,242.4:0.0,243.4:0.0,244.5:0.0,245.5:0.0,246.5:0.0,247.5:0.0,248.6:0.0,249.6:0.0,244.0:0.0,245.1:1001.0,246.2:997.2,247.2:997.5,248.3:0.0,249.3:953.2,250.4:949.2,251.4:945.2,252.5:943.2,253.4:940.5,254.5:937.5,255.5:936.2,256.6:933.5,257.6:930.7,258.5:930.0,259.7:929.5,260.7:930.0,261.7:928.7,262.8:928.2,263.7:928.5,264.7:928.7,265.8:929.5,266.9:930.2,267.8:932.5,268.9:934.2,270.0:934.7,271.0:937.0,272.0:939.7,273.0:941.7,274.0:944.0,275.0:948.0,276.0:950.7,277.0:954.2,278.0:959.2,279.0:963.0,280.0:968.5,280.9:975.7,282.0:982.7,283.0:988.0,284.0:995.2,285.0:1002.5,286.1:1006.5,287.1:1014.2,288.1:1025.5,289.1:1034.0,290.1:1040.7,297.7:0.0,292.2:1054.5,293.2:1073.0,300.8:0.0,295.2:1090.0,302.9:0.0,303.9:0.0,304.9:0.0,306.0:0.0,307.0:0.0,308.1:0.0,309.1:0.0,310.1:0.0,311.2:0.0,312.2:0.0,313.2:0.0,314.2:0.0,315.3:0.0,316.3:0.0,317.3:0.0,318.3:0.0,319.4:0.0,320.4:0.0,321.4:0.0,322.5:0.0,323.5:0.0,324.5:0.0,325.5:0.0,326.6:0.0,327.6:0.0,321.9:1098.7,323.0:1099.0,324.0:1100.7,325.0:1102.0,326.1:1095.0,327.0:1089.0,328.2:1092.0,329.1:1098.2,330.1:1104.7,331.2:1111.0,332.1:1117.5,333.2:1119.7,340.9:0.0,342.0:0.0,343.0:0.0,337.3:0.0,338.3:1164.5,339.3:1175.5,340.4:1181.2,348.1:0.0,349.2:0.0,350.2:0.0,351.2:0.0,352.2:0.0,353.2:0.0,354.3:0.0,355.4:0.0,356.4:0.0,357.4:0.0,358.4:0.0,
352.8:1083.5,353.9:1083.0,354.8:1080.0,355.9:1081.0,357.0:1083.0,357.9:1081.0,358.9:1082.0,359.9:1086.0,0.9:1088.2,2.0:1091.5,3.0:1094.5,4.1:1097.0,5.1:1100.0,6.0:1102.5,7.0:1105.7,8.1:1111.2,9.2:1115.2,10.2:1119.7,11.1:1124.7,12.2:1129.5,13.2:1135.0,14.2:1143.2,15.3:1152.2,16.2:1160.0,17.3:1166.5,18.3:1172.5,19.3:1184.5,20.3:1196.0,21.3:1204.7,22.3:1214.7,23.3:1226.5,24.3:1241.0,25.4:1254.7,26.4:1267.2,27.4:1280.5,28.4:1296.5,36.3:0.0,37.3:0.0,38.4:0.0,39.4:0.0,40.4:0.0,41.4:0.0,42.5:0.0,43.5:0.0,44.6:0.0,45.6:0.0,46.6:0.0,47.7:0.0,48.7:0.0,43.1:0.0,44.2:1025.2,45.2:1013.0,52.8:0.0,47.3:995.0,48.4:977.0,49.4:972.0,50.3:973.2,57.9:0.0,58.9:0.0,60.0:0.0,61.0:0.0,62.0:0.0,63.0:0.0,64.1:0.0,65.1:0.0,66.1:0.0,67.1:0.0,68.1:0.0,69.2:0.0,63.1:0.0,64.2:1566.5,65.2:1559.0,66.2:1549.5,67.2:1539.2,68.3:1533.5,69.2:1528.5,70.3:1521.5,71.4:1516.7,72.4:1511.7,73.4:1509.0,74.4:1506.2,75.4:1499.0,76.5:1496.0,77.5:1495.0,78.5:1492.0,79.6:1492.5,80.6:1491.2,81.6:1490.2,82.6:1499.2,83.6:1506.7,84.6:1501.7,85.6:1497.5,86.6:1502.7,87.6:1505.5,88.7:1507.2,89.7:1512.7,90.7:1515.7,91.7:1520.7,92.7:1528.5,93.8:1532.7,94.7:1538.2,95.8:1547.0,96.8:1553.5,97.8:1561.0,98.8:1570.5,99.8:1579.2,100.9:1591.5,101.9:1604.2,110.0:0.0,111.0:0.0,112.0:0.0,113.1:0.0,114.1:0.0,108.2:0.0,109.2:1372.5,117.2:0.0,111.2:1374.0,112.3:1382.0,120.2:0.0,121.2:0.0,122.3:0.0,123.3:0.0,124.3:0.0,125.3:0.0,126.3:0.0,127.4:0.0,128.4:0.0,129.4:0.0,130.4:0.0,131.5:0.0,132.5:0.0,133.5:0.0,134.5:0.0,128.3:0.0,136.6:0.0,137.6:0.0,131.6:0.0,139.7:0.0,140.7:0.0,141.7:0.0,142.8:0.0,143.8:0.0,137.8:0.0,145.8:0.0,146.9:0.0,147.9:0.0,148.9:0.0,149.9:0.0,151.0:0.0,152.0:0.0,146.0:0.0,147.1:1387.5,148.1:1379.2,149.1:1372.2,150.1:1363.2,158.1:0.0,159.1:0.0,160.2:0.0,161.2:0.0,162.3:0.0,163.3:0.0,164.3:0.0,158.5:0.0,159.5:1298.0,160.5:1293.0,161.6:1287.5,162.6:1284.7,163.6:1282.2,164.6:1278.0,165.7:1275.7,166.7:1276.7,167.7:1272.0,168.7:1271.2,169.8:1271.0,170.9:1267.2,171.9:1267.0,172.8:1264.7,173.9:1265.5,174.9:1270.7,175.9:1273.2,177.0:1274.0,178.0:1275.7,179.0:1278.7,180.0:1280.0,181.1:1283.0,182.1:1290.2,183.0:1294.5,184.0:1297.5,192.0:0.0,193.0:0.0,194.0:0.0,195.1:0.0,196.1:0.0,197.1:0.0,198.1:0.0,192.2:0.0,193.2:1391.2,194.2:1383.7,202.2:0.0,203.2:0.0,204.3:0.0,205.3:0.0,206.3:0.0,207.3:0.0,208.4:0.0,209.4:0.0,210.5:0.0,211.5:0.0,212.6:0.0,213.6:0.0,214.6:0.0,215.7:0.0,216.7:0.0,211.4:0.0,212.4:835.2,219.8:0.0,220.8:0.0,221.8:0.0,222.9:0.0,223.9:0.0,224.9:0.0,226.0:0.0,227.0:0.0,228.0:0.0,229.0:0.0,230.1:0.0,231.1:0.0,232.1:0.0,233.2:0.0,234.1:0.0,235.2:0.0,236.2:0.0,237.2:0.0,238.2:0.0,239.3:0.0,233.7:0.0,234.6:1084.7,242.3:0.0,236.7:1069.0,237.8:1054.7,238.8:1045.5,239.9:1038.7,240.9:1032.2,241.9:1025.7,243.0:1018.0,244.0:1011.2,245.0:1007.2,246.0:1001.7,247.1:996.7,248.1:991.7,249.2:986.5,250.2:984.5,251.2:982.0,252.3:978.0,253.3:974.0,254.3:971.5,255.3:970.7,256.3:968.7,257.4:966.2,258.4:966.2,259.4:964.7,260.4:962.0,261.5:962.0,262.6:962.5,263.6:962.2,264.6:960.7,265.7:962.5,266.6:965.7,267.6:968.0,268.6:967.7,269.7:967.5,270.7:970.2,271.7:973.5,272.8:976.0,273.7:980.0,274.8:982.2,275.6:987.2,276.7:994.2,277.7:997.5,278.7:1001.0,279.7:1006.7,280.7:1012.2,281.8:1016.5,282.8:1023.2,283.7:1029.2,284.7:1036.2,285.8:1043.2,293.4:0.0,294.5:0.0,295.5:0.0,289.9:0.0,290.9:1085.0,291.9:1094.5,299.5:0.0,300.6:0.0,301.6:0.0,302.6:0.0,303.6:0.0,304.7:0.0,305.7:0.0,306.8:0.0,307.8:0.0,308.8:0.0,309.9:0.0,310.9:0.0,311.9:0.0,312.9:0.0,314.0:0.0,315.0:0.0,316.0:0.0,317.0:0.0,311.7:0.0,312.8:887.2,313.7:885.5,321.1:0.0,315.8:873.5,316.9:863.0,318.0:865.5,319.0:865.7,319.9:866.0,321.0:869.0,322.0:871.5,323.0:872.5,324.1:875.5,325.1:879.0,326.1:880.7,327.1:885.2,328.1:888.2,329.1:890.5,330.1:896.0,331.1:902.0,332.2:905.5,333.2:911.0,334.2:918.2,341.6:0.0,342.7:0.0,337.3:931.0,338.2:945.5,339.2:952.2,340.3:959.0,347.8:0.0,348.8:0.0,349.8:0.0,350.9:0.0,345.3:0.0,352.9:0.0,353.9:0.0,355.0:0.0,356.0:0.0,357.0:0.0,350.4:0.0,
353.5:694.7,354.7:695.2,355.7:695.2,356.6:695.0,357.6:695.0,358.8:695.0,359.8:696.0,0.8:697.2,1.8:699.2,2.7:700.2,3.8:701.5,4.8:704.0,6.0:706.0,7.0:708.5,7.9:711.2,9.0:713.5,10.1:716.7,11.0:721.7,12.1:725.0,13.1:729.0,14.0:734.0,15.1:738.5,16.1:743.5,17.1:748.7,18.1:754.5,19.1:759.2,20.1:765.2,21.1:772.7,22.1:780.0,23.2:787.0,24.2:793.2,25.2:800.0,26.3:807.5,27.2:816.2,28.2:826.7,29.2:837.7,30.2:848.2,31.2:858.2,32.3:868.5,33.2:881.2,34.3:893.7,35.3:906.7,36.3:921.2,37.2:934.7,38.3:949.2,39.3:964.7,40.3:983.2,47.8:0.0,48.9:0.0,49.9:0.0,50.9:0.0,52.0:0.0,53.0:0.0,47.7:0.0,48.6:905.5,56.1:0.0,57.1:0.0,51.8:0.0,52.8:866.7,53.8:859.7,54.9:853.5,56.0:845.7,57.0:839.7,58.1:833.2,59.1:827.0,60.0:821.2,61.2:814.0,62.2:809.2,63.2:804.7,64.2:798.5,65.4:795.0,66.3:794.0,67.4:790.0,68.3:785.5,69.5:785.5,70.5:783.2,71.4:782.2,72.4:785.2,79.7:0.0,80.7:0.0,81.7:0.0,82.7:0.0,83.8:0.0,84.8:0.0,78.9:0.0,79.9:1438.5,80.9:1436.5,81.9:1436.5,83.0:1437.2,84.0:1439.0,85.0:1440.7,86.0:1442.2,87.0:1443.5,88.0:1445.2,89.1:1448.7,90.1:1451.0,91.1:1455.7,92.1:1460.5,93.2:1466.0,94.2:1473.5,95.2:1477.7,96.2:1484.0,97.2:1494.7,98.2:1513.5,99.2:1524.5,100.3:1524.5,101.3:1531.2,102.3:1543.7,103.3:1553.7,104.4:1564.0,105.3:1577.7,106.4:1589.7,107.4:1604.5,108.4:1617.5,109.5:1630.2,110.5:1647.2,111.5:1666.2,112.5:1684.5,113.5:1703.0,114.5:1724.7,122.7:0.0,123.7:0.0,124.7:0.0,125.8:0.0,126.8:0.0,127.8:0.0,121.8:0.0,129.9:0.0,130.9:0.0,124.9:1559.7,132.9:0.0,134.0:0.0,135.0:0.0,136.0:0.0,137.0:0.0,138.1:0.0,139.1:0.0,140.1:0.0,141.2:0.0,142.2:0.0,135.9:0.0,144.2:0.0,138.0:2000.2,146.3:0.0,147.3:0.0,148.3:0.0,149.3:0.0,150.4:0.0,144.2:0.0,152.4:0.0,146.2:1858.7,147.3:1829.5,155.5:0.0,149.4:1802.5,150.3:1781.7,151.4:1775.0,152.4:1762.7,153.4:1750.0,154.5:1738.7,155.6:1731.7,156.6:1725.7,157.7:1716.5,158.7:1707.7,159.8:1698.0,160.8:1691.2,161.8:1685.7,162.9:1682.5,163.9:1679.5,164.9:1673.7,165.9:1670.0,166.9:1670.7,168.0:1668.2,169.0:1663.2,170.1:1660.5,171.1:1660.0,172.1:1662.2,173.2:1659.5,174.2:1659.7,175.2:1666.2,176.2:1668.5,177.2:1669.5,178.3:1674.7,179.3:1676.2,180.3:1676.0,181.4:1681.7,182.4:1688.0,183.4:1698.7,184.4:1709.7,185.5:1714.0,186.5:1718.7,187.5:1730.0,195.7:0.0,189.6:1759.5,197.8:0.0,198.8:0.0,199.8:0.0,200.8:0.0,201.9:0.0,202.9:0.0,203.9:0.0,205.0:0.0,206.0:0.0,207.0:0.0,201.3:0.0,202.3:1177.7,203.4:1181.7,204.4:1184.5,212.2:0.0,213.2:0.0,214.3:0.0,215.3:0.0,216.3:0.0,217.4:0.0,218.4:0.0,219.4:0.0,220.5:0.0,221.5:0.0,222.5:0.0,223.6:0.0,224.6:0.0,225.6:0.0,226.7:0.0,227.7:0.0,228.7:0.0,229.7:0.0,230.8:0.0,231.8:0.0,232.8:0.0,233.9:0.0,234.8:0.0,235.9:0.0,236.9:0.0,237.9:0.0,239.0:0.0,240.0:0.0,241.0:0.0,242.0:0.0,243.1:0.0,237.4:0.0,238.5:1098.7,239.5:1089.5,240.5:1080.7,241.6:1075.5,242.6:1070.7,243.6:1065.2,244.6:1059.5,245.7:1051.2,246.7:1045.5,247.8:1043.5,248.9:1038.7,249.8:1033.7,250.9:1029.2,252.0:1024.7,252.9:1022.2,254.0:1017.7,255.1:1013.5,256.1:1013.0,257.1:1012.7,258.2:1010.5,259.2:1008.5,260.2:1007.7,261.2:1007.7,262.2:1007.7,263.2:1008.2,264.2:1010.5,265.3:1011.7,266.4:1012.0,267.4:1012.7,268.5:1012.7,269.5:1013.7,270.5:1015.7,271.5:1020.5,272.5:1026.7,273.5:1029.2,274.6:1029.2,275.4:1033.7,276.4:1038.2,277.5:1042.5,278.5:1048.7,279.5:1053.7,280.6:1058.7,281.6:1066.0,282.5:1072.2,283.6:1077.7,284.6:1084.7,292.3:0.0,287.5:0.0,288.5:673.2,289.6:670.0,290.5:657.5,291.7:639.7,292.8:627.7,293.8:622.0,294.8:619.5,295.9:617.7,297.0:613.5,298.0:609.0,298.9:607.5,299.9:605.7,301.1:603.0,302.0:600.5,303.3:598.5,304.1:595.2,305.2:593.0,306.3:592.0,307.3:590.5,308.4:590.2,309.3:590.2,310.5:588.7,311.4:587.7,312.5:587.2,313.4:587.2,314.4:588.5,315.4:588.7,316.5:588.7,317.4:588.5,318.5:588.7,319.6:590.7,320.6:592.5,321.7:593.5,322.7:594.7,323.6:596.0,324.6:599.2,325.7:602.7,326.7:603.7,327.8:606.5,328.9:610.2,329.7:612.5,330.8:615.5,331.7:619.0,332.7:622.2,333.9:625.7,334.8:629.7,341.6:0.0,336.8:638.7,343.7:0.0,344.7:0.0,339.8:0.0,340.7:691.7,341.8:697.2,348.8:0.0,349.8:0.0,350.8:0.0,344.3:0.0,345.3:3383.0,348.0:0.0,349.1:696.5,350.0:695.5,351.2:695.5,352.1:695.5,
354.0:501.5,354.9:501.5,356.1:501.5,357.0:501.2,358.0:501.5,359.1:502.0,0.0:504.0,1.0:505.5,2.2:506.0,3.0:506.7,4.2:508.5,5.2:509.7,6.3:511.0,7.2:512.7,8.2:515.0,9.1:516.7,10.3:518.5,11.3:521.2,12.4:524.5,13.5:527.5,14.4:530.7,15.4:534.0,16.4:537.2,17.5:541.2,18.3:545.0,19.4:548.7,20.5:553.7,21.4:558.5,22.5:563.5,23.4:568.5,24.5:573.5,25.5:579.5,26.3:586.0,27.4:592.5,28.5:599.0,29.5:606.5,30.5:614.5,31.4:622.7,32.5:630.7,33.5:638.0,34.4:647.0,35.5:657.2,36.4:668.0,37.5:678.2,38.4:689.0,39.5:701.0,40.4:713.2,41.4:725.2,42.4:737.7,43.4:752.5,44.4:769.2,45.5:784.0,46.4:798.5,47.4:816.0,48.5:835.5,49.4:854.2,50.5:859.2,51.5:850.5,58.8:0.0,53.6:836.7,54.6:825.2,55.6:818.2,56.7:812.0,57.7:805.7,58.7:798.7,59.8:793.5,60.8:788.7,61.9:784.7,62.9:780.7,63.9:775.5,65.0:771.2,66.0:767.0,67.1:763.2,68.1:760.7,69.2:757.0,70.2:754.5,71.1:751.7,72.2:749.5,73.3:748.5,74.3:746.7,75.3:744.2,76.5:741.5,77.4:741.0,78.5:741.2,79.4:740.5,80.4:741.0,81.6:741.2,82.5:741.2,83.6:742.5,84.6:743.5,85.5:744.7,92.6:0.0,93.6:0.0,94.7:0.0,95.7:0.0,96.7:0.0,90.7:0.0,91.7:1432.7,92.7:1436.7,93.8:1442.0,94.8:1446.5,95.8:1452.2,96.9:1459.0,97.9:1465.2,98.9:1472.5,99.9:1482.0,100.9:1492.5,101.9:1504.0,103.0:1514.2,104.0:1525.7,105.0:1553.5,106.0:1566.7,107.1:1566.5,108.1:1580.0,109.1:1595.0,110.1:1610.2,111.1:1625.0,112.1:1642.2,113.2:1659.0,114.2:1678.7,115.2:1700.7,116.2:1721.0,117.2:1743.2,118.2:1768.0,119.2:1796.5,120.2:1821.7,128.5:0.0,129.5:0.0,130.5:0.0,131.6:0.0,132.6:0.0,133.6:0.0,127.5:0.0,135.7:0.0,136.7:0.0,137.7:0.0,138.8:0.0,139.8:0.0,140.8:0.0,141.9:0.0,142.9:0.0,143.9:0.0,144.9:0.0,146.0:0.0,147.0:0.0,148.0:0.0,141.7:0.0,150.1:0.0,151.1:0.0,152.1:0.0,153.2:0.0,146.9:0.0,147.9:2022.5,149.0:2016.7,150.0:2006.5,151.0:1994.7,152.1:1978.0,153.1:1962.2,154.1:1951.0,155.3:1938.2,156.3:1927.5,157.3:1920.5,158.3:1912.2,159.4:1905.7,160.4:1898.7,161.4:1889.7,162.5:1877.2,163.5:1867.7,164.6:1864.7,165.6:1863.7,166.6:1863.0,167.6:1862.5,168.7:1862.2,169.7:1856.7,170.7:1852.7,171.8:1854.7,172.8:1856.5,173.8:1856.7,174.8:1857.7,175.9:1860.0,176.9:1861.7,178.0:1864.5,178.9:1865.5,179.9:1867.5,181.0:1870.5,182.0:1873.7,183.0:1883.7,184.0:1897.7,185.0:1906.2,186.1:1913.5,187.1:1919.0,188.1:1945.0,189.1:1975.7,197.4:0.0,198.5:0.0,199.5:0.0,200.5:0.0,201.5:0.0,202.6:0.0,203.6:0.0,204.6:0.0,198.7:0.0,199.7:1355.7,200.7:1360.5,201.7:1368.5,209.7:0.0,210.9:0.0,211.9:0.0,213.0:0.0,214.0:0.0,215.0:0.0,216.1:0.0,217.1:0.0,218.1:0.0,219.2:0.0,220.2:0.0,221.2:0.0,222.3:0.0,223.3:0.0,224.3:0.0,225.4:0.0,226.4:0.0,227.4:0.0,228.5:0.0,229.5:0.0,230.5:0.0,231.5:0.0,232.6:0.0,233.6:0.0,234.6:0.0,235.6:0.0,236.6:0.0,237.7:0.0,231.9:0.0,239.7:0.0,234.0:1177.0,241.8:0.0,242.8:0.0,243.8:0.0,238.2:0.0,239.3:1114.2,240.2:1107.7,241.3:1099.7,242.3:1094.0,243.4:1088.7,244.4:1081.2,245.4:1078.0,246.5:1073.7,247.5:1066.5,248.5:1060.7,249.6:1057.7,250.6:1054.0,251.7:1047.5,252.6:1043.7,253.7:1041.2,254.7:1038.5,255.8:1036.5,256.8:1035.5,257.9:1033.2,258.8:1031.7,259.9:1031.2,260.9:1030.2,262.0:1030.2,262.9:1031.0,264.0:1029.2,265.0:1029.2,266.0:1031.5,267.0:1033.0,268.1:1034.7,275.7:0.0,276.7:0.0,277.7:0.0,278.8:0.0,279.8:0.0,280.8:0.0,281.9:0.0,282.8:0.0,283.8:0.0,279.6:0.0,285.8:0.0,286.9:0.0,287.9:0.0,288.9:0.0,289.9:0.0,285.9:0.0,287.0:504.2,287.9:500.5,289.1:496.5,289.9:493.5,291.2:488.7,292.0:485.0,293.3:482.5,294.1:479.2,295.4:475.2,296.5:471.7,297.5:470.0,298.5:469.5,299.4:467.5,300.4:465.0,301.4:462.5,302.7:460.0,303.5:458.2,304.8:457.5,305.7:456.7,306.6:455.5,307.6:455.2,308.8:454.2,309.9:453.0,310.7:452.7,311.8:453.0,312.8:452.7,313.8:451.7,315.2:451.7,316.0:453.5,317.1:454.2,318.1:454.5,319.2:455.0,320.1:456.0,321.1:456.2,322.0:457.2,323.3:459.7,324.0:461.5,325.3:462.7,326.2:463.0,327.1:464.2,328.5:466.7,329.4:470.0,335.2:0.0,336.2:0.0,332.2:0.0,333.2:511.5,334.3:514.0,335.1:516.2,336.2:518.5,342.4:0.0,343.4:0.0,344.5:0.0,345.5:0.0,339.0:0.0,340.0:3242.5,341.0:3229.5,344.3:0.0,345.6:507.5,346.7:506.2,347.5:504.7,348.6:503.5,349.8:502.7,350.6:501.5,351.8:500.7,352.7:500.2,
356.2:301.7,357.4:302.0,358.7:302.2,359.4:302.5,0.8:303.0,2.0:303.2,3.2:303.7,3.6:304.7,5.1:305.5,6.0:306.5,6.7:307.5,7.4:308.5,9.0:310.0,10.1:311.2,10.5:312.7,11.7:314.5,12.8:315.7,13.9:317.7,15.0:319.7,15.6:322.0,16.4:324.2,17.5:326.7,19.0:329.0,19.5:331.5,20.7:334.2,21.7:337.2,22.6:340.2,23.9:343.2,24.7:346.7,25.6:350.0,26.5:354.0,27.6:358.0,28.3:362.0,29.4:366.5,30.4:371.0,31.3:375.5,32.2:380.5,33.3:385.7,34.4:391.0,35.2:397.0,36.3:402.7,37.1:409.0,38.2:415.5,39.4:421.7,40.3:429.2,41.2:437.0,42.1:444.7,43.2:453.7,44.2:462.7,44.9:472.7,46.1:482.0,47.0:492.0,48.0:503.7,48.8:515.7,49.9:527.5,50.7:539.2,51.7:553.0,52.7:568.5,53.7:583.2,54.7:599.7,55.6:0.0,56.5:638.0,57.5:0.0,58.4:679.0,59.3:0.0,60.3:0.0,61.3:750.0,62.4:751.0,63.3:745.5,64.5:743.2,65.5:740.0,66.5:734.7,67.5:731.5,68.5:729.7,69.5:727.2,70.5:724.0,71.7:722.5,72.6:721.0,73.7:719.0,74.7:717.2,75.8:714.5,76.7:713.5,77.7:714.2,78.9:713.0,79.8:711.2,81.0:711.2,81.8:712.0,82.9:713.7,84.0:713.2,84.9:713.7,86.0:714.7,86.9:715.0,88.0:716.5,89.0:720.0,90.0:722.2,91.1:723.7,92.1:726.0,93.2:726.7,94.1:729.0,95.2:731.7,96.1:735.2,97.2:738.7,98.2:742.0,99.1:751.0,106.2:0.0,107.3:0.0,108.3:0.0,109.3:0.0,110.4:0.0,104.4:0.0,105.3:1514.0,106.4:1528.7,107.4:1540.0,108.4:1551.5,109.4:1566.2,110.4:1582.0,111.4:1615.5,112.4:1638.5,113.5:1639.5,114.5:1653.7,115.5:1673.5,116.5:1695.2,117.5:1717.7,118.5:1741.0,119.5:1765.5,120.5:1791.7,121.5:1819.0,122.5:1845.7,123.5:1879.7,124.5:1915.5,132.8:0.0,133.9:0.0,134.9:0.0,135.9:0.0,136.9:0.0,138.0:0.0,139.0:0.0,140.0:0.0,141.0:0.0,142.0:0.0,143.1:0.0,144.1:0.0,145.1:0.0,146.1:0.0,147.2:0.0,148.2:0.0,149.2:0.0,150.2:0.0,151.3:0.0,152.3:0.0,153.3:0.0,154.3:0.0,155.4:0.0,149.1:0.0,157.4:0.0,151.1:2203.0,152.1:2176.0,153.1:2165.5,154.2:2150.5,155.4:2136.0,156.4:2126.7,157.4:2113.7,158.4:2102.5,159.5:2095.0,160.5:2087.7,161.5:2082.0,162.6:2077.0,163.6:2071.0,164.6:2063.2,165.7:2061.7,166.7:2062.5,167.7:2059.5,168.7:2055.5,169.8:2055.2,170.8:2054.5,171.8:2053.0,172.8:2053.2,173.9:2053.5,174.9:2056.0,176.0:2057.5,177.0:2060.0,178.0:2062.7,179.0:2064.7,180.0:2068.0,181.0:2072.0,182.0:2078.5,183.0:2085.2,184.1:2092.7,185.1:2104.2,186.1:2115.7,187.1:2141.7,188.2:2166.5,196.5:0.0,197.5:0.0,198.6:0.0,199.6:0.0,200.6:0.0,194.6:0.0,202.7:0.0,196.6:1574.5,197.7:1551.5,198.7:1552.0,206.8:0.0,200.7:1567.0,201.7:1588.5,202.9:1606.0,203.9:1625.2,204.9:1640.2,213.0:0.0,214.1:0.0,215.1:0.0,209.0:0.0,217.2:0.0,218.2:0.0,219.2:0.0,220.2:0.0,221.3:0.0,222.3:0.0,223.3:0.0,224.4:0.0,225.4:0.0,226.4:0.0,227.5:0.0,228.5:0.0,229.5:0.0,230.5:0.0,231.6:0.0,232.6:0.0,233.6:0.0,234.6:0.0,235.6:0.0,236.7:0.0,237.7:0.0,238.7:0.0,239.7:0.0,234.0:0.0,235.0:1183.5,236.1:1172.0,237.2:1160.2,238.2:1151.2,245.9:0.0,246.9:0.0,241.2:1133.7,242.3:1116.7,243.3:1109.2,244.4:1102.2,245.4:1097.2,246.5:1090.0,247.5:1084.7,248.5:1083.5,249.6:1080.2,250.5:1075.0,251.6:1071.7,259.3:0.0,254.7:0.0,261.3:0.0,262.3:0.0,263.4:0.0,264.4:0.0,265.4:0.0,266.5:0.0,267.5:0.0,268.5:0.0,269.5:0.0,270.6:0.0,271.6:0.0,272.6:0.0,273.6:0.0,274.7:0.0,275.7:0.0,276.7:0.0,277.7:0.0,278.8:0.0,279.8:0.0,280.8:0.0,281.9:0.0,282.8:0.0,283.8:0.0,284.8:0.0,285.8:0.0,286.9:0.0,287.9:0.0,288.9:0.0,289.9:0.0,290.9:0.0,288.3:0.0,289.6:344.0,290.2:341.2,291.8:338.7,292.5:335.7,293.3:333.0,294.4:331.0,295.6:330.2,297.0:329.0,298.0:326.7,298.8:324.0,299.6:322.7,301.2:321.7,302.2:320.0,303.2:318.5,304.1:318.0,305.4:317.5,306.6:316.5,307.4:315.7,308.3:315.7,309.2:315.5,310.2:315.0,311.3:314.7,312.1:316.2,313.2:318.2,317.6:0.0,318.6:0.0,316.1:0.0,316.7:345.2,318.1:345.0,319.3:344.0,320.1:344.5,321.4:345.0,322.2:345.7,322.9:347.5,323.8:349.2,328.8:0.0,325.9:352.2,331.0:0.0,332.0:0.0,333.0:0.0,334.0:0.0,335.0:0.0,328.5:0.0,329.5:3228.7,334.7:0.0,335.5:320.2,336.7:318.7,337.6:316.5,338.8:314.7,340.4:312.7,341.3:311.0,342.5:309.7,343.1:308.5,343.9:307.5,345.4:306.2,346.8:305.2,347.4:304.7,348.4:304.0,349.6:303.2,350.2:302.7,351.9:302.2,352.9:302.0,353.5:302.0,354.5:301.7,
352.7:796.2,353.7:793.5,354.8:790.5,355.7:786.0,356.8:781.7,357.9:779.2,358.9:776.5,359.9:774.2,1.0:770.5,2.1:766.5,3.1:764.0,4.0:763.0,5.0:761.2,6.2:758.7,7.1:759.5,8.2:760.0,9.1:761.0,10.2:763.2,17.3:0.0,18.3:0.0,19.4:0.0,20.4:0.0,14.4:0.0,15.5:1432.7,16.5:1434.2,17.5:1435.5,18.5:1435.5,19.5:1437.5,20.5:1441.5,21.6:1445.7,22.6:1448.7,23.6:1452.2,24.6:1456.2,25.7:1461.0,26.7:1468.0,27.7:1472.7,28.7:1478.5,29.7:1491.0,30.7:1504.7,31.7:1517.5,32.7:1533.2,33.8:1543.0,34.8:1548.7,35.9:1562.2,36.9:1576.0,37.9:1589.5,38.9:1604.0,40.0:1615.2,40.9:1627.5,42.0:1646.2,43.0:1663.7,44.0:1681.5,45.0:1702.0,46.1:1722.0,47.0:1743.0,48.1:1768.0,56.3:0.0,57.3:0.0,58.3:0.0,59.4:0.0,60.4:0.0,61.4:0.0,62.4:0.0,63.5:0.0,64.5:0.0,58.4:0.0,66.5:0.0,67.5:0.0,68.5:0.0,69.5:0.0,70.5:0.0,71.6:0.0,72.6:0.0,73.6:0.0,74.6:0.0,75.7:0.0,76.7:0.0,77.7:0.0,78.7:0.0,72.5:0.0,73.5:2018.5,74.5:2011.7,82.8:0.0,83.8:0.0,84.9:0.0,78.6:0.0,79.7:1900.0,80.7:1891.0,81.7:1887.2,82.8:1874.5,83.7:1858.7,84.7:1850.2,85.7:1839.5,86.8:1830.5,87.8:1819.0,88.8:1813.0,89.8:1811.2,90.9:1800.7,91.9:1792.5,92.9:1787.0,93.9:1778.0,94.9:1776.7,95.9:1776.7,97.0:1773.0,98.0:1768.7,99.0:1768.5,100.0:1768.0,101.1:1764.7,102.1:1766.0,103.1:1765.7,104.1:1764.2,105.1:1766.5,106.2:1770.2,107.2:1770.7,108.2:1770.2,109.3:1773.7,110.2:1779.0,111.3:1781.0,112.3:1786.5,113.3:1795.2,114.4:1801.0,115.3:1807.0,116.3:1816.2,117.4:1824.5,118.4:1832.2,119.4:1852.7,120.4:1877.5,128.7:0.0,129.7:0.0,130.7:0.0,131.7:0.0,132.7:0.0,133.8:0.0,134.8:0.0,135.8:0.0,136.8:0.0,131.0:0.0,132.0:1261.5,133.1:1267.2,140.9:0.0,142.0:0.0,143.0:0.0,144.0:0.0,145.0:0.0,146.0:0.0,147.1:0.0,148.1:0.0,149.1:0.0,150.1:0.0,151.1:0.0,152.2:0.0,153.2:0.0,154.2:0.0,155.2:0.0,156.2:0.0,157.3:0.0,158.3:0.0,159.3:0.0,160.3:0.0,161.4:0.0,162.5:0.0,163.5:0.0,164.5:0.0,165.5:0.0,166.5:0.0,167.6:0.0,168.6:0.0,169.6:0.0,163.9:0.0,164.9:1156.2,172.7:0.0,173.7:0.0,174.7:0.0,169.1:0.0,170.1:1102.0,171.1:1094.5,172.2:1089.5,173.2:1083.7,174.2:1076.2,175.3:1070.5,176.4:1063.7,177.4:1057.7,178.4:1054.0,179.4:1050.5,180.4:1045.2,181.4:1039.7,182.4:1036.7,183.4:1033.5,184.5:1029.2,185.5:1025.7,186.6:1022.0,187.5:1018.7,188.5:1020.0,189.7:1020.0,190.7:1018.7,191.7:1018.5,192.7:1018.7,193.7:1018.7,194.7:1018.5,195.8:1018.2,196.7:1019.0,197.8:1021.0,198.7:1022.5,199.8:1024.0,200.9:1027.0,201.9:1032.2,202.8:1035.7,204.0:1036.7,205.0:1038.7,206.0:1044.0,207.1:1049.7,214.7:0.0,215.7:0.0,211.1:0.0,212.1:643.0,218.8:0.0,219.9:0.0,215.5:0.0,221.9:0.0,217.4:583.0,218.6:575.0,219.6:568.0,226.0:0.0,221.7:561.5,222.7:556.0,223.8:553.0,224.8:550.5,225.8:547.2,226.9:544.0,227.9:540.0,229.0:536.5,229.8:535.0,230.8:533.0,231.9:531.5,232.9:530.0,234.0:527.5,235.2:525.0,236.2:523.7,237.2:522.5,238.1:521.2,239.3:520.7,240.2:520.0,241.3:518.2,242.4:517.0,243.5:518.0,244.2:518.0,245.4:517.7,246.4:518.0,247.5:518.5,248.3:520.2,249.5:520.2,250.6:521.2,251.3:523.7,252.5:524.2,253.5:525.7,254.7:527.2,255.6:528.7,256.5:531.7,257.5:533.7,258.6:535.5,259.6:538.5,260.6:540.2,261.7:542.2,262.5:546.5,263.5:550.0,264.6:552.0,271.0:0.0,272.0:0.0,267.6:0.0,268.5:598.0,269.5:602.2,270.5:606.5,271.4:612.5,278.1:0.0,279.2:0.0,280.2:0.0,273.7:0.0,274.6:3286.2,277.7:0.0,278.6:598.7,279.6:598.2,280.6:596.7,281.7:595.2,282.6:594.7,283.7:594.5,284.7:594.5,285.8:594.2,286.9:594.7,287.9:595.5,288.9:596.0,289.7:596.0,290.8:596.2,291.8:597.7,292.7:599.7,293.8:600.7,294.8:602.2,295.9:604.5,296.9:606.5,297.8:609.0,299.0:612.2,300.0:614.0,301.0:616.2,302.0:619.5,302.9:622.7,304.0:626.2,305.0:630.5,305.9:634.5,307.0:638.5,308.0:642.5,309.1:647.5,310.1:652.2,311.0:657.0,312.1:662.5,313.0:668.7,314.0:675.5,315.0:682.7,316.1:689.2,317.0:696.5,318.0:705.0,319.1:713.0,320.0:720.7,321.0:729.2,322.0:738.5,323.0:747.7,324.0:757.7,325.0:769.2,326.0:780.7,327.1:791.2,328.1:802.0,329.1:815.7,330.0:831.0,331.1:845.0,332.0:860.2,333.0:876.2,334.0:892.0,335.0:912.7,342.4:0.0,337.1:916.5,338.1:903.2,345.5:0.0,346.5:0.0,341.1:0.0,342.2:864.0,343.4:854.7,344.4:844.7,345.4:838.0,346.4:832.0,347.4:824.0,348.5:820.0,349.5:816.0,350.6:809.0,351.7:802.0,
353.4:593.7,354.3:590.2,355.4:586.5,356.5:583.7,357.7:581.7,358.6:579.7,359.6:578.0,0.7:575.2,1.8:572.7,2.8:571.2,3.8:570.0,4.8:568.2,5.9:566.2,6.7:566.2,7.8:565.5,8.9:563.7,9.8:563.7,11.0:564.2,11.9:565.5,12.9:567.2,19.4:0.0,20.5:0.0,21.5:0.0,22.5:0.0,23.5:0.0,24.6:0.0,18.7:0.0,19.8:1245.7,20.8:1249.0,21.8:1250.0,22.8:1253.5,23.9:1258.5,24.8:1262.0,25.9:1266.0,26.9:1269.5,28.0:1275.2,28.9:1282.2,30.0:1289.5,30.9:1296.0,32.0:1304.0,33.0:1313.7,34.0:1321.7,35.1:1330.7,36.1:1343.7,37.0:1369.7,38.1:1386.5,39.1:1382.7,40.1:1390.0,41.2:1406.0,42.2:1421.2,43.1:1437.0,44.2:1454.2,45.2:1471.2,46.2:1489.5,47.2:1511.2,48.2:1531.5,49.2:1551.7,50.2:1573.7,51.2:1595.7,52.2:1618.0,53.3:1640.0,61.4:0.0,62.4:0.0,63.5:0.0,64.5:0.0,65.5:0.0,66.5:0.0,67.5:0.0,61.5:0.0,69.6:0.0,70.6:0.0,64.5:1537.5,72.6:0.0,73.7:0.0,74.7:0.0,75.7:0.0,76.7:0.0,77.7:0.0,78.8:0.0,79.8:0.0,80.8:0.0,81.8:0.0,75.5:0.0,83.9:0.0,77.6:2031.2,78.6:1994.0,79.7:1970.5,80.7:1949.0,81.7:1933.5,82.7:1920.0,83.7:1910.0,84.7:1896.7,85.8:1885.5,86.8:1878.2,87.8:1869.5,88.8:1858.2,89.8:1851.7,90.9:1850.5,91.9:1845.0,92.9:1836.0,93.9:1830.0,94.9:1827.0,96.0:1821.5,97.0:1816.5,98.0:1818.0,99.0:1815.5,100.1:1811.5,101.1:1813.0,102.1:1810.0,103.1:1812.0,104.1:1818.7,105.2:1818.5,106.2:1816.5,107.2:1818.5,108.2:1820.7,109.2:1824.0,110.3:1830.0,111.3:1835.7,112.3:1839.7,113.3:1841.7,114.3:1848.7,115.3:1855.5,116.4:1859.7,117.4:1867.5,118.4:1877.0,119.4:1887.0,120.4:1894.0,121.4:1904.2,122.5:1914.0,123.5:1930.5,124.5:1965.5,125.5:1997.2,133.8:0.0,134.8:0.0,135.8:0.0,136.8:0.0,137.9:0.0,138.9:0.0,139.9:0.0,140.9:0.0,141.9:0.0,143.0:0.0,137.0:0.0,145.0:0.0,146.0:0.0,147.0:0.0,148.0:0.0,149.0:0.0,150.1:0.0,151.1:0.0,152.1:0.0,153.1:0.0,154.2:0.0,155.2:0.0,156.2:0.0,150.1:0.0,158.2:0.0,159.2:0.0,160.3:0.0,161.3:0.0,162.5:0.0,163.5:0.0,164.5:0.0,165.5:0.0,166.5:0.0,167.6:0.0,168.6:0.0,162.6:0.0,170.6:0.0,164.8:1375.7,172.7:0.0,173.7:0.0,174.7:0.0,175.8:0.0,176.8:0.0,177.8:0.0,172.0:0.0,173.0:1285.0,174.0:1275.0,175.0:1266.5,176.0:1261.0,177.1:1254.2,178.1:1248.7,186.0:0.0,187.0:0.0,181.2:1238.7,182.3:1230.5,183.3:1225.2,184.3:1217.0,185.3:1210.2,186.4:1209.0,187.4:1210.2,188.4:1208.5,189.4:1205.5,190.5:1204.2,191.5:1202.7,192.5:1203.2,193.5:1205.7,194.6:1206.5,195.6:1205.5,196.6:1207.0,197.6:1209.0,198.7:1208.7,199.7:1212.7,200.6:1214.7,208.5:0.0,203.3:0.0,204.4:812.2,211.6:0.0,212.7:0.0,213.7:0.0,214.7:0.0,215.7:0.0,216.8:0.0,211.8:0.0,212.9:702.7,219.8:0.0,215.1:689.7,221.9:0.0,217.0:675.7,218.2:667.2,219.1:661.0,220.2:654.7,221.3:651.2,222.3:647.2,223.2:642.2,224.3:639.0,225.4:635.2,226.4:629.2,227.5:624.5,228.4:622.5,229.6:620.7,230.6:617.2,231.7:615.7,232.6:614.5,233.8:611.5,234.7:609.0,235.8:607.0,236.8:605.7,237.7:604.7,238.8:603.0,239.8:601.2,241.0:601.5,242.0:602.0,242.8:601.2,244.1:600.7,245.1:601.0,246.1:601.7,252.6:0.0,248.0:0.0,249.0:631.7,250.0:631.2,250.9:631.5,252.0:633.2,253.1:638.0,254.1:642.7,260.8:0.0,261.8:0.0,262.8:0.0,263.9:0.0,259.2:0.0,260.5:596.5,261.5:591.0,262.4:585.7,263.5:581.7,264.6:577.2,265.7:573.0,266.5:569.5,267.6:566.2,268.8:563.2,269.8:559.5,270.8:556.0,271.8:553.2,272.8:550.7,273.9:549.0,274.9:547.0,275.9:544.7,277.0:543.2,277.9:541.7,279.0:540.2,279.8:539.5,281.0:538.2,281.8:537.5,283.1:537.0,284.1:536.5,285.0:536.5,286.2:536.5,287.2:537.0,288.2:537.5,289.3:537.5,290.1:537.5,291.2:538.2,292.1:539.7,293.3:541.0,294.2:542.2,295.2:544.5,296.3:546.0,297.3:547.5,298.2:549.2,299.3:551.0,300.2:553.5,301.1:556.5,302.3:560.0,303.4:563.7,304.2:566.2,305.2:569.0,306.2:572.5,307.4:576.5,308.4:580.2,309.3:584.5,310.3:589.5,311.2:593.7,312.3:599.0,313.3:605.0,314.2:610.7,315.2:616.7,316.3:622.7,317.3:630.0,318.2:637.0,319.4:643.0,320.2:650.7,321.2:659.2,322.3:667.5,323.2:676.2,324.3:686.0,325.2:695.7,326.3:705.0,327.2:715.2,328.3:727.2,329.3:740.7,329.6:0.0,337.3:0.0,338.3:0.0,339.4:0.0,334.4:0.0,335.5:699.5,342.4:0.0,343.5:0.0,344.5:0.0,345.5:0.0,340.7:0.0,341.9:650.2,348.6:0.0,343.9:641.5,344.9:631.0,346.0:624.5,347.0:621.0,348.0:613.5,349.1:607.2,350.1:603.2,351.2:600.0,352.2:597.7,
355.0:390.7,355.9:388.7,357.3:386.7,358.3:384.7,359.2:383.5,0.2:381.5,1.5:379.2,2.4:378.5,3.2:377.5,4.2:376.7,5.5:376.0,6.3:375.0,7.4:374.2,8.6:373.7,9.8:372.7,10.4:372.2,11.3:372.5,12.5:372.5,13.4:372.7,14.7:372.7,15.9:372.5,16.9:373.0,17.9:372.0,18.8:373.7,20.0:377.2,20.8:379.5,25.8:0.0,26.9:0.0,27.9:0.0,28.9:0.0,29.9:0.0,31.0:0.0,32.0:0.0,26.3:0.0,27.3:1080.0,28.4:1082.0,29.4:1088.0,30.4:1097.5,31.4:1103.2,32.4:1108.7,33.4:1116.5,34.5:1123.2,35.6:1130.2,36.6:1139.2,37.5:1149.2,38.6:1158.5,39.6:1169.2,40.6:1179.0,41.6:1188.2,42.6:0.0,43.6:1240.7,44.7:1241.0,45.6:1249.0,46.7:1258.2,47.7:1274.2,48.7:1291.7,49.7:1308.0,50.7:1327.2,51.7:1346.2,52.7:1363.0,53.7:1385.0,54.7:1409.0,55.8:1434.0,56.8:1459.7,57.8:1486.5,58.8:1514.5,59.7:1544.5,67.8:0.0,68.8:0.0,69.8:0.0,63.8:1543.0,71.9:0.0,72.9:0.0,73.9:0.0,75.0:0.0,76.0:0.0,77.0:0.0,78.0:0.0,72.0:1505.7,80.1:0.0,81.1:0.0,82.1:0.0,83.1:0.0,84.2:0.0,85.2:0.0,86.2:0.0,80.0:0.0,80.9:0.0,82.0:2029.5,90.2:0.0,84.0:0.0,85.0:1957.2,86.0:1943.5,87.0:1930.0,88.0:1918.5,89.1:1910.5,90.1:1905.2,91.1:1890.7,92.1:1880.7,93.2:1873.7,94.2:1870.7,95.2:1868.2,96.2:1861.5,97.2:1858.2,98.2:1856.0,99.3:1853.7,100.3:1854.2,101.3:1854.0,102.3:1854.0,103.3:1853.5,104.4:1851.5,105.4:1853.5,106.4:1852.2,107.5:1852.0,108.5:1858.0,109.5:1865.0,110.5:1868.2,111.6:1872.0,112.6:1876.0,113.6:1882.0,114.6:1893.7,115.6:1906.7,116.7:1915.0,117.7:1917.5,118.6:1926.2,119.7:1937.0,120.7:1948.0,121.7:1960.0,122.7:1971.5,123.7:1991.7,124.8:2008.0,125.8:2009.7,126.8:2022.5,127.8:2044.0,128.8:2076.7,137.1:0.0,138.2:0.0,139.2:0.0,140.2:0.0,141.3:0.0,142.3:0.0,143.3:0.0,144.3:0.0,145.4:0.0,146.4:0.0,147.4:0.0,141.3:0.0,142.3:1564.2,150.5:0.0,151.5:0.0,152.5:0.0,153.5:0.0,154.5:0.0,155.6:0.0,156.6:0.0,157.6:0.0,158.6:0.0,159.7:0.0,160.7:0.0,161.7:0.0,162.8:0.0,163.8:0.0,164.9:0.0,165.9:0.0,166.9:0.0,167.9:0.0,161.8:0.0,162.9:1622.7,171.0:0.0,164.9:1598.7,166.0:1574.2,167.0:1556.2,168.0:1545.0,169.1:1538.7,170.1:1528.5,171.2:1518.2,172.2:1504.0,173.2:1489.5,174.2:1483.5,175.2:1475.5,183.3:0.0,184.3:0.0,185.4:0.0,186.4:0.0,187.4:0.0,181.5:0.0,182.4:1414.7,183.5:1411.7,184.5:1404.7,185.5:1400.2,186.5:1402.7,187.6:1401.0,188.6:1396.0,189.6:1393.7,190.7:1393.2,191.7:1393.7,192.7:1393.0,193.7:1390.2,194.8:1391.0,195.8:1393.5,196.8:1393.7,204.8:0.0,205.8:0.0,206.8:0.0,207.9:0.0,208.9:0.0,210.0:0.0,211.0:0.0,212.0:0.0,213.1:0.0,214.1:0.0,215.1:0.0,216.2:0.0,211.0:0.0,212.0:806.5,219.2:0.0,220.3:0.0,215.2:0.0,216.3:772.5,223.3:0.0,224.4:0.0,219.4:759.2,220.5:747.2,221.5:740.2,222.5:735.0,223.4:731.0,224.6:725.5,225.6:722.0,226.6:718.2,227.6:713.5,228.7:709.0,229.8:705.2,230.8:703.2,231.7:700.2,232.8:701.2,239.7:0.0,234.8:712.0,235.8:719.5,236.9:717.5,237.9:715.0,239.0:715.0,245.9:0.0,246.9:0.0,242.1:0.0,243.2:659.2,244.3:647.5,245.3:637.5,246.3:628.0,247.4:618.7,248.6:610.5,249.6:601.2,250.6:593.0,251.7:585.0,252.7:577.5,253.6:571.0,254.6:564.5,255.8:557.5,256.9:551.2,257.8:546.0,259.0:540.7,260.1:536.0,261.0:532.2,262.0:527.7,263.1:522.7,264.0:519.0,265.1:515.7,266.2:511.7,267.2:508.5,268.2:506.0,269.5:502.5,270.4:499.5,271.3:497.0,272.5:494.0,273.4:491.5,274.6:489.5,275.6:488.0,276.7:486.2,277.5:484.7,278.6:483.7,279.8:483.0,280.6:481.7,281.8:480.7,282.6:479.2,283.8:478.2,284.7:478.5,286.0:478.0,286.8:478.2,287.7:479.2,288.7:479.5,290.0:480.0,290.8:480.2,291.9:481.0,292.9:482.7,293.8:484.0,295.1:485.0,296.0:486.5,296.8:487.7,297.8:489.2,298.8:491.2,300.0:493.7,301.0:496.0,301.9:498.0,303.0:500.7,304.0:504.5,305.1:507.7,306.2:510.5,307.2:513.5,308.2:516.7,308.9:521.0,309.9:525.2,311.1:529.2,312.0:533.2,313.1:537.2,314.0:542.2,314.9:548.2,315.9:553.2,316.8:559.0,317.9:565.2,318.9:571.0,320.1:579.0,326.5:0.0,327.5:0.0,328.5:0.0,329.5:0.0,330.6:0.0,331.6:0.0,332.6:0.0,333.7:0.0,334.7:0.0,335.7:0.0,336.7:0.0,337.7:0.0,338.8:0.0,339.8:0.0,340.8:0.0,341.8:0.0,342.8:0.0,339.3:0.0,340.4:440.7,341.4:436.2,342.3:430.0,343.7:424.2,344.4:420.2,345.5:416.5,346.7:412.7,347.5:410.0,348.7:407.0,349.6:404.2,351.0:400.5,351.8:397.7,353.2:395.0,353.8:392.0,
352.4:1800.2,353.4:1791.5,354.5:1788.2,355.5:1788.5,356.5:1789.0,357.6:1786.2,358.6:1785.7,359.6:1788.2,0.6:1788.2,1.6:1788.0,2.7:1785.7,3.6:1788.2,4.7:1795.7,5.7:1803.7,6.7:1813.0,7.7:1814.5,8.7:1814.5,9.8:1816.0,10.8:1821.0,11.8:1828.0,12.9:1836.2,13.9:1847.5,14.9:1856.0,15.9:1862.7,17.0:1869.2,17.9:1879.7,19.0:1911.2,27.2:0.0,28.3:0.0,29.3:0.0,30.3:0.0,31.3:0.0,32.4:0.0,33.4:0.0,34.4:0.0,35.4:0.0,36.5:0.0,30.6:0.0,31.6:1340.5,39.5:0.0,40.6:0.0,41.6:0.0,35.7:1360.5,43.6:0.0,44.7:0.0,45.7:0.0,46.7:0.0,47.7:0.0,48.7:0.0,49.8:0.0,50.8:0.0,51.8:0.0,52.8:0.0,46.8:0.0,54.9:0.0,55.9:0.0,56.9:0.0,58.0:0.0,59.0:0.0,60.0:0.0,61.0:0.0,62.0:0.0,63.1:0.0,64.1:0.0,65.1:0.0,66.1:0.0,67.2:0.0,68.2:0.0,69.2:0.0,70.2:0.0,71.2:0.0,72.3:0.0,73.3:0.0,67.5:0.0,68.6:1194.2,69.6:1187.7,70.6:1183.0,71.7:1174.0,72.7:1166.7,73.7:1162.0,74.7:1156.5,75.7:1151.0,76.8:1143.7,77.8:1139.0,78.8:1134.5,79.9:1130.2,80.9:1128.0,81.9:1124.2,83.0:1122.0,83.9:1119.0,84.9:1116.7,85.9:1116.7,87.0:1114.2,88.0:1111.7,89.0:1112.5,90.0:1112.0,91.0:1111.2,92.0:1112.2,93.0:1113.0,94.1:1114.2,95.1:1117.0,96.1:1119.5,97.2:1119.7,98.2:1123.0,99.1:1126.2,100.1:1128.5,107.9:0.0,108.9:0.0,110.0:0.0,111.0:0.0,112.0:0.0,113.0:0.0,114.0:0.0,109.4:0.0,110.4:647.5,111.3:642.5,112.4:635.2,113.4:627.5,114.4:621.2,115.6:615.0,116.6:610.0,117.6:606.0,118.7:600.7,119.7:596.5,120.8:594.2,121.8:589.7,122.7:585.7,123.9:582.5,124.8:578.7,125.9:576.0,126.9:573.2,128.0:571.0,128.9:568.7,130.0:566.0,131.0:565.0,132.1:563.7,133.2:562.2,134.2:561.5,135.3:560.2,136.2:559.7,137.2:558.2,138.2:558.0,139.3:558.7,140.2:557.7,141.2:557.0,142.4:556.7,143.3:557.7,144.3:558.0,145.5:559.2,146.4:560.7,147.3:560.5,148.3:561.7,149.5:563.2,150.4:564.7,151.6:566.5,157.9:0.0,158.9:0.0,154.4:0.0,155.3:605.2,156.5:607.0,157.5:608.7,158.6:611.2,165.2:0.0,166.2:0.0,167.2:0.0,160.7:0.0,161.7:3417.7,164.8:0.0,165.9:585.7,167.0:583.2,167.9:580.2,169.1:577.7,170.0:575.0,171.0:572.7,172.0:571.2,173.2:569.0,174.0:567.0,175.2:566.0,176.1:564.5,177.2:563.2,178.4:562.0,179.3:560.0,180.3:559.5,181.4:559.5,182.3:559.2,183.5:559.0,184.5:559.5,185.3:560.7,186.5:561.2,187.4:561.5,188.4:563.0,189.6:564.5,190.5:565.7,191.4:566.7,192.5:568.0,193.5:569.7,194.6:572.0,195.6:574.7,196.6:577.0,197.6:579.5,198.5:582.5,199.6:585.5,200.6:589.0,201.6:592.7,202.6:595.5,203.8:598.7,204.6:604.0,205.8:609.5,206.7:614.2,207.7:618.7,208.7:624.0,209.7:629.7,210.6:635.0,211.8:640.0,212.7:646.0,213.7:653.0,214.8:660.2,215.7:668.5,216.7:676.5,217.7:684.0,218.7:693.0,219.8:702.5,220.7:711.5,221.7:721.0,222.8:731.7,223.7:742.5,224.7:754.0,225.8:765.7,226.7:778.0,227.6:791.5,228.7:804.5,229.7:822.5,237.0:0.0,231.9:822.7,232.8:806.0,240.0:0.0,241.1:0.0,235.9:0.0,237.1:769.0,244.1:0.0,239.1:760.2,240.2:749.2,241.2:740.2,242.3:733.7,243.3:725.2,244.4:719.0,245.4:714.2,246.5:707.2,247.5:703.7,248.5:700.5,249.5:694.7,250.5:690.2,251.5:687.2,252.5:683.5,253.5:680.5,254.7:678.2,255.7:674.2,256.7:671.7,257.8:670.0,258.8:667.2,259.8:664.5,260.9:662.2,261.9:662.0,262.8:660.5,263.8:658.7,265.0:657.7,266.0:657.0,266.9:658.0,267.9:660.5,268.9:663.2,275.8:0.0,276.8:0.0,277.9:0.0,278.9:0.0,279.9:0.0,274.0:0.0,275.0:1328.5,276.0:1330.5,277.0:1335.7,278.0:1337.2,279.0:1341.2,280.0:1347.5,281.0:1354.5,282.1:1360.7,283.1:1364.0,284.1:1369.7,285.1:1375.0,286.1:1380.0,287.1:1389.5,288.1:1401.0,289.1:1408.2,290.1:1419.0,298.2:0.0,292.2:1443.7,293.2:1460.7,294.2:1466.2,295.2:1479.5,296.2:1494.5,297.2:1510.0,298.2:1526.2,299.3:1540.5,300.3:1557.2,301.3:1577.2,302.3:1595.2,303.3:1614.5,304.4:1633.0,305.3:1653.5,306.3:1678.2,307.4:1701.7,315.5:0.0,316.5:0.0,317.6:0.0,318.6:0.0,319.6:0.0,320.6:0.0,321.6:0.0,315.6:0.0,323.7:0.0,324.7:0.0,318.6:0.0,326.7:0.0,327.8:0.0,328.8:0.0,329.8:0.0,330.9:0.0,331.9:0.0,332.9:0.0,334.0:0.0,335.0:0.0,336.0:0.0,337.0:0.0,338.0:0.0,331.8:0.0,332.8:2008.2,333.8:1990.5,342.1:0.0,343.2:0.0,337.0:1949.2,337.9:1914.2,339.0:1901.0,340.0:1891.2,341.0:1883.5,349.3:0.0,343.1:1866.2,344.1:1847.2,345.2:1839.7,346.2:1832.7,347.2:1826.2,348.2:1824.2,349.3:1820.0,350.3:1813.7,351.3:1808.2,
352.4:1597.5,353.4:1593.0,354.5:1591.7,355.5:1592.7,356.5:1593.0,357.5:1592.7,358.5:1591.7,359.5:1590.0,0.6:1591.2,1.6:1592.5,2.7:1591.7,3.7:1591.7,4.7:1594.5,5.7:1596.2,6.7:1599.0,7.7:1601.7,8.8:1603.2,9.8:1609.5,10.9:1615.5,11.9:1620.7,12.9:1627.5,13.9:1634.2,14.9:1644.2,16.0:1657.2,17.0:1665.5,18.0:1672.2,19.0:1681.0,20.0:1692.0,21.0:1726.0,22.1:1755.7,23.1:1745.0,31.3:0.0,32.3:0.0,33.3:0.0,34.3:0.0,35.4:0.0,36.4:0.0,37.4:0.0,38.4:0.0,39.5:0.0,40.5:0.0,41.5:0.0,35.7:0.0,36.8:1184.0,44.6:0.0,45.6:0.0,46.6:0.0,47.7:0.0,48.7:0.0,49.7:0.0,50.7:0.0,51.8:0.0,52.8:0.0,53.8:0.0,54.8:0.0,55.9:0.0,56.9:0.0,57.9:0.0,58.9:0.0,60.0:0.0,61.0:0.0,62.0:0.0,63.0:0.0,64.1:0.0,65.1:0.0,66.0:0.0,67.1:0.0,68.1:0.0,69.1:0.0,70.1:0.0,71.1:0.0,72.2:0.0,73.2:0.0,74.2:0.0,68.5:1189.7,69.5:1192.2,70.5:1187.0,71.5:1180.2,72.5:1171.5,73.6:1163.0,74.6:1156.7,75.6:1152.2,76.7:1148.2,77.7:1144.2,78.7:1141.2,79.8:1136.5,80.8:1130.7,81.7:1130.0,82.8:1125.5,83.8:1122.0,84.8:1124.0,85.8:1120.5,86.8:1114.2,87.9:1112.0,88.9:1115.2,89.9:1116.5,90.9:1112.0,92.0:1111.0,92.9:1113.0,94.0:1117.7,94.9:1120.7,96.0:1121.7,97.0:1123.0,98.0:1124.5,99.0:1127.7,100.0:1129.5,101.1:1135.5,102.1:1142.2,103.0:1145.0,104.1:1149.5,105.1:1155.0,106.1:1160.5,107.1:1164.5,108.2:1170.2,109.2:1178.7,110.3:1186.2,111.2:1192.2,119.0:0.0,120.0:0.0,121.1:0.0,116.0:0.0,117.0:807.5,117.9:799.5,119.0:784.7,120.1:767.5,121.1:758.2,122.2:752.5,123.2:747.0,124.3:743.5,125.3:740.0,126.2:737.5,127.4:735.2,128.3:732.0,129.4:728.0,130.3:724.7,131.4:721.7,132.5:719.0,133.5:718.2,134.6:716.2,135.5:713.7,136.7:712.7,137.7:711.0,138.6:711.0,139.6:711.2,140.7:710.0,141.7:711.7,142.7:712.0,143.7:712.2,144.7:712.5,145.7:712.0,146.7:714.2,147.7:716.2,148.8:717.5,149.9:720.2,150.8:721.5,151.9:723.7,152.9:727.2,153.9:729.5,154.9:731.7,155.9:734.5,157.0:737.2,158.0:741.5,159.0:751.2,159.9:0.0,160.9:784.2,162.0:787.7,163.0:793.0,164.0:803.5,171.2:0.0,172.2:0.0,165.7:0.0,168.1:0.0,169.2:779.0,170.3:774.7,171.2:771.7,172.2:768.5,173.2:766.5,174.3:764.5,175.5:761.7,176.4:760.0,177.4:759.0,178.5:757.5,179.5:756.0,180.5:755.2,181.6:754.5,182.6:755.5,183.6:755.7,184.7:755.0,185.6:755.5,186.7:756.0,187.7:756.0,188.7:758.2,189.8:761.2,190.7:762.7,191.7:764.5,192.8:767.0,193.8:768.7,194.9:771.2,195.7:775.2,196.7:780.0,197.8:783.0,198.8:786.0,200.0:789.7,200.8:794.0,201.8:798.0,202.8:802.7,204.0:808.2,205.0:813.7,206.0:819.7,207.0:825.5,208.0:833.5,209.0:842.2,210.0:848.7,211.1:855.7,212.0:864.7,213.1:873.2,214.1:882.7,215.0:891.7,216.1:901.5,217.1:913.7,218.1:925.2,219.2:936.7,220.1:951.5,227.6:0.0,228.6:0.0,229.7:0.0,224.3:0.0,231.7:0.0,232.7:0.0,233.7:0.0,234.7:0.0,235.8:0.0,236.8:0.0,231.6:0.0,238.8:0.0,239.9:0.0,240.9:0.0,235.7:0.0,236.9:773.0,237.8:764.0,245.0:0.0,240.0:753.5,241.0:743.5,242.0:737.5,243.0:730.5,244.2:722.7,245.2:714.2,246.2:710.0,247.2:707.5,248.3:702.0,249.4:696.2,250.4:693.2,251.4:693.0,252.3:692.2,253.3:692.5,260.3:0.0,261.3:0.0,262.3:0.0,263.3:0.0,264.3:0.0,265.4:0.0,266.4:0.0,267.4:0.0,268.4:0.0,269.5:0.0,263.6:0.0,264.6:1329.0,265.6:1326.5,266.6:1322.2,267.7:1321.5,268.6:1322.2,269.7:1323.0,270.7:1323.5,271.8:1323.0,272.8:1324.2,273.8:1325.5,274.8:1327.2,275.7:1329.2,276.7:1331.5,277.8:1336.7,278.8:1341.7,279.8:1346.7,280.8:1352.2,281.8:1357.0,282.8:1363.7,283.8:1380.7,284.9:1390.5,285.9:1388.2,286.9:1390.7,287.8:1400.7,288.9:1415.2,289.9:1421.2,290.9:1430.2,291.9:1443.0,292.9:1453.7,293.9:1467.2,294.9:1479.2,295.9:1492.0,296.9:1507.2,298.0:1523.5,299.0:1538.2,300.1:1556.0,301.0:1576.2,302.1:1594.7,310.2:0.0,311.2:0.0,312.2:0.0,313.2:0.0,314.3:0.0,315.3:0.0,316.3:0.0,317.3:0.0,318.3:0.0,319.4:0.0,313.4:0.0,321.4:0.0,322.4:0.0,316.4:0.0,324.5:0.0,325.5:0.0,326.5:0.0,327.5:0.0,328.5:0.0,329.6:0.0,330.6:0.0,331.7:0.0,332.7:0.0,333.7:0.0,327.5:0.0,335.7:0.0,336.8:0.0,337.8:0.0,331.6:0.0,339.8:0.0,340.8:0.0,334.7:1767.7,335.7:1743.7,336.7:1728.5,337.8:1711.5,338.8:1697.5,339.8:1683.2,340.8:1667.7,341.9:1659.7,342.9:1652.7,344.0:1642.2,344.9:1635.7,346.0:1630.7,347.1:1629.5,348.1:1622.2,349.1:1611.0,350.1:1608.2,351.2:1604.0,
352.0:1304.0,353.1:1300.7,354.0:1297.7,355.1:1295.2,356.1:1293.2,357.2:1291.7,358.1:1291.2,359.2:1291.2,0.2:1290.7,1.2:1291.7,2.3:1294.5,3.3:1297.2,4.3:1297.2,5.3:1298.0,6.3:1299.7,7.4:1302.5,8.3:1305.5,9.4:1308.5,10.4:1312.7,18.3:0.0,12.5:1322.2,13.5:1331.5,21.4:0.0,22.4:0.0,16.5:1343.2,17.5:1357.0,18.5:1364.0,19.6:1371.0,20.5:1382.5,21.5:1394.5,29.6:0.0,30.6:0.0,24.6:0.0,32.6:0.0,26.6:1487.5,34.7:0.0,35.7:0.0,36.7:0.0,37.7:0.0,38.8:0.0,39.8:0.0,40.8:0.0,41.8:0.0,42.9:0.0,43.9:0.0,44.9:0.0,45.9:0.0,47.0:0.0,48.0:0.0,49.0:0.0,50.0:0.0,44.5:0.0,45.5:965.7,46.6:965.5,54.1:0.0,55.1:0.0,56.2:0.0,57.2:0.0,58.2:0.0,59.2:0.0,60.2:0.0,61.3:0.0,62.3:0.0,63.3:0.0,64.3:0.0,65.4:0.0,66.4:0.0,67.4:0.0,68.4:0.0,62.5:0.0,70.4:0.0,71.5:0.0,72.5:0.0,73.5:0.0,67.7:0.0,68.8:1202.5,69.7:1192.0,70.9:1183.2,71.9:1176.2,72.9:1170.5,73.9:1164.2,74.9:1157.7,76.0:1155.2,76.9:1153.2,78.0:1149.5,79.0:1144.0,80.0:1138.0,81.0:1134.2,82.1:1132.0,83.1:1130.0,84.1:1125.2,85.1:1120.5,86.1:1122.2,87.1:1123.0,88.1:1123.2,89.1:1125.7,90.2:1123.0,91.2:1118.7,92.2:1117.5,93.2:1120.2,94.2:1125.7,95.2:1128.2,96.3:1127.2,97.2:1128.2,98.3:1133.0,99.4:1137.2,100.4:1140.5,101.3:1143.0,102.3:1147.2,103.4:1152.5,104.4:1157.2,105.3:1162.7,106.4:1168.2,107.4:1174.0,108.4:1179.2,109.4:1186.7,110.5:1195.2,118.2:0.0,119.3:0.0,120.3:0.0,121.3:0.0,122.3:0.0,123.3:0.0,124.4:0.0,118.5:0.0,126.4:0.0,127.4:0.0,128.4:0.0,129.4:0.0,130.5:0.0,131.5:0.0,132.5:0.0,133.5:0.0,134.5:0.0,135.5:0.0,136.6:0.0,131.1:0.0,132.1:977.7,133.1:976.0,134.2:968.2,135.2:951.2,136.2:943.5,137.3:943.0,138.3:941.5,139.3:940.2,140.3:941.0,141.4:942.2,142.4:940.5,143.4:939.5,144.4:941.7,145.4:943.2,146.4:943.2,147.4:943.2,148.4:945.5,149.5:949.7,150.4:953.2,151.5:954.7,152.6:957.2,153.5:961.7,154.6:963.2,155.7:967.2,156.7:972.7,157.7:980.2,165.2:0.0,166.2:0.0,160.7:994.0,161.7:1002.7,162.8:1008.7,163.8:1018.2,164.7:0.0,165.7:1065.5,166.8:1070.0,174.4:0.0,175.5:0.0,168.8:0.0,170.9:0.0,171.9:1061.5,173.0:1056.7,173.9:1053.7,174.9:1053.0,176.0:1052.2,177.0:1050.5,178.1:1048.5,179.1:1045.5,180.1:1044.5,181.2:1044.0,182.2:1044.0,183.2:1045.7,184.2:1046.2,185.2:1045.7,186.3:1045.5,187.3:1047.5,188.3:1050.0,189.4:1050.7,190.3:1052.2,191.3:1055.0,192.4:1057.2,193.4:1062.2,194.5:1068.2,195.5:1071.5,196.5:1077.0,197.5:1081.5,198.5:1086.2,199.5:1093.0,200.5:1098.0,201.6:1104.2,202.6:1111.5,203.5:1118.0,204.6:1125.2,205.6:1132.2,206.6:1141.2,207.6:1152.7,208.7:1162.2,209.7:1168.7,210.7:1181.5,211.3:0.0,219.5:0.0,220.5:0.0,221.5:0.0,222.6:0.0,223.6:0.0,224.6:0.0,225.6:0.0,226.6:0.0,227.7:0.0,228.7:0.0,229.7:0.0,230.7:0.0,231.8:0.0,232.8:0.0,233.8:0.0,234.8:0.0,235.9:0.0,230.7:0.0,231.7:825.5,232.7:822.5,233.7:822.5,234.7:823.0,242.0:0.0,243.0:0.0,244.1:0.0,245.1:0.0,246.1:0.0,247.1:0.0,248.1:0.0,249.2:0.0,250.2:0.0,251.2:0.0,252.2:0.0,253.3:0.0,254.3:0.0,255.3:0.0,256.3:0.0,250.4:0.0,251.4:1388.5,252.4:1379.2,253.4:1372.5,254.4:1369.5,255.5:1364.0,256.5:1359.0,257.5:1355.0,258.6:1347.0,259.6:1339.5,260.6:1334.7,261.6:1333.0,262.6:1331.0,263.6:1330.0,264.7:1328.7,265.7:1325.5,266.7:1323.2,267.8:1322.5,268.8:1322.5,269.8:1321.5,270.8:1325.2,271.8:0.0,272.8:0.0,273.9:1336.2,274.9:1332.0,275.8:1330.0,276.8:1337.0,277.8:1343.7,278.8:1348.7,279.8:1355.5,280.8:1361.0,281.9:1365.0,282.9:1369.2,283.9:1375.0,284.9:1380.5,285.9:1390.0,286.9:1400.5,287.9:1410.7,288.9:1421.2,289.9:1430.2,291.0:1441.2,291.9:1450.7,292.9:1467.0,301.0:0.0,302.0:0.0,303.0:0.0,304.0:0.0,305.1:0.0,306.2:0.0,300.3:0.0,308.2:0.0,309.2:0.0,303.4:1250.2,311.3:0.0,312.3:0.0,313.3:0.0,314.3:0.0,315.3:0.0,316.4:0.0,317.4:0.0,318.4:0.0,319.4:0.0,320.4:0.0,321.5:0.0,322.5:0.0,323.5:0.0,324.5:0.0,325.5:0.0,326.6:0.0,320.5:0.0,328.6:0.0,329.6:0.0,330.7:0.0,331.7:0.0,332.7:0.0,333.7:0.0,327.7:0.0,335.8:0.0,336.8:0.0,337.8:0.0,338.8:0.0,339.8:0.0,340.9:0.0,334.9:0.0,342.9:0.0,337.0:1393.7,338.0:1379.5,339.0:1371.7,340.1:1366.0,341.1:1357.5,342.1:1348.2,343.2:1341.2,344.1:1337.5,352.1:0.0,353.1:0.0,354.2:0.0,348.3:1323.5,349.3:1309.0,350.3:1303.7,351.4:1300.2,
352.4:915.5,353.5:912.7,354.4:910.5,355.4:910.2,356.4:910.0,357.4:910.5,358.5:909.2,359.5:907.5,0.5:907.5,1.6:908.2,2.5:910.5,3.6:912.5,4.6:912.0,5.6:912.0,6.7:913.2,7.7:918.0,8.6:922.2,9.7:923.7,10.7:926.5,11.8:929.5,12.7:932.5,13.8:934.5,14.8:938.2,15.7:943.0,16.9:947.2,17.8:952.5,18.8:958.5,19.9:965.0,20.8:969.5,28.4:0.0,29.4:0.0,30.4:0.0,24.8:0.0,25.8:1015.0,26.9:1023.2,27.9:1029.7,35.5:0.0,36.5:0.0,37.6:0.0,38.6:0.0,33.0:0.0,40.6:0.0,41.6:0.0,42.7:0.0,43.7:0.0,44.7:0.0,45.7:0.0,46.7:0.0,47.8:0.0,48.8:0.0,49.8:0.0,50.8:0.0,51.8:0.0,52.9:0.0,53.9:0.0,54.9:0.0,55.9:0.0,56.9:0.0,58.0:0.0,59.0:0.0,60.0:0.0,61.0:0.0,55.9:0.0,56.8:814.5,64.1:0.0,65.1:0.0,59.9:0.0,61.0:780.7,62.1:774.2,63.1:768.5,64.1:760.2,65.0:754.2,66.1:753.2,67.1:753.0,68.2:754.2,75.2:0.0,76.2:0.0,77.3:0.0,78.3:0.0,79.3:0.0,80.3:0.0,81.3:0.0,82.4:0.0,83.4:0.0,77.6:0.0,78.7:1187.0,79.6:1174.2,80.7:1170.7,81.7:1156.2,82.8:1138.7,83.7:1133.7,84.8:1128.7,85.8:1125.2,86.7:1127.0,87.8:1128.2,88.8:1128.0,89.9:1128.5,90.8:1128.2,91.8:1129.0,92.9:1131.0,93.8:1131.5,94.9:1132.5,95.9:1133.5,97.0:1133.7,98.0:1135.7,98.9:1140.5,99.9:1144.5,101.0:1147.5,102.0:1151.2,103.0:1155.7,104.0:1159.0,105.0:1162.7,106.0:1170.7,107.0:1176.5,108.0:1180.7,109.1:1188.5,110.0:1194.7,117.9:0.0,118.9:0.0,119.9:0.0,120.9:0.0,121.9:0.0,123.0:0.0,117.1:0.0,118.2:1267.0,119.2:1281.0,127.0:0.0,128.0:0.0,129.0:0.0,130.1:0.0,131.1:0.0,132.1:0.0,133.1:0.0,134.1:0.0,135.1:0.0,136.2:0.0,137.2:0.0,138.2:0.0,139.2:0.0,140.2:0.0,141.3:0.0,142.3:0.0,143.3:0.0,144.3:0.0,145.3:0.0,146.3:0.0,147.4:0.0,141.2:0.0,149.4:0.0,143.6:0.0,144.6:1266.5,145.6:1272.0,153.5:0.0,147.7:1262.5,148.7:1252.0,149.7:1254.2,150.7:1254.0,151.7:1257.7,152.7:1266.2,153.7:1277.0,154.7:1280.5,155.8:1282.0,156.8:1287.7,157.9:1293.5,158.8:1302.0,166.7:0.0,167.8:0.0,168.8:0.0,169.8:0.0,170.8:0.0,171.8:0.0,165.9:0.0,173.9:0.0,174.9:0.0,175.9:0.0,176.9:0.0,178.0:0.0,179.0:0.0,173.0:0.0,174.0:1449.2,175.0:1450.0,176.1:1449.2,177.1:1445.0,178.1:1440.7,179.1:1441.0,180.1:1439.5,181.2:1436.0,182.2:1433.2,183.2:1432.7,184.2:1435.5,185.2:1437.2,186.2:1440.5,187.3:1445.5,188.3:1445.5,189.3:1445.7,190.3:1449.7,191.3:1454.0,192.3:1456.7,193.4:1459.5,194.4:1463.0,195.4:1467.0,196.4:1473.5,197.4:1483.2,198.4:1491.0,199.5:1498.0,200.5:1507.0,201.5:1518.0,202.5:1527.5,203.5:1542.5,211.6:0.0,212.6:0.0,213.7:0.0,214.7:0.0,215.7:0.0,216.7:0.0,217.7:0.0,218.7:0.0,219.8:0.0,220.8:0.0,221.8:0.0,216.2:0.0,217.2:1088.7,218.2:1088.7,219.2:1096.7,226.9:0.0,227.9:0.0,229.0:0.0,230.0:0.0,231.0:0.0,232.0:0.0,233.0:0.0,234.0:0.0,235.0:0.0,236.1:0.0,237.1:0.0,238.1:0.0,239.1:0.0,240.1:0.0,241.2:0.0,242.2:0.0,243.2:0.0,237.1:0.0,238.2:1556.5,239.2:1540.5,240.2:1524.7,241.2:1508.5,242.2:1492.7,243.3:1478.7,244.3:1465.7,245.3:1454.2,246.4:1443.2,247.4:1431.0,248.4:1422.5,249.5:1414.0,250.5:1400.7,251.4:1391.5,252.5:1382.2,253.5:1373.5,254.5:1369.7,255.5:1377.5,256.6:1373.7,257.6:1356.5,258.6:1352.0,259.7:1348.2,260.7:1343.0,261.7:1340.2,262.7:1337.7,263.7:1333.2,264.7:1331.2,265.8:1329.7,266.8:1330.7,267.8:1331.7,268.8:1330.2,269.8:1330.7,270.8:1330.2,271.8:1330.7,272.9:1334.5,273.9:1336.5,274.9:1341.0,275.8:1342.5,276.9:1341.2,277.8:1349.5,285.7:0.0,286.8:0.0,287.8:0.0,288.8:0.0,283.1:0.0,284.1:1090.0,285.1:1093.7,286.2:1101.2,287.2:1096.0,288.2:1088.7,289.2:1092.5,290.2:1098.2,291.2:1105.2,292.2:1110.5,299.9:0.0,300.9:0.0,302.0:0.0,303.0:0.0,304.0:0.0,298.2:0.0,299.3:1180.2,300.3:1189.5,308.1:0.0,309.1:0.0,310.1:0.0,311.2:0.0,312.2:0.0,313.2:0.0,314.2:0.0,315.2:0.0,316.2:0.0,317.2:0.0,318.2:0.0,319.3:0.0,320.3:0.0,321.3:0.0,322.3:0.0,323.3:0.0,324.3:0.0,325.4:0.0,326.4:0.0,327.4:0.0,328.4:0.0,329.4:0.0,330.5:0.0,331.5:0.0,332.5:0.0,333.5:0.0,334.5:0.0,329.0:0.0,330.0:1033.5,331.0:1025.2,332.1:1014.2,339.6:0.0,334.1:1000.2,335.1:987.2,336.1:980.5,337.2:977.5,338.2:970.0,339.2:963.2,340.2:957.5,341.2:953.0,342.3:949.0,343.3:943.5,344.3:939.5,345.4:935.5,346.3:927.5,347.4:920.7,348.5:918.7,349.5:917.0,350.6:915.2,351.6:913.2,
353.3:619.7,354.5:618.5,355.4:617.7,356.4:618.7,357.6:617.5,358.5:617.0,359.7:618.0,0.7:617.5,1.5:618.0,2.6:618.2,3.7:617.2,4.6:618.2,5.7:621.0,6.6:623.0,7.8:625.0,8.8:626.2,9.9:626.7,10.9:629.0,11.9:631.7,12.7:633.5,13.8:636.2,14.8:640.5,15.8:643.5,17.0:646.0,17.9:648.7,18.8:653.0,19.8:659.5,21.0:662.0,21.9:664.7,23.0:671.2,24.0:676.0,25.0:680.0,31.8:0.0,27.0:689.7,28.0:701.2,34.9:0.0,36.0:0.0,37.0:0.0,38.0:0.0,39.0:0.0,40.0:0.0,41.1:0.0,42.1:0.0,43.1:0.0,44.2:0.0,45.2:0.0,46.2:0.0,47.2:0.0,48.2:0.0,49.3:0.0,50.3:0.0,51.3:0.0,45.9:0.0,53.4:0.0,54.4:0.0,55.4:0.0,56.4:0.0,57.5:0.0,58.5:0.0,53.2:0.0,60.5:0.0,61.6:0.0,56.3:0.0,57.4:817.2,58.4:806.7,65.7:0.0,60.5:791.5,61.5:780.7,62.6:773.0,63.7:766.5,64.8:760.7,65.7:753.5,66.7:750.2,67.8:745.5,68.8:737.0,69.9:730.7,70.9:727.7,71.9:725.2,73.0:720.2,73.9:715.2,75.1:712.2,76.1:708.0,77.1:704.2,78.2:700.7,79.2:697.2,80.2:695.2,81.3:693.7,82.4:692.2,83.3:690.2,84.3:689.2,85.3:688.2,86.2:686.5,87.3:688.0,88.4:690.5,95.2:0.0,96.3:0.0,97.3:0.0,98.3:0.0,99.3:0.0,93.5:0.0,101.4:0.0,95.7:1152.2,96.7:1140.7,97.7:1143.0,98.7:1147.2,99.8:1148.5,100.7:1152.0,101.8:1155.5,102.8:1158.0,103.8:1165.7,104.8:1170.7,105.8:1174.7,106.8:1182.5,107.8:1191.7,108.8:1197.2,109.8:1201.7,117.7:0.0,118.7:0.0,119.7:0.0,120.7:0.0,121.7:0.0,122.7:0.0,116.9:0.0,118.0:1277.0,125.8:0.0,126.8:0.0,127.8:0.0,128.9:0.0,129.9:0.0,130.9:0.0,131.9:0.0,133.0:0.0,134.0:0.0,135.0:0.0,136.0:0.0,137.0:0.0,138.1:0.0,139.2:0.0,140.2:0.0,141.2:0.0,142.2:0.0,143.2:0.0,144.3:0.0,145.3:0.0,146.3:0.0,147.3:0.0,148.4:0.0,149.4:0.0,150.4:0.0,151.4:0.0,152.5:0.0,153.5:0.0,154.5:0.0,155.5:0.0,149.5:0.0,150.6:1521.2,151.6:1529.0,152.5:1524.7,153.6:1517.2,154.7:1522.7,155.7:1529.2,156.7:1535.5,157.8:1545.5,158.8:1554.0,159.8:1559.7,160.9:1564.2,161.9:1574.0,162.9:1587.7,163.9:1599.5,164.9:1611.7,165.9:1626.0,167.0:1640.0,167.9:1654.5,176.1:0.0,170.0:0.0,178.2:0.0,179.2:0.0,180.2:0.0,174.1:1741.7,175.1:1739.7,176.1:1735.7,177.2:1737.2,178.2:1730.7,179.2:1727.0,180.2:1729.5,181.2:1723.7,182.2:1719.5,183.3:1719.2,184.3:1725.0,185.3:1734.2,186.3:1737.2,187.4:1736.2,188.4:1736.5,189.5:1740.5,190.5:1748.5,191.5:1755.5,192.5:1760.0,193.5:1765.2,194.6:1769.0,195.5:1774.0,196.6:1781.7,197.6:1792.7,198.6:1800.2,206.8:0.0,207.9:0.0,208.9:0.0,209.9:0.0,211.0:0.0,212.0:0.0,213.0:0.0,207.1:0.0,215.1:0.0,209.2:1346.2,217.1:0.0,218.1:0.0,219.2:0.0,220.2:0.0,221.2:0.0,222.2:0.0,223.3:0.0,224.3:0.0,225.3:0.0,226.3:0.0,227.4:0.0,228.4:0.0,229.4:0.0,230.5:0.0,231.5:0.0,232.5:0.0,233.5:0.0,234.5:0.0,228.4:0.0,229.5:1723.7,230.5:1697.0,231.5:1674.0,232.6:1648.5,233.6:1626.0,234.6:1610.5,235.7:1592.5,236.7:1572.0,237.7:1553.0,238.7:1538.5,239.8:1525.2,240.8:1510.0,241.9:1496.5,242.9:1481.7,243.9:1479.0,245.0:1468.5,246.0:1447.0,247.0:1437.0,248.1:1425.2,249.1:1418.0,250.1:1407.5,251.1:1394.0,252.2:1383.5,253.2:1376.7,254.2:1374.5,255.3:1368.5,256.2:1363.0,257.3:1361.7,258.3:1357.5,259.3:1350.7,260.4:1349.0,261.4:1346.7,262.4:1341.2,263.5:1339.2,264.5:1337.2,265.5:1342.5,266.8:0.0,267.8:1060.5,268.9:1058.5,269.8:1058.7,277.5:0.0,271.9:1046.7,273.0:1034.2,273.9:1035.0,275.0:1038.0,275.9:1040.0,276.9:1040.7,278.0:1043.2,279.0:1047.0,280.0:1050.2,280.9:1053.2,282.0:1055.0,283.0:1058.2,284.1:1062.7,285.1:1068.7,286.1:1074.0,287.0:1077.7,288.0:1081.7,289.0:1086.7,290.0:1095.0,291.1:1102.7,292.1:1109.7,299.8:0.0,300.8:0.0,301.8:0.0,302.9:0.0,297.1:0.0,304.9:0.0,306.0:0.0,307.0:0.0,308.0:0.0,309.1:0.0,310.1:0.0,311.1:0.0,312.1:0.0,313.2:0.0,314.2:0.0,315.2:0.0,316.2:0.0,317.2:0.0,318.3:0.0,319.3:0.0,320.3:0.0,321.3:0.0,322.4:0.0,323.4:0.0,324.4:0.0,325.4:0.0,326.5:0.0,327.5:0.0,328.5:0.0,329.5:0.0,330.6:0.0,331.6:0.0,326.6:0.0,327.6:713.5,328.7:707.7,329.9:702.2,330.8:696.7,331.8:689.5,332.9:683.2,333.9:678.0,335.1:671.7,341.8:0.0,337.0:663.5,338.2:656.2,339.2:652.0,340.2:646.7,341.2:641.2,342.2:640.7,343.4:638.2,344.3:633.7,345.4:632.2,346.4:631.2,347.3:629.0,348.5:626.0,349.5:625.2,350.5:623.7,351.5:621.5,352.5:620.5,
355.2:320.0,356.0:319.7,357.3:319.2,358.8:318.7,359.6:319.0,0.2:319.5,1.2:320.0,2.9:320.0,3.5:319.7,4.8:320.2,5.5:320.5,6.3:321.5,7.8:322.5,8.5:322.7,9.6:324.0,10.9:325.2,11.5:326.7,12.7:328.0,14.0:328.5,14.7:330.2,15.7:332.5,16.8:334.5,17.3:336.5,18.7:338.5,19.9:340.2,20.4:343.0,21.6:346.2,22.6:348.7,27.4:0.0,24.4:352.0,29.5:0.0,30.5:0.0,31.5:0.0,32.5:0.0,33.6:0.0,34.6:0.0,35.6:0.0,36.6:0.0,37.7:0.0,38.7:0.0,39.7:0.0,40.7:0.0,41.8:0.0,42.8:0.0,43.8:0.0,44.9:0.0,45.9:0.0,46.9:0.0,48.0:0.0,49.0:0.0,50.0:0.0,51.0:0.0,52.1:0.0,53.1:0.0,54.1:0.0,55.1:0.0,56.2:0.0,57.2:0.0,58.2:0.0,59.2:0.0,60.3:0.0,61.3:0.0,62.3:0.0,63.4:0.0,64.4:0.0,65.4:0.0,60.5:0.0,67.4:0.0,68.4:0.0,69.5:0.0,64.4:0.0,71.5:0.0,66.4:0.0,67.4:753.5,68.5:747.2,69.5:740.7,70.7:734.7,71.6:730.2,72.7:727.2,73.7:723.5,74.7:720.5,75.8:715.5,76.7:712.0,77.9:709.2,79.0:705.0,79.9:704.0,81.0:702.7,81.9:699.2,83.0:696.2,84.0:694.7,85.1:693.2,86.1:691.2,87.2:690.2,88.2:690.2,89.1:691.0,90.3:691.5,91.2:691.0,92.3:690.7,93.2:691.7,94.2:692.7,95.2:694.7,96.2:696.2,97.3:696.0,98.4:696.5,99.5:698.2,100.5:700.5,101.3:704.0,102.5:707.2,103.4:710.2,104.5:714.5,105.4:718.0,106.5:720.5,107.4:724.7,108.5:730.0,109.5:736.0,116.5:0.0,117.6:0.0,118.6:0.0,119.6:0.0,120.6:0.0,121.7:0.0,122.7:0.0,123.7:0.0,124.7:0.0,125.7:0.0,126.8:0.0,127.8:0.0,128.8:0.0,129.8:0.0,130.9:0.0,131.9:0.0,132.9:0.0,133.9:0.0,135.0:0.0,136.0:0.0,137.0:0.0,138.1:0.0,139.1:0.0,140.2:0.0,141.2:0.0,142.2:0.0,143.2:0.0,144.3:0.0,145.3:0.0,146.3:0.0,147.3:0.0,148.4:0.0,149.4:0.0,150.4:0.0,151.5:0.0,152.5:0.0,153.5:0.0,154.5:0.0,155.5:0.0,156.6:0.0,157.6:0.0,158.6:0.0,159.7:0.0,153.5:0.0,154.5:1796.0,155.6:1796.0,156.6:1790.0,157.7:1787.5,158.7:1796.7,159.7:1807.5,160.7:1817.2,161.8:1830.0,162.8:1847.0,171.0:0.0,164.8:1870.0,165.8:1887.5,174.1:0.0,175.1:0.0,168.9:1920.0,177.2:0.0,170.9:0.0,179.2:0.0,180.3:0.0,174.0:2038.2,175.0:2038.7,176.1:2038.0,177.1:2039.5,178.1:2038.0,179.2:2035.5,180.2:2034.0,181.2:2031.2,182.2:2030.0,183.3:2032.0,184.3:2034.2,185.3:2035.7,186.4:2036.0,187.4:2035.5,188.5:2041.2,189.5:2047.2,190.5:2050.5,191.5:2057.2,192.5:2062.2,193.5:2071.2,194.6:2082.2,195.6:2088.0,204.0:0.0,205.0:0.0,206.0:0.0,207.0:0.0,208.1:0.0,202.0:0.0,203.0:1613.0,204.0:1592.2,205.1:1597.5,206.1:1604.2,207.2:1614.0,208.2:1629.0,216.3:0.0,217.3:0.0,218.4:0.0,219.4:0.0,220.4:0.0,221.5:0.0,222.5:0.0,223.5:0.0,224.5:0.0,225.6:0.0,226.6:0.0,227.6:0.0,221.4:0.0,222.4:1929.0,223.5:1893.2,224.5:1855.0,225.6:1824.2,226.6:1799.0,227.6:1770.0,228.7:1740.5,229.7:1716.5,230.8:1693.0,231.7:1667.7,232.8:1643.5,233.8:1629.7,234.9:1615.7,235.9:1591.7,237.0:1572.0,238.0:1556.7,239.1:1542.2,240.1:1526.5,241.1:1511.7,242.2:1496.2,243.2:1481.0,244.2:1469.0,245.2:1455.7,246.3:1447.2,247.3:1439.5,248.3:1429.7,249.4:1420.5,250.4:1409.7,251.7:0.0,252.8:1098.0,253.8:1091.0,261.5:0.0,255.9:0.0,256.9:1053.0,257.9:1049.2,258.9:1046.7,260.0:1044.5,261.0:1041.0,262.1:1037.5,263.1:1035.5,264.0:1033.7,265.1:1031.0,266.2:1029.2,267.2:1028.5,268.2:1027.5,269.2:1027.5,270.2:1028.0,271.2:1027.7,272.3:1028.5,273.3:1028.7,274.3:1030.5,275.3:1031.5,276.3:1032.2,277.4:1035.7,278.3:1040.2,279.4:1044.0,280.4:1045.7,281.4:1049.7,282.4:1055.0,290.1:0.0,284.5:0.0,285.4:1098.2,286.4:1100.7,294.2:0.0,295.2:0.0,296.2:0.0,297.2:0.0,298.2:0.0,299.3:0.0,300.3:0.0,301.3:0.0,302.3:0.0,303.4:0.0,304.4:0.0,305.4:0.0,306.5:0.0,307.5:0.0,308.5:0.0,309.6:0.0,310.6:0.0,311.6:0.0,312.6:0.0,313.7:0.0,314.7:0.0,315.7:0.0,316.7:0.0,317.8:0.0,318.8:0.0,319.8:0.0,320.8:0.0,321.9:0.0,322.9:0.0,323.9:0.0,324.9:0.0,326.0:0.0,327.0:0.0,328.0:0.0,329.0:0.0,330.1:0.0,331.1:0.0,332.2:0.0,329.4:0.0,334.2:0.0,335.2:0.0,332.5:358.5,333.6:354.0,334.9:350.2,335.7:347.5,336.9:344.7,337.9:341.5,338.5:340.0,339.9:337.7,340.9:335.5,342.0:334.2,342.9:332.0,344.0:330.7,345.0:328.5,345.9:327.2,347.1:326.5,348.0:325.0,349.2:324.2,350.3:323.2,351.4:322.0,352.6:321.2,353.2:321.2,354.4:321.7,
352.4:1157.5,353.5:1146.2,354.5:1146.5,355.5:1149.2,356.5:1153.0,357.6:1154.7,358.5:1158.2,359.5:1162.2,0.5:1166.0,1.6:1172.5,2.7:1179.2,3.7:1186.2,4.6:1194.7,5.7:1200.2,13.5:0.0,14.5:0.0,15.5:0.0,16.5:0.0,17.6:0.0,18.6:0.0,12.8:0.0,13.8:1270.5,21.7:0.0,22.7:0.0,23.7:0.0,24.7:0.0,25.7:0.0,26.8:0.0,27.8:0.0,28.8:0.0,29.8:0.0,30.8:0.0,31.9:0.0,32.9:0.0,33.9:0.0,34.9:0.0,36.0:0.0,37.0:0.0,38.0:0.0,39.0:0.0,40.0:0.0,41.1:0.0,42.1:0.0,43.2:0.0,44.2:0.0,45.2:0.0,46.2:0.0,47.2:0.0,48.3:0.0,49.3:0.0,50.3:0.0,51.3:0.0,52.4:0.0,46.3:0.0,47.4:1530.5,55.4:0.0,49.4:1525.2,50.4:1520.5,51.5:1525.5,52.4:1532.0,53.5:1538.7,54.5:1546.0,55.5:1554.7,56.6:1560.0,57.5:1568.5,58.6:1577.7,59.6:1589.7,60.6:1602.2,61.6:1611.0,62.6:1626.0,63.6:1640.5,64.6:1652.0,65.6:1667.7,66.6:0.0,74.8:0.0,75.8:0.0,76.8:0.0,70.7:1747.5,71.7:1748.5,72.7:1743.7,73.7:1737.2,74.8:1732.2,75.8:1729.0,76.9:1730.5,77.9:1733.2,78.9:1731.2,79.9:1726.7,80.9:1725.5,81.9:1725.5,82.9:1730.7,83.9:1738.5,84.9:1741.2,85.9:1744.7,87.0:1751.2,88.0:1757.0,89.0:1760.5,90.0:1764.5,91.0:1770.0,92.1:1773.5,93.1:1779.5,94.1:1793.0,95.1:1808.7,103.3:0.0,104.3:0.0,105.3:0.0,106.4:0.0,107.4:0.0,108.4:0.0,109.4:0.0,103.5:0.0,111.5:0.0,105.6:1354.0,113.5:0.0,114.5:0.0,115.5:0.0,116.5:0.0,117.5:0.0,118.5:0.0,119.6:0.0,120.6:0.0,121.6:0.0,122.6:0.0,116.6:0.0,124.7:0.0,125.7:0.0,126.7:0.0,127.7:0.0,128.7:0.0,129.7:0.0,130.7:0.0,124.6:0.0,125.6:1724.7,126.7:1697.7,127.7:1674.2,128.7:1653.5,129.7:1632.0,130.9:1612.0,131.9:1594.2,132.9:1575.5,134.0:1557.0,135.0:1540.2,136.0:1522.2,137.0:1506.2,138.1:1493.0,139.2:1478.5,140.2:1473.7,141.2:1468.5,142.2:1449.7,143.2:1434.2,144.2:1426.2,145.3:1419.0,146.3:1406.7,147.3:1393.7,148.4:1384.2,149.4:1376.2,150.4:1371.0,151.5:1368.7,152.5:1366.7,153.5:1362.7,154.6:1359.0,155.6:1352.5,156.6:1347.0,157.7:1343.2,158.7:1338.0,159.7:1334.7,160.7:1336.0,161.7:1340.5,163.1:0.0,164.1:1057.7,165.1:1056.0,166.2:1054.7,173.8:0.0,168.2:1042.0,169.2:1030.2,170.3:1031.7,171.3:1033.7,172.3:1035.0,173.4:1036.2,174.4:1039.7,175.4:1041.0,176.4:1042.5,177.4:1046.5,178.5:1051.2,179.5:1055.5,180.4:1059.7,181.4:1063.7,182.5:1068.7,183.5:1073.0,184.6:1077.0,185.6:1082.2,186.6:1090.5,187.6:1098.2,188.6:1105.0,189.6:1112.5,197.3:0.0,198.3:0.0,199.4:0.0,200.4:0.0,194.6:0.0,202.4:0.0,203.5:0.0,197.7:0.0,205.5:0.0,206.5:0.0,207.5:0.0,208.6:0.0,209.6:0.0,210.7:0.0,211.7:0.0,212.7:0.0,213.7:0.0,214.7:0.0,215.8:0.0,216.8:0.0,217.8:0.0,218.8:0.0,219.9:0.0,220.9:0.0,221.9:0.0,222.9:0.0,224.0:0.0,225.0:0.0,226.0:0.0,227.0:0.0,228.1:0.0,229.1:0.0,224.1:0.0,225.2:705.2,226.3:698.7,227.3:694.0,228.3:689.2,229.5:682.5,230.4:676.2,231.5:670.0,232.4:665.2,233.6:661.5,234.5:656.7,235.7:652.0,236.7:646.7,237.8:641.0,238.8:637.7,239.7:634.7,240.8:632.0,241.9:629.7,242.9:627.2,243.8:625.7,245.0:624.0,246.0:622.0,246.9:620.5,248.0:618.5,249.0:617.5,250.2:617.0,251.1:615.0,252.1:614.7,253.0:614.7,254.2:613.7,255.2:614.0,256.2:614.2,257.2:615.0,258.2:615.7,259.3:616.2,260.3:616.0,261.4:617.0,262.3:618.5,263.3:619.7,264.4:620.5,265.3:623.2,266.2:626.7,267.3:626.2,268.5:626.7,269.5:629.2,270.5:632.7,271.5:637.0,272.3:640.7,273.5:642.7,274.3:645.7,275.4:651.0,276.4:655.0,277.4:659.0,278.4:662.2,279.4:667.5,280.3:673.0,281.3:677.0,282.4:681.7,283.3:688.0,284.4:696.0,285.3:703.0,286.2:708.5,293.3:0.0,288.3:0.0,295.3:0.0,296.3:0.0,297.4:0.0,298.4:0.0,299.4:0.0,300.4:0.0,301.4:0.0,302.5:0.0,303.5:0.0,304.5:0.0,305.5:0.0,306.6:0.0,307.7:0.0,308.7:0.0,309.7:0.0,310.7:0.0,311.7:0.0,312.8:0.0,313.8:0.0,314.8:0.0,309.5:0.0,316.9:0.0,317.9:0.0,312.7:0.0,313.6:817.7,314.7:810.7,315.9:803.5,316.8:796.0,317.9:789.0,318.9:779.5,320.0:772.0,321.0:764.5,322.0:758.0,323.0:755.0,324.1:749.0,325.1:740.2,326.1:735.2,327.2:731.7,328.3:728.0,329.4:724.2,330.3:721.2,331.2:718.5,332.3:713.5,333.4:709.0,334.4:704.7,335.5:701.5,336.5:700.0,337.5:697.7,338.6:694.7,339.5:694.2,340.5:694.2,341.6:692.5,342.6:693.7,343.7:693.0,344.6:693.0,345.6:694.5,352.6:0.0,353.7:0.0,354.7:0.0,355.7:0.0,350.0:0.0,351.0:1165.0,
353.1:860.7,354.1:863.5,355.2:864.2,356.2:866.0,357.2:868.2,358.2:870.2,359.2:873.5,0.2:877.5,1.2:883.0,2.3:887.7,3.3:891.7,4.3:897.7,5.4:901.5,6.4:904.0,7.4:910.0,8.3:917.5,15.8:0.0,16.8:0.0,17.9:0.0,12.5:934.5,13.5:951.0,14.5:959.5,22.0:0.0,23.0:0.0,24.0:0.0,18.5:0.0,19.5:1013.0,20.5:1025.5,21.5:1033.2,29.1:0.0,30.2:0.0,31.2:0.0,32.2:0.0,33.2:0.0,34.2:0.0,35.3:0.0,36.3:0.0,37.3:0.0,38.4:0.0,39.4:0.0,40.4:0.0,41.4:0.0,42.5:0.0,43.5:0.0,44.5:0.0,45.5:0.0,46.6:0.0,47.6:0.0,48.6:0.0,49.6:0.0,50.7:0.0,51.7:0.0,52.7:0.0,53.7:0.0,54.8:0.0,48.6:0.0,56.8:0.0,57.8:0.0,58.9:0.0,59.9:0.0,60.9:0.0,61.9:0.0,56.0:0.0,57.1:1346.0,65.0:0.0,59.0:1345.2,60.0:1346.0,61.0:1355.0,62.0:1366.2,63.1:1378.0,71.0:0.0,72.1:0.0,73.1:0.0,74.1:0.0,75.1:0.0,76.2:0.0,77.2:0.0,78.2:0.0,72.2:0.0,80.2:0.0,81.3:0.0,82.3:0.0,76.2:0.0,84.3:0.0,85.3:0.0,86.4:0.0,80.2:1664.0,81.3:1682.2,82.3:1683.0,83.3:1688.2,84.3:1693.2,85.4:1691.7,86.4:1690.2,87.4:1695.5,88.4:1702.5,89.4:1706.2,90.4:1711.0,91.4:1719.0,92.5:1726.0,93.5:1729.2,94.5:1739.2,95.5:1754.7,96.5:1764.5,97.5:1771.2,98.6:1780.2,99.5:1796.0,100.6:1811.7,101.6:1824.5,102.6:1835.7,103.6:1850.2,104.6:1871.5,112.9:0.0,113.9:0.0,114.9:0.0,115.9:0.0,116.9:0.0,118.0:0.0,119.0:0.0,120.0:0.0,121.0:0.0,122.0:0.0,123.0:0.0,124.1:0.0,125.1:0.0,126.1:0.0,127.1:0.0,128.1:0.0,129.2:0.0,130.2:0.0,131.2:0.0,132.2:0.0,133.2:0.0,134.3:0.0,135.3:0.0,136.3:0.0,137.3:0.0,138.4:0.0,132.2:1906.0,133.2:1918.5,134.2:1894.0,135.2:1871.5,136.3:1850.5,137.3:1832.2,138.4:1814.7,139.4:1798.5,140.4:1782.7,141.5:1767.7,142.5:1752.7,143.5:1740.5,144.5:1731.2,145.6:1716.5,146.6:1715.2,147.6:1710.2,148.7:1689.5,149.7:1676.2,150.7:1668.7,151.7:1662.5,152.7:1657.2,153.8:1651.0,154.9:1645.5,155.9:1642.0,156.9:1638.7,157.9:1637.7,158.9:1636.5,160.0:1633.5,161.0:1630.2,162.1:1628.7,163.1:1632.0,164.1:1632.5,172.2:0.0,173.2:0.0,167.4:0.0,168.3:1336.2,176.3:0.0,170.5:1324.7,171.5:1314.0,172.5:1314.7,180.4:0.0,174.5:1324.5,175.6:1333.2,183.5:0.0,177.6:1334.7,178.6:1341.0,179.6:1344.5,180.7:1346.2,181.7:1354.2,182.7:1364.0,183.7:1370.2,184.7:1376.0,185.8:1383.0,186.8:1389.7,187.8:1395.7,188.8:1404.7,196.8:0.0,197.8:0.0,191.8:0.0,192.8:1506.2,200.9:0.0,201.9:0.0,202.9:0.0,204.0:0.0,205.0:0.0,206.0:0.0,207.0:0.0,208.1:0.0,209.1:0.0,210.1:0.0,211.1:0.0,212.2:0.0,213.2:0.0,214.2:0.0,215.2:0.0,216.2:0.0,217.3:0.0,218.3:0.0,219.3:0.0,220.3:0.0,221.4:0.0,222.4:0.0,223.4:0.0,218.2:0.0,225.5:0.0,226.5:0.0,221.4:0.0,222.3:815.0,229.6:0.0,224.5:798.5,225.5:785.0,226.5:778.0,227.5:771.0,228.5:764.7,229.7:759.5,236.7:0.0,231.6:751.0,232.7:742.0,233.7:737.0,234.8:730.7,235.8:724.5,236.7:721.2,237.8:719.2,238.8:714.0,239.9:709.7,241.0:707.0,242.0:701.0,243.1:696.7,244.0:695.2,245.1:694.2,246.1:691.7,247.1:690.2,248.2:688.0,249.1:686.5,250.1:686.0,251.2:684.5,252.3:683.5,253.2:682.5,254.2:681.7,255.3:681.2,256.3:681.5,257.2:681.7,258.3:682.2,259.3:683.7,260.4:684.5,261.5:685.0,262.4:686.5,263.5:689.0,264.4:691.7,265.5:694.2,266.5:696.0,267.5:697.7,268.5:701.5,269.6:705.7,270.5:708.7,271.5:712.0,272.5:716.5,273.5:718.7,274.6:722.2,275.6:729.0,276.5:733.2,277.6:737.5,278.5:741.2,285.6:0.0,286.6:0.0,287.6:0.0,282.3:0.0,283.4:808.0,284.4:812.2,291.7:0.0,292.7:0.0,293.7:0.0,294.7:0.0,295.7:0.0,296.7:0.0,297.8:0.0,298.8:0.0,299.8:0.0,300.8:0.0,301.8:0.0,302.8:0.0,303.9:0.0,304.9:0.0,306.0:0.0,307.0:0.0,308.0:0.0,309.0:0.0,310.1:0.0,311.1:0.0,312.1:0.0,313.1:0.0,314.2:0.0,315.2:0.0,311.2:0.0,312.2:488.5,313.3:483.2,314.4:478.2,315.2:473.7,316.3:466.2,317.6:460.0,318.8:455.5,319.8:452.2,320.6:447.7,321.8:443.5,322.9:440.0,323.8:437.2,325.0:434.0,325.9:430.0,327.1:427.2,328.0:425.5,328.9:423.7,329.9:421.2,331.1:417.0,332.3:414.2,333.0:415.0,334.3:415.5,335.4:415.0,336.5:414.7,337.4:415.7,338.2:418.0,343.8:0.0,344.8:0.0,345.8:0.0,346.8:0.0,347.9:0.0,348.9:0.0,349.9:0.0,350.9:0.0,345.5:0.0,346.5:883.5,347.7:882.2,355.1:0.0,349.8:872.5,350.8:861.7,351.9:859.7,
353.0:668.0,354.1:670.2,355.2:672.2,356.1:673.7,357.2:675.5,358.2:678.2,359.2:681.0,0.3:683.5,1.3:686.0,2.2:687.7,3.4:690.5,4.3:694.7,5.3:699.5,6.3:703.7,7.2:709.7,8.5:712.5,9.3:717.5,10.3:725.5,11.3:730.2,12.4:736.7,19.5:0.0,20.5:0.0,15.4:750.7,16.5:763.5,17.4:769.7,24.6:0.0,25.6:0.0,26.6:0.0,27.7:0.0,22.5:0.0,29.7:0.0,30.7:0.0,31.8:0.0,32.8:0.0,33.8:0.0,34.9:0.0,35.9:0.0,36.9:0.0,37.9:0.0,39.0:0.0,40.0:0.0,41.0:0.0,42.1:0.0,43.1:0.0,44.1:0.0,45.2:0.0,46.2:0.0,47.2:0.0,48.2:0.0,49.3:0.0,50.3:0.0,51.3:0.0,52.3:0.0,53.4:0.0,54.4:0.0,55.4:0.0,56.5:0.0,57.5:0.0,58.5:0.0,59.5:0.0,60.6:0.0,61.6:0.0,62.6:0.0,63.6:0.0,64.7:0.0,65.7:0.0,66.7:0.0,67.7:0.0,68.7:0.0,63.0:0.0,70.8:0.0,71.8:0.0,66.0:1250.0,73.9:0.0,74.9:0.0,75.9:0.0,77.0:0.0,78.0:0.0,79.0:0.0,80.0:0.0,81.1:0.0,82.1:0.0,83.1:0.0,84.1:0.0,85.2:0.0,86.2:0.0,87.2:0.0,88.2:0.0,89.3:0.0,90.2:0.0,91.2:0.0,92.2:0.0,86.2:0.0,87.2:1655.0,88.2:1660.0,89.2:1667.7,90.2:1675.0,91.3:1682.0,92.2:1686.5,93.2:1692.5,94.3:1700.7,95.3:1710.2,96.4:1721.2,97.4:1730.2,98.3:1743.0,99.3:1754.7,100.4:1765.7,101.4:1777.2,102.5:1788.2,103.4:1803.5,104.4:1823.2,105.4:1846.2,106.5:1864.0,107.5:1878.5,108.5:1895.7,109.5:1914.0,117.8:0.0,118.8:0.0,119.8:0.0,120.9:0.0,121.9:0.0,122.9:0.0,123.9:0.0,125.0:0.0,126.0:0.0,127.0:0.0,121.0:0.0,122.0:1557.2,123.0:1550.5,131.1:0.0,132.1:0.0,133.1:0.0,134.2:0.0,135.2:0.0,136.2:0.0,137.2:0.0,138.3:0.0,139.3:0.0,140.4:0.0,141.4:0.0,142.4:0.0,136.1:0.0,137.2:2056.7,138.2:2030.7,139.2:2010.7,140.3:1996.5,141.3:1983.0,142.3:1966.0,143.4:1954.5,144.4:1943.7,145.4:1927.2,146.4:1913.0,147.5:1902.0,148.5:1893.0,149.5:1891.0,150.6:1882.7,151.6:1868.0,152.6:1863.2,153.7:1856.5,154.7:1846.5,155.7:1840.0,156.8:1835.2,157.8:1829.5,158.8:1827.2,159.8:1820.5,160.9:1815.5,161.9:1816.2,163.0:1818.0,164.0:1818.7,165.0:1818.7,166.0:1820.0,174.2:0.0,168.2:0.0,169.2:1533.2,170.2:1533.2,171.3:1523.2,172.3:1514.0,173.3:1516.5,174.4:1520.0,175.4:1527.7,176.4:1530.2,177.5:1532.0,178.5:1539.7,179.4:1546.2,180.5:1553.2,181.5:1558.5,182.5:1565.2,183.5:1569.2,184.5:1575.7,185.6:1587.7,186.6:1597.7,187.6:1609.2,188.7:1618.7,189.7:1638.0,190.7:1671.2,191.7:1693.7,199.9:0.0,200.9:0.0,201.9:0.0,202.9:0.0,204.0:0.0,205.0:0.0,206.0:0.0,207.0:0.0,208.1:0.0,209.1:0.0,210.2:0.0,211.2:0.0,212.2:0.0,213.2:0.0,214.3:0.0,215.3:0.0,216.3:0.0,217.3:0.0,218.4:0.0,219.4:0.0,214.0:0.0,221.5:0.0,222.5:0.0,223.5:0.0,224.5:0.0,225.6:0.0,226.6:0.0,227.6:0.0,222.3:0.0,223.3:858.2,230.7:0.0,231.7:0.0,226.5:0.0,227.5:823.7,228.6:817.2,229.6:808.0,230.6:801.2,231.7:796.0,232.8:789.5,233.8:783.7,234.9:779.0,235.8:774.2,236.9:771.2,237.9:767.2,238.9:761.7,240.0:757.5,241.0:755.2,242.1:751.7,243.0:747.7,244.1:743.5,245.2:739.5,246.1:739.5,247.2:739.7,248.2:737.2,249.2:735.5,250.3:733.7,251.3:732.2,252.4:732.0,253.3:731.5,254.4:732.0,255.4:732.0,256.4:732.0,257.5:733.5,258.4:733.7,259.4:732.7,260.5:733.5,261.6:735.7,262.5:736.7,263.7:738.0,264.7:740.5,265.6:743.2,266.7:746.5,273.7:0.0,268.7:0.0,269.7:785.2,270.6:787.0,271.7:791.5,278.8:0.0,279.9:0.0,280.9:0.0,281.9:0.0,282.8:0.0,283.8:0.0,284.9:0.0,285.9:0.0,286.9:0.0,287.9:0.0,288.9:0.0,290.0:0.0,291.0:0.0,292.0:0.0,293.0:0.0,294.0:0.0,295.1:0.0,296.1:0.0,297.1:0.0,298.1:0.0,299.1:0.0,300.2:0.0,301.2:0.0,302.2:0.0,303.2:0.0,304.2:0.0,305.3:0.0,306.4:0.0,307.4:0.0,308.4:0.0,309.5:0.0,310.5:0.0,311.5:0.0,310.0:0.0,312.4:260.7,312.7:0.0,313.9:253.0,315.8:251.5,315.3:248.5,317.1:246.5,318.2:245.2,319.1:244.2,319.5:244.0,321.0:244.7,322.5:244.5,323.0:244.7,325.3:246.2,326.9:0.0,327.9:0.0,328.9:0.0,330.0:0.0,331.0:0.0,332.0:0.0,333.1:0.0,334.1:0.0,335.1:0.0,336.2:0.0,337.2:0.0,338.2:0.0,339.2:0.0,340.2:0.0,341.3:0.0,342.3:0.0,343.3:0.0,344.4:0.0,345.4:0.0,346.4:0.0,347.5:0.0,342.5:0.0,343.7:692.7,344.6:690.7,345.7:692.2,352.6:0.0,347.8:0.0,348.7:666.2,349.8:666.5,350.8:665.2,352.0:666.2,
352.1:1776.2,353.2:1786.5,354.2:1802.0,355.2:1817.0,356.2:1832.0,357.2:1845.2,5.4:0.0,6.5:0.0,7.5:0.0,8.5:0.0,9.5:0.0,10.5:0.0,11.6:0.0,12.6:0.0,13.6:0.0,14.6:0.0,8.7:0.0,9.7:1404.5,17.7:0.0,18.7:0.0,19.7:0.0,20.7:0.0,21.8:0.0,22.8:0.0,23.8:0.0,24.8:0.0,25.9:0.0,26.9:0.0,27.9:0.0,28.9:0.0,29.9:0.0,31.0:0.0,32.0:0.0,25.8:0.0,26.8:1859.0,27.9:1832.5,28.8:1813.0,29.9:1799.0,30.9:1777.5,32.0:1752.0,33.0:1735.0,34.0:1720.7,35.1:1703.7,36.1:1687.2,37.1:1672.2,38.1:1660.7,39.2:1649.0,40.2:1637.2,41.2:1647.0,42.2:1637.5,43.3:1609.7,44.3:1602.5,45.3:1595.7,46.4:1587.2,47.4:1578.5,48.4:1571.0,49.5:1564.5,50.5:1558.7,51.5:1553.0,52.5:1550.2,53.5:1546.0,54.6:1542.7,55.5:1542.5,56.6:1538.0,57.6:1533.2,58.7:1530.5,59.6:1530.5,60.6:1539.5,61.8:0.0,62.8:1245.0,63.9:1245.7,64.8:1245.5,66.0:1233.7,66.9:1225.0,67.9:1225.5,68.9:1228.0,70.0:1231.2,71.0:1233.7,72.0:1235.7,73.0:1241.0,74.0:1247.0,75.0:1249.2,76.0:1252.0,77.1:1255.7,78.1:1261.5,79.1:1268.2,80.1:1274.2,81.1:1281.0,89.0:0.0,90.0:0.0,91.0:0.0,92.0:0.0,93.1:0.0,94.1:0.0,88.1:0.0,89.1:1395.5,97.1:0.0,91.2:0.0,99.2:0.0,100.2:0.0,101.2:0.0,102.2:0.0,103.2:0.0,104.2:0.0,105.2:0.0,106.3:0.0,107.3:0.0,108.3:0.0,109.3:0.0,110.3:0.0,111.4:0.0,112.4:0.0,113.4:0.0,114.4:0.0,115.4:0.0,116.4:0.0,111.1:0.0,118.5:0.0,119.5:0.0,114.2:0.0,115.2:814.5,116.2:807.0,123.5:0.0,124.6:0.0,119.5:0.0,126.6:0.0,127.6:0.0,122.6:757.5,123.6:743.2,124.7:737.5,125.7:731.5,126.7:725.5,127.7:720.5,128.8:712.5,129.8:705.2,130.8:701.0,131.8:698.0,132.9:693.7,134.0:689.5,135.0:687.2,136.0:683.7,137.1:680.2,138.2:678.7,139.1:676.0,140.0:672.7,141.2:671.2,142.2:670.2,143.3:667.7,144.2:665.7,145.2:664.0,146.3:662.0,147.3:660.7,148.3:660.5,149.4:659.7,150.3:659.2,151.4:659.7,152.3:660.2,153.4:659.5,154.4:658.5,155.5:659.2,156.5:660.5,157.5:661.5,158.6:663.0,159.6:665.5,160.7:666.7,161.5:668.2,162.5:670.2,163.7:672.7,164.6:675.2,165.7:677.5,166.6:681.2,167.7:686.5,168.7:690.2,169.7:692.2,170.7:694.2,171.7:699.0,172.7:704.5,173.7:710.0,174.6:715.5,175.7:719.7,176.7:724.7,177.8:732.2,178.7:741.2,185.8:0.0,186.8:0.0,181.6:755.5,182.8:767.7,189.9:0.0,184.6:0.0,191.9:0.0,186.6:0.0,193.9:0.0,195.0:0.0,189.7:841.2,197.0:0.0,198.0:0.0,199.0:0.0,200.0:0.0,201.1:0.0,202.1:0.0,203.1:0.0,204.1:0.0,205.1:0.0,206.2:0.0,207.2:0.0,208.2:0.0,209.2:0.0,204.6:0.0,205.6:620.7,206.8:609.0,207.7:603.2,208.8:597.7,215.4:0.0,210.8:586.0,217.4:0.0,218.5:0.0,219.5:0.0,215.2:0.0,216.2:552.0,217.1:547.5,218.2:542.5,219.2:538.5,220.3:534.5,221.4:530.7,222.6:527.5,223.4:523.7,224.4:518.7,225.4:516.5,226.7:515.2,227.6:513.0,228.5:510.0,229.7:507.5,230.5:506.2,231.7:504.5,232.7:501.7,233.6:501.0,234.8:502.0,235.7:502.0,236.8:502.2,237.6:504.5,243.9:0.0,244.9:0.0,245.9:0.0,246.9:0.0,247.9:0.0,249.0:0.0,243.5:0.0,244.5:974.0,245.5:974.7,253.0:0.0,247.6:962.7,248.6:949.0,249.6:948.5,250.6:951.7,251.6:954.2,252.6:957.5,253.7:961.2,254.8:964.5,255.7:968.5,256.7:972.0,257.8:976.7,258.8:981.7,259.8:985.7,260.8:990.0,261.7:997.5,262.8:1006.5,263.8:1013.2,264.8:1019.2,265.8:1026.0,266.8:1032.0,267.8:1038.0,275.5:0.0,276.5:0.0,277.5:0.0,278.5:0.0,272.9:0.0,280.6:0.0,281.6:0.0,282.5:0.0,283.5:0.0,284.5:0.0,285.5:0.0,286.5:0.0,287.6:0.0,288.6:0.0,289.6:0.0,290.6:0.0,291.6:0.0,292.6:0.0,293.6:0.0,294.7:0.0,295.7:0.0,296.7:0.0,297.7:0.0,298.7:0.0,299.7:0.0,300.7:0.0,301.7:0.0,302.8:0.0,303.8:0.0,304.8:0.0,305.8:0.0,306.9:0.0,307.9:0.0,309.0:0.0,310.0:0.0,311.0:0.0,312.0:0.0,313.0:0.0,314.0:0.0,308.1:0.0,309.1:1402.0,317.1:0.0,311.2:1399.5,312.2:1396.0,313.2:1400.2,314.2:1407.0,322.2:0.0,323.2:0.0,324.2:0.0,325.2:0.0,326.2:0.0,327.3:0.0,328.3:0.0,322.3:0.0,323.3:1530.5,331.4:0.0,325.4:1548.7,333.4:0.0,334.5:0.0,328.3:0.0,336.5:0.0,330.4:0.0,330.9:0.0,332.4:0.0,333.4:1695.7,334.5:1697.0,335.4:1698.5,336.5:1699.7,337.5:1700.2,338.5:1702.2,339.5:1703.2,340.5:1703.0,341.6:1705.2,342.5:1713.2,343.6:1719.7,344.6:1721.7,345.7:1728.0,346.6:1736.0,347.7:1744.5,348.7:1751.5,349.8:1757.2,350.8:1765.5,
352.5:1594.2,353.5:1604.5,354.5:1613.0,355.5:1623.0,356.5:1634.7,357.6:1641.2,5.7:0.0,6.7:0.0,7.8:0.0,8.8:0.0,9.8:0.0,10.8:0.0,11.9:0.0,12.9:0.0,13.9:0.0,14.9:0.0,9.1:0.0,17.0:0.0,11.2:0.0,19.0:0.0,20.0:0.0,21.1:0.0,22.1:0.0,23.1:0.0,24.1:0.0,25.1:0.0,26.2:0.0,27.2:0.0,28.2:0.0,29.2:0.0,30.2:0.0,31.3:0.0,32.3:0.0,33.3:0.0,34.3:0.0,35.4:0.0,29.2:0.0,30.3:1682.5,31.3:1663.0,32.3:1645.7,33.4:1627.2,34.4:1614.2,35.5:1601.0,36.6:1586.2,37.5:1573.0,38.6:1560.7,39.6:1549.0,40.6:1537.0,41.7:1526.0,42.7:1516.7,43.7:1508.5,44.8:1499.2,45.8:1497.0,46.9:1497.2,47.8:1485.2,48.9:1471.2,50.0:1462.2,51.0:1455.2,52.0:1451.5,53.0:1450.5,54.0:1449.2,55.1:1447.2,56.1:1443.7,57.1:1439.7,58.1:1438.2,59.1:1437.5,60.1:1438.2,61.2:1439.0,62.2:1439.7,63.2:1439.5,64.2:1439.5,65.2:1439.2,66.2:1442.0,67.3:1448.7,75.3:0.0,76.3:0.0,70.5:0.0,71.6:1171.0,72.6:1175.7,73.6:1177.2,74.7:1168.2,75.7:1163.0,76.7:1168.7,77.7:1172.5,78.7:1176.2,79.8:1181.0,80.7:1190.5,81.7:1198.0,82.8:1202.7,90.6:0.0,91.6:0.0,92.6:0.0,93.6:0.0,94.6:0.0,95.6:0.0,96.7:0.0,97.7:0.0,98.7:0.0,99.7:0.0,100.7:0.0,101.8:0.0,102.8:0.0,103.8:0.0,104.8:0.0,105.8:0.0,106.9:0.0,107.9:0.0,108.9:0.0,109.9:0.0,110.9:0.0,112.0:0.0,113.0:0.0,114.0:0.0,115.0:0.0,116.0:0.0,117.0:0.0,118.0:0.0,119.1:0.0,120.1:0.0,121.1:0.0,122.1:0.0,123.1:0.0,124.2:0.0,125.2:0.0,126.2:0.0,120.7:0.0,128.2:0.0,129.2:0.0,130.3:0.0,124.9:0.0,125.9:925.0,126.9:917.7,128.0:909.2,129.0:902.7,130.0:895.0,137.4:0.0,132.1:883.7,133.1:877.5,134.2:874.2,135.2:869.5,136.2:864.7,137.2:860.5,138.4:856.0,139.3:851.5,140.5:849.0,141.3:846.7,142.5:843.7,143.5:842.0,144.5:840.5,145.5:839.5,146.6:837.5,147.5:833.7,148.6:831.7,149.6:832.2,150.6:833.5,151.7:833.2,152.7:831.5,153.7:832.7,154.7:834.5,155.8:834.0,156.8:834.5,157.8:835.7,158.8:837.2,159.8:839.7,160.9:841.7,161.9:842.7,163.0:845.2,163.9:848.0,165.0:851.2,166.0:854.2,166.9:857.2,167.9:862.0,169.1:866.5,170.0:873.5,171.0:879.7,172.1:884.0,173.1:890.2,174.0:897.5,175.2:901.0,176.0:906.2,177.2:913.7,184.6:0.0,185.6:0.0,186.5:0.0,181.1:0.0,182.0:955.5,189.6:0.0,184.0:0.0,185.0:1024.7,186.0:1033.0,193.6:0.0,194.7:0.0,195.7:0.0,196.7:0.0,197.7:0.0,198.7:0.0,199.8:0.0,200.8:0.0,201.8:0.0,202.8:0.0,203.8:0.0,204.9:0.0,205.9:0.0,200.8:0.0,207.9:0.0,208.9:0.0,210.1:0.0,211.1:0.0,212.1:0.0,207.1:0.0,208.3:706.5,209.3:700.7,216.2:0.0,211.3:0.0,212.3:672.2,213.5:665.7,214.5:660.2,215.6:654.0,216.7:648.2,217.6:644.2,218.6:641.5,219.7:637.5,220.6:634.0,221.7:630.5,222.8:630.0,223.8:632.7,230.5:0.0,231.5:0.0,232.6:0.0,233.6:0.0,234.6:0.0,235.6:0.0,236.6:0.0,237.6:0.0,238.6:0.0,239.7:0.0,234.1:0.0,235.1:1067.7,236.1:1065.5,237.2:0.0,238.2:1031.7,239.2:1034.5,240.3:1031.0,241.3:1029.0,242.3:1029.2,243.3:1028.0,244.3:1029.0,245.4:1031.2,246.3:1032.0,247.4:1030.7,248.4:1031.7,249.3:1035.5,250.4:1039.0,251.5:1040.2,252.4:1043.0,253.4:1049.2,254.5:1051.0,255.5:1052.5,256.6:1059.2,257.5:1065.5,258.5:1069.0,259.5:1074.5,260.6:1080.5,261.5:1084.0,262.6:1087.7,263.6:1092.7,264.7:1102.0,272.3:0.0,273.3:0.0,274.4:0.0,275.4:0.0,276.4:0.0,270.6:0.0,271.7:1170.2,272.7:1178.7,280.5:0.0,281.5:0.0,282.4:0.0,283.5:0.0,284.5:0.0,285.5:0.0,286.5:0.0,287.5:0.0,288.5:0.0,289.5:0.0,290.6:0.0,291.6:0.0,292.6:0.0,293.6:0.0,294.6:0.0,295.6:0.0,296.7:0.0,297.7:0.0,298.7:0.0,299.7:0.0,300.7:0.0,301.7:0.0,302.7:0.0,303.8:0.0,297.6:0.0,305.8:0.0,306.9:0.0,308.0:0.0,302.1:0.0,303.1:1288.5,304.1:1287.2,305.2:1276.5,306.2:1269.5,307.2:1274.5,308.2:1280.5,309.2:1285.0,310.2:1293.0,311.3:1300.2,319.2:0.0,320.2:0.0,321.2:0.0,322.2:0.0,323.2:0.0,324.3:0.0,318.4:0.0,319.4:1366.5,320.4:1379.7,328.4:0.0,329.4:0.0,330.5:0.0,331.5:0.0,325.5:0.0,333.5:0.0,334.6:0.0,335.6:0.0,329.5:1514.2,330.6:1521.2,331.6:1517.2,332.6:1515.2,333.6:1516.0,334.7:1518.5,335.7:1518.0,336.7:1516.0,337.8:1517.2,338.8:1519.0,339.8:1522.2,340.8:1527.0,341.8:1528.5,342.9:1531.7,343.9:1538.2,344.9:1542.7,345.9:1546.2,347.0:1550.2,347.9:1556.7,349.0:1562.0,350.0:1568.0,351.0:1579.7,
352.2:1300.7,353.2:1308.5,354.2:1315.0,355.2:1323.0,356.3:1333.7,357.2:1347.7,5.2:0.0,6.3:0.0,7.3:0.0,8.3:0.0,9.3:0.0,10.4:0.0,11.4:0.0,12.4:0.0,13.4:0.0,14.5:0.0,15.5:0.0,16.5:0.0,17.5:0.0,12.0:0.0,19.6:0.0,14.1:0.0,15.1:931.5,22.7:0.0,23.7:0.0,24.7:0.0,25.7:0.0,26.7:0.0,27.8:0.0,28.8:0.0,29.8:0.0,30.8:0.0,31.9:0.0,32.9:0.0,33.9:0.0,35.0:0.0,36.0:0.0,37.0:0.0,38.0:0.0,39.0:0.0,40.1:0.0,41.1:0.0,35.2:0.0,36.2:1435.0,37.2:1420.5,38.2:1409.2,39.3:1396.0,40.3:1384.7,41.4:1376.2,42.4:1366.2,43.4:1359.2,44.4:1352.0,45.5:1345.7,46.5:1339.2,47.6:1330.2,48.6:1323.0,49.6:1318.5,50.7:1313.2,51.7:1308.2,52.7:1305.7,53.7:1304.2,54.8:1304.2,55.8:1317.7,56.8:1315.2,57.8:1298.5,58.8:1295.7,59.8:1293.7,60.8:1293.7,61.8:1292.0,62.8:1292.7,63.9:1295.0,64.9:1296.0,65.9:1298.2,66.9:1300.0,67.9:1301.5,69.0:1304.2,70.0:1306.0,71.0:1308.7,72.0:1314.0,73.0:1319.7,74.1:1326.2,75.1:1330.5,76.1:1335.0,77.1:1343.2,78.2:1351.2,86.1:0.0,87.1:0.0,88.1:0.0,89.1:0.0,90.2:0.0,91.2:0.0,85.5:0.0,93.2:0.0,94.2:0.0,95.3:0.0,89.5:1121.7,97.3:0.0,98.3:0.0,99.4:0.0,93.7:0.0,94.6:1176.2,102.4:0.0,103.4:0.0,104.5:0.0,105.5:0.0,106.5:0.0,107.5:0.0,108.5:0.0,109.6:0.0,110.6:0.0,111.6:0.0,112.6:0.0,113.7:0.0,114.7:0.0,115.7:0.0,116.7:0.0,117.7:0.0,118.7:0.0,119.8:0.0,120.8:0.0,121.8:0.0,122.8:0.0,123.8:0.0,124.9:0.0,125.9:0.0,126.9:0.0,127.9:0.0,128.9:0.0,130.0:0.0,131.0:0.0,132.0:0.0,133.0:0.0,134.0:0.0,128.3:1181.5,129.4:1177.5,130.3:1169.7,131.5:1161.5,132.4:1153.2,133.5:1146.2,134.5:1138.7,142.3:0.0,136.6:1130.2,137.6:1123.7,138.7:1119.7,139.7:1115.0,140.7:1110.0,141.7:1105.2,142.7:1100.0,143.8:1095.2,144.8:1094.2,145.8:1094.5,146.8:1093.0,147.9:1091.0,148.8:1090.7,149.9:1090.7,150.9:1091.2,151.9:1090.5,153.0:1089.2,154.0:1089.7,155.0:1091.5,156.2:1093.2,157.2:1093.7,158.2:1094.2,159.1:1095.2,160.2:1099.2,161.2:1103.2,162.2:1104.7,163.3:1108.2,164.2:1112.5,165.2:1117.0,166.3:1123.7,167.4:1127.2,168.4:1131.5,169.4:1140.7,170.3:1147.2,171.4:1151.5,172.4:1159.5,173.4:1169.7,174.4:1178.2,175.4:1186.0,176.4:1193.7,184.3:0.0,185.3:0.0,186.3:0.0,187.3:0.0,188.4:0.0,189.4:0.0,190.4:0.0,191.4:0.0,192.5:0.0,193.5:0.0,194.5:0.0,195.5:0.0,196.5:0.0,197.6:0.0,198.6:0.0,199.6:0.0,200.6:0.0,201.7:0.0,202.7:0.0,203.7:0.0,204.7:0.0,205.8:0.0,206.8:0.0,207.8:0.0,208.8:0.0,209.8:0.0,210.9:0.0,212.0:0.0,206.7:0.0,207.7:870.7,208.7:869.2,209.8:869.7,210.7:872.0,218.1:0.0,219.1:0.0,220.2:0.0,221.2:0.0,222.2:0.0,223.2:0.0,224.2:0.0,225.3:0.0,226.3:0.0,227.3:0.0,228.4:0.0,229.4:0.0,223.6:0.0,224.6:1248.0,232.5:0.0,226.7:0.0,227.6:1202.2,228.7:1199.5,229.7:1192.2,230.8:1186.7,231.8:1180.2,232.8:1174.7,233.9:1171.7,234.8:1169.5,235.9:1167.2,236.9:1164.7,237.9:1164.5,238.9:1163.5,240.0:1161.7,241.0:1160.7,242.0:1158.5,243.0:1158.5,244.1:1159.7,245.1:1161.7,246.1:1163.0,247.1:1162.7,248.2:1165.0,249.2:1168.0,250.2:1169.2,251.3:1170.0,252.2:1173.2,253.2:1178.7,254.2:1182.0,255.3:1187.2,256.3:1195.0,257.4:1199.0,258.3:1203.0,259.3:1208.2,260.4:1211.7,268.2:0.0,262.5:1224.7,270.3:0.0,271.3:0.0,265.4:1246.0,266.5:1261.2,267.5:1269.2,275.4:0.0,276.4:0.0,277.4:0.0,278.4:0.0,279.5:0.0,280.5:0.0,281.5:0.0,282.4:0.0,283.5:0.0,284.5:0.0,285.5:0.0,286.5:0.0,287.5:0.0,288.6:0.0,289.6:0.0,290.6:0.0,291.6:0.0,292.6:0.0,293.7:0.0,294.7:0.0,295.7:0.0,289.9:0.0,291.0:1147.5,292.1:1148.0,293.1:1132.2,294.1:1117.5,295.1:1117.2,296.1:1119.2,297.1:1122.5,298.1:1125.7,299.2:1129.0,300.3:1129.2,301.3:1131.2,302.4:1135.7,303.3:1137.7,304.4:1140.0,305.4:1144.2,306.4:1147.5,307.4:1153.2,308.4:1159.2,309.4:1164.5,310.4:1168.2,311.5:1176.5,312.5:1183.5,313.5:1187.0,314.5:1195.7,322.3:0.0,323.3:0.0,317.6:1215.2,318.5:1249.2,319.5:1272.7,327.4:0.0,328.5:0.0,329.5:0.0,323.7:1273.7,324.7:1269.5,325.7:1265.7,326.7:1262.5,327.8:1259.7,328.8:1256.2,329.9:1255.2,330.9:1252.5,331.8:1249.2,333.0:1246.7,334.0:1245.5,335.0:1248.2,336.0:1248.5,337.0:1249.5,338.0:1251.7,339.0:1253.2,340.1:1254.0,341.1:1255.7,342.1:1257.7,343.2:1259.2,344.2:1263.2,345.2:1267.5,346.2:1270.7,347.2:1275.0,348.3:1278.7,349.3:1283.7,350.3:1289.2,351.3:1295.2,
352.2:937.2,353.4:943.2,354.3:948.5,355.3:955.0,356.3:964.5,357.2:978.5,4.8:0.0,5.8:0.0,6.9:0.0,7.9:0.0,8.9:0.0,9.9:0.0,10.9:0.0,11.9:0.0,12.9:0.0,13.9:0.0,15.0:0.0,16.0:0.0,17.0:0.0,18.0:0.0,19.0:0.0,20.0:0.0,15.3:0.0,22.0:0.0,23.0:0.0,18.4:0.0,25.1:0.0,20.5:589.0,27.1:0.0,22.7:573.2,23.6:567.5,24.7:567.7,25.7:566.0,26.6:566.7,33.2:0.0,34.2:0.0,35.2:0.0,36.2:0.0,37.2:0.0,38.2:0.0,39.2:0.0,40.2:0.0,41.2:0.0,42.3:0.0,43.4:0.0,44.4:0.0,45.4:0.0,46.4:0.0,47.4:0.0,48.4:0.0,49.5:0.0,50.5:0.0,51.5:0.0,45.7:0.0,46.8:1151.0,47.7:1143.2,48.8:1137.2,49.8:1134.5,50.9:1129.5,51.9:1124.5,52.9:1122.2,53.9:1120.0,54.9:1117.7,56.0:1116.0,57.0:1115.0,58.0:1115.0,59.0:1113.5,59.9:1111.5,61.0:1111.2,61.9:1112.7,62.9:1112.7,64.0:1112.7,65.0:1113.7,66.0:1113.7,67.0:1115.2,68.1:1118.0,69.0:1120.2,70.0:1122.7,71.0:1130.7,72.0:1147.2,73.0:1152.5,74.1:1144.7,75.0:1145.7,76.1:1151.7,77.0:1159.2,78.0:1164.7,79.1:1170.5,80.0:1176.7,81.0:1181.2,82.1:1188.7,83.1:1198.0,84.1:1209.2,85.0:1218.7,86.0:1226.0,87.1:1235.2,88.0:1248.7,89.0:1262.2,90.0:1272.2,91.0:1284.2,92.0:1298.2,93.0:1311.2,94.0:1326.5,101.9:0.0,103.0:0.0,104.0:0.0,105.0:0.0,106.0:0.0,107.0:0.0,108.0:0.0,109.0:0.0,110.0:0.0,104.3:0.0,112.0:0.0,113.0:0.0,107.3:1180.2,115.0:0.0,116.0:0.0,117.1:0.0,118.1:0.0,119.1:0.0,120.1:0.0,121.1:0.0,122.1:0.0,123.1:0.0,124.1:0.0,125.1:0.0,126.1:0.0,127.1:0.0,128.2:0.0,129.2:0.0,123.1:0.0,131.2:0.0,125.1:0.0,133.2:0.0,127.1:1585.0,128.2:1563.7,129.1:1555.0,130.2:1546.2,131.2:1539.2,132.2:1529.7,133.2:1519.7,134.3:1513.5,135.3:1504.0,136.3:1497.0,137.3:1490.2,138.3:1479.0,139.3:1473.0,140.4:1465.5,148.4:0.0,149.4:0.0,150.4:0.0,151.4:0.0,145.4:1453.2,146.5:1441.7,147.5:1438.0,148.5:1440.2,149.5:1438.0,150.5:1438.5,151.5:1435.5,159.5:0.0,153.5:1433.2,154.6:1437.0,162.6:0.0,163.6:0.0,164.6:0.0,158.6:1445.0,159.6:1454.7,160.6:1458.7,168.7:0.0,162.7:1463.7,163.7:1470.2,164.7:1477.7,165.7:1486.7,166.7:1495.7,167.7:1499.7,168.7:1507.2,169.8:1517.2,170.7:1523.7,171.7:1532.2,172.7:1540.7,173.7:1548.0,174.8:1559.0,175.7:1572.5,176.8:1588.2,184.9:0.0,178.7:1608.2,179.7:1628.7,180.7:1640.5,188.9:0.0,189.9:0.0,183.7:1668.7,191.9:0.0,192.9:0.0,193.9:0.0,194.9:0.0,195.9:0.0,196.9:0.0,197.9:0.0,199.0:0.0,200.0:0.0,201.0:0.0,202.0:0.0,203.0:0.0,204.0:0.0,205.0:0.0,199.2:0.0,200.2:1212.5,208.0:0.0,209.0:0.0,210.1:0.0,211.1:0.0,212.2:0.0,213.2:0.0,214.2:0.0,215.2:0.0,216.2:0.0,217.2:0.0,218.2:0.0,212.2:0.0,213.2:1556.0,221.3:0.0,222.3:0.0,223.3:0.0,224.3:0.0,225.3:0.0,226.3:0.0,227.4:0.0,228.4:0.0,222.4:0.0,223.4:1402.2,224.4:1396.0,225.4:1388.0,226.5:1382.2,227.5:1378.5,228.5:1372.0,229.5:1365.2,230.5:1361.2,231.5:1357.5,232.6:1354.2,233.6:1348.5,234.6:1342.7,235.6:1340.2,236.6:1338.7,237.6:1337.2,238.6:1335.5,239.6:1335.0,240.7:1334.0,241.7:1334.2,242.7:1335.2,243.7:1336.2,244.7:1338.2,245.8:1338.0,246.7:1335.7,247.8:1336.2,248.8:1338.5,249.8:1341.0,250.8:1344.5,251.7:1348.5,252.8:1353.5,253.7:1360.7,254.7:1364.0,255.7:1368.5,256.8:1377.5,257.8:1381.0,258.8:1384.0,259.8:1392.0,260.8:1400.2,261.8:1407.7,269.8:0.0,270.8:0.0,271.8:0.0,272.8:0.0,273.8:0.0,274.8:0.0,275.9:0.0,270.3:0.0,271.3:1060.5,272.2:1052.5,273.4:0.0,274.4:1013.5,275.3:1008.5,276.3:1003.2,277.3:997.0,278.3:993.5,279.4:991.2,280.3:986.7,281.4:981.7,282.3:978.2,283.4:974.0,284.3:970.5,285.4:971.5,286.4:970.0,287.4:966.7,288.4:966.5,289.4:965.5,290.4:963.0,291.4:962.7,292.4:961.7,293.5:961.7,294.4:962.0,295.5:960.2,296.5:962.7,297.5:964.7,298.4:965.5,299.6:968.0,300.6:970.5,301.7:973.5,302.6:0.0,303.5:1008.0,304.6:1008.5,305.6:1012.5,313.2:0.0,314.2:0.0,307.6:0.0,309.7:0.0,310.7:978.0,311.8:972.0,312.8:965.7,313.8:958.2,314.8:951.7,315.8:945.7,316.8:940.5,317.8:934.7,318.9:928.5,319.9:923.5,320.9:920.0,322.0:916.7,323.0:913.5,324.0:910.0,325.0:907.2,326.0:904.0,327.1:901.2,328.1:900.2,329.1:898.0,330.1:895.5,331.1:894.2,332.1:892.7,333.1:892.2,334.2:893.2,335.1:893.0,336.1:892.2,337.2:892.5,338.2:893.5,339.3:894.5,340.2:897.0,341.2:899.7,342.2:901.7,343.2:904.2,344.3:906.7,345.3:908.7,346.2:911.2,347.2:915.7,348.2:920.0,349.2:923.0,350.3:927.2,351.3:931.7,
353.0:756.0,354.1:760.0,355.1:764.7,356.0:770.5,3.3:0.0,4.3:0.0,5.3:0.0,6.3:0.0,7.4:0.0,8.4:0.0,9.4:0.0,10.4:0.0,11.4:0.0,12.5:0.0,13.5:0.0,14.5:0.0,15.5:0.0,16.5:0.0,17.6:0.0,18.6:0.0,19.6:0.0,20.6:0.0,21.6:0.0,22.7:0.0,23.7:0.0,24.7:0.0,25.7:0.0,26.7:0.0,22.9:0.0,24.3:438.7,25.1:433.5,30.8:0.0,27.2:0.0,32.9:0.0,33.9:0.0,30.7:413.0,31.6:406.0,32.5:401.5,33.9:398.7,34.5:397.0,35.9:396.0,36.5:397.0,37.6:398.5,38.6:400.5,44.1:0.0,45.1:0.0,46.1:0.0,47.2:0.0,48.2:0.0,49.2:0.0,50.2:0.0,51.2:0.0,52.3:0.0,53.3:0.0,54.3:0.0,55.3:0.0,56.4:0.0,57.4:0.0,58.4:0.0,59.4:0.0,53.8:0.0,54.8:1033.7,55.9:1031.2,56.9:1028.7,57.9:1026.2,58.9:1026.0,59.9:1026.0,60.9:1025.0,61.9:1023.0,63.0:1024.0,64.1:1026.5,65.1:1026.0,66.0:1026.7,67.0:1030.0,68.1:1032.5,69.1:1034.2,70.1:1035.7,71.2:1037.5,72.2:1041.0,73.2:1044.7,74.2:1047.2,75.2:1051.5,76.2:1055.7,77.2:1060.7,78.2:1067.0,79.2:1073.0,80.3:1079.2,81.2:0.0,82.2:1118.5,83.2:1111.0,84.3:1112.5,85.2:1119.2,86.3:1127.2,87.3:1136.2,88.2:1147.0,89.3:1157.5,90.3:1169.7,91.3:1180.5,92.3:1192.2,93.3:1209.5,94.2:1223.5,95.3:1235.5,96.3:1249.2,97.3:1265.0,98.3:1284.5,99.3:1301.2,100.3:1319.0,101.3:1340.7,102.2:1361.7,110.3:0.0,111.3:0.0,112.3:0.0,113.3:0.0,114.3:0.0,115.3:0.0,116.4:0.0,117.4:0.0,118.4:0.0,119.4:0.0,120.4:0.0,121.5:0.0,115.6:0.0,123.5:0.0,124.5:0.0,125.5:0.0,126.5:0.0,127.5:0.0,128.6:0.0,129.6:0.0,130.6:0.0,131.6:0.0,132.6:0.0,133.7:0.0,127.5:0.0,128.5:1790.2,129.6:1762.5,130.5:1733.0,131.6:1723.0,132.6:1712.5,133.6:1696.2,134.7:1685.5,135.7:1677.2,136.7:1665.2,137.7:1661.5,138.8:1656.2,139.8:1644.0,140.8:1640.2,141.8:1635.0,142.8:1628.7,143.8:1628.2,144.9:1624.0,145.9:1617.7,146.9:1616.7,147.9:1618.7,149.0:1613.0,149.9:1610.5,151.0:1614.7,152.0:1612.5,153.0:1612.2,154.0:1612.5,155.1:1615.0,156.2:1614.5,157.2:1617.5,158.2:1622.5,159.2:1625.7,160.2:1633.0,161.2:1633.0,162.3:1635.7,163.3:1644.2,164.3:1651.2,165.3:1657.0,166.3:1667.0,167.3:1679.5,168.4:1687.0,169.4:1695.0,170.4:1705.5,171.4:1718.0,172.4:1729.2,173.5:1739.2,174.5:1750.0,175.4:1765.0,176.5:1778.7,177.5:1786.2,185.7:0.0,186.7:0.0,187.7:0.0,181.5:0.0,189.7:0.0,190.7:0.0,191.8:0.0,192.8:0.0,193.8:0.0,194.8:0.0,195.9:0.0,196.9:0.0,197.9:0.0,198.9:0.0,199.9:0.0,201.0:0.0,194.9:0.0,203.0:0.0,197.1:1408.7,205.0:0.0,206.0:0.0,207.1:0.0,208.1:0.0,209.1:0.0,210.2:0.0,211.2:0.0,212.2:0.0,213.2:0.0,214.3:0.0,215.3:0.0,209.1:0.0,210.2:1719.5,211.2:0.0,212.2:1636.5,213.3:1622.0,214.3:1608.0,222.4:0.0,216.4:1587.7,217.4:1567.0,218.4:1553.5,219.5:1542.2,220.5:1534.2,221.5:1525.0,222.6:1515.2,223.6:1508.5,224.6:1498.5,225.7:1486.0,226.7:1480.2,227.7:1473.0,235.7:0.0,229.7:1462.5,237.7:0.0,231.8:1452.7,239.7:0.0,233.8:1440.7,234.8:1432.7,235.8:1427.5,236.8:1423.7,237.9:1422.5,238.9:1419.2,239.9:1419.2,241.0:1418.5,242.0:1415.7,243.0:1420.0,244.0:1419.0,245.0:1414.7,246.0:1416.7,247.0:1418.7,248.1:1421.7,249.0:1428.0,250.1:1432.2,251.1:1434.5,259.1:0.0,260.2:0.0,254.1:1450.2,255.2:1465.0,256.2:1470.7,257.2:1476.7,258.2:1480.7,266.3:0.0,267.3:0.0,268.3:0.0,262.8:0.0,270.3:0.0,271.4:0.0,265.9:1002.7,273.4:0.0,267.9:976.7,268.9:961.5,270.0:954.7,271.0:948.5,272.0:943.5,273.0:938.0,274.1:931.0,275.1:926.7,276.1:921.7,277.1:917.0,278.1:914.7,279.2:910.7,280.1:906.0,281.1:903.0,282.2:899.7,283.2:896.2,284.2:893.0,285.2:889.7,286.3:888.0,287.3:887.0,288.3:885.5,289.3:884.5,290.4:885.0,291.4:882.0,292.4:0.0,293.3:913.7,294.4:911.7,295.4:910.5,296.4:911.2,303.8:0.0,304.8:0.0,299.5:0.0,300.6:866.2,301.7:856.2,302.7:846.5,303.7:837.0,304.7:827.7,305.9:819.0,306.7:810.5,307.9:803.2,308.8:796.7,309.9:791.0,311.0:786.0,312.0:779.7,313.0:772.2,314.1:766.5,315.1:761.7,316.1:757.0,317.1:752.7,318.2:748.7,319.2:745.7,320.2:742.2,321.2:738.5,322.3:735.2,323.2:732.0,324.4:729.2,325.5:727.5,326.4:725.2,327.5:722.5,328.5:721.0,329.4:720.0,330.6:719.0,331.7:717.2,332.7:717.2,333.5:718.5,334.5:717.7,335.6:716.5,336.7:717.0,337.6:718.0,338.7:718.7,339.7:719.2,340.8:720.0,341.8:721.5,342.7:723.2,343.9:725.5,344.8:727.7,345.9:730.5,346.7:733.2,347.8:736.2,348.9:740.5,349.9:743.2,350.9:746.0,351.9:750.2,
351.9:1171.7,352.9:1170.5,353.9:1167.2,354.9:1164.5,356.0:1165.5,357.0:1166.7,357.9:1167.5,359.0:1167.5,0.0:1168.0,1.0:1168.7,2.0:1177.2,3.0:1192.2,4.1:1190.7,5.0:1181.5,6.0:1180.2,7.1:1183.5,8.0:1189.5,9.1:1193.2,10.1:1198.2,11.1:1205.2,12.2:1212.0,13.1:1219.0,14.2:1226.2,15.2:1232.5,16.1:1238.7,17.2:1245.2,18.2:1253.7,19.2:1262.7,20.2:1272.7,21.2:1285.7,22.2:1294.7,23.2:1300.2,24.2:1312.0,25.2:1329.7,33.1:0.0,34.1:0.0,35.2:0.0,36.2:0.0,37.2:0.0,38.2:0.0,39.2:0.0,40.2:0.0,34.5:0.0,42.3:0.0,43.3:0.0,44.3:0.0,38.5:1155.5,46.4:0.0,47.4:0.0,48.4:0.0,49.4:0.0,50.4:0.0,51.4:0.0,52.5:0.0,53.5:0.0,54.5:0.0,55.5:0.0,56.5:0.0,57.5:0.0,58.5:0.0,59.6:0.0,60.6:0.0,61.6:0.0,62.6:0.0,63.6:0.0,64.6:0.0,58.6:0.0,59.5:1527.5,67.6:0.0,68.7:0.0,69.7:0.0,70.7:0.0,71.7:0.0,72.7:0.0,73.7:0.0,67.7:0.0,68.8:1408.2,69.8:1401.5,70.8:1396.0,71.9:1387.0,72.8:1382.2,73.8:1378.7,74.9:1375.0,75.9:1368.2,76.9:1361.2,78.0:1359.2,79.0:1356.0,80.0:1353.0,81.0:1350.5,82.0:1346.7,83.0:1345.0,84.0:1344.5,85.0:1344.0,86.0:1340.7,87.0:1338.7,88.0:1339.5,89.0:1341.7,90.0:1343.7,91.0:1342.5,92.0:1345.7,93.1:1350.0,94.0:1348.7,95.1:1353.0,96.1:1361.0,97.1:1364.2,98.1:1365.5,99.1:1369.7,100.1:1374.0,101.1:1377.7,102.2:1383.5,103.2:1390.5,104.1:1397.2,105.2:1404.5,113.1:0.0,114.2:0.0,115.2:0.0,116.2:0.0,117.2:0.0,118.2:0.0,119.2:0.0,113.2:0.0,114.2:1516.0,115.2:1532.2,116.2:1539.0,117.2:0.0,125.3:0.0,126.3:0.0,127.3:0.0,128.3:0.0,129.3:0.0,130.3:0.0,131.3:0.0,132.4:0.0,133.4:0.0,134.4:0.0,135.4:0.0,136.4:0.0,137.4:0.0,138.5:0.0,139.5:0.0,140.5:0.0,134.7:0.0,142.5:0.0,136.8:1132.5,137.8:1118.2,145.5:0.0,146.6:0.0,147.6:0.0,148.6:0.0,149.6:0.0,150.6:0.0,151.6:0.0,152.6:0.0,153.6:0.0,154.7:0.0,155.7:0.0,156.7:0.0,157.7:0.0,151.7:0.0,159.7:0.0,153.8:0.0,154.8:1390.2,155.9:1383.7,156.9:1375.0,164.9:0.0,159.0:1361.7,160.0:1347.2,167.9:0.0,168.9:0.0,163.1:1334.0,171.0:0.0,172.0:0.0,173.0:0.0,167.1:1316.7,168.2:1303.2,169.1:1297.7,170.1:1295.2,171.2:1296.0,172.2:1291.2,173.2:1287.5,174.3:1286.2,175.3:1283.5,176.3:1283.5,177.3:1283.0,178.3:1283.5,179.2:1284.0,180.3:1284.7,181.3:1285.0,182.3:1284.7,183.3:1289.7,184.4:1292.7,185.3:1290.5,186.4:1295.2,187.3:1302.5,188.4:1303.7,189.3:1306.0,197.3:0.0,198.3:0.0,199.3:0.0,200.3:0.0,201.3:0.0,202.3:0.0,196.5:1329.5,197.4:1357.0,198.4:1368.0,199.4:1375.7,200.5:1384.0,201.5:1391.0,209.4:0.0,210.5:0.0,211.5:0.0,212.6:0.0,213.6:0.0,214.6:0.0,215.6:0.0,209.6:0.0,211.0:0.0,212.0:1070.7,213.0:1067.5,214.1:1049.5,215.2:1031.2,216.2:1026.7,217.1:1022.7,218.2:1019.2,219.2:1015.0,220.2:1012.7,221.2:1011.5,222.2:1009.5,223.2:1008.0,224.3:1006.2,225.3:1003.7,226.3:1003.0,227.4:1001.5,228.3:1000.7,229.3:1001.0,230.3:1001.7,231.3:1003.2,232.4:1003.7,233.4:1004.2,234.5:1005.5,235.5:1008.5,236.4:1010.7,237.4:1013.0,238.4:1016.5,239.5:1019.7,240.5:1021.5,241.5:1026.0,242.5:1032.5,243.5:1052.0,244.4:1070.0,245.4:1074.2,253.2:0.0,254.2:0.0,247.5:0.0,249.5:0.0,250.7:1050.2,251.6:1044.2,252.6:1038.7,253.6:1034.0,254.6:1029.5,255.7:1024.0,256.7:1019.0,257.8:1014.5,258.8:1009.7,259.7:1006.2,260.8:1004.5,261.7:1002.2,262.8:999.0,263.8:995.7,264.8:994.0,265.9:991.5,266.9:989.7,267.9:989.2,268.9:986.0,270.0:986.7,271.0:988.7,271.9:988.0,273.0:987.7,274.0:990.5,275.0:993.5,275.9:995.5,276.9:996.7,278.0:998.5,278.9:1000.7,279.9:1002.5,281.0:1005.0,282.0:1008.5,283.0:1012.7,284.0:1017.2,284.9:1022.5,286.0:1027.0,287.0:1032.7,288.0:1037.7,289.0:1042.7,290.0:1048.7,290.9:1054.7,291.9:1061.5,293.0:1069.5,293.3:0.0,301.6:0.0,302.6:0.0,303.6:0.0,304.6:0.0,305.7:0.0,306.8:0.0,307.8:0.0,308.8:0.0,309.8:0.0,310.8:0.0,311.8:0.0,312.8:0.0,313.9:0.0,314.9:0.0,315.9:0.0,316.9:0.0,317.9:0.0,313.0:0.0,320.0:0.0,315.1:671.7,316.1:666.7,317.2:666.2,318.2:665.0,325.0:0.0,326.0:0.0,327.0:0.0,328.1:0.0,329.1:0.0,330.1:0.0,331.1:0.0,332.1:0.0,333.2:0.0,334.2:0.0,335.2:0.0,336.2:0.0,337.2:0.0,338.2:0.0,339.2:0.0,340.3:0.0,341.3:0.0,342.3:0.0,343.3:0.0,337.5:0.0,338.5:1231.7,339.5:1223.2,340.6:1218.5,341.6:1212.0,342.7:1206.2,343.7:1200.0,344.7:1192.0,345.6:1185.0,346.7:1180.7,347.7:1178.7,348.7:1177.0,349.7:1173.7,350.7:1171.2,351.8:1171.0,
352.6:882.7,353.5:882.5,354.7:881.5,355.6:880.0,356.7:880.5,357.7:881.5,358.7:882.2,359.7:883.2,0.7:884.2,1.8:889.5,9.1:0.0,3.8:901.5,4.8:902.5,5.8:896.2,6.9:898.0,7.8:901.2,8.9:906.5,9.8:910.7,10.9:913.7,11.9:919.2,13.0:924.0,14.0:928.5,15.0:932.7,15.9:937.5,17.1:944.2,18.1:951.2,19.0:959.2,20.0:967.2,21.1:974.7,22.0:982.5,23.0:990.2,24.1:998.7,25.1:1008.2,26.1:1017.5,27.1:1029.0,28.1:1042.5,29.1:1053.2,30.1:1063.0,31.1:1077.7,38.8:0.0,39.8:0.0,40.8:0.0,41.9:0.0,42.9:0.0,44.0:0.0,45.0:0.0,46.0:0.0,47.0:0.0,48.1:0.0,49.1:0.0,43.7:0.0,44.6:920.2,52.2:0.0,53.2:0.0,54.2:0.0,48.7:0.0,56.2:0.0,57.3:0.0,58.3:0.0,59.3:0.0,60.4:0.0,61.4:0.0,62.4:0.0,63.4:0.0,64.5:0.0,65.5:0.0,66.4:0.0,67.4:0.0,68.5:0.0,69.5:0.0,70.5:0.0,64.5:0.0,72.5:0.0,66.6:0.0,67.6:1404.0,68.6:1397.2,69.7:1387.0,70.7:1384.0,71.8:1377.7,72.8:1370.2,73.8:1366.2,74.8:1359.0,75.8:1352.7,76.9:1348.0,77.9:1342.5,78.9:1340.5,80.0:1338.7,80.9:1337.0,82.0:1334.7,89.9:0.0,84.0:1331.0,85.0:1329.5,86.0:1326.5,87.0:1325.0,88.0:1328.0,89.1:1328.0,90.1:1330.2,91.1:1334.0,92.1:1334.5,93.1:1334.7,94.2:1337.7,95.2:1342.0,96.2:1344.7,97.2:1346.7,98.2:1350.7,99.2:1356.5,100.2:1364.0,101.2:1371.5,102.2:1376.5,103.2:1384.7,104.3:1391.7,105.2:1395.7,106.3:1402.0,114.3:0.0,115.3:0.0,116.3:0.0,117.3:0.0,118.3:0.0,119.3:0.0,120.4:0.0,114.3:0.0,115.4:1523.0,123.4:0.0,117.3:1541.5,125.5:0.0,126.5:0.0,127.5:0.0,128.5:0.0,122.4:0.0,130.5:0.0,131.6:0.0,132.6:0.0,133.6:0.0,134.6:0.0,135.6:0.0,136.6:0.0,137.7:0.0,138.7:0.0,139.8:0.0,140.8:0.0,134.7:0.0,142.8:0.0,143.8:0.0,144.9:0.0,145.9:0.0,146.9:0.0,147.9:0.0,148.9:0.0,143.0:0.0,144.0:1349.5,145.1:1346.0,153.0:0.0,154.0:0.0,155.0:0.0,156.1:0.0,157.1:0.0,158.1:0.0,159.1:0.0,160.2:0.0,161.2:0.0,155.1:0.0,156.2:1707.2,157.2:1681.5,158.2:1668.0,159.2:1657.7,160.2:1646.5,161.3:1638.7,162.3:1633.0,163.3:1624.7,164.4:1616.2,165.4:1610.5,166.4:1603.2,167.4:1599.5,168.5:1598.0,169.5:1592.5,170.5:1591.5,171.5:1587.7,172.6:1585.2,173.6:1585.7,174.6:1583.2,175.6:1577.7,176.7:1578.5,177.7:1582.7,178.7:1580.5,179.7:1581.5,180.7:1582.5,181.7:1581.0,182.7:1584.5,183.8:1589.7,184.8:1591.2,185.8:1592.7,186.8:1594.0,187.8:1598.0,188.8:1602.2,189.8:1608.5,190.9:1617.7,191.9:1622.2,192.9:1628.7,193.9:1640.2,194.9:1653.0,196.0:1659.0,197.0:1668.7,198.0:1685.0,199.0:1697.0,200.0:1707.7,201.0:1721.7,209.2:0.0,210.3:0.0,211.3:0.0,205.5:0.0,213.4:0.0,207.6:0.0,208.6:1261.0,209.6:1251.5,210.7:1245.2,218.5:0.0,212.7:1238.2,213.8:1230.5,214.8:1221.7,215.8:1213.0,216.8:1208.5,217.9:1206.5,218.9:1204.5,219.9:1202.7,220.9:1201.0,222.0:1197.0,223.0:1194.2,224.0:1192.5,225.1:1192.5,226.0:1192.7,227.1:1190.7,228.0:1190.7,229.0:1195.0,236.9:0.0,231.1:1207.0,232.1:1219.2,240.0:0.0,241.0:0.0,242.0:0.0,236.2:0.0,237.3:1167.2,238.3:1155.0,239.4:1142.7,240.5:1129.7,241.4:1119.2,242.4:1111.5,243.5:1102.7,244.5:1091.0,245.6:1082.5,246.6:1073.5,247.7:1063.5,248.7:1056.7,249.7:1050.2,250.7:1044.0,251.7:1037.2,252.8:1031.7,253.8:1027.2,254.8:1022.7,255.8:1017.2,256.9:1013.0,258.0:1008.2,259.0:1004.0,260.0:1000.7,261.0:998.2,262.0:996.5,263.0:993.2,264.0:991.0,265.0:990.0,266.2:988.5,267.1:988.2,268.2:987.0,269.3:984.0,270.3:984.5,271.2:985.2,272.2:987.2,273.3:989.0,274.3:987.7,275.3:989.0,276.2:995.2,277.3:1006.5,277.5:0.0,285.8:0.0,286.8:0.0,287.8:0.0,288.9:0.0,289.9:0.0,290.9:0.0,291.9:0.0,292.9:0.0,288.6:0.0,295.0:0.0,296.0:0.0,292.1:0.0,292.9:489.5,294.2:488.2,295.0:487.7,296.0:489.2,297.1:492.0,298.1:494.2,304.1:0.0,305.1:0.0,306.2:0.0,307.3:0.0,308.3:0.0,309.3:0.0,310.3:0.0,311.4:0.0,312.4:0.0,313.4:0.0,314.4:0.0,315.4:0.0,316.5:0.0,317.5:0.0,318.5:0.0,319.5:0.0,320.5:0.0,321.6:0.0,322.6:0.0,323.6:0.0,324.6:0.0,325.7:0.0,326.7:0.0,327.7:0.0,328.7:0.0,329.7:0.0,330.8:0.0,331.8:0.0,332.8:0.0,333.9:0.0,334.9:0.0,335.9:0.0,330.5:0.0,331.4:975.5,332.5:964.0,333.5:955.7,334.6:949.7,335.6:942.7,336.6:936.5,337.7:931.0,338.7:925.5,339.7:921.7,340.8:917.0,341.7:910.0,342.8:905.7,343.8:903.0,344.9:898.7,345.8:895.7,346.9:894.2,347.9:891.7,349.0:888.7,349.9:887.7,351.1:887.0,352.1:886.0,
353.2:682.7,354.3:682.2,355.4:683.0,356.3:682.7,357.5:682.2,358.5:683.5,359.5:684.7,0.4:685.5,1.4:687.5,2.6:691.7,9.4:0.0,4.4:0.0,5.5:710.0,6.5:702.0,7.5:701.7,8.6:703.5,9.6:705.5,10.6:708.2,11.8:711.7,12.7:716.0,13.6:720.5,14.7:723.5,15.7:728.5,16.7:734.7,17.7:738.5,18.7:742.2,19.7:749.0,20.9:755.5,21.9:761.5,22.8:769.0,23.9:776.7,24.7:783.7,25.9:790.7,26.9:798.7,27.8:807.5,28.8:815.7,29.9:825.2,30.9:836.0,31.8:847.0,32.9:857.5,33.8:868.2,34.8:881.5,35.9:894.5,36.9:908.5,37.8:924.5,45.4:0.0,46.4:0.0,47.4:0.0,48.5:0.0,49.5:0.0,50.5:0.0,51.5:0.0,52.6:0.0,53.6:0.0,54.6:0.0,55.6:0.0,50.5:0.0,51.5:809.2,52.5:800.0,53.7:792.5,54.5:794.2,61.8:0.0,62.8:0.0,63.9:0.0,58.6:0.0,65.9:0.0,66.9:0.0,67.9:0.0,68.9:0.0,69.9:0.0,71.0:0.0,72.0:0.0,73.0:0.0,74.0:0.0,75.0:0.0,76.1:0.0,70.1:0.0,71.2:1398.7,72.2:1386.5,73.3:1366.5,74.3:1352.0,75.3:1346.0,76.3:1341.7,77.4:1344.0,78.3:1340.2,79.4:1333.7,80.4:1330.5,81.5:1326.5,89.4:0.0,83.5:1323.2,84.5:1321.5,85.5:1321.5,86.6:1319.2,87.6:1319.0,88.6:1318.0,89.6:1320.7,90.6:1325.0,91.7:1325.7,92.6:1329.2,93.7:1330.2,94.7:1332.2,95.7:1335.2,96.7:1336.2,97.7:1341.2,98.8:1346.2,99.8:1351.5,100.8:1361.2,101.8:1371.7,102.8:1375.7,103.9:1376.5,104.9:1385.0,105.9:1394.2,106.9:1400.0,114.9:0.0,115.9:0.0,116.9:0.0,118.0:0.0,119.0:0.0,120.0:0.0,121.0:0.0,115.0:0.0,116.0:1528.7,124.1:0.0,125.1:0.0,126.1:0.0,127.2:0.0,128.2:0.0,122.0:0.0,130.2:0.0,131.2:0.0,132.3:0.0,133.3:0.0,134.3:0.0,135.3:0.0,136.3:0.0,137.4:0.0,138.4:0.0,139.4:0.0,140.5:0.0,141.5:0.0,142.5:0.0,143.5:0.0,144.5:0.0,145.6:0.0,146.6:0.0,147.6:0.0,148.6:0.0,149.6:0.0,150.7:0.0,144.6:0.0,145.7:1547.2,146.7:1535.7,147.7:1522.7,148.7:1516.2,149.8:1520.5,157.8:0.0,158.8:0.0,159.9:0.0,160.9:0.0,162.0:0.0,163.0:0.0,156.8:0.0,157.8:1914.5,158.9:1889.7,159.9:1859.0,161.0:1848.7,162.0:1838.5,163.0:1828.2,164.0:1822.7,165.1:1818.2,166.1:1812.7,167.2:1802.7,168.1:1797.7,169.2:1797.7,170.2:1793.2,171.2:1788.2,172.2:1786.0,173.3:1784.7,174.3:1783.2,175.3:1783.0,176.4:1778.5,177.4:1774.0,178.4:1777.0,179.4:1779.7,180.5:1779.2,181.5:1781.2,182.5:1783.5,183.5:1788.0,184.5:1794.0,185.5:1797.5,186.6:1803.0,187.6:1808.7,188.6:1814.7,189.6:1821.2,190.7:1826.2,191.7:1834.7,192.7:1845.7,193.7:1855.7,194.8:1863.0,195.8:1870.2,196.8:1883.0,197.9:1892.2,198.8:1900.0,207.1:0.0,201.1:0.0,202.2:1486.0,210.2:0.0,211.3:0.0,212.3:0.0,206.4:0.0,207.4:1399.7,208.5:1391.0,209.5:1387.2,210.5:1380.7,211.5:1375.5,212.6:1370.2,213.6:1360.7,214.6:1354.5,215.6:1346.7,216.7:1341.7,217.7:1339.5,218.7:1337.0,219.8:1335.0,220.8:1331.7,221.9:1327.0,229.8:0.0,230.8:0.0,224.9:1336.0,225.9:1348.2,233.9:0.0,234.9:0.0,229.0:0.0,230.1:1275.5,231.1:1259.2,232.1:1242.0,233.1:1223.2,234.2:1206.5,235.3:1192.7,236.3:1177.5,237.3:1162.2,238.4:1149.7,239.5:1139.2,240.5:1127.5,241.5:1115.0,242.5:1106.0,243.6:1095.2,244.6:1085.7,245.7:1078.0,246.7:1068.7,247.7:1061.5,248.8:1054.5,249.8:1048.7,250.9:1043.0,251.9:1035.7,252.9:1029.5,254.0:1024.0,255.0:1019.2,256.1:1016.0,257.0:1010.2,258.2:1005.2,259.2:1003.5,260.1:1000.5,261.1:997.5,262.2:995.0,263.2:992.5,264.3:990.5,265.2:997.2,272.8:0.0,273.9:0.0,270.4:0.0,271.3:438.5,272.3:436.2,273.4:436.0,274.3:435.0,275.5:434.7,276.5:435.5,277.5:436.5,278.4:437.5,279.3:439.5,280.2:441.5,281.6:442.7,282.4:444.7,283.4:447.0,284.4:449.2,285.5:453.0,286.6:455.2,287.5:456.7,288.4:460.2,289.5:464.2,290.3:466.5,291.4:470.2,292.4:474.5,293.2:478.2,294.3:483.7,295.3:487.0,301.4:0.0,302.4:0.0,303.4:0.0,304.4:0.0,305.5:0.0,306.5:0.0,307.6:0.0,308.6:0.0,309.6:0.0,310.6:0.0,311.7:0.0,312.7:0.0,313.7:0.0,314.7:0.0,315.7:0.0,316.8:0.0,317.8:0.0,318.8:0.0,319.8:0.0,320.9:0.0,321.9:0.0,322.9:0.0,323.9:0.0,325.0:0.0,326.0:0.0,327.0:0.0,328.0:0.0,329.0:0.0,324.0:0.0,324.9:800.7,326.0:791.0,327.0:783.5,328.0:776.2,329.1:768.2,330.2:761.7,331.2:755.5,332.2:748.2,333.3:742.0,334.3:737.0,335.4:732.7,336.5:726.5,337.5:720.2,338.4:716.0,339.5:712.7,340.6:709.2,341.5:705.7,342.5:703.0,343.6:700.2,344.6:697.7,345.7:694.5,346.7:691.5,347.9:690.2,348.8:689.2,349.9:687.2,351.0:686.0,351.9:684.7,
353.6:488.7,354.7:487.7,355.8:487.5,356.7:488.2,357.7:489.5,358.7:488.7,359.7:488.5,0.9:490.0,2.0:491.5,3.0:493.7,3.8:499.0,9.9:0.0,11.0:0.0,6.7:511.2,7.8:516.0,8.7:511.0,10.1:510.0,11.0:510.2,12.1:510.7,13.1:513.0,14.1:516.7,15.0:520.2,15.9:522.7,17.1:526.7,18.0:530.5,19.1:534.5,20.2:538.7,21.1:542.7,22.1:547.5,23.0:553.2,24.0:559.0,25.0:564.7,26.1:569.7,27.2:575.5,28.0:582.5,29.1:588.0,30.2:593.5,31.1:601.7,32.0:610.2,33.1:619.5,34.0:628.2,35.0:636.0,36.0:644.5,37.2:654.2,38.0:665.7,39.1:676.5,40.0:686.7,41.0:699.5,42.1:712.5,43.1:724.7,43.9:738.7,45.1:753.5,46.0:768.7,47.0:0.0,54.2:0.0,48.9:810.5,56.2:0.0,57.3:0.0,58.3:0.0,53.2:0.0,60.3:0.0,61.4:0.0,62.4:0.0,57.4:0.0,58.4:745.7,59.6:735.7,60.5:728.2,61.5:722.2,62.6:717.2,63.5:712.0,64.5:704.7,65.7:701.2,66.6:701.2,67.7:701.0,74.7:0.0,75.7:0.0,70.5:0.0,77.7:0.0,78.7:0.0,79.8:0.0,80.8:0.0,81.8:0.0,82.9:0.0,83.9:0.0,84.9:0.0,79.0:0.0,87.0:0.0,88.0:0.0,82.1:1331.5,83.0:1315.5,84.0:1317.0,85.1:1313.0,86.1:1313.5,87.2:1312.0,88.1:1310.5,89.2:1313.5,90.2:1315.5,91.2:1316.0,92.3:1315.5,93.3:1317.0,101.2:0.0,95.4:1322.0,96.4:1332.5,97.3:1337.0,98.4:1338.5,99.4:1344.7,100.4:1348.2,101.4:1354.2,102.4:1361.0,103.4:1362.7,104.5:1366.7,105.5:1375.5,106.5:1387.2,114.5:0.0,115.5:0.0,116.5:0.0,117.6:0.0,118.6:0.0,119.6:0.0,120.6:0.0,121.6:0.0,115.6:0.0,123.7:0.0,124.7:0.0,125.7:0.0,126.7:0.0,127.8:0.0,128.8:0.0,129.8:0.0,130.8:0.0,131.9:0.0,132.9:0.0,133.9:0.0,134.9:0.0,136.0:0.0,137.0:0.0,138.0:0.0,139.1:0.0,140.1:0.0,141.1:0.0,142.2:0.0,135.9:0.0,144.2:0.0,145.2:0.0,146.2:0.0,147.3:0.0,148.3:0.0,149.3:0.0,150.3:0.0,144.2:0.0,145.2:1782.7,146.2:1768.5,147.3:1747.7,155.5:0.0,149.4:1721.2,150.3:1697.2,151.4:1686.0,159.5:0.0,160.6:0.0,161.6:0.0,162.7:0.0,163.7:0.0,164.8:0.0,158.5:0.0,159.5:2086.7,160.6:2065.5,161.6:2046.5,162.6:2039.2,163.6:2033.2,164.7:2027.7,165.7:2019.2,166.7:2011.7,167.7:2002.2,168.8:1994.7,169.8:1992.0,170.9:1987.2,171.9:1984.2,172.9:1981.7,173.9:1977.0,175.0:1977.5,176.0:1976.7,177.0:1975.5,178.0:1978.0,179.0:1979.2,180.0:1977.5,181.1:1978.5,182.1:1982.2,183.2:1982.5,184.2:1986.7,185.2:1995.0,186.2:1998.2,187.2:2005.0,188.2:2015.5,189.2:2023.2,190.3:2030.5,191.3:2039.7,192.3:2048.2,193.4:2054.7,194.4:2060.5,195.4:2068.7,196.4:2080.7,204.7:0.0,198.6:0.0,199.7:1654.7,200.7:1624.7,201.7:1608.0,202.9:1593.5,203.9:1582.2,205.0:1574.5,206.0:1564.2,207.0:1553.7,208.1:1545.7,209.1:1536.2,210.1:1525.2,211.2:1517.0,212.2:1509.5,213.2:1500.7,214.3:1492.7,215.3:1487.0,216.4:1483.0,217.3:1479.2,225.4:0.0,219.4:1485.7,220.4:1495.0,228.5:0.0,222.5:0.0,223.6:1415.0,224.7:1387.2,225.7:1362.5,226.7:1340.7,227.7:1317.7,228.8:1296.7,229.9:1278.0,230.9:1260.5,231.9:1244.5,233.0:1225.5,234.0:1206.7,235.1:1190.7,236.1:1176.2,237.2:1162.2,238.2:1149.0,239.2:1138.0,240.2:1126.7,241.4:1117.2,242.3:1107.0,243.5:1096.5,251.1:0.0,252.1:0.0,253.1:0.0,249.5:0.0,250.4:458.5,251.5:454.7,252.4:450.7,253.7:448.7,254.4:447.7,255.8:445.2,256.5:444.0,257.8:443.5,258.6:442.0,259.6:440.5,260.8:439.2,261.8:438.2,262.7:438.0,264.0:437.0,264.9:436.5,265.8:437.0,267.1:436.5,267.9:436.7,269.1:437.0,270.0:436.7,271.0:438.5,272.0:440.7,272.9:441.2,274.0:441.7,275.3:442.5,276.2:443.2,277.3:445.5,278.0:448.0,278.9:449.2,279.9:450.0,281.0:451.7,282.0:455.7,283.0:459.2,284.1:461.5,285.1:463.0,286.0:465.7,287.2:469.0,288.0:471.2,289.0:474.7,290.0:479.2,291.2:482.0,292.1:486.5,293.0:490.7,294.2:493.7,300.2:0.0,301.2:0.0,302.2:0.0,303.2:0.0,304.2:0.0,305.3:0.0,306.4:0.0,307.4:0.0,308.4:0.0,309.5:0.0,310.5:0.0,311.5:0.0,312.5:0.0,313.6:0.0,314.6:0.0,315.6:0.0,316.6:0.0,317.7:0.0,318.7:0.0,313.8:0.0,314.9:654.0,316.0:640.2,317.1:630.5,318.1:622.2,319.2:612.7,320.4:603.5,321.4:595.2,322.5:587.7,323.4:581.0,324.5:574.5,325.6:568.0,326.8:562.5,327.8:557.0,328.7:551.0,329.8:545.7,330.9:540.5,331.9:536.0,332.8:532.0,334.1:527.7,335.1:523.7,336.0:520.2,337.1:516.5,338.1:513.5,339.3:511.0,340.2:507.7,341.4:505.7,342.3:503.7,343.3:500.5,344.4:498.5,345.4:496.5,346.4:495.0,347.6:494.0,348.5:493.0,349.8:490.7,350.8:490.2,351.6:490.2,352.7:489.2,
357.2:292.2,357.9:292.2,358.8:292.5,359.7:292.2,1.3:292.2,1.9:293.0,2.8:293.5,4.0:294.2,4.8:296.5,6.1:299.0,9.9:0.0,11.0:0.0,12.0:0.0,9.2:0.0,10.6:0.0,11.8:0.0,12.5:325.2,13.9:321.2,15.2:318.2,16.1:317.0,16.6:317.5,18.1:317.7,18.8:319.2,19.7:322.7,20.7:325.2,22.3:327.2,23.0:331.0,24.0:333.7,24.8:337.0,25.6:340.2,26.7:343.5,27.9:347.7,28.9:351.0,30.0:355.5,31.0:360.2,31.6:365.2,32.6:370.0,34.0:374.2,34.6:379.5,35.8:384.7,36.4:390.5,37.7:396.2,38.5:403.0,39.5:410.2,40.4:416.7,41.3:424.7,42.6:432.7,43.6:439.7,44.3:448.5,45.2:457.5,46.2:466.5,47.3:477.0,48.1:488.2,49.0:499.7,50.1:511.2,51.0:523.5,52.2:535.7,53.2:549.2,54.0:565.2,54.9:581.7,56.0:598.0,56.8:0.0,57.7:0.0,64.6:0.0,65.6:0.0,60.6:0.0,61.7:711.2,62.7:705.0,63.8:698.7,64.7:694.0,65.9:691.0,66.9:686.0,67.9:681.0,68.9:677.7,70.0:674.7,71.1:671.0,72.1:667.5,73.0:665.7,74.1:664.0,75.2:661.7,76.3:658.0,77.2:655.0,78.2:653.7,79.4:651.7,80.3:651.0,81.4:650.7,82.3:650.0,89.2:0.0,90.2:0.0,85.2:0.0,92.2:0.0,93.3:0.0,94.3:0.0,88.5:0.0,89.4:1308.2,90.5:1304.0,91.5:1306.0,92.6:1309.2,93.5:1312.2,101.5:0.0,95.6:1316.2,96.7:1323.7,97.7:1329.7,98.7:1332.2,99.7:1338.5,100.8:1342.5,101.8:1347.5,102.7:1354.2,103.8:1361.7,104.8:1372.0,105.8:1376.2,106.8:1380.7,107.9:1389.0,115.9:0.0,116.9:0.0,117.9:0.0,118.9:0.0,120.0:0.0,121.0:0.0,115.0:0.0,116.0:1521.5,117.0:1526.5,118.1:1534.7,119.1:1544.7,127.2:0.0,128.2:0.0,129.2:0.0,130.2:0.0,131.3:0.0,132.3:0.0,133.3:0.0,134.3:0.0,135.4:0.0,136.4:0.0,137.4:0.0,138.5:0.0,139.5:0.0,140.5:0.0,141.5:0.0,142.6:0.0,143.6:0.0,144.6:0.0,145.6:0.0,146.7:0.0,147.7:0.0,148.7:0.0,149.7:0.0,150.8:0.0,144.5:0.0,145.6:2019.2,153.9:0.0,154.9:0.0,155.9:0.0,149.7:0.0,150.7:1906.5,151.8:1891.7,152.8:1880.5,153.8:1866.5,162.2:0.0,163.2:0.0,164.2:0.0,165.3:0.0,166.3:0.0,160.0:0.0,161.0:2270.5,169.4:0.0,163.1:2245.2,164.1:2226.5,165.1:2222.7,166.2:2213.2,167.2:2201.5,168.2:2193.5,169.3:2186.0,170.3:2179.2,171.4:2174.7,172.4:2172.2,173.4:2173.2,174.5:2172.5,175.5:2170.7,176.5:2168.5,177.5:2166.5,178.6:2169.0,179.6:2171.2,180.6:2172.0,181.7:2172.2,182.7:2174.7,183.7:2180.2,184.7:2187.0,185.8:2192.0,186.8:2196.2,187.8:2202.7,188.9:2209.7,189.9:2220.2,190.9:2230.0,191.9:2238.2,193.0:2246.5,194.0:2257.5,195.0:2271.7,203.4:0.0,197.2:0.0,198.3:1825.5,206.5:0.0,200.3:1793.0,208.6:0.0,202.4:1760.0,203.5:1736.0,204.5:1720.5,205.6:1704.2,206.6:1691.7,207.7:1680.7,208.7:1670.7,209.7:1658.0,210.7:1646.5,211.8:1637.7,212.8:1634.5,213.9:1647.2,214.9:1650.0,215.9:1641.2,224.1:0.0,218.0:0.0,219.1:1545.7,220.2:1510.5,221.2:1477.7,222.3:1448.7,223.3:1420.5,224.4:1389.7,225.4:1365.7,226.4:1343.7,234.4:0.0,235.4:0.0,236.4:0.0,237.5:0.0,238.5:0.0,239.5:0.0,240.6:0.0,241.6:0.0,242.6:0.0,238.7:0.0,239.7:500.0,240.5:495.0,241.6:491.0,242.9:487.7,243.9:484.2,245.1:479.5,246.0:476.2,247.1:473.7,248.2:470.0,249.2:468.0,250.1:465.7,251.3:463.0,252.2:461.5,253.4:459.5,254.5:457.7,255.5:456.2,256.5:454.5,257.3:453.5,258.4:453.0,259.5:451.5,260.6:451.0,261.7:451.0,262.7:449.2,263.8:448.2,264.8:448.2,265.8:448.0,266.7:449.0,267.9:449.7,268.8:449.0,269.7:448.7,270.8:451.0,271.8:453.0,272.9:453.0,273.9:453.5,274.9:454.2,276.0:455.7,277.1:457.0,278.0:458.7,278.9:460.2,279.9:461.7,281.0:464.5,282.0:468.0,282.8:470.2,283.8:472.0,285.1:475.0,285.9:477.7,287.0:481.2,288.0:485.5,289.0:489.2,289.9:492.7,290.9:496.7,291.9:500.2,293.0:503.7,299.1:0.0,300.1:0.0,301.1:0.0,302.2:0.0,303.2:0.0,304.2:0.0,300.2:513.5,301.1:513.7,302.2:499.5,303.5:487.2,304.7:475.2,305.8:463.2,306.6:453.0,307.8:442.5,309.0:433.2,310.2:424.5,311.3:415.5,312.2:408.0,313.5:400.0,314.4:392.5,315.4:386.7,316.7:380.5,317.8:374.7,318.8:369.0,320.2:362.5,321.0:357.5,322.3:352.5,323.3:347.7,324.5:344.5,325.3:340.5,326.2:336.2,327.8:332.7,328.4:329.7,330.1:326.7,331.1:323.2,331.6:320.5,333.1:318.5,334.0:316.0,335.3:313.2,335.9:311.0,337.7:309.0,338.2:307.0,339.3:305.5,340.9:303.5,341.5:301.7,342.7:300.5,343.3:299.5,344.2:298.2,346.1:297.2,346.7:296.2,347.7:295.7,348.5:295.0,350.1:293.5,351.3:292.7,351.8:292.7,353.0:292.5,354.0:292.0,355.2:291.7,
353.6:699.7,354.6:708.5,355.7:716.7,356.6:725.7,357.6:734.5,358.5:743.2,359.6:755.0,0.7:766.0,1.6:776.5,2.7:789.5,3.6:802.7,4.6:814.0,5.6:826.0,6.7:841.2,14.0:0.0,15.0:0.0,16.0:0.0,17.0:0.0,18.1:0.0,19.1:0.0,20.1:0.0,21.2:0.0,16.1:0.0,23.2:0.0,24.2:0.0,19.1:0.0,20.2:778.2,21.2:769.2,28.4:0.0,23.3:758.2,24.5:749.0,25.4:745.2,32.5:0.0,33.5:0.0,28.4:0.0,29.4:804.7,36.6:0.0,37.6:0.0,38.7:0.0,39.7:0.0,40.7:0.0,41.8:0.0,42.8:0.0,43.8:0.0,44.8:0.0,45.9:0.0,39.9:0.0,41.0:1376.7,49.0:0.0,43.1:1356.0,44.1:1334.7,45.1:1333.2,46.2:1332.5,47.2:1324.5,55.1:0.0,49.2:1318.0,50.3:1316.7,51.4:1318.0,52.4:1317.5,53.4:1313.2,54.4:1313.7,55.4:1319.2,56.5:1321.5,57.5:1322.0,58.5:1326.2,59.5:1331.5,60.5:1333.7,61.5:1335.0,62.6:1337.0,63.6:1339.7,64.6:1343.5,65.6:1348.5,66.7:1355.0,67.7:1362.2,68.7:1370.2,69.7:1376.0,70.7:1383.7,71.8:1393.0,72.8:1401.7,73.8:1410.0,81.8:0.0,82.9:0.0,83.9:0.0,84.9:0.0,85.9:0.0,87.0:0.0,80.9:0.0,82.0:1528.0,83.0:1540.2,83.9:1549.2,92.0:0.0,93.0:0.0,94.1:0.0,88.0:0.0,96.1:0.0,97.1:0.0,98.2:0.0,99.2:0.0,100.2:0.0,101.2:0.0,102.3:0.0,103.3:0.0,104.3:0.0,105.3:0.0,99.1:0.0,107.4:0.0,108.4:0.0,109.4:0.0,110.5:0.0,111.5:0.0,112.5:0.0,113.5:0.0,114.6:0.0,115.6:0.0,109.5:0.0,110.6:1670.0,111.6:1650.2,119.7:0.0,113.7:1625.0,114.7:1604.2,115.7:1595.2,123.8:0.0,124.8:0.0,125.8:0.0,126.9:0.0,127.9:0.0,128.9:0.0,122.7:0.0,123.7:2009.0,124.7:1982.7,125.8:1958.2,126.8:1949.0,127.8:1937.2,128.9:1931.5,129.9:1925.2,130.9:1921.7,131.9:1916.0,133.0:1902.2,134.0:1893.2,135.0:1891.7,136.1:1888.5,137.1:1883.0,138.1:1878.2,139.2:1872.7,140.2:1868.7,141.2:1869.2,142.2:1870.5,143.2:1872.0,144.3:1873.5,145.3:1871.5,146.3:1871.2,147.3:1878.5,148.4:1882.7,149.4:1885.5,150.4:1896.7,151.5:1897.2,152.5:1899.2,153.5:1910.5,154.5:1916.2,155.7:1922.2,156.7:1928.7,157.7:1943.0,158.7:1954.7,159.7:1961.2,160.8:1972.2,161.8:1988.0,162.8:2002.2,163.8:2012.2,165.0:0.0,166.1:1590.5,167.1:0.0,168.2:1536.5,169.3:1524.5,170.2:1511.0,171.3:1500.5,172.4:1488.0,180.4:0.0,181.4:0.0,182.5:0.0,183.5:0.0,184.5:0.0,178.6:0.0,179.6:1420.5,180.7:1412.5,181.7:1406.2,182.7:1402.7,183.7:1400.0,184.7:1395.0,192.7:0.0,186.8:1401.0,187.8:1410.2,188.8:1408.2,196.8:0.0,191.0:0.0,192.0:1341.7,193.1:1318.0,194.1:1297.5,195.1:1279.5,196.2:1260.0,197.3:1243.5,198.3:1225.2,199.3:1207.7,200.3:1193.7,201.4:1178.0,202.5:1162.7,203.5:1149.5,204.6:1136.7,205.7:1126.0,206.7:1117.2,207.8:1106.7,208.7:1094.5,209.8:1085.0,210.9:1076.2,211.9:1067.0,213.0:1059.5,214.0:1052.2,215.0:1045.2,216.0:1038.5,217.1:1034.0,218.1:1028.7,219.2:1021.7,226.8:0.0,227.8:0.0,228.8:0.0,225.3:0.0,226.3:435.7,227.4:433.5,228.4:432.7,229.5:432.0,230.4:430.2,231.3:430.2,232.6:430.0,233.3:429.5,234.7:430.0,235.6:430.0,236.8:430.5,237.6:431.2,238.6:431.7,239.8:432.7,240.8:435.0,241.6:436.5,242.6:437.2,243.8:439.0,244.7:441.2,245.8:442.7,246.8:444.5,247.7:446.7,249.0:448.5,249.9:450.5,250.9:454.7,251.7:459.7,252.9:461.0,253.6:463.7,254.7:468.0,255.8:470.2,256.8:474.5,257.7:478.7,258.8:482.7,260.0:488.0,260.7:493.0,261.9:498.2,267.9:0.0,269.0:0.0,270.0:0.0,271.0:0.0,272.1:0.0,273.1:0.0,274.1:0.0,275.1:0.0,276.2:0.0,277.2:0.0,278.2:0.0,279.3:0.0,280.3:0.0,281.3:0.0,282.2:0.0,283.3:0.0,284.3:0.0,285.3:0.0,286.3:0.0,287.4:0.0,288.4:0.0,289.4:0.0,284.3:0.0,285.5:729.0,286.6:717.0,287.5:707.5,288.7:698.5,289.7:690.2,290.8:682.5,291.7:676.0,292.8:670.7,293.9:664.0,294.8:658.0,296.0:651.7,297.0:645.2,298.0:639.7,299.1:635.2,300.1:631.2,301.1:627.2,302.2:623.5,303.3:618.7,304.3:615.5,305.3:612.7,306.5:608.7,307.6:605.2,308.4:601.7,309.4:599.5,310.5:597.5,311.5:595.5,312.5:594.5,313.6:593.2,314.6:591.0,315.7:589.2,316.7:588.5,317.8:588.2,318.8:588.2,319.9:587.7,320.9:587.0,322.0:586.7,323.0:586.7,323.9:587.2,325.0:588.5,326.2:590.0,327.0:591.0,328.1:593.7,334.7:0.0,335.7:0.0,331.2:0.0,332.1:615.2,333.2:610.2,334.2:608.5,335.1:609.2,336.4:611.2,337.4:612.7,338.3:616.0,339.3:621.7,340.4:625.5,341.4:628.2,342.5:632.7,343.5:636.5,344.4:641.0,345.4:647.2,346.4:652.5,347.4:657.0,348.5:662.7,349.5:669.7,350.5:676.7,351.6:683.2,352.5:690.5,
354.3:520.2,355.2:526.5,356.1:533.2,357.1:539.5,358.2:545.0,359.2:553.0,0.3:562.5,1.3:570.5,2.3:577.2,3.1:585.0,4.1:594.5,5.1:605.2,6.2:615.7,7.2:626.7,8.0:638.2,9.0:650.2,10.0:667.2,16.9:0.0,17.9:0.0,19.0:0.0,20.0:0.0,21.0:0.0,22.0:0.0,23.1:0.0,24.1:0.0,19.3:0.0,26.2:0.0,21.5:633.5,22.5:621.5,23.5:615.2,24.7:609.2,25.7:604.7,26.8:599.2,27.8:595.2,28.9:591.2,30.0:585.7,31.0:583.2,32.0:580.5,33.0:577.5,33.9:577.2,34.9:580.0,41.6:0.0,42.6:0.0,43.7:0.0,44.7:0.0,45.7:0.0,46.7:0.0,47.8:0.0,48.8:0.0,49.8:0.0,50.8:0.0,51.9:0.0,52.9:0.0,47.1:0.0,48.2:1222.2,49.2:1203.0,50.2:1201.7,51.2:1201.0,52.3:1202.2,53.3:1202.0,54.3:1202.5,55.3:1203.0,56.5:1201.0,57.4:1202.5,58.4:1207.7,59.5:1209.5,60.5:1209.2,61.5:1212.0,62.5:1214.0,63.5:1221.0,71.4:0.0,65.5:1230.5,66.6:1238.0,67.6:1243.2,68.6:1248.7,69.6:1254.2,70.6:1257.0,71.7:1260.5,72.7:1269.7,80.6:0.0,81.6:0.0,82.7:0.0,83.7:0.0,84.7:0.0,85.7:0.0,86.8:0.0,80.9:0.0,81.9:1372.2,89.8:0.0,90.8:0.0,91.8:0.0,92.8:0.0,93.8:0.0,94.8:0.0,95.9:0.0,89.8:0.0,97.9:0.0,98.9:0.0,100.0:0.0,101.0:0.0,102.0:0.0,103.0:0.0,104.0:0.0,105.1:0.0,106.1:0.0,107.1:0.0,108.1:0.0,109.2:0.0,110.2:0.0,111.2:0.0,112.2:0.0,113.2:0.0,114.3:0.0,115.3:0.0,116.4:0.0,117.4:0.0,118.4:0.0,119.4:0.0,113.2:0.0,114.3:1792.7,115.3:1777.5,123.5:0.0,117.4:1754.7,118.4:1731.0,119.5:1718.0,120.5:1711.7,121.5:1706.5,129.7:0.0,130.7:0.0,131.7:0.0,132.7:0.0,133.8:0.0,127.5:0.0,128.5:2117.2,129.6:2094.7,130.5:2069.7,131.7:2067.0,132.6:2064.0,133.7:2058.7,134.7:2054.2,135.7:2049.0,136.8:2045.2,137.8:2043.7,138.8:2042.5,139.8:2039.7,140.9:2038.7,141.9:2038.0,142.9:2038.7,143.9:2039.0,145.0:2038.0,146.0:2039.0,147.0:2040.7,148.0:2047.0,149.0:2050.5,150.1:2047.7,151.1:2051.7,152.1:2056.5,153.2:2059.0,154.2:2065.2,155.3:2071.5,156.3:2082.0,157.3:2092.2,158.4:2099.2,159.4:2109.2,160.4:2121.0,161.4:2139.0,162.4:2154.2,163.5:2164.5,164.5:2181.0,172.9:0.0,166.7:0.0,167.8:1765.7,168.8:1740.7,169.8:1722.7,170.8:1707.5,171.9:1694.2,173.0:1680.0,174.0:1668.5,175.0:1661.2,176.0:1650.2,177.0:1638.5,178.1:1628.7,179.1:1620.7,180.1:1615.2,181.2:1608.7,182.2:1602.0,183.2:1597.7,184.3:1595.2,192.4:0.0,186.3:1599.5,187.4:1606.0,195.5:0.0,189.5:0.0,190.5:1541.5,191.5:1513.5,192.6:1486.2,193.6:1459.2,194.7:1438.2,195.7:1415.7,196.8:1389.5,197.8:1370.2,198.9:1354.7,199.9:1335.0,200.9:1316.5,201.9:1299.0,203.1:1284.7,204.1:1273.7,205.2:1261.2,206.2:1250.2,207.2:1238.5,208.3:1222.7,216.1:0.0,217.2:0.0,218.2:0.0,213.8:0.0,214.7:575.2,215.7:573.0,216.9:570.0,217.8:566.7,218.8:566.0,219.9:564.5,221.2:561.5,222.0:559.0,223.2:557.7,224.0:556.2,225.3:554.7,226.2:553.5,227.2:553.0,228.2:552.5,229.4:552.0,230.4:551.5,231.3:550.7,232.3:549.7,233.5:550.2,234.5:552.2,235.4:553.0,236.5:553.0,237.4:553.2,238.4:555.2,239.6:556.5,240.5:558.0,241.5:560.0,242.5:561.5,243.5:563.0,244.7:565.0,245.7:569.0,246.7:572.5,247.6:573.5,248.6:576.2,249.7:580.5,250.8:584.0,251.8:587.2,252.7:589.2,253.8:592.2,254.6:597.5,255.6:602.5,256.8:605.5,257.7:609.2,258.7:614.5,259.9:622.7,260.7:631.7,261.7:638.0,262.8:643.2,269.5:0.0,270.6:0.0,271.6:0.0,272.6:0.0,273.6:0.0,274.7:0.0,269.7:0.0,270.9:686.0,272.0:670.2,273.0:656.0,274.0:641.2,275.2:630.0,276.2:618.0,277.2:605.2,278.4:594.5,279.3:583.7,280.5:573.5,281.5:564.7,282.7:556.2,283.5:547.7,284.5:541.2,285.8:533.5,286.9:525.7,287.7:519.5,288.8:513.0,290.0:507.0,291.1:500.5,292.2:494.5,293.1:489.2,294.2:485.0,295.4:481.0,296.2:476.7,297.3:473.0,298.5:468.5,299.7:464.5,300.7:462.2,301.7:459.2,302.8:456.0,303.9:453.7,304.6:451.5,305.6:449.2,307.0:446.7,308.0:444.7,309.1:442.7,309.9:440.7,310.8:439.2,312.0:437.7,313.1:436.2,314.2:435.7,315.0:436.7,316.2:439.2,321.8:0.0,322.8:0.0,323.9:0.0,320.1:445.2,321.3:445.2,322.3:439.2,323.5:436.5,324.5:435.0,325.3:434.7,326.5:435.2,327.6:435.7,328.3:436.7,329.7:437.7,330.7:439.5,331.6:441.2,332.7:442.7,333.4:444.0,334.7:445.7,335.5:448.7,336.6:450.7,337.6:452.5,338.5:455.2,339.5:458.2,340.7:460.7,341.8:463.5,342.7:467.0,343.8:470.2,344.6:474.2,345.8:479.0,346.8:482.0,347.6:485.2,348.7:489.5,349.8:494.5,350.5:500.7,351.7:506.5,352.7:511.5,
355.0:341.2,356.3:345.2,357.3:350.0,357.9:354.7,359.2:359.5,0.3:364.5,1.3:370.0,2.1:376.2,3.2:382.0,4.2:387.7,5.1:393.5,5.8:399.5,6.8:407.5,7.7:415.2,8.7:422.7,9.9:430.2,10.8:438.7,11.7:448.7,12.7:458.5,13.8:468.7,19.6:0.0,20.6:0.0,21.6:0.0,22.7:0.0,23.7:0.0,24.7:0.0,25.8:0.0,21.9:481.2,22.9:486.7,23.7:482.5,24.9:476.7,26.1:470.5,27.2:467.5,28.2:465.5,29.2:461.2,30.1:456.2,31.3:452.0,32.3:449.2,33.3:447.2,34.4:444.0,35.5:441.5,36.5:439.7,37.6:438.2,38.5:436.2,39.5:433.5,40.6:432.0,41.6:431.0,42.7:429.7,43.8:429.0,45.1:427.7,45.8:427.7,47.1:427.7,48.0:427.5,49.0:427.0,54.5:0.0,55.6:0.0,56.6:0.0,57.6:0.0,58.7:0.0,59.7:0.0,60.7:0.0,55.1:0.0,56.2:1090.5,57.1:1090.0,58.2:1094.0,59.2:1094.2,60.2:1094.2,61.2:1096.0,62.3:1098.5,63.3:1104.0,64.3:1108.0,65.4:1113.0,66.3:1117.0,67.4:1120.7,68.4:1123.0,69.4:1131.7,70.5:1141.2,71.5:1143.7,72.5:1150.0,73.5:1160.7,74.6:1171.0,75.6:1178.0,76.6:1185.5,84.4:0.0,85.4:0.0,86.4:0.0,87.5:0.0,88.5:0.0,89.5:0.0,90.5:0.0,91.5:0.0,92.5:0.0,93.5:0.0,94.5:0.0,95.6:0.0,96.6:0.0,97.6:0.0,98.6:0.0,99.7:0.0,100.7:0.0,101.7:0.0,102.7:0.0,103.8:0.0,104.8:0.0,105.8:0.0,106.8:0.0,107.9:0.0,108.9:0.0,109.9:0.0,110.9:0.0,112.0:0.0,113.0:0.0,114.0:0.0,115.0:0.0,116.1:0.0,109.8:0.0,110.8:2046.5,111.9:2026.7,112.9:2010.5,121.2:0.0,115.0:1980.2,123.2:0.0,117.0:1930.2,118.0:1899.0,119.1:1890.5,120.1:1879.2,121.1:1862.5,122.2:1848.0,123.2:1832.0,124.2:1819.2,125.2:1814.2,126.3:1814.0,134.5:0.0,135.5:0.0,136.6:0.0,137.6:0.0,131.3:0.0,132.3:2245.7,133.4:2228.0,134.4:2209.5,135.4:2202.0,136.4:2197.5,137.5:2193.5,138.5:2187.7,139.5:2189.2,140.5:2185.5,141.5:2178.7,142.6:2180.5,143.6:2187.0,144.6:2191.0,145.7:2190.0,146.7:2189.7,147.7:2193.2,148.7:2198.2,149.7:2205.2,150.8:2209.7,151.8:2216.5,160.2:0.0,153.8:2224.5,155.0:2234.7,163.4:0.0,164.4:0.0,165.4:0.0,159.1:2259.7,167.5:0.0,168.5:0.0,169.6:0.0,170.6:0.0,171.6:0.0,172.6:0.0,173.7:0.0,167.4:0.0,168.5:1986.5,169.5:1951.5,170.5:1915.2,171.6:1896.5,172.6:1888.2,173.6:1878.2,174.7:1864.0,175.7:1854.7,176.7:1844.5,177.8:1831.0,178.8:1821.5,179.8:1816.2,180.9:1809.2,181.9:1801.2,183.0:1795.7,184.0:1793.7,185.0:1798.0,186.0:1803.5,194.2:0.0,188.1:0.0,189.2:1729.2,190.2:1693.2,191.2:1667.0,192.2:1645.2,193.3:1620.5,194.3:1591.0,195.4:1564.0,196.4:1540.2,197.5:1519.2,198.5:1497.0,199.6:1473.0,200.6:1454.0,208.6:0.0,209.7:0.0,210.7:0.0,205.6:0.0,206.7:739.5,207.8:733.2,214.8:0.0,209.9:724.0,211.0:712.7,212.0:706.5,213.0:702.5,214.1:697.7,215.2:694.7,216.1:693.2,217.2:690.0,218.3:687.7,219.3:685.5,220.3:681.2,221.4:679.2,222.4:678.5,223.5:677.0,224.5:675.0,225.5:673.7,226.6:673.5,227.6:673.0,228.5:672.2,229.5:672.0,230.7:671.7,231.7:671.7,232.8:671.5,233.6:672.5,234.7:674.0,235.8:674.2,236.9:674.0,237.9:675.0,238.8:676.0,239.8:677.7,240.9:680.2,241.9:683.2,243.0:685.2,243.9:687.7,245.0:690.5,246.0:693.2,247.0:696.7,248.0:700.5,249.0:705.0,250.1:708.5,251.1:713.2,252.0:718.7,259.1:0.0,254.2:716.7,255.3:0.0,256.5:0.0,257.4:0.0,258.7:0.0,259.7:0.0,260.8:0.0,262.1:0.0,263.0:533.2,264.3:0.0,265.4:0.0,266.5:487.2,267.4:475.7,268.6:463.0,269.6:450.7,271.0:439.2,271.9:428.7,273.0:420.0,274.1:410.7,275.4:402.2,276.5:394.7,277.5:387.5,278.5:381.0,279.5:375.2,280.6:368.5,281.8:361.7,282.7:357.2,283.7:352.2,285.0:347.0,286.4:342.0,287.0:337.2,288.6:332.2,289.4:328.2,290.5:326.5,291.5:326.0,292.4:326.0,293.2:327.5,294.7:329.7,295.4:332.7,300.0:0.0,301.1:0.0,298.7:0.0,299.7:307.5,301.0:302.0,301.9:298.7,303.3:295.7,304.3:293.2,305.2:292.0,306.1:290.2,307.5:289.0,309.2:287.7,309.5:287.0,311.0:286.2,312.1:284.7,312.3:284.0,313.6:283.2,314.7:282.2,316.1:281.5,317.0:281.0,317.5:280.7,318.5:280.7,320.4:280.2,320.6:280.2,321.9:280.5,322.9:280.2,323.9:281.0,325.7:281.7,325.9:282.0,326.8:282.7,328.8:283.7,329.3:284.0,330.5:285.0,331.2:286.2,331.9:287.2,333.3:288.0,334.5:289.2,335.8:290.2,336.3:291.5,337.0:292.5,338.3:294.0,339.5:296.2,340.5:298.2,341.5:300.0,342.5:302.2,343.1:304.2,344.1:306.0,345.2:308.2,346.4:310.7,347.3:313.5,347.9:316.5,349.2:319.2,350.4:323.0,351.0:326.0,352.2:329.0,353.0:333.0,354.0:337.0,
353.2:664.2,354.2:661.0,355.4:658.0,2.1:0.0,3.2:0.0,358.2:0.0,359.2:724.5,6.2:0.0,7.3:0.0,8.3:0.0,9.3:0.0,10.3:0.0,11.4:0.0,12.4:0.0,13.4:0.0,14.5:0.0,15.5:0.0,9.6:0.0,10.7:1289.0,11.7:1268.7,12.7:1263.5,13.8:1261.2,14.9:1263.2,15.8:1266.0,16.9:1263.7,17.9:1263.0,19.0:1261.5,20.0:1260.2,21.0:1261.5,22.0:1262.7,23.1:1264.5,24.1:1266.7,25.1:1268.2,26.1:1272.0,27.2:1273.7,28.2:1274.7,29.2:1282.7,30.2:1288.2,31.3:1287.2,32.2:1291.5,40.2:0.0,41.2:0.0,42.3:0.0,43.3:0.0,44.3:0.0,45.3:0.0,39.4:0.0,40.5:1362.0,41.5:1369.0,42.5:1379.5,43.6:1389.0,51.5:0.0,52.5:0.0,53.6:0.0,54.6:0.0,55.6:0.0,56.7:0.0,57.7:0.0,51.7:0.0,59.7:0.0,60.8:0.0,61.8:0.0,62.8:0.0,63.9:0.0,64.9:0.0,65.9:0.0,66.9:0.0,67.9:0.0,69.0:0.0,70.0:0.0,71.0:0.0,72.0:0.0,73.1:0.0,74.1:0.0,67.9:0.0,76.1:0.0,77.2:0.0,78.2:0.0,79.2:0.0,80.2:0.0,81.3:0.0,75.1:0.0,83.3:0.0,77.2:1764.0,78.2:1734.7,86.4:0.0,87.4:0.0,81.3:0.0,82.3:1665.7,83.3:1655.5,84.4:1646.7,92.5:0.0,93.5:0.0,94.5:0.0,95.5:0.0,96.6:0.0,97.6:0.0,91.3:0.0,92.3:2062.2,93.4:2040.2,94.4:2019.0,95.5:2010.2,96.5:1996.7,97.5:1989.7,98.5:1987.2,99.6:1981.7,100.6:1976.5,101.6:1978.5,102.6:1973.7,103.6:1966.0,104.6:1964.0,105.7:1960.0,106.7:1955.2,107.7:1958.2,108.8:1960.2,109.8:1957.2,110.8:1958.2,111.9:1956.7,112.9:1959.2,113.9:1968.0,114.9:1973.7,115.9:1974.2,116.9:1978.2,118.0:1983.0,119.0:1985.7,120.0:1993.5,121.0:2003.7,122.0:2017.0,123.1:2021.7,124.1:2027.5,125.1:2040.0,126.1:2049.7,127.2:2058.7,128.2:2070.7,129.2:2084.5,137.5:0.0,131.4:0.0,132.5:1681.2,133.6:1657.5,134.6:1624.2,135.6:1611.2,136.6:1600.5,137.7:1587.5,138.7:1577.5,139.7:1566.2,140.7:1558.2,141.8:1551.2,142.8:1543.7,143.9:1536.2,144.9:1526.5,145.9:1521.0,146.9:1518.2,148.0:1514.0,149.0:1506.2,150.1:1500.0,158.1:0.0,152.1:1508.2,153.1:1517.2,154.1:1519.0,162.3:0.0,156.3:0.0,157.3:1433.7,158.4:1406.0,159.4:1380.0,160.5:1359.7,161.5:1339.0,162.6:1319.5,163.7:1299.0,164.7:1280.7,165.7:1267.7,166.7:1254.2,167.8:1238.2,168.9:1222.0,169.9:1206.0,170.9:1193.2,172.0:1181.5,173.0:1170.5,174.0:1160.5,175.1:1150.0,176.2:1139.2,177.1:1128.7,178.2:1121.5,185.9:0.0,187.0:0.0,188.0:0.0,184.0:0.0,185.1:503.2,185.9:501.5,187.0:499.2,188.0:497.0,189.1:494.2,190.0:493.5,191.0:493.2,192.2:492.0,193.3:490.2,194.3:489.7,195.5:489.5,196.4:489.2,197.2:489.2,198.4:489.2,199.5:489.7,200.4:490.5,201.4:490.0,202.5:490.2,203.4:491.2,204.5:491.7,205.8:493.5,206.6:495.2,207.6:497.0,208.8:499.0,209.6:502.2,210.7:504.2,211.9:505.0,212.7:507.7,213.9:509.7,214.8:511.2,215.9:515.2,216.9:519.2,217.8:523.2,218.7:527.2,219.9:529.5,221.0:533.7,221.8:538.5,223.0:543.0,224.0:546.7,224.9:551.5,231.3:0.0,232.3:0.0,233.3:0.0,234.3:0.0,235.3:0.0,236.4:0.0,237.4:0.0,232.7:0.0,239.5:0.0,234.8:608.5,241.5:0.0,242.5:0.0,243.6:0.0,244.6:0.0,245.6:0.0,246.7:0.0,247.7:0.0,248.7:0.0,243.9:0.0,245.0:689.0,245.9:678.2,247.0:667.7,248.2:657.0,249.3:646.0,250.3:637.0,251.2:629.7,252.4:621.5,253.3:612.7,254.3:605.0,255.4:597.2,256.4:590.0,257.5:583.7,258.6:578.2,259.7:573.5,260.7:567.7,261.8:563.0,262.8:559.2,263.7:553.5,264.8:548.5,265.9:544.7,267.1:541.0,268.0:537.0,269.1:533.7,270.1:531.5,271.0:528.5,272.3:525.2,273.2:522.5,274.2:520.5,275.3:518.7,276.3:517.0,277.3:515.5,278.2:514.0,279.5:513.5,280.5:512.5,281.5:510.5,282.5:509.5,283.4:509.5,284.7:508.7,285.7:507.7,286.6:508.0,287.5:509.0,288.7:510.5,289.5:517.2,295.8:0.0,291.5:531.0,292.5:533.0,293.7:523.5,294.8:519.5,295.7:519.0,296.7:519.0,297.8:519.5,298.8:521.2,299.7:523.7,301.0:526.5,302.1:528.0,303.1:530.2,304.0:533.5,305.0:536.5,305.9:539.7,306.9:542.7,308.0:546.5,309.1:550.5,310.1:555.2,310.9:560.5,312.0:565.5,313.0:570.5,314.0:575.0,315.0:579.7,315.9:584.7,317.0:590.7,318.0:597.7,318.9:604.7,319.9:611.7,321.0:620.0,322.1:628.0,323.0:635.0,324.1:642.2,325.0:651.7,326.0:660.7,327.0:670.2,328.0:681.2,329.0:692.2,330.0:703.0,331.1:715.0,332.0:727.0,333.0:738.7,334.0:753.7,341.1:0.0,342.1:0.0,343.1:0.0,344.2:0.0,339.0:763.5,346.2:0.0,347.2:0.0,348.3:0.0,349.3:0.0,344.4:0.0,345.4:710.0,352.4:0.0,353.4:0.0,348.6:0.0,349.6:680.5,350.6:674.2,351.8:669.2,
359.2:0.0,0.2:0.0,1.2:0.0,2.2:0.0,358.1:0.0,359.1:529.7,0.1:535.7,6.3:0.0,7.4:0.0,8.4:0.0,9.4:0.0,10.4:0.0,11.5:0.0,12.5:0.0,13.5:0.0,14.5:0.0,15.6:0.0,9.9:0.0,10.9:1117.5,12.1:1100.5,13.1:1082.2,14.1:1079.2,15.0:1078.2,16.2:1077.5,17.1:1078.0,18.2:1078.7,19.1:1079.0,20.2:1081.2,21.3:1081.5,22.2:1081.0,23.3:1082.0,24.3:1082.2,25.3:1084.5,26.4:1089.0,27.4:1091.2,28.4:1092.5,29.5:1096.5,30.5:1099.5,31.5:1103.0,32.5:1110.5,33.5:1117.5,34.5:1121.7,35.6:1126.0,43.2:0.0,37.6:1135.5,38.5:1145.2,39.5:1155.0,40.6:1166.5,41.6:1176.2,42.6:1184.5,50.4:0.0,51.5:0.0,52.5:0.0,53.5:0.0,54.5:0.0,55.5:0.0,56.6:0.0,57.6:0.0,58.6:0.0,59.7:0.0,60.7:0.0,61.7:0.0,62.7:0.0,63.7:0.0,64.8:0.0,65.8:0.0,66.8:0.0,67.8:0.0,68.8:0.0,69.9:0.0,70.9:0.0,71.9:0.0,72.9:0.0,74.0:0.0,75.0:0.0,76.0:0.0,77.0:0.0,78.0:0.0,79.1:0.0,72.9:0.0,73.9:1896.2,82.1:0.0,83.2:0.0,77.0:0.0,78.0:1804.2,79.0:1783.7,80.1:1770.0,81.1:1752.2,89.3:0.0,83.1:1730.5,84.1:1709.7,85.2:1692.2,86.2:1677.0,87.2:1664.0,88.2:1653.0,89.2:1645.7,90.2:1637.7,91.3:1636.0,99.4:0.0,100.5:0.0,101.5:0.0,102.5:0.0,96.2:0.0,97.2:2078.2,98.3:2060.5,99.3:2042.5,100.3:2039.0,101.3:2039.0,102.3:2034.2,103.4:2027.5,104.4:2026.2,105.4:2023.2,106.4:2021.2,107.5:2021.7,108.5:2018.2,109.5:2016.0,110.5:2018.7,111.5:2023.0,112.5:2027.7,113.6:2030.7,114.6:2034.2,115.6:2036.2,116.6:2039.0,117.6:2047.2,118.7:2051.7,119.7:2055.5,120.7:2060.5,121.7:2067.0,122.7:2076.2,123.8:2084.0,124.8:2093.2,125.8:2105.7,126.8:2117.5,127.8:2130.7,128.8:2146.5,137.2:0.0,130.9:2173.5,131.9:2203.7,133.0:2221.0,141.3:0.0,142.4:0.0,136.2:0.0,137.2:1800.7,138.2:1776.5,139.3:1765.5,140.3:1754.0,141.3:1745.2,142.4:1735.2,143.4:1725.0,144.4:1714.5,145.4:1708.2,146.5:1702.2,147.5:1694.2,148.5:1688.2,149.6:1682.2,150.6:1678.0,151.6:1673.7,152.6:1668.5,153.6:1674.7,154.6:1685.5,155.7:1689.7,163.9:0.0,157.8:1666.5,158.9:1632.5,159.9:1611.7,161.0:1586.2,162.0:1561.5,163.0:1539.0,164.1:1517.2,165.1:1496.5,166.1:1475.0,167.2:1456.5,168.2:1440.7,169.3:1426.2,170.3:1409.7,171.4:1392.5,172.3:1377.2,173.4:1367.7,174.5:1353.2,175.5:1337.7,176.5:1327.2,177.5:1316.7,178.6:1308.7,186.5:0.0,181.7:0.0,182.7:699.2,183.7:693.5,184.7:690.2,185.7:687.7,186.8:686.0,187.8:684.0,188.9:682.2,189.8:680.7,190.9:679.0,192.0:677.5,193.0:676.0,194.0:676.2,195.0:676.7,196.1:676.5,197.1:676.5,198.2:676.0,199.2:675.7,200.1:676.2,201.1:676.7,202.1:677.2,203.3:678.2,204.4:680.2,205.3:682.7,206.3:684.2,207.4:685.5,208.3:688.5,209.4:691.7,210.5:694.0,211.5:696.5,212.4:699.5,213.4:704.7,214.5:709.0,215.5:712.5,216.5:717.0,217.6:720.2,218.6:727.0,219.6:732.7,220.6:738.2,221.6:745.0,222.6:751.0,229.6:0.0,224.6:760.5,225.6:769.7,226.6:777.0,233.7:0.0,228.6:790.5,235.8:0.0,230.6:800.7,231.7:791.5,232.8:771.7,233.9:751.7,235.0:732.0,236.1:715.2,237.2:700.5,238.2:684.0,239.2:668.7,240.2:655.2,241.3:642.7,242.5:632.0,243.6:620.2,244.5:607.7,245.7:597.7,246.8:588.5,247.7:580.2,248.9:572.5,249.9:565.0,250.9:556.7,252.2:548.0,253.1:541.7,254.1:536.5,255.2:529.5,256.2:523.2,257.2:519.0,258.2:514.0,259.3:508.7,260.4:504.2,261.6:499.7,262.6:495.2,263.6:490.7,264.7:487.0,265.7:484.7,266.9:485.0,267.7:487.7,268.7:494.2,269.7:505.7,270.7:0.0,271.9:478.5,273.1:470.5,274.0:465.5,275.1:462.5,276.0:461.2,277.0:459.7,278.0:458.5,279.1:457.7,280.2:456.5,281.3:455.7,282.1:455.0,283.3:453.7,284.2:453.2,285.5:452.5,286.1:452.2,287.4:452.7,288.1:454.2,289.3:454.7,290.5:454.7,291.5:455.5,292.5:456.0,293.6:456.5,294.3:457.7,295.4:459.5,296.5:461.0,297.3:462.2,298.3:464.5,299.5:466.5,300.5:468.7,301.4:472.0,302.4:474.5,303.5:476.0,304.5:478.5,305.7:481.5,306.7:483.7,307.6:487.2,308.7:491.2,309.5:495.0,310.6:499.2,311.6:503.5,312.5:508.2,313.5:512.2,314.6:516.2,315.6:521.2,316.5:526.7,317.7:532.2,318.5:537.7,319.5:543.2,320.5:549.7,321.5:556.7,322.4:564.5,323.6:572.7,324.6:579.7,325.4:588.5,326.5:603.2,333.1:0.0,334.1:0.0,335.2:0.0,336.2:0.0,337.2:0.0,338.2:0.0,339.3:0.0,340.3:0.0,341.3:0.0,342.4:0.0,343.4:0.0,344.4:0.0,345.4:0.0,346.5:0.0,347.5:0.0,348.5:0.0,349.5:0.0,345.6:0.0,346.5:485.5,347.7:480.7,348.8:475.2,349.8:472.2,351.0:469.0,351.7:465.7,353.0:465.5,
358.7:0.0,359.8:0.0,0.8:0.0,358.3:0.0,359.5:326.5,3.9:0.0,4.9:0.0,5.9:0.0,7.0:0.0,8.0:0.0,9.0:0.0,10.0:0.0,11.0:0.0,12.1:0.0,13.1:0.0,14.1:0.0,15.2:0.0,16.2:0.0,17.2:0.0,18.3:0.0,12.8:0.0,20.3:0.0,15.0:913.7,16.0:897.7,17.0:894.0,18.0:894.0,19.0:894.0,20.1:893.5,21.1:895.5,22.2:896.7,23.2:897.0,24.2:898.0,25.3:899.5,26.3:903.7,27.3:907.2,28.3:909.0,29.3:911.5,30.4:914.0,31.4:918.0,32.4:921.7,33.4:925.2,34.4:928.7,35.5:934.5,36.5:939.5,37.4:943.5,38.5:953.0,39.6:958.0,40.5:962.7,41.5:969.2,49.1:0.0,50.1:0.0,51.1:0.0,45.6:0.0,53.2:0.0,47.6:1016.7,55.2:0.0,56.2:0.0,57.3:0.0,58.3:0.0,59.3:0.0,60.4:0.0,61.4:0.0,62.4:0.0,63.4:0.0,64.5:0.0,65.5:0.0,66.5:0.0,67.5:0.0,68.5:0.0,69.5:0.0,70.6:0.0,71.6:0.0,72.6:0.0,73.6:0.0,74.7:0.0,75.7:0.0,76.7:0.0,77.7:0.0,78.7:0.0,79.8:0.0,80.8:0.0,81.8:0.0,82.8:0.0,83.9:0.0,84.9:0.0,78.7:0.0,86.9:0.0,80.7:1847.0,81.8:1815.5,82.8:1799.2,83.8:1785.0,84.8:1770.5,85.8:1758.5,86.9:1745.7,87.9:1733.7,88.9:1726.2,89.9:1713.5,91.0:1700.7,92.0:1688.0,93.0:1679.5,94.0:1671.2,95.1:1661.5,96.1:1658.0,97.1:1653.2,105.3:0.0,106.3:0.0,107.3:0.0,101.0:0.0,102.1:2113.0,103.0:2095.0,104.1:2077.5,105.1:2083.2,106.1:2077.7,107.2:2076.5,108.2:2080.0,109.2:2080.5,110.2:2077.5,111.2:2079.0,112.3:2087.7,113.3:2086.5,114.3:2086.5,115.3:2091.2,116.4:2098.0,117.4:2101.0,118.4:2106.5,119.4:2119.7,120.5:2123.7,121.4:2126.7,122.5:2142.0,123.5:2160.0,124.5:2166.5,125.5:2176.2,126.5:2189.7,127.6:2201.7,128.6:2217.2,129.6:2229.2,130.7:2242.0,131.7:2261.2,140.1:0.0,141.1:0.0,142.1:0.0,143.1:0.0,144.2:0.0,145.2:0.0,146.2:0.0,140.0:0.0,141.0:1959.0,142.0:1934.7,143.1:1919.5,144.1:1914.0,145.1:1908.2,146.1:1896.2,147.2:1886.0,148.2:1876.7,149.2:1871.5,150.2:1869.5,151.3:1863.2,152.3:1859.2,153.3:1856.0,154.4:1850.7,155.4:1849.7,163.7:0.0,157.5:1866.2,158.5:1878.0,166.7:0.0,160.6:1849.2,161.6:1807.5,162.6:1777.7,163.7:1754.2,164.7:1728.7,165.8:1705.2,166.8:1687.0,167.8:1668.0,168.8:1650.0,169.9:1637.7,171.0:1620.5,172.0:1602.2,173.0:1587.0,174.0:1568.2,175.1:1553.7,176.1:1541.0,177.2:1528.2,178.1:1516.2,186.3:0.0,180.9:0.0,182.0:898.0,183.0:893.2,184.0:888.7,185.1:882.5,186.1:880.2,187.1:877.2,188.2:873.2,189.2:871.7,190.2:871.2,191.2:868.2,192.3:866.0,193.3:865.5,194.2:866.2,195.3:865.7,196.4:865.0,197.3:865.7,198.5:864.2,199.4:864.2,200.5:866.7,201.4:868.2,202.6:869.5,203.5:871.0,204.5:872.5,205.6:875.2,206.6:877.5,207.6:879.7,208.6:883.2,209.7:886.0,210.8:888.7,211.8:893.5,212.8:899.5,213.8:905.0,214.8:910.7,215.9:914.2,216.8:919.5,217.9:926.0,225.3:0.0,226.3:0.0,221.0:932.0,222.1:0.0,223.1:0.0,224.1:0.0,225.2:0.0,226.5:0.0,227.5:0.0,228.6:742.5,229.5:721.5,230.8:700.5,231.8:681.2,232.8:664.0,234.0:647.5,234.9:632.0,236.1:617.5,237.2:603.7,238.4:590.7,239.3:578.5,240.4:567.2,241.3:555.7,242.5:545.7,243.6:537.2,244.7:532.5,245.8:531.7,246.6:533.5,247.8:537.2,248.8:0.0,250.2:493.0,251.2:484.2,252.1:478.0,253.0:472.0,254.2:466.7,255.2:461.2,256.3:456.2,257.6:451.5,258.6:446.0,259.5:441.7,260.6:438.0,261.6:433.7,262.5:430.7,263.7:427.7,264.7:424.2,265.8:421.7,266.9:418.5,268.0:415.5,269.2:413.2,270.2:410.7,271.3:409.2,272.0:407.2,273.4:405.0,274.2:403.5,275.0:402.2,276.3:401.0,277.2:399.7,278.3:398.5,279.3:397.5,280.5:396.0,281.4:395.2,282.6:395.5,283.6:394.7,284.3:393.7,285.6:393.7,286.5:394.5,287.3:394.7,288.6:394.5,289.8:394.5,290.6:395.0,291.4:396.0,292.5:397.2,293.9:397.7,294.8:399.0,295.6:400.0,296.5:400.5,297.7:402.5,298.6:404.7,299.6:405.7,300.6:407.0,301.5:409.0,302.8:412.0,303.5:414.2,304.8:416.7,305.8:419.5,306.7:421.7,307.9:424.0,308.6:427.2,309.5:431.0,310.5:434.7,311.5:439.5,312.6:446.2,318.4:0.0,319.4:0.0,320.4:0.0,321.5:0.0,322.5:0.0,323.5:0.0,324.5:0.0,325.5:0.0,326.6:0.0,327.6:0.0,328.6:0.0,329.6:0.0,330.7:0.0,331.7:0.0,332.8:0.0,333.8:0.0,334.8:0.0,335.8:0.0,336.9:0.0,337.9:0.0,338.9:0.0,339.9:0.0,341.0:0.0,342.0:0.0,343.0:0.0,344.0:0.0,345.1:0.0,346.1:0.0,347.1:0.0,346.2:0.0,346.5:268.0,348.5:266.0,349.4:265.7,350.6:267.2,350.5:268.0,354.3:0.0,355.3:0.0,356.4:0.0,357.4:0.0,358.4:0.0,
351.8:2048.7,352.9:2031.5,353.9:2025.5,354.9:2019.0,356.0:2010.7,357.0:2006.7,358.0:2002.5,359.0:1997.7,0.1:1999.2,1.1:1998.2,2.1:1993.5,3.2:1988.5,4.2:1987.0,5.2:1991.2,6.2:1992.7,7.2:1990.0,8.3:1991.0,9.2:1996.0,10.3:1998.0,11.3:2001.2,12.3:2007.0,13.4:2015.2,14.4:2023.7,15.4:2028.7,16.5:2036.7,17.5:2044.0,18.5:2047.2,19.5:2053.0,20.5:2060.2,21.6:2067.7,22.6:2078.7,23.6:2092.2,24.6:2109.0,25.6:2122.0,26.7:2132.5,27.7:2143.2,28.7:2159.7,37.1:0.0,30.9:0.0,31.9:1733.2,33.0:1703.2,34.0:1693.2,35.0:1677.7,36.0:1663.0,37.1:1655.0,38.1:1646.5,39.2:1636.5,40.1:1627.0,41.2:1622.7,42.2:1617.7,43.2:1607.5,44.3:1599.2,45.3:1594.7,46.3:1591.7,47.4:1592.5,48.4:1591.5,49.4:1603.7,50.4:1610.0,51.4:1603.7,59.6:0.0,53.5:0.0,54.6:1539.0,55.6:1516.5,56.7:1490.7,57.7:1463.7,58.7:1444.2,59.7:1425.7,60.8:1404.5,61.8:1382.7,62.8:1367.5,63.9:1351.5,65.0:1333.5,66.0:1319.2,67.0:1304.5,68.0:1291.7,69.0:1279.5,70.1:1267.5,71.1:1257.7,72.1:1249.0,73.2:1239.2,74.2:1225.7,75.3:1223.2,83.1:0.0,78.4:0.0,79.4:606.2,80.7:602.7,81.7:601.7,82.6:599.5,83.7:595.5,84.7:594.2,85.7:592.0,86.6:591.2,87.7:590.2,88.6:588.5,89.9:588.2,90.7:586.7,91.7:586.0,92.8:586.5,93.9:587.0,94.9:586.5,95.9:586.5,96.8:586.7,98.0:587.2,98.9:588.7,99.9:590.2,101.0:591.0,101.9:592.5,102.9:594.7,104.1:596.2,104.9:598.0,105.9:600.2,107.0:602.7,108.0:605.7,108.9:608.5,110.0:612.2,111.1:615.5,112.0:617.5,113.0:620.7,114.0:626.0,115.1:632.2,116.1:636.5,117.0:639.5,118.1:643.7,119.0:648.2,120.1:653.5,120.9:659.7,122.1:665.7,123.0:670.7,129.9:0.0,130.9:0.0,126.0:0.0,133.0:0.0,134.0:0.0,135.0:0.0,136.0:0.0,137.0:0.0,138.1:0.0,133.2:0.0,134.1:732.0,135.2:716.2,136.3:701.0,137.3:686.2,138.5:672.2,139.4:660.5,140.4:650.0,141.7:639.2,142.6:628.2,143.8:618.5,144.8:609.5,145.9:600.2,146.8:590.7,148.0:582.2,149.1:574.5,150.0:567.7,151.1:562.2,152.1:555.7,153.1:548.7,154.4:543.0,155.2:537.7,156.3:532.2,157.4:527.5,158.6:523.5,159.5:519.2,160.6:515.5,161.6:511.0,162.6:506.7,163.8:503.7,164.8:499.7,165.9:497.2,167.0:495.0,168.1:492.2,168.9:489.7,170.1:486.0,171.1:484.0,172.1:483.7,173.1:483.5,174.1:484.5,175.0:488.2,181.2:0.0,182.2:0.0,178.1:490.2,179.3:486.0,180.3:481.0,181.3:478.0,182.2:476.5,183.3:475.7,184.3:475.7,185.5:475.7,186.6:476.2,187.5:477.2,188.6:477.5,189.5:478.2,190.7:479.5,191.4:481.0,192.7:482.5,193.6:483.7,194.5:485.0,195.7:487.0,196.6:488.2,197.8:491.0,198.7:494.5,199.8:496.5,200.6:499.0,201.6:502.5,202.8:505.7,203.6:508.5,204.6:512.0,205.7:516.2,206.6:520.5,207.8:524.7,208.6:529.2,209.7:533.7,210.6:538.0,211.7:542.2,212.8:547.5,213.7:554.0,214.8:560.0,215.7:566.2,216.8:573.0,217.6:580.0,218.8:586.7,219.8:594.5,220.6:603.7,221.6:612.2,222.6:621.0,223.6:629.0,224.7:637.7,225.6:648.0,226.6:659.2,227.5:675.2,234.5:0.0,235.5:0.0,236.5:0.0,237.6:0.0,238.6:0.0,239.6:0.0,240.6:0.0,241.7:0.0,242.7:0.0,243.7:0.0,244.7:0.0,240.3:0.0,241.3:600.7,242.4:596.7,243.4:589.7,244.2:584.0,245.4:577.7,246.4:570.0,247.5:565.5,248.5:562.0,249.5:560.2,250.6:560.0,251.7:560.7,258.0:0.0,259.1:0.0,260.1:0.0,255.5:0.0,256.6:618.0,263.2:0.0,264.2:0.0,265.2:0.0,266.2:0.0,267.2:0.0,268.3:0.0,269.3:0.0,270.3:0.0,271.3:0.0,272.4:0.0,266.6:0.0,267.6:1189.5,268.7:1172.2,269.7:1170.5,270.8:1169.0,271.7:1168.7,272.8:1168.7,273.8:1166.7,274.9:1165.0,275.8:1165.2,276.8:1166.2,277.8:1168.0,278.8:1170.2,279.8:1172.2,280.8:1172.7,281.8:1173.2,282.9:1179.2,283.9:1183.7,285.0:1185.2,285.9:1188.7,286.9:1194.5,288.0:1199.7,289.0:1202.7,290.0:1206.0,297.8:0.0,298.8:0.0,299.9:0.0,300.9:0.0,301.9:0.0,302.9:0.0,297.1:0.0,298.1:1270.0,299.2:1277.5,307.1:0.0,308.1:0.0,309.1:0.0,310.2:0.0,311.2:0.0,312.2:0.0,306.3:0.0,314.2:0.0,315.3:0.0,316.3:0.0,317.3:0.0,318.3:0.0,319.4:0.0,320.4:0.0,321.4:0.0,322.4:0.0,323.5:0.0,324.5:0.0,318.4:0.0,326.5:0.0,327.5:0.0,328.6:0.0,329.6:0.0,330.7:0.0,331.7:0.0,332.7:0.0,326.5:0.0,334.8:0.0,335.8:0.0,336.8:0.0,337.9:0.0,338.9:0.0,332.7:0.0,333.7:1783.5,342.0:0.0,335.8:1758.7,336.9:1733.7,337.9:1715.0,339.0:1696.7,340.0:1683.0,341.0:1664.7,342.0:1654.2,343.0:1647.2,344.1:1640.2,352.2:0.0,353.2:0.0,354.3:0.0,355.3:0.0,356.4:0.0,350.1:0.0,351.1:2066.5,
351.5:1857.5,352.5:1830.2,353.5:1821.2,354.6:1819.7,355.5:1816.7,356.6:1811.7,357.6:1808.5,358.6:1805.2,359.7:1802.0,0.7:1796.0,1.7:1793.7,2.7:1794.0,3.8:1795.0,4.8:1794.5,5.8:1794.0,6.9:1795.0,7.9:1797.2,8.9:1796.5,9.9:1798.0,11.0:1800.7,12.0:1803.5,13.0:1813.0,14.0:1819.2,15.0:1825.2,16.1:1824.0,17.1:1829.5,18.1:1846.0,19.1:1852.5,20.2:1858.0,21.2:1864.0,22.2:1871.5,23.2:1887.5,24.2:1899.0,25.3:1908.5,26.3:1928.2,27.3:1945.2,28.3:1959.2,29.4:1974.5,30.3:1994.7,31.4:2012.2,32.4:2026.0,33.6:0.0,34.6:1592.7,35.7:1566.2,36.7:1545.7,37.8:1540.5,38.8:1532.5,39.8:1524.2,40.9:1517.7,41.9:1512.2,42.9:1506.2,44.0:1503.5,45.0:1497.5,46.0:1492.0,47.0:1488.0,48.0:1484.5,49.0:1479.7,50.1:1473.5,51.1:1471.5,52.1:1470.5,53.2:1470.7,54.2:1471.2,55.2:1484.5,56.2:1498.5,57.2:1500.7,65.3:0.0,59.3:0.0,60.3:1443.7,61.3:1430.0,62.4:1409.2,63.4:1386.0,64.5:1371.0,65.5:1359.5,66.5:1343.2,67.6:1326.7,68.6:1313.0,69.6:1301.0,70.7:1289.0,71.7:1278.5,72.8:1269.7,73.8:1260.7,74.8:1252.7,75.8:1244.5,76.9:1234.7,77.9:1223.2,78.9:1215.7,80.0:1209.2,81.0:1201.0,82.0:1196.7,83.0:1192.7,84.0:1187.5,85.0:1182.5,86.0:1177.2,87.1:1172.2,88.1:1168.7,89.1:1163.2,90.2:1157.7,91.2:1157.7,99.0:0.0,100.0:0.0,95.3:0.0,96.4:609.0,97.5:608.2,98.5:608.7,99.4:608.0,100.5:608.5,101.5:610.0,102.4:611.5,103.5:613.5,104.5:614.5,105.6:616.7,106.7:619.5,107.6:621.0,108.7:623.7,109.6:625.5,110.5:627.2,111.6:632.2,112.7:637.7,113.7:641.7,114.7:645.0,115.6:649.2,116.8:653.0,117.7:655.7,118.7:661.7,119.7:669.7,120.7:675.0,121.8:680.7,128.6:0.0,123.7:691.5,124.7:701.5,125.7:706.5,132.7:0.0,133.7:0.0,134.7:0.0,135.7:0.0,136.7:0.0,137.8:0.0,138.8:0.0,139.9:0.0,134.6:0.0,135.7:811.5,142.9:0.0,144.0:0.0,145.0:0.0,146.0:0.0,147.0:0.0,141.6:0.0,142.7:882.0,143.8:868.7,144.9:856.0,145.9:844.7,146.9:833.0,148.0:819.0,149.0:807.5,150.1:799.5,151.1:791.2,152.2:781.2,153.2:772.7,154.2:765.2,155.3:757.2,156.5:748.7,157.5:742.2,158.5:737.2,159.5:731.2,160.6:724.5,161.7:719.0,162.7:714.0,163.7:708.7,164.7:703.7,165.7:700.0,166.9:697.2,167.9:693.5,168.8:690.0,170.0:685.5,171.0:682.2,172.0:681.2,173.0:679.2,174.0:677.2,175.0:677.7,176.0:682.5,177.0:0.0,178.2:0.0,179.2:680.0,180.2:673.0,181.3:670.0,182.3:669.2,183.3:668.0,184.2:668.2,185.3:670.0,186.4:670.5,187.4:671.2,188.5:671.5,189.5:672.0,190.5:674.2,191.5:677.2,192.5:680.2,193.5:681.5,194.5:683.5,195.5:686.5,196.6:689.0,197.6:693.2,198.6:695.7,199.6:698.2,200.6:702.7,201.7:707.0,202.7:711.0,203.6:716.5,204.7:721.0,205.7:725.0,206.7:731.7,207.7:738.2,208.8:743.7,209.7:750.2,210.8:758.2,211.8:766.0,212.8:773.2,213.7:780.2,214.8:788.0,215.8:797.0,216.7:807.7,224.0:0.0,225.1:0.0,226.1:0.0,227.1:0.0,228.2:0.0,229.2:0.0,230.2:0.0,231.2:0.0,232.2:0.0,233.3:0.0,234.3:0.0,235.3:0.0,236.3:0.0,237.4:0.0,238.4:0.0,233.7:0.0,234.8:642.2,241.5:0.0,242.5:0.0,243.5:0.0,244.6:0.0,239.7:0.0,240.8:692.0,247.6:0.0,248.7:0.0,249.7:0.0,250.7:0.0,251.7:0.0,252.8:0.0,253.8:0.0,254.8:0.0,255.8:0.0,256.9:0.0,257.9:0.0,258.9:0.0,259.9:0.0,260.9:0.0,262.0:0.0,263.0:0.0,257.2:0.0,265.0:0.0,259.3:0.0,260.3:1181.5,261.4:1177.5,262.3:1172.2,263.4:1167.0,264.4:1165.5,265.5:1163.2,266.5:1157.5,267.5:1153.0,268.5:1151.0,269.5:1149.5,270.6:1150.0,271.6:1151.0,272.6:1149.2,273.7:1149.0,274.7:1148.2,275.6:1145.5,276.7:1147.5,277.7:1151.0,278.7:1151.5,279.8:1152.7,280.7:1154.0,281.8:1154.5,282.8:1156.5,283.8:1159.0,284.8:1162.5,285.8:1169.2,286.9:1174.5,287.9:1179.7,289.0:1185.5,290.0:1189.5,291.0:1196.7,292.0:1204.7,299.8:0.0,300.8:0.0,295.0:1220.0,302.8:0.0,303.9:0.0,298.0:1244.5,306.0:0.0,300.1:1266.0,308.0:0.0,309.0:0.0,310.1:0.0,311.1:0.0,312.1:0.0,313.1:0.0,314.2:0.0,315.2:0.0,316.2:0.0,317.2:0.0,318.3:0.0,319.3:0.0,320.3:0.0,321.3:0.0,322.4:0.0,323.4:0.0,324.4:0.0,325.4:0.0,326.5:0.0,327.5:0.0,328.5:0.0,329.5:0.0,323.4:0.0,331.6:0.0,332.7:0.0,333.7:0.0,334.7:0.0,328.6:0.0,329.7:1633.7,337.8:0.0,338.8:0.0,332.8:0.0,333.8:1556.0,334.8:1539.5,335.8:1529.7,336.9:1517.2,338.0:1499.7,346.0:0.0,347.0:0.0,348.0:0.0,342.0:1472.5,350.1:0.0,351.1:0.0,352.1:0.0,353.2:0.0,354.2:0.0,355.3:0.0,349.1:0.0,350.1:1875.7,351.1:1854.7,
351.6:1542.7,352.7:1535.7,353.7:1529.0,354.7:1522.2,355.7:1518.2,356.7:1515.2,357.8:1513.2,358.9:1508.7,359.9:1502.2,0.9:1501.5,1.9:1501.0,3.0:1499.7,3.9:1502.0,5.0:1500.0,6.0:1497.7,7.0:1499.2,8.0:1500.5,9.0:1502.5,10.1:1503.5,11.2:1504.5,12.1:1510.7,13.1:1515.5,14.2:1516.5,15.2:1519.2,16.2:1524.2,17.2:1530.7,18.3:1537.7,19.3:1545.7,20.3:1553.7,21.3:1560.7,22.4:1566.0,23.3:1573.7,24.4:1582.2,25.4:1588.2,26.4:1599.7,27.5:1612.7,28.4:1623.5,29.5:1635.0,30.5:1648.5,31.5:1665.2,32.5:1684.2,40.7:0.0,34.6:1712.0,35.6:1739.5,43.8:0.0,44.8:0.0,45.8:0.0,46.8:0.0,40.9:0.0,42.0:1368.7,49.9:0.0,44.0:1348.2,52.0:0.0,46.1:1327.0,47.1:1318.2,48.1:1312.0,49.2:1308.2,50.2:1306.0,51.2:1305.2,52.2:1304.2,53.3:1304.2,54.3:1302.0,55.3:1302.5,56.3:1304.2,57.3:1301.5,58.4:1300.5,59.4:1302.7,60.4:1306.5,61.4:1307.7,62.5:1307.5,63.5:1311.0,71.4:0.0,65.5:1319.0,66.5:1338.5,67.5:1354.7,75.5:0.0,76.5:0.0,77.5:0.0,71.6:1339.0,72.7:1316.7,73.7:1306.7,74.7:1296.0,75.8:1287.5,76.8:1279.0,77.9:1270.5,78.8:1264.5,79.9:1257.0,80.9:1249.2,82.0:1245.7,82.9:1242.0,83.9:1234.2,85.0:1224.2,85.9:1218.7,87.0:1216.2,88.0:1213.0,89.1:1208.5,90.0:1203.5,91.1:1202.0,92.2:1200.0,93.2:1195.7,94.2:1195.2,95.1:1195.5,96.2:1195.5,97.2:1194.5,98.3:1193.0,99.3:1194.0,100.3:1197.5,101.3:1199.7,102.3:1198.5,103.3:1200.7,104.4:1202.5,105.4:1202.5,106.4:1208.5,106.9:0.0,115.2:0.0,116.2:0.0,117.2:0.0,118.3:0.0,119.3:0.0,120.3:0.0,121.3:0.0,122.3:0.0,123.4:0.0,118.5:0.0,119.5:711.0,120.5:711.0,121.5:711.5,122.6:713.5,129.5:0.0,130.5:0.0,131.5:0.0,132.5:0.0,133.5:0.0,134.6:0.0,135.6:0.0,136.6:0.0,137.6:0.0,138.7:0.0,139.7:0.0,140.7:0.0,141.8:0.0,142.8:0.0,143.8:0.0,144.8:0.0,145.9:0.0,146.9:0.0,147.9:0.0,148.9:0.0,150.0:0.0,151.0:0.0,152.0:0.0,153.0:0.0,154.0:0.0,155.1:0.0,156.1:0.0,150.4:0.0,151.4:1136.2,152.5:1120.5,153.4:1108.7,154.6:1097.2,155.6:1085.7,156.7:1075.7,157.7:1066.7,158.7:1058.0,159.8:1049.7,160.9:1042.5,161.8:1033.7,162.9:1025.5,164.0:1021.2,165.0:1014.0,166.0:1007.0,167.1:1000.2,168.1:994.2,169.1:990.2,170.1:985.2,171.1:981.5,172.2:978.2,173.2:974.7,174.3:972.0,175.3:970.7,176.3:969.7,177.3:973.0,178.4:982.0,179.4:976.0,180.3:964.5,181.5:962.5,182.5:962.2,183.5:962.2,184.4:962.0,185.5:962.0,186.6:962.0,187.6:964.2,188.5:967.0,189.5:967.7,190.6:970.0,191.6:972.2,192.6:973.7,193.7:978.0,194.6:980.7,195.6:983.5,196.8:986.0,197.7:989.2,198.7:994.7,199.8:999.0,200.7:1004.2,201.8:1010.7,202.7:1017.5,203.9:1024.2,204.8:1031.2,205.9:1038.0,206.9:1045.0,207.8:1057.2,215.5:0.0,216.6:0.0,217.6:0.0,218.6:0.0,219.6:0.0,220.7:0.0,221.7:0.0,222.7:0.0,223.7:0.0,218.6:0.0,225.8:0.0,226.8:0.0,227.8:0.0,228.9:0.0,223.5:0.0,230.9:0.0,231.9:0.0,233.0:0.0,234.0:0.0,235.0:0.0,236.1:0.0,237.1:0.0,238.1:0.0,239.1:0.0,240.2:0.0,241.2:0.0,242.2:0.0,243.2:0.0,244.2:0.0,245.3:0.0,246.3:0.0,247.3:0.0,248.4:0.0,249.4:0.0,250.4:0.0,251.4:0.0,252.5:0.0,253.5:0.0,254.5:0.0,255.5:0.0,256.6:0.0,257.6:0.0,258.5:0.0,252.8:0.0,253.8:1194.2,254.9:1187.5,255.8:1183.2,256.9:1179.2,257.9:1170.7,259.0:1162.2,260.0:1159.0,261.1:1154.5,262.1:1147.2,263.0:1142.5,264.1:1139.2,265.2:1135.5,266.1:1131.5,267.2:1126.5,268.2:1124.2,269.3:1123.0,270.3:1119.7,271.3:1119.2,272.2:1119.0,273.3:1117.5,274.3:1117.2,275.3:1119.0,276.2:1121.7,277.3:1121.5,278.3:1123.7,279.3:1125.5,280.3:1125.5,281.4:1127.7,282.4:1131.0,290.1:0.0,284.4:1136.2,285.4:1141.7,286.4:1148.0,287.5:1152.7,288.4:1155.0,289.4:1159.0,290.4:1167.0,291.5:1174.5,292.4:1179.2,293.5:1185.0,294.5:1190.7,302.3:0.0,303.3:0.0,304.3:0.0,305.3:0.0,306.5:0.0,307.5:0.0,308.5:0.0,302.7:0.0,310.6:0.0,311.6:0.0,312.6:0.0,313.7:0.0,314.7:0.0,315.7:0.0,316.7:0.0,317.7:0.0,318.8:0.0,319.8:0.0,320.8:0.0,321.8:0.0,322.9:0.0,323.9:0.0,324.9:0.0,325.9:0.0,327.0:0.0,328.0:0.0,329.0:0.0,330.0:0.0,331.1:0.0,332.1:0.0,333.1:0.0,334.1:0.0,335.2:0.0,336.2:0.0,337.2:0.0,338.2:0.0,339.2:0.0,340.3:0.0,341.3:0.0,335.5:0.0,336.6:1194.7,337.6:1185.2,338.6:1175.5,339.6:1175.7,347.4:0.0,348.5:0.0,349.5:0.0,350.5:0.0,351.5:0.0,352.6:0.0,353.6:0.0,347.5:0.0,348.6:1583.5,349.6:1582.7,350.7:1564.5,
351.9:1233.0,359.7:0.0,354.0:1229.2,355.0:1221.7,356.0:1215.2,357.1:1213.7,358.1:1212.2,359.0:1208.7,0.1:1207.0,1.1:1205.5,2.2:1203.5,3.1:1203.2,4.2:1203.0,5.3:1202.5,6.2:1203.0,7.2:1204.5,8.3:1205.2,9.3:1206.2,10.4:1208.5,11.4:1209.0,12.5:1209.7,20.2:0.0,14.4:1215.0,15.4:1223.7,16.5:1228.2,17.5:1230.5,18.6:1236.2,19.6:1243.0,20.6:1248.2,21.6:1255.0,22.6:1261.0,23.7:1268.2,24.7:1273.2,25.7:1279.2,26.7:1290.2,34.6:0.0,35.6:0.0,36.7:0.0,37.7:0.0,38.7:0.0,39.7:0.0,40.8:0.0,41.8:0.0,42.8:0.0,43.9:0.0,44.9:0.0,45.9:0.0,47.0:0.0,48.0:0.0,49.0:0.0,50.0:0.0,51.1:0.0,52.1:0.0,53.1:0.0,54.1:0.0,55.2:0.0,49.4:0.0,50.5:1174.5,51.5:1168.7,52.5:1167.2,53.6:1154.2,54.6:1142.2,55.7:1142.2,56.7:1141.7,57.6:1141.2,58.7:1143.0,59.7:1143.7,60.7:1145.5,61.7:1149.0,62.7:1149.7,63.8:1152.0,64.8:1155.7,65.8:1159.0,66.8:1162.7,67.8:1165.0,68.8:1165.7,69.8:1171.5,70.8:1179.7,71.9:1187.0,72.9:1192.7,73.9:1196.2,81.7:0.0,82.8:0.0,83.8:0.0,77.9:0.0,78.9:1260.0,80.0:1274.2,87.9:0.0,88.9:0.0,89.9:0.0,84.1:1272.5,85.1:1265.7,86.1:1262.0,87.2:1258.7,88.2:1253.7,89.2:1250.2,90.2:1248.0,91.3:1245.5,92.3:1243.0,93.3:1238.5,94.3:1234.7,95.4:1234.7,96.3:1236.2,97.3:1236.0,98.4:1235.5,99.5:1236.2,100.4:1237.5,101.5:1238.7,102.5:1241.7,103.5:1243.7,104.5:1246.0,105.5:1249.2,106.5:1251.2,107.6:1255.5,108.6:1261.0,109.7:1265.0,110.7:1268.2,111.6:1274.0,112.7:1280.7,113.7:1285.7,114.7:1291.5,115.7:1300.0,116.7:1307.0,117.7:1313.7,118.7:1330.0,126.7:0.0,127.7:0.0,128.7:0.0,129.8:0.0,130.8:0.0,131.8:0.0,132.8:0.0,133.9:0.0,134.9:0.0,135.9:0.0,136.9:0.0,138.0:0.0,132.7:0.0,133.6:909.0,134.7:895.5,135.8:894.5,136.7:896.2,144.1:0.0,145.2:0.0,146.2:0.0,147.2:0.0,148.2:0.0,149.3:0.0,150.3:0.0,151.3:0.0,152.3:0.0,153.4:0.0,154.4:0.0,155.4:0.0,156.4:0.0,157.5:0.0,158.5:0.0,159.5:0.0,160.5:0.0,161.5:0.0,162.6:0.0,156.7:0.0,157.8:1387.0,158.8:1375.7,159.8:1364.7,160.8:1353.5,161.9:1344.7,163.0:1334.7,164.0:1324.0,165.0:1317.2,166.0:1308.5,167.0:1298.5,168.1:1292.5,169.2:1286.7,170.2:1281.5,171.2:1277.5,172.3:1273.2,173.3:1269.5,174.3:1265.2,175.3:1260.5,176.4:1257.5,177.4:1260.0,185.2:0.0,179.4:1259.2,180.5:1254.0,181.5:1252.7,182.5:1252.0,183.5:1251.5,184.6:1251.7,185.6:1252.7,186.6:1255.0,187.7:1255.0,188.7:1256.2,189.7:1259.0,190.7:1260.7,191.7:1264.7,192.8:1266.7,193.8:1268.5,194.8:1273.7,195.9:1277.7,196.9:1280.5,197.9:1285.5,198.9:1292.2,199.9:1299.0,200.9:1308.0,202.0:1323.0,209.9:0.0,210.9:0.0,212.0:0.0,213.0:0.0,214.0:0.0,208.4:0.0,209.5:1077.5,210.5:1082.0,211.5:1090.0,212.5:1094.5,213.5:1091.7,214.5:1095.2,222.2:0.0,223.3:0.0,224.3:0.0,225.3:0.0,226.3:0.0,227.4:0.0,228.4:0.0,229.4:0.0,230.5:0.0,231.5:0.0,232.5:0.0,233.5:0.0,234.6:0.0,235.6:0.0,236.6:0.0,237.6:0.0,231.7:0.0,239.7:0.0,240.7:0.0,241.7:0.0,242.8:0.0,243.8:0.0,244.8:0.0,245.8:0.0,246.9:0.0,247.9:0.0,248.9:0.0,250.0:0.0,251.0:0.0,252.0:0.0,253.0:0.0,254.1:0.0,255.1:0.0,256.1:0.0,257.1:0.0,251.4:0.0,252.4:1179.2,253.4:1170.2,254.5:1162.2,255.5:1154.7,256.5:1146.5,257.6:1140.2,258.6:1137.7,259.6:1132.0,260.7:1127.2,261.7:1125.2,262.7:1121.7,263.7:1116.0,264.7:1107.7,265.8:1104.5,266.9:1104.5,267.9:1100.7,268.8:1097.7,269.9:1096.0,270.9:1095.0,272.0:1095.0,273.0:1093.2,274.0:1093.7,275.1:1096.7,276.0:1097.5,277.0:1096.7,278.1:1097.5,279.0:1099.0,280.0:1102.2,281.1:1105.2,282.1:1106.0,283.1:1110.0,284.1:1113.5,285.2:1116.0,286.2:1120.5,287.2:1126.2,288.2:1132.2,289.3:1136.5,290.3:1142.5,291.3:1150.0,292.3:1155.2,293.3:1159.2,294.3:1166.5,295.3:1174.5,296.3:1182.0,297.3:1192.0,305.2:0.0,306.3:0.0,307.3:0.0,308.3:0.0,309.3:0.0,310.4:0.0,311.4:0.0,312.4:0.0,313.4:0.0,314.5:0.0,315.5:0.0,316.5:0.0,317.5:0.0,318.6:0.0,319.6:0.0,320.6:0.0,321.7:0.0,322.7:0.0,323.7:0.0,324.7:0.0,325.7:0.0,326.8:0.0,327.8:0.0,322.2:0.0,323.3:1014.7,330.9:0.0,331.9:0.0,333.0:0.0,334.0:0.0,335.0:0.0,329.6:0.0,330.7:921.7,331.7:913.0,332.8:910.5,333.7:912.5,341.2:0.0,342.2:0.0,343.2:0.0,344.2:0.0,345.3:0.0,346.3:0.0,347.3:0.0,348.4:0.0,349.4:0.0,350.4:0.0,351.4:0.0,345.6:0.0,346.6:1294.7,347.7:1274.0,348.8:1254.2,349.8:1247.0,350.9:1238.5,
353.0:839.0,354.1:834.5,355.0:833.0,356.1:831.5,357.1:828.0,358.1:825.0,359.2:823.2,0.1:822.5,1.3:822.0,2.3:820.7,3.2:820.0,4.2:819.0,5.3:819.2,6.3:820.0,7.3:821.0,8.3:822.0,9.5:822.2,10.4:822.7,11.5:825.0,12.4:828.0,13.5:828.7,14.6:830.0,15.5:833.5,16.5:836.7,17.6:841.0,18.5:843.5,19.5:846.7,20.7:850.7,21.6:855.2,22.7:860.2,23.6:863.2,24.7:867.0,25.6:873.2,26.8:880.0,27.8:884.5,35.1:0.0,29.8:894.0,30.7:905.5,31.7:913.5,39.2:0.0,33.8:924.7,34.7:940.0,35.8:951.2,36.9:958.2,44.4:0.0,45.4:0.0,46.4:0.0,47.5:0.0,41.9:0.0,42.9:1031.2,50.5:0.0,51.6:0.0,52.6:0.0,53.6:0.0,54.6:0.0,55.7:0.0,56.7:0.0,57.7:0.0,58.7:0.0,59.8:0.0,60.8:0.0,61.8:0.0,62.8:0.0,63.9:0.0,64.9:0.0,65.9:0.0,66.9:0.0,67.9:0.0,68.9:0.0,70.0:0.0,71.0:0.0,72.0:0.0,73.0:0.0,67.6:0.0,68.6:978.7,69.6:981.7,70.6:985.2,78.2:0.0,72.6:983.5,73.7:976.5,74.7:979.5,75.7:986.5,76.7:992.7,77.8:999.2,85.3:0.0,79.8:1007.2,80.8:1019.5,81.9:1029.7,82.8:1034.7,83.8:1041.2,91.4:0.0,92.4:0.0,93.5:0.0,94.5:0.0,95.5:0.0,96.5:0.0,97.5:0.0,98.6:0.0,99.6:0.0,100.6:0.0,101.6:0.0,102.7:0.0,103.7:0.0,104.7:0.0,105.7:0.0,99.1:0.0,100.9:0.0,101.9:1292.7,102.9:1294.5,103.9:1297.0,105.0:1298.7,106.0:1300.2,107.0:1304.7,108.0:1310.2,109.0:1313.7,110.0:1317.5,111.0:1324.5,112.1:1330.2,113.1:1335.0,114.1:1343.0,115.1:1353.7,116.1:1363.7,117.1:1369.7,118.1:1377.0,119.2:1389.7,120.2:1400.5,121.2:1410.7,122.2:1425.2,123.2:1435.5,124.2:1445.7,125.2:1462.0,126.3:1475.0,127.2:1488.7,128.2:1507.7,129.2:1523.7,130.3:1540.7,138.5:0.0,139.5:0.0,140.5:0.0,141.5:0.0,142.5:0.0,143.6:0.0,144.6:0.0,145.6:0.0,146.6:0.0,147.7:0.0,148.7:0.0,149.7:0.0,150.7:0.0,151.8:0.0,146.0:0.0,147.0:1208.2,148.0:1202.7,155.9:0.0,156.9:0.0,157.9:0.0,158.9:0.0,160.0:0.0,161.0:0.0,162.1:0.0,163.1:0.0,164.1:0.0,165.2:0.0,166.2:0.0,167.2:0.0,161.0:0.0,162.1:1772.7,163.1:1758.0,164.2:1746.2,165.2:1737.7,166.2:1727.2,167.2:1713.7,168.2:1701.5,169.3:1693.0,170.4:1686.0,171.4:1679.0,172.4:1671.2,173.5:1665.2,174.5:1661.2,175.5:1657.7,176.5:1654.2,177.5:1653.7,178.5:1680.7,179.5:0.0,180.5:1644.0,181.6:1644.7,182.6:1644.0,183.7:1643.2,184.7:1643.5,185.7:1645.2,186.7:1644.7,187.7:1645.0,188.8:1647.7,189.8:1650.0,190.8:1656.0,191.8:1660.5,192.9:1665.0,193.9:1670.7,194.9:1674.5,195.9:1678.0,196.9:1694.2,205.1:0.0,206.1:0.0,207.2:0.0,201.2:0.0,209.2:0.0,210.3:0.0,204.3:1432.2,212.3:0.0,213.3:0.0,207.4:1451.7,208.4:1471.2,216.4:0.0,210.4:1490.2,211.4:1508.2,212.4:1523.2,213.5:1537.2,214.5:1544.0,222.6:0.0,223.6:0.0,224.6:0.0,218.6:0.0,219.5:1627.5,227.7:0.0,221.5:0.0,229.8:0.0,230.8:0.0,231.8:0.0,232.8:0.0,233.9:0.0,234.9:0.0,235.9:0.0,236.9:0.0,238.0:0.0,239.0:0.0,240.0:0.0,241.0:0.0,242.1:0.0,243.1:0.0,244.1:0.0,245.1:0.0,246.2:0.0,247.2:0.0,248.2:0.0,249.2:0.0,250.3:0.0,251.3:0.0,252.3:0.0,253.4:0.0,247.6:0.0,248.6:1175.2,249.7:1165.0,257.5:0.0,251.7:1153.7,259.5:0.0,260.5:0.0,254.8:1132.2,255.9:1117.0,256.8:1113.2,257.9:1108.2,259.0:1100.7,260.0:1096.0,261.1:1093.0,262.0:1089.2,263.0:1086.7,264.1:1083.2,265.2:1077.5,266.1:1074.5,267.2:1074.0,268.2:1072.5,269.3:1069.2,270.3:1066.7,271.2:1066.2,272.3:1065.5,273.3:1066.2,274.3:1066.7,275.4:1066.0,276.2:1066.2,277.3:1066.5,278.3:1068.5,279.3:1071.2,280.4:1072.7,281.3:1074.0,282.4:1074.5,283.4:1078.5,284.4:1085.2,285.4:1087.7,286.5:1090.2,287.4:1092.7,288.4:1094.2,289.5:1100.7,290.5:0.0,291.5:1148.7,292.5:1154.2,293.5:1164.5,301.3:0.0,302.3:0.0,303.3:0.0,304.3:0.0,305.3:0.0,306.5:0.0,307.5:0.0,308.5:0.0,309.5:0.0,310.6:0.0,311.6:0.0,312.6:0.0,313.6:0.0,314.7:0.0,315.7:0.0,316.7:0.0,312.2:0.0,318.8:0.0,314.2:595.5,315.3:587.5,316.3:586.0,317.4:584.7,318.2:586.5,319.5:590.5,320.4:597.0,327.0:0.0,328.0:0.0,329.0:0.0,330.0:0.0,331.1:0.0,332.1:0.0,333.1:0.0,334.2:0.0,335.2:0.0,336.2:0.0,337.2:0.0,338.2:0.0,339.3:0.0,340.3:0.0,341.3:0.0,342.4:0.0,343.4:0.0,344.4:0.0,339.0:0.0,340.1:937.0,341.1:923.0,342.1:918.0,349.5:0.0,344.2:0.0,345.2:869.5,346.3:863.7,347.4:859.0,348.3:854.2,349.4:850.7,350.4:847.2,351.4:843.5,
353.2:637.0,354.0:635.2,355.1:633.5,356.2:632.2,357.1:630.7,358.2:629.0,359.3:628.0,0.3:627.5,1.2:626.2,2.3:625.0,3.4:625.0,4.4:625.0,5.3:625.0,6.4:625.2,7.4:625.0,8.5:626.7,9.5:627.7,10.4:628.2,11.6:629.0,12.6:630.2,13.5:632.0,14.6:633.2,15.5:635.5,16.6:638.5,17.5:641.2,18.6:642.7,19.6:645.2,20.7:650.0,21.7:653.7,22.6:655.5,23.7:659.0,24.6:664.0,25.7:667.7,26.7:671.2,27.7:674.7,28.8:679.7,29.9:684.7,30.9:690.0,31.8:696.2,32.8:703.2,33.7:709.5,40.8:0.0,41.8:0.0,42.8:0.0,43.9:0.0,44.9:0.0,45.9:0.0,46.9:0.0,41.8:0.0,49.0:0.0,50.0:0.0,44.8:0.0,52.1:0.0,53.1:0.0,54.1:0.0,55.1:0.0,56.2:0.0,57.2:0.0,58.2:0.0,59.2:0.0,60.3:0.0,61.3:0.0,62.3:0.0,63.3:0.0,64.4:0.0,65.4:0.0,66.3:0.0,67.4:0.0,68.4:0.0,69.4:0.0,70.4:0.0,71.5:0.0,72.5:0.0,73.5:0.0,74.5:0.0,75.5:0.0,76.6:0.0,77.6:0.0,78.6:0.0,79.6:0.0,80.7:0.0,81.7:0.0,82.7:0.0,83.7:0.0,78.2:0.0,79.4:930.0,86.8:0.0,87.8:0.0,82.4:0.0,83.4:0.0,84.4:939.5,91.9:0.0,92.9:0.0,93.9:0.0,94.9:0.0,96.0:0.0,97.0:0.0,91.5:0.0,92.4:1021.5,100.0:0.0,101.0:0.0,102.1:0.0,103.1:0.0,104.1:0.0,105.1:0.0,106.2:0.0,107.2:0.0,108.2:0.0,109.2:0.0,110.2:0.0,111.2:0.0,112.3:0.0,113.3:0.0,107.2:0.0,108.4:0.0,109.4:1365.0,110.4:1353.2,111.5:1359.2,112.5:1366.0,113.4:1374.0,114.5:1381.2,115.5:1389.0,116.5:1397.7,117.6:1406.5,118.6:1420.2,119.5:1431.5,120.5:1437.2,121.6:1447.0,122.6:1459.2,123.6:1470.2,124.7:1485.0,125.7:1502.7,126.7:1518.2,127.6:1532.0,128.7:1547.7,129.7:1565.5,130.7:1584.5,131.8:1606.2,132.7:1626.5,133.8:1644.0,134.7:1665.5,135.8:1690.7,144.0:0.0,145.0:0.0,146.0:0.0,147.0:0.0,148.0:0.0,149.1:0.0,150.1:0.0,151.1:0.0,152.1:0.0,153.2:0.0,154.2:0.0,155.2:0.0,149.3:0.0,150.3:1385.2,151.3:1379.7,152.3:1378.0,160.3:0.0,161.3:0.0,162.4:0.0,163.4:0.0,164.4:0.0,165.5:0.0,166.5:0.0,167.5:0.0,168.5:0.0,169.5:0.0,163.3:0.0,164.3:1960.7,165.4:1943.7,166.4:1930.2,167.4:1920.0,168.5:1909.5,169.5:1899.7,170.5:1892.2,171.6:1884.7,172.5:1877.2,173.6:1871.7,174.6:1867.7,175.6:1864.2,176.6:1857.5,177.7:1859.5,178.7:1859.0,179.7:1847.7,180.8:1844.7,181.8:1846.5,182.8:1846.5,183.9:1847.0,184.9:1848.2,185.9:1851.2,186.9:1853.5,187.9:1853.2,189.0:1855.5,190.0:1861.0,191.0:1867.0,192.0:1869.7,193.0:1874.5,194.1:1882.0,202.3:0.0,203.3:0.0,204.4:0.0,198.3:0.0,199.3:1618.7,200.3:1619.7,201.4:1615.0,202.4:1614.5,203.5:1621.2,204.5:1633.5,205.5:1646.0,206.5:1656.0,207.5:1665.7,208.6:1675.7,209.6:1690.7,210.6:1707.5,211.6:1722.0,219.8:0.0,220.8:0.0,221.9:0.0,215.7:0.0,216.7:1808.5,217.7:0.0,226.0:0.0,227.0:0.0,228.0:0.0,229.0:0.0,230.1:0.0,231.1:0.0,232.1:0.0,233.1:0.0,234.1:0.0,235.2:0.0,236.2:0.0,237.2:0.0,238.2:0.0,239.2:0.0,240.3:0.0,241.3:0.0,242.3:0.0,243.3:0.0,244.4:0.0,245.4:0.0,246.4:0.0,240.6:0.0,248.5:0.0,249.5:0.0,250.5:0.0,251.5:0.0,245.8:0.0,246.8:1178.0,247.8:1167.0,255.6:0.0,256.7:0.0,257.7:0.0,252.0:0.0,253.0:1117.0,254.1:1108.7,255.0:1103.7,256.1:1098.0,257.1:1092.0,258.2:1087.0,259.2:1082.5,260.3:1078.7,261.3:1073.7,262.3:1069.5,263.3:1068.2,264.4:1065.0,265.4:1060.5,266.4:1058.2,267.5:1058.0,268.4:1057.5,269.5:1056.5,270.5:1055.2,271.5:1053.5,272.6:1051.2,273.6:1050.7,274.6:1052.0,275.6:1053.2,276.5:1055.2,277.6:1057.5,278.6:1058.5,279.7:1055.7,287.2:0.0,281.6:0.0,282.6:1092.5,283.6:1093.2,291.3:0.0,292.3:0.0,293.4:0.0,294.4:0.0,295.4:0.0,296.4:0.0,297.4:0.0,298.5:0.0,299.5:0.0,295.5:0.0,301.5:0.0,297.7:0.0,298.6:464.7,300.0:459.2,300.8:456.5,302.0:455.5,303.1:456.2,304.0:457.5,305.0:459.5,306.0:463.5,307.1:467.0,312.9:0.0,308.8:473.0,309.9:481.0,315.9:0.0,311.9:489.0,318.0:0.0,319.0:0.0,320.0:0.0,321.0:0.0,322.1:0.0,323.1:0.0,324.1:0.0,325.1:0.0,326.2:0.0,327.2:0.0,328.2:0.0,329.2:0.0,330.2:0.0,331.3:0.0,332.3:0.0,333.3:0.0,334.3:0.0,335.4:0.0,336.4:0.0,337.4:0.0,338.4:0.0,339.5:0.0,340.5:0.0,341.5:0.0,336.5:0.0,337.5:734.5,344.6:0.0,339.8:0.0,340.7:684.7,341.8:680.7,342.8:673.5,343.8:666.2,344.8:662.2,345.9:659.0,347.0:655.2,348.0:652.7,349.1:649.5,350.1:647.5,351.2:645.0,352.1:641.0,
354.8:439.0,355.6:436.5,356.8:436.7,358.0:435.5,358.7:434.7,359.9:435.5,1.1:433.2,1.9:431.2,3.1:431.7,4.1:432.0,5.2:431.5,6.2:431.0,7.2:431.2,8.1:431.7,9.0:433.0,9.9:434.7,11.2:434.5,12.1:435.0,13.2:436.2,14.1:437.0,15.2:439.0,16.3:440.7,17.4:442.2,18.4:444.2,19.3:445.2,20.3:447.0,21.2:449.7,22.1:452.5,23.1:455.5,24.3:458.2,25.5:460.7,26.3:462.7,27.4:466.0,28.2:469.2,29.4:474.0,30.2:476.7,31.3:478.7,32.2:483.5,33.1:488.5,34.2:493.0,35.3:498.0,36.3:502.7,42.4:0.0,43.5:0.0,44.5:0.0,45.5:0.0,46.5:0.0,47.6:0.0,48.6:0.0,49.6:0.0,50.7:0.0,51.7:0.0,52.7:0.0,53.7:0.0,54.8:0.0,55.8:0.0,56.8:0.0,57.8:0.0,58.9:0.0,59.9:0.0,60.9:0.0,62.0:0.0,63.0:0.0,64.0:0.0,65.0:0.0,66.0:0.0,67.0:0.0,68.0:0.0,69.1:0.0,70.1:0.0,71.1:0.0,72.1:0.0,73.2:0.0,74.2:0.0,75.2:0.0,76.2:0.0,77.2:0.0,78.3:0.0,79.3:0.0,80.3:0.0,81.3:0.0,82.4:0.0,83.4:0.0,84.4:0.0,85.4:0.0,86.5:0.0,87.5:0.0,88.5:0.0,89.5:0.0,90.5:0.0,91.5:0.0,92.6:0.0,93.6:0.0,94.6:0.0,95.6:0.0,96.6:0.0,91.2:0.0,98.7:0.0,99.7:0.0,100.7:0.0,95.3:926.5,102.8:0.0,103.8:0.0,104.8:0.0,105.8:0.0,106.9:0.0,107.9:0.0,108.9:0.0,109.9:0.0,110.9:0.0,112.0:0.0,113.0:0.0,114.0:0.0,115.0:0.0,116.0:0.0,117.1:0.0,118.1:0.0,119.1:0.0,120.1:0.0,114.1:0.0,115.2:0.0,116.2:0.0,117.3:1436.7,118.3:1442.0,119.2:1452.0,120.2:1460.0,121.2:1471.0,122.3:1484.5,123.3:1499.5,124.3:1514.5,125.3:1527.5,126.4:1542.5,127.3:1557.2,128.4:1572.0,129.4:1590.2,130.4:1609.5,131.5:1629.5,132.5:1647.7,133.5:1665.0,134.5:1688.2,135.5:1713.0,136.5:1739.0,137.5:1763.7,138.5:1788.7,139.6:1819.7,147.8:0.0,148.8:0.0,142.7:0.0,150.9:0.0,144.7:1754.7,152.9:0.0,153.9:0.0,147.9:0.0,148.9:1645.0,149.9:1624.7,150.9:1603.2,159.1:0.0,153.0:1581.0,154.1:1559.2,155.1:1552.2,156.2:1554.5,164.2:0.0,165.3:0.0,166.3:0.0,167.3:0.0,168.3:0.0,169.4:0.0,170.4:0.0,164.1:0.0,165.1:2145.0,166.2:2135.7,167.2:2127.7,168.2:2117.2,169.2:2105.7,170.3:2096.2,171.3:2088.0,172.3:2078.2,173.4:2071.7,174.4:2061.5,175.4:2052.7,176.4:2051.2,177.5:2048.0,178.5:2058.2,179.5:2057.2,180.5:2040.5,181.5:2039.0,182.6:2039.7,183.6:2038.5,184.6:2040.0,185.6:2042.0,186.7:2043.0,187.7:2042.7,188.7:2045.2,189.7:2048.0,190.7:2054.5,191.7:2060.2,192.8:2062.2,201.1:0.0,202.1:0.0,203.2:0.0,197.0:0.0,198.0:1804.2,199.0:1798.5,200.1:1796.7,201.1:1803.7,202.1:1811.2,203.1:1823.5,204.2:1836.7,205.2:1846.0,206.2:1856.0,207.3:1871.2,208.3:1884.5,209.3:1892.5,217.6:0.0,211.3:1921.2,219.6:0.0,220.7:0.0,214.4:0.0,222.7:0.0,223.7:0.0,224.7:0.0,225.8:0.0,226.8:0.0,227.8:0.0,228.9:0.0,229.9:0.0,230.9:0.0,231.9:0.0,233.0:0.0,234.0:0.0,235.0:0.0,236.1:0.0,237.1:0.0,238.1:0.0,239.1:0.0,240.2:0.0,241.2:0.0,242.2:0.0,243.2:0.0,244.3:0.0,245.3:0.0,246.3:0.0,247.3:0.0,248.4:0.0,249.4:0.0,250.4:0.0,244.7:0.0,245.7:1171.7,253.5:0.0,254.5:0.0,255.6:0.0,256.6:0.0,251.0:0.0,251.9:1110.0,253.0:1103.2,254.0:1094.0,255.0:1088.2,256.0:1084.0,257.0:1078.2,258.1:1073.0,259.1:1069.0,260.2:1064.2,261.2:1059.0,262.2:1055.7,263.2:1055.2,264.3:1052.2,265.3:1046.7,266.3:1045.0,267.3:1043.2,268.4:1041.0,269.4:1039.7,277.0:0.0,278.1:0.0,279.1:0.0,280.1:0.0,281.1:0.0,277.7:0.0,279.0:381.5,279.8:379.7,281.0:378.5,281.9:378.2,283.1:378.2,284.3:378.7,285.0:379.5,286.3:379.7,286.9:380.5,288.2:382.0,288.9:383.2,290.2:385.0,291.2:387.2,292.3:389.0,293.4:390.2,294.3:392.5,295.3:394.5,296.0:397.5,297.0:400.5,298.3:402.7,299.1:406.2,300.1:408.2,301.3:410.2,302.3:415.2,307.7:0.0,304.3:420.7,305.1:426.0,306.1:430.2,311.8:0.0,312.8:0.0,313.8:0.0,314.9:0.0,315.9:0.0,316.9:0.0,317.9:0.0,319.0:0.0,320.0:0.0,321.0:0.0,322.0:0.0,323.1:0.0,324.1:0.0,325.1:0.0,326.1:0.0,327.2:0.0,328.2:0.0,329.2:0.0,330.2:0.0,331.3:0.0,332.3:0.0,333.3:0.0,334.3:0.0,335.4:0.0,330.9:0.0,337.4:0.0,338.5:0.0,339.5:0.0,335.3:0.0,336.5:491.7,337.7:486.0,338.5:482.5,339.6:478.7,340.8:473.7,341.9:468.7,342.8:466.0,343.9:465.0,344.7:461.5,345.9:458.0,347.0:454.7,348.2:451.5,349.3:450.0,350.0:448.2,351.4:446.2,352.2:444.0,353.5:441.5,
358.9:0.0,359.9:0.0,0.9:0.0,2.0:0.0,3.0:0.0,4.0:0.0,5.0:0.0,6.1:0.0,0.0:0.0,1.2:0.0,2.3:1321.7,3.2:1324.5,4.3:1329.5,5.3:1334.0,6.3:1337.0,7.3:1341.5,8.4:1350.2,9.4:1358.7,10.4:1364.7,11.4:1371.5,12.5:1379.0,13.5:1389.2,14.5:1399.2,15.5:1412.2,16.5:1426.0,17.5:1434.7,18.5:1443.5,19.6:1453.7,20.6:1466.5,21.6:1484.2,22.6:1500.0,23.6:1512.7,24.7:1529.0,25.6:1547.5,26.7:1564.7,27.6:1584.2,28.7:1605.2,29.7:1626.7,37.8:0.0,38.9:0.0,39.9:0.0,40.9:0.0,42.0:0.0,43.0:0.0,44.0:0.0,45.0:0.0,46.1:0.0,47.1:0.0,48.1:0.0,49.1:0.0,50.2:0.0,51.2:0.0,45.3:0.0,46.4:1293.7,54.3:0.0,55.3:0.0,56.3:0.0,57.4:0.0,58.4:0.0,59.4:0.0,60.4:0.0,61.5:0.0,62.5:0.0,63.5:0.0,64.5:0.0,58.3:0.0,59.3:1873.0,60.3:1862.0,61.4:1847.5,62.4:1832.0,63.4:1819.7,64.4:1811.0,65.5:1803.0,66.5:1794.7,67.5:1788.2,68.5:1781.2,69.5:1776.0,70.6:1768.7,71.6:1761.7,72.6:1756.2,73.7:1752.5,74.7:0.0,75.7:0.0,76.8:1746.2,77.8:1743.2,78.8:1747.5,79.8:1746.7,80.9:1747.5,81.9:1749.0,82.8:1749.5,83.9:1750.0,84.9:1753.7,85.9:1758.2,86.9:1759.0,87.9:1762.2,89.0:1764.5,90.0:1771.7,91.0:1779.2,92.0:1792.5,100.2:0.0,101.2:0.0,102.3:0.0,96.3:0.0,97.2:1531.5,105.3:0.0,99.3:1532.0,100.4:1532.5,101.4:1539.2,102.4:1549.0,103.3:1558.2,104.4:1565.5,105.4:1574.2,106.4:1587.5,107.5:1603.2,108.5:1615.7,109.5:1631.2,110.5:1645.5,118.6:0.0,119.7:0.0,120.7:0.0,121.7:0.0,115.5:0.0,123.7:0.0,124.8:0.0,125.8:0.0,126.8:0.0,127.8:0.0,128.8:0.0,129.9:0.0,130.9:0.0,131.9:0.0,132.9:0.0,134.0:0.0,135.0:0.0,136.0:0.0,137.0:0.0,138.1:0.0,139.1:0.0,140.1:0.0,141.1:0.0,142.2:0.0,143.2:0.0,144.2:0.0,145.2:0.0,146.2:0.0,147.3:0.0,148.3:0.0,142.5:0.0,143.5:1180.7,144.6:1171.5,145.7:1159.5,146.7:1149.7,154.4:0.0,155.5:0.0,156.5:0.0,150.7:0.0,151.8:1104.7,152.8:1102.0,153.9:1099.2,154.9:1092.5,156.0:1087.2,157.1:1084.2,158.1:1080.0,159.2:1075.5,160.2:1072.2,161.2:1070.7,162.2:1068.0,163.2:1064.2,164.2:1062.7,165.3:1060.7,166.2:1059.0,167.3:1058.5,168.3:1058.5,169.4:1058.5,170.4:1058.0,171.5:1058.5,172.4:1058.7,173.5:1058.5,174.5:1059.7,175.5:1063.0,176.6:1065.2,177.6:1065.7,178.6:1066.5,179.6:1068.0,180.6:1071.5,188.3:0.0,182.6:1091.2,183.6:1112.7,184.7:1116.5,192.4:0.0,193.4:0.0,194.4:0.0,195.5:0.0,196.5:0.0,197.5:0.0,198.5:0.0,199.5:0.0,200.6:0.0,201.6:0.0,202.6:0.0,203.7:0.0,204.7:0.0,200.5:0.0,206.7:0.0,207.7:0.0,208.8:0.0,204.6:0.0,205.6:512.5,206.8:512.5,207.7:513.0,209.0:514.5,215.0:0.0,216.0:0.0,217.0:0.0,218.1:0.0,219.1:0.0,220.1:0.0,221.2:0.0,222.2:0.0,223.2:0.0,224.2:0.0,225.3:0.0,226.3:0.0,227.3:0.0,228.3:0.0,229.4:0.0,230.4:0.0,231.4:0.0,232.5:0.0,233.5:0.0,234.4:0.0,235.5:0.0,236.5:0.0,237.5:0.0,238.5:0.0,233.3:0.0,234.3:838.5,235.3:826.7,236.3:821.7,237.5:808.0,238.6:786.5,239.6:772.7,240.7:767.7,241.7:763.5,242.6:760.2,243.7:757.5,244.7:751.5,245.8:744.7,246.8:741.0,247.9:739.7,249.0:737.2,249.9:735.2,251.0:733.2,252.0:731.7,253.1:730.2,254.1:727.5,255.2:724.5,256.1:723.7,257.1:722.7,258.1:720.7,259.3:720.5,260.2:721.0,261.3:720.7,262.3:721.2,263.3:722.5,264.3:723.0,265.3:723.2,266.4:722.7,267.3:724.0,268.4:727.0,269.4:729.5,270.5:730.7,271.5:731.0,272.5:733.5,273.5:737.2,274.5:740.0,275.5:743.7,276.5:746.7,277.4:751.0,278.4:755.7,279.4:760.2,280.5:763.0,281.5:764.5,282.5:769.0,283.5:774.2,284.5:779.5,285.5:785.7,286.5:790.5,287.6:796.2,288.5:804.2,289.5:811.7,290.5:817.7,297.8:0.0,298.8:0.0,293.5:0.0,294.5:855.7,301.9:0.0,302.9:0.0,303.9:0.0,298.5:0.0,306.0:0.0,307.0:0.0,308.1:0.0,309.1:0.0,310.1:0.0,311.1:0.0,312.2:0.0,313.2:0.0,314.2:0.0,315.2:0.0,316.3:0.0,317.3:0.0,318.3:0.0,319.3:0.0,320.4:0.0,321.4:0.0,322.4:0.0,323.4:0.0,324.5:0.0,325.5:0.0,326.5:0.0,327.5:0.0,328.5:0.0,329.6:0.0,330.6:0.0,331.6:0.0,332.6:0.0,333.7:0.0,334.7:0.0,335.7:0.0,330.3:0.0,331.2:954.0,332.3:959.5,339.8:0.0,334.3:958.0,335.3:953.0,336.3:955.0,337.4:963.0,338.4:971.2,345.9:0.0,347.0:0.0,341.4:0.0,342.4:1013.5,343.5:1024.2,344.4:1032.7,352.1:0.0,353.1:0.0,354.2:0.0,355.2:0.0,356.2:0.0,357.2:0.0,358.3:0.0,
358.9:0.0,359.9:0.0,1.0:0.0,2.0:0.0,3.0:0.0,4.0:0.0,5.0:0.0,6.1:0.0,0.1:0.0,1.4:0.0,2.4:0.0,3.5:1131.7,4.4:1135.7,5.5:1139.5,6.5:1142.2,7.5:1147.7,8.5:1153.7,9.6:1157.7,10.6:1162.2,11.5:1167.5,12.5:1172.2,13.6:1180.5,14.7:1191.5,15.6:1199.0,16.6:1207.0,17.7:1216.5,18.6:1229.5,19.7:1241.0,20.7:1249.7,21.7:1260.5,22.7:1271.2,23.7:1283.0,24.7:1294.5,25.7:1309.7,26.7:1325.2,27.8:1342.0,28.8:1360.0,29.8:1372.0,30.8:1391.5,31.8:1415.7,32.8:1434.0,33.8:1456.0,41.8:0.0,42.9:0.0,43.9:0.0,45.0:0.0,46.0:0.0,47.0:0.0,48.0:0.0,49.1:0.0,50.1:0.0,51.1:0.0,52.1:0.0,53.2:0.0,54.2:0.0,55.2:0.0,49.4:0.0,50.5:1190.5,51.5:1179.7,52.5:1170.7,53.6:1167.2,61.3:0.0,62.4:0.0,63.4:0.0,64.4:0.0,65.4:0.0,66.4:0.0,67.5:0.0,68.5:0.0,69.5:0.0,70.5:0.0,64.4:0.0,65.4:1776.2,66.4:1766.7,67.5:1758.2,68.4:1751.0,69.5:1747.5,70.5:1739.7,71.5:1732.2,72.6:1727.5,73.6:1721.5,74.6:1718.5,75.6:1713.7,76.7:1710.7,77.7:1712.7,78.7:1709.7,79.7:1707.5,80.7:1716.2,81.8:1722.7,82.8:1716.2,83.7:1712.2,84.7:1716.0,85.8:1717.2,86.8:1721.2,87.8:1730.2,88.9:1735.5,89.8:1738.7,90.9:1744.0,91.9:1750.5,92.9:1757.5,93.9:1764.0,94.9:1772.7,96.0:1785.7,97.0:1796.0,98.0:1805.7,106.2:0.0,107.2:0.0,108.2:0.0,109.3:0.0,103.2:0.0,104.2:1565.5,105.2:1572.0,106.3:1575.5,107.3:1570.7,108.3:1581.7,109.3:1596.0,110.3:1610.0,111.3:1626.7,112.4:1643.2,113.3:1660.5,121.5:0.0,122.5:0.0,123.6:0.0,124.6:0.0,125.6:0.0,126.6:0.0,127.6:0.0,128.7:0.0,129.7:0.0,130.7:0.0,131.7:0.0,132.7:0.0,133.8:0.0,134.8:0.0,135.8:0.0,136.8:0.0,137.8:0.0,138.9:0.0,139.9:0.0,141.0:0.0,134.9:0.0,143.0:0.0,144.0:0.0,145.0:0.0,146.1:0.0,147.1:0.0,148.1:0.0,149.1:0.0,143.2:0.0,144.2:1381.7,152.2:0.0,153.2:0.0,154.2:0.0,155.3:0.0,156.3:0.0,157.3:0.0,158.3:0.0,152.5:0.0,153.5:1300.5,154.6:1296.2,155.6:1290.2,156.7:1283.0,157.7:1275.7,158.7:1270.7,159.7:1266.7,160.7:1261.0,161.8:1257.5,162.8:1253.7,163.9:1252.5,164.9:1250.7,165.9:1247.5,166.9:1246.2,167.9:1246.0,168.9:1246.5,170.0:1245.2,171.1:1244.0,172.0:1246.5,173.1:1247.2,174.1:1249.0,175.1:1252.5,176.1:1253.0,177.1:1253.2,178.2:1255.0,179.2:1258.5,180.2:1261.7,181.2:1261.0,182.2:0.0,183.2:1303.7,191.1:0.0,192.2:0.0,193.2:0.0,194.2:0.0,195.2:0.0,196.2:0.0,197.3:0.0,198.3:0.0,199.3:0.0,200.3:0.0,195.5:0.0,202.4:0.0,197.5:0.0,198.5:690.7,199.6:689.0,200.6:690.2,201.6:692.0,202.6:695.2,203.5:701.5,204.7:706.0,211.7:0.0,212.7:0.0,213.7:0.0,214.8:0.0,215.8:0.0,216.8:0.0,217.8:0.0,218.9:0.0,219.9:0.0,220.9:0.0,222.0:0.0,223.0:0.0,224.0:0.0,225.0:0.0,226.1:0.0,227.1:0.0,228.1:0.0,229.1:0.0,230.2:0.0,231.2:0.0,232.2:0.0,233.2:0.0,234.2:0.0,235.3:0.0,229.9:0.0,230.9:862.7,232.0:853.2,239.4:0.0,240.4:0.0,235.2:838.5,236.2:825.7,237.2:819.0,238.2:811.0,239.3:804.5,240.5:798.0,241.4:793.5,242.4:789.5,243.5:784.5,244.6:781.5,245.6:777.5,246.5:774.7,247.6:772.0,248.7:768.5,249.6:766.5,250.6:763.0,251.8:758.5,252.8:756.7,253.8:754.2,254.8:751.7,255.8:751.2,256.8:751.0,258.0:750.0,258.9:748.7,259.9:747.2,261.0:746.0,262.1:747.0,263.0:748.0,264.1:748.2,265.1:750.2,266.1:751.5,267.2:750.2,268.2:750.2,269.1:752.5,270.2:755.2,271.2:757.7,272.1:760.5,273.3:762.5,274.3:764.7,275.3:767.7,276.2:770.7,277.2:774.0,278.1:777.7,279.2:783.2,280.1:787.0,281.2:791.7,282.2:795.7,283.2:798.7,284.3:805.5,285.2:813.2,286.2:818.7,287.2:825.2,288.2:831.2,289.2:838.7,290.3:847.2,291.2:856.2,298.6:0.0,299.6:0.0,300.6:0.0,295.2:0.0,302.7:0.0,303.7:0.0,304.7:0.0,305.7:0.0,306.9:0.0,307.9:0.0,308.9:0.0,310.0:0.0,311.0:0.0,312.0:0.0,313.0:0.0,314.0:0.0,315.1:0.0,316.1:0.0,317.1:0.0,318.1:0.0,319.2:0.0,320.2:0.0,321.2:0.0,322.2:0.0,323.3:0.0,324.3:0.0,325.3:0.0,326.3:0.0,327.4:0.0,322.2:0.0,323.3:789.5,324.2:788.7,325.4:791.5,326.3:794.7,333.5:0.0,328.4:789.2,329.5:782.0,330.4:783.7,331.5:786.5,332.5:790.7,333.5:795.2,334.5:800.7,335.5:806.5,336.5:812.0,337.5:817.5,338.6:824.5,345.8:0.0,346.8:0.0,347.8:0.0,348.9:0.0,349.9:0.0,350.9:0.0,351.9:0.0,353.0:0.0,347.6:0.0,355.0:0.0,356.0:0.0,357.1:0.0,358.1:0.0,
359.0:0.0,0.0:0.0,1.1:0.0,2.1:0.0,3.1:0.0,4.1:0.0,5.2:0.0,6.2:0.0,0.6:0.0,1.8:0.0,3.0:0.0,4.0:840.2,5.1:843.7,6.1:846.0,7.1:848.5,8.0:851.2,9.1:854.7,10.1:859.5,11.1:864.2,12.2:869.7,13.2:875.0,14.2:879.7,15.2:886.5,16.3:892.7,17.3:898.5,18.3:905.5,19.2:913.0,20.2:920.5,21.3:927.7,22.2:937.5,23.3:946.7,24.3:955.7,25.3:966.0,26.3:976.7,27.3:987.7,28.3:997.7,29.3:1008.0,30.4:1022.7,31.3:1037.7,32.3:1051.2,33.3:1065.5,34.4:1079.5,35.4:1096.0,36.5:1113.7,37.4:1130.7,38.4:1148.7,39.4:1168.2,40.4:1190.7,41.4:1216.5,49.3:0.0,50.3:0.0,51.3:0.0,52.3:0.0,46.6:0.0,54.4:0.0,55.4:0.0,56.5:0.0,57.5:0.0,58.5:0.0,52.8:0.0,53.9:1098.7,54.9:1088.5,56.0:1080.2,57.0:1073.2,58.0:1066.5,65.7:0.0,60.1:1054.7,61.0:1045.7,62.1:1041.7,63.1:1037.0,64.2:1029.2,65.2:1024.2,66.2:1023.2,67.2:1024.2,74.8:0.0,75.9:0.0,76.9:0.0,77.9:0.0,78.9:0.0,80.0:0.0,73.9:0.0,74.9:1667.7,75.9:1667.0,77.0:1665.5,77.9:1662.2,79.0:1663.2,80.0:1662.7,81.0:1661.2,82.1:1661.0,83.0:1662.7,84.1:1663.2,85.1:1664.2,86.1:1669.5,87.1:1673.5,88.1:1676.2,89.2:1681.2,90.2:1687.0,91.2:1702.7,92.2:1713.7,93.2:1708.5,94.2:1708.5,95.3:1717.7,96.3:1732.0,97.3:1741.2,98.3:1748.7,99.3:1759.7,100.3:1771.5,101.4:1785.7,102.4:1798.7,103.4:1809.2,104.4:1821.0,105.4:1839.5,106.5:1858.0,114.7:0.0,115.7:0.0,116.7:0.0,117.8:0.0,118.8:0.0,112.7:0.0,113.7:1656.7,121.9:0.0,115.8:1667.0,116.8:1682.7,124.9:0.0,126.0:0.0,127.0:0.0,128.0:0.0,129.0:0.0,130.0:0.0,131.1:0.0,132.1:0.0,133.1:0.0,134.1:0.0,127.9:0.0,128.9:0.0,137.2:0.0,131.0:0.0,139.3:0.0,140.3:0.0,141.3:0.0,142.3:0.0,143.3:0.0,144.4:0.0,145.4:0.0,146.4:0.0,147.4:0.0,148.5:0.0,149.5:0.0,150.5:0.0,144.4:0.0,145.4:1699.0,146.5:1682.5,147.5:1672.0,148.5:1660.7,149.5:1647.5,150.5:1634.7,151.6:1623.5,152.6:1612.7,153.6:1601.2,154.6:1596.0,155.8:1591.2,156.8:1584.5,157.9:1579.5,158.9:1574.0,159.9:1570.0,161.0:1565.2,161.9:1559.7,163.0:1557.5,164.0:1554.5,165.1:1551.2,166.0:1550.2,167.1:1547.7,168.1:1542.5,169.1:1543.2,170.2:1547.5,171.2:1542.5,172.3:1538.2,173.2:1544.2,174.3:1550.0,175.3:1553.0,176.3:1554.2,177.4:1555.7,178.4:1559.5,179.3:1563.2,180.4:1566.5,188.5:0.0,182.4:1584.7,183.5:1603.0,191.6:0.0,192.6:0.0,193.6:0.0,194.6:0.0,195.7:0.0,196.7:0.0,197.7:0.0,198.7:0.0,193.3:0.0,194.3:969.2,195.3:968.5,196.3:974.0,197.3:982.0,204.9:0.0,199.3:991.5,200.3:1004.5,201.3:1015.5,202.4:1024.7,203.5:1033.0,211.1:0.0,212.1:0.0,213.2:0.0,207.6:0.0,215.2:0.0,216.2:0.0,217.3:0.0,218.3:0.0,219.3:0.0,220.4:0.0,221.4:0.0,222.4:0.0,223.5:0.0,224.5:0.0,225.5:0.0,226.5:0.0,227.6:0.0,228.6:0.0,229.6:0.0,230.6:0.0,231.7:0.0,232.7:0.0,233.7:0.0,234.7:0.0,235.7:0.0,230.4:0.0,231.4:909.7,232.4:902.2,239.8:0.0,240.8:0.0,235.6:884.5,236.6:868.7,237.5:861.0,238.7:853.0,239.7:847.2,240.7:839.2,241.6:834.5,242.7:832.0,243.8:827.0,244.8:823.0,245.9:818.7,246.8:813.5,247.8:810.2,248.9:807.5,250.0:805.0,251.0:802.5,252.1:799.7,253.1:796.7,254.1:796.5,255.1:796.0,256.2:791.5,257.3:789.7,258.2:792.0,259.2:791.5,260.4:789.2,261.3:788.2,262.4:787.0,263.5:786.7,264.4:788.0,265.4:788.5,266.5:788.5,267.6:790.0,268.5:791.7,269.5:793.7,270.5:797.2,271.6:801.0,272.7:803.2,273.7:805.0,274.7:808.0,275.6:811.2,276.5:814.5,277.5:818.0,278.5:823.0,279.6:827.0,280.7:832.2,281.6:837.2,282.6:840.2,283.6:847.0,284.6:855.5,285.6:862.0,286.6:869.7,294.0:0.0,295.0:0.0,289.7:885.5,290.6:900.2,298.1:0.0,299.1:0.0,300.1:0.0,301.1:0.0,302.1:0.0,303.2:0.0,304.2:0.0,305.2:0.0,306.3:0.0,307.3:0.0,308.4:0.0,309.4:0.0,304.9:0.0,306.0:580.5,307.0:573.2,308.0:574.0,309.1:573.2,310.1:573.5,311.1:574.5,317.6:0.0,313.2:0.0,314.2:546.5,315.3:546.2,316.4:545.5,317.4:546.7,318.4:548.7,319.5:551.0,320.4:551.5,321.4:551.7,322.4:553.5,323.5:554.2,324.5:556.7,325.5:560.2,326.5:561.5,327.4:563.7,328.5:567.0,329.7:568.7,330.7:571.5,331.6:576.0,332.7:580.7,333.5:583.7,334.7:587.2,335.5:591.0,336.5:596.2,337.6:600.5,338.5:604.2,345.2:0.0,340.6:612.2,341.5:619.5,348.3:0.0,349.3:0.0,350.3:0.0,345.7:0.0,352.4:0.0,353.4:0.0,354.5:0.0,355.5:0.0,356.5:0.0,357.6:0.0,358.6:0.0,
358.9:0.0,359.9:0.0,1.0:0.0,2.0:0.0,3.0:0.0,4.0:0.0,5.1:0.0,6.1:0.0,0.9:0.0,2.1:0.0,3.4:0.0,4.4:645.2,5.6:647.0,6.4:649.2,7.6:652.2,8.6:656.0,9.6:659.7,10.6:663.2,11.5:666.5,12.5:669.7,13.7:673.7,14.6:679.0,15.6:684.2,16.7:688.5,17.7:693.2,18.6:698.7,19.6:705.2,20.7:711.7,21.7:717.7,22.7:725.0,23.8:733.5,24.6:741.0,25.7:748.0,26.7:756.2,27.8:764.7,28.8:775.0,29.8:785.2,30.8:794.0,31.7:803.2,32.7:814.0,33.8:826.5,34.7:839.7,35.8:853.5,36.8:866.5,37.7:880.5,38.8:896.7,39.7:913.2,40.8:929.7,41.7:946.7,42.8:966.5,43.8:985.7,44.7:1005.2,45.7:1028.0,46.8:1051.0,47.8:1074.0,48.8:1096.2,49.8:1103.0,50.8:1092.7,51.9:1081.7,53.0:1071.7,60.6:0.0,55.0:1057.2,56.0:1042.5,57.1:1035.5,58.1:1029.7,59.2:1022.7,60.1:1016.0,61.2:1008.2,62.2:1003.5,63.3:1000.5,64.3:996.5,65.3:992.2,66.3:985.7,67.4:979.5,68.4:977.2,69.5:975.0,70.4:972.0,71.5:969.2,72.6:966.2,73.6:966.0,74.6:966.0,75.6:964.2,76.6:962.2,84.2:0.0,85.2:0.0,86.2:0.0,87.2:0.0,81.1:0.0,82.2:1635.2,83.1:1637.2,84.1:1638.5,85.2:1638.0,86.2:1637.2,87.3:1638.7,88.3:1643.0,89.3:1648.2,90.2:1653.0,91.3:1659.2,92.3:1666.2,93.3:1671.2,94.3:1675.7,95.4:1684.2,96.4:1699.5,97.4:1716.2,98.4:1726.2,99.5:1731.0,100.4:1741.7,101.5:1755.0,102.5:1768.2,103.5:1782.5,104.6:1797.7,105.5:1809.2,106.6:1824.5,107.6:1845.5,108.6:1864.5,109.6:1885.0,110.7:1903.7,111.7:1927.5,119.9:0.0,121.0:0.0,122.0:0.0,123.0:0.0,124.0:0.0,125.0:0.0,126.1:0.0,127.1:0.0,120.9:0.0,129.1:0.0,130.2:0.0,131.2:0.0,132.2:0.0,133.2:0.0,134.3:0.0,135.3:0.0,136.3:0.0,137.3:0.0,138.4:0.0,139.4:0.0,140.4:0.0,141.5:0.0,142.5:0.0,143.5:0.0,144.5:0.0,145.6:0.0,139.3:0.0,140.3:2013.7,148.6:0.0,149.7:0.0,143.4:0.0,151.7:0.0,145.5:1915.2,146.5:1891.5,147.5:1887.5,155.8:0.0,149.6:1868.0,150.7:1846.2,151.7:1833.2,152.7:1816.2,153.7:1808.0,154.8:1804.0,155.9:1793.0,156.9:1781.5,157.9:1773.7,159.0:1766.7,160.0:1762.7,161.0:1761.2,162.1:1756.2,163.0:1751.0,164.1:1748.2,165.1:1744.2,166.2:1739.5,167.2:1735.2,168.2:1733.2,169.3:1730.7,170.3:1730.5,171.3:1734.5,172.3:1737.0,173.4:1736.2,174.4:1738.7,175.4:1742.2,176.5:1741.2,177.5:1749.0,178.5:1757.0,179.5:1758.7,180.5:1770.5,181.5:1792.0,182.5:1807.7,190.7:0.0,191.8:0.0,192.8:0.0,193.8:0.0,194.8:0.0,195.9:0.0,190.1:0.0,191.2:1159.0,192.2:1155.7,193.2:1158.0,194.2:1166.5,195.3:1175.7,196.2:1183.5,197.3:1190.2,205.1:0.0,206.1:0.0,207.2:0.0,208.2:0.0,209.2:0.0,210.4:0.0,211.4:0.0,212.4:0.0,213.4:0.0,214.5:0.0,215.5:0.0,216.5:0.0,217.6:0.0,218.6:0.0,219.6:0.0,220.7:0.0,221.7:0.0,222.7:0.0,223.7:0.0,224.8:0.0,225.8:0.0,226.8:0.0,227.9:0.0,228.9:0.0,223.4:0.0,231.0:0.0,232.0:0.0,233.0:0.0,234.0:0.0,228.5:0.0,236.1:0.0,237.1:0.0,238.1:0.0,232.7:0.0,233.8:913.7,234.8:906.2,235.9:901.7,237.0:894.7,237.9:886.2,239.0:879.2,240.0:874.7,241.0:870.2,242.1:864.7,243.1:859.7,244.1:854.5,245.2:849.5,246.2:844.0,247.3:837.0,248.4:832.2,249.4:832.5,250.4:829.7,251.4:826.0,252.5:825.2,253.5:824.0,254.5:822.5,255.5:820.7,256.5:818.7,257.6:816.5,258.6:816.0,259.7:816.7,260.6:816.5,261.7:815.5,262.8:815.5,263.8:816.2,264.8:817.5,265.8:819.5,266.9:821.0,267.8:822.2,268.9:823.2,269.9:823.5,270.9:827.0,271.9:829.7,273.0:833.7,274.0:836.7,275.0:839.2,275.9:843.7,276.9:846.5,277.9:851.5,278.9:856.5,280.0:859.7,281.0:865.2,282.0:871.7,283.0:879.5,284.1:886.2,291.4:0.0,287.6:0.0,288.4:478.5,289.7:475.2,290.5:472.2,291.7:470.0,292.8:468.5,294.1:0.0,294.8:438.2,296.2:431.2,297.0:427.5,298.1:425.0,299.3:422.7,300.0:420.5,301.2:419.0,302.4:418.0,303.5:417.0,304.6:416.2,305.3:415.2,306.5:414.5,307.7:414.0,308.6:413.5,309.4:412.0,310.6:411.7,311.8:412.7,312.5:412.7,313.7:412.2,314.6:411.5,315.7:411.5,316.9:412.7,318.0:413.0,319.0:414.2,319.7:416.2,320.7:417.0,321.9:417.7,322.7:418.2,323.9:420.2,324.8:422.2,325.7:423.2,327.0:425.5,327.8:429.0,329.2:430.7,329.9:432.7,330.8:435.7,331.9:437.7,332.9:440.5,333.8:443.0,335.1:446.7,335.9:450.5,337.0:453.2,337.8:456.7,343.8:0.0,339.9:462.5,341.0:467.2,346.9:0.0,342.8:0.0,344.0:485.7,350.0:0.0,351.0:0.0,352.0:0.0,353.0:0.0,354.0:0.0,355.1:0.0,356.1:0.0,357.1:0.0,358.2:0.0,
359.5:0.0,0.5:0.0,1.5:0.0,357.8:0.0,3.6:0.0,4.6:0.0,5.6:0.0,0.6:0.0,1.9:0.0,3.3:0.0,4.8:0.0,6.0:0.0,6.9:448.7,8.2:450.5,9.1:452.5,10.1:455.0,11.0:457.7,12.3:460.2,13.3:462.0,14.2:465.0,15.0:468.7,16.0:472.2,17.1:476.0,18.1:479.5,19.0:483.2,20.0:487.0,21.1:491.5,22.1:496.5,23.0:502.0,24.2:507.7,25.1:513.0,26.0:518.5,27.2:525.0,28.0:530.7,29.1:535.7,30.1:542.2,31.0:550.0,32.0:558.2,33.2:566.2,34.0:574.2,35.0:582.2,36.0:591.0,37.1:600.7,38.1:611.0,39.1:622.2,40.1:633.2,41.0:644.7,42.1:657.2,43.0:670.2,44.0:683.5,45.0:697.5,45.9:712.5,46.8:729.5,47.9:747.5,48.9:765.7,49.8:784.2,50.8:803.2,51.9:824.2,52.8:848.0,53.8:873.5,54.8:900.2,55.7:927.2,56.7:0.0,57.7:985.0,58.7:989.7,59.8:983.2,60.7:975.5,61.8:969.7,62.9:966.5,63.8:960.5,64.9:956.5,66.0:952.7,67.0:949.0,68.0:946.2,69.0:941.2,70.1:938.0,71.2:935.7,72.1:933.7,73.2:932.5,74.1:929.7,75.2:928.7,76.2:928.5,77.3:927.5,78.3:926.5,79.4:926.2,80.3:926.0,81.5:926.2,82.4:927.5,83.4:928.0,84.4:929.7,85.5:932.2,86.5:929.5,87.5:931.5,95.0:0.0,96.0:0.0,97.0:0.0,98.1:0.0,92.0:0.0,93.0:1640.7,94.0:1646.5,95.1:1652.5,96.1:1660.0,97.1:1667.7,98.1:1674.5,99.1:1683.7,100.1:1695.2,101.2:1709.2,102.2:1719.2,103.2:1739.2,104.2:1760.5,105.2:1769.7,106.3:1785.2,107.3:1803.0,108.3:1816.0,109.3:1835.7,110.3:1858.2,111.3:1879.0,112.3:1898.7,113.4:1918.0,114.3:1943.5,115.4:1970.2,116.4:1994.7,117.4:2022.7,125.7:0.0,126.7:0.0,127.8:0.0,128.8:0.0,129.8:0.0,123.6:0.0,131.9:0.0,125.6:1868.0,133.9:0.0,134.9:0.0,136.0:0.0,137.0:0.0,138.0:0.0,139.1:0.0,140.1:0.0,141.1:0.0,142.1:0.0,143.2:0.0,144.2:0.0,145.2:0.0,146.2:0.0,147.3:0.0,148.3:0.0,149.3:0.0,150.3:0.0,151.4:0.0,152.4:0.0,153.4:0.0,154.4:0.0,148.2:0.0,156.5:0.0,150.2:2063.5,151.2:2045.7,152.3:2037.2,153.3:2028.2,154.4:2017.5,155.5:2003.7,156.5:1992.2,157.5:1982.0,158.5:1973.5,159.6:1970.7,160.6:1967.7,161.6:1961.2,162.7:1954.5,163.7:1950.7,164.8:1948.5,165.8:1942.7,166.8:1937.2,167.8:1938.7,168.9:1937.5,169.9:1935.2,170.9:1933.7,171.9:1931.0,173.0:1933.7,174.0:1938.2,175.0:1942.2,176.1:1944.2,177.1:1946.0,178.1:1950.2,179.1:1959.0,180.1:1964.5,181.2:1983.5,182.2:2006.5,190.5:0.0,191.5:0.0,192.5:0.0,193.6:0.0,194.6:0.0,195.6:0.0,189.7:0.0,190.8:1349.2,191.8:1350.5,192.8:1357.7,193.8:1367.0,194.9:1375.5,195.8:1384.2,196.9:1391.7,204.9:0.0,205.9:0.0,206.9:0.0,208.0:0.0,209.0:0.0,210.1:0.0,204.0:0.0,205.1:1517.7,213.2:0.0,214.2:0.0,215.2:0.0,216.3:0.0,217.3:0.0,218.3:0.0,219.3:0.0,220.4:0.0,221.4:0.0,222.4:0.0,223.5:0.0,224.5:0.0,225.5:0.0,226.6:0.0,227.6:0.0,228.6:0.0,229.7:0.0,230.7:0.0,231.7:0.0,232.7:0.0,227.3:0.0,234.8:0.0,235.8:0.0,230.2:0.0,231.4:970.0,232.4:959.2,233.4:950.0,240.9:0.0,242.0:0.0,236.6:937.5,237.7:922.0,238.7:913.2,239.7:906.5,240.7:900.5,241.7:894.5,242.8:887.5,243.8:881.2,244.9:877.2,245.9:874.7,246.9:871.0,248.0:867.5,249.0:864.2,250.0:861.5,251.0:858.5,252.2:856.0,253.2:851.7,254.2:849.5,255.3:850.7,256.3:849.2,257.3:847.0,258.4:845.7,259.5:845.7,260.5:844.0,261.4:844.2,268.7:0.0,269.8:0.0,270.8:0.0,267.6:0.0,272.9:0.0,273.9:0.0,274.9:0.0,276.0:0.0,277.0:0.0,278.0:0.0,279.0:0.0,280.1:0.0,281.1:0.0,282.0:0.0,283.0:0.0,284.1:0.0,285.1:0.0,286.1:0.0,287.1:0.0,288.2:0.0,286.2:0.0,287.3:308.5,288.4:304.0,289.8:301.2,290.0:299.7,291.9:296.2,292.4:294.0,293.8:292.0,295.1:289.7,295.6:288.7,296.6:288.2,298.3:286.7,299.2:284.7,299.6:283.7,301.0:282.0,302.2:280.7,302.8:280.5,304.6:279.2,305.5:277.7,305.9:277.0,307.4:277.2,308.4:277.2,309.6:277.0,309.9:276.5,312.0:276.0,312.0:275.5,313.0:276.0,314.2:276.0,315.9:276.5,316.1:277.5,317.0:277.2,319.1:277.5,319.4:278.0,321.1:278.7,321.2:279.7,322.8:280.5,323.8:281.5,324.6:283.2,326.1:284.2,326.2:285.2,327.5:286.0,328.3:287.5,329.6:289.5,330.3:291.0,331.5:293.0,332.7:293.7,333.5:295.7,334.6:299.2,338.6:0.0,339.6:0.0,337.7:303.7,341.6:0.0,342.7:0.0,343.7:0.0,344.7:0.0,345.7:0.0,343.2:0.0,347.8:0.0,348.8:0.0,349.9:0.0,350.9:0.0,351.9:0.0,353.0:0.0,354.0:0.0,355.0:0.0,352.3:0.0,357.1:0.0,358.1:0.0,
353.0:1025.0,353.9:1019.5,355.1:1013.2,356.0:1008.7,357.1:1008.2,358.1:1002.7,359.1:996.5,0.2:994.0,1.2:992.0,2.2:991.5,9.8:0.0,10.8:0.0,11.9:0.0,12.9:0.0,13.9:0.0,15.0:0.0,8.8:0.0,9.9:1650.0,10.9:1647.2,11.9:1646.5,13.0:1646.2,14.0:1647.5,15.0:1647.7,16.0:1649.7,17.1:1655.2,18.0:1660.7,19.1:1662.2,20.2:1664.0,21.2:1669.2,22.2:1674.2,23.2:1677.0,24.2:1683.2,25.2:1712.7,26.2:1725.5,27.3:1712.2,28.4:1719.7,29.4:1734.7,30.4:1744.0,31.4:1753.2,32.4:1766.7,33.4:1780.2,34.4:1795.7,35.5:1808.5,36.6:1820.5,37.6:1841.7,38.6:1863.5,39.6:1880.7,40.6:1895.7,48.9:0.0,49.9:0.0,51.0:0.0,52.0:0.0,53.0:0.0,46.9:0.0,55.1:0.0,49.0:1727.0,50.0:1737.5,58.2:0.0,59.2:0.0,60.2:0.0,61.2:0.0,62.3:0.0,63.3:0.0,64.3:0.0,65.4:0.0,66.3:0.0,67.4:0.0,68.4:0.0,62.1:0.0,70.4:0.0,71.5:0.0,72.5:0.0,73.5:0.0,74.5:0.0,75.6:0.0,76.6:0.0,77.6:0.0,71.4:0.0,79.7:0.0,80.7:0.0,81.7:0.0,82.8:0.0,76.6:0.0,77.6:1793.0,78.6:1783.5,79.7:1772.5,80.7:1759.5,81.7:1748.2,82.7:1739.0,83.7:1726.0,84.8:1713.0,85.8:1705.7,86.9:1697.5,87.8:1691.5,88.9:1684.5,89.9:1677.0,90.9:1668.7,92.0:1660.7,93.0:1657.5,94.0:1652.7,95.0:1647.7,96.1:1645.0,97.1:1643.5,98.1:1640.2,99.2:1639.2,100.2:1639.5,101.2:1634.5,102.2:1635.0,103.3:1639.0,104.3:1638.7,105.3:1639.5,106.3:1638.7,107.3:1639.7,108.3:1646.2,109.4:1648.5,110.4:1650.2,111.4:1655.2,119.5:0.0,113.4:1680.2,121.6:0.0,122.6:0.0,123.6:0.0,124.7:0.0,125.7:0.0,126.7:0.0,127.7:0.0,128.7:0.0,123.2:0.0,124.1:1062.0,125.2:1065.0,126.2:1068.5,127.2:1076.2,128.2:1084.7,129.3:1091.5,130.2:1099.7,131.3:1107.0,139.1:0.0,140.1:0.0,141.1:0.0,142.2:0.0,136.4:0.0,144.2:0.0,145.2:0.0,146.3:0.0,147.3:0.0,148.3:0.0,149.3:0.0,150.4:0.0,151.4:0.0,152.4:0.0,153.4:0.0,154.5:0.0,155.5:0.0,156.5:0.0,157.5:0.0,158.6:0.0,153.1:0.0,154.0:1023.5,161.7:0.0,162.7:0.0,163.8:0.0,164.8:0.0,159.4:0.0,166.8:0.0,167.9:0.0,162.5:0.0,163.5:914.7,171.0:0.0,165.6:905.5,173.0:0.0,174.0:0.0,168.8:0.0,169.8:865.7,170.7:860.7,171.8:855.7,172.9:848.5,174.0:842.0,174.9:840.2,176.1:837.2,177.1:831.0,178.1:827.5,179.2:825.2,180.2:821.0,181.2:817.7,182.1:814.7,183.2:810.5,184.3:808.2,185.3:805.5,186.4:803.5,187.4:804.2,188.3:803.5,189.5:803.0,190.4:802.0,191.5:800.5,192.5:800.5,193.5:800.5,194.5:800.2,195.7:801.2,196.6:801.2,197.6:802.5,198.7:804.7,199.7:805.5,200.7:806.5,201.7:810.2,202.8:812.5,203.8:815.0,204.9:819.2,205.9:823.0,206.9:827.0,208.0:829.2,209.0:833.0,210.0:839.0,211.0:844.0,212.0:848.0,213.0:853.5,214.1:859.2,215.1:862.7,216.1:868.7,217.2:878.2,218.2:886.2,225.5:0.0,220.2:898.2,221.2:910.2,228.6:0.0,229.7:0.0,230.7:0.0,231.7:0.0,227.5:0.0,233.8:0.0,229.7:522.7,230.7:516.7,231.6:513.7,232.8:511.7,233.8:511.0,239.9:0.0,235.9:0.0,237.1:481.5,237.9:480.5,239.2:479.0,240.2:477.7,241.2:476.7,242.3:476.0,243.2:476.5,244.2:476.5,245.4:477.5,246.4:478.5,247.2:478.0,248.4:477.5,249.2:478.7,250.2:480.7,251.6:481.5,252.4:482.2,253.3:483.5,254.6:485.2,255.4:487.0,256.5:488.2,257.6:490.5,258.5:492.2,259.6:494.5,260.5:498.0,261.4:500.0,262.4:501.0,263.5:504.5,264.6:508.5,265.7:511.7,266.7:514.5,267.6:518.5,268.5:523.0,274.8:0.0,275.9:0.0,271.5:0.0,277.9:0.0,273.5:545.2,274.7:552.7,281.0:0.0,282.0:0.0,282.9:0.0,284.0:0.0,285.0:0.0,286.0:0.0,287.0:0.0,288.0:0.0,289.0:0.0,290.1:0.0,291.1:0.0,286.5:0.0,293.1:0.0,294.2:0.0,295.2:0.0,296.2:0.0,297.2:0.0,298.2:0.0,293.0:0.0,294.3:0.0,295.4:742.7,296.3:744.2,297.4:747.0,298.4:750.0,299.3:753.5,300.4:756.7,301.4:759.7,302.5:763.0,303.4:767.2,304.6:772.2,305.5:777.2,306.5:783.5,307.6:788.0,308.6:792.5,309.6:799.2,310.6:806.2,311.6:813.2,312.6:820.5,313.6:826.2,314.6:835.5,315.7:845.7,316.7:853.5,317.6:863.0,318.7:874.0,319.6:884.5,320.7:896.0,321.6:906.5,322.6:917.7,323.7:932.2,324.8:945.5,325.7:958.7,326.7:973.2,327.8:988.7,328.7:1004.5,329.7:1023.2,330.8:1040.2,331.8:1057.7,332.7:1079.0,333.8:1100.5,334.7:1121.2,335.7:1145.2,343.5:0.0,344.5:0.0,345.6:0.0,346.6:0.0,347.6:0.0,342.0:0.0,343.0:1097.2,344.1:1089.2,345.1:1080.5,352.8:0.0,353.8:0.0,348.2:1064.7,349.3:1050.2,350.3:1043.2,351.3:1036.5,
352.9:822.5,353.9:817.7,354.9:816.0,355.9:812.7,357.0:808.2,358.1:804.7,359.0:801.2,0.1:799.2,1.2:798.2,2.2:797.2,3.2:797.7,4.2:799.5,11.4:0.0,12.4:0.0,13.5:0.0,14.5:0.0,15.5:0.0,9.6:0.0,10.6:1452.0,11.6:1453.7,12.7:1454.7,13.7:1454.7,14.7:1455.2,15.7:1455.2,16.7:1459.0,17.8:1459.7,18.8:1462.2,19.8:1469.5,20.9:1472.7,21.9:1476.7,22.9:1484.2,23.9:1489.5,25.0:1497.0,26.0:1504.7,27.0:1511.7,28.0:1529.5,29.0:1541.5,30.0:1543.2,31.1:1550.0,32.2:1559.5,33.2:1571.7,34.2:1583.7,35.2:1596.0,36.2:1609.2,37.3:1621.0,38.2:1634.0,39.2:1650.2,40.3:1668.2,41.3:1685.7,42.3:1703.0,43.4:1722.0,44.4:1743.5,52.6:0.0,53.6:0.0,54.6:0.0,55.7:0.0,56.7:0.0,57.7:0.0,58.7:0.0,59.8:0.0,60.8:0.0,54.7:0.0,62.9:0.0,63.9:0.0,64.9:0.0,66.0:0.0,66.9:0.0,68.0:0.0,69.0:0.0,70.0:0.0,71.0:0.0,72.1:0.0,65.8:0.0,66.8:0.0,75.1:0.0,68.9:0.0,77.2:0.0,78.2:0.0,79.2:0.0,80.3:0.0,74.0:0.0,82.3:0.0,83.3:0.0,84.4:0.0,78.2:0.0,79.3:1815.5,80.3:1801.5,81.3:1785.7,82.3:1775.0,83.3:1768.7,84.4:1759.5,85.4:1755.2,86.4:1747.7,87.5:1739.2,88.5:1731.0,89.5:1719.2,90.5:1711.5,91.6:1705.5,92.6:1698.5,93.6:1695.5,94.7:1693.7,95.7:1693.7,96.7:1691.0,97.7:1684.7,98.7:1684.5,99.8:1684.2,100.8:1682.5,101.8:1683.5,102.9:1681.5,103.9:1679.7,104.9:1681.7,105.9:1683.7,107.0:1685.5,108.0:1689.5,109.0:1695.7,110.0:1701.0,111.0:1704.2,112.0:1706.7,113.0:1714.5,114.1:1724.0,115.1:1730.0,116.1:1739.2,117.2:1748.2,118.2:1772.0,119.2:1793.2,120.2:1784.0,128.4:0.0,129.5:0.0,130.5:0.0,131.5:0.0,132.5:0.0,133.5:0.0,134.6:0.0,135.6:0.0,129.8:0.0,130.9:1187.0,132.0:1189.7,133.0:1193.5,140.7:0.0,141.8:0.0,142.8:0.0,143.8:0.0,144.8:0.0,145.9:0.0,146.9:0.0,147.9:0.0,148.9:0.0,150.0:0.0,151.0:0.0,152.0:0.0,153.0:0.0,154.1:0.0,155.1:0.0,156.1:0.0,157.1:0.0,158.2:0.0,159.2:0.0,160.2:0.0,161.2:0.0,162.4:0.0,163.4:0.0,164.5:0.0,158.7:1187.0,166.5:0.0,167.5:0.0,168.6:0.0,169.6:0.0,170.6:0.0,165.0:0.0,166.0:1101.0,167.1:1091.0,168.1:1082.5,169.2:1075.7,170.2:1067.2,177.9:0.0,172.3:1053.2,173.3:1044.7,174.3:1040.7,175.4:1034.5,176.4:1029.5,177.5:1025.7,178.5:1020.7,179.5:1014.2,180.5:1012.0,181.6:1008.7,182.6:1005.7,183.7:1003.0,184.7:999.5,185.7:999.0,186.8:996.5,187.8:993.0,188.9:990.7,189.8:989.7,190.8:991.0,191.9:991.7,193.0:991.2,193.9:991.2,195.0:992.5,196.0:993.2,197.1:992.7,198.1:995.7,199.1:999.5,200.1:1001.5,201.1:1002.5,202.1:1004.7,203.2:1010.2,204.3:1013.0,205.3:1015.0,206.3:1018.7,207.4:1024.2,208.3:1030.7,209.4:1034.7,210.4:1039.2,211.5:1044.0,212.5:1050.5,213.5:1055.5,221.1:0.0,216.4:0.0,217.4:654.2,218.6:648.2,219.5:646.2,220.7:0.0,221.8:605.2,222.9:600.2,223.9:595.7,224.8:593.2,225.8:589.7,226.9:585.0,228.1:582.7,229.1:580.7,230.0:578.5,231.2:576.2,232.1:574.5,233.2:572.5,234.3:569.7,235.2:568.0,236.3:566.7,237.2:565.5,238.4:564.0,239.4:564.0,240.4:562.7,241.5:561.2,242.4:562.5,243.5:562.0,244.6:561.7,245.4:563.0,246.6:562.7,247.7:563.5,248.7:564.5,249.7:564.7,250.8:566.0,251.8:568.0,252.7:569.5,253.7:571.5,254.7:573.7,255.7:576.0,256.7:578.5,257.8:580.7,258.8:582.2,259.8:585.0,260.8:588.7,261.8:591.0,263.0:593.2,263.9:598.2,265.0:601.5,265.9:605.2,267.0:610.0,267.9:614.5,274.6:0.0,275.6:0.0,270.8:0.0,271.9:668.5,272.9:672.2,279.7:0.0,280.8:0.0,281.8:0.0,282.7:0.0,276.2:0.0,284.7:0.0,280.0:0.0,280.9:676.7,282.0:675.5,282.9:675.0,284.1:676.0,285.0:675.7,286.0:676.2,287.1:676.5,288.2:675.5,289.1:677.2,290.2:679.0,291.2:680.5,292.1:682.2,293.2:684.2,294.3:686.5,295.3:687.2,296.2:689.0,297.3:692.2,298.2:695.0,299.2:697.5,300.4:701.2,301.3:705.2,302.5:708.2,303.4:712.0,304.3:715.7,305.5:720.5,306.5:726.7,307.5:731.5,308.4:737.5,309.4:743.5,310.5:749.2,311.6:755.2,312.6:760.7,313.6:768.5,314.5:777.2,315.5:785.0,316.6:792.5,317.6:800.7,318.6:810.2,319.6:820.2,320.6:829.5,321.6:840.0,322.5:851.7,323.6:863.5,324.7:876.5,325.6:889.0,326.5:903.0,327.6:918.0,328.6:932.2,329.6:947.7,330.6:964.2,331.7:984.0,339.2:0.0,340.2:0.0,334.7:0.0,335.8:956.5,343.3:0.0,337.8:938.7,338.9:919.5,340.0:911.0,341.0:902.0,342.1:892.5,349.4:0.0,344.2:879.5,345.1:867.5,346.1:861.7,347.2:855.0,348.3:848.7,349.4:842.0,350.4:836.5,351.4:832.7,
353.0:622.7,353.9:621.0,355.1:617.5,356.1:614.5,357.0:611.2,358.2:608.2,359.2:607.7,0.1:604.2,1.2:601.7,2.3:600.2,3.3:600.5,4.2:601.7,5.4:603.0,12.0:0.0,13.0:0.0,14.0:0.0,15.0:0.0,16.1:0.0,17.1:0.0,11.3:0.0,12.3:1261.2,13.3:1263.2,14.4:1264.0,15.4:1264.0,16.5:1266.5,17.5:1269.0,18.5:1270.2,19.5:1272.7,20.5:1276.5,21.5:1280.2,22.6:1283.0,23.6:1284.2,24.6:1288.7,25.7:1298.2,26.7:1304.0,27.7:1309.7,28.7:1318.7,29.7:1325.2,30.7:1334.5,31.7:1347.7,32.8:1363.2,33.8:1371.5,34.8:1375.0,35.9:1384.5,37.0:1397.5,37.9:1411.2,39.0:1426.5,40.0:1442.5,41.0:1455.7,42.0:1470.7,43.0:1488.0,44.0:1504.7,45.1:1523.2,46.1:1542.7,47.1:1563.0,48.2:1583.5,49.2:1604.5,50.2:1629.5,58.3:0.0,59.3:0.0,60.4:0.0,61.4:0.0,62.4:0.0,63.5:0.0,64.5:0.0,58.5:0.0,66.5:0.0,67.5:0.0,68.5:0.0,69.6:0.0,70.6:0.0,71.6:0.0,72.6:0.0,73.7:0.0,74.7:0.0,75.7:0.0,76.7:0.0,77.8:0.0,78.8:0.0,72.6:0.0,80.8:0.0,81.9:0.0,82.9:0.0,76.7:0.0,77.7:1888.7,78.7:1878.5,79.8:1863.0,80.8:1849.0,81.9:1839.7,82.9:1827.5,83.9:1815.2,84.9:1803.7,85.9:1790.7,86.9:1778.2,88.0:1773.0,89.0:1767.2,90.0:1756.5,91.1:1753.2,92.1:1753.0,93.1:1748.5,94.1:1743.2,95.1:1738.2,96.2:1733.0,97.2:1732.0,98.2:1730.0,99.2:1726.7,100.3:1725.7,101.3:1724.7,102.3:1724.7,103.3:1724.0,104.3:1727.7,105.4:1734.0,106.4:1735.2,107.5:1734.2,108.5:1737.0,109.5:1742.2,110.5:1747.7,111.5:1754.5,112.6:1758.2,113.6:1761.2,114.6:1766.5,115.6:1773.5,116.7:1785.2,117.7:1792.0,118.7:1798.0,119.7:1809.7,120.7:1822.2,121.7:1836.0,122.8:1841.2,123.8:0.0,132.0:0.0,133.1:0.0,134.1:0.0,135.1:0.0,136.1:0.0,137.2:0.0,138.2:0.0,139.3:0.0,140.3:0.0,141.3:0.0,142.3:0.0,143.4:0.0,144.4:0.0,145.4:0.0,146.5:0.0,147.5:0.0,148.5:0.0,149.5:0.0,150.6:0.0,151.6:0.0,152.6:0.0,153.6:0.0,147.7:0.0,155.7:0.0,156.7:0.0,150.7:0.0,158.8:0.0,159.8:0.0,160.8:0.0,161.8:0.0,162.9:0.0,164.0:0.0,165.0:0.0,166.0:0.0,167.0:0.0,168.1:0.0,169.1:0.0,170.1:0.0,171.2:0.0,172.2:0.0,173.2:0.0,174.2:0.0,168.4:0.0,169.4:1275.5,170.5:1267.5,171.5:1260.2,172.5:1252.2,180.4:0.0,181.4:0.0,182.5:0.0,183.5:0.0,177.7:1228.5,178.8:1208.0,179.8:1205.2,180.8:1203.2,181.8:1200.5,182.9:1193.0,183.9:1188.2,185.0:1190.0,186.0:1186.5,187.0:1182.7,188.0:1181.0,189.0:1179.0,190.1:1180.0,191.1:1179.2,192.1:1178.5,193.2:1178.0,194.2:1174.7,195.3:1175.5,196.2:1178.7,197.3:1182.2,198.4:1185.0,199.4:1186.7,200.4:1190.0,201.4:1194.0,202.5:1198.5,203.5:1202.0,204.6:1205.0,205.6:1208.2,213.4:0.0,214.5:0.0,209.4:0.0,210.3:793.0,217.5:0.0,212.5:0.0,213.5:746.0,214.6:739.2,215.7:730.7,216.7:723.2,217.8:715.5,218.8:707.7,219.9:703.5,221.0:699.7,221.9:693.5,223.0:688.7,224.1:684.5,225.2:681.2,226.1:678.5,227.1:673.2,228.2:669.2,229.2:668.7,230.3:667.0,231.3:662.7,232.4:658.7,233.4:655.2,234.3:652.7,235.4:653.0,236.5:652.5,237.5:651.7,238.5:650.5,239.5:648.0,240.5:647.2,241.6:647.2,242.6:647.0,243.7:646.5,244.6:646.7,245.8:647.5,246.7:649.5,247.7:649.5,248.8:649.0,249.9:650.7,250.8:652.7,257.6:0.0,258.7:0.0,253.8:0.0,254.8:689.2,255.9:691.2,256.8:693.0,263.8:0.0,264.8:0.0,265.8:0.0,266.9:0.0,260.3:0.0,263.2:0.0,264.1:664.7,265.1:660.0,266.2:656.2,267.2:652.7,268.2:649.0,269.3:645.0,270.3:641.2,271.4:638.7,272.6:636.2,273.6:633.7,274.5:632.2,275.7:630.5,276.5:628.7,277.5:626.7,278.5:625.0,279.6:623.7,280.7:622.2,281.5:621.5,282.7:620.7,283.7:620.0,284.6:621.2,285.8:621.2,286.7:621.2,287.7:621.7,288.7:622.2,289.8:623.2,290.9:623.7,291.7:625.2,292.8:627.2,293.8:629.5,294.8:631.0,296.0:632.5,296.8:635.2,297.8:637.2,298.9:638.7,299.8:642.0,301.0:645.5,302.1:649.2,303.0:653.7,304.1:657.5,305.0:661.2,306.1:665.7,307.2:670.0,308.2:675.5,309.0:682.0,310.1:686.5,311.1:692.2,312.0:699.2,313.1:705.5,314.2:711.5,315.2:718.5,316.2:726.2,317.1:735.0,318.2:743.5,319.2:751.5,320.2:760.5,321.2:770.2,322.2:781.5,323.1:791.0,324.3:800.7,325.2:814.7,326.3:822.2,327.2:814.7,334.5:0.0,335.5:0.0,336.6:0.0,337.6:0.0,338.6:0.0,339.6:0.0,340.7:0.0,341.7:0.0,336.7:0.0,337.8:706.0,338.8:698.7,345.8:0.0,340.9:683.2,342.1:672.5,343.1:668.0,344.0:662.2,345.2:658.0,346.3:652.0,347.3:645.2,348.3:640.7,349.3:635.7,350.3:631.0,351.4:627.7,352.5:624.2,
355.9:317.2,357.1:315.5,358.0:314.7,359.0:313.0,0.1:311.2,1.7:310.5,2.5:310.0,3.4:309.7,4.3:308.0,5.8:307.5,6.3:308.5,7.2:308.7,8.7:309.0,9.2:310.2,10.9:312.0,14.7:0.0,15.7:0.0,16.8:0.0,17.8:0.0,18.8:0.0,19.8:0.0,20.9:0.0,21.9:0.0,22.9:0.0,17.4:0.0,18.4:1001.2,19.5:991.5,20.5:993.2,21.5:996.7,22.4:999.2,23.5:1001.0,24.5:1006.2,25.5:1011.2,26.6:1017.2,27.5:1022.0,28.6:1025.5,29.6:1031.5,30.6:1038.5,31.5:1044.5,32.6:1050.5,33.6:1057.2,34.6:1064.7,35.6:1072.5,36.6:1079.2,37.7:1088.5,38.7:1100.5,39.7:1111.2,40.6:0.0,41.7:1149.0,42.7:1149.7,43.6:1161.0,44.7:1173.0,45.6:1185.0,46.7:1197.5,47.7:1213.7,48.7:1232.2,49.7:1250.0,50.7:1266.2,51.7:1283.5,52.7:1306.0,53.7:1331.2,54.7:1350.2,55.7:1370.0,56.7:1392.2,57.8:1416.2,58.7:1451.5,66.7:0.0,67.7:0.0,68.7:0.0,69.7:0.0,70.8:0.0,71.8:0.0,72.8:0.0,73.8:0.0,74.8:0.0,68.9:0.0,76.9:0.0,77.9:0.0,78.9:0.0,79.9:0.0,80.9:0.0,82.0:0.0,83.0:0.0,84.0:0.0,85.0:0.0,86.0:0.0,87.0:0.0,80.8:0.0,81.8:1945.5,82.8:1918.2,83.9:1880.7,84.9:1865.5,85.9:1857.7,86.9:1850.2,87.9:1843.2,88.9:1840.0,90.0:1830.5,91.0:1819.7,92.0:1813.7,93.0:1811.2,94.1:1811.0,95.1:1806.5,96.1:1800.2,97.1:1796.2,98.1:1793.5,99.1:1790.2,100.2:1791.0,101.1:1791.5,102.2:1789.7,103.2:1789.2,104.2:1790.2,105.2:1789.5,106.3:1790.0,107.3:1798.0,108.3:1802.5,109.3:1807.7,110.3:1813.7,111.3:1815.5,112.3:1821.5,113.3:1827.5,114.4:1833.0,115.4:1840.7,116.4:1847.7,117.4:1855.5,118.4:1864.5,119.4:1876.2,120.4:1889.0,121.4:1894.2,122.5:1902.7,123.5:1923.7,131.7:0.0,125.5:1950.5,126.5:1978.0,127.5:1999.2,128.5:2009.5,136.8:0.0,130.5:0.0,138.9:0.0,139.9:0.0,140.9:0.0,141.9:0.0,142.9:0.0,143.9:0.0,145.0:0.0,146.0:0.0,147.0:0.0,148.0:0.0,141.9:0.0,143.0:1571.5,144.0:1554.5,145.0:1556.5,153.1:0.0,154.1:0.0,155.1:0.0,156.1:0.0,157.2:0.0,158.2:0.0,159.2:0.0,160.2:0.0,161.2:0.0,162.4:0.0,163.4:0.0,164.4:0.0,165.5:0.0,166.5:0.0,167.5:0.0,168.5:0.0,162.4:0.0,163.4:1671.7,164.5:1651.2,165.5:1635.7,166.5:1624.2,167.5:1612.5,168.6:1600.5,169.6:1586.0,170.7:1574.7,171.7:1567.7,172.7:1558.7,173.7:1549.5,174.8:1539.0,175.8:1528.7,176.8:1521.0,177.8:1516.2,178.9:1513.2,179.8:1505.7,180.9:1499.7,181.9:1492.2,182.9:1487.0,184.0:1485.7,185.0:1480.0,186.0:1474.2,187.0:1471.7,188.0:1469.7,189.0:1467.2,190.0:1465.5,191.1:1464.2,192.1:1462.7,193.1:1465.0,194.2:1465.7,195.1:1468.7,196.1:1471.5,197.2:1470.2,198.2:1473.2,199.3:1477.0,207.3:0.0,208.3:0.0,209.3:0.0,210.4:0.0,211.4:0.0,212.4:0.0,213.5:0.0,214.5:0.0,215.5:0.0,216.5:0.0,217.5:0.0,218.6:0.0,219.6:0.0,220.6:0.0,215.3:0.0,216.4:865.7,217.5:856.0,218.4:848.5,219.4:843.7,220.5:837.7,221.5:831.2,222.5:825.5,223.7:821.0,224.6:817.0,225.7:812.5,226.7:806.7,227.7:802.0,228.6:798.5,229.6:795.0,230.7:792.7,231.8:794.5,232.7:806.7,233.7:814.0,234.8:809.5,235.8:807.2,236.8:805.7,244.0:0.0,245.0:0.0,246.0:0.0,241.0:0.0,242.2:743.2,243.2:730.5,244.2:717.5,245.2:706.7,246.2:696.7,247.2:687.2,248.4:677.7,249.4:667.7,250.4:659.0,251.5:650.2,252.6:642.2,253.6:635.5,254.6:630.0,255.7:623.0,256.7:616.2,257.8:610.5,258.9:604.5,259.8:599.0,260.8:593.5,262.0:588.5,262.9:584.5,264.0:581.0,265.0:577.7,266.1:573.5,267.1:569.2,268.0:566.5,269.3:564.2,270.4:560.5,271.2:557.0,272.3:555.2,273.4:552.7,274.4:551.0,275.3:550.0,276.5:548.2,277.3:546.2,278.5:544.5,279.5:543.7,280.2:543.5,281.5:542.5,282.3:540.7,283.4:540.2,284.3:540.2,285.3:540.2,286.6:541.2,287.5:542.0,288.6:542.7,289.5:543.2,290.5:543.5,291.4:544.2,292.5:545.7,293.6:547.2,294.5:548.7,295.7:550.5,296.6:552.2,297.6:554.2,298.7:555.5,299.5:558.2,300.7:562.0,301.7:564.7,302.6:567.5,303.5:570.5,304.6:574.0,305.6:578.2,306.6:582.2,307.7:586.0,308.6:590.0,309.6:596.2,310.7:602.7,317.2:0.0,318.2:0.0,319.2:0.0,320.2:0.0,321.2:0.0,322.3:0.0,323.3:0.0,324.3:0.0,325.3:0.0,326.3:0.0,327.3:0.0,328.4:0.0,329.4:0.0,330.5:0.0,331.5:0.0,332.5:0.0,333.5:0.0,334.5:0.0,335.5:0.0,336.6:0.0,337.6:0.0,338.6:0.0,339.6:0.0,340.6:0.0,341.7:0.0,342.7:0.0,343.7:0.0,344.7:0.0,345.7:0.0,346.7:0.0,347.8:0.0,345.0:0.0,346.2:337.5,347.0:334.2,348.2:330.7,349.2:328.5,350.7:326.7,351.7:324.7,353.0:322.7,354.1:321.0,355.1:318.7,
352.0:0.0,0.1:0.0,1.1:0.0,2.1:0.0,3.2:0.0,4.2:0.0,5.2:0.0,6.2:0.0,7.2:0.0,8.3:0.0,9.3:0.0,10.3:0.0,4.0:0.0,12.4:0.0,13.4:0.0,14.4:0.0,8.2:0.0,9.2:1886.0,10.2:1870.0,11.3:1853.5,12.3:1841.0,13.3:1828.7,14.4:1817.5,15.4:1807.5,16.4:1797.5,17.4:1785.5,18.4:1774.7,19.5:1767.2,20.5:1763.0,21.5:1760.7,22.6:1755.5,23.6:1750.2,24.6:1746.0,25.6:1741.2,26.6:1736.7,27.7:1731.0,28.7:1727.0,29.7:1726.5,30.7:1727.2,31.7:1724.5,32.8:1723.0,33.8:1726.0,34.9:1728.7,35.9:1730.0,36.9:1730.5,37.9:1732.5,39.0:1736.0,40.0:1739.2,41.0:1745.0,42.1:1747.7,43.0:1748.7,44.1:1756.2,45.1:1763.0,46.1:1771.0,47.1:1782.5,48.1:1789.7,49.2:1797.2,50.2:1807.5,51.2:1817.0,52.2:1828.0,60.5:0.0,54.3:0.0,55.3:1901.7,63.5:0.0,64.6:0.0,65.6:0.0,66.5:0.0,67.6:0.0,68.6:0.0,69.6:0.0,70.6:0.0,71.6:0.0,65.8:0.0,73.7:0.0,67.8:1336.5,75.7:0.0,76.7:0.0,77.8:0.0,78.8:0.0,79.8:0.0,80.8:0.0,81.8:0.0,82.9:0.0,83.9:0.0,84.9:0.0,85.9:0.0,87.0:0.0,88.0:0.0,89.0:0.0,90.0:0.0,91.0:0.0,92.0:0.0,93.0:0.0,94.0:0.0,95.0:0.0,96.0:0.0,97.0:0.0,98.1:0.0,99.1:0.0,100.1:0.0,101.1:0.0,102.1:0.0,103.2:0.0,104.2:0.0,105.2:0.0,99.3:0.0,100.4:1273.0,101.3:1265.0,102.4:1259.7,110.3:0.0,104.5:1246.7,112.3:0.0,113.3:0.0,114.4:0.0,108.6:1224.5,109.7:1209.5,110.7:1205.2,111.7:1203.5,112.6:1201.0,113.7:1195.0,114.7:1191.0,115.7:1187.7,116.8:1184.5,117.8:1181.7,118.8:1178.7,119.8:1178.0,120.8:1178.0,121.8:1177.2,122.9:1176.2,123.9:1177.2,124.9:1177.0,126.0:1178.2,127.0:1180.7,127.9:1181.5,129.0:1182.7,130.0:1184.7,131.0:1187.0,132.0:1192.5,133.1:1196.0,134.1:1197.5,135.1:1202.7,136.2:1206.0,143.9:0.0,138.8:0.0,139.8:809.2,140.7:802.2,148.0:0.0,149.0:0.0,143.9:0.0,145.2:736.7,146.2:726.2,147.1:720.5,154.1:0.0,149.2:711.7,150.2:701.7,151.3:698.5,152.2:694.0,153.3:686.7,154.5:681.2,155.5:678.0,156.5:675.2,157.7:671.5,158.6:667.7,159.6:664.5,160.7:661.0,161.7:657.0,162.7:655.0,163.8:654.5,164.9:652.5,165.9:650.7,167.0:649.0,167.8:647.2,168.9:646.2,169.9:646.0,171.0:645.5,172.1:644.7,173.0:644.0,174.0:644.0,175.1:644.0,176.0:643.7,177.2:643.7,178.2:644.7,179.1:646.0,180.2:646.2,181.1:647.7,182.2:648.7,189.0:0.0,184.0:0.0,185.2:684.5,186.1:684.7,187.2:687.5,188.2:689.2,189.2:692.0,196.1:0.0,197.1:0.0,190.5:0.0,199.2:0.0,194.3:0.0,195.5:660.5,196.4:655.2,197.6:650.0,198.5:646.2,199.5:642.7,200.7:639.2,201.5:636.7,202.6:634.2,203.7:632.2,204.7:630.0,205.8:627.5,206.8:625.2,207.9:622.7,208.9:621.5,209.9:620.5,211.0:619.5,212.0:619.0,213.1:618.2,214.0:618.5,215.1:618.2,216.2:617.5,217.2:618.0,218.2:618.7,219.2:618.7,220.2:619.0,221.1:620.2,222.4:621.0,223.2:621.5,224.4:623.0,225.2:625.0,226.4:627.5,227.4:630.0,228.3:631.5,229.3:633.5,230.3:636.7,231.4:639.2,232.2:642.0,233.4:645.7,234.4:649.7,235.5:654.7,236.4:659.0,237.4:663.5,238.4:667.2,239.3:672.0,240.5:678.0,241.4:683.2,242.4:689.2,243.5:695.5,244.5:702.5,245.5:708.7,246.4:716.2,247.3:724.5,248.4:732.0,249.4:740.2,250.4:749.0,251.4:757.5,252.4:766.5,253.3:777.2,254.4:787.5,255.3:797.0,256.2:810.5,263.6:0.0,258.4:814.5,265.6:0.0,266.6:0.0,267.6:0.0,268.7:0.0,269.7:0.0,270.7:0.0,271.7:0.0,272.7:0.0,267.9:0.0,268.8:707.5,270.0:701.2,271.0:691.5,272.0:683.0,273.0:676.5,274.1:670.0,275.1:664.2,276.1:659.5,277.1:655.5,278.1:649.5,279.2:642.2,280.1:639.0,281.3:636.0,282.2:630.5,283.2:626.0,284.3:622.7,285.3:620.5,286.3:617.7,287.5:613.2,288.4:611.2,289.5:608.5,290.4:606.7,291.4:606.7,292.6:603.5,293.5:601.0,294.5:601.2,295.6:602.7,296.5:604.0,303.2:0.0,304.2:0.0,305.2:0.0,306.3:0.0,307.3:0.0,308.3:0.0,302.6:0.0,303.6:1264.0,304.5:1264.7,305.5:1266.0,306.6:1268.0,307.6:1268.0,308.6:1269.5,309.6:1273.0,310.7:1276.2,311.7:1278.5,312.6:1280.2,313.7:1283.7,314.7:1289.7,315.7:1296.7,316.7:1301.2,317.7:1308.2,318.7:1317.2,319.7:1323.7,320.8:1330.2,321.8:1340.0,322.8:1354.2,323.9:1370.7,324.9:1378.5,325.9:1380.7,327.0:1390.5,328.0:1406.7,329.0:1419.5,330.0:1432.0,331.0:1446.5,332.0:1460.2,333.0:1477.2,334.0:1493.7,335.0:1510.0,336.0:1529.5,337.0:1552.0,338.0:1571.2,339.1:1591.0,340.1:1612.2,341.1:1637.7,349.2:0.0,350.2:0.0,351.3:0.0,352.3:0.0,353.3:0.0,354.3:0.0,355.3:0.0,349.3:0.0,357.4:0.0,358.4:0.0,
359.4:0.0,0.5:0.0,1.5:0.0,2.5:0.0,3.5:0.0,4.6:0.0,5.6:0.0,6.6:0.0,7.7:0.0,8.7:0.0,9.7:0.0,10.7:0.0,11.8:0.0,12.8:0.0,6.8:0.0,7.7:1630.5,8.8:1618.0,9.8:1607.2,10.9:1595.0,11.9:1579.7,12.9:1570.5,13.9:1560.2,15.0:1550.7,16.0:1546.5,17.1:1540.0,18.1:1532.5,19.1:1525.2,20.2:1517.5,21.2:1511.7,22.2:1505.5,23.3:1494.7,24.2:1490.7,25.3:1492.0,26.3:1490.5,27.3:1485.2,28.4:1482.7,29.4:1484.5,30.4:1487.0,31.5:1484.2,32.5:1478.0,33.5:1478.2,34.5:1482.5,35.6:1483.0,36.6:1483.0,37.6:1486.0,38.7:1488.7,39.7:1492.0,40.7:1493.7,41.8:1498.2,42.8:1504.2,43.8:1509.2,44.8:1513.2,45.8:1519.2,46.9:1526.5,47.9:1532.2,48.9:1538.2,50.0:1545.2,51.0:1554.0,52.0:1561.7,53.0:1568.2,54.0:1579.5,55.1:1594.7,56.0:1605.2,57.1:1614.0,58.1:1626.2,59.1:1643.5,67.2:0.0,68.3:0.0,62.2:0.0,70.3:0.0,71.3:0.0,72.4:0.0,73.4:0.0,74.4:0.0,75.5:0.0,76.5:0.0,77.5:0.0,78.5:0.0,79.5:0.0,80.6:0.0,81.6:0.0,82.6:0.0,83.7:0.0,77.9:0.0,85.7:0.0,79.9:1265.0,80.9:1248.5,88.8:0.0,89.8:0.0,90.8:0.0,91.8:0.0,92.8:0.0,93.9:0.0,94.9:0.0,95.9:0.0,97.0:0.0,98.0:0.0,99.0:0.0,100.0:0.0,93.9:0.0,95.0:1547.5,103.1:0.0,97.1:1523.7,105.1:0.0,106.2:0.0,107.2:0.0,108.2:0.0,109.2:0.0,110.2:0.0,104.3:0.0,105.4:1408.2,106.4:1399.5,107.4:1390.7,108.4:1386.0,109.5:1381.5,110.5:1378.2,111.5:1374.0,112.6:1367.0,113.6:1361.7,114.6:1356.2,115.6:1354.7,116.7:1352.0,117.7:1347.7,118.7:1347.7,119.7:1345.0,120.7:1341.2,121.8:1340.5,122.8:1341.0,123.8:1340.5,124.8:1339.5,125.8:1339.7,126.9:1341.7,127.9:1344.2,128.9:1346.0,130.0:1347.0,131.0:1350.0,132.0:1355.0,133.0:1358.0,134.0:1361.5,135.0:1368.0,136.1:1376.0,137.1:1381.5,138.2:1384.5,139.2:1388.7,140.2:1395.0,141.2:1406.0,142.2:1414.2,150.2:0.0,151.2:0.0,152.3:0.0,153.3:0.0,154.3:0.0,155.3:0.0,149.7:0.0,150.8:1046.7,151.8:0.0,152.9:1005.2,154.0:998.5,154.9:992.2,156.1:986.0,157.1:979.5,158.2:970.5,159.3:963.0,160.3:963.0,161.3:960.7,162.3:957.2,163.4:953.0,164.4:948.5,165.5:946.5,166.5:944.2,167.6:941.7,168.5:939.2,169.6:937.0,170.6:936.5,171.6:936.2,172.7:935.7,173.7:935.0,174.7:934.5,175.8:935.7,176.9:935.0,177.9:934.0,178.8:934.7,179.8:936.0,180.8:939.2,182.0:945.5,182.9:962.0,183.9:977.2,184.9:979.0,192.5:0.0,193.5:0.0,194.5:0.0,195.6:0.0,190.1:0.0,191.1:940.0,192.2:932.7,193.2:924.5,194.3:918.5,195.4:912.5,196.3:906.0,197.5:900.7,198.5:895.2,199.5:889.2,200.6:883.0,201.5:878.7,202.6:876.0,203.6:872.7,204.7:868.7,205.7:865.5,206.8:863.7,207.8:860.7,208.9:858.2,209.9:856.7,211.0:854.5,211.9:852.7,212.9:853.0,214.0:853.2,215.0:852.0,216.1:851.2,217.1:851.2,218.1:852.0,219.2:853.0,220.2:854.2,221.2:854.7,222.3:855.5,223.3:857.7,224.3:861.0,225.3:863.5,226.4:865.2,227.4:868.5,228.3:871.5,229.3:875.0,230.3:878.2,231.4:882.0,232.4:887.5,233.4:893.5,234.5:898.2,235.5:903.2,236.5:908.7,237.5:915.7,238.5:924.0,246.0:0.0,247.0:0.0,248.0:0.0,249.1:0.0,250.1:0.0,251.1:0.0,252.2:0.0,253.2:0.0,254.2:0.0,255.2:0.0,256.3:0.0,257.3:0.0,258.3:0.0,259.3:0.0,260.4:0.0,261.4:0.0,262.4:0.0,263.5:0.0,264.5:0.0,265.5:0.0,266.5:0.0,267.6:0.0,268.6:0.0,264.4:0.0,265.3:550.0,266.4:540.5,267.5:535.7,268.6:534.7,269.5:535.5,270.5:536.7,276.8:0.0,277.8:0.0,278.9:0.0,279.9:0.0,280.9:0.0,282.0:0.0,282.9:0.0,283.9:0.0,284.9:0.0,286.0:0.0,287.0:0.0,288.0:0.0,289.0:0.0,290.0:0.0,291.1:0.0,292.1:0.0,293.1:0.0,294.1:0.0,288.4:0.0,289.5:1133.2,290.5:1128.0,291.5:1124.7,292.5:1121.0,293.6:1117.2,294.6:1116.0,295.6:1113.5,296.6:1109.7,297.7:1108.7,298.7:1107.5,299.8:1104.2,300.9:1103.0,301.8:1104.5,302.9:1104.5,303.9:1104.5,304.9:1106.7,305.9:1107.5,306.9:1107.5,308.0:1111.0,309.0:1113.0,310.0:1115.0,311.0:1117.0,312.1:1119.2,313.1:1122.0,314.1:1129.7,315.1:1153.5,316.1:1159.5,317.2:1149.2,318.2:1150.7,319.2:1156.2,320.2:1163.2,321.2:1169.5,322.3:1178.0,323.3:1184.2,324.4:1190.0,325.4:1200.5,326.4:1213.0,327.4:1223.2,328.4:1234.2,329.5:1245.0,330.5:1256.7,331.5:1269.5,332.5:1280.7,333.6:1293.5,334.5:1309.0,335.5:1325.2,336.6:1341.7,344.5:0.0,345.5:0.0,346.6:0.0,347.6:0.0,348.6:0.0,349.7:0.0,350.7:0.0,351.7:0.0,352.7:0.0,347.0:0.0,354.8:0.0,355.8:0.0,356.9:0.0,357.9:0.0,
359.0:0.0,0.0:0.0,1.0:0.0,2.0:0.0,3.0:0.0,4.1:0.0,5.1:0.0,6.1:0.0,7.1:0.0,8.2:0.0,9.2:0.0,10.2:0.0,11.2:0.0,5.2:0.0,6.2:1521.5,14.3:0.0,15.3:0.0,16.3:0.0,10.4:0.0,11.5:1408.5,12.5:1400.0,13.5:1393.0,14.6:1384.7,15.6:1377.2,16.6:1370.2,17.6:1364.2,18.6:1357.7,19.7:1350.0,20.7:1345.0,21.7:1340.5,22.7:1334.5,30.7:0.0,31.7:0.0,25.8:1326.2,26.9:1316.2,27.9:1312.2,28.9:1311.2,30.0:1310.0,30.9:1312.2,32.0:1312.2,33.0:1313.5,34.0:1318.5,35.1:1319.2,36.1:1317.7,37.1:1319.2,38.2:1320.5,46.1:0.0,47.1:0.0,41.2:1326.7,42.3:1333.5,43.2:1336.5,44.3:1341.2,45.4:1343.7,46.4:1349.2,47.3:1356.5,48.4:1361.2,49.4:1370.0,50.5:1376.2,51.5:1382.0,52.5:1392.2,53.5:1399.5,61.5:0.0,62.5:0.0,63.5:0.0,64.5:0.0,65.6:0.0,66.6:0.0,67.6:0.0,61.6:0.0,62.6:1519.7,70.6:0.0,71.7:0.0,72.7:0.0,66.6:0.0,74.7:0.0,68.6:0.0,76.8:0.0,70.7:1658.7,78.8:0.0,79.9:0.0,80.9:0.0,81.9:0.0,82.9:0.0,84.0:0.0,85.0:0.0,86.0:0.0,87.0:0.0,88.0:0.0,89.1:0.0,90.0:0.0,91.0:0.0,92.0:0.0,93.0:0.0,94.1:0.0,88.3:0.0,96.1:0.0,97.1:0.0,98.2:0.0,99.2:0.0,100.2:0.0,101.2:0.0,102.2:0.0,103.2:0.0,104.3:0.0,105.3:0.0,106.3:0.0,100.2:0.0,101.3:1587.0,102.3:1560.0,103.3:1546.7,104.3:1537.7,105.4:1530.0,106.4:1522.2,107.5:1513.7,108.5:1508.5,109.5:1503.0,110.6:1493.2,111.6:1485.5,112.5:1482.5,113.6:1481.7,114.6:1475.5,115.7:1470.0,116.7:1465.7,117.7:1463.0,118.7:1461.2,119.8:1457.0,120.8:1455.0,121.8:1455.7,122.8:1455.0,123.8:1454.0,124.8:1457.0,125.9:1458.5,126.9:1458.0,127.9:1459.5,128.9:1460.2,129.9:1461.5,131.0:1464.0,132.0:1469.0,133.0:1475.7,134.0:1481.5,135.1:1485.2,136.1:1487.2,137.1:1493.7,138.1:1502.5,139.2:1509.7,140.2:1517.7,141.2:1522.2,142.2:1531.5,143.2:1544.7,144.2:1551.5,145.2:1559.2,146.2:1569.2,147.3:1581.5,148.3:1594.5,149.3:1607.0,150.3:1621.2,151.3:1633.2,159.5:0.0,160.5:0.0,154.7:0.0,155.9:1196.5,156.9:1177.5,158.0:1173.2,159.0:1167.7,160.0:1161.5,161.0:1155.7,162.1:1150.7,163.1:1147.7,164.1:1145.2,165.2:1141.5,166.2:1137.2,167.2:1135.7,168.3:1132.7,169.2:1129.7,170.3:1128.5,171.3:1126.5,172.4:1126.0,173.4:1126.0,174.4:1126.5,175.4:1124.2,176.5:1123.5,177.5:1124.2,178.5:1126.7,179.4:1130.5,180.5:1131.0,188.2:0.0,182.5:1146.2,183.6:1162.5,184.5:1166.2,192.3:0.0,193.3:0.0,187.6:1151.7,188.7:1130.2,189.8:1121.5,190.8:1113.5,191.8:1104.2,192.9:1095.2,193.9:1087.0,194.9:1077.5,195.9:1069.5,197.0:1062.5,198.0:1055.5,199.0:1050.5,200.0:1045.7,201.0:1040.7,202.1:1037.2,203.1:1034.0,204.3:1029.5,205.2:1025.0,206.3:1021.5,207.3:1019.5,208.3:1016.2,209.4:1013.2,210.4:1011.7,211.5:1009.5,212.4:1008.2,213.5:1008.0,214.5:1007.0,215.5:1006.5,216.6:1006.5,217.6:1008.0,218.7:1008.7,219.7:1008.5,220.7:1009.2,221.7:1011.2,222.8:1013.0,223.7:1014.2,224.8:1018.7,225.7:1022.2,226.8:1023.5,227.8:1026.5,228.8:1031.7,229.9:1037.7,230.3:0.0,238.5:0.0,239.5:0.0,240.5:0.0,241.5:0.0,242.6:0.0,243.6:0.0,244.6:0.0,245.6:0.0,246.7:0.0,247.7:0.0,248.7:0.0,249.7:0.0,250.8:0.0,251.8:0.0,252.8:0.0,248.5:0.0,249.3:567.5,250.4:566.7,251.6:566.7,252.5:567.5,258.9:0.0,259.9:0.0,260.9:0.0,262.0:0.0,263.0:0.0,264.0:0.0,265.0:0.0,266.0:0.0,267.1:0.0,268.1:0.0,269.1:0.0,270.1:0.0,271.2:0.0,272.2:0.0,273.2:0.0,274.2:0.0,275.2:0.0,276.3:0.0,277.3:0.0,278.3:0.0,279.3:0.0,280.3:0.0,281.4:0.0,282.3:0.0,283.3:0.0,284.4:0.0,278.8:0.0,279.7:1085.5,280.8:1077.2,281.8:1069.7,282.9:1061.2,283.9:1054.7,284.8:1048.5,285.9:1043.2,286.9:1038.5,288.0:1034.0,289.0:1030.2,290.1:1024.7,291.0:1019.5,292.1:1015.7,293.1:1013.0,294.1:1011.0,295.1:1009.0,296.1:1007.0,297.1:1005.5,298.2:1005.0,299.2:1003.0,300.4:1001.5,301.3:1001.0,302.4:1001.5,303.4:1003.5,304.5:1004.2,305.4:1004.5,306.4:1007.7,314.0:0.0,308.5:1017.7,309.4:1020.2,310.5:1016.5,311.5:1018.0,312.6:1020.5,313.5:1023.2,314.6:1028.5,315.5:1033.5,316.5:1037.7,317.6:1043.7,318.6:1049.2,319.7:1055.2,320.7:1060.7,321.7:1066.5,322.7:1072.7,323.7:1079.2,324.7:1087.5,325.8:1096.0,326.8:1104.7,327.8:1114.7,328.8:1123.0,329.9:1132.2,330.9:1144.5,331.8:1155.5,332.9:1167.7,333.9:1181.0,341.7:0.0,342.7:0.0,343.7:0.0,344.7:0.0,345.8:0.0,346.8:0.0,347.8:0.0,348.8:0.0,349.9:0.0,350.9:0.0,351.9:0.0,352.9:0.0,354.0:0.0,348.4:0.0,349.5:1032.0,357.0:0.0,358.1:0.0,
359.5:0.0,0.5:0.0,1.5:0.0,2.5:0.0,3.6:0.0,4.6:0.0,5.6:0.0,6.6:0.0,7.7:0.0,8.7:0.0,9.7:0.0,10.7:0.0,11.7:0.0,12.8:0.0,13.8:0.0,14.8:0.0,9.0:0.0,16.9:0.0,17.9:0.0,18.9:0.0,19.9:0.0,21.0:0.0,15.1:0.0,16.2:1204.5,17.3:1200.0,18.2:1195.7,19.3:1189.0,20.4:1182.5,21.3:1178.7,22.4:1176.0,23.4:1172.0,24.4:1168.2,25.4:1165.7,26.4:1161.7,27.5:1158.5,28.5:1157.5,29.6:1154.0,30.6:1150.7,31.6:1153.0,32.6:1154.0,33.6:1151.2,34.6:1153.0,35.7:1155.2,36.7:1156.7,37.8:1158.0,38.8:1160.0,39.8:1164.0,40.8:1166.2,41.8:1168.7,42.9:1171.0,43.9:1174.5,44.9:1179.5,45.9:1185.2,47.0:1189.5,47.9:1194.7,49.0:1200.5,50.0:1205.5,57.8:0.0,58.8:0.0,59.9:0.0,60.9:0.0,61.9:0.0,56.0:0.0,57.1:1260.0,58.1:1268.7,66.0:0.0,67.0:0.0,68.0:0.0,69.0:0.0,70.1:0.0,71.1:0.0,72.1:0.0,66.2:0.0,74.2:0.0,75.2:0.0,76.2:0.0,77.2:0.0,78.2:0.0,79.3:0.0,80.3:0.0,81.3:0.0,82.3:0.0,83.4:0.0,84.4:0.0,85.4:0.0,86.4:0.0,87.4:0.0,88.5:0.0,89.5:0.0,90.5:0.0,91.5:0.0,92.5:0.0,93.5:0.0,94.5:0.0,95.5:0.0,96.6:0.0,97.6:0.0,98.6:0.0,99.6:0.0,100.6:0.0,101.7:0.0,95.8:0.0,96.8:1249.7,104.7:0.0,105.7:0.0,106.8:0.0,107.8:0.0,108.8:0.0,109.8:0.0,110.8:0.0,111.9:0.0,105.8:0.0,106.8:1658.7,107.8:1637.2,108.8:1615.2,109.9:1608.5,110.9:1599.0,111.9:1592.5,113.0:1588.7,114.0:1584.5,115.0:1582.0,116.0:1580.0,117.0:1579.5,118.0:1576.2,119.0:1572.7,120.1:1570.5,121.1:1568.5,122.1:1569.2,123.1:1568.7,124.2:1569.0,125.2:1570.0,126.2:1571.2,127.2:1569.5,128.3:1569.7,129.2:1576.5,130.3:1578.0,131.3:1576.7,132.4:1581.5,133.4:1585.7,134.4:1592.7,135.4:1598.7,136.4:1603.2,137.4:1607.7,138.5:1611.2,139.5:1619.5,140.5:1629.0,141.5:1638.0,142.5:1650.2,143.5:1662.2,144.5:1670.0,145.5:1678.7,146.5:1695.7,147.6:1713.0,148.6:1723.7,149.6:1742.2,150.6:1761.5,151.6:1774.2,159.8:0.0,160.9:0.0,162.0:0.0,163.0:0.0,157.1:0.0,158.1:1397.5,159.2:1376.5,160.2:1356.7,161.2:1350.7,162.2:1345.7,163.2:1338.7,164.3:1335.2,165.3:1335.7,166.3:1333.0,167.4:1329.7,175.3:0.0,169.5:1322.7,170.5:1320.5,171.5:1319.2,172.5:1315.0,173.5:1314.2,174.6:1313.7,175.6:1314.5,176.6:1316.2,177.6:1319.2,178.7:1323.0,179.6:1325.5,187.5:0.0,181.6:1341.5,182.7:1358.7,183.7:1361.5,191.6:0.0,185.0:0.0,186.8:0.0,187.8:1313.2,188.9:1300.0,189.9:1288.7,190.9:1279.0,191.9:1269.0,192.9:1260.2,194.0:1251.2,195.0:1244.2,196.0:1235.7,197.1:1224.5,198.2:1215.0,199.1:1207.5,200.2:1202.7,201.2:1198.5,202.2:1194.2,203.3:1188.0,204.3:1182.2,205.4:1178.2,206.4:1173.2,207.4:1169.2,208.5:1165.7,209.4:1163.0,210.5:1161.5,211.5:1159.2,212.5:1156.0,213.6:1155.2,214.6:1157.0,215.7:1156.5,216.6:1154.5,217.7:1154.2,218.7:1154.2,219.7:1157.0,220.7:1159.2,221.7:1160.7,229.5:0.0,230.6:0.0,231.6:0.0,232.6:0.0,233.6:0.0,234.6:0.0,235.6:0.0,230.7:0.0,237.7:0.0,238.7:0.0,234.0:0.0,234.9:653.7,236.0:652.7,237.0:655.0,238.1:657.7,239.0:660.2,240.1:665.0,241.0:669.7,242.0:676.2,248.9:0.0,244.1:688.5,245.1:700.0,252.0:0.0,253.0:0.0,254.0:0.0,255.1:0.0,256.1:0.0,257.1:0.0,258.1:0.0,259.1:0.0,260.2:0.0,261.2:0.0,262.2:0.0,263.2:0.0,264.2:0.0,265.3:0.0,266.3:0.0,267.3:0.0,268.3:0.0,269.4:0.0,270.4:0.0,271.4:0.0,272.4:0.0,273.4:0.0,274.5:0.0,268.8:0.0,269.9:1061.5,270.9:1049.7,271.9:1037.2,272.9:1025.7,274.1:1015.0,275.0:1005.5,276.0:997.5,277.1:989.0,278.0:981.2,279.1:974.0,280.1:965.5,281.1:957.7,282.1:951.7,283.1:945.5,284.2:939.7,285.3:934.5,286.2:929.7,287.2:926.5,288.3:922.2,289.4:918.7,290.3:915.2,291.3:910.7,292.4:907.7,293.4:905.0,294.4:904.2,295.5:902.5,296.6:901.2,297.4:910.2,298.5:919.5,299.7:911.2,300.6:899.5,301.7:897.2,302.7:897.7,303.7:898.7,304.7:900.0,305.7:900.5,306.7:902.0,307.7:903.7,308.8:906.0,309.8:907.7,310.8:910.0,311.8:913.7,312.9:917.2,313.8:920.5,314.8:924.0,315.8:927.7,316.9:930.5,317.9:935.0,318.9:940.7,319.9:946.0,321.0:950.7,321.9:956.7,323.0:965.2,324.1:973.5,325.0:981.0,326.0:988.2,327.1:993.7,328.1:999.7,329.1:1011.5,336.7:0.0,337.7:0.0,338.7:0.0,339.7:0.0,340.8:0.0,341.8:0.0,342.8:0.0,343.8:0.0,344.9:0.0,345.9:0.0,340.7:0.0,341.7:808.5,342.7:810.0,350.0:0.0,351.0:0.0,352.0:0.0,346.7:0.0,354.1:0.0,355.1:0.0,356.1:0.0,357.2:0.0,358.2:0.0,
359.5:0.0,0.5:0.0,1.5:0.0,2.5:0.0,3.6:0.0,4.6:0.0,5.6:0.0,6.7:0.0,7.7:0.0,8.7:0.0,9.7:0.0,10.8:0.0,11.8:0.0,12.8:0.0,7.3:0.0,8.2:1033.5,9.3:1029.2,16.9:0.0,11.5:0.0,12.5:971.0,13.6:965.2,14.6:958.5,15.6:953.7,16.7:949.7,17.7:946.0,18.7:942.0,19.8:936.7,20.8:932.2,21.9:928.7,22.9:924.5,23.9:922.5,25.0:920.0,26.1:918.0,27.1:917.5,28.0:916.0,29.0:914.5,30.2:912.5,31.2:912.7,32.2:911.5,33.2:911.7,34.2:912.7,35.2:913.2,36.4:914.0,37.3:914.0,38.4:913.7,39.4:913.0,40.4:917.0,41.5:919.2,42.4:919.7,43.5:923.5,44.5:927.7,45.5:932.5,46.5:935.5,47.6:939.0,48.6:944.7,49.7:949.5,50.6:955.5,51.6:960.2,52.7:965.2,53.7:974.0,54.7:979.5,55.7:986.7,56.8:996.0,57.9:999.5,58.8:1007.5,59.8:1019.0,60.8:1028.2,61.8:1035.7,69.5:0.0,70.5:0.0,71.5:0.0,72.5:0.0,73.6:0.0,74.6:0.0,75.6:0.0,76.7:0.0,77.7:0.0,78.7:0.0,79.7:0.0,80.8:0.0,81.8:0.0,82.8:0.0,83.9:0.0,84.9:0.0,85.9:0.0,87.0:0.0,88.0:0.0,89.0:0.0,90.0:0.0,91.0:0.0,92.0:0.0,93.0:0.0,94.0:0.0,95.0:0.0,96.1:0.0,90.1:0.0,91.1:1529.0,99.2:0.0,100.2:0.0,101.2:0.0,102.2:0.0,103.2:0.0,104.3:0.0,98.3:0.0,99.4:1391.5,100.4:1382.0,101.4:1373.7,102.5:1366.7,103.5:1358.2,104.5:1348.5,105.6:1341.7,113.5:0.0,114.6:0.0,108.7:1332.0,116.6:0.0,117.7:0.0,118.7:0.0,119.7:0.0,120.7:0.0,114.6:0.0,115.6:1776.0,116.6:1776.0,117.7:1760.0,118.7:1741.2,119.7:1737.0,120.8:1732.2,121.8:1732.0,122.8:1733.7,123.8:1733.2,124.9:1734.7,125.9:1735.0,126.9:1735.5,127.9:1737.7,128.9:1743.7,130.0:1748.2,131.0:1752.2,132.0:1755.5,133.1:1757.5,134.1:1762.2,135.1:1769.5,136.1:1776.7,137.2:1782.5,138.2:1791.2,139.2:1801.2,140.2:1808.5,141.2:1817.5,142.3:1833.5,143.3:1847.5,144.3:1859.2,145.3:1868.5,146.4:1878.5,147.4:1892.5,155.7:0.0,149.5:1914.7,157.7:0.0,158.8:0.0,152.5:0.0,153.5:2012.7,161.8:0.0,163.0:0.0,164.0:0.0,165.0:0.0,166.0:0.0,167.1:0.0,161.0:0.0,169.1:0.0,163.1:1663.2,164.1:1639.7,165.1:1638.5,166.2:1633.7,167.2:1629.5,168.2:1625.0,169.2:1623.5,170.3:1620.5,171.3:1619.5,172.3:1623.7,173.4:1617.5,174.4:1611.7,175.5:1613.2,176.5:1615.5,177.5:1614.7,178.5:1617.7,179.5:1624.5,180.6:1633.0,181.5:1646.2,182.5:1657.7,190.7:0.0,184.7:1647.0,185.7:1623.5,186.7:1606.2,187.8:1590.0,188.8:1572.7,189.9:1557.5,190.9:1545.5,191.9:1531.7,192.9:1519.5,194.0:1509.5,195.0:1499.5,196.1:1488.0,197.1:1476.0,198.1:1465.2,199.2:1458.0,200.2:1452.5,201.3:1446.7,202.3:1440.5,203.3:1437.2,204.4:1433.0,205.5:1426.2,206.5:1419.5,207.5:1414.7,208.5:1412.0,209.5:1409.5,210.6:1408.0,211.7:1406.5,212.6:1404.5,213.7:1404.2,221.7:0.0,222.7:0.0,217.5:0.0,218.5:851.5,219.6:851.5,220.5:851.7,221.6:852.5,222.6:854.5,223.6:856.7,224.7:860.0,225.7:864.7,226.6:868.5,227.7:871.2,228.8:875.0,229.7:879.0,230.8:883.2,231.8:886.5,232.8:890.2,233.8:898.7,234.8:906.5,235.8:913.5,236.9:921.2,244.3:0.0,245.3:0.0,240.0:936.0,241.0:952.2,248.4:0.0,249.5:0.0,250.5:0.0,251.5:0.0,246.0:0.0,247.0:1021.2,254.6:0.0,255.6:0.0,256.7:0.0,257.7:0.0,258.7:0.0,253.0:0.0,254.1:1095.7,255.2:1073.5,256.1:1056.0,257.3:1035.7,258.3:1014.7,259.3:998.2,260.3:982.5,261.4:965.2,262.5:950.0,263.5:936.2,264.6:923.7,265.7:910.7,266.7:897.7,267.8:887.0,268.8:876.2,269.8:866.0,270.8:856.2,271.8:847.0,273.0:839.5,274.0:831.5,275.0:823.0,275.9:815.5,277.1:809.0,278.1:807.5,279.1:813.7,280.1:810.2,281.2:795.2,282.3:784.0,283.2:777.5,284.3:772.2,285.4:768.5,286.5:764.5,287.4:760.5,288.5:758.2,289.5:754.5,290.5:751.0,291.6:748.5,292.5:747.2,293.6:744.7,294.5:742.2,295.7:741.5,296.7:740.5,297.6:739.7,298.7:739.2,299.8:738.7,300.9:738.5,302.0:738.0,303.0:737.5,303.9:738.5,305.0:739.2,306.0:740.0,307.1:741.0,308.1:742.5,309.1:744.2,310.1:746.0,311.1:748.0,312.2:750.7,313.2:753.0,314.2:755.7,315.2:758.5,316.2:761.7,317.3:766.0,318.3:772.5,319.2:786.5,326.4:0.0,327.5:0.0,328.5:0.0,329.5:0.0,330.6:0.0,331.6:0.0,332.6:0.0,333.7:0.0,334.7:0.0,335.7:0.0,331.5:0.0,332.6:528.2,333.6:534.5,339.8:0.0,340.9:0.0,341.9:0.0,342.9:0.0,344.0:0.0,339.6:544.0,340.6:553.2,347.0:0.0,348.1:0.0,349.1:0.0,350.1:0.0,351.2:0.0,352.2:0.0,353.2:0.0,354.3:0.0,355.3:0.0,356.3:0.0,357.3:0.0,358.4:0.0,
359.3:0.0,0.3:0.0,1.4:0.0,2.4:0.0,3.4:0.0,4.5:0.0,5.5:0.0,6.5:0.0,7.5:0.0,8.6:0.0,9.6:0.0,10.6:0.0,11.7:0.0,12.7:0.0,7.6:0.0,14.7:0.0,15.8:0.0,10.5:0.0,11.6:837.5,12.6:0.0,19.9:0.0,14.7:794.0,15.8:787.7,16.9:784.2,17.8:781.2,19.0:778.7,20.0:774.7,20.9:770.5,22.1:767.7,23.1:765.0,24.0:762.0,25.0:759.7,26.1:758.5,27.1:756.7,28.3:756.0,29.2:754.7,30.4:752.5,31.3:751.5,32.3:751.5,33.3:751.7,34.4:751.5,35.4:752.7,36.5:754.0,37.5:754.2,38.6:754.2,39.6:755.0,40.7:757.7,41.6:760.7,42.6:762.7,43.6:764.2,44.7:765.5,45.7:768.2,46.8:771.5,47.7:774.2,48.7:777.2,49.8:780.2,50.8:783.0,51.8:787.5,52.9:794.2,53.9:798.0,54.9:800.2,55.9:807.0,56.9:815.2,57.9:821.7,59.0:828.2,66.2:0.0,60.9:840.5,61.9:853.2,63.0:861.5,64.0:869.7,71.3:0.0,66.0:883.5,67.0:898.7,74.4:0.0,75.4:0.0,76.5:0.0,77.5:0.0,78.5:0.0,79.6:0.0,80.6:0.0,81.6:0.0,82.6:0.0,83.7:0.0,84.7:0.0,85.7:0.0,86.7:0.0,87.8:0.0,88.8:0.0,89.8:0.0,90.8:0.0,91.8:0.0,92.8:0.0,93.9:0.0,94.9:0.0,95.9:0.0,97.0:0.0,98.0:0.0,99.0:0.0,100.0:0.0,101.0:0.0,102.1:0.0,96.0:0.0,97.1:1555.0,98.1:1542.5,99.1:1533.2,100.2:1523.0,101.2:1508.2,102.2:1497.0,110.3:0.0,111.3:0.0,105.3:1478.7,113.3:0.0,114.4:0.0,108.4:1446.7,109.5:1425.2,110.5:1417.0,111.5:1411.2,112.6:1407.7,113.6:1404.2,114.6:1401.7,115.6:1394.7,116.6:1393.5,124.7:0.0,125.7:0.0,126.7:0.0,120.5:0.0,121.5:1870.0,122.6:1855.0,123.6:1841.2,124.6:1840.2,125.7:1841.2,126.7:1842.5,127.7:1845.0,128.7:1849.0,129.7:1851.2,130.8:1855.2,131.8:1861.0,132.8:1862.2,133.9:1868.0,134.9:1876.2,135.9:1887.5,136.9:1898.0,138.0:1903.2,139.0:1909.7,140.0:1920.7,141.0:1931.5,142.0:1944.5,143.1:1958.7,151.3:0.0,145.1:1974.7,146.1:1997.5,147.1:2012.5,148.2:2025.0,149.2:2036.2,157.5:0.0,158.5:0.0,159.6:0.0,160.6:0.0,161.6:0.0,162.7:0.0,163.7:0.0,164.8:0.0,165.8:0.0,166.8:0.0,167.9:0.0,168.9:0.0,162.7:0.0,163.7:1867.2,164.8:1850.5,165.8:1836.0,166.8:1833.0,167.9:1829.2,168.9:1823.7,170.0:1819.2,171.0:1821.2,172.0:1819.5,173.1:1819.7,174.0:1821.0,175.1:1817.7,176.1:1817.7,177.2:1819.2,178.2:1823.2,179.1:1826.5,180.2:1825.2,181.2:1837.0,182.2:1855.0,190.5:0.0,184.3:1844.2,185.3:1818.2,186.4:1796.7,187.4:1777.0,188.4:1758.5,189.5:1739.2,190.5:1725.7,191.5:1712.7,192.6:1697.0,193.6:1684.2,194.6:1671.5,195.7:1662.5,196.7:1655.2,197.7:1646.2,198.8:1638.0,199.8:1629.2,200.8:1622.5,201.9:1611.5,203.0:1599.7,204.0:1594.2,205.1:1588.5,206.1:1582.7,207.1:1578.5,208.2:1575.0,209.6:0.0,217.3:0.0,211.7:0.0,212.8:1006.0,213.8:1005.5,214.9:1003.0,215.9:1001.0,216.9:1003.7,218.0:1006.7,219.0:1006.7,220.0:1006.7,221.0:1010.7,222.0:1014.5,223.0:1018.5,224.1:1023.2,225.1:1027.0,226.2:1028.2,227.2:1030.7,228.2:1037.7,229.2:1042.7,230.2:1049.0,231.2:1055.5,232.2:1060.5,233.3:1067.2,234.2:1074.7,235.2:1081.2,236.3:1088.7,237.3:1099.0,238.3:1108.0,246.1:0.0,247.1:0.0,248.1:0.0,249.2:0.0,250.2:0.0,244.5:0.0,245.5:1148.7,246.6:0.0,247.7:1084.0,248.7:1057.2,249.8:1031.5,250.9:1009.0,251.8:987.7,253.0:964.7,254.0:943.2,255.0:926.5,256.2:908.5,257.2:889.0,258.2:872.7,259.3:859.2,260.4:846.5,261.3:831.5,262.5:817.7,263.5:808.7,264.6:803.2,265.5:803.5,266.7:0.0,267.8:772.2,268.8:758.7,269.8:748.2,270.9:740.2,272.0:733.5,272.9:726.0,274.1:718.7,275.1:712.0,276.0:705.5,277.1:698.7,278.1:692.5,279.1:686.7,280.2:682.2,281.2:678.5,282.3:673.2,283.2:668.7,284.4:665.7,285.4:662.2,286.4:658.7,287.4:655.2,288.5:652.5,289.6:649.5,290.7:645.7,291.6:643.5,292.6:642.2,293.7:640.2,294.7:638.2,295.8:637.7,296.8:636.5,297.9:635.5,298.7:635.2,299.8:634.7,300.9:634.7,302.1:634.5,303.0:635.0,304.1:635.7,305.2:635.7,306.0:636.7,307.2:639.5,308.2:645.2,314.9:0.0,315.9:0.0,317.0:0.0,318.0:0.0,319.0:0.0,320.0:0.0,321.1:0.0,318.2:0.0,319.0:364.7,320.1:366.7,321.3:368.0,322.0:370.2,323.3:373.7,324.2:375.5,325.5:376.5,326.3:379.5,331.4:0.0,328.1:387.0,333.4:0.0,330.2:0.0,331.4:375.0,332.3:376.2,333.2:378.0,334.7:381.2,335.5:383.2,340.6:0.0,341.6:0.0,342.7:0.0,343.7:0.0,344.7:0.0,345.7:0.0,346.8:0.0,343.3:0.0,348.8:0.0,349.9:0.0,350.9:0.0,351.9:0.0,352.9:0.0,354.0:0.0,355.0:0.0,356.0:0.0,357.1:0.0,358.1:0.0,
351.8:1385.2,352.9:1371.7,354.0:1364.0,1.9:0.0,2.9:0.0,4.0:0.0,5.0:0.0,6.0:0.0,0.1:0.0,1.2:1297.0,2.2:1291.2,10.1:0.0,11.1:0.0,12.2:0.0,13.2:0.0,14.2:0.0,8.1:0.0,9.2:1738.7,17.3:0.0,11.2:1717.2,12.2:1695.5,13.3:1691.5,14.3:1688.7,15.3:1686.2,16.4:1681.5,17.4:1679.7,18.5:1681.2,19.5:1679.0,20.5:1678.0,21.5:1679.7,22.5:1682.7,23.5:1686.2,24.6:1692.5,25.6:1696.7,26.6:1693.5,27.7:1697.2,28.7:1701.5,29.8:1707.2,30.8:1710.2,31.8:1715.7,32.8:1726.0,33.8:1733.5,34.8:1743.2,35.9:1750.5,36.9:1759.0,37.9:1765.5,39.0:1778.0,40.0:1793.0,41.0:1797.7,42.0:1807.5,43.1:1823.5,44.1:1840.2,45.1:1863.2,46.1:1882.7,54.4:0.0,55.4:0.0,56.5:0.0,57.5:0.0,58.5:0.0,52.3:0.0,53.3:2015.2,61.6:0.0,55.5:0.0,56.6:1591.7,57.6:1571.2,58.7:1553.0,59.6:1553.0,60.7:1548.0,61.7:1543.2,62.7:1536.0,63.8:1530.2,64.8:1530.0,65.8:1527.2,66.8:1528.2,67.9:1529.5,68.9:1527.0,69.9:1524.7,71.0:1524.0,72.0:1523.0,73.0:1525.2,74.1:1525.7,75.1:1526.5,76.1:1530.0,77.1:1544.5,78.2:1563.2,79.2:1568.0,87.3:0.0,81.3:1550.2,82.3:1526.5,83.3:1514.0,84.4:1499.0,85.3:1481.7,86.4:1466.5,87.4:1457.0,88.4:1447.2,89.5:1436.2,90.5:1426.5,91.6:1415.5,92.6:1403.5,93.6:1393.5,94.7:1385.5,95.7:1375.2,96.7:1368.7,97.7:1364.5,98.7:1357.5,99.8:1348.0,100.8:1342.2,101.8:1340.2,102.9:1335.2,103.9:1328.7,105.0:1325.0,106.0:1322.2,107.0:1319.2,108.1:1318.2,109.1:1317.5,110.1:1316.0,111.2:1313.7,112.2:1312.7,120.1:0.0,121.1:0.0,122.1:0.0,123.2:0.0,118.0:0.0,119.1:780.0,120.2:780.2,121.1:781.2,122.1:783.2,123.2:784.7,124.2:787.5,125.2:790.0,126.3:793.0,127.2:796.5,128.3:802.0,129.3:808.2,130.3:813.2,131.2:817.7,132.3:824.2,133.4:831.7,134.2:837.5,135.3:844.5,136.3:853.0,137.4:860.7,144.7:0.0,145.7:0.0,146.7:0.0,141.4:0.0,148.8:0.0,149.8:0.0,150.8:0.0,151.9:0.0,152.9:0.0,153.9:0.0,154.9:0.0,156.0:0.0,150.4:0.0,158.0:0.0,159.0:0.0,160.0:0.0,154.4:0.0,155.6:1070.0,156.6:1052.5,157.7:1034.7,158.8:1015.7,159.8:1001.0,160.8:988.7,161.9:976.0,162.9:961.7,164.1:947.2,165.1:936.7,166.2:927.0,167.2:916.0,168.2:905.7,169.3:895.7,170.2:886.7,171.4:877.7,172.4:869.2,173.4:862.0,174.5:853.7,175.5:847.0,176.6:842.0,177.6:837.2,178.7:831.7,179.7:825.7,180.7:823.5,181.6:829.5,182.7:844.5,183.8:0.0,184.9:806.0,185.8:801.2,186.9:798.2,188.0:796.0,188.9:795.0,190.0:792.5,191.1:790.2,192.0:789.5,193.1:789.0,194.2:787.5,195.1:786.7,196.2:787.0,197.2:785.7,198.2:785.0,199.3:784.7,200.2:785.5,201.3:787.2,202.4:788.7,203.4:789.2,204.5:789.7,205.4:791.5,206.4:792.0,207.5:793.0,208.6:796.2,209.5:798.5,210.6:801.0,211.7:804.0,212.7:807.7,213.6:812.0,214.7:815.5,215.7:820.7,216.6:827.5,217.8:833.0,218.7:838.7,219.7:850.2,227.1:0.0,228.1:0.0,229.1:0.0,230.1:0.0,231.2:0.0,232.2:0.0,233.2:0.0,234.2:0.0,235.3:0.0,236.3:0.0,237.3:0.0,232.8:0.0,233.7:616.5,234.7:619.2,241.4:0.0,242.5:0.0,243.5:0.0,238.7:0.0,239.8:645.2,246.6:0.0,247.6:0.0,248.6:0.0,249.7:0.0,250.7:0.0,251.7:0.0,252.7:0.0,253.8:0.0,254.8:0.0,255.8:0.0,256.8:0.0,257.9:0.0,258.9:0.0,260.0:0.0,261.0:0.0,262.0:0.0,263.0:0.0,264.1:0.0,265.1:0.0,266.1:0.0,267.2:0.0,268.2:0.0,262.5:0.0,270.2:0.0,264.6:1126.0,272.3:0.0,273.3:0.0,267.7:0.0,268.8:1057.5,269.8:1050.7,270.8:1043.5,271.8:1037.5,272.9:1033.7,274.0:1029.7,275.0:1022.0,275.9:1017.0,277.0:1014.2,278.0:1011.0,279.0:1008.5,280.0:1006.0,281.1:1003.0,282.1:1000.0,283.1:998.0,284.1:995.7,285.2:994.0,286.2:992.2,287.2:992.5,288.2:992.0,289.3:990.5,290.2:990.7,291.2:990.2,292.4:990.5,293.3:990.7,294.3:992.0,295.4:993.2,296.4:995.7,297.5:1000.7,298.5:1004.2,299.5:1006.0,300.5:1010.2,301.6:1014.2,302.6:1018.2,303.6:1024.5,304.6:1027.5,305.6:1032.7,306.6:1040.0,307.7:1043.2,308.7:1047.7,316.4:0.0,310.7:1058.2,318.4:0.0,312.7:1073.2,313.8:1084.5,314.8:1091.0,322.5:0.0,323.5:0.0,324.6:0.0,325.6:0.0,326.6:0.0,327.6:0.0,328.7:0.0,329.7:0.0,330.8:0.0,331.8:0.0,332.8:0.0,333.9:0.0,334.9:0.0,335.9:0.0,337.0:0.0,338.0:0.0,339.0:0.0,340.0:0.0,341.1:0.0,342.1:0.0,343.1:0.0,344.2:0.0,338.2:0.0,339.1:0.0,340.2:1603.5,348.3:0.0,349.3:0.0,343.3:0.0,351.4:0.0,352.4:0.0,353.4:0.0,354.5:0.0,355.5:0.0,356.5:0.0,350.6:0.0,351.7:1384.5,
359.1:0.0,0.2:0.0,354.6:1060.0,355.7:1041.7,356.7:1034.5,357.7:1027.7,358.7:1021.2,359.7:1016.5,0.8:1011.0,1.9:1006.2,2.8:1005.2,3.8:1005.0,11.4:0.0,12.5:0.0,13.5:0.0,14.5:0.0,15.5:0.0,16.6:0.0,10.6:0.0,11.7:1440.2,19.6:0.0,13.7:1423.0,14.7:1403.7,15.8:1400.0,16.8:1396.7,17.8:1396.0,18.9:1397.2,19.8:1397.2,20.9:1397.2,21.9:1398.5,23.0:1401.0,23.9:1400.7,25.0:1399.7,26.0:1403.5,27.1:1407.2,28.0:1410.7,29.1:1415.0,30.1:1417.5,31.1:1421.5,32.2:1426.2,40.2:0.0,41.2:0.0,35.3:1441.7,43.3:0.0,37.3:1464.2,38.3:1476.5,39.3:1485.2,40.3:1496.5,41.4:1509.2,42.4:1521.7,43.4:1530.7,44.4:1541.7,45.4:1553.7,46.5:1562.5,47.5:1573.0,48.5:1587.7,56.6:0.0,50.6:1617.0,58.7:0.0,59.7:0.0,60.7:0.0,61.8:0.0,62.8:0.0,63.8:0.0,64.9:0.0,65.9:0.0,66.9:0.0,67.9:0.0,68.9:0.0,70.0:0.0,71.0:0.0,65.0:0.0,66.0:1458.0,67.1:1459.5,68.1:0.0,69.1:1420.0,70.1:1425.5,71.2:1427.5,72.2:1427.0,73.2:1427.7,74.3:1428.5,75.3:1428.0,76.3:1430.2,77.3:1433.5,78.4:1433.5,86.4:0.0,80.4:1441.2,81.4:1455.0,89.5:0.0,83.3:1464.0,84.4:1470.2,85.4:1478.2,86.4:1486.7,87.4:1492.7,88.4:1514.7,89.4:1536.2,97.5:0.0,98.5:0.0,92.5:1531.0,93.5:1518.5,94.5:1510.5,95.6:1500.0,96.6:1492.2,97.7:1484.0,98.7:1473.2,99.7:1466.5,100.7:1461.2,101.7:1458.7,102.7:1455.7,103.8:1451.5,104.8:1448.0,105.9:1448.7,106.8:1447.0,108.0:1442.0,109.0:1439.7,110.0:1436.2,111.0:1436.2,112.0:1439.7,113.0:1438.5,114.0:1437.7,115.1:1440.7,116.1:1443.2,117.2:1446.2,118.2:1449.0,119.2:1450.2,120.2:1451.0,121.2:1453.7,122.2:1458.5,130.3:0.0,131.3:0.0,132.3:0.0,133.3:0.0,134.4:0.0,135.4:0.0,136.4:0.0,130.9:0.0,138.5:0.0,133.0:975.5,134.0:961.2,135.1:961.0,136.1:962.0,137.1:968.7,144.6:0.0,145.6:0.0,146.6:0.0,141.1:0.0,148.7:0.0,149.7:0.0,150.7:0.0,151.7:0.0,152.8:0.0,153.8:0.0,154.8:0.0,155.8:0.0,156.9:0.0,157.9:0.0,158.9:0.0,159.9:0.0,161.0:0.0,162.1:0.0,163.1:0.0,164.1:0.0,165.1:0.0,159.3:0.0,160.3:1349.5,161.3:1329.5,162.4:1310.5,163.4:1292.5,164.4:1275.7,165.5:1260.2,166.5:1245.2,167.5:1232.7,168.6:1221.0,169.7:1206.2,170.7:1191.5,171.7:1181.2,172.7:1172.2,173.7:1162.2,174.8:1152.5,175.9:1144.5,176.9:1135.5,177.9:1127.2,179.0:1119.7,180.0:1114.7,180.9:1122.0,182.0:1118.2,183.1:1102.2,184.1:1092.7,185.1:1088.5,186.2:1084.2,187.2:1078.5,188.2:1076.0,189.2:1073.0,190.3:1070.2,191.3:1069.0,192.3:1066.5,193.3:1065.5,194.3:1065.0,195.3:1062.7,196.4:1061.2,197.5:1060.7,198.4:1060.2,199.4:1061.5,200.5:1063.2,201.5:1061.7,202.6:1062.7,203.6:1064.7,204.7:1065.5,205.7:1068.7,206.7:1072.7,207.8:1075.5,208.8:1078.7,209.7:1093.5,217.5:0.0,218.5:0.0,219.5:0.0,220.5:0.0,215.4:0.0,216.4:829.0,217.3:827.0,218.4:829.5,219.4:834.2,226.7:0.0,221.6:832.7,222.5:831.5,223.5:835.5,224.6:840.0,225.6:844.5,226.6:849.5,227.6:858.5,234.9:0.0,236.0:0.0,237.0:0.0,231.6:0.0,239.0:0.0,240.0:0.0,241.1:0.0,242.1:0.0,243.1:0.0,244.2:0.0,245.2:0.0,246.2:0.0,247.2:0.0,248.3:0.0,249.3:0.0,250.3:0.0,251.3:0.0,252.4:0.0,253.4:0.0,254.4:0.0,255.5:0.0,256.5:0.0,257.5:0.0,258.5:0.0,259.5:0.0,260.5:0.0,261.6:0.0,262.6:0.0,263.6:0.0,258.1:0.0,259.1:1028.5,260.1:1019.2,267.7:0.0,268.7:0.0,269.8:0.0,264.3:0.0,265.3:967.7,266.3:961.0,267.4:954.5,268.4:951.5,275.9:0.0,270.4:941.7,271.5:930.7,272.5:924.7,273.6:918.2,274.7:915.7,275.7:912.5,276.7:909.0,277.7:906.7,278.6:902.0,279.8:900.2,280.8:898.0,281.7:895.0,282.7:896.5,283.8:896.5,284.9:894.2,285.8:894.2,286.8:894.7,287.8:893.2,288.9:891.5,289.9:891.7,291.0:892.5,292.0:891.7,292.9:892.0,294.1:893.5,295.0:895.0,296.1:898.7,297.0:901.7,298.0:905.0,299.2:908.5,300.2:908.0,301.3:911.0,302.3:915.7,303.2:921.0,304.2:926.5,305.4:929.5,306.3:934.0,307.4:938.5,308.4:944.5,309.4:950.2,310.4:956.0,311.4:961.2,312.4:967.0,319.9:0.0,321.0:0.0,322.0:0.0,316.4:0.0,324.0:0.0,318.5:1015.5,319.5:1031.0,327.1:0.0,328.1:0.0,329.2:0.0,330.2:0.0,331.2:0.0,332.3:0.0,333.3:0.0,334.3:0.0,335.3:0.0,336.4:0.0,337.4:0.0,338.4:0.0,339.4:0.0,340.5:0.0,341.5:0.0,342.5:0.0,343.5:0.0,344.6:0.0,345.6:0.0,346.6:0.0,347.7:0.0,348.7:0.0,343.0:0.0,350.7:0.0,351.8:0.0,352.8:0.0,353.8:0.0,348.1:0.0,349.2:1104.0,350.2:1091.0,351.2:1080.7,
353.8:661.0,354.7:656.7,355.8:652.7,357.0:647.0,357.9:640.7,359.1:634.5,0.0:631.5,1.1:628.7,2.0:627.5,3.1:626.0,4.1:622.2,5.1:621.7,6.3:621.5,12.9:0.0,13.9:0.0,14.9:0.0,15.9:0.0,17.0:0.0,18.0:0.0,19.0:0.0,20.0:0.0,21.1:0.0,15.4:0.0,16.4:1069.2,17.4:1070.0,18.6:1058.5,19.6:1045.5,20.5:1042.2,21.6:1041.0,22.6:1042.0,23.6:1044.5,24.6:1047.5,25.7:1048.2,26.7:1050.2,27.8:1054.7,28.7:1056.5,29.8:1057.2,30.7:1062.2,31.8:1067.0,32.9:1068.0,33.8:1071.5,34.9:1077.5,35.9:1082.0,36.9:1085.7,38.0:1090.5,39.0:1098.2,40.0:1104.5,41.0:1110.0,42.0:1118.0,49.7:0.0,50.8:0.0,51.8:0.0,52.8:0.0,47.1:0.0,48.1:1175.0,55.9:0.0,56.9:0.0,57.9:0.0,59.0:0.0,60.0:0.0,61.0:0.0,62.0:0.0,56.2:0.0,64.1:0.0,65.1:0.0,66.1:0.0,67.1:0.0,68.2:0.0,69.2:0.0,70.2:0.0,71.2:0.0,72.2:0.0,73.3:0.0,74.3:0.0,75.3:0.0,76.3:0.0,77.4:0.0,78.4:0.0,79.4:0.0,80.4:0.0,81.5:0.0,82.5:0.0,83.5:0.0,84.5:0.0,85.6:0.0,86.6:0.0,80.7:0.0,81.7:1346.2,89.7:0.0,83.6:1344.2,84.7:1340.7,85.7:1344.5,86.7:1350.7,87.7:1355.0,88.8:1362.7,89.7:1371.7,90.8:1377.5,91.8:1388.5,92.8:1396.7,100.8:0.0,101.8:0.0,102.8:0.0,103.9:0.0,104.9:0.0,105.9:0.0,106.9:0.0,100.9:0.0,101.9:1527.0,102.9:1553.7,111.0:0.0,112.0:0.0,113.0:0.0,107.0:1584.2,108.0:1596.0,109.0:1593.2,110.0:1592.5,111.0:1592.5,112.0:1594.2,113.1:1594.2,114.1:1594.5,115.1:1594.7,116.1:1594.7,117.1:1600.5,118.2:1603.7,119.2:1606.0,120.2:1609.0,121.2:1614.0,122.3:1620.0,123.3:1623.7,124.3:1630.0,125.3:1636.0,126.3:1641.7,127.4:1647.2,128.4:1652.7,129.4:1659.0,130.3:1669.7,131.4:1678.7,132.4:1686.5,133.5:1702.7,141.6:0.0,142.6:0.0,143.6:0.0,144.7:0.0,145.7:0.0,146.7:0.0,147.7:0.0,148.7:0.0,149.8:0.0,143.9:0.0,144.9:1276.0,146.0:1258.7,153.8:0.0,154.9:0.0,155.9:0.0,156.9:0.0,157.9:0.0,158.9:0.0,160.0:0.0,161.0:0.0,162.1:0.0,163.1:0.0,164.2:0.0,165.2:0.0,166.2:0.0,167.2:0.0,168.3:0.0,169.3:0.0,170.3:0.0,164.2:0.0,165.2:1711.0,166.2:1693.0,167.3:1672.2,168.3:1651.0,169.4:1633.5,170.4:1621.2,171.4:1607.2,172.5:1589.5,173.5:1576.5,174.5:1563.2,175.6:1548.7,176.6:1536.7,177.6:1526.5,178.6:1516.7,179.6:1508.0,180.7:1514.2,181.7:1507.7,182.7:1484.7,183.8:1473.7,184.7:1468.0,185.8:1461.0,186.8:1455.0,187.8:1450.5,188.9:1444.7,189.9:1440.0,190.9:1437.7,191.9:1435.7,193.0:1433.2,194.0:1433.2,195.0:1433.0,196.1:1431.7,197.0:1430.7,198.1:1431.0,199.1:1432.2,200.1:1432.2,201.2:1432.0,202.1:1449.2,210.2:0.0,211.2:0.0,205.5:0.0,206.5:1155.0,214.3:0.0,208.5:1148.7,209.6:1142.0,210.7:1143.7,211.6:1147.0,212.7:1150.5,213.7:1157.5,214.7:1161.5,215.8:1164.5,216.7:1172.2,217.8:1178.5,218.7:1185.0,219.8:1189.7,220.8:1197.5,228.6:0.0,229.7:0.0,230.7:0.0,231.7:0.0,232.7:0.0,233.8:0.0,234.8:0.0,235.8:0.0,236.8:0.0,237.8:0.0,238.9:0.0,239.9:0.0,240.9:0.0,242.0:0.0,243.0:0.0,244.0:0.0,245.0:0.0,246.0:0.0,247.1:0.0,248.1:0.0,249.1:0.0,250.1:0.0,251.2:0.0,252.2:0.0,253.2:0.0,254.2:0.0,255.2:0.0,256.3:0.0,257.3:0.0,258.3:0.0,259.3:0.0,260.4:0.0,255.0:0.0,256.0:902.5,263.4:0.0,264.5:0.0,259.2:884.7,260.2:866.0,261.3:859.5,262.2:854.0,263.3:845.5,264.3:835.7,265.4:828.0,266.5:822.2,267.5:815.5,268.5:811.2,269.5:805.2,270.5:800.5,271.6:797.5,272.6:792.2,273.6:788.0,274.8:784.7,275.8:781.2,276.7:779.5,277.7:779.0,278.8:777.7,279.8:775.5,280.8:771.0,281.7:768.2,282.7:768.7,283.7:767.7,284.9:767.0,285.9:765.5,287.0:764.5,287.9:764.5,289.0:763.0,289.9:763.0,291.0:764.7,292.0:766.5,293.1:767.2,294.0:766.0,295.0:767.2,296.0:769.7,297.1:771.2,298.0:772.7,299.0:774.7,300.2:777.0,301.1:778.0,302.3:778.7,303.2:782.5,304.2:786.7,305.2:789.5,306.2:795.7,307.2:801.7,308.3:805.2,309.3:809.5,310.2:814.0,311.2:820.0,312.2:824.7,313.3:830.5,314.3:839.0,315.3:844.7,316.3:851.5,317.4:860.7,324.7:0.0,325.7:0.0,326.7:0.0,327.7:0.0,328.7:0.0,323.3:0.0,324.3:0.0,331.9:0.0,332.9:0.0,333.9:0.0,335.0:0.0,336.0:0.0,337.0:0.0,338.0:0.0,339.1:0.0,340.1:0.0,341.1:0.0,342.1:0.0,336.9:0.0,344.2:0.0,345.2:0.0,340.1:0.0,347.2:0.0,348.3:0.0,343.2:0.0,350.3:0.0,345.3:0.0,346.5:708.2,347.4:701.7,348.5:694.5,349.7:686.2,350.6:677.7,351.7:669.7,358.5:0.0,
355.4:0.0,356.4:341.2,357.5:339.0,358.6:336.2,359.5:333.5,0.2:332.2,1.6:331.2,2.4:328.5,3.8:326.2,5.0:324.2,6.0:323.0,7.0:323.2,8.2:322.7,9.1:322.5,9.8:323.2,11.1:323.5,11.7:324.5,16.2:0.0,17.3:0.0,18.3:0.0,19.4:0.0,20.4:0.0,21.4:0.0,22.4:0.0,23.5:0.0,24.5:0.0,25.5:0.0,20.4:0.0,21.4:793.5,22.3:793.7,23.4:795.2,30.6:0.0,25.5:785.0,26.5:774.5,27.5:775.7,28.6:776.7,29.6:778.2,30.6:780.7,31.6:783.5,32.6:785.2,33.6:787.0,34.7:789.5,35.7:793.0,36.7:799.5,37.7:802.5,38.6:806.0,39.8:812.7,40.8:816.2,41.7:821.5,42.7:828.0,50.0:0.0,44.8:837.0,45.7:846.7,46.9:854.0,47.8:860.2,55.1:0.0,56.2:0.0,50.9:0.0,51.8:898.0,59.2:0.0,60.2:0.0,61.3:0.0,62.3:0.0,63.3:0.0,64.3:0.0,65.4:0.0,66.3:0.0,67.4:0.0,68.4:0.0,69.4:0.0,70.4:0.0,71.4:0.0,72.5:0.0,73.5:0.0,74.5:0.0,75.5:0.0,76.5:0.0,77.6:0.0,78.6:0.0,79.6:0.0,80.6:0.0,81.6:0.0,82.7:0.0,83.7:0.0,84.7:0.0,85.7:0.0,86.7:0.0,87.7:0.0,88.8:0.0,89.8:0.0,90.7:0.0,91.7:0.0,92.7:0.0,93.8:0.0,94.8:0.0,95.8:0.0,96.8:0.0,97.8:0.0,98.8:0.0,99.9:0.0,100.9:0.0,101.9:0.0,102.9:0.0,103.9:0.0,104.9:0.0,106.0:0.0,100.0:0.0,108.0:0.0,109.0:0.0,110.0:0.0,111.0:0.0,112.0:0.0,113.0:0.0,114.1:0.0,115.1:0.0,116.1:0.0,117.2:0.0,118.2:0.0,119.2:0.0,120.2:0.0,121.2:0.0,115.0:0.0,116.1:0.0,117.2:1708.2,118.1:1709.2,119.2:1714.2,120.2:1720.2,121.2:1724.0,122.2:1728.7,123.2:1733.7,124.2:1738.5,125.2:1746.2,126.3:1755.5,127.3:1763.5,128.3:1770.0,129.3:1779.7,130.3:1791.2,131.3:1803.0,132.4:1816.2,133.4:1830.5,134.4:1844.7,135.4:1858.2,136.4:1873.7,137.4:1890.2,138.4:1904.2,139.4:1919.0,147.7:0.0,148.7:0.0,149.7:0.0,150.7:0.0,151.8:0.0,152.8:0.0,153.8:0.0,154.8:0.0,155.8:0.0,156.9:0.0,150.8:0.0,151.8:1528.0,152.9:1528.2,160.9:0.0,162.0:0.0,163.0:0.0,164.0:0.0,165.0:0.0,166.1:0.0,167.1:0.0,168.1:0.0,169.1:0.0,170.1:0.0,171.2:0.0,172.2:0.0,165.9:0.0,167.0:2010.7,168.0:1989.7,169.0:1968.2,170.0:1949.0,171.1:1930.0,172.1:1909.7,173.1:1895.0,174.1:1881.2,175.2:1862.5,176.2:1845.0,177.2:1829.5,178.2:1815.5,179.3:1807.0,180.3:1811.5,181.3:1803.7,182.3:1781.5,183.4:1769.0,184.3:1759.5,185.3:1752.2,186.4:1749.2,187.4:1745.0,188.5:1739.2,189.5:1734.0,190.5:1727.5,191.5:1725.0,192.5:1719.2,193.5:1712.0,194.6:1711.5,195.5:1711.7,196.6:1711.7,197.6:1715.2,205.8:0.0,199.9:0.0,200.9:1423.5,208.8:0.0,202.9:1409.5,204.0:1400.7,205.0:1403.0,206.1:1404.0,207.0:1406.2,208.0:1409.5,209.1:1411.0,210.1:1415.2,211.1:1420.0,212.1:1422.2,220.2:0.0,221.2:0.0,222.2:0.0,223.2:0.0,224.2:0.0,218.2:0.0,219.2:1486.2,220.2:1494.7,221.3:1507.5,222.3:1519.7,223.3:1545.5,231.4:0.0,232.4:0.0,233.4:0.0,234.4:0.0,235.5:0.0,236.5:0.0,237.5:0.0,238.5:0.0,239.5:0.0,240.5:0.0,241.6:0.0,242.6:0.0,243.6:0.0,244.6:0.0,245.6:0.0,246.7:0.0,247.7:0.0,248.7:0.0,249.7:0.0,250.7:0.0,251.8:0.0,252.8:0.0,253.8:0.0,254.8:0.0,255.8:0.0,256.9:0.0,257.9:0.0,252.7:0.0,259.9:0.0,260.9:0.0,261.9:0.0,262.9:0.0,264.0:0.0,265.0:0.0,266.0:0.0,267.0:0.0,262.0:0.0,263.0:739.5,264.1:732.2,265.2:723.7,266.1:718.2,267.1:713.0,268.1:708.0,269.2:703.2,270.4:698.5,271.2:694.5,272.3:690.0,273.3:687.7,274.3:685.5,275.4:681.7,276.4:678.7,277.5:676.7,278.4:675.5,279.4:673.7,280.5:671.2,281.5:668.7,282.5:668.2,283.5:667.2,284.6:665.7,285.6:665.7,286.7:664.7,287.7:664.0,288.7:665.7,289.5:666.0,290.7:665.5,291.6:665.7,292.6:666.0,293.7:667.0,294.6:668.5,295.7:669.5,296.8:671.5,297.7:673.5,298.7:674.2,299.8:676.5,300.8:680.2,301.8:683.5,302.8:686.0,303.9:687.5,304.9:688.7,305.8:692.5,306.9:697.0,307.8:700.2,308.9:705.7,315.8:0.0,310.7:0.0,311.7:756.7,312.8:760.2,319.9:0.0,320.9:0.0,321.9:0.0,323.0:0.0,324.0:0.0,325.0:0.0,326.0:0.0,327.0:0.0,328.0:0.0,329.1:0.0,330.1:0.0,331.1:0.0,332.1:0.0,333.2:0.0,334.2:0.0,335.2:0.0,336.2:0.0,337.2:0.0,338.3:0.0,339.3:0.0,340.3:0.0,341.3:0.0,342.3:0.0,343.4:0.0,344.4:0.0,345.4:0.0,346.4:0.0,347.4:0.0,348.5:0.0,349.5:0.0,350.5:0.0,351.5:0.0,352.5:0.0,353.5:0.0,354.6:0.0,355.6:0.0,356.6:0.0,353.9:0.0,
359.1:0.0,0.1:0.0,1.1:0.0,2.2:0.0,3.2:0.0,4.2:0.0,5.2:0.0,6.3:0.0,7.3:0.0,8.3:0.0,9.4:0.0,10.4:0.0,11.4:0.0,12.5:0.0,13.5:0.0,7.3:0.0,15.5:0.0,16.6:0.0,17.6:0.0,11.8:0.0,12.7:1348.0,20.7:0.0,14.9:1343.7,15.8:1340.2,16.9:1345.2,17.9:1350.5,18.9:1359.0,20.0:1369.0,21.0:1372.5,22.0:1378.0,23.0:1387.7,24.0:1394.7,32.1:0.0,33.1:0.0,34.1:0.0,35.1:0.0,36.2:0.0,37.2:0.0,38.2:0.0,32.2:0.0,33.2:1525.2,34.2:1555.0,35.3:1585.7,43.4:0.0,44.4:0.0,38.3:1599.5,39.4:1606.0,40.4:1602.7,41.5:1596.7,42.5:1596.7,43.5:1596.2,44.5:1595.7,45.6:1596.0,46.6:1597.2,47.6:1602.5,48.6:1606.0,49.7:1608.5,50.7:1612.2,51.7:1615.5,52.8:1621.2,53.8:1626.0,54.8:1630.0,55.8:1634.5,56.9:1640.0,58.0:1645.2,58.9:1651.0,59.9:1658.7,61.0:1667.2,62.0:1675.7,63.0:1682.0,64.1:1692.7,65.1:1707.5,73.2:0.0,74.3:0.0,75.3:0.0,76.3:0.0,77.4:0.0,78.4:0.0,79.4:0.0,80.5:0.0,81.5:0.0,82.5:0.0,76.7:0.0,77.7:1264.5,85.6:0.0,86.6:0.0,87.7:0.0,88.7:0.0,89.7:0.0,90.6:0.0,91.7:0.0,92.7:0.0,93.7:0.0,94.7:0.0,95.8:0.0,96.8:0.0,97.8:0.0,98.8:0.0,99.9:0.0,100.9:0.0,101.9:0.0,95.8:0.0,96.8:1710.5,97.9:1687.7,98.9:1669.5,99.9:1652.2,101.0:1633.0,102.0:1618.2,103.0:1606.0,104.1:1590.7,105.1:1576.2,106.1:1563.5,107.2:1550.2,108.2:1538.7,109.2:1529.5,110.2:1521.0,111.3:1513.7,112.3:1525.0,113.3:0.0,114.4:1482.2,115.4:1475.7,116.5:1469.7,117.5:1464.7,118.5:1459.0,119.5:1451.5,120.6:1448.0,121.6:1443.7,122.7:1440.5,123.7:1440.0,124.6:1437.0,125.7:1434.7,126.7:1433.7,127.8:1432.7,128.7:1432.7,129.8:1432.5,130.9:1433.2,131.8:1434.2,132.9:1436.5,140.9:0.0,141.9:0.0,136.2:0.0,137.2:1156.0,138.2:1158.2,146.0:0.0,140.3:1152.2,141.3:1144.5,142.4:1147.5,143.4:1150.5,144.4:1154.2,145.4:1160.2,146.4:1166.2,147.5:1170.0,148.5:1173.7,149.5:1181.7,150.5:1189.0,151.6:1196.2,152.5:1206.5,160.4:0.0,161.4:0.0,162.5:0.0,163.6:0.0,164.6:0.0,165.6:0.0,166.7:0.0,167.7:0.0,168.7:0.0,162.8:0.0,170.8:0.0,171.8:0.0,172.8:0.0,173.9:0.0,174.9:0.0,175.9:0.0,177.0:0.0,178.0:0.0,179.0:0.0,180.1:0.0,181.1:0.0,182.1:0.0,183.1:0.0,184.2:0.0,185.2:0.0,186.2:0.0,187.2:0.0,188.3:0.0,189.3:0.0,190.3:0.0,191.4:0.0,192.4:0.0,193.4:0.0,194.5:0.0,195.5:0.0,190.1:0.0,191.2:866.7,192.3:856.7,193.2:849.2,194.3:841.5,195.5:834.0,196.5:828.2,197.5:819.5,198.5:812.0,199.5:805.2,206.8:0.0,201.6:798.0,202.7:794.0,203.6:790.2,204.7:787.5,205.9:784.0,206.8:779.2,207.9:777.0,209.0:775.2,210.0:773.0,210.9:770.2,212.0:767.0,213.1:765.0,214.2:764.2,215.1:762.7,216.1:760.5,217.3:759.5,218.3:758.7,219.3:758.5,220.3:758.7,221.4:758.5,222.3:758.7,223.3:759.2,224.5:759.5,225.5:761.7,226.5:762.7,227.5:763.5,228.5:765.5,229.5:768.2,230.6:771.2,231.5:772.7,232.6:775.7,233.7:778.5,234.6:780.0,235.7:784.0,236.6:787.5,237.6:791.5,238.7:796.7,239.7:801.5,240.8:807.5,241.7:811.7,242.7:816.5,243.9:821.0,244.8:826.0,245.8:834.7,246.9:844.5,254.2:0.0,248.9:855.7,256.2:0.0,257.3:0.0,258.3:0.0,259.3:0.0,260.4:0.0,254.9:0.0,262.4:0.0,263.4:0.0,264.5:0.0,259.1:957.7,266.5:0.0,267.6:0.0,268.6:0.0,269.6:0.0,270.7:0.0,271.7:0.0,272.7:0.0,267.5:0.0,268.5:809.0,275.8:0.0,276.8:0.0,277.9:0.0,278.9:0.0,279.9:0.0,281.0:0.0,282.0:0.0,282.9:0.0,283.9:0.0,279.0:0.0,286.0:0.0,281.2:0.0,282.2:670.2,283.3:665.7,284.3:661.2,285.3:655.2,286.4:650.5,287.5:647.2,288.5:641.2,289.5:636.5,290.5:632.7,291.5:627.5,292.7:625.0,293.7:621.0,294.8:616.5,295.7:616.7,296.8:616.0,297.7:618.0,298.7:618.7,305.4:0.0,306.5:0.0,307.6:0.0,308.6:0.0,309.6:0.0,310.6:0.0,311.7:0.0,312.7:0.0,307.1:0.0,308.1:1067.0,315.8:0.0,310.2:1054.7,311.2:1041.2,312.2:1037.7,313.2:1038.5,314.4:1041.2,315.4:1042.0,316.4:1043.7,317.4:1045.0,318.4:1045.2,319.4:1049.2,320.4:1051.7,321.5:1052.7,322.5:1057.5,323.6:1063.5,324.7:1066.5,325.6:1067.5,326.7:1073.2,327.7:1079.7,328.7:1083.5,329.7:1088.5,330.8:1095.7,331.8:1103.7,332.8:1109.5,340.5:0.0,341.6:0.0,335.8:1126.0,343.6:0.0,337.9:1150.7,345.7:0.0,339.9:1171.5,347.7:0.0,348.8:0.0,349.8:0.0,350.8:0.0,351.9:0.0,352.9:0.0,353.9:0.0,355.0:0.0,356.0:0.0,357.0:0.0,358.1:0.0,
358.6:0.0,359.7:0.0,0.7:0.0,1.7:0.0,2.8:0.0,3.8:0.0,4.8:0.0,5.9:0.0,6.9:0.0,7.9:0.0,9.0:0.0,10.0:0.0,11.0:0.0,12.0:0.0,13.1:0.0,14.1:0.0,8.0:0.0,16.2:0.0,17.2:0.0,18.3:0.0,19.3:0.0,13.7:0.0,14.8:1073.0,15.7:1072.5,16.8:1074.5,24.5:0.0,18.9:1070.7,19.9:1066.0,21.0:1070.0,21.9:1077.2,23.0:1081.0,24.0:1088.7,25.0:1098.7,26.0:1105.5,33.8:0.0,34.8:0.0,35.8:0.0,36.9:0.0,37.9:0.0,38.9:0.0,40.0:0.0,41.0:0.0,42.0:0.0,43.1:0.0,44.1:0.0,45.1:0.0,46.2:0.0,47.2:0.0,48.2:0.0,42.3:0.0,50.3:0.0,43.7:0.0,45.4:0.0,46.4:1388.5,47.5:1390.0,48.5:1389.7,49.5:1389.7,50.6:1391.5,51.6:1394.7,52.6:1399.5,53.7:1402.7,54.7:1407.0,55.7:1413.7,56.7:1422.5,57.7:1431.2,58.8:1434.2,59.7:1439.7,60.8:1447.7,61.8:1455.5,62.8:1463.2,63.9:1471.7,64.9:1485.0,65.9:1499.5,66.9:1512.2,68.0:1524.2,69.0:1533.5,70.0:1545.5,71.0:1563.5,72.0:1580.2,73.1:1598.2,74.1:1619.0,82.2:0.0,83.2:0.0,84.3:0.0,85.3:0.0,86.3:0.0,87.4:0.0,88.4:0.0,89.4:0.0,90.3:0.0,91.4:0.0,92.4:0.0,93.4:0.0,94.5:0.0,95.5:0.0,89.7:0.0,97.5:0.0,98.6:0.0,99.6:0.0,100.6:0.0,101.6:0.0,102.7:0.0,103.7:0.0,104.7:0.0,105.7:0.0,106.8:0.0,107.8:0.0,108.8:0.0,109.8:0.0,103.7:0.0,104.7:1783.7,105.7:1770.0,106.8:1754.2,107.8:1743.2,108.9:1730.2,109.9:1718.7,110.9:1706.7,112.0:1695.0,113.0:1685.5,114.0:1677.5,115.0:1671.2,116.1:1662.0,117.1:1654.5,118.2:1648.0,119.2:1642.2,120.2:1643.7,121.2:1643.7,122.3:1638.0,123.3:1632.5,124.4:1629.7,125.4:1629.7,126.4:1629.7,127.4:1628.2,128.5:1626.7,129.4:1629.2,130.5:1630.2,131.5:1626.2,132.6:1627.2,133.6:1630.7,134.6:1633.0,135.7:1636.2,136.6:1637.2,137.7:1638.7,138.7:1643.2,139.8:1655.0,147.9:0.0,148.9:0.0,143.0:0.0,144.0:1381.5,145.0:1384.0,153.0:0.0,147.1:1387.0,148.1:1384.5,149.1:1385.7,150.2:1393.5,151.2:1402.5,159.2:0.0,160.2:0.0,161.2:0.0,162.4:0.0,163.4:0.0,164.4:0.0,158.4:0.0,159.4:1510.7,167.5:0.0,161.5:1528.5,162.5:1547.7,170.6:0.0,171.6:0.0,165.5:0.0,173.7:0.0,167.6:1626.2,175.7:0.0,176.8:0.0,177.8:0.0,178.8:0.0,179.9:0.0,180.9:0.0,181.9:0.0,183.0:0.0,184.0:0.0,185.0:0.0,186.0:0.0,187.1:0.0,188.1:0.0,189.1:0.0,190.2:0.0,191.2:0.0,192.2:0.0,193.2:0.0,194.3:0.0,195.3:0.0,196.3:0.0,197.4:0.0,191.7:0.0,199.4:0.0,200.5:0.0,201.5:0.0,202.5:0.0,197.0:0.0,197.9:1050.5,199.0:1043.7,200.0:1037.5,201.1:1031.5,202.1:1025.2,203.2:1019.7,204.3:1015.7,205.2:1011.2,206.4:1006.7,207.3:1004.0,208.4:1000.5,209.5:994.7,210.5:991.0,211.5:989.7,212.5:989.2,213.5:986.5,214.6:982.5,215.7:982.0,216.7:982.2,217.7:980.0,218.8:977.2,219.7:977.2,220.8:978.5,221.9:980.5,222.8:982.2,223.9:982.2,224.9:985.0,226.0:986.2,226.9:986.7,228.0:990.7,229.1:992.5,230.1:994.2,231.0:999.7,232.1:1003.2,233.2:1007.0,234.2:1012.0,235.2:1014.7,236.2:1018.7,237.2:1025.2,238.3:1028.5,239.3:0.0,240.2:1075.2,241.3:1079.0,249.0:0.0,250.0:0.0,251.0:0.0,252.1:0.0,253.1:0.0,254.1:0.0,255.1:0.0,256.2:0.0,257.2:0.0,258.2:0.0,259.2:0.0,260.3:0.0,261.3:0.0,262.3:0.0,263.4:0.0,264.4:0.0,265.4:0.0,266.5:0.0,267.5:0.0,268.5:0.0,269.5:0.0,265.2:0.0,271.6:0.0,267.4:0.0,268.3:542.2,269.5:541.0,270.4:543.0,271.5:544.5,277.8:0.0,278.8:0.0,279.8:0.0,280.9:0.0,281.9:0.0,282.9:0.0,283.9:0.0,284.9:0.0,285.9:0.0,287.0:0.0,288.0:0.0,289.0:0.0,290.0:0.0,291.1:0.0,292.1:0.0,293.1:0.0,294.1:0.0,295.2:0.0,296.2:0.0,290.9:0.0,291.9:916.5,292.9:913.2,293.9:912.7,295.0:0.0,296.0:874.2,297.0:870.5,298.1:866.2,299.1:860.2,300.2:857.7,301.3:856.2,302.3:852.7,303.3:850.7,304.3:849.7,305.4:848.7,306.5:847.2,307.5:845.7,308.5:846.0,309.5:846.7,310.5:846.2,311.5:845.5,312.7:844.7,313.7:845.5,314.6:847.2,315.7:849.0,316.7:851.0,317.7:851.7,318.8:853.2,319.7:857.0,320.8:858.2,321.7:861.2,322.8:866.2,323.9:868.5,325.0:870.5,325.9:874.0,327.0:877.0,328.0:880.0,329.0:887.2,330.0:893.0,331.0:897.2,332.1:903.2,333.1:910.2,334.1:917.5,335.2:922.5,342.6:0.0,343.6:0.0,344.6:0.0,339.2:0.0,346.7:0.0,347.7:0.0,348.7:0.0,343.2:0.0,344.3:1010.0,345.2:1026.0,352.9:0.0,353.9:0.0,354.9:0.0,356.0:0.0,350.3:0.0,358.0:0.0,
359.2:0.0,0.2:0.0,1.2:0.0,2.2:0.0,3.3:0.0,4.3:0.0,5.3:0.0,6.4:0.0,7.4:0.0,8.4:0.0,9.5:0.0,10.5:0.0,11.5:0.0,12.5:0.0,13.6:0.0,14.6:0.0,15.6:0.0,16.7:0.0,17.7:0.0,18.8:0.0,19.8:0.0,20.9:0.0,21.9:0.0,22.9:0.0,17.6:873.0,18.7:888.5,19.7:892.0,20.6:895.0,28.1:0.0,22.8:891.7,23.8:886.7,24.8:890.2,25.8:895.7,26.8:902.5,27.9:909.7,35.3:0.0,36.4:0.0,37.4:0.0,38.4:0.0,39.5:0.0,40.5:0.0,41.5:0.0,42.5:0.0,43.6:0.0,38.1:0.0,39.0:1024.2,46.7:0.0,47.7:0.0,48.7:0.0,43.1:0.0,50.8:0.0,51.8:0.0,52.9:0.0,53.9:0.0,54.9:0.0,56.0:0.0,50.0:0.0,51.2:0.0,52.2:0.0,53.3:1258.7,54.2:1263.5,55.3:1267.5,56.3:1271.2,57.4:1276.2,58.3:1281.7,59.5:1287.2,60.5:1294.0,61.5:1301.5,62.5:1307.7,63.5:1316.7,64.6:1326.5,65.6:1334.5,66.6:1344.7,67.6:1359.2,68.6:1370.7,69.6:1380.2,70.7:1392.0,71.7:1408.0,72.7:1425.7,73.8:1440.7,74.8:1453.5,75.8:1468.5,76.8:1488.2,77.8:1506.2,78.9:1523.0,79.9:1543.2,80.9:1568.7,89.0:0.0,90.0:0.0,91.0:0.0,92.0:0.0,93.0:0.0,94.0:0.0,95.1:0.0,89.1:0.0,97.1:0.0,98.1:0.0,99.2:0.0,100.2:0.0,101.2:0.0,102.2:0.0,96.5:0.0,97.5:1259.7,98.5:1257.2,106.4:0.0,107.4:0.0,108.4:0.0,109.4:0.0,110.5:0.0,111.5:0.0,112.5:0.0,113.5:0.0,114.6:0.0,115.6:0.0,116.6:0.0,110.4:0.0,111.4:1842.5,112.5:1828.5,113.5:1817.5,114.6:1808.0,115.6:1802.2,116.7:1793.5,117.7:1787.0,118.7:1781.2,119.7:1772.2,120.8:1765.5,121.7:1759.0,122.8:1755.7,123.9:1753.7,124.8:1750.0,125.9:1756.0,126.9:1761.2,128.0:1755.2,128.9:1748.0,130.0:1744.2,131.1:1747.0,132.1:1750.7,133.1:1751.0,134.2:1751.7,135.2:1753.7,136.2:1759.2,137.2:1764.2,138.2:1767.5,139.3:1774.7,140.3:1781.5,141.4:1788.0,142.4:1793.0,143.4:1800.2,151.6:0.0,152.6:0.0,153.7:0.0,147.6:0.0,148.7:1550.0,156.7:0.0,150.7:1555.5,151.7:1554.7,152.7:1558.2,153.8:1569.5,154.9:1581.7,155.9:1594.2,156.9:1605.0,165.1:0.0,159.0:1625.0,160.0:1651.7,168.2:0.0,169.2:0.0,170.2:0.0,171.2:0.0,172.3:0.0,173.3:0.0,174.3:0.0,168.1:0.0,176.4:0.0,177.4:0.0,178.5:0.0,179.5:0.0,180.5:0.0,181.6:0.0,182.6:0.0,183.6:0.0,184.7:0.0,185.7:0.0,186.7:0.0,187.7:0.0,188.8:0.0,189.8:0.0,190.8:0.0,191.9:0.0,192.9:0.0,193.9:0.0,195.0:0.0,196.0:0.0,197.0:0.0,198.1:0.0,199.1:0.0,200.1:0.0,201.2:0.0,202.2:0.0,203.2:0.0,204.2:0.0,198.5:0.0,199.6:1197.2,200.6:1190.2,201.6:1181.7,202.7:1176.5,203.7:1170.0,204.8:1162.7,205.7:1158.7,206.8:1154.2,207.9:1149.0,208.8:1144.2,209.9:1140.0,211.0:1136.2,212.0:1133.0,213.1:1131.7,214.0:1129.2,215.1:1127.2,216.1:1126.0,217.2:1124.7,218.2:1125.7,219.2:1127.5,220.3:1125.7,221.3:1121.5,222.3:1121.7,223.3:1125.5,224.3:1127.2,225.4:1129.7,226.5:1131.7,227.5:1133.5,228.6:1137.0,229.5:1139.7,237.3:0.0,231.5:0.0,232.6:1180.7,233.6:1183.0,241.4:0.0,242.5:0.0,243.5:0.0,244.5:0.0,245.6:0.0,246.6:0.0,247.6:0.0,248.7:0.0,249.7:0.0,250.7:0.0,251.7:0.0,247.2:0.0,253.8:0.0,254.8:0.0,250.3:0.0,251.4:568.7,252.5:569.2,253.5:569.5,254.5:571.2,261.0:0.0,262.1:0.0,257.5:581.5,264.1:0.0,259.5:594.7,266.2:0.0,267.2:0.0,268.2:0.0,269.3:0.0,270.3:0.0,271.3:0.0,272.4:0.0,273.4:0.0,274.4:0.0,275.5:0.0,276.5:0.0,277.5:0.0,278.6:0.0,279.6:0.0,280.6:0.0,281.7:0.0,282.6:0.0,283.6:0.0,284.6:0.0,279.3:0.0,280.4:858.5,281.5:848.5,282.5:833.0,283.5:812.2,284.7:796.0,285.7:788.2,286.7:783.5,287.8:778.7,288.9:773.5,289.7:767.7,290.9:763.2,291.9:758.0,292.9:753.0,294.0:747.2,295.0:743.0,296.0:740.7,297.1:737.5,298.2:733.7,299.1:731.2,300.2:729.0,301.3:727.5,302.4:726.7,303.4:723.0,304.4:719.7,305.4:720.0,306.5:720.5,307.4:720.2,308.4:719.2,309.5:718.7,310.5:719.5,311.7:719.0,312.6:718.0,313.7:718.7,314.8:719.5,315.6:720.5,316.8:720.7,317.8:721.0,318.7:724.2,319.8:727.2,320.8:728.7,321.9:730.0,322.9:731.0,323.9:733.7,325.0:738.0,326.1:741.5,327.1:745.0,328.0:749.0,329.0:753.5,330.1:758.7,331.1:762.0,332.2:766.7,333.2:773.7,334.1:779.7,335.2:784.0,336.2:788.2,337.2:795.2,338.3:803.2,339.3:810.2,340.2:818.5,347.5:0.0,348.6:0.0,349.6:0.0,350.6:0.0,345.3:0.0,352.7:0.0,353.7:0.0,348.4:0.0,355.8:0.0,356.8:0.0,357.9:0.0,
358.9:0.0,359.9:0.0,0.9:0.0,2.0:0.0,3.0:0.0,4.0:0.0,5.0:0.0,6.0:0.0,7.1:0.0,8.1:0.0,9.1:0.0,10.1:0.0,11.2:0.0,12.2:0.0,13.2:0.0,14.2:0.0,15.3:0.0,16.3:0.0,17.3:0.0,18.4:0.0,19.4:0.0,20.4:0.0,21.5:0.0,22.5:0.0,23.5:0.0,24.5:0.0,25.6:0.0,26.6:0.0,21.6:706.5,22.8:709.7,23.7:703.7,24.8:707.5,25.8:712.5,32.7:0.0,33.8:0.0,28.8:715.2,29.9:717.0,30.9:719.0,37.9:0.0,32.8:726.2,39.9:0.0,41.0:0.0,42.0:0.0,37.0:0.0,44.0:0.0,45.1:0.0,46.1:0.0,47.1:0.0,48.1:0.0,49.2:0.0,50.2:0.0,51.2:0.0,52.2:0.0,53.3:0.0,54.3:0.0,55.3:0.0,56.3:0.0,57.4:0.0,58.4:0.0,59.4:0.0,60.4:0.0,54.9:0.0,62.5:0.0,63.5:0.0,57.7:0.0,58.8:0.0,59.8:1157.7,60.8:1152.2,61.8:1160.2,62.8:1165.5,63.9:1171.0,64.9:1179.0,65.9:1190.0,66.9:1198.2,67.9:1206.0,68.9:1215.0,70.0:1225.7,71.0:1240.0,72.0:1251.7,73.0:1263.0,74.0:1275.5,75.0:1288.2,76.1:1301.7,77.0:1316.7,78.0:1331.2,79.0:1350.5,80.1:1370.2,81.0:1386.2,82.1:1408.0,83.0:1430.5,84.0:1450.0,85.0:1472.0,86.0:1500.2,87.0:1526.5,88.0:1552.5,96.1:0.0,97.1:0.0,91.1:0.0,99.2:0.0,100.2:0.0,101.2:0.0,102.2:0.0,103.2:0.0,104.3:0.0,98.3:0.0,106.3:0.0,107.3:0.0,108.4:0.0,109.4:0.0,110.4:0.0,111.4:0.0,105.6:0.0,106.5:1301.2,114.5:0.0,115.5:0.0,116.5:0.0,117.5:0.0,118.6:0.0,119.6:0.0,120.6:0.0,121.6:0.0,115.4:0.0,116.4:1930.0,117.4:1922.0,118.5:1915.7,119.5:1909.0,120.5:1898.0,121.6:1890.5,122.6:1888.0,123.6:1884.7,124.6:1883.0,125.6:1880.0,126.7:1877.5,127.6:1875.5,128.7:1875.0,129.7:1874.2,130.8:1880.7,131.8:1886.0,132.9:1882.2,133.8:1881.7,134.9:1883.5,135.9:1889.0,136.9:1894.0,137.9:1900.2,138.9:1905.2,140.0:1912.2,141.0:1919.2,142.0:1925.2,143.0:1934.5,144.0:1945.5,145.0:1954.7,146.1:1962.5,154.4:0.0,155.4:0.0,156.4:0.0,157.4:0.0,151.3:0.0,152.3:1726.5,160.5:0.0,154.4:1738.5,155.4:1744.2,163.6:0.0,157.5:1762.5,158.5:1782.0,166.7:0.0,167.7:0.0,168.7:0.0,169.8:0.0,170.8:0.0,171.8:0.0,172.8:0.0,173.9:0.0,167.6:0.0,175.9:0.0,176.9:0.0,178.0:0.0,179.0:0.0,180.0:0.0,181.0:0.0,182.0:0.0,183.1:0.0,184.1:0.0,185.1:0.0,186.1:0.0,187.2:0.0,188.2:0.0,189.2:0.0,190.2:0.0,191.3:0.0,192.3:0.0,186.3:0.0,194.3:0.0,195.4:0.0,196.4:0.0,197.4:0.0,198.4:0.0,199.5:0.0,193.5:0.0,194.5:1396.5,195.6:1386.2,196.6:1378.0,197.6:1370.7,198.7:1361.7,199.7:1352.0,207.7:0.0,208.7:0.0,209.7:0.0,210.8:0.0,211.8:0.0,206.0:0.0,207.0:1303.2,208.0:1298.5,209.0:1294.0,210.1:1288.7,211.0:1285.5,212.1:1283.7,213.1:1281.5,214.2:1277.2,215.2:1275.7,216.2:1276.7,217.2:1276.2,218.3:1272.0,219.2:1271.5,220.3:1272.5,221.3:1271.5,222.3:1272.0,223.3:1277.5,224.4:1294.7,225.4:1305.5,233.3:0.0,234.3:0.0,235.3:0.0,236.4:0.0,237.4:0.0,238.4:0.0,239.4:0.0,234.7:0.0,235.7:653.5,236.7:651.7,237.8:652.0,238.8:654.0,239.8:656.7,240.7:660.0,241.8:662.2,242.8:664.2,243.8:669.7,244.9:675.2,245.8:678.7,246.9:684.0,247.9:692.2,248.8:698.5,249.9:703.2,251.0:709.0,251.9:719.0,258.9:0.0,253.9:731.7,255.0:742.0,262.0:0.0,263.0:0.0,257.9:758.7,265.0:0.0,266.0:0.0,267.1:0.0,261.9:0.0,269.1:0.0,270.1:0.0,271.2:0.0,272.2:0.0,273.2:0.0,274.2:0.0,275.3:0.0,276.3:0.0,277.3:0.0,278.3:0.0,279.3:0.0,280.4:0.0,281.4:0.0,276.3:0.0,283.4:0.0,284.4:0.0,285.4:0.0,286.4:0.0,281.7:0.0,282.6:661.5,283.8:656.2,284.8:653.5,285.9:647.2,286.9:640.2,287.9:636.0,288.8:630.7,290.0:624.7,291.0:620.5,292.1:618.7,293.1:617.2,294.1:614.5,295.0:611.7,296.1:609.0,297.2:606.7,298.2:603.2,299.3:599.2,300.3:596.7,301.3:594.7,302.5:594.0,303.4:593.0,304.4:590.7,305.4:588.7,306.6:589.2,307.5:588.7,308.6:587.5,309.6:587.7,310.6:586.7,311.7:586.0,312.6:586.7,313.8:586.7,314.6:587.7,315.7:589.0,316.8:589.5,317.7:590.0,318.7:592.5,319.7:594.5,320.7:596.0,321.9:597.7,322.7:599.5,323.8:602.0,324.9:603.5,326.0:606.7,326.9:611.5,327.9:614.2,328.8:617.0,329.9:619.7,331.0:624.7,332.1:629.2,333.0:633.2,333.9:638.0,340.7:0.0,336.0:645.5,336.9:652.7,337.9:656.2,344.8:0.0,340.0:665.7,346.9:0.0,342.1:679.2,348.9:0.0,350.0:0.0,345.0:0.0,352.0:0.0,353.0:0.0,354.1:0.0,355.1:0.0,356.1:0.0,357.2:0.0,358.2:0.0,
358.8:0.0,359.8:0.0,0.9:0.0,1.9:0.0,2.9:0.0,4.0:0.0,5.0:0.0,6.0:0.0,7.0:0.0,8.1:0.0,9.1:0.0,10.1:0.0,11.2:0.0,12.2:0.0,13.2:0.0,14.3:0.0,15.3:0.0,16.3:0.0,17.4:0.0,18.4:0.0,19.5:0.0,20.5:0.0,21.5:0.0,22.5:0.0,23.6:0.0,24.6:0.0,25.7:0.0,26.7:0.0,27.7:0.0,28.7:0.0,29.8:0.0,30.8:0.0,31.8:0.0,32.9:0.0,33.9:0.0,29.5:0.0,30.7:533.2,31.8:532.5,38.0:0.0,39.1:0.0,40.1:0.0,41.1:0.0,42.2:0.0,43.2:0.0,39.0:0.0,39.8:552.0,46.3:0.0,47.3:0.0,48.3:0.0,49.4:0.0,50.4:0.0,51.4:0.0,52.5:0.0,53.5:0.0,54.5:0.0,55.6:0.0,56.6:0.0,57.6:0.0,58.7:0.0,59.7:0.0,60.7:0.0,61.7:0.0,62.8:0.0,63.8:0.0,64.8:0.0,65.9:0.0,66.9:0.0,67.9:0.0,68.9:0.0,70.0:0.0,71.0:0.0,65.3:0.0,66.3:0.0,67.4:0.0,68.5:1077.5,69.6:1069.5,70.5:1079.2,71.5:1089.5,72.6:1099.5,73.6:1111.2,74.5:1123.2,75.6:1133.7,76.6:1146.0,77.7:1160.2,78.6:1174.5,79.6:1190.2,80.7:1206.2,81.6:1223.7,82.7:1243.2,83.6:1261.0,84.7:1278.7,85.6:1298.2,86.6:1319.5,87.7:1346.2,88.7:1368.7,89.7:1394.5,90.7:1425.2,91.7:1452.5,92.7:1482.5,93.7:1514.5,94.7:1548.5,95.7:1566.5,96.8:1561.2,97.8:1547.2,98.8:1536.5,106.9:0.0,100.9:1513.7,109.0:0.0,110.0:0.0,111.0:0.0,112.0:0.0,113.1:0.0,107.1:0.0,108.1:1405.2,109.2:1398.7,110.2:1390.2,111.2:1382.0,112.2:1377.5,113.3:1373.5,114.3:1372.7,122.3:0.0,123.3:0.0,124.3:0.0,125.3:0.0,126.4:0.0,120.1:0.0,121.1:2027.5,122.2:2020.2,123.2:2011.0,124.2:2007.7,125.2:2006.7,126.3:2005.5,127.3:2000.0,128.3:2001.0,129.3:2000.7,130.4:1995.7,131.5:1998.2,132.5:2004.5,133.5:2005.2,134.5:2011.2,135.5:2019.0,136.6:2017.7,137.6:2019.2,138.6:2027.0,139.6:2034.0,140.7:2040.0,141.7:2051.2,142.7:2062.7,143.8:2068.7,144.8:2078.7,145.8:2094.2,146.8:2107.0,147.8:2116.7,148.9:2128.0,157.2:0.0,158.2:0.0,159.3:0.0,160.3:0.0,154.1:0.0,162.4:0.0,156.2:1899.5,157.3:1910.2,165.5:0.0,166.6:0.0,167.6:0.0,161.3:0.0,169.7:0.0,170.7:0.0,171.7:0.0,172.7:0.0,173.8:0.0,174.8:0.0,168.5:0.0,176.9:0.0,177.9:0.0,178.9:0.0,180.0:0.0,181.0:0.0,182.0:0.0,183.0:0.0,184.1:0.0,185.1:0.0,186.1:0.0,187.2:0.0,188.2:0.0,189.2:0.0,190.2:0.0,191.3:0.0,192.3:0.0,193.3:0.0,194.4:0.0,188.3:0.0,189.3:1640.2,190.3:1625.7,191.4:1608.5,192.4:1593.2,193.5:1579.0,194.5:1568.2,195.5:1556.2,196.5:1545.2,197.6:1537.0,198.6:1529.5,199.7:1519.0,200.7:1504.5,201.7:1495.0,202.8:1487.0,203.8:1478.0,204.9:1470.0,212.9:0.0,214.0:0.0,215.0:0.0,216.0:0.0,217.0:0.0,211.1:1447.2,212.1:1429.2,213.1:1430.2,214.2:1422.5,215.2:1414.0,216.3:1415.0,217.2:1417.0,225.3:0.0,219.3:1435.0,227.4:0.0,228.4:0.0,223.4:0.0,224.3:774.2,225.3:775.0,226.5:772.7,227.5:771.5,228.4:773.2,229.4:776.5,230.6:777.7,231.6:778.0,232.6:780.2,233.7:782.0,234.7:784.7,235.6:788.0,236.6:791.0,237.8:795.2,238.8:801.0,239.7:805.0,240.8:808.7,241.8:814.7,242.8:819.0,243.8:823.5,244.8:832.0,245.8:839.0,246.8:843.2,247.8:848.2,248.9:856.0,249.8:867.0,257.2:0.0,258.2:0.0,259.3:0.0,260.3:0.0,261.3:0.0,262.3:0.0,263.4:0.0,264.4:0.0,265.4:0.0,266.5:0.0,267.5:0.0,268.5:0.0,269.5:0.0,270.6:0.0,271.6:0.0,272.6:0.0,273.7:0.0,274.7:0.0,275.7:0.0,276.7:0.0,277.8:0.0,278.8:0.0,279.8:0.0,280.9:0.0,281.9:0.0,282.8:0.0,283.8:0.0,284.9:0.0,285.9:0.0,281.9:0.0,287.9:0.0,283.7:514.0,284.8:505.7,291.0:0.0,286.9:500.5,288.1:495.0,289.1:490.7,290.3:487.7,291.2:483.7,292.4:481.0,293.3:478.0,294.3:474.2,295.3:472.7,296.5:471.0,297.5:468.7,298.5:465.7,299.5:464.5,300.5:464.2,301.8:462.2,302.6:460.5,303.6:459.2,304.6:458.5,305.7:458.0,306.7:457.5,307.9:457.0,309.0:456.0,309.9:455.2,311.0:455.7,312.0:455.5,312.8:455.7,313.8:456.5,314.9:457.2,316.0:458.7,317.1:459.2,318.0:460.0,319.0:462.0,320.2:463.0,321.3:464.5,322.1:466.7,323.1:467.2,324.0:468.5,325.3:471.0,326.4:472.7,327.4:474.7,328.2:478.5,329.4:482.2,330.3:484.7,331.3:487.2,332.4:490.0,333.1:494.2,334.2:497.5,335.4:501.0,336.3:504.7,337.4:509.0,343.5:0.0,344.5:0.0,345.5:0.0,346.6:0.0,347.6:0.0,348.6:0.0,349.7:0.0,350.7:0.0,351.7:0.0,352.7:0.0,353.8:0.0,354.8:0.0,355.9:0.0,356.9:0.0,357.9:0.0,
359.6:0.0,0.6:0.0,1.6:0.0,2.7:0.0,3.7:0.0,4.7:0.0,5.7:0.0,6.8:0.0,7.8:0.0,8.8:0.0,9.9:0.0,10.9:0.0,11.9:0.0,13.0:0.0,14.0:0.0,15.0:0.0,16.0:0.0,17.1:0.0,18.1:0.0,19.2:0.0,20.2:0.0,21.2:0.0,22.3:0.0,23.3:0.0,24.3:0.0,25.4:0.0,26.4:0.0,27.4:0.0,28.5:0.0,29.5:0.0,30.5:0.0,31.5:0.0,32.6:0.0,33.6:0.0,34.6:0.0,35.7:0.0,36.7:0.0,37.7:0.0,38.8:0.0,39.8:0.0,40.8:0.0,41.9:0.0,42.9:0.0,43.9:0.0,45.0:0.0,46.0:0.0,47.0:0.0,48.1:0.0,44.7:385.0,46.1:380.7,46.8:382.7,52.2:0.0,53.2:0.0,54.2:0.0,55.3:0.0,56.3:0.0,57.3:0.0,53.9:0.0,54.7:419.5,60.5:0.0,61.5:0.0,62.5:0.0,63.5:0.0,64.6:0.0,65.6:0.0,66.5:0.0,67.6:0.0,68.6:0.0,69.6:0.0,70.7:0.0,71.7:0.0,72.7:0.0,73.7:0.0,74.8:0.0,75.8:0.0,76.8:0.0,77.9:0.0,78.9:0.0,79.9:0.0,80.9:0.0,82.0:0.0,83.0:0.0,77.4:0.0,78.5:1024.7,79.5:1019.5,80.5:1032.7,81.5:1046.7,82.5:1060.2,83.5:1075.2,84.5:1091.7,85.5:1108.2,86.5:1125.0,87.5:1143.5,88.6:1164.2,89.6:1186.0,90.5:1209.0,91.5:1232.2,92.5:1257.7,93.6:1285.5,94.6:1311.5,95.6:1341.5,96.5:1372.2,97.5:1405.7,98.5:1444.2,99.6:1484.5,100.5:1526.0,101.5:1569.5,102.6:1597.7,103.6:1593.2,104.6:1580.7,105.7:1570.7,106.7:1561.5,107.8:1554.0,108.8:1542.7,109.8:1531.5,110.8:1520.5,111.9:1512.7,112.9:1507.2,113.9:1499.2,115.0:1492.5,116.0:1486.5,117.0:1480.7,118.1:1477.0,119.0:1470.2,120.1:1464.7,128.1:0.0,129.2:0.0,130.2:0.0,131.2:0.0,124.9:0.0,125.9:2129.2,127.0:2125.7,128.0:2124.2,129.0:2123.2,130.0:2123.5,131.1:2123.2,132.2:2122.2,133.2:2124.5,134.2:2128.2,135.2:2130.0,136.2:2131.0,137.3:2138.2,138.3:2154.7,139.3:2160.7,140.3:2160.2,141.4:2164.0,142.4:2167.2,143.4:2178.0,144.5:2192.7,145.5:2204.5,146.5:2213.2,147.5:2224.2,148.5:2240.7,149.6:2255.7,150.6:2269.0,151.6:2284.5,160.0:0.0,161.1:0.0,162.1:0.0,155.8:0.0,156.9:2074.2,165.2:0.0,166.2:0.0,167.2:0.0,168.3:0.0,169.3:0.0,170.3:0.0,171.4:0.0,164.9:0.0,166.0:2568.2,174.4:0.0,175.5:0.0,169.1:0.0,177.5:0.0,178.6:0.0,179.6:0.0,180.6:0.0,181.6:0.0,182.7:0.0,183.7:0.0,184.7:0.0,185.7:0.0,186.9:0.0,187.9:0.0,188.9:0.0,190.0:0.0,191.0:0.0,192.0:0.0,193.1:0.0,194.1:0.0,195.1:0.0,196.2:0.0,190.0:0.0,198.2:0.0,192.1:1779.0,193.1:1761.5,201.3:0.0,195.2:1737.5,196.3:1713.0,197.3:1695.5,198.3:1681.5,199.3:1669.0,200.4:1662.0,201.4:1649.7,202.5:1637.5,203.5:1633.2,204.6:1623.5,205.6:1614.7,206.6:1610.0,207.6:1605.2,208.7:1597.5,209.7:1592.5,210.8:1590.0,211.7:1587.0,212.9:1583.7,220.9:0.0,215.5:0.0,216.6:914.0,217.6:912.0,218.7:908.7,219.7:907.7,220.7:907.7,221.8:906.7,222.8:906.7,223.9:906.7,224.8:907.5,225.9:909.7,227.0:911.7,228.0:912.7,228.9:915.5,229.9:917.2,231.0:919.5,232.0:924.0,233.1:927.0,234.1:931.5,235.1:936.0,236.2:938.2,237.1:940.2,238.2:944.7,239.3:950.0,240.2:954.2,241.3:959.2,248.8:0.0,249.8:0.0,250.9:0.0,251.9:0.0,252.9:0.0,254.0:0.0,255.0:0.0,256.0:0.0,257.0:0.0,258.0:0.0,259.1:0.0,260.1:0.0,261.1:0.0,262.2:0.0,263.2:0.0,264.2:0.0,265.3:0.0,266.3:0.0,267.3:0.0,268.4:0.0,269.4:0.0,270.4:0.0,271.4:0.0,272.5:0.0,273.5:0.0,274.5:0.0,275.6:0.0,276.6:0.0,277.6:0.0,278.7:0.0,279.7:0.0,280.7:0.0,281.7:0.0,282.7:0.0,283.7:0.0,280.6:0.0,285.8:0.0,283.1:374.7,287.8:0.0,288.9:0.0,289.9:0.0,287.4:0.0,292.0:0.0,289.3:355.2,290.5:350.5,291.4:348.5,292.1:347.2,293.1:344.5,294.7:342.7,295.3:340.7,296.6:338.2,297.5:336.7,298.4:335.7,299.6:335.2,301.0:334.0,301.6:332.5,302.9:331.7,304.0:330.2,305.3:328.7,306.0:328.0,307.0:329.0,308.0:329.0,309.3:327.5,309.9:327.2,311.1:328.0,312.2:328.5,313.0:328.5,314.3:328.7,315.3:329.5,316.3:330.0,317.7:330.2,318.1:331.5,319.6:332.2,320.4:332.7,321.4:334.2,322.5:335.5,323.2:336.2,324.2:338.0,325.6:339.0,326.2:340.5,327.6:342.7,328.2:345.0,329.8:346.5,330.3:347.5,331.5:350.5,332.4:352.7,333.3:355.7,334.3:358.7,335.4:360.7,336.8:364.7,337.5:368.5,342.5:0.0,343.5:0.0,344.6:0.0,345.6:0.0,346.6:0.0,343.7:0.0,348.7:0.0,349.7:0.0,350.7:0.0,351.8:0.0,352.8:0.0,353.8:0.0,354.9:0.0,356.0:0.0,357.0:0.0,358.0:0.0,
352.4:0.0,353.5:0.0,354.5:0.0,355.7:1108.7,356.6:1116.7,357.6:1124.7,358.7:1134.2,359.7:1144.5,0.7:1154.2,1.7:1162.2,2.7:1171.5,3.8:1185.5,4.8:1199.7,5.8:1210.5,6.8:1224.5,7.8:1241.0,8.8:1253.7,9.8:1268.7,10.9:1285.2,11.9:1300.0,13.0:1320.2,13.9:1339.7,15.0:1359.7,15.9:1381.0,17.0:1405.0,18.0:1433.2,19.0:1460.2,20.0:1487.2,21.0:1512.5,22.1:1540.5,30.1:0.0,24.1:1552.2,25.1:1542.5,26.2:1526.7,34.3:0.0,35.3:0.0,36.3:0.0,37.4:0.0,38.4:0.0,39.4:0.0,33.5:0.0,34.5:1392.2,35.5:1378.2,36.6:1369.5,37.7:1363.2,45.6:0.0,39.7:1349.2,40.8:1337.7,41.8:1337.5,49.7:0.0,50.7:0.0,51.8:0.0,52.8:0.0,53.8:0.0,54.9:0.0,48.6:0.0,49.7:1981.2,50.7:1973.5,51.7:1967.2,52.7:1965.2,53.8:1963.2,54.8:1959.0,55.8:1953.2,56.9:1946.2,57.9:1940.0,58.9:1939.7,60.0:1941.7,61.0:1940.5,62.0:1939.2,63.1:1944.2,64.1:1968.0,65.1:1970.2,66.1:1954.5,67.1:1959.7,68.2:1966.7,69.2:1971.0,70.2:1974.5,71.3:1981.0,72.3:1986.5,73.3:1991.7,74.4:1999.2,75.4:2010.5,76.4:2022.5,77.4:2029.7,78.5:2040.7,86.8:0.0,87.8:0.0,88.8:0.0,89.9:0.0,83.6:0.0,91.9:0.0,85.7:1817.5,86.7:1824.0,87.7:1833.0,96.0:0.0,97.0:0.0,90.8:1866.0,99.0:0.0,100.1:0.0,101.1:0.0,102.1:0.0,103.2:0.0,104.2:0.0,105.2:0.0,98.9:0.0,107.3:0.0,108.3:0.0,109.3:0.0,110.3:0.0,111.4:0.0,112.4:0.0,113.4:0.0,114.4:0.0,115.4:0.0,116.5:0.0,117.5:0.0,118.5:0.0,119.5:0.0,120.6:0.0,121.6:0.0,115.5:0.0,123.6:0.0,124.7:0.0,125.7:0.0,126.7:0.0,127.7:0.0,121.7:0.0,122.7:1536.5,123.7:1520.2,124.8:1502.2,132.9:0.0,133.9:0.0,134.9:0.0,135.9:0.0,137.0:0.0,138.1:0.0,139.1:0.0,133.1:0.0,134.2:1401.2,135.3:1394.2,136.3:1385.0,137.3:1379.2,138.3:1376.7,139.4:1370.0,140.4:1365.7,141.4:1363.0,142.5:1359.0,143.5:1358.7,144.5:1356.7,145.6:1350.0,146.6:1349.0,147.6:1349.7,148.6:1346.7,149.7:1344.0,150.7:1344.5,158.6:0.0,152.7:1360.2,153.7:1375.0,161.7:0.0,162.8:0.0,163.9:0.0,159.0:0.0,160.0:708.0,161.0:707.2,162.0:706.5,163.0:706.2,164.2:707.7,165.2:710.7,166.2:712.5,167.2:715.7,168.2:720.5,169.2:724.0,170.2:726.2,171.3:729.0,172.3:733.7,173.3:738.7,174.4:743.7,175.3:750.7,176.4:756.2,177.5:761.5,178.4:765.7,179.4:771.7,180.4:780.2,187.5:0.0,182.3:790.7,183.3:801.2,184.5:808.7,191.7:0.0,192.7:0.0,193.7:0.0,194.7:0.0,195.8:0.0,196.8:0.0,197.8:0.0,198.9:0.0,199.9:0.0,200.9:0.0,202.0:0.0,203.0:0.0,204.0:0.0,205.0:0.0,206.1:0.0,207.1:0.0,208.1:0.0,209.2:0.0,210.2:0.0,211.3:0.0,212.3:0.0,213.3:0.0,214.4:0.0,215.4:0.0,210.9:0.0,211.9:596.0,213.0:590.2,214.1:586.2,215.2:581.0,216.2:574.5,217.1:571.5,218.2:567.5,219.3:562.2,220.3:557.5,221.5:553.0,222.5:550.0,223.4:548.0,224.7:544.5,225.4:539.7,226.7:537.5,227.6:535.2,228.8:532.7,229.6:531.7,230.7:530.5,231.7:528.0,232.7:526.0,233.9:524.5,235.0:523.7,235.9:523.0,237.1:521.5,238.0:520.5,239.2:520.2,240.2:520.0,241.1:519.7,242.1:519.2,243.3:518.7,244.4:519.0,245.4:520.0,246.4:520.5,247.2:521.2,248.4:522.2,249.5:523.2,250.3:524.2,251.4:526.0,252.4:528.7,253.5:529.7,254.5:531.5,255.5:533.7,256.4:535.5,257.6:539.0,258.6:541.5,259.6:543.7,260.6:547.7,261.5:550.2,262.6:552.0,263.6:557.0,264.5:562.0,265.6:564.7,266.5:570.0,267.5:576.0,274.1:0.0,269.6:583.7,270.6:591.5,271.7:596.0,272.6:601.0,273.7:605.0,274.6:610.7,275.7:619.7,282.2:0.0,277.4:634.2,284.3:0.0,285.3:0.0,286.3:0.0,287.3:0.0,288.4:0.0,289.4:0.0,290.4:0.0,291.4:0.0,292.5:0.0,293.5:0.0,294.5:0.0,295.5:0.0,296.6:0.0,297.6:0.0,298.6:0.0,299.6:0.0,300.7:0.0,301.7:0.0,302.7:0.0,303.7:0.0,304.7:0.0,305.8:0.0,306.9:0.0,307.9:0.0,309.0:0.0,303.2:0.0,311.0:0.0,312.0:0.0,313.1:0.0,314.1:0.0,315.1:0.0,316.2:0.0,317.2:0.0,318.2:0.0,319.2:0.0,320.3:0.0,321.3:0.0,316.7:0.0,317.7:622.2,318.7:619.5,319.8:620.7,320.7:626.0,327.5:0.0,322.7:0.0,323.9:0.0,324.9:630.7,326.0:634.7,332.7:0.0,333.7:0.0,334.7:0.0,335.8:0.0,336.8:0.0,337.8:0.0,338.9:0.0,339.9:0.0,340.9:0.0,341.9:0.0,343.0:0.0,344.0:0.0,345.0:0.0,346.1:0.0,347.1:0.0,348.1:0.0,349.2:0.0,350.2:0.0,351.2:0.0,352.2:0.0,353.3:0.0,354.3:0.0,355.4:0.0,356.4:0.0,357.4:0.0,351.6:0.0,
353.2:0.0,354.2:918.0,355.2:920.5,356.2:927.0,357.3:934.0,358.3:940.5,359.3:948.2,0.3:956.2,1.3:964.5,2.3:973.7,3.4:982.2,4.3:992.5,5.3:1003.5,6.3:1013.5,7.3:1026.2,8.4:1039.0,9.4:1049.5,10.4:1061.7,11.4:1076.2,12.5:1091.2,13.4:1105.5,14.4:1121.7,15.5:1140.2,16.5:1159.2,17.5:1178.0,18.5:1197.7,19.5:1218.0,20.5:1241.2,21.6:1265.2,22.5:1289.7,23.5:1314.2,24.5:1341.0,25.6:1371.0,33.5:0.0,34.6:0.0,35.6:0.0,36.6:0.0,37.7:0.0,38.7:0.0,39.7:0.0,40.7:0.0,34.9:0.0,36.0:1269.7,43.8:0.0,38.0:1257.2,45.9:0.0,46.9:0.0,48.0:0.0,49.0:0.0,43.2:1231.0,51.0:0.0,45.3:1208.7,46.4:1201.7,47.3:1200.7,55.2:0.0,56.2:0.0,57.2:0.0,58.2:0.0,59.3:0.0,53.1:0.0,54.1:1860.7,55.1:1860.2,56.2:1854.0,57.2:1852.0,58.3:1851.7,59.2:1851.7,60.2:1853.0,61.2:1853.5,62.3:1854.5,63.3:1854.0,64.3:1856.2,65.4:1861.2,66.3:1861.5,67.4:1864.5,68.4:1870.5,69.4:1885.7,70.4:1893.2,71.5:1888.5,72.5:1894.0,73.5:1899.5,74.5:1907.5,75.6:1918.0,76.6:1928.0,77.6:1939.2,78.6:1949.2,79.7:1959.5,80.7:1969.0,81.7:1982.0,82.7:1997.5,83.7:2009.5,92.0:0.0,93.0:0.0,94.0:0.0,95.1:0.0,96.1:0.0,89.9:0.0,98.1:0.0,92.0:1815.7,100.2:0.0,101.2:0.0,102.2:0.0,103.3:0.0,104.3:0.0,105.3:0.0,106.3:0.0,107.4:0.0,108.4:0.0,109.4:0.0,110.4:0.0,111.5:0.0,112.5:0.0,106.2:0.0,114.5:0.0,115.5:0.0,116.6:0.0,117.6:0.0,118.6:0.0,119.6:0.0,120.7:0.0,121.7:0.0,122.7:0.0,123.7:0.0,124.7:0.0,118.6:0.0,126.8:0.0,127.8:0.0,121.7:1754.7,129.9:0.0,123.7:1708.2,131.9:0.0,125.8:1669.7,126.9:1653.0,127.9:1641.5,128.9:1625.7,129.9:1617.7,131.0:1611.5,132.1:1603.2,133.1:1592.2,134.1:1581.7,135.1:1574.5,136.2:1568.2,137.2:1565.2,138.2:1558.5,139.3:1551.0,140.3:1546.7,141.3:1539.2,142.4:1534.2,143.4:1531.2,144.4:1526.5,145.4:1524.2,146.5:1524.0,147.4:1523.5,148.5:1522.7,149.5:1524.5,150.5:1524.7,151.6:1521.2,152.6:1518.7,153.6:1519.2,154.7:1528.5,155.7:1547.2,156.7:1558.7,164.8:0.0,165.9:0.0,166.9:0.0,167.9:0.0,168.9:0.0,163.6:0.0,164.6:890.2,165.6:891.0,166.7:893.5,167.7:898.2,168.8:902.0,169.8:903.5,170.7:908.2,171.7:915.7,172.8:919.0,173.7:924.2,174.9:930.5,175.8:937.5,176.9:946.5,177.9:951.7,178.8:960.0,179.9:968.0,187.4:0.0,188.5:0.0,182.9:0.0,184.0:1010.5,185.0:1022.7,186.0:1032.5,193.6:0.0,188.0:1045.7,195.7:0.0,196.7:0.0,197.7:0.0,198.7:0.0,199.8:0.0,200.8:0.0,201.8:0.0,202.9:0.0,203.9:0.0,204.9:0.0,205.9:0.0,207.0:0.0,208.0:0.0,203.0:0.0,210.1:0.0,211.1:0.0,212.2:0.0,213.2:0.0,214.2:0.0,215.3:0.0,210.4:0.0,211.3:703.5,212.4:696.7,213.6:688.2,214.5:680.5,215.6:676.5,216.7:670.2,217.6:664.0,218.8:660.0,219.9:656.2,220.8:651.7,221.8:646.7,222.9:643.7,223.9:641.0,225.0:637.0,226.1:632.0,227.1:628.7,228.1:627.5,229.2:623.5,230.2:620.2,231.1:620.5,232.2:619.0,233.3:616.2,234.2:615.2,235.4:614.0,236.3:612.7,237.4:612.5,238.3:610.2,239.4:610.2,240.6:610.7,241.6:609.7,242.5:611.2,243.5:610.5,244.5:609.0,245.5:610.2,246.7:612.0,247.7:614.0,248.7:615.2,249.7:615.7,250.7:617.0,251.7:619.2,252.9:621.5,253.9:622.7,254.8:625.0,255.7:628.7,256.9:630.7,257.8:633.2,258.9:638.0,260.0:640.0,260.9:643.0,261.9:650.2,262.9:653.2,264.0:656.0,264.9:662.0,266.0:665.5,266.9:670.0,268.0:676.2,268.9:683.5,270.0:690.0,271.0:695.2,272.0:702.7,279.0:0.0,280.0:0.0,281.0:0.0,282.0:0.0,283.0:0.0,284.0:0.0,278.9:0.0,286.0:0.0,287.1:0.0,288.1:0.0,289.1:0.0,290.1:0.0,291.2:0.0,292.2:0.0,293.2:0.0,294.2:0.0,295.2:0.0,296.3:0.0,297.3:0.0,298.3:0.0,299.3:0.0,300.4:0.0,301.4:0.0,302.4:0.0,303.4:0.0,304.5:0.0,305.5:0.0,306.6:0.0,302.6:0.0,303.6:488.5,304.6:488.5,305.6:490.0,306.7:493.0,307.6:495.5,313.8:0.0,314.8:0.0,311.0:493.0,311.7:486.0,312.7:483.7,313.7:486.2,314.9:488.5,315.9:490.0,316.8:492.7,318.1:498.5,319.0:504.2,319.9:505.7,326.1:0.0,327.1:0.0,322.8:0.0,329.2:0.0,330.2:0.0,331.2:0.0,332.2:0.0,333.3:0.0,334.3:0.0,335.3:0.0,336.4:0.0,337.4:0.0,338.4:0.0,339.4:0.0,340.5:0.0,341.5:0.0,342.5:0.0,343.5:0.0,344.6:0.0,345.6:0.0,346.6:0.0,347.6:0.0,348.7:0.0,349.7:0.0,350.7:0.0,351.7:0.0,352.8:0.0,353.8:0.0,354.9:0.0,355.9:0.0,357.0:0.0,351.5:0.0,
353.2:722.7,354.2:727.0,355.3:731.2,356.4:737.5,357.3:743.5,358.4:749.0,359.3:754.5,0.4:760.7,1.4:767.7,2.5:775.2,3.4:782.7,4.5:790.2,5.3:797.2,6.4:804.7,7.5:814.7,8.4:825.5,9.4:835.7,10.4:846.5,11.5:857.2,12.4:870.0,13.5:883.2,14.4:895.7,15.4:909.7,16.5:923.7,17.5:937.7,18.5:955.2,19.5:973.2,20.5:990.0,21.5:1008.0,22.5:1029.0,23.4:1049.5,24.5:1069.5,25.5:1094.0,26.5:1118.2,27.5:1143.0,28.5:1169.0,29.5:0.0,37.3:0.0,38.3:0.0,32.5:1208.5,33.6:1191.7,34.7:1182.7,35.7:1171.0,36.7:1162.2,44.5:0.0,38.8:1150.7,39.8:1138.2,40.9:1127.7,41.9:1119.0,42.9:1112.5,44.0:1106.7,45.1:1103.0,46.0:1099.7,47.1:1095.5,48.1:1093.2,49.2:1089.2,50.2:1085.0,51.3:1082.7,52.3:1080.0,53.3:1077.2,54.4:1075.0,55.3:1078.2,63.0:0.0,64.0:0.0,65.1:0.0,66.1:0.0,59.9:0.0,60.9:1748.5,61.9:1750.2,63.0:1750.0,64.0:1751.0,65.0:1753.7,66.0:1755.2,67.1:1757.0,68.1:1761.0,69.1:1765.0,70.2:1771.2,71.1:1776.5,72.2:1784.0,73.2:1791.7,74.3:1799.7,75.3:1815.2,76.3:1828.5,77.3:1832.7,78.3:1839.2,79.3:1852.0,80.3:1866.5,81.4:1879.7,82.4:1894.7,83.4:1908.7,84.4:1923.0,85.4:1941.0,86.4:1956.7,87.4:1971.2,88.5:1986.5,89.5:2004.2,97.8:0.0,98.8:0.0,99.8:0.0,100.9:0.0,101.9:0.0,102.9:0.0,103.9:0.0,97.7:0.0,106.0:0.0,107.0:0.0,108.0:0.0,109.0:0.0,110.1:0.0,111.1:0.0,112.1:0.0,113.1:0.0,114.1:0.0,115.2:0.0,116.2:0.0,117.2:0.0,110.9:0.0,119.2:0.0,120.3:0.0,121.3:0.0,122.3:0.0,123.3:0.0,124.4:0.0,118.1:0.0,126.4:0.0,127.4:0.0,128.5:0.0,129.5:0.0,130.5:0.0,124.3:0.0,132.5:0.0,126.4:1864.0,127.4:1838.5,128.4:1827.7,129.4:1814.0,137.7:0.0,131.5:1797.7,132.6:1784.5,133.6:1772.2,134.6:1761.7,135.7:1752.7,136.7:1746.0,137.7:1741.0,138.8:1735.2,139.8:1729.5,140.9:1721.2,141.9:1712.0,142.9:1707.2,143.9:1707.2,144.9:1705.7,146.0:1700.0,147.0:1695.7,148.0:1697.5,149.0:1698.5,150.0:1696.0,151.1:1694.7,152.1:1697.0,153.1:1698.0,154.2:1700.2,155.2:1702.0,156.2:1704.2,164.4:0.0,158.3:1723.7,159.3:1743.5,167.5:0.0,168.5:0.0,169.6:0.0,163.8:0.0,171.6:0.0,165.9:0.0,167.0:1080.2,168.0:1080.2,169.1:1084.0,170.1:1087.7,171.2:1092.2,172.1:1098.0,173.1:1104.2,174.1:1110.7,181.9:0.0,182.9:0.0,177.2:1128.7,185.0:0.0,179.3:1154.5,180.2:1170.7,181.3:1180.2,189.1:0.0,190.1:0.0,191.2:0.0,192.2:0.0,193.2:0.0,194.2:0.0,195.3:0.0,196.3:0.0,197.3:0.0,198.4:0.0,199.4:0.0,200.4:0.0,201.5:0.0,202.5:0.0,203.5:0.0,204.5:0.0,205.6:0.0,206.6:0.0,207.6:0.0,208.6:0.0,209.7:0.0,210.7:0.0,211.8:0.0,212.8:0.0,213.8:0.0,214.9:0.0,215.9:0.0,210.7:0.0,211.8:805.2,219.0:0.0,213.9:792.5,214.9:781.5,216.0:775.5,217.0:769.2,218.0:763.5,219.2:758.2,220.1:753.0,221.2:747.7,222.2:743.7,223.2:740.2,224.3:734.5,225.4:730.2,226.3:726.7,227.3:725.5,228.5:722.0,229.5:716.2,230.5:713.5,231.6:712.7,232.7:711.0,233.6:708.2,234.7:708.0,235.7:706.7,236.8:704.5,237.7:703.5,238.7:703.2,239.9:702.5,240.9:700.7,241.8:702.2,242.8:703.5,244.0:702.5,244.9:703.5,245.9:704.2,247.0:703.0,248.0:705.2,249.0:709.7,250.0:712.2,251.1:715.0,252.0:716.7,253.2:718.5,254.1:721.7,255.2:725.0,256.2:728.0,257.2:732.2,258.2:734.7,259.2:736.7,260.2:741.0,261.3:746.7,262.3:751.7,263.3:757.2,264.2:762.0,265.3:766.5,266.3:772.2,267.4:778.0,268.3:785.0,269.3:792.2,270.3:801.0,271.3:807.2,272.5:814.7,279.7:0.0,280.7:0.0,281.7:0.0,278.2:0.0,283.6:0.0,280.3:0.0,281.2:405.0,282.5:405.2,283.4:404.7,284.7:402.5,285.3:401.2,286.4:401.5,291.8:0.0,288.8:0.0,290.1:374.2,291.1:372.5,291.7:372.7,292.7:372.5,293.7:371.7,295.1:371.7,295.8:371.7,296.8:372.2,297.8:373.2,299.1:374.0,300.0:374.7,301.3:376.2,302.1:377.5,303.5:378.0,304.3:379.7,305.3:382.5,306.3:384.0,307.3:385.5,308.4:386.5,309.5:387.5,310.2:389.2,311.3:391.7,312.5:395.0,313.4:397.2,314.4:399.0,315.1:402.7,316.4:406.0,317.3:408.0,318.1:412.0,319.1:416.5,320.3:420.0,321.2:424.0,322.4:428.2,323.4:432.2,328.9:0.0,329.9:0.0,331.0:0.0,332.0:0.0,333.0:0.0,334.0:0.0,335.1:0.0,336.1:0.0,337.1:0.0,338.2:0.0,339.2:0.0,340.2:0.0,341.2:0.0,342.3:0.0,343.3:0.0,344.3:0.0,345.4:0.0,346.4:0.0,347.4:0.0,348.5:0.0,349.5:0.0,350.5:0.0,351.5:0.0,352.6:0.0,353.6:0.0,348.3:0.0,349.4:0.0,350.6:0.0,351.8:0.0,
351.4:0.0,359.7:0.0,0.7:0.0,1.7:0.0,2.8:0.0,3.8:0.0,4.8:0.0,5.8:0.0,6.9:0.0,7.9:0.0,8.9:0.0,10.0:0.0,11.0:0.0,12.0:0.0,13.0:0.0,14.1:0.0,15.1:0.0,16.1:0.0,17.2:0.0,18.2:0.0,19.2:0.0,20.3:0.0,21.3:0.0,22.3:0.0,23.4:0.0,17.2:0.0,18.3:1651.5,19.4:1632.5,27.5:0.0,21.4:1610.2,22.5:1587.0,23.5:1572.7,24.5:1565.2,25.6:1553.5,26.7:1543.0,27.6:1534.0,28.7:1522.5,29.7:1514.7,30.7:1508.0,31.8:1497.5,32.8:1489.0,33.9:1483.7,34.9:1477.2,36.0:1469.5,37.0:1463.7,38.0:1458.2,39.1:1453.2,47.1:0.0,41.1:1450.2,42.2:1446.0,50.2:0.0,44.2:1439.5,45.3:1438.0,46.3:1436.2,47.3:1433.2,48.4:1433.7,49.4:1432.5,57.4:0.0,58.4:0.0,52.4:1453.5,53.5:1475.0,61.5:0.0,62.6:0.0,63.6:0.0,58.4:0.0,59.4:807.0,60.4:803.0,61.4:804.2,62.5:805.5,63.5:805.7,64.4:808.0,65.6:812.0,66.6:815.5,67.6:818.7,68.5:822.5,69.6:828.7,70.5:834.2,71.6:839.2,72.6:844.0,73.6:848.0,74.6:855.5,75.6:864.5,76.7:873.7,84.0:0.0,85.1:0.0,79.6:888.2,80.7:903.2,81.7:913.0,89.2:0.0,90.2:0.0,91.2:0.0,92.2:0.0,93.3:0.0,94.3:0.0,95.3:0.0,96.3:0.0,97.4:0.0,98.4:0.0,99.4:0.0,100.4:0.0,101.5:0.0,102.5:0.0,103.5:0.0,104.5:0.0,105.6:0.0,106.6:0.0,107.6:0.0,108.7:0.0,109.7:0.0,110.7:0.0,111.7:0.0,106.9:0.0,108.1:660.0,109.0:653.5,110.2:646.7,111.1:641.0,112.2:635.2,113.2:628.0,114.3:622.5,115.4:616.7,116.4:610.5,117.3:605.7,118.4:603.0,119.4:600.2,120.4:596.5,121.7:593.0,122.7:589.5,123.6:585.7,124.7:583.5,125.8:581.0,126.8:578.5,127.9:576.7,128.9:575.0,129.8:574.2,130.8:572.2,132.0:570.2,133.0:567.7,134.0:566.2,135.2:567.0,136.0:567.0,137.1:566.0,138.2:565.5,139.1:566.0,140.2:565.7,141.3:565.5,142.2:567.0,143.3:566.7,144.4:567.0,145.2:569.2,146.4:570.2,147.4:570.5,148.3:571.0,149.5:572.2,150.5:575.2,151.5:578.5,152.5:579.7,153.4:581.5,154.4:584.7,155.5:588.0,156.6:592.5,157.7:595.7,158.6:597.2,159.5:601.5,160.6:604.5,161.7:608.5,162.6:615.0,163.7:618.2,164.8:621.7,165.7:627.5,166.7:634.7,167.8:642.2,168.8:647.5,175.5:0.0,176.5:0.0,171.7:659.2,178.6:0.0,179.6:0.0,180.7:0.0,175.8:0.0,182.7:0.0,183.7:0.0,184.8:0.0,185.8:0.0,186.8:0.0,187.8:0.0,188.9:0.0,189.9:0.0,190.9:0.0,192.0:0.0,193.0:0.0,194.0:0.0,195.1:0.0,196.1:0.0,197.1:0.0,198.1:0.0,199.2:0.0,200.2:0.0,201.2:0.0,202.3:0.0,203.3:0.0,204.3:0.0,205.3:0.0,206.4:0.0,207.4:0.0,208.4:0.0,209.5:0.0,210.5:0.0,211.6:0.0,207.3:0.0,208.3:546.2,209.4:543.5,210.4:546.0,211.5:548.0,212.4:551.7,218.8:0.0,219.8:0.0,215.6:550.5,216.5:547.0,217.5:549.7,218.6:552.7,219.7:554.2,226.0:0.0,227.0:0.0,228.1:0.0,229.1:0.0,230.1:0.0,225.7:0.0,232.2:0.0,233.2:0.0,234.2:0.0,235.2:0.0,236.3:0.0,237.3:0.0,238.3:0.0,239.3:0.0,240.4:0.0,241.4:0.0,242.4:0.0,243.5:0.0,244.5:0.0,245.5:0.0,246.5:0.0,247.6:0.0,248.6:0.0,249.6:0.0,250.7:0.0,251.7:0.0,252.7:0.0,253.7:0.0,254.8:0.0,249.1:0.0,250.2:0.0,251.4:0.0,252.4:1011.5,253.4:1012.5,254.4:1018.7,255.4:1027.2,256.4:1036.2,257.4:1044.2,258.4:1052.0,259.5:1060.2,260.5:1071.5,261.4:1083.7,262.5:1094.0,263.5:1106.0,264.6:1117.7,265.5:1129.2,266.5:1143.5,267.6:1159.0,268.5:1172.5,269.6:1188.5,270.6:1205.7,271.6:1223.0,272.6:1244.0,273.6:1263.7,274.7:1281.2,275.5:1301.7,276.5:1323.7,277.6:1349.2,278.5:1376.0,279.5:1406.0,280.6:1436.0,281.6:1467.5,289.6:0.0,290.6:0.0,291.7:0.0,292.7:0.0,286.7:0.0,287.8:1385.7,288.8:1371.0,296.8:0.0,297.8:0.0,298.8:0.0,299.9:0.0,300.9:0.0,301.9:0.0,296.0:0.0,297.1:1287.5,298.1:1282.5,299.2:1275.7,300.3:1268.7,301.3:1263.7,302.3:1262.7,310.2:0.0,311.2:0.0,312.2:0.0,313.3:0.0,314.3:0.0,308.1:0.0,309.1:1921.7,310.1:1916.0,311.2:1911.7,312.2:1903.7,313.2:1897.7,314.2:1900.0,315.3:1898.7,316.3:1894.5,317.4:1893.5,318.4:1895.2,319.4:1898.0,320.4:1896.5,321.5:1899.5,322.5:1901.7,323.5:1905.0,324.6:1919.7,325.6:1923.0,326.6:1919.2,327.7:1923.0,328.6:1930.2,329.7:1940.5,330.7:1946.5,331.7:1959.0,332.7:1971.0,333.8:1977.0,334.8:1984.0,335.8:1993.7,336.8:2005.5,337.8:2019.2,338.9:2033.2,347.2:0.0,348.2:0.0,349.2:0.0,350.3:0.0,344.1:0.0,352.3:0.0,346.2:1810.7,347.3:1821.2,348.3:1831.5,356.6:0.0,357.6:0.0,
358.7:0.0,359.7:0.0,0.8:0.0,1.8:0.0,2.8:0.0,3.9:0.0,4.9:0.0,358.7:0.0,7.0:0.0,8.0:0.0,9.0:0.0,10.0:0.0,11.1:0.0,12.1:0.0,13.1:0.0,14.2:0.0,15.2:0.0,16.2:0.0,10.1:0.0,18.2:0.0,19.3:0.0,20.3:0.0,21.3:0.0,15.3:0.0,16.4:1537.0,17.3:1521.2,18.4:1503.7,26.5:0.0,27.5:0.0,28.5:0.0,29.6:0.0,30.6:0.0,24.6:0.0,25.7:1398.2,26.7:1388.5,27.8:1381.0,28.7:1376.7,29.8:1373.5,30.9:1364.2,31.9:1352.7,33.0:1346.2,40.9:0.0,35.0:1340.0,43.0:0.0,37.1:1332.7,45.1:0.0,46.1:0.0,40.2:1319.7,41.3:1307.2,42.3:1304.7,43.3:1304.2,44.3:1303.0,45.4:1300.5,46.4:1299.5,47.4:1301.2,48.5:1302.7,49.6:1303.2,50.5:1302.7,51.6:1303.2,52.6:1306.2,53.6:1310.2,54.7:1313.0,55.7:1319.7,63.6:0.0,57.7:1338.7,58.7:1354.7,59.7:1358.7,67.7:0.0,68.7:0.0,69.7:0.0,70.7:0.0,71.8:0.0,72.8:0.0,73.8:0.0,68.7:0.0,75.9:0.0,76.9:0.0,71.9:0.0,73.0:727.7,74.0:729.0,75.0:733.0,76.0:734.7,77.1:738.2,78.0:747.2,85.1:0.0,80.0:758.7,81.0:767.2,82.0:775.5,83.0:782.5,90.2:0.0,85.0:795.0,92.3:0.0,93.3:0.0,94.3:0.0,95.3:0.0,96.4:0.0,97.4:0.0,98.4:0.0,99.4:0.0,100.5:0.0,101.5:0.0,102.5:0.0,103.5:0.0,104.6:0.0,105.6:0.0,106.6:0.0,107.6:0.0,108.7:0.0,103.3:0.0,110.7:0.0,105.4:857.0,112.7:0.0,107.5:838.2,108.7:824.2,109.7:815.5,110.6:807.7,117.9:0.0,112.8:796.7,113.9:785.2,114.8:778.7,115.9:772.7,116.9:769.0,117.9:765.0,118.9:758.2,120.0:753.2,121.0:751.0,122.1:746.5,123.1:742.5,124.1:739.5,125.2:736.0,126.2:733.2,127.3:729.5,128.2:726.7,129.4:724.7,130.3:723.2,131.3:721.7,132.4:720.0,133.5:718.5,134.6:716.2,135.6:715.2,136.6:715.0,137.6:715.2,138.6:714.5,139.7:714.0,140.6:715.0,141.7:716.7,142.8:716.7,143.8:715.7,144.8:716.7,145.8:720.0,146.9:723.0,147.8:724.0,148.8:726.2,149.9:728.0,150.9:730.2,152.0:731.7,153.0:735.0,154.0:738.7,154.9:742.7,156.0:747.7,157.1:751.2,158.2:754.5,159.1:759.0,160.2:764.0,161.2:767.7,162.2:772.7,163.2:780.2,164.2:785.7,165.3:791.0,166.2:799.2,167.2:807.2,168.3:813.2,169.3:819.0,176.5:0.0,177.6:0.0,172.2:0.0,179.6:0.0,180.7:0.0,181.7:0.0,182.7:0.0,183.7:0.0,184.8:0.0,185.8:0.0,186.8:0.0,187.8:0.0,188.9:0.0,189.9:0.0,190.9:0.0,192.0:0.0,193.0:0.0,194.0:0.0,195.0:0.0,196.1:0.0,197.1:0.0,198.1:0.0,199.2:0.0,200.2:0.0,201.2:0.0,202.2:0.0,203.3:0.0,204.3:0.0,199.3:0.0,200.3:723.0,201.4:723.2,202.4:724.7,203.4:726.0,210.5:0.0,211.6:0.0,206.6:722.5,207.7:717.5,208.6:720.0,209.7:721.0,210.7:725.5,211.7:732.2,212.8:736.0,213.9:742.7,214.9:748.0,215.9:753.2,216.8:761.0,217.8:767.0,218.9:771.7,219.8:779.2,227.1:0.0,222.0:793.2,222.9:806.5,223.8:815.2,225.0:822.2,232.2:0.0,233.2:0.0,234.3:0.0,235.3:0.0,236.3:0.0,237.4:0.0,238.4:0.0,239.4:0.0,240.5:0.0,241.5:0.0,242.5:0.0,243.5:0.0,244.6:0.0,245.6:0.0,239.8:0.0,241.0:0.0,242.1:0.0,243.1:1083.0,244.1:1086.7,245.1:1092.2,246.1:1097.7,247.1:1103.0,248.2:1107.2,249.2:1112.7,250.2:1119.5,251.2:1126.5,252.3:1132.5,253.3:1140.0,254.3:1149.0,255.3:1159.2,256.3:1167.5,257.3:1175.2,258.4:1187.7,259.4:1200.0,260.4:1210.5,261.4:1222.7,262.4:1237.7,263.5:1251.5,264.5:1264.2,265.5:1277.7,266.5:1292.5,267.5:1309.5,268.5:1327.0,269.5:1347.5,270.6:1365.7,271.6:1383.2,272.6:1412.2,273.6:1439.5,281.6:0.0,282.5:0.0,283.5:0.0,284.6:0.0,285.6:0.0,286.6:0.0,287.6:0.0,288.7:0.0,289.7:0.0,290.7:0.0,291.7:0.0,292.8:0.0,293.8:0.0,294.8:0.0,295.8:0.0,290.1:0.0,291.1:1185.7,292.2:1179.5,293.1:1173.2,294.2:1172.0,302.0:0.0,303.0:0.0,304.0:0.0,305.0:0.0,306.2:0.0,307.2:0.0,308.3:0.0,309.3:0.0,303.1:0.0,304.1:1798.0,305.2:1787.0,306.2:1777.0,307.3:1774.2,308.3:1769.5,309.3:1761.7,310.4:1757.7,311.4:1753.2,312.4:1750.0,313.5:1747.7,314.5:1745.7,315.5:1745.2,316.5:1744.5,317.5:1745.7,318.6:1747.2,319.6:1751.5,320.7:1758.0,321.7:1756.7,322.7:1755.2,323.7:1754.7,324.8:1755.7,325.8:1764.0,326.8:1769.7,327.9:1776.2,328.9:1782.5,329.9:1789.2,330.9:1796.5,331.9:1800.5,333.0:1812.2,334.0:1826.7,335.0:1836.2,336.0:1848.0,337.1:1864.2,345.3:0.0,346.4:0.0,347.4:0.0,341.3:0.0,342.3:1604.7,350.5:0.0,344.4:1620.5,345.4:1627.2,346.5:1632.5,347.5:1647.2,355.7:0.0,349.5:1675.2,357.7:0.0,
359.5:0.0,0.5:0.0,1.5:0.0,2.6:0.0,3.6:0.0,4.6:0.0,358.5:0.0,6.7:0.0,7.7:0.0,8.8:0.0,9.8:0.0,10.8:0.0,11.8:0.0,12.9:0.0,13.9:0.0,14.9:0.0,16.0:0.0,17.0:0.0,18.0:0.0,19.0:0.0,20.1:0.0,21.1:0.0,22.1:0.0,23.2:0.0,24.2:0.0,25.2:0.0,26.2:0.0,27.3:0.0,28.3:0.0,29.3:0.0,30.4:0.0,24.6:0.0,25.7:1196.5,26.7:1189.5,27.7:1180.2,28.7:1176.5,29.7:1171.2,30.9:1160.0,31.8:1155.2,32.9:1150.2,33.9:1145.5,34.9:1142.5,36.1:1137.2,37.1:1133.7,38.1:1129.2,39.1:1127.7,40.1:1125.5,41.2:1118.2,42.3:1117.2,43.3:1114.5,44.3:1111.2,45.4:1110.5,46.4:1111.5,47.4:1111.2,48.5:1109.2,49.5:1111.0,50.5:1112.2,51.5:1113.2,52.5:1112.7,53.6:1114.0,54.7:1120.0,55.6:1123.2,56.6:1125.5,57.7:1128.2,58.7:1131.5,59.7:1135.7,60.7:1141.0,61.7:1147.0,62.7:1151.5,63.8:1158.5,64.8:1163.7,65.7:1166.7,66.8:1174.5,74.6:0.0,68.8:0.0,76.7:0.0,77.7:0.0,78.7:0.0,79.7:0.0,80.8:0.0,81.8:0.0,82.8:0.0,83.9:0.0,84.9:0.0,85.9:0.0,86.9:0.0,88.0:0.0,89.0:0.0,90.0:0.0,91.0:0.0,92.0:0.0,93.1:0.0,94.1:0.0,95.1:0.0,90.2:0.0,97.2:0.0,92.3:0.0,93.3:698.0,94.3:697.7,95.4:699.2,96.5:701.7,103.3:0.0,104.4:0.0,105.4:0.0,106.4:0.0,107.4:0.0,108.5:0.0,109.5:0.0,110.5:0.0,111.5:0.0,112.6:0.0,113.6:0.0,114.6:0.0,115.7:0.0,116.7:0.0,117.7:0.0,118.7:0.0,119.7:0.0,114.2:0.0,115.2:1038.7,116.3:1024.7,123.9:0.0,124.9:0.0,119.4:0.0,120.4:979.2,121.5:972.7,122.5:968.2,123.6:962.7,124.6:955.2,125.6:953.2,126.7:950.7,127.7:945.2,128.6:942.5,129.7:941.7,130.7:940.0,131.8:937.5,132.9:936.2,133.8:934.2,134.9:932.2,135.9:932.5,136.9:933.5,138.0:932.7,139.0:932.0,140.0:933.0,141.1:932.2,142.1:932.7,143.1:934.2,144.1:934.5,145.1:937.0,146.2:938.7,147.2:939.2,148.3:941.7,149.2:945.2,150.3:947.2,151.3:950.7,152.4:956.5,153.4:960.2,154.4:963.5,155.5:967.0,156.6:972.7,157.5:981.5,158.5:988.5,159.6:993.0,160.6:999.7,161.6:1006.7,162.7:1016.0,163.6:1023.5,164.7:1029.2,165.6:1038.2,173.3:0.0,174.4:0.0,175.4:0.0,169.8:0.0,177.5:0.0,178.5:0.0,179.5:0.0,180.6:0.0,181.6:0.0,182.6:0.0,183.6:0.0,184.7:0.0,185.7:0.0,186.8:0.0,187.8:0.0,188.8:0.0,189.9:0.0,190.9:0.0,191.9:0.0,193.0:0.0,194.0:0.0,195.0:0.0,196.0:0.0,197.1:0.0,198.1:0.0,199.1:0.0,193.6:0.0,194.7:999.0,195.7:992.0,196.7:995.7,197.8:1000.5,198.9:989.5,199.9:979.0,200.9:980.2,201.9:980.7,202.9:987.0,203.9:993.2,205.0:997.0,206.0:1002.2,207.1:1006.2,208.1:1010.0,209.0:1017.2,210.1:1023.7,211.2:1029.7,212.2:1035.2,213.2:1041.0,220.8:0.0,221.9:0.0,222.9:0.0,223.9:0.0,218.3:0.0,219.3:1099.5,227.0:0.0,228.1:0.0,229.1:0.0,230.1:0.0,231.1:0.0,232.2:0.0,233.2:0.0,234.2:0.0,235.2:0.0,229.5:0.0,230.5:1234.5,231.5:1234.5,232.5:1234.5,233.5:1238.7,234.5:1242.5,235.6:1242.0,236.7:1243.5,237.7:1247.5,238.7:1249.2,239.7:1253.2,240.7:1255.7,241.8:1258.2,242.8:1263.0,243.8:1266.5,244.9:1270.7,245.9:1276.2,246.9:1282.2,247.9:1289.5,248.9:1297.2,250.0:1305.0,251.0:1313.2,252.0:1322.0,253.1:1331.0,254.1:1341.0,255.2:1352.0,256.2:1362.0,257.2:1372.0,258.2:1385.5,259.2:1402.7,260.2:1417.7,261.3:1432.5,262.3:1449.0,270.3:0.0,271.3:0.0,272.3:0.0,273.4:0.0,274.4:0.0,275.4:0.0,276.5:0.0,277.5:0.0,278.5:0.0,279.6:0.0,280.6:0.0,281.6:0.0,282.6:0.0,283.6:0.0,277.9:0.0,279.0:1097.7,280.0:1084.0,281.1:1085.7,288.7:0.0,289.7:0.0,290.8:0.0,291.8:0.0,292.8:0.0,293.8:0.0,294.9:0.0,295.9:0.0,296.9:0.0,298.0:0.0,299.0:0.0,300.0:0.0,301.0:0.0,295.0:0.0,296.0:1641.5,297.0:1628.5,298.0:1621.0,299.2:1614.0,300.2:1604.0,301.2:1593.7,302.3:1586.2,303.3:1580.0,304.3:1571.7,305.3:1564.2,306.4:1559.5,307.4:1555.2,308.4:1550.2,309.5:1545.0,310.5:1541.5,311.5:1540.7,312.6:1544.5,313.6:1551.5,314.7:1548.5,315.7:1538.5,316.7:1535.5,317.7:1536.2,318.8:1536.7,319.8:1538.0,320.8:1540.2,321.8:1543.2,322.9:1547.7,323.9:1549.2,325.0:1552.0,326.0:1556.5,327.0:1560.2,328.0:1567.7,329.0:1574.2,330.1:1578.7,331.1:1586.2,332.2:1595.7,340.3:0.0,341.3:0.0,342.3:0.0,343.4:0.0,337.5:0.0,345.4:0.0,339.5:1351.5,340.5:1360.5,341.5:1359.0,349.5:0.0,343.6:1356.0,344.6:1367.2,345.7:1377.7,346.7:1388.7,354.8:0.0,355.8:0.0,356.8:0.0,357.9:0.0,
358.7:0.0,359.8:0.0,0.8:0.0,1.8:0.0,2.9:0.0,3.9:0.0,4.9:0.0,5.9:0.0,0.0:0.0,8.0:0.0,9.0:0.0,10.1:0.0,11.1:0.0,12.1:0.0,13.1:0.0,14.2:0.0,15.2:0.0,16.2:0.0,17.2:0.0,18.2:0.0,19.3:0.0,13.6:0.0,21.3:0.0,22.3:0.0,23.4:0.0,24.4:0.0,18.8:0.0,19.9:1033.7,20.9:1024.7,21.9:1013.2,22.9:1005.5,24.0:997.7,25.1:990.7,26.1:987.0,27.1:980.2,28.2:975.2,29.2:968.2,30.3:962.2,31.2:958.2,32.3:953.2,33.3:950.5,34.4:946.5,35.4:941.7,36.5:937.7,37.5:932.5,38.5:930.5,39.6:930.7,40.6:929.0,41.7:927.0,42.6:925.2,43.7:923.5,44.7:922.5,45.8:923.5,46.8:924.2,47.8:922.7,48.8:921.5,49.9:922.5,50.8:923.5,51.9:925.7,53.0:926.5,53.9:925.5,55.0:928.5,56.0:932.0,57.0:932.7,58.1:935.2,59.1:938.5,60.1:942.2,61.1:946.5,62.1:949.7,63.1:954.2,64.1:957.5,65.2:962.5,66.1:968.0,67.2:973.0,68.2:981.0,69.2:988.5,70.2:996.2,71.2:1003.7,72.3:1011.0,73.3:1019.2,74.2:1027.5,75.3:1035.5,83.0:0.0,84.0:0.0,85.0:0.0,86.0:0.0,87.0:0.0,88.1:0.0,89.1:0.0,90.1:0.0,91.1:0.0,92.1:0.0,93.1:0.0,94.2:0.0,95.2:0.0,96.2:0.0,97.2:0.0,91.7:1029.2,99.3:0.0,100.3:0.0,101.3:0.0,102.3:0.0,103.4:0.0,104.4:0.0,105.4:0.0,106.5:0.0,107.5:0.0,102.2:0.0,109.5:0.0,110.5:0.0,111.6:0.0,106.3:0.0,107.4:818.0,108.5:810.5,109.4:804.2,110.5:797.0,111.5:788.5,112.6:783.5,113.6:780.2,114.6:779.2,115.7:781.7,122.8:0.0,123.8:0.0,124.9:0.0,125.9:0.0,126.9:0.0,127.9:0.0,129.0:0.0,130.0:0.0,131.0:0.0,132.0:0.0,126.3:0.0,127.3:1200.2,128.3:1196.7,129.4:1180.2,130.4:1161.2,131.5:1159.7,132.5:1157.2,133.5:1154.5,134.5:1154.7,135.6:1153.7,136.7:1152.0,137.7:1151.7,138.6:1150.5,139.7:1150.2,140.7:1150.0,141.7:1151.5,142.7:1154.0,143.8:1155.2,144.8:1157.0,145.9:1160.7,146.8:1163.7,147.9:1166.5,149.0:1171.2,150.0:1173.7,150.9:1179.5,152.0:1185.5,153.0:1189.7,154.1:1194.2,155.0:1199.0,156.2:1204.7,164.0:0.0,165.0:0.0,166.0:0.0,167.1:0.0,168.1:0.0,162.3:0.0,170.1:0.0,171.2:0.0,165.3:1274.0,173.2:0.0,174.3:0.0,175.3:0.0,176.3:0.0,177.3:0.0,171.4:0.0,179.4:0.0,180.4:0.0,181.5:0.0,182.5:0.0,183.5:0.0,184.5:0.0,185.6:0.0,186.5:0.0,187.6:0.0,188.6:0.0,189.6:0.0,190.7:0.0,191.7:0.0,192.7:0.0,193.7:0.0,194.8:0.0,195.8:0.0,189.9:0.0,190.9:1273.0,192.0:1274.2,199.9:0.0,194.0:1265.2,195.1:1254.2,196.1:1254.5,197.2:1255.5,198.2:1260.2,199.2:1264.2,200.2:1266.7,201.3:1270.0,202.3:1276.2,203.4:1284.0,204.4:1290.2,205.5:1294.5,213.3:0.0,214.4:0.0,215.4:0.0,216.4:0.0,217.5:0.0,218.5:0.0,219.5:0.0,213.6:0.0,214.6:1371.2,222.6:0.0,223.6:0.0,224.7:0.0,225.7:0.0,226.7:0.0,220.8:0.0,221.8:1440.2,222.8:1438.7,223.9:1435.2,224.9:1429.2,225.9:1426.7,227.0:1424.2,227.9:1420.2,228.9:1420.7,230.0:1420.2,231.0:1419.2,232.0:1418.7,233.1:1421.7,234.1:1424.5,235.1:1420.7,236.1:1423.7,237.2:1430.0,238.2:1433.0,239.2:1436.5,240.3:1437.0,241.3:1441.7,242.2:1449.0,243.3:1453.0,244.3:1458.2,245.4:1464.0,246.3:1470.7,247.4:1480.7,248.4:1489.2,249.4:1495.0,250.4:1504.5,258.5:0.0,259.5:0.0,260.6:0.0,261.6:0.0,262.6:0.0,263.7:0.0,264.7:0.0,265.7:0.0,266.7:0.0,267.8:0.0,262.1:0.0,269.8:0.0,264.2:1079.5,265.2:1065.7,272.9:0.0,273.9:0.0,275.0:0.0,276.0:0.0,277.0:0.0,278.0:0.0,279.0:0.0,280.1:0.0,281.1:0.0,282.0:0.0,283.0:0.0,284.0:0.0,285.1:0.0,286.1:0.0,287.1:0.0,288.1:0.0,289.2:0.0,290.2:0.0,291.2:0.0,285.2:0.0,286.2:1529.0,287.2:1509.2,288.2:1494.5,289.3:1479.5,290.3:1464.5,291.4:1451.2,292.3:1438.7,293.4:1427.2,294.4:1418.2,295.5:1403.2,296.5:1386.2,297.5:1378.7,298.6:1374.2,299.7:1366.7,300.7:1359.0,301.7:1355.7,302.8:1352.5,303.8:1352.2,304.8:1350.7,305.9:1338.0,306.9:1327.7,308.0:1323.0,309.0:1320.7,310.0:1321.0,311.0:1317.0,312.0:1312.5,313.0:1309.7,314.1:1309.5,315.1:1310.2,316.2:1309.5,317.1:1309.0,318.3:1308.7,319.2:1309.7,320.2:1311.2,321.2:1314.7,322.3:1317.0,323.4:1318.0,324.4:1320.0,325.4:1323.5,326.4:1328.0,327.4:1342.0,335.4:0.0,336.4:0.0,337.5:0.0,331.8:0.0,332.9:1072.7,333.9:1073.7,334.9:1078.0,342.6:0.0,337.0:1077.7,338.0:1076.0,339.0:1080.0,340.1:1086.0,341.0:1094.0,342.1:1099.5,343.1:1104.5,350.8:0.0,351.8:0.0,352.9:0.0,347.2:0.0,354.9:0.0,349.2:1167.0,350.2:1181.7,358.0:0.0,
353.0:0.0,0.5:0.0,1.5:0.0,2.6:0.0,357.0:0.0,358.0:1026.0,5.6:0.0,6.7:0.0,7.7:0.0,8.7:0.0,9.7:0.0,10.7:0.0,11.7:0.0,12.8:0.0,13.8:0.0,14.8:0.0,15.8:0.0,16.9:0.0,11.5:0.0,18.9:0.0,19.9:0.0,20.9:0.0,22.0:0.0,16.7:0.0,24.0:0.0,18.7:835.7,19.8:822.5,20.8:815.5,21.9:807.2,22.9:801.7,30.1:0.0,25.0:793.0,26.0:782.2,27.0:776.7,28.1:771.0,29.2:765.2,30.2:761.2,31.1:759.5,32.1:756.7,33.2:751.5,34.3:747.0,35.4:744.2,36.4:742.0,37.3:740.7,38.5:740.0,39.4:737.7,40.5:736.2,41.5:736.0,42.6:733.7,43.4:733.2,44.6:732.0,45.5:730.2,46.6:731.0,47.7:730.2,48.6:729.7,49.6:730.5,50.7:730.2,51.8:729.2,52.8:729.2,53.6:730.7,54.8:732.7,55.7:735.0,56.7:737.5,57.9:739.7,58.8:743.0,59.9:745.5,60.9:748.5,61.7:753.2,62.8:755.5,63.8:757.2,64.8:763.2,65.8:767.5,66.8:772.0,67.9:777.2,68.8:780.5,69.9:785.7,70.8:790.2,71.9:794.7,72.8:800.7,73.9:807.7,74.9:814.5,75.8:820.2,83.1:0.0,84.1:0.0,78.8:0.0,79.9:854.7,80.9:863.7,88.2:0.0,89.2:0.0,90.2:0.0,91.2:0.0,92.2:0.0,93.2:0.0,94.3:0.0,95.3:0.0,96.3:0.0,97.3:0.0,98.3:0.0,99.3:0.0,100.4:0.0,101.4:0.0,102.4:0.0,103.4:0.0,104.4:0.0,105.5:0.0,99.7:0.0,107.5:0.0,108.5:0.0,109.5:0.0,110.5:0.0,104.9:0.0,105.8:1098.7,106.9:1086.0,114.6:0.0,115.6:0.0,116.7:0.0,111.1:0.0,112.1:1034.7,113.1:1026.7,114.2:1018.2,115.2:1008.0,116.2:1002.0,117.3:996.2,118.3:988.2,119.3:980.2,120.3:973.0,121.4:969.2,122.4:963.2,123.4:955.5,124.4:950.7,125.5:948.2,126.5:945.0,127.5:942.0,128.5:941.2,129.5:939.5,130.6:939.0,138.0:0.0,139.0:0.0,140.0:0.0,141.1:0.0,142.1:0.0,136.2:0.0,137.2:1396.2,138.2:1380.7,139.2:1366.7,140.2:1367.5,141.3:1369.2,142.3:1373.2,143.2:1374.2,144.2:1374.7,145.3:1377.2,146.4:1381.5,147.4:1383.7,148.3:1387.0,149.4:1393.7,150.4:1398.0,151.4:1401.5,152.4:1407.7,153.4:1413.2,161.4:0.0,162.5:0.0,163.6:0.0,164.6:0.0,158.6:0.0,159.6:1469.7,167.7:0.0,161.7:1483.5,162.7:1501.5,163.7:1516.0,164.7:1530.2,165.7:1538.5,166.7:1548.2,167.8:1564.0,175.8:0.0,169.7:1589.7,177.9:0.0,171.8:1622.5,172.8:1648.7,181.0:0.0,182.0:0.0,183.0:0.0,184.0:0.0,185.0:0.0,186.0:0.0,187.0:0.0,188.1:0.0,189.1:0.0,190.1:0.0,191.1:0.0,192.1:0.0,193.2:0.0,194.2:0.0,188.1:0.0,189.1:1568.7,190.2:1562.0,191.2:1556.2,192.2:1546.7,193.2:1545.0,194.3:1548.5,195.3:1551.0,196.3:1554.5,197.4:1556.2,198.4:1558.0,199.3:1564.5,200.4:1568.5,201.4:1571.0,202.4:1574.7,203.5:1580.5,204.5:1588.2,205.5:1594.7,206.5:1599.7,207.6:1607.5,208.6:1616.0,209.6:1633.0,210.6:1663.5,218.7:0.0,219.8:0.0,213.7:1670.0,214.7:1662.7,215.7:1661.7,216.7:1654.2,217.8:1648.2,218.8:1644.0,219.8:1639.7,220.8:1633.2,221.9:1629.0,222.9:1627.0,223.9:1623.5,225.0:1618.2,226.0:1615.2,226.9:1613.7,228.0:1610.0,229.0:1608.5,230.0:1606.2,231.0:1604.5,232.0:1606.5,233.1:1609.2,234.1:1609.5,235.1:1611.5,236.1:1616.0,237.1:1617.2,238.2:1619.2,239.2:1624.7,240.2:1629.7,241.2:1633.7,249.3:0.0,250.4:0.0,251.4:0.0,252.4:0.0,253.4:0.0,254.5:0.0,255.5:0.0,256.5:0.0,250.8:0.0,251.8:1123.0,259.5:0.0,260.6:0.0,261.6:0.0,255.9:1138.7,256.9:1159.2,257.8:1172.0,265.7:0.0,266.7:0.0,267.7:0.0,268.7:0.0,269.7:0.0,270.8:0.0,271.8:0.0,272.8:0.0,273.8:0.0,274.8:0.0,275.9:0.0,276.9:0.0,277.9:0.0,278.9:0.0,279.9:0.0,281.0:0.0,275.0:0.0,276.0:1455.0,277.0:1432.0,278.0:1411.5,279.1:1389.0,280.1:1366.5,281.0:1350.2,282.1:1333.7,283.1:1316.5,284.2:1300.5,285.2:1285.2,286.2:1271.5,287.2:1258.2,288.2:1245.5,289.3:1234.5,290.3:1225.0,291.4:1214.5,292.4:1208.2,293.4:1216.5,294.4:0.0,295.5:1179.2,296.5:1171.2,297.5:1162.7,298.5:1155.0,299.6:1148.7,300.6:1142.0,301.7:1134.0,302.7:1129.0,303.7:1124.0,304.7:1118.5,305.7:1117.7,306.8:1115.5,307.7:1111.7,308.8:1109.0,309.8:1104.5,310.8:1104.0,311.9:1103.0,312.9:1099.5,313.9:1098.7,314.9:1098.5,315.9:1098.0,316.9:1096.5,318.0:1095.2,319.0:1099.5,319.9:1111.2,327.7:0.0,328.7:0.0,323.5:0.0,324.6:823.2,325.5:825.7,326.6:827.2,327.7:827.0,328.7:821.7,329.7:814.2,330.7:813.2,331.8:816.5,332.7:820.2,333.8:823.5,334.9:825.7,335.8:830.0,336.7:835.5,337.8:840.2,338.8:844.0,339.8:848.2,340.8:854.2,341.8:862.0,342.8:868.2,350.2:0.0,351.2:0.0,352.2:0.0,346.9:0.0,347.9:904.5,348.9:911.0,356.4:0.0,357.4:0.0,358.4:0.0,
359.4:0.0,0.5:0.0,355.5:0.0,2.5:0.0,3.5:0.0,4.6:0.0,5.6:0.0,6.6:0.0,1.4:0.0,8.7:0.0,9.7:0.0,10.7:0.0,11.8:0.0,12.8:0.0,13.8:0.0,14.9:0.0,15.9:0.0,16.9:0.0,17.9:0.0,18.9:0.0,19.9:0.0,21.0:0.0,22.0:0.0,23.0:0.0,18.5:0.0,19.5:605.2,20.4:601.0,21.6:595.5,22.6:591.0,23.7:585.7,30.2:0.0,25.7:577.0,26.7:569.2,27.8:565.5,28.8:562.0,30.0:560.0,31.0:558.5,31.9:556.0,33.0:554.2,34.2:550.5,35.2:547.5,36.1:545.7,37.2:542.7,38.2:539.7,39.3:537.7,40.5:535.2,41.4:534.0,42.5:533.5,43.4:532.5,44.5:531.7,45.4:531.2,46.6:531.0,47.5:531.2,48.7:530.7,49.5:530.5,50.6:531.2,51.7:531.0,52.7:531.7,53.8:533.5,54.7:535.0,55.9:537.2,56.9:538.2,57.7:538.7,58.7:541.0,59.9:545.0,60.8:548.2,61.8:550.5,62.7:552.2,63.8:554.5,64.9:557.0,66.0:560.2,66.9:564.7,67.8:568.2,68.8:571.0,69.8:574.5,70.9:577.7,71.9:582.5,72.8:587.5,74.0:592.5,74.9:597.0,75.8:600.5,82.5:0.0,83.6:0.0,78.9:609.5,85.6:0.0,86.6:0.0,87.7:0.0,88.7:0.0,89.7:0.0,90.7:0.0,91.7:0.0,92.7:0.0,93.7:0.0,94.8:0.0,95.8:0.0,96.8:0.0,97.8:0.0,98.9:0.0,99.9:0.0,100.9:0.0,101.9:0.0,103.0:0.0,104.0:0.0,105.0:0.0,106.0:0.0,107.0:0.0,108.1:0.0,109.1:0.0,110.1:0.0,111.1:0.0,112.2:0.0,113.2:0.0,114.2:0.0,115.2:0.0,116.3:0.0,117.3:0.0,118.3:0.0,119.3:0.0,120.4:0.0,121.4:0.0,122.4:0.0,123.4:0.0,124.5:0.0,125.5:0.0,119.7:0.0,120.8:1204.7,121.7:1199.5,122.8:1194.0,123.9:1186.2,124.8:1180.5,125.8:1176.5,126.9:1170.0,127.9:1166.0,129.0:1165.2,130.0:1160.2,131.0:1155.0,132.0:1154.2,133.1:1153.2,134.2:1153.0,135.2:1151.0,136.2:1148.5,137.2:1148.2,138.2:1147.5,139.3:1148.0,140.3:1150.0,141.3:1151.5,149.1:0.0,150.1:0.0,144.1:0.0,145.0:1621.5,146.1:1613.5,147.1:1615.7,148.1:1618.2,149.2:1622.5,150.2:1629.0,151.2:1637.0,152.3:1646.5,153.3:1652.7,154.3:1657.2,155.3:1666.7,156.4:1677.5,157.4:1688.2,158.4:1700.7,159.4:1713.7,160.4:1723.2,161.5:1734.7,162.5:1751.0,163.5:1765.2,164.5:1781.7,172.7:0.0,173.8:0.0,174.8:0.0,175.8:0.0,169.6:0.0,177.9:0.0,178.9:0.0,179.9:0.0,181.0:0.0,174.7:0.0,183.0:0.0,184.0:0.0,185.1:0.0,186.1:0.0,187.1:0.0,188.2:0.0,189.2:0.0,190.2:0.0,191.2:0.0,192.3:0.0,193.3:0.0,187.1:0.0,188.2:1858.0,189.2:1845.2,190.2:1831.0,191.2:1831.7,192.2:1835.2,193.3:1836.5,194.3:1838.2,195.3:1838.7,196.4:1840.0,197.4:1843.7,198.4:1852.0,199.4:1860.0,200.5:1862.0,201.5:1864.5,202.5:1873.5,203.6:1881.5,204.6:1889.2,205.6:1918.7,206.6:1946.2,207.2:0.0,208.7:0.0,209.7:1923.0,210.7:1910.0,211.8:1900.2,212.8:1890.5,213.9:1876.7,214.9:1865.5,216.0:1856.5,217.0:1849.0,218.0:1840.0,219.0:1832.0,220.0:1828.5,221.1:1821.2,222.2:1810.5,223.2:1803.0,224.2:1800.0,225.3:1797.0,226.3:1794.7,227.3:1794.0,228.3:1792.2,229.3:1791.7,230.4:1795.2,231.4:1794.2,232.5:1789.0,240.6:0.0,241.7:0.0,242.7:0.0,243.7:0.0,237.9:0.0,239.0:1239.7,240.0:1242.0,241.0:1248.7,242.0:1255.0,243.1:1259.5,244.1:1263.2,245.1:1271.0,246.1:1277.7,247.1:1283.5,255.0:0.0,256.1:0.0,257.1:0.0,258.1:0.0,259.1:0.0,260.2:0.0,254.2:0.0,262.2:0.0,263.2:0.0,257.3:1378.7,265.3:0.0,266.3:0.0,267.3:0.0,268.4:0.0,269.4:0.0,263.4:0.0,264.5:1440.0,265.5:1405.0,266.5:1373.7,267.6:1342.7,268.7:1313.5,269.7:1286.0,270.8:1261.0,271.8:1238.2,272.9:1216.0,273.9:1194.5,274.9:1175.5,275.9:1157.5,276.9:1139.7,277.9:1128.0,279.0:1127.5,280.1:0.0,281.1:1081.2,282.2:1067.2,283.1:1054.5,284.2:1043.5,285.2:1032.0,286.4:1019.5,287.3:1009.5,288.3:999.5,289.4:991.0,290.4:983.7,291.5:975.7,292.5:966.5,293.6:957.7,294.6:951.0,295.6:943.5,296.6:936.7,297.6:931.0,298.7:925.5,299.8:920.7,300.9:917.0,301.9:912.7,302.9:908.5,303.9:905.2,305.0:901.2,312.4:0.0,307.8:0.0,308.9:603.0,309.9:601.7,311.0:600.0,311.9:600.5,313.1:602.2,314.0:0.0,315.1:575.0,316.3:572.7,317.3:572.0,318.4:571.0,319.2:571.2,320.2:572.2,321.4:571.7,322.4:571.0,323.5:572.5,324.3:574.2,325.6:575.0,326.5:576.5,327.6:577.2,328.6:578.5,329.5:579.7,330.7:581.5,331.5:584.0,332.6:586.0,333.5:588.7,334.6:592.2,335.7:594.5,336.5:597.7,337.7:601.7,338.7:604.2,339.6:608.0,340.8:611.7,341.7:616.0,342.7:620.7,343.8:625.2,344.7:633.7,345.7:640.7,346.7:645.7,347.8:652.0,354.6:0.0,355.6:0.0,350.7:664.0,357.7:0.0,
359.2:0.0,0.2:0.0,1.2:0.0,2.3:0.0,3.3:0.0,4.3:0.0,5.3:0.0,6.4:0.0,7.4:0.0,8.4:0.0,3.9:0.0,5.0:598.7,11.5:0.0,12.5:0.0,13.5:0.0,14.6:0.0,15.6:0.0,16.6:0.0,17.7:0.0,18.7:0.0,19.7:0.0,20.7:0.0,21.7:0.0,22.8:0.0,23.8:0.0,24.8:0.0,25.9:0.0,26.9:0.0,23.3:0.0,24.5:440.2,25.4:438.5,26.5:435.7,27.5:431.5,28.4:428.0,29.4:426.7,30.5:424.7,31.5:422.0,32.6:420.7,33.6:418.7,34.8:416.2,35.6:414.2,37.0:412.7,37.8:411.2,38.8:409.7,40.0:409.2,41.2:407.5,42.2:406.0,43.0:405.2,44.0:404.5,45.3:404.2,46.1:404.2,47.2:404.0,48.2:403.5,49.0:403.5,50.3:404.0,51.4:404.2,52.2:404.2,53.2:404.5,54.3:405.5,55.2:406.2,56.2:407.0,57.3:408.2,58.6:408.2,59.3:409.0,60.3:411.0,61.5:412.2,62.5:413.7,63.4:415.7,64.6:417.2,65.5:419.0,66.4:421.7,67.6:423.7,68.7:427.2,69.5:430.5,70.4:433.5,71.3:437.2,72.5:439.7,78.2:0.0,79.2:0.0,80.2:0.0,81.2:0.0,82.3:0.0,83.3:0.0,84.3:0.0,85.3:0.0,86.4:0.0,87.4:0.0,88.4:0.0,89.4:0.0,90.4:0.0,91.4:0.0,92.5:0.0,93.5:0.0,94.5:0.0,95.5:0.0,96.5:0.0,97.6:0.0,98.6:0.0,94.2:0.0,100.6:0.0,101.7:0.0,102.7:0.0,103.7:0.0,104.7:0.0,105.7:0.0,106.8:0.0,107.8:0.0,108.8:0.0,109.8:0.0,110.9:0.0,111.9:0.0,112.9:0.0,114.0:0.0,115.0:0.0,116.0:0.0,117.0:0.0,118.0:0.0,119.1:0.0,120.1:0.0,121.1:0.0,122.1:0.0,123.2:0.0,124.2:0.0,125.2:0.0,126.2:0.0,120.3:0.0,121.3:1359.0,122.4:1345.7,123.4:1339.5,124.4:1332.7,125.4:1328.7,133.4:0.0,134.4:0.0,128.5:1319.2,129.6:1310.2,130.6:1307.2,131.7:1303.7,132.7:1301.5,133.7:1297.7,134.7:1295.5,135.8:1295.0,136.7:1293.7,137.8:1292.5,138.8:1291.7,139.8:1291.0,140.9:1292.0,141.9:1293.0,142.9:1294.2,143.9:1298.7,144.9:1299.0,152.8:0.0,153.9:0.0,154.9:0.0,148.7:0.0,149.7:1784.7,150.7:1791.0,151.8:1799.2,152.8:1805.2,153.8:1812.0,155.0:1820.0,156.0:1831.0,157.0:1843.2,158.0:1852.7,159.1:1870.2,160.1:1885.7,161.1:1893.2,162.1:1902.5,163.2:1920.5,164.2:1942.0,172.5:0.0,173.5:0.0,167.2:0.0,168.2:2016.7,176.6:0.0,170.3:2043.5,178.6:0.0,179.7:0.0,180.7:0.0,181.7:0.0,182.7:0.0,183.8:0.0,184.8:0.0,185.8:0.0,186.8:0.0,187.8:0.0,188.9:0.0,189.9:0.0,190.9:0.0,191.9:0.0,185.7:2063.0,186.7:2055.2,187.7:2057.2,188.7:2043.5,189.8:2027.2,190.8:2027.7,191.8:2026.2,192.9:2029.2,193.9:2034.0,194.9:2036.2,195.9:2039.5,197.0:2043.7,198.0:2048.5,199.0:2052.7,200.1:2056.0,201.0:2059.7,202.1:2066.7,203.1:2093.7,211.5:0.0,212.5:0.0,206.2:2105.0,207.3:2088.7,208.3:2073.2,209.3:2055.2,210.3:2041.5,211.4:2028.7,212.4:2013.7,213.4:1999.0,214.5:1987.5,215.5:1982.5,216.5:1976.0,217.6:1967.2,218.6:1957.7,219.7:1946.5,220.7:1941.2,221.7:1939.5,222.7:1935.5,223.8:1931.0,224.8:1924.2,225.8:1918.7,226.8:1917.0,227.8:1915.2,236.1:0.0,237.1:0.0,231.2:0.0,232.3:1349.0,233.3:1349.2,234.3:1351.0,235.3:1357.2,236.4:1359.2,237.4:1359.2,238.4:1364.2,239.4:1370.5,240.5:1376.5,241.4:1382.7,242.5:1386.7,243.5:1393.7,244.5:1402.7,245.5:1409.5,253.5:0.0,254.6:0.0,255.6:0.0,256.6:0.0,250.6:0.0,251.6:1479.0,252.7:1490.5,253.7:1507.0,254.7:1521.7,255.8:1514.2,256.8:0.0,257.9:0.0,259.0:1378.5,260.0:1340.0,261.1:1301.7,262.1:1265.2,263.2:1232.7,264.2:1205.0,265.3:1177.2,266.3:1149.0,267.4:1125.0,268.5:1112.0,269.4:1110.0,270.5:0.0,271.7:1045.5,272.7:1025.0,273.7:1008.5,274.8:993.2,275.7:977.0,276.7:961.5,277.8:946.7,278.8:934.0,279.9:923.0,280.9:910.7,282.0:898.7,283.0:888.0,284.0:877.5,285.1:867.0,286.1:857.5,287.2:849.5,289.4:0.0,290.3:510.2,291.5:501.0,292.6:496.5,293.5:492.2,294.5:489.0,295.7:487.0,296.7:0.0,297.8:453.5,299.0:447.7,299.8:446.0,301.1:443.2,302.0:440.2,303.2:437.0,304.2:435.0,305.3:433.5,306.2:432.0,307.5:431.0,308.4:429.0,309.3:427.7,310.3:426.7,311.6:425.7,312.4:424.2,313.7:422.5,314.7:422.0,315.7:421.7,316.5:421.2,317.6:420.7,318.8:419.7,319.6:420.7,320.7:421.5,322.0:421.0,322.8:421.7,323.9:421.7,324.7:422.7,326.0:424.5,326.8:424.5,327.9:426.5,329.1:428.7,329.8:429.2,330.9:430.5,331.8:432.5,332.9:435.0,334.1:437.0,334.9:438.2,335.9:440.5,336.9:444.0,338.0:446.5,338.9:449.2,339.9:452.5,341.1:455.2,342.1:458.7,343.1:464.0,344.1:468.0,349.9:0.0,346.2:472.7,352.0:0.0,348.1:481.0,348.9:488.5,355.1:0.0,356.1:0.0,357.1:0.0,358.2:0.0,
359.3:0.0,0.4:0.0,1.4:0.0,2.4:0.0,3.5:0.0,4.5:0.0,5.5:0.0,6.5:0.0,7.6:0.0,8.6:0.0,9.6:0.0,10.7:0.0,11.7:0.0,12.7:0.0,13.8:0.0,14.8:0.0,15.8:0.0,16.9:0.0,17.9:0.0,18.9:0.0,20.0:0.0,21.0:0.0,22.0:0.0,23.0:0.0,24.1:0.0,25.1:0.0,26.1:0.0,27.2:0.0,28.2:0.0,25.9:0.0,27.3:297.7,28.6:294.5,29.3:291.5,30.8:289.2,31.3:286.5,32.5:285.7,34.0:285.2,34.7:283.7,36.2:282.2,37.2:280.5,37.7:279.0,38.6:278.7,40.5:278.2,41.2:277.5,42.5:277.5,43.6:277.0,44.5:276.5,45.0:275.7,46.6:275.2,47.6:275.2,48.9:275.0,49.9:274.5,50.9:274.5,51.5:275.7,52.8:276.2,54.3:276.2,55.3:276.2,56.2:276.2,57.1:277.0,57.9:277.5,58.7:279.0,59.5:280.2,60.6:280.7,61.5:282.2,62.3:283.2,63.5:284.7,65.2:286.2,65.7:286.7,67.2:287.7,67.3:290.2,68.8:292.7,70.1:293.7,71.2:296.2,71.8:299.2,75.7:0.0,73.9:303.0,77.7:0.0,78.8:0.0,79.8:0.0,80.8:0.0,81.9:0.0,82.9:0.0,83.9:0.0,85.0:0.0,86.0:0.0,87.0:0.0,88.0:0.0,89.1:0.0,90.0:0.0,91.0:0.0,92.1:0.0,93.1:0.0,94.1:0.0,95.2:0.0,96.2:0.0,97.2:0.0,98.2:0.0,99.3:0.0,100.3:0.0,101.3:0.0,102.3:0.0,103.4:0.0,104.4:0.0,105.4:0.0,106.5:0.0,107.5:0.0,108.5:0.0,109.5:0.0,110.6:0.0,111.6:0.0,112.6:0.0,113.6:0.0,114.7:0.0,115.7:0.0,116.8:0.0,117.8:0.0,118.8:0.0,119.9:0.0,120.9:0.0,121.9:0.0,123.0:0.0,124.0:0.0,125.0:0.0,126.0:0.0,127.1:0.0,128.1:0.0,129.1:0.0,130.2:0.0,131.2:0.0,132.2:0.0,126.2:0.0,127.3:1480.0,128.3:1476.0,129.3:1470.7,137.3:0.0,138.4:0.0,132.4:1460.0,140.5:0.0,141.5:0.0,135.5:1450.0,136.6:1439.7,137.6:1434.5,138.6:1436.7,139.7:1436.5,140.7:1438.7,141.7:1442.2,142.7:1445.0,143.7:1449.5,151.8:0.0,145.8:1453.5,146.8:1457.7,147.8:1461.5,148.9:1467.5,157.0:0.0,158.0:0.0,159.0:0.0,152.8:0.0,153.8:1965.5,154.9:1981.0,156.0:1995.7,157.0:2003.7,158.0:2014.5,159.0:2026.5,160.1:2034.7,168.4:0.0,169.4:0.0,163.1:2062.5,171.5:0.0,172.5:0.0,173.5:0.0,174.6:0.0,175.6:0.0,176.7:0.0,177.7:0.0,178.7:0.0,179.7:0.0,180.8:0.0,181.8:0.0,182.8:0.0,183.9:0.0,184.9:0.0,186.0:0.0,187.0:0.0,188.0:0.0,189.0:0.0,190.0:0.0,191.1:0.0,192.1:0.0,185.8:0.0,186.8:2237.7,187.8:2222.2,188.9:2210.0,189.9:2211.0,191.0:2206.0,192.0:2205.0,193.0:2212.5,194.0:2214.0,195.0:2214.7,196.1:2221.2,197.1:2226.2,198.2:2231.2,199.2:2238.5,200.2:2243.0,201.2:2264.2,209.6:0.0,210.7:0.0,204.4:2265.7,205.5:2238.2,206.5:2220.5,207.5:2201.2,208.6:2184.7,209.7:2170.5,210.7:2160.5,211.7:2149.2,212.8:2135.2,213.8:2126.0,214.8:2112.7,215.9:2102.0,216.9:2096.7,217.9:2087.2,219.0:2076.5,220.0:2068.5,221.0:2063.2,222.1:2056.5,223.1:2053.0,231.4:0.0,225.5:0.0,226.5:1477.2,227.5:1475.0,228.5:1475.2,229.5:1474.5,230.6:1476.5,231.7:1482.2,232.7:1486.5,233.7:1487.2,234.7:1486.5,235.7:1490.2,236.7:1496.7,237.8:1502.2,238.9:1506.0,239.9:1512.2,240.9:1518.2,241.9:1522.5,243.0:1533.5,244.0:1543.7,245.0:1550.7,246.0:1557.0,247.1:1565.2,255.2:0.0,249.1:1557.7,250.2:0.0,251.3:0.0,252.4:0.0,253.4:0.0,254.5:0.0,255.5:0.0,256.6:0.0,257.7:1154.0,258.7:1132.5,259.8:0.0,260.9:1065.0,261.9:1035.5,263.0:1009.0,264.1:985.5,265.1:961.5,272.7:0.0,273.7:0.0,274.7:0.0,275.8:0.0,272.6:0.0,277.8:0.0,278.9:0.0,279.9:0.0,280.9:0.0,282.0:0.0,282.9:0.0,283.9:0.0,285.0:0.0,286.0:0.0,287.0:0.0,288.1:0.0,289.1:0.0,290.1:0.0,291.1:0.0,292.2:0.0,293.2:0.0,294.2:0.0,295.2:0.0,296.3:0.0,297.3:0.0,295.2:0.0,296.1:295.5,297.5:293.0,298.9:291.2,299.9:289.0,301.1:287.5,301.9:286.0,303.4:284.0,304.2:282.7,304.8:281.5,306.4:280.2,307.1:278.5,308.5:277.5,308.9:277.2,309.9:276.7,311.2:275.5,312.5:274.5,313.8:274.5,314.3:274.5,316.0:273.5,317.1:272.2,317.6:272.5,318.9:273.2,319.8:273.2,320.3:272.7,321.6:272.5,322.3:273.2,324.2:273.5,324.8:274.0,326.2:275.0,326.5:275.5,328.1:276.0,328.6:277.0,330.4:278.2,330.9:279.7,331.9:280.7,333.0:282.2,333.5:284.5,335.2:285.5,335.6:286.5,336.9:288.2,337.9:290.2,338.7:292.5,340.3:293.7,341.4:295.7,341.6:298.2,345.9:0.0,346.9:0.0,345.2:303.2,346.0:308.5,346.7:311.5,351.0:0.0,352.1:0.0,353.1:0.0,354.1:0.0,355.2:0.0,356.2:0.0,357.2:0.0,358.3:0.0,
359.0:0.0,0.0:0.0,1.1:0.0,2.1:0.0,3.1:0.0,4.2:0.0,5.2:0.0,6.2:0.0,7.3:0.0,8.3:0.0,9.3:0.0,10.4:0.0,11.4:0.0,12.4:0.0,13.5:0.0,14.5:0.0,15.5:0.0,16.5:0.0,17.6:0.0,11.8:0.0,19.7:0.0,20.7:0.0,21.7:0.0,15.8:0.0,16.9:1294.7,18.0:1281.2,19.0:1273.2,20.0:1270.2,21.1:1263.2,22.1:1257.5,23.1:1252.5,24.1:1246.0,25.2:1243.0,26.3:1241.5,27.3:1236.2,28.3:1233.7,29.3:1232.5,30.4:1230.0,31.4:1226.0,32.4:1225.0,33.4:1225.5,34.5:1220.5,35.6:1218.2,36.5:1220.7,37.6:1223.2,38.7:1226.2,39.7:1227.7,47.5:0.0,48.5:0.0,49.6:0.0,50.6:0.0,44.5:0.0,45.5:1702.2,46.5:1706.7,47.6:1712.7,48.6:1721.0,49.6:1729.0,50.7:1739.2,51.6:1746.2,52.7:1752.0,53.7:1761.0,54.7:1772.7,55.8:1784.2,56.8:1792.2,57.8:1805.0,58.8:1823.7,59.8:1836.0,68.1:0.0,69.1:0.0,70.1:0.0,71.2:0.0,72.2:0.0,73.2:0.0,67.0:0.0,68.0:2001.0,69.0:2014.7,77.4:0.0,78.4:0.0,79.4:0.0,80.4:0.0,81.5:0.0,82.5:0.0,83.5:0.0,84.6:0.0,85.6:0.0,86.6:0.0,87.7:0.0,88.7:0.0,89.7:0.0,83.4:1992.5,84.5:1961.7,85.5:1943.7,86.5:1932.0,87.5:1935.7,88.6:1940.0,89.6:1941.0,90.6:1941.2,91.6:1942.7,92.7:1943.0,93.7:1949.0,94.7:1952.7,95.7:1957.7,96.8:1966.7,97.8:1973.7,98.8:1981.0,99.8:1987.7,100.9:2013.2,101.9:2034.5,110.2:0.0,104.0:2023.7,105.0:2009.7,106.0:1996.0,107.0:1981.5,108.1:1970.2,109.1:1956.7,110.2:1944.0,111.2:1933.0,112.2:1922.7,113.2:1913.7,114.3:1906.0,115.3:1900.0,116.3:1893.7,117.3:1887.7,118.4:1882.0,119.4:1876.7,120.5:1870.7,121.5:1864.7,122.5:1861.2,123.5:1860.2,124.5:1859.0,125.6:1855.2,126.6:1860.2,134.9:0.0,135.9:0.0,136.9:0.0,131.1:0.0,132.1:1289.2,133.1:1292.2,134.2:1295.0,135.2:1301.0,136.2:1305.7,137.3:1307.5,145.2:0.0,146.2:0.0,140.3:1320.7,148.2:0.0,142.4:1338.2,143.4:1349.7,144.4:1359.7,145.4:1366.7,146.5:1372.2,147.5:1381.7,148.5:1392.2,156.5:0.0,157.5:0.0,158.5:0.0,159.6:0.0,160.6:0.0,161.6:0.0,155.7:0.0,156.8:0.0,157.8:0.0,158.9:1394.0,160.0:1358.7,161.1:1325.2,162.1:1293.2,163.2:1263.5,164.2:1235.7,165.2:1208.5,166.3:1184.0,167.3:1162.0,168.5:1140.0,169.5:1121.5,170.6:1110.7,171.6:1104.0,172.6:0.0,173.8:1050.7,174.8:1035.2,175.8:1021.0,176.9:1006.5,177.9:992.5,179.0:980.5,180.0:968.7,181.1:956.7,182.1:945.2,183.1:933.7,184.2:924.5,185.2:918.0,186.3:908.5,187.3:898.0,188.3:891.0,189.4:882.7,190.4:874.0,191.5:868.7,192.6:863.0,193.5:858.0,195.4:0.0,196.5:550.7,197.8:543.7,198.8:540.0,199.8:537.0,200.7:535.5,201.8:534.0,208.1:0.0,204.1:0.0,205.1:502.7,206.3:499.5,207.2:497.0,208.1:496.5,209.3:496.0,210.2:494.2,211.3:494.0,212.3:494.0,213.5:492.7,214.3:492.5,215.7:491.7,216.6:492.0,217.6:492.5,218.7:492.2,219.5:492.7,220.7:494.0,221.8:494.0,222.6:495.2,223.9:497.2,224.8:497.7,226.0:498.2,226.7:500.0,228.0:502.5,228.8:505.0,229.9:507.7,230.7:511.2,232.0:513.5,232.8:514.7,233.9:517.5,234.9:521.2,235.9:526.0,236.9:529.2,238.0:531.5,239.0:534.7,240.1:538.7,240.9:544.5,242.0:550.2,248.4:0.0,249.4:0.0,250.5:0.0,251.5:0.0,252.5:0.0,253.5:0.0,249.0:0.0,255.6:0.0,256.6:0.0,257.7:0.0,258.7:0.0,259.7:0.0,260.8:0.0,261.8:0.0,262.9:0.0,263.9:0.0,264.9:0.0,266.0:0.0,267.0:0.0,268.0:0.0,269.0:0.0,270.1:0.0,265.5:599.5,266.5:600.5,273.2:0.0,274.2:0.0,275.2:0.0,276.3:0.0,277.3:0.0,278.3:0.0,279.4:0.0,280.4:0.0,281.4:0.0,282.4:0.0,283.4:0.0,284.4:0.0,280.4:0.0,281.3:511.0,282.5:507.0,283.3:502.5,284.4:499.0,285.6:497.2,286.6:494.2,287.6:491.2,288.8:489.2,289.7:486.5,290.7:483.7,291.6:481.5,292.8:480.2,293.7:479.0,294.8:477.0,295.9:475.5,297.2:474.7,298.2:474.0,299.1:472.5,300.3:471.2,301.2:470.2,302.2:469.0,303.1:468.7,304.1:468.0,305.2:467.2,306.4:467.0,307.4:467.0,308.4:466.5,309.4:466.2,310.5:467.5,311.3:469.0,312.6:469.7,313.6:471.2,314.7:471.5,315.7:472.5,316.5:474.5,317.8:475.7,318.6:478.2,319.8:481.2,320.8:485.7,321.7:488.2,322.6:489.2,323.7:493.7,324.6:497.2,325.7:499.7,326.8:503.2,327.9:506.5,328.7:510.7,335.0:0.0,330.7:519.0,331.7:526.2,338.1:0.0,339.1:0.0,334.9:0.0,341.2:0.0,336.7:552.2,343.2:0.0,344.3:0.0,345.3:0.0,346.3:0.0,341.9:0.0,342.9:596.0,349.4:0.0,350.5:0.0,351.5:0.0,352.5:0.0,353.6:0.0,354.6:0.0,355.6:0.0,356.7:0.0,357.7:0.0,
359.1:0.0,0.1:0.0,1.2:0.0,2.2:0.0,3.2:0.0,4.2:0.0,5.3:0.0,6.3:0.0,7.3:0.0,8.4:0.0,9.4:0.0,10.4:0.0,11.4:0.0,12.5:0.0,13.5:0.0,14.5:0.0,15.5:0.0,16.6:0.0,17.6:0.0,18.7:0.0,19.7:0.0,14.0:0.0,21.8:0.0,16.1:0.0,23.8:0.0,18.1:1121.0,19.2:1112.2,20.2:1104.0,21.2:1100.7,22.3:1096.7,23.3:1091.5,24.4:1087.7,25.3:1084.7,26.5:1081.7,27.4:1079.7,28.5:1077.5,29.5:1075.2,30.5:1074.0,31.6:1072.0,32.6:1071.5,33.6:1070.2,34.7:1068.2,35.7:1068.7,36.8:1069.5,37.7:1069.7,38.7:1070.0,39.9:1069.5,40.9:1071.7,41.9:1073.2,42.9:1073.7,43.9:1077.5,45.0:1083.0,46.0:1087.2,47.0:1091.0,54.7:0.0,55.7:0.0,56.8:0.0,50.7:0.0,51.8:1578.7,52.7:1585.7,53.8:1595.0,54.8:1602.5,55.8:1612.5,56.8:1623.0,57.9:1635.2,58.9:1649.0,67.0:0.0,60.9:1670.2,62.0:1693.2,63.0:1710.5,64.0:1731.2,65.0:1749.5,73.2:0.0,74.2:0.0,75.3:0.0,76.3:0.0,77.3:0.0,78.4:0.0,79.4:0.0,80.4:0.0,81.4:0.0,82.5:0.0,83.5:0.0,84.5:0.0,85.5:0.0,86.6:0.0,87.6:0.0,88.6:0.0,89.7:0.0,90.6:0.0,91.6:0.0,92.7:0.0,93.7:0.0,94.7:0.0,95.7:0.0,89.5:0.0,90.5:1949.5,91.6:1945.7,92.6:1941.7,93.6:1941.0,94.6:1940.7,95.6:1944.5,96.7:1951.5,97.7:1957.2,98.7:1964.0,99.7:1974.7,100.8:1980.7,101.8:1988.0,102.8:1999.2,103.8:2012.0,104.8:2016.7,105.9:2038.2,106.9:2069.5,115.2:0.0,116.3:0.0,110.0:2072.0,111.0:2059.5,112.1:2049.0,113.1:2043.0,114.1:2034.5,115.2:2023.2,116.2:2016.2,117.2:2010.2,118.2:2004.5,119.3:2000.0,120.3:1993.5,121.3:1988.7,122.4:1982.0,123.4:1979.0,124.4:1979.7,125.4:1974.0,126.4:1970.5,127.5:1972.0,128.5:1972.0,129.5:1974.0,130.6:1976.7,131.7:1982.0,139.9:0.0,141.0:0.0,142.0:0.0,143.0:0.0,137.0:0.0,138.1:1425.7,146.1:0.0,147.1:0.0,148.2:0.0,142.2:0.0,143.2:1472.0,144.2:1479.0,145.2:1490.0,146.2:1501.2,147.3:1512.5,148.3:1528.7,149.3:1539.7,150.3:1548.5,151.3:1559.5,159.5:0.0,153.4:1581.2,154.4:1606.0,155.5:1623.2,156.5:1641.2,164.7:0.0,158.6:1661.7,159.6:1654.0,160.7:1613.0,161.7:1572.0,162.8:1533.0,163.8:1499.2,164.9:1466.2,165.9:1432.0,167.0:1402.0,168.0:1375.0,169.1:1352.2,170.1:1329.5,171.2:1308.2,172.2:1301.0,173.3:0.0,174.3:1245.5,175.4:1229.5,176.4:1211.5,177.5:1193.2,178.5:1178.0,179.6:1162.0,180.5:1148.2,181.6:1136.0,182.7:1124.7,183.7:1113.0,184.8:1100.5,185.7:1088.5,186.8:1079.0,187.9:1071.0,188.9:1060.7,189.9:1053.2,197.5:0.0,192.5:0.0,193.7:726.5,194.6:722.7,195.7:720.2,196.8:0.0,197.9:681.7,198.8:678.2,199.8:674.2,201.0:672.0,202.0:670.2,203.0:666.5,204.2:663.0,205.2:660.2,206.2:658.2,207.4:656.7,208.4:655.0,209.3:653.0,210.3:651.2,211.5:650.0,212.5:651.0,213.4:650.7,214.6:649.0,215.6:648.7,216.5:648.7,217.7:649.0,218.7:650.7,219.6:651.5,220.7:652.5,221.8:654.5,222.7:656.5,223.7:658.2,224.8:660.2,225.9:661.7,226.9:663.7,227.9:666.5,228.8:668.7,229.9:672.7,231.0:676.5,231.9:678.0,233.0:681.7,234.0:685.7,234.9:689.2,236.1:695.0,237.0:699.0,238.1:704.2,245.0:0.0,246.1:0.0,241.0:0.0,242.0:763.2,243.1:766.7,250.2:0.0,251.2:0.0,252.2:0.0,253.3:0.0,254.3:0.0,255.3:0.0,256.4:0.0,257.4:0.0,258.4:0.0,259.4:0.0,260.4:0.0,261.5:0.0,262.5:0.0,263.5:0.0,264.5:0.0,265.6:0.0,266.6:0.0,267.6:0.0,268.7:0.0,269.7:0.0,270.7:0.0,271.7:0.0,272.8:0.0,273.8:0.0,274.8:0.0,275.9:0.0,276.9:0.0,277.9:0.0,278.9:0.0,280.0:0.0,281.0:0.0,282.0:0.0,283.0:0.0,284.0:0.0,285.1:0.0,282.0:0.0,283.0:378.5,284.1:376.0,285.0:372.2,286.0:369.0,287.2:367.7,288.1:366.0,289.7:363.5,290.7:361.2,291.5:358.5,292.7:357.2,293.3:356.0,294.4:355.0,295.4:354.5,296.6:353.7,297.7:353.5,298.6:351.5,300.0:351.2,300.7:351.5,302.2:351.2,303.1:350.7,303.8:350.7,305.2:351.2,306.0:352.2,307.1:352.7,308.4:353.5,309.1:354.5,310.3:355.7,311.3:357.0,312.4:357.0,312.9:357.5,314.0:359.2,315.0:360.7,316.3:361.7,317.2:363.5,318.4:365.2,319.1:366.5,320.5:368.0,321.2:370.7,322.0:373.2,323.3:375.2,324.0:377.0,325.0:379.5,326.3:382.0,327.4:383.5,328.2:385.7,329.4:388.7,330.3:392.0,331.3:394.7,332.1:398.5,333.1:401.5,338.7:0.0,339.7:0.0,340.7:0.0,341.7:0.0,342.8:0.0,343.8:0.0,344.8:0.0,345.9:0.0,346.9:0.0,347.9:0.0,349.0:0.0,350.0:0.0,351.0:0.0,352.1:0.0,353.1:0.0,354.1:0.0,355.1:0.0,356.2:0.0,357.2:0.0,358.2:0.0,
352.0:1339.5,353.0:1333.7,1.0:0.0,2.0:0.0,3.0:0.0,357.2:1320.2,358.2:1310.0,359.2:1307.5,0.2:1305.0,1.3:1305.5,2.3:1307.5,3.3:1305.2,4.4:1305.2,5.4:1307.2,13.3:0.0,14.3:0.0,15.4:0.0,16.4:0.0,10.2:0.0,11.3:1775.0,12.3:1778.7,13.3:1787.7,14.4:1795.5,15.4:1801.7,16.4:1808.0,17.5:1812.2,18.5:1818.2,19.5:1832.2,20.5:1841.2,21.6:1848.7,22.6:1860.2,23.6:1870.5,24.6:1882.5,25.7:1890.7,26.7:1898.2,27.7:1920.7,36.0:0.0,29.7:1950.2,30.8:1979.5,31.8:2005.7,32.8:2017.0,33.9:2030.5,34.9:2050.0,35.9:2069.5,44.2:0.0,45.3:0.0,46.3:0.0,47.3:0.0,48.4:0.0,49.4:0.0,50.4:0.0,51.4:0.0,52.5:0.0,53.5:0.0,54.5:0.0,55.6:0.0,49.3:0.0,50.4:1975.7,51.4:1962.2,52.4:1942.5,53.5:1939.0,54.5:1939.2,55.5:1939.5,56.6:1941.0,57.5:1941.5,58.6:1942.0,59.6:1944.2,60.7:1946.5,61.7:1949.7,62.7:1957.7,63.7:1960.0,64.8:1965.2,65.8:1974.0,66.8:1995.2,67.8:2013.5,76.2:0.0,69.9:2001.0,70.9:1983.2,72.0:1968.0,73.0:1951.0,74.1:1934.0,75.1:1919.2,76.1:1907.0,77.2:1899.5,78.2:1887.5,79.2:1873.5,80.2:1865.0,81.3:1855.7,82.3:1846.5,83.3:1841.0,84.3:1834.0,85.4:1824.0,86.4:1817.5,87.4:1810.0,88.4:1800.0,89.5:1793.0,90.5:1790.5,91.5:1789.5,99.7:0.0,100.8:0.0,101.8:0.0,102.8:0.0,97.1:0.0,98.0:1223.2,99.1:1224.2,100.1:1227.5,101.2:1230.0,102.1:1233.2,103.2:1237.2,104.2:1242.0,105.2:1245.7,106.3:1248.0,107.3:1251.0,108.4:1256.5,109.3:1264.7,110.3:1271.5,111.4:1276.7,112.4:1280.0,120.3:0.0,121.3:0.0,122.4:0.0,123.4:0.0,124.4:0.0,125.4:0.0,126.5:0.0,127.5:0.0,128.5:0.0,129.5:0.0,123.6:0.0,124.7:0.0,125.7:1300.0,126.9:1263.5,127.9:1230.0,129.0:1200.0,130.0:1171.2,131.1:1143.5,132.1:1116.2,133.2:1092.0,134.2:1070.5,135.3:1049.0,136.3:1029.0,137.4:1015.2,138.4:1009.5,139.5:0.0,140.5:962.7,141.7:945.2,142.7:931.7,143.6:917.7,144.7:906.0,145.8:893.7,146.8:881.0,147.9:869.7,148.9:859.2,150.0:850.0,151.1:839.7,152.0:829.2,153.2:820.7,154.2:813.0,155.2:805.2,156.4:797.2,157.5:791.2,158.6:786.2,159.6:780.5,160.6:774.5,161.5:767.7,162.7:762.2,163.8:759.0,164.7:754.5,165.8:749.2,168.1:0.0,169.2:450.0,170.2:443.0,171.3:440.5,172.4:438.7,173.5:437.5,174.5:436.0,175.5:436.0,176.4:437.0,177.7:0.0,179.0:407.2,180.1:406.0,180.9:406.0,181.7:406.0,183.2:404.5,184.0:403.7,185.1:404.7,185.9:405.2,187.1:405.7,188.2:405.7,189.0:405.7,190.0:407.0,191.2:408.0,192.1:408.5,193.1:409.7,194.0:410.7,195.2:412.5,196.2:414.0,197.1:415.0,198.1:416.2,199.2:418.7,200.4:421.2,201.5:422.7,202.1:424.5,203.1:427.0,204.3:430.2,205.2:433.0,206.4:436.0,207.4:440.2,208.4:444.0,214.1:0.0,210.2:448.0,216.1:0.0,217.2:0.0,218.2:0.0,214.4:0.0,220.3:0.0,216.2:474.5,217.4:482.5,223.4:0.0,224.4:0.0,225.4:0.0,226.5:0.0,227.5:0.0,228.5:0.0,229.5:0.0,230.6:0.0,231.6:0.0,232.6:0.0,233.7:0.0,234.7:0.0,235.7:0.0,236.8:0.0,237.8:0.0,238.8:0.0,239.9:0.0,240.9:0.0,241.9:0.0,243.0:0.0,238.1:0.0,239.1:677.0,246.1:0.0,247.1:0.0,242.5:0.0,249.2:0.0,244.6:610.0,245.6:601.7,246.7:596.0,247.8:590.7,248.8:587.2,255.3:0.0,251.0:578.2,252.0:569.5,252.9:566.2,254.1:561.7,255.1:558.2,256.1:555.5,257.2:554.5,258.2:552.2,259.2:548.7,260.1:547.2,261.4:544.0,262.4:541.2,263.4:540.5,264.4:538.7,265.4:536.0,266.5:534.7,267.7:534.5,268.6:533.2,269.5:533.0,270.6:532.0,271.7:531.2,272.7:531.0,273.8:530.7,274.8:532.0,275.8:532.2,276.9:532.2,277.8:532.2,278.8:533.0,279.9:534.7,281.0:535.5,281.7:535.5,282.7:536.7,283.8:538.0,284.9:539.0,285.9:540.2,287.0:542.7,288.0:544.7,288.9:546.7,290.1:550.0,290.9:553.0,292.1:554.7,293.1:557.5,294.0:561.5,300.5:0.0,296.2:566.5,297.2:571.7,303.6:0.0,304.6:0.0,305.6:0.0,301.1:0.0,307.7:0.0,308.7:0.0,304.1:607.7,305.0:621.5,306.1:631.0,312.9:0.0,313.9:0.0,314.9:0.0,316.0:0.0,311.2:0.0,318.0:0.0,319.0:0.0,320.1:0.0,321.1:0.0,322.1:0.0,323.1:0.0,324.2:0.0,325.2:0.0,326.2:0.0,327.2:0.0,328.3:0.0,329.3:0.0,330.4:0.0,331.4:0.0,332.5:0.0,333.5:0.0,334.5:0.0,335.6:0.0,336.6:0.0,337.6:0.0,338.7:0.0,339.7:0.0,340.7:0.0,341.7:0.0,342.8:0.0,343.8:0.0,344.8:0.0,345.9:0.0,346.9:0.0,341.0:0.0,342.0:1413.7,343.0:1399.5,344.0:1392.0,345.1:1385.7,346.1:1376.0,347.2:1371.5,348.2:1365.7,349.2:1355.7,350.2:1350.2,351.3:1344.2,
352.6:1142.7,353.7:1137.5,354.7:1133.0,355.8:1130.5,356.8:1126.7,357.8:1124.2,358.8:1124.7,359.8:1122.7,0.9:1118.0,1.9:1115.2,3.0:1115.7,4.0:1118.0,5.0:1120.5,6.1:1120.0,7.1:1118.5,14.8:0.0,15.8:0.0,16.9:0.0,18.0:0.0,11.9:0.0,12.9:1584.5,14.0:1587.2,15.0:1593.0,16.0:1598.7,17.1:1604.7,18.0:1612.7,19.0:1619.7,20.1:1628.0,21.1:1637.2,22.2:1644.2,23.2:1657.7,24.2:1669.2,25.2:1677.5,26.3:1691.2,27.3:1705.7,28.3:1719.5,29.4:1734.7,37.5:0.0,31.3:1759.5,39.6:0.0,40.6:0.0,41.6:0.0,35.5:0.0,43.7:0.0,44.7:0.0,45.8:0.0,46.8:0.0,47.8:0.0,48.9:0.0,49.9:0.0,50.9:0.0,52.0:0.0,53.0:0.0,54.0:0.0,55.1:0.0,56.1:0.0,57.1:0.0,58.2:0.0,59.2:0.0,53.0:1854.7,54.0:1856.2,55.1:1853.0,56.1:1846.5,57.2:1832.5,58.2:1832.0,59.2:1832.0,60.2:1836.7,61.2:1840.5,62.2:1840.2,63.3:1844.0,64.3:1847.0,65.4:1852.5,66.3:1859.5,67.4:1863.5,68.4:1871.2,69.4:1880.0,70.4:1890.7,78.7:0.0,72.5:1927.2,73.5:1965.7,74.1:0.0,75.6:0.0,76.6:1926.0,77.6:1916.2,78.7:1906.7,79.7:1894.2,80.8:1882.7,81.8:1876.0,82.8:1868.0,83.8:1859.0,84.8:1850.7,85.9:1843.7,86.9:1839.0,87.9:1835.2,88.9:1831.5,89.9:1825.5,91.0:1818.7,92.0:1815.7,93.1:1812.7,94.1:1811.7,95.1:1813.2,96.1:1813.7,97.2:1814.0,98.2:1815.2,99.2:1817.5,107.4:0.0,108.5:0.0,109.5:0.0,110.5:0.0,104.7:0.0,105.7:1264.2,106.7:1265.0,107.8:1269.2,108.8:1274.7,109.9:1284.0,110.9:1289.2,111.9:1297.7,119.8:0.0,120.8:0.0,121.9:0.0,122.9:0.0,123.9:0.0,124.9:0.0,119.0:0.0,120.0:1376.0,121.0:1388.7,129.0:0.0,130.1:0.0,131.1:0.0,132.1:0.0,133.2:0.0,134.2:0.0,135.2:0.0,129.2:0.0,130.3:1483.5,131.3:1445.7,132.4:1410.2,133.4:1380.0,134.5:1353.2,135.5:1324.0,136.6:1296.5,137.7:1272.2,138.7:1249.2,139.7:1230.2,140.8:1210.0,141.8:1189.2,142.9:1172.2,144.0:1160.5,144.9:1161.5,146.0:0.0,147.1:1109.2,148.1:1095.2,149.2:1081.2,150.2:1070.0,151.2:1060.5,152.3:1049.2,153.3:1037.5,154.4:1028.0,155.5:1019.0,156.6:1009.7,157.5:1000.2,158.6:992.5,159.7:986.7,160.7:979.7,161.8:972.5,162.8:964.5,163.8:957.7,164.8:952.7,165.9:947.5,167.0:942.5,168.0:938.7,169.0:934.5,170.0:934.7,171.8:0.0,172.8:636.5,173.8:634.0,175.0:631.5,176.0:629.2,176.9:629.7,178.1:0.0,179.3:605.0,180.2:602.7,181.2:601.2,182.3:599.5,183.4:599.2,184.4:599.7,185.3:599.7,186.3:599.5,187.5:599.2,188.3:601.0,189.3:602.5,190.4:603.0,191.4:603.7,192.5:606.0,193.6:607.7,194.7:609.2,195.6:610.5,196.6:612.5,197.7:615.0,198.5:617.5,199.8:620.5,200.6:624.5,201.8:627.2,202.8:631.0,203.8:636.2,204.7:640.7,205.9:644.7,206.8:650.2,207.9:655.5,208.8:659.5,209.8:663.5,210.9:667.0,211.9:671.5,218.8:0.0,213.9:682.5,214.9:697.0,215.9:704.7,222.9:0.0,224.0:0.0,225.0:0.0,226.0:0.0,227.1:0.0,221.9:0.0,229.1:0.0,230.2:0.0,231.2:0.0,232.2:0.0,233.3:0.0,234.3:0.0,235.3:0.0,236.3:0.0,237.4:0.0,238.4:0.0,239.4:0.0,240.5:0.0,241.5:0.0,242.5:0.0,238.0:0.0,244.6:0.0,245.6:0.0,246.7:0.0,242.2:0.0,248.7:0.0,249.8:0.0,250.8:0.0,251.8:0.0,247.4:0.0,253.9:0.0,254.9:0.0,250.6:562.0,251.5:553.7,252.8:550.0,253.7:547.5,254.8:543.7,255.9:540.0,256.8:537.7,257.8:535.0,258.9:531.7,260.1:529.7,261.0:528.7,261.9:526.0,263.0:523.2,264.3:520.2,265.1:516.7,266.2:515.2,267.2:515.0,268.4:515.2,269.3:514.0,270.4:511.7,271.6:510.7,272.4:511.0,273.4:512.7,274.4:512.7,275.6:512.7,276.6:512.5,277.4:514.0,278.6:516.7,279.6:517.7,280.5:519.0,281.6:521.2,282.6:521.7,283.7:523.7,284.8:527.2,285.7:529.0,286.8:530.5,287.6:531.7,288.7:534.0,289.7:537.0,290.7:541.0,291.8:544.2,292.7:546.5,293.8:549.2,294.7:552.7,295.9:557.2,296.9:561.2,297.9:564.5,304.2:0.0,305.3:0.0,306.4:0.0,307.4:0.0,302.9:0.0,303.8:599.0,310.5:0.0,311.5:0.0,312.5:0.0,313.6:0.0,314.6:0.0,315.6:0.0,316.7:0.0,317.7:0.0,318.7:0.0,319.7:0.0,320.8:0.0,321.8:0.0,322.8:0.0,323.9:0.0,324.9:0.0,325.9:0.0,327.0:0.0,328.0:0.0,329.0:0.0,330.1:0.0,331.1:0.0,332.2:0.0,333.2:0.0,334.2:0.0,335.2:0.0,336.3:0.0,337.3:0.0,338.3:0.0,339.4:0.0,340.4:0.0,341.4:0.0,342.5:0.0,343.5:0.0,344.5:0.0,345.6:0.0,346.6:0.0,347.6:0.0,348.7:0.0,342.9:0.0,344.0:1194.0,345.0:1185.0,346.0:1175.2,347.1:1167.2,348.1:1161.5,349.1:1157.0,350.2:1152.0,351.2:1146.2,
352.2:945.5,353.3:942.5,354.4:939.0,355.4:934.2,356.5:931.5,357.4:929.5,358.5:928.0,359.5:927.5,0.5:927.0,1.5:926.5,2.6:924.5,3.6:924.2,4.6:926.0,5.6:925.7,6.7:926.5,7.7:928.2,8.7:928.7,16.2:0.0,17.3:0.0,18.3:0.0,19.3:0.0,20.4:0.0,14.5:0.0,15.5:1395.7,16.5:1397.0,17.5:1402.2,18.5:1409.2,19.6:1413.5,27.6:0.0,28.6:0.0,29.6:0.0,30.7:0.0,31.7:0.0,32.7:0.0,33.7:0.0,27.7:0.0,28.8:1508.2,29.8:1523.2,30.8:1537.2,31.9:1544.7,32.8:1553.0,33.9:1568.2,42.0:0.0,35.9:1595.2,36.9:1624.7,38.0:1640.7,46.1:0.0,47.1:0.0,48.2:0.0,49.2:0.0,50.2:0.0,51.3:0.0,52.3:0.0,53.3:0.0,54.4:0.0,55.4:0.0,56.4:0.0,57.4:0.0,58.5:0.0,59.5:0.0,60.5:0.0,61.6:0.0,62.6:0.0,63.6:0.0,64.6:0.0,58.5:0.0,59.6:1749.7,60.5:1744.2,61.6:1736.0,62.6:1726.5,63.7:1731.7,64.7:1739.2,65.7:1744.7,66.7:1750.2,67.8:1753.0,68.7:1759.7,69.8:1767.2,70.9:1778.5,71.8:1788.5,72.9:1797.5,73.9:1806.2,82.1:0.0,76.0:1822.5,77.0:1846.5,78.0:1873.2,86.2:0.0,87.3:0.0,81.1:1897.2,82.1:1899.7,83.1:1891.0,84.1:1882.5,85.2:1876.7,86.2:1870.0,87.2:1863.7,88.2:1858.7,89.2:1853.5,90.3:1846.7,91.3:1844.7,92.4:1844.5,93.4:1841.5,94.4:1839.0,95.4:1837.2,96.5:1838.7,97.5:1838.0,98.5:1838.2,99.6:1843.2,100.6:1848.0,101.6:1848.7,102.6:1849.7,103.7:1855.2,104.7:1859.2,112.9:0.0,113.9:0.0,115.0:0.0,116.0:0.0,117.0:0.0,118.0:0.0,119.1:0.0,113.2:0.0,114.2:1337.5,122.2:0.0,116.2:1351.5,117.3:1362.5,118.2:1369.2,119.3:1382.0,127.3:0.0,128.3:0.0,129.3:0.0,130.4:0.0,131.4:0.0,132.4:0.0,133.5:0.0,127.4:0.0,135.5:0.0,129.5:1542.5,137.6:0.0,138.6:0.0,139.6:0.0,140.7:0.0,134.6:0.0,135.6:1619.0,136.7:1587.0,137.7:1559.0,138.8:1529.5,139.8:1501.2,140.9:1476.5,141.9:1452.2,142.9:1429.0,144.0:1406.5,145.0:1385.0,146.1:1365.0,147.1:1347.2,148.2:1331.7,149.2:1324.7,150.2:1313.0,151.3:1289.2,152.3:1272.5,153.4:1260.7,154.4:1247.7,155.5:1235.2,156.6:1226.0,157.6:1218.5,158.7:1207.2,159.7:1196.2,160.7:1186.0,161.8:1177.0,162.8:1169.7,163.9:1163.7,165.0:1156.5,165.9:1151.0,167.0:1146.0,168.0:1137.0,169.0:1131.5,170.1:1128.5,171.2:1125.7,172.2:1128.5,173.6:0.0,174.7:830.5,175.7:827.7,176.8:827.7,184.1:0.0,178.9:0.0,179.9:799.5,181.0:796.5,182.0:796.0,183.0:796.2,184.0:796.0,185.0:796.0,186.0:796.7,187.2:796.2,188.2:795.5,189.2:796.2,190.2:797.5,191.3:799.7,192.3:802.2,193.2:804.7,194.3:808.0,195.4:810.0,196.4:812.5,197.4:816.0,198.4:818.7,199.5:822.2,200.5:827.5,201.5:832.7,202.5:836.7,203.5:841.5,204.5:848.7,205.5:855.0,206.6:860.7,207.7:866.7,208.6:872.5,209.6:878.2,217.1:0.0,218.1:0.0,219.1:0.0,213.7:0.0,214.7:955.2,222.2:0.0,223.2:0.0,224.3:0.0,225.3:0.0,226.3:0.0,227.4:0.0,228.4:0.0,229.4:0.0,230.5:0.0,231.5:0.0,232.5:0.0,233.6:0.0,234.6:0.0,235.7:0.0,236.7:0.0,237.7:0.0,238.7:0.0,239.8:0.0,240.8:0.0,241.8:0.0,242.9:0.0,243.9:0.0,245.0:0.0,246.0:0.0,247.0:0.0,248.0:0.0,249.1:0.0,250.1:0.0,251.1:0.0,246.9:0.0,247.8:550.5,249.0:546.0,255.3:0.0,251.2:540.0,252.1:533.5,253.0:530.0,254.3:527.5,255.3:524.2,256.2:521.7,257.2:519.7,258.3:518.7,259.5:516.0,260.5:513.0,261.5:511.7,262.4:510.0,263.5:509.0,264.6:507.7,265.7:506.2,266.6:504.2,267.6:503.0,268.9:503.0,269.7:503.0,270.8:502.2,271.9:501.5,272.9:501.7,273.9:501.7,274.9:500.5,276.1:500.2,277.0:500.0,277.9:499.7,278.8:500.2,280.0:501.5,281.1:503.5,282.0:504.0,282.9:505.7,284.0:509.2,285.0:512.5,286.1:513.2,287.0:515.7,288.2:518.5,289.0:519.0,290.2:522.2,291.1:526.5,292.2:530.5,293.1:534.0,294.2:536.7,295.2:540.2,296.2:543.5,297.3:547.5,298.2:553.0,304.6:0.0,305.6:0.0,306.7:0.0,307.7:0.0,308.7:0.0,309.7:0.0,310.8:0.0,306.2:0.0,307.2:602.0,313.9:0.0,314.9:0.0,315.9:0.0,317.0:0.0,318.0:0.0,319.0:0.0,320.0:0.0,321.1:0.0,322.1:0.0,323.1:0.0,324.1:0.0,325.2:0.0,326.2:0.0,327.2:0.0,328.3:0.0,329.3:0.0,330.4:0.0,331.4:0.0,332.5:0.0,333.5:0.0,334.5:0.0,335.5:0.0,336.6:0.0,337.6:0.0,332.1:0.0,339.7:0.0,340.7:0.0,335.1:0.0,336.1:1055.0,337.2:1037.2,338.2:1029.2,339.3:1021.2,340.4:1011.2,341.4:1004.5,342.4:997.7,343.4:988.5,344.5:982.5,345.6:976.7,346.6:970.2,347.6:964.7,348.7:958.7,349.7:955.0,350.7:953.0,351.7:947.7,
352.9:748.2,354.0:745.5,355.0:743.0,356.1:740.5,357.1:738.0,358.1:735.2,359.2:734.0,0.1:734.5,1.2:734.2,2.2:732.7,3.2:731.7,4.2:731.5,5.3:732.0,6.3:732.0,7.3:732.0,8.4:733.5,9.4:734.2,10.5:738.0,11.5:742.2,12.5:745.2,19.6:0.0,20.6:0.0,21.7:0.0,22.7:0.0,16.9:0.0,18.0:1210.5,25.8:0.0,26.8:0.0,27.9:0.0,28.9:0.0,29.9:0.0,24.2:0.0,25.1:1256.7,26.2:1264.5,27.2:1270.7,35.1:0.0,36.1:0.0,37.2:0.0,38.2:0.0,39.2:0.0,40.3:0.0,41.3:0.0,42.3:0.0,43.4:0.0,44.4:0.0,45.4:0.0,46.5:0.0,47.5:0.0,48.5:0.0,49.6:0.0,50.6:0.0,51.6:0.0,52.7:0.0,53.7:0.0,54.7:0.0,55.8:0.0,56.8:0.0,57.8:0.0,58.9:0.0,59.9:0.0,60.9:0.0,62.0:0.0,63.0:0.0,64.0:0.0,65.1:0.0,66.1:0.0,67.1:0.0,68.1:0.0,69.2:0.0,70.2:0.0,64.1:0.0,65.2:1657.5,66.2:1656.5,67.2:1651.5,68.3:1646.7,69.3:1650.5,70.3:1657.5,71.3:1667.5,72.4:1676.7,73.4:1685.0,74.4:1698.0,75.4:1709.0,76.5:1722.2,77.5:1734.7,78.5:1742.7,79.6:1761.2,87.8:0.0,81.6:1781.2,89.8:0.0,83.6:0.0,91.8:0.0,92.9:0.0,86.7:1879.2,87.7:1883.0,88.7:1877.2,89.8:1876.5,90.8:1875.5,91.8:1868.7,92.8:1865.2,93.9:1863.0,94.9:1861.0,96.0:1860.7,97.0:1859.2,98.0:1861.5,99.0:1864.0,100.1:1867.2,101.1:1872.0,102.1:1873.5,103.2:1875.0,104.2:1881.5,105.2:1887.7,106.2:1891.5,107.2:1897.7,108.3:1902.5,109.3:1909.2,110.3:1920.2,118.6:0.0,119.6:0.0,120.7:0.0,121.7:0.0,122.7:0.0,123.7:0.0,124.8:0.0,125.8:0.0,119.9:0.0,127.9:0.0,128.9:0.0,129.9:0.0,131.0:0.0,132.0:0.0,133.0:0.0,127.0:0.0,128.0:1537.5,136.1:0.0,137.1:0.0,138.2:0.0,139.2:0.0,140.2:0.0,141.2:0.0,142.3:0.0,143.3:0.0,144.3:0.0,138.2:0.0,139.2:1787.5,140.2:1755.0,141.3:1725.0,142.4:1695.5,143.4:1667.0,144.5:1640.2,145.4:1618.0,146.5:1599.7,147.6:1581.2,148.6:1561.0,149.6:1540.7,150.7:1524.7,151.7:1509.5,152.7:1503.7,153.8:1489.2,155.0:1462.7,156.0:1447.5,157.1:1435.0,158.1:1423.2,159.2:1411.5,160.1:1397.0,161.2:1384.2,162.3:1376.2,163.3:1368.2,164.3:1361.2,165.4:1355.2,166.4:1348.5,167.5:1339.2,168.5:1331.2,169.5:1327.2,170.6:1321.2,171.7:1315.2,172.6:1312.0,180.6:0.0,175.1:0.0,176.0:1021.0,177.1:1019.2,178.2:1005.5,179.2:993.7,180.2:992.5,181.3:990.7,182.4:989.7,183.3:989.2,184.4:989.0,185.5:988.7,186.4:987.7,187.4:990.2,188.5:992.7,189.5:993.2,190.6:993.7,191.6:995.0,192.6:998.2,193.7:1002.0,194.6:1004.2,195.8:1006.5,196.7:1011.0,197.7:1014.5,198.8:1018.2,199.8:1025.0,200.9:1030.7,201.9:1036.2,202.8:1042.7,204.0:1048.7,211.6:0.0,212.6:0.0,206.9:0.0,208.0:1108.7,215.7:0.0,210.0:1128.2,217.8:0.0,218.8:0.0,219.8:0.0,220.9:0.0,221.9:0.0,223.0:0.0,224.0:0.0,225.0:0.0,226.1:0.0,227.1:0.0,228.1:0.0,229.2:0.0,230.2:0.0,231.2:0.0,232.2:0.0,233.3:0.0,234.4:0.0,235.4:0.0,236.4:0.0,237.5:0.0,238.5:0.0,239.5:0.0,240.6:0.0,241.6:0.0,242.6:0.0,238.1:0.0,244.7:0.0,240.2:582.7,246.8:0.0,247.8:0.0,248.9:0.0,249.9:0.0,245.6:0.0,246.6:547.0,247.7:542.2,248.8:535.5,249.8:531.7,250.8:526.0,251.8:521.7,253.0:518.2,253.9:513.7,255.0:509.7,256.3:506.7,257.1:505.5,258.1:501.7,259.3:499.2,260.4:498.0,261.3:496.0,262.3:495.0,263.5:494.2,264.3:493.0,265.4:491.5,266.7:491.0,267.6:490.2,268.7:489.5,269.6:488.2,270.8:487.5,271.7:487.5,272.8:487.5,273.7:488.2,274.9:488.2,276.0:488.2,276.7:488.7,277.7:489.0,278.8:490.0,279.8:491.2,280.9:490.7,281.8:492.5,283.0:495.2,284.1:495.5,284.9:497.7,286.1:500.0,286.9:501.5,288.1:502.7,289.1:506.0,290.2:510.2,291.1:512.7,292.1:514.5,293.1:517.7,294.0:522.2,295.1:525.7,296.1:528.7,302.4:0.0,298.1:534.5,299.2:541.7,305.5:0.0,306.5:0.0,307.6:0.0,308.6:0.0,309.6:0.0,310.7:0.0,311.7:0.0,307.2:0.0,308.1:595.2,314.8:0.0,315.8:0.0,316.9:0.0,317.9:0.0,318.9:0.0,320.0:0.0,321.0:0.0,322.0:0.0,323.0:0.0,324.1:0.0,325.1:0.0,326.1:0.0,327.2:0.0,328.2:0.0,329.2:0.0,330.3:0.0,331.3:0.0,332.4:0.0,333.4:0.0,334.4:0.0,335.5:0.0,336.5:0.0,331.2:0.0,332.3:863.7,333.3:855.0,340.6:0.0,335.5:841.0,336.4:829.7,337.6:822.2,338.5:813.7,339.6:806.5,340.6:799.5,341.7:793.2,342.7:787.5,343.8:782.2,344.9:777.7,346.0:772.2,347.0:766.2,347.9:763.0,349.0:761.2,350.0:757.5,351.1:753.5,352.1:749.5,
353.9:548.2,354.8:547.2,355.8:546.2,356.8:544.5,358.0:541.7,358.8:540.5,0.0:540.0,0.9:538.7,2.0:538.0,3.0:538.2,4.1:538.0,5.2:538.0,6.1:538.7,7.1:540.2,8.2:540.7,9.2:540.5,10.2:542.2,11.3:544.0,12.4:544.5,13.3:546.0,14.5:549.2,15.5:551.7,16.5:554.0,22.8:0.0,23.9:0.0,24.9:0.0,25.9:0.0,27.0:0.0,21.5:0.0,22.5:1038.5,23.5:1044.2,24.4:1049.0,32.1:0.0,26.5:1059.5,27.5:1071.5,28.6:1078.0,29.6:1086.0,30.6:1095.7,38.3:0.0,39.4:0.0,40.4:0.0,41.4:0.0,42.5:0.0,43.5:0.0,44.6:0.0,45.6:0.0,46.6:0.0,47.7:0.0,48.7:0.0,49.7:0.0,50.8:0.0,51.8:0.0,52.8:0.0,53.9:0.0,54.9:0.0,55.9:0.0,57.0:0.0,58.0:0.0,59.0:0.0,60.1:0.0,61.1:0.0,62.1:0.0,63.2:0.0,64.2:0.0,65.2:0.0,66.2:0.0,67.2:0.0,68.3:0.0,69.3:0.0,70.3:0.0,71.4:0.0,72.4:0.0,73.4:0.0,74.5:0.0,75.5:0.0,76.5:0.0,70.5:0.0,71.5:1589.5,72.5:1589.0,73.5:1588.5,74.6:1586.7,75.7:1592.7,76.7:1601.2,77.7:1611.5,78.7:1627.2,79.7:1642.7,80.8:1651.2,81.7:1664.2,82.8:1680.5,90.9:0.0,91.9:0.0,93.0:0.0,86.8:0.0,95.0:0.0,96.0:0.0,97.1:0.0,98.1:0.0,99.1:0.0,92.9:0.0,94.0:1888.5,95.0:1888.7,96.0:1888.0,97.0:1887.0,98.1:1889.5,99.1:1890.7,100.2:1890.5,101.1:1892.5,102.2:1895.2,103.2:1899.0,104.3:1903.5,105.3:1909.0,106.3:1917.0,107.4:1921.5,108.4:1928.0,109.4:1936.0,110.5:1943.2,111.5:1951.5,112.5:1959.7,113.5:1970.5,114.5:1982.5,115.6:1995.0,123.9:0.0,124.9:0.0,125.9:0.0,127.0:0.0,128.0:0.0,129.0:0.0,130.0:0.0,131.1:0.0,125.0:0.0,126.0:1538.0,127.1:1541.7,128.1:1551.0,136.2:0.0,137.2:0.0,138.3:0.0,132.2:0.0,140.3:0.0,141.4:0.0,142.4:0.0,143.4:0.0,144.5:0.0,145.5:0.0,146.5:0.0,147.6:0.0,148.6:0.0,142.4:0.0,143.4:1929.2,144.5:1897.7,145.5:1867.0,146.5:1841.7,147.5:1818.5,148.6:1797.0,149.6:1775.2,150.7:1751.5,151.7:1730.7,152.8:1712.2,153.8:1696.0,154.9:1679.5,156.0:1676.5,157.0:1664.0,158.0:1635.7,159.1:1621.5,160.1:1612.7,161.1:1602.5,162.2:1592.0,163.2:1581.7,164.3:1570.7,165.3:1560.7,166.3:1552.0,167.3:1545.0,168.4:1538.7,169.4:1531.7,170.5:1524.2,171.5:1519.5,172.5:1514.2,173.6:1508.5,181.7:0.0,175.9:0.0,177.0:1209.5,184.8:0.0,179.1:1195.2,180.1:1182.0,181.2:1180.7,182.1:1178.7,183.2:1176.0,184.3:1174.2,185.3:1176.0,186.3:1177.7,187.3:1179.5,188.4:1182.2,189.5:1183.0,190.4:1183.2,191.5:1186.7,192.5:1192.0,193.6:1194.5,194.6:1200.2,195.6:1204.7,196.6:1205.5,197.6:1209.5,205.5:0.0,206.5:0.0,207.6:0.0,208.6:0.0,202.7:0.0,203.8:1284.0,211.7:0.0,212.7:0.0,213.8:0.0,214.8:0.0,215.9:0.0,216.9:0.0,217.9:0.0,219.0:0.0,220.0:0.0,221.0:0.0,222.1:0.0,223.1:0.0,224.1:0.0,225.2:0.0,226.2:0.0,227.2:0.0,228.3:0.0,229.3:0.0,230.4:0.0,231.4:0.0,232.4:0.0,233.5:0.0,234.5:0.0,235.5:0.0,236.6:0.0,237.6:0.0,238.6:0.0,239.7:0.0,235.1:0.0,241.7:0.0,242.8:0.0,243.8:0.0,244.8:0.0,245.9:0.0,246.9:0.0,248.0:0.0,249.0:0.0,250.0:0.0,251.1:0.0,252.1:0.0,247.9:0.0,248.9:520.2,249.9:517.2,251.0:512.7,252.1:507.5,253.2:503.5,254.1:501.5,255.4:499.0,256.4:495.7,257.5:493.0,258.3:492.0,259.4:489.5,260.5:486.2,261.5:484.2,262.6:482.2,263.7:480.7,264.7:479.0,265.7:478.2,266.9:477.7,267.7:477.5,269.0:477.2,270.0:477.0,271.0:476.0,271.9:475.7,272.8:475.5,274.1:475.2,275.2:475.2,275.9:475.5,277.0:475.7,278.1:476.5,279.1:477.2,280.0:478.0,281.2:478.2,282.2:479.2,283.3:481.7,284.2:483.0,285.1:485.0,286.1:487.2,287.3:489.5,288.2:492.2,289.2:493.7,290.3:495.0,291.4:497.2,292.3:500.5,293.5:504.5,294.2:507.2,295.3:511.7,296.3:516.0,297.4:518.7,303.6:0.0,304.6:0.0,305.6:0.0,306.7:0.0,302.5:0.0,308.8:0.0,309.8:0.0,310.8:0.0,311.9:0.0,312.9:0.0,313.9:0.0,315.0:0.0,316.0:0.0,317.0:0.0,318.1:0.0,319.1:0.0,320.1:0.0,321.2:0.0,322.2:0.0,323.2:0.0,324.2:0.0,325.3:0.0,326.3:0.0,327.3:0.0,322.4:0.0,329.4:0.0,324.5:710.0,331.5:0.0,332.5:0.0,333.5:0.0,334.6:0.0,335.6:0.0,330.9:0.0,337.7:0.0,333.1:637.7,334.0:624.5,335.0:615.7,336.3:609.5,337.3:605.2,338.2:599.2,339.5:594.2,340.3:591.0,341.6:586.7,342.5:581.0,343.6:577.2,344.6:574.0,345.7:570.0,346.7:567.5,347.7:563.5,348.8:560.7,349.9:558.2,350.9:554.7,351.9:552.0,352.9:550.5,
355.3:341.0,356.7:340.5,357.6:340.0,358.4:339.2,359.9:339.0,0.5:338.7,2.1:338.5,3.0:338.0,4.2:337.5,5.0:336.7,6.2:336.7,7.2:337.5,8.2:338.2,9.2:339.0,10.1:339.2,11.0:339.5,12.4:339.5,13.3:340.2,14.0:341.7,15.1:343.5,15.8:344.7,17.2:345.7,17.9:347.7,19.2:349.7,20.5:351.2,21.3:353.5,22.4:357.2,23.3:358.0,28.0:0.0,29.1:0.0,30.1:0.0,31.1:0.0,32.2:0.0,33.2:0.0,34.2:0.0,35.3:0.0,36.3:0.0,37.3:0.0,38.4:0.0,32.9:0.0,40.4:0.0,41.5:0.0,42.5:0.0,43.5:0.0,44.6:0.0,45.6:0.0,46.6:0.0,47.7:0.0,48.7:0.0,49.7:0.0,50.7:0.0,51.8:0.0,52.8:0.0,53.8:0.0,54.9:0.0,55.9:0.0,57.0:0.0,58.0:0.0,59.0:0.0,60.0:0.0,61.1:0.0,62.1:0.0,63.1:0.0,64.2:0.0,65.2:0.0,66.2:0.0,67.2:0.0,68.3:0.0,69.3:0.0,70.3:0.0,71.4:0.0,72.4:0.0,73.4:0.0,74.5:0.0,75.5:0.0,76.5:0.0,77.6:0.0,78.6:0.0,79.6:0.0,80.7:0.0,81.7:0.0,82.7:0.0,83.7:0.0,77.7:0.0,78.8:1538.7,79.8:1549.5,80.8:1551.7,81.8:1547.7,82.8:1554.2,90.9:0.0,91.9:0.0,85.8:0.0,86.9:1622.5,95.0:0.0,96.0:0.0,97.1:0.0,98.1:0.0,99.1:0.0,100.2:0.0,101.2:0.0,102.2:0.0,103.2:0.0,104.3:0.0,97.9:0.0,99.1:0.0,100.1:1912.2,101.2:1912.2,102.2:1919.5,103.2:1925.5,104.2:1928.2,105.2:1931.5,106.3:1936.7,107.3:1943.0,108.3:1950.2,109.3:1959.0,110.4:1966.7,111.4:1975.0,112.4:1987.2,113.4:1999.2,114.5:2009.2,115.5:2020.0,116.5:2034.0,117.5:2047.5,118.5:2062.7,119.6:2079.5,120.6:2096.5,128.9:0.0,129.9:0.0,131.0:0.0,132.0:0.0,133.0:0.0,134.0:0.0,135.1:0.0,129.0:0.0,130.0:1671.0,131.1:1658.5,139.2:0.0,140.3:0.0,141.3:0.0,142.3:0.0,143.4:0.0,144.4:0.0,145.4:0.0,146.4:0.0,147.5:0.0,148.5:0.0,149.5:0.0,150.6:0.0,151.6:0.0,145.3:0.0,146.3:2098.5,147.4:2072.2,148.4:2040.0,149.4:2015.2,150.5:1993.2,151.5:1972.5,152.5:1950.5,153.6:1929.2,154.7:1913.0,155.8:1895.7,156.8:1880.0,157.8:1870.2,158.9:1854.5,159.9:1829.5,161.0:1814.7,162.0:1807.0,163.0:1797.0,164.1:1784.7,165.1:1772.5,166.1:1762.5,167.2:1754.7,168.2:1747.0,169.3:1737.7,170.3:1731.5,171.3:1725.2,172.4:1718.7,173.4:1710.2,174.4:1704.0,175.7:0.0,176.6:1405.2,177.7:1402.5,178.7:1390.2,179.7:1377.2,180.7:1377.7,181.8:1376.5,182.8:1372.5,183.9:1372.0,184.9:1371.5,185.9:1371.0,187.0:1374.5,188.0:1376.7,189.0:1380.0,190.0:1385.0,191.0:1384.2,192.1:1383.0,193.2:1389.2,194.2:1396.7,195.2:1401.5,196.2:1407.7,197.2:1411.2,198.2:1415.0,199.3:1431.7,200.3:1462.0,201.3:1478.7,209.4:0.0,210.4:0.0,211.5:0.0,212.5:0.0,213.5:0.0,214.5:0.0,215.6:0.0,216.6:0.0,217.7:0.0,218.7:0.0,219.7:0.0,220.7:0.0,221.8:0.0,222.8:0.0,223.8:0.0,224.9:0.0,225.9:0.0,226.9:0.0,228.0:0.0,229.0:0.0,230.0:0.0,231.1:0.0,232.1:0.0,233.1:0.0,234.2:0.0,235.2:0.0,236.2:0.0,237.3:0.0,238.3:0.0,233.7:0.0,240.4:0.0,241.4:0.0,242.5:0.0,243.5:0.0,244.5:0.0,245.5:0.0,246.6:0.0,247.6:0.0,248.7:0.0,249.7:0.0,250.7:0.0,246.6:0.0,247.6:510.0,248.6:505.2,249.9:501.7,250.8:498.7,251.8:495.5,252.8:492.2,253.8:489.0,254.9:486.2,256.2:483.2,257.2:479.7,258.2:476.7,259.1:475.2,260.1:473.7,261.1:471.2,262.4:468.7,263.4:468.0,264.3:467.2,265.3:465.0,266.4:463.7,267.6:463.2,268.7:462.7,269.5:462.2,270.7:461.7,271.5:461.0,272.7:460.7,273.5:461.5,274.6:462.7,275.7:463.0,276.8:463.0,277.5:464.0,278.8:464.7,279.7:465.2,280.7:466.5,281.9:467.0,282.8:468.2,284.0:470.7,284.9:473.0,285.7:474.7,287.0:476.7,287.8:478.5,288.9:479.7,289.9:483.7,290.9:487.7,292.0:489.5,292.8:492.0,293.8:495.5,294.9:498.2,296.1:500.5,296.9:504.7,298.0:509.5,304.1:0.0,305.1:0.0,306.2:0.0,307.2:0.0,308.2:0.0,303.8:0.0,310.3:0.0,311.3:0.0,312.3:0.0,313.4:0.0,314.4:0.0,315.4:0.0,316.5:0.0,317.5:0.0,318.5:0.0,319.5:0.0,320.6:0.0,321.6:0.0,322.6:0.0,323.7:0.0,324.7:0.0,325.7:0.0,326.7:0.0,327.8:0.0,328.8:0.0,329.8:0.0,330.9:0.0,331.9:0.0,333.0:0.0,334.0:0.0,335.0:0.0,336.0:0.0,332.7:0.0,333.7:394.0,335.1:389.7,336.0:384.2,336.9:380.5,337.9:379.5,339.4:377.0,340.3:373.2,341.5:370.2,342.7:365.5,343.3:361.7,344.5:359.7,345.6:357.7,346.9:355.7,347.6:354.0,348.9:352.0,349.5:349.7,351.0:347.7,352.2:346.2,353.4:345.0,353.8:344.0,
352.7:1173.7,353.7:1183.0,1.5:0.0,2.5:0.0,3.6:0.0,4.6:0.0,5.6:0.0,6.7:0.0,7.7:0.0,8.7:0.0,9.8:0.0,10.8:0.0,11.8:0.0,12.9:0.0,13.9:0.0,15.0:0.0,16.0:0.0,17.0:0.0,18.1:0.0,19.1:0.0,20.2:0.0,21.2:0.0,22.2:0.0,23.3:0.0,24.3:0.0,25.3:0.0,26.4:0.0,27.4:0.0,28.5:0.0,29.5:0.0,30.5:0.0,31.6:0.0,32.6:0.0,33.6:0.0,34.7:0.0,35.7:0.0,36.7:0.0,37.8:0.0,38.8:0.0,32.7:0.0,33.7:1621.5,34.8:1622.2,35.9:1614.7,36.9:1607.2,37.9:1617.5,39.0:1628.2,40.0:1637.0,41.1:1646.7,42.0:1657.2,43.1:1669.2,44.1:1681.7,45.2:1695.7,53.3:0.0,47.2:1721.5,55.4:0.0,49.3:1757.7,50.3:1781.0,58.5:0.0,59.6:0.0,60.6:0.0,61.6:0.0,55.4:0.0,56.5:1884.5,57.5:1882.5,58.6:1877.2,59.5:1876.5,60.6:1876.7,61.6:1873.7,62.7:1875.2,63.7:1874.7,64.7:1877.7,65.7:1881.2,66.8:1885.0,67.8:1889.0,68.9:1890.0,69.9:1893.2,70.9:1894.5,71.9:1899.2,73.0:1907.2,74.0:1914.7,75.0:1925.0,76.0:1933.2,77.1:1939.5,78.1:1948.2,79.1:1962.2,87.4:0.0,88.5:0.0,89.5:0.0,90.5:0.0,91.5:0.0,92.5:0.0,93.6:0.0,94.6:0.0,88.6:0.0,96.7:0.0,90.7:1498.5,91.7:1519.0,99.8:0.0,100.8:0.0,101.8:0.0,102.9:0.0,103.9:0.0,97.8:0.0,106.0:0.0,107.0:0.0,108.0:0.0,109.0:0.0,110.1:0.0,111.1:0.0,112.1:0.0,105.9:0.0,107.0:1859.2,108.0:1829.2,109.1:1803.5,110.1:1776.2,111.2:1748.2,112.2:1722.5,113.3:1702.0,114.3:1680.2,115.3:1658.0,116.4:1636.2,117.4:1619.0,118.5:1606.7,119.5:1596.0,120.5:1601.2,121.6:0.0,122.7:1547.0,123.7:1535.5,124.7:1522.2,125.7:1510.5,126.8:1498.7,127.8:1485.5,128.8:1476.0,130.0:1465.5,131.0:1456.2,132.0:1450.2,133.1:1444.0,134.1:1436.5,135.2:1429.7,136.2:1425.0,137.2:1421.5,138.2:1416.7,139.3:1413.5,140.6:0.0,141.6:1119.2,142.6:1114.7,143.7:1097.7,144.7:1087.2,145.8:1086.2,146.8:1081.7,147.8:1082.2,148.9:1083.2,149.9:1082.0,150.9:1080.7,152.0:1081.5,153.0:1082.2,154.1:1083.7,155.1:1085.7,156.2:1086.5,157.2:1087.7,158.2:1091.0,159.2:1093.2,160.3:1097.2,161.4:1101.7,162.3:1105.7,163.4:1110.0,164.4:1113.7,165.4:1121.0,166.5:1130.7,174.2:0.0,168.5:1142.0,176.3:0.0,170.5:0.0,171.6:1200.2,179.4:0.0,180.4:0.0,181.4:0.0,182.5:0.0,183.5:0.0,184.5:0.0,185.6:0.0,186.7:0.0,187.7:0.0,188.8:0.0,189.8:0.0,190.8:0.0,191.9:0.0,192.9:0.0,194.0:0.0,195.0:0.0,196.0:0.0,197.1:0.0,198.1:0.0,199.2:0.0,200.2:0.0,201.2:0.0,202.3:0.0,203.3:0.0,204.3:0.0,205.4:0.0,200.8:0.0,207.5:0.0,203.1:596.5,209.5:0.0,210.6:0.0,211.6:0.0,212.6:0.0,208.2:0.0,214.7:0.0,215.7:0.0,216.8:0.0,212.7:0.0,213.7:528.2,219.9:0.0,215.8:520.5,216.7:515.2,217.7:512.0,219.0:508.7,219.9:505.2,220.9:502.2,222.1:499.0,223.3:496.7,224.2:495.2,225.1:494.0,226.4:491.2,227.4:489.2,228.2:488.5,229.4:486.7,230.5:485.7,231.5:484.5,232.6:483.5,233.7:482.2,234.7:480.2,235.6:479.7,236.6:479.7,237.8:479.2,238.9:478.7,239.9:478.7,240.8:479.2,242.0:479.7,243.1:481.0,244.1:481.5,245.0:481.7,246.0:483.2,247.2:484.0,248.1:485.2,249.2:488.0,250.2:490.0,251.1:492.0,252.2:493.5,253.3:494.0,254.2:495.2,255.2:497.2,256.4:500.5,257.2:503.7,258.2:506.7,259.3:510.7,260.4:513.5,261.4:516.5,262.3:522.0,263.4:526.5,269.6:0.0,270.7:0.0,271.7:0.0,272.7:0.0,273.8:0.0,274.8:0.0,275.8:0.0,276.9:0.0,277.9:0.0,278.9:0.0,280.0:0.0,281.0:0.0,282.0:0.0,283.0:0.0,284.0:0.0,285.1:0.0,286.1:0.0,287.2:0.0,288.2:0.0,289.2:0.0,290.2:0.0,291.3:0.0,292.3:0.0,293.3:0.0,294.4:0.0,295.4:0.0,296.4:0.0,297.5:0.0,292.4:0.0,299.5:0.0,294.4:0.0,295.5:769.5,302.6:0.0,297.6:754.7,298.7:742.2,299.7:736.0,306.8:0.0,301.8:725.5,303.0:713.2,304.1:706.2,305.0:700.2,306.2:692.7,307.2:687.2,308.2:682.5,309.2:679.0,310.3:674.7,311.3:671.2,312.3:667.7,313.5:662.0,314.5:659.7,315.5:657.5,316.6:653.0,317.7:650.5,318.5:648.0,319.7:644.5,320.7:643.5,321.8:642.0,322.7:639.2,323.8:638.5,324.9:637.2,325.8:636.0,327.0:635.5,327.9:635.0,328.9:635.2,330.0:635.0,331.0:634.2,332.2:634.5,333.1:636.0,334.2:637.0,335.1:637.2,336.1:640.5,337.2:642.0,338.3:642.7,339.3:646.5,340.3:651.2,347.1:0.0,348.1:0.0,349.2:0.0,350.2:0.0,344.5:0.0,345.5:1118.5,346.6:1122.7,354.4:0.0,348.7:1134.5,356.5:0.0,350.7:1150.7,351.7:1163.5,
352.3:987.0,353.3:997.5,354.3:1004.7,355.3:1012.0,356.4:1020.2,357.3:1028.5,358.5:1035.7,6.0:0.0,7.1:0.0,8.1:0.0,2.5:0.0,3.5:1096.0,11.2:0.0,12.2:0.0,13.3:0.0,14.3:0.0,15.3:0.0,16.4:0.0,17.4:0.0,18.5:0.0,19.5:0.0,20.5:0.0,21.6:0.0,22.6:0.0,23.6:0.0,24.7:0.0,25.7:0.0,26.7:0.0,27.8:0.0,28.8:0.0,29.8:0.0,30.9:0.0,31.9:0.0,32.9:0.0,34.0:0.0,35.0:0.0,36.0:0.0,37.1:0.0,38.1:0.0,39.1:0.0,40.2:0.0,41.2:0.0,42.3:0.0,43.3:0.0,44.3:0.0,45.4:0.0,46.4:0.0,40.5:0.0,41.5:1465.0,49.5:0.0,43.5:1480.2,44.5:1499.2,45.6:1510.0,46.6:1525.0,47.7:1538.7,48.7:1546.5,56.8:0.0,57.8:0.0,58.8:0.0,59.9:0.0,53.8:0.0,62.0:0.0,63.0:0.0,64.0:0.0,65.1:0.0,66.1:0.0,67.1:0.0,61.0:0.0,62.0:1782.7,63.0:1787.5,64.1:1789.0,65.1:1790.0,66.1:1791.0,67.2:1790.0,68.2:1794.0,69.3:1797.5,70.3:1799.2,71.3:1806.7,72.3:1814.2,73.4:1822.5,74.4:1831.2,75.5:1839.0,76.5:1846.2,77.5:1854.2,78.5:1863.0,79.5:1873.0,80.6:1882.2,81.6:1895.7,82.7:1908.5,83.6:1918.5,84.6:1929.2,92.9:0.0,93.9:0.0,95.0:0.0,96.0:0.0,97.0:0.0,98.1:0.0,99.1:0.0,100.1:0.0,101.2:0.0,95.2:0.0,96.2:1494.2,104.2:0.0,105.3:0.0,106.3:0.0,107.3:0.0,108.4:0.0,109.4:0.0,103.3:0.0,111.5:0.0,112.5:0.0,113.5:0.0,114.5:0.0,115.6:0.0,116.6:0.0,117.6:0.0,111.4:0.0,112.5:1931.7,113.5:1906.0,114.5:1881.0,115.5:1856.7,116.6:1835.0,117.7:1814.0,118.7:1797.0,119.7:1780.0,120.8:1760.2,121.8:1741.2,122.8:1724.2,123.9:1708.2,124.9:1697.5,125.9:1703.2,127.0:1688.7,128.0:1661.2,129.0:1652.7,130.1:1641.0,131.3:1632.5,132.2:1627.7,133.3:1620.0,134.4:1613.7,135.4:1608.2,136.4:1599.2,137.5:1593.2,138.5:1589.7,139.6:1582.2,140.6:1575.2,141.5:1574.2,142.7:1573.2,143.7:1571.0,144.7:1577.7,145.9:0.0,147.0:1275.2,148.0:1275.0,149.1:1260.5,150.1:1249.5,151.2:1250.2,152.2:1248.5,153.2:1253.5,154.2:1255.5,155.3:1254.7,156.4:1256.0,157.4:1258.7,158.5:1262.7,159.5:1265.0,160.5:1268.7,161.6:1273.7,162.6:1278.2,163.6:1284.5,164.7:1293.5,165.7:1299.0,173.6:0.0,174.6:0.0,175.7:0.0,176.7:0.0,177.7:0.0,171.9:0.0,172.9:1392.0,180.9:0.0,181.9:0.0,182.9:0.0,184.0:0.0,185.0:0.0,186.0:0.0,187.0:0.0,188.1:0.0,189.1:0.0,190.2:0.0,191.2:0.0,192.2:0.0,193.2:0.0,194.3:0.0,195.3:0.0,196.4:0.0,197.4:0.0,198.4:0.0,199.5:0.0,200.5:0.0,201.5:0.0,202.6:0.0,203.6:0.0,204.6:0.0,205.7:0.0,206.7:0.0,207.7:0.0,208.8:0.0,203.8:0.0,210.9:0.0,206.2:0.0,207.1:674.0,208.2:667.7,209.3:662.5,210.3:657.2,211.3:651.2,212.5:645.7,213.6:640.7,214.5:634.7,215.7:628.5,216.7:624.7,217.7:621.2,218.6:617.2,219.7:613.0,220.8:608.0,221.9:605.0,223.0:601.7,223.9:598.7,224.9:596.5,226.2:592.7,227.2:589.5,228.2:587.0,229.2:585.7,230.2:585.0,231.2:583.5,232.5:582.0,233.4:580.5,234.6:579.7,235.5:578.7,236.5:579.2,237.7:579.5,238.6:578.2,239.7:577.0,240.6:577.0,241.7:578.0,242.8:579.2,243.9:579.7,244.9:580.0,245.8:581.0,247.0:583.0,248.0:585.0,249.0:586.7,249.9:587.5,251.1:590.0,252.0:593.0,253.0:593.7,254.1:597.7,255.0:602.0,256.1:605.7,257.2:610.7,258.0:613.7,259.1:615.2,260.1:618.7,261.2:624.2,262.3:630.7,263.2:635.0,264.2:639.2,265.3:646.0,266.4:650.7,273.1:0.0,274.1:0.0,269.2:661.5,270.3:675.2,277.2:0.0,278.2:0.0,279.3:0.0,280.3:0.0,281.3:0.0,282.3:0.0,283.3:0.0,278.3:0.0,285.4:0.0,286.4:0.0,287.4:0.0,288.4:0.0,289.5:0.0,290.5:0.0,291.5:0.0,292.6:0.0,293.6:0.0,294.6:0.0,290.1:0.0,296.7:0.0,297.7:0.0,298.7:0.0,299.8:0.0,300.8:0.0,296.5:0.0,302.9:0.0,298.5:548.5,304.9:0.0,306.0:0.0,301.8:0.0,308.1:0.0,309.1:0.0,305.0:517.0,306.0:509.0,307.1:503.5,308.2:499.0,309.3:496.5,310.3:494.5,311.4:490.0,312.5:486.0,313.6:484.7,314.6:482.2,315.4:480.2,316.6:477.2,317.8:474.2,318.8:472.7,319.7:471.5,320.7:470.2,321.9:468.2,323.0:467.5,324.1:466.2,324.9:465.2,325.9:465.7,327.1:466.2,328.1:466.2,329.0:466.0,330.0:466.0,331.0:466.7,332.2:467.0,333.2:468.7,339.1:0.0,340.1:0.0,341.2:0.0,342.2:0.0,343.2:0.0,344.3:0.0,338.9:0.0,339.9:928.2,340.9:932.5,341.9:935.5,342.9:937.7,344.0:941.7,345.1:947.2,346.1:950.0,347.1:953.7,348.1:960.5,349.2:966.2,350.3:971.5,351.2:977.5,
352.5:803.7,353.5:809.5,354.5:814.5,355.5:819.5,2.8:0.0,3.8:0.0,358.5:0.0,359.5:854.7,6.9:0.0,7.9:0.0,9.0:0.0,10.0:0.0,11.0:0.0,12.1:0.0,13.1:0.0,14.1:0.0,15.2:0.0,16.2:0.0,17.2:0.0,18.3:0.0,19.3:0.0,20.4:0.0,21.4:0.0,22.4:0.0,23.5:0.0,24.5:0.0,25.5:0.0,26.6:0.0,27.6:0.0,28.7:0.0,29.7:0.0,30.7:0.0,31.7:0.0,32.8:0.0,33.8:0.0,34.9:0.0,35.9:0.0,36.9:0.0,38.0:0.0,39.0:0.0,40.0:0.0,41.1:0.0,42.1:0.0,43.2:0.0,44.2:0.0,45.2:0.0,46.3:0.0,47.3:0.0,48.3:0.0,49.4:0.0,50.4:0.0,51.5:0.0,52.5:0.0,53.5:0.0,54.6:0.0,55.6:0.0,56.6:0.0,57.7:0.0,51.7:0.0,59.7:0.0,60.8:0.0,61.8:0.0,62.8:0.0,63.9:0.0,64.9:0.0,66.0:0.0,66.9:0.0,67.9:0.0,69.0:0.0,62.9:0.0,71.0:0.0,72.1:0.0,73.1:0.0,67.0:0.0,68.1:1698.2,69.1:1699.0,70.1:1705.2,71.2:1712.7,72.2:1717.2,73.2:1722.7,74.2:1725.7,75.2:1734.2,76.3:1743.7,77.3:1750.7,78.3:1760.2,79.4:1766.5,80.4:1775.2,81.4:1787.5,82.5:1800.7,83.5:1819.5,84.5:1833.7,85.5:1845.5,86.5:1862.7,87.5:1879.2,88.6:1895.0,89.6:1910.7,90.6:1936.5,98.9:0.0,99.9:0.0,101.0:0.0,102.0:0.0,103.0:0.0,104.1:0.0,105.1:0.0,106.1:0.0,107.2:0.0,108.2:0.0,102.2:0.0,103.2:1526.0,111.3:0.0,112.3:0.0,113.3:0.0,114.4:0.0,115.4:0.0,116.4:0.0,117.4:0.0,118.5:0.0,119.5:0.0,120.5:0.0,121.6:0.0,122.6:0.0,116.3:0.0,117.4:2019.2,118.4:1999.5,119.4:1978.7,120.5:1961.0,121.5:1941.7,122.6:1920.7,123.6:1904.2,124.6:1889.0,125.7:1875.5,126.7:1863.5,127.8:1849.0,128.8:1833.2,129.8:1826.5,130.9:1833.7,132.0:1820.2,133.0:1795.2,134.0:1787.5,135.1:1780.5,136.1:1771.2,137.1:1764.2,138.1:1758.2,139.2:1750.0,140.2:1746.5,141.2:1744.2,142.3:1740.2,143.3:1737.5,144.4:1736.5,145.4:1734.2,146.4:1732.2,147.4:1732.7,148.5:1746.5,156.7:0.0,157.7:0.0,151.7:0.0,152.8:1441.2,153.9:1426.0,154.8:1422.5,155.9:1427.2,157.0:1433.7,165.0:0.0,166.0:0.0,160.0:1444.5,161.1:1455.7,162.1:1459.0,163.2:1464.2,164.2:1473.2,165.2:1478.2,166.2:1485.7,167.2:1496.2,168.3:1506.2,169.4:1513.2,170.3:1523.5,171.4:1535.5,172.4:0.0,173.5:1590.2,181.5:0.0,182.6:0.0,183.6:0.0,184.6:0.0,185.7:0.0,186.7:0.0,187.8:0.0,188.8:0.0,189.8:0.0,190.9:0.0,191.9:0.0,192.9:0.0,194.0:0.0,195.0:0.0,196.0:0.0,197.1:0.0,198.1:0.0,199.1:0.0,200.2:0.0,201.2:0.0,202.2:0.0,203.3:0.0,204.3:0.0,205.4:0.0,206.4:0.0,207.4:0.0,208.5:0.0,203.3:0.0,204.4:818.0,205.5:810.5,212.7:0.0,207.5:797.5,208.6:784.5,209.7:776.5,210.7:768.5,211.7:761.7,212.9:754.7,213.9:749.2,215.0:744.0,216.0:737.2,217.1:733.0,218.0:727.7,219.1:720.5,220.1:716.0,221.2:714.2,222.2:708.7,223.4:703.7,224.4:701.2,225.3:698.0,226.5:693.5,227.5:690.0,228.5:691.0,229.5:688.2,230.6:684.5,231.6:683.5,232.6:683.2,233.7:682.5,234.7:681.7,235.7:680.7,236.8:679.2,237.9:680.0,238.9:680.5,240.0:680.5,240.9:680.7,241.9:681.2,243.0:682.7,244.1:684.2,245.0:686.0,246.1:687.0,247.2:688.2,248.3:689.7,249.3:691.5,250.3:694.0,251.3:696.5,252.3:700.2,253.3:704.7,254.3:707.7,255.2:711.7,256.4:713.7,263.4:0.0,258.3:0.0,259.4:761.5,260.3:764.2,261.5:767.5,268.5:0.0,269.6:0.0,270.6:0.0,271.6:0.0,272.7:0.0,273.7:0.0,274.7:0.0,275.8:0.0,276.8:0.0,277.8:0.0,278.9:0.0,279.9:0.0,280.9:0.0,282.0:0.0,282.9:0.0,283.9:0.0,285.0:0.0,286.0:0.0,287.0:0.0,288.0:0.0,289.1:0.0,290.1:0.0,291.1:0.0,292.2:0.0,293.2:0.0,294.2:0.0,295.2:0.0,296.3:0.0,297.3:0.0,298.3:0.0,299.4:0.0,300.4:0.0,301.4:0.0,302.5:0.0,300.0:0.0,304.5:0.0,301.8:330.0,306.6:0.0,304.5:324.0,305.5:319.2,306.2:317.2,307.2:315.7,308.3:312.7,310.0:309.7,310.9:307.7,312.1:307.0,312.6:306.5,313.6:305.5,314.8:304.5,316.4:303.7,317.2:303.7,318.2:305.0,318.8:306.0,323.2:0.0,324.2:0.0,325.2:0.0,326.3:0.0,327.3:0.0,328.3:0.0,329.4:0.0,330.4:0.0,331.4:0.0,332.4:0.0,333.5:0.0,334.5:0.0,329.5:0.0,330.4:774.0,331.4:774.5,332.5:773.7,333.6:762.0,334.7:749.2,335.7:749.0,336.7:750.0,337.8:751.0,338.8:752.7,339.8:755.2,340.8:758.0,341.8:760.0,342.9:763.2,343.9:767.7,344.8:771.5,345.9:775.5,346.9:778.2,348.0:781.0,349.1:787.2,350.0:793.0,351.1:796.7,352.0:802.7,
358.8:0.0,359.9:0.0,0.9:0.0,2.0:0.0,3.0:0.0,4.0:0.0,5.0:0.0,6.1:0.0,7.1:0.0,8.2:0.0,9.2:0.0,10.2:0.0,11.2:0.0,12.3:0.0,6.1:0.0,7.1:1885.0,8.2:1853.0,9.2:1828.7,10.3:1810.5,11.3:1788.7,12.3:1765.2,13.4:1739.5,14.5:1715.2,15.5:1697.2,16.5:1681.5,17.6:1667.7,18.6:1654.5,19.6:1652.2,20.7:1636.2,21.7:1612.7,22.8:1603.2,23.8:1592.5,24.8:1582.5,25.9:1572.7,26.9:1564.2,28.0:1551.2,29.0:1539.5,30.0:1533.0,31.0:1527.7,32.1:1521.5,33.2:1517.0,34.1:1513.5,35.3:1508.7,36.3:1501.7,37.3:1497.0,38.4:1497.7,39.7:0.0,40.7:1199.0,41.7:1199.5,49.5:0.0,43.8:1184.0,44.8:1171.5,45.9:1172.7,47.0:1171.2,48.0:1172.5,49.0:1173.5,50.0:1175.0,51.1:1175.5,52.1:1175.5,53.2:1178.7,54.2:1180.2,55.2:1182.5,56.2:1187.0,57.3:1190.7,58.3:1196.5,59.2:1203.7,60.3:1206.2,61.3:1209.5,69.2:0.0,70.2:0.0,64.4:1224.2,72.3:0.0,73.3:0.0,74.3:0.0,68.5:0.0,76.4:0.0,77.4:0.0,78.5:0.0,79.5:0.0,80.5:0.0,81.6:0.0,82.6:0.0,83.6:0.0,84.7:0.0,85.7:0.0,86.7:0.0,87.8:0.0,88.8:0.0,89.8:0.0,90.8:0.0,91.8:0.0,92.8:0.0,93.9:0.0,94.9:0.0,95.9:0.0,97.0:0.0,98.0:0.0,99.0:0.0,100.0:0.0,101.1:0.0,102.1:0.0,103.1:0.0,104.2:0.0,105.2:0.0,106.2:0.0,107.3:0.0,102.6:0.0,103.6:619.5,104.9:614.0,105.8:605.0,107.0:599.2,108.0:594.2,108.9:591.0,110.0:586.2,111.0:580.5,112.0:575.2,113.2:569.7,114.2:565.2,115.1:563.0,116.4:560.7,117.4:556.7,118.3:553.2,119.4:551.7,120.5:548.2,121.5:545.2,122.5:543.2,123.6:541.0,124.6:539.5,125.7:537.7,126.6:536.5,127.8:535.0,128.9:533.7,129.7:533.5,130.9:531.7,131.8:531.5,133.1:530.7,133.9:529.5,135.1:529.7,136.0:530.5,137.1:530.5,138.1:530.7,139.0:532.0,140.2:532.0,141.1:532.2,142.3:533.2,143.1:534.5,144.3:536.2,145.3:537.7,146.4:539.0,147.4:541.2,148.3:544.2,149.5:545.7,150.4:547.0,151.5:549.7,152.5:553.0,153.3:557.2,154.4:560.2,155.3:564.2,156.6:566.7,157.6:569.7,158.7:575.2,165.1:0.0,160.6:581.7,161.7:591.0,162.7:596.7,163.7:601.2,170.3:0.0,171.3:0.0,166.7:0.0,167.7:628.2,174.4:0.0,175.4:0.0,176.5:0.0,177.5:0.0,178.5:0.0,179.6:0.0,180.6:0.0,175.7:0.0,176.8:708.5,183.7:0.0,184.7:0.0,185.8:0.0,186.8:0.0,181.7:0.0,188.8:0.0,189.9:0.0,190.9:0.0,191.9:0.0,187.0:0.0,194.0:0.0,195.0:0.0,196.1:0.0,197.1:0.0,198.1:0.0,193.5:0.0,194.4:645.0,195.4:637.2,196.5:627.5,197.5:619.5,198.8:613.7,199.7:608.2,200.9:603.2,201.8:599.0,202.9:593.2,204.0:588.2,205.1:584.5,206.2:580.5,207.2:577.2,208.2:572.7,209.3:569.5,210.5:568.0,211.4:563.2,212.3:559.5,213.6:559.7,214.5:558.0,215.5:554.5,216.6:553.0,217.8:552.7,218.8:550.0,219.7:547.2,220.8:545.5,221.8:544.7,222.8:544.7,223.8:543.7,225.0:544.2,226.1:543.5,227.1:542.7,228.1:544.7,229.0:545.2,230.1:544.2,231.0:544.5,232.0:548.0,233.2:551.5,239.6:0.0,240.6:0.0,241.6:0.0,242.7:0.0,243.7:0.0,244.7:0.0,239.2:0.0,240.2:1025.2,241.3:1028.0,242.3:1031.0,243.4:1035.0,244.4:1041.0,245.4:1047.7,246.4:1056.2,247.4:1064.0,248.4:1069.5,249.5:1075.2,250.5:1082.0,251.5:1092.5,252.5:1101.0,260.2:0.0,261.2:0.0,262.3:0.0,263.3:0.0,264.4:0.0,265.4:0.0,266.4:0.0,267.5:0.0,268.5:0.0,269.5:0.0,270.6:0.0,271.6:0.0,272.6:0.0,273.7:0.0,274.7:0.0,275.7:0.0,276.7:0.0,277.8:0.0,278.8:0.0,279.9:0.0,280.9:0.0,281.9:0.0,282.8:0.0,283.8:0.0,284.9:0.0,285.9:0.0,286.9:0.0,287.9:0.0,289.0:0.0,290.0:0.0,291.0:0.0,292.0:0.0,293.1:0.0,294.1:0.0,295.1:0.0,296.2:0.0,297.2:0.0,298.2:0.0,292.1:0.0,293.2:1544.7,301.3:0.0,295.3:1542.7,296.3:1542.5,297.3:1552.0,298.3:1561.5,299.4:1568.2,300.5:1577.5,301.5:1592.0,302.5:1605.2,303.5:1616.0,304.6:1629.7,312.7:0.0,313.7:0.0,307.6:0.0,315.8:0.0,316.8:0.0,317.9:0.0,318.9:0.0,319.9:0.0,321.0:0.0,314.8:0.0,315.8:1836.2,316.9:1834.0,317.9:1829.2,318.9:1827.5,319.9:1830.2,321.0:1834.2,322.0:1834.2,323.0:1838.7,324.1:1843.7,325.1:1844.5,326.2:1849.7,327.2:1857.2,328.2:1859.0,329.2:1863.7,330.3:1873.0,331.3:1880.5,332.3:1887.7,333.4:1896.2,334.4:1904.2,335.4:1911.2,336.5:1924.0,337.5:1935.5,338.5:1952.2,346.8:0.0,347.8:0.0,348.8:0.0,349.9:0.0,350.9:0.0,351.9:0.0,353.0:0.0,354.0:0.0,348.0:0.0,349.0:1487.7,350.0:1495.5,358.2:0.0,
359.6:0.0,0.7:0.0,1.7:0.0,2.7:0.0,3.7:0.0,4.8:0.0,5.8:0.0,6.8:0.0,7.9:0.0,8.9:0.0,9.9:0.0,11.0:0.0,12.0:0.0,5.9:0.0,6.9:1710.0,8.0:1685.2,9.0:1662.2,10.1:1639.2,11.1:1617.0,12.1:1600.0,13.2:1583.2,14.3:1567.0,15.3:1549.7,16.4:1533.2,17.4:1516.0,18.4:1500.0,19.5:1489.2,20.5:1476.7,21.6:1465.2,22.5:1470.5,23.6:1459.0,24.7:1432.0,25.7:1425.0,26.8:1418.7,27.8:1410.0,28.8:1401.5,29.8:1390.0,30.9:1380.5,31.9:1375.7,33.0:1371.2,34.0:1367.0,35.1:1363.2,36.1:1363.0,37.2:1360.7,38.2:1354.2,39.3:1351.7,40.2:1349.2,41.3:1347.0,42.3:1346.0,43.4:1345.0,44.4:1351.5,52.4:0.0,46.8:0.0,47.8:1067.0,48.8:1068.5,49.9:1073.0,50.9:1063.0,51.9:1048.2,53.0:1051.0,54.0:1054.0,55.0:1054.5,56.1:1056.7,57.1:1060.2,58.1:1064.0,59.2:1067.2,60.1:1071.7,61.1:1076.2,62.1:1080.0,63.1:1085.0,64.2:1089.7,65.3:1096.0,66.3:1101.2,67.2:1108.5,75.0:0.0,76.0:0.0,77.1:0.0,71.4:1131.2,79.1:0.0,73.4:1158.7,74.4:1175.2,82.2:0.0,76.4:0.0,84.3:0.0,78.4:1259.0,79.6:0.0,87.4:0.0,88.4:0.0,89.4:0.0,90.4:0.0,91.5:0.0,92.5:0.0,93.5:0.0,94.5:0.0,95.6:0.0,96.6:0.0,97.6:0.0,98.7:0.0,99.7:0.0,100.7:0.0,101.7:0.0,102.8:0.0,103.8:0.0,104.8:0.0,99.6:0.0,106.9:0.0,107.9:0.0,109.0:0.0,103.8:0.0,104.9:773.2,106.0:764.5,113.1:0.0,108.1:757.2,109.0:749.7,110.2:740.0,111.2:733.7,112.2:729.7,113.2:724.5,114.3:717.5,115.4:711.2,116.3:707.7,117.4:701.7,118.5:695.7,125.4:0.0,120.6:690.7,121.7:688.5,122.7:686.5,123.6:684.2,124.6:682.2,125.7:680.0,126.7:678.0,127.9:676.5,128.8:675.5,129.8:674.7,130.9:673.5,132.0:673.2,132.9:673.0,134.1:671.2,135.0:671.7,136.1:672.5,137.1:672.0,138.2:672.5,139.2:673.2,140.2:674.2,141.3:674.7,142.3:676.0,143.2:677.2,144.3:678.2,145.3:680.5,146.3:683.0,147.4:685.2,148.4:687.0,149.3:690.2,150.3:693.0,151.4:694.2,152.5:697.0,153.4:701.0,154.4:707.2,155.5:713.7,156.5:718.5,157.6:721.5,158.6:726.0,159.6:732.7,160.6:740.0,167.7:0.0,168.7:0.0,169.8:0.0,164.7:0.0,165.8:773.0,166.8:781.0,173.9:0.0,168.7:794.7,176.0:0.0,170.8:813.2,178.0:0.0,179.0:0.0,180.1:0.0,181.1:0.0,182.1:0.0,183.2:0.0,184.2:0.0,185.2:0.0,186.3:0.0,187.3:0.0,188.4:0.0,189.4:0.0,190.5:0.0,191.5:0.0,192.5:0.0,193.5:0.0,188.2:0.0,195.6:0.0,196.7:0.0,191.4:0.0,192.5:813.5,199.7:0.0,194.6:799.0,195.6:786.0,196.7:778.0,197.7:768.5,198.8:761.0,199.9:756.5,201.0:749.2,202.0:741.5,203.1:735.5,204.2:731.2,205.2:726.5,206.2:720.5,207.2:713.7,208.3:707.5,209.5:705.0,210.5:702.5,211.6:697.7,212.5:694.2,213.5:693.7,214.6:690.7,215.6:686.5,216.7:685.0,217.8:686.0,218.8:685.7,219.9:683.7,220.9:684.2,227.7:0.0,228.8:0.0,229.8:0.0,230.8:0.0,231.9:0.0,232.9:0.0,227.2:0.0,235.0:0.0,229.3:1136.5,230.3:1123.2,231.4:1126.2,232.4:1128.5,233.5:1131.0,234.5:1133.0,235.5:1134.5,236.5:1139.2,237.5:1143.7,238.5:1148.2,239.6:1154.5,240.6:1160.5,241.7:1165.7,242.7:1169.7,243.7:1175.5,244.7:1183.0,245.8:1188.7,246.7:1196.5,247.8:1203.7,255.6:0.0,256.7:0.0,257.7:0.0,258.7:0.0,259.7:0.0,260.8:0.0,261.8:0.0,262.8:0.0,263.9:0.0,264.9:0.0,265.9:0.0,267.0:0.0,268.0:0.0,262.1:0.0,270.1:0.0,271.1:0.0,272.1:0.0,273.2:0.0,274.2:0.0,275.2:0.0,276.3:0.0,270.2:0.0,278.3:0.0,279.4:0.0,280.4:0.0,281.4:0.0,282.4:0.0,283.4:0.0,284.4:0.0,285.4:0.0,286.5:0.0,287.5:0.0,288.5:0.0,289.5:0.0,290.6:0.0,284.6:0.0,285.7:1476.2,286.6:1474.2,294.7:0.0,288.7:1469.7,289.8:1464.0,290.8:1471.7,291.8:1478.2,292.8:1480.7,293.8:1487.7,294.9:1499.7,295.9:1510.7,296.9:1520.5,297.9:1530.5,299.0:1538.2,300.0:1548.0,301.0:1557.7,302.1:1566.5,303.1:1579.7,304.1:1595.0,305.2:1606.7,306.2:0.0,307.2:1674.7,315.3:0.0,316.4:0.0,310.2:1687.0,311.3:1688.5,312.4:1686.0,313.4:1682.0,314.4:1677.7,315.4:1676.2,316.5:1678.5,317.5:1682.5,318.5:1680.7,319.5:1681.2,320.6:1681.5,321.6:1679.2,322.6:1681.0,323.7:1682.5,324.7:1687.0,325.7:1692.2,326.7:1693.5,327.7:1696.2,328.8:1702.0,329.8:1710.7,330.8:1717.0,331.9:1722.2,332.9:1729.2,333.9:1738.7,335.0:1751.7,336.0:1761.7,344.2:0.0,345.2:0.0,346.2:0.0,347.3:0.0,348.3:0.0,349.3:0.0,350.4:0.0,351.4:0.0,352.4:0.0,346.6:0.0,347.7:1289.0,355.6:0.0,356.6:0.0,357.6:0.0,
352.9:0.0,0.6:0.0,1.6:0.0,2.7:0.0,3.7:0.0,4.7:0.0,5.7:0.0,6.8:0.0,7.8:0.0,8.8:0.0,9.9:0.0,10.9:0.0,11.9:0.0,12.9:0.0,14.0:0.0,8.0:0.0,9.1:1400.0,10.1:1382.0,11.2:1365.2,12.2:1350.0,13.2:1333.7,14.3:1317.7,15.3:1302.7,16.4:1288.5,17.4:1277.2,18.4:1266.7,19.4:1255.0,20.5:1245.0,21.5:1236.5,22.6:1226.5,23.6:1217.7,24.7:1209.2,25.7:1200.0,26.7:1191.2,27.7:1192.5,28.8:1201.5,29.8:1191.7,30.8:1174.0,31.8:1167.0,32.9:1162.7,33.9:1160.0,35.0:1156.5,36.0:1152.5,37.1:1148.7,38.2:1145.0,39.1:1142.5,40.2:1141.7,41.3:1139.2,42.2:1137.5,43.3:1139.2,44.3:1138.7,45.3:1138.2,46.4:1140.0,47.4:1140.0,48.4:1141.5,49.4:1143.2,50.5:1145.7,51.5:1149.5,52.5:1150.0,53.5:1153.2,54.6:1160.7,62.4:0.0,63.4:0.0,64.4:0.0,65.4:0.0,60.0:0.0,61.1:898.5,62.1:901.7,63.1:906.0,64.1:910.0,65.1:905.0,66.1:899.7,67.2:904.2,68.3:908.7,69.3:912.5,70.3:919.7,77.7:0.0,72.3:932.7,79.8:0.0,74.3:947.7,75.3:957.2,82.8:0.0,83.9:0.0,84.9:0.0,85.9:0.0,80.3:0.0,81.4:1023.2,89.0:0.0,90.0:0.0,91.0:0.0,92.0:0.0,93.1:0.0,94.1:0.0,95.1:0.0,96.1:0.0,97.2:0.0,98.2:0.0,99.2:0.0,100.2:0.0,101.3:0.0,102.3:0.0,103.3:0.0,104.3:0.0,105.4:0.0,106.4:0.0,107.4:0.0,108.4:0.0,109.5:0.0,103.9:1031.5,105.0:1026.5,112.5:0.0,113.5:0.0,114.6:0.0,115.6:0.0,110.1:0.0,111.1:964.5,118.7:0.0,113.2:954.5,114.3:944.5,115.2:935.2,116.3:927.2,117.3:923.7,118.4:918.5,119.4:914.0,120.4:912.7,121.5:908.7,122.5:905.5,123.5:903.7,124.6:901.7,125.5:899.0,126.6:896.2,127.7:892.7,128.6:890.5,129.7:888.7,130.7:887.2,131.8:886.7,132.9:885.5,133.9:884.5,134.9:883.0,136.0:883.2,136.9:884.2,137.9:886.0,139.0:887.0,140.0:887.0,141.1:888.2,142.1:890.7,143.1:893.0,144.2:894.2,145.2:897.2,146.2:901.7,147.2:906.0,148.2:909.5,149.2:913.2,150.3:916.5,151.3:919.2,152.3:922.2,153.4:926.0,154.4:933.2,155.3:938.7,156.4:944.5,157.5:954.0,158.4:958.7,159.5:965.0,160.5:972.7,168.1:0.0,169.1:0.0,170.1:0.0,164.5:0.0,165.6:1021.5,173.2:0.0,174.2:0.0,175.3:0.0,176.3:0.0,177.3:0.0,178.3:0.0,179.4:0.0,180.4:0.0,181.4:0.0,182.5:0.0,183.5:0.0,184.5:0.0,185.6:0.0,186.6:0.0,187.6:0.0,188.6:0.0,189.6:0.0,190.7:0.0,191.7:0.0,192.7:0.0,193.8:0.0,194.8:0.0,195.8:0.0,196.8:0.0,197.9:0.0,198.9:0.0,193.3:1031.0,194.4:1030.2,195.5:1020.2,203.0:0.0,197.5:1004.7,205.1:0.0,199.6:981.2,200.6:965.5,201.7:957.7,202.8:952.0,203.8:946.7,204.9:938.2,206.0:932.0,206.9:931.7,208.0:929.0,208.9:928.0,216.5:0.0,217.5:0.0,218.5:0.0,219.6:0.0,220.6:0.0,221.6:0.0,222.7:0.0,216.7:0.0,217.7:1363.0,225.7:0.0,226.8:0.0,220.9:1344.2,221.9:1329.5,223.0:1326.2,224.0:1321.7,225.1:1325.0,226.1:1325.0,227.1:1322.5,228.0:1322.5,229.1:1324.0,230.2:1328.5,231.2:1331.0,232.2:1332.5,233.2:1335.0,234.2:1337.7,235.2:1339.7,236.3:1342.2,237.3:1347.7,238.4:1352.7,239.4:1357.2,240.4:1365.5,241.5:1375.2,242.4:1380.0,243.5:1381.0,244.5:1388.2,245.5:1396.2,253.5:0.0,247.5:1407.2,255.6:0.0,256.6:0.0,257.6:0.0,258.6:0.0,252.7:0.0,253.6:1499.2,254.7:1510.0,255.7:1527.0,263.8:0.0,264.8:0.0,265.8:0.0,266.9:0.0,267.9:0.0,268.9:0.0,270.0:0.0,271.0:0.0,272.0:0.0,273.0:0.0,274.1:0.0,275.1:0.0,276.1:0.0,277.2:0.0,278.2:0.0,279.2:0.0,280.2:0.0,274.3:0.0,275.2:1406.5,276.2:1391.0,277.2:1380.5,278.3:1380.5,279.3:1381.5,280.3:1387.7,281.3:1389.0,282.3:1389.0,283.4:1389.5,284.4:1391.2,285.4:1396.0,286.5:1401.5,287.5:1406.0,288.4:1408.7,289.5:1412.2,290.5:1418.5,298.5:0.0,299.5:0.0,300.5:0.0,301.6:0.0,302.6:0.0,303.6:0.0,297.6:0.0,298.6:1527.0,306.8:0.0,307.8:0.0,301.8:1522.2,302.8:1503.5,303.8:1496.2,304.9:1492.2,305.9:1484.0,306.9:1475.5,308.0:1470.5,309.0:1467.0,310.0:1462.7,311.1:1459.7,312.1:1457.0,313.2:1455.7,314.1:1455.0,315.2:1452.2,316.2:1450.2,317.2:1448.7,318.2:1448.7,319.3:1448.7,320.3:1448.5,321.4:1451.5,322.4:1455.0,323.5:1454.5,324.5:1455.5,325.5:1458.2,326.5:1460.2,327.5:1463.0,328.5:1466.0,329.6:1470.5,330.7:1478.5,331.7:1489.0,332.3:0.0,340.7:0.0,341.7:0.0,342.8:0.0,343.8:0.0,344.8:0.0,345.9:0.0,346.9:0.0,347.9:0.0,342.4:0.0,343.4:1005.5,344.5:1005.2,345.4:1009.0,346.5:1012.2,347.5:1022.5,348.5:1032.7,356.2:0.0,357.2:0.0,358.2:0.0,
359.2:0.0,0.2:0.0,1.3:0.0,2.3:0.0,3.3:0.0,4.4:0.0,5.4:0.0,6.4:0.0,7.5:0.0,8.5:0.0,9.5:0.0,10.6:0.0,11.6:0.0,12.7:0.0,13.7:0.0,14.7:0.0,15.7:0.0,10.2:0.0,11.3:1041.2,12.3:1024.5,13.4:1014.7,14.4:1005.2,15.4:993.2,16.5:983.2,17.6:973.7,18.6:963.5,19.7:954.5,20.7:947.7,21.7:940.5,22.8:931.5,23.9:925.5,25.0:920.7,26.0:916.0,27.0:909.0,28.1:903.0,29.2:899.2,30.1:894.5,31.1:890.7,32.3:886.0,33.3:881.5,34.4:879.0,35.4:874.7,36.5:871.7,37.5:871.0,38.5:869.2,39.5:871.7,40.6:884.2,41.6:887.5,42.7:876.7,43.8:869.2,44.7:866.2,45.7:867.2,46.8:869.0,47.9:868.0,48.8:868.7,49.8:871.5,50.9:872.2,51.9:872.2,53.0:873.7,54.0:876.2,55.1:880.5,56.2:885.7,57.1:888.7,58.1:891.0,59.2:894.5,60.2:899.5,61.2:904.5,62.2:909.7,63.3:914.2,64.3:918.7,65.3:925.5,66.3:932.2,67.3:938.7,68.4:946.0,69.4:954.5,70.4:962.5,71.5:971.2,72.4:981.5,73.4:999.2,81.0:0.0,82.1:0.0,83.1:0.0,84.1:0.0,85.2:0.0,86.2:0.0,87.2:0.0,88.3:0.0,89.3:0.0,90.3:0.0,85.2:0.0,86.2:791.2,93.4:0.0,88.2:800.2,89.2:819.0,90.4:824.7,91.4:829.0,98.6:0.0,99.6:0.0,100.7:0.0,101.7:0.0,102.7:0.0,103.7:0.0,104.8:0.0,105.8:0.0,106.9:0.0,107.9:0.0,108.9:0.0,110.0:0.0,111.0:0.0,112.0:0.0,113.0:0.0,114.1:0.0,115.1:0.0,116.1:0.0,117.2:0.0,111.3:0.0,119.2:0.0,120.3:0.0,121.3:0.0,122.3:0.0,123.4:0.0,124.4:0.0,118.6:0.0,119.7:1204.7,120.7:1200.5,121.8:1196.7,122.8:1191.0,123.8:1185.5,124.9:1180.5,125.9:1177.0,126.9:1173.7,128.0:1170.7,129.0:1169.0,130.0:1168.0,131.1:1166.2,132.1:1162.5,133.1:1160.2,134.2:1158.7,135.2:1157.7,136.3:1159.2,137.3:1160.2,138.3:1160.5,139.4:1164.0,140.3:1168.0,141.5:1170.2,142.5:1170.7,143.4:1174.0,144.5:1177.7,145.6:1180.2,146.5:1184.2,147.6:1187.2,155.4:0.0,149.7:1194.2,150.7:1201.7,158.5:0.0,159.5:0.0,160.6:0.0,161.6:0.0,162.7:0.0,163.8:0.0,164.8:0.0,159.0:0.0,166.9:0.0,167.9:0.0,169.0:0.0,170.0:0.0,171.0:0.0,172.1:0.0,173.1:0.0,174.2:0.0,175.2:0.0,176.2:0.0,177.3:0.0,178.3:0.0,179.3:0.0,180.4:0.0,181.4:0.0,182.5:0.0,183.5:0.0,184.5:0.0,185.6:0.0,186.6:0.0,187.6:0.0,188.7:0.0,189.7:0.0,190.7:0.0,191.8:0.0,192.8:0.0,193.8:0.0,194.9:0.0,195.9:0.0,196.9:0.0,191.0:0.0,199.0:0.0,200.1:0.0,201.1:0.0,202.1:0.0,203.2:0.0,204.2:0.0,198.3:0.0,199.4:1276.7,200.5:1276.7,208.3:0.0,209.4:0.0,210.5:0.0,211.5:0.0,212.6:0.0,213.6:0.0,214.6:0.0,208.5:0.0,209.6:1688.2,210.6:1664.5,211.7:1641.0,212.7:1632.5,213.8:1629.7,214.8:1625.5,215.9:1619.0,216.9:1612.7,218.0:1606.5,219.0:1601.5,220.0:1598.5,221.0:1598.0,222.1:1597.2,223.1:1595.0,224.2:1593.2,225.2:1593.0,226.2:1594.0,227.2:1595.0,228.3:1594.0,229.3:1593.5,230.3:1596.5,231.3:1599.2,232.4:1599.0,233.4:1601.5,234.5:1606.0,235.5:1611.5,236.5:1619.5,237.5:1624.7,238.6:1629.5,239.6:1636.0,240.6:1644.0,241.7:1652.2,242.7:1662.2,243.8:1672.2,244.8:1679.2,245.8:1688.5,246.8:1700.7,247.9:1716.2,248.9:1732.5,249.9:1745.7,250.9:1760.5,252.0:1774.0,253.0:1785.7,254.0:1798.7,255.0:1817.7,263.3:0.0,264.3:0.0,265.4:0.0,259.5:0.0,260.5:1393.7,261.6:1373.5,262.6:1371.5,263.6:1368.2,264.7:1362.5,265.7:1353.2,266.7:1349.0,267.8:1346.7,268.8:1340.5,269.8:1337.7,270.9:1337.0,271.9:1336.7,272.9:1336.5,274.0:1335.0,275.0:1332.7,276.0:1331.2,277.0:1331.5,277.9:1334.2,279.0:1336.7,280.0:1333.5,281.1:1332.5,289.0:0.0,283.1:1351.2,284.1:1370.7,285.2:1374.5,293.1:0.0,287.3:1355.2,288.3:1328.7,289.3:1315.5,290.3:1304.2,291.5:1291.2,292.4:1279.7,293.5:1270.2,294.5:1259.2,295.6:1250.5,296.7:1242.5,297.6:1233.0,298.7:1223.0,299.8:1213.5,300.9:1205.7,301.8:1200.7,302.9:1197.0,303.9:1192.0,305.0:1185.2,306.0:1179.7,307.1:1174.0,308.1:1169.7,309.2:1165.5,310.2:1161.2,311.2:1158.7,312.3:1155.7,313.3:1152.5,314.3:1150.2,315.4:1149.0,316.4:1149.0,317.4:1150.0,318.5:1149.2,319.4:1148.7,320.6:1148.2,321.5:1147.7,322.6:1150.2,330.4:0.0,331.4:0.0,332.4:0.0,333.5:0.0,334.5:0.0,335.5:0.0,330.7:0.0,337.6:0.0,338.6:0.0,333.8:0.0,335.0:639.0,336.0:638.0,337.0:640.0,338.0:640.7,339.2:643.7,340.1:648.7,341.2:653.5,347.9:0.0,343.2:661.2,350.0:0.0,345.2:671.7,352.1:0.0,353.1:0.0,348.2:0.0,349.3:705.7,356.2:0.0,357.3:0.0,358.3:0.0,
353.9:0.0,359.9:0.0,1.0:0.0,2.0:0.0,3.0:0.0,4.1:0.0,5.1:0.0,6.1:0.0,7.2:0.0,8.2:0.0,9.2:0.0,10.3:0.0,11.3:0.0,12.4:0.0,13.4:0.0,14.4:0.0,15.5:0.0,16.5:0.0,17.5:0.0,18.6:0.0,19.6:0.0,20.6:0.0,15.6:0.0,16.6:754.2,17.7:747.2,18.8:740.7,19.9:734.2,20.8:727.7,21.9:720.7,23.1:715.0,24.0:709.7,25.0:705.0,26.0:700.7,27.2:695.5,28.2:691.0,29.2:686.7,30.4:682.5,31.4:680.0,32.5:677.5,33.4:675.2,34.4:672.5,35.6:669.7,36.7:667.2,37.6:665.7,38.6:665.2,39.7:663.2,40.7:662.5,41.7:662.0,42.8:661.0,43.9:660.7,44.9:660.7,46.0:660.5,46.9:660.7,48.0:661.5,49.2:662.0,50.0:663.2,51.2:665.0,52.2:666.0,53.3:666.2,54.2:668.2,55.2:672.7,62.1:0.0,63.2:0.0,58.3:0.0,59.4:694.0,60.3:691.2,61.3:692.5,62.4:695.0,63.5:698.2,64.3:701.5,65.4:706.2,66.5:711.7,67.5:717.0,68.4:722.2,69.5:728.2,70.5:734.2,71.5:740.2,72.6:747.2,73.5:754.7,74.6:762.5,75.6:770.2,76.6:779.2,77.7:787.7,78.7:795.5,79.6:805.5,80.6:815.7,81.6:826.7,82.7:838.5,83.7:849.0,84.6:860.5,85.7:873.5,86.7:888.0,87.6:902.0,88.7:917.2,89.6:933.2,97.1:0.0,98.2:0.0,99.2:0.0,100.2:0.0,101.3:0.0,102.3:0.0,103.3:0.0,104.4:0.0,105.4:0.0,106.4:0.0,101.1:0.0,102.2:852.2,109.5:0.0,104.4:839.7,105.3:828.7,106.3:828.0,113.6:0.0,114.7:0.0,109.3:0.0,116.7:0.0,117.8:0.0,118.8:0.0,119.8:0.0,120.8:0.0,121.9:0.0,122.9:0.0,123.9:0.0,125.0:0.0,126.0:0.0,127.0:0.0,128.1:0.0,129.1:0.0,123.2:0.0,124.2:1396.0,125.2:1394.2,126.2:1389.5,127.3:1386.5,128.4:1384.7,129.3:1382.2,130.3:1380.0,131.5:1378.0,132.6:1373.5,133.6:1370.5,134.6:1370.7,135.6:1369.5,136.7:1369.7,137.7:1372.5,138.8:1375.0,139.7:1375.0,140.8:1377.5,141.8:1380.5,142.8:1382.0,143.9:1384.0,144.9:1385.5,145.9:1388.2,147.0:1394.0,148.0:1400.5,149.0:1405.0,150.0:1410.5,151.1:1419.0,159.1:0.0,160.1:0.0,161.2:0.0,162.3:0.0,163.3:0.0,164.4:0.0,158.4:0.0,159.4:1508.5,160.4:1520.7,161.5:1532.2,162.5:1543.5,163.5:1553.2,171.6:0.0,165.6:1575.5,173.7:0.0,174.7:0.0,168.7:1616.5,176.8:0.0,177.9:0.0,178.9:0.0,179.9:0.0,181.0:0.0,182.0:0.0,183.0:0.0,184.1:0.0,185.1:0.0,186.1:0.0,179.9:0.0,188.2:0.0,189.2:0.0,190.3:0.0,191.3:0.0,192.3:0.0,193.4:0.0,194.4:0.0,188.3:0.0,196.5:0.0,197.5:0.0,198.5:0.0,199.6:0.0,193.6:0.0,194.6:1573.7,195.6:1565.2,196.7:1558.7,204.7:0.0,205.8:0.0,206.8:0.0,207.9:0.0,208.9:0.0,210.0:0.0,211.0:0.0,204.8:0.0,213.1:0.0,206.9:1922.5,208.0:1891.2,209.0:1879.0,210.0:1868.7,211.1:1862.7,212.1:1855.7,213.1:1845.0,214.2:1834.5,215.3:1829.5,216.3:1824.5,217.3:1820.0,218.4:1815.5,219.4:1811.0,220.4:1810.2,221.5:1806.0,222.5:1802.0,223.5:1802.0,224.6:1795.2,225.7:1792.0,226.7:1797.7,227.7:1797.2,228.7:1795.2,229.7:1800.7,230.7:1805.7,231.8:1807.7,232.8:1811.2,233.9:1813.7,234.9:1816.0,235.9:1821.2,237.0:1829.0,238.0:1835.7,239.0:1843.2,240.0:1851.7,241.1:1859.2,242.1:1865.2,243.2:1878.2,244.2:1890.7,245.2:1896.2,246.3:1907.0,247.5:0.0,248.5:1505.2,256.6:0.0,257.6:0.0,258.7:0.0,252.7:0.0,253.8:1396.2,254.8:1389.0,255.9:1380.7,256.9:1372.5,257.9:1363.5,259.0:1353.2,260.0:1345.5,261.1:1341.5,262.1:1335.5,263.2:1331.0,271.1:0.0,272.1:0.0,266.2:1320.0,267.3:1307.2,268.3:1304.5,269.3:1302.0,270.4:1319.5,271.4:1331.5,272.5:1324.5,280.4:0.0,281.4:0.0,275.5:0.0,276.5:1255.5,277.6:1236.5,278.6:1215.0,279.6:1195.7,280.7:1178.7,281.8:1162.5,282.8:1145.7,283.9:1131.0,284.8:1119.0,285.9:1106.5,287.0:1093.2,288.0:1080.5,289.0:1070.2,290.1:1060.0,291.1:1050.5,292.2:1042.2,293.2:1033.5,294.2:1023.5,295.3:1015.7,296.3:1008.2,297.3:1000.2,298.4:995.2,299.5:989.5,300.6:982.0,301.6:976.7,302.7:973.5,303.7:967.5,304.8:963.0,305.7:960.0,306.8:956.2,307.9:952.5,308.9:949.0,310.0:945.2,311.0:942.2,318.5:0.0,319.5:0.0,320.5:0.0,317.4:0.0,318.5:384.0,319.4:382.2,320.8:381.7,321.5:380.7,322.8:380.7,323.5:381.0,324.7:381.7,326.0:383.2,326.9:384.0,327.9:385.2,329.0:386.2,329.8:386.7,330.8:389.0,332.0:390.7,332.9:392.2,333.9:395.7,335.0:399.2,335.8:401.2,336.8:403.2,338.1:405.7,338.9:408.5,340.0:411.7,340.7:415.0,346.4:0.0,343.1:420.7,343.7:427.7,344.9:431.2,350.6:0.0,351.6:0.0,352.6:0.0,353.7:0.0,354.7:0.0,355.7:0.0,356.8:0.0,357.8:0.0,
358.8:0.0,359.8:0.0,0.8:0.0,1.9:0.0,2.9:0.0,3.9:0.0,5.0:0.0,6.0:0.0,7.0:0.0,8.1:0.0,9.1:0.0,10.2:0.0,11.2:0.0,12.2:0.0,13.3:0.0,14.3:0.0,15.3:0.0,16.4:0.0,17.4:0.0,18.4:0.0,19.5:0.0,20.5:0.0,21.5:0.0,22.6:0.0,16.9:0.0,17.9:1202.2,18.9:1198.7,19.9:1193.7,21.0:1189.5,22.0:1184.2,23.1:1180.0,24.1:1179.0,25.1:1174.5,26.1:1169.2,27.2:1168.0,28.3:1165.0,29.3:1162.5,30.3:1162.2,31.3:1161.5,32.4:1160.7,33.4:1162.2,34.4:1165.0,35.5:1165.0,36.5:1166.5,37.6:1169.5,38.6:1172.5,39.6:1175.7,40.7:1180.2,41.7:1183.0,42.7:1184.2,43.7:1189.2,44.8:1193.7,45.8:1198.0,46.8:1204.0,54.7:0.0,55.7:0.0,56.7:0.0,57.8:0.0,58.8:0.0,53.0:0.0,54.0:1255.2,55.1:1263.5,56.1:1272.7,64.0:0.0,65.0:0.0,66.0:0.0,67.0:0.0,68.1:0.0,69.1:0.0,70.1:0.0,71.2:0.0,72.2:0.0,73.2:0.0,74.3:0.0,75.3:0.0,76.3:0.0,77.4:0.0,78.4:0.0,79.4:0.0,80.5:0.0,81.5:0.0,82.5:0.0,76.4:0.0,84.6:0.0,85.6:0.0,86.7:0.0,80.7:0.0,88.7:0.0,89.7:0.0,90.8:0.0,91.8:0.0,92.8:0.0,86.9:0.0,88.0:1381.2,95.9:0.0,97.0:0.0,98.0:0.0,99.0:0.0,100.1:0.0,101.1:0.0,95.2:0.0,96.3:1277.2,97.3:1279.2,105.2:0.0,106.2:0.0,107.3:0.0,108.3:0.0,109.3:0.0,110.4:0.0,111.4:0.0,105.3:0.0,106.3:1691.0,107.4:1669.0,108.4:1644.2,109.4:1634.2,110.5:1627.2,111.5:1623.0,112.5:1617.7,113.6:1611.7,114.7:1603.7,115.6:1600.2,116.7:1601.5,117.8:1599.0,118.7:1598.5,119.8:1596.7,120.8:1595.2,121.9:1597.0,122.9:1595.0,123.9:1592.0,125.0:1593.2,126.0:1598.0,127.0:1599.5,128.0:1600.5,129.1:1601.7,130.1:1605.5,131.2:1611.2,132.2:1614.0,133.2:1617.0,134.2:1623.7,135.2:1629.0,136.3:1634.5,137.4:1641.0,138.3:1652.5,139.4:1662.2,140.4:1671.0,141.4:1682.7,142.5:1691.2,143.5:1703.2,144.5:1714.7,145.5:1730.5,146.6:1746.5,147.6:1759.7,148.6:1774.5,149.7:1784.0,157.9:0.0,158.9:0.0,159.9:0.0,161.0:0.0,155.1:0.0,156.2:1413.0,157.3:1391.5,158.3:1370.5,159.4:1366.7,160.4:1360.0,161.4:1352.7,162.5:1348.7,163.5:1345.7,164.5:1341.5,165.6:1337.5,166.6:1336.0,167.6:1336.5,168.7:1334.7,169.8:1333.2,170.8:1331.5,178.7:0.0,179.8:0.0,173.9:1328.7,174.9:1330.7,176.0:1334.2,177.0:1334.7,178.0:1336.2,179.0:1352.7,180.1:1366.2,181.1:1365.0,189.1:0.0,182.5:0.0,184.2:0.0,185.4:1317.5,186.3:1304.0,187.4:1293.0,188.4:1280.7,189.5:1269.7,190.6:1260.2,191.6:1251.0,192.6:1243.5,193.7:1233.0,194.7:1221.7,195.8:1212.2,196.8:1205.2,197.9:1199.7,198.9:1194.0,199.9:1187.7,201.0:1180.7,202.0:1175.2,203.0:1170.5,204.1:1165.7,205.2:1162.5,206.2:1158.7,207.3:1155.0,208.4:1153.5,209.4:1150.2,210.5:1146.5,211.5:1144.0,212.5:1143.2,213.6:1143.5,214.6:1142.5,215.6:1142.2,216.6:1142.2,217.7:1142.5,218.8:1144.2,219.8:1147.0,220.4:0.0,228.6:0.0,229.6:0.0,230.7:0.0,231.7:0.0,232.7:0.0,233.8:0.0,234.7:0.0,235.8:0.0,231.0:0.0,232.2:632.0,233.1:631.2,234.2:634.0,235.1:636.7,236.1:640.2,237.2:645.5,238.4:650.0,239.3:654.5,240.4:659.5,241.3:664.7,242.3:671.0,249.2:0.0,250.2:0.0,251.3:0.0,246.5:0.0,253.4:0.0,254.4:0.0,255.4:0.0,256.5:0.0,257.5:0.0,252.5:0.0,259.6:0.0,260.6:0.0,261.7:0.0,262.7:0.0,263.7:0.0,264.8:0.0,265.8:0.0,266.8:0.0,267.9:0.0,268.9:0.0,270.0:0.0,271.0:0.0,272.0:0.0,273.0:0.0,267.5:0.0,268.5:1030.5,269.6:1018.5,270.7:1006.2,271.7:995.2,272.7:984.5,273.8:976.7,274.8:967.5,275.7:957.7,276.8:950.5,277.8:942.0,278.9:934.2,280.0:928.0,281.0:922.0,282.1:916.2,283.1:910.0,284.1:904.0,285.1:898.0,286.2:894.0,287.2:892.0,288.2:888.7,289.2:884.5,290.3:881.7,291.3:878.2,292.5:875.2,293.4:873.2,294.6:870.2,295.5:870.0,296.6:875.0,297.4:0.0,298.5:0.0,299.7:875.0,300.8:869.5,301.8:867.7,302.8:868.0,303.8:868.7,304.9:869.5,305.9:871.5,307.0:873.7,307.9:876.5,309.0:877.5,310.0:878.7,311.1:883.5,312.1:886.5,313.1:889.5,314.1:893.5,315.2:897.0,316.2:900.2,317.2:904.5,318.2:910.0,319.3:916.5,320.3:922.0,321.3:927.2,322.4:933.2,323.4:940.0,324.5:947.2,325.5:955.7,326.4:964.2,327.5:972.0,328.5:981.2,329.5:991.7,337.1:0.0,338.1:0.0,339.2:0.0,340.2:0.0,341.2:0.0,342.3:0.0,343.3:0.0,344.3:0.0,345.4:0.0,346.4:0.0,347.5:0.0,342.4:0.0,349.5:0.0,350.5:0.0,351.6:0.0,352.6:0.0,347.3:0.0,354.7:0.0,355.8:0.0,356.8:0.0,357.8:0.0,
359.2:0.0,0.2:0.0,1.3:0.0,2.3:0.0,3.3:0.0,4.4:0.0,5.4:0.0,6.5:0.0,7.5:0.0,8.5:0.0,9.5:0.0,10.6:0.0,11.6:0.0,12.7:0.0,13.7:0.0,8.1:0.0,9.1:1030.7,10.2:0.0,17.8:0.0,12.3:980.5,13.3:974.0,14.5:970.2,15.5:963.5,16.5:957.5,17.5:953.2,18.6:949.2,19.6:945.5,20.6:943.0,21.7:940.5,22.8:935.5,23.7:932.7,24.9:932.2,25.8:930.5,26.9:929.5,27.9:928.7,29.0:927.0,30.0:925.5,31.1:925.2,32.0:926.0,33.2:926.0,34.2:925.5,35.2:925.7,36.3:927.0,37.3:927.2,38.3:927.0,39.3:928.0,40.4:930.5,41.4:932.5,42.4:934.7,43.5:938.5,44.5:942.7,45.6:947.7,46.6:950.0,47.7:955.7,48.6:964.2,49.6:968.2,50.7:972.7,51.7:979.7,52.8:985.7,53.7:993.5,54.7:1001.5,55.8:1008.5,56.8:1015.2,57.9:1022.2,59.0:1031.2,66.5:0.0,67.5:0.0,68.5:0.0,69.6:0.0,64.0:0.0,71.6:0.0,72.7:0.0,73.7:0.0,74.7:0.0,75.8:0.0,76.8:0.0,77.8:0.0,78.9:0.0,79.9:0.0,81.0:0.0,82.0:0.0,83.0:0.0,84.0:0.0,85.1:0.0,86.1:0.0,87.2:0.0,88.2:0.0,89.2:0.0,90.2:0.0,91.2:0.0,92.2:0.0,93.3:0.0,87.2:0.0,88.3:1574.5,89.3:1555.5,90.4:1544.0,91.4:1527.2,99.5:0.0,100.5:0.0,101.5:0.0,102.5:0.0,103.6:0.0,104.6:0.0,98.7:0.0,99.7:1404.7,100.7:1394.7,101.7:1386.0,102.8:1378.5,103.8:1370.0,104.9:1362.2,105.9:1354.0,106.9:1349.7,108.0:1348.2,116.0:0.0,117.0:0.0,118.0:0.0,119.0:0.0,120.1:0.0,113.9:0.0,114.9:1801.7,116.0:1784.7,117.0:1763.7,118.0:1762.5,119.1:1761.7,120.1:1762.0,121.2:1762.5,122.2:1761.2,123.2:1761.2,124.2:1762.2,125.3:1764.5,126.3:1764.0,127.3:1769.7,128.3:1771.5,129.4:1769.5,130.4:1778.5,131.5:1783.5,132.5:1789.0,133.6:1794.2,134.6:1799.5,135.7:1807.5,136.7:1814.0,137.7:1822.2,138.8:1832.0,139.7:1842.0,140.8:1849.5,141.8:1857.5,142.8:1875.2,143.9:1888.2,144.9:1892.5,153.2:0.0,147.0:1916.5,148.0:1945.2,156.3:0.0,150.0:1978.7,151.1:2011.5,152.1:2023.0,160.4:0.0,161.5:0.0,162.6:0.0,163.6:0.0,164.6:0.0,158.5:0.0,159.6:1696.5,160.6:1677.2,161.7:1653.0,162.7:1644.5,163.8:1640.2,164.8:1634.5,165.8:1632.7,166.8:1631.2,167.9:1629.2,169.0:1626.5,170.0:1623.7,171.0:1622.0,172.0:1620.0,173.1:1618.0,174.1:1619.2,175.2:1621.5,176.2:1624.5,177.2:1625.7,178.2:1623.5,179.2:1640.0,180.2:1660.0,188.4:0.0,189.5:0.0,183.4:1643.5,184.4:1613.0,185.5:1593.5,186.5:1576.2,187.5:1561.2,188.6:1545.0,189.6:1530.0,190.7:1518.2,191.7:1507.0,192.7:1496.7,193.8:1484.0,194.9:1470.7,195.9:1461.5,196.9:1454.2,197.9:1446.2,199.0:1439.7,200.0:1434.5,201.1:1430.2,202.1:1423.2,203.2:1414.0,204.3:1409.2,205.4:1404.7,206.4:1398.7,207.4:1396.5,208.5:1394.5,209.5:1393.7,210.5:1392.7,211.6:1394.5,213.1:0.0,220.6:0.0,215.4:0.0,216.4:837.2,217.5:836.7,218.5:836.5,219.6:837.7,220.6:839.2,221.5:841.7,222.6:845.5,223.6:848.2,224.7:851.0,225.7:854.0,226.7:858.0,227.7:863.7,228.7:869.0,229.7:873.2,230.8:876.7,231.9:880.7,232.8:886.2,233.8:893.7,234.9:901.2,235.8:909.0,237.0:916.0,244.4:0.0,245.4:0.0,240.0:930.2,241.0:948.2,242.0:958.2,249.5:0.0,250.6:0.0,251.6:0.0,246.1:0.0,247.1:1023.2,254.7:0.0,255.7:0.0,256.8:0.0,257.8:0.0,252.1:0.0,253.2:1058.5,254.2:1037.2,255.4:1015.5,256.5:998.2,257.4:982.0,258.5:963.7,259.5:946.5,260.6:932.2,261.7:919.5,262.8:905.2,263.8:891.5,264.9:880.0,266.0:867.7,267.0:857.5,268.1:847.7,269.1:837.0,270.2:827.2,271.1:817.5,272.3:809.2,273.3:801.7,274.4:794.7,275.3:788.7,276.3:784.7,277.4:785.2,278.4:791.2,279.5:0.0,280.5:765.7,281.6:757.5,282.7:751.2,283.7:746.0,284.7:742.5,285.7:740.0,286.7:736.5,287.7:732.5,288.8:729.7,289.8:728.0,290.9:726.0,292.0:723.7,292.9:721.7,294.0:719.2,295.0:717.2,296.0:716.2,297.1:715.7,298.2:715.7,299.2:714.7,300.2:715.2,301.3:714.7,302.4:714.5,303.3:716.0,304.4:716.7,305.3:717.5,306.3:718.7,307.5:720.0,308.6:720.7,309.6:723.2,310.5:725.7,311.6:728.5,312.7:731.5,313.6:735.5,314.7:738.7,315.7:740.7,316.7:744.2,317.6:749.0,318.7:755.5,325.8:0.0,326.8:0.0,327.9:0.0,328.9:0.0,330.0:0.0,331.0:0.0,332.1:0.0,333.1:0.0,334.1:0.0,335.2:0.0,336.2:0.0,337.2:0.0,333.1:0.0,334.1:521.2,340.3:0.0,341.4:0.0,342.4:0.0,343.4:0.0,344.5:0.0,345.5:0.0,341.2:0.0,342.2:548.0,348.6:0.0,349.6:0.0,350.7:0.0,351.7:0.0,352.7:0.0,353.8:0.0,354.8:0.0,355.8:0.0,356.9:0.0,357.9:0.0,
359.6:0.0,0.7:0.0,1.7:0.0,2.7:0.0,3.8:0.0,4.8:0.0,5.9:0.0,6.9:0.0,7.9:0.0,9.0:0.0,10.0:0.0,11.0:0.0,12.1:0.0,13.1:0.0,14.2:0.0,15.2:0.0,9.9:0.0,11.0:843.7,12.0:838.7,13.2:826.7,14.2:807.2,15.3:796.2,16.3:790.0,17.3:786.5,18.4:785.2,19.4:782.0,20.4:778.5,21.4:776.7,22.5:774.2,23.6:770.7,24.6:769.5,25.6:769.7,26.7:768.7,27.7:767.2,28.7:765.0,29.8:764.2,30.8:764.0,31.8:762.7,32.9:762.2,34.0:763.5,35.0:764.5,36.1:764.5,37.1:765.5,38.1:767.7,39.1:770.2,40.2:771.0,41.2:771.5,42.3:775.0,43.3:779.0,44.2:780.0,45.3:781.0,46.3:783.0,47.3:786.2,48.4:789.5,49.5:791.7,50.4:797.5,51.4:804.2,52.5:808.2,53.5:812.0,54.5:816.0,55.6:822.2,62.8:0.0,63.9:0.0,58.6:839.2,59.7:856.2,67.0:0.0,68.0:0.0,69.0:0.0,63.6:0.0,64.7:900.0,65.7:910.5,73.2:0.0,74.2:0.0,75.2:0.0,76.2:0.0,77.3:0.0,78.3:0.0,79.4:0.0,80.4:0.0,81.4:0.0,82.5:0.0,83.5:0.0,84.5:0.0,85.6:0.0,86.6:0.0,87.6:0.0,88.7:0.0,89.7:0.0,90.7:0.0,91.7:0.0,92.8:0.0,93.8:0.0,94.8:0.0,95.9:0.0,96.9:0.0,97.9:0.0,99.0:0.0,100.0:0.0,101.0:0.0,95.0:0.0,96.0:1570.7,97.1:1558.2,98.1:1548.0,99.2:1540.2,100.2:1531.5,101.2:1517.2,102.3:1505.5,103.3:1497.2,104.4:1487.2,105.4:1476.2,113.4:0.0,114.5:0.0,115.5:0.0,116.5:0.0,117.5:0.0,111.6:1451.0,112.6:1426.2,113.7:1418.5,114.7:1415.5,122.7:0.0,123.7:0.0,124.8:0.0,118.6:0.0,119.6:1890.7,120.6:1892.0,121.7:1878.7,122.7:1862.7,123.7:1860.2,124.8:1861.5,125.8:1862.5,126.8:1866.5,127.8:1871.7,128.9:1877.0,129.9:1878.5,131.0:1878.0,132.0:1886.7,133.0:1899.2,134.1:1909.5,135.1:1917.5,136.2:1921.7,137.2:1925.5,138.2:1936.5,139.2:1949.7,140.2:1965.5,141.3:1979.7,142.3:1986.7,143.3:1998.0,144.4:2015.5,145.4:2030.2,146.4:2041.7,154.7:0.0,155.8:0.0,156.8:0.0,157.8:0.0,158.9:0.0,159.9:0.0,161.0:0.0,162.1:0.0,163.1:0.0,164.2:0.0,165.2:0.0,166.3:0.0,167.3:0.0,161.1:0.0,169.4:0.0,163.2:1860.5,164.2:1842.2,165.3:1838.0,166.3:1833.0,167.4:1829.2,168.4:1824.7,169.4:1825.7,170.5:1826.2,171.5:1824.0,172.5:1822.7,173.6:1821.7,174.6:1822.5,175.7:1823.5,176.7:1824.7,177.7:1825.0,178.7:1837.7,179.8:1853.7,180.8:1859.2,181.4:0.0,182.9:0.0,183.9:1801.0,185.0:1781.0,186.1:1763.7,187.1:1748.0,188.1:1732.0,189.2:1714.7,190.2:1697.0,191.2:1681.0,192.3:1668.7,193.4:1658.5,194.4:1650.2,195.4:1642.2,196.5:1634.2,197.5:1625.7,198.5:1613.7,199.6:1601.0,200.6:1594.2,201.7:1590.2,202.7:1583.5,203.8:1576.5,204.8:1570.0,205.9:1563.2,214.0:0.0,215.0:0.0,209.6:0.0,210.6:995.7,211.7:993.7,212.6:994.7,213.7:993.2,214.7:993.7,215.7:996.7,216.8:997.5,217.8:998.7,218.9:1000.2,219.9:1002.2,221.0:1006.5,222.0:1009.7,223.0:1011.7,224.1:1015.0,225.1:1018.5,226.1:1022.2,227.2:1028.2,228.2:1032.5,229.1:1039.0,230.2:1044.7,231.1:1048.7,232.3:1056.7,233.2:1065.0,234.3:1072.2,235.3:1080.5,236.3:1090.7,237.4:1099.2,238.3:1108.5,246.1:0.0,247.1:0.0,248.2:0.0,242.5:1131.0,243.6:0.0,244.6:1095.7,245.7:1067.7,246.8:1039.7,247.9:1013.0,248.9:989.0,250.0:965.2,251.0:943.5,252.1:923.5,253.2:903.7,254.2:886.5,255.3:870.7,256.5:854.5,257.5:838.2,258.6:822.5,259.5:808.0,260.6:796.7,261.7:787.0,262.7:781.5,263.8:782.0,264.7:786.5,265.9:0.0,267.0:738.2,268.0:728.7,269.2:721.2,270.2:712.7,271.3:704.0,272.4:697.0,273.3:689.2,274.4:682.5,275.5:678.0,276.5:672.7,277.6:666.5,278.6:662.2,279.5:658.0,280.6:651.2,281.7:646.0,282.7:643.2,283.7:639.2,284.8:636.2,285.8:634.5,286.9:632.2,288.0:629.2,288.9:627.2,290.1:625.2,290.9:622.5,292.1:621.0,293.0:618.7,294.1:617.5,295.3:617.5,296.2:616.0,297.2:614.5,298.2:614.0,299.2:614.5,300.4:615.0,301.5:615.2,302.5:615.2,303.6:614.7,304.5:614.7,305.6:615.7,306.6:618.5,307.5:624.2,308.6:636.0,315.3:0.0,316.4:0.0,317.4:0.0,318.4:0.0,319.5:0.0,320.5:0.0,321.5:0.0,319.1:0.0,323.6:0.0,321.1:349.2,322.0:349.5,323.2:351.5,324.1:354.2,325.0:356.7,329.8:0.0,326.9:360.5,331.9:0.0,333.0:0.0,330.0:0.0,335.0:0.0,332.2:0.0,333.5:363.0,334.2:363.7,339.2:0.0,340.2:0.0,341.2:0.0,342.3:0.0,343.3:0.0,344.3:0.0,345.4:0.0,346.4:0.0,347.4:0.0,348.5:0.0,349.5:0.0,350.5:0.0,351.6:0.0,352.6:0.0,353.6:0.0,354.7:0.0,355.7:0.0,356.8:0.0,357.8:0.0,
351.7:0.0,352.8:1389.7,353.9:1380.5,354.9:1370.0,355.9:1359.2,3.9:0.0,4.9:0.0,6.0:0.0,7.0:0.0,1.1:1338.7,9.1:0.0,10.1:0.0,11.1:0.0,12.2:0.0,13.2:0.0,7.0:0.0,8.1:1769.5,9.1:1763.7,10.2:1742.2,11.2:1721.7,12.3:1719.2,13.3:1712.2,14.3:1708.7,15.4:1709.0,16.4:1707.5,17.4:1706.5,18.5:1702.5,19.5:1703.0,20.6:1707.5,21.6:1710.2,22.6:1707.5,23.6:1705.2,24.7:1711.5,25.7:1718.5,26.8:1723.5,27.8:1725.7,28.9:1726.5,29.9:1730.5,30.9:1737.2,31.9:1744.7,33.0:1751.2,34.0:1757.2,35.1:1767.0,36.1:1781.7,37.2:1790.7,38.1:1799.5,39.2:1810.0,40.2:1818.7,41.2:1835.5,42.3:1850.0,43.3:1863.5,44.3:1880.2,45.4:1891.0,53.6:0.0,54.7:0.0,55.7:0.0,49.5:0.0,57.8:0.0,58.8:0.0,59.9:0.0,60.9:0.0,54.9:0.0,63.0:0.0,56.9:1582.7,58.0:1564.7,59.0:1562.7,60.0:1557.0,61.0:1548.7,62.1:1543.2,63.1:1538.2,64.2:1532.7,65.2:1530.5,66.2:1530.2,67.3:1532.0,68.3:1531.2,69.3:1532.7,70.4:1531.2,71.4:1531.0,72.4:1532.5,73.5:1529.5,74.5:1530.0,75.5:1551.5,76.6:1570.5,77.6:1570.0,85.7:0.0,86.7:0.0,80.7:0.0,81.7:1514.2,82.8:1498.0,83.8:1480.0,84.8:1465.7,85.9:1454.0,86.9:1443.0,87.9:1432.7,89.0:1421.2,90.0:1407.5,91.0:1396.7,92.1:1387.2,93.1:1376.2,94.1:1369.0,95.2:1363.7,96.2:1354.7,97.2:1344.7,98.3:1338.2,99.3:1334.0,100.3:1329.2,101.4:1324.7,102.4:1320.7,103.5:1316.5,104.5:1313.2,105.5:1309.7,106.6:1306.0,107.6:1302.7,108.7:1301.7,109.7:1303.2,110.7:1303.2,118.7:0.0,119.7:0.0,120.7:0.0,121.7:0.0,116.7:0.0,117.7:762.5,118.8:763.0,119.8:765.2,120.8:767.7,121.7:771.7,122.8:773.7,123.9:775.5,124.9:779.2,125.9:784.0,127.0:788.2,127.9:791.7,129.0:797.0,130.1:802.2,131.0:808.5,132.0:815.2,133.0:821.0,134.1:826.2,135.1:833.0,136.1:840.7,137.2:850.0,138.2:858.7,139.2:866.7,146.6:0.0,147.6:0.0,142.2:0.0,149.7:0.0,150.7:0.0,151.7:0.0,152.8:0.0,153.8:0.0,154.9:0.0,155.9:0.0,156.9:0.0,151.4:0.0,159.0:0.0,153.3:1044.2,154.5:1044.5,155.6:1024.5,156.7:1007.7,157.8:993.5,158.8:979.0,159.9:963.7,160.9:949.2,162.0:935.5,163.0:924.2,164.1:912.2,165.1:900.5,166.2:891.0,167.3:881.5,168.3:870.2,169.4:860.5,170.4:852.5,171.6:845.0,172.6:838.2,173.6:830.7,174.7:824.0,175.8:818.2,176.8:812.2,177.8:806.0,178.8:800.5,179.8:798.5,180.9:799.0,181.8:805.5,182.9:803.5,184.0:789.2,185.1:781.0,186.1:777.2,187.2:774.5,188.2:771.0,189.3:768.7,190.3:767.0,191.2:764.7,192.3:763.5,193.5:762.5,194.4:760.7,195.5:759.7,196.5:759.7,197.5:760.0,198.5:760.7,199.6:761.2,200.7:761.7,201.6:763.2,202.7:763.2,203.8:764.0,204.8:765.5,205.9:767.7,206.9:770.7,207.9:772.5,209.0:773.7,210.0:777.5,211.0:782.7,212.1:786.5,213.1:789.5,214.1:792.5,215.1:796.5,216.2:800.7,217.2:805.7,218.2:811.0,219.1:816.7,220.3:827.7,227.5:0.0,228.6:0.0,229.6:0.0,230.6:0.0,231.7:0.0,232.7:0.0,233.7:0.0,234.7:0.0,235.8:0.0,236.8:0.0,237.9:0.0,238.9:0.0,234.4:0.0,235.5:604.0,242.0:0.0,243.0:0.0,244.1:0.0,245.1:0.0,240.4:0.0,241.4:632.5,248.2:0.0,249.2:0.0,250.3:0.0,251.3:0.0,252.4:0.0,253.4:0.0,254.4:0.0,255.5:0.0,256.5:0.0,257.5:0.0,258.5:0.0,259.6:0.0,260.6:0.0,261.6:0.0,262.7:0.0,263.7:0.0,264.7:0.0,265.8:0.0,266.8:0.0,267.8:0.0,268.9:0.0,269.9:0.0,270.9:0.0,265.2:0.0,266.3:1104.5,274.0:0.0,268.4:1081.2,269.5:1062.7,270.5:1057.0,271.5:1050.5,272.5:1044.2,273.7:1038.7,274.7:1034.2,275.6:1030.5,276.6:1025.5,277.8:1021.0,278.7:1019.5,279.7:1016.2,280.9:1011.7,281.9:1010.0,282.8:1006.7,284.0:1005.2,285.0:1004.7,286.0:1003.5,287.0:1003.2,288.0:1003.0,289.0:1002.2,290.1:1002.2,291.2:1001.5,292.2:1001.0,293.2:1001.5,294.3:1002.7,295.3:1007.2,296.3:1008.7,297.3:1010.0,298.3:1012.5,299.4:1017.0,300.5:1024.2,301.5:1028.5,302.5:1033.0,303.5:1039.0,304.5:1043.0,305.6:1045.5,306.7:1051.2,307.6:1058.0,308.7:1063.2,309.7:1072.5,310.7:1079.7,311.8:1083.2,312.8:1091.0,313.8:1102.2,321.5:0.0,322.6:0.0,323.6:0.0,324.6:0.0,325.7:0.0,319.9:0.0,327.7:0.0,328.8:0.0,329.8:0.0,330.9:0.0,331.9:0.0,332.9:0.0,334.0:0.0,335.0:0.0,336.0:0.0,337.1:0.0,338.1:0.0,339.2:0.0,340.2:0.0,341.2:0.0,342.2:0.0,343.3:0.0,344.3:0.0,345.4:0.0,346.4:0.0,347.4:0.0,348.5:0.0,349.5:0.0,350.5:0.0,344.5:0.0,345.6:1513.7,353.6:0.0,354.7:0.0,355.7:0.0,356.8:0.0,357.8:0.0,
352.1:1102.0,353.1:1093.5,354.2:1082.5,355.2:1075.0,2.9:0.0,357.3:1062.5,358.4:1048.5,359.4:1044.5,0.5:1043.7,1.5:1038.0,2.5:1033.2,3.6:1034.7,11.2:0.0,12.2:0.0,13.2:0.0,14.3:0.0,15.3:0.0,9.3:0.0,10.3:1478.2,11.4:1474.0,19.4:0.0,13.4:1452.7,14.5:1432.2,15.5:1429.7,16.6:1429.0,17.6:1422.7,18.7:1424.2,19.7:1425.2,20.7:1420.7,21.7:1424.0,22.7:1429.5,23.8:1428.7,24.9:1426.5,25.8:1431.2,26.9:1435.5,27.9:1439.5,29.0:1448.5,30.0:1456.0,31.0:1456.2,32.0:1461.5,33.1:1470.0,34.0:1476.0,35.2:1480.5,36.1:1487.7,37.2:1498.5,38.2:1508.5,39.2:1516.7,40.3:1526.0,41.3:1538.7,42.3:1548.2,43.4:1554.2,44.3:1565.0,45.4:1577.5,46.4:1592.0,47.4:1605.2,48.5:1621.5,49.5:1637.0,57.7:0.0,58.7:0.0,59.7:0.0,60.7:0.0,61.8:0.0,62.8:0.0,63.9:0.0,64.9:0.0,65.9:0.0,66.9:0.0,68.0:0.0,69.0:0.0,70.0:0.0,64.0:0.0,65.1:1465.2,73.1:0.0,67.2:1444.7,68.2:1427.7,69.2:1428.0,70.2:1429.0,71.3:1431.0,72.4:1431.7,73.4:1432.5,74.4:1432.2,75.5:1433.5,76.5:1438.2,77.5:1441.7,78.5:1442.5,86.5:0.0,80.6:1449.0,81.6:1459.5,82.6:1465.2,83.6:1472.2,84.7:1477.7,85.7:1482.5,93.7:0.0,87.7:1509.0,88.8:1532.7,96.8:0.0,97.9:0.0,91.8:1524.5,92.9:1509.5,93.9:1498.2,94.9:1488.0,96.0:1480.0,97.0:1470.5,98.0:1462.7,99.1:1459.0,100.1:1454.7,101.1:1449.5,102.2:1443.5,103.2:1438.7,104.2:1435.7,105.3:1431.5,106.3:1427.7,107.3:1423.5,108.4:1419.7,109.5:1419.7,110.4:1418.7,111.5:1418.5,112.5:1419.7,113.6:1420.5,114.6:1420.2,115.6:1419.5,116.6:1418.7,117.6:1423.2,118.7:1430.0,119.7:1434.0,120.7:1437.5,121.7:1441.0,129.8:0.0,130.8:0.0,131.9:0.0,132.9:0.0,133.9:0.0,134.9:0.0,136.0:0.0,137.0:0.0,138.1:0.0,132.7:0.0,133.7:937.7,134.8:940.7,135.7:944.5,136.7:949.2,137.7:957.0,138.8:966.0,146.3:0.0,147.4:0.0,141.9:0.0,142.9:1015.0,150.5:0.0,151.5:0.0,152.5:0.0,153.5:0.0,154.6:0.0,155.6:0.0,156.6:0.0,157.7:0.0,158.7:0.0,159.7:0.0,160.8:0.0,161.8:0.0,163.0:0.0,164.0:0.0,165.0:0.0,159.2:0.0,160.2:1315.5,161.2:1297.5,162.4:1280.0,163.4:1262.5,164.4:1246.2,165.5:1231.0,166.5:1216.0,167.6:1200.7,168.6:1187.7,169.7:1176.5,170.7:1164.0,171.7:1152.7,172.9:1144.5,173.9:1133.0,174.9:1123.0,176.0:1115.5,177.0:1107.7,178.1:1099.5,179.1:1092.0,180.0:1087.2,181.1:1087.2,182.1:1090.5,183.2:1080.2,184.2:1067.2,185.2:1062.7,186.3:1058.2,187.3:1053.7,188.4:1050.2,189.4:1047.5,190.4:1045.0,191.5:1043.0,192.6:1039.7,193.5:1038.2,194.6:1038.7,195.6:1038.2,196.6:1036.5,197.7:1036.5,198.7:1037.2,199.8:1037.5,200.8:1038.2,201.9:1038.7,202.9:1039.7,203.9:1040.5,204.9:1042.2,206.0:1044.2,207.0:1046.0,208.0:1049.2,209.1:1052.0,210.1:1059.0,217.7:0.0,218.8:0.0,219.8:0.0,220.9:0.0,221.9:0.0,222.9:0.0,217.7:0.0,218.7:806.7,219.7:809.7,220.8:813.5,221.7:824.7,222.9:823.0,224.0:813.0,224.9:816.0,226.0:821.2,227.0:825.5,234.2:0.0,235.3:0.0,230.0:839.2,231.1:857.2,238.4:0.0,239.4:0.0,240.5:0.0,241.5:0.0,242.5:0.0,243.5:0.0,244.6:0.0,245.6:0.0,246.6:0.0,247.7:0.0,248.7:0.0,243.1:0.0,250.8:0.0,251.8:0.0,252.8:0.0,253.9:0.0,254.9:0.0,255.9:0.0,257.0:0.0,258.0:0.0,259.0:0.0,260.0:0.0,261.1:0.0,262.1:0.0,263.1:0.0,264.2:0.0,265.2:0.0,259.6:1025.0,260.7:1029.2,261.7:1020.0,269.3:0.0,270.4:0.0,271.4:0.0,272.4:0.0,266.9:0.0,268.0:968.5,269.0:961.5,270.1:954.7,271.1:951.0,272.2:946.5,273.2:941.7,274.2:935.2,275.3:929.0,276.2:923.5,277.3:921.2,278.2:919.7,279.3:916.0,280.3:912.7,281.5:910.5,282.4:909.2,283.4:907.5,284.5:907.2,285.6:908.7,286.5:908.2,287.6:906.5,288.6:906.2,289.7:907.0,290.7:908.2,291.6:908.0,292.7:907.5,293.7:909.7,294.7:910.7,295.8:910.7,296.8:912.7,297.7:916.0,298.8:918.2,299.9:922.0,300.9:927.2,302.0:930.2,303.0:932.7,304.0:936.7,305.0:942.2,306.0:948.0,307.0:953.7,308.1:957.0,309.1:960.7,310.1:968.7,311.1:975.2,318.7:0.0,313.2:986.7,314.2:1000.2,315.2:1009.2,316.3:1018.2,317.3:1026.2,318.3:1035.0,325.9:0.0,326.9:0.0,328.0:0.0,322.4:0.0,330.1:0.0,331.1:0.0,332.2:0.0,333.2:0.0,334.2:0.0,335.3:0.0,336.3:0.0,337.3:0.0,338.4:0.0,339.4:0.0,340.4:0.0,341.5:0.0,342.5:0.0,336.6:0.0,344.5:0.0,345.6:0.0,346.6:0.0,347.7:0.0,348.7:0.0,349.7:0.0,350.7:0.0,351.8:0.0,346.0:0.0,353.8:0.0,354.9:0.0,355.9:0.0,357.0:0.0,351.3:0.0,
353.4:684.7,354.6:678.2,355.5:671.7,356.6:667.5,357.6:663.5,358.7:658.5,359.7:653.5,0.7:653.7,1.9:651.7,2.8:647.0,3.9:646.5,5.0:647.2,11.7:0.0,12.7:0.0,13.8:0.0,14.8:0.0,15.8:0.0,16.9:0.0,17.9:0.0,19.0:0.0,20.0:0.0,14.4:0.0,15.4:1089.2,16.4:1092.0,17.5:1081.0,18.6:1065.0,19.5:1064.2,20.6:1063.5,21.6:1062.5,22.7:1063.5,23.8:1065.0,24.7:1065.2,25.8:1067.0,26.8:1070.2,27.9:1072.7,28.9:1074.0,29.8:1075.7,30.9:1080.5,31.9:1086.0,33.0:1089.5,34.0:1091.2,35.0:1095.7,36.1:1102.2,37.1:1110.0,38.2:1116.5,45.9:0.0,46.9:0.0,48.0:0.0,42.3:1134.2,43.3:1156.0,44.3:1165.7,45.4:1175.5,46.4:1183.5,54.2:0.0,55.2:0.0,56.2:0.0,57.3:0.0,58.3:0.0,59.3:0.0,53.6:0.0,61.4:0.0,62.5:0.0,63.5:0.0,64.5:0.0,65.6:0.0,66.6:0.0,67.6:0.0,68.6:0.0,69.7:0.0,70.7:0.0,71.7:0.0,72.8:0.0,73.8:0.0,74.8:0.0,75.9:0.0,76.9:0.0,77.9:0.0,79.0:0.0,80.0:0.0,81.0:0.0,82.1:0.0,83.1:0.0,84.1:0.0,78.3:0.0,79.3:1346.0,80.3:1345.2,88.3:0.0,82.4:1340.5,83.3:1334.0,84.3:1340.0,85.4:1345.5,86.4:1348.2,87.4:1357.2,88.4:1366.2,89.4:1371.7,90.5:1378.7,91.5:1384.5,92.5:1391.5,100.5:0.0,101.5:0.0,102.6:0.0,103.6:0.0,104.6:0.0,105.7:0.0,106.7:0.0,107.7:0.0,101.7:0.0,109.8:0.0,110.8:0.0,111.8:0.0,105.8:1573.5,106.9:1580.5,107.9:1578.5,108.9:1576.7,110.0:1576.5,111.0:1575.7,112.0:1576.7,113.1:1578.7,114.1:1577.2,115.1:1578.2,116.2:1579.0,117.2:1580.2,118.2:1581.5,119.2:1583.0,120.3:1589.5,121.3:1596.0,122.4:1602.7,123.4:1610.2,124.4:1613.7,125.4:1619.5,126.4:1629.0,127.5:1635.5,128.5:1641.7,129.6:1648.2,130.6:1657.0,131.6:1670.0,132.7:1675.2,140.8:0.0,141.9:0.0,142.9:0.0,143.9:0.0,145.0:0.0,146.0:0.0,147.0:0.0,148.0:0.0,149.1:0.0,143.3:0.0,151.2:0.0,145.4:1248.7,153.2:0.0,154.2:0.0,155.3:0.0,156.3:0.0,157.3:0.0,158.4:0.0,159.4:0.0,160.5:0.0,161.5:0.0,162.6:0.0,163.6:0.0,164.6:0.0,158.7:0.0,166.7:0.0,167.7:0.0,168.8:0.0,169.8:0.0,163.7:0.0,164.8:1691.0,165.8:1668.7,166.9:1647.5,167.9:1628.2,169.0:1612.7,170.0:1596.5,171.0:1579.7,172.1:1564.5,173.1:1551.2,174.1:1539.0,175.2:1527.0,176.2:1517.2,177.3:1504.0,178.3:1489.0,179.3:1478.5,180.3:1479.7,181.4:1479.5,182.4:1463.7,183.4:1449.0,184.5:1444.2,185.5:1440.2,186.6:1434.5,187.6:1429.0,188.6:1425.7,189.6:1423.7,190.7:1421.0,191.7:1417.0,192.8:1413.5,193.8:1408.7,194.8:1406.5,195.9:1407.2,196.9:1403.2,197.9:1403.7,199.0:1405.2,200.0:1402.7,201.1:1403.7,202.1:1413.0,210.1:0.0,211.2:0.0,205.5:0.0,206.5:1133.7,207.6:1136.7,215.3:0.0,209.7:1130.7,210.7:1124.5,211.7:1126.2,212.7:1128.5,213.8:1134.0,214.8:1140.2,215.8:1147.2,216.8:1153.7,217.8:1158.0,219.0:1162.2,220.0:1168.5,221.0:1176.5,222.0:1185.0,223.1:1194.2,230.9:0.0,231.9:0.0,232.9:0.0,234.0:0.0,234.9:0.0,229.1:0.0,237.0:0.0,238.0:0.0,232.2:0.0,240.1:0.0,234.2:1367.2,242.2:0.0,243.2:0.0,244.2:0.0,245.3:0.0,246.3:0.0,247.3:0.0,248.4:0.0,249.4:0.0,250.5:0.0,251.5:0.0,252.5:0.0,253.5:0.0,254.6:0.0,255.6:0.0,256.6:0.0,257.7:0.0,258.7:0.0,259.7:0.0,260.7:0.0,255.3:0.0,256.4:912.0,263.8:0.0,264.8:0.0,265.9:0.0,266.9:0.0,261.7:0.0,262.7:866.7,263.7:858.0,264.8:850.0,265.8:843.0,266.8:836.5,267.9:829.0,268.8:821.2,270.0:815.5,271.0:812.5,272.1:809.7,273.0:806.0,274.1:803.5,275.2:799.2,276.2:795.5,277.1:793.5,278.2:791.2,279.2:788.7,280.3:786.5,281.4:783.7,282.4:781.7,283.3:782.0,284.5:782.0,285.5:779.5,286.4:778.7,287.6:778.0,288.5:777.2,289.4:779.5,290.6:779.5,291.6:779.2,292.6:779.2,293.6:780.2,294.7:783.0,295.6:783.5,296.8:785.0,297.8:786.7,298.8:788.5,299.8:791.0,301.0:793.5,302.0:797.2,302.9:799.0,304.0:801.7,304.9:807.0,306.0:810.7,307.1:817.0,308.0:822.7,309.0:827.0,310.1:833.5,311.1:839.2,312.1:844.2,313.2:850.2,314.1:858.0,315.1:865.0,322.5:0.0,323.6:0.0,318.2:0.0,319.2:901.7,326.7:0.0,327.7:0.0,328.7:0.0,329.7:0.0,330.8:0.0,331.8:0.0,326.3:0.0,333.9:0.0,334.9:0.0,336.0:0.0,337.0:0.0,338.0:0.0,339.1:0.0,340.1:0.0,341.1:0.0,342.2:0.0,343.2:0.0,344.2:0.0,345.3:0.0,346.3:0.0,347.3:0.0,342.3:0.0,349.4:0.0,350.4:0.0,351.5:0.0,352.5:0.0,353.5:0.0,348.6:0.0,349.7:708.5,350.7:702.2,351.8:695.7,
355.2:371.0,356.2:366.7,357.2:365.5,358.4:363.5,359.3:361.0,0.8:358.0,1.8:356.7,2.7:356.7,3.7:354.2,4.8:351.0,5.8:349.2,7.2:349.2,7.8:350.0,9.2:351.0,9.8:353.2,14.8:0.0,15.8:0.0,16.9:0.0,17.9:0.0,18.9:0.0,19.9:0.0,21.0:0.0,22.0:0.0,23.0:0.0,24.1:0.0,18.8:0.0,20.0:816.0,21.0:818.2,22.0:819.0,23.0:0.0,24.0:792.5,25.2:793.0,26.2:794.5,27.2:795.2,28.2:796.7,29.2:799.0,30.3:800.7,31.4:804.2,32.3:808.7,33.3:812.7,34.3:815.2,35.3:819.0,36.4:823.0,37.4:826.7,38.5:833.5,39.5:839.0,40.6:843.0,41.6:848.5,42.5:855.2,43.7:861.7,51.0:0.0,52.0:0.0,53.0:0.0,47.7:0.0,48.7:901.0,49.7:908.5,57.2:0.0,58.2:0.0,59.2:0.0,60.2:0.0,61.3:0.0,62.3:0.0,63.3:0.0,64.4:0.0,65.4:0.0,66.5:0.0,67.5:0.0,68.5:0.0,69.5:0.0,70.6:0.0,71.6:0.0,72.7:0.0,73.7:0.0,74.7:0.0,75.7:0.0,76.8:0.0,77.8:0.0,78.8:0.0,79.9:0.0,80.9:0.0,82.0:0.0,83.0:0.0,84.0:0.0,85.0:0.0,86.1:0.0,87.1:0.0,88.1:0.0,89.2:0.0,90.2:0.0,91.2:0.0,92.2:0.0,93.2:0.0,94.3:0.0,95.3:0.0,96.3:0.0,97.4:0.0,98.4:0.0,99.4:0.0,100.5:0.0,94.6:0.0,102.5:0.0,103.5:0.0,97.7:1346.0,98.6:1365.7,106.6:0.0,107.7:0.0,108.7:0.0,109.7:0.0,110.8:0.0,111.8:0.0,112.8:0.0,113.8:0.0,114.9:0.0,115.9:0.0,117.0:0.0,118.0:0.0,119.0:0.0,120.0:0.0,113.4:0.0,115.0:0.0,116.0:1692.7,117.1:1691.5,118.0:1695.0,119.1:1700.5,120.1:1702.5,121.2:1706.2,122.2:1712.5,123.2:1720.5,124.2:1725.7,125.2:1729.2,126.3:1738.5,127.3:1748.7,128.3:1758.0,129.4:1766.7,130.4:1774.5,131.5:1784.5,132.5:1797.5,133.5:1813.5,134.5:1828.2,135.6:1845.0,136.6:1862.7,137.6:1877.7,138.6:1893.2,146.9:0.0,147.9:0.0,148.9:0.0,150.0:0.0,151.0:0.0,152.0:0.0,153.1:0.0,154.1:0.0,155.1:0.0,149.1:0.0,157.2:0.0,151.2:1503.2,159.3:0.0,153.3:1510.2,161.3:0.0,162.5:0.0,163.5:0.0,164.5:0.0,165.6:0.0,166.6:0.0,167.7:0.0,168.7:0.0,169.7:0.0,170.8:0.0,171.8:0.0,165.6:0.0,166.6:1982.7,167.7:1965.0,168.7:1942.7,169.7:1918.5,170.8:1899.0,171.8:1881.7,172.9:1864.7,174.0:1848.5,175.0:1830.0,176.0:1815.2,177.1:1803.0,178.1:1791.7,179.1:1781.0,180.1:1781.7,181.1:1774.7,182.2:1754.5,183.3:1745.7,184.3:1739.2,185.3:1728.2,186.4:1717.5,187.4:1712.5,188.4:1707.5,189.5:1702.2,190.5:1697.5,191.5:1693.7,192.5:1690.2,193.6:1685.7,194.6:1682.2,195.7:1683.0,196.7:1683.0,197.7:1685.7,205.9:0.0,200.0:0.0,201.0:1397.2,202.1:1398.7,203.1:1389.5,204.1:1382.7,205.2:1384.2,206.2:1381.5,207.3:1383.2,208.3:1389.5,209.3:1393.7,210.4:1397.2,211.4:1403.2,212.4:1409.7,213.5:1413.7,214.4:1416.7,222.5:0.0,223.5:0.0,224.5:0.0,225.6:0.0,226.6:0.0,220.6:0.0,221.6:1488.0,222.7:1505.5,223.7:1533.2,231.8:0.0,232.8:0.0,233.9:0.0,234.9:0.0,235.9:0.0,237.0:0.0,238.0:0.0,239.0:0.0,240.0:0.0,241.1:0.0,242.1:0.0,243.2:0.0,244.2:0.0,245.2:0.0,246.3:0.0,247.3:0.0,248.3:0.0,249.4:0.0,250.4:0.0,251.4:0.0,252.5:0.0,247.0:0.0,254.5:0.0,255.6:0.0,256.6:0.0,251.3:0.0,258.7:0.0,253.4:833.5,254.5:816.5,255.6:810.0,262.8:0.0,257.7:798.2,258.7:784.0,259.8:775.5,260.8:767.0,268.0:0.0,269.0:0.0,263.9:754.7,265.0:742.0,266.1:737.2,267.0:732.5,268.2:727.2,269.2:722.7,270.3:717.5,271.4:713.5,272.4:709.7,273.4:705.5,274.4:701.2,275.5:698.2,276.4:697.0,277.5:693.2,278.4:690.0,279.5:688.7,280.5:687.0,281.7:685.0,282.7:684.2,283.7:682.7,284.8:680.5,285.8:679.7,286.9:680.0,287.7:680.2,288.8:681.2,289.8:681.7,290.9:681.7,291.9:683.0,292.9:684.0,293.9:685.0,294.9:686.5,296.0:687.7,297.0:689.0,298.1:691.5,299.0:693.7,300.3:695.7,301.2:700.0,302.2:704.2,303.3:707.2,304.3:710.5,305.3:712.2,306.3:716.0,307.4:722.0,308.4:726.5,309.5:731.2,310.4:740.2,311.4:0.0,312.3:779.5,313.3:784.2,320.5:0.0,321.6:0.0,322.6:0.0,323.6:0.0,324.7:0.0,325.7:0.0,326.7:0.0,327.8:0.0,328.8:0.0,329.8:0.0,330.9:0.0,332.0:0.0,333.0:0.0,334.0:0.0,335.1:0.0,336.1:0.0,337.1:0.0,338.2:0.0,339.2:0.0,340.2:0.0,341.3:0.0,342.3:0.0,343.3:0.0,339.7:0.0,345.4:0.0,346.5:0.0,347.5:0.0,348.5:0.0,349.6:0.0,346.1:0.0,347.3:399.2,348.5:395.0,353.7:0.0,354.8:0.0,355.8:0.0,356.8:0.0,353.7:0.0,
358.7:0.0,359.7:0.0,0.7:0.0,1.8:0.0,2.8:0.0,3.8:0.0,4.9:0.0,5.9:0.0,6.9:0.0,8.0:0.0,9.0:0.0,10.0:0.0,11.1:0.0,12.1:0.0,5.9:0.0,14.2:0.0,15.2:0.0,9.3:0.0,10.3:1353.7,11.4:1350.7,19.4:0.0,13.5:1343.5,14.5:1339.5,15.6:1342.0,16.6:1347.5,17.6:1357.5,18.6:1363.2,19.7:1368.0,20.7:1374.0,21.7:1380.5,22.7:1389.7,23.8:1399.7,31.8:0.0,32.8:0.0,33.9:0.0,34.9:0.0,35.9:0.0,37.0:0.0,30.9:0.0,39.0:0.0,33.0:0.0,41.1:0.0,42.2:0.0,43.2:0.0,37.1:1574.7,38.2:1582.0,39.2:1580.7,40.2:1580.7,41.3:1579.0,42.4:1576.2,43.3:1575.2,44.4:1575.0,45.4:1577.0,46.4:1580.2,47.5:1581.7,48.5:1582.2,49.5:1585.5,50.6:1588.2,51.6:1593.0,52.7:1600.0,53.7:1605.7,54.7:1610.2,55.8:1616.0,56.8:1625.0,57.8:1631.5,58.8:1637.5,59.9:1644.5,60.9:1651.5,61.9:1659.7,63.0:1670.0,64.0:1681.5,72.1:0.0,73.2:0.0,74.2:0.0,75.2:0.0,76.3:0.0,77.3:0.0,78.3:0.0,79.4:0.0,80.4:0.0,74.6:0.0,82.5:0.0,76.6:1256.5,84.5:0.0,85.6:0.0,86.6:0.0,87.6:0.0,88.7:0.0,89.7:0.0,90.7:0.0,91.7:0.0,92.7:0.0,93.7:0.0,94.8:0.0,95.8:0.0,96.8:0.0,97.9:0.0,98.9:0.0,99.9:0.0,101.0:0.0,94.8:0.0,95.9:1692.2,96.9:1668.7,98.0:1646.5,99.0:1628.5,100.0:1612.5,101.1:1596.7,102.1:1582.0,103.2:1568.7,104.2:1554.2,105.2:1539.5,106.2:1527.7,107.3:1515.2,108.4:1501.7,109.4:1492.2,110.5:1482.2,111.5:1481.0,112.5:1479.7,113.6:1464.5,114.6:1450.7,115.7:1445.2,116.7:1440.0,117.8:1432.2,118.7:1429.0,119.8:1428.0,120.8:1422.0,121.9:1416.0,122.9:1414.0,124.0:1411.5,125.0:1409.0,126.0:1408.2,127.1:1405.7,128.1:1403.2,129.1:1403.5,130.1:1402.7,131.2:1404.0,132.3:1405.0,133.2:1408.2,141.3:0.0,142.3:0.0,136.7:0.0,137.6:1134.0,138.7:1134.2,146.4:0.0,140.7:1126.0,141.8:1119.5,142.8:1124.0,143.8:1130.5,144.9:1134.2,145.9:1139.0,147.0:1145.2,148.0:1149.7,148.9:1154.5,150.0:1159.7,151.1:1167.0,152.1:1175.7,153.0:1185.5,154.1:1192.5,162.0:0.0,163.0:0.0,164.1:0.0,165.1:0.0,166.2:0.0,167.2:0.0,168.2:0.0,169.2:0.0,163.4:0.0,171.3:0.0,172.4:0.0,173.4:0.0,174.4:0.0,175.5:0.0,176.5:0.0,177.5:0.0,178.6:0.0,179.6:0.0,180.7:0.0,181.7:0.0,182.7:0.0,183.7:0.0,184.8:0.0,185.8:0.0,186.8:0.0,187.8:0.0,188.9:0.0,189.9:0.0,190.9:0.0,192.0:0.0,193.0:0.0,187.6:0.0,195.1:0.0,196.1:0.0,197.1:0.0,191.9:888.7,192.8:869.0,193.9:861.5,194.9:857.2,196.0:848.5,197.1:839.2,198.2:832.7,199.1:828.2,200.2:821.5,201.2:812.7,202.4:808.7,203.4:808.2,204.5:804.0,205.4:799.2,206.6:796.7,207.5:792.7,208.7:788.7,209.7:786.7,210.7:784.2,211.8:782.0,212.8:782.0,213.9:780.7,214.8:779.2,215.9:778.7,217.0:778.0,217.9:776.5,219.1:776.0,220.1:775.7,221.1:775.2,222.1:776.2,223.1:777.0,224.1:777.5,225.1:779.7,226.2:780.5,227.4:780.0,228.2:781.5,229.2:783.2,230.3:786.0,231.3:790.0,232.4:792.0,233.4:794.5,234.4:798.5,235.4:802.2,236.5:805.0,237.4:810.2,238.5:815.2,239.5:817.7,240.6:824.7,241.6:831.0,242.6:835.7,243.6:841.5,244.7:848.2,245.7:855.5,246.7:862.7,254.1:0.0,255.1:0.0,256.1:0.0,257.2:0.0,258.2:0.0,259.2:0.0,260.2:0.0,261.2:0.0,262.3:0.0,263.3:0.0,257.7:0.0,265.4:0.0,266.4:0.0,267.5:0.0,268.5:0.0,269.5:0.0,270.5:0.0,271.6:0.0,272.6:0.0,273.6:0.0,274.7:0.0,269.4:0.0,276.7:0.0,277.8:0.0,278.8:0.0,273.8:0.0,280.9:0.0,281.9:0.0,276.8:755.0,283.9:0.0,284.9:0.0,280.1:0.0,281.1:708.7,282.2:702.5,283.2:697.2,284.3:690.2,285.3:681.2,286.2:676.7,287.4:670.5,288.3:665.7,289.3:664.0,290.5:659.7,291.5:654.0,292.5:651.2,293.5:649.2,294.7:646.0,295.7:646.2,296.7:648.7,303.5:0.0,304.5:0.0,305.5:0.0,306.6:0.0,307.7:0.0,308.7:0.0,309.7:0.0,310.7:0.0,305.1:0.0,306.2:1092.0,307.2:1092.0,308.3:1078.2,309.3:1062.7,310.2:1061.5,311.4:1062.2,312.4:1064.2,313.4:1064.0,314.4:1063.5,315.5:1066.7,316.5:1068.2,317.5:1070.0,318.6:1072.5,319.6:1073.5,320.6:1075.2,321.7:1079.7,322.7:1084.2,323.7:1088.0,324.8:1090.2,325.7:1093.0,326.9:1099.5,327.8:1107.2,328.9:1114.0,329.8:1119.5,337.6:0.0,338.7:0.0,333.0:1136.0,334.0:1151.7,335.0:1157.5,336.0:1166.0,337.1:1177.2,338.1:1187.0,345.9:0.0,346.9:0.0,348.0:0.0,349.0:0.0,350.0:0.0,351.1:0.0,352.1:0.0,353.1:0.0,354.2:0.0,355.2:0.0,356.3:0.0,357.3:0.0,358.3:0.0,
359.2:0.0,0.2:0.0,1.2:0.0,2.2:0.0,3.3:0.0,4.3:0.0,5.3:0.0,6.4:0.0,7.4:0.0,8.5:0.0,9.5:0.0,10.5:0.0,11.5:0.0,12.6:0.0,13.6:0.0,14.7:0.0,15.7:0.0,16.7:0.0,17.7:0.0,12.1:0.0,13.2:1070.0,14.2:1067.5,15.3:1070.2,23.0:0.0,17.4:1065.5,18.4:1062.5,19.5:1068.0,20.4:1071.2,21.5:1076.2,22.5:1082.2,23.5:1087.7,24.5:1095.0,25.6:1102.7,33.3:0.0,34.3:0.0,35.4:0.0,36.4:0.0,37.4:0.0,38.5:0.0,32.7:0.0,40.5:0.0,41.6:0.0,42.6:0.0,43.6:0.0,44.6:0.0,45.7:0.0,46.7:0.0,47.7:0.0,48.7:0.0,49.8:0.0,43.9:0.0,44.9:1353.2,45.9:1357.5,47.0:1359.2,48.0:1362.7,49.0:1369.5,50.1:1375.2,51.1:1377.0,52.1:1378.7,53.2:1381.2,54.2:1386.0,55.2:1393.5,56.3:1398.0,57.3:1401.5,58.3:1408.5,59.3:1419.7,60.4:1428.5,61.4:1434.0,62.4:1441.7,63.5:1449.2,64.5:1457.7,65.5:1468.7,66.5:1481.0,67.6:1495.2,68.5:1508.7,69.6:1520.2,70.6:1533.7,71.7:1547.7,72.7:1563.2,73.7:1584.2,81.8:0.0,82.8:0.0,83.9:0.0,84.9:0.0,85.9:0.0,87.0:0.0,88.0:0.0,89.0:0.0,90.0:0.0,91.0:0.0,92.1:0.0,93.1:0.0,87.3:0.0,95.1:0.0,89.3:1221.7,97.2:0.0,98.2:0.0,99.3:0.0,100.3:0.0,101.3:0.0,102.3:0.0,103.4:0.0,104.4:0.0,105.4:0.0,106.5:0.0,107.5:0.0,108.5:0.0,109.5:0.0,110.6:0.0,104.5:0.0,105.5:1746.7,106.5:1730.7,107.6:1715.7,108.6:1704.2,109.6:1692.0,110.7:1679.2,111.7:1671.7,112.8:1662.7,113.8:1653.7,114.8:1647.0,115.9:1637.7,116.9:1631.2,117.9:1627.0,119.0:1621.2,120.0:1614.5,121.0:1616.2,122.0:1614.5,123.1:1605.7,124.1:1604.5,125.2:1604.0,126.2:1601.7,127.2:1599.5,128.2:1596.7,129.2:1595.2,130.3:1596.2,131.3:1597.5,132.4:1600.0,133.4:1601.5,134.5:1603.5,135.5:1607.5,136.5:1610.0,137.5:1616.0,138.5:1623.0,139.6:1624.5,140.6:1632.7,148.7:0.0,149.8:0.0,150.8:0.0,144.9:0.0,145.9:1364.7,147.0:1374.2,148.0:1367.5,149.0:1361.2,150.1:1369.7,151.1:1377.2,152.1:1385.2,153.2:1392.0,154.1:1401.0,162.2:0.0,163.2:0.0,164.3:0.0,165.3:0.0,166.4:0.0,160.3:0.0,168.4:0.0,162.4:1530.0,170.5:0.0,164.4:1547.0,172.6:0.0,166.5:0.0,174.6:0.0,175.7:0.0,176.7:0.0,177.7:0.0,178.7:0.0,179.8:0.0,180.8:0.0,181.9:0.0,182.9:0.0,183.9:0.0,185.0:0.0,186.0:0.0,187.0:0.0,188.0:0.0,189.1:0.0,190.1:0.0,191.1:0.0,192.2:0.0,193.2:0.0,194.2:0.0,195.2:0.0,196.3:0.0,197.3:0.0,198.3:0.0,192.7:0.0,193.7:1102.0,194.8:1091.7,195.8:1084.2,196.9:1078.2,197.9:1070.2,198.9:1063.2,200.0:1057.7,201.0:1050.0,202.1:1044.5,203.2:1040.2,204.1:1034.2,205.2:1030.7,206.3:1026.2,207.2:1021.0,208.3:1017.5,209.3:1015.0,210.4:1010.2,211.5:1006.0,212.5:1004.2,213.4:1003.5,214.5:1001.7,215.6:1000.0,216.6:999.2,217.6:998.0,218.7:997.2,219.7:996.7,220.7:996.5,221.8:998.5,222.8:998.7,223.8:998.2,224.8:1000.2,225.9:1002.0,226.9:1003.5,228.0:1007.7,228.9:1010.2,230.0:1010.5,231.1:1013.2,232.1:1018.7,233.1:1022.5,234.1:1027.2,235.1:1033.7,236.2:1038.7,237.2:1041.7,238.2:1046.5,245.9:0.0,240.2:0.0,241.3:1099.0,242.2:1103.5,250.0:0.0,251.0:0.0,252.1:0.0,253.1:0.0,254.1:0.0,255.2:0.0,256.2:0.0,257.2:0.0,258.2:0.0,259.2:0.0,260.3:0.0,261.3:0.0,262.3:0.0,263.4:0.0,264.4:0.0,265.4:0.0,266.5:0.0,267.5:0.0,268.5:0.0,269.6:0.0,270.6:0.0,266.2:0.0,272.6:0.0,268.3:581.5,269.2:573.0,270.2:574.0,271.4:575.2,272.5:576.2,278.8:0.0,279.9:0.0,280.9:0.0,281.9:0.0,282.9:0.0,283.9:0.0,284.9:0.0,286.0:0.0,287.0:0.0,288.0:0.0,289.0:0.0,290.1:0.0,291.1:0.0,292.1:0.0,293.1:0.0,294.2:0.0,295.2:0.0,289.7:0.0,290.8:951.7,291.8:947.0,292.8:941.2,293.8:928.5,295.0:908.7,296.0:898.2,297.1:896.0,298.0:891.2,299.1:888.0,300.2:886.7,301.2:883.7,302.3:880.5,303.3:879.0,304.3:876.2,305.4:873.5,306.5:873.5,307.5:872.0,308.5:870.7,309.5:870.5,310.6:871.5,311.5:871.2,312.6:870.5,313.6:871.2,314.7:873.0,315.7:875.7,316.7:877.5,317.7:879.0,318.7:880.5,319.8:883.7,320.9:887.0,321.9:888.5,322.9:891.2,324.0:895.2,325.0:899.0,325.9:903.7,327.0:907.7,328.0:911.5,329.0:916.0,330.1:920.5,331.1:925.5,332.1:931.2,333.1:938.2,334.2:944.0,335.2:952.5,336.2:960.2,337.3:966.0,344.8:0.0,345.8:0.0,340.3:984.2,341.3:1006.0,342.3:1016.5,343.4:1026.0,351.0:0.0,352.0:0.0,353.0:0.0,354.1:0.0,355.1:0.0,356.1:0.0,357.2:0.0,358.2:0.0,
358.8:0.0,359.8:0.0,0.9:0.0,1.9:0.0,2.9:0.0,4.0:0.0,5.0:0.0,6.0:0.0,7.0:0.0,8.1:0.0,9.1:0.0,10.1:0.0,11.2:0.0,12.2:0.0,13.2:0.0,14.2:0.0,15.3:0.0,16.3:0.0,17.3:0.0,18.4:0.0,19.5:0.0,20.5:0.0,15.2:0.0,16.2:879.5,17.2:885.2,18.2:889.0,25.6:0.0,20.3:884.7,21.4:877.7,22.3:880.7,23.4:886.0,24.4:890.2,25.5:897.7,26.5:905.0,27.5:912.7,28.5:920.0,36.0:0.0,37.0:0.0,38.0:0.0,32.6:0.0,40.1:0.0,41.1:0.0,42.2:0.0,43.2:0.0,37.6:0.0,45.3:0.0,46.3:0.0,47.3:0.0,48.4:0.0,49.4:0.0,50.4:0.0,51.5:0.0,52.5:0.0,53.5:0.0,54.6:0.0,48.5:0.0,49.8:0.0,50.8:1251.7,51.9:1239.0,52.9:1241.2,53.9:1245.7,54.9:1249.0,55.9:1253.2,57.0:1258.7,58.0:1264.0,59.0:1269.2,60.1:1274.7,61.1:1281.0,62.1:1287.5,63.1:1296.0,64.1:1306.0,65.2:1314.0,66.2:1323.5,67.2:1333.7,68.2:1346.5,69.2:1360.2,70.2:1372.5,71.2:1384.5,72.3:1399.2,73.3:1419.2,74.3:1434.7,75.4:1447.0,76.3:1463.2,77.4:1482.0,78.3:1502.7,79.4:1522.5,80.4:1544.0,88.5:0.0,89.5:0.0,90.5:0.0,91.5:0.0,92.6:0.0,93.6:0.0,94.6:0.0,95.7:0.0,96.7:0.0,97.7:0.0,98.7:0.0,99.8:0.0,100.8:0.0,101.8:0.0,96.0:0.0,103.9:0.0,98.1:1229.2,105.9:0.0,107.0:0.0,108.0:0.0,109.0:0.0,110.0:0.0,111.1:0.0,112.1:0.0,113.1:0.0,114.2:0.0,115.2:0.0,116.2:0.0,110.1:0.0,111.1:1809.2,112.2:1800.7,113.2:1792.2,114.2:1782.0,115.2:1770.2,116.3:1762.0,117.3:1755.2,118.3:1748.2,119.3:1743.0,120.4:1739.5,121.4:1732.2,122.5:1728.0,123.5:1726.0,124.5:1720.2,125.5:1719.2,126.6:1743.0,127.6:1740.7,128.7:1718.2,129.7:1719.2,130.7:1716.5,131.7:1717.5,132.8:1723.2,133.8:1726.0,134.9:1728.0,135.9:1733.5,136.9:1739.0,137.9:1743.0,138.9:1748.0,140.0:1752.2,141.0:1755.5,142.0:1768.0,143.1:1778.5,144.0:1790.5,152.3:0.0,153.3:0.0,154.3:0.0,148.3:0.0,149.3:1533.2,150.4:1538.7,151.4:1539.5,152.4:1541.2,153.5:1547.5,154.5:1556.0,162.6:0.0,156.6:1574.0,157.6:1594.5,165.7:0.0,159.6:1616.5,160.7:1635.0,168.8:0.0,169.8:0.0,170.9:0.0,171.9:0.0,172.9:0.0,174.0:0.0,175.0:0.0,176.0:0.0,177.1:0.0,178.1:0.0,179.1:0.0,180.2:0.0,181.2:0.0,182.2:0.0,183.2:0.0,184.3:0.0,185.3:0.0,186.3:0.0,187.4:0.0,188.4:0.0,189.4:0.0,190.5:0.0,191.5:0.0,192.5:0.0,193.5:0.0,194.6:0.0,195.6:0.0,196.6:0.0,197.7:0.0,198.7:0.0,192.9:0.0,200.8:0.0,201.8:0.0,202.8:0.0,203.9:0.0,204.9:0.0,205.9:0.0,200.2:0.0,201.2:1201.7,202.2:1195.0,203.3:1187.2,204.3:1182.0,205.4:1176.7,206.4:1170.2,207.4:1162.7,208.5:1159.5,209.5:1158.5,210.5:1154.7,211.6:1152.0,212.6:1148.7,213.7:1144.0,214.7:1141.7,215.8:1141.7,216.8:1143.7,217.8:1143.7,218.9:1141.5,219.8:1141.5,220.9:1142.5,221.9:1144.2,223.0:1142.5,224.0:1142.2,225.0:1146.5,226.1:1150.7,227.1:1152.2,228.1:1154.0,229.1:1158.2,230.2:1161.7,237.9:0.0,232.2:0.0,233.2:1204.7,241.0:0.0,242.1:0.0,243.1:0.0,244.1:0.0,245.2:0.0,246.2:0.0,247.2:0.0,248.2:0.0,249.3:0.0,250.3:0.0,251.3:0.0,252.4:0.0,247.6:0.0,254.4:0.0,255.5:0.0,250.9:0.0,252.0:599.0,253.0:597.0,254.0:597.5,255.1:599.7,255.9:604.0,262.6:0.0,258.0:613.2,264.7:0.0,265.7:0.0,266.7:0.0,267.8:0.0,268.8:0.0,269.8:0.0,270.9:0.0,271.9:0.0,272.9:0.0,274.0:0.0,275.0:0.0,276.0:0.0,277.0:0.0,278.1:0.0,279.1:0.0,280.1:0.0,281.2:0.0,282.1:0.0,283.2:0.0,284.2:0.0,285.2:0.0,286.2:0.0,280.9:0.0,288.3:0.0,283.1:0.0,284.1:824.7,285.1:817.0,286.1:812.0,287.2:805.7,288.3:798.5,289.3:794.0,290.4:790.5,291.5:785.5,292.5:780.2,293.5:776.2,294.5:771.7,295.5:768.2,296.6:766.2,297.7:763.7,298.7:758.7,299.6:755.7,300.9:755.5,301.9:753.5,302.9:751.2,303.9:749.2,305.0:747.0,305.9:746.7,307.0:746.2,308.1:744.7,309.1:744.5,310.0:744.5,311.1:744.7,312.1:746.0,313.3:745.7,314.1:745.7,315.3:746.5,316.2:747.2,317.3:749.2,318.4:750.0,319.3:752.2,320.4:754.5,321.3:755.5,322.4:760.2,323.4:765.0,324.5:766.2,325.4:769.0,326.5:772.0,327.5:774.5,328.6:778.5,329.6:784.0,330.5:789.2,331.6:793.0,332.7:798.5,333.6:804.7,334.6:810.7,335.7:818.0,336.7:824.7,337.7:832.5,345.0:0.0,339.8:843.5,340.8:853.2,348.1:0.0,349.1:0.0,350.2:0.0,344.7:0.0,352.2:0.0,353.2:0.0,354.3:0.0,355.3:0.0,356.4:0.0,357.4:0.0,358.4:0.0,
358.8:0.0,359.8:0.0,0.8:0.0,1.9:0.0,2.9:0.0,3.9:0.0,4.9:0.0,5.9:0.0,7.0:0.0,8.0:0.0,9.0:0.0,10.0:0.0,11.0:0.0,12.0:0.0,13.1:0.0,14.1:0.0,15.1:0.0,16.1:0.0,17.2:0.0,18.2:0.0,19.2:0.0,20.2:0.0,21.3:0.0,22.3:0.0,23.3:0.0,24.3:0.0,19.5:0.0,20.5:699.7,21.6:694.7,22.6:696.0,23.6:702.2,30.5:0.0,31.5:0.0,26.6:702.5,27.6:700.7,28.6:705.0,29.7:708.7,36.6:0.0,37.6:0.0,38.6:0.0,39.6:0.0,40.7:0.0,41.7:0.0,42.7:0.0,43.7:0.0,44.7:0.0,45.8:0.0,46.8:0.0,47.8:0.0,48.8:0.0,49.8:0.0,50.9:0.0,51.9:0.0,52.9:0.0,53.9:0.0,54.9:0.0,56.0:0.0,57.0:0.0,58.0:0.0,59.0:0.0,60.0:0.0,61.1:0.0,62.1:0.0,56.3:0.0,57.3:0.0,58.5:0.0,59.5:1124.0,60.5:1129.5,61.5:1134.5,62.5:1142.5,63.5:1150.7,64.5:1156.2,65.5:1163.7,66.5:1172.0,67.6:1181.0,68.5:1192.5,69.5:1202.5,70.6:1212.0,71.6:1224.5,72.6:1239.5,73.6:1251.7,74.6:1262.7,75.6:1275.2,76.6:1289.2,77.7:1303.5,78.7:1319.5,79.6:1338.2,80.6:1357.5,81.6:1375.0,82.7:1396.0,83.6:1421.0,84.6:1440.2,85.6:1459.5,86.6:1487.2,87.6:1517.7,95.7:0.0,96.7:0.0,97.7:0.0,98.7:0.0,99.7:0.0,100.7:0.0,101.8:0.0,95.9:0.0,96.8:1378.5,104.8:0.0,105.8:0.0,106.9:0.0,107.9:0.0,108.9:0.0,109.9:0.0,104.1:0.0,105.1:1277.0,106.1:1272.7,107.2:1268.7,115.0:0.0,116.0:0.0,117.0:0.0,118.0:0.0,119.1:0.0,120.1:0.0,121.1:0.0,122.1:0.0,115.9:0.0,116.9:1895.0,117.9:1885.0,119.0:1877.5,120.0:1874.5,121.0:1872.7,122.0:1868.0,123.1:1862.0,124.1:1861.7,125.1:1858.2,126.1:1852.2,127.1:1851.0,128.2:1847.0,129.1:1847.2,130.2:1847.7,131.2:1851.7,132.2:1859.5,133.3:1860.5,134.3:1861.7,135.3:1863.0,136.3:1868.0,137.3:1870.7,138.4:1872.7,139.3:1878.2,140.4:1886.7,141.4:1894.5,142.4:1899.7,143.4:1907.2,144.4:1917.2,145.5:1929.0,146.5:1938.5,147.5:1954.5,155.8:0.0,156.8:0.0,157.8:0.0,151.7:0.0,152.7:1706.0,160.9:0.0,154.8:1712.0,155.8:1722.5,156.8:1730.2,157.8:1742.0,158.9:1761.0,167.1:0.0,168.1:0.0,169.1:0.0,170.1:0.0,171.1:0.0,172.2:0.0,173.2:0.0,174.2:0.0,175.2:0.0,169.0:0.0,177.3:0.0,178.3:0.0,179.3:0.0,180.3:0.0,181.4:0.0,182.4:0.0,183.4:0.0,184.4:0.0,185.4:0.0,186.4:0.0,187.5:0.0,188.5:0.0,189.5:0.0,190.5:0.0,191.5:0.0,185.5:0.0,193.6:0.0,187.5:1537.2,195.6:0.0,196.6:0.0,197.7:0.0,198.7:0.0,199.7:0.0,200.7:0.0,201.7:0.0,195.8:0.0,196.8:1394.0,197.9:1386.0,198.9:1376.2,199.9:1368.7,201.0:1360.0,202.0:1353.2,203.0:1346.2,204.0:1339.7,211.9:0.0,206.0:1332.5,214.0:0.0,215.0:0.0,209.2:1315.2,210.1:1304.7,211.1:1301.7,212.2:1299.2,213.2:1298.7,214.2:1295.5,215.2:1290.5,216.3:1290.5,217.3:1292.7,218.3:1292.0,219.3:1290.5,220.4:1288.2,221.4:1288.0,222.4:1292.2,223.5:1295.0,224.4:1299.2,225.4:1319.0,226.5:1335.2,234.4:0.0,235.4:0.0,236.5:0.0,237.5:0.0,238.5:0.0,239.5:0.0,240.5:0.0,241.5:0.0,236.7:0.0,237.8:677.2,238.7:676.5,239.8:677.5,240.7:680.5,241.7:683.7,242.9:687.0,243.8:690.2,244.8:694.2,245.8:697.7,246.7:703.2,247.9:710.5,248.9:717.2,249.8:724.0,250.9:733.2,257.9:0.0,258.9:0.0,259.9:0.0,254.8:0.0,255.8:770.2,263.0:0.0,264.0:0.0,265.0:0.0,259.7:0.0,267.0:0.0,268.1:0.0,269.1:0.0,270.1:0.0,271.1:0.0,272.1:0.0,273.2:0.0,274.2:0.0,275.2:0.0,276.2:0.0,277.2:0.0,272.1:0.0,279.3:0.0,280.3:0.0,281.3:0.0,282.2:0.0,283.2:0.0,284.3:0.0,279.3:0.0,280.3:704.7,281.3:699.7,288.3:0.0,289.3:0.0,284.4:688.2,285.5:674.0,286.5:668.7,287.7:665.2,288.6:660.5,289.6:656.0,290.7:651.7,291.6:649.0,292.8:645.0,293.8:641.0,294.8:637.0,295.8:633.7,296.8:632.5,297.9:630.2,298.8:626.7,299.8:624.2,301.0:623.5,302.0:621.7,303.2:621.2,304.0:620.5,305.0:618.0,306.0:617.0,307.1:615.7,308.2:614.2,309.3:614.2,310.2:614.0,311.3:613.5,312.3:615.2,313.4:615.2,314.3:614.2,315.3:615.2,316.4:616.5,317.3:617.0,318.4:617.5,319.3:619.0,320.3:621.2,321.4:624.0,322.3:626.7,323.5:629.2,324.4:631.7,325.4:633.5,326.4:637.0,327.5:641.0,328.6:643.7,329.5:647.0,330.5:652.2,331.5:655.5,332.7:657.7,333.6:662.0,334.5:665.5,335.5:671.0,336.7:678.2,337.6:685.5,338.5:692.0,339.5:696.0,340.5:701.2,347.5:0.0,348.6:0.0,349.6:0.0,344.5:0.0,351.6:0.0,352.7:0.0,353.7:0.0,354.7:0.0,355.7:0.0,356.7:0.0,357.8:0.0,
359.6:0.0,0.6:0.0,1.6:0.0,2.6:0.0,3.7:0.0,4.7:0.0,5.7:0.0,6.8:0.0,7.8:0.0,8.8:0.0,9.9:0.0,10.9:0.0,11.9:0.0,13.0:0.0,14.0:0.0,15.0:0.0,16.0:0.0,17.1:0.0,18.2:0.0,19.2:0.0,20.2:0.0,21.3:0.0,22.3:0.0,23.3:0.0,24.4:0.0,25.4:0.0,26.4:0.0,27.5:0.0,28.5:0.0,29.5:0.0,30.6:0.0,31.6:0.0,32.6:0.0,33.7:0.0,34.7:0.0,35.7:0.0,36.8:0.0,33.0:0.0,34.1:435.5,35.0:439.0,40.9:0.0,41.9:0.0,43.0:0.0,44.0:0.0,45.0:0.0,46.1:0.0,42.2:0.0,43.2:461.5,49.2:0.0,50.2:0.0,51.2:0.0,52.3:0.0,53.3:0.0,54.3:0.0,55.4:0.0,56.4:0.0,57.4:0.0,58.5:0.0,59.5:0.0,60.5:0.0,61.6:0.0,62.6:0.0,63.6:0.0,64.7:0.0,65.7:0.0,66.7:0.0,67.7:0.0,68.8:0.0,69.8:0.0,70.8:0.0,71.9:0.0,72.9:0.0,73.9:0.0,75.0:0.0,69.2:0.0,70.4:0.0,71.5:0.0,72.6:1017.5,73.6:1010.5,74.5:1022.7,75.6:1034.2,76.6:1043.0,77.6:1054.7,78.7:1068.5,79.7:1082.2,80.7:1097.0,81.6:1111.0,82.7:1124.7,83.6:1143.0,84.6:1161.5,85.6:1177.7,86.6:1198.0,87.7:1221.0,88.7:1243.2,89.6:1265.5,90.7:1288.7,91.7:1313.2,92.7:1340.7,93.7:1367.5,94.7:1400.5,95.7:1435.0,96.7:1468.0,97.7:1507.0,98.7:1541.7,99.7:1549.2,100.8:1537.2,101.8:1529.5,102.9:1516.7,103.9:1500.0,105.0:1486.0,113.0:0.0,114.0:0.0,115.0:0.0,116.1:0.0,117.1:0.0,111.2:0.0,112.2:1407.7,113.3:1399.7,114.3:1394.7,115.3:1391.2,116.4:1390.5,117.3:1389.7,118.4:1384.7,126.4:0.0,127.4:0.0,128.4:0.0,129.5:0.0,123.2:0.0,124.2:2045.7,125.2:2040.7,126.3:2037.2,127.3:2037.7,128.3:2032.0,129.4:2034.5,130.4:2038.0,131.5:2034.5,132.5:2037.5,133.5:2040.7,134.6:2041.5,135.6:2046.2,136.6:2051.2,137.6:2063.7,138.6:2071.0,139.7:2073.2,140.7:2080.2,141.8:2086.7,142.7:2096.2,143.8:2108.0,144.9:2117.5,145.9:2124.7,146.9:2134.5,147.9:2141.5,148.9:2151.7,150.0:2164.2,151.0:2181.5,159.4:0.0,160.4:0.0,161.4:0.0,162.5:0.0,156.2:0.0,157.3:1986.0,165.6:0.0,166.6:0.0,167.6:0.0,168.7:0.0,169.7:0.0,170.7:0.0,171.7:0.0,172.8:0.0,173.8:0.0,174.8:0.0,175.9:0.0,169.6:0.0,177.9:0.0,179.0:0.0,180.0:0.0,181.0:0.0,182.1:0.0,183.1:0.0,184.1:0.0,185.2:0.0,186.2:0.0,187.2:0.0,188.2:0.0,189.3:0.0,190.3:0.0,191.3:0.0,192.4:0.0,193.4:0.0,194.4:0.0,188.2:0.0,196.5:0.0,197.5:0.0,198.5:0.0,199.6:0.0,200.6:0.0,194.5:0.0,195.5:1653.7,196.6:1640.2,197.6:1625.2,198.7:1615.5,199.7:1605.7,200.7:1596.2,201.7:1587.7,202.8:1578.7,203.9:1573.2,204.9:1565.2,205.9:1560.0,207.0:1556.7,208.0:1547.5,209.0:1542.2,210.1:1539.5,211.1:1534.2,212.2:1527.5,213.2:1526.5,214.2:1523.5,215.3:1519.0,216.3:1520.0,217.3:1533.2,225.4:0.0,226.4:0.0,221.1:0.0,222.2:861.5,223.2:859.0,224.2:857.7,225.3:857.7,226.3:858.0,227.3:860.2,228.3:861.7,229.4:863.0,230.4:866.5,231.5:869.0,232.4:871.5,233.5:873.5,234.5:875.2,235.5:879.7,236.6:884.7,237.6:889.2,238.5:892.0,239.6:898.2,240.6:903.5,241.7:907.7,242.6:915.0,243.7:921.0,244.7:926.5,245.7:934.5,253.2:0.0,254.2:0.0,255.3:0.0,256.3:0.0,257.3:0.0,258.3:0.0,259.4:0.0,260.4:0.0,261.4:0.0,262.5:0.0,263.5:0.0,264.5:0.0,265.5:0.0,266.6:0.0,267.6:0.0,268.6:0.0,269.7:0.0,270.7:0.0,271.7:0.0,272.7:0.0,273.8:0.0,274.8:0.0,275.8:0.0,276.9:0.0,277.9:0.0,278.9:0.0,280.0:0.0,281.0:0.0,282.0:0.0,283.0:0.0,284.0:0.0,280.0:0.0,281.2:482.7,287.1:0.0,288.1:0.0,284.5:0.0,285.3:464.5,286.3:461.2,287.3:457.2,288.4:453.5,289.5:450.2,290.6:446.7,291.6:444.2,292.8:442.7,293.8:440.2,294.9:436.5,295.7:434.7,296.7:433.2,298.0:431.2,298.9:429.7,299.9:428.2,300.8:426.7,301.9:425.7,303.4:424.2,304.3:422.5,305.4:422.0,306.1:422.0,307.1:421.5,308.4:421.0,309.3:421.7,310.6:421.2,311.5:420.5,312.4:420.5,313.7:420.2,314.6:420.0,315.7:420.5,316.8:421.7,317.4:423.0,318.5:425.5,319.7:427.2,320.7:427.0,321.5:428.5,322.5:430.7,323.5:431.2,324.7:432.5,325.6:434.7,326.6:437.5,327.9:439.0,329.0:441.2,329.9:444.5,330.8:446.7,331.8:450.2,332.8:454.5,333.9:457.5,334.8:460.5,335.7:464.7,337.0:468.2,338.0:471.7,338.9:476.0,339.9:481.5,340.9:486.2,346.8:0.0,347.9:0.0,348.9:0.0,349.9:0.0,351.0:0.0,352.0:0.0,353.0:0.0,354.1:0.0,355.1:0.0,356.2:0.0,357.2:0.0,358.2:0.0,
359.0:0.0,0.0:0.0,1.0:0.0,2.0:0.0,3.1:0.0,4.1:0.0,5.2:0.0,6.2:0.0,7.2:0.0,8.2:0.0,9.3:0.0,10.3:0.0,11.3:0.0,12.4:0.0,13.4:0.0,14.4:0.0,15.5:0.0,16.5:0.0,17.5:0.0,18.6:0.0,19.6:0.0,20.6:0.0,21.7:0.0,22.7:0.0,23.7:0.0,24.8:0.0,25.8:0.0,26.8:0.0,27.9:0.0,28.9:0.0,29.9:0.0,31.0:0.0,32.0:0.0,33.0:0.0,34.1:0.0,35.1:0.0,36.1:0.0,37.2:0.0,38.2:0.0,39.2:0.0,40.2:0.0,41.3:0.0,42.3:0.0,43.3:0.0,44.4:0.0,45.4:0.0,46.4:0.0,47.5:0.0,48.5:0.0,49.5:0.0,50.6:0.0,51.6:0.0,52.6:0.0,53.7:0.0,52.0:0.0,52.6:294.0,53.7:293.7,54.7:296.5,58.8:0.0,59.9:0.0,60.9:0.0,61.9:0.0,63.0:0.0,64.0:0.0,65.0:0.0,66.1:0.0,63.1:0.0,64.7:344.5,65.2:344.7,70.2:0.0,71.2:0.0,72.2:0.0,73.3:0.0,74.3:0.0,75.3:0.0,76.4:0.0,77.4:0.0,78.4:0.0,79.5:0.0,80.5:0.0,81.5:0.0,82.6:0.0,83.6:0.0,84.6:0.0,85.7:0.0,86.7:0.0,87.7:0.0,82.2:0.0,83.2:976.0,84.2:977.5,85.2:991.0,86.2:1007.0,87.3:1026.5,88.2:1043.7,89.3:1060.7,90.2:1081.0,91.2:1102.2,92.2:1124.0,93.2:1146.7,94.3:1170.0,95.2:1195.7,96.2:1225.2,97.2:1257.0,98.2:1288.2,99.2:1320.2,100.2:1356.2,101.2:1396.7,102.2:1438.7,103.2:0.0,104.2:0.0,105.2:1581.0,106.2:1597.2,107.3:1586.7,108.3:1573.7,109.4:1563.7,110.4:1555.7,111.4:1547.5,112.5:1542.5,113.5:1534.7,114.5:1525.0,115.6:1518.5,116.6:1513.0,117.6:1508.2,118.7:1505.0,119.7:1500.7,120.7:1493.5,121.7:1488.7,122.8:1487.2,123.8:1488.7,131.9:0.0,132.9:0.0,133.9:0.0,127.6:0.0,128.7:2154.0,129.7:2150.2,130.7:2152.5,131.8:2152.0,132.8:2153.0,133.8:2156.2,134.9:2157.7,135.9:2161.5,136.9:2165.2,137.9:2169.7,139.0:2175.0,140.0:2188.2,141.1:2198.5,142.1:2204.5,143.1:2213.2,144.1:2222.7,145.1:2232.7,146.2:2244.7,147.2:2258.5,148.2:2272.5,149.2:2285.5,150.3:2302.2,151.3:2323.0,152.3:2340.2,160.7:0.0,161.8:0.0,162.8:0.0,163.9:0.0,157.6:0.0,165.9:0.0,167.0:0.0,168.0:0.0,161.5:0.0,162.6:2844.0,171.1:0.0,172.1:0.0,173.2:0.0,174.2:0.0,175.2:0.0,176.2:0.0,169.9:0.0,178.3:0.0,179.3:0.0,180.4:0.0,181.4:0.0,182.4:0.0,183.5:0.0,184.5:0.0,185.5:0.0,186.5:0.0,187.6:0.0,188.6:0.0,189.6:0.0,190.7:0.0,184.4:0.0,192.7:0.0,193.8:0.0,194.8:0.0,195.8:0.0,196.9:0.0,190.7:0.0,191.7:1884.2,200.0:0.0,201.0:0.0,202.0:0.0,195.8:0.0,196.9:1794.7,197.9:1781.5,199.0:1774.0,200.0:1760.2,201.0:1749.2,202.1:1744.0,203.1:1738.2,204.2:1728.5,205.2:1718.5,206.2:1711.2,207.3:1701.2,208.3:1695.5,209.4:1689.5,210.4:1680.2,211.4:1688.2,213.1:0.0,214.0:1016.0,215.1:1007.0,216.1:1002.0,217.1:1000.2,218.2:999.7,219.3:999.5,220.2:998.7,221.2:997.5,222.4:997.2,223.4:997.7,224.4:997.7,225.4:999.0,226.4:1001.0,227.5:1002.5,228.5:1006.2,229.5:1009.0,230.6:1010.7,231.6:1012.7,232.6:1015.0,233.6:1019.2,234.7:1024.0,235.7:1030.7,236.7:1036.0,237.8:1038.5,245.4:0.0,246.4:0.0,247.4:0.0,248.5:0.0,249.5:0.0,250.5:0.0,251.6:0.0,252.6:0.0,253.6:0.0,254.7:0.0,255.7:0.0,256.7:0.0,257.8:0.0,258.8:0.0,259.8:0.0,260.8:0.0,261.9:0.0,262.9:0.0,263.9:0.0,265.0:0.0,266.0:0.0,267.0:0.0,268.0:0.0,269.1:0.0,270.1:0.0,271.1:0.0,272.2:0.0,273.2:0.0,274.2:0.0,275.3:0.0,276.3:0.0,277.3:0.0,278.4:0.0,279.4:0.0,280.4:0.0,281.5:0.0,282.4:0.0,283.4:0.0,284.4:0.0,285.5:0.0,286.5:0.0,283.9:0.0,284.9:324.2,286.3:322.2,290.6:0.0,288.0:318.5,289.6:312.0,290.6:310.7,291.7:310.7,292.5:308.0,293.6:305.7,295.2:304.0,295.7:302.5,296.6:301.2,298.0:299.7,299.3:298.7,300.2:297.2,301.5:295.7,301.8:295.0,303.3:294.5,304.0:293.7,305.2:293.0,306.3:293.0,307.4:292.5,308.0:292.2,309.5:292.7,311.0:292.7,311.1:292.7,312.1:292.5,313.4:292.5,314.3:292.7,315.2:293.0,317.0:293.2,318.2:293.5,318.3:294.5,320.0:295.7,321.1:297.0,321.4:297.2,322.6:299.2,323.4:301.5,324.4:301.7,325.7:303.0,327.1:304.7,327.7:306.0,328.7:306.7,330.1:308.7,330.8:311.7,332.0:314.2,333.1:315.7,333.4:317.5,334.5:320.5,335.5:323.7,340.1:0.0,338.0:327.5,342.2:0.0,343.2:0.0,344.2:0.0,345.3:0.0,346.3:0.0,347.3:0.0,348.4:0.0,349.4:0.0,350.4:0.0,351.5:0.0,352.5:0.0,353.5:0.0,354.6:0.0,355.6:0.0,356.6:0.0,357.7:0.0,
352.5:1538.0,353.6:1543.5,354.6:1527.7,2.7:0.0,3.7:0.0,4.7:0.0,5.7:0.0,6.8:0.0,7.8:0.0,8.8:0.0,3.0:0.0,4.0:1391.5,5.0:1386.7,6.0:1378.5,7.1:1370.5,8.1:1362.0,9.2:1354.0,10.2:1349.2,11.3:1346.0,19.2:0.0,20.2:0.0,21.3:0.0,22.3:0.0,23.4:0.0,17.1:0.0,18.2:1990.7,19.2:1992.2,20.2:1989.7,21.3:1988.2,22.3:1983.5,23.3:1980.2,24.4:1978.5,25.4:1977.7,26.5:1977.2,27.5:1976.5,28.5:1979.0,29.5:1981.2,30.6:1984.0,31.6:1988.5,32.6:2008.0,33.7:2011.0,34.7:1997.2,35.7:2002.7,36.8:2009.5,37.8:2017.2,38.8:2026.7,39.8:2033.5,40.9:2041.7,41.9:2054.0,42.9:2067.7,44.0:2078.0,45.0:2089.0,46.0:2102.2,47.0:2116.5,55.4:0.0,56.4:0.0,57.5:0.0,51.3:0.0,52.3:1883.5,53.3:1896.5,54.4:1897.7,62.6:0.0,63.7:0.0,64.7:0.0,65.7:0.0,59.4:0.0,60.5:2011.7,61.5:2023.7,69.8:0.0,70.9:0.0,71.9:0.0,72.9:0.0,74.0:0.0,67.6:0.0,76.0:0.0,77.0:0.0,78.1:0.0,79.1:0.0,80.1:0.0,81.2:0.0,82.2:0.0,83.2:0.0,84.3:0.0,85.3:0.0,86.3:0.0,87.4:0.0,88.4:0.0,89.4:0.0,90.4:0.0,91.4:0.0,92.5:0.0,86.4:0.0,87.4:1645.2,88.5:1630.0,96.6:0.0,90.5:1610.7,91.5:1588.0,92.6:1571.7,93.6:1566.5,94.7:1557.0,95.7:1546.0,96.8:1539.0,97.7:1525.5,98.8:1515.5,99.8:1509.0,100.8:1502.2,101.9:1492.2,103.0:1481.0,104.0:1474.7,105.0:1475.2,106.1:1473.0,107.0:1465.5,108.1:1462.2,109.1:1457.7,117.2:0.0,111.2:1453.5,112.3:1446.2,113.2:1439.2,114.2:1439.7,115.3:1440.5,116.3:1455.2,117.3:1469.0,118.3:1470.7,126.4:0.0,127.5:0.0,122.4:0.0,123.4:790.7,124.4:789.7,125.4:791.2,126.4:792.2,127.5:794.5,128.5:795.5,129.6:796.5,130.5:798.0,131.5:801.2,132.6:805.2,133.6:810.7,134.6:814.5,135.7:817.5,136.7:822.2,137.6:826.7,138.8:831.5,139.7:836.5,140.7:843.0,141.8:848.0,142.8:855.5,143.9:862.2,151.2:0.0,152.2:0.0,153.2:0.0,147.8:0.0,148.9:902.0,156.3:0.0,157.4:0.0,158.4:0.0,159.4:0.0,160.5:0.0,161.5:0.0,162.6:0.0,163.6:0.0,164.6:0.0,165.7:0.0,166.7:0.0,167.7:0.0,168.7:0.0,169.8:0.0,170.8:0.0,171.8:0.0,172.9:0.0,173.9:0.0,175.0:0.0,176.0:0.0,177.0:0.0,178.0:0.0,179.1:0.0,180.1:0.0,181.1:0.0,182.2:0.0,178.0:0.0,184.2:0.0,185.3:0.0,186.3:0.0,187.3:0.0,188.4:0.0,184.1:0.0,185.3:521.0,186.4:515.7,187.5:509.7,188.4:507.0,189.6:503.5,190.6:501.7,191.7:499.5,192.6:496.7,193.8:494.5,194.6:492.0,195.6:490.5,196.9:489.2,197.7:488.0,198.8:486.2,199.8:484.2,201.1:482.5,201.9:482.5,203.0:482.0,204.1:481.2,205.3:480.7,206.2:480.0,207.0:479.5,208.3:478.7,209.2:479.0,210.2:479.0,211.2:480.0,212.5:481.2,213.5:481.2,214.2:483.5,215.5:486.0,216.5:486.2,217.4:486.2,218.4:487.0,219.5:488.0,220.4:489.7,221.5:493.0,222.6:495.0,223.6:497.0,224.6:500.0,225.7:502.2,226.6:503.7,227.7:507.5,228.7:512.0,229.6:515.0,230.5:518.2,231.6:522.2,232.8:526.2,233.7:533.5,234.8:540.2,241.0:0.0,242.0:0.0,243.1:0.0,244.1:0.0,245.1:0.0,246.2:0.0,247.2:0.0,248.2:0.0,243.7:0.0,250.3:0.0,251.3:0.0,252.4:0.0,253.4:0.0,254.4:0.0,255.5:0.0,256.5:0.0,257.5:0.0,258.6:0.0,259.6:0.0,260.6:0.0,261.7:0.0,262.7:0.0,263.7:0.0,264.7:0.0,265.8:0.0,266.8:0.0,267.8:0.0,268.9:0.0,269.9:0.0,270.9:0.0,272.0:0.0,273.0:0.0,274.0:0.0,275.1:0.0,276.1:0.0,277.1:0.0,278.2:0.0,279.2:0.0,280.2:0.0,281.2:0.0,282.2:0.0,283.2:0.0,284.3:0.0,285.3:0.0,286.3:0.0,287.3:0.0,288.4:0.0,284.1:0.0,285.2:522.0,286.4:521.0,287.2:522.5,293.5:0.0,294.5:0.0,295.6:0.0,291.3:0.0,297.6:0.0,293.4:0.0,299.7:0.0,300.7:0.0,301.7:0.0,302.8:0.0,303.8:0.0,304.8:0.0,305.8:0.0,307.0:0.0,308.0:0.0,309.0:0.0,310.1:0.0,311.1:0.0,312.1:0.0,313.2:0.0,314.2:0.0,315.2:0.0,316.2:0.0,317.3:0.0,318.3:0.0,319.3:0.0,320.4:0.0,321.4:0.0,322.5:0.0,323.5:0.0,324.5:0.0,325.5:0.0,326.6:0.0,327.6:0.0,321.9:0.0,323.0:0.0,324.0:0.0,325.1:1047.0,326.1:1048.2,327.2:1056.7,328.2:1067.0,329.2:1077.0,330.2:1086.5,331.3:1098.5,332.3:1110.7,333.2:1123.2,334.3:1136.7,335.3:1149.5,336.3:1163.5,337.3:1179.5,338.4:1195.7,339.3:1213.5,340.4:1233.0,341.4:1252.5,342.4:1271.2,343.5:1289.7,344.5:1311.2,345.5:1336.0,346.5:1359.7,347.6:1386.2,348.5:1419.5,349.5:1448.5,350.5:1479.0,
358.7:0.0,359.7:0.0,0.7:0.0,1.8:0.0,2.8:0.0,357.0:0.0,4.9:0.0,5.9:0.0,6.9:0.0,8.0:0.0,9.0:0.0,3.2:0.0,4.3:1202.0,5.3:1195.0,6.4:1188.7,7.4:1182.5,8.5:1176.0,9.5:1167.5,10.5:1160.7,11.5:1156.2,12.6:1153.0,13.6:1155.2,21.4:0.0,22.4:0.0,23.5:0.0,24.5:0.0,25.5:0.0,19.3:0.0,20.4:1807.2,21.4:1806.0,22.4:1804.5,23.5:1802.7,24.5:1800.5,25.5:1798.5,26.6:1799.7,27.6:1801.0,28.6:1799.2,29.7:1796.7,30.7:1801.7,31.7:1810.0,32.7:1813.5,33.8:1817.2,34.9:1824.5,35.9:1836.2,37.0:1840.7,38.0:1843.0,39.0:1852.2,40.0:1862.2,41.0:1872.0,42.1:1879.2,43.1:1890.7,44.1:1902.5,45.2:1912.5,46.2:1926.2,47.2:1941.0,48.3:1955.0,49.3:1969.2,50.3:1985.5,58.6:0.0,59.7:0.0,60.7:0.0,61.7:0.0,62.8:0.0,56.6:0.0,64.8:0.0,58.7:1786.5,66.9:0.0,67.9:0.0,68.9:0.0,70.0:0.0,71.0:0.0,72.0:0.0,73.1:0.0,74.1:0.0,75.1:0.0,76.2:0.0,77.2:0.0,78.2:0.0,79.3:0.0,80.3:0.0,81.3:0.0,82.4:0.0,83.4:0.0,84.4:0.0,85.5:0.0,86.5:0.0,87.5:0.0,88.6:0.0,89.6:0.0,90.6:0.0,91.6:0.0,85.4:1789.2,93.7:0.0,87.5:1758.5,88.6:1735.2,96.8:0.0,90.7:1709.7,91.7:1678.2,92.7:1662.7,93.7:1654.0,94.8:1644.2,95.9:1628.7,96.9:1617.2,97.9:1611.2,98.9:1601.5,100.0:1592.0,101.0:1583.5,102.0:1576.2,103.1:1571.2,104.1:1566.5,105.1:1563.7,106.2:1557.7,107.2:1549.0,108.2:1544.7,109.2:1544.5,110.3:1540.0,111.3:1534.2,112.4:1534.7,113.4:1537.0,114.4:1535.0,115.4:1529.7,116.4:1529.7,117.5:1534.5,118.5:1532.5,119.5:1534.7,120.5:1537.0,121.6:1533.2,122.6:1555.0,123.6:1575.7,124.7:1563.0,132.8:0.0,133.8:0.0,134.8:0.0,135.8:0.0,136.9:0.0,131.5:0.0,132.6:916.5,133.7:915.7,134.6:919.5,135.7:922.0,136.6:927.0,137.7:933.0,138.7:937.0,139.8:943.5,140.8:949.7,141.8:954.5,142.8:961.2,143.8:969.7,151.4:0.0,145.8:982.2,153.5:0.0,147.9:1004.0,148.9:1021.2,149.9:1030.5,157.6:0.0,158.6:0.0,159.6:0.0,160.7:0.0,155.0:0.0,162.8:0.0,163.8:0.0,164.9:0.0,165.9:0.0,166.9:0.0,168.0:0.0,169.0:0.0,170.0:0.0,171.1:0.0,172.1:0.0,173.1:0.0,174.2:0.0,175.2:0.0,170.0:0.0,177.3:0.0,178.3:0.0,173.1:0.0,174.3:775.7,175.4:767.7,182.4:0.0,177.5:757.5,178.5:746.0,179.6:739.2,180.6:732.5,181.6:725.0,182.6:720.0,183.6:712.2,184.8:705.7,185.7:700.5,186.8:694.5,187.9:690.2,188.9:687.0,189.9:684.5,191.0:681.2,192.0:678.0,193.0:675.2,194.1:671.7,195.1:668.5,196.1:666.0,197.3:663.0,198.3:660.5,199.4:660.5,200.4:658.7,201.4:656.7,202.5:656.2,203.4:655.0,204.6:654.7,205.6:654.5,206.6:654.7,207.7:653.2,208.7:651.5,209.7:652.7,210.7:653.2,211.7:654.0,212.7:656.0,213.8:658.0,214.7:658.5,215.8:660.0,216.8:663.5,217.9:666.0,218.9:667.7,219.9:669.7,221.1:673.2,222.1:675.7,223.0:678.0,224.0:681.0,225.0:684.2,226.0:688.0,227.2:690.5,228.1:696.0,229.2:701.2,230.2:705.0,231.2:712.5,232.2:719.0,233.2:724.5,234.1:733.2,235.2:741.0,242.3:0.0,243.3:0.0,244.4:0.0,239.2:0.0,240.3:777.2,247.5:0.0,242.3:792.0,243.4:806.0,244.4:813.2,251.6:0.0,252.6:0.0,253.7:0.0,254.7:0.0,255.7:0.0,256.8:0.0,257.8:0.0,258.8:0.0,259.9:0.0,260.9:0.0,261.9:0.0,263.0:0.0,264.0:0.0,265.0:0.0,266.0:0.0,261.8:0.0,263.1:502.5,264.0:498.0,265.0:499.5,266.1:499.2,267.2:500.7,268.1:503.2,269.2:504.7,275.3:0.0,271.3:0.0,272.4:484.0,273.6:487.2,274.4:489.5,275.5:490.7,276.6:492.5,277.6:493.7,278.3:497.7,279.3:501.2,280.4:504.5,286.6:0.0,282.5:510.2,288.6:0.0,289.7:0.0,285.3:520.5,291.7:0.0,292.7:0.0,293.7:0.0,294.8:0.0,295.8:0.0,296.8:0.0,297.9:0.0,298.9:0.0,299.9:0.0,301.0:0.0,302.0:0.0,303.0:0.0,304.0:0.0,305.1:0.0,306.2:0.0,307.2:0.0,308.2:0.0,309.3:0.0,310.3:0.0,311.3:0.0,312.4:0.0,313.4:0.0,314.5:0.0,315.5:0.0,316.5:0.0,317.5:0.0,318.6:0.0,312.9:0.0,314.1:0.0,315.2:0.0,316.4:0.0,317.3:892.0,318.4:891.0,319.5:896.2,320.5:902.2,321.5:908.5,322.5:914.7,323.5:922.0,324.6:929.5,325.6:937.7,326.6:945.5,327.6:954.5,328.6:965.0,329.7:974.2,330.7:983.2,331.7:993.7,332.7:1005.2,333.7:1017.0,334.8:1029.5,335.7:1042.2,336.8:1055.5,337.8:1069.5,338.7:1084.0,339.8:1101.0,340.8:1117.5,341.8:1136.0,342.8:1155.2,343.9:1172.5,344.8:1193.0,345.8:1216.0,346.8:1239.7,347.9:1263.2,348.9:1288.0,350.0:1314.5,357.9:0.0,
359.5:0.0,0.5:0.0,354.9:0.0,355.8:1093.2,3.6:0.0,4.6:0.0,5.7:0.0,0.0:0.0,1.1:1044.5,2.2:1035.0,3.2:1028.2,4.3:1020.2,5.3:1013.5,6.3:1007.5,7.4:1002.0,8.3:996.7,9.4:992.5,10.5:987.7,11.6:981.5,12.5:977.0,13.6:973.0,14.6:972.7,15.7:972.5,16.7:968.5,24.2:0.0,25.3:0.0,26.3:0.0,27.4:0.0,28.4:0.0,22.3:0.0,23.3:1629.7,24.4:1630.7,25.4:1631.0,26.5:1631.0,27.5:1628.0,28.5:1626.7,29.5:1628.2,30.5:1627.5,31.6:1629.2,32.7:1634.2,33.7:1636.5,34.7:1636.2,35.7:1640.7,36.7:1650.5,37.8:1656.0,38.8:1659.7,39.8:1681.0,40.8:1689.2,41.9:1683.5,42.9:1692.0,44.0:1701.0,45.0:1713.2,46.0:1726.7,47.0:1736.0,48.0:1749.0,49.0:1763.7,50.1:1780.0,51.1:1797.2,52.1:1810.2,53.1:1824.2,54.2:1844.0,55.2:1863.2,63.4:0.0,64.5:0.0,65.5:0.0,66.5:0.0,67.6:0.0,68.6:0.0,62.5:0.0,70.7:0.0,64.5:1679.0,72.7:0.0,73.7:0.0,74.8:0.0,75.8:0.0,76.8:0.0,77.9:0.0,78.9:0.0,79.9:0.0,81.0:0.0,82.0:0.0,83.0:0.0,84.0:0.0,85.1:0.0,86.1:0.0,87.1:0.0,88.2:0.0,89.2:0.0,90.2:0.0,91.2:0.0,92.2:0.0,93.2:0.0,94.3:0.0,95.3:0.0,96.3:0.0,97.4:0.0,98.4:0.0,99.4:0.0,93.2:0.0,94.3:1756.2,95.3:1744.0,96.3:1732.2,97.4:1719.7,98.4:1705.7,99.5:1693.2,100.5:1682.5,101.5:1675.0,102.5:1670.5,103.6:1666.2,104.6:1657.7,105.6:1646.7,106.6:1642.5,107.7:1638.2,108.7:1633.2,109.8:1630.0,110.7:1627.5,111.8:1625.5,112.8:1624.0,113.8:1622.5,114.9:1621.7,115.9:1621.5,116.9:1619.7,118.0:1619.0,119.0:1618.5,120.0:1620.7,121.1:1624.2,122.1:1627.7,123.1:1629.5,124.1:1633.0,125.1:1636.2,126.2:1637.7,127.2:1642.7,128.2:1666.2,129.2:1688.0,130.2:1699.0,138.5:0.0,139.5:0.0,140.5:0.0,141.6:0.0,142.6:0.0,136.9:0.0,144.6:0.0,139.1:0.0,140.1:1058.5,141.1:1061.0,142.1:1061.7,143.2:1066.7,144.2:1074.0,145.2:1081.7,146.2:1091.7,147.2:1099.5,154.9:0.0,156.0:0.0,157.0:0.0,158.0:0.0,159.0:0.0,160.1:0.0,161.1:0.0,162.2:0.0,163.2:0.0,164.3:0.0,165.3:0.0,166.3:0.0,160.5:0.0,168.4:0.0,169.4:0.0,170.5:0.0,171.5:0.0,172.5:0.0,173.6:0.0,174.6:0.0,175.6:0.0,170.0:0.0,171.2:1025.7,178.7:0.0,179.8:0.0,180.8:0.0,175.4:0.0,182.9:0.0,183.9:0.0,184.9:0.0,186.0:0.0,180.5:0.0,181.6:915.5,182.6:909.7,183.6:901.5,184.7:894.0,185.7:889.0,186.8:882.5,187.9:876.2,188.8:872.2,189.9:867.0,190.9:860.7,191.9:857.2,193.0:853.2,194.0:849.0,195.0:846.5,196.2:844.0,197.2:840.2,198.1:838.2,199.2:836.2,200.2:832.7,201.3:829.5,202.3:828.0,203.3:829.0,204.4:828.7,205.5:827.7,206.4:826.5,207.6:825.0,208.5:825.2,209.6:825.2,210.5:825.7,211.6:828.0,212.6:829.2,213.6:831.5,214.6:833.7,215.8:833.0,216.8:835.2,217.8:839.5,218.7:841.2,219.8:843.0,220.8:848.5,221.9:853.2,223.0:856.0,223.9:860.0,224.9:865.2,226.0:871.0,227.0:876.0,228.0:881.5,229.1:887.2,230.1:892.5,231.0:898.2,232.1:906.0,233.1:914.7,240.6:0.0,241.6:0.0,242.6:0.0,237.2:0.0,244.7:0.0,245.7:0.0,246.8:0.0,247.8:0.0,243.6:0.0,244.5:548.2,245.5:545.7,246.7:543.5,247.7:541.7,248.7:543.0,250.0:0.0,251.0:512.7,252.1:508.5,253.0:506.7,254.1:505.7,254.9:505.5,256.1:506.2,257.1:505.2,258.0:505.0,259.2:505.2,260.3:505.7,261.1:506.7,262.1:506.2,263.1:506.7,264.4:507.7,265.5:509.0,266.2:511.2,267.2:512.0,268.4:512.7,269.4:514.7,270.4:516.7,271.3:518.5,272.3:521.7,273.5:522.7,274.5:524.5,275.6:529.0,276.5:530.7,277.5:532.7,278.5:536.7,279.5:541.7,280.5:546.7,281.5:548.7,282.5:551.7,288.9:0.0,284.5:558.5,285.4:564.0,286.5:568.7,293.0:0.0,294.0:0.0,289.4:0.0,290.5:597.7,291.6:601.0,298.1:0.0,299.1:0.0,300.1:0.0,301.2:0.0,302.2:0.0,303.2:0.0,304.2:0.0,299.4:0.0,306.4:0.0,307.4:0.0,302.4:0.0,309.5:0.0,310.5:0.0,311.5:0.0,306.3:0.0,307.5:0.0,308.5:753.2,309.6:756.0,310.6:758.0,311.6:759.2,312.6:762.2,313.7:765.0,314.7:769.0,315.7:774.0,316.6:778.7,317.7:782.7,318.7:786.5,319.7:791.5,320.7:796.0,321.8:800.5,322.8:806.2,323.8:813.2,324.8:819.0,325.9:825.7,326.9:834.5,327.9:842.5,329.0:850.7,329.9:858.7,331.0:867.5,332.0:877.2,333.0:887.5,334.0:897.7,335.1:908.2,336.0:920.0,337.0:932.0,338.0:945.5,339.0:960.5,340.1:974.5,341.0:988.2,342.1:1002.2,343.1:1018.5,344.1:1036.5,345.1:1053.2,346.1:1071.2,347.1:1092.7,348.1:1113.5,349.2:1137.5,356.9:0.0,358.0:0.0,
352.7:0.0,353.8:912.2,354.8:903.2,2.2:0.0,3.3:0.0,358.0:0.0,359.0:867.5,0.1:862.0,1.0:853.7,2.2:846.0,3.2:840.7,4.3:835.7,5.2:830.2,6.4:822.7,7.4:817.7,8.4:815.5,9.5:811.0,10.5:806.0,11.5:803.2,12.7:799.7,13.7:795.2,14.7:791.7,15.9:788.0,16.8:786.5,17.9:784.5,18.8:784.2,19.9:786.7,20.9:787.7,28.1:0.0,29.2:0.0,30.2:0.0,31.2:0.0,25.3:0.0,26.3:1445.7,27.3:1446.7,28.4:1449.5,29.4:1448.7,30.5:1450.7,31.5:1454.0,32.5:1454.2,33.6:1457.0,34.5:1462.0,35.6:1466.5,36.7:1470.2,37.7:1475.2,38.7:1480.0,39.8:1483.7,40.8:1493.0,41.8:1503.5,42.8:1511.5,43.9:1526.7,44.9:1543.0,45.9:1548.5,46.9:1552.2,47.9:1561.2,49.0:1574.5,50.0:1585.7,51.1:1598.7,52.0:1613.2,53.1:1625.7,54.1:1641.0,55.2:1657.2,56.1:1676.7,57.2:1695.0,58.2:1712.2,59.1:1735.5,60.2:1758.0,68.4:0.0,69.4:0.0,70.5:0.0,71.5:0.0,72.5:0.0,73.6:0.0,67.5:0.0,75.6:0.0,76.7:0.0,70.5:1606.0,78.7:0.0,79.7:0.0,80.8:0.0,81.8:0.0,82.8:0.0,83.9:0.0,84.9:0.0,85.9:0.0,87.0:0.0,88.0:0.0,89.0:0.0,90.0:0.0,91.0:0.0,84.8:0.0,93.1:0.0,94.1:0.0,95.1:0.0,96.2:0.0,97.2:0.0,98.2:0.0,92.0:0.0,100.3:0.0,101.3:0.0,95.1:0.0,103.3:0.0,97.2:1813.7,98.2:1800.2,99.2:1791.5,100.2:1782.7,101.3:1773.0,102.3:1765.5,103.4:1758.2,104.4:1748.5,105.4:1741.7,106.5:1738.2,107.5:1730.7,108.6:1728.2,109.6:1727.7,110.6:1722.5,111.7:1720.5,112.6:1716.5,113.7:1714.5,114.7:1714.5,115.7:1714.5,116.7:1713.2,117.8:1713.7,118.9:1716.0,119.9:1715.5,120.9:1716.5,121.9:1718.2,123.0:1718.7,124.0:1725.2,125.0:1731.2,126.0:1737.0,127.0:1745.7,128.1:1751.5,129.1:1753.7,130.1:1759.5,131.2:1767.2,132.2:1774.5,133.2:1801.5,134.3:1824.5,142.5:0.0,143.5:0.0,144.6:0.0,145.6:0.0,146.6:0.0,147.7:0.0,148.7:0.0,142.9:0.0,150.7:0.0,145.0:0.0,146.0:1208.5,153.8:0.0,154.9:0.0,155.9:0.0,156.9:0.0,158.0:0.0,159.0:0.0,160.0:0.0,161.0:0.0,162.1:0.0,163.2:0.0,164.2:0.0,165.2:0.0,166.3:0.0,167.3:0.0,168.3:0.0,169.4:0.0,170.4:0.0,171.4:0.0,172.5:0.0,173.5:0.0,174.5:0.0,175.6:0.0,176.6:0.0,177.6:0.0,178.7:0.0,179.7:0.0,174.0:1194.7,181.8:0.0,182.8:0.0,183.8:0.0,184.9:0.0,179.2:0.0,180.2:1111.2,181.3:1105.0,182.3:1095.2,183.4:1084.0,184.4:1076.2,185.4:1070.0,193.1:0.0,187.5:1059.2,188.5:1049.0,189.7:1043.5,190.6:1039.7,191.7:1033.5,192.7:1028.0,193.7:1022.5,194.8:1018.0,195.9:1016.2,196.8:1012.0,198.0:1008.0,199.0:1005.7,200.0:1005.0,201.0:1002.5,202.0:999.0,203.0:998.7,204.2:998.5,205.2:997.7,206.2:998.5,207.2:998.0,208.3:998.2,209.4:998.7,210.4:998.7,211.5:999.2,212.5:1000.0,213.4:1002.5,214.6:1005.2,215.5:1006.5,216.5:1008.5,217.6:1012.5,218.7:1015.5,219.7:1018.2,220.6:1024.7,221.7:1030.7,222.7:1035.0,223.7:1039.7,224.8:1043.5,225.8:1048.5,233.5:0.0,228.7:0.0,235.5:0.0,230.7:645.2,232.1:0.0,233.1:597.5,234.0:595.7,235.3:589.5,236.3:584.0,237.4:580.7,238.3:577.2,239.4:573.5,240.5:570.0,241.5:566.7,242.5:564.2,243.5:562.7,244.6:560.0,245.7:557.0,246.8:554.7,247.8:552.7,248.7:551.0,249.7:549.5,250.7:548.0,251.8:547.0,252.9:545.5,254.0:543.7,255.0:544.2,256.0:544.2,257.0:543.5,258.1:542.7,258.9:542.7,260.1:543.2,261.1:544.2,262.3:544.0,263.3:544.7,264.1:546.0,265.3:547.0,266.2:548.5,267.1:550.7,268.4:552.2,269.3:553.7,270.3:555.2,271.3:557.5,272.3:561.2,273.3:563.2,274.4:565.7,275.3:569.0,276.4:572.0,277.4:574.2,278.3:577.5,279.5:581.2,280.4:584.5,281.3:590.0,288.0:0.0,289.0:0.0,284.3:0.0,285.4:644.0,286.4:647.2,293.1:0.0,294.2:0.0,295.2:0.0,296.2:0.0,289.7:0.0,290.7:3326.0,293.5:0.0,294.5:648.0,295.7:646.7,296.7:646.7,297.6:647.2,298.8:646.5,299.7:646.5,300.8:646.5,301.9:646.0,302.9:647.0,304.0:648.0,304.9:648.0,305.9:648.7,306.9:649.7,308.1:651.7,309.0:654.5,310.2:657.0,311.1:659.0,312.2:661.7,313.0:664.7,314.2:666.5,315.1:669.2,316.2:673.7,317.1:678.0,318.1:682.0,319.3:685.7,320.3:690.2,321.3:694.2,322.2:699.2,323.3:704.7,324.3:709.7,325.4:715.5,326.4:721.7,327.3:729.5,328.5:736.7,329.4:743.5,330.4:751.5,331.3:759.7,332.4:768.2,333.4:777.0,334.5:787.0,335.5:795.7,336.4:804.2,337.5:815.0,338.5:826.5,339.5:839.5,340.5:852.2,341.5:864.0,342.5:878.5,343.5:894.2,344.5:909.0,345.5:925.0,346.5:942.0,347.5:963.2,348.5:970.2,349.6:959.5,357.1:0.0,358.2:0.0,
353.7:706.5,0.6:0.0,355.8:693.5,2.7:0.0,358.0:675.7,358.9:667.0,0.1:662.5,1.0:657.2,2.0:652.5,3.1:648.7,4.2:645.7,5.3:640.0,6.3:635.5,7.2:633.5,8.3:629.7,9.5:626.5,10.4:623.0,11.4:619.5,12.7:616.7,13.7:614.2,14.6:612.0,15.6:609.7,16.9:607.2,17.9:604.5,18.7:604.2,19.8:603.2,21.0:602.2,22.0:601.5,22.9:600.0,24.0:597.7,25.0:599.7,26.2:604.2,27.2:606.0,33.7:0.0,34.8:0.0,35.8:0.0,36.8:0.0,37.9:0.0,32.0:0.0,33.0:1277.2,34.2:1278.5,35.1:1281.7,36.1:1284.5,37.1:1288.2,38.2:1293.5,39.2:1299.2,40.3:1305.5,41.3:1312.2,42.3:1319.0,43.3:1325.0,44.3:1333.7,45.4:1342.7,46.4:1352.2,47.5:1362.0,48.5:1370.2,49.5:1395.7,50.5:1416.2,51.5:1418.0,52.6:1424.7,53.6:1435.2,54.6:1450.0,55.7:1465.2,56.7:1481.5,57.7:1499.5,58.7:1516.7,59.7:1536.0,60.7:1555.5,61.8:1575.2,62.8:1596.2,63.8:1615.7,64.9:1638.7,65.9:1664.5,74.0:0.0,75.1:0.0,76.1:0.0,77.1:0.0,78.2:0.0,79.2:0.0,80.2:0.0,74.2:0.0,82.3:0.0,76.2:1553.7,77.3:1572.7,85.4:0.0,86.4:0.0,87.5:0.0,88.5:0.0,89.5:0.0,90.5:0.0,91.5:0.0,92.6:0.0,93.6:0.0,87.3:0.0,95.6:0.0,89.4:0.0,90.4:2014.0,91.4:2008.2,92.5:1987.5,100.8:0.0,94.6:1955.5,95.6:1927.0,96.6:1904.7,97.7:1896.2,98.7:1891.2,99.7:1880.7,100.8:1870.7,101.8:1863.7,102.8:1854.7,103.9:1846.2,104.9:1837.0,105.9:1826.7,107.0:1824.0,108.0:1823.0,109.0:1819.0,110.0:1811.7,111.1:1810.0,112.1:1810.5,113.1:1807.0,114.2:1805.2,115.2:1803.7,116.2:1806.2,117.2:1806.7,118.3:1809.5,119.3:1811.0,120.3:1809.7,121.4:1811.0,122.4:1814.5,123.5:1816.7,124.4:1821.0,125.5:1826.7,126.5:1831.7,127.5:1839.5,128.6:1844.5,129.5:1852.5,130.6:1863.2,131.7:1870.7,132.8:1876.7,133.7:1888.2,134.8:1897.5,135.8:1907.7,136.9:1944.2,137.9:1974.7,146.2:0.0,147.2:0.0,148.2:0.0,149.3:0.0,150.3:0.0,151.3:0.0,152.4:0.0,153.4:0.0,154.4:0.0,148.5:0.0,149.5:1379.5,150.6:1380.2,151.6:1385.7,159.6:0.0,160.6:0.0,161.7:0.0,162.8:0.0,163.8:0.0,164.8:0.0,165.9:0.0,166.9:0.0,167.9:0.0,169.0:0.0,170.0:0.0,171.0:0.0,172.1:0.0,173.1:0.0,174.2:0.0,175.2:0.0,176.2:0.0,177.2:0.0,178.3:0.0,179.3:0.0,180.4:0.0,174.5:1381.7,182.4:0.0,183.5:0.0,184.5:0.0,185.5:0.0,186.5:0.0,187.6:0.0,181.7:0.0,182.7:1273.0,183.9:1264.0,184.9:1256.7,192.7:0.0,193.8:0.0,194.8:0.0,195.8:0.0,196.9:0.0,191.1:0.0,192.1:1208.0,193.2:1203.5,194.3:1196.7,195.3:1192.2,196.2:1189.2,197.3:1187.0,198.4:1184.5,199.4:1179.7,200.4:1175.5,201.5:1173.5,202.5:1171.5,203.5:1169.7,204.6:1168.2,205.7:1168.7,206.7:1168.2,207.7:1168.0,208.7:1169.5,209.8:1169.5,210.9:1171.0,211.8:1173.0,212.9:1173.5,213.9:1178.5,215.0:1183.2,222.8:0.0,223.8:0.0,224.8:0.0,225.9:0.0,226.9:0.0,227.9:0.0,223.1:0.0,230.0:0.0,231.0:0.0,226.2:0.0,227.2:672.2,228.3:666.7,229.5:661.0,230.4:655.5,231.6:650.5,232.6:644.7,233.7:638.2,234.8:631.5,235.8:626.0,236.7:621.2,237.8:615.5,238.9:613.5,239.9:611.2,241.0:606.2,242.1:602.2,243.0:600.5,244.2:598.0,245.2:595.0,246.2:593.5,247.4:591.7,248.2:589.2,249.4:587.2,250.5:586.0,251.5:584.7,252.5:583.7,253.5:582.5,254.4:582.5,255.4:582.7,256.6:582.2,257.7:581.7,258.7:581.0,259.6:581.7,260.6:582.2,261.7:582.2,262.7:583.7,269.3:0.0,270.3:0.0,265.8:0.0,266.8:618.5,267.9:620.0,268.8:622.0,269.9:624.0,270.8:626.5,277.6:0.0,278.6:0.0,272.0:0.0,273.1:3527.2,276.1:0.0,277.1:589.7,278.1:584.7,279.3:581.0,280.2:577.0,281.2:573.5,282.4:570.5,283.3:567.7,284.4:565.0,285.5:562.2,286.6:559.2,287.5:556.7,288.5:554.7,289.5:552.7,290.6:551.2,291.7:549.7,292.8:548.5,293.8:547.5,294.8:546.0,296.0:545.0,296.9:544.5,297.9:544.5,298.9:544.5,300.0:544.2,301.0:544.0,302.0:544.5,303.0:545.2,304.1:546.2,305.2:547.5,306.2:548.5,307.3:549.5,308.3:550.2,309.3:552.0,310.3:554.0,311.4:555.7,312.4:558.2,313.4:561.0,314.4:563.7,315.4:566.0,316.5:568.7,317.5:572.2,318.4:576.0,319.3:579.5,320.5:582.5,321.5:587.2,322.4:592.2,323.6:596.2,324.5:600.2,325.6:606.2,326.6:612.2,327.7:617.7,328.6:623.7,329.7:630.2,330.5:636.0,331.6:642.7,332.7:651.5,333.7:659.2,334.7:666.7,335.6:675.0,336.7:683.7,337.7:693.7,338.6:703.7,339.7:713.7,340.8:724.0,341.7:735.2,342.7:747.7,343.8:759.2,344.7:0.0,345.8:783.2,346.8:768.5,353.9:0.0,355.0:0.0,356.0:0.0,357.0:0.0,352.1:0.0,
359.5:0.0,0.5:0.0,356.4:0.0,357.8:485.2,358.8:479.5,359.9:475.0,1.0:471.2,1.8:468.7,3.0:464.7,4.0:461.2,5.0:458.7,6.3:455.0,7.0:450.7,8.4:448.0,9.2:446.2,10.3:444.2,11.3:442.2,12.4:439.7,13.5:438.0,14.5:436.2,15.7:434.7,16.5:433.2,17.8:432.0,18.7:431.0,19.7:430.2,20.9:429.0,21.7:428.2,22.9:428.0,23.9:428.2,24.9:428.0,26.2:427.2,27.1:427.7,28.2:427.5,29.3:427.2,29.9:428.5,31.1:430.0,32.3:430.0,33.3:429.7,34.1:430.5,35.2:430.5,36.1:434.5,37.2:439.2,42.9:0.0,44.0:0.0,45.0:0.0,46.0:0.0,47.1:0.0,48.1:0.0,49.1:0.0,43.4:0.0,44.5:1154.5,45.5:1161.5,46.5:1167.7,47.6:1176.5,48.5:1184.5,49.6:1192.2,50.6:1202.5,51.6:1216.2,52.6:1227.7,53.7:1236.7,54.7:1247.2,55.7:1259.7,56.7:0.0,57.8:1307.7,58.8:1308.2,59.8:1318.0,60.8:1336.2,61.8:1353.5,62.8:1370.0,63.8:1388.2,64.8:1408.7,65.9:1432.2,66.9:1456.2,67.9:1482.2,68.9:1507.5,69.9:1532.2,71.0:1561.2,71.9:1588.5,73.0:1623.0,81.1:0.0,82.2:0.0,83.2:0.0,84.2:0.0,85.2:0.0,86.3:0.0,80.3:0.0,81.3:1511.7,89.4:0.0,83.3:1511.0,84.4:1533.7,92.4:0.0,93.5:0.0,94.5:0.0,95.5:0.0,96.5:0.0,97.6:0.0,98.6:0.0,92.3:0.0,93.4:0.0,94.4:2061.7,95.4:2038.0,96.5:2025.0,97.5:2016.0,98.5:2001.0,99.6:1983.0,100.6:1970.2,101.6:1963.2,102.6:1959.2,103.7:1945.0,104.7:1931.2,105.8:1927.0,106.8:1921.0,107.8:1917.5,108.8:1916.5,109.9:1913.2,110.9:1907.2,111.9:1898.2,112.9:1897.0,114.0:1898.7,115.0:1894.2,116.0:1890.5,117.0:1890.7,118.1:1891.7,119.1:1894.2,120.2:1895.0,121.2:1902.0,122.2:1907.7,123.2:1910.5,124.2:1918.7,125.2:1922.2,126.3:1924.2,127.3:1929.7,128.4:1935.2,129.4:1942.5,130.4:1955.7,131.5:1966.2,132.5:1976.0,133.5:1983.2,134.5:1992.2,135.6:2007.7,136.6:2026.7,137.6:2033.0,138.7:2036.0,139.7:2049.7,140.7:2082.7,149.1:0.0,150.1:0.0,151.1:0.0,152.2:0.0,153.2:0.0,154.2:0.0,155.2:0.0,156.3:0.0,157.3:0.0,158.3:0.0,152.3:0.0,153.3:1557.0,154.4:1558.7,162.5:0.0,156.5:1578.5,164.6:0.0,158.6:1621.0,166.7:0.0,167.7:0.0,168.7:0.0,169.8:0.0,170.8:0.0,171.9:0.0,172.9:0.0,173.9:0.0,175.0:0.0,176.0:0.0,177.0:0.0,170.9:1642.0,172.0:1637.0,180.1:0.0,181.2:0.0,175.1:0.0,176.2:1561.7,177.2:1546.7,178.2:1536.7,179.3:1523.7,187.3:0.0,188.3:0.0,189.4:0.0,190.4:0.0,191.4:0.0,192.5:0.0,193.5:0.0,187.6:0.0,188.6:1407.2,189.6:1396.0,190.6:1387.0,191.7:1379.2,192.7:1376.5,193.8:1374.7,194.8:1367.5,195.8:1363.0,196.9:1359.7,197.9:1353.0,199.0:1349.0,200.0:1348.5,201.0:1346.2,202.0:1343.5,203.2:1340.2,204.2:1339.5,205.2:1338.2,206.2:1335.5,207.3:1336.7,208.3:1339.0,216.3:0.0,217.3:0.0,218.3:0.0,219.4:0.0,220.4:0.0,221.4:0.0,222.5:0.0,217.3:0.0,224.5:0.0,225.6:0.0,226.6:0.0,227.6:0.0,228.7:0.0,229.7:0.0,230.7:0.0,231.8:0.0,232.8:0.0,227.9:0.0,228.9:705.2,235.9:0.0,231.1:695.0,232.1:683.5,233.1:678.7,234.1:673.2,235.2:669.7,236.2:666.2,237.4:661.5,238.4:656.5,239.5:652.7,240.6:648.7,241.5:645.2,242.7:641.2,243.7:638.2,244.7:637.0,245.8:633.7,252.5:0.0,253.5:0.0,248.7:0.0,249.7:654.2,250.8:651.2,251.9:649.5,252.7:649.2,253.9:651.0,260.7:0.0,261.7:0.0,257.0:0.0,258.1:595.2,259.4:587.0,260.3:578.0,261.3:570.5,262.5:562.2,263.6:554.0,264.7:546.7,265.8:540.0,266.7:533.5,267.7:527.5,269.0:521.0,270.1:514.7,270.9:509.5,272.1:504.5,273.0:499.7,274.2:495.2,275.4:490.5,276.4:486.5,277.2:482.7,278.4:479.2,279.3:475.7,280.5:473.0,281.7:470.2,282.6:466.5,283.6:463.7,284.7:461.5,285.6:459.2,286.7:457.7,287.7:455.7,288.9:453.5,290.0:451.7,290.8:450.5,292.1:449.2,292.8:448.2,294.1:447.0,295.2:446.2,296.1:446.2,297.0:445.7,298.0:445.2,299.3:445.0,300.3:444.7,301.3:444.7,302.5:445.0,303.4:445.7,304.2:446.5,305.4:447.0,306.3:447.7,307.3:448.7,308.6:450.2,309.5:451.5,310.4:452.7,311.6:454.7,312.6:457.0,313.5:459.0,314.7:460.5,315.6:462.0,316.8:464.7,317.5:469.0,318.6:471.7,319.5:474.2,320.6:478.0,321.5:481.2,322.8:484.0,323.6:487.5,324.8:492.0,325.7:496.7,326.8:500.5,327.7:505.0,328.8:510.5,329.9:515.7,330.7:520.7,331.9:526.7,332.8:532.0,333.7:537.7,334.7:544.7,335.7:552.0,336.7:559.2,337.8:566.0,338.7:574.5,339.9:584.0,346.3:0.0,347.3:0.0,348.4:0.0,349.4:0.0,350.4:0.0,351.5:0.0,352.5:0.0,353.5:0.0,354.6:0.0,355.6:0.0,356.7:0.0,352.7:0.0,
359.1:0.0,0.1:0.0,1.1:0.0,2.2:0.0,3.2:0.0,4.2:0.0,2.4:0.0,4.0:272.7,5.2:270.7,5.6:268.7,6.7:266.7,9.1:264.7,10.2:263.0,10.1:262.5,11.2:262.0,12.6:260.2,14.6:258.5,14.5:257.5,15.1:256.5,16.4:255.5,17.8:254.5,18.7:254.0,19.9:253.2,21.9:253.2,21.5:253.0,23.4:252.2,25.2:251.7,25.9:251.5,25.7:251.0,27.0:251.7,27.6:252.2,29.8:252.2,30.6:252.7,31.6:252.7,32.3:253.5,34.7:254.2,34.6:254.7,36.4:254.7,37.3:255.0,37.7:256.2,38.0:257.5,39.0:259.0,40.0:260.5,41.7:261.7,42.2:263.0,43.6:263.7,44.0:265.5,46.3:267.0,46.2:269.0,47.2:270.7,49.1:272.2,49.9:274.5,52.9:0.0,51.0:277.7,55.0:0.0,56.0:0.0,54.4:284.2,58.0:0.0,59.1:0.0,60.1:0.0,61.2:0.0,62.2:0.0,63.2:0.0,64.3:0.0,65.3:0.0,66.2:0.0,67.3:0.0,68.3:0.0,69.3:0.0,70.4:0.0,64.6:0.0,65.6:1217.5,66.6:1226.5,67.7:1241.2,68.7:1262.0,69.7:1283.2,70.7:1305.5,71.6:1329.5,72.7:1352.7,73.7:1379.5,74.7:1409.2,75.7:1441.2,76.7:1476.7,77.7:1509.7,78.7:1545.2,79.7:0.0,87.9:0.0,88.9:0.0,82.8:0.0,91.0:0.0,84.9:1549.2,86.0:1533.7,87.0:1520.2,88.0:1500.0,89.0:1488.7,97.1:0.0,91.1:0.0,99.2:0.0,100.2:0.0,101.2:0.0,102.3:0.0,103.3:0.0,104.3:0.0,105.4:0.0,99.1:0.0,100.2:2074.0,101.2:2055.2,102.2:2046.5,103.2:2041.5,104.2:2039.2,105.3:2028.0,106.3:2017.0,107.3:2011.2,108.4:2004.7,109.4:1998.7,110.4:1996.7,111.5:1995.2,112.5:1991.7,113.5:1989.0,114.6:1987.5,115.6:1982.7,116.6:1982.2,117.6:1984.0,118.6:1987.2,119.7:1992.2,120.7:1991.5,121.7:1992.0,122.8:1996.5,123.8:2000.2,124.8:2003.2,125.8:2009.7,126.9:2017.0,127.9:2027.2,128.9:2033.7,130.0:2040.5,131.0:2051.7,132.0:2058.0,133.1:2065.7,134.1:2075.2,135.1:2083.0,143.5:0.0,137.2:2106.0,145.5:0.0,139.2:2137.2,147.6:0.0,148.6:0.0,149.7:0.0,143.4:0.0,151.7:0.0,152.7:0.0,153.8:0.0,154.8:0.0,155.8:0.0,156.9:0.0,157.9:0.0,158.9:0.0,160.0:0.0,153.8:0.0,154.9:1751.5,156.0:1737.2,164.2:0.0,165.2:0.0,166.2:0.0,167.3:0.0,168.3:0.0,169.3:0.0,170.4:0.0,171.4:0.0,172.4:0.0,173.5:0.0,167.2:0.0,175.5:0.0,176.6:0.0,177.6:0.0,178.6:0.0,179.7:0.0,180.7:0.0,174.5:0.0,182.7:0.0,176.6:1762.7,184.8:0.0,185.9:0.0,179.8:0.0,180.8:1681.5,181.8:1665.2,182.9:1652.2,183.9:1637.0,184.9:1623.5,186.0:1613.0,187.0:1604.7,188.1:1597.7,189.1:1588.2,190.1:1575.7,191.2:1570.2,192.2:1568.0,193.3:1558.7,194.3:1549.7,195.4:1544.7,196.4:1539.5,197.5:1531.7,198.5:1527.0,199.5:1523.7,200.5:1520.2,201.5:1521.7,202.6:1518.0,203.7:1514.7,211.7:0.0,212.8:0.0,213.8:0.0,214.8:0.0,215.9:0.0,216.9:0.0,217.9:0.0,219.0:0.0,220.0:0.0,221.0:0.0,222.1:0.0,223.1:0.0,224.1:0.0,225.2:0.0,226.2:0.0,227.2:0.0,228.3:0.0,229.3:0.0,230.4:0.0,225.3:0.0,232.4:0.0,233.5:0.0,228.5:759.5,229.4:743.7,230.6:736.5,231.6:731.5,232.5:733.2,233.5:740.5,240.7:0.0,235.7:739.7,236.7:732.5,237.8:728.7,238.9:726.2,245.8:0.0,241.1:0.0,242.1:0.0,243.4:630.7,244.4:613.2,245.3:596.7,246.6:581.7,247.5:568.0,248.8:554.5,249.9:541.0,250.8:529.2,252.0:518.0,253.0:507.7,254.3:497.2,255.3:486.7,256.5:478.2,257.4:470.2,258.4:462.2,259.6:454.5,260.8:447.2,261.7:440.0,263.0:433.7,264.0:428.0,265.2:422.2,266.1:416.7,267.0:411.5,268.3:406.7,269.2:401.7,270.5:397.7,271.6:393.5,272.6:389.7,273.6:386.0,274.5:382.5,275.6:379.5,276.9:376.5,278.1:373.5,278.6:370.7,280.0:368.2,281.2:365.5,282.1:363.5,283.1:361.0,284.3:358.7,285.2:356.7,286.4:355.2,287.5:354.0,288.2:352.7,289.4:351.5,290.2:350.5,291.3:349.5,292.8:348.5,293.4:347.7,294.8:347.0,295.7:346.2,296.4:345.7,297.9:345.5,298.7:345.7,299.6:345.7,300.5:346.0,301.7:345.7,302.7:345.7,304.1:346.7,305.0:347.0,306.3:347.5,306.9:348.5,308.0:349.7,309.0:350.5,310.0:351.2,310.9:352.7,312.0:354.2,313.1:355.2,314.0:356.5,314.9:358.5,316.0:360.5,317.2:362.5,317.9:364.7,319.1:366.7,319.9:369.2,321.2:372.0,322.4:374.7,323.2:377.7,324.0:380.7,325.1:383.7,326.3:386.7,327.3:390.0,328.2:393.7,328.9:398.0,330.1:403.5,331.2:409.0,331.9:414.0,337.5:0.0,332.6:0.0,339.6:0.0,340.6:0.0,341.7:0.0,342.7:0.0,343.7:0.0,344.7:0.0,345.8:0.0,346.8:0.0,347.8:0.0,348.9:0.0,349.9:0.0,350.9:0.0,352.0:0.0,353.0:0.0,354.1:0.0,355.2:0.0,356.2:0.0,357.2:0.0,358.3:0.0,
352.2:1441.7,353.2:1461.5,354.2:1481.2,355.2:1500.7,356.2:1523.2,357.3:1546.5,358.3:1568.5,359.3:1589.7,0.3:1612.7,1.3:1639.5,9.5:0.0,10.5:0.0,11.6:0.0,12.6:0.0,13.6:0.0,14.7:0.0,8.7:0.0,9.7:1533.0,17.8:0.0,18.8:0.0,12.8:1544.5,20.9:0.0,21.9:0.0,22.9:0.0,23.9:0.0,25.0:0.0,26.0:0.0,27.0:0.0,28.1:0.0,29.1:0.0,22.8:0.0,31.2:0.0,24.9:2046.2,25.9:2012.0,27.0:1997.7,28.0:1983.0,29.1:1967.7,30.1:1952.5,31.1:1941.2,32.2:1928.7,33.2:1917.2,34.2:1906.7,35.3:1897.7,36.4:1888.5,37.3:1879.2,38.4:1872.0,39.4:1865.5,40.5:1860.2,41.5:1856.7,42.5:1856.0,43.6:1855.2,44.6:1852.7,45.6:1849.2,46.7:1845.2,47.7:1841.5,48.8:1843.5,49.8:1845.5,50.8:1845.2,51.8:1845.2,52.9:1849.7,53.9:1853.7,55.0:1856.0,56.0:1860.7,57.0:1862.5,58.0:1868.0,59.0:1872.5,60.0:1874.5,61.1:1885.2,62.1:1898.5,63.1:1910.7,64.2:1915.5,65.1:1920.5,66.2:1938.5,67.2:1952.2,68.2:1960.2,69.3:1971.2,70.3:1989.2,71.3:2019.0,79.6:0.0,80.6:0.0,81.7:0.0,82.7:0.0,83.7:0.0,84.8:0.0,85.8:0.0,86.8:0.0,87.9:0.0,88.9:0.0,89.9:0.0,83.9:0.0,91.9:0.0,93.0:0.0,94.0:0.0,88.0:0.0,89.0:1542.2,97.1:0.0,98.1:0.0,99.1:0.0,93.1:0.0,101.2:0.0,102.2:0.0,103.2:0.0,104.3:0.0,105.3:0.0,106.3:0.0,100.2:1619.5,108.4:0.0,109.4:0.0,103.4:0.0,104.4:1529.7,112.5:0.0,113.5:0.0,114.5:0.0,115.5:0.0,116.6:0.0,117.6:0.0,111.6:0.0,112.7:1391.2,113.7:1377.2,114.8:1365.2,122.7:0.0,123.7:0.0,124.8:0.0,125.8:0.0,126.8:0.0,127.9:0.0,122.0:0.0,123.0:1296.5,124.1:1293.2,125.1:1283.7,126.1:1273.2,127.1:1271.5,128.2:1268.2,129.2:1262.2,130.2:1258.7,131.3:1257.0,132.4:1255.0,133.4:1252.0,134.4:1249.2,135.5:1247.0,136.5:1246.7,137.6:1247.2,138.5:1244.2,139.6:1244.0,140.7:1246.0,141.6:1247.0,142.7:1247.7,143.7:1248.5,151.6:0.0,152.6:0.0,153.6:0.0,154.7:0.0,155.7:0.0,156.7:0.0,157.8:0.0,158.8:0.0,159.8:0.0,160.8:0.0,161.9:0.0,157.1:0.0,158.1:703.2,165.0:0.0,160.2:691.5,167.1:0.0,162.3:675.5,169.2:0.0,164.4:661.7,165.4:653.2,166.5:647.7,167.6:643.7,168.7:640.7,169.7:636.0,170.6:630.0,171.7:626.7,172.7:624.5,173.8:621.0,174.8:618.0,176.0:615.5,177.0:612.0,178.1:608.5,179.2:605.7,180.0:602.7,181.2:600.2,182.2:598.7,183.2:598.0,184.2:597.5,185.3:596.2,186.3:595.0,187.4:593.7,193.9:0.0,189.2:0.0,190.2:621.7,191.4:622.5,192.2:623.0,193.3:622.5,194.4:624.0,195.3:634.0,202.1:0.0,203.1:0.0,196.6:0.0,199.8:0.0,200.8:578.7,201.8:573.0,202.8:567.2,203.8:561.5,205.1:555.5,206.2:550.2,207.3:545.5,208.3:540.7,209.2:536.5,210.4:532.2,211.4:528.5,212.6:525.0,213.5:521.2,214.7:518.5,215.6:515.7,216.7:513.0,217.6:510.5,218.8:508.0,219.8:505.5,220.7:503.5,222.0:501.7,222.9:499.7,223.8:498.5,225.0:498.0,226.0:497.0,227.2:495.7,228.2:494.5,229.0:493.5,230.1:493.2,231.3:493.0,232.2:492.7,233.1:493.2,234.5:493.0,235.5:493.2,236.4:494.2,237.5:494.5,238.6:495.5,239.5:497.2,240.5:498.5,241.6:500.0,242.7:501.2,243.4:503.2,244.6:506.0,245.6:507.5,246.7:509.7,247.5:512.5,248.7:515.2,249.5:518.0,250.5:520.2,251.6:523.7,252.6:527.7,253.5:531.2,254.7:534.5,255.6:538.5,256.5:543.5,257.7:547.5,258.6:552.0,259.7:558.0,260.8:563.2,261.7:568.0,262.6:573.5,263.7:580.2,264.6:587.0,265.8:593.2,266.6:600.0,267.6:607.7,268.6:615.5,269.8:623.7,270.7:632.2,271.6:641.2,272.8:650.7,273.6:661.0,274.6:671.7,275.6:685.0,282.4:0.0,283.5:0.0,284.5:0.0,285.5:0.0,280.8:0.0,287.6:0.0,288.6:0.0,284.0:0.0,290.6:0.0,286.0:616.5,287.0:606.2,288.0:599.2,289.2:593.0,290.2:588.5,296.8:0.0,297.8:0.0,293.3:0.0,294.4:566.7,295.6:562.7,296.5:557.7,297.7:553.7,298.5:552.2,299.6:550.2,300.9:547.5,301.9:543.2,302.9:539.5,304.0:538.0,305.0:535.7,306.1:533.2,307.1:531.7,308.2:530.2,309.3:528.0,310.1:527.2,311.2:526.0,312.4:525.7,313.4:525.2,314.3:523.7,315.5:523.2,316.5:523.0,317.5:522.7,318.5:523.2,319.6:522.5,320.5:523.0,321.5:526.2,322.6:526.2,323.5:526.0,329.8:0.0,330.8:0.0,331.9:0.0,332.9:0.0,333.9:0.0,335.0:0.0,329.2:0.0,330.2:1219.7,331.2:1223.0,332.3:1226.7,333.2:1232.7,334.4:1238.2,335.3:1246.5,336.4:1255.0,337.4:1261.0,338.4:1269.0,339.5:1276.2,340.4:1284.5,341.4:1294.5,342.5:1305.2,343.5:1315.5,344.5:1329.7,345.6:1353.7,346.6:1364.7,347.7:1369.0,348.7:1383.5,349.7:1397.0,350.7:1411.0,
352.4:1259.7,353.4:1277.0,354.5:1292.7,355.5:1308.5,356.5:1328.2,357.5:1347.2,358.6:1365.7,359.6:1386.0,0.6:1409.0,1.6:1435.2,2.6:1468.5,10.7:0.0,11.7:0.0,12.7:0.0,13.8:0.0,14.8:0.0,15.8:0.0,16.9:0.0,17.9:0.0,18.9:0.0,20.0:0.0,21.0:0.0,15.1:0.0,23.0:0.0,24.1:0.0,25.1:0.0,26.2:0.0,27.2:0.0,28.2:0.0,29.2:0.0,30.3:0.0,31.3:0.0,32.3:0.0,26.1:0.0,34.4:0.0,28.2:1872.5,29.2:1838.0,30.3:1821.0,31.4:1806.2,32.4:1799.2,33.4:1793.2,34.4:1783.7,35.5:1773.2,36.5:1764.5,37.6:1758.2,38.6:1752.0,39.7:1745.5,40.7:1739.5,41.7:1734.5,42.8:1732.2,43.8:1729.0,44.8:1723.2,45.8:1722.2,46.9:1722.0,47.9:1720.7,48.9:1720.0,50.0:1722.0,51.0:1724.2,52.0:1722.5,53.1:1720.0,54.1:1722.5,55.1:1730.0,56.2:1733.7,57.2:1738.0,58.2:1742.5,59.2:1747.7,60.2:1754.0,61.2:1760.0,62.3:1767.2,63.3:1773.5,64.3:1782.0,65.3:1791.5,66.4:1798.7,67.4:1807.0,68.4:1816.7,69.4:1829.0,70.5:1844.0,78.7:0.0,72.5:1866.5,73.5:1886.7,74.6:1897.0,82.8:0.0,76.6:0.0,77.6:1996.0,78.6:1995.7,86.9:0.0,88.0:0.0,89.0:0.0,90.0:0.0,91.1:0.0,92.1:0.0,93.1:0.0,94.1:0.0,95.2:0.0,89.2:0.0,97.2:0.0,91.2:1476.5,99.3:0.0,100.3:0.0,101.3:0.0,102.4:0.0,103.4:0.0,104.4:0.0,105.5:0.0,106.5:0.0,107.5:0.0,108.5:0.0,109.6:0.0,110.6:0.0,104.5:0.0,112.7:0.0,113.7:0.0,114.7:0.0,108.6:0.0,109.7:1618.0,117.8:0.0,111.8:1588.7,112.8:1567.5,113.8:1554.5,114.9:1542.2,115.9:1534.5,116.9:1525.7,118.0:1513.7,119.0:1498.7,120.1:1487.2,121.1:1478.0,122.1:1470.5,130.1:0.0,131.2:0.0,132.2:0.0,133.2:0.0,127.3:0.0,128.3:1418.2,129.3:1412.2,130.4:1409.2,131.5:1408.0,132.5:1405.5,133.5:1402.0,134.5:1398.2,135.6:1396.2,136.6:1396.0,137.7:1396.7,138.7:1396.7,139.7:1395.5,140.8:1393.0,141.8:1391.5,142.8:1396.0,143.8:1396.0,144.9:1394.2,145.9:1400.2,146.9:1404.7,148.0:1407.2,148.9:1411.5,150.0:1414.2,158.0:0.0,152.4:0.0,153.5:1016.5,161.1:0.0,162.2:0.0,163.2:0.0,164.2:0.0,165.3:0.0,159.9:0.0,160.9:902.2,168.4:0.0,169.4:0.0,164.1:883.2,165.2:866.7,166.1:859.2,167.2:853.2,168.3:846.2,169.3:839.5,170.4:834.2,171.4:827.7,172.4:823.2,173.5:819.5,174.6:816.2,175.5:813.5,176.5:810.0,177.7:805.2,178.7:801.7,179.8:798.2,180.7:794.2,181.8:793.7,182.9:791.7,183.9:788.2,184.9:788.0,186.0:791.2,187.0:0.0,188.0:817.2,189.0:811.5,190.1:811.7,191.1:811.2,198.4:0.0,199.4:0.0,200.4:0.0,195.4:0.0,196.4:758.5,197.5:748.7,198.5:739.7,199.6:730.5,200.7:721.0,201.8:713.0,202.9:705.7,203.8:699.0,204.9:692.0,205.9:684.7,207.0:678.2,208.0:672.0,209.1:667.0,210.2:662.2,211.1:656.7,212.3:652.0,213.3:647.5,214.4:643.0,215.4:639.0,216.3:636.0,217.5:633.7,218.5:630.7,219.6:627.5,220.6:624.7,221.8:623.2,222.7:620.7,223.8:618.7,224.9:617.0,225.8:615.7,226.8:614.2,227.8:613.2,228.8:612.5,229.9:610.7,230.9:611.0,232.1:611.2,233.1:610.5,234.0:610.7,235.2:612.0,236.1:612.2,237.1:612.7,238.1:614.5,239.2:615.7,240.3:616.7,241.2:618.2,242.3:620.2,243.4:622.2,244.3:624.0,245.4:626.5,246.4:629.5,247.3:632.2,248.5:635.2,249.5:638.2,250.4:641.5,251.5:645.0,252.6:648.5,253.6:653.7,254.6:659.5,255.6:664.2,256.6:668.7,257.6:673.7,258.6:679.5,259.6:687.7,266.5:0.0,267.6:0.0,268.6:0.0,269.6:0.0,270.7:0.0,271.7:0.0,272.7:0.0,273.8:0.0,274.8:0.0,275.8:0.0,276.9:0.0,277.9:0.0,278.9:0.0,280.0:0.0,281.0:0.0,282.0:0.0,283.0:0.0,284.0:0.0,285.0:0.0,286.0:0.0,282.1:0.0,288.1:0.0,289.1:0.0,285.4:0.0,286.6:441.2,287.7:435.5,288.5:430.5,289.7:427.7,290.7:423.0,291.7:418.7,292.8:415.7,293.9:412.0,295.0:407.7,295.9:404.7,297.1:401.5,298.1:398.5,299.1:396.0,300.5:392.0,301.5:389.7,302.6:388.5,303.6:385.5,304.7:385.2,305.7:386.0,306.6:385.0,307.7:385.0,308.5:385.7,309.7:387.5,314.9:0.0,315.9:0.0,317.0:0.0,318.0:0.0,319.0:0.0,320.0:0.0,321.1:0.0,322.1:0.0,323.1:0.0,324.2:0.0,318.6:0.0,319.6:1048.5,320.6:1049.0,321.7:1049.5,322.7:1050.2,323.7:1052.5,324.8:1053.7,325.8:1055.0,326.8:1057.0,327.8:1058.5,328.9:1060.7,330.0:1064.2,330.9:1068.2,331.9:1072.0,333.0:1076.7,333.9:1082.0,335.0:1086.7,336.1:1093.7,337.1:1100.7,338.1:1106.2,339.1:1114.2,340.1:1122.0,341.2:1128.7,342.2:1139.0,343.1:0.0,344.2:1188.5,345.2:1177.5,346.3:1180.0,347.4:1188.2,348.4:1205.0,349.4:1220.7,350.4:1231.5,351.4:1243.5,
351.7:1943.2,352.7:1948.5,353.7:1957.0,354.7:1968.5,355.8:1976.7,356.8:1986.7,357.8:1999.7,358.8:2010.5,359.8:2020.7,0.8:2042.2,9.2:0.0,10.2:0.0,11.2:0.0,12.3:0.0,13.3:0.0,14.3:0.0,15.3:0.0,16.4:0.0,17.4:0.0,18.4:0.0,12.4:0.0,20.4:0.0,21.5:0.0,15.5:1502.0,16.4:1529.2,17.5:1542.5,25.6:0.0,26.6:0.0,27.6:0.0,21.5:0.0,29.7:0.0,30.7:0.0,31.7:0.0,32.7:0.0,26.6:1646.5,34.8:0.0,35.8:0.0,36.8:0.0,37.9:0.0,38.9:0.0,39.9:0.0,40.9:0.0,42.0:0.0,43.0:0.0,44.0:0.0,45.1:0.0,46.1:0.0,47.1:0.0,48.2:0.0,49.2:0.0,50.2:0.0,51.2:0.0,52.3:0.0,46.4:0.0,47.5:1281.2,48.5:1270.2,49.5:1262.7,50.5:1257.0,51.6:1251.7,52.6:1243.0,60.5:0.0,61.5:0.0,62.5:0.0,56.7:1223.7,57.8:1206.7,58.8:1203.0,59.7:1202.2,60.8:1197.0,61.9:1190.5,62.9:1187.5,63.9:1185.7,64.9:1183.2,65.9:1180.5,67.0:1179.2,68.0:1178.5,69.0:1176.7,70.0:1174.7,71.1:1173.5,72.0:1173.7,73.1:1179.7,80.9:0.0,75.9:0.0,82.9:0.0,84.0:0.0,85.0:0.0,86.0:0.0,87.0:0.0,88.1:0.0,89.1:0.0,90.1:0.0,91.1:0.0,92.1:0.0,93.1:0.0,88.6:0.0,89.7:596.5,90.7:590.5,97.2:0.0,98.2:0.0,99.2:0.0,100.3:0.0,101.3:0.0,97.0:0.0,97.9:548.5,99.2:545.7,100.0:542.0,101.1:537.0,102.3:533.2,103.1:530.7,104.3:529.2,105.2:525.7,106.2:521.7,107.3:519.0,108.3:515.5,109.6:513.2,110.5:512.2,111.4:511.0,112.6:509.5,113.5:507.2,114.7:505.0,115.7:504.2,116.6:503.5,117.5:502.5,118.8:502.2,119.8:502.0,120.7:502.5,126.8:0.0,122.7:0.0,123.6:531.0,124.8:529.7,125.8:530.2,126.7:530.2,127.7:530.5,128.6:531.2,135.0:0.0,136.0:0.0,137.0:0.0,138.1:0.0,139.2:0.0,140.2:0.0,136.3:0.0,137.3:490.0,138.2:485.5,139.5:481.2,140.3:477.2,141.3:473.5,142.6:469.7,143.7:465.7,144.6:462.5,145.6:460.2,146.7:457.2,147.7:454.0,148.9:451.5,149.8:449.0,151.0:446.7,151.7:445.0,153.0:443.7,154.1:442.2,155.1:440.5,156.2:439.2,157.2:438.5,158.3:437.2,159.4:436.5,160.4:436.0,161.2:435.2,162.2:434.2,163.5:433.7,164.5:434.0,165.6:434.7,166.6:434.5,167.5:435.0,168.4:435.7,169.4:435.7,170.7:436.5,171.6:437.7,172.6:438.5,173.4:439.7,174.4:441.2,175.7:442.5,176.4:444.0,177.5:445.7,178.8:447.5,179.6:449.2,180.7:452.0,181.7:454.5,182.5:457.2,183.5:460.0,184.8:462.5,185.7:466.0,186.6:470.0,187.7:473.5,188.7:477.0,189.7:481.0,190.8:484.7,191.8:488.7,192.6:493.7,193.5:498.7,194.5:504.2,195.5:509.5,196.6:514.7,197.7:521.0,198.5:527.5,199.5:533.5,200.4:540.2,201.5:547.2,202.5:555.0,203.4:562.0,204.7:570.0,205.7:579.7,206.5:589.0,207.6:598.5,208.5:608.5,209.4:619.2,210.4:630.2,211.5:641.5,212.5:653.7,213.4:666.5,214.5:679.2,215.3:696.2,216.3:706.5,217.4:702.7,224.4:0.0,219.6:691.2,220.7:679.2,221.6:672.0,228.5:0.0,223.9:663.2,224.8:655.5,225.8:650.2,226.9:644.7,227.9:640.2,229.0:634.7,230.1:630.2,231.0:626.5,232.0:622.0,233.0:619.2,234.1:617.2,235.3:614.2,236.1:611.2,237.3:609.7,238.4:606.5,239.3:603.2,240.4:601.2,241.4:598.7,242.4:598.2,243.4:596.7,244.6:596.0,245.5:594.5,246.7:593.7,247.7:593.2,248.6:591.7,249.6:591.5,250.7:591.5,251.7:591.5,252.7:592.5,253.9:593.2,254.7:594.2,255.7:595.5,256.7:596.2,257.8:597.5,259.0:597.5,260.0:599.5,260.8:603.0,267.5:0.0,268.5:0.0,269.6:0.0,270.6:0.0,271.6:0.0,265.8:0.0,266.8:1307.7,267.8:1316.2,268.8:1322.5,269.9:1329.5,270.9:1340.7,271.9:1350.7,272.9:1359.2,274.0:1367.7,274.9:1376.5,275.8:1388.2,276.9:1405.0,277.9:1421.5,278.8:1443.7,279.9:1460.0,280.9:1467.7,281.8:1482.0,282.9:1497.5,283.9:1517.0,284.9:1538.7,286.0:1558.0,286.9:1576.7,287.9:1597.0,289.0:1620.7,290.0:1644.0,290.9:1669.0,292.0:1696.7,292.9:1722.2,301.2:0.0,302.2:0.0,303.2:0.0,304.2:0.0,305.2:0.0,299.3:0.0,300.3:1637.5,301.4:1617.5,309.5:0.0,310.5:0.0,304.4:1623.5,312.5:0.0,313.6:0.0,314.6:0.0,315.6:0.0,316.6:0.0,317.7:0.0,318.7:0.0,319.7:0.0,320.7:0.0,314.4:0.0,322.8:0.0,316.5:0.0,317.5:2080.7,318.5:2068.0,319.6:2052.2,320.6:2035.5,321.6:2026.7,322.7:2019.7,323.7:2006.0,324.8:1992.0,325.8:1978.7,326.8:1970.2,327.9:1964.7,328.9:1952.7,329.9:1941.5,331.0:1939.2,332.0:1937.2,333.0:1935.2,334.0:1932.5,335.1:1928.2,336.1:1924.2,337.1:1918.2,338.1:1914.2,339.1:1914.2,340.2:1916.0,341.2:1916.5,342.2:1916.2,343.3:1917.5,344.3:1918.5,345.3:1918.5,346.3:1927.5,347.4:1930.5,348.5:1929.7,349.5:1935.0,350.5:1939.7,
352.3:1759.2,353.3:1766.2,354.3:1777.0,355.3:1785.7,356.4:1794.7,357.4:1800.5,358.4:1810.7,359.4:1824.7,0.5:1851.0,8.7:0.0,9.7:0.0,10.7:0.0,11.8:0.0,12.8:0.0,13.8:0.0,14.9:0.0,15.9:0.0,16.9:0.0,11.0:0.0,19.0:0.0,13.2:1302.0,21.0:0.0,22.1:0.0,23.1:0.0,24.1:0.0,25.1:0.0,26.2:0.0,27.2:0.0,28.2:0.0,29.3:0.0,30.3:0.0,31.3:0.0,32.3:0.0,33.4:0.0,34.4:0.0,35.4:0.0,36.5:0.0,37.5:0.0,38.5:0.0,39.5:0.0,40.6:0.0,41.6:0.0,42.6:0.0,43.7:0.0,44.7:0.0,45.7:0.0,46.8:0.0,47.8:0.0,48.8:0.0,49.9:0.0,50.9:0.0,51.9:0.0,52.9:0.0,54.0:0.0,48.2:0.0,49.2:1198.5,50.3:1191.2,51.3:1184.5,52.3:1177.7,53.4:1171.5,54.4:1165.2,55.5:1159.7,56.5:1153.7,57.6:1148.7,58.6:1145.0,59.5:1141.0,60.6:1136.7,61.6:1128.2,62.6:1124.0,63.7:1123.2,64.7:1120.2,65.7:1118.2,66.7:1117.2,67.8:1115.5,68.8:1113.5,69.8:1115.2,70.8:1115.2,71.9:1114.0,72.9:1114.2,73.9:1114.2,74.9:1116.2,76.0:1119.0,77.0:1122.5,78.0:1125.2,79.1:1125.2,80.1:1125.0,81.1:1129.5,82.1:1135.7,83.2:1141.5,84.1:1146.7,85.1:1151.5,92.9:0.0,93.9:0.0,95.0:0.0,90.0:0.0,97.0:0.0,92.0:0.0,99.0:0.0,94.2:684.2,95.2:674.5,96.4:670.2,97.3:663.2,98.3:658.2,99.4:655.0,100.4:650.7,101.6:647.7,102.6:643.7,103.7:638.2,104.5:636.7,105.7:633.0,106.7:628.0,107.7:624.5,108.7:621.7,109.7:619.7,110.8:618.5,112.0:616.7,112.9:614.5,113.9:612.0,115.0:609.2,116.0:608.0,117.0:607.2,118.0:607.2,119.1:606.7,120.1:606.5,121.1:606.5,122.2:605.2,123.2:605.0,124.3:606.7,125.3:607.7,126.1:608.2,127.2:609.2,128.3:610.2,129.2:611.5,130.3:612.7,131.3:614.5,132.5:616.2,133.3:618.5,134.3:621.2,141.1:0.0,142.1:0.0,137.3:0.0,138.3:662.5,139.5:664.5,140.4:667.5,147.2:0.0,148.3:0.0,149.3:0.0,142.7:0.0,143.8:3473.5,146.6:0.0,147.6:646.2,148.7:643.2,149.8:640.5,150.8:637.2,151.8:635.0,152.9:633.2,153.8:631.5,155.0:629.7,156.0:628.0,157.0:626.0,158.2:624.5,159.1:623.5,160.1:623.2,161.2:622.5,162.2:621.7,163.2:622.0,164.2:621.5,165.2:621.7,166.5:622.0,167.3:622.0,168.5:622.5,169.3:624.5,170.4:626.5,171.5:628.0,172.6:629.7,173.5:631.0,174.5:633.0,175.7:635.2,176.6:637.2,177.7:639.7,178.6:642.7,179.6:645.7,180.7:649.5,181.6:653.7,182.8:657.7,183.8:662.2,184.8:665.7,185.7:669.7,186.8:675.2,187.7:681.2,188.8:686.7,189.9:692.2,190.8:698.2,191.7:705.2,192.8:712.2,193.7:719.2,194.8:727.0,195.8:735.0,196.8:743.0,197.8:752.2,198.9:761.7,199.8:772.0,200.8:782.5,201.8:792.0,202.8:802.0,203.9:813.2,204.9:826.0,205.9:840.0,206.9:855.2,214.2:0.0,209.0:857.5,216.3:0.0,217.3:0.0,212.2:0.0,213.2:810.5,220.4:0.0,221.4:0.0,222.5:0.0,217.4:0.0,218.5:764.0,225.6:0.0,226.6:0.0,221.7:750.5,222.6:736.0,223.7:731.2,224.7:725.5,225.7:715.7,226.8:707.5,227.8:703.2,228.9:699.5,230.0:694.7,231.0:690.2,232.0:686.2,233.0:683.5,234.1:681.0,235.2:678.2,236.2:675.7,237.2:671.2,238.1:668.2,239.2:667.7,240.2:665.2,241.4:661.7,242.2:662.0,243.3:663.7,244.3:664.2,245.3:667.0,252.2:0.0,253.3:0.0,254.3:0.0,255.3:0.0,249.5:0.0,250.4:1324.2,251.6:1324.7,252.6:1324.5,253.6:1325.5,254.7:1327.0,255.6:1327.0,256.7:1329.5,257.7:1333.0,258.7:1337.2,259.7:1342.0,260.8:1345.5,261.8:1351.5,262.8:1356.0,263.8:1359.7,264.9:1366.0,265.9:1372.7,266.9:1378.7,267.9:1384.5,269.0:1393.5,270.0:0.0,271.0:1445.5,272.0:1438.0,273.0:1444.2,274.0:1453.7,275.0:1465.7,276.0:1479.7,277.1:1493.2,278.0:1505.5,279.1:1521.2,280.1:1538.2,281.1:1557.2,282.1:1575.7,283.1:1594.2,284.1:1611.5,285.1:1629.0,286.2:1650.5,287.2:1677.7,295.3:0.0,296.4:0.0,297.4:0.0,298.4:0.0,299.4:0.0,300.5:0.0,294.4:0.0,295.4:1524.5,303.5:0.0,297.5:1537.0,305.6:0.0,306.7:0.0,307.7:0.0,308.7:0.0,309.7:0.0,310.8:0.0,311.8:0.0,312.8:0.0,313.9:0.0,314.9:0.0,315.9:0.0,309.6:0.0,318.0:0.0,319.0:0.0,320.0:0.0,313.8:0.0,322.1:0.0,315.9:1897.2,316.9:1885.0,317.9:1873.5,319.0:1851.7,320.0:1839.2,321.0:1827.2,322.0:1811.5,323.2:1800.7,324.2:1790.2,325.2:1782.2,326.2:1773.7,327.2:1769.0,328.3:1763.5,329.3:1757.0,330.4:1755.2,331.4:1751.0,332.4:1743.0,333.4:1736.7,334.5:1732.2,335.5:1728.0,336.5:1724.7,337.6:1722.2,338.6:1723.5,339.6:1726.5,340.7:1725.5,341.7:1725.0,342.7:1725.7,343.7:1725.7,344.7:1730.7,345.8:1731.7,346.9:1732.5,347.9:1738.2,348.9:1743.7,349.9:1748.5,351.0:1754.7,
352.5:1478.5,353.5:1483.5,354.5:1491.7,355.6:1502.2,356.6:1511.7,357.6:1516.7,358.6:1524.5,359.7:1536.2,0.7:1558.7,1.7:1581.5,2.7:1577.2,10.8:0.0,11.8:0.0,12.9:0.0,13.9:0.0,14.9:0.0,16.0:0.0,17.0:0.0,18.0:0.0,19.0:0.0,20.0:0.0,14.5:0.0,15.5:1031.0,16.6:1016.7,17.5:1012.7,18.5:1016.0,19.6:1022.2,27.2:0.0,28.2:0.0,29.2:0.0,30.3:0.0,31.3:0.0,32.3:0.0,33.3:0.0,34.4:0.0,35.4:0.0,36.4:0.0,37.5:0.0,38.5:0.0,39.5:0.0,40.5:0.0,41.5:0.0,42.6:0.0,43.7:0.0,44.7:0.0,45.7:0.0,46.7:0.0,41.0:0.0,42.1:1171.0,49.8:0.0,50.9:0.0,51.9:0.0,52.9:0.0,47.3:0.0,48.3:1106.0,49.3:1100.0,50.4:1091.5,51.4:1085.5,52.4:1081.7,53.5:1078.0,54.5:1071.7,55.6:1066.5,56.5:1062.0,57.6:1055.5,58.7:1050.2,59.6:1047.5,60.6:1043.5,61.7:1040.7,62.7:1039.2,63.7:1035.7,64.8:1032.5,65.7:1030.5,66.9:1029.2,67.9:1027.5,68.8:1026.2,69.9:1026.2,71.0:1025.5,72.0:1025.2,73.0:1027.5,74.0:1028.2,75.0:1028.0,76.1:1027.7,77.1:1029.5,78.1:1033.2,79.1:1035.7,80.1:1037.5,81.1:1040.5,82.2:1044.0,83.2:1047.5,84.2:1051.7,85.1:1056.0,86.1:1061.0,87.2:1066.2,88.2:1073.0,89.2:1078.7,90.2:1082.5,91.3:1087.5,92.3:1095.0,93.3:1102.7,94.3:1108.5,102.0:0.0,103.0:0.0,104.1:0.0,105.1:0.0,99.3:0.0,100.4:1171.5,108.2:0.0,109.2:0.0,110.2:0.0,111.2:0.0,112.2:0.0,113.3:0.0,108.1:0.0,109.1:809.2,110.1:808.7,111.2:805.5,118.4:0.0,113.2:0.0,114.3:774.5,115.3:773.0,116.4:771.2,117.4:770.5,118.4:769.7,119.4:768.0,120.5:766.7,121.6:766.5,122.6:768.0,123.5:768.5,124.6:767.5,125.5:768.7,126.5:770.0,127.6:770.0,128.6:771.2,129.7:773.7,130.7:776.0,131.7:777.2,132.8:779.2,133.8:781.2,134.8:783.7,135.9:786.2,136.9:790.0,138.0:794.0,138.9:797.2,139.9:801.0,140.9:805.0,142.0:811.7,143.0:817.5,144.0:821.0,145.0:827.5,146.0:834.2,147.1:839.5,154.3:0.0,155.3:0.0,150.0:0.0,151.0:902.7,158.4:0.0,159.5:0.0,160.5:0.0,161.5:0.0,162.6:0.0,157.2:906.7,158.3:908.2,159.3:906.5,160.4:904.7,161.4:904.7,162.4:905.0,163.4:904.7,164.4:904.7,165.5:905.2,166.5:905.7,167.5:906.2,168.5:906.7,169.6:908.2,170.7:911.0,171.7:912.5,172.7:913.7,173.6:916.5,174.7:920.7,175.7:924.0,176.7:927.7,177.8:932.5,178.8:936.0,179.7:941.2,180.8:946.5,181.8:952.0,182.8:958.5,183.9:963.5,184.9:969.2,185.9:976.5,186.9:983.2,187.9:991.0,188.9:998.7,189.9:1006.2,190.9:1015.7,191.9:1025.7,192.9:1036.5,193.9:1046.0,194.9:1056.2,196.0:1068.2,197.0:1079.5,198.0:1092.2,199.0:1106.0,200.0:1121.7,207.7:0.0,208.8:0.0,209.8:0.0,210.9:0.0,211.9:0.0,213.0:0.0,214.0:0.0,215.0:0.0,216.0:0.0,217.1:0.0,218.1:0.0,219.1:0.0,220.2:0.0,214.8:0.0,215.8:903.2,223.2:0.0,224.3:0.0,219.0:0.0,220.0:864.5,221.0:856.0,222.2:849.0,223.2:847.0,224.3:840.7,225.3:833.2,226.2:832.0,227.2:831.2,234.5:0.0,235.6:0.0,236.6:0.0,237.6:0.0,238.6:0.0,239.7:0.0,240.7:0.0,241.7:0.0,242.8:0.0,243.8:0.0,237.8:0.0,238.8:1449.7,239.9:1446.0,240.9:1440.7,241.9:1436.2,243.0:1434.7,244.0:1432.0,245.0:1428.2,246.1:1427.0,247.0:1426.5,248.1:1426.2,249.1:1426.7,250.1:1427.0,251.2:1425.0,252.2:1426.0,253.2:1429.5,254.3:1429.7,255.2:1430.7,256.3:1432.0,257.3:1435.7,258.3:1452.7,259.4:1460.5,260.3:1452.5,261.4:1453.0,262.4:1457.5,263.4:1464.7,264.5:1472.7,265.5:1479.0,266.5:1486.0,267.5:1496.0,268.5:1507.5,269.5:1518.2,270.6:1528.0,271.6:1535.7,272.6:1546.2,273.6:1560.0,274.7:1573.2,275.5:1586.0,276.6:1600.0,277.5:1621.2,285.7:0.0,286.7:0.0,287.7:0.0,288.7:0.0,289.8:0.0,290.8:0.0,291.8:0.0,292.8:0.0,293.8:0.0,294.9:0.0,295.9:0.0,296.9:0.0,297.9:0.0,298.9:0.0,300.0:0.0,301.0:0.0,302.0:0.0,303.0:0.0,304.0:0.0,305.1:0.0,306.2:0.0,307.2:0.0,308.3:0.0,302.0:0.0,310.3:0.0,311.3:0.0,312.4:0.0,313.4:0.0,314.4:0.0,315.5:0.0,316.5:0.0,310.4:0.0,318.5:0.0,312.4:1634.2,313.5:1612.0,314.5:1598.7,315.5:1582.0,316.6:1566.2,317.6:1556.2,318.6:1547.5,319.7:1539.5,320.7:1530.2,321.7:1521.0,322.7:1514.0,323.8:1506.2,324.9:1501.0,325.9:1496.2,327.0:1487.0,327.9:1477.5,329.0:1467.2,330.0:1463.7,331.1:1463.0,332.1:1457.7,333.1:1455.5,334.1:1454.5,335.2:1447.5,336.2:1444.0,337.3:1444.0,338.2:1444.0,339.3:1443.0,340.3:1441.5,341.3:1443.7,342.3:1446.5,350.4:0.0,344.4:1447.7,352.4:0.0,346.4:1451.2,347.5:1456.7,348.6:1461.0,349.6:1463.5,350.6:1469.0,
352.6:1195.2,353.7:1200.2,354.7:1205.7,355.7:1209.5,3.6:0.0,4.6:0.0,5.6:0.0,6.7:0.0,0.7:0.0,1.8:1290.5,9.7:0.0,3.9:1280.2,11.8:0.0,12.8:0.0,13.8:0.0,14.9:0.0,15.9:0.0,16.9:0.0,18.0:0.0,19.0:0.0,20.0:0.0,21.0:0.0,22.0:0.0,23.1:0.0,24.1:0.0,25.1:0.0,20.0:0.0,27.2:0.0,28.2:0.0,23.2:0.0,24.3:743.2,25.3:743.5,32.3:0.0,33.3:0.0,34.4:0.0,35.4:0.0,36.4:0.0,37.5:0.0,38.5:0.0,39.5:0.0,40.5:0.0,41.6:0.0,42.6:0.0,43.6:0.0,44.7:0.0,45.7:0.0,46.7:0.0,47.7:0.0,48.8:0.0,49.8:0.0,50.8:0.0,45.2:0.0,46.3:0.0,47.4:1024.2,48.4:1015.0,49.4:1006.7,50.5:998.5,51.5:993.5,52.6:988.7,53.6:980.5,54.6:975.5,55.6:971.5,56.6:965.7,57.7:961.2,58.8:957.2,59.7:954.2,60.8:951.7,61.8:949.2,62.8:946.5,63.9:944.2,64.9:941.5,65.9:939.0,67.0:939.2,67.9:938.7,69.0:937.2,70.0:937.2,71.0:936.2,72.0:936.0,73.1:938.0,74.1:938.0,75.1:937.2,76.2:938.2,77.2:940.2,78.2:942.0,79.2:944.2,80.3:947.0,81.3:946.7,82.3:949.7,83.3:956.5,84.3:960.2,85.4:962.5,86.4:967.0,87.4:973.0,88.3:977.5,89.4:983.2,90.4:990.5,91.4:997.5,92.4:1003.2,93.5:1008.0,94.5:1015.2,95.4:1023.5,96.4:1029.5,97.5:1035.5,105.1:0.0,106.2:0.0,107.2:0.0,101.5:0.0,102.5:1088.2,110.2:0.0,111.3:0.0,112.3:0.0,113.3:0.0,114.4:0.0,115.4:0.0,116.4:0.0,117.4:0.0,118.5:0.0,119.5:0.0,120.5:0.0,121.5:0.0,122.5:0.0,123.6:0.0,124.6:0.0,125.6:0.0,126.7:0.0,127.7:0.0,128.7:0.0,129.7:0.0,130.7:0.0,125.4:0.0,126.3:946.2,127.4:947.7,128.3:952.0,129.4:945.0,130.4:932.0,131.5:932.7,132.5:935.5,133.5:938.0,134.6:941.7,135.6:945.0,136.6:950.5,137.6:956.7,138.6:959.7,139.7:962.5,140.7:969.2,141.6:977.0,142.7:982.0,143.7:988.0,144.7:994.7,145.7:1000.2,146.7:1007.5,147.8:1018.0,148.8:1029.5,149.8:1036.0,157.4:0.0,158.4:0.0,159.5:0.0,160.5:0.0,161.5:0.0,162.6:0.0,156.9:0.0,164.7:0.0,158.9:0.0,166.7:0.0,160.1:0.0,162.0:0.0,163.1:1176.2,164.1:1178.7,165.1:1179.5,166.1:1179.2,167.1:1182.0,168.2:1183.5,169.2:1184.0,170.2:1187.0,171.3:1189.7,172.3:1192.7,173.3:1196.2,174.4:1198.7,175.4:1202.7,176.4:1208.2,177.3:1212.7,178.4:1216.7,179.4:1223.0,180.5:1231.5,181.5:1240.5,182.5:1246.7,183.5:1253.7,184.6:1262.2,185.6:1270.5,186.6:1278.7,187.6:1287.5,188.6:1297.5,189.6:1307.0,190.6:1318.5,191.7:1330.7,192.6:1345.5,193.7:1360.5,194.7:1372.0,195.7:1392.0,203.7:0.0,204.7:0.0,205.7:0.0,206.8:0.0,207.8:0.0,208.8:0.0,209.9:0.0,210.9:0.0,212.0:0.0,213.0:0.0,214.0:0.0,215.1:0.0,216.1:0.0,217.1:0.0,218.2:0.0,212.6:0.0,213.5:1057.5,214.6:1049.5,215.7:1049.2,223.3:0.0,224.3:0.0,225.4:0.0,226.4:0.0,227.4:0.0,228.4:0.0,229.5:0.0,230.5:0.0,231.5:0.0,232.6:0.0,233.6:0.0,234.5:0.0,235.6:0.0,229.5:0.0,230.6:1618.5,231.5:1608.5,232.6:1600.0,233.6:1589.7,234.7:1580.2,235.7:1570.0,236.7:1562.5,237.8:1558.7,238.7:1551.7,239.8:1547.0,240.9:1543.5,241.9:1537.7,242.9:1531.5,243.9:1528.0,244.9:1526.7,246.0:1523.7,247.0:1523.5,255.1:0.0,249.1:1525.2,250.1:1525.0,251.2:1524.5,252.2:1524.5,253.2:1525.7,254.2:1526.5,255.2:1530.0,256.3:1533.0,257.3:1536.5,258.3:1541.2,259.3:1545.2,260.4:1551.2,261.4:1556.7,262.5:1562.0,263.5:1570.2,264.5:1579.0,265.5:1586.5,266.5:1596.5,267.6:1607.0,275.7:0.0,276.7:0.0,277.7:0.0,278.7:0.0,272.9:0.0,273.9:1355.0,274.9:1364.7,275.8:1361.7,276.8:1365.5,277.8:1371.7,278.8:1377.0,286.8:0.0,287.8:0.0,288.9:0.0,289.9:0.0,290.9:0.0,291.9:0.0,292.9:0.0,294.0:0.0,295.0:0.0,296.0:0.0,297.0:0.0,298.0:0.0,299.1:0.0,300.1:0.0,301.1:0.0,302.1:0.0,303.2:0.0,304.2:0.0,305.2:0.0,306.3:0.0,307.3:0.0,308.4:0.0,309.4:0.0,310.4:0.0,311.5:0.0,312.5:0.0,313.5:0.0,314.5:0.0,315.5:0.0,316.6:0.0,317.6:0.0,318.6:0.0,319.7:0.0,320.7:0.0,314.8:0.0,315.9:1277.2,316.9:1268.0,318.0:1259.0,325.8:0.0,326.8:0.0,327.9:0.0,328.9:0.0,323.2:0.0,324.2:1211.5,325.2:1206.5,326.2:1203.0,327.3:1202.5,328.3:1197.7,329.3:1191.2,330.3:1188.5,331.4:1184.2,332.5:1180.2,333.5:1178.0,334.5:1173.7,335.6:1171.5,336.6:1171.7,337.6:1171.2,338.6:1171.0,339.6:1169.2,340.6:1166.5,341.7:1166.0,342.7:1168.7,343.7:1172.0,344.8:1173.7,345.7:1172.5,346.8:1171.7,347.9:1178.0,348.9:1182.5,349.9:1183.7,351.0:1188.5,
352.6:917.2,353.6:918.5,354.6:923.0,355.7:929.7,356.6:932.7,357.7:935.2,358.7:941.0,359.7:946.7,0.7:954.5,1.7:0.0,2.7:999.5,3.7:1008.0,11.3:0.0,12.4:0.0,13.4:0.0,14.4:0.0,15.4:0.0,16.5:0.0,17.5:0.0,18.5:0.0,19.5:0.0,20.5:0.0,21.6:0.0,22.6:0.0,23.6:0.0,24.7:0.0,25.7:0.0,26.7:0.0,27.7:0.0,28.8:0.0,29.8:0.0,30.8:0.0,31.8:0.0,32.9:0.0,33.9:0.0,34.9:0.0,36.0:0.0,32.0:0.0,32.9:504.5,33.9:502.2,35.1:494.2,35.9:491.7,37.1:490.7,38.2:490.0,39.0:492.0,45.2:0.0,46.3:0.0,47.3:0.0,48.3:0.0,49.4:0.0,50.4:0.0,51.4:0.0,52.5:0.0,53.5:0.0,54.5:0.0,55.5:0.0,56.6:0.0,57.6:0.0,58.6:0.0,59.6:0.0,60.7:0.0,61.7:0.0,56.3:0.0,57.3:897.7,58.5:895.0,59.4:893.2,60.6:0.0,61.5:856.5,62.5:855.0,63.6:852.5,64.6:852.0,65.6:850.0,66.6:847.7,67.7:846.2,68.7:846.2,69.7:846.5,70.8:845.7,71.8:846.7,72.8:846.2,73.9:846.5,74.8:848.2,75.9:848.0,76.9:848.2,77.9:849.7,79.0:852.5,79.9:855.2,81.0:857.2,82.0:859.7,83.1:863.2,84.1:867.0,85.0:870.5,86.0:875.2,87.1:879.0,88.0:882.5,89.1:888.0,90.2:892.2,91.1:895.7,92.2:900.5,93.1:907.7,94.2:916.0,95.2:919.2,102.6:0.0,103.6:0.0,98.2:933.2,99.2:951.7,100.2:959.2,101.2:965.0,108.8:0.0,109.8:0.0,110.8:0.0,105.3:0.0,106.2:1029.7,113.9:0.0,108.3:1045.5,115.9:0.0,117.0:0.0,118.0:0.0,119.0:0.0,120.0:0.0,121.1:0.0,122.1:0.0,123.1:0.0,124.1:0.0,125.2:0.0,126.2:0.0,127.2:0.0,128.2:0.0,129.2:0.0,130.3:0.0,131.3:0.0,132.3:0.0,133.3:0.0,134.4:0.0,135.4:0.0,136.4:0.0,137.5:0.0,138.5:0.0,139.6:0.0,140.6:0.0,141.6:0.0,142.6:0.0,136.9:0.0,137.9:1145.2,139.0:1147.7,146.7:0.0,141.0:1145.5,142.1:1144.0,143.1:1153.0,144.1:1161.2,145.1:1170.2,146.1:1178.2,153.9:0.0,154.9:0.0,156.0:0.0,157.0:0.0,158.0:0.0,159.0:0.0,160.1:0.0,161.1:0.0,162.2:0.0,163.2:0.0,164.2:0.0,165.3:0.0,166.3:0.0,167.3:0.0,168.3:0.0,169.4:0.0,170.4:0.0,163.8:0.0,165.4:0.0,166.5:1466.7,167.5:1468.5,168.5:1472.0,169.6:1472.5,170.5:1474.0,171.6:1476.7,172.6:1481.2,173.7:1487.2,174.7:1492.5,175.7:1496.7,176.7:1503.0,177.7:1509.7,178.8:1517.0,179.8:1525.7,180.8:1536.2,181.8:1545.5,182.8:1553.2,183.8:1562.2,184.9:1573.7,185.9:1587.5,186.9:1602.0,187.9:1616.7,188.9:1629.0,190.0:1640.2,191.0:1652.7,192.0:1667.7,193.0:1684.5,201.2:0.0,202.2:0.0,203.2:0.0,204.3:0.0,205.3:0.0,206.3:0.0,207.3:0.0,208.4:0.0,209.4:0.0,210.5:0.0,211.6:0.0,212.6:0.0,206.7:0.0,207.7:1297.0,215.7:0.0,216.7:0.0,217.7:0.0,218.8:0.0,219.8:0.0,220.8:0.0,221.9:0.0,222.9:0.0,223.9:0.0,225.0:0.0,226.0:0.0,227.0:0.0,228.0:0.0,221.9:0.0,222.9:1822.2,223.9:1808.2,225.0:1794.7,226.0:1776.7,227.0:1759.2,228.0:1746.0,229.0:1734.0,230.1:1720.0,231.1:1708.7,232.2:1698.0,233.2:1688.0,234.2:1680.0,235.3:1674.0,236.3:1667.5,237.4:1660.0,238.4:1669.0,239.4:1666.0,240.5:1648.0,241.5:1643.2,242.5:1640.0,243.5:1637.7,244.6:1635.0,245.6:1632.2,246.6:1630.5,247.6:1628.2,248.7:1627.2,249.7:1630.0,250.7:1630.5,251.7:1631.2,252.7:1632.5,253.8:1633.0,254.8:1636.2,255.9:1637.2,256.9:1639.5,265.0:0.0,266.0:0.0,267.1:0.0,261.2:0.0,262.1:1368.5,263.2:1375.2,264.2:1366.0,265.2:1358.7,266.3:1369.2,267.3:1374.5,268.3:1378.7,269.4:1383.5,270.4:1388.5,271.4:1397.5,272.4:1405.0,280.4:0.0,281.4:0.0,282.4:0.0,283.4:0.0,284.4:0.0,278.4:0.0,286.5:0.0,280.4:1515.2,281.4:1535.7,282.5:1545.0,290.6:0.0,284.5:0.0,292.6:0.0,293.6:0.0,294.6:0.0,295.7:0.0,296.7:0.0,297.7:0.0,298.7:0.0,299.8:0.0,300.8:0.0,301.8:0.0,302.8:0.0,303.8:0.0,304.9:0.0,306.0:0.0,307.0:0.0,308.1:0.0,309.1:0.0,310.1:0.0,311.2:0.0,312.2:0.0,313.2:0.0,314.2:0.0,308.7:0.0,309.7:1034.7,310.8:1023.5,318.4:0.0,312.8:1007.2,313.8:993.7,314.9:983.0,315.9:975.2,317.0:969.7,318.0:961.7,319.0:956.5,320.1:951.0,321.2:944.2,322.2:938.0,323.2:932.2,324.3:928.5,325.4:924.7,326.4:919.5,327.3:916.2,328.4:913.7,329.4:911.0,330.5:908.2,331.5:905.2,332.5:901.7,333.6:900.5,334.7:898.2,335.7:895.7,336.6:895.0,337.8:893.5,338.7:893.7,339.8:894.7,340.8:893.5,341.9:893.5,342.8:894.5,343.9:894.5,344.9:897.2,346.0:900.2,347.0:900.7,348.0:900.7,349.1:903.2,350.1:906.7,351.1:909.5,352.0:913.5,
352.6:729.0,353.8:731.7,354.8:734.7,355.7:739.5,356.7:743.2,357.7:745.0,358.8:750.2,359.8:756.2,0.8:761.5,1.7:0.0,2.7:803.5,3.7:805.5,4.6:811.5,11.9:0.0,13.0:0.0,14.0:0.0,15.0:0.0,16.0:0.0,17.0:0.0,18.0:0.0,19.0:0.0,20.1:0.0,21.1:0.0,22.1:0.0,23.1:0.0,24.1:0.0,25.1:0.0,26.2:0.0,27.2:0.0,28.2:0.0,29.2:0.0,30.2:0.0,31.2:0.0,32.3:0.0,33.3:0.0,34.3:0.0,35.3:0.0,36.3:0.0,37.3:0.0,38.4:0.0,39.4:0.0,40.4:0.0,41.4:0.0,42.5:0.0,43.5:0.0,40.0:0.0,41.2:384.0,42.4:378.7,47.5:0.0,48.5:0.0,45.9:372.2,46.7:364.5,47.5:361.5,48.7:360.2,53.6:0.0,50.9:357.0,51.8:354.2,53.1:353.0,54.2:352.0,55.2:351.0,55.7:351.5,57.1:354.2,61.8:0.0,62.8:0.0,63.8:0.0,64.8:0.0,65.8:0.0,66.8:0.0,67.8:0.0,68.9:0.0,69.9:0.0,70.9:0.0,71.9:0.0,72.9:0.0,74.0:0.0,68.7:0.0,69.8:809.7,70.8:809.5,71.7:810.7,72.8:0.0,73.9:786.5,75.0:785.7,76.0:786.5,77.0:787.5,77.9:788.2,79.0:790.2,80.0:792.2,81.0:793.7,82.0:797.0,83.0:800.2,83.9:803.0,84.9:806.7,86.0:810.7,87.0:814.5,87.9:817.7,89.0:821.2,89.9:825.7,91.0:829.5,92.1:833.7,93.0:839.5,94.1:846.2,95.0:854.2,96.0:861.5,97.0:868.7,104.4:0.0,105.4:0.0,100.0:883.2,101.0:897.5,102.0:905.5,103.0:915.2,110.4:0.0,111.5:0.0,112.5:0.0,113.5:0.0,114.5:0.0,115.5:0.0,116.5:0.0,117.5:0.0,118.6:0.0,119.6:0.0,120.6:0.0,121.6:0.0,122.6:0.0,123.6:0.0,124.6:0.0,125.7:0.0,126.7:0.0,127.7:0.0,128.7:0.0,129.7:0.0,130.7:0.0,131.7:0.0,132.8:0.0,133.8:0.0,134.8:0.0,135.8:0.0,136.8:0.0,137.8:0.0,138.9:0.0,139.9:0.0,140.9:0.0,141.9:0.0,142.9:0.0,144.0:0.0,145.0:0.0,146.0:0.0,147.0:0.0,148.0:0.0,142.2:0.0,143.2:1291.0,151.1:0.0,152.1:0.0,153.1:0.0,154.1:0.0,155.1:0.0,156.1:0.0,157.1:0.0,158.2:0.0,159.2:0.0,160.2:0.0,161.2:0.0,162.3:0.0,163.3:0.0,164.4:0.0,165.4:0.0,166.4:0.0,160.4:0.0,168.4:0.0,162.4:1540.7,163.4:0.0,171.5:0.0,172.5:0.0,173.5:0.0,167.5:1640.2,168.4:1664.5,169.5:1665.0,170.5:1666.0,171.5:1668.5,172.5:1672.2,173.5:1676.7,174.5:1682.7,175.6:1688.0,176.6:1696.7,177.6:1706.7,178.6:1713.5,179.6:1721.2,180.6:1730.7,181.6:1740.0,182.6:1752.0,183.6:1763.7,184.7:1772.0,185.7:1784.2,186.7:1802.5,187.7:1818.7,188.7:1835.7,189.7:1855.7,190.7:1871.5,199.0:0.0,200.0:0.0,201.0:0.0,202.0:0.0,203.0:0.0,204.1:0.0,205.1:0.0,206.1:0.0,207.1:0.0,208.1:0.0,209.2:0.0,203.2:0.0,204.2:1476.7,212.2:0.0,213.3:0.0,214.3:0.0,215.3:0.0,216.3:0.0,217.4:0.0,218.4:0.0,219.4:0.0,220.4:0.0,221.4:0.0,222.5:0.0,223.5:0.0,224.5:0.0,218.2:0.0,219.3:1966.7,220.3:1950.2,221.3:1929.5,222.3:1909.0,223.4:1889.5,224.4:1870.0,225.5:1855.5,226.5:1839.7,227.5:1823.0,228.5:1810.2,229.5:1802.0,230.5:1792.7,231.5:1776.0,232.6:1775.2,233.6:1773.2,234.6:1756.0,235.6:1742.7,236.6:1731.2,237.7:1725.5,238.7:1720.2,239.7:1715.5,240.7:1709.5,241.8:1703.0,242.8:1700.0,243.8:1695.2,244.8:1694.0,245.8:1693.2,246.9:1689.2,247.9:1686.7,248.9:1686.2,249.9:1689.0,250.9:1702.0,252.1:0.0,253.1:1407.7,254.2:1404.7,262.1:0.0,256.2:1398.2,257.3:1390.7,258.2:1391.2,259.3:1394.5,260.3:1397.2,261.3:1398.0,262.3:1403.7,263.3:1409.7,264.3:1412.0,265.4:1416.7,273.3:0.0,274.4:0.0,275.4:0.0,276.4:0.0,277.4:0.0,271.5:0.0,272.4:1484.7,273.4:1493.0,274.5:1503.7,275.3:1522.7,276.3:1550.5,284.4:0.0,285.4:0.0,286.5:0.0,287.5:0.0,288.5:0.0,289.5:0.0,290.5:0.0,291.5:0.0,292.5:0.0,293.5:0.0,294.6:0.0,295.6:0.0,296.6:0.0,297.6:0.0,298.6:0.0,299.6:0.0,300.6:0.0,301.6:0.0,302.7:0.0,303.7:0.0,304.7:0.0,305.7:0.0,306.8:0.0,307.8:0.0,308.8:0.0,309.9:0.0,304.5:0.0,311.9:0.0,312.9:0.0,313.9:0.0,308.7:0.0,309.7:817.0,310.8:809.5,318.0:0.0,312.8:799.2,313.9:788.5,314.9:782.7,316.0:776.5,316.9:770.5,318.0:765.5,319.0:760.2,320.1:756.0,321.0:751.0,322.1:745.7,323.2:741.5,324.2:737.5,325.3:733.2,326.3:730.2,327.3:728.5,328.3:726.5,329.4:723.5,330.4:721.7,331.3:719.5,332.4:716.7,333.5:715.7,334.5:714.7,335.4:713.5,336.6:712.2,337.6:711.5,338.6:710.2,339.5:710.0,340.5:710.5,341.7:710.5,342.7:711.0,343.6:711.2,344.6:713.0,345.7:715.5,346.6:717.2,347.7:717.7,348.8:721.2,349.7:725.2,350.8:726.5,351.8:727.5,
353.8:0.0,0.3:0.0,1.3:0.0,356.8:0.0,357.9:574.0,359.0:573.7,359.9:575.0,6.4:0.0,7.5:0.0,8.5:0.0,9.5:0.0,10.5:0.0,11.5:0.0,12.6:0.0,13.6:0.0,14.6:0.0,15.6:0.0,16.7:0.0,17.7:0.0,18.7:0.0,19.7:0.0,20.7:0.0,21.8:0.0,22.8:0.0,17.3:0.0,18.4:966.2,19.4:953.0,20.4:946.7,21.5:932.7,22.6:916.0,23.6:906.0,24.6:900.0,25.6:896.7,26.7:893.2,27.7:889.5,28.8:887.0,29.7:885.5,30.7:883.0,31.7:881.0,32.8:881.7,33.8:880.5,34.9:878.0,35.9:878.5,36.9:878.0,38.0:878.7,38.9:880.0,40.0:879.7,41.0:879.5,42.0:880.2,43.1:881.2,44.0:883.0,45.1:886.2,46.1:888.2,47.2:890.5,48.2:893.5,49.2:896.5,50.2:899.5,51.2:903.0,52.2:905.7,53.3:909.5,54.2:913.7,55.2:918.7,56.3:925.2,57.3:931.2,58.3:934.2,59.3:938.7,60.3:945.7,61.3:951.7,62.3:959.2,63.4:965.2,64.4:973.0,71.9:0.0,72.9:0.0,67.3:0.0,68.4:1017.7,69.4:1027.5,77.0:0.0,78.0:0.0,79.1:0.0,80.1:0.0,81.1:0.0,82.1:0.0,83.2:0.0,84.2:0.0,85.2:0.0,86.2:0.0,87.2:0.0,88.3:0.0,89.3:0.0,90.2:0.0,91.2:0.0,92.3:0.0,93.3:0.0,94.3:0.0,95.3:0.0,96.3:0.0,97.4:0.0,98.4:0.0,99.4:0.0,100.4:0.0,101.4:0.0,102.5:0.0,103.5:0.0,104.5:0.0,98.8:0.0,99.9:1081.0,100.8:1076.5,101.9:1081.0,109.6:0.0,103.9:1075.0,105.0:1068.0,106.0:1073.7,107.0:1079.7,108.0:1083.2,109.1:1089.5,110.1:1097.0,111.1:1104.5,112.1:1111.5,119.8:0.0,120.8:0.0,121.9:0.0,116.1:0.0,123.9:0.0,118.2:1168.2,125.9:0.0,127.0:0.0,128.0:0.0,129.0:0.0,130.0:0.0,131.0:0.0,132.1:0.0,133.1:0.0,134.1:0.0,135.1:0.0,136.1:0.0,129.5:0.0,131.3:0.0,132.3:1367.7,133.4:1371.0,134.3:1374.2,135.4:1376.7,136.4:1381.5,137.4:1387.2,138.5:1385.7,139.5:1384.2,140.5:1389.7,141.5:1396.2,142.5:1400.0,143.5:1407.5,144.5:1415.7,145.5:1423.2,146.5:1431.2,147.6:1436.5,148.6:1444.2,149.6:1453.7,150.7:1460.5,151.7:1468.5,152.7:1481.5,153.7:1493.0,154.7:1505.7,155.8:1520.0,156.8:1532.7,157.8:1548.0,158.8:1563.7,159.9:1578.2,167.9:0.0,169.0:0.0,170.0:0.0,171.0:0.0,172.0:0.0,173.1:0.0,174.1:0.0,175.1:0.0,176.1:0.0,177.2:0.0,178.2:0.0,179.2:0.0,180.2:0.0,181.3:0.0,175.5:0.0,176.5:1207.2,184.3:0.0,185.4:0.0,186.3:0.0,187.3:0.0,188.4:0.0,189.4:0.0,190.4:0.0,191.4:0.0,192.5:0.0,193.5:0.0,194.5:0.0,195.5:0.0,196.5:0.0,190.4:0.0,191.4:1750.0,192.4:1735.2,193.5:1719.7,194.5:1707.0,195.6:1694.5,196.6:1683.7,197.6:1673.5,198.6:1663.0,199.7:1655.5,200.7:1646.5,201.7:1637.7,202.7:1630.7,203.8:1626.0,204.9:1620.2,205.9:1612.5,206.9:1612.0,207.9:1624.0,209.0:1617.0,210.0:1600.5,211.0:1598.2,212.1:1593.5,213.1:1590.7,214.1:1593.2,215.2:1594.7,216.2:1593.2,217.2:1593.7,218.2:1595.2,219.2:1595.0,220.3:1595.2,221.3:1597.0,222.3:1600.5,223.3:1606.2,224.4:1612.0,225.4:1616.0,226.4:1619.2,227.4:1637.7,235.5:0.0,236.6:0.0,230.7:0.0,231.7:1358.0,232.7:1356.7,233.7:1367.5,234.8:1366.0,235.8:1354.5,236.8:1359.5,237.8:1368.5,238.8:1376.7,239.8:1384.2,240.9:1392.0,248.9:0.0,249.9:0.0,250.9:0.0,251.9:0.0,253.0:0.0,254.0:0.0,248.0:0.0,249.0:1515.7,250.0:1531.7,251.0:1542.0,259.1:0.0,253.0:0.0,254.0:1631.5,262.1:0.0,263.2:0.0,264.2:0.0,265.2:0.0,266.2:0.0,267.2:0.0,268.3:0.0,269.3:0.0,270.3:0.0,271.3:0.0,272.4:0.0,273.4:0.0,274.4:0.0,275.4:0.0,276.5:0.0,277.5:0.0,278.5:0.0,279.5:0.0,280.5:0.0,281.6:0.0,282.5:0.0,283.5:0.0,284.6:0.0,278.9:0.0,279.9:1098.0,281.0:1088.0,282.0:1078.2,289.7:0.0,284.0:1067.2,285.1:1057.0,286.1:1050.5,287.1:1045.0,288.2:1039.7,289.2:1033.2,290.2:1026.7,291.2:1024.0,292.3:1019.5,293.2:1014.0,294.3:1011.7,295.4:1009.7,296.3:1005.5,297.4:1001.5,298.4:998.5,299.5:994.7,300.5:993.2,301.6:991.7,302.6:989.2,303.6:988.7,304.6:987.5,305.7:987.5,306.8:987.0,307.7:985.0,308.8:985.7,309.8:987.7,310.8:989.7,311.9:991.5,312.8:994.7,313.9:997.7,314.9:999.2,315.9:999.5,316.9:1003.2,318.0:1007.2,319.0:1009.5,320.0:1013.7,321.0:1018.5,322.0:1022.0,323.0:1026.0,324.1:1032.7,325.0:1040.5,326.1:1046.5,333.8:0.0,328.2:0.0,329.1:1095.0,336.8:0.0,331.2:1089.7,338.9:0.0,339.9:0.0,340.9:0.0,342.0:0.0,343.0:0.0,344.0:0.0,345.0:0.0,346.1:0.0,347.1:0.0,348.1:0.0,349.1:0.0,350.2:0.0,351.2:0.0,352.2:0.0,353.2:0.0,354.2:0.0,355.3:0.0,356.3:0.0,357.3:0.0,352.9:0.0,
354.7:0.0,355.5:374.0,356.7:372.7,357.6:373.0,358.9:374.0,0.0:374.7,0.5:376.5,5.9:0.0,6.9:0.0,7.9:0.0,9.0:0.0,10.0:0.0,11.0:0.0,12.0:0.0,13.0:0.0,14.1:0.0,15.1:0.0,16.1:0.0,17.2:0.0,18.2:0.0,19.2:0.0,20.2:0.0,21.2:0.0,22.3:0.0,23.3:0.0,24.3:0.0,25.4:0.0,26.4:0.0,27.4:0.0,28.4:0.0,23.3:0.0,24.4:773.5,25.5:770.0,26.5:767.7,27.6:0.0,28.7:731.7,29.7:729.2,30.7:728.2,31.6:728.7,32.7:727.7,33.7:725.5,34.8:725.2,35.7:724.2,36.9:724.0,37.8:724.0,38.8:723.0,39.8:724.2,41.0:725.7,42.0:726.2,43.0:725.7,44.0:726.7,44.9:728.5,46.1:731.5,47.1:733.2,48.1:735.5,49.2:738.7,50.2:739.5,51.2:741.2,52.2:745.2,53.2:749.7,54.1:753.5,55.1:757.2,56.1:761.5,57.2:766.0,58.3:772.5,59.2:777.7,60.2:780.7,61.3:787.5,62.2:796.0,63.3:800.0,64.2:803.2,65.2:811.2,66.2:819.2,73.5:0.0,74.6:0.0,69.3:0.0,70.4:852.7,77.6:0.0,78.7:0.0,79.7:0.0,74.4:0.0,75.3:907.0,82.8:0.0,83.8:0.0,84.8:0.0,85.8:0.0,86.9:0.0,87.9:0.0,88.9:0.0,89.9:0.0,90.9:0.0,91.9:0.0,93.0:0.0,94.0:0.0,95.0:0.0,96.0:0.0,97.0:0.0,98.1:0.0,99.1:0.0,100.1:0.0,101.1:0.0,102.2:0.0,103.2:0.0,104.2:0.0,105.2:0.0,106.2:0.0,107.3:0.0,108.3:0.0,109.3:0.0,110.3:0.0,111.4:0.0,112.4:0.0,113.4:0.0,114.5:0.0,115.5:0.0,109.7:0.0,117.5:0.0,111.8:1135.7,112.9:1137.5,120.6:0.0,114.9:1134.2,122.6:0.0,116.9:1152.5,124.7:0.0,119.0:1175.7,126.7:0.0,127.7:0.0,128.8:0.0,129.8:0.0,130.8:0.0,131.8:0.0,132.9:0.0,133.9:0.0,134.9:0.0,135.9:0.0,137.0:0.0,138.0:0.0,132.0:0.0,140.0:0.0,141.1:0.0,134.9:0.0,136.1:0.0,137.1:1510.0,138.1:1514.7,139.1:1521.2,140.2:1525.2,141.2:1528.2,142.2:1532.7,143.2:1542.2,144.2:1548.7,145.3:1553.2,146.3:1560.0,147.3:1570.5,148.3:1583.5,149.3:1595.2,150.4:1605.2,151.3:1617.0,152.3:1629.0,153.4:1638.2,154.4:1646.7,155.5:1659.2,156.6:1675.0,157.6:1691.2,158.6:1709.0,159.7:1727.5,160.7:1746.7,161.7:1765.5,169.9:0.0,170.9:0.0,172.0:0.0,173.0:0.0,174.0:0.0,175.1:0.0,176.1:0.0,177.1:0.0,178.1:0.0,179.2:0.0,180.2:0.0,174.3:0.0,175.3:1407.7,176.4:1402.0,184.3:0.0,185.3:0.0,186.3:0.0,187.3:0.0,188.4:0.0,189.4:0.0,190.4:0.0,191.5:0.0,192.5:0.0,193.5:0.0,194.5:0.0,195.6:0.0,189.4:0.0,190.4:1945.7,191.4:1927.2,192.4:1911.7,193.5:1900.5,194.5:1884.7,195.5:1870.5,196.5:1855.7,197.6:1841.2,198.6:1828.0,199.7:1816.0,200.7:1808.2,201.7:1803.0,202.8:1799.5,203.8:1793.0,204.8:1805.5,205.9:1796.2,206.9:1767.5,208.0:1762.0,209.0:1760.0,210.0:1758.0,211.0:1755.7,212.1:1753.5,213.1:1748.7,214.1:1748.5,215.1:1750.0,216.2:1750.5,217.2:1749.2,218.2:1749.7,219.2:1752.2,220.3:1753.0,221.4:1755.5,222.4:1768.5,230.5:0.0,224.6:0.0,225.6:1492.7,226.6:1491.2,234.7:0.0,228.6:1483.2,229.7:1480.0,230.7:1487.2,231.7:1492.5,232.8:1500.2,233.8:1507.7,234.8:1513.5,235.8:1520.5,236.8:1530.2,237.9:1538.0,238.9:1547.5,239.9:1559.2,248.0:0.0,241.9:1575.2,243.0:1594.2,244.0:1610.5,245.0:1624.7,246.0:0.0,254.2:0.0,255.2:0.0,256.2:0.0,257.2:0.0,258.3:0.0,259.3:0.0,260.3:0.0,261.4:0.0,262.4:0.0,263.4:0.0,264.5:0.0,265.5:0.0,266.5:0.0,267.5:0.0,268.6:0.0,269.6:0.0,270.6:0.0,271.6:0.0,272.7:0.0,273.7:0.0,274.7:0.0,275.7:0.0,276.8:0.0,277.8:0.0,278.8:0.0,273.2:0.0,274.3:1025.0,275.4:1015.5,282.8:0.0,283.9:0.0,278.4:0.0,279.5:971.5,280.4:963.2,281.5:956.2,289.0:0.0,290.0:0.0,291.0:0.0,285.7:938.5,286.7:920.7,287.7:916.5,288.7:912.7,289.8:908.2,290.8:904.2,291.8:899.0,292.9:893.2,293.9:889.7,294.9:887.5,296.0:883.2,297.0:880.0,298.0:878.2,299.0:876.5,300.1:876.0,301.2:873.2,302.2:871.5,303.2:871.7,304.2:871.2,305.3:869.7,306.3:870.5,307.3:870.7,308.3:870.0,309.4:871.5,310.4:872.5,311.3:873.5,312.4:875.0,313.5:876.5,314.5:878.7,315.5:881.2,316.6:882.5,317.5:886.5,318.6:891.0,319.6:893.5,320.5:0.0,321.5:932.2,322.5:937.0,323.6:940.7,331.1:0.0,332.2:0.0,333.2:0.0,334.2:0.0,335.2:0.0,336.3:0.0,337.3:0.0,338.3:0.0,339.3:0.0,340.4:0.0,341.4:0.0,342.4:0.0,343.5:0.0,344.5:0.0,345.5:0.0,346.5:0.0,347.6:0.0,348.6:0.0,349.6:0.0,350.7:0.0,351.7:0.0,352.7:0.0,353.7:0.0,350.6:0.0,355.8:0.0,356.8:0.0,357.9:0.0,
352.9:0.0,353.9:1063.5,355.0:1066.0,356.0:1070.5,357.0:1059.2,358.0:1048.2,359.1:1053.7,0.2:1059.0,1.1:1061.5,2.2:1064.7,3.2:1069.0,4.2:1073.2,5.2:1080.0,6.2:1087.2,7.3:1092.7,8.2:1098.5,9.2:1104.2,10.3:1109.2,18.0:0.0,19.1:0.0,13.4:1128.7,21.1:0.0,22.2:0.0,16.5:1163.2,24.2:0.0,25.2:0.0,26.3:0.0,27.3:0.0,28.3:0.0,29.3:0.0,30.4:0.0,31.4:0.0,24.8:0.0,26.6:0.0,27.6:1302.2,28.6:1303.0,29.7:1304.2,30.7:1304.5,31.7:1304.7,32.7:1304.7,33.7:1306.0,34.8:1307.5,35.8:1310.7,36.8:1315.2,37.8:1319.0,38.8:1322.7,39.9:1328.5,40.9:1333.0,42.0:1336.5,43.0:1341.7,44.0:1350.7,45.0:1360.5,46.0:1366.5,47.1:1372.0,48.1:1381.5,49.1:1391.5,50.1:1399.2,51.2:1413.0,52.1:1428.2,53.2:1438.2,54.2:1447.5,55.2:1457.0,56.2:1470.2,57.2:1488.2,65.3:0.0,66.3:0.0,67.3:0.0,68.4:0.0,69.4:0.0,70.4:0.0,71.5:0.0,72.5:0.0,73.5:0.0,74.5:0.0,75.6:0.0,76.6:0.0,77.6:0.0,71.9:0.0,73.0:1120.2,74.0:1109.0,75.0:1107.5,82.7:0.0,83.8:0.0,84.8:0.0,85.8:0.0,86.8:0.0,87.9:0.0,88.9:0.0,89.9:0.0,90.9:0.0,91.9:0.0,92.9:0.0,93.9:0.0,95.0:0.0,96.0:0.0,89.9:0.0,90.9:1652.2,92.0:1636.7,93.0:1624.2,94.0:1618.5,95.0:1609.0,96.1:1596.2,97.1:1585.2,98.1:1574.5,99.1:1565.5,100.2:1557.5,101.2:1550.7,102.2:1546.0,103.2:1539.0,104.3:1530.7,105.3:1524.2,106.3:1520.5,107.4:1522.2,108.4:1543.2,109.5:1537.5,110.5:1512.2,111.5:1509.2,112.6:1509.7,113.6:1510.2,114.6:1510.5,115.6:1509.5,116.6:1509.0,117.7:1511.7,118.7:1514.7,119.7:1516.2,120.7:1518.5,121.7:1520.7,122.8:1521.7,123.8:1525.7,124.8:1529.0,125.9:1533.0,126.9:1542.5,127.8:1552.0,136.0:0.0,137.0:0.0,138.0:0.0,139.0:0.0,133.2:0.0,134.2:1296.0,142.1:0.0,136.3:1299.2,137.3:1298.2,145.2:0.0,146.2:0.0,147.2:0.0,148.3:0.0,149.3:0.0,150.3:0.0,144.4:0.0,145.4:1375.0,153.4:0.0,154.4:0.0,155.5:0.0,156.5:0.0,157.5:0.0,158.5:0.0,159.5:0.0,160.6:0.0,161.6:0.0,162.7:0.0,163.7:0.0,164.8:0.0,165.8:0.0,166.8:0.0,167.9:0.0,168.9:0.0,169.9:0.0,170.9:0.0,172.0:0.0,173.0:0.0,174.0:0.0,175.0:0.0,176.1:0.0,177.1:0.0,178.1:0.0,179.2:0.0,180.2:0.0,181.2:0.0,182.2:0.0,176.5:0.0,177.5:1179.0,178.5:1170.0,179.5:1160.2,187.3:0.0,188.4:0.0,189.4:0.0,183.7:0.0,184.7:1109.7,185.8:1101.7,186.8:1094.5,187.9:1090.5,188.9:1086.7,189.9:1081.5,191.0:1076.0,191.9:1072.5,193.0:1071.2,194.1:1067.5,195.1:1063.5,196.2:1058.7,197.1:1056.2,198.2:1055.0,199.2:1052.7,200.2:1051.0,201.2:1048.7,202.3:1048.0,203.4:1047.5,204.5:1045.2,205.4:1044.2,206.5:1046.2,207.5:1045.7,208.5:1045.2,209.5:1047.5,210.6:1050.0,211.7:1051.5,212.7:1052.7,213.6:1056.5,214.7:1060.5,215.7:1064.0,216.7:1065.7,217.8:1068.2,218.8:1073.0,219.8:1079.2,220.8:1083.7,221.8:1087.5,222.9:1092.5,223.9:1098.0,224.9:1104.2,226.0:1109.5,233.7:0.0,228.0:1115.2,228.9:0.0,229.9:1180.7,237.7:0.0,232.0:1178.0,239.8:0.0,240.8:0.0,241.9:0.0,242.9:0.0,243.9:0.0,244.9:0.0,246.0:0.0,247.0:0.0,248.0:0.0,249.0:0.0,250.1:0.0,251.1:0.0,252.1:0.0,253.2:0.0,254.2:0.0,255.2:0.0,256.2:0.0,257.3:0.0,258.3:0.0,253.4:0.0,254.5:683.7,255.5:672.7,256.6:670.5,257.6:672.0,258.6:671.5,265.5:0.0,266.5:0.0,267.5:0.0,268.5:0.0,269.6:0.0,270.6:0.0,271.6:0.0,272.6:0.0,273.7:0.0,274.7:0.0,275.7:0.0,276.7:0.0,277.8:0.0,278.8:0.0,279.8:0.0,274.2:0.0,275.2:1049.5,276.3:1042.5,277.3:1036.2,278.3:0.0,279.4:993.2,280.4:989.0,281.4:985.5,282.4:980.7,283.5:977.7,284.5:974.5,285.5:972.7,286.5:969.7,287.6:966.5,288.6:964.2,289.7:962.0,290.7:958.2,291.8:955.2,292.7:954.0,293.8:953.5,294.8:953.7,295.8:953.5,296.9:953.7,297.9:955.0,298.9:957.0,300.0:957.5,301.0:957.0,302.1:958.2,303.0:960.2,304.0:962.5,305.1:965.7,306.2:968.5,307.1:970.2,308.1:974.5,309.2:979.0,310.1:982.7,311.2:989.2,312.2:994.5,313.3:997.0,314.3:1002.0,315.3:1007.0,316.2:1012.7,317.4:1021.0,318.4:1027.7,319.3:1035.7,320.4:1042.2,328.0:0.0,322.4:1053.5,330.1:0.0,324.5:1072.0,325.5:1089.0,333.2:0.0,327.5:1104.5,335.2:0.0,336.3:0.0,337.3:0.0,331.6:0.0,339.4:0.0,340.4:0.0,341.4:0.0,342.4:0.0,343.5:0.0,344.5:0.0,345.5:0.0,346.5:0.0,347.6:0.0,348.6:0.0,349.6:0.0,350.7:0.0,351.7:0.0,352.7:0.0,353.7:0.0,354.7:0.0,355.8:0.0,356.8:0.0,357.8:0.0,
352.7:776.0,353.7:778.5,354.7:779.7,1.9:0.0,356.8:770.2,357.8:761.7,358.8:764.0,359.8:766.5,0.8:767.7,1.8:769.7,2.8:774.7,4.0:779.0,4.8:782.5,5.9:787.7,6.8:791.7,7.9:795.2,9.0:799.7,10.0:806.5,11.0:812.7,12.0:818.7,13.0:825.7,14.0:831.5,15.0:839.7,15.9:847.5,23.3:0.0,24.3:0.0,25.3:0.0,26.4:0.0,27.4:0.0,28.4:0.0,29.4:0.0,30.4:0.0,31.5:0.0,32.5:0.0,33.5:0.0,28.0:0.0,35.5:0.0,36.6:0.0,37.6:0.0,38.6:0.0,33.0:1039.5,34.0:1055.5,35.0:1059.0,36.1:1061.5,37.0:1063.5,38.1:1065.5,39.1:1069.2,40.1:1074.7,41.1:1079.5,42.1:1083.0,43.2:1086.5,44.1:1092.2,45.2:1099.0,46.2:1104.0,47.2:1109.2,48.2:1115.7,49.2:1121.7,50.3:1128.5,51.3:1137.0,52.2:1146.5,53.3:1155.5,54.3:1163.2,55.3:1170.7,56.4:1182.5,57.3:1197.0,58.4:1206.7,59.3:1218.5,60.4:1234.0,61.4:1247.5,62.3:1262.0,63.3:1277.0,64.4:1292.0,65.4:1307.5,66.4:1322.7,67.4:1344.5,75.3:0.0,76.4:0.0,77.4:0.0,78.4:0.0,79.4:0.0,80.4:0.0,81.5:0.0,82.5:0.0,83.5:0.0,84.5:0.0,85.5:0.0,86.5:0.0,87.6:0.0,88.6:0.0,89.6:0.0,83.9:0.0,84.9:1103.0,86.0:1090.5,87.0:1079.7,88.0:1073.2,89.1:1072.7,90.0:1077.2,97.7:0.0,98.7:0.0,99.7:0.0,100.8:0.0,101.8:0.0,102.8:0.0,103.8:0.0,104.8:0.0,105.8:0.0,99.7:0.0,100.7:1682.5,101.7:1675.7,102.8:1670.5,103.8:1664.7,104.8:1660.2,105.9:1655.5,106.8:1649.7,107.9:1642.7,108.9:1640.7,110.0:1641.2,110.9:1637.0,112.0:1635.2,113.0:1636.0,114.0:1635.0,115.0:1635.0,116.0:1633.7,117.0:1635.5,118.0:1647.7,119.1:1648.5,120.1:1641.7,121.1:1644.5,122.1:1648.2,123.1:1652.5,124.2:1656.5,125.2:1659.5,126.2:1665.0,127.2:1672.0,128.2:1678.7,129.2:1686.0,130.3:1692.2,131.3:1701.5,132.3:1713.0,133.3:1724.7,134.3:1734.0,135.4:1747.0,143.5:0.0,144.5:0.0,145.5:0.0,146.6:0.0,140.5:0.0,141.6:1518.5,142.6:1527.0,143.6:1531.5,144.6:1532.2,145.6:1539.7,153.7:0.0,154.7:0.0,148.7:1566.5,156.7:0.0,150.7:1610.5,151.7:1638.5,159.8:0.0,160.8:0.0,162.0:0.0,163.0:0.0,164.0:0.0,165.0:0.0,166.0:0.0,159.8:0.0,168.1:0.0,169.1:0.0,170.1:0.0,171.2:0.0,172.2:0.0,173.2:0.0,174.2:0.0,175.2:0.0,176.3:0.0,177.3:0.0,178.3:0.0,179.3:0.0,173.3:0.0,181.4:0.0,182.4:0.0,183.4:0.0,184.5:0.0,185.5:0.0,186.5:0.0,187.5:0.0,188.5:0.0,182.5:0.0,183.6:1400.0,184.6:1386.0,185.7:1378.7,186.6:1374.5,187.7:1369.0,188.7:1362.5,189.7:1353.7,190.8:1346.7,191.7:1340.0,192.8:1333.2,200.7:0.0,201.8:0.0,202.8:0.0,196.9:1324.0,197.9:1313.5,198.9:1308.7,200.0:1307.0,201.0:1305.7,202.0:1304.7,203.0:1304.5,204.1:1303.7,205.1:1302.7,206.2:1302.7,207.2:1302.7,208.2:1304.2,209.2:1308.5,210.2:1309.2,211.2:1308.5,212.3:1311.7,220.2:0.0,221.2:0.0,215.3:1321.5,216.3:1330.5,217.3:1333.2,225.3:0.0,219.3:1355.0,220.4:1377.7,221.4:1383.7,229.4:0.0,230.4:0.0,231.4:0.0,232.4:0.0,233.5:0.0,234.5:0.0,235.5:0.0,236.5:0.0,237.5:0.0,238.5:0.0,233.3:0.0,240.6:0.0,235.5:0.0,236.5:780.5,237.5:781.5,238.6:783.7,239.5:788.7,246.7:0.0,241.5:799.0,242.5:808.2,243.6:816.0,250.8:0.0,251.8:0.0,252.8:0.0,253.8:0.0,254.9:0.0,255.9:0.0,256.9:0.0,257.9:0.0,258.9:0.0,260.0:0.0,261.0:0.0,262.0:0.0,263.0:0.0,264.0:0.0,265.1:0.0,266.1:0.0,267.1:0.0,268.1:0.0,269.2:0.0,270.2:0.0,264.8:0.0,272.2:0.0,273.2:0.0,274.2:0.0,268.9:0.0,269.9:914.7,271.0:908.5,271.9:901.7,273.0:895.5,274.0:888.5,275.0:882.7,275.9:877.2,277.0:873.2,278.0:867.0,279.0:860.5,280.1:854.7,281.1:850.7,282.1:848.2,283.2:846.2,284.2:844.0,285.2:840.2,286.2:837.2,287.3:834.5,288.2:833.0,289.3:830.5,290.4:828.0,291.4:825.7,292.4:825.7,293.4:825.5,294.3:822.0,295.4:821.7,296.5:822.2,297.5:823.0,298.5:824.2,299.5:824.2,300.6:825.2,301.5:826.5,302.5:828.5,303.5:830.5,304.5:831.5,305.7:833.0,306.6:836.5,307.6:840.7,308.5:843.2,309.6:846.0,310.7:848.7,318.0:0.0,312.6:855.0,313.7:861.5,314.6:867.5,315.7:871.7,316.6:877.5,317.7:883.5,318.7:888.7,319.7:895.5,320.8:901.0,321.8:907.7,322.7:916.0,330.2:0.0,331.2:0.0,332.3:0.0,326.8:0.0,334.3:0.0,335.3:0.0,336.3:0.0,337.4:0.0,338.4:0.0,332.8:0.0,340.4:0.0,341.5:0.0,342.5:0.0,343.5:0.0,344.5:0.0,345.5:0.0,346.5:0.0,347.6:0.0,348.6:0.0,349.6:0.0,350.6:0.0,351.7:0.0,352.7:0.0,353.7:0.0,354.7:0.0,355.7:0.0,350.7:0.0,351.6:775.2,
354.5:466.0,355.6:464.5,356.6:466.0,357.8:467.7,358.7:469.2,359.8:470.5,0.6:473.0,1.5:476.0,2.5:479.0,3.7:481.5,4.5:483.0,5.8:485.5,6.7:488.7,7.6:492.0,8.6:493.7,9.7:496.2,10.7:498.7,11.6:503.0,12.6:509.2,18.9:0.0,19.9:0.0,20.9:0.0,21.9:0.0,22.9:0.0,24.0:0.0,25.0:0.0,26.0:0.0,27.0:0.0,28.0:0.0,29.1:0.0,30.1:0.0,31.1:0.0,32.1:0.0,33.1:0.0,34.2:0.0,35.2:0.0,36.2:0.0,37.2:0.0,38.2:0.0,39.2:0.0,40.3:0.0,41.3:0.0,42.3:0.0,43.4:0.0,44.4:0.0,45.4:0.0,46.4:0.0,40.9:0.0,42.0:0.0,43.1:0.0,44.3:0.0,45.3:836.2,46.3:841.5,47.3:845.7,48.4:849.7,49.2:855.2,50.3:862.2,51.3:868.7,52.4:874.0,53.4:880.2,54.3:888.5,55.4:897.2,56.4:905.0,57.4:912.5,58.4:921.5,59.4:930.5,60.3:940.7,61.4:950.7,62.3:962.2,63.3:975.5,64.3:986.2,65.3:996.2,66.3:1009.5,67.3:1025.0,68.3:1039.0,69.3:1053.5,70.4:1070.0,71.3:1087.0,72.3:1104.0,73.3:1121.2,74.3:1142.2,75.3:1164.5,76.4:1184.5,77.3:1207.5,78.3:1233.7,79.3:1260.2,87.2:0.0,88.2:0.0,82.4:1270.2,83.3:1262.0,91.2:0.0,92.2:0.0,93.2:0.0,94.2:0.0,95.2:0.0,89.5:0.0,90.5:1185.2,91.5:1177.5,92.6:1167.7,93.6:1158.5,94.6:1150.7,102.4:0.0,96.7:1138.2,97.7:1128.5,98.7:1125.2,99.7:1119.7,100.7:1114.2,101.7:1105.0,102.8:1103.2,103.8:1106.2,111.5:0.0,112.5:0.0,113.5:0.0,114.6:0.0,115.6:0.0,116.6:0.0,110.5:0.0,111.5:1762.2,112.5:1759.0,113.5:1760.2,114.5:1759.7,115.5:1757.5,116.6:1759.2,117.5:1762.0,118.6:1761.5,119.6:1760.7,120.6:1764.5,121.6:1769.5,122.6:1772.7,123.6:1780.0,124.7:1788.2,125.6:1812.0,126.7:1820.0,127.7:1808.0,128.7:1811.0,129.7:1819.7,130.8:1832.5,131.7:1846.5,132.8:1858.5,133.8:1869.2,134.8:1882.5,135.8:1894.0,136.9:1908.5,137.9:1926.0,138.9:1939.0,139.9:1954.2,140.9:1972.2,149.2:0.0,150.2:0.0,151.2:0.0,152.2:0.0,153.2:0.0,154.3:0.0,155.3:0.0,149.1:0.0,157.3:0.0,158.3:0.0,159.3:0.0,160.4:0.0,161.4:0.0,162.5:0.0,163.5:0.0,164.5:0.0,165.5:0.0,166.5:0.0,167.5:0.0,168.6:0.0,169.6:0.0,170.6:0.0,171.6:0.0,172.7:0.0,173.7:0.0,174.7:0.0,175.7:0.0,176.7:0.0,177.7:0.0,178.8:0.0,179.8:0.0,180.8:0.0,181.8:0.0,182.8:0.0,176.7:1781.7,177.7:1775.5,178.7:1761.5,179.7:1745.0,180.7:1730.5,181.8:1713.2,182.8:1692.7,183.8:1678.2,184.9:1669.0,185.9:1657.7,186.9:1648.5,188.0:1640.7,189.0:1630.2,190.0:1624.2,191.0:1619.2,192.0:1609.0,193.0:1604.0,194.1:1600.0,195.1:1594.2,196.1:1591.7,197.1:1587.7,198.1:1584.5,199.2:1581.7,200.2:1578.2,201.2:1578.2,202.2:1578.5,203.3:1577.5,204.4:1576.7,205.4:1577.0,206.4:1575.7,207.5:1574.7,208.5:1579.2,209.5:1580.2,210.5:1580.2,211.5:1581.5,212.5:1598.2,213.5:1618.7,214.5:1618.2,222.7:0.0,223.7:0.0,224.7:0.0,225.8:0.0,226.8:0.0,221.3:0.0,222.4:964.0,223.4:964.2,224.4:965.5,225.4:969.5,226.4:975.2,227.4:979.7,228.4:986.5,229.3:994.0,230.4:1000.5,231.5:1009.0,232.4:1017.0,233.5:1025.0,234.5:1031.7,235.5:1039.5,243.1:0.0,244.1:0.0,238.4:0.0,246.1:0.0,240.4:1090.5,248.2:0.0,249.2:0.0,250.2:0.0,251.2:0.0,245.6:1088.7,253.3:0.0,254.3:0.0,255.3:0.0,256.3:0.0,257.3:0.0,258.3:0.0,259.4:0.0,260.4:0.0,261.4:0.0,262.4:0.0,263.4:0.0,264.5:0.0,265.5:0.0,266.5:0.0,267.5:0.0,262.3:0.0,263.4:816.7,264.4:809.0,265.4:801.5,272.6:0.0,267.4:787.5,268.4:776.2,269.5:770.2,270.6:764.0,277.7:0.0,272.7:755.2,273.7:746.7,274.6:742.0,275.8:735.7,276.7:731.5,277.7:727.2,278.8:723.7,279.8:720.7,280.8:715.7,281.9:711.2,283.0:708.2,284.0:706.0,285.0:704.0,285.9:701.7,286.9:700.0,288.0:698.0,289.0:696.0,290.0:695.2,291.0:694.2,292.1:692.7,293.1:691.7,294.1:690.7,295.0:690.2,296.1:691.0,297.2:692.2,298.2:691.7,299.2:693.0,300.1:694.0,301.3:692.7,302.2:693.7,303.3:695.7,304.2:697.7,305.3:699.5,306.2:700.0,307.4:703.5,308.3:708.2,309.3:710.2,310.4:713.7,311.5:717.7,312.3:720.7,313.4:725.0,314.4:729.7,315.4:733.0,316.5:737.7,317.3:743.2,318.3:747.7,325.5:0.0,320.4:755.5,321.4:763.5,322.4:768.7,323.4:778.2,324.5:786.2,325.5:792.0,332.6:0.0,327.5:803.5,328.4:814.7,335.7:0.0,336.7:0.0,337.7:0.0,338.7:0.0,339.8:0.0,340.8:0.0,341.8:0.0,342.8:0.0,343.8:0.0,344.9:0.0,345.9:0.0,346.9:0.0,347.9:0.0,348.9:0.0,350.0:0.0,345.9:0.0,346.9:487.5,347.9:487.2,349.2:487.0,350.2:487.2,350.9:488.2,352.2:488.7,358.1:0.0,
356.8:270.7,357.5:271.7,358.0:272.5,359.0:273.0,0.3:274.7,1.0:276.2,2.4:277.0,3.8:278.7,3.9:280.5,5.5:282.0,6.1:283.5,7.3:284.7,8.7:286.5,8.7:289.0,10.6:290.5,11.4:292.5,11.9:295.7,16.0:0.0,14.5:299.5,18.1:0.0,16.4:305.5,20.1:0.0,21.2:0.0,22.2:0.0,23.2:0.0,24.2:0.0,25.2:0.0,26.3:0.0,27.3:0.0,28.3:0.0,29.3:0.0,30.4:0.0,31.4:0.0,32.4:0.0,33.4:0.0,34.5:0.0,35.5:0.0,36.5:0.0,37.5:0.0,38.6:0.0,39.6:0.0,40.6:0.0,41.6:0.0,42.7:0.0,43.7:0.0,44.7:0.0,45.7:0.0,46.8:0.0,47.8:0.0,48.8:0.0,49.8:0.0,50.9:0.0,51.9:0.0,52.9:0.0,53.9:0.0,49.4:0.0,56.0:0.0,50.7:0.0,51.9:0.0,53.0:0.0,54.0:0.0,55.2:0.0,56.1:713.7,57.1:720.2,58.1:727.5,59.2:735.7,60.1:743.5,61.2:751.2,62.2:759.7,63.2:768.7,64.2:778.5,65.1:788.2,66.2:798.5,67.2:809.7,68.1:821.2,69.2:833.5,70.1:845.0,71.2:858.2,72.2:873.7,73.2:888.0,74.2:904.0,75.1:920.2,76.2:936.5,77.1:955.7,78.2:975.5,79.1:995.0,80.1:1015.5,81.1:1038.2,82.1:1062.7,83.1:1087.7,84.0:1114.0,85.0:1143.0,86.0:1172.2,87.0:0.0,88.0:1245.2,95.8:0.0,90.0:1265.0,91.0:1263.7,92.0:1255.7,93.1:1247.0,100.9:0.0,102.0:0.0,103.0:0.0,104.0:0.0,98.2:1224.5,99.2:1204.2,100.3:1200.5,101.3:1197.2,102.4:1191.2,103.4:1184.2,104.4:1182.0,105.4:1180.0,106.4:1177.0,107.4:1172.5,108.5:1168.5,109.5:1168.0,110.5:1168.5,111.5:1168.2,112.6:1168.2,120.3:0.0,121.3:0.0,122.4:0.0,116.2:0.0,117.2:1851.5,118.2:1855.0,119.2:1857.7,120.2:1860.0,121.2:1861.5,122.3:1865.0,123.3:1869.7,124.3:1874.2,125.4:1878.0,126.4:1883.2,127.4:1891.5,128.4:1899.0,129.4:1910.0,130.4:1933.0,131.5:1944.7,132.5:1943.5,133.5:1954.5,134.5:1968.5,135.5:1981.2,136.6:1993.5,137.5:2004.2,138.6:2019.5,139.6:2038.5,140.6:2059.2,141.6:2081.5,142.6:2098.2,143.6:2115.7,152.0:0.0,153.0:0.0,154.0:0.0,155.0:0.0,156.1:0.0,157.1:0.0,158.1:0.0,159.1:0.0,160.1:0.0,161.2:0.0,162.3:0.0,163.3:0.0,164.4:0.0,165.4:0.0,166.4:0.0,167.4:0.0,168.5:0.0,169.5:0.0,170.5:0.0,171.5:0.0,172.6:0.0,173.6:0.0,174.6:0.0,175.6:0.0,176.7:0.0,177.7:0.0,178.7:0.0,179.7:0.0,180.8:0.0,174.5:0.0,182.8:0.0,183.8:0.0,184.9:0.0,185.9:0.0,186.8:0.0,180.6:0.0,181.7:1899.2,189.9:0.0,183.7:1880.0,184.7:1862.5,185.7:1852.0,186.8:1843.2,187.8:1833.2,188.8:1822.7,189.9:1811.5,190.9:1805.0,191.9:1799.0,193.0:1790.5,194.0:1783.0,195.0:1776.0,196.0:1768.2,197.1:1765.0,198.0:1763.5,199.1:1760.2,200.1:1758.0,201.1:1755.2,202.2:1753.5,203.2:1753.7,204.3:1750.5,205.3:1747.5,206.3:1748.7,207.4:1752.0,215.5:0.0,209.4:1771.2,210.4:1789.0,218.6:0.0,219.6:0.0,220.7:0.0,215.0:0.0,216.1:1110.2,217.0:1108.7,218.1:1111.7,219.1:1114.7,220.1:1117.5,221.1:1124.0,222.1:1127.7,223.2:1133.2,224.2:1141.2,225.2:1147.0,226.2:1154.0,227.2:1160.5,228.3:1168.0,229.3:1176.2,230.2:1183.5,231.3:1194.0,239.1:0.0,240.1:0.0,241.1:0.0,242.2:0.0,243.2:0.0,244.2:0.0,245.2:0.0,246.3:0.0,247.3:0.0,248.3:0.0,249.3:0.0,250.4:0.0,251.4:0.0,252.4:0.0,253.4:0.0,254.5:0.0,255.5:0.0,256.5:0.0,257.5:0.0,258.5:0.0,259.6:0.0,260.6:0.0,261.6:0.0,262.6:0.0,263.7:0.0,264.7:0.0,265.7:0.0,266.7:0.0,267.7:0.0,268.8:0.0,263.9:0.0,264.8:701.0,265.9:694.2,267.0:687.0,268.0:682.2,269.0:677.0,270.0:668.0,271.1:663.2,272.2:661.5,273.3:658.5,274.3:651.5,275.4:645.5,276.3:642.0,283.0:0.0,278.4:637.0,279.3:631.7,280.4:627.5,281.3:625.5,282.4:622.5,283.4:618.0,284.6:616.7,285.5:616.5,286.5:614.7,287.5:612.7,288.7:610.0,289.7:609.0,290.7:608.0,291.7:606.5,292.7:605.2,293.8:604.2,294.7:604.2,295.9:603.7,296.9:603.7,297.9:605.2,298.8:605.7,299.9:606.2,300.9:607.5,302.0:608.5,303.0:610.7,304.0:612.2,304.9:614.0,306.0:616.0,307.0:616.0,308.0:619.0,308.9:622.7,310.1:623.7,311.1:625.0,312.0:630.7,312.9:634.7,313.9:637.5,315.1:643.0,316.0:646.7,317.0:651.2,318.0:655.7,319.2:658.0,320.1:661.2,321.1:666.5,322.1:670.0,328.9:0.0,330.0:0.0,325.2:0.0,326.1:701.2,327.1:706.0,334.1:0.0,335.2:0.0,336.2:0.0,337.2:0.0,338.2:0.0,339.2:0.0,340.3:0.0,338.3:0.0,339.2:297.5,340.9:296.0,341.7:296.0,342.5:295.5,343.5:295.0,345.0:294.5,345.9:294.5,346.7:295.2,347.2:296.2,351.5:0.0,352.5:0.0,350.9:0.0,352.6:271.5,353.4:270.2,354.1:270.2,355.6:270.5,
359.1:0.0,0.1:0.0,1.1:0.0,2.1:0.0,3.2:0.0,4.2:0.0,5.2:0.0,6.2:0.0,7.2:0.0,8.2:0.0,2.5:0.0,3.7:0.0,4.9:0.0,6.0:0.0,6.9:907.5,8.0:911.2,8.9:916.0,9.9:920.2,11.0:924.2,12.1:929.5,13.0:934.7,14.1:940.5,15.1:947.0,16.1:954.0,17.0:962.0,18.2:969.5,19.1:977.0,20.2:984.5,21.2:992.2,22.2:1001.2,23.1:1009.7,24.1:1020.5,25.2:1032.5,26.1:1043.0,27.2:1053.0,28.2:1063.7,29.2:1077.0,30.2:1091.2,31.2:1105.7,32.2:1121.0,33.2:1136.2,34.2:1152.2,35.2:1168.5,36.2:1186.0,37.2:1206.0,38.2:1227.2,39.2:1248.5,40.2:1270.2,41.3:1295.2,49.1:0.0,50.2:0.0,51.2:0.0,52.2:0.0,53.2:0.0,54.2:0.0,55.3:0.0,56.3:0.0,50.5:0.0,51.5:1186.5,52.6:1176.7,53.6:1164.0,61.4:0.0,62.4:0.0,63.4:0.0,64.5:0.0,58.7:0.0,59.7:1107.0,60.8:1101.0,61.8:1095.0,62.8:1091.7,63.9:1090.7,64.8:1089.7,72.6:0.0,73.6:0.0,74.6:0.0,75.6:0.0,76.6:0.0,77.7:0.0,71.5:0.0,72.6:1736.7,73.5:1734.0,74.6:1729.7,75.6:1721.2,76.7:1717.5,77.6:1715.5,78.7:1713.0,79.7:1715.2,80.7:1714.0,81.7:1712.5,82.7:1716.0,83.7:1717.7,84.7:1721.5,85.7:1725.2,86.8:1726.7,87.8:1731.5,88.8:1758.2,89.8:1766.0,90.8:1751.0,91.8:1754.7,92.8:1761.2,93.8:1769.2,94.9:1776.7,95.8:1787.2,96.9:1797.2,97.9:1805.2,98.9:1813.7,99.9:1824.7,100.9:1841.2,101.9:1855.2,103.0:1865.2,103.9:1880.0,105.0:1901.2,113.2:0.0,114.3:0.0,115.3:0.0,116.3:0.0,110.2:0.0,118.3:0.0,119.4:0.0,113.2:1687.7,121.4:0.0,122.4:0.0,116.3:1721.2,124.4:0.0,125.5:0.0,126.5:0.0,127.5:0.0,128.5:0.0,129.5:0.0,130.5:0.0,131.6:0.0,132.6:0.0,133.6:0.0,134.6:0.0,135.6:0.0,136.7:0.0,137.7:0.0,138.7:0.0,139.7:0.0,140.7:0.0,141.7:0.0,142.8:0.0,136.6:1765.7,144.8:0.0,145.8:0.0,146.8:0.0,147.9:0.0,148.9:0.0,142.7:0.0,143.7:1658.2,144.8:1647.5,145.9:1633.5,146.9:1617.5,147.9:1605.7,148.9:1593.2,150.0:1579.5,150.9:1571.5,152.0:1564.7,153.0:1557.2,154.0:1550.2,155.1:1542.0,156.1:1534.5,157.2:1527.7,158.2:1522.2,159.2:1518.0,160.2:1511.5,161.2:1504.7,162.3:1498.5,163.3:1494.5,164.3:1495.2,165.3:1493.0,166.4:1486.5,167.4:1486.0,168.4:1488.0,169.4:1488.0,170.5:1488.0,171.5:1487.0,172.5:1488.7,173.6:1489.5,174.6:1489.5,175.6:1492.0,176.6:1495.5,177.6:1498.7,178.6:1501.2,186.7:0.0,180.7:1519.7,181.6:1538.7,189.7:0.0,190.8:0.0,191.8:0.0,192.8:0.0,193.8:0.0,194.8:0.0,195.9:0.0,196.9:0.0,191.5:0.0,192.5:898.2,193.5:901.5,194.6:905.0,195.6:906.2,196.5:911.7,197.6:919.0,198.6:924.0,206.1:0.0,207.1:0.0,201.6:940.5,209.1:0.0,210.2:0.0,211.2:0.0,212.3:0.0,206.7:0.0,207.7:1014.7,215.3:0.0,216.4:0.0,217.4:0.0,218.4:0.0,219.4:0.0,220.4:0.0,221.5:0.0,222.5:0.0,217.0:1023.5,224.5:0.0,225.6:0.0,226.6:0.0,227.6:0.0,228.6:0.0,229.7:0.0,230.7:0.0,225.3:0.0,232.7:0.0,233.7:0.0,234.8:0.0,235.8:0.0,236.8:0.0,237.8:0.0,238.9:0.0,233.7:0.0,234.6:821.5,235.7:814.0,236.7:807.0,237.9:800.5,238.8:795.0,239.8:789.7,240.9:784.5,241.9:780.5,243.0:775.7,243.9:771.5,245.0:767.0,246.0:763.0,247.1:760.7,248.1:757.0,249.1:752.5,250.2:750.2,251.2:747.5,252.3:743.5,253.2:742.2,254.1:741.7,255.2:740.0,256.3:739.0,257.4:737.2,258.4:735.2,259.4:734.7,260.4:733.7,261.5:733.5,262.5:734.5,263.3:735.0,264.4:735.2,265.6:734.7,266.5:736.5,267.5:738.7,268.5:738.7,269.5:741.0,270.6:744.2,271.5:747.5,272.7:748.0,273.6:748.7,274.6:751.7,275.5:756.7,276.6:762.7,277.5:765.2,278.6:768.0,279.5:772.7,280.6:776.2,281.7:779.7,282.7:784.2,283.7:789.7,284.6:795.7,285.6:802.0,286.6:809.0,287.6:814.0,288.6:819.7,295.9:0.0,296.9:0.0,297.9:0.0,292.5:0.0,293.7:861.0,301.0:0.0,302.0:0.0,303.0:0.0,304.0:0.0,305.0:0.0,306.1:0.0,307.1:0.0,308.1:0.0,309.1:0.0,310.2:0.0,311.2:0.0,305.5:0.0,313.2:0.0,314.2:0.0,315.2:0.0,316.3:0.0,317.3:0.0,318.3:0.0,313.8:0.0,314.9:582.2,315.8:582.2,316.9:583.2,318.0:583.7,318.9:583.5,325.4:0.0,321.0:0.0,322.2:564.5,323.2:565.7,324.2:567.2,325.1:569.5,326.2:570.5,327.0:572.7,328.2:576.7,329.1:579.0,330.1:582.0,331.0:584.0,332.2:587.0,333.1:592.0,334.3:596.7,335.1:600.7,336.1:603.5,337.1:608.2,338.1:613.7,339.3:616.5,340.1:621.2,341.2:627.5,342.1:633.5,343.1:641.0,349.9:0.0,350.9:0.0,352.0:0.0,353.0:0.0,354.0:0.0,355.0:0.0,356.0:0.0,357.1:0.0,358.1:0.0,
359.1:0.0,0.1:0.0,1.2:0.0,2.2:0.0,3.2:0.0,4.2:0.0,5.2:0.0,6.3:0.0,7.3:0.0,8.3:0.0,9.3:0.0,3.9:0.0,5.1:0.0,6.3:0.0,7.5:0.0,8.5:712.0,9.5:714.7,10.5:717.7,11.5:721.7,12.5:726.0,13.6:730.2,14.6:736.5,15.5:741.5,16.5:746.0,17.5:751.5,18.6:757.2,19.6:763.2,20.6:769.5,21.5:777.0,22.6:784.7,23.5:792.0,24.5:798.5,25.5:806.0,26.6:814.7,27.6:824.7,28.6:836.0,29.6:845.2,30.5:855.2,31.5:866.5,32.5:878.5,33.5:891.0,34.5:904.5,35.6:919.2,36.5:933.5,37.5:947.7,38.5:964.2,39.5:980.7,40.6:997.7,41.5:1016.7,42.5:1035.7,43.5:1055.0,44.6:1076.5,45.5:1101.0,46.5:1126.5,47.4:1152.0,48.5:1172.2,56.3:0.0,57.3:0.0,58.3:0.0,59.3:0.0,60.4:0.0,54.6:0.0,55.8:1104.7,56.7:1098.5,57.8:1091.7,58.7:1083.0,59.8:1075.5,67.5:0.0,61.9:1067.0,62.9:1059.5,63.9:1053.5,64.9:1046.7,66.0:1043.2,67.0:1039.5,68.0:1034.2,69.0:1029.0,70.1:1026.2,71.1:1024.0,72.2:1022.0,73.2:1021.7,74.2:1022.0,75.1:1026.0,82.8:0.0,83.8:0.0,84.8:0.0,78.7:0.0,79.7:1681.2,80.7:1683.0,81.7:1684.0,82.8:1685.2,83.7:1687.7,84.7:1687.7,85.7:1689.0,86.7:1692.5,87.7:1696.5,88.8:1702.0,89.8:1706.7,90.8:1709.2,91.8:1713.5,92.8:1725.0,93.8:1736.7,94.9:1750.5,95.9:1759.5,96.9:1761.0,97.9:1769.7,98.9:1782.7,99.9:1793.0,100.9:1802.2,101.9:1812.7,103.0:1829.0,103.9:1847.5,105.0:1860.7,106.0:1876.0,107.0:1894.0,108.0:1909.7,109.0:1930.0,110.0:1951.7,118.3:0.0,119.3:0.0,120.3:0.0,121.3:0.0,122.3:0.0,116.2:0.0,124.4:0.0,125.4:0.0,126.4:0.0,127.4:0.0,128.4:0.0,129.5:0.0,130.5:0.0,131.5:0.0,132.5:0.0,133.5:0.0,134.5:0.0,135.5:0.0,136.6:0.0,137.6:0.0,138.6:0.0,139.6:0.0,140.7:0.0,141.7:0.0,142.7:0.0,143.7:0.0,144.7:0.0,145.7:0.0,146.7:0.0,147.8:0.0,148.8:0.0,149.8:0.0,150.8:0.0,151.8:0.0,145.7:0.0,146.7:1839.5,147.7:1826.0,148.7:1812.7,149.7:1801.2,150.8:1790.2,151.8:1779.0,152.8:1764.2,153.8:1753.2,154.9:1749.0,155.9:1742.0,157.0:1731.2,158.0:1723.0,159.0:1720.5,160.0:1714.7,161.0:1707.2,162.1:1701.0,163.1:1696.5,164.1:1695.7,165.1:1693.2,166.2:1689.5,167.2:1686.5,168.2:1686.2,169.2:1684.2,170.3:1681.0,171.3:1681.7,172.3:1683.0,173.3:1685.0,174.3:1685.2,175.3:1684.5,176.4:1689.2,177.3:1695.5,178.4:1697.7,186.6:0.0,180.4:1719.5,181.5:1746.5,189.6:0.0,190.7:0.0,191.7:0.0,192.7:0.0,193.7:0.0,194.7:0.0,189.1:0.0,190.1:1088.5,191.1:1091.0,192.2:1092.2,193.1:1096.0,194.2:1101.7,195.2:1106.0,202.9:0.0,203.9:0.0,205.0:0.0,206.0:0.0,207.0:0.0,201.3:0.0,202.2:1180.5,210.0:0.0,211.1:0.0,212.1:0.0,213.1:0.0,214.1:0.0,215.2:0.0,216.2:0.0,217.2:0.0,218.2:0.0,219.2:0.0,220.2:0.0,221.3:0.0,222.3:0.0,223.3:0.0,224.3:0.0,225.3:0.0,226.4:0.0,227.4:0.0,228.4:0.0,229.4:0.0,230.4:0.0,231.5:0.0,232.5:0.0,233.5:0.0,228.2:0.0,235.6:0.0,236.6:0.0,231.3:0.0,232.3:870.7,233.4:863.5,234.4:854.5,235.5:846.0,242.8:0.0,237.5:837.2,238.5:825.2,239.6:818.0,240.6:813.5,241.7:809.0,242.7:805.0,243.7:798.0,244.8:792.7,245.8:790.2,246.8:788.0,247.9:786.2,248.9:782.0,249.9:776.7,250.9:774.7,252.0:774.2,253.0:772.5,253.9:770.5,255.0:769.0,256.1:767.2,257.0:764.2,258.1:763.2,259.1:764.5,260.1:764.0,261.2:763.0,262.2:762.5,263.1:764.2,264.2:764.5,265.1:764.2,266.3:766.0,267.2:766.7,268.3:768.2,269.2:770.2,270.4:771.0,271.3:771.7,272.3:775.0,273.4:778.7,274.4:781.0,275.4:783.7,276.3:786.2,277.2:790.2,278.3:796.2,279.3:800.2,280.4:805.0,281.4:809.5,282.4:813.5,283.2:820.0,284.3:825.7,285.3:830.0,286.3:837.7,287.3:846.7,288.3:853.2,289.4:862.0,296.7:0.0,297.7:0.0,298.7:0.0,294.7:0.0,300.7:0.0,297.0:468.0,298.0:461.0,299.1:458.7,300.1:457.2,301.2:454.7,302.0:454.0,307.9:0.0,304.3:0.0,305.4:422.0,306.3:421.7,307.4:420.2,308.5:419.7,309.6:419.0,310.6:419.0,311.6:419.2,312.7:418.7,313.5:419.0,314.8:419.2,315.5:419.2,316.8:419.7,317.5:420.5,318.5:4005.0,
359.3:0.0,0.3:0.0,1.3:0.0,2.4:0.0,359.0:0.0,4.4:0.0,5.4:0.0,6.4:0.0,7.5:0.0,8.5:0.0,9.5:0.0,10.5:0.0,5.7:0.0,6.8:0.0,8.2:0.0,9.4:0.0,10.4:514.5,11.4:517.5,12.5:520.2,13.3:524.0,14.4:527.2,15.4:530.5,16.5:534.2,17.4:538.7,18.5:543.5,19.5:547.2,20.5:551.5,21.3:557.0,22.3:563.0,23.3:568.2,24.4:573.5,25.3:579.7,26.3:585.7,27.4:592.2,28.3:599.2,29.4:607.7,30.2:615.5,31.4:623.2,32.2:631.5,33.2:640.2,34.3:649.5,35.2:660.0,36.3:670.5,37.2:680.7,38.1:692.7,39.2:705.0,40.3:717.5,41.3:731.0,42.1:744.7,43.2:759.0,44.1:774.5,45.2:790.5,46.1:807.5,47.0:826.5,48.0:846.7,49.0:866.7,49.9:888.0,51.0:912.0,52.0:936.2,52.9:0.0,53.9:993.2,54.8:1021.7,62.5:0.0,63.5:0.0,57.9:1041.0,58.9:1043.7,59.9:1037.2,60.9:1030.5,61.9:1028.0,63.0:1023.5,64.0:1015.5,65.1:1010.7,66.1:1007.0,67.1:1003.2,68.1:1001.0,69.1:998.2,70.1:995.0,71.1:991.7,72.2:988.5,73.2:987.5,74.2:986.5,75.2:984.0,76.2:982.2,77.3:982.0,78.3:982.5,79.3:982.2,80.3:982.0,81.4:982.2,82.4:982.0,83.3:983.2,84.3:985.0,91.8:0.0,92.9:0.0,93.9:0.0,87.8:0.0,88.7:1672.0,89.8:1676.7,90.8:1683.2,91.8:1687.7,92.8:1694.0,93.8:1701.2,94.9:1706.5,95.9:1717.0,96.9:1728.2,97.9:1738.5,98.9:1748.7,99.8:1758.5,100.9:1791.2,101.9:1806.0,102.9:1801.0,103.9:1813.2,104.9:1827.2,105.9:1846.0,107.0:1863.5,108.0:1879.5,109.0:1897.5,110.0:1918.5,111.0:1939.7,112.0:1959.0,113.0:1979.5,114.0:2003.0,115.0:2030.0,123.3:0.0,124.3:0.0,125.3:0.0,126.3:0.0,127.4:0.0,121.2:0.0,129.4:0.0,130.4:0.0,131.4:0.0,132.4:0.0,133.5:0.0,134.5:0.0,135.5:0.0,136.5:0.0,137.5:0.0,138.5:0.0,139.6:0.0,140.6:0.0,141.6:0.0,142.6:0.0,143.6:0.0,144.6:0.0,145.7:0.0,146.7:0.0,147.7:0.0,148.7:0.0,149.7:0.0,143.4:0.0,151.7:0.0,152.8:0.0,153.8:0.0,147.5:2054.5,148.5:2020.0,149.6:2012.7,150.6:2000.2,151.6:1985.2,152.6:1972.0,153.6:1963.2,162.0:0.0,155.7:1951.2,156.7:1932.5,157.7:1927.0,158.7:1920.2,159.8:1909.0,160.8:1909.5,161.8:1905.5,162.8:1898.2,163.9:1893.5,164.9:1887.7,165.9:1887.5,166.9:1880.7,167.9:1878.7,169.0:1879.5,170.0:1874.5,171.0:1875.7,172.0:1875.7,173.0:1876.5,174.0:1883.5,175.0:1888.2,176.1:1889.7,177.1:1892.7,178.1:1898.0,179.1:1916.5,180.1:1936.7,181.2:1947.2,189.5:0.0,190.5:0.0,191.5:0.0,185.7:0.0,193.5:0.0,187.7:0.0,188.7:1279.2,189.7:1281.5,190.7:1286.5,198.6:0.0,199.6:0.0,200.7:0.0,201.7:0.0,202.7:0.0,203.7:0.0,197.8:0.0,198.8:1361.7,199.8:1374.0,200.9:1385.5,208.8:0.0,209.8:0.0,210.9:0.0,211.9:0.0,206.0:1384.0,213.9:0.0,215.0:0.0,216.0:0.0,217.0:0.0,218.0:0.0,219.0:0.0,220.0:0.0,221.1:0.0,222.1:0.0,223.1:0.0,224.1:0.0,225.2:0.0,226.2:0.0,227.2:0.0,221.6:0.0,229.2:0.0,230.2:0.0,231.3:0.0,225.8:0.0,233.3:0.0,234.3:0.0,228.9:0.0,230.0:919.0,231.0:910.0,232.1:902.2,239.4:0.0,240.4:0.0,235.2:886.2,236.2:871.5,237.2:862.5,238.2:854.2,239.2:850.7,240.3:844.0,241.3:838.0,242.3:835.2,243.5:830.0,244.5:824.7,245.4:821.0,246.5:816.2,247.5:811.7,248.4:807.5,249.6:805.2,250.6:803.2,251.6:801.0,252.6:798.0,253.5:796.5,254.6:795.7,255.6:793.0,256.7:791.5,257.7:791.7,258.7:791.5,259.6:790.7,260.6:789.7,261.7:788.7,262.8:789.7,263.7:791.2,264.7:792.5,265.7:793.5,266.8:794.5,267.8:796.5,275.0:0.0,276.0:0.0,277.0:0.0,278.0:0.0,279.0:0.0,275.7:0.0,281.1:0.0,282.0:0.0,283.0:0.0,284.1:0.0,281.3:0.0,286.1:0.0,287.1:0.0,288.1:0.0,285.6:0.0,287.1:314.7,288.0:312.2,288.7:310.0,290.0:306.7,291.5:304.5,292.2:302.7,293.5:300.5,294.3:298.5,295.7:296.7,296.9:295.2,297.5:294.5,298.9:292.7,299.3:291.0,300.2:289.5,301.9:288.2,302.3:287.2,303.9:286.2,305.1:286.2,305.9:285.5,306.7:284.2,308.2:283.0,308.7:283.2,310.1:284.0,310.7:283.7,311.6:284.0,313.1:283.5,313.7:283.2,314.8:283.5,315.5:283.7,317.1:284.0,318.5:284.5,318.8:285.7,320.1:285.7,320.7:286.0,322.4:287.0,323.2:287.5,323.5:288.5,324.7:290.0,326.1:291.0,326.8:291.7,327.8:293.2,329.3:295.0,329.7:297.0,331.0:298.7,331.7:300.5,333.2:301.7,334.0:304.0,335.1:306.2,335.5:308.5,336.6:311.7,337.9:313.7,342.0:0.0,343.0:0.0,344.0:0.0,345.0:0.0,346.0:0.0,347.0:0.0,348.0:0.0,349.0:0.0,350.1:0.0,351.1:0.0,352.1:0.0,353.1:0.0,354.2:0.0,355.2:0.0,356.2:0.0,357.2:0.0,358.2:0.0,
352.1:1757.7,353.1:1767.7,354.1:1782.0,355.2:1794.0,356.2:1803.2,357.2:1812.2,358.3:1825.2,359.3:1843.5,0.3:1858.2,1.3:1870.2,2.3:1883.2,3.4:1900.0,4.4:1921.0,12.7:0.0,13.7:0.0,14.7:0.0,15.7:0.0,16.8:0.0,10.6:0.0,11.7:1724.7,19.9:0.0,13.7:1734.5,22.0:0.0,23.0:0.0,24.0:0.0,25.0:0.0,26.1:0.0,27.1:0.0,28.1:0.0,29.2:0.0,30.2:0.0,31.2:0.0,32.2:0.0,33.3:0.0,34.3:0.0,35.3:0.0,36.4:0.0,37.4:0.0,38.4:0.0,39.5:0.0,40.5:0.0,41.5:0.0,42.6:0.0,43.6:0.0,44.6:0.0,45.7:0.0,46.7:0.0,40.6:1761.2,48.8:0.0,42.6:1762.5,43.7:1741.5,44.7:1731.5,45.8:1715.7,46.7:1701.5,47.8:1686.5,48.9:1673.0,49.9:1666.5,50.9:1655.2,52.0:1645.5,53.0:1637.0,54.0:1628.5,55.0:1626.0,56.1:1621.5,57.1:1616.7,58.2:1609.7,59.2:1601.7,60.3:1598.0,61.2:1594.7,62.3:1594.7,63.4:1593.0,64.4:1589.7,65.4:1589.7,66.5:1593.5,67.5:1594.7,68.5:1592.0,69.5:1590.5,70.6:1592.0,71.6:1593.0,72.6:1593.2,73.6:1597.2,74.6:1599.2,75.7:1599.5,83.8:0.0,77.8:1622.2,78.8:1644.2,86.9:0.0,87.9:0.0,89.0:0.0,90.0:0.0,91.0:0.0,92.0:0.0,86.5:0.0,87.5:1004.0,88.6:1001.0,89.5:1003.0,90.6:1005.7,91.6:1010.2,92.6:1016.7,93.7:1023.7,94.6:1032.2,95.7:1040.0,103.3:0.0,104.3:0.0,105.3:0.0,106.4:0.0,100.8:0.0,108.4:0.0,109.5:0.0,110.5:0.0,111.5:0.0,112.5:0.0,106.7:0.0,114.6:0.0,115.6:0.0,116.6:0.0,117.6:0.0,118.7:0.0,119.7:0.0,120.7:0.0,121.7:0.0,122.8:0.0,123.8:0.0,124.8:0.0,125.9:0.0,126.9:0.0,127.9:0.0,128.9:0.0,123.6:0.0,131.0:0.0,132.0:0.0,133.0:0.0,127.7:0.0,135.1:0.0,129.9:855.5,130.9:842.5,132.0:836.0,133.0:827.5,134.1:821.7,135.1:814.5,136.1:810.2,137.2:805.7,138.2:797.7,139.2:792.2,140.4:787.5,141.4:783.7,142.4:779.2,143.5:775.7,144.4:773.7,145.6:772.2,146.5:768.5,147.6:765.2,148.6:762.7,149.7:759.5,150.7:758.5,151.7:757.2,152.7:754.2,153.7:751.7,154.9:752.2,155.9:751.2,157.1:749.2,158.0:749.2,159.0:749.5,160.1:750.0,161.1:750.0,162.1:750.0,163.1:751.2,164.3:751.7,165.2:752.2,166.3:755.5,167.4:757.7,168.4:759.7,169.4:762.7,170.3:764.5,171.3:768.2,172.4:772.5,173.4:775.2,174.5:777.7,175.4:780.7,176.4:786.0,177.5:790.2,178.5:795.0,179.6:800.7,180.6:804.5,181.5:810.2,182.5:816.7,183.6:822.2,184.5:827.5,191.9:0.0,186.7:838.5,187.7:851.7,188.6:861.0,196.0:0.0,197.0:0.0,198.1:0.0,199.1:0.0,200.1:0.0,201.2:0.0,202.2:0.0,203.2:0.0,204.3:0.0,205.3:0.0,201.2:0.0,207.4:0.0,203.2:513.7,204.4:510.0,205.3:510.2,206.3:509.2,207.3:508.5,208.3:509.0,214.6:0.0,210.8:0.0,211.8:484.7,212.8:483.7,213.8:483.0,214.7:483.0,215.8:483.0,216.7:485.5,218.0:487.0,218.7:487.5,219.8:490.0,220.9:491.2,222.0:492.5,223.1:495.2,223.9:497.2,224.9:500.2,226.1:503.0,227.0:504.5,228.2:505.2,229.1:508.2,230.1:513.5,231.2:517.0,232.2:520.5,233.2:522.5,234.2:525.2,235.2:532.5,241.5:0.0,242.5:0.0,243.5:0.0,244.6:0.0,245.6:0.0,246.6:0.0,247.7:0.0,248.7:0.0,249.7:0.0,250.8:0.0,251.8:0.0,252.8:0.0,253.9:0.0,254.9:0.0,255.9:0.0,257.0:0.0,258.0:0.0,259.0:0.0,260.0:0.0,261.0:0.0,262.0:0.0,263.1:0.0,264.1:0.0,265.1:0.0,266.2:0.0,260.7:0.0,261.9:0.0,263.1:0.0,264.1:799.5,265.1:803.5,266.1:806.7,267.2:811.0,268.2:815.5,269.2:820.0,270.3:824.2,271.2:830.2,272.2:837.5,273.2:843.0,274.3:847.5,275.3:853.0,276.2:860.0,277.2:867.2,278.3:875.2,279.2:884.7,280.3:893.5,281.3:902.5,282.3:911.5,283.3:921.2,284.3:932.0,285.3:943.2,286.4:956.5,287.4:969.0,288.3:980.2,289.4:992.7,290.3:1005.7,291.3:1021.2,292.4:1036.2,293.4:1051.7,294.4:1068.5,295.3:1086.0,296.4:1105.2,297.3:1125.2,298.4:1147.2,299.5:1169.7,300.5:1193.2,301.4:1220.2,309.3:0.0,310.3:0.0,311.3:0.0,312.4:0.0,306.7:0.0,307.7:1175.2,308.7:1164.2,316.5:0.0,317.5:0.0,318.5:0.0,312.9:0.0,313.9:1110.5,314.9:1103.0,315.9:1097.5,317.0:1090.7,318.0:1084.5,319.0:1079.0,320.1:1073.2,321.1:1069.5,322.2:1063.5,323.2:1057.2,324.3:1055.2,325.4:1052.7,326.3:1050.2,334.0:0.0,335.0:0.0,336.0:0.0,337.1:0.0,338.1:0.0,339.2:0.0,333.0:0.0,334.1:1709.5,335.1:1705.5,336.1:1702.0,337.1:1702.2,338.2:1702.0,339.2:1700.7,340.2:1703.7,341.2:1709.2,342.3:1709.7,343.3:1708.2,344.3:1711.7,345.4:1715.7,346.4:1721.7,347.5:1729.5,348.5:1736.0,349.5:1751.2,350.5:1758.5,
351.7:1583.5,352.8:1590.0,353.8:1598.0,354.8:1609.2,355.9:1619.0,356.9:1624.2,357.9:1634.5,359.0:1647.2,0.0:1658.0,1.0:1672.2,2.0:1688.0,3.0:1701.7,4.0:1720.0,12.2:0.0,13.3:0.0,14.3:0.0,15.3:0.0,16.4:0.0,17.4:0.0,11.4:0.0,19.5:0.0,20.5:0.0,14.5:1537.0,22.6:0.0,23.6:0.0,24.6:0.0,25.7:0.0,26.7:0.0,27.7:0.0,28.8:0.0,29.8:0.0,30.8:0.0,31.9:0.0,32.9:0.0,33.9:0.0,27.7:0.0,36.0:0.0,37.0:0.0,38.0:0.0,39.1:0.0,40.1:0.0,41.1:0.0,42.2:0.0,43.2:0.0,37.1:0.0,45.3:0.0,46.3:0.0,40.2:0.0,48.4:0.0,42.3:1667.5,43.3:1645.7,44.4:1630.5,45.4:1618.5,46.4:1611.0,47.5:1605.2,48.5:1596.5,49.6:1585.5,50.6:1577.7,51.6:1573.5,52.7:1563.5,53.7:1557.5,54.7:1555.2,55.8:1547.2,56.8:1541.7,57.8:1539.0,58.9:1535.7,59.9:1530.2,60.9:1525.0,62.0:1521.7,62.9:1520.5,64.0:1518.5,65.0:1517.0,66.0:1517.5,67.1:1514.5,68.1:1514.2,69.1:1518.0,70.2:1520.5,71.2:1521.7,72.2:1521.5,73.3:1525.0,74.3:1528.7,75.3:1528.5,76.3:1534.0,77.4:1539.0,78.4:1544.5,79.5:1554.0,80.4:1561.5,81.4:1567.0,82.5:1569.0,83.4:1594.7,84.5:1619.2,85.5:1615.2,93.6:0.0,94.7:0.0,95.7:0.0,96.7:0.0,97.7:0.0,98.8:0.0,99.8:0.0,100.8:0.0,101.9:0.0,96.3:0.0,97.3:1016.2,98.4:1012.7,99.4:1016.2,100.4:1024.0,101.4:1033.2,109.0:0.0,110.1:0.0,111.1:0.0,105.5:0.0,113.2:0.0,114.2:0.0,115.2:0.0,116.2:0.0,117.3:0.0,118.3:0.0,119.3:0.0,120.4:0.0,121.4:0.0,122.4:0.0,123.4:0.0,124.5:0.0,125.5:0.0,126.5:0.0,127.5:0.0,128.6:0.0,129.6:0.0,130.6:0.0,131.7:0.0,132.7:0.0,133.7:0.0,134.7:0.0,135.8:0.0,130.2:0.0,131.2:1037.5,132.3:1027.7,133.4:1020.7,134.4:1014.0,135.5:1005.7,136.5:998.0,137.5:992.2,138.5:985.5,139.6:977.5,140.7:971.5,141.6:967.2,142.7:962.5,143.7:957.7,144.8:953.2,145.8:948.0,146.9:945.7,147.9:943.2,148.9:938.5,149.9:936.0,151.0:936.5,152.0:936.0,153.0:933.0,154.0:930.0,155.2:929.2,156.1:931.7,157.2:932.7,158.2:930.0,159.3:927.5,160.3:930.2,161.4:933.2,162.3:934.2,163.4:934.5,164.4:934.2,165.5:936.0,166.5:938.5,167.5:942.0,168.5:944.7,169.6:946.2,170.5:949.2,171.6:954.7,172.6:959.7,173.6:963.7,174.7:968.0,175.6:973.0,176.7:980.7,177.7:987.7,178.8:993.0,179.8:999.7,180.7:1006.0,181.8:1014.7,182.9:1025.0,183.9:1032.5,184.8:1038.5,192.5:0.0,193.5:0.0,194.6:0.0,195.6:0.0,189.9:0.0,197.7:0.0,198.7:0.0,199.7:0.0,200.7:0.0,195.8:0.0,197.0:691.2,198.0:690.2,199.0:688.5,205.9:0.0,201.2:0.0,202.1:655.2,203.1:653.2,204.3:652.5,205.3:652.5,206.4:650.5,207.5:650.5,208.5:652.5,209.5:652.2,210.5:650.5,211.5:650.2,212.5:651.7,213.7:652.7,214.5:654.2,215.7:655.2,216.7:656.5,217.8:659.0,218.7:660.0,219.7:661.7,220.9:665.7,221.7:668.7,222.8:671.5,223.8:674.2,224.8:677.5,225.9:680.2,227.0:682.5,228.0:686.5,229.0:690.0,230.0:694.7,231.0:700.2,232.0:706.0,233.1:712.2,234.1:717.5,241.1:0.0,236.2:727.5,237.2:738.7,244.2:0.0,245.2:0.0,246.2:0.0,247.2:0.0,242.1:0.0,243.1:818.7,250.4:0.0,245.1:832.5,252.4:0.0,253.5:0.0,246.9:0.0,249.2:0.0,250.3:837.5,251.3:839.7,252.2:840.0,253.3:840.5,254.4:841.2,255.4:842.7,256.4:845.0,257.4:847.2,258.5:850.0,259.5:852.5,260.5:854.5,261.5:857.7,262.6:860.2,263.6:863.0,264.5:866.2,265.5:871.2,266.6:877.2,267.6:881.0,268.7:885.2,269.6:890.5,270.6:896.5,271.8:903.0,272.7:909.0,273.7:916.0,274.7:923.0,275.7:930.7,276.7:938.7,277.7:947.2,278.8:957.5,279.7:967.2,280.8:977.2,281.8:986.7,282.8:995.7,283.8:1006.7,284.9:1020.5,285.8:1033.5,286.8:1044.2,287.8:1057.7,288.9:1074.2,289.8:1089.5,290.9:1105.2,291.9:1122.2,292.8:1148.5,300.6:0.0,301.7:0.0,302.7:0.0,303.7:0.0,304.7:0.0,305.8:0.0,306.8:0.0,301.3:0.0,302.3:1024.5,309.9:0.0,311.0:0.0,312.0:0.0,306.6:0.0,307.6:964.0,308.5:956.2,309.6:950.2,310.7:943.0,311.8:932.5,312.7:923.5,313.9:917.7,314.9:913.2,315.9:907.5,316.9:898.5,317.9:896.2,319.0:897.5,319.9:899.0,327.4:0.0,328.4:0.0,329.5:0.0,330.5:0.0,331.5:0.0,332.5:0.0,333.6:0.0,334.6:0.0,328.6:0.0,329.6:1533.7,330.6:1530.7,331.7:1529.0,332.7:1525.5,333.7:1522.5,334.8:1521.7,335.8:1520.5,336.8:1520.5,337.8:1523.2,338.9:1523.2,339.9:1522.0,340.9:1521.2,342.0:1523.2,342.9:1529.0,344.0:1533.2,345.0:1538.5,346.0:1545.5,347.1:1571.2,348.1:1578.7,349.2:1561.2,350.2:1566.2,351.2:1578.0,
352.3:1294.2,353.3:1302.0,354.4:1308.7,355.4:1316.0,356.4:1324.2,357.3:1336.2,358.4:1348.5,359.4:1355.5,0.4:1364.2,1.4:1374.0,2.4:1383.5,3.5:1398.7,4.5:1414.0,5.5:1429.0,6.5:1454.0,14.6:0.0,15.6:0.0,16.6:0.0,17.6:0.0,18.7:0.0,19.7:0.0,20.7:0.0,21.7:0.0,22.8:0.0,23.8:0.0,18.0:0.0,25.9:0.0,26.9:0.0,27.9:0.0,28.9:0.0,30.0:0.0,31.0:0.0,32.0:0.0,33.0:0.0,34.1:0.0,35.1:0.0,36.1:0.0,37.2:0.0,38.2:0.0,39.2:0.0,40.2:0.0,34.1:0.0,42.3:0.0,36.2:0.0,44.4:0.0,38.3:1616.7,46.5:0.0,40.4:1581.7,41.4:1558.5,42.5:1549.7,43.5:1543.0,44.6:1531.0,45.6:1516.2,46.6:1504.7,47.7:1496.0,55.7:0.0,56.7:0.0,57.8:0.0,58.8:0.0,59.8:0.0,60.8:0.0,54.9:0.0,55.9:1424.5,56.9:1419.5,58.0:1416.5,59.0:1413.7,60.0:1410.0,61.0:1408.2,62.1:1406.5,63.1:1400.0,64.2:1397.7,65.2:1397.7,66.2:1397.7,67.2:1400.5,68.2:1401.0,69.3:1401.2,70.3:1401.5,71.3:1402.0,72.4:1404.5,73.3:1408.5,74.4:1409.7,75.5:1411.2,76.4:1413.7,77.5:1417.7,78.5:1423.7,86.5:0.0,87.5:0.0,88.6:0.0,82.6:1442.2,83.5:1463.0,84.5:1469.7,92.6:0.0,86.6:1481.0,87.6:1497.0,88.6:1509.2,89.6:1523.0,90.7:1535.5,91.6:1542.7,92.7:1551.7,93.7:0.0,94.7:1613.7,102.8:0.0,103.8:0.0,104.9:0.0,105.9:0.0,106.9:0.0,107.9:0.0,109.0:0.0,110.0:0.0,111.0:0.0,112.0:0.0,113.0:0.0,114.1:0.0,115.1:0.0,116.1:0.0,117.1:0.0,111.5:0.0,112.5:1093.0,113.6:1094.7,121.2:0.0,122.2:0.0,123.3:0.0,124.3:0.0,125.3:0.0,126.3:0.0,127.3:0.0,128.4:0.0,129.4:0.0,130.4:0.0,131.5:0.0,132.5:0.0,133.5:0.0,134.5:0.0,128.6:0.0,136.6:0.0,137.6:0.0,138.7:0.0,139.7:0.0,140.7:0.0,141.7:0.0,135.8:0.0,136.9:1281.0,137.9:1268.5,139.0:1264.0,140.0:1260.0,141.1:1251.7,142.1:1244.0,143.1:1239.7,144.1:1237.2,152.0:0.0,153.0:0.0,147.2:1228.7,148.3:1217.5,149.3:1210.5,150.3:1207.0,151.3:1206.5,152.4:1204.5,153.4:1202.7,154.4:1201.2,155.5:1198.5,156.6:1197.0,157.6:1197.5,158.6:1199.0,159.6:1200.5,160.7:1200.2,161.7:1200.0,162.7:1203.0,163.8:1204.0,164.7:1204.2,165.8:1206.0,166.8:1207.7,167.9:1210.0,175.7:0.0,176.7:0.0,177.7:0.0,171.9:1220.7,173.0:1233.5,174.0:1240.2,175.0:1248.2,176.0:1255.2,177.0:1262.2,178.1:1271.5,179.1:1279.5,180.1:1285.7,188.0:0.0,189.0:0.0,190.0:0.0,191.1:0.0,192.1:0.0,193.1:0.0,194.1:0.0,195.2:0.0,196.2:0.0,190.7:0.0,191.7:967.0,192.7:965.5,193.8:964.5,194.9:0.0,195.9:926.0,196.9:924.2,198.1:921.0,199.0:917.7,200.0:915.2,201.1:912.2,202.1:910.7,203.1:909.0,204.2:907.2,205.3:906.2,206.3:904.2,207.3:903.5,208.3:903.7,209.4:903.2,210.4:903.7,211.4:905.0,212.4:905.7,213.5:906.2,214.5:906.0,215.5:908.7,216.6:912.0,217.6:913.2,218.7:914.5,219.7:917.5,220.6:921.2,221.7:924.2,222.7:928.5,223.7:931.7,224.8:936.2,225.7:941.5,226.7:0.0,227.8:984.0,228.8:987.5,236.4:0.0,237.4:0.0,238.4:0.0,239.5:0.0,233.9:980.5,235.0:969.5,236.0:964.7,237.1:960.7,238.1:957.7,239.1:954.0,240.1:949.0,241.2:946.7,242.3:945.7,243.2:943.0,244.3:940.5,245.4:939.0,246.4:936.0,247.4:934.0,248.5:935.5,249.5:936.2,250.5:934.2,251.5:934.0,252.4:936.0,253.5:935.7,254.5:935.7,255.6:937.0,256.6:938.0,257.6:942.2,258.6:944.7,259.7:946.2,260.7:948.7,261.6:951.7,262.7:955.7,263.7:959.5,264.8:963.7,265.7:967.7,266.8:972.2,267.8:976.0,268.8:982.0,269.8:988.5,270.8:993.7,271.9:999.5,272.9:1006.7,273.9:1014.0,274.9:1022.2,275.8:1030.5,276.8:1039.0,277.9:1048.5,278.8:1061.5,286.5:0.0,287.5:0.0,288.5:0.0,289.5:0.0,290.6:0.0,291.6:0.0,292.6:0.0,293.6:0.0,294.7:0.0,295.7:0.0,296.7:0.0,297.7:0.0,292.5:0.0,299.8:0.0,294.6:0.0,301.8:0.0,302.8:0.0,303.8:0.0,304.9:0.0,306.0:0.0,301.0:0.0,302.2:708.2,303.2:699.7,304.2:697.2,305.2:696.5,306.2:698.5,313.1:0.0,314.2:0.0,315.2:0.0,316.2:0.0,317.2:0.0,318.3:0.0,319.3:0.0,0.3:128.0,
352.8:1026.2,353.7:1032.7,354.7:1039.2,355.8:1046.5,356.8:1052.7,357.8:1059.2,358.9:1065.5,359.9:1071.7,0.9:1079.7,1.9:1089.5,3.0:1099.0,3.9:1108.5,5.0:1119.2,6.0:1130.7,7.0:1142.2,8.0:1159.0,15.8:0.0,16.8:0.0,17.8:0.0,18.9:0.0,19.9:0.0,21.0:0.0,22.0:0.0,23.0:0.0,24.1:0.0,18.6:0.0,26.1:0.0,27.2:0.0,28.2:0.0,29.2:0.0,23.7:0.0,31.3:0.0,32.3:0.0,33.3:0.0,34.4:0.0,35.4:0.0,36.4:0.0,37.5:0.0,38.5:0.0,39.5:0.0,40.6:0.0,41.6:0.0,42.6:0.0,43.7:0.0,44.7:0.0,45.7:0.0,46.8:0.0,40.8:0.0,48.8:0.0,49.9:0.0,43.9:0.0,44.9:1393.7,46.0:1385.5,47.0:1377.0,48.1:1368.2,49.2:1361.2,50.1:1353.5,51.2:1346.0,59.2:0.0,60.2:0.0,61.2:0.0,62.2:0.0,63.3:0.0,57.4:1325.7,58.5:1306.5,59.4:1303.5,60.5:1300.7,61.5:1296.2,62.5:1292.7,63.6:1293.0,64.6:1294.5,65.6:1295.0,66.7:1292.5,67.7:1291.5,68.7:1292.7,69.7:1293.7,70.8:1298.0,71.7:1298.5,72.8:1298.5,73.8:1301.2,74.8:1301.7,75.9:1303.0,76.9:1308.0,84.8:0.0,78.9:1318.7,86.9:0.0,81.0:1331.0,82.0:1338.2,83.0:1342.5,84.0:1348.5,85.1:1353.7,86.1:1360.5,87.0:1372.2,88.1:1382.5,89.1:1391.5,90.2:1396.7,98.1:0.0,99.2:0.0,100.2:0.0,101.2:0.0,102.2:0.0,103.3:0.0,104.3:0.0,98.3:0.0,106.4:0.0,107.4:0.0,108.4:0.0,109.4:0.0,103.4:0.0,111.5:0.0,112.5:0.0,113.5:0.0,114.6:0.0,115.6:0.0,116.6:0.0,117.7:0.0,118.7:0.0,119.7:0.0,120.7:0.0,121.8:0.0,122.8:0.0,123.8:0.0,124.9:0.0,125.9:0.0,126.9:0.0,127.9:0.0,122.2:0.0,130.0:0.0,124.2:1243.5,132.0:0.0,133.1:0.0,134.1:0.0,135.1:0.0,136.2:0.0,137.2:0.0,138.3:0.0,139.3:0.0,140.3:0.0,134.2:0.0,135.3:1617.5,136.3:1612.7,137.4:0.0,138.4:1557.5,139.4:1552.7,140.5:1547.7,141.5:1541.7,142.5:1532.0,143.6:1525.0,144.6:1521.0,145.7:1510.7,146.6:1505.5,147.7:1502.5,148.7:1498.7,149.8:1495.5,150.8:1490.0,151.8:1486.2,152.8:1485.2,153.9:1480.2,155.0:1475.7,155.9:1477.5,157.0:1475.2,158.0:1473.0,159.0:1474.7,160.1:1476.2,161.1:1475.2,162.2:1480.0,163.2:1483.0,164.2:1483.5,165.2:1488.0,166.2:1491.2,167.3:1492.5,168.3:1497.2,169.3:1503.5,170.3:1507.5,171.4:1514.2,172.4:1522.7,173.4:1526.7,174.5:1531.5,175.5:1545.0,176.5:1552.2,177.5:1557.0,178.5:1567.0,179.6:1577.7,180.7:1591.0,181.6:1603.5,182.7:1614.2,183.7:1628.2,184.7:1644.2,192.9:0.0,186.8:1665.2,195.0:0.0,189.2:0.0,197.0:0.0,191.3:0.0,192.2:1202.0,193.3:1197.0,194.4:1192.5,195.4:1187.7,196.4:1182.7,197.5:1176.0,198.5:1168.7,199.5:1167.0,200.6:1166.2,201.5:1165.2,202.7:1160.5,203.7:1158.2,204.7:1156.7,205.8:1153.2,206.9:1153.5,207.9:1155.2,208.9:1155.2,209.9:1154.5,211.0:1154.7,212.0:1155.2,213.0:1157.5,214.0:1158.0,215.1:1160.5,216.1:1180.0,217.1:1196.5,218.2:1196.7,219.2:1200.2,227.0:0.0,220.4:0.0,222.4:0.0,223.4:1152.5,224.4:1140.7,225.4:1129.2,226.5:1121.2,227.6:1113.0,228.6:1104.7,229.6:1097.2,230.6:1090.7,231.7:1085.0,232.8:1077.7,233.8:1070.7,234.8:1064.2,235.9:1057.7,236.9:1054.2,238.0:1050.7,238.9:1046.5,240.0:1043.7,241.0:1041.0,242.1:1038.2,243.1:1035.2,244.2:1031.7,245.2:1030.0,246.2:1028.5,247.2:1026.0,248.2:1026.5,249.3:1025.5,250.3:1023.2,251.3:1024.7,252.3:1026.5,253.4:1026.5,254.4:1027.2,255.4:1029.0,256.5:1032.0,257.4:1034.0,258.5:1036.2,259.5:1038.2,260.6:1041.5,261.5:1044.7,262.6:1048.5,263.2:0.0,271.3:0.0,272.3:0.0,273.3:0.0,274.3:0.0,275.4:0.0,276.4:0.0,277.4:0.0,278.5:0.0,279.5:0.0,280.5:0.0,281.5:0.0,277.0:0.0,283.5:0.0,284.5:0.0,280.0:0.0,281.0:575.7,282.1:573.2,283.3:573.5,284.3:574.0,285.2:577.7,291.7:0.0,287.2:588.7,293.7:0.0,294.8:0.0,295.8:0.0,296.8:0.0,297.9:0.0,298.9:0.0,299.9:0.0,300.9:0.0,302.0:0.0,303.0:0.0,304.0:0.0,305.0:0.0,306.1:0.0,307.2:0.0,308.2:0.0,309.2:0.0,310.2:0.0,311.3:0.0,312.3:0.0,313.3:0.0,314.4:0.0,315.4:0.0,316.4:0.0,317.5:0.0,311.9:0.0,312.8:1076.5,313.9:1067.7,314.9:1059.7,316.0:1051.2,317.0:1044.2,318.0:1039.2,319.1:1033.7,320.2:1026.5,321.1:1020.7,322.2:1016.5,323.3:1011.7,324.3:1007.5,325.2:1003.2,326.2:999.5,327.4:996.2,328.4:993.5,329.4:991.5,330.5:989.5,331.5:987.7,332.5:986.5,333.5:986.2,334.5:985.0,335.6:984.7,336.6:986.2,337.6:986.7,338.6:986.0,339.7:989.5,347.2:0.0,341.8:998.0,342.7:999.0,343.8:995.0,344.8:995.5,345.9:999.2,346.8:1002.0,347.9:1005.2,349.0:1008.2,350.0:1013.0,351.0:1017.7,
353.2:843.7,354.2:848.7,355.2:854.0,356.3:859.5,357.2:864.7,358.3:871.0,359.3:876.5,0.2:883.5,1.3:892.0,2.3:898.0,3.4:904.7,4.4:915.0,5.4:925.0,6.4:933.2,7.4:941.7,8.4:953.2,9.4:966.2,16.9:0.0,18.0:0.0,19.0:0.0,20.0:0.0,21.0:0.0,22.1:0.0,23.1:0.0,24.1:0.0,25.2:0.0,26.2:0.0,27.2:0.0,28.2:0.0,23.2:0.0,24.2:785.2,31.3:0.0,32.4:0.0,33.4:0.0,28.1:0.0,35.4:0.0,36.5:0.0,37.5:0.0,38.5:0.0,39.5:0.0,40.6:0.0,41.6:0.0,42.7:0.0,43.7:0.0,44.7:0.0,45.8:0.0,46.8:0.0,47.8:0.0,48.8:0.0,49.9:0.0,43.9:0.0,51.9:0.0,46.1:1345.7,54.0:0.0,48.1:0.0,49.1:1281.0,50.2:1274.7,51.2:1268.5,52.3:1262.2,53.3:1258.5,54.4:1252.2,55.4:1247.0,56.4:1244.0,57.5:1240.2,58.4:1236.5,59.5:1233.5,60.5:1230.5,61.5:1227.2,62.6:1224.7,63.6:1222.0,64.6:1222.2,65.7:1222.5,66.6:1221.5,67.7:1220.2,68.8:1218.0,69.8:1217.7,70.8:1216.7,71.8:1217.5,72.8:1223.0,80.7:0.0,74.9:1228.7,76.0:1235.0,76.9:1241.5,78.0:1244.2,79.0:1246.7,80.0:1249.0,81.0:1252.2,82.1:1258.7,83.0:1264.2,84.0:1270.7,85.1:1278.7,86.1:1284.2,94.0:0.0,95.0:0.0,96.0:0.0,97.0:0.0,98.1:0.0,99.1:0.0,93.2:0.0,101.1:0.0,95.2:1372.5,103.2:0.0,104.2:0.0,105.2:0.0,106.3:0.0,107.3:0.0,108.3:0.0,109.3:0.0,110.4:0.0,111.4:0.0,112.4:0.0,113.4:0.0,114.4:0.0,115.4:0.0,116.5:0.0,117.5:0.0,118.5:0.0,119.5:0.0,120.5:0.0,121.6:0.0,122.6:0.0,123.6:0.0,124.6:0.0,125.7:0.0,126.7:0.0,127.7:0.0,128.7:0.0,129.7:0.0,130.8:0.0,131.8:0.0,132.8:0.0,126.9:1381.0,128.0:1373.7,129.0:1372.5,130.0:1366.7,131.1:1359.7,139.1:0.0,140.1:0.0,141.1:0.0,142.1:0.0,143.2:0.0,144.2:0.0,145.2:0.0,139.1:0.0,140.1:1767.5,141.2:1742.0,142.2:1720.5,143.2:1715.2,144.2:1707.0,145.3:1699.2,146.3:1692.2,147.4:1683.2,148.4:1677.7,149.4:1675.2,150.4:1670.7,151.4:1664.7,152.5:1661.0,153.5:1660.2,154.5:1659.5,155.6:1660.5,156.7:1656.2,157.7:1653.5,158.7:1654.5,159.7:1655.7,160.8:1659.0,161.8:1656.7,162.8:1658.5,163.8:1662.7,164.8:1666.0,165.9:1671.0,166.9:1678.0,168.0:1683.0,169.0:1686.7,170.0:1693.7,171.0:1698.7,172.0:1709.0,173.0:1718.0,174.1:1724.7,175.2:1736.0,176.2:1745.7,177.1:1754.5,178.2:1762.5,179.2:1774.2,180.2:1788.7,181.3:1802.2,182.2:1816.2,190.5:0.0,191.5:0.0,192.6:0.0,193.6:0.0,194.6:0.0,195.6:0.0,189.7:0.0,190.8:1386.7,191.8:1378.0,192.8:1375.0,193.9:1371.5,194.9:1363.5,196.0:1355.7,196.9:1349.0,198.0:1345.0,199.0:1340.0,200.0:1336.7,201.1:1335.7,202.1:1334.0,203.1:1332.5,204.2:1329.0,205.2:1325.7,206.2:1327.0,207.3:1326.7,208.3:1324.0,209.3:1324.0,217.3:0.0,211.4:1337.0,212.4:1350.5,220.3:0.0,221.4:0.0,215.5:1331.7,216.5:1305.2,217.6:1290.5,218.6:1276.5,219.7:1264.0,220.7:1252.5,221.8:1239.5,222.8:1224.7,223.8:1214.2,224.8:1204.5,225.9:1194.0,227.0:1182.5,228.0:1172.5,229.0:1165.2,230.1:1158.2,231.1:1152.5,232.1:1144.7,233.2:1138.0,234.3:1132.2,235.3:1126.0,236.2:1122.5,237.4:1118.2,238.3:1113.0,239.4:1109.0,240.5:1105.0,241.5:1101.5,242.5:1099.7,243.5:1098.2,244.5:1095.7,245.5:1093.7,246.6:1092.0,247.7:1092.0,248.7:1091.0,249.7:1090.2,250.7:1090.7,251.7:1089.0,259.4:0.0,260.5:0.0,261.5:0.0,262.5:0.0,263.5:0.0,264.6:0.0,265.6:0.0,266.6:0.0,262.3:0.0,263.4:560.0,264.3:559.7,265.3:560.2,266.4:562.0,267.3:564.5,268.4:566.2,269.4:568.7,270.4:574.5,271.3:578.5,272.4:583.2,273.4:588.2,274.3:591.7,275.4:595.7,276.5:601.5,277.4:608.5,283.9:0.0,279.2:619.7,280.2:629.2,287.0:0.0,288.0:0.0,289.0:0.0,290.1:0.0,291.1:0.0,292.1:0.0,293.1:0.0,294.2:0.0,295.2:0.0,296.2:0.0,297.2:0.0,298.2:0.0,299.3:0.0,300.3:0.0,301.3:0.0,302.3:0.0,303.3:0.0,304.4:0.0,305.4:0.0,306.5:0.0,307.5:0.0,308.6:0.0,303.1:0.0,304.2:951.2,305.2:940.0,306.2:931.5,307.2:923.0,308.3:912.7,309.3:902.5,310.3:894.5,311.4:887.7,312.5:880.7,313.5:871.7,314.6:864.7,315.5:860.5,316.6:854.0,317.7:848.5,318.6:844.5,319.7:840.2,320.8:835.7,321.7:830.0,322.8:826.2,324.0:823.0,325.0:819.2,325.9:816.5,327.1:814.5,328.0:811.2,329.0:809.2,330.2:808.5,331.2:805.5,332.1:805.5,333.2:804.7,334.3:804.2,335.3:809.5,342.5:0.0,337.3:816.2,338.3:813.7,339.4:807.0,340.3:805.7,341.4:808.0,342.5:809.7,343.5:812.0,344.6:814.2,345.5:815.2,346.5:818.2,347.6:822.0,348.5:826.0,349.6:830.0,350.6:834.0,351.6:837.2,
353.4:655.0,354.4:659.2,355.5:662.5,356.4:666.0,357.5:672.7,358.6:676.5,359.5:679.5,0.5:686.0,1.5:692.0,2.5:697.5,3.5:704.2,4.5:709.7,5.6:716.7,6.6:724.7,7.6:732.2,8.6:739.7,9.5:747.7,10.5:756.7,11.6:767.2,12.7:780.0,19.8:0.0,20.8:0.0,21.8:0.0,22.9:0.0,23.9:0.0,24.9:0.0,26.0:0.0,27.0:0.0,28.0:0.0,29.0:0.0,30.1:0.0,31.1:0.0,32.1:0.0,33.2:0.0,28.5:0.0,29.7:624.0,30.7:617.0,31.5:615.7,38.3:0.0,39.3:0.0,40.4:0.0,41.4:0.0,36.6:0.0,37.6:671.7,44.5:0.0,45.5:0.0,46.5:0.0,47.6:0.0,48.6:0.0,49.6:0.0,50.7:0.0,51.7:0.0,52.7:0.0,53.7:0.0,54.8:0.0,55.8:0.0,56.8:0.0,57.9:0.0,52.1:0.0,53.1:1215.7,54.2:1200.7,55.3:1176.7,56.2:1170.2,57.2:1167.5,58.4:1164.5,59.3:1160.2,60.4:1156.5,61.4:1155.7,62.4:1155.5,63.4:1151.5,64.4:1149.2,65.5:1150.5,66.5:1148.0,67.5:1147.2,68.5:1147.0,69.6:1147.2,70.6:1149.7,71.6:1150.5,72.6:1151.7,73.7:1154.0,74.7:1156.2,75.7:1159.5,76.7:1161.7,77.7:1163.0,78.8:1166.0,79.8:1169.0,80.9:1175.0,81.8:1180.7,82.9:1184.0,83.8:1190.7,91.7:0.0,85.9:1202.7,93.7:0.0,94.7:0.0,89.0:1222.7,90.0:1239.5,91.0:1246.0,98.9:0.0,99.9:0.0,100.9:0.0,101.9:0.0,103.0:0.0,104.0:0.0,105.0:0.0,106.0:0.0,107.1:0.0,108.1:0.0,109.1:0.0,110.1:0.0,111.2:0.0,112.2:0.0,113.2:0.0,114.2:0.0,115.2:0.0,116.3:0.0,117.3:0.0,118.3:0.0,119.3:0.0,120.4:0.0,121.4:0.0,122.4:0.0,123.4:0.0,124.5:0.0,125.5:0.0,126.5:0.0,127.5:0.0,128.6:0.0,129.6:0.0,130.6:0.0,124.5:0.0,125.6:1639.5,133.7:0.0,127.6:1610.2,128.7:1581.0,129.7:1566.7,137.8:0.0,131.8:1550.0,132.9:1535.0,133.9:1523.0,135.0:1509.5,136.0:1501.7,137.0:1502.5,145.0:0.0,146.1:0.0,147.1:0.0,148.1:0.0,149.1:0.0,142.9:0.0,144.0:1926.7,145.0:1904.2,146.0:1880.7,147.1:1870.2,148.1:1864.0,149.1:1860.0,150.1:1856.7,151.2:1854.0,152.2:1849.7,153.2:1844.2,154.3:1839.5,155.4:1839.2,156.4:1841.2,157.4:1841.2,158.4:1840.0,159.5:1840.2,160.5:1841.5,161.5:1841.7,162.5:1842.5,163.6:1846.0,164.6:1852.2,165.7:1854.5,166.6:1855.2,167.7:1861.7,168.7:1866.7,169.7:1870.0,170.8:1877.7,171.8:1890.7,172.8:1901.2,173.8:1911.0,174.9:1921.0,175.9:1929.7,176.9:1948.7,177.9:1962.2,179.0:1970.2,180.0:1992.7,181.1:2008.2,182.1:2013.7,183.1:2026.0,191.4:0.0,192.5:0.0,186.4:0.0,187.4:1635.7,188.4:1612.0,189.5:1582.7,190.6:1571.5,191.6:1564.7,192.6:1559.0,193.6:1551.5,194.7:1545.0,195.7:1536.5,196.7:1528.7,197.8:1523.2,198.8:1519.5,199.8:1516.5,200.9:1514.0,202.0:1509.5,202.9:1505.2,204.0:1502.5,205.1:1499.2,206.0:1499.2,207.1:1514.5,208.1:1525.5,209.2:1524.7,217.2:0.0,211.2:1503.7,212.3:1468.7,213.3:1448.0,214.3:1432.5,215.4:1412.2,216.4:1390.5,217.5:1374.2,218.5:1358.0,219.6:1341.7,220.7:1328.2,221.7:1315.2,222.7:1301.2,223.7:1289.0,224.7:1278.7,225.8:1268.5,226.9:1258.2,227.9:1250.0,228.9:1239.5,230.0:1229.2,231.0:1220.2,232.0:1211.7,233.1:1205.5,234.1:1199.7,235.2:1195.0,236.2:1190.0,237.2:1183.2,238.3:1177.7,239.3:1174.0,240.3:1169.2,248.1:0.0,249.2:0.0,250.2:0.0,245.7:0.0,246.7:605.0,247.7:604.5,248.7:604.2,249.7:604.2,250.8:603.7,251.7:604.5,252.8:606.0,253.8:606.5,254.9:608.0,256.0:609.5,257.0:611.5,258.0:613.7,258.9:615.7,260.0:618.5,261.1:620.0,262.0:622.2,263.1:625.5,263.9:628.5,265.1:631.2,266.1:635.5,267.0:641.2,268.0:644.7,269.1:648.0,270.0:653.0,271.0:658.2,272.1:662.0,273.2:666.7,274.2:670.7,275.2:677.0,276.0:687.2,283.0:0.0,278.0:698.0,279.1:706.2,286.0:0.0,287.1:0.0,288.1:0.0,289.1:0.0,290.1:0.0,291.2:0.0,292.2:0.0,293.2:0.0,294.2:0.0,289.1:0.0,296.3:0.0,297.3:0.0,298.3:0.0,293.0:0.0,294.2:850.0,295.1:835.0,296.1:821.2,297.3:808.5,298.3:797.0,299.3:785.5,300.5:774.5,301.6:764.5,302.6:755.0,303.6:745.5,304.7:736.7,305.8:727.7,306.8:719.7,307.9:712.2,308.9:705.7,310.0:700.2,311.0:693.0,312.0:685.2,313.1:679.0,314.1:675.0,315.2:671.2,316.2:666.7,317.2:662.5,318.2:658.2,319.2:654.7,320.3:650.5,321.4:647.2,322.5:643.0,323.5:638.7,324.6:637.2,325.6:635.5,326.6:634.7,327.6:635.2,328.6:637.2,335.4:0.0,336.4:0.0,331.6:637.7,332.9:633.2,333.8:629.0,334.7:627.7,335.8:627.0,336.8:626.5,338.0:627.2,338.9:627.7,340.0:628.5,341.0:629.2,342.0:630.2,343.1:630.7,344.1:631.5,345.1:634.0,346.2:635.7,347.1:636.2,348.2:638.2,349.2:641.5,350.3:643.7,351.2:647.0,352.4:650.5,
355.2:379.2,356.1:381.2,357.2:384.2,358.0:387.2,359.1:389.5,0.1:392.0,1.0:395.2,1.9:399.0,2.9:403.5,4.0:406.7,4.9:411.0,6.0:416.0,7.2:420.0,8.1:423.5,9.2:428.0,10.1:432.7,10.9:437.5,12.1:443.5,12.9:450.2,14.2:455.7,15.1:461.5,16.0:469.0,17.0:476.2,18.0:483.5,24.0:0.0,25.0:0.0,26.0:0.0,27.1:0.0,28.1:0.0,29.1:0.0,30.2:0.0,31.2:0.0,32.2:0.0,33.3:0.0,34.3:0.0,35.3:0.0,31.5:0.0,37.4:0.0,38.5:0.0,39.5:0.0,40.5:0.0,36.9:0.0,38.0:435.2,39.3:430.0,40.3:426.0,41.1:422.7,42.2:418.7,43.5:415.0,44.5:411.5,45.3:408.5,46.7:406.2,47.7:403.0,48.9:400.7,49.9:399.7,50.9:397.7,51.7:396.7,52.9:396.7,53.8:398.7,59.2:0.0,60.2:0.0,61.3:0.0,57.4:0.0,63.4:0.0,59.6:0.0,65.4:0.0,66.4:0.0,67.5:0.0,68.5:0.0,69.5:0.0,70.6:0.0,65.0:0.0,72.6:0.0,67.1:1060.2,68.1:1047.0,69.1:1047.0,70.2:1045.5,71.2:1044.5,72.3:1048.0,73.3:1051.2,74.3:1051.2,75.3:1053.0,76.4:1056.2,77.4:1058.7,78.4:1062.0,79.4:1066.5,80.5:1070.2,81.5:1073.7,82.5:1078.2,83.5:1082.5,84.6:1087.2,85.6:1092.2,86.6:1098.0,87.6:1104.7,88.6:1111.2,96.4:0.0,97.4:0.0,98.4:0.0,99.5:0.0,100.5:0.0,101.5:0.0,95.8:0.0,103.6:0.0,104.6:0.0,105.7:0.0,106.7:0.0,107.7:0.0,108.7:0.0,109.8:0.0,110.8:0.0,111.8:0.0,112.9:0.0,113.9:0.0,114.9:0.0,116.0:0.0,117.0:0.0,118.0:0.0,119.0:0.0,120.1:0.0,121.1:0.0,122.1:0.0,123.2:0.0,124.2:0.0,125.2:0.0,126.3:0.0,127.3:0.0,128.3:0.0,129.4:0.0,123.1:0.0,131.4:0.0,132.5:0.0,133.5:0.0,127.3:1916.5,135.5:0.0,129.3:1900.7,137.6:0.0,131.5:1861.5,132.5:1830.5,133.6:1816.5,134.6:1803.5,135.7:1791.2,136.7:1775.0,137.8:1762.0,138.8:1755.5,139.8:1746.2,140.9:1735.5,141.9:1727.5,150.1:0.0,151.1:0.0,152.2:0.0,153.2:0.0,146.9:0.0,147.9:2169.0,149.0:2147.5,157.3:0.0,158.4:0.0,152.1:2124.2,153.1:2117.5,154.2:2110.5,155.3:2101.2,156.3:2101.2,157.3:2104.7,165.7:0.0,159.4:2102.7,160.5:2109.2,161.5:2118.0,162.5:2115.2,163.5:2114.5,164.6:2114.7,165.6:2121.0,166.7:2135.5,167.7:2143.7,168.8:2146.7,169.8:2152.7,170.8:2162.0,171.8:2171.0,172.9:2188.5,181.2:0.0,175.0:2207.5,176.0:2219.0,177.0:2232.7,185.4:0.0,186.4:0.0,187.4:0.0,181.1:2264.0,189.5:0.0,190.5:0.0,191.6:0.0,185.4:0.0,186.4:1903.0,187.5:1880.7,188.5:1865.5,189.6:1851.0,190.5:1844.5,191.6:1834.5,192.7:1821.7,193.7:1811.5,194.7:1800.5,195.8:1792.0,196.8:1787.0,197.9:1781.7,198.9:1775.2,200.0:1771.2,201.0:1770.0,209.2:0.0,203.1:1777.0,204.1:1786.7,212.4:0.0,206.2:0.0,207.3:1708.2,208.3:1680.5,209.4:1656.0,210.4:1628.5,211.5:1604.5,212.5:1582.0,213.6:1560.5,214.7:1538.7,215.7:1518.0,216.7:1498.5,217.8:1476.7,218.8:1460.2,219.9:1446.5,220.9:1432.5,222.0:1418.0,230.0:0.0,231.0:0.0,226.0:0.0,227.0:761.0,228.1:754.5,229.1:750.2,230.2:745.0,231.3:739.7,232.2:737.2,233.2:733.2,234.4:730.2,235.4:727.7,236.4:725.2,237.5:723.0,238.5:720.2,239.5:717.7,240.6:717.2,241.6:716.7,242.6:714.7,243.7:714.2,244.7:714.0,245.7:713.5,246.9:713.0,247.8:713.2,248.9:714.7,249.9:715.0,251.0:714.5,251.9:716.7,253.0:719.2,254.1:719.7,255.1:722.2,256.1:725.0,257.1:726.2,258.2:728.5,259.1:731.7,260.1:736.0,261.2:738.5,262.2:740.0,263.3:745.2,264.3:750.5,265.3:754.2,266.4:759.5,267.2:765.7,268.4:770.2,269.3:773.5,270.4:778.5,271.4:785.2,278.6:0.0,273.6:783.2,274.6:0.0,275.7:0.0,276.6:0.0,277.7:0.0,279.0:0.0,280.1:648.2,281.0:630.7,282.2:613.5,283.3:595.7,284.5:580.2,285.5:567.2,286.5:553.7,287.6:541.0,288.7:530.7,289.8:520.7,290.8:510.5,291.9:500.7,293.1:491.5,294.0:483.5,295.2:475.0,296.3:467.2,297.5:460.2,298.3:453.2,299.7:446.5,300.8:439.7,301.6:434.2,303.1:428.5,304.2:422.7,305.2:418.2,306.2:415.7,307.1:415.7,308.3:417.0,309.0:419.2,314.7:0.0,315.7:0.0,312.6:0.0,313.6:396.2,314.5:389.2,315.9:384.7,316.8:381.7,317.8:379.7,318.8:377.2,320.1:374.2,321.1:372.0,322.2:370.2,322.9:369.0,324.4:367.5,325.0:366.2,326.4:364.5,327.3:363.2,328.3:362.5,329.6:361.5,330.6:360.5,331.2:359.7,332.5:359.5,333.7:358.5,334.6:358.2,335.9:358.5,336.8:358.5,338.0:358.7,338.7:358.7,339.8:359.2,340.6:360.2,342.0:360.5,342.6:361.0,344.0:362.2,344.8:363.2,345.7:364.2,347.0:365.5,348.2:366.7,348.9:368.2,349.9:370.0,351.0:371.5,351.9:373.5,353.1:375.5,354.0:377.5,
352.2:1158.7,353.2:1153.5,354.3:1152.5,355.3:1151.5,356.3:1151.2,357.3:1151.0,358.4:1150.0,359.4:1149.5,0.5:1150.0,1.5:1150.0,2.5:1150.7,3.6:1154.2,4.6:1155.5,5.6:1156.2,6.7:1158.2,7.7:1160.0,8.7:1162.0,9.8:1164.5,10.8:1169.5,11.8:1173.7,12.8:1178.0,13.9:1184.5,14.9:1192.7,16.0:1200.7,23.8:0.0,24.8:0.0,25.8:0.0,26.9:0.0,21.1:1223.7,22.1:1249.2,23.1:1260.5,24.2:1265.7,25.2:1271.7,33.1:0.0,34.1:0.0,35.2:0.0,36.2:0.0,37.2:0.0,38.3:0.0,39.3:0.0,40.3:0.0,41.4:0.0,42.4:0.0,43.5:0.0,44.5:0.0,45.5:0.0,46.6:0.0,47.6:0.0,48.6:0.0,49.7:0.0,50.7:0.0,51.7:0.0,52.8:0.0,53.8:0.0,54.8:0.0,55.9:0.0,56.9:0.0,57.9:0.0,59.0:0.0,60.0:0.0,53.9:0.0,62.1:0.0,56.0:0.0,57.1:1638.0,58.1:1625.2,66.2:0.0,67.2:0.0,61.2:0.0,62.2:1555.5,63.3:1545.0,64.3:1536.2,65.4:1523.7,66.4:1516.0,67.5:1511.2,68.5:1509.0,76.6:0.0,77.6:0.0,78.6:0.0,79.7:0.0,80.7:0.0,74.5:0.0,75.5:1926.2,76.6:1904.2,77.6:1876.5,78.6:1866.7,79.7:1863.2,80.7:1860.0,81.7:1858.2,82.8:1854.0,83.8:1846.2,84.8:1843.7,85.8:1841.0,86.8:1840.7,87.9:1841.5,88.9:1838.7,89.9:1838.0,91.0:1842.2,92.0:1844.0,93.0:1844.2,94.1:1850.0,95.1:1851.2,96.1:1852.0,97.2:1856.5,98.2:1860.2,99.2:1865.0,100.2:1869.5,101.3:1872.7,102.2:1883.0,103.3:1894.2,104.3:1901.0,105.4:1912.0,106.4:1926.2,107.4:1937.2,108.5:1946.5,109.5:1959.7,110.5:1979.5,111.5:1998.0,112.6:2008.0,113.6:2018.2,121.9:0.0,115.6:2043.5,124.0:0.0,117.9:0.0,118.9:1618.7,120.0:1594.5,121.0:1579.5,122.1:1572.5,123.0:1564.7,124.1:1556.0,125.2:1552.0,126.2:1545.0,127.2:1535.7,128.3:1529.0,129.3:1524.2,130.3:1520.7,131.5:1516.2,132.5:1513.7,133.5:1509.0,134.5:1505.5,135.6:1502.5,136.6:1501.7,137.6:1504.2,138.6:1515.0,139.7:1524.2,140.8:1524.5,148.8:0.0,142.9:0.0,143.9:1463.5,144.9:1445.0,146.0:1426.7,147.0:1407.2,148.1:1384.2,149.1:1369.7,150.1:1353.5,151.2:1333.2,152.3:1320.2,153.3:1309.5,154.4:1298.2,155.5:1284.0,156.5:1274.0,157.5:1266.0,158.6:1255.2,159.6:1246.7,160.7:1237.5,161.7:1225.7,162.7:1217.5,163.8:1210.0,164.8:1203.0,165.9:1198.2,166.9:1192.0,168.0:1184.0,169.0:1178.7,170.1:1174.2,171.1:1170.7,172.1:1166.2,179.9:0.0,181.0:0.0,176.4:0.0,177.5:603.5,178.5:603.2,179.6:603.0,180.6:601.2,181.5:601.2,182.6:602.7,183.5:603.0,184.7:603.2,185.6:604.5,186.7:606.5,187.8:608.0,188.7:608.7,189.7:611.0,190.9:614.2,191.7:618.0,192.8:619.5,193.8:622.2,194.9:626.2,195.8:629.2,197.0:633.2,197.9:634.7,199.1:637.5,200.1:643.7,201.0:650.5,202.0:655.5,203.1:658.7,204.1:663.0,205.2:669.5,206.2:676.2,207.2:680.2,208.2:686.7,209.2:696.5,210.1:703.5,217.2:0.0,218.2:0.0,219.2:0.0,220.2:0.0,221.3:0.0,222.3:0.0,217.3:0.0,224.4:0.0,225.4:0.0,226.5:0.0,227.5:0.0,228.5:0.0,229.6:0.0,224.2:0.0,225.4:849.5,226.4:834.5,227.4:820.5,228.6:805.5,229.7:793.0,230.7:784.0,231.7:775.0,232.9:764.5,233.9:752.2,235.0:741.5,236.0:733.7,237.0:725.2,238.1:717.0,239.2:710.0,240.2:704.0,241.3:698.0,242.3:689.7,243.4:683.0,244.3:678.2,245.4:673.2,246.6:667.5,247.6:663.2,248.7:658.7,249.6:654.7,250.7:651.5,251.7:647.2,252.7:644.0,253.8:640.5,254.8:637.5,255.9:635.2,256.9:633.2,258.0:631.5,259.1:630.7,260.0:633.0,266.8:0.0,267.8:0.0,263.1:635.5,264.1:631.7,265.2:627.2,266.2:626.0,267.3:624.5,268.3:623.5,269.5:622.7,270.5:624.2,271.3:626.0,272.4:626.0,273.5:626.7,274.6:626.7,275.5:628.5,276.5:631.5,277.5:633.2,278.6:635.7,279.5:637.7,280.4:639.5,281.5:641.5,282.5:643.7,283.6:647.0,284.6:652.7,285.6:657.2,286.5:659.5,287.5:663.2,288.7:669.2,289.7:675.7,290.7:680.0,291.7:683.7,292.7:689.0,293.6:695.7,294.6:703.2,295.7:710.0,296.8:716.5,297.7:724.0,298.7:731.5,299.7:737.2,300.9:746.0,301.9:757.0,302.9:767.0,303.9:779.2,311.1:0.0,312.1:0.0,313.1:0.0,314.2:0.0,315.2:0.0,316.2:0.0,317.2:0.0,318.3:0.0,319.3:0.0,320.3:0.0,321.4:0.0,322.4:0.0,323.4:0.0,324.5:0.0,325.5:0.0,320.8:0.0,322.0:616.7,323.1:613.0,329.6:0.0,330.7:0.0,331.7:0.0,332.8:0.0,328.0:0.0,329.0:667.2,335.9:0.0,336.9:0.0,338.0:0.0,339.0:0.0,340.0:0.0,341.1:0.0,342.1:0.0,343.1:0.0,344.2:0.0,345.2:0.0,346.2:0.0,347.3:0.0,348.3:0.0,349.3:0.0,350.4:0.0,344.6:0.0,345.7:1195.5,346.7:1178.0,347.8:1173.0,348.8:1168.2,349.8:1164.5,350.9:1161.2,
352.4:870.0,353.5:866.5,354.4:863.0,355.5:863.5,356.5:863.5,357.5:862.7,358.6:863.5,359.6:862.5,0.7:862.5,1.8:863.0,2.7:864.2,3.7:866.2,4.8:868.7,5.9:869.0,6.9:870.7,7.9:872.5,9.0:873.5,10.0:876.2,11.0:878.7,12.1:881.2,13.1:884.7,14.1:889.0,15.1:893.5,16.1:897.5,17.2:901.2,18.2:906.7,19.2:914.0,20.3:919.7,27.7:0.0,22.3:931.0,23.3:945.2,24.3:953.0,25.4:959.2,26.4:965.7,34.0:0.0,35.0:0.0,36.0:0.0,30.5:0.0,31.6:1020.5,39.2:0.0,40.2:0.0,41.2:0.0,42.3:0.0,43.3:0.0,44.4:0.0,45.4:0.0,46.4:0.0,47.5:0.0,48.5:0.0,49.5:0.0,50.6:0.0,51.6:0.0,52.7:0.0,53.7:0.0,54.7:0.0,55.8:0.0,56.8:0.0,57.8:0.0,58.9:0.0,59.9:0.0,61.0:0.0,54.9:0.0,63.0:0.0,57.0:0.0,65.1:0.0,59.0:0.0,60.0:1589.0,61.0:1571.0,62.1:1556.2,63.1:1544.7,64.2:1536.7,65.2:1525.2,66.3:1511.7,67.3:1500.2,68.3:1488.0,69.4:1477.7,70.4:1468.7,78.5:0.0,79.5:0.0,73.6:1445.7,74.6:1423.7,75.7:1418.5,76.7:1416.5,77.7:1414.0,85.7:0.0,86.8:0.0,87.8:0.0,88.8:0.0,82.6:0.0,83.6:1875.2,84.7:1859.2,85.7:1842.5,86.7:1842.5,87.8:1841.2,88.8:1839.2,89.8:1839.5,90.9:1842.5,91.9:1843.5,92.9:1839.7,94.0:1840.5,95.0:1846.7,96.0:1853.0,97.0:1856.2,98.1:1859.5,99.1:1865.0,100.1:1868.7,101.2:1872.5,102.2:1884.0,103.2:1900.7,104.3:1913.0,105.3:1916.2,106.3:1923.7,107.4:1937.2,108.4:1951.7,109.4:1964.0,110.5:1974.0,111.5:1992.0,112.5:2007.5,113.5:2018.2,114.6:2034.0,115.6:2052.7,116.6:2069.2,125.0:0.0,126.0:0.0,127.0:0.0,128.1:0.0,129.1:0.0,130.1:0.0,131.2:0.0,125.0:0.0,126.1:1802.2,127.1:1784.7,128.1:1762.2,129.2:1755.7,130.2:1753.0,131.3:1749.2,132.3:1743.0,133.3:1735.7,134.4:1734.2,135.4:1733.2,136.5:1728.0,137.5:1727.2,138.5:1725.7,139.6:1722.0,140.6:1723.2,141.6:1724.0,142.7:1724.7,143.7:1731.0,144.7:1747.0,145.7:1763.5,154.0:0.0,155.0:0.0,148.9:0.0,150.0:1698.7,151.0:1679.5,152.1:1661.0,153.0:1646.7,154.2:1636.0,155.2:1621.2,156.2:1605.2,157.3:1591.2,158.3:1576.2,159.4:1562.5,160.4:1551.7,161.5:1539.2,162.5:1529.0,163.5:1523.0,164.5:1514.2,165.6:1503.7,166.6:1496.7,167.7:1488.7,168.7:1480.7,169.8:1475.0,170.9:1468.0,171.9:1463.5,172.9:1459.7,174.0:1457.0,182.0:0.0,183.0:0.0,177.7:0.0,178.7:895.0,179.7:892.7,180.7:893.0,181.8:893.7,182.9:892.5,183.8:893.0,184.9:896.0,186.0:898.7,187.0:902.7,188.0:906.7,189.1:908.7,190.1:912.0,191.1:915.0,192.1:917.7,193.1:922.7,194.2:928.7,195.2:933.7,196.2:938.0,197.3:941.7,198.4:947.5,199.3:954.0,200.3:960.2,201.4:967.7,202.5:976.0,210.0:0.0,204.5:987.0,212.1:0.0,206.5:1006.2,207.6:1023.5,208.6:1031.7,216.2:0.0,217.2:0.0,218.3:0.0,219.3:0.0,213.7:1048.0,214.8:1046.2,215.8:1020.7,216.9:997.0,218.0:974.5,219.1:952.5,220.2:932.5,221.2:913.7,222.3:895.0,223.4:879.7,224.4:864.0,225.5:848.5,226.6:835.7,227.7:821.2,228.6:807.7,229.7:797.2,230.8:786.7,231.8:777.5,232.8:767.0,233.9:756.2,235.0:745.7,236.1:739.7,237.1:739.5,238.0:742.2,239.1:736.0,240.3:718.5,241.4:706.0,242.5:699.0,243.4:692.2,244.5:685.7,245.6:680.2,246.5:676.2,247.7:672.2,248.7:667.2,249.8:662.7,250.7:659.5,251.8:656.0,252.9:652.7,253.9:650.0,255.0:646.2,256.0:642.5,257.1:640.5,258.1:639.2,259.2:637.0,260.2:635.5,261.2:635.0,262.2:634.2,263.2:633.7,264.4:633.2,265.4:633.0,266.5:632.2,267.4:631.5,268.4:632.5,269.6:633.2,270.6:634.0,271.5:634.2,272.7:634.5,273.5:635.2,274.7:636.2,275.7:637.2,276.7:639.0,277.6:641.2,278.6:643.2,279.7:645.7,280.8:649.7,281.7:654.0,282.8:659.5,289.6:0.0,290.6:0.0,291.6:0.0,292.7:0.0,293.7:0.0,294.7:0.0,295.8:0.0,296.8:0.0,297.8:0.0,298.9:0.0,299.9:0.0,300.9:0.0,302.0:0.0,298.5:0.0,299.4:416.7,300.7:415.7,306.2:0.0,307.2:0.0,308.2:0.0,309.3:0.0,310.3:0.0,311.3:0.0,312.4:0.0,308.6:0.0,310.0:438.5,315.5:0.0,316.5:0.0,317.5:0.0,318.6:0.0,319.6:0.0,320.6:0.0,321.7:0.0,322.7:0.0,323.7:0.0,324.8:0.0,325.8:0.0,326.9:0.0,327.9:0.0,328.9:0.0,330.0:0.0,331.0:0.0,332.0:0.0,333.1:0.0,334.1:0.0,335.1:0.0,336.2:0.0,337.2:0.0,338.2:0.0,339.3:0.0,340.3:0.0,341.3:0.0,342.4:0.0,343.4:0.0,338.0:0.0,339.1:945.5,340.1:943.5,341.1:0.0,342.2:899.0,343.2:894.7,344.3:892.5,345.3:886.5,346.4:881.7,347.4:879.7,348.5:876.7,349.5:873.5,350.6:871.2,351.7:869.2,
353.3:672.2,354.3:671.0,355.4:669.5,356.5:670.7,357.4:670.7,358.5:669.7,359.6:669.2,0.7:668.2,1.7:669.7,2.7:670.7,3.8:671.0,4.8:671.7,5.8:673.0,6.7:673.7,7.8:675.0,8.8:678.2,10.0:680.0,10.9:681.7,12.0:682.7,12.9:685.0,14.0:688.2,15.0:689.7,16.0:692.7,17.1:697.5,18.2:699.7,19.2:703.0,20.2:710.0,21.3:714.5,22.3:718.0,29.3:0.0,24.3:731.2,31.3:0.0,26.4:745.2,33.4:0.0,34.5:0.0,35.5:0.0,36.5:0.0,37.6:0.0,32.4:0.0,39.6:0.0,34.5:810.7,41.7:0.0,42.8:0.0,43.8:0.0,44.8:0.0,45.9:0.0,46.9:0.0,48.0:0.0,49.0:0.0,50.0:0.0,51.1:0.0,52.1:0.0,53.2:0.0,54.2:0.0,55.2:0.0,56.3:0.0,57.3:0.0,58.3:0.0,59.4:0.0,60.4:0.0,61.5:0.0,62.5:0.0,63.5:0.0,64.6:0.0,65.6:0.0,66.6:0.0,67.7:0.0,68.7:0.0,69.8:0.0,70.8:0.0,64.8:0.0,65.8:1522.7,66.8:1508.0,67.9:1500.5,68.9:1491.7,77.0:0.0,78.0:0.0,79.1:0.0,80.1:0.0,81.2:0.0,75.2:0.0,76.3:1420.0,77.3:1412.2,78.4:1404.7,79.4:1403.7,80.4:1399.7,81.5:1394.2,82.5:1394.2,83.5:1393.7,84.5:1392.2,85.5:1392.0,86.6:1390.5,94.6:0.0,95.6:0.0,89.4:0.0,97.7:0.0,91.5:1852.0,92.5:1841.5,93.5:1843.0,94.6:1845.7,95.6:1848.7,96.7:1851.0,97.7:1856.7,98.7:1862.5,99.8:1871.2,100.8:1878.0,101.8:1877.5,102.9:1884.7,103.9:1899.2,104.9:1910.0,105.9:1920.7,107.0:1931.7,108.0:1945.7,109.1:1957.2,110.1:1964.5,111.1:1979.7,112.1:2000.7,113.2:2016.0,114.2:2029.5,115.2:2043.7,116.2:2059.0,117.3:2075.5,125.6:0.0,126.7:0.0,127.7:0.0,128.7:0.0,129.7:0.0,130.8:0.0,131.8:0.0,132.9:0.0,133.9:0.0,134.9:0.0,136.0:0.0,137.0:0.0,130.8:0.0,131.9:1910.0,132.9:1889.2,133.9:1888.7,135.0:1881.5,136.1:1877.5,137.1:1875.2,138.1:1870.7,139.1:1872.7,140.2:1876.7,141.2:1874.0,142.3:1873.7,143.3:1876.5,144.3:1879.5,145.3:1882.5,146.4:1885.7,147.4:1895.5,148.5:1913.5,149.5:1930.7,157.8:0.0,151.6:1917.0,152.6:1888.5,153.7:1870.2,154.8:1853.5,155.8:1835.7,156.9:1817.2,157.9:1796.5,159.0:1778.5,160.0:1767.0,161.1:1756.7,162.1:1741.7,163.1:1731.7,164.2:1725.0,165.2:1716.2,166.3:1705.2,167.3:1693.2,168.4:1684.2,169.4:1678.5,170.5:1673.5,171.5:1668.0,172.5:1663.0,173.6:1657.7,174.6:1654.2,182.8:0.0,183.8:0.0,178.2:0.0,179.3:1086.0,180.3:1083.2,181.3:1082.5,182.4:1084.2,183.3:1087.0,184.4:1087.0,185.4:1089.0,186.5:1092.2,187.5:1093.0,188.5:1096.2,189.6:1100.0,190.6:1102.7,191.6:1110.0,192.7:1115.2,193.7:1120.5,194.7:1127.5,195.7:1132.0,196.8:1141.0,197.8:1148.0,198.8:1152.2,199.9:1160.7,200.9:1172.0,201.9:1181.5,203.0:1189.2,210.8:0.0,211.8:0.0,212.9:0.0,213.9:0.0,208.1:0.0,209.2:0.0,210.3:0.0,211.4:1151.0,212.4:0.0,213.5:1087.7,214.6:1062.0,215.7:1035.5,216.7:1010.5,217.8:988.5,218.9:965.7,219.9:943.5,221.0:926.2,222.0:908.7,223.2:891.7,224.3:875.0,225.2:862.5,226.4:858.0,227.3:860.0,228.5:0.0,229.6:812.7,230.6:799.5,231.6:788.2,232.7:779.0,233.7:769.7,235.0:760.5,236.0:751.0,237.0:743.2,238.0:734.2,239.1:724.7,240.2:718.5,241.2:713.2,242.3:706.7,243.4:700.7,244.4:695.0,245.5:688.5,246.5:683.5,247.5:679.0,248.5:674.7,249.6:670.5,250.7:666.7,251.7:664.5,252.8:661.0,253.8:657.2,254.8:654.5,256.0:651.7,256.9:649.0,257.9:647.2,259.1:645.2,260.1:643.0,261.2:641.2,262.1:639.5,263.2:638.5,264.2:638.5,265.3:639.7,266.2:643.5,267.3:652.7,274.1:0.0,271.3:0.0,272.2:357.0,273.5:353.2,274.4:353.2,275.7:354.0,276.7:354.7,277.6:355.5,278.4:356.2,279.5:356.5,280.3:358.7,285.4:0.0,286.5:0.0,287.5:0.0,284.9:0.0,286.1:344.2,287.2:344.5,288.2:345.7,288.6:347.7,289.8:349.7,290.7:352.5,291.8:354.7,296.8:0.0,294.0:359.5,294.7:363.7,299.9:0.0,300.9:0.0,298.1:369.2,303.0:0.0,300.0:376.5,305.1:0.0,306.2:0.0,307.2:0.0,308.2:0.0,309.3:0.0,310.3:0.0,311.4:0.0,312.4:0.0,313.4:0.0,314.5:0.0,315.5:0.0,316.5:0.0,317.6:0.0,318.6:0.0,319.7:0.0,320.7:0.0,321.7:0.0,322.8:0.0,323.8:0.0,324.8:0.0,325.9:0.0,326.9:0.0,327.9:0.0,329.0:0.0,330.0:0.0,331.1:0.0,332.1:0.0,333.1:0.0,334.2:0.0,335.2:0.0,330.4:0.0,337.3:0.0,338.3:0.0,333.3:0.0,334.2:767.2,335.4:763.7,342.5:0.0,337.5:0.0,338.6:712.0,339.6:707.2,340.6:704.2,341.7:700.0,342.9:697.2,343.9:692.7,344.9:688.5,345.9:686.5,347.1:685.0,348.1:681.5,349.0:678.2,350.2:676.7,351.3:676.0,352.2:674.2,
352.1:1586.5,353.1:1564.0,354.2:1549.0,355.2:1540.2,356.2:1530.7,357.3:1514.0,358.3:1500.5,359.4:1488.2,0.4:1480.0,1.5:1472.2,9.5:0.0,10.5:0.0,4.6:1458.7,5.6:1446.0,13.7:0.0,14.7:0.0,15.7:0.0,16.8:0.0,10.6:0.0,11.7:1892.5,12.7:1889.2,13.7:1873.0,14.7:1854.5,15.8:1847.7,16.8:1843.0,17.9:1842.5,18.9:1841.5,19.9:1842.2,21.0:1841.2,22.0:1838.2,23.1:1839.0,24.1:1841.2,25.1:1843.5,26.1:1847.2,27.2:1851.2,28.2:1853.0,29.2:1857.2,30.3:1864.5,31.3:1871.5,32.4:1875.2,33.4:1878.5,34.4:1891.2,35.5:1901.7,36.5:1915.2,37.6:1928.7,38.6:1935.2,39.6:1951.7,40.7:1966.5,41.7:1973.7,42.7:1986.5,43.8:2004.5,44.8:2017.5,53.1:0.0,54.2:0.0,47.9:2049.5,56.2:0.0,57.3:0.0,58.3:0.0,59.3:0.0,60.4:0.0,54.2:0.0,55.3:1746.2,56.3:1719.2,57.4:1698.5,58.4:1693.0,59.4:1685.7,60.4:1680.2,61.5:1674.0,62.5:1669.7,63.6:1665.7,64.5:1659.2,65.6:1654.5,66.7:1651.5,67.7:1649.0,68.7:1649.2,69.7:1648.7,70.8:1647.0,71.8:1648.0,72.8:1650.2,73.9:1664.5,74.9:1678.5,75.9:1678.2,84.1:0.0,78.0:1656.7,79.1:1630.7,80.1:1613.2,81.1:1591.2,82.2:1573.2,83.3:1556.7,84.3:1540.0,85.3:1524.5,86.4:1512.0,87.5:1497.5,88.5:1481.0,89.5:1467.2,90.6:1458.0,91.6:1448.7,92.7:1438.5,93.7:1432.2,94.7:1425.0,95.8:1413.2,96.8:1403.0,97.9:1394.2,98.9:1387.2,99.9:1382.2,101.0:1375.7,102.0:1368.0,103.0:1362.7,104.1:1360.5,112.0:0.0,113.1:0.0,108.0:0.0,109.0:799.5,110.0:798.7,111.0:798.0,112.2:798.5,113.2:798.7,114.1:798.7,115.2:799.0,116.3:799.5,117.2:801.5,118.3:804.2,119.3:808.5,120.4:810.0,121.3:812.0,122.3:817.5,123.5:820.5,124.4:823.7,125.4:826.7,126.4:829.7,127.5:833.2,128.6:838.7,129.5:845.7,130.6:851.0,131.6:857.5,132.7:863.7,133.7:868.7,141.1:0.0,135.7:880.7,143.1:0.0,137.7:897.5,145.2:0.0,146.2:0.0,147.3:0.0,148.3:0.0,149.4:0.0,150.4:0.0,151.4:0.0,152.5:0.0,146.9:0.0,148.0:0.0,149.0:975.2,150.1:952.5,151.2:930.7,152.3:913.0,153.4:894.7,154.4:876.5,155.5:861.2,156.6:847.5,157.7:831.5,158.7:817.2,159.8:806.5,160.9:793.7,162.0:782.5,163.0:772.0,164.0:761.5,165.2:752.2,166.1:743.7,167.2:735.5,168.2:726.0,169.4:717.5,170.4:710.0,171.5:704.0,172.5:698.7,173.6:693.2,174.7:690.7,175.7:693.2,176.6:702.5,177.9:0.0,178.9:670.5,179.9:663.7,180.9:658.7,182.0:653.5,183.1:650.0,184.1:647.7,185.1:645.0,186.2:641.0,187.2:637.5,188.4:636.2,189.3:634.7,190.4:633.2,191.5:632.0,192.4:630.0,193.6:629.0,194.6:627.5,195.7:626.5,196.5:627.0,197.6:626.7,198.8:626.5,199.7:626.7,200.9:625.7,201.9:626.5,202.9:627.7,203.8:628.5,204.9:629.7,206.1:630.7,207.0:632.7,208.1:634.5,209.0:635.7,210.2:637.7,211.1:639.0,212.1:641.0,213.2:645.5,214.1:649.0,215.3:652.5,216.2:656.7,217.2:660.0,218.3:663.7,219.4:667.7,220.3:672.0,221.3:678.5,222.4:690.2,229.3:0.0,230.4:0.0,231.4:0.0,232.4:0.0,233.5:0.0,234.5:0.0,235.5:0.0,236.6:0.0,237.6:0.0,238.6:0.0,239.7:0.0,240.7:0.0,241.7:0.0,242.8:0.0,243.8:0.0,240.2:0.0,240.9:467.0,246.9:0.0,248.0:0.0,249.0:0.0,250.0:0.0,251.1:0.0,252.1:0.0,247.9:0.0,254.2:0.0,255.2:0.0,256.2:0.0,257.3:0.0,258.3:0.0,259.4:0.0,260.4:0.0,261.4:0.0,262.5:0.0,263.5:0.0,264.6:0.0,265.6:0.0,266.6:0.0,267.7:0.0,268.7:0.0,269.7:0.0,270.8:0.0,271.8:0.0,272.8:0.0,273.9:0.0,274.9:0.0,276.0:0.0,277.0:0.0,271.5:0.0,272.5:1032.0,280.1:0.0,274.6:0.0,275.5:990.0,276.6:984.7,277.6:980.7,278.7:977.7,279.7:973.7,280.8:970.0,281.7:965.2,282.9:962.5,283.8:963.7,284.9:963.2,286.0:959.7,286.9:956.5,288.0:956.0,289.1:956.7,290.0:956.5,291.0:957.0,292.2:958.5,293.2:959.2,294.2:959.0,295.2:961.5,296.3:964.5,297.3:965.7,298.3:967.7,299.4:969.7,300.4:972.0,301.5:974.0,302.5:976.0,303.5:979.0,304.6:982.2,305.7:986.7,306.6:994.0,307.7:1001.2,308.7:1005.7,309.7:1011.5,310.7:1021.5,311.8:1029.5,312.8:1034.7,313.8:1042.0,321.5:0.0,322.5:0.0,317.0:1060.5,317.9:1078.7,325.6:0.0,320.0:1091.2,327.7:0.0,328.7:0.0,329.8:0.0,330.8:0.0,331.8:0.0,332.9:0.0,333.9:0.0,335.0:0.0,336.0:0.0,337.0:0.0,338.1:0.0,339.1:0.0,340.1:0.0,341.2:0.0,342.2:0.0,343.3:0.0,344.3:0.0,345.3:0.0,346.4:0.0,347.4:0.0,348.4:0.0,349.5:0.0,350.5:0.0,351.5:0.0,352.6:0.0,346.5:0.0,347.6:1651.2,348.6:1631.2,349.7:1614.2,350.8:1599.2,
352.6:1363.0,0.6:0.0,1.6:0.0,2.6:0.0,3.7:0.0,357.8:0.0,358.8:1295.7,0.0:1284.2,0.9:1274.7,2.0:1268.5,3.1:1260.5,4.0:1254.5,12.0:0.0,6.2:1249.5,7.2:1246.5,15.1:0.0,16.1:0.0,17.1:0.0,18.2:0.0,12.1:0.0,13.1:1697.0,14.2:1694.7,15.2:1678.2,16.2:1661.5,17.3:1660.7,18.3:1657.0,19.3:1658.5,20.4:1659.5,21.4:1658.0,22.4:1658.0,23.5:1656.5,24.5:1660.5,25.6:1664.7,26.6:1667.5,27.6:1673.2,28.7:1676.5,29.7:1683.7,30.7:1688.7,31.8:1690.7,32.8:1695.5,33.8:1703.2,34.9:1715.5,36.0:1721.5,37.0:1731.7,38.0:1743.0,39.1:1748.2,40.1:1756.7,41.1:1768.2,42.1:1781.2,43.2:1795.2,44.2:1807.7,45.2:1822.0,46.2:1836.7,54.5:0.0,48.3:1865.5,49.4:1889.5,57.6:0.0,58.7:0.0,59.7:0.0,53.5:0.0,61.8:0.0,62.8:0.0,63.9:0.0,64.9:0.0,66.0:0.0,59.8:0.0,60.9:1637.5,61.9:1620.5,63.0:1601.2,64.0:1597.0,65.0:1594.2,66.1:1592.2,67.1:1591.2,68.1:1591.5,69.2:1593.0,70.3:1593.0,71.2:1590.5,72.3:1588.0,73.3:1590.0,74.4:1591.5,75.4:1592.5,76.4:1596.0,77.5:1599.0,78.5:1598.7,79.6:1599.7,80.6:1621.0,81.6:1643.0,82.7:1648.7,83.1:0.0,84.7:0.0,85.7:1608.7,86.8:1593.2,87.8:1579.2,88.9:1566.0,89.9:1553.0,91.0:1539.5,92.0:1528.2,93.1:1518.5,94.1:1507.7,95.1:1499.5,96.1:1491.2,97.2:1480.5,98.2:1471.0,99.2:1465.0,100.3:1459.7,101.3:1455.2,102.4:1450.5,103.4:1445.7,104.5:1444.2,105.5:1439.2,106.5:1433.7,107.5:1432.5,108.6:1430.2,109.6:1425.0,110.6:1423.5,111.7:1426.0,112.7:1426.0,113.7:1430.0,121.7:0.0,122.8:0.0,123.8:0.0,124.9:0.0,119.5:0.0,120.5:884.7,121.6:886.2,122.7:887.5,123.6:890.0,124.7:894.7,125.7:898.2,126.8:901.0,127.7:907.0,128.8:913.5,129.7:917.5,130.8:924.7,138.4:0.0,133.0:935.0,134.0:944.2,135.1:950.5,136.1:956.7,137.0:965.7,144.6:0.0,145.6:0.0,140.1:0.0,141.2:1010.7,148.7:0.0,143.1:1027.2,150.8:0.0,151.8:0.0,152.9:0.0,153.9:0.0,155.0:0.0,156.0:0.0,157.0:0.0,158.1:0.0,152.3:0.0,153.5:1153.5,154.5:1132.0,155.6:1112.2,156.7:1090.5,157.7:1072.2,158.8:1058.0,159.8:1042.0,160.9:1026.5,162.0:1011.2,163.0:996.5,164.1:984.7,165.1:973.2,166.2:960.0,167.3:946.5,168.2:936.5,169.3:927.7,170.3:917.7,171.5:910.2,172.4:902.0,173.5:892.7,174.7:886.5,175.6:883.7,176.7:889.2,177.8:886.0,178.7:868.0,179.8:855.5,180.8:849.7,181.9:845.0,183.0:840.0,184.0:835.7,185.1:832.0,186.0:828.5,187.1:824.5,188.1:820.7,189.2:819.0,190.3:817.0,191.2:815.2,192.3:814.0,193.4:811.7,194.5:809.7,195.5:809.5,196.4:808.0,197.5:807.2,198.5:808.0,199.6:807.7,200.6:808.5,201.7:809.7,202.7:809.7,203.7:810.2,204.8:811.0,205.8:812.2,206.8:815.7,207.8:818.0,208.8:820.7,209.9:824.0,211.0:826.2,212.0:831.2,213.0:839.2,220.3:0.0,221.4:0.0,222.4:0.0,223.4:0.0,224.5:0.0,225.5:0.0,226.5:0.0,227.6:0.0,223.1:0.0,224.1:591.2,225.1:586.7,226.1:590.7,227.2:596.0,228.2:601.2,229.3:606.5,235.9:0.0,231.2:606.5,232.4:604.0,233.5:606.0,234.4:609.7,235.4:614.2,236.5:624.0,243.1:0.0,244.2:0.0,245.2:0.0,246.2:0.0,247.3:0.0,248.3:0.0,249.4:0.0,250.4:0.0,251.4:0.0,252.5:0.0,253.5:0.0,254.5:0.0,255.6:0.0,256.6:0.0,257.7:0.0,258.7:0.0,259.7:0.0,260.8:0.0,261.8:0.0,262.8:0.0,263.9:0.0,264.9:0.0,265.9:0.0,267.0:0.0,261.4:0.0,262.4:1031.7,270.1:0.0,271.1:0.0,265.6:0.0,266.7:965.0,267.8:958.7,268.8:951.0,269.9:945.2,270.9:940.5,272.0:934.0,273.0:927.0,274.0:924.2,275.1:921.0,276.0:915.0,277.0:910.7,278.0:908.0,279.1:905.2,280.2:904.0,281.2:900.7,282.3:896.5,283.3:894.5,284.3:894.5,285.4:894.0,286.4:891.5,287.4:889.0,288.4:888.0,289.5:887.2,290.5:886.0,291.6:885.0,292.6:885.0,293.6:886.7,294.5:888.7,295.6:890.2,296.7:891.0,297.7:894.7,298.7:897.7,299.9:899.5,300.9:905.7,302.0:910.2,303.0:913.5,304.0:918.2,305.0:921.2,306.1:925.2,307.1:930.5,308.1:935.2,309.0:940.7,310.1:946.7,311.2:951.5,312.2:955.5,313.2:961.2,314.3:970.0,321.8:0.0,322.8:0.0,323.8:0.0,318.4:0.0,319.3:1021.2,320.4:1028.7,328.0:0.0,329.0:0.0,330.1:0.0,331.2:0.0,325.5:0.0,333.2:0.0,334.3:0.0,335.3:0.0,336.3:0.0,337.4:0.0,338.4:0.0,339.5:0.0,340.5:0.0,341.5:0.0,342.6:0.0,343.6:0.0,344.6:0.0,345.7:0.0,346.7:0.0,347.7:0.0,348.8:0.0,349.8:0.0,350.9:0.0,351.9:0.0,352.9:0.0,354.0:0.0,355.0:0.0,356.1:0.0,350.1:0.0,351.2:1377.0,
359.4:0.0,0.4:0.0,1.5:0.0,2.5:0.0,356.9:0.0,357.9:1104.0,359.0:1096.0,0.0:1088.7,1.0:1084.7,2.0:1079.5,3.1:1073.0,4.2:1066.7,5.2:1062.2,6.3:1061.5,7.2:1058.2,14.9:0.0,16.0:0.0,17.0:0.0,18.1:0.0,19.1:0.0,20.1:0.0,14.1:0.0,15.2:1516.5,16.2:1504.2,17.2:1486.0,18.3:1480.2,19.3:1481.0,20.4:1479.5,21.4:1478.2,22.4:1479.2,23.5:1481.7,24.5:1484.5,25.5:1484.2,26.5:1487.2,27.6:1489.0,28.6:1490.5,29.7:1497.7,30.7:1502.7,31.7:1508.0,32.7:1515.0,33.8:1520.0,34.9:1524.5,35.9:1528.7,36.9:1537.5,37.9:1550.0,39.0:1556.5,40.0:1562.2,41.1:1572.0,42.1:1584.5,43.1:1596.7,44.1:1605.2,45.1:1618.2,46.2:1635.2,47.2:1650.0,48.2:1666.5,49.3:1680.5,57.5:0.0,51.3:1708.0,59.5:0.0,60.6:0.0,61.6:0.0,62.6:0.0,63.7:0.0,64.7:0.0,65.8:0.0,66.7:0.0,67.8:0.0,68.8:0.0,69.8:0.0,70.9:0.0,71.9:0.0,65.9:0.0,66.9:1563.2,67.9:1547.2,69.0:1530.0,70.0:1527.0,71.1:1526.2,72.1:1530.2,73.1:1530.5,74.2:1531.0,75.2:1533.2,76.2:1533.2,77.3:1534.7,78.3:1541.2,79.3:1549.2,80.3:1549.7,81.4:1551.7,82.4:1558.7,83.4:1565.2,84.5:1573.2,85.5:1577.0,86.5:1580.0,87.5:1603.5,88.6:1624.7,96.7:0.0,97.8:0.0,91.7:1617.2,92.7:1603.5,93.7:1593.7,94.8:1584.7,95.8:1572.5,96.9:1562.7,97.9:1555.7,99.0:1549.2,100.0:1543.0,101.1:1537.7,102.1:1530.2,103.1:1524.2,104.2:1522.0,105.2:1517.7,106.2:1511.2,107.2:1506.7,108.2:1507.7,109.3:1504.7,110.3:1501.0,111.3:1501.5,112.4:1501.5,113.4:1501.5,114.5:1503.0,115.5:1504.5,116.5:1507.0,117.5:1508.0,118.6:1509.7,126.6:0.0,127.7:0.0,128.7:0.0,129.7:0.0,130.7:0.0,131.8:0.0,126.3:0.0,133.9:0.0,128.4:0.0,129.4:998.5,130.4:1000.7,131.5:1005.0,132.6:1009.7,133.5:1015.0,134.6:1024.0,135.6:1034.7,136.6:1039.7,144.2:0.0,145.3:0.0,146.3:0.0,147.3:0.0,141.7:0.0,149.4:0.0,150.5:0.0,151.5:0.0,152.5:0.0,153.5:0.0,154.6:0.0,155.6:0.0,156.7:0.0,157.7:0.0,158.7:0.0,159.8:0.0,160.8:0.0,161.8:0.0,156.0:0.0,157.0:1328.0,158.0:1304.7,159.1:1284.5,160.2:1264.2,161.3:1245.5,162.2:1230.5,163.3:1214.2,164.4:1195.2,165.4:1180.0,166.5:1168.0,167.6:1154.2,168.6:1141.2,169.6:1128.0,170.6:1117.7,171.7:1108.2,172.8:1097.2,173.9:1087.7,174.9:1078.2,175.8:1073.5,176.9:1080.0,178.0:1073.0,179.0:1054.0,180.1:1045.7,181.1:1040.5,182.2:1034.7,183.3:1028.2,184.2:1021.5,185.3:1017.0,186.3:1014.0,187.4:1011.5,188.4:1009.5,189.5:1003.7,190.5:1000.0,191.5:999.7,192.6:997.2,193.6:995.2,194.6:994.7,195.7:993.5,196.8:991.5,197.7:991.5,198.8:991.7,199.8:990.0,200.9:991.0,201.9:994.0,202.9:996.7,204.0:997.5,205.1:997.5,206.1:1002.0,207.1:1014.5,214.7:0.0,215.7:0.0,216.7:0.0,217.8:0.0,212.8:0.0,213.8:737.0,214.9:739.5,215.8:743.2,217.0:747.7,224.0:0.0,219.0:743.5,220.0:739.2,221.0:741.5,222.0:744.5,223.1:749.5,224.0:755.7,225.2:763.2,226.2:769.5,227.2:773.0,228.2:779.7,235.3:0.0,230.2:792.2,231.2:801.7,232.2:808.2,233.2:818.0,240.5:0.0,241.5:0.0,242.6:0.0,243.6:0.0,244.7:0.0,245.7:0.0,246.7:0.0,247.7:0.0,248.8:0.0,249.8:0.0,250.9:0.0,251.9:0.0,252.9:0.0,254.0:0.0,255.0:0.0,249.4:0.0,257.1:0.0,251.5:0.0,259.2:0.0,260.2:0.0,261.2:0.0,262.3:0.0,263.3:0.0,257.9:0.0,265.4:0.0,266.4:0.0,267.4:0.0,268.5:0.0,263.1:0.0,264.1:905.2,265.2:898.2,266.2:891.7,267.2:884.5,268.4:878.7,269.4:874.7,270.4:869.2,271.5:861.7,272.5:856.0,273.6:853.0,274.6:847.7,275.7:842.7,276.6:839.7,277.7:835.5,278.7:830.5,279.7:828.7,280.7:827.0,281.7:824.2,282.9:823.0,283.9:821.2,284.9:819.7,286.0:819.7,287.0:820.2,288.0:820.7,289.0:820.2,290.0:820.7,291.0:822.2,292.1:823.5,293.2:824.5,294.2:825.7,295.3:826.5,296.3:826.5,297.3:828.7,298.2:830.7,299.3:832.5,300.5:830.2,301.5:833.2,302.5:841.7,303.4:845.2,304.5:849.7,305.5:854.7,306.6:858.7,307.5:862.2,308.5:868.7,309.7:874.2,310.6:879.2,311.7:885.7,312.6:892.2,313.7:899.5,314.7:907.7,315.8:914.5,323.2:0.0,324.2:0.0,325.3:0.0,326.3:0.0,327.3:0.0,328.4:0.0,329.4:0.0,330.5:0.0,331.5:0.0,326.0:0.0,333.6:0.0,334.6:0.0,335.6:0.0,336.7:0.0,337.7:0.0,338.7:0.0,339.8:0.0,340.8:0.0,341.8:0.0,342.9:0.0,343.9:0.0,345.0:0.0,346.0:0.0,347.0:0.0,348.1:0.0,349.1:0.0,350.1:0.0,351.2:0.0,352.2:0.0,353.2:0.0,354.3:0.0,355.3:0.0,349.7:0.0,350.7:1178.2,358.5:0.0,
359.4:0.0,0.4:0.0,355.2:835.7,356.3:822.0,357.3:815.2,358.4:807.7,359.4:802.0,0.4:797.7,1.6:793.7,2.6:789.5,3.5:785.5,4.7:781.0,5.7:778.0,6.7:776.0,7.7:774.0,8.9:770.0,9.9:768.0,10.8:770.5,12.0:770.7,19.0:0.0,20.1:0.0,21.1:0.0,22.1:0.0,23.2:0.0,24.2:0.0,18.4:0.0,26.3:0.0,20.6:1214.2,21.6:1199.2,22.6:1198.0,23.7:1199.2,24.6:1201.0,25.7:1201.7,26.7:1203.2,27.7:1205.7,28.8:1208.0,29.9:1209.2,30.9:1213.2,31.9:1221.5,32.9:1226.7,34.0:1232.2,41.8:0.0,36.0:1243.0,37.1:1251.5,38.1:1258.7,39.1:1265.5,40.2:1269.2,41.2:1277.2,42.2:1288.5,50.1:0.0,51.2:0.0,52.2:0.0,53.2:0.0,54.3:0.0,55.3:0.0,49.4:0.0,57.4:0.0,58.4:0.0,59.5:0.0,60.5:0.0,61.5:0.0,62.6:0.0,63.6:0.0,64.6:0.0,65.7:0.0,66.7:0.0,67.7:0.0,68.7:0.0,69.8:0.0,70.8:0.0,71.8:0.0,72.9:0.0,73.9:0.0,75.0:0.0,76.0:0.0,77.0:0.0,78.1:0.0,79.1:0.0,80.1:0.0,81.2:0.0,82.2:0.0,76.2:0.0,77.3:1470.0,85.3:0.0,79.3:1463.5,87.4:0.0,81.4:1459.0,82.4:1464.2,83.4:1469.7,84.5:1477.2,85.5:1484.0,86.5:1491.2,87.5:1500.0,88.6:1506.2,89.6:1512.5,90.6:1527.0,91.6:1538.5,92.6:1543.5,93.7:1552.5,94.7:1562.7,95.7:1570.2,103.8:0.0,97.8:0.0,98.8:1644.5,106.9:0.0,108.0:0.0,101.9:1650.5,102.9:1649.0,104.0:1643.2,105.0:1639.2,106.0:1638.0,107.0:1634.2,108.1:1629.2,109.1:1626.5,110.2:1624.0,111.2:1625.2,112.2:1627.5,113.2:1625.7,114.3:1624.5,115.3:1627.0,116.3:1628.5,117.3:1630.7,118.4:1635.0,119.4:1638.2,120.5:1644.0,121.5:1647.5,122.5:1650.0,123.5:1653.7,124.5:1658.0,125.6:1664.5,126.6:1671.5,127.7:1677.7,135.8:0.0,136.8:0.0,137.9:0.0,139.0:0.0,140.0:0.0,141.0:0.0,142.1:0.0,143.1:0.0,144.1:0.0,145.2:0.0,139.5:0.0,147.2:0.0,148.3:0.0,149.3:0.0,150.3:0.0,151.4:0.0,152.4:0.0,153.4:0.0,154.5:0.0,155.5:0.0,156.5:0.0,157.6:0.0,158.6:0.0,159.6:0.0,160.7:0.0,161.7:0.0,162.8:0.0,163.8:0.0,164.9:0.0,165.9:0.0,159.9:0.0,160.9:1606.2,161.9:1586.0,162.9:1564.5,164.0:1545.5,165.1:1526.0,166.1:1505.2,167.2:1485.0,168.2:1468.0,169.2:1453.0,170.3:1438.0,171.3:1426.2,172.4:1413.2,173.5:1396.5,174.5:1381.7,175.5:1371.2,176.6:1367.7,177.6:1380.2,178.7:0.0,179.7:1336.0,180.7:1326.0,181.7:1318.5,182.7:1313.2,183.8:1308.5,184.9:1301.7,185.9:1296.7,186.9:1290.5,187.9:1283.7,189.0:1281.0,190.0:1279.0,191.1:1276.0,192.0:1274.2,193.1:1272.2,194.1:1270.7,195.2:1269.2,196.2:1266.0,197.2:1264.0,198.2:1266.0,199.3:1268.2,200.3:1273.2,208.2:0.0,202.7:0.0,203.8:1002.7,204.9:995.5,205.9:995.0,213.5:0.0,208.0:987.5,209.1:980.7,210.1:983.7,211.1:986.7,212.1:990.2,213.2:995.0,214.2:998.5,215.3:1001.5,216.2:1005.2,217.3:1008.2,218.4:1012.7,219.3:1019.7,220.4:1026.7,221.4:1033.2,222.5:1039.7,223.4:1044.7,231.1:0.0,232.1:0.0,226.5:1062.0,227.6:1081.2,228.5:1092.0,229.5:1100.7,237.3:0.0,238.3:0.0,239.4:0.0,233.6:0.0,241.4:0.0,242.5:0.0,243.5:0.0,244.5:0.0,245.6:0.0,246.6:0.0,247.6:0.0,248.7:0.0,249.7:0.0,250.7:0.0,251.8:0.0,252.8:0.0,253.8:0.0,254.9:0.0,255.9:0.0,256.9:0.0,258.0:0.0,259.0:0.0,260.0:0.0,261.1:0.0,262.1:0.0,263.1:0.0,264.2:0.0,259.0:0.0,260.0:818.2,261.0:809.7,262.1:802.0,263.2:794.7,264.2:789.2,265.3:785.0,266.4:779.7,267.4:774.2,268.4:771.2,269.4:768.0,270.5:762.0,271.5:759.0,272.5:755.5,273.7:748.2,274.6:744.7,275.7:743.2,276.7:737.7,277.7:734.0,278.6:732.0,279.7:727.7,280.8:725.7,281.8:725.0,282.8:723.7,283.9:724.0,284.8:723.7,286.0:722.2,287.0:721.5,288.0:722.0,289.1:722.5,290.1:722.5,291.1:722.2,292.2:722.5,293.2:723.0,294.2:724.2,295.2:727.7,296.3:728.2,297.2:728.5,298.2:730.5,299.3:731.7,300.4:733.2,301.5:736.0,302.4:740.5,303.5:745.2,304.6:748.2,305.5:752.2,306.6:756.7,307.5:760.7,308.7:765.0,309.7:767.5,310.7:771.5,311.7:776.0,312.7:783.0,313.8:791.0,314.7:796.0,315.8:803.5,316.9:810.0,324.0:0.0,325.1:0.0,326.1:0.0,327.1:0.0,328.2:0.0,329.2:0.0,330.3:0.0,331.3:0.0,332.3:0.0,333.4:0.0,334.4:0.0,335.4:0.0,336.5:0.0,337.5:0.0,338.5:0.0,339.6:0.0,340.6:0.0,341.6:0.0,336.0:0.0,343.7:0.0,344.7:0.0,345.8:0.0,346.8:0.0,347.9:0.0,348.9:0.0,349.9:0.0,351.0:0.0,345.5:0.0,346.7:901.7,354.1:0.0,355.1:0.0,349.8:0.0,350.9:860.5,351.8:852.5,
353.8:539.5,0.1:0.0,356.0:532.0,357.0:525.2,358.1:522.5,358.9:518.5,0.1:514.7,1.0:511.2,2.3:507.2,3.3:504.7,4.3:502.0,5.5:499.5,6.4:496.2,7.5:494.2,8.7:493.5,9.7:491.5,10.5:489.2,11.6:488.2,12.8:488.0,13.9:487.5,14.8:485.2,16.0:485.0,16.9:487.5,17.7:489.5,19.0:491.2,25.0:0.0,26.0:0.0,27.0:0.0,28.1:0.0,29.1:0.0,30.2:0.0,24.7:0.0,32.2:0.0,26.8:951.2,27.8:941.2,28.9:942.7,29.9:945.5,30.9:949.7,32.0:953.5,33.0:956.7,34.0:960.0,35.1:962.5,36.1:966.0,37.1:973.2,38.1:979.2,39.2:983.5,40.2:990.0,41.2:996.2,42.2:1002.7,43.3:1009.5,44.3:1018.7,45.3:1027.2,46.3:1032.7,54.0:0.0,55.0:0.0,56.1:0.0,57.1:0.0,51.5:0.0,59.2:0.0,60.2:0.0,61.2:0.0,62.3:0.0,63.3:0.0,64.4:0.0,65.4:0.0,66.4:0.0,67.4:0.0,68.5:0.0,69.5:0.0,70.5:0.0,71.5:0.0,72.6:0.0,73.6:0.0,74.7:0.0,75.7:0.0,76.7:0.0,77.8:0.0,78.8:0.0,79.8:0.0,80.9:0.0,81.9:0.0,82.9:0.0,84.0:0.0,85.0:0.0,86.0:0.0,87.1:0.0,80.9:0.0,89.1:0.0,90.1:0.0,91.2:0.0,92.2:0.0,93.2:0.0,87.2:0.0,95.3:0.0,96.3:0.0,90.4:1420.5,98.4:0.0,99.4:0.0,100.5:0.0,101.5:0.0,102.5:0.0,96.5:0.0,97.5:1508.2,98.6:1521.2,99.6:1533.7,100.6:1542.2,108.7:0.0,109.8:0.0,110.8:0.0,104.7:0.0,105.7:1629.2,106.7:1659.7,114.9:0.0,116.0:0.0,117.0:0.0,110.8:1706.7,111.9:1732.5,112.9:1732.2,113.9:1735.2,115.0:1737.0,116.0:1734.7,117.0:1739.2,118.1:1742.5,119.1:1742.5,120.1:1746.5,121.1:1755.0,122.2:1759.7,123.2:1763.5,124.3:1769.7,125.3:1776.2,126.3:1784.0,127.3:1795.7,128.4:1807.7,129.4:1819.7,130.4:1830.5,131.4:1840.7,132.5:1855.2,133.5:1867.0,134.5:1879.0,142.8:0.0,143.8:0.0,144.8:0.0,145.9:0.0,146.9:0.0,147.9:0.0,149.0:0.0,150.0:0.0,151.0:0.0,152.1:0.0,146.1:0.0,154.1:0.0,155.2:0.0,156.2:0.0,157.2:0.0,158.2:0.0,159.3:0.0,160.3:0.0,161.4:0.0,162.5:0.0,163.5:0.0,164.5:0.0,165.6:0.0,166.6:0.0,167.6:0.0,168.7:0.0,162.5:0.0,163.5:1890.5,164.6:1869.0,165.6:1842.7,166.7:1818.0,167.7:1799.5,168.7:1781.5,169.7:1759.7,170.8:1739.2,171.8:1724.2,172.9:1707.0,174.0:1691.2,175.0:1677.5,176.1:1663.5,177.1:1661.5,178.1:1652.0,179.2:1636.5,180.2:1626.7,181.2:1618.0,182.3:1611.5,183.3:1603.5,184.4:1595.5,185.4:1587.0,186.4:1579.7,187.5:1574.7,188.5:1569.2,189.6:1562.0,190.6:1558.2,191.7:1556.0,192.7:1552.5,193.8:1549.2,194.8:1545.7,195.8:1543.7,196.8:1558.0,198.1:0.0,199.2:1253.0,200.2:1255.7,201.2:1243.7,202.2:1232.7,203.3:1237.0,204.4:1240.0,205.4:1241.7,206.4:1242.2,207.4:1242.7,208.5:1246.0,209.5:1247.2,210.5:1249.2,211.6:1253.0,212.6:1257.0,213.7:1262.5,214.7:1266.0,215.7:1273.0,216.8:1282.7,217.7:1289.0,218.8:1296.2,226.7:0.0,227.8:0.0,228.8:0.0,229.8:0.0,223.9:0.0,225.0:1390.5,233.0:0.0,234.0:0.0,235.0:0.0,236.0:0.0,237.1:0.0,238.1:0.0,239.1:0.0,240.2:0.0,241.2:0.0,242.2:0.0,243.3:0.0,244.3:0.0,245.4:0.0,246.4:0.0,247.4:0.0,248.5:0.0,249.5:0.0,250.5:0.0,251.6:0.0,252.6:0.0,253.6:0.0,254.7:0.0,255.7:0.0,256.7:0.0,257.8:0.0,258.8:0.0,259.9:0.0,260.9:0.0,261.9:0.0,263.0:0.0,264.0:0.0,259.0:0.0,260.2:706.5,261.2:700.0,262.2:695.2,263.3:690.2,264.3:682.5,265.5:677.0,266.5:673.7,267.5:669.7,268.5:665.0,269.7:660.2,270.6:658.0,271.7:655.2,272.7:650.5,273.8:646.2,274.9:643.5,275.8:640.7,276.9:637.5,277.8:634.5,279.0:633.0,279.9:630.7,281.0:628.7,282.1:628.5,283.2:627.5,284.2:626.0,285.2:624.7,286.1:624.5,287.3:624.2,288.3:624.0,289.2:623.5,290.3:622.7,291.2:623.0,292.5:623.0,293.4:624.0,294.5:626.5,295.6:627.0,296.5:627.5,297.5:629.7,298.5:631.7,299.5:633.0,300.7:634.5,301.6:638.2,302.6:642.0,303.8:644.2,304.7:647.2,305.7:650.7,306.8:654.5,307.8:658.5,308.7:661.5,309.9:663.5,311.0:667.5,311.8:673.5,313.0:678.7,313.9:686.5,315.0:693.2,315.9:698.0,317.0:703.0,324.0:0.0,325.0:0.0,326.0:0.0,327.1:0.0,328.1:0.0,323.0:0.0,330.2:0.0,331.2:0.0,326.0:0.0,333.3:0.0,334.3:0.0,335.3:0.0,336.4:0.0,337.4:0.0,338.4:0.0,339.5:0.0,340.5:0.0,341.5:0.0,342.6:0.0,343.6:0.0,344.7:0.0,345.7:0.0,346.7:0.0,347.7:0.0,343.3:0.0,344.2:598.2,350.9:0.0,351.9:0.0,352.9:0.0,354.0:0.0,355.0:0.0,350.7:0.0,351.9:547.7,352.9:545.0,
356.1:327.7,356.8:324.5,358.0:321.7,359.4:319.7,0.4:318.0,1.0:315.7,2.2:312.7,3.4:311.2,4.8:310.7,5.6:308.5,6.4:306.7,7.6:306.2,8.5:305.0,10.0:303.5,10.5:302.2,11.5:301.0,13.0:299.7,13.8:298.7,15.4:298.5,16.0:297.7,17.3:297.7,18.1:298.2,19.0:298.2,20.0:297.2,21.5:297.2,22.0:297.7,23.1:297.7,24.6:298.2,24.8:299.5,26.2:300.5,27.1:301.5,28.4:303.2,29.2:305.2,33.3:0.0,34.3:0.0,35.3:0.0,36.3:0.0,37.4:0.0,38.4:0.0,39.4:0.0,40.4:0.0,41.5:0.0,42.6:0.0,37.5:0.0,38.4:787.7,39.4:790.5,40.5:795.7,41.5:803.0,42.6:809.7,43.6:813.7,44.5:819.5,45.6:826.2,46.6:834.0,47.6:841.5,48.7:847.2,56.0:0.0,50.6:859.7,58.0:0.0,59.0:0.0,60.1:0.0,54.6:0.0,62.1:0.0,63.2:0.0,64.2:0.0,65.2:0.0,66.2:0.0,67.2:0.0,68.2:0.0,62.7:0.0,70.3:0.0,71.3:0.0,72.4:0.0,73.4:0.0,74.4:0.0,75.4:0.0,76.5:0.0,77.5:0.0,78.5:0.0,79.5:0.0,80.6:0.0,81.6:0.0,82.6:0.0,83.7:0.0,84.7:0.0,85.7:0.0,86.7:0.0,87.8:0.0,88.8:0.0,89.8:0.0,90.8:0.0,91.8:0.0,92.8:0.0,86.6:0.0,94.9:0.0,95.9:0.0,96.9:0.0,98.0:0.0,99.0:0.0,100.0:0.0,94.0:0.0,102.0:0.0,103.1:0.0,104.1:0.0,105.1:0.0,106.2:0.0,107.2:0.0,108.2:0.0,102.2:0.0,103.2:1524.0,111.3:0.0,112.3:0.0,113.3:0.0,114.3:0.0,115.4:0.0,109.2:0.0,117.4:0.0,118.4:0.0,119.5:0.0,120.5:0.0,114.3:0.0,114.9:0.0,116.4:0.0,117.4:1826.5,118.4:1827.2,119.4:1832.0,120.5:1837.7,121.5:1842.2,122.5:1847.5,123.5:1854.2,124.5:1862.7,125.6:1869.7,126.6:1875.7,127.6:1883.5,128.6:1893.5,129.6:1903.0,130.7:1911.7,131.7:1922.5,132.7:1936.5,133.7:1950.5,134.8:1966.5,135.8:1979.7,136.8:1990.0,137.8:2007.2,138.9:2028.2,147.2:0.0,148.2:0.0,149.2:0.0,150.2:0.0,151.3:0.0,152.3:0.0,153.3:0.0,154.4:0.0,148.3:0.0,149.3:1621.2,150.3:1609.0,158.5:0.0,159.5:0.0,160.5:0.0,161.5:0.0,162.6:0.0,163.7:0.0,164.7:0.0,165.7:0.0,166.7:0.0,167.8:0.0,168.8:0.0,169.8:0.0,170.9:0.0,164.6:0.0,165.6:2068.5,166.7:2043.0,167.7:2017.0,168.7:1997.0,169.8:1981.0,170.8:1962.2,171.8:1941.5,172.9:1920.5,173.9:1903.7,174.9:1891.2,176.0:1877.2,177.0:1867.7,178.0:1869.5,179.0:1851.5,180.0:1824.7,181.1:1814.2,182.1:1804.7,183.1:1798.7,184.2:1787.0,185.2:1778.2,186.2:1771.2,187.3:1763.7,188.3:1759.0,189.3:1753.0,190.4:1748.0,191.4:1744.0,192.4:1741.2,193.5:1739.0,194.5:1740.0,195.7:0.0,196.7:1438.2,204.7:0.0,198.7:1424.0,199.8:1412.0,200.8:1413.5,201.8:1414.0,202.8:1412.5,203.9:1411.2,205.0:1414.0,206.0:1417.5,207.1:1418.7,208.1:1422.0,209.1:1427.7,210.1:1437.0,218.2:0.0,219.2:0.0,220.2:0.0,214.2:1454.2,215.3:1470.5,216.3:1477.7,217.3:1485.0,225.4:0.0,219.3:0.0,220.4:1542.2,228.4:0.0,229.5:0.0,230.5:0.0,231.5:0.0,232.6:0.0,233.6:0.0,234.6:0.0,235.6:0.0,236.7:0.0,237.7:0.0,238.7:0.0,239.7:0.0,240.8:0.0,241.8:0.0,242.8:0.0,243.8:0.0,244.9:0.0,245.9:0.0,246.9:0.0,248.0:0.0,249.0:0.0,250.0:0.0,251.0:0.0,252.1:0.0,253.1:0.0,254.1:0.0,255.2:0.0,256.2:0.0,251.3:0.0,258.2:0.0,259.2:0.0,260.3:0.0,261.3:0.0,262.3:0.0,263.4:0.0,258.6:0.0,259.8:640.7,260.8:631.2,261.8:624.2,262.8:619.2,264.0:612.7,265.0:607.5,266.1:603.7,267.1:598.2,268.0:593.7,269.1:590.7,270.1:587.2,271.1:584.2,272.4:580.7,273.3:577.2,274.4:574.7,275.3:573.0,276.4:570.2,277.4:567.7,278.3:565.7,279.4:563.5,280.5:563.0,281.4:561.5,282.4:559.7,283.5:559.0,284.6:558.7,285.7:557.2,286.5:556.7,287.5:556.2,288.6:556.7,289.6:558.0,290.8:557.7,291.8:557.2,292.7:558.0,293.9:559.5,294.9:559.7,295.8:560.5,296.9:562.2,297.9:563.7,298.9:566.5,299.9:567.7,300.9:569.7,302.1:573.0,302.9:575.0,303.9:577.5,305.2:580.5,306.2:582.7,307.0:584.2,308.1:586.2,309.2:591.0,310.0:595.7,311.2:600.7,317.7:0.0,313.0:0.0,314.1:648.7,315.0:652.2,316.1:656.2,322.9:0.0,323.9:0.0,324.9:0.0,326.0:0.0,327.0:0.0,328.0:0.0,329.0:0.0,330.1:0.0,331.1:0.0,332.1:0.0,333.2:0.0,334.2:0.0,335.2:0.0,336.2:0.0,337.3:0.0,338.3:0.0,339.3:0.0,340.4:0.0,341.4:0.0,342.4:0.0,343.5:0.0,344.5:0.0,345.5:0.0,346.5:0.0,347.5:0.0,348.6:0.0,349.6:0.0,350.6:0.0,351.7:0.0,352.7:0.0,353.7:0.0,354.8:0.0,352.4:0.0,353.3:333.5,354.3:330.0,
353.0:1030.5,354.0:1031.7,355.0:1036.0,356.1:1037.5,357.1:1040.2,358.2:1045.0,359.2:1049.5,0.1:1054.7,1.1:1058.0,2.2:1063.2,3.2:1068.0,4.2:1074.0,5.3:1080.5,6.2:1085.2,7.3:1094.0,8.3:1102.2,9.3:1107.2,17.1:0.0,18.1:0.0,19.1:0.0,20.2:0.0,21.2:0.0,15.4:0.0,16.5:1181.7,24.3:0.0,25.3:0.0,26.3:0.0,27.4:0.0,28.4:0.0,29.4:0.0,30.4:0.0,31.5:0.0,32.5:0.0,33.5:0.0,34.6:0.0,35.6:0.0,36.6:0.0,37.6:0.0,38.7:0.0,39.7:0.0,40.7:0.0,41.8:0.0,42.8:0.0,43.9:0.0,44.9:0.0,45.9:0.0,47.0:0.0,48.0:0.0,49.0:0.0,50.0:0.0,43.8:0.0,52.1:0.0,53.1:0.0,54.2:0.0,55.2:0.0,56.2:0.0,57.2:0.0,58.3:0.0,52.3:0.0,60.3:0.0,61.4:0.0,55.4:1439.5,56.4:1459.7,64.5:0.0,58.4:1473.7,59.5:1488.0,60.5:1500.7,61.5:1514.7,62.5:1527.7,70.6:0.0,64.6:1544.0,65.6:1558.5,73.7:0.0,74.7:0.0,68.6:0.0,69.6:0.0,70.6:1686.2,78.8:0.0,79.8:0.0,73.7:1698.7,74.7:1703.5,75.7:1697.7,76.8:1695.2,77.8:1696.7,78.9:1697.2,79.9:1698.5,80.9:1701.0,82.0:1703.2,82.9:1703.0,84.0:1706.0,85.0:1707.5,86.0:1711.0,87.0:1718.2,88.0:1723.2,89.1:1727.2,90.1:1731.7,91.1:1742.5,92.1:1751.0,93.1:1757.5,94.2:1765.2,95.2:1773.2,96.2:1782.7,97.2:1794.2,98.2:1812.0,106.5:0.0,107.5:0.0,108.5:0.0,109.6:0.0,110.6:0.0,111.6:0.0,112.7:0.0,113.7:0.0,107.7:0.0,115.7:0.0,109.8:1376.5,117.7:0.0,118.8:0.0,119.8:0.0,120.8:0.0,121.9:0.0,122.9:0.0,123.9:0.0,124.9:0.0,126.0:0.0,127.0:0.0,128.0:0.0,129.0:0.0,130.0:0.0,131.1:0.0,132.1:0.0,133.1:0.0,127.0:0.0,128.0:1805.7,129.0:1782.5,130.1:1754.2,131.1:1731.0,132.1:1711.0,133.2:1691.0,134.2:1673.7,135.3:1658.5,136.3:1642.5,137.3:1625.0,138.4:1612.0,139.4:1598.0,140.4:1583.5,141.5:1571.0,142.5:1566.7,143.5:1564.0,144.6:1547.2,145.6:1530.0,146.6:1522.2,147.6:1515.5,148.7:1505.5,149.7:1497.2,150.8:1491.7,151.7:1484.0,152.8:1478.0,153.8:1474.7,155.0:1469.7,156.0:1464.0,157.0:1459.7,158.0:1455.0,159.0:1451.5,160.1:1451.2,161.1:1453.2,162.2:1451.7,163.2:1452.2,171.2:0.0,165.5:0.0,166.5:1166.7,167.5:1167.5,175.3:0.0,169.7:1157.5,170.7:1147.5,171.7:1147.7,172.7:1150.5,173.7:1155.0,174.7:1157.0,175.8:1159.5,176.8:1161.0,177.8:1164.5,178.9:1170.2,179.9:1176.2,180.8:1183.2,181.9:1189.7,182.9:1196.0,183.9:1200.7,191.8:0.0,192.8:0.0,193.8:0.0,194.9:0.0,195.9:0.0,196.9:0.0,197.9:0.0,199.0:0.0,200.0:0.0,201.0:0.0,202.1:0.0,203.1:0.0,204.1:0.0,205.1:0.0,206.2:0.0,207.2:0.0,208.2:0.0,209.2:0.0,210.3:0.0,211.4:0.0,212.4:0.0,213.4:0.0,214.5:0.0,215.5:0.0,216.5:0.0,217.5:0.0,218.6:0.0,219.6:0.0,220.6:0.0,221.7:0.0,222.7:0.0,223.7:0.0,218.6:0.0,225.8:0.0,226.8:0.0,227.8:0.0,222.7:0.0,229.9:0.0,230.9:0.0,225.9:756.0,233.0:0.0,234.0:0.0,229.0:0.0,230.2:712.2,231.2:708.5,232.1:705.2,233.3:701.2,234.3:696.7,235.3:692.2,236.2:688.7,237.4:685.7,238.3:682.0,239.5:680.0,240.6:678.5,241.5:674.2,242.5:670.7,243.6:669.2,244.6:666.0,245.6:663.0,246.8:662.2,247.6:661.5,248.7:660.5,249.7:659.2,250.9:657.7,251.9:656.0,253.0:653.5,253.9:652.7,255.0:653.0,256.1:653.7,257.0:655.5,258.1:656.0,259.1:655.5,260.1:656.2,261.0:659.0,262.1:660.0,263.1:660.2,264.1:662.5,265.2:665.2,266.2:668.2,267.2:669.7,268.4:672.5,269.2:675.0,270.3:677.2,271.4:681.2,272.3:685.2,273.4:689.5,274.4:692.7,275.4:696.5,276.3:701.7,277.3:706.7,278.4:710.7,279.4:717.5,280.4:727.0,281.3:735.2,282.3:742.7,289.4:0.0,290.5:0.0,285.3:755.0,286.4:766.7,293.5:0.0,294.6:0.0,295.6:0.0,296.6:0.0,297.6:0.0,298.7:0.0,299.7:0.0,300.7:0.0,301.7:0.0,302.8:0.0,303.8:0.0,304.8:0.0,305.8:0.0,306.9:0.0,308.0:0.0,309.0:0.0,310.0:0.0,311.0:0.0,312.1:0.0,313.1:0.0,314.1:0.0,309.2:0.0,310.2:706.2,317.2:0.0,312.4:693.2,313.4:679.2,314.5:671.0,315.5:664.5,316.6:657.7,317.5:650.7,318.7:646.7,319.7:641.0,320.8:634.7,321.7:629.7,322.8:624.0,324.0:619.5,325.0:615.7,326.1:611.7,327.1:606.5,328.2:601.7,329.0:598.7,330.2:596.2,331.2:592.5,332.2:589.7,333.3:588.2,334.4:587.5,335.5:586.0,336.3:583.7,337.5:583.0,338.4:582.0,339.6:581.5,340.5:581.5,341.5:584.0,348.1:0.0,349.1:0.0,350.1:0.0,351.2:0.0,352.2:0.0,346.6:0.0,347.7:1056.2,348.8:1051.7,349.8:1039.5,350.8:1027.5,351.8:1027.0,
353.0:843.7,354.0:845.7,355.1:847.2,356.2:850.2,357.1:852.5,358.2:853.5,359.2:858.0,0.2:863.7,1.2:868.0,2.3:872.5,3.3:874.7,4.2:880.0,5.4:886.2,6.4:890.0,7.4:895.2,8.4:900.5,9.4:906.5,10.4:914.0,11.4:921.2,18.9:0.0,20.0:0.0,14.5:938.7,15.5:956.2,16.6:964.2,24.1:0.0,25.1:0.0,26.2:0.0,20.6:0.0,21.7:1025.2,29.2:0.0,30.3:0.0,31.3:0.0,32.4:0.0,33.4:0.0,34.4:0.0,35.5:0.0,36.5:0.0,37.5:0.0,38.5:0.0,39.6:0.0,40.6:0.0,41.7:0.0,42.8:0.0,43.8:0.0,44.8:0.0,45.9:0.0,46.9:0.0,47.9:0.0,49.0:0.0,50.0:0.0,51.1:0.0,52.1:0.0,53.1:0.0,54.2:0.0,55.2:0.0,56.2:0.0,57.3:0.0,58.3:0.0,59.3:0.0,60.4:0.0,61.4:0.0,62.5:0.0,63.5:0.0,64.5:0.0,58.6:0.0,66.5:0.0,67.6:0.0,68.6:0.0,69.6:0.0,63.7:1344.5,64.7:1370.2,65.8:1382.2,73.8:0.0,74.8:0.0,75.8:0.0,76.9:0.0,77.9:0.0,78.9:0.0,80.0:0.0,81.0:0.0,82.0:0.0,83.1:0.0,77.0:0.0,85.1:0.0,86.2:0.0,80.1:1650.2,81.1:1666.2,82.1:1664.5,83.1:1665.7,84.2:1667.5,85.2:1668.7,86.2:1673.2,87.3:1678.7,88.3:1685.0,89.3:1688.5,90.3:1691.7,91.4:1700.5,92.3:1712.2,93.4:1721.5,94.4:1726.7,95.5:1735.0,96.5:1746.5,97.5:1757.2,98.5:1767.0,99.6:1778.2,100.5:1792.0,101.6:1808.0,102.6:1825.5,103.6:1841.5,104.7:1858.5,112.9:0.0,114.0:0.0,115.0:0.0,116.0:0.0,117.0:0.0,118.0:0.0,119.1:0.0,120.1:0.0,121.1:0.0,115.2:0.0,123.2:0.0,117.2:1450.2,125.2:0.0,126.3:0.0,127.3:0.0,128.3:0.0,129.4:0.0,130.4:0.0,131.4:0.0,132.5:0.0,133.5:0.0,134.5:0.0,135.6:0.0,136.6:0.0,137.6:0.0,138.7:0.0,132.5:0.0,133.5:1917.7,134.5:1895.5,135.6:1877.0,136.7:1856.7,137.7:1834.5,138.7:1817.2,139.7:1802.5,140.8:1792.0,141.9:1778.7,142.9:1760.2,143.9:1744.0,145.0:1732.2,146.0:1723.7,147.0:1728.7,148.1:1718.7,149.1:1696.7,150.1:1690.0,151.2:1680.7,152.2:1673.2,153.2:1668.5,154.3:1662.2,155.4:1656.2,156.4:1651.5,157.5:1646.7,158.5:1645.5,159.5:1644.7,160.6:1643.7,161.6:1643.5,162.7:1642.0,163.7:1640.2,164.7:1642.0,165.7:1651.5,166.9:0.0,168.0:1353.7,169.0:1348.5,170.0:1353.7,171.1:1348.2,172.1:1337.7,173.2:1339.2,174.2:1342.5,175.2:1343.7,176.2:1348.7,177.2:1353.5,178.4:1354.2,179.3:1361.2,180.3:1371.7,181.3:1376.5,182.4:1380.0,183.4:1385.7,184.5:1392.0,185.5:1400.0,186.5:1408.5,194.5:0.0,195.5:0.0,196.5:0.0,197.6:0.0,191.5:0.0,192.6:1525.7,200.7:0.0,201.7:0.0,202.7:0.0,203.7:0.0,204.8:0.0,205.8:0.0,206.8:0.0,207.9:0.0,208.9:0.0,210.0:0.0,211.1:0.0,212.1:0.0,213.1:0.0,214.2:0.0,215.2:0.0,216.2:0.0,217.3:0.0,218.3:0.0,219.3:0.0,220.4:0.0,221.4:0.0,222.5:0.0,223.5:0.0,224.5:0.0,225.6:0.0,226.6:0.0,227.6:0.0,222.4:0.0,223.5:820.0,224.5:810.7,225.5:802.5,226.7:797.0,227.7:790.7,228.8:783.0,229.8:775.7,230.9:769.0,231.9:764.0,233.0:758.7,233.9:754.5,235.0:750.2,236.0:745.0,237.0:739.2,238.1:734.5,239.1:731.2,240.1:727.5,241.3:724.5,242.4:721.2,243.4:718.5,244.5:715.2,245.3:712.2,246.5:710.2,247.5:708.0,248.6:706.7,249.5:705.5,250.6:704.5,251.7:703.2,252.6:703.2,253.8:703.0,254.7:702.7,255.8:702.5,256.8:702.5,257.8:703.7,258.9:704.5,259.9:704.5,261.0:706.5,262.0:708.2,262.9:708.7,263.9:711.2,265.1:715.0,266.0:717.7,267.0:720.5,268.2:722.2,269.0:724.2,270.2:727.2,271.1:731.0,272.2:736.0,273.2:739.5,274.1:744.2,275.3:750.2,276.1:756.0,277.1:760.2,278.3:763.7,285.3:0.0,280.2:0.0,281.2:816.7,282.2:818.7,289.4:0.0,290.5:0.0,291.5:0.0,292.5:0.0,293.5:0.0,294.6:0.0,295.6:0.0,296.6:0.0,297.7:0.0,298.7:0.0,299.7:0.0,300.7:0.0,301.8:0.0,302.8:0.0,303.8:0.0,304.9:0.0,306.0:0.0,307.0:0.0,308.0:0.0,309.1:0.0,310.1:0.0,311.1:0.0,307.0:0.0,313.2:0.0,309.2:487.2,315.3:0.0,316.3:0.0,317.3:0.0,318.4:0.0,314.9:0.0,320.4:0.0,317.0:444.7,317.7:439.0,318.8:436.2,320.0:431.2,321.2:425.5,321.9:422.5,323.2:420.2,324.4:415.7,325.2:413.0,326.3:411.2,327.3:406.2,328.4:403.0,329.6:402.7,330.7:403.2,331.5:403.2,332.8:402.5,333.8:403.0,334.7:405.0,340.1:0.0,341.1:0.0,342.1:0.0,343.2:0.0,344.2:0.0,345.2:0.0,346.3:0.0,347.3:0.0,348.3:0.0,349.4:0.0,344.0:0.0,345.1:866.5,346.2:866.0,347.1:866.5,348.3:0.0,349.3:839.0,350.3:839.2,351.4:840.2,
353.3:650.2,354.4:652.2,355.4:653.7,356.5:656.2,357.5:660.5,358.5:663.2,359.6:665.2,0.6:668.2,1.6:671.0,2.6:675.5,3.7:679.0,4.6:681.5,5.7:683.7,6.8:687.7,7.7:693.5,8.8:698.5,9.7:703.2,10.8:709.2,11.8:716.5,12.9:721.7,19.9:0.0,14.9:732.2,22.0:0.0,23.0:0.0,18.0:752.0,19.0:766.7,20.0:775.2,27.1:0.0,28.2:0.0,29.2:0.0,30.2:0.0,31.3:0.0,32.3:0.0,33.3:0.0,34.4:0.0,35.4:0.0,36.5:0.0,37.5:0.0,38.5:0.0,39.6:0.0,40.6:0.0,41.6:0.0,42.7:0.0,43.7:0.0,44.8:0.0,45.8:0.0,46.9:0.0,47.9:0.0,48.9:0.0,50.0:0.0,51.0:0.0,52.0:0.0,53.1:0.0,54.1:0.0,55.2:0.0,56.2:0.0,57.2:0.0,58.3:0.0,59.3:0.0,60.3:0.0,61.4:0.0,62.4:0.0,63.5:0.0,64.5:0.0,65.5:0.0,66.5:0.0,67.5:0.0,68.6:0.0,62.8:0.0,70.6:0.0,71.7:0.0,65.9:1225.0,73.7:0.0,74.8:0.0,75.8:0.0,76.8:0.0,77.9:0.0,78.9:0.0,79.9:0.0,81.0:0.0,82.0:0.0,76.1:0.0,84.1:0.0,85.1:0.0,86.2:0.0,87.2:0.0,88.2:0.0,89.2:0.0,83.1:0.0,91.3:0.0,92.3:0.0,86.2:1613.0,87.2:1639.2,88.3:1650.0,89.3:1652.7,90.3:1657.5,91.4:1666.0,92.4:1672.7,93.4:1679.2,94.5:1684.7,95.5:1693.5,96.5:1706.5,97.6:1718.0,98.6:1728.2,99.6:1739.2,100.6:1754.2,101.7:1767.0,102.7:1779.0,103.7:1796.0,104.7:1812.2,105.7:1832.5,106.8:1852.0,107.7:1868.2,108.8:1888.0,109.8:1910.0,118.1:0.0,119.1:0.0,120.2:0.0,121.2:0.0,122.2:0.0,123.2:0.0,124.3:0.0,125.3:0.0,126.3:0.0,127.4:0.0,121.3:0.0,122.4:1557.0,123.4:1548.7,131.5:0.0,132.5:0.0,133.6:0.0,134.6:0.0,135.6:0.0,136.7:0.0,137.7:0.0,138.7:0.0,139.8:0.0,140.8:0.0,141.8:0.0,135.6:0.0,136.6:2071.5,137.6:2053.5,138.6:2033.5,139.7:2015.7,140.7:1996.5,141.7:1984.0,142.8:1969.5,143.8:1955.0,144.9:1943.7,145.9:1930.7,147.0:1922.0,148.0:1912.5,149.0:1903.5,150.0:1912.5,151.1:1901.0,152.1:1874.0,153.2:1868.0,154.2:1864.0,155.3:1858.0,156.4:1853.5,157.4:1852.0,158.4:1847.7,159.5:1841.2,160.5:1836.5,161.6:1835.7,162.6:1836.7,163.6:1835.2,164.7:1836.5,165.7:1838.2,166.7:1838.2,175.0:0.0,168.9:0.0,170.0:1552.2,171.0:1557.0,172.1:1548.2,173.1:1535.5,174.1:1541.0,175.2:1546.7,176.2:1552.5,177.2:1559.7,178.2:1564.2,179.3:1566.5,180.3:1571.0,181.3:1578.2,182.3:1584.2,183.4:1591.7,184.4:1604.2,185.4:1612.0,186.5:1618.5,187.5:1632.0,188.5:1644.0,189.5:0.0,190.5:1710.7,198.7:0.0,199.8:0.0,200.8:0.0,201.8:0.0,202.9:0.0,203.9:0.0,205.0:0.0,206.0:0.0,207.0:0.0,208.1:0.0,209.1:0.0,210.2:0.0,211.2:0.0,212.2:0.0,213.3:0.0,214.3:0.0,215.4:0.0,216.4:0.0,217.4:0.0,218.5:0.0,213.0:0.0,220.5:0.0,221.6:0.0,222.6:0.0,223.6:0.0,224.7:0.0,225.7:0.0,226.8:0.0,227.8:0.0,228.8:0.0,229.9:0.0,224.6:0.0,225.7:860.0,226.7:850.0,227.7:842.7,235.0:0.0,229.8:832.7,230.8:821.7,231.9:814.5,232.9:808.7,233.9:804.0,235.0:797.7,236.1:793.0,237.1:788.5,238.1:784.2,239.2:780.7,240.2:778.5,241.3:777.0,242.4:774.2,243.4:770.0,244.4:766.2,245.5:762.7,246.6:760.2,247.5:759.7,248.6:758.7,249.7:756.0,250.6:756.2,251.8:756.2,252.8:753.2,253.7:754.0,254.9:754.5,255.8:753.5,257.0:753.5,257.9:754.7,258.9:756.5,260.0:756.7,261.1:758.0,262.0:760.0,263.0:761.2,264.0:764.0,271.2:0.0,266.2:0.0,267.2:800.7,268.1:803.7,269.1:807.2,270.2:810.2,277.4:0.0,278.5:0.0,279.5:0.0,280.5:0.0,281.6:0.0,282.5:0.0,283.5:0.0,284.6:0.0,285.6:0.0,286.6:0.0,287.7:0.0,288.7:0.0,289.7:0.0,290.7:0.0,291.8:0.0,292.8:0.0,293.8:0.0,294.9:0.0,295.9:0.0,296.9:0.0,298.0:0.0,299.0:0.0,300.0:0.0,301.0:0.0,302.1:0.0,303.1:0.0,304.1:0.0,305.2:0.0,306.2:0.0,305.9:0.0,307.0:255.2,309.3:0.0,310.4:0.0,311.4:0.0,312.2:0.0,313.2:241.0,312.5:239.2,315.3:238.7,316.1:238.7,316.8:239.2,318.4:240.0,318.4:241.2,320.7:0.0,321.7:0.0,322.8:0.0,323.8:0.0,324.8:0.0,325.9:0.0,326.9:0.0,327.9:0.0,329.0:0.0,330.0:0.0,331.1:0.0,332.1:0.0,333.1:0.0,334.2:0.0,335.2:0.0,336.2:0.0,337.3:0.0,338.3:0.0,339.3:0.0,340.4:0.0,341.4:0.0,342.4:0.0,343.5:0.0,344.5:0.0,339.7:0.0,340.7:675.7,341.7:674.5,342.9:675.2,343.8:678.7,344.9:0.0,346.0:646.7,347.1:646.2,348.0:647.0,349.2:646.7,350.2:646.7,351.2:648.2,352.1:648.7,
358.8:0.0,359.8:0.0,0.9:0.0,1.9:0.0,2.9:0.0,4.0:0.0,5.0:0.0,6.0:0.0,7.1:0.0,8.1:0.0,9.1:0.0,10.2:0.0,11.2:0.0,12.2:0.0,13.3:0.0,14.3:0.0,15.3:0.0,16.4:0.0,17.4:0.0,18.5:0.0,19.5:0.0,20.5:0.0,21.6:0.0,22.6:0.0,16.7:0.0,17.7:1376.7,18.8:1374.7,26.8:0.0,20.9:1375.2,21.9:1375.0,22.9:1379.0,23.9:1387.5,31.9:0.0,33.0:0.0,34.0:0.0,35.0:0.0,36.1:0.0,37.1:0.0,38.1:0.0,39.2:0.0,33.2:0.0,41.2:0.0,42.3:0.0,43.4:0.0,44.4:0.0,38.3:0.0,46.5:0.0,47.5:0.0,48.6:0.0,42.4:1671.2,43.5:1685.5,44.5:1684.0,45.6:1680.5,46.6:1680.5,47.6:1686.0,48.7:1688.0,49.7:1690.5,50.7:1695.2,51.8:1696.7,52.8:1696.5,53.8:1699.5,54.9:1709.7,55.9:1720.0,56.9:1724.2,58.0:1729.2,58.9:1738.2,60.0:1748.0,61.0:1759.7,62.1:1769.2,63.1:1778.0,64.1:1791.5,65.1:1804.5,66.2:1819.0,67.2:1837.7,75.4:0.0,76.5:0.0,77.5:0.0,78.5:0.0,79.6:0.0,80.6:0.0,81.6:0.0,82.7:0.0,83.7:0.0,84.7:0.0,78.8:0.0,79.8:1393.5,87.8:0.0,88.9:0.0,89.9:0.0,90.8:0.0,91.9:0.0,92.9:0.0,93.9:0.0,95.0:0.0,96.0:0.0,97.0:0.0,98.1:0.0,99.1:0.0,100.1:0.0,101.1:0.0,95.0:0.0,96.0:1865.5,97.1:1843.7,98.1:1820.2,99.1:1802.0,100.2:1780.0,101.2:1760.2,102.2:1744.0,103.2:1725.0,104.3:1709.2,105.3:1695.2,106.3:1680.0,107.5:1668.5,108.5:1657.5,109.5:1646.5,110.6:1647.2,111.6:1635.5,112.6:1617.5,113.7:1612.2,114.7:1604.0,115.8:1596.5,116.7:1589.7,117.8:1584.7,118.8:1578.5,119.8:1570.0,120.9:1563.0,121.9:1560.0,123.0:1557.2,124.0:1553.0,125.0:1552.2,126.1:1552.5,127.1:1551.7,128.2:1548.5,129.1:1545.5,130.2:1561.2,131.5:0.0,132.5:1260.0,133.5:1256.5,134.5:1258.0,135.6:1249.0,136.7:1241.2,137.6:1242.2,138.7:1245.5,139.8:1247.7,140.7:1250.0,141.8:1253.5,142.9:1256.7,143.8:1260.7,144.9:1267.0,145.9:1273.5,146.9:1280.5,148.0:1285.0,149.0:1289.2,156.9:0.0,157.9:0.0,159.0:0.0,160.0:0.0,161.0:0.0,162.1:0.0,163.2:0.0,157.2:0.0,165.2:0.0,166.3:0.0,160.4:0.0,168.3:0.0,169.4:0.0,170.4:0.0,171.4:0.0,172.5:0.0,173.5:0.0,174.5:0.0,175.6:0.0,176.6:0.0,177.7:0.0,178.7:0.0,179.7:0.0,180.7:0.0,181.8:0.0,182.8:0.0,183.9:0.0,184.9:0.0,185.9:0.0,186.9:0.0,187.9:0.0,189.0:0.0,190.0:0.0,191.0:0.0,192.1:0.0,193.1:0.0,187.9:0.0,195.2:0.0,196.2:0.0,191.1:0.0,192.2:767.7,193.2:762.0,194.2:756.7,195.3:749.2,196.4:743.2,197.4:738.7,198.4:733.0,199.5:726.5,200.6:722.7,201.6:718.2,202.6:712.2,203.6:709.7,204.7:707.7,205.8:702.5,206.9:697.0,208.0:694.2,208.9:692.2,210.1:691.5,211.0:689.2,212.2:686.0,213.1:682.2,214.2:681.5,215.3:682.2,216.3:681.0,217.4:679.0,218.3:677.5,219.3:678.2,220.4:678.5,221.4:677.7,222.5:678.0,223.6:678.2,224.5:679.7,225.5:682.5,226.5:683.5,227.7:684.0,228.7:685.5,229.6:687.5,230.8:689.7,231.8:692.2,232.7:693.5,233.8:696.7,234.9:700.5,235.9:703.2,236.9:707.0,237.8:711.0,239.0:716.0,239.9:720.7,241.0:726.0,242.0:730.7,243.0:734.0,244.0:739.5,245.0:745.5,246.1:751.2,247.0:757.7,248.1:763.7,249.1:771.0,250.1:779.0,257.3:0.0,252.0:0.0,259.3:0.0,254.1:846.5,255.1:863.0,262.4:0.0,263.5:0.0,264.5:0.0,265.5:0.0,266.6:0.0,267.6:0.0,268.6:0.0,269.7:0.0,270.7:0.0,271.7:0.0,272.8:0.0,273.8:0.0,274.8:0.0,275.9:0.0,276.9:0.0,277.9:0.0,279.0:0.0,274.5:0.0,281.0:0.0,282.0:0.0,283.0:0.0,284.0:0.0,285.1:0.0,280.8:0.0,281.7:550.0,288.2:0.0,289.2:0.0,290.2:0.0,286.2:0.0,287.1:527.5,288.2:523.7,289.3:518.7,290.3:514.5,291.4:510.2,292.4:505.7,293.4:503.5,294.4:501.5,295.6:498.5,296.6:495.7,297.7:494.2,298.4:494.5,299.7:493.0,300.8:490.0,301.7:489.2,302.8:490.5,303.8:492.2,309.9:0.0,310.9:0.0,312.0:0.0,313.0:0.0,314.0:0.0,315.1:0.0,316.1:0.0,317.1:0.0,311.7:0.0,312.8:956.0,320.2:0.0,314.8:945.5,315.8:933.0,316.9:934.2,318.0:936.7,319.0:936.7,320.0:938.0,321.0:941.0,322.0:944.0,323.0:946.0,324.1:949.2,325.1:953.5,326.2:957.7,327.2:963.5,328.2:967.7,329.2:974.7,330.3:981.0,331.3:986.7,332.3:994.0,333.3:1000.2,334.4:1006.5,335.4:1013.0,336.4:1022.2,337.4:1028.5,338.5:1034.7,346.1:0.0,347.1:0.0,348.2:0.0,342.6:0.0,350.2:0.0,351.3:0.0,352.3:0.0,353.3:0.0,354.3:0.0,355.4:0.0,356.4:0.0,357.5:0.0,358.5:0.0,
359.4:0.0,0.5:0.0,1.5:0.0,2.5:0.0,3.6:0.0,4.6:0.0,5.7:0.0,6.7:0.0,7.7:0.0,8.8:0.0,9.8:0.0,10.8:0.0,11.9:0.0,12.9:0.0,14.0:0.0,15.0:0.0,16.0:0.0,17.1:0.0,18.1:0.0,19.2:0.0,20.2:0.0,21.2:0.0,22.3:0.0,23.3:0.0,24.3:0.0,25.4:0.0,19.6:0.0,20.7:1190.2,21.7:1196.0,29.5:0.0,23.8:1196.2,24.9:1193.2,32.6:0.0,33.7:0.0,34.7:0.0,35.7:0.0,36.8:0.0,37.8:0.0,38.9:0.0,39.9:0.0,40.9:0.0,42.0:0.0,43.0:0.0,44.1:0.0,45.1:0.0,46.1:0.0,47.2:0.0,48.2:0.0,49.2:0.0,50.3:0.0,51.3:0.0,44.7:0.0,46.3:0.0,47.4:0.0,48.5:1541.7,49.5:1544.0,50.5:1549.2,51.5:1555.7,52.5:1560.2,53.6:1564.0,54.6:1569.0,55.6:1576.7,56.7:1582.2,57.7:1589.0,58.8:1598.0,59.7:1607.5,60.7:1618.7,61.8:1628.2,62.8:1635.7,63.9:1642.2,64.9:1651.5,65.9:1663.2,67.0:1675.5,68.0:1687.7,69.0:1704.2,70.0:1721.2,71.0:1735.5,72.1:1752.2,73.1:1780.2,81.3:0.0,82.4:0.0,83.4:0.0,84.5:0.0,85.5:0.0,86.5:0.0,87.6:0.0,88.6:0.0,89.6:0.0,90.6:0.0,84.7:0.0,85.7:1381.7,86.8:1375.2,94.7:0.0,95.7:0.0,96.8:0.0,97.8:0.0,98.9:0.0,99.9:0.0,100.9:0.0,102.0:0.0,103.0:0.0,104.0:0.0,105.0:0.0,106.1:0.0,107.1:0.0,100.9:0.0,102.0:1896.0,103.0:1874.0,104.0:1854.0,105.1:1837.7,106.1:1824.2,107.1:1810.7,108.2:1799.7,109.2:1787.2,110.2:1769.5,111.3:1757.5,112.3:1750.5,113.4:1740.5,114.4:1732.0,115.5:1725.7,116.5:1738.0,117.5:1727.7,118.5:1701.2,119.6:1696.7,120.7:1690.7,121.7:1685.2,122.7:1678.7,123.8:1674.2,124.8:1673.2,125.8:1675.7,126.9:1673.7,127.9:1670.5,128.9:1669.5,129.9:1670.7,131.0:1671.7,132.0:1669.7,133.0:1670.7,134.1:1675.7,142.2:0.0,143.2:0.0,137.3:0.0,138.3:1396.7,139.4:1398.2,140.4:1393.2,141.5:1387.0,142.5:1388.0,143.5:1390.2,144.6:1398.2,145.5:1406.5,146.6:1411.5,154.6:0.0,155.6:0.0,156.7:0.0,157.7:0.0,158.7:0.0,159.8:0.0,153.7:0.0,154.9:1496.5,156.0:1509.7,157.0:1525.5,158.0:1538.7,166.1:0.0,160.0:0.0,161.0:1606.7,169.2:0.0,170.2:0.0,171.3:0.0,172.3:0.0,173.4:0.0,174.4:0.0,175.4:0.0,176.5:0.0,177.5:0.0,178.5:0.0,179.6:0.0,180.6:0.0,181.7:0.0,182.7:0.0,183.7:0.0,184.8:0.0,185.8:0.0,186.8:0.0,187.9:0.0,188.9:0.0,183.4:0.0,191.0:0.0,192.0:0.0,193.0:0.0,194.1:0.0,188.6:0.0,196.1:0.0,197.2:0.0,198.2:0.0,192.8:0.0,193.9:917.2,195.0:909.7,196.0:904.0,197.0:895.5,198.1:888.7,199.1:884.0,200.1:878.5,201.2:872.2,202.3:866.7,203.3:862.2,204.4:858.0,205.4:854.7,206.5:850.5,207.5:846.0,208.5:842.0,209.7:839.5,210.7:836.7,211.7:834.0,212.8:831.7,213.7:829.7,214.9:828.2,215.9:826.7,216.8:826.0,217.9:826.0,218.9:825.5,220.0:825.5,221.0:826.2,222.2:826.0,223.1:826.7,224.1:828.7,225.2:830.7,226.2:831.0,227.2:831.7,228.2:834.0,229.4:836.5,230.3:841.2,231.4:844.2,232.4:846.2,233.4:849.2,234.5:852.2,235.4:855.7,236.6:859.7,237.5:866.2,238.6:872.5,239.5:0.0,240.6:913.7,241.6:918.5,242.6:922.0,250.1:0.0,251.1:0.0,252.2:0.0,253.2:0.0,254.2:0.0,255.3:0.0,256.3:0.0,257.3:0.0,258.4:0.0,259.4:0.0,260.5:0.0,261.5:0.0,262.5:0.0,263.6:0.0,264.6:0.0,265.7:0.0,266.7:0.0,267.7:0.0,268.8:0.0,269.8:0.0,270.8:0.0,266.9:0.0,272.9:0.0,274.0:0.0,275.0:0.0,276.0:0.0,277.1:0.0,278.1:0.0,274.6:0.0,275.6:433.0,276.6:432.0,277.5:423.5,278.7:415.7,279.7:414.0,280.7:413.0,281.7:412.5,282.9:413.2,284.1:415.0,289.4:0.0,290.4:0.0,291.4:0.0,292.5:0.0,293.5:0.0,294.5:0.0,295.5:0.0,296.6:0.0,297.6:0.0,298.6:0.0,299.7:0.0,300.7:0.0,301.7:0.0,302.8:0.0,303.8:0.0,304.8:0.0,305.9:0.0,307.0:0.0,301.7:0.0,302.7:836.0,303.8:836.0,305.0:0.0,305.9:802.0,306.9:802.7,308.0:801.5,309.0:799.7,310.0:799.2,311.0:799.2,312.1:799.5,313.1:801.0,314.2:801.2,315.2:801.7,316.3:802.5,317.3:804.0,318.4:803.7,319.4:805.5,320.4:810.0,321.4:813.2,322.4:816.2,323.4:820.2,324.6:823.0,325.6:823.7,326.7:827.0,327.7:832.0,328.6:838.2,329.7:843.5,330.7:847.2,331.8:853.2,332.7:860.7,333.9:865.7,334.8:871.5,335.9:879.7,336.9:887.5,338.0:895.0,338.9:901.5,339.9:909.2,347.4:0.0,348.4:0.0,349.5:0.0,350.5:0.0,351.5:0.0,352.6:0.0,353.6:0.0,354.7:0.0,355.7:0.0,356.7:0.0,357.7:0.0,
358.7:0.0,359.8:0.0,0.8:0.0,1.8:0.0,2.9:0.0,3.9:0.0,5.0:0.0,6.0:0.0,7.0:0.0,8.1:0.0,9.1:0.0,10.1:0.0,11.2:0.0,12.2:0.0,13.2:0.0,14.3:0.0,15.3:0.0,16.3:0.0,17.4:0.0,18.4:0.0,19.5:0.0,20.5:0.0,21.5:0.0,22.6:0.0,23.6:0.0,24.6:0.0,25.7:0.0,26.7:0.0,27.7:0.0,28.8:0.0,23.2:0.0,24.3:1016.2,25.4:1020.0,26.3:1030.5,27.4:1028.5,28.4:1021.0,29.4:1028.5,30.5:1037.2,38.1:0.0,39.1:0.0,40.2:0.0,41.2:0.0,35.6:0.0,43.3:0.0,44.4:0.0,45.4:0.0,46.4:0.0,47.5:0.0,48.5:0.0,49.5:0.0,50.6:0.0,51.6:0.0,52.7:0.0,53.7:0.0,54.7:0.0,55.8:0.0,56.8:0.0,50.7:0.0,51.9:0.0,52.9:1420.2,54.0:1427.7,55.0:1432.5,56.0:1435.7,57.1:1440.5,58.1:1447.0,59.1:1454.7,60.1:1461.0,61.1:1466.5,62.2:1476.2,63.2:1487.7,64.3:1497.7,65.3:1510.0,66.3:1521.5,67.3:1531.5,68.3:1546.0,69.4:1561.5,70.4:1572.5,71.4:1589.5,72.4:1610.5,73.5:1628.2,74.5:1640.7,75.5:1656.2,76.5:1673.0,77.6:1691.5,78.6:1718.2,86.8:0.0,87.8:0.0,81.7:0.0,89.9:0.0,90.8:0.0,91.8:0.0,92.9:0.0,93.9:0.0,94.9:0.0,96.0:0.0,97.0:0.0,98.0:0.0,92.1:0.0,93.2:1387.2,94.2:1383.2,102.1:0.0,103.2:0.0,104.2:0.0,105.2:0.0,106.3:0.0,107.3:0.0,108.3:0.0,109.3:0.0,110.4:0.0,111.4:0.0,112.4:0.0,106.2:0.0,107.3:1947.7,108.3:1933.0,109.4:1919.5,110.4:1906.0,111.4:1895.5,112.5:1885.2,113.5:1875.0,114.5:1865.7,115.6:1855.7,116.6:1846.2,117.6:1839.2,118.7:1832.5,119.7:1825.7,120.7:1821.0,121.7:1823.7,122.8:1818.7,123.8:1806.2,124.9:1803.2,125.9:1803.0,126.9:1802.2,128.0:1799.7,129.0:1799.5,130.0:1798.7,131.1:1799.5,132.1:1802.2,133.2:1804.2,134.2:1811.0,135.2:1816.0,136.2:1815.5,137.3:1819.5,138.3:1828.7,146.5:0.0,147.6:0.0,141.5:0.0,142.6:1557.2,143.6:1560.2,144.6:1559.5,145.7:1560.0,146.7:1562.7,147.7:1565.5,148.7:1570.7,149.8:1580.0,150.8:1592.2,151.8:1602.0,152.9:1610.7,153.9:1623.0,155.0:1636.0,156.0:1649.2,157.1:1663.0,165.2:0.0,159.1:1690.0,160.1:1719.7,161.2:1741.2,162.2:1770.2,170.4:0.0,171.4:0.0,172.5:0.0,173.5:0.0,174.5:0.0,175.6:0.0,176.6:0.0,177.7:0.0,178.7:0.0,179.7:0.0,180.8:0.0,181.8:0.0,182.8:0.0,183.9:0.0,184.9:0.0,185.9:0.0,187.0:0.0,188.0:0.0,189.0:0.0,190.0:0.0,191.1:0.0,192.1:0.0,193.2:0.0,194.2:0.0,195.2:0.0,196.3:0.0,190.6:0.0,191.7:1096.2,192.7:1086.0,200.4:0.0,201.4:0.0,202.5:0.0,196.9:0.0,197.9:1043.7,199.0:1036.7,200.0:1030.2,201.0:1024.7,202.1:1019.0,203.1:1013.7,204.3:1009.7,205.3:1004.5,206.4:998.2,207.5:994.2,208.5:991.2,209.5:987.2,210.5:984.5,211.6:982.0,212.6:978.5,213.6:976.7,214.7:974.5,215.8:973.0,216.7:973.5,217.8:974.0,218.9:972.5,219.8:972.7,220.9:973.5,221.9:973.0,223.0:975.5,224.0:976.7,225.0:976.5,226.0:977.7,227.2:979.2,228.1:983.7,235.7:0.0,230.2:0.0,231.2:1020.5,232.2:1023.0,233.2:1032.5,240.9:0.0,241.9:0.0,242.9:0.0,244.0:0.0,245.0:0.0,246.0:0.0,247.1:0.0,248.1:0.0,249.1:0.0,250.2:0.0,251.2:0.0,252.2:0.0,253.3:0.0,249.7:0.0,255.4:0.0,256.4:0.0,257.4:0.0,253.8:0.0,255.2:413.0,256.3:411.2,257.4:410.5,258.2:411.7,259.0:413.7,260.0:415.0,265.7:0.0,262.3:0.0,267.7:0.0,268.8:0.0,269.8:0.0,270.9:0.0,271.9:0.0,272.9:0.0,274.0:0.0,275.0:0.0,276.0:0.0,277.1:0.0,278.1:0.0,279.1:0.0,280.2:0.0,281.2:0.0,282.2:0.0,283.2:0.0,284.2:0.0,285.3:0.0,286.3:0.0,287.3:0.0,288.3:0.0,289.4:0.0,290.4:0.0,291.5:0.0,286.4:0.0,287.5:765.2,288.4:754.2,289.5:747.2,290.5:741.0,291.6:0.0,292.8:702.0,293.9:697.7,294.9:693.7,295.9:691.0,297.0:688.2,297.9:685.0,299.0:683.7,300.0:681.5,301.1:678.7,302.2:677.2,303.1:675.7,304.3:674.7,305.4:673.7,306.3:671.5,307.4:671.5,308.3:670.5,309.4:669.7,310.4:670.2,311.5:670.0,312.6:671.0,313.6:672.0,314.5:672.2,315.5:672.7,316.6:673.0,317.7:674.5,318.7:675.5,319.8:676.2,320.9:678.0,321.9:680.5,322.8:682.5,323.8:685.7,325.0:690.5,325.9:693.7,327.0:696.2,328.0:698.2,329.1:702.5,330.1:707.0,331.0:712.2,332.1:717.7,333.2:722.2,334.1:726.7,335.2:732.0,336.1:738.0,337.2:744.0,344.3:0.0,339.3:755.0,346.4:0.0,341.4:767.7,348.4:0.0,349.5:0.0,350.5:0.0,345.3:0.0,346.3:815.0,353.6:0.0,354.6:0.0,355.7:0.0,356.7:0.0,357.7:0.0,
358.7:0.0,359.7:0.0,0.8:0.0,1.8:0.0,2.8:0.0,3.9:0.0,4.9:0.0,6.0:0.0,7.0:0.0,8.0:0.0,9.1:0.0,10.1:0.0,11.1:0.0,12.2:0.0,13.2:0.0,14.2:0.0,15.3:0.0,16.3:0.0,17.3:0.0,18.4:0.0,19.4:0.0,20.5:0.0,21.5:0.0,22.5:0.0,23.6:0.0,24.6:0.0,25.6:0.0,26.7:0.0,27.7:0.0,28.7:0.0,29.8:0.0,30.8:0.0,31.9:0.0,32.9:0.0,33.9:0.0,28.7:0.0,29.8:845.0,30.7:846.5,31.8:852.5,32.7:861.2,33.9:860.5,34.8:859.7,42.2:0.0,43.3:0.0,44.3:0.0,45.3:0.0,46.4:0.0,47.4:0.0,48.4:0.0,49.5:0.0,50.5:0.0,51.5:0.0,52.6:0.0,53.6:0.0,54.7:0.0,55.7:0.0,56.7:0.0,57.8:0.0,58.8:0.0,59.8:0.0,60.9:0.0,61.9:0.0,62.9:0.0,57.0:0.0,58.0:0.0,59.1:0.0,60.1:1306.5,61.2:1316.0,62.2:1324.7,63.2:1331.5,64.2:1339.0,65.3:1351.5,66.3:1362.5,67.3:1372.0,68.3:1384.0,69.4:1396.5,70.5:1411.7,71.5:1426.7,72.5:1438.5,73.5:1451.0,74.5:1465.7,75.6:1483.0,76.6:1501.7,77.6:1520.5,78.6:1538.0,79.7:1557.5,80.7:1583.0,81.7:1606.7,82.7:1626.7,83.7:1651.2,84.7:1672.5,85.7:1696.5,93.9:0.0,87.8:0.0,88.8:1642.2,97.0:0.0,98.0:0.0,92.0:0.0,100.1:0.0,94.0:1546.5,95.1:1528.5,103.2:0.0,104.2:0.0,105.2:0.0,106.3:0.0,107.3:0.0,101.4:0.0,102.4:1410.5,110.4:0.0,111.4:0.0,112.5:0.0,113.5:0.0,114.5:0.0,115.5:0.0,116.6:0.0,117.6:0.0,111.3:0.0,112.4:2020.7,113.5:2008.2,114.5:1995.2,115.5:1986.5,116.5:1979.7,117.6:1974.7,118.6:1968.7,119.6:1959.5,120.7:1951.7,121.7:1947.2,122.7:1943.2,123.7:1937.2,124.8:1932.7,125.8:1932.5,126.9:1944.7,127.9:1942.5,128.9:1929.0,130.0:1928.7,131.0:1928.2,132.1:1929.2,133.1:1931.2,134.1:1931.0,135.1:1931.7,136.2:1939.5,137.2:1947.2,138.2:1952.0,139.3:1961.0,140.3:1971.0,141.3:1974.0,142.4:1980.5,150.7:0.0,151.7:0.0,145.6:0.0,146.6:1720.2,147.6:1724.2,148.7:1724.0,149.7:1723.5,150.7:1733.5,151.7:1745.0,152.8:1752.5,153.7:1763.2,154.9:1774.0,155.9:1787.5,157.0:1805.7,165.2:0.0,166.2:0.0,167.3:0.0,168.3:0.0,162.1:0.0,170.4:0.0,171.4:0.0,172.5:0.0,173.5:0.0,174.5:0.0,175.6:0.0,176.6:0.0,177.6:0.0,178.7:0.0,179.7:0.0,180.7:0.0,181.8:0.0,182.8:0.0,183.8:0.0,184.9:0.0,185.9:0.0,187.0:0.0,188.0:0.0,189.0:0.0,190.1:0.0,191.1:0.0,192.2:0.0,193.2:0.0,194.2:0.0,195.3:0.0,196.3:0.0,197.3:0.0,198.4:0.0,199.4:0.0,200.5:0.0,201.5:0.0,202.5:0.0,203.6:0.0,197.8:0.0,198.8:1195.5,199.9:1188.7,201.0:1181.5,201.9:1171.7,203.1:1164.2,204.1:1159.0,205.1:1155.0,206.2:1150.7,207.2:1145.5,208.2:1139.7,209.3:1135.5,210.3:1134.5,211.4:1131.0,212.4:1126.2,213.4:1125.0,214.5:1122.5,215.6:1117.5,216.6:1117.0,217.6:1117.5,218.6:1115.2,219.6:1116.5,220.7:1119.0,221.7:1121.0,222.7:1135.2,223.7:1147.7,224.8:1148.7,225.9:1134.7,233.6:0.0,234.7:0.0,235.7:0.0,236.7:0.0,237.8:0.0,233.8:0.0,234.8:487.5,236.0:488.0,237.0:486.7,238.1:486.7,238.9:488.0,240.1:489.7,241.0:491.7,242.0:493.5,243.1:496.0,244.2:499.0,245.3:502.5,246.2:505.5,252.3:0.0,253.3:0.0,254.4:0.0,255.4:0.0,256.4:0.0,257.5:0.0,258.5:0.0,259.5:0.0,260.6:0.0,261.6:0.0,262.6:0.0,263.7:0.0,264.7:0.0,265.7:0.0,266.8:0.0,267.8:0.0,268.9:0.0,269.9:0.0,270.9:0.0,272.0:0.0,273.0:0.0,274.0:0.0,275.1:0.0,276.1:0.0,277.1:0.0,278.2:0.0,279.2:0.0,274.4:0.0,275.4:698.5,282.2:0.0,283.2:0.0,284.3:0.0,279.6:0.0,280.7:620.7,281.6:615.0,282.7:608.7,283.9:602.2,284.8:596.7,285.8:594.0,286.9:590.0,287.9:584.7,289.1:580.5,290.2:576.5,291.3:573.0,292.2:570.2,293.2:566.5,294.4:562.5,295.3:560.2,296.5:558.2,297.4:555.0,298.5:552.5,299.6:551.5,300.5:549.0,301.6:546.2,302.8:544.5,303.9:542.5,304.9:541.5,305.9:541.2,306.8:541.0,307.9:540.2,308.9:539.7,310.0:539.0,310.9:539.0,312.0:539.5,313.0:539.5,314.1:540.0,315.2:540.2,316.3:540.7,317.1:541.5,318.1:542.0,319.2:543.5,320.4:545.7,321.4:547.2,322.4:550.2,323.5:552.2,324.5:554.2,325.5:556.5,326.6:557.7,327.5:560.0,328.5:562.2,329.7:567.0,330.7:571.2,331.6:574.0,332.7:577.2,333.6:581.0,334.6:586.0,335.6:590.2,336.7:594.0,337.7:600.0,338.7:606.7,339.8:610.0,340.7:614.5,341.7:622.2,342.9:629.5,349.5:0.0,350.6:0.0,351.6:0.0,352.6:0.0,347.8:0.0,354.7:0.0,355.8:0.0,356.8:0.0,357.8:0.0,
358.7:0.0,359.7:0.0,0.8:0.0,1.8:0.0,2.8:0.0,3.9:0.0,4.9:0.0,6.0:0.0,7.0:0.0,8.0:0.0,9.1:0.0,10.1:0.0,11.1:0.0,12.2:0.0,13.2:0.0,14.2:0.0,15.3:0.0,16.3:0.0,17.3:0.0,18.4:0.0,19.4:0.0,20.4:0.0,21.5:0.0,22.5:0.0,23.5:0.0,24.6:0.0,25.6:0.0,26.7:0.0,27.7:0.0,28.7:0.0,29.8:0.0,30.8:0.0,31.8:0.0,32.9:0.0,33.9:0.0,34.9:0.0,36.0:0.0,37.0:0.0,38.0:0.0,39.1:0.0,40.1:0.0,41.2:0.0,36.4:0.0,37.4:687.0,38.5:687.2,45.3:0.0,46.4:0.0,41.5:0.0,48.4:0.0,43.5:0.0,50.5:0.0,51.5:0.0,52.6:0.0,53.6:0.0,54.7:0.0,55.7:0.0,56.7:0.0,57.8:0.0,58.8:0.0,59.8:0.0,60.9:0.0,61.9:0.0,62.9:0.0,64.0:0.0,65.0:0.0,66.0:0.0,67.0:0.0,68.1:0.0,69.1:0.0,70.1:0.0,71.2:0.0,65.3:0.0,66.4:0.0,67.5:1243.0,68.5:1237.0,69.5:1246.5,70.5:1254.5,71.6:1266.0,72.6:1278.2,73.6:1290.5,74.6:1301.7,75.6:1315.0,76.7:1331.2,77.7:1347.5,78.7:1364.5,79.7:1381.5,80.7:1401.7,81.7:1425.0,82.8:1445.0,83.7:1465.5,84.8:1490.5,85.7:1515.5,86.8:1538.5,87.8:1563.7,88.8:1593.7,89.8:1624.7,90.8:1654.0,91.8:1686.7,100.0:0.0,101.0:0.0,94.9:0.0,103.1:0.0,97.0:1631.2,98.0:1605.0,99.1:1586.2,100.2:1569.5,108.2:0.0,102.2:1551.2,103.2:1535.5,104.3:1526.7,105.3:1510.2,106.3:1495.7,107.4:1485.0,108.5:1475.0,109.5:1473.0,117.5:0.0,118.6:0.0,119.6:0.0,120.6:0.0,121.7:0.0,122.7:0.0,116.5:0.0,117.5:2102.5,118.5:2096.0,119.5:2087.5,120.6:2080.0,121.6:2069.2,122.6:2065.7,123.7:2065.7,124.7:2058.7,125.7:2054.0,126.7:2051.5,127.8:2048.7,128.8:2048.7,129.8:2050.0,130.9:2076.7,132.0:2079.0,133.0:2056.5,134.0:2060.7,135.1:2062.7,136.1:2066.5,137.1:2072.7,138.2:2078.0,139.2:2080.5,140.2:2086.7,141.2:2095.0,142.3:2104.7,143.3:2115.2,144.3:2121.7,145.4:2133.2,153.7:0.0,154.8:0.0,155.8:0.0,149.6:0.0,157.9:0.0,151.7:1881.2,152.7:1890.0,153.7:1896.5,162.1:0.0,163.1:0.0,164.1:0.0,157.9:0.0,158.9:1999.0,167.2:0.0,161.0:2013.2,169.3:0.0,170.3:0.0,171.4:0.0,172.4:0.0,166.1:0.0,174.5:0.0,175.5:0.0,176.6:0.0,177.6:0.0,178.6:0.0,179.7:0.0,180.7:0.0,181.7:0.0,182.8:0.0,183.8:0.0,184.9:0.0,185.9:0.0,186.9:0.0,188.0:0.0,189.0:0.0,190.0:0.0,191.1:0.0,185.0:0.0,186.0:1530.2,194.2:0.0,195.2:0.0,196.2:0.0,197.3:0.0,198.3:0.0,199.3:0.0,193.4:0.0,194.5:1388.7,195.5:1380.0,196.6:1368.7,204.5:0.0,205.5:0.0,206.6:0.0,207.6:0.0,208.7:0.0,209.7:0.0,210.8:0.0,205.0:0.0,206.0:1302.7,207.1:1295.5,208.1:1289.5,209.1:1288.2,210.2:1283.5,211.2:1280.0,212.2:1276.7,213.3:1268.7,214.4:1264.2,215.3:1264.5,223.2:0.0,224.3:0.0,225.3:0.0,220.8:0.0,221.7:611.7,222.8:610.2,223.9:608.0,225.0:608.0,226.0:607.5,227.0:606.7,228.0:607.5,229.1:609.0,230.2:610.7,231.1:612.0,232.1:614.2,233.1:616.7,234.3:618.7,235.1:621.7,236.3:623.5,237.3:626.2,238.2:630.7,239.3:633.5,240.4:637.2,241.2:640.7,242.4:643.0,243.3:648.5,244.4:654.5,245.3:657.7,252.3:0.0,247.5:664.7,254.3:0.0,249.6:674.5,256.4:0.0,251.6:688.2,252.4:701.2,253.4:706.5,260.5:0.0,261.5:0.0,262.6:0.0,263.6:0.0,264.7:0.0,265.7:0.0,266.7:0.0,267.8:0.0,268.8:0.0,269.8:0.0,270.9:0.0,271.9:0.0,272.9:0.0,274.0:0.0,275.0:0.0,276.0:0.0,277.1:0.0,278.1:0.0,279.1:0.0,280.2:0.0,281.2:0.0,282.2:0.0,283.2:0.0,284.3:0.0,280.4:0.0,281.5:470.7,282.4:465.7,283.7:462.7,289.4:0.0,285.6:457.0,287.0:449.7,287.7:444.7,288.7:442.5,290.1:440.2,291.2:436.2,292.1:433.7,293.0:431.7,294.4:428.5,295.3:426.2,296.2:424.7,297.1:422.0,298.2:420.2,299.4:419.0,300.4:417.0,301.5:415.0,302.5:414.0,303.5:414.0,304.8:411.7,305.6:410.0,306.8:410.0,307.7:410.2,308.7:409.5,309.9:408.7,310.7:409.2,311.8:408.7,312.9:408.0,314.1:408.7,314.9:410.0,316.3:410.5,317.2:410.7,318.3:411.5,319.0:412.5,320.0:413.2,321.0:414.2,322.3:415.2,323.2:416.0,324.3:418.7,325.2:421.7,326.2:423.0,327.5:425.7,328.3:429.0,329.5:431.2,330.3:433.5,331.6:435.2,332.6:438.2,333.3:443.0,334.6:446.2,335.4:447.7,336.5:450.5,337.5:455.0,338.6:459.0,339.4:463.5,340.5:469.7,346.4:0.0,342.6:475.5,343.7:481.0,344.5:488.0,345.7:492.5,351.6:0.0,352.7:0.0,353.7:0.0,354.7:0.0,355.7:0.0,356.8:0.0,357.8:0.0,
358.9:0.0,359.9:0.0,0.9:0.0,2.0:0.0,3.0:0.0,4.0:0.0,5.1:0.0,6.1:0.0,7.2:0.0,8.2:0.0,9.2:0.0,10.3:0.0,11.3:0.0,12.3:0.0,13.4:0.0,14.4:0.0,15.5:0.0,16.5:0.0,17.5:0.0,18.6:0.0,19.6:0.0,20.6:0.0,21.7:0.0,22.7:0.0,23.7:0.0,24.8:0.0,25.8:0.0,26.8:0.0,27.9:0.0,28.9:0.0,30.0:0.0,31.0:0.0,32.0:0.0,33.1:0.0,34.1:0.0,35.1:0.0,36.2:0.0,37.2:0.0,38.2:0.0,39.3:0.0,40.3:0.0,41.4:0.0,42.4:0.0,43.4:0.0,44.5:0.0,45.5:0.0,46.5:0.0,47.6:0.0,48.6:0.0,49.7:0.0,50.7:0.0,51.7:0.0,52.8:0.0,48.4:0.0,49.5:545.2,55.9:0.0,56.9:0.0,58.0:0.0,59.0:0.0,60.0:0.0,55.6:0.0,62.1:0.0,63.1:0.0,64.2:0.0,65.2:0.0,66.2:0.0,67.2:0.0,68.3:0.0,69.3:0.0,70.3:0.0,71.4:0.0,72.4:0.0,73.5:0.0,74.5:0.0,75.5:0.0,76.6:0.0,77.6:0.0,78.6:0.0,79.7:0.0,73.9:0.0,75.0:0.0,76.0:1178.0,77.0:1173.2,78.0:1187.0,79.1:1204.2,80.1:1221.5,81.1:1237.5,82.2:1254.2,83.1:1271.5,84.1:1290.2,85.1:1311.0,86.1:1331.0,87.2:1352.7,88.2:1377.5,89.1:1404.5,90.2:1433.0,91.2:1461.0,92.2:1490.0,93.2:1521.7,94.3:1555.0,95.3:1591.0,96.3:1626.7,97.3:1665.0,98.2:1707.7,99.3:1725.5,107.5:0.0,101.4:1703.7,102.4:1678.0,103.4:1663.5,104.5:1650.0,105.5:1632.5,106.6:1618.0,107.6:1610.5,108.6:1599.5,109.7:1588.5,110.7:1578.2,111.7:1570.5,112.8:1566.2,113.9:1555.5,114.8:1550.0,115.9:1551.2,124.0:0.0,125.0:0.0,126.1:0.0,127.1:0.0,120.8:0.0,121.8:2188.0,122.9:2178.5,123.9:2174.2,124.9:2171.0,126.0:2166.0,127.0:2164.7,128.0:2164.5,129.0:2164.7,130.1:2164.0,131.1:2163.7,132.2:2165.0,133.2:2166.2,134.3:2176.5,135.3:2182.0,136.3:2181.0,137.4:2184.0,138.4:2188.2,139.4:2197.0,140.4:2207.5,141.5:2217.0,142.5:2228.2,143.5:2233.2,144.6:2238.2,145.6:2253.7,146.6:2270.0,147.6:2283.5,156.0:0.0,157.1:0.0,158.1:0.0,151.9:0.0,152.9:2060.5,153.9:2072.7,162.3:0.0,163.4:0.0,164.4:0.0,165.4:0.0,166.5:0.0,167.5:0.0,168.5:0.0,169.6:0.0,170.6:0.0,171.6:0.0,172.7:0.0,173.7:0.0,174.7:0.0,175.8:0.0,176.8:0.0,177.9:0.0,178.9:0.0,179.9:0.0,181.0:0.0,182.0:0.0,183.0:0.0,184.1:0.0,185.1:0.0,186.2:0.0,187.2:0.0,188.2:0.0,189.3:0.0,190.3:0.0,191.3:0.0,192.4:0.0,193.4:0.0,194.5:0.0,188.4:0.0,189.5:1637.2,197.6:0.0,198.6:0.0,199.6:0.0,193.6:0.0,194.7:1558.0,195.7:1547.0,196.7:1540.2,197.8:1530.2,198.8:1517.5,199.9:1506.2,200.9:1494.2,201.9:1485.7,203.0:1478.2,204.0:1470.5,205.1:1464.2,213.1:0.0,214.2:0.0,215.2:0.0,216.2:0.0,211.2:0.0,212.2:762.0,213.3:759.2,214.3:756.0,215.3:753.2,216.5:751.2,217.4:750.5,218.4:749.2,219.5:749.0,220.6:748.7,221.7:747.7,222.7:747.7,223.6:747.5,224.6:747.0,225.6:747.7,226.7:750.0,227.7:752.0,228.9:752.5,229.9:753.5,230.9:756.7,231.9:759.0,232.9:761.0,234.0:764.7,235.0:769.0,236.1:772.0,237.0:775.0,238.1:778.7,239.1:780.5,240.1:784.2,241.2:788.5,242.3:793.2,243.3:799.0,250.5:0.0,251.5:0.0,252.5:0.0,253.6:0.0,254.6:0.0,255.7:0.0,256.7:0.0,257.7:0.0,258.7:0.0,259.8:0.0,260.8:0.0,261.8:0.0,262.9:0.0,263.9:0.0,265.0:0.0,266.0:0.0,267.0:0.0,268.1:0.0,269.1:0.0,270.1:0.0,271.2:0.0,272.2:0.0,273.2:0.0,274.3:0.0,275.3:0.0,276.3:0.0,277.4:0.0,278.4:0.0,279.5:0.0,280.5:0.0,281.5:0.0,282.4:0.0,283.5:0.0,284.5:0.0,285.5:0.0,286.6:0.0,284.5:0.0,285.2:312.0,286.3:310.2,287.7:306.0,288.6:302.5,290.0:300.2,290.5:298.7,292.4:296.0,293.2:293.7,294.0:292.2,294.8:291.5,296.3:290.5,297.8:287.7,298.7:285.7,299.3:284.2,300.1:282.7,301.8:282.2,302.7:282.2,303.8:281.7,305.2:280.7,306.2:279.7,307.2:279.2,307.7:278.5,308.5:278.2,310.2:278.7,310.5:278.5,311.8:278.2,312.9:278.2,314.6:278.7,315.4:279.5,315.6:280.0,317.2:280.0,318.5:280.7,319.6:281.7,320.6:282.2,321.4:283.7,322.7:284.0,322.8:284.5,323.7:285.7,325.0:286.2,326.1:287.5,327.2:290.2,328.5:292.0,329.1:292.7,330.1:295.2,331.6:298.0,332.5:299.2,333.5:300.5,334.4:302.5,335.7:305.0,336.2:307.0,340.4:0.0,338.6:311.5,339.5:315.7,343.5:0.0,344.6:0.0,341.9:0.0,346.7:0.0,347.7:0.0,348.7:0.0,349.7:0.0,350.8:0.0,351.8:0.0,352.9:0.0,353.9:0.0,354.9:0.0,356.0:0.0,357.0:0.0,358.0:0.0,
358.9:0.0,359.9:0.0,1.0:0.0,355.0:0.0,356.0:1532.7,357.1:1516.2,5.1:0.0,6.1:0.0,7.2:0.0,8.2:0.0,2.2:0.0,10.3:0.0,11.3:0.0,12.4:0.0,13.4:0.0,14.4:0.0,15.5:0.0,16.5:0.0,17.5:0.0,11.3:0.0,12.3:2065.2,13.4:2052.0,14.4:2038.7,15.5:2029.2,16.5:2022.5,17.5:2021.7,18.6:2017.0,19.6:2012.0,20.6:2006.0,21.7:1997.5,22.7:1996.2,23.8:1995.2,24.8:1996.7,25.9:2005.7,26.9:2004.5,27.9:1995.5,28.9:1996.0,30.0:1999.2,31.0:2004.0,32.1:2008.2,33.1:2011.0,34.1:2014.5,35.1:2021.2,36.2:2030.0,37.2:2036.2,38.2:2045.2,39.3:2054.0,40.3:2065.5,48.7:0.0,49.7:0.0,50.7:0.0,44.6:0.0,45.6:1814.5,46.7:1809.5,47.7:1805.7,48.7:1816.7,49.7:1832.2,50.8:1843.0,51.8:1857.7,60.1:0.0,53.9:1880.0,62.1:0.0,63.2:0.0,64.2:0.0,58.0:0.0,59.0:1995.2,60.0:2011.5,61.0:2043.2,69.4:0.0,70.4:0.0,71.4:0.0,72.5:0.0,73.5:0.0,74.5:0.0,75.6:0.0,76.6:0.0,77.6:0.0,78.7:0.0,79.7:0.0,80.7:0.0,81.8:0.0,82.8:0.0,83.8:0.0,77.8:0.0,85.9:0.0,86.9:0.0,88.0:0.0,89.0:0.0,90.0:0.0,91.0:0.0,85.0:0.0,93.0:0.0,94.1:0.0,95.1:0.0,96.1:0.0,97.2:0.0,98.2:0.0,99.2:0.0,93.3:0.0,94.4:1282.5,95.5:1275.7,96.5:1266.0,97.5:1257.7,98.5:1250.7,99.6:1244.7,107.5:0.0,108.5:0.0,109.5:0.0,103.7:1227.0,104.7:1213.2,105.8:1209.7,106.8:1206.5,108.0:1205.2,108.9:1203.5,110.0:1200.5,111.0:1198.5,112.0:1194.5,113.1:1193.2,114.1:1194.0,121.9:0.0,123.0:0.0,117.2:1204.2,125.0:0.0,126.1:0.0,127.1:0.0,122.8:0.0,123.8:543.5,124.8:542.0,126.0:542.0,127.1:542.5,127.8:542.7,128.9:544.0,130.1:545.7,131.0:547.7,132.0:549.5,133.2:552.7,134.2:555.2,135.1:555.5,136.2:557.5,137.3:562.5,138.3:566.5,139.3:570.0,140.3:574.0,141.2:576.7,142.3:580.7,143.3:586.7,144.4:591.0,145.2:594.0,146.3:599.5,147.3:604.2,148.3:608.2,149.3:616.7,150.3:626.2,157.1:0.0,158.1:0.0,153.4:0.0,160.2:0.0,161.2:0.0,162.3:0.0,163.3:0.0,164.4:0.0,165.4:0.0,166.5:0.0,167.5:0.0,168.5:0.0,169.5:0.0,170.6:0.0,171.6:0.0,172.7:0.0,173.7:0.0,169.2:0.0,175.8:0.0,176.8:0.0,177.8:0.0,178.9:0.0,179.9:0.0,180.9:0.0,176.7:0.0,183.0:0.0,184.0:0.0,185.1:0.0,186.1:0.0,187.1:0.0,182.9:0.0,184.0:511.0,185.1:505.5,186.2:501.0,187.3:498.0,188.4:496.0,189.4:493.2,190.5:491.5,191.5:489.0,192.5:486.2,193.6:483.2,194.5:481.0,195.7:479.2,196.6:477.0,197.9:476.0,198.7:475.0,199.9:473.2,200.8:471.7,201.8:470.7,202.9:470.0,204.0:469.5,205.0:469.2,206.2:469.2,207.0:469.2,208.1:468.5,209.4:468.5,210.3:468.5,211.2:468.0,212.4:468.7,213.3:469.5,214.3:470.7,215.5:472.2,216.4:473.0,217.4:475.0,218.7:476.2,219.6:477.2,220.6:478.7,221.5:480.7,222.7:483.0,223.7:485.0,224.6:487.5,225.5:491.0,226.7:493.7,227.7:496.0,228.8:498.5,229.8:500.7,230.7:504.2,231.6:509.2,232.7:513.7,239.0:0.0,234.9:518.7,235.7:525.7,236.7:533.0,243.1:0.0,244.1:0.0,245.2:0.0,246.2:0.0,247.2:0.0,248.3:0.0,249.3:0.0,244.9:0.0,251.4:0.0,252.4:0.0,253.4:0.0,254.5:0.0,255.5:0.0,256.5:0.0,257.6:0.0,258.6:0.0,259.6:0.0,260.6:0.0,261.7:0.0,262.7:0.0,263.7:0.0,264.8:0.0,265.8:0.0,266.8:0.0,267.9:0.0,268.9:0.0,269.9:0.0,271.0:0.0,272.0:0.0,273.0:0.0,274.1:0.0,275.1:0.0,276.1:0.0,277.2:0.0,278.2:0.0,279.2:0.0,280.3:0.0,281.3:0.0,282.3:0.0,283.3:0.0,284.3:0.0,285.4:0.0,286.4:0.0,287.4:0.0,288.5:0.0,289.5:0.0,290.5:0.0,291.5:0.0,292.6:0.0,293.6:0.0,294.6:0.0,289.6:0.0,290.6:763.0,291.6:766.5,298.7:0.0,293.6:777.0,294.7:783.2,295.7:782.2,296.7:785.2,303.9:0.0,304.9:0.0,306.0:0.0,307.0:0.0,308.1:0.0,309.1:0.0,310.1:0.0,311.2:0.0,312.2:0.0,313.2:0.0,314.3:0.0,315.3:0.0,316.3:0.0,317.4:0.0,318.4:0.0,319.4:0.0,320.5:0.0,321.5:0.0,322.5:0.0,323.6:0.0,317.7:0.0,318.7:0.0,319.8:0.0,320.8:1271.2,321.9:1279.2,322.9:1289.2,324.0:1299.2,325.0:1307.7,326.0:1318.2,327.0:1329.5,328.1:1341.5,329.1:1358.5,330.1:1371.0,331.2:1384.0,332.1:1403.2,333.2:1421.7,334.2:1437.5,335.2:1453.2,336.2:1472.5,337.3:1495.2,338.3:1515.5,339.3:1536.5,340.3:1561.5,341.3:1587.5,342.3:1613.0,343.4:1634.7,344.4:1658.5,345.4:1690.7,353.6:0.0,354.6:0.0,348.6:0.0,356.7:0.0,357.7:0.0,
358.8:0.0,359.8:0.0,0.8:0.0,1.9:0.0,2.9:0.0,4.0:0.0,358.1:0.0,359.2:1271.7,7.1:0.0,1.3:1258.0,2.3:1246.7,3.3:1248.0,11.2:0.0,12.2:0.0,13.3:0.0,14.3:0.0,15.3:0.0,16.4:0.0,17.4:0.0,18.5:0.0,12.3:0.0,13.4:1873.7,14.4:1864.5,15.4:1856.5,16.5:1850.0,17.5:1844.0,18.6:1840.0,19.6:1835.2,20.6:1828.0,21.6:1823.7,22.7:1826.2,23.7:1821.2,24.7:1819.2,25.8:1819.2,26.9:1814.5,27.9:1827.7,28.9:1834.2,29.9:1830.7,31.0:1828.7,32.0:1829.0,33.0:1834.7,34.1:1839.7,35.1:1846.5,36.1:1850.0,37.2:1858.7,38.2:1867.2,39.2:1873.2,40.3:1880.2,41.3:1887.2,42.3:1897.0,43.4:1907.5,44.4:1927.0,52.7:0.0,53.7:0.0,54.7:0.0,48.7:0.0,49.7:1669.7,50.7:1683.2,51.8:1687.2,52.8:1685.0,53.8:1694.5,54.9:1712.5,55.8:1728.7,64.1:0.0,57.9:1753.2,58.9:1779.5,67.2:0.0,68.2:0.0,69.2:0.0,70.3:0.0,71.3:0.0,72.4:0.0,73.4:0.0,74.4:0.0,75.5:0.0,76.5:0.0,77.5:0.0,78.6:0.0,79.6:0.0,80.6:0.0,81.7:0.0,82.7:0.0,83.7:0.0,84.8:0.0,85.8:0.0,86.8:0.0,87.9:0.0,88.9:0.0,82.9:0.0,83.8:1532.0,91.9:0.0,93.0:0.0,94.0:0.0,95.0:0.0,96.1:0.0,97.1:0.0,98.1:0.0,92.2:0.0,93.3:1389.0,94.3:1378.2,95.3:1368.7,96.4:1364.2,97.4:1356.7,98.5:1346.2,106.4:0.0,107.4:0.0,108.4:0.0,109.5:0.0,103.6:1326.7,104.7:1306.0,105.7:1301.2,106.7:1297.2,107.7:1292.7,108.8:1291.0,109.8:1288.2,110.8:1287.2,111.9:1285.0,112.9:1283.2,114.0:1282.5,115.0:1281.2,116.1:1281.0,117.0:1281.0,118.1:1283.0,119.1:1283.7,120.1:1284.2,121.2:1285.5,122.2:1285.0,130.1:0.0,124.2:1303.2,125.3:1325.5,133.2:0.0,134.2:0.0,135.3:0.0,136.3:0.0,137.4:0.0,132.5:0.0,139.5:0.0,140.5:0.0,135.7:0.0,136.7:677.5,137.8:677.0,138.8:679.2,139.8:682.2,140.9:685.2,141.8:687.7,142.8:691.2,143.9:696.2,144.9:702.0,146.0:708.2,152.9:0.0,147.8:720.5,149.0:733.5,150.0:740.2,157.0:0.0,158.1:0.0,159.1:0.0,154.0:0.0,161.2:0.0,162.3:0.0,157.1:0.0,158.2:814.5,165.4:0.0,166.4:0.0,167.5:0.0,168.5:0.0,169.5:0.0,170.6:0.0,171.6:0.0,172.7:0.0,173.7:0.0,174.7:0.0,175.8:0.0,176.8:0.0,177.8:0.0,172.8:0.0,179.9:0.0,181.0:0.0,182.0:0.0,183.0:0.0,184.1:0.0,179.1:0.0,180.2:718.2,181.2:710.5,182.2:704.7,183.2:699.5,184.3:695.5,185.5:690.7,186.4:685.5,187.5:681.5,188.6:677.5,189.7:673.5,190.8:670.2,191.8:667.2,192.7:664.2,193.7:660.7,194.9:659.0,195.9:656.0,197.0:652.5,198.0:650.7,199.0:649.0,200.0:647.5,201.0:646.7,202.1:645.0,203.2:643.0,204.2:641.7,205.4:642.0,206.3:642.2,207.5:640.5,208.5:640.2,209.6:640.0,210.5:641.0,211.5:642.7,212.5:643.5,213.5:645.0,214.6:646.0,215.6:647.7,216.6:649.5,217.8:650.7,218.7:652.2,219.7:653.7,220.9:657.2,222.0:661.5,223.0:664.2,223.8:667.5,224.9:672.5,225.9:675.2,227.0:679.5,228.0:684.2,229.0:686.5,230.1:690.0,231.0:695.0,232.1:700.0,233.0:705.2,234.2:712.5,235.1:720.2,236.2:730.0,237.2:738.5,244.2:0.0,245.3:0.0,246.3:0.0,241.2:0.0,248.4:0.0,249.4:0.0,250.5:0.0,251.5:0.0,252.6:0.0,253.6:0.0,254.6:0.0,255.7:0.0,256.7:0.0,257.7:0.0,258.7:0.0,259.8:0.0,260.8:0.0,261.8:0.0,262.9:0.0,263.9:0.0,265.0:0.0,266.0:0.0,267.0:0.0,268.1:0.0,269.1:0.0,270.1:0.0,271.2:0.0,272.2:0.0,273.2:0.0,274.3:0.0,275.3:0.0,276.3:0.0,277.4:0.0,278.4:0.0,279.5:0.0,274.4:0.0,275.6:716.5,276.5:715.7,277.4:720.2,278.6:723.7,279.6:726.7,280.6:720.2,281.6:714.5,282.8:718.7,283.8:723.0,284.7:728.0,285.8:734.2,286.7:742.0,293.8:0.0,288.7:752.0,289.7:761.7,290.7:768.7,297.9:0.0,299.0:0.0,300.0:0.0,301.0:0.0,302.1:0.0,303.1:0.0,304.1:0.0,305.2:0.0,306.2:0.0,307.3:0.0,308.3:0.0,309.3:0.0,310.4:0.0,311.4:0.0,312.4:0.0,313.5:0.0,314.5:0.0,315.5:0.0,316.6:0.0,310.7:0.0,311.8:0.0,312.9:0.0,314.0:1128.7,315.0:1125.5,316.1:1130.7,317.1:1137.0,318.1:1143.5,319.1:1151.5,320.1:1159.2,321.2:1166.7,322.2:1175.2,323.3:1184.2,324.4:1193.7,325.4:1202.2,326.4:1212.0,327.5:1224.2,328.4:1237.0,329.4:1249.2,330.4:1263.0,331.5:1276.5,332.5:1288.0,333.6:1302.5,334.6:1319.5,335.6:1336.0,336.6:1354.7,337.6:1373.2,338.6:1396.2,339.7:1420.5,340.7:1439.5,341.7:1459.0,342.7:1485.7,343.8:1520.5,344.8:1523.7,352.9:0.0,353.9:0.0,355.0:0.0,356.0:0.0,357.0:0.0,358.1:0.0,
359.0:0.0,353.3:0.0,354.4:1035.5,355.5:1026.2,356.5:1015.2,357.5:1003.5,5.2:0.0,359.7:987.2,0.8:972.2,1.8:965.0,2.8:961.5,3.8:962.7,4.9:963.7,12.4:0.0,13.5:0.0,14.5:0.0,15.5:0.0,16.5:0.0,17.6:0.0,18.7:0.0,19.7:0.0,13.7:0.0,14.7:1586.5,15.7:1582.7,16.8:1578.5,17.9:1577.2,18.8:1572.0,19.9:1567.2,20.9:1564.5,22.0:1561.5,23.0:1558.7,24.0:1556.0,25.1:1555.2,26.1:1555.7,27.2:1557.5,28.2:1558.5,29.3:1558.5,30.2:1559.7,31.3:1564.7,32.3:1569.0,33.4:1581.5,34.4:1586.2,35.5:1579.5,36.5:1583.2,37.5:1592.0,38.5:1598.7,39.6:1605.2,40.6:1611.5,41.6:1617.5,42.7:1624.2,43.7:1632.0,44.7:1642.5,45.8:1653.5,46.8:1665.7,47.8:1677.0,48.8:1688.2,49.8:1700.5,50.9:1715.7,59.1:0.0,60.1:0.0,61.2:0.0,62.2:0.0,63.2:0.0,57.2:0.0,58.2:1507.0,66.3:0.0,60.3:1515.0,61.3:1526.5,69.4:0.0,70.4:0.0,71.5:0.0,72.5:0.0,73.5:0.0,74.5:0.0,75.6:0.0,76.6:0.0,77.7:0.0,78.7:0.0,79.7:0.0,80.7:0.0,81.8:0.0,82.8:0.0,83.9:0.0,84.9:0.0,85.9:0.0,87.0:0.0,88.0:0.0,89.0:0.0,90.0:0.0,91.0:0.0,84.9:0.0,86.0:1643.2,94.1:0.0,95.1:0.0,89.1:0.0,97.2:0.0,91.1:1570.0,92.2:1553.2,93.2:1545.0,94.2:1534.7,95.3:1525.0,96.3:1517.2,97.4:1505.5,98.4:1492.7,106.5:0.0,107.5:0.0,108.5:0.0,102.5:1473.7,110.6:0.0,111.6:0.0,105.7:1446.0,106.7:1430.2,107.7:1424.2,108.8:1421.2,109.8:1423.7,110.9:1421.2,111.9:1418.2,112.9:1415.7,113.9:1412.0,115.0:1411.0,116.0:1410.5,117.1:1411.5,118.1:1412.7,119.1:1415.2,120.2:1414.5,121.1:1412.0,122.2:1414.2,123.2:1417.2,124.2:1420.5,125.3:1425.5,133.3:0.0,134.3:0.0,135.4:0.0,129.4:1442.0,130.4:1458.2,138.5:0.0,132.5:0.0,133.5:1513.5,134.6:1521.7,142.6:0.0,143.7:0.0,144.7:0.0,145.7:0.0,146.7:0.0,147.8:0.0,148.8:0.0,149.8:0.0,150.9:0.0,145.5:0.0,153.0:0.0,147.6:0.0,148.5:913.2,149.6:916.5,150.7:917.2,158.1:0.0,159.1:0.0,160.2:0.0,161.2:0.0,162.3:0.0,163.3:0.0,164.4:0.0,165.4:0.0,166.4:0.0,167.5:0.0,168.5:0.0,169.5:0.0,170.6:0.0,171.6:0.0,172.7:0.0,173.7:0.0,174.7:0.0,175.8:0.0,170.0:0.0,177.8:0.0,178.9:0.0,179.9:0.0,180.9:0.0,182.0:0.0,183.0:0.0,177.4:0.0,178.5:1025.2,179.5:1017.7,180.7:1003.2,188.2:0.0,182.6:987.7,183.7:974.7,184.7:967.2,185.9:962.2,186.8:957.2,187.9:951.0,189.0:945.7,190.1:941.5,191.1:935.7,192.1:930.7,193.1:926.0,194.2:921.7,195.2:918.7,196.3:916.2,197.2:913.5,198.3:909.2,199.3:905.7,200.4:903.0,201.5:901.0,202.5:901.5,203.6:901.5,204.6:899.7,205.7:898.7,206.7:898.7,207.7:897.0,208.9:896.5,209.8:898.5,210.9:900.0,211.9:899.7,212.9:901.0,214.0:903.5,215.1:901.0,216.1:903.5,217.1:911.0,218.0:912.0,219.1:914.0,220.2:920.0,221.2:923.5,222.3:924.5,223.3:927.7,224.3:934.5,225.3:941.5,226.3:946.0,227.4:952.2,228.4:958.0,229.4:965.0,236.9:0.0,231.5:974.5,239.0:0.0,240.0:0.0,234.5:992.5,235.5:1013.5,236.5:1024.0,237.5:1032.7,245.2:0.0,246.2:0.0,247.3:0.0,248.3:0.0,249.3:0.0,250.4:0.0,251.4:0.0,252.5:0.0,253.5:0.0,254.5:0.0,255.6:0.0,256.6:0.0,251.6:0.0,252.5:738.7,253.6:734.5,254.7:733.5,255.7:732.7,256.8:736.2,257.7:729.0,258.9:713.7,259.9:707.0,261.0:707.2,261.9:709.7,263.1:709.7,264.0:710.5,265.1:712.5,266.1:715.5,267.0:716.5,268.2:717.0,269.2:720.7,270.2:724.0,271.2:726.2,272.3:728.5,273.3:731.0,274.3:734.7,275.3:738.2,276.3:742.7,277.4:748.0,278.4:752.0,279.4:756.7,280.5:760.0,281.4:765.0,282.5:770.7,283.5:777.2,290.6:0.0,291.6:0.0,286.5:792.5,287.5:805.7,288.4:813.5,295.7:0.0,296.8:0.0,297.8:0.0,298.8:0.0,299.9:0.0,294.5:0.0,301.9:0.0,303.0:0.0,304.0:0.0,305.0:0.0,306.1:0.0,300.7:924.7,301.7:940.7,302.7:943.7,303.8:945.0,304.8:945.7,305.9:947.2,306.9:950.0,307.9:952.5,308.9:953.7,310.0:955.5,311.0:958.2,312.0:961.0,313.1:965.5,314.0:971.2,315.2:974.7,316.2:979.0,317.1:984.5,318.2:990.7,319.2:996.5,320.2:1001.2,321.3:1008.0,322.3:1016.0,323.4:1025.2,324.4:1034.7,325.3:1041.7,326.4:1048.7,327.4:1057.7,328.5:1068.2,329.5:1078.7,330.5:1089.2,331.5:1101.0,332.6:1113.0,333.6:1125.2,334.6:1140.5,335.6:1155.7,336.6:1169.0,337.6:1184.7,338.6:1202.5,339.7:1219.2,347.5:0.0,348.5:0.0,349.6:0.0,343.8:0.0,351.6:0.0,352.7:0.0,353.7:0.0,354.8:0.0,355.8:0.0,356.9:0.0,357.9:0.0,
352.9:0.0,359.9:0.0,354.8:730.7,355.9:715.7,357.0:707.5,358.0:702.5,359.2:696.5,0.1:689.2,1.3:683.7,2.2:676.7,3.4:672.2,4.5:672.0,5.3:672.7,6.5:673.7,13.3:0.0,14.3:0.0,15.4:0.0,16.4:0.0,17.5:0.0,18.5:0.0,19.5:0.0,20.6:0.0,21.6:0.0,22.7:0.0,23.7:0.0,17.8:0.0,18.9:1301.0,19.9:1297.0,21.0:1293.5,22.0:1292.0,23.0:1289.5,24.1:1286.7,25.1:1285.5,26.1:1286.2,27.1:1288.5,28.2:1289.5,29.2:1288.2,30.3:1289.0,31.3:1293.0,32.4:1296.2,33.3:1297.7,34.5:1300.7,35.4:1303.5,36.5:1308.0,37.5:1316.2,38.5:1322.5,39.5:1336.0,40.6:1348.2,41.6:1345.7,42.7:1346.0,43.7:1351.7,44.7:1358.5,45.7:1368.2,46.7:1377.5,47.8:1387.7,48.8:1402.5,49.8:1415.5,50.8:1426.5,51.9:1439.5,52.9:1453.0,53.9:1465.5,54.9:1479.5,56.0:1495.2,57.0:1513.2,58.0:1531.7,59.0:1548.5,67.1:0.0,68.2:0.0,69.2:0.0,70.2:0.0,71.3:0.0,72.3:0.0,73.3:0.0,67.4:0.0,75.4:0.0,76.4:0.0,70.5:1376.0,78.5:0.0,79.5:0.0,80.6:0.0,81.6:0.0,82.6:0.0,83.7:0.0,84.7:0.0,85.7:0.0,86.8:0.0,87.8:0.0,88.8:0.0,89.9:0.0,90.8:0.0,84.7:0.0,92.9:0.0,86.7:0.0,95.0:0.0,96.0:0.0,97.0:0.0,90.9:0.0,92.0:1707.2,93.0:1690.7,94.1:1674.0,95.0:1661.2,96.1:1650.2,97.1:1637.0,98.1:1625.2,99.2:1615.5,100.2:1607.7,101.3:1602.2,102.3:1596.7,103.4:1587.2,104.4:1578.2,105.4:1578.7,106.5:1578.2,107.5:1572.2,108.5:1572.0,109.5:1570.0,110.6:1563.0,111.6:1558.7,112.7:1556.7,113.7:1557.7,114.7:1556.5,115.7:1554.5,116.7:1557.0,117.8:1556.2,118.8:1556.0,119.8:1559.5,120.9:1561.2,121.9:1564.7,123.0:1569.5,124.0:1570.2,125.0:1572.0,126.0:1574.0,127.0:1576.2,128.1:1583.5,129.1:1590.0,130.2:1593.5,131.3:1600.2,132.2:1609.2,133.3:1615.2,134.3:1622.2,135.3:1636.2,136.4:1647.7,137.4:1656.2,145.6:0.0,139.5:0.0,140.4:1734.0,141.5:1723.7,149.7:0.0,150.7:0.0,151.7:0.0,152.8:0.0,153.8:0.0,154.9:0.0,155.9:0.0,156.9:0.0,158.0:0.0,159.0:0.0,160.0:0.0,154.3:0.0,155.5:1171.2,156.5:1172.0,164.2:0.0,165.3:0.0,166.3:0.0,167.4:0.0,168.4:0.0,169.4:0.0,170.5:0.0,171.5:0.0,172.5:0.0,173.6:0.0,174.6:0.0,175.7:0.0,176.7:0.0,177.7:0.0,171.8:0.0,179.8:0.0,180.8:0.0,181.9:0.0,182.9:0.0,184.0:0.0,185.0:0.0,186.0:0.0,180.2:0.0,188.1:0.0,182.3:1271.7,190.1:0.0,184.3:1249.5,185.4:1237.0,193.2:0.0,194.3:0.0,195.3:0.0,189.5:1218.7,190.6:1198.0,191.6:1194.0,192.7:1191.2,193.7:1184.5,194.8:1176.2,195.8:1170.7,196.8:1170.0,197.8:1169.0,198.9:1164.0,200.0:1159.2,201.0:1156.7,202.0:1155.2,203.1:1154.0,204.1:1154.0,205.2:1152.7,206.2:1153.0,207.2:1152.7,208.3:1152.2,209.3:1154.5,210.3:1155.2,211.4:1154.7,212.4:1156.2,213.5:1159.0,214.5:1160.7,215.5:1162.5,216.5:1166.2,217.6:1168.5,218.6:1173.5,219.7:1179.5,220.7:1183.5,221.8:1188.5,222.7:1194.7,223.8:1201.5,224.9:1206.2,232.7:0.0,233.7:0.0,234.7:0.0,235.8:0.0,236.8:0.0,231.0:0.0,232.0:1263.2,233.5:0.0,234.7:857.7,235.7:850.5,243.0:0.0,237.8:0.0,238.9:805.2,240.0:801.2,241.1:796.7,242.1:792.5,243.1:789.2,244.2:785.5,245.1:782.7,246.2:779.7,247.2:778.2,248.2:776.5,249.4:774.5,250.4:772.7,251.4:770.7,252.4:768.5,253.5:767.5,254.6:767.5,255.5:766.2,256.5:765.2,257.6:765.0,258.7:764.0,259.7:764.7,260.7:766.2,261.7:766.5,262.8:768.2,263.9:767.7,264.9:768.2,265.8:773.0,266.9:775.2,268.0:775.5,269.0:777.2,269.9:780.7,271.0:783.2,272.0:785.5,273.1:790.2,280.3:0.0,275.0:0.0,276.0:831.0,277.1:833.0,278.0:838.2,279.0:849.5,286.4:0.0,287.4:0.0,280.9:0.0,283.2:0.0,284.2:820.7,285.3:817.5,286.4:814.7,287.3:811.0,288.3:808.7,289.4:805.7,290.5:801.7,291.6:800.0,292.6:798.7,293.6:797.2,294.6:796.5,295.7:795.0,296.7:794.2,297.7:794.7,298.7:794.5,299.9:794.0,300.8:795.0,302.0:795.2,302.9:794.5,303.9:795.0,305.0:797.0,306.0:798.5,307.2:799.7,308.1:801.2,309.1:803.2,310.2:806.0,311.2:808.7,312.2:811.0,313.3:813.7,314.3:819.2,315.3:823.5,316.3:827.2,317.3:832.0,318.3:837.5,319.4:842.7,320.3:848.2,321.5:853.5,322.5:859.5,323.4:866.7,324.6:873.5,325.6:880.0,326.6:888.0,327.6:897.5,328.6:906.2,329.7:915.0,330.7:924.5,331.7:935.5,332.7:946.7,333.7:958.7,341.2:0.0,342.3:0.0,343.3:0.0,344.3:0.0,345.4:0.0,346.4:0.0,347.4:0.0,348.5:0.0,349.5:0.0,350.5:0.0,351.6:0.0,352.6:0.0,347.4:0.0,354.7:0.0,349.6:773.5,356.8:0.0,357.8:0.0,
354.4:423.2,355.5:419.0,0.9:0.0,357.7:413.2,358.6:405.7,359.9:402.2,0.7:399.7,2.0:396.5,2.7:392.7,4.1:390.0,5.2:389.7,6.0:386.5,7.0:382.5,8.1:382.2,9.2:381.7,10.0:382.0,11.4:382.7,12.1:384.0,17.5:0.0,18.6:0.0,19.6:0.0,20.7:0.0,21.7:0.0,22.7:0.0,23.8:0.0,24.8:0.0,25.8:0.0,26.9:0.0,27.9:0.0,29.0:0.0,23.4:0.0,24.4:1038.2,25.5:1037.5,26.5:1037.5,27.6:1037.2,28.6:1038.0,29.6:1039.0,30.7:1039.5,31.7:1040.7,32.7:1041.2,33.7:1042.7,34.7:1045.5,35.8:1048.0,36.9:1051.2,37.9:1054.7,38.9:1058.7,39.9:1063.5,41.0:1068.0,42.0:1072.5,43.0:1077.0,44.0:1082.7,45.1:1090.0,46.1:1096.5,47.1:1103.7,48.1:1111.2,49.2:1128.7,50.2:1146.7,51.3:1149.5,52.3:1151.0,53.3:1161.2,54.3:1172.0,55.3:1182.0,56.3:1194.7,57.4:1208.5,58.4:1223.0,59.3:1234.7,60.4:1249.2,61.4:1265.5,62.4:1281.0,63.4:1299.5,64.4:1318.2,65.5:1337.5,66.5:1356.0,67.5:1377.2,68.5:1400.5,76.5:0.0,77.6:0.0,78.6:0.0,79.6:0.0,80.7:0.0,81.7:0.0,82.7:0.0,83.7:0.0,84.8:0.0,79.0:0.0,86.9:0.0,87.9:0.0,82.0:0.0,90.0:0.0,90.9:0.0,92.0:0.0,93.0:0.0,94.0:0.0,95.1:0.0,96.1:0.0,97.1:0.0,98.2:0.0,99.2:0.0,100.2:0.0,94.0:0.0,95.1:1814.0,96.1:1800.5,97.2:1788.5,98.2:1778.7,99.2:1769.2,100.2:1759.0,101.3:1752.0,102.4:1743.7,103.4:1736.7,104.4:1729.2,105.5:1719.5,106.5:1715.2,107.5:1711.2,108.6:1705.7,109.6:1697.7,110.6:1691.5,111.6:1690.2,112.7:1690.2,113.7:1691.5,114.8:1689.2,115.8:1686.5,116.8:1689.5,117.9:1691.5,118.9:1688.7,119.9:1682.5,121.0:1685.2,122.0:1694.5,123.0:1695.2,124.0:1700.5,125.1:1707.0,126.1:1710.7,127.1:1718.0,128.2:1722.7,129.2:1729.5,130.2:1737.5,131.3:1745.5,132.3:1755.5,133.4:1759.2,134.4:1764.5,135.4:1783.2,136.5:1794.0,137.5:1801.5,138.5:1818.5,139.5:1831.7,147.8:0.0,148.8:0.0,142.6:1862.7,150.9:0.0,144.6:0.0,145.6:1979.7,146.7:1982.5,155.0:0.0,156.0:0.0,157.1:0.0,158.1:0.0,159.1:0.0,160.2:0.0,161.2:0.0,162.3:0.0,163.3:0.0,164.4:0.0,165.4:0.0,159.5:0.0,167.5:0.0,168.5:0.0,169.5:0.0,170.6:0.0,171.6:0.0,172.7:0.0,173.7:0.0,174.7:0.0,175.7:0.0,176.8:0.0,177.8:0.0,178.9:0.0,172.7:0.0,180.9:0.0,174.9:0.0,175.9:1649.7,176.9:1629.7,185.1:0.0,186.1:0.0,180.1:1596.2,181.1:1567.5,182.2:1557.7,183.2:1546.5,184.3:1535.5,185.3:1527.5,186.4:1515.7,187.4:1504.5,188.4:1494.0,189.5:1483.5,190.5:1475.7,191.6:1468.2,199.6:0.0,200.7:0.0,201.7:0.0,195.8:1446.5,196.8:1422.5,197.8:1419.7,198.8:1420.5,199.9:1418.0,201.0:1411.7,202.0:1407.0,203.0:1407.7,204.0:1407.0,205.1:1405.0,206.1:1404.2,207.1:1404.2,208.2:1404.0,209.2:1404.5,210.3:1406.5,211.3:1407.5,212.4:1410.7,213.4:1414.2,214.4:1414.7,215.4:1418.2,216.5:1421.2,217.6:1422.2,225.5:0.0,226.6:0.0,227.6:0.0,228.6:0.0,229.7:0.0,230.7:0.0,231.7:0.0,232.8:0.0,233.8:0.0,234.8:0.0,229.4:0.0,230.5:917.0,231.6:911.5,232.6:906.7,233.7:898.5,241.1:0.0,242.1:0.0,236.7:884.7,237.8:872.5,238.9:865.7,240.0:860.5,240.9:856.7,242.1:852.2,243.1:848.0,244.0:844.7,245.2:840.5,246.2:836.0,247.2:833.0,248.2:830.5,249.2:828.7,250.3:826.5,251.4:824.7,252.3:823.7,253.3:823.7,260.7:0.0,255.4:836.0,256.5:847.7,257.5:848.0,258.6:847.5,259.6:845.5,266.9:0.0,267.9:0.0,262.9:0.0,263.8:797.7,265.0:788.2,265.9:778.5,266.9:769.2,268.1:760.2,269.2:752.0,270.1:743.7,271.2:736.5,272.2:728.7,273.3:721.0,274.5:714.0,275.5:708.7,276.4:704.5,277.4:699.2,278.5:693.7,279.6:688.5,280.5:684.5,281.7:680.2,282.8:675.2,283.7:671.2,284.9:667.7,285.8:665.2,286.9:662.2,287.9:659.7,288.9:658.2,289.9:655.0,291.0:651.5,292.1:649.7,293.0:648.7,294.0:648.0,295.1:647.2,296.2:646.2,297.2:646.2,298.4:646.5,299.4:646.5,300.4:646.2,301.5:646.2,302.6:645.7,303.4:646.0,304.6:646.7,305.5:647.7,306.6:649.2,307.6:650.7,308.7:652.7,309.8:655.5,310.7:658.2,311.7:660.2,312.7:662.5,313.7:665.0,314.7:667.5,315.8:670.7,316.9:675.2,317.9:680.0,319.0:684.0,320.0:687.7,321.0:692.5,321.9:698.0,322.9:703.2,324.0:709.7,325.0:716.7,332.0:0.0,333.0:0.0,334.1:0.0,335.1:0.0,336.2:0.0,337.2:0.0,338.2:0.0,339.2:0.0,340.3:0.0,341.3:0.0,342.3:0.0,343.4:0.0,344.4:0.0,345.5:0.0,346.5:0.0,347.5:0.0,348.5:0.0,349.6:0.0,350.6:0.0,351.7:0.0,352.7:0.0,353.7:0.0,354.8:0.0,355.9:0.0,356.9:0.0,353.4:0.0,
351.9:1658.2,352.9:1650.0,354.0:1637.7,355.0:1621.7,356.0:1610.7,357.1:1604.2,358.1:1596.5,359.2:1593.2,0.2:1591.0,1.2:1587.2,2.3:1582.7,3.3:1579.2,4.3:1577.0,5.4:1570.5,6.4:1563.7,7.5:1558.7,8.5:1557.0,9.6:1557.0,10.6:1557.0,11.6:1559.5,12.6:1559.0,13.7:1557.2,14.7:1558.7,15.8:1558.2,16.8:1558.5,17.8:1561.7,18.8:1567.7,19.9:1570.5,20.9:1571.2,21.9:1575.0,23.0:1580.7,24.0:1586.0,25.0:1587.0,26.0:1589.7,27.1:1599.2,28.1:1607.5,29.2:1617.0,30.2:1628.0,31.2:1631.5,32.3:1639.7,33.3:1654.5,34.3:1664.7,35.4:1673.0,36.3:0.0,44.5:0.0,45.6:0.0,46.6:0.0,47.7:0.0,48.7:0.0,49.7:0.0,50.7:0.0,51.8:0.0,52.8:0.0,53.9:0.0,54.9:0.0,49.1:0.0,57.0:0.0,51.2:1194.5,52.3:1179.7,53.3:1181.2,61.1:0.0,62.1:0.0,63.2:0.0,64.2:0.0,65.2:0.0,66.3:0.0,67.3:0.0,68.3:0.0,69.4:0.0,70.4:0.0,71.4:0.0,72.5:0.0,73.5:0.0,74.5:0.0,75.6:0.0,76.6:0.0,77.6:0.0,78.7:0.0,79.7:0.0,80.7:0.0,81.8:0.0,82.8:0.0,83.8:0.0,84.9:0.0,79.1:0.0,80.1:1258.2,88.0:0.0,89.0:0.0,90.0:0.0,91.0:0.0,92.1:0.0,86.2:0.0,87.3:1204.0,88.4:1199.7,89.5:1193.7,90.4:1187.0,91.5:1180.7,92.5:1175.2,93.5:1171.2,94.6:1168.0,95.6:1165.2,96.6:1164.0,97.7:1163.5,98.8:1159.7,99.7:1157.0,100.8:1155.7,101.8:1155.5,102.8:1156.7,103.9:1157.0,104.9:1157.0,106.0:1156.7,107.0:1156.7,108.0:1158.5,109.0:1161.7,110.1:1164.5,111.1:1164.7,112.1:1167.2,113.1:1170.0,114.2:1174.5,115.2:1181.0,116.2:1184.5,117.2:1189.0,118.3:1196.7,119.2:1200.0,120.3:1202.2,128.1:0.0,129.2:0.0,130.2:0.0,131.2:0.0,132.3:0.0,126.5:0.0,127.5:1259.0,135.4:0.0,130.1:0.0,131.2:855.2,132.2:849.7,139.6:0.0,134.4:0.0,135.5:805.5,136.5:800.7,137.6:796.5,138.5:793.0,139.7:789.5,140.7:785.0,141.8:782.0,142.8:781.2,143.7:777.5,144.8:774.2,145.8:773.2,146.8:770.7,148.0:768.7,149.0:766.5,150.1:765.2,151.0:765.2,152.1:764.0,153.2:763.0,154.2:761.7,155.2:761.7,156.2:762.5,157.4:764.0,158.3:765.0,159.4:766.5,160.4:769.0,161.5:769.7,162.5:771.5,163.4:775.0,164.5:777.2,165.5:778.5,166.6:779.5,167.6:782.0,168.6:785.5,169.6:788.7,176.9:0.0,171.6:0.0,172.7:831.2,173.7:834.5,181.0:0.0,182.0:0.0,183.1:0.0,176.5:0.0,185.2:0.0,180.1:0.0,181.1:815.2,182.1:811.0,183.2:807.7,184.2:804.7,185.1:802.5,186.3:799.7,187.3:797.2,188.3:795.5,189.3:794.0,190.5:792.5,191.4:791.0,192.5:790.2,193.6:789.5,194.5:788.5,195.6:788.0,196.6:789.0,197.7:790.0,198.7:790.0,199.8:790.5,200.8:791.5,201.8:792.0,202.9:793.2,203.9:795.0,204.9:797.5,205.9:800.2,207.0:802.0,208.1:804.0,209.0:807.5,210.1:811.5,211.2:814.5,212.2:818.2,213.2:823.7,214.2:828.2,215.3:834.0,216.2:840.2,217.2:845.7,218.2:851.2,219.4:856.2,220.3:862.7,221.4:870.2,222.4:878.2,223.4:886.5,224.5:895.5,225.5:905.0,226.5:913.7,227.5:922.7,228.5:933.5,229.5:944.0,230.5:957.0,238.1:0.0,239.1:0.0,240.2:0.0,241.2:0.0,242.2:0.0,243.3:0.0,244.3:0.0,245.3:0.0,246.4:0.0,247.4:0.0,248.5:0.0,249.5:0.0,250.5:0.0,251.6:0.0,252.6:0.0,253.6:0.0,254.7:0.0,255.7:0.0,250.8:0.0,251.9:715.2,252.9:708.0,254.0:701.5,255.0:694.5,256.0:689.0,257.1:683.2,258.2:676.2,259.1:668.2,260.2:665.0,261.3:666.2,262.2:666.7,263.3:668.2,270.2:0.0,271.2:0.0,272.3:0.0,273.3:0.0,274.4:0.0,275.4:0.0,276.4:0.0,277.5:0.0,278.5:0.0,279.5:0.0,280.6:0.0,274.7:0.0,275.6:1295.0,276.7:1291.7,277.7:1288.5,278.7:1285.0,279.8:1285.0,280.9:1284.2,281.9:1284.2,282.9:1282.0,283.9:1281.2,285.0:1284.7,286.0:1286.5,287.0:1288.2,288.1:1290.2,289.0:1292.0,290.1:1297.0,291.1:1301.2,292.2:1303.2,293.2:1305.7,294.2:1312.5,295.2:1320.2,296.2:0.0,297.2:1360.2,298.3:1343.5,299.4:1346.2,300.5:1355.5,301.5:1363.0,302.5:1369.5,303.5:1378.7,304.6:1389.0,305.6:1403.5,306.7:1416.2,307.7:1429.2,308.7:1442.7,309.7:1456.5,310.7:1472.0,311.7:1488.0,312.7:1504.5,313.7:1520.5,314.8:1537.7,315.8:1561.0,323.9:0.0,325.0:0.0,326.0:0.0,327.0:0.0,328.1:0.0,329.1:0.0,330.2:0.0,331.2:0.0,332.3:0.0,333.3:0.0,334.4:0.0,335.4:0.0,336.4:0.0,337.5:0.0,338.5:0.0,339.5:0.0,340.6:0.0,341.6:0.0,342.7:0.0,343.7:0.0,344.7:0.0,345.8:0.0,346.8:0.0,347.8:0.0,348.9:0.0,342.7:0.0,351.0:0.0,352.0:0.0,353.0:0.0,354.1:0.0,348.0:0.0,349.0:1697.5,350.1:1683.0,351.1:1669.2,
359.4:0.0,0.4:0.0,1.5:0.0,2.5:0.0,3.5:0.0,357.7:0.0,358.7:1302.5,359.8:1297.0,0.8:1293.2,1.8:1290.0,2.9:1286.0,3.9:1284.2,4.9:1281.0,6.0:1278.0,7.1:1275.5,8.0:1270.2,9.1:1268.0,10.1:1268.2,11.2:1267.5,12.3:1267.5,13.2:1267.7,14.3:1269.0,15.4:1271.2,16.4:1270.2,17.3:1274.0,18.4:1277.0,19.5:1278.2,20.5:1282.5,21.5:1286.0,22.6:1287.7,23.5:1290.0,24.6:1295.5,25.6:1299.5,26.7:1304.0,34.6:0.0,35.6:0.0,36.7:0.0,37.7:0.0,38.7:0.0,32.9:0.0,33.9:1357.7,34.9:1364.7,35.9:1375.2,37.0:1386.5,38.0:1393.5,46.0:0.0,47.0:0.0,48.1:0.0,42.1:0.0,43.1:1497.5,44.1:1530.0,52.2:0.0,53.2:0.0,54.3:0.0,55.3:0.0,56.3:0.0,57.4:0.0,58.4:0.0,59.5:0.0,60.5:0.0,61.5:0.0,62.5:0.0,63.6:0.0,64.6:0.0,65.7:0.0,66.7:0.0,67.7:0.0,68.7:0.0,63.1:0.0,64.2:1031.0,65.2:1031.2,72.9:0.0,73.9:0.0,74.9:0.0,76.0:0.0,77.0:0.0,78.0:0.0,79.1:0.0,80.1:0.0,81.1:0.0,82.2:0.0,83.2:0.0,84.2:0.0,78.3:0.0,79.4:1375.5,87.3:0.0,88.4:0.0,89.4:0.0,90.4:0.0,84.6:0.0,85.6:1287.7,86.7:1280.5,87.6:1273.2,88.7:1267.2,89.7:1263.0,90.8:1257.7,91.9:1253.0,92.9:1250.0,93.9:1247.5,95.0:1243.2,95.9:1240.7,97.0:1239.2,98.0:1237.5,99.0:1235.5,100.1:1235.7,101.1:1234.5,102.2:1230.7,103.2:1229.5,104.3:1228.0,105.3:1228.5,106.3:1231.2,107.2:1232.0,108.3:1233.0,109.4:1235.5,110.4:1237.0,111.4:1237.5,112.4:1240.0,113.5:1244.2,114.5:1248.7,115.6:1255.5,116.5:1259.7,117.5:1260.7,118.6:1265.5,119.6:1271.7,120.6:1280.2,121.7:1287.2,122.7:1295.7,130.6:0.0,131.6:0.0,132.7:0.0,133.7:0.0,134.7:0.0,135.8:0.0,129.9:0.0,130.9:1373.0,138.9:0.0,140.0:0.0,141.0:0.0,142.0:0.0,143.1:0.0,144.1:0.0,145.1:0.0,139.1:0.0,140.6:0.0,141.5:1080.0,142.6:1071.5,143.7:1070.0,144.8:1054.0,145.8:1037.2,146.8:1036.0,147.8:1034.5,148.9:1032.0,149.9:1028.7,150.9:1025.5,152.0:1025.2,153.0:1025.2,154.0:1025.0,155.0:1025.0,156.2:1024.7,157.3:1024.7,158.3:1025.7,159.3:1027.2,160.3:1028.0,161.3:1029.2,162.4:1034.2,163.5:1038.2,164.4:1038.7,165.5:1040.7,166.6:1046.0,167.5:1049.0,168.6:1053.0,169.7:1059.5,170.7:1064.2,171.7:1069.5,179.4:0.0,173.7:0.0,174.8:1114.0,182.5:0.0,183.5:0.0,176.9:0.0,179.0:0.0,179.9:1105.2,181.0:1100.5,182.0:1096.2,183.0:1090.5,184.0:1085.7,185.1:1083.0,186.1:1080.0,187.2:1075.2,188.1:1071.2,189.2:1069.5,190.3:1067.2,191.2:1066.7,192.4:1065.2,193.4:1061.2,194.4:1061.7,195.4:1062.5,196.5:1061.5,197.5:1060.5,198.5:1060.5,199.6:1063.7,200.6:1066.2,201.7:1066.7,202.6:1067.7,203.8:1070.7,204.7:1074.0,205.8:1077.2,206.8:1080.5,207.8:1085.5,208.9:1090.7,209.9:1094.5,210.9:1098.7,212.0:1104.2,213.0:1111.2,214.0:1117.2,215.1:1123.2,216.1:1127.5,217.2:1134.7,218.2:1144.7,219.2:1156.0,219.8:0.0,228.0:0.0,229.0:0.0,230.1:0.0,231.1:0.0,232.1:0.0,233.2:0.0,234.2:0.0,235.2:0.0,236.3:0.0,237.3:0.0,238.4:0.0,239.4:0.0,240.4:0.0,241.5:0.0,242.5:0.0,237.4:0.0,238.4:769.7,239.6:759.0,240.5:756.0,241.7:755.7,248.7:0.0,249.7:0.0,250.8:0.0,251.8:0.0,252.9:0.0,253.9:0.0,254.9:0.0,256.0:0.0,257.0:0.0,258.0:0.0,259.0:0.0,260.1:0.0,261.1:0.0,262.1:0.0,263.2:0.0,264.2:0.0,265.2:0.0,266.3:0.0,267.3:0.0,261.5:0.0,262.5:1297.7,263.5:1288.0,264.6:1278.2,265.6:1273.2,266.6:1267.5,267.7:1260.7,268.7:1255.5,269.7:1250.5,270.8:1245.2,271.8:1239.5,272.9:1234.7,274.0:1231.7,275.0:1230.0,275.9:1227.7,277.0:1222.0,278.0:1218.2,279.0:1217.5,280.0:1218.2,281.0:1217.2,282.1:1217.0,283.1:1222.0,284.1:1234.0,285.2:1238.7,286.2:1230.7,287.2:1227.2,288.2:1228.2,289.3:1230.7,290.2:1233.5,291.3:1234.0,292.3:1238.5,293.4:1245.7,294.4:1251.2,295.4:1256.0,296.4:1261.2,297.5:1268.5,298.5:1274.2,299.6:1280.2,300.6:1290.0,301.6:1298.0,302.6:1306.2,303.7:1312.5,304.7:1319.7,305.8:1333.7,306.8:1346.7,314.7:0.0,315.8:0.0,316.8:0.0,317.8:0.0,318.9:0.0,319.9:0.0,320.9:0.0,322.0:0.0,323.0:0.0,324.0:0.0,318.3:0.0,319.3:1171.0,327.1:0.0,328.2:0.0,329.2:0.0,330.3:0.0,331.3:0.0,332.3:0.0,333.4:0.0,334.4:0.0,335.5:0.0,336.5:0.0,337.5:0.0,338.5:0.0,339.6:0.0,340.6:0.0,341.7:0.0,342.7:0.0,343.7:0.0,337.7:0.0,345.8:0.0,346.8:0.0,347.9:0.0,348.9:0.0,349.9:0.0,351.0:0.0,352.0:0.0,353.0:0.0,354.1:0.0,348.2:0.0,349.2:1380.5,350.3:1369.7,351.3:1362.7,
352.7:1045.5,353.7:1041.7,354.8:1036.5,355.8:1029.7,356.8:1022.7,358.0:1017.5,359.0:1014.5,0.0:1011.7,1.1:1009.2,2.1:1005.5,3.1:1001.5,4.2:999.2,5.2:997.0,6.2:994.7,7.3:993.5,8.2:991.7,9.3:990.2,10.4:990.0,11.4:988.2,12.5:987.5,13.4:987.5,14.5:987.5,15.5:988.7,16.6:991.0,17.5:991.5,18.7:993.0,19.7:997.0,20.8:999.7,21.7:1001.2,22.8:1003.7,23.8:1006.5,24.9:1010.0,25.9:1014.7,26.9:1018.0,28.0:1023.0,28.9:1028.5,30.0:1032.0,31.0:1038.2,32.0:1045.7,33.0:1052.0,40.7:0.0,35.2:1063.0,36.1:1073.0,37.2:1080.5,38.2:1088.7,39.2:1095.7,47.0:0.0,48.0:0.0,49.0:0.0,50.1:0.0,51.1:0.0,52.1:0.0,53.2:0.0,54.2:0.0,55.2:0.0,56.3:0.0,57.3:0.0,58.3:0.0,59.4:0.0,60.4:0.0,61.5:0.0,62.5:0.0,63.5:0.0,64.6:0.0,65.6:0.0,66.6:0.0,67.6:0.0,68.6:0.0,69.7:0.0,70.7:0.0,71.7:0.0,72.8:0.0,73.8:0.0,68.2:0.0,69.3:1033.0,70.4:1023.7,77.9:0.0,72.5:1005.2,73.5:982.5,74.5:971.5,75.6:964.5,76.6:958.0,77.6:951.7,78.7:944.7,79.8:941.7,87.2:0.0,88.3:0.0,89.3:0.0,90.3:0.0,91.3:0.0,92.4:0.0,93.4:0.0,94.4:0.0,95.5:0.0,89.5:0.0,90.6:1360.7,91.7:1359.0,99.6:0.0,100.6:0.0,94.8:0.0,95.8:1307.2,96.9:1305.7,97.9:1303.7,98.9:1301.7,100.0:1299.7,101.0:1299.5,102.0:1298.7,103.0:1299.2,104.1:1300.0,105.1:1300.2,106.1:1298.5,107.2:1300.0,108.2:1303.0,109.2:1303.5,110.2:1306.2,111.3:1309.5,112.3:1316.2,120.2:0.0,114.4:1325.0,115.5:1329.5,116.4:1331.5,117.5:1336.7,118.5:1342.2,119.5:1346.2,120.6:1353.0,121.5:1363.7,122.6:1371.2,123.6:1375.5,124.6:1388.0,125.7:1399.5,133.7:0.0,134.7:0.0,135.7:0.0,136.8:0.0,137.8:0.0,131.9:0.0,139.9:0.0,133.9:1505.0,134.9:1528.0,143.0:0.0,136.9:1548.0,145.1:0.0,139.0:1579.2,147.1:0.0,148.2:0.0,149.2:0.0,150.2:0.0,151.3:0.0,152.3:0.0,153.3:0.0,154.4:0.0,155.4:0.0,149.6:0.0,150.6:1310.2,151.7:1298.0,152.7:1288.0,153.7:1288.0,154.7:1287.5,155.9:1287.0,156.9:1286.0,157.9:1287.7,158.9:1291.2,160.0:1293.5,161.0:1296.2,162.0:1297.7,163.0:1299.7,164.2:1303.0,165.1:1305.2,173.1:0.0,174.1:0.0,175.2:0.0,169.2:1319.5,177.2:0.0,171.3:1337.5,172.4:1350.5,180.3:0.0,174.4:0.0,175.5:1404.2,183.4:0.0,184.5:0.0,185.5:0.0,179.5:1401.5,180.6:1392.2,181.7:1385.5,182.7:1379.7,183.7:1374.7,184.8:1367.0,185.8:1364.5,186.8:1362.2,187.9:1352.2,188.9:1348.2,190.0:1346.2,191.0:1344.0,192.0:1343.7,193.0:1340.0,194.1:1336.7,195.1:1334.5,196.2:1333.0,197.2:1333.7,198.3:1336.0,199.3:1340.2,200.3:1340.5,201.3:1343.0,202.4:1347.0,203.5:1347.5,204.5:1352.5,205.5:1358.7,206.6:1362.7,207.6:1366.5,208.6:1370.2,209.7:1378.2,210.7:1387.5,211.8:1398.5,219.7:0.0,220.8:0.0,221.8:0.0,222.8:0.0,223.9:0.0,224.9:0.0,226.0:0.0,227.0:0.0,228.0:0.0,229.1:0.0,230.1:0.0,224.7:0.0,225.7:926.5,226.8:927.0,234.2:0.0,235.2:0.0,236.3:0.0,237.3:0.0,238.3:0.0,239.4:0.0,233.8:0.0,241.5:0.0,242.5:0.0,243.5:0.0,244.5:0.0,245.6:0.0,246.6:0.0,247.7:0.0,248.7:0.0,249.7:0.0,250.8:0.0,251.8:0.0,252.8:0.0,253.9:0.0,254.9:0.0,249.0:0.0,250.0:1363.2,251.1:1347.5,252.1:1334.5,253.2:1320.0,254.2:1304.2,255.3:1292.0,256.3:1282.0,257.3:1272.7,258.5:1262.5,259.5:1252.5,260.5:1242.0,261.6:1232.2,262.5:1225.2,263.6:1217.7,264.7:1211.0,265.7:1204.5,266.8:1197.2,267.8:1188.7,268.8:1183.0,269.9:1181.7,270.9:1194.0,271.9:1193.0,273.0:1174.0,274.0:1167.7,275.1:1165.7,276.0:1162.7,277.1:1159.7,278.1:1159.0,279.1:1158.0,280.1:1156.5,281.2:1156.7,282.2:1157.0,283.2:1157.2,284.3:1158.5,285.3:1161.0,286.3:1162.7,287.4:1163.2,288.3:1164.7,289.4:1167.0,290.5:1170.2,291.5:1173.7,292.5:1176.5,293.5:1180.0,294.6:1183.7,295.6:1188.2,296.6:1199.5,304.4:0.0,305.4:0.0,306.6:0.0,307.6:0.0,308.6:0.0,303.2:0.0,304.3:950.0,305.3:952.2,306.3:960.5,313.8:0.0,308.4:959.2,309.4:958.0,310.4:963.7,318.0:0.0,319.0:0.0,320.0:0.0,314.6:0.0,315.5:1017.5,316.6:1026.0,324.2:0.0,325.2:0.0,326.2:0.0,327.3:0.0,321.6:0.0,329.4:0.0,330.4:0.0,331.4:0.0,332.5:0.0,333.5:0.0,334.5:0.0,335.6:0.0,336.6:0.0,337.6:0.0,331.7:0.0,339.7:0.0,340.7:0.0,341.8:0.0,342.8:0.0,343.9:0.0,344.9:0.0,345.9:0.0,347.0:0.0,348.0:0.0,349.0:0.0,350.1:0.0,351.1:0.0,345.5:0.0,346.5:1096.0,347.7:1087.5,348.7:1079.2,356.3:0.0,357.4:0.0,358.4:0.0,
352.8:644.0,354.0:642.2,355.0:639.2,356.1:634.7,357.1:630.7,358.2:629.0,359.2:626.7,0.3:625.2,1.2:623.5,2.3:620.7,3.4:620.2,4.5:620.0,5.6:618.0,6.6:616.2,7.6:615.2,8.6:615.2,9.6:615.0,10.6:614.2,11.6:614.7,12.8:613.5,13.9:612.7,14.8:613.2,15.9:614.2,16.9:615.7,17.9:615.0,18.9:613.7,20.0:615.0,21.0:617.5,22.0:619.0,23.0:621.5,24.1:624.7,25.1:627.2,26.1:628.5,27.2:631.2,28.3:635.2,29.3:639.7,30.3:644.2,31.2:647.0,32.4:651.0,33.4:656.5,34.3:659.7,35.5:661.7,36.5:668.0,37.5:671.7,38.5:675.5,39.4:681.7,40.5:689.2,41.5:698.0,42.6:705.0,49.5:0.0,50.6:0.0,51.6:0.0,52.6:0.0,53.7:0.0,54.7:0.0,55.8:0.0,56.8:0.0,57.8:0.0,58.9:0.0,59.9:0.0,61.0:0.0,62.0:0.0,63.0:0.0,64.1:0.0,65.1:0.0,66.1:0.0,67.1:0.0,68.2:0.0,69.2:0.0,70.2:0.0,71.3:0.0,72.3:0.0,73.4:0.0,74.4:0.0,75.4:0.0,69.8:0.0,77.5:0.0,71.9:1119.2,72.9:1101.2,73.9:1091.2,75.0:1080.7,76.1:1072.0,83.7:0.0,78.2:1054.7,79.1:1041.0,80.2:1035.2,81.3:1027.2,82.4:1018.7,83.4:1011.2,84.4:1006.5,85.5:1001.0,86.5:995.5,87.5:989.7,88.5:982.7,89.5:977.0,90.6:973.0,91.7:969.7,92.7:967.0,93.7:963.7,94.8:961.5,95.9:957.7,96.9:953.5,97.9:952.7,98.9:952.2,100.0:950.0,101.0:950.0,102.0:951.5,109.5:0.0,110.6:0.0,111.6:0.0,112.7:0.0,106.7:0.0,107.8:1415.0,108.8:1405.0,109.8:1402.0,110.8:1405.0,111.8:1408.5,112.9:1411.0,113.9:1414.7,115.0:1420.5,123.0:0.0,124.0:0.0,125.1:0.0,126.1:0.0,127.1:0.0,121.1:0.0,122.2:1479.7,123.2:1489.2,124.2:1499.5,125.2:1510.5,126.3:1520.7,127.3:1530.7,128.3:1539.7,129.4:1549.7,137.5:0.0,131.5:1572.2,139.6:0.0,140.6:0.0,134.5:1614.7,135.6:1648.0,136.6:1664.7,144.8:0.0,145.8:0.0,146.9:0.0,147.9:0.0,148.9:0.0,150.0:0.0,151.0:0.0,152.0:0.0,153.1:0.0,154.1:0.0,155.2:0.0,156.2:0.0,157.2:0.0,158.3:0.0,159.3:0.0,160.3:0.0,161.4:0.0,155.3:1673.2,156.3:1669.0,164.5:0.0,158.5:1655.7,159.5:1646.7,160.5:1647.2,161.6:1650.5,162.6:1658.0,163.6:1665.7,164.7:1672.5,165.7:1677.5,166.7:1682.2,167.8:1688.5,168.8:1694.0,169.8:1704.7,170.9:1715.5,172.0:1726.0,173.0:1738.2,174.0:1747.2,175.0:1773.5,176.0:1797.2,184.3:0.0,185.3:0.0,179.2:1793.2,180.2:1781.0,181.2:1773.5,182.3:1767.5,183.3:1760.2,184.4:1754.0,185.4:1745.5,186.4:1739.7,187.5:1735.7,188.5:1732.0,189.6:1729.7,190.6:1725.5,191.6:1717.7,192.7:1712.2,193.7:1714.0,194.8:1715.2,195.8:1713.2,196.8:1713.2,197.8:1715.2,198.9:1715.5,199.9:1718.2,200.9:1725.5,202.0:1729.5,203.1:1731.2,204.1:1738.0,212.3:0.0,213.4:0.0,214.4:0.0,215.4:0.0,216.5:0.0,217.5:0.0,218.6:0.0,212.8:0.0,220.6:0.0,221.7:0.0,222.7:0.0,223.7:0.0,224.8:0.0,219.0:0.0,226.9:0.0,227.9:0.0,229.0:0.0,230.0:0.0,231.0:0.0,232.1:0.0,233.1:0.0,234.2:0.0,235.2:0.0,236.2:0.0,237.3:0.0,238.3:0.0,239.4:0.0,240.4:0.0,241.4:0.0,235.4:0.0,236.4:1533.7,237.5:1505.0,238.6:1477.7,239.6:1450.7,240.7:1422.5,241.8:1398.0,242.8:1376.5,243.9:1356.7,245.0:1335.5,245.9:1317.0,247.0:1302.5,248.1:1285.0,249.2:1270.2,250.2:1256.0,251.2:1244.7,252.3:1244.5,253.3:1232.5,254.4:1209.5,255.4:1193.5,256.5:1183.2,257.5:1177.2,258.5:1168.2,259.6:1159.2,260.7:1150.2,261.7:1142.0,262.7:1134.5,263.8:1128.2,264.8:1123.5,265.9:1117.5,266.9:1112.2,268.0:1108.7,269.0:1103.2,270.1:1096.0,271.1:1092.5,272.2:1088.7,273.1:1085.0,274.2:1084.7,275.2:1082.7,276.2:1079.5,277.1:1078.7,278.2:1081.5,279.7:0.0,280.8:793.5,281.9:793.7,282.8:793.7,283.8:795.0,284.9:0.0,286.0:772.2,287.0:773.7,288.0:774.5,289.1:775.5,290.0:776.2,291.1:777.5,292.2:779.5,293.1:782.0,294.3:783.2,295.2:786.2,296.3:790.0,297.3:793.0,298.3:797.2,299.3:799.5,300.5:802.7,301.5:808.5,302.6:813.7,303.7:817.2,304.7:821.0,305.7:827.0,306.7:832.0,307.6:837.7,308.7:846.7,309.7:854.2,310.8:862.5,311.7:871.2,319.2:0.0,320.2:0.0,314.9:0.0,315.8:907.2,323.3:0.0,324.4:0.0,325.4:0.0,326.4:0.0,327.5:0.0,328.5:0.0,323.1:925.7,330.6:0.0,331.6:0.0,332.7:0.0,333.7:0.0,334.7:0.0,335.8:0.0,336.8:0.0,337.8:0.0,338.9:0.0,339.9:0.0,341.0:0.0,342.0:0.0,343.0:0.0,344.1:0.0,345.1:0.0,346.1:0.0,347.2:0.0,342.4:0.0,349.2:0.0,350.3:0.0,351.3:0.0,346.6:0.0,347.5:671.2,348.8:664.7,349.8:658.5,350.8:653.2,351.9:648.0,
355.6:331.2,356.9:329.0,358.3:327.2,359.1:326.2,0.2:324.5,1.5:323.7,2.2:322.7,3.0:322.0,4.3:321.7,5.1:321.2,6.1:321.0,7.6:320.2,8.6:320.5,9.6:320.7,10.8:320.2,12.0:320.2,12.6:320.5,13.6:320.7,14.4:321.2,15.9:321.2,17.1:321.5,17.6:321.7,18.8:322.7,19.8:323.2,21.0:324.0,21.9:325.2,22.7:325.7,24.0:327.0,25.0:328.7,26.2:329.5,26.7:330.7,28.1:333.0,29.0:334.2,30.3:335.2,30.9:337.0,32.4:338.7,33.1:340.0,34.2:342.2,35.5:344.0,36.3:346.0,40.9:0.0,38.1:352.2,43.0:0.0,44.0:0.0,45.1:0.0,46.1:0.0,47.2:0.0,48.2:0.0,49.2:0.0,50.3:0.0,51.3:0.0,52.3:0.0,53.4:0.0,54.4:0.0,55.5:0.0,56.5:0.0,57.5:0.0,58.6:0.0,59.6:0.0,60.7:0.0,61.7:0.0,62.7:0.0,63.8:0.0,64.8:0.0,65.9:0.0,66.8:0.0,67.9:0.0,68.9:0.0,69.9:0.0,71.0:0.0,72.0:0.0,73.0:0.0,74.1:0.0,75.1:0.0,76.2:0.0,77.2:0.0,78.2:0.0,79.3:0.0,80.3:0.0,81.3:0.0,82.4:0.0,83.4:0.0,84.4:0.0,85.5:0.0,86.5:0.0,87.5:0.0,88.6:0.0,89.6:0.0,84.0:0.0,85.0:1084.0,86.0:1076.0,87.0:1068.0,88.1:1061.2,89.2:1057.0,90.2:1051.7,91.2:1046.2,92.3:1043.2,93.3:1040.5,94.3:1037.2,95.4:1034.5,96.4:1032.0,97.5:1028.5,98.6:1027.2,99.6:1025.2,100.6:1023.0,101.7:1023.0,102.7:1023.0,103.8:1021.7,104.8:1022.7,105.8:1024.2,106.8:1025.0,107.9:1023.7,108.8:1024.2,109.9:1026.2,110.9:1029.5,112.0:1033.7,113.0:1036.5,114.1:1038.7,115.0:1040.7,116.0:1048.0,117.2:1051.7,124.8:0.0,125.8:0.0,126.8:0.0,120.8:0.0,121.8:1551.2,122.9:1560.2,123.9:1570.7,124.9:1576.7,126.0:1586.5,127.0:1602.2,128.0:1614.0,129.0:1627.7,130.1:1643.0,131.1:1655.0,139.3:0.0,140.3:0.0,134.2:0.0,142.4:0.0,143.4:0.0,144.5:0.0,145.5:0.0,146.5:0.0,147.6:0.0,148.6:0.0,149.7:0.0,150.7:0.0,151.7:0.0,152.8:0.0,153.8:0.0,154.8:0.0,155.9:0.0,156.9:0.0,157.9:0.0,159.0:0.0,160.0:0.0,161.0:0.0,162.1:0.0,163.2:0.0,164.2:0.0,165.2:0.0,159.0:0.0,167.3:0.0,161.1:1945.7,162.2:1939.0,163.2:1943.2,164.2:1949.2,165.2:1955.2,166.3:1965.2,167.3:1971.2,168.4:1977.2,169.4:1986.7,170.4:1997.2,171.5:2009.2,172.5:2020.5,173.5:2034.2,174.6:2045.7,175.6:2072.0,183.9:0.0,185.0:0.0,178.7:2095.0,179.8:2090.7,180.8:2078.0,181.9:2066.5,182.9:2058.7,184.0:2050.5,185.0:2043.2,186.0:2038.0,187.0:2033.2,188.1:2028.2,189.1:2025.0,190.2:2021.0,191.2:2017.2,192.2:2012.5,193.3:2013.0,194.3:2017.7,195.4:2015.5,196.4:2010.0,197.5:2012.2,198.5:2016.0,199.5:2016.0,200.6:2017.2,208.9:0.0,210.0:0.0,203.9:0.0,212.0:0.0,206.0:0.0,207.1:1482.2,208.1:1486.2,209.2:1491.7,210.2:1502.0,211.2:1511.5,212.3:1521.0,213.3:1529.2,214.4:1538.5,215.4:1547.5,216.4:1555.7,217.5:1567.2,218.5:1583.0,219.5:1598.0,220.5:1610.5,221.6:1626.2,222.6:1644.7,230.8:0.0,231.8:0.0,232.8:0.0,233.9:0.0,227.7:1676.7,228.7:1678.7,229.8:1635.7,230.9:1597.2,232.0:1563.2,233.1:1529.7,234.1:1499.2,235.2:1467.5,236.2:1438.2,237.3:1410.2,238.3:1382.0,239.3:1365.0,240.4:1361.0,241.5:0.0,242.6:1298.5,243.6:1281.5,244.6:1263.5,245.7:1246.2,246.8:1230.0,247.8:1215.5,248.9:1200.0,249.9:1185.7,250.9:1173.0,252.0:1160.5,253.1:1149.0,254.1:1137.7,255.2:1128.5,256.2:1117.7,257.3:1107.0,258.8:0.0,259.9:784.0,260.9:777.5,262.0:774.7,263.2:0.0,264.1:742.0,265.2:734.7,266.3:729.0,267.3:725.7,268.4:725.2,269.4:721.5,270.4:716.5,271.5:714.0,272.5:711.2,273.6:708.7,274.7:707.0,275.7:703.0,276.7:701.0,277.6:700.2,278.6:698.2,279.8:698.0,280.7:697.7,281.7:696.5,282.8:697.0,283.8:697.7,284.9:697.2,286.0:698.7,286.9:699.0,288.1:697.7,289.1:701.0,290.1:703.5,291.0:704.0,292.2:705.5,293.1:707.2,294.2:710.2,295.2:713.2,296.2:715.7,297.1:719.5,298.3:725.2,299.3:728.0,300.5:730.2,301.5:735.5,302.4:740.5,303.5:747.2,304.4:0.0,305.5:787.7,306.5:790.5,307.4:797.7,314.7:0.0,315.8:0.0,316.8:0.0,317.8:0.0,318.9:0.0,319.9:0.0,321.0:0.0,322.0:0.0,323.0:0.0,324.1:0.0,325.1:0.0,326.1:0.0,327.2:0.0,328.2:0.0,329.3:0.0,330.3:0.0,331.3:0.0,332.3:0.0,333.4:0.0,334.4:0.0,335.5:0.0,336.5:0.0,337.5:0.0,338.6:0.0,339.6:0.0,340.6:0.0,341.7:0.0,342.7:0.0,343.7:0.0,344.8:0.0,345.8:0.0,346.9:0.0,347.9:0.0,348.9:0.0,350.0:0.0,351.0:0.0,352.0:0.0,349.3:0.0,350.8:341.5,351.5:338.2,352.5:336.0,353.9:334.2,355.0:332.5,
353.0:634.5,354.1:637.2,355.0:641.0,356.2:644.2,357.2:646.0,358.1:650.5,359.1:657.5,0.2:661.7,1.2:665.5,2.2:670.5,3.3:674.5,4.3:678.0,5.3:685.2,6.2:693.2,7.3:697.0,8.2:703.0,15.3:0.0,16.4:0.0,17.4:0.0,18.4:0.0,19.4:0.0,20.5:0.0,21.5:0.0,22.5:0.0,23.6:0.0,18.4:0.0,25.6:0.0,26.7:0.0,27.7:0.0,28.7:0.0,29.8:0.0,30.8:0.0,31.8:0.0,32.9:0.0,33.9:0.0,35.0:0.0,36.0:0.0,37.0:0.0,38.1:0.0,39.1:0.0,40.1:0.0,41.2:0.0,35.5:0.0,43.3:0.0,44.3:0.0,38.6:0.0,39.8:1089.0,40.8:1077.7,48.5:0.0,49.5:0.0,43.9:1059.0,45.0:1040.5,46.0:1035.0,47.0:1029.0,48.1:1023.2,49.2:1015.2,50.2:1006.2,51.2:1001.7,52.3:994.7,53.4:988.2,54.4:984.0,55.5:980.0,56.5:975.0,57.6:970.5,58.6:966.7,59.5:963.2,60.7:961.2,61.7:958.5,62.7:955.5,63.8:953.0,64.9:952.2,65.8:953.5,66.9:955.0,67.9:954.5,75.4:0.0,76.5:0.0,77.5:0.0,71.6:0.0,79.6:0.0,73.7:1408.7,74.7:1399.5,75.7:1403.2,76.7:1407.2,77.8:1409.7,78.8:1409.7,79.8:1415.0,80.9:1421.2,88.9:0.0,89.9:0.0,90.9:0.0,92.0:0.0,93.0:0.0,87.0:0.0,88.1:1480.0,89.1:1489.7,90.1:1504.2,91.1:1515.5,92.1:1526.7,93.2:1536.2,94.2:1543.2,95.2:1552.7,96.2:1563.0,104.4:0.0,98.3:1584.7,106.4:0.0,100.4:1618.2,101.4:1644.7,109.5:0.0,110.6:0.0,111.6:0.0,112.6:0.0,113.7:0.0,114.7:0.0,115.7:0.0,116.8:0.0,117.8:0.0,118.9:0.0,119.9:0.0,120.9:0.0,122.0:0.0,123.0:0.0,124.0:0.0,125.1:0.0,126.1:0.0,127.1:0.0,121.0:1664.7,122.0:1672.0,123.1:1654.0,124.1:1644.7,125.2:1649.7,126.2:1650.2,127.2:1653.5,128.3:1660.0,129.3:1667.0,130.3:1675.2,131.4:1682.7,132.5:1688.2,133.5:1690.5,134.5:1696.2,135.6:1706.2,136.6:1712.7,137.6:1723.2,138.7:1735.7,139.7:1748.2,140.7:1778.7,141.8:1802.0,150.0:0.0,151.0:0.0,144.9:1792.7,145.9:1780.2,147.0:1772.2,148.0:1764.0,149.1:1757.5,150.1:1753.2,151.1:1746.2,152.2:1738.5,153.2:1734.7,154.2:1728.7,155.3:1725.0,156.4:1721.2,157.4:1715.7,158.4:1716.5,159.5:1715.7,160.5:1715.0,161.6:1715.2,162.6:1712.7,163.7:1712.7,164.7:1714.2,165.7:1718.5,166.7:1725.0,167.8:1727.5,168.8:1730.2,169.8:1734.7,178.0:0.0,179.1:0.0,180.1:0.0,181.2:0.0,182.2:0.0,183.2:0.0,184.3:0.0,178.5:0.0,186.3:0.0,187.4:0.0,188.4:0.0,189.5:0.0,183.7:1235.5,191.5:0.0,192.6:0.0,193.6:0.0,194.6:0.0,195.7:0.0,196.7:0.0,197.8:0.0,198.8:0.0,199.8:0.0,200.9:0.0,201.9:0.0,203.0:0.0,204.0:0.0,205.0:0.0,206.1:0.0,207.1:0.0,201.1:0.0,202.1:1531.0,203.2:1503.2,204.3:1476.7,205.3:1450.0,206.4:1422.7,207.5:1398.0,208.5:1376.5,209.6:1356.7,210.6:1336.2,211.7:1315.5,212.8:1300.2,213.8:1284.5,214.9:1269.2,215.9:1255.2,216.9:1244.7,218.0:1242.7,219.1:1229.0,220.1:1209.0,221.2:1195.7,222.3:1183.7,223.3:1174.5,224.3:1166.0,225.4:1158.0,226.4:1149.0,227.5:1139.7,228.5:1132.0,229.6:1125.0,230.6:1119.2,231.7:1114.2,232.6:1108.2,233.8:1101.5,234.7:1097.0,235.8:1095.0,236.9:1091.0,237.9:1087.2,239.0:1084.0,240.0:1079.5,241.0:1078.5,242.1:1077.7,243.2:1075.5,244.1:1079.2,245.7:0.0,246.7:790.7,247.8:791.7,248.7:791.7,249.8:794.7,257.0:0.0,251.9:784.5,252.9:772.2,254.0:772.2,255.0:773.0,256.1:775.0,257.1:776.0,258.1:777.0,259.2:780.2,260.3:782.5,261.2:785.0,262.3:787.2,263.4:790.5,264.3:793.5,265.3:796.7,266.3:803.2,267.4:808.2,268.4:813.2,269.4:818.2,270.4:822.5,271.5:826.7,272.6:833.0,273.6:840.0,274.6:847.7,275.6:854.2,276.6:860.2,283.9:0.0,284.9:0.0,285.9:0.0,287.0:0.0,281.5:0.0,289.0:0.0,290.1:0.0,291.1:0.0,292.1:0.0,293.2:0.0,294.2:0.0,295.2:0.0,296.3:0.0,297.3:0.0,298.3:0.0,299.4:0.0,300.4:0.0,301.4:0.0,302.5:0.0,303.5:0.0,304.5:0.0,305.6:0.0,306.7:0.0,307.7:0.0,308.8:0.0,309.8:0.0,310.9:0.0,311.9:0.0,312.9:0.0,308.1:0.0,309.1:704.0,316.0:0.0,317.1:0.0,318.1:0.0,319.2:0.0,314.4:0.0,315.6:660.2,316.5:655.5,317.6:651.0,318.6:646.0,319.6:642.2,320.7:640.7,321.9:637.2,322.8:632.0,323.7:629.7,324.9:627.5,326.1:623.7,327.0:621.0,328.1:621.7,329.1:621.2,330.1:620.0,331.1:620.0,332.1:618.2,333.3:616.5,334.2:615.2,335.2:614.5,336.3:614.0,337.5:614.2,338.5:613.7,339.6:615.0,340.7:616.0,341.5:615.0,342.7:615.2,343.5:615.5,344.6:614.5,345.6:615.7,346.7:619.5,347.7:621.0,348.8:621.2,349.9:623.7,350.9:627.5,351.8:629.7,
355.5:349.2,356.5:350.5,357.4:352.5,357.9:355.0,359.1:358.5,0.3:359.7,1.5:362.0,2.0:366.5,7.2:0.0,4.3:371.0,9.3:0.0,10.3:0.0,11.4:0.0,12.4:0.0,13.4:0.0,14.5:0.0,15.5:0.0,16.5:0.0,17.6:0.0,18.6:0.0,19.6:0.0,20.7:0.0,21.7:0.0,22.8:0.0,23.8:0.0,24.8:0.0,25.9:0.0,26.9:0.0,27.9:0.0,29.0:0.0,30.0:0.0,31.0:0.0,32.1:0.0,33.1:0.0,34.2:0.0,35.2:0.0,36.2:0.0,37.3:0.0,38.3:0.0,39.3:0.0,40.4:0.0,41.4:0.0,42.5:0.0,43.5:0.0,44.6:0.0,45.6:0.0,46.6:0.0,47.7:0.0,48.7:0.0,49.7:0.0,50.8:0.0,51.8:0.0,46.5:0.0,47.5:921.2,48.5:910.0,49.6:902.7,50.6:899.7,51.6:894.0,52.8:886.7,53.8:883.7,54.7:880.2,55.8:876.7,56.9:873.5,58.0:870.0,59.0:867.0,60.0:864.0,61.0:860.7,62.0:857.5,63.1:855.2,64.1:853.7,65.2:852.5,66.3:851.5,67.3:852.0,68.3:851.2,69.3:850.7,70.4:851.0,71.4:851.0,72.5:851.7,73.5:851.7,74.5:852.7,75.6:855.0,76.5:857.0,77.6:859.7,78.7:861.7,79.7:862.5,80.7:865.2,81.7:870.7,82.7:875.2,83.7:880.7,84.8:885.5,92.2:0.0,93.2:0.0,94.2:0.0,95.3:0.0,89.4:0.0,90.4:1383.2,91.4:1392.0,99.4:0.0,100.5:0.0,101.5:0.0,102.5:0.0,103.6:0.0,104.6:0.0,105.6:0.0,99.6:0.0,100.7:1529.2,108.7:0.0,109.8:0.0,110.8:0.0,111.8:0.0,105.7:0.0,113.9:0.0,114.9:0.0,116.0:0.0,117.0:0.0,118.0:0.0,119.1:0.0,120.1:0.0,121.1:0.0,122.2:0.0,123.2:0.0,124.2:0.0,125.3:0.0,126.3:0.0,127.3:0.0,128.4:0.0,129.4:0.0,130.4:0.0,131.5:0.0,132.5:0.0,133.5:0.0,134.6:0.0,128.4:0.0,129.5:1849.0,137.7:0.0,131.5:1844.0,132.6:1844.7,133.6:1852.5,134.6:1860.7,135.7:1869.2,136.7:1877.5,137.7:1885.7,138.8:1893.2,139.8:1905.7,140.9:1919.5,149.1:0.0,142.9:1942.2,143.9:1974.0,144.9:1998.0,146.0:2027.0,154.3:0.0,155.3:0.0,149.1:2047.7,150.1:2045.5,151.2:2040.0,152.2:2033.2,153.2:2025.5,154.3:2019.0,155.4:2014.7,156.4:2015.2,157.5:2014.0,158.5:2012.0,159.5:2012.2,160.6:2011.7,161.6:2012.0,162.7:2011.2,163.7:2011.5,164.7:2015.0,165.7:2015.5,166.8:2016.2,167.8:2022.2,168.8:2025.5,169.9:2027.5,170.9:2033.5,179.2:0.0,180.3:0.0,181.3:0.0,182.4:0.0,183.4:0.0,177.4:0.0,178.4:1517.0,179.5:1521.5,180.5:1532.5,181.5:1540.7,182.6:1551.0,183.7:1561.7,184.6:1573.5,185.7:1590.0,186.7:1608.2,187.8:1627.5,188.7:1642.0,196.9:0.0,198.0:0.0,199.0:0.0,200.0:0.0,201.1:0.0,194.9:0.0,203.2:0.0,197.0:1809.2,198.1:1815.0,199.1:1778.0,200.2:1739.0,201.2:1703.5,202.3:1671.7,203.4:1639.7,204.4:1612.0,205.5:1587.2,206.5:1565.2,207.6:1541.2,208.7:1514.0,209.7:1490.5,210.7:1487.7,211.8:0.0,212.9:1432.7,214.0:1415.2,215.0:1395.5,216.0:1379.7,217.0:1365.0,218.1:1351.0,219.2:1337.7,220.2:1324.0,221.3:1312.0,222.3:1300.5,223.4:1291.2,224.4:1282.2,225.5:1271.0,226.6:1262.2,227.5:1256.0,235.4:0.0,230.0:0.0,231.0:939.0,232.1:934.5,233.1:0.0,234.3:899.5,235.2:895.2,236.2:890.7,237.4:887.5,238.3:884.0,239.4:881.7,240.4:879.5,241.6:878.2,242.5:878.2,243.6:875.2,244.7:873.2,245.7:871.5,246.6:870.2,247.8:869.7,248.7:870.2,249.9:869.7,250.9:869.2,252.0:870.7,252.9:871.2,254.0:872.7,255.0:873.7,256.1:875.5,257.2:879.0,258.1:880.5,259.1:882.7,260.2:888.0,261.2:891.7,262.2:894.5,263.3:899.2,264.3:905.0,265.4:909.7,266.3:0.0,267.4:949.5,268.4:954.7,269.4:959.2,276.9:0.0,278.0:0.0,279.0:0.0,280.1:0.0,281.1:0.0,282.0:0.0,283.1:0.0,284.1:0.0,285.1:0.0,286.2:0.0,287.2:0.0,288.2:0.0,289.3:0.0,290.3:0.0,291.3:0.0,292.4:0.0,293.4:0.0,294.4:0.0,295.5:0.0,296.5:0.0,297.5:0.0,298.6:0.0,299.6:0.0,300.7:0.0,301.7:0.0,302.7:0.0,303.7:0.0,304.8:0.0,305.8:0.0,307.0:0.0,308.0:0.0,309.0:0.0,306.0:0.0,306.8:388.5,307.8:385.2,309.3:380.0,310.5:375.5,311.1:372.0,316.3:0.0,313.5:369.0,314.3:365.5,315.8:362.2,316.7:359.7,317.8:357.2,318.5:354.7,319.6:352.2,321.0:349.5,321.8:346.0,322.7:344.2,324.1:343.7,325.4:341.5,326.5:339.2,327.0:337.7,328.0:336.5,329.1:335.0,330.7:333.7,331.5:333.2,332.7:332.2,333.3:330.7,338.1:0.0,335.7:330.5,336.6:330.5,337.5:331.0,338.7:331.0,340.1:330.5,340.8:332.0,341.6:332.7,342.9:332.7,344.2:333.2,344.8:334.2,346.2:335.5,347.1:336.2,347.7:337.0,349.3:338.5,350.0:340.2,350.9:342.0,351.8:343.5,353.3:343.7,354.0:346.7,
351.7:1544.0,352.7:1559.2,353.7:1578.5,354.7:1597.0,355.7:1611.0,356.8:1628.2,4.9:0.0,6.0:0.0,7.0:0.0,8.1:0.0,9.1:0.0,10.1:0.0,11.2:0.0,12.2:0.0,13.2:0.0,14.3:0.0,15.3:0.0,16.4:0.0,17.4:0.0,18.4:0.0,19.5:0.0,20.5:0.0,21.5:0.0,22.6:0.0,23.6:0.0,17.5:1654.0,18.5:1672.7,26.7:0.0,20.7:1660.5,21.7:1649.2,22.7:1654.5,23.7:1661.2,24.7:1669.0,25.8:1671.0,26.9:1673.7,27.9:1679.7,28.9:1688.2,30.0:1694.2,31.0:1700.2,32.0:1708.5,33.1:1717.2,34.0:1731.5,35.2:1738.5,36.2:1746.0,37.2:1780.0,38.2:1804.5,46.5:0.0,47.5:0.0,41.4:1797.2,42.4:1786.5,43.5:1778.5,44.5:1772.0,45.5:1765.2,46.5:1760.2,47.6:1753.2,48.6:1745.7,49.7:1740.0,50.8:1735.5,51.8:1732.7,52.8:1729.5,53.8:1726.7,54.9:1722.0,55.9:1720.7,57.0:1723.5,58.0:1723.5,59.0:1721.0,60.1:1720.7,61.1:1720.2,62.2:1724.5,63.1:1732.0,64.2:1732.7,65.3:1734.7,66.3:1742.2,74.5:0.0,75.5:0.0,76.5:0.0,77.6:0.0,78.6:0.0,79.7:0.0,80.7:0.0,75.0:0.0,82.8:0.0,83.8:0.0,78.0:1235.2,85.9:0.0,86.9:0.0,88.0:0.0,89.0:0.0,90.0:0.0,91.0:0.0,92.0:0.0,93.1:0.0,94.1:0.0,95.1:0.0,96.2:0.0,97.2:0.0,98.2:0.0,99.3:0.0,100.3:0.0,101.3:0.0,102.4:0.0,103.4:0.0,97.4:0.0,98.5:1543.2,99.5:1512.2,100.5:1483.2,101.6:1455.5,102.7:1426.7,103.7:1403.0,104.8:1380.5,105.7:1360.7,106.9:1342.2,107.9:1323.2,109.0:1306.5,110.0:1291.0,111.1:1277.0,112.2:1263.0,113.1:1252.5,114.2:1250.5,115.2:1236.7,116.4:1210.7,117.3:1195.5,118.4:1185.5,119.5:1176.2,120.4:1167.7,121.5:1160.5,122.5:1153.7,123.6:1144.0,124.7:1135.0,125.7:1128.0,126.7:1123.0,127.8:1117.5,128.8:1110.7,129.9:1105.2,130.9:1100.0,132.0:1096.5,133.1:1092.7,134.1:1088.2,135.2:1085.0,136.2:1082.0,137.2:1079.0,138.2:1076.5,139.3:1075.7,140.3:1080.5,141.8:0.0,142.8:793.5,144.0:793.5,144.9:794.5,146.0:795.2,147.1:0.0,148.1:770.2,149.2:773.0,150.1:772.5,151.2:773.0,152.3:775.5,153.3:777.0,154.4:777.7,155.3:779.2,156.4:782.0,157.4:785.5,158.4:787.5,159.5:789.7,160.6:793.5,161.6:799.5,162.5:803.5,163.6:804.2,164.7:809.2,165.8:814.7,166.8:818.5,167.7:824.7,168.8:832.5,169.7:838.7,170.7:845.7,171.8:853.5,172.9:860.0,180.2:0.0,181.3:0.0,182.3:0.0,176.9:0.0,178.0:903.2,185.4:0.0,186.4:0.0,187.4:0.0,188.5:0.0,189.5:0.0,190.5:0.0,191.6:0.0,192.6:0.0,193.6:0.0,194.7:0.0,195.7:0.0,196.7:0.0,197.8:0.0,198.8:0.0,199.9:0.0,200.9:0.0,201.9:0.0,203.0:0.0,204.0:0.0,205.0:0.0,206.1:0.0,207.1:0.0,208.1:0.0,203.2:0.0,204.3:703.2,205.4:696.5,206.5:687.5,207.6:679.2,214.5:0.0,215.5:0.0,210.8:666.7,211.7:654.5,212.9:649.2,213.9:645.5,214.9:641.0,216.1:635.5,217.0:632.5,218.2:630.2,219.1:626.7,220.2:625.0,221.2:623.2,222.3:619.7,223.5:616.5,224.4:614.5,225.4:614.7,226.6:613.5,227.5:613.0,228.6:612.2,229.6:610.5,230.6:609.2,231.8:608.5,232.8:608.2,233.7:608.0,234.7:608.2,235.9:609.2,237.0:609.0,238.0:608.0,238.9:608.7,240.1:608.7,241.1:608.2,242.1:609.2,243.0:611.7,244.2:614.2,245.2:616.5,246.2:618.5,247.2:620.5,248.2:624.5,249.3:628.7,250.3:630.7,251.3:632.5,252.3:636.7,253.4:641.2,254.3:643.5,255.4:647.5,256.4:652.2,257.5:655.5,258.5:660.5,259.4:665.5,260.5:669.7,267.4:0.0,268.4:0.0,269.4:0.0,264.6:0.0,265.7:702.7,272.5:0.0,273.6:0.0,274.6:0.0,275.7:0.0,276.7:0.0,277.7:0.0,278.8:0.0,279.8:0.0,280.8:0.0,281.9:0.0,276.6:0.0,283.8:0.0,284.9:0.0,285.9:0.0,287.0:0.0,288.0:0.0,289.0:0.0,290.0:0.0,291.1:0.0,292.1:0.0,293.1:0.0,294.2:0.0,295.2:0.0,296.2:0.0,297.3:0.0,298.3:0.0,299.3:0.0,300.4:0.0,294.7:0.0,295.7:1092.2,296.8:1080.7,304.5:0.0,305.5:0.0,300.0:1062.0,301.2:1044.0,302.2:1036.7,303.1:1028.5,304.2:1020.2,305.3:1014.7,306.3:1009.7,307.4:1003.5,308.4:996.7,309.4:990.5,310.5:984.5,311.5:980.2,312.7:976.5,313.7:972.5,314.7:968.2,315.8:963.7,316.8:960.2,317.8:958.5,318.8:955.5,319.8:956.0,320.9:956.2,322.0:955.0,323.0:953.0,324.0:954.2,325.0:957.0,332.6:0.0,333.6:0.0,334.7:0.0,328.7:0.0,336.7:0.0,330.8:1408.5,331.8:1402.2,332.9:1405.5,333.9:1408.2,335.0:1411.7,336.0:1416.0,337.0:1419.0,345.0:0.0,346.0:0.0,347.1:0.0,348.1:0.0,342.2:0.0,350.2:0.0,344.2:1474.5,345.2:1488.0,346.2:1496.2,347.3:1506.2,348.3:1519.0,349.4:1531.2,350.4:1541.7,351.4:1549.5,
359.4:0.0,0.4:0.0,1.5:0.0,2.5:0.0,3.5:0.0,4.6:0.0,5.6:0.0,6.6:0.0,7.7:0.0,8.7:0.0,9.7:0.0,10.8:0.0,11.8:0.0,5.8:0.0,13.9:0.0,14.9:0.0,16.0:0.0,17.0:0.0,18.0:0.0,19.1:0.0,20.1:0.0,21.1:0.0,22.2:0.0,23.2:0.0,24.2:0.0,25.3:0.0,19.0:0.0,27.3:0.0,21.5:0.0,22.5:1395.7,23.5:1391.7,24.5:1383.7,25.6:1378.5,26.6:1381.0,27.7:1385.2,28.7:1391.2,29.7:1397.0,30.7:1402.5,31.7:1408.2,32.7:1413.5,40.8:0.0,41.8:0.0,42.9:0.0,43.9:0.0,45.0:0.0,39.0:0.0,47.0:0.0,41.0:1495.7,42.0:1516.5,43.1:1534.5,44.1:1561.5,45.2:1584.5,53.2:0.0,54.3:0.0,48.2:1591.7,49.2:1594.7,50.3:1589.0,51.3:1582.0,52.4:1580.0,53.4:1579.5,54.5:1577.2,55.5:1573.5,56.5:1571.0,57.5:1572.2,58.6:1574.2,59.6:1574.2,60.6:1572.5,61.6:1577.0,62.7:1580.5,63.7:1579.5,64.8:1582.7,65.8:1588.0,66.8:1592.5,67.9:1595.7,68.9:1600.7,69.9:1608.2,71.0:1616.2,71.9:1622.7,73.0:1629.2,74.0:1637.0,75.1:1642.5,76.1:1652.2,84.2:0.0,85.3:0.0,86.3:0.0,87.3:0.0,88.4:0.0,89.4:0.0,90.4:0.0,91.5:0.0,92.5:0.0,86.8:0.0,87.8:1186.7,88.8:1186.5,96.6:0.0,97.7:0.0,98.7:0.0,99.7:0.0,100.7:0.0,101.8:0.0,102.8:0.0,103.8:0.0,104.9:0.0,105.9:0.0,107.0:0.0,108.0:0.0,109.0:0.0,110.0:0.0,111.1:0.0,112.1:0.0,113.1:0.0,114.2:0.0,108.1:0.0,109.2:1608.7,110.2:1588.2,111.2:1566.2,112.3:1547.2,113.4:1530.7,114.3:1514.5,115.4:1496.5,116.5:1479.5,117.5:1466.0,118.5:1451.5,119.6:1437.2,120.6:1426.2,121.6:1416.2,122.7:1404.2,123.8:1392.2,124.8:1385.2,125.8:1393.0,126.9:1382.2,127.9:1359.7,129.0:1356.5,130.0:1350.2,131.0:1341.2,132.1:1334.7,133.1:1331.7,134.2:1327.7,135.1:1323.7,136.2:1319.7,137.2:1314.5,138.2:1310.7,139.3:1309.7,140.3:1310.7,141.4:1308.7,142.4:1306.5,143.5:1306.7,144.5:1306.7,145.5:1308.0,146.6:1307.5,147.6:1309.7,148.5:1327.2,156.5:0.0,151.0:0.0,152.0:1043.0,153.0:1041.2,154.0:1044.7,155.1:1055.0,156.2:1047.7,157.2:1032.5,158.3:1035.5,159.3:1039.5,160.4:1042.0,161.5:1047.0,162.4:1053.2,163.5:1059.5,164.5:1066.7,165.5:1072.0,166.6:1076.7,167.5:1084.5,168.6:1091.0,169.7:1098.7,170.6:1107.7,178.4:0.0,179.4:0.0,180.5:0.0,181.5:0.0,182.5:0.0,176.8:0.0,184.6:0.0,185.6:0.0,186.7:0.0,180.8:0.0,188.7:0.0,189.8:0.0,190.8:0.0,191.8:0.0,192.9:0.0,193.9:0.0,194.9:0.0,196.0:0.0,197.0:0.0,198.0:0.0,199.1:0.0,200.1:0.0,201.2:0.0,202.2:0.0,203.2:0.0,204.2:0.0,205.3:0.0,206.3:0.0,207.4:0.0,208.4:0.0,209.4:0.0,210.5:0.0,211.6:0.0,206.3:0.0,207.4:865.2,208.4:859.5,209.5:853.5,210.5:845.0,211.6:839.5,212.6:833.0,213.6:826.0,214.6:822.5,215.8:820.2,216.8:816.0,217.8:810.0,218.8:803.5,219.9:799.0,221.0:795.5,222.1:791.5,223.0:788.7,224.1:785.5,225.2:783.0,226.2:782.2,227.3:781.0,228.2:780.0,229.2:778.7,230.3:777.5,231.4:776.7,232.4:776.2,233.4:775.7,234.4:776.2,235.5:776.5,236.6:775.5,237.6:775.7,238.5:776.2,239.5:777.2,240.6:779.2,241.7:780.0,242.6:781.7,243.7:782.7,244.8:784.5,245.7:788.2,246.8:789.5,247.8:792.0,248.8:797.2,249.9:800.2,250.9:804.7,252.0:810.5,253.0:813.0,254.1:817.5,255.0:822.7,256.1:827.2,257.1:833.7,258.1:840.0,259.1:847.7,260.2:856.2,261.3:860.5,268.6:0.0,269.6:0.0,270.7:0.0,265.3:0.0,272.7:0.0,273.8:0.0,274.8:0.0,275.8:0.0,276.9:0.0,277.9:0.0,279.0:0.0,280.0:0.0,281.0:0.0,282.0:0.0,283.0:0.0,284.0:0.0,285.0:0.0,279.5:0.0,287.1:0.0,288.1:0.0,289.2:0.0,290.2:0.0,291.2:0.0,292.3:0.0,286.9:0.0,294.3:0.0,295.4:0.0,296.4:0.0,297.4:0.0,298.5:0.0,299.5:0.0,294.3:0.0,295.4:819.2,296.4:811.2,297.4:801.2,298.5:793.7,299.5:786.5,300.6:780.2,301.8:772.5,302.8:767.0,303.8:764.0,304.8:760.0,305.8:754.5,307.0:748.7,307.9:743.7,309.0:738.7,310.0:737.5,311.1:736.2,312.1:734.5,313.1:737.5,320.2:0.0,321.3:0.0,322.3:0.0,323.3:0.0,324.4:0.0,325.4:0.0,326.5:0.0,320.7:0.0,321.8:1184.5,329.5:0.0,323.9:1169.7,324.9:1155.0,325.9:1153.7,326.9:1154.2,328.0:1154.7,329.1:1155.7,330.1:1156.2,331.1:1158.2,332.1:1160.7,333.2:1164.0,334.2:1167.2,335.2:1168.5,336.2:1171.2,337.3:1176.2,338.3:1182.2,339.3:1188.2,340.3:1194.5,341.4:1200.5,342.4:1203.7,350.2:0.0,351.3:0.0,352.3:0.0,353.4:0.0,354.4:0.0,348.7:0.0,349.6:1259.0,350.7:1269.2,358.6:0.0,
352.3:1022.0,353.3:1028.2,354.3:1035.7,2.0:0.0,3.0:0.0,357.4:0.0,358.4:1084.5,359.5:1097.7,7.2:0.0,8.2:0.0,9.2:0.0,10.3:0.0,11.3:0.0,12.3:0.0,13.4:0.0,14.4:0.0,15.4:0.0,16.5:0.0,17.5:0.0,18.5:0.0,19.6:0.0,20.6:0.0,21.7:0.0,22.7:0.0,23.7:0.0,24.7:0.0,25.8:0.0,26.8:0.0,27.9:0.0,28.9:0.0,29.9:0.0,31.0:0.0,32.0:0.0,33.0:0.0,27.3:1117.5,28.4:1137.5,29.4:1142.2,30.5:1135.0,31.5:1124.7,32.5:1129.0,40.3:0.0,41.3:0.0,35.7:1144.7,36.6:1156.2,37.7:1162.5,38.7:1169.5,39.8:1180.7,40.8:1189.2,48.6:0.0,49.6:0.0,50.7:0.0,51.7:0.0,52.8:0.0,53.8:0.0,54.8:0.0,55.9:0.0,56.9:0.0,57.9:0.0,59.0:0.0,60.0:0.0,61.0:0.0,62.1:0.0,55.5:0.0,57.2:0.0,58.2:1415.0,59.3:1416.5,60.2:1416.7,61.3:1417.7,62.3:1418.2,63.4:1420.7,64.4:1424.2,65.5:1428.0,66.4:1434.0,67.5:1438.2,68.5:1439.7,69.5:1443.7,70.6:1450.7,71.7:1456.2,72.7:1462.0,73.7:1468.0,74.7:1475.5,75.8:1486.2,76.8:1498.7,77.8:1509.5,78.9:1518.5,79.9:1526.7,80.9:1539.0,81.9:1553.0,83.0:1566.5,83.9:1582.7,84.9:1596.5,85.9:1612.7,94.1:0.0,95.1:0.0,96.1:0.0,97.2:0.0,98.2:0.0,99.2:0.0,100.2:0.0,101.3:0.0,102.3:0.0,103.3:0.0,104.4:0.0,98.6:0.0,106.4:0.0,100.7:1220.7,108.5:0.0,109.5:0.0,110.6:0.0,111.6:0.0,112.6:0.0,113.7:0.0,114.7:0.0,115.7:0.0,116.8:0.0,117.8:0.0,118.8:0.0,119.9:0.0,120.9:0.0,122.0:0.0,123.0:0.0,116.9:0.0,117.9:1730.0,119.0:1713.7,120.0:1697.5,121.0:1683.7,122.0:1671.7,123.1:1661.0,124.1:1650.2,125.2:1639.7,126.2:1628.2,127.2:1619.2,128.3:1612.5,129.3:1604.5,130.4:1597.2,131.4:1591.0,132.4:1587.0,133.5:1590.7,134.6:1587.0,135.6:1572.5,136.6:1565.7,137.6:1563.5,138.7:1560.2,139.7:1556.5,140.7:1556.2,141.8:1555.7,142.8:1552.7,143.8:1554.2,144.9:1555.5,145.9:1555.2,147.0:1557.0,148.0:1557.7,149.0:1558.5,150.0:1561.2,151.0:1568.5,152.1:1573.5,153.1:1578.7,161.2:0.0,162.3:0.0,163.4:0.0,157.6:0.0,165.5:0.0,166.5:0.0,160.7:1302.0,161.7:1302.0,169.6:0.0,170.6:0.0,171.7:0.0,172.7:0.0,173.7:0.0,167.9:0.0,168.9:1357.7,176.9:0.0,170.9:1372.0,172.0:1387.5,180.0:0.0,181.0:0.0,182.0:0.0,183.1:0.0,184.1:0.0,185.2:0.0,186.1:0.0,187.2:0.0,188.2:0.0,189.2:0.0,190.3:0.0,191.3:0.0,192.3:0.0,193.4:0.0,194.4:0.0,195.4:0.0,196.5:0.0,197.5:0.0,198.5:0.0,199.6:0.0,200.6:0.0,201.7:0.0,202.7:0.0,203.7:0.0,204.7:0.0,205.8:0.0,206.8:0.0,207.9:0.0,202.2:0.0,203.3:1089.7,211.1:0.0,212.1:0.0,213.1:0.0,207.5:0.0,208.6:1042.2,209.7:1032.7,210.7:1022.0,211.7:1014.5,212.8:1010.5,213.8:1004.0,214.9:995.7,215.9:990.5,217.0:985.2,218.0:980.7,219.1:975.5,220.1:968.7,221.1:963.7,222.2:959.0,223.3:956.7,224.2:954.5,225.3:952.7,226.3:950.5,227.4:946.5,228.5:944.7,229.5:944.0,230.5:942.7,231.6:940.0,232.6:937.7,233.7:936.0,234.6:937.7,235.7:939.0,236.7:938.0,237.8:939.5,238.7:941.2,239.9:942.0,240.8:943.0,242.0:945.7,242.9:949.0,244.0:951.0,245.0:954.0,246.0:959.0,247.1:962.5,248.1:965.5,249.1:971.0,250.1:975.7,251.2:980.7,252.1:988.0,253.2:995.5,254.2:1002.0,255.2:1007.5,256.3:1012.7,257.3:1020.2,258.3:0.0,259.4:1066.5,267.0:0.0,268.0:0.0,269.1:0.0,270.1:0.0,271.2:0.0,272.2:0.0,273.2:0.0,274.2:0.0,275.3:0.0,276.3:0.0,277.4:0.0,278.4:0.0,279.4:0.0,280.5:0.0,281.5:0.0,282.4:0.0,283.5:0.0,284.5:0.0,285.5:0.0,286.6:0.0,287.6:0.0,288.6:0.0,289.7:0.0,290.7:0.0,286.1:0.0,287.1:591.5,293.8:0.0,289.4:580.0,290.5:574.0,291.4:574.5,292.4:575.7,293.4:575.2,300.0:0.0,301.0:0.0,302.0:0.0,303.1:0.0,304.1:0.0,305.1:0.0,306.3:0.0,307.3:0.0,308.3:0.0,309.4:0.0,310.4:0.0,311.4:0.0,312.5:0.0,313.5:0.0,314.5:0.0,309.1:0.0,310.2:971.5,311.1:969.0,312.2:969.2,313.2:0.0,314.3:929.5,315.3:929.7,316.4:925.7,317.4:920.2,318.5:918.2,319.5:918.5,320.5:919.0,321.6:915.7,322.6:914.0,323.7:915.2,324.8:913.5,325.7:912.7,326.8:914.5,327.8:915.0,328.9:914.5,329.9:914.7,330.9:918.2,332.0:922.5,333.0:922.0,334.0:923.7,335.1:927.2,336.1:929.2,337.1:932.0,338.1:934.7,339.1:939.2,340.2:944.2,341.3:949.2,342.3:952.7,343.2:956.0,344.2:962.7,345.3:969.0,346.3:973.7,347.4:979.0,354.9:0.0,349.4:990.2,350.4:1003.0,351.4:1011.7,
352.6:838.7,353.7:850.0,354.7:856.7,2.0:0.0,3.1:0.0,357.7:0.0,358.8:893.2,359.7:902.2,7.2:0.0,8.2:0.0,9.3:0.0,10.3:0.0,11.4:0.0,12.4:0.0,13.4:0.0,14.5:0.0,15.5:0.0,16.5:0.0,17.6:0.0,18.6:0.0,19.6:0.0,20.7:0.0,21.7:0.0,22.7:0.0,23.7:0.0,24.8:0.0,25.8:0.0,26.9:0.0,27.9:0.0,28.9:0.0,30.0:0.0,31.0:0.0,32.0:0.0,33.1:0.0,34.1:0.0,35.1:0.0,36.2:0.0,37.2:0.0,38.2:0.0,32.8:0.0,33.8:973.5,34.8:978.0,42.4:0.0,37.0:974.0,38.0:969.2,39.0:971.2,40.0:979.2,41.0:988.0,42.1:997.0,43.0:1007.7,44.1:1016.5,45.1:1024.2,46.1:1033.0,47.2:1041.0,54.8:0.0,55.8:0.0,56.9:0.0,51.3:0.0,58.9:0.0,60.0:0.0,61.0:0.0,62.0:0.0,63.1:0.0,64.1:0.0,65.2:0.0,66.2:0.0,67.2:0.0,68.2:0.0,69.2:0.0,70.3:0.0,64.4:0.0,65.5:1320.7,66.5:1325.7,67.5:1329.7,68.5:1333.0,69.5:1337.7,70.6:1343.2,71.6:1351.0,72.7:1357.7,73.7:1363.2,74.7:1370.5,75.7:1378.5,76.8:1388.5,77.8:1398.0,78.8:1406.5,79.8:1418.2,80.9:1429.5,81.9:1440.0,82.9:1451.7,83.9:1460.2,84.9:1472.7,85.9:1489.7,86.9:1505.5,88.0:1520.7,89.0:1535.7,90.0:1551.7,91.0:1571.7,92.0:1594.7,93.1:1617.2,101.2:0.0,102.3:0.0,103.3:0.0,104.3:0.0,105.4:0.0,106.4:0.0,107.4:0.0,108.5:0.0,109.5:0.0,110.5:0.0,111.5:0.0,112.6:0.0,113.6:0.0,107.8:0.0,108.8:1269.5,109.8:1269.7,117.7:0.0,118.7:0.0,119.8:0.0,120.8:0.0,121.8:0.0,122.9:0.0,123.9:0.0,124.9:0.0,126.0:0.0,127.0:0.0,128.0:0.0,121.8:0.0,122.9:1839.2,123.9:1825.7,124.9:1813.7,126.0:1803.7,127.0:1794.0,128.1:1782.7,129.1:1769.7,130.2:1762.5,131.2:1755.2,132.2:1748.0,133.2:1742.7,134.2:1735.5,135.3:1729.0,136.3:1725.0,137.4:1722.0,138.4:0.0,139.5:0.0,140.5:1713.5,141.5:1712.7,142.6:1710.2,143.6:1711.2,144.6:1711.7,145.6:1711.0,146.7:1712.5,147.7:1714.0,148.7:1717.2,149.7:1722.2,150.8:1725.7,151.8:1729.7,152.8:1736.2,153.9:1742.0,155.0:1747.5,156.1:1759.0,164.3:0.0,165.3:0.0,166.3:0.0,160.3:0.0,161.4:1499.5,162.4:1506.5,163.4:1505.5,164.5:1502.0,165.5:1511.7,166.5:1521.7,167.6:1529.2,168.6:1539.2,169.7:1547.7,170.7:1556.7,178.8:0.0,172.7:1576.0,173.7:1596.2,181.9:0.0,175.8:1620.7,176.9:1643.7,185.0:0.0,186.0:0.0,179.9:0.0,188.1:0.0,189.1:0.0,190.1:0.0,191.2:0.0,192.2:0.0,193.2:0.0,194.3:0.0,195.3:0.0,196.3:0.0,197.4:0.0,198.4:0.0,199.4:0.0,200.5:0.0,201.5:0.0,202.5:0.0,203.6:0.0,204.6:0.0,205.6:0.0,206.7:0.0,207.7:0.0,208.7:0.0,209.8:0.0,210.9:0.0,211.9:0.0,206.2:0.0,207.2:1175.2,208.3:1164.7,216.1:0.0,217.1:0.0,218.1:0.0,212.4:1138.0,213.5:1118.5,214.5:1111.5,215.6:1104.2,216.7:1097.2,217.7:1089.7,218.8:1085.2,219.8:1082.5,220.8:1078.5,221.9:1073.5,222.9:1071.2,223.9:1069.2,225.0:1064.5,226.0:1061.7,227.1:1058.7,228.1:1054.5,229.1:1052.5,230.2:1051.7,231.2:1050.0,232.2:1049.0,233.2:1050.0,234.3:1049.2,235.3:1050.7,236.4:1050.5,237.4:1051.2,238.5:1052.0,239.4:1053.7,240.5:1058.0,241.5:1059.2,242.5:1062.0,243.6:1064.0,244.6:1066.2,245.7:1068.7,246.7:1072.0,254.4:0.0,248.7:0.0,249.7:1113.7,257.5:0.0,258.5:0.0,259.6:0.0,260.6:0.0,261.6:0.0,262.7:0.0,263.7:0.0,264.7:0.0,265.8:0.0,266.8:0.0,267.8:0.0,268.9:0.0,269.9:0.0,271.0:0.0,272.0:0.0,273.0:0.0,274.1:0.0,275.1:0.0,276.1:0.0,271.9:0.0,272.9:527.5,274.0:527.2,275.1:528.2,281.3:0.0,282.2:0.0,283.3:0.0,284.3:0.0,285.3:0.0,286.4:0.0,287.4:0.0,288.4:0.0,289.5:0.0,290.5:0.0,291.5:0.0,292.6:0.0,293.6:0.0,294.6:0.0,295.6:0.0,296.7:0.0,297.7:0.0,298.7:0.0,299.8:0.0,300.8:0.0,301.8:0.0,302.9:0.0,303.9:0.0,298.6:0.0,299.7:863.2,300.7:855.0,301.9:847.2,302.8:834.2,304.0:814.2,305.1:801.7,306.1:796.7,307.1:792.0,308.2:786.7,309.2:782.0,310.2:777.5,311.3:775.7,312.3:775.2,313.3:771.2,314.3:766.7,315.5:765.2,316.5:763.0,317.5:762.0,318.6:759.7,319.5:756.0,320.6:754.5,321.6:754.2,322.7:754.7,323.7:752.2,324.8:751.7,325.9:753.5,326.9:753.2,327.9:753.5,329.0:754.0,330.0:755.0,331.0:756.2,332.0:758.0,333.0:761.0,334.0:764.5,335.1:767.5,336.1:768.2,337.2:769.0,338.1:772.7,339.3:774.5,340.2:776.5,341.4:780.0,342.4:783.5,343.3:788.2,344.4:793.7,345.3:798.5,346.4:802.0,347.5:807.0,348.4:813.2,349.5:820.5,350.5:826.2,357.8:0.0,
359.4:0.0,354.6:666.2,1.4:0.0,2.5:0.0,357.6:0.0,358.6:698.0,5.6:0.0,6.6:0.0,7.6:0.0,8.7:0.0,9.7:0.0,10.7:0.0,11.8:0.0,12.8:0.0,13.8:0.0,14.9:0.0,15.9:0.0,16.9:0.0,18.0:0.0,19.0:0.0,20.0:0.0,21.1:0.0,22.1:0.0,23.1:0.0,24.2:0.0,25.2:0.0,26.2:0.0,27.2:0.0,28.3:0.0,29.3:0.0,30.3:0.0,31.4:0.0,32.4:0.0,33.5:0.0,34.5:0.0,35.5:0.0,36.5:0.0,37.6:0.0,38.6:0.0,39.6:0.0,40.7:0.0,41.7:0.0,42.8:0.0,43.8:0.0,44.8:0.0,39.7:0.0,40.7:814.5,41.8:816.2,42.8:821.5,43.8:833.2,44.8:829.2,45.9:820.7,46.9:826.7,54.2:0.0,48.9:838.0,49.9:850.0,57.2:0.0,58.3:0.0,59.3:0.0,60.3:0.0,61.4:0.0,62.4:0.0,63.5:0.0,64.5:0.0,65.5:0.0,66.5:0.0,67.6:0.0,62.0:0.0,69.6:0.0,70.7:0.0,71.7:0.0,72.7:0.0,73.7:0.0,74.8:0.0,75.8:0.0,69.8:0.0,70.9:0.0,72.1:0.0,73.1:1267.0,74.1:1260.7,75.2:1267.2,76.2:1274.2,77.2:1281.0,78.3:1287.5,79.2:1296.2,80.3:1306.2,81.3:1314.0,82.3:1324.2,83.3:1334.2,84.3:1344.5,85.3:1359.5,86.4:1374.2,87.3:1386.7,88.4:1402.7,89.4:1422.0,90.4:1437.0,91.4:1449.7,92.5:1466.5,93.5:1484.7,94.5:1505.2,95.5:1527.2,96.5:1549.5,97.5:1572.0,98.5:1595.7,99.5:1622.0,100.6:1635.5,108.7:0.0,109.8:0.0,110.8:0.0,111.8:0.0,112.8:0.0,113.9:0.0,114.9:0.0,116.0:0.0,117.0:0.0,118.0:0.0,119.0:0.0,113.1:0.0,114.2:1376.7,122.1:0.0,116.2:1359.7,117.3:1349.7,125.2:0.0,126.3:0.0,127.3:0.0,128.3:0.0,129.4:0.0,130.4:0.0,131.4:0.0,132.4:0.0,133.5:0.0,127.3:0.0,128.3:1957.0,129.3:1946.5,130.3:1937.0,131.4:1928.0,132.4:1919.7,133.5:1915.0,134.5:1906.5,135.5:1897.7,136.6:1893.2,137.6:1889.2,138.7:1885.0,139.7:1882.7,140.7:1879.2,141.8:1878.2,142.7:1885.5,143.8:1882.7,144.8:1875.7,145.8:1877.5,146.9:1878.2,147.9:1880.5,148.9:1885.5,150.0:1890.0,151.0:1895.0,152.0:1897.7,153.0:1901.7,154.1:1909.7,155.2:1912.7,156.2:1916.0,157.3:1926.5,158.3:1940.0,166.6:0.0,167.6:0.0,168.7:0.0,162.6:0.0,163.6:1683.0,171.8:0.0,165.7:1682.2,166.7:1685.5,167.7:1695.0,168.7:1709.0,169.8:1723.2,170.8:1737.7,171.8:1751.7,172.9:1768.0,173.9:1782.2,182.1:0.0,183.2:0.0,184.2:0.0,185.2:0.0,186.2:0.0,180.0:0.0,188.2:0.0,189.3:0.0,190.3:0.0,191.3:0.0,192.4:0.0,193.4:0.0,194.5:0.0,195.5:0.0,196.5:0.0,197.5:0.0,198.6:0.0,199.6:0.0,200.6:0.0,201.7:0.0,202.7:0.0,203.7:0.0,204.8:0.0,205.8:0.0,206.8:0.0,207.9:0.0,208.9:0.0,210.0:0.0,211.1:0.0,212.1:0.0,213.1:0.0,214.2:0.0,215.2:0.0,209.4:0.0,210.5:1264.7,218.3:0.0,219.3:0.0,220.4:0.0,221.4:0.0,222.5:0.0,223.5:0.0,217.7:0.0,218.8:1202.2,219.8:1198.2,220.8:1193.0,221.9:1186.2,222.9:1182.0,224.0:1176.7,225.0:1170.7,226.0:1169.0,227.1:1167.2,228.0:1165.2,229.1:1165.2,230.1:1162.7,231.1:1160.2,232.3:1159.5,233.3:1158.0,234.3:1157.7,235.4:1156.2,236.4:1157.7,237.4:1158.7,238.4:1160.2,246.2:0.0,240.5:1176.5,241.5:1193.7,242.5:1194.0,250.3:0.0,251.4:0.0,252.4:0.0,253.5:0.0,254.5:0.0,255.5:0.0,256.5:0.0,252.3:0.0,253.4:544.7,254.4:542.0,255.3:541.7,256.4:543.0,257.4:545.2,258.5:549.2,259.5:552.0,260.6:553.7,261.4:556.5,262.5:559.5,269.0:0.0,270.0:0.0,265.6:569.7,266.5:582.7,267.5:590.0,268.5:595.7,269.6:599.7,270.5:604.2,271.6:610.5,272.7:621.5,279.3:0.0,280.3:0.0,275.7:0.0,282.3:0.0,283.3:0.0,284.4:0.0,285.4:0.0,286.4:0.0,287.4:0.0,288.5:0.0,289.5:0.0,290.5:0.0,291.6:0.0,292.6:0.0,293.6:0.0,288.5:0.0,289.6:763.7,296.7:0.0,291.7:0.0,292.9:700.2,299.8:0.0,300.8:0.0,296.0:0.0,297.1:667.7,298.2:662.5,299.1:659.0,300.2:655.0,301.3:649.0,302.3:644.2,303.3:638.5,304.4:634.0,305.6:629.2,306.7:623.0,307.6:620.5,308.7:618.7,309.7:614.2,310.8:611.5,311.8:609.0,312.9:605.2,314.0:602.7,314.9:600.7,316.0:598.0,317.0:596.0,318.0:595.5,319.1:594.2,320.1:593.7,321.2:594.0,322.2:592.7,323.3:591.2,324.1:590.7,325.4:591.0,326.2:590.5,327.4:590.0,328.5:590.0,329.5:590.7,330.5:591.7,331.4:592.7,332.6:594.0,333.4:596.5,334.5:598.0,335.7:598.5,336.7:600.0,337.6:603.2,338.7:605.0,339.8:607.5,340.7:610.0,341.8:612.2,342.8:616.5,343.8:618.5,344.9:621.5,345.9:626.2,346.8:630.7,347.8:636.2,348.8:641.2,349.8:643.2,350.9:649.0,351.8:656.5,
354.1:487.7,355.1:492.5,356.0:497.7,357.1:503.2,3.2:0.0,4.2:0.0,5.2:0.0,6.2:0.0,7.3:0.0,8.3:0.0,9.4:0.0,10.4:0.0,11.4:0.0,12.5:0.0,13.5:0.0,14.5:0.0,15.5:0.0,16.6:0.0,17.6:0.0,18.7:0.0,19.7:0.0,20.7:0.0,21.8:0.0,22.8:0.0,23.8:0.0,24.9:0.0,25.9:0.0,27.0:0.0,28.0:0.0,29.0:0.0,30.0:0.0,31.1:0.0,32.1:0.0,33.2:0.0,34.2:0.0,35.2:0.0,36.2:0.0,37.3:0.0,38.3:0.0,39.4:0.0,40.4:0.0,41.4:0.0,42.5:0.0,43.5:0.0,44.5:0.0,45.6:0.0,46.6:0.0,47.6:0.0,48.7:0.0,49.7:0.0,50.7:0.0,51.8:0.0,52.8:0.0,53.8:0.0,49.1:0.0,50.0:677.0,51.1:683.5,58.0:0.0,59.0:0.0,60.0:0.0,61.1:0.0,56.2:0.0,57.2:705.7,64.2:0.0,65.2:0.0,66.2:0.0,67.3:0.0,68.3:0.0,69.3:0.0,70.4:0.0,65.1:0.0,72.4:0.0,73.5:0.0,74.5:0.0,75.5:0.0,76.6:0.0,77.6:0.0,78.6:0.0,79.7:0.0,80.7:0.0,81.7:0.0,82.8:0.0,83.8:0.0,84.8:0.0,79.0:0.0,80.1:0.0,81.1:1230.0,82.2:1218.5,83.1:1228.7,84.1:1240.2,85.2:1252.7,86.2:1264.0,87.2:1273.7,88.2:1286.0,89.3:1300.0,90.3:1314.0,91.3:1327.5,92.3:1344.5,93.3:1363.0,94.3:1379.5,95.3:1402.5,96.4:1425.0,97.4:1442.7,98.4:1463.5,99.4:1488.5,100.5:1513.0,101.5:1536.2,102.4:1563.0,103.4:1593.0,104.5:1622.5,105.5:1653.2,106.6:1679.0,114.7:0.0,108.6:1663.2,109.7:1631.0,117.8:0.0,118.8:0.0,112.7:0.0,113.8:1561.2,114.9:1549.7,115.9:1537.2,116.9:1523.0,117.9:1510.2,119.0:1497.7,120.0:1483.7,128.1:0.0,129.1:0.0,123.1:1465.7,131.2:0.0,132.2:0.0,133.2:0.0,134.3:0.0,135.3:0.0,136.3:0.0,137.3:0.0,131.1:0.0,132.1:2080.0,133.1:2073.5,134.2:2069.2,135.2:2064.0,136.3:2053.5,137.3:2045.2,138.3:2041.5,139.3:2038.5,140.4:2039.5,141.4:2040.0,142.4:2033.7,143.5:2032.7,144.5:2033.2,145.5:2044.0,146.5:2043.0,147.6:2035.5,148.6:2041.7,149.7:2044.2,150.7:2047.7,151.7:2053.0,152.7:2057.5,153.7:2062.7,154.9:2072.0,156.0:2079.2,157.0:2088.7,158.0:2099.7,159.1:2110.5,160.1:2118.5,168.4:0.0,169.5:0.0,170.5:0.0,164.3:0.0,165.3:1875.5,166.4:1875.7,167.4:1876.7,168.4:1889.7,169.5:1895.2,177.7:0.0,171.5:1921.5,179.8:0.0,180.9:0.0,181.9:0.0,175.6:0.0,184.0:0.0,185.0:0.0,186.0:0.0,179.7:0.0,188.1:0.0,181.8:2131.2,190.2:0.0,191.2:0.0,192.2:0.0,193.3:0.0,194.3:0.0,195.3:0.0,196.4:0.0,197.4:0.0,198.4:0.0,199.5:0.0,200.5:0.0,201.5:0.0,202.6:0.0,196.5:0.0,204.6:0.0,205.7:0.0,199.7:0.0,207.7:0.0,208.8:0.0,209.8:0.0,210.9:0.0,211.9:0.0,212.9:0.0,214.0:0.0,215.0:0.0,209.0:0.0,210.1:1385.7,211.2:1377.0,212.2:1368.7,213.2:1358.0,221.2:0.0,222.2:0.0,223.3:0.0,224.3:0.0,225.4:0.0,219.5:0.0,220.5:1304.7,221.5:1300.0,222.7:1296.5,223.7:1288.0,224.7:1283.7,225.8:1281.5,226.7:1278.0,227.8:1277.0,228.8:1274.0,229.9:1269.7,230.9:1270.7,238.8:0.0,239.8:0.0,240.9:0.0,236.4:0.0,237.3:617.5,238.3:617.0,239.4:616.0,240.4:616.2,241.5:616.5,242.5:615.7,243.5:616.7,244.4:618.5,245.6:620.0,246.6:620.7,247.6:622.7,248.7:624.7,249.7:626.7,250.6:629.7,251.7:633.2,252.7:636.5,253.8:638.2,254.7:641.2,255.7:646.5,256.9:652.0,258.0:656.0,258.9:659.7,259.8:663.7,260.9:669.2,262.0:677.7,268.8:0.0,264.0:684.7,265.0:690.7,266.0:699.7,267.1:707.0,268.0:711.7,275.0:0.0,276.1:0.0,277.1:0.0,278.1:0.0,279.2:0.0,280.2:0.0,281.2:0.0,282.2:0.0,283.2:0.0,284.2:0.0,285.3:0.0,286.3:0.0,287.3:0.0,288.4:0.0,289.4:0.0,290.4:0.0,291.5:0.0,292.5:0.0,293.5:0.0,294.5:0.0,295.6:0.0,296.6:0.0,297.6:0.0,298.7:0.0,299.7:0.0,295.7:0.0,296.8:489.0,297.7:484.5,298.8:481.0,299.8:476.2,301.0:471.7,302.2:469.0,303.2:465.7,304.1:462.0,305.2:458.7,306.3:455.0,307.4:452.0,308.2:449.5,309.5:447.2,310.4:444.7,311.4:442.2,312.7:440.2,313.7:438.2,314.5:436.7,316.0:434.7,316.9:433.5,317.6:433.5,318.8:433.0,319.8:432.2,320.9:431.2,322.0:430.0,322.9:429.0,324.0:429.0,325.0:429.5,326.1:429.2,327.2:429.0,328.4:428.7,329.4:429.0,330.4:430.0,331.1:431.2,332.5:431.5,333.4:432.5,334.2:433.5,335.4:434.2,336.6:435.7,337.4:437.5,338.4:439.5,339.4:440.5,340.7:443.0,341.4:445.7,342.7:447.2,343.4:449.0,344.4:451.5,345.7:455.0,346.4:458.2,347.7:462.5,348.7:465.5,349.5:468.7,350.7:473.0,351.7:476.5,352.7:481.0,
356.3:304.5,356.8:308.0,1.0:0.0,2.1:0.0,3.1:0.0,4.1:0.0,5.2:0.0,6.2:0.0,7.2:0.0,8.3:0.0,9.3:0.0,10.3:0.0,11.4:0.0,12.4:0.0,13.4:0.0,14.5:0.0,15.5:0.0,16.5:0.0,17.5:0.0,18.6:0.0,19.7:0.0,20.7:0.0,21.7:0.0,22.7:0.0,23.8:0.0,24.8:0.0,25.9:0.0,26.9:0.0,27.9:0.0,29.0:0.0,30.0:0.0,31.0:0.0,32.0:0.0,33.1:0.0,34.1:0.0,35.2:0.0,36.2:0.0,37.2:0.0,38.2:0.0,39.3:0.0,40.3:0.0,41.3:0.0,42.4:0.0,43.5:0.0,44.5:0.0,45.5:0.0,46.6:0.0,47.6:0.0,48.6:0.0,49.7:0.0,50.7:0.0,51.7:0.0,52.8:0.0,53.8:0.0,54.9:0.0,55.9:0.0,56.9:0.0,58.0:0.0,59.0:0.0,60.0:0.0,61.1:0.0,62.1:0.0,63.1:0.0,64.2:0.0,65.2:0.0,66.2:0.0,61.7:0.0,68.3:0.0,63.7:0.0,64.8:579.5,71.4:0.0,72.4:0.0,73.5:0.0,68.8:0.0,70.0:619.2,71.0:623.0,77.6:0.0,78.6:0.0,79.7:0.0,80.7:0.0,81.7:0.0,82.8:0.0,83.8:0.0,84.8:0.0,85.9:0.0,86.9:0.0,87.9:0.0,89.0:0.0,90.0:0.0,90.9:0.0,92.0:0.0,93.0:0.0,87.2:0.0,88.2:1270.2,89.2:0.0,90.4:1210.7,91.3:1215.7,92.4:1230.5,93.3:1245.7,94.4:1260.7,95.4:1276.7,96.4:1292.7,97.4:1312.0,98.5:1333.0,99.5:1354.0,100.5:1376.5,101.5:1401.0,102.5:1427.5,103.5:1453.0,104.5:1480.2,105.5:1509.7,106.5:1541.2,107.6:1573.2,108.6:1606.7,109.6:1642.2,110.6:1679.2,111.6:1721.7,112.6:1754.2,113.7:1752.5,114.7:1734.7,115.8:1718.0,116.8:1701.0,117.8:1683.2,118.9:1664.0,119.9:1651.5,121.0:1636.2,122.0:1620.5,123.1:1612.7,124.1:1603.5,125.1:1593.7,126.2:1586.5,127.2:1579.0,128.2:1575.7,129.2:1572.5,137.4:0.0,138.4:0.0,139.5:0.0,140.5:0.0,134.1:0.0,135.2:2206.5,136.2:2202.5,137.2:2195.5,138.3:2189.7,139.4:2187.5,140.4:2183.0,141.4:2176.5,142.4:2177.7,143.5:2181.5,144.5:2181.2,145.5:2180.7,146.5:2181.5,147.6:2191.2,148.6:2198.2,149.7:2199.2,150.7:2198.7,151.7:2203.7,152.7:2210.5,153.8:2215.2,154.9:2224.2,155.9:2231.7,157.0:2242.5,158.0:2251.0,159.0:2256.7,160.1:2272.5,161.1:2289.2,169.5:0.0,170.5:0.0,171.6:0.0,165.3:0.0,166.3:2062.2,167.4:2070.5,175.7:0.0,176.7:0.0,177.8:0.0,178.8:0.0,179.8:0.0,180.9:0.0,181.9:0.0,182.9:0.0,184.0:0.0,185.0:0.0,186.0:0.0,187.0:0.0,188.1:0.0,189.1:0.0,190.1:0.0,191.2:0.0,192.2:0.0,193.2:0.0,194.3:0.0,195.3:0.0,196.3:0.0,197.4:0.0,198.4:0.0,199.4:0.0,200.5:0.0,201.5:0.0,202.5:0.0,196.4:0.0,204.6:0.0,205.6:0.0,206.7:0.0,207.7:0.0,208.7:0.0,209.8:0.0,210.9:0.0,211.9:0.0,205.9:0.0,214.0:0.0,208.0:1546.2,209.1:1528.5,210.1:1516.5,211.2:1504.5,212.2:1489.2,213.2:1477.7,221.3:0.0,222.3:0.0,223.3:0.0,224.4:0.0,218.5:0.0,219.5:1418.2,220.5:1412.7,228.5:0.0,229.6:0.0,224.6:0.0,225.6:734.2,226.7:730.0,227.7:725.5,228.7:723.7,229.7:721.7,230.8:718.7,232.0:717.7,232.9:718.2,234.0:718.2,235.0:716.5,236.0:715.2,237.1:715.7,238.1:716.0,239.1:716.5,240.1:718.2,241.1:720.2,242.3:720.7,243.3:722.5,244.3:725.2,245.2:726.7,246.3:728.2,247.4:729.5,248.3:733.5,249.4:736.7,250.5:738.2,251.6:741.5,252.4:746.2,253.6:749.5,254.5:753.2,255.5:758.7,256.5:762.7,257.6:767.2,264.7:0.0,265.8:0.0,266.8:0.0,267.8:0.0,268.9:0.0,269.9:0.0,270.9:0.0,272.0:0.0,273.0:0.0,274.0:0.0,275.1:0.0,276.1:0.0,277.2:0.0,278.2:0.0,279.2:0.0,280.2:0.0,281.3:0.0,282.2:0.0,283.3:0.0,284.3:0.0,285.3:0.0,286.4:0.0,287.4:0.0,288.4:0.0,289.5:0.0,290.5:0.0,291.5:0.0,292.5:0.0,293.6:0.0,294.6:0.0,295.6:0.0,296.7:0.0,297.7:0.0,298.7:0.0,299.8:0.0,300.8:0.0,301.8:0.0,302.9:0.0,300.7:0.0,302.4:288.7,303.2:287.0,304.5:285.2,305.9:282.5,307.1:281.0,307.4:278.7,308.8:275.7,309.7:274.7,310.8:273.5,312.4:271.7,313.2:271.0,314.9:269.7,315.9:268.5,316.3:268.2,317.1:267.0,318.2:266.0,319.3:265.5,319.9:264.5,322.1:263.7,323.4:263.5,323.2:263.7,325.1:264.0,325.8:264.0,326.8:263.7,328.2:263.5,329.2:264.0,329.4:264.7,330.5:265.2,332.0:265.5,333.3:266.0,334.2:266.2,334.4:266.7,336.0:267.5,337.2:268.5,337.9:269.7,339.0:270.2,340.1:271.5,341.0:273.2,341.4:274.5,342.7:276.2,343.6:278.0,344.4:280.0,346.4:281.5,347.2:283.5,348.0:285.5,348.8:287.2,349.9:289.2,350.8:292.2,351.9:296.0,352.8:299.0,356.7:0.0,354.9:301.7,
351.6:1458.2,352.6:1477.5,353.6:1501.2,354.6:1527.7,355.7:1552.0,356.7:1576.2,357.7:1604.0,358.8:1631.0,359.7:1661.7,0.8:1661.7,9.0:0.0,10.0:0.0,11.0:0.0,5.0:0.0,13.1:0.0,7.1:1546.0,8.2:1523.0,16.2:0.0,17.3:0.0,18.3:0.0,19.3:0.0,20.4:0.0,21.4:0.0,15.5:0.0,16.5:1400.2,24.5:0.0,25.6:0.0,26.6:0.0,27.7:0.0,28.7:0.0,29.7:0.0,30.8:0.0,31.8:0.0,25.5:0.0,26.6:2021.2,27.6:2013.2,28.7:2004.0,29.7:1997.2,30.7:1992.7,31.8:1987.0,32.8:1982.5,33.9:1978.5,34.9:1974.0,36.0:1969.0,37.0:1962.2,38.0:1964.0,39.0:1965.7,40.1:1966.0,41.1:1968.2,42.2:1965.2,43.2:1965.5,44.2:1966.2,45.3:1966.7,46.3:1972.0,47.3:1974.0,48.3:1976.7,49.4:1982.0,50.5:1988.7,51.5:1992.7,52.5:1998.5,53.5:2011.0,54.6:2018.5,55.6:2026.7,63.9:0.0,65.0:0.0,66.0:0.0,59.9:0.0,60.9:1779.5,61.9:1782.0,63.0:1783.5,64.0:1792.7,65.0:1802.5,66.1:1816.2,67.1:1833.2,68.1:1848.2,76.4:0.0,70.2:1871.2,78.5:0.0,79.5:0.0,80.5:0.0,81.6:0.0,75.3:0.0,76.3:2034.2,84.7:0.0,78.4:2040.0,86.8:0.0,87.8:0.0,88.8:0.0,89.9:0.0,90.8:0.0,91.9:0.0,92.9:0.0,93.9:0.0,95.0:0.0,96.0:0.0,97.0:0.0,98.1:0.0,99.1:0.0,100.1:0.0,94.2:0.0,102.2:0.0,103.2:0.0,104.3:0.0,105.3:0.0,106.3:0.0,107.4:0.0,101.5:0.0,109.5:0.0,110.5:0.0,111.5:0.0,112.5:0.0,113.6:0.0,114.6:0.0,115.6:0.0,116.7:0.0,110.9:0.0,111.8:1279.7,112.9:1272.0,114.0:1265.5,115.0:1258.7,116.0:1251.5,117.1:1246.7,118.1:1244.2,119.1:1241.0,120.2:1236.5,121.2:1232.5,129.1:0.0,123.2:1225.2,124.3:1217.7,125.4:1215.0,126.4:1212.2,127.4:1212.7,128.5:1211.7,129.5:1209.7,130.6:1210.5,138.4:0.0,132.6:1226.7,133.6:1241.7,141.5:0.0,137.0:0.0,143.6:0.0,144.6:0.0,140.1:0.0,141.3:572.2,142.1:572.7,143.3:571.2,144.4:571.0,145.3:572.5,146.3:574.7,147.4:576.2,148.5:578.7,149.5:581.2,150.3:584.2,151.5:586.7,152.6:588.7,153.5:593.2,154.5:597.7,155.6:603.0,156.7:607.2,157.7:609.7,158.8:615.5,159.7:621.2,160.7:628.0,161.8:636.0,162.7:642.2,163.9:647.0,164.7:653.0,171.6:0.0,166.9:664.2,173.7:0.0,174.7:0.0,169.9:0.0,176.8:0.0,177.9:0.0,178.9:0.0,179.9:0.0,181.0:0.0,182.0:0.0,183.1:0.0,184.1:0.0,179.3:694.2,186.1:0.0,187.2:0.0,188.2:0.0,189.2:0.0,190.3:0.0,191.3:0.0,192.3:0.0,187.8:0.0,188.9:602.7,190.0:599.0,196.5:0.0,197.5:0.0,198.6:0.0,194.1:0.0,200.6:0.0,196.3:561.7,197.5:554.5,198.4:549.7,199.4:545.7,200.5:541.5,201.4:537.5,202.5:534.5,203.8:530.2,204.8:528.2,205.8:526.7,206.8:523.7,207.9:520.7,209.1:520.0,209.9:518.7,211.1:515.7,212.0:512.7,213.3:511.2,214.2:510.5,215.2:508.2,216.4:506.0,217.5:505.7,218.4:505.7,219.5:504.7,220.4:504.5,221.6:504.5,222.5:504.0,223.7:504.2,224.7:505.0,225.7:505.2,226.7:504.5,227.7:505.7,228.7:506.5,229.7:507.0,230.9:509.5,231.8:511.2,232.8:512.5,233.9:513.7,235.0:516.2,235.9:518.7,237.1:520.5,238.1:523.2,239.1:526.5,240.2:529.0,241.1:531.0,242.1:534.2,243.1:537.7,244.2:542.2,245.1:545.7,246.3:549.5,247.1:554.5,253.6:0.0,249.3:559.7,255.7:0.0,251.2:568.7,257.8:0.0,253.2:0.0,254.2:594.7,255.2:597.5,256.2:604.0,257.2:610.7,264.0:0.0,265.0:0.0,266.0:0.0,267.1:0.0,268.1:0.0,269.1:0.0,270.2:0.0,271.2:0.0,272.2:0.0,273.3:0.0,274.3:0.0,275.3:0.0,276.4:0.0,277.4:0.0,278.5:0.0,279.5:0.0,280.5:0.0,281.6:0.0,282.5:0.0,283.5:0.0,284.6:0.0,285.6:0.0,286.6:0.0,287.7:0.0,288.7:0.0,289.7:0.0,290.8:0.0,291.8:0.0,292.8:0.0,293.9:0.0,294.9:0.0,295.9:0.0,297.0:0.0,298.0:0.0,299.0:0.0,300.0:0.0,301.1:0.0,302.1:0.0,303.2:0.0,304.2:0.0,305.2:0.0,306.3:0.0,301.2:0.0,302.3:746.2,309.4:0.0,310.4:0.0,305.4:0.0,312.5:0.0,307.4:772.0,308.5:768.2,315.6:0.0,310.4:774.5,317.6:0.0,318.7:0.0,319.7:0.0,320.7:0.0,321.7:0.0,322.8:0.0,323.8:0.0,324.8:0.0,325.9:0.0,326.9:0.0,327.9:0.0,329.0:0.0,330.1:0.0,331.1:0.0,332.1:0.0,333.2:0.0,334.2:0.0,335.2:0.0,336.3:0.0,330.3:0.0,331.4:0.0,332.5:0.0,333.6:1249.5,334.6:1242.7,335.6:1250.0,336.7:1258.0,337.7:1266.2,338.7:1273.7,339.8:1284.0,340.8:1294.5,341.8:1305.7,342.8:1320.0,343.9:1332.2,344.9:1346.2,345.9:1363.0,346.9:1379.7,348.0:1395.5,349.0:1415.0,350.0:1433.5,351.0:1450.5,
352.1:1290.5,353.1:1307.2,354.1:1325.5,355.2:1346.5,356.2:1366.5,357.2:1392.0,358.2:1418.0,359.2:1439.5,7.2:0.0,8.3:0.0,9.3:0.0,10.4:0.0,11.4:0.0,12.4:0.0,13.5:0.0,14.5:0.0,15.5:0.0,16.6:0.0,17.6:0.0,18.7:0.0,12.9:0.0,13.9:1264.2,21.8:0.0,22.8:0.0,23.9:0.0,24.9:0.0,19.1:1239.2,27.0:0.0,28.0:0.0,29.1:0.0,30.1:0.0,31.1:0.0,32.2:0.0,33.2:0.0,34.3:0.0,28.1:0.0,29.1:1857.2,30.2:1855.2,31.2:1843.2,32.2:1838.2,33.2:1833.2,34.3:1826.5,35.3:1819.2,36.4:1815.5,37.5:1814.7,38.5:1812.0,39.6:1808.7,40.6:1809.5,41.6:1810.0,42.6:1811.2,43.7:1813.0,44.7:1840.7,45.8:1845.5,46.8:1824.7,47.8:1830.5,48.8:1834.0,49.9:1838.7,50.9:1846.7,52.0:1854.0,53.0:1861.2,54.0:1867.7,55.1:1873.5,56.1:1882.2,57.2:1894.2,58.2:1905.2,59.2:1918.0,60.2:1930.0,68.5:0.0,69.5:0.0,70.6:0.0,71.6:0.0,65.5:0.0,66.6:1695.5,74.7:0.0,68.6:1702.5,69.7:1710.7,70.7:1727.0,71.7:1743.0,79.9:0.0,73.7:1766.2,82.0:0.0,83.0:0.0,84.0:0.0,85.1:0.0,86.1:0.0,87.2:0.0,88.2:0.0,81.9:0.0,90.2:0.0,83.9:2005.0,92.2:0.0,93.3:0.0,94.3:0.0,95.3:0.0,96.4:0.0,97.4:0.0,98.5:0.0,99.5:0.0,100.5:0.0,101.5:0.0,102.6:0.0,103.6:0.0,104.6:0.0,98.6:0.0,106.7:0.0,107.7:0.0,101.7:1562.5,102.7:1534.7,103.8:1522.0,104.9:1504.2,112.9:0.0,114.0:0.0,115.0:0.0,116.0:0.0,117.1:0.0,118.1:0.0,112.2:0.0,113.2:1404.5,114.3:1398.2,115.3:1394.0,116.4:1387.2,117.4:1380.7,118.4:1378.7,119.5:1373.5,120.5:1365.7,121.5:1362.5,122.6:1359.5,123.6:1354.2,124.6:1349.2,125.7:1345.2,126.7:1343.5,127.7:1342.0,128.8:1342.0,129.8:1340.2,130.9:1339.7,131.9:1341.2,132.9:1344.0,134.0:1345.0,135.0:1344.2,136.0:1347.2,137.1:1346.7,138.1:1363.5,139.1:1382.5,140.1:1381.2,148.1:0.0,149.2:0.0,150.2:0.0,151.2:0.0,152.3:0.0,153.3:0.0,154.3:0.0,149.4:0.0,150.4:736.5,151.3:735.7,152.5:737.2,153.5:740.5,154.5:745.2,155.5:751.0,156.5:755.0,157.7:760.7,158.7:766.5,159.7:769.5,160.7:777.0,161.8:785.7,168.9:0.0,163.7:798.2,164.8:810.7,165.8:816.5,173.1:0.0,174.1:0.0,175.2:0.0,176.2:0.0,177.2:0.0,178.3:0.0,179.3:0.0,180.3:0.0,181.4:0.0,182.4:0.0,183.5:0.0,184.5:0.0,179.1:0.0,186.5:0.0,187.5:0.0,188.6:0.0,189.6:0.0,190.7:0.0,191.7:0.0,192.7:0.0,193.8:0.0,194.8:0.0,195.8:0.0,196.9:0.0,191.8:0.0,198.9:0.0,200.0:0.0,195.1:0.0,196.2:718.5,197.2:710.5,198.1:702.0,199.3:697.2,200.4:693.2,201.3:688.7,202.4:686.0,203.5:683.0,204.5:680.0,205.7:675.2,206.6:669.5,207.6:666.2,208.7:664.2,209.9:660.5,210.9:657.0,211.9:655.5,213.0:654.5,214.1:652.2,215.0:650.7,216.1:649.5,217.1:647.5,218.1:647.0,219.3:646.7,220.2:646.5,221.3:645.7,222.4:644.2,223.3:644.0,224.4:645.7,225.4:646.7,226.5:648.0,227.5:647.7,228.6:649.0,229.7:651.0,230.6:652.2,231.7:653.5,232.7:653.5,233.7:655.7,234.8:658.7,235.7:662.7,236.9:667.0,237.8:668.5,238.8:671.7,240.0:675.0,240.9:676.2,242.0:682.2,242.9:689.2,244.0:692.0,245.0:696.0,246.0:702.5,247.1:705.7,248.1:710.5,255.1:0.0,250.2:723.7,251.2:734.2,252.1:741.5,253.1:747.5,254.1:755.0,255.1:764.5,256.1:774.0,263.3:0.0,264.3:0.0,259.1:0.0,260.2:812.0,267.5:0.0,268.5:0.0,269.5:0.0,270.6:0.0,271.6:0.0,272.6:0.0,273.7:0.0,274.7:0.0,275.7:0.0,276.8:0.0,277.8:0.0,278.8:0.0,279.9:0.0,280.9:0.0,282.0:0.0,282.9:0.0,284.0:0.0,285.0:0.0,286.0:0.0,287.0:0.0,288.1:0.0,289.1:0.0,290.2:0.0,291.2:0.0,286.3:0.0,287.5:665.5,288.5:657.2,289.6:659.7,290.4:664.5,291.6:668.7,292.5:676.0,293.7:0.0,294.7:659.0,295.7:657.7,296.7:660.0,297.7:664.7,298.9:669.0,299.8:675.2,300.7:684.0,301.8:691.0,302.8:699.0,303.8:705.7,305.0:708.7,311.9:0.0,312.9:0.0,314.0:0.0,315.0:0.0,316.0:0.0,317.1:0.0,318.1:0.0,319.1:0.0,320.2:0.0,321.2:0.0,322.2:0.0,323.3:0.0,324.3:0.0,325.3:0.0,326.4:0.0,327.4:0.0,328.5:0.0,329.5:0.0,330.5:0.0,331.6:0.0,332.6:0.0,326.8:0.0,328.0:0.0,329.1:0.0,330.1:1064.2,331.2:1071.0,332.2:1077.5,333.2:1083.2,334.3:1090.7,335.2:1098.0,336.3:1104.7,337.2:1112.0,338.3:1119.2,339.3:1126.7,340.4:1136.0,341.4:1148.2,342.4:1159.7,343.5:1169.5,344.5:1182.5,345.5:1196.2,346.5:1207.7,347.5:1222.5,348.5:1239.0,349.6:1253.5,350.6:1267.0,351.6:1282.5,
352.9:1040.7,353.9:1054.5,354.9:1068.7,355.8:1085.2,356.9:1105.5,357.9:1123.0,359.0:1141.2,0.0:1163.2,7.8:0.0,8.8:0.0,9.8:0.0,10.9:0.0,11.9:0.0,6.3:0.0,7.4:1090.0,15.0:0.0,16.1:0.0,17.1:0.0,11.6:0.0,12.7:1035.7,13.6:1027.5,14.6:1019.0,15.7:1009.0,16.8:1000.5,17.8:993.0,19.0:984.7,19.9:978.5,21.0:969.5,22.0:963.2,23.1:959.7,24.1:953.0,25.2:950.5,26.2:952.2,33.7:0.0,34.7:0.0,35.8:0.0,36.8:0.0,37.9:0.0,38.9:0.0,40.0:0.0,33.9:0.0,34.9:1602.7,36.0:1600.0,37.0:1594.7,38.0:1592.7,39.1:1595.0,40.1:1593.5,41.2:1590.0,42.2:1589.0,43.2:1593.2,44.3:1596.0,45.3:1595.5,46.4:1598.0,47.4:1599.2,48.4:1603.2,49.5:1608.7,50.5:1612.7,51.5:1618.2,52.5:1629.7,53.6:1638.0,54.6:1639.5,55.6:1644.7,56.7:1653.0,57.7:1659.5,58.8:1664.5,59.8:1675.0,60.8:1688.2,61.9:1699.2,62.9:1712.5,63.9:1726.2,64.9:1739.7,65.9:1758.2,67.0:1776.0,68.0:1792.5,69.1:1811.7,77.3:0.0,78.3:0.0,79.4:0.0,80.4:0.0,81.5:0.0,75.4:0.0,83.5:0.0,84.6:0.0,78.5:1606.5,79.5:1630.2,87.7:0.0,88.7:0.0,89.7:0.0,90.7:0.0,91.7:0.0,92.8:0.0,93.8:0.0,94.9:0.0,95.9:0.0,96.9:0.0,98.0:0.0,99.0:0.0,100.0:0.0,101.1:0.0,102.1:0.0,103.1:0.0,104.2:0.0,105.2:0.0,106.2:0.0,107.3:0.0,108.3:0.0,109.3:0.0,110.4:0.0,104.2:0.0,112.4:0.0,106.3:1710.5,107.4:1682.0,108.4:1665.5,109.5:1655.5,110.5:1648.0,111.5:1636.0,112.6:1624.5,113.7:1616.2,114.7:1606.0,115.7:1597.0,116.8:1593.0,117.7:1587.7,118.8:1581.7,119.9:1576.7,120.9:1571.0,121.9:1569.5,123.0:1567.5,124.0:1564.0,125.0:1559.2,126.1:1554.0,127.1:1550.5,128.1:1549.2,129.2:1547.0,130.2:1544.7,131.3:1545.0,132.3:1546.2,133.3:1549.2,134.4:1551.5,135.4:1553.2,136.5:1555.0,137.5:1556.7,138.5:1560.7,139.5:1564.0,140.6:1567.0,141.6:1569.5,142.6:1574.5,143.6:1578.5,144.7:1594.2,145.7:1615.7,146.7:1627.2,154.9:0.0,155.9:0.0,157.0:0.0,158.0:0.0,159.0:0.0,160.1:0.0,161.1:0.0,162.2:0.0,156.7:0.0,157.8:1005.2,158.8:1006.5,159.8:1008.2,160.9:1011.7,161.9:1019.0,162.9:1028.7,163.9:1037.5,171.6:0.0,172.6:0.0,167.0:0.0,174.7:0.0,175.8:0.0,176.8:0.0,177.8:0.0,178.9:0.0,179.9:0.0,181.0:0.0,182.0:0.0,183.0:0.0,184.1:0.0,185.1:0.0,186.1:0.0,187.2:0.0,188.2:0.0,189.2:0.0,190.3:0.0,191.3:0.0,192.3:0.0,193.4:0.0,194.4:0.0,188.8:0.0,190.0:1020.5,190.9:1006.7,198.6:0.0,199.6:0.0,194.1:0.0,195.2:964.2,196.2:956.5,197.3:950.0,204.8:0.0,199.4:938.0,200.4:926.7,201.5:921.0,202.5:914.7,203.7:909.0,204.7:903.5,205.8:899.5,206.8:894.2,207.9:889.7,208.9:885.0,209.9:881.2,210.9:879.5,212.1:877.2,213.0:875.2,214.2:873.2,215.2:869.7,216.2:866.2,217.2:865.5,218.3:865.0,219.4:864.2,220.4:863.2,221.4:860.0,222.4:860.5,223.5:862.0,224.6:861.7,225.6:863.0,226.7:865.0,227.7:867.5,228.7:868.2,229.7:867.5,230.7:871.2,231.8:875.0,232.9:877.2,233.8:878.7,234.8:880.7,235.9:885.2,236.9:891.7,238.0:898.0,239.0:900.7,240.0:903.7,241.2:909.5,242.1:917.0,243.2:922.2,244.1:926.0,251.7:0.0,252.7:0.0,247.3:940.5,248.3:956.5,249.4:963.5,256.8:0.0,257.9:0.0,258.9:0.0,259.9:0.0,254.4:0.0,262.0:0.0,263.1:0.0,264.1:0.0,265.1:0.0,266.2:0.0,261.6:0.0,262.6:624.2,263.5:624.0,264.7:622.7,265.7:621.0,272.4:0.0,267.9:0.0,268.9:588.5,270.0:589.0,271.0:589.7,272.0:588.7,273.2:588.2,274.0:588.5,275.3:589.2,276.1:590.0,277.0:590.2,278.1:591.2,279.1:591.5,280.3:593.0,281.2:595.5,282.3:597.7,283.4:598.7,284.4:599.5,285.4:601.7,286.4:604.2,287.3:606.0,288.5:610.0,289.4:614.7,290.5:616.5,291.4:618.5,292.4:623.2,293.5:627.0,294.6:629.2,295.6:633.5,296.6:638.5,297.5:645.0,298.5:651.0,299.6:655.2,300.7:661.2,301.7:667.7,302.7:671.7,303.7:678.5,310.6:0.0,305.6:693.7,306.7:704.5,313.7:0.0,314.7:0.0,315.8:0.0,310.7:0.0,317.9:0.0,318.9:0.0,319.9:0.0,321.0:0.0,322.0:0.0,323.0:0.0,324.1:0.0,318.9:0.0,320.0:822.2,320.9:824.0,321.9:825.5,323.0:827.2,324.2:829.7,325.1:832.2,326.2:836.0,327.1:840.0,328.2:843.2,329.2:847.0,330.3:850.7,331.2:854.5,332.4:859.5,333.3:863.7,334.3:869.2,335.4:875.5,336.4:881.5,337.4:887.7,338.5:895.7,339.5:903.2,340.5:909.7,341.5:916.7,342.6:925.2,343.6:936.0,344.7:945.7,345.6:955.5,346.6:966.2,347.7:977.2,348.7:989.0,349.7:1001.0,350.8:1012.7,351.8:1026.7,
352.8:866.0,353.8:878.2,354.8:890.7,355.8:905.2,356.8:919.5,357.8:934.5,358.8:951.0,359.8:967.5,7.4:0.0,8.4:0.0,3.0:970.0,10.5:0.0,11.5:0.0,12.6:0.0,13.6:0.0,8.3:0.0,15.7:0.0,16.7:0.0,17.7:0.0,12.5:0.0,13.6:866.0,14.6:856.7,15.6:850.0,16.7:843.2,17.7:836.5,18.7:830.0,19.8:826.2,20.9:821.7,21.9:814.0,23.0:807.7,24.0:804.5,25.1:800.5,26.1:796.0,27.2:793.0,28.2:789.2,29.2:786.5,30.4:785.5,31.3:784.5,32.4:784.5,33.4:787.7,40.6:0.0,41.6:0.0,42.7:0.0,43.7:0.0,44.8:0.0,38.8:0.0,39.8:1443.0,40.9:1441.5,42.0:1442.5,43.0:1442.5,44.0:1441.0,45.0:1442.7,46.1:1444.7,47.1:1448.0,48.2:1452.0,49.2:1452.7,50.2:1455.2,51.2:1459.0,52.3:1466.2,53.3:1473.5,54.4:1478.5,55.4:1484.7,56.5:1492.0,57.5:1505.2,58.5:1524.2,59.5:1531.2,60.5:1532.5,61.5:1543.5,62.6:1554.5,63.6:1564.7,64.6:1578.0,65.6:1592.0,66.6:1604.5,67.7:1616.0,68.7:1628.5,69.7:1645.5,70.7:1664.2,71.8:1682.2,72.8:1700.7,73.9:1720.0,74.9:1746.0,83.1:0.0,84.1:0.0,85.1:0.0,86.2:0.0,87.2:0.0,88.2:0.0,82.2:0.0,90.2:0.0,91.3:0.0,92.3:0.0,93.3:0.0,94.4:0.0,95.4:0.0,96.4:0.0,97.5:0.0,98.5:0.0,99.5:0.0,100.6:0.0,101.6:0.0,102.6:0.0,103.7:0.0,104.7:0.0,105.7:0.0,106.7:0.0,107.8:0.0,108.8:0.0,109.9:0.0,110.9:0.0,111.9:0.0,113.0:0.0,114.0:0.0,115.1:0.0,108.9:0.0,110.0:1796.2,111.0:1782.5,112.0:1772.0,113.1:1761.5,114.1:1752.7,115.2:1746.0,116.2:1735.5,117.2:1725.5,118.2:1720.2,119.2:1713.2,120.3:1702.0,121.4:1694.2,122.4:1692.0,123.5:1690.2,124.4:1687.0,125.5:1682.7,126.5:1678.0,127.6:1676.7,128.6:1676.7,129.6:1674.0,130.7:1673.0,131.7:1676.0,132.8:1676.5,133.8:1674.7,134.9:1675.0,135.9:1677.2,136.9:1682.0,137.9:1684.7,138.9:1689.7,140.0:1695.7,141.0:1699.5,142.1:1705.5,143.1:1711.5,144.1:1717.0,145.2:1725.2,146.2:1734.0,147.2:1741.2,148.2:1764.5,149.2:1789.2,157.5:0.0,158.5:0.0,159.6:0.0,160.6:0.0,161.6:0.0,162.7:0.0,163.8:0.0,164.8:0.0,165.8:0.0,160.1:0.0,161.1:1183.5,162.1:1183.2,163.2:1187.0,171.0:0.0,172.1:0.0,173.1:0.0,174.1:0.0,175.2:0.0,176.2:0.0,177.2:0.0,178.3:0.0,179.3:0.0,180.3:0.0,181.4:0.0,182.4:0.0,183.5:0.0,184.5:0.0,185.5:0.0,186.6:0.0,187.6:0.0,188.7:0.0,189.7:0.0,190.7:0.0,191.8:0.0,192.8:0.0,193.8:0.0,194.9:0.0,195.9:0.0,190.2:1183.7,198.0:0.0,199.0:0.0,200.1:0.0,201.1:0.0,195.5:0.0,196.5:1106.5,197.5:1098.2,198.5:1090.0,199.7:1081.5,200.7:1074.2,201.8:1066.2,202.7:1059.5,203.9:1055.7,204.9:1049.0,205.9:1042.7,207.0:1038.2,208.1:1034.0,209.1:1030.5,210.2:1025.2,211.2:1021.0,212.2:1017.7,213.3:1014.7,214.3:1013.7,215.4:1009.2,216.4:1006.7,217.4:1009.0,218.6:1007.7,219.5:1004.7,220.5:1001.7,221.6:1000.7,222.7:1000.2,223.7:1000.5,224.7:1003.2,225.8:1005.2,226.9:1005.7,227.8:1006.7,228.9:1010.0,229.9:1012.2,230.9:1014.2,231.9:1018.2,233.0:1021.2,234.0:1023.7,235.0:1028.2,236.1:1034.0,237.2:1038.7,238.1:1043.0,239.2:1049.0,240.3:1053.7,247.9:0.0,242.3:1062.2,243.4:1070.7,251.0:0.0,246.2:0.0,247.3:665.2,248.3:661.0,249.4:662.5,250.6:0.0,251.6:616.2,252.6:612.5,253.7:612.2,254.7:606.5,255.7:602.5,256.8:601.2,257.8:599.2,259.0:595.5,259.8:592.2,261.0:590.0,262.1:587.0,263.1:586.0,264.2:584.2,265.1:581.5,266.2:580.2,267.3:578.5,268.3:578.0,269.4:578.2,270.4:577.2,271.3:577.2,272.5:576.7,273.4:577.2,274.6:578.5,275.6:578.2,276.5:578.0,277.6:578.5,278.7:579.2,279.5:578.7,280.5:579.5,281.6:582.5,282.7:585.0,283.7:585.5,284.7:588.0,285.7:591.2,286.7:593.2,287.9:596.5,288.9:598.5,289.9:600.0,290.9:604.2,291.8:609.0,292.8:612.7,293.9:617.0,295.0:620.7,295.9:624.5,296.8:630.5,303.7:0.0,298.9:0.0,299.9:679.2,306.8:0.0,307.9:0.0,303.0:0.0,310.0:0.0,311.0:0.0,304.4:0.0,305.5:3369.2,308.3:0.0,309.2:687.5,310.3:686.0,311.3:685.2,312.4:684.7,313.4:684.5,314.4:684.2,315.5:683.7,316.4:684.0,317.5:685.7,318.5:685.7,319.7:686.0,320.7:688.5,321.6:689.7,322.7:691.2,323.6:692.5,324.8:693.7,325.8:696.0,326.9:698.2,327.8:701.2,328.9:704.7,330.0:707.7,331.0:711.0,331.9:714.7,333.0:719.2,333.9:723.2,335.0:728.7,336.1:734.2,337.0:739.5,338.0:745.0,339.0:750.0,340.1:756.2,341.1:762.5,342.1:768.7,343.2:776.2,344.2:785.2,345.2:793.7,346.1:800.5,347.3:808.2,348.2:818.0,349.4:828.2,350.4:838.7,351.4:850.5,
353.6:698.5,354.6:708.7,355.7:720.2,356.6:732.5,357.7:744.0,358.7:756.2,359.6:770.7,0.7:785.0,7.9:0.0,8.9:0.0,3.9:783.7,4.9:769.7,12.0:0.0,13.1:0.0,14.1:0.0,15.1:0.0,16.2:0.0,11.2:0.0,12.4:708.7,13.4:703.0,14.3:696.5,15.4:690.7,16.5:686.0,17.5:680.0,18.6:673.5,19.6:670.2,20.8:666.5,21.9:661.2,22.9:658.2,23.8:655.7,24.8:652.0,26.1:648.5,27.1:645.0,28.0:641.5,29.2:639.7,30.2:637.7,31.2:635.2,32.3:633.0,33.4:630.5,34.4:629.7,35.4:628.0,36.5:627.5,37.4:628.2,38.5:627.7,39.5:626.2,40.5:627.2,41.6:631.0,42.6:635.5,49.4:0.0,50.4:0.0,51.5:0.0,52.5:0.0,46.6:0.0,47.6:1301.2,48.7:1303.2,49.8:1304.2,50.7:1308.2,51.8:1313.2,52.8:1318.5,53.9:1323.7,54.9:1326.5,56.0:1332.7,57.0:1342.7,58.0:1352.2,59.1:1357.7,60.1:1362.2,61.1:1372.0,62.1:1383.5,63.2:1393.7,64.2:1405.7,65.2:1426.7,66.2:1441.2,67.2:1446.0,68.3:1458.2,69.3:1473.5,70.4:1488.0,71.4:1503.5,72.4:1519.7,73.5:1536.5,74.5:1555.0,75.5:1575.7,76.5:1594.5,77.5:1613.7,78.6:1638.5,79.6:1662.2,80.6:1688.5,88.8:0.0,89.8:0.0,90.8:0.0,91.8:0.0,92.9:0.0,93.9:0.0,95.0:0.0,88.9:0.0,97.0:0.0,98.0:0.0,99.1:0.0,100.1:0.0,101.2:0.0,102.2:0.0,103.2:0.0,104.2:0.0,105.3:0.0,106.3:0.0,107.4:0.0,108.4:0.0,109.4:0.0,103.2:0.0,104.2:2046.2,105.2:2018.7,106.3:2008.5,107.3:1991.5,115.6:0.0,109.4:1962.0,110.4:1935.7,111.5:1919.0,112.5:1902.7,113.6:1893.5,114.6:1888.0,115.6:1877.2,116.7:1868.7,117.7:1858.0,118.7:1847.7,119.8:1844.5,120.8:1841.5,121.8:1836.2,122.9:1828.2,123.9:1823.7,124.9:1820.5,126.0:1815.0,127.0:1814.7,128.0:1814.0,129.1:1810.7,130.1:1809.0,131.2:1805.5,132.3:1806.5,133.3:1808.2,134.3:1808.0,135.4:1812.2,136.4:1815.5,137.4:1818.7,138.5:1822.2,139.5:1822.7,140.5:1830.5,141.6:1835.5,142.6:1839.5,143.6:1848.2,144.6:1854.2,145.7:1863.0,146.7:1871.2,147.7:1880.2,148.8:1890.0,149.8:1900.0,150.8:1917.0,151.9:1948.2,152.9:1976.7,161.2:0.0,162.3:0.0,163.4:0.0,164.4:0.0,165.4:0.0,166.5:0.0,167.5:0.0,161.6:0.0,169.6:0.0,163.7:1385.5,164.7:1367.5,172.7:0.0,166.7:1378.2,174.8:0.0,175.8:0.0,176.9:0.0,177.9:0.0,179.0:0.0,180.0:0.0,181.0:0.0,182.1:0.0,183.1:0.0,184.1:0.0,185.2:0.0,179.2:0.0,187.2:0.0,188.3:0.0,189.3:0.0,190.3:0.0,191.4:0.0,192.4:0.0,193.5:0.0,194.5:0.0,195.5:0.0,196.6:0.0,197.6:0.0,198.6:0.0,199.7:0.0,200.7:0.0,194.9:0.0,196.0:1269.2,203.8:0.0,204.9:0.0,205.9:0.0,207.0:0.0,208.0:0.0,202.2:0.0,203.3:1207.0,204.4:1203.0,205.4:1198.5,206.5:1191.0,207.5:1184.0,208.5:1175.0,209.6:1168.2,210.6:1165.2,211.7:1162.0,212.7:1159.2,213.8:1155.5,214.8:1151.0,215.8:1149.0,216.9:1148.5,218.0:1145.5,219.0:1144.7,220.0:1145.2,221.0:1145.5,222.1:1145.5,223.2:1143.2,224.1:1144.0,225.2:1146.2,226.3:1147.0,227.3:1148.5,228.4:1151.7,229.4:1153.5,230.4:1156.2,238.2:0.0,239.2:0.0,240.3:0.0,241.3:0.0,242.3:0.0,243.4:0.0,244.4:0.0,245.5:0.0,240.7:0.0,241.8:658.2,248.6:0.0,243.8:647.5,245.0:639.0,246.0:633.0,247.1:626.5,248.2:618.2,249.2:612.5,250.1:610.2,251.4:607.5,252.3:602.2,253.4:596.7,254.3:594.5,255.5:590.5,256.5:586.7,257.6:583.7,258.7:581.2,259.7:579.7,260.8:578.0,261.8:576.0,262.9:574.0,263.8:572.0,264.9:569.7,266.1:568.5,266.9:568.2,268.1:566.5,269.0:566.0,270.0:566.2,271.2:565.0,272.1:565.0,273.3:564.7,274.4:563.5,275.4:563.5,276.2:565.2,277.3:564.7,278.4:565.2,279.3:568.2,280.4:571.0,286.8:0.0,282.3:0.0,283.3:603.2,284.5:603.5,285.5:603.7,286.5:606.2,293.0:0.0,294.1:0.0,295.1:0.0,296.1:0.0,289.6:0.0,298.2:0.0,293.7:0.0,294.8:579.0,295.7:575.2,296.8:572.0,298.0:569.0,299.1:566.0,300.0:563.2,301.0:559.7,302.2:556.7,303.2:555.2,304.2:554.0,305.3:551.7,306.4:549.7,307.5:548.0,308.4:547.2,309.4:546.7,310.5:545.7,311.6:544.7,312.5:544.2,313.5:544.2,314.6:544.7,315.8:544.5,316.8:543.7,317.9:544.2,318.7:545.5,319.9:546.5,321.0:547.5,321.9:549.0,322.9:550.2,323.9:551.5,324.9:552.7,326.2:554.2,327.1:556.5,328.2:558.7,329.2:561.7,330.1:564.5,331.1:567.0,332.3:569.5,333.3:573.0,334.2:576.7,335.2:580.5,336.4:584.0,337.2:588.0,338.2:592.2,339.2:597.2,340.3:602.5,341.4:608.5,342.3:614.2,343.4:620.0,344.5:626.2,345.4:632.7,346.4:639.0,347.4:646.2,348.4:655.2,349.4:663.2,350.6:671.5,351.5:679.5,352.6:688.0,
353.9:522.0,354.8:529.5,355.9:537.7,356.9:545.7,357.7:555.2,358.9:565.0,359.9:575.0,0.9:584.0,1.8:596.0,8.4:0.0,3.8:601.0,5.0:593.2,11.5:0.0,12.6:0.0,13.6:0.0,14.6:0.0,10.4:0.0,11.3:551.2,12.5:546.0,18.8:0.0,14.6:538.7,15.7:530.0,22.0:0.0,17.7:523.5,18.8:518.7,19.9:515.2,21.0:511.2,22.1:508.2,23.0:505.0,24.2:501.0,25.3:498.2,26.3:497.0,27.4:495.5,28.5:493.0,29.5:490.7,30.5:489.2,31.5:487.5,32.5:486.5,33.7:486.0,34.5:485.0,35.7:483.7,36.8:483.0,37.9:482.7,38.7:481.7,39.9:480.5,41.1:480.5,42.0:480.7,43.1:481.7,44.0:482.2,45.1:481.7,46.1:483.5,47.0:485.7,48.3:485.7,49.2:486.2,50.1:486.7,51.1:488.2,52.4:490.7,53.4:491.0,54.5:490.0,55.4:493.5,61.5:0.0,62.5:0.0,63.5:0.0,64.6:0.0,65.6:0.0,66.6:0.0,67.7:0.0,61.8:0.0,62.9:1234.7,63.9:1246.7,65.0:1258.0,65.9:1267.0,67.0:1276.5,68.0:1287.0,69.1:1299.0,70.1:1312.2,71.1:1328.0,72.1:1355.7,73.1:1377.7,74.2:1379.5,75.2:1388.2,76.2:1406.5,77.2:1425.5,78.3:1447.2,79.3:1468.5,80.4:1491.7,81.3:1519.0,82.4:1543.5,83.4:1565.2,84.4:1591.2,85.4:1616.7,86.4:1642.7,87.4:1678.2,95.6:0.0,96.6:0.0,97.7:0.0,98.7:0.0,99.7:0.0,100.8:0.0,101.8:0.0,95.8:0.0,103.9:0.0,97.8:1582.7,105.9:0.0,107.0:0.0,108.0:0.0,109.0:0.0,110.1:0.0,111.1:0.0,112.1:0.0,113.2:0.0,114.2:0.0,107.9:0.0,109.0:2107.7,110.1:2076.7,118.4:0.0,112.1:2058.2,113.2:2041.0,114.2:2033.5,115.2:2023.2,116.3:2010.7,117.3:2001.0,118.4:1990.0,119.4:1981.2,120.4:1976.5,121.5:1971.0,122.5:1965.0,123.6:1958.5,124.6:1954.7,125.6:1952.2,126.6:1948.0,127.7:1945.2,128.7:1946.0,129.7:1946.2,130.8:1942.5,131.9:1939.5,132.9:1939.2,134.0:1943.0,135.0:1946.5,136.0:1948.2,137.1:1953.2,138.1:1953.0,139.2:1953.7,140.2:1962.7,141.2:1969.5,142.2:1975.5,143.3:1981.0,144.3:1989.2,145.3:2001.7,146.4:2014.5,147.4:2024.7,148.4:2032.2,149.5:2041.7,150.5:2051.2,151.5:2064.2,152.6:2075.7,153.6:2102.7,154.7:2132.0,163.1:0.0,164.1:0.0,165.2:0.0,166.2:0.0,167.2:0.0,168.3:0.0,169.3:0.0,170.4:0.0,171.4:0.0,165.4:0.0,166.4:1566.5,174.5:0.0,168.5:1577.2,176.6:0.0,170.5:1613.7,178.7:0.0,179.7:0.0,180.7:0.0,181.8:0.0,182.8:0.0,183.9:0.0,184.9:0.0,186.0:0.0,187.0:0.0,188.0:0.0,189.1:0.0,190.1:0.0,191.1:0.0,192.2:0.0,193.2:0.0,187.2:0.0,188.3:1547.7,189.3:1532.5,197.4:0.0,198.4:0.0,199.5:0.0,200.5:0.0,201.5:0.0,202.6:0.0,203.6:0.0,197.7:0.0,198.7:1389.5,199.7:1381.5,200.9:1374.2,201.9:1368.7,202.9:1358.5,210.9:0.0,205.1:1344.5,213.0:0.0,214.1:0.0,215.1:0.0,216.1:0.0,210.3:1321.7,211.4:1304.0,212.4:1302.7,213.4:1300.0,214.4:1295.5,215.5:1290.2,216.5:1287.7,217.6:1286.2,218.7:1285.5,219.6:1285.2,220.7:1284.5,228.6:0.0,229.7:0.0,230.7:0.0,231.7:0.0,232.8:0.0,233.8:0.0,234.9:0.0,235.9:0.0,237.0:0.0,238.0:0.0,239.0:0.0,240.1:0.0,241.1:0.0,242.2:0.0,243.2:0.0,244.2:0.0,245.3:0.0,246.3:0.0,247.4:0.0,242.7:0.0,243.8:630.0,244.9:620.7,245.9:614.5,247.0:609.2,247.9:606.0,249.0:601.0,250.2:595.0,251.2:590.5,252.2:585.7,253.2:582.2,254.3:580.0,255.4:576.2,256.5:573.2,257.5:571.5,258.5:567.7,259.5:564.5,260.7:563.2,261.6:566.2,268.0:0.0,263.6:577.7,264.7:584.0,265.6:581.0,266.6:580.2,267.8:580.5,268.8:581.0,269.7:582.2,276.3:0.0,277.4:0.0,278.4:0.0,274.2:0.0,275.3:525.0,276.5:516.7,277.4:509.7,278.4:503.0,279.7:495.7,280.8:488.7,281.8:483.0,282.7:477.2,284.0:471.2,285.0:466.2,285.9:461.7,287.0:456.5,288.1:451.5,289.1:448.2,290.4:444.2,291.2:440.2,292.2:436.7,293.4:433.5,294.5:430.2,295.5:427.5,296.5:424.7,297.5:422.2,298.8:420.2,299.7:418.2,301.0:416.2,301.7:414.0,302.8:412.0,304.2:410.5,305.0:409.0,306.0:408.2,307.3:407.0,308.4:405.2,309.1:404.5,310.1:404.2,311.6:403.7,312.5:403.2,313.5:402.7,314.3:403.0,315.6:403.5,316.5:403.5,317.5:403.2,318.7:404.0,319.9:404.5,320.9:405.5,321.5:406.2,322.7:407.2,323.9:408.2,324.6:409.0,326.1:410.2,327.0:411.7,327.9:413.2,328.7:415.5,330.0:418.0,330.9:420.0,332.1:422.0,332.9:424.2,334.2:427.0,335.0:429.7,335.8:433.0,337.1:436.0,338.2:439.7,339.0:443.5,340.1:446.7,341.0:450.7,341.9:455.2,342.9:459.0,344.0:463.5,345.0:468.7,345.9:473.7,347.1:479.2,348.0:484.2,349.2:490.0,350.1:496.5,351.0:503.0,352.1:509.5,353.2:516.2,
355.1:343.7,356.1:349.5,357.1:355.2,358.1:360.7,358.8:366.5,0.0:372.7,0.7:379.5,6.0:0.0,7.0:0.0,8.1:0.0,9.1:0.0,10.1:0.0,11.2:0.0,7.9:0.0,9.0:393.2,10.0:388.2,15.3:0.0,12.1:382.0,17.4:0.0,14.6:373.0,15.3:368.5,16.8:365.7,17.4:361.7,18.8:359.0,19.9:356.7,21.0:354.2,22.0:351.0,23.0:348.0,24.0:347.2,25.3:345.2,26.5:342.5,27.6:340.5,28.4:339.7,29.4:339.5,30.5:337.5,31.4:336.0,32.5:335.5,33.8:334.0,34.9:333.0,35.6:333.0,36.5:332.5,37.7:331.7,38.8:331.5,39.8:331.5,40.8:331.7,42.0:331.5,43.0:331.5,44.3:331.5,45.1:332.0,46.2:332.5,47.0:333.2,47.8:334.0,49.4:334.7,49.9:336.5,51.3:337.5,51.9:338.5,53.0:340.0,54.0:340.7,55.3:341.5,56.3:343.2,57.5:345.2,58.5:347.0,59.3:348.5,60.1:351.5,61.5:354.7,62.1:356.0,63.1:359.2,64.6:362.0,65.3:364.2,66.3:368.0,71.4:0.0,68.1:371.7,69.4:376.2,74.5:0.0,75.5:0.0,76.5:0.0,73.5:0.0,78.6:0.0,75.5:398.7,76.1:407.0,77.2:415.5,82.8:0.0,83.8:0.0,84.8:0.0,85.9:0.0,86.9:0.0,88.0:0.0,82.0:0.0,83.0:1352.0,84.0:1376.2,85.1:1398.7,86.1:1423.5,87.0:1454.7,88.1:1484.2,89.1:1514.5,90.2:1546.5,91.1:1577.2,92.1:1609.2,93.2:1646.0,101.3:0.0,102.4:0.0,103.4:0.0,104.4:0.0,105.5:0.0,99.4:1652.2,100.5:1630.7,101.4:1616.2,102.5:1601.7,110.6:0.0,104.5:0.0,112.7:0.0,113.7:0.0,114.7:0.0,115.8:0.0,116.8:0.0,117.8:0.0,118.9:0.0,112.6:0.0,113.6:2191.5,114.7:2160.2,115.7:2146.0,116.7:2132.2,117.7:2127.0,118.8:2119.5,119.8:2109.0,120.8:2103.0,121.9:2097.2,123.0:2088.7,124.0:2086.2,125.0:2082.7,126.1:2074.5,127.1:2072.0,128.1:2070.5,129.1:2069.5,130.2:2069.5,131.3:2067.2,132.3:2068.0,133.4:2076.5,134.4:2074.2,135.4:2070.2,136.5:2075.2,137.5:2079.7,138.5:2083.2,139.6:2087.0,140.6:2096.5,141.6:2098.7,142.7:2100.5,143.7:2111.0,144.7:2118.2,145.8:2126.7,146.8:2141.0,147.8:2149.0,148.9:2151.7,149.9:2172.7,150.9:2203.7,152.0:2220.5,160.3:0.0,161.4:0.0,162.5:0.0,156.1:2258.5,164.6:0.0,165.6:0.0,166.6:0.0,167.7:0.0,168.7:0.0,169.7:0.0,170.8:0.0,171.8:0.0,172.9:0.0,166.7:0.0,167.8:1756.5,168.8:1768.5,177.0:0.0,178.1:0.0,179.1:0.0,180.1:0.0,181.2:0.0,182.2:0.0,183.3:0.0,184.3:0.0,178.1:0.0,186.4:0.0,187.4:0.0,188.4:0.0,189.5:0.0,190.5:0.0,191.5:0.0,192.6:0.0,193.6:0.0,194.7:0.0,195.7:0.0,196.7:0.0,197.8:0.0,191.6:0.0,192.7:1638.5,193.8:1619.7,194.8:1603.2,195.8:1589.2,197.0:1574.0,198.0:1561.5,199.0:1552.2,200.1:1542.2,201.1:1531.2,202.2:1522.2,203.2:1512.7,204.2:1504.5,205.3:1498.2,206.4:1486.7,207.4:1477.2,208.4:1473.2,209.4:1467.2,210.5:1462.0,211.5:1455.0,212.5:1450.0,213.7:1446.2,221.7:0.0,222.7:0.0,223.7:0.0,224.8:0.0,225.8:0.0,226.9:0.0,227.9:0.0,228.9:0.0,230.0:0.0,231.0:0.0,232.0:0.0,233.1:0.0,234.1:0.0,235.2:0.0,236.2:0.0,237.2:0.0,238.3:0.0,239.3:0.0,240.4:0.0,241.4:0.0,242.4:0.0,243.5:0.0,238.9:0.0,245.5:0.0,241.0:636.2,242.0:624.7,243.0:623.0,244.1:623.7,250.7:0.0,251.8:0.0,247.2:622.0,248.2:618.7,249.2:614.2,250.3:613.2,251.4:614.5,258.0:0.0,253.6:0.0,254.8:0.0,256.0:0.0,257.0:0.0,258.4:483.7,259.2:0.0,260.4:455.2,261.7:443.2,262.5:432.2,263.8:421.5,264.8:411.2,266.1:401.7,267.3:392.7,268.6:384.7,269.2:377.0,270.7:369.7,271.9:362.5,272.8:355.7,274.1:349.5,275.2:343.7,276.0:338.5,277.6:333.2,278.6:328.5,279.2:323.7,280.2:319.0,281.3:315.0,282.7:311.2,283.4:307.5,284.7:304.2,286.4:301.0,286.9:297.5,288.6:294.2,289.2:291.5,290.0:289.0,291.6:286.5,292.6:284.0,293.5:282.0,294.7:280.0,295.6:277.7,297.2:275.7,297.7:274.0,298.5:272.7,299.9:271.5,300.9:270.2,301.9:269.0,303.8:267.5,303.8:266.7,305.0:266.0,306.2:265.0,307.5:264.2,309.0:263.5,310.1:263.0,310.0:262.7,311.5:262.2,312.2:261.7,314.5:261.5,315.5:261.5,315.6:261.7,317.4:261.7,317.6:261.7,319.2:262.0,320.5:262.5,320.8:263.0,322.0:263.5,323.8:264.2,324.1:264.7,324.8:265.7,325.5:266.7,326.9:267.5,327.7:268.7,329.7:270.0,330.3:271.0,330.7:272.0,331.6:273.5,333.1:275.2,334.5:277.0,334.9:278.7,335.7:280.7,336.9:282.5,338.2:284.5,338.8:287.2,340.3:289.7,341.1:292.0,342.1:294.5,342.6:297.2,344.3:300.0,344.7:303.0,346.0:306.2,346.6:309.5,348.1:312.7,348.9:316.5,349.8:320.5,350.7:324.5,351.5:328.7,352.6:333.2,353.9:337.7,354.9:342.5,
354.2:578.2,355.3:576.2,356.4:574.7,357.3:572.0,358.2:569.2,359.4:569.0,0.5:566.7,1.4:564.5,2.7:563.7,3.7:562.2,4.5:562.0,5.6:562.0,6.6:561.2,7.8:561.2,8.6:560.7,9.8:559.2,10.8:560.2,11.9:561.5,13.0:562.7,13.9:565.0,15.0:566.7,16.1:567.2,22.5:0.0,23.5:0.0,24.6:0.0,25.6:0.0,26.7:0.0,20.8:0.0,21.9:1261.2,22.9:1265.5,24.0:1269.7,25.0:1274.7,26.0:1281.7,27.1:1288.5,28.1:1295.0,29.1:1303.5,30.2:1315.0,31.2:1323.0,32.2:1333.0,33.3:1346.7,34.3:1358.2,35.4:1369.5,36.3:1392.2,37.4:1409.7,38.4:1414.7,39.4:1427.5,40.5:1442.5,41.5:1458.7,42.6:1478.0,43.6:1495.2,44.5:1516.5,45.6:1540.0,46.7:1561.0,47.7:1580.7,48.7:1600.5,49.7:1626.7,50.7:1652.7,51.7:1680.2,60.0:0.0,61.0:0.0,62.0:0.0,63.1:0.0,64.1:0.0,65.2:0.0,66.2:0.0,60.1:0.0,68.2:0.0,69.3:0.0,70.3:0.0,71.3:0.0,72.4:0.0,73.4:0.0,74.5:0.0,75.5:0.0,76.5:0.0,77.6:0.0,78.6:0.0,72.3:0.0,73.4:2110.2,81.7:0.0,75.5:2068.0,76.5:2032.0,77.6:2017.5,78.6:2009.0,79.7:1995.0,80.7:1977.5,81.7:1964.2,82.7:1954.2,83.8:1945.0,84.8:1933.0,85.8:1922.0,86.8:1909.0,87.9:1900.2,88.9:1899.7,90.0:1893.0,91.0:1882.2,92.1:1877.5,93.1:1874.5,94.1:1873.0,95.2:1870.5,96.2:1867.5,97.2:1866.2,98.2:1867.2,99.3:1864.2,100.3:1864.0,101.3:1863.5,102.4:1864.2,103.4:1867.2,104.4:1871.0,105.5:1875.7,106.5:1878.2,107.6:1884.5,108.6:1892.7,109.7:1899.0,110.7:1906.0,111.8:1915.7,112.8:1923.2,113.8:1930.7,114.9:1941.2,115.9:1954.2,116.9:1965.0,118.0:1974.0,119.0:1989.0,120.0:2005.7,121.0:2028.7,129.4:0.0,130.4:0.0,131.4:0.0,132.5:0.0,133.5:0.0,134.6:0.0,135.6:0.0,136.6:0.0,130.6:0.0,138.7:0.0,132.7:0.0,140.7:0.0,141.8:0.0,142.8:0.0,143.9:0.0,144.9:0.0,145.9:0.0,147.0:0.0,148.0:0.0,149.0:0.0,150.1:0.0,151.1:0.0,152.1:0.0,153.2:0.0,154.2:0.0,155.2:0.0,156.3:0.0,157.3:0.0,158.4:0.0,152.3:0.0,160.4:0.0,161.5:0.0,162.6:0.0,163.7:0.0,164.7:0.0,165.7:0.0,166.8:0.0,160.9:0.0,161.9:1366.7,169.9:0.0,171.0:0.0,172.0:0.0,173.0:0.0,174.1:0.0,168.2:0.0,169.3:1287.5,170.3:1277.2,171.4:1270.7,172.4:1267.0,173.5:1260.0,174.5:1249.0,175.6:1244.7,176.6:1242.0,177.7:1236.2,178.7:1234.0,186.6:0.0,180.8:1226.2,181.9:1219.2,182.9:1213.7,183.9:1208.7,184.9:1208.5,186.1:1207.0,187.0:1208.7,188.1:1208.7,189.1:1205.0,190.2:1207.7,191.3:1209.7,192.3:1208.2,193.3:1206.7,201.2:0.0,202.2:0.0,203.2:0.0,204.3:0.0,205.3:0.0,206.4:0.0,207.4:0.0,208.4:0.0,209.5:0.0,210.5:0.0,211.6:0.0,212.6:0.0,213.7:0.0,214.7:0.0,210.0:0.0,216.8:0.0,212.2:636.2,218.9:0.0,214.3:623.0,215.4:613.5,216.4:607.7,217.4:604.2,218.6:600.0,219.6:595.5,220.7:591.5,221.7:587.2,222.8:584.0,223.8:581.5,224.8:578.2,225.9:574.5,226.9:572.0,228.0:569.5,229.0:567.0,230.1:565.5,231.2:564.0,232.2:562.7,233.3:560.2,234.4:558.2,235.4:558.0,236.3:557.2,237.5:557.5,238.4:558.0,239.5:558.5,245.9:0.0,241.4:0.0,242.5:585.0,243.5:583.7,244.6:583.2,245.6:584.0,246.7:587.0,247.7:587.7,254.3:0.0,255.3:0.0,256.3:0.0,249.8:0.0,253.2:0.0,254.2:544.5,255.0:539.0,256.3:534.5,257.4:529.5,258.4:525.0,259.3:520.7,260.4:516.0,261.5:512.7,262.5:509.0,263.5:505.0,264.6:501.7,265.9:499.0,266.7:496.2,267.8:493.5,268.8:491.0,270.0:489.0,270.9:487.0,272.1:485.2,273.2:483.0,274.1:481.5,275.1:480.2,276.3:479.0,277.1:478.5,278.2:477.7,279.2:476.7,280.2:476.0,281.5:475.7,282.5:476.5,283.6:476.5,284.6:475.5,285.5:476.2,286.7:477.5,287.5:477.7,288.7:478.2,289.5:479.2,290.8:481.0,291.6:482.2,292.8:483.7,293.8:485.2,294.9:487.0,295.8:489.0,296.6:491.5,297.9:494.0,298.7:496.5,300.0:498.7,300.9:501.7,302.0:505.2,303.1:509.0,303.9:512.0,305.0:515.7,306.0:519.7,307.1:523.7,308.0:528.0,308.9:532.5,310.0:537.0,311.2:541.7,312.2:546.7,313.1:553.2,314.1:560.2,315.3:566.2,316.2:572.0,317.2:579.5,318.2:586.7,319.1:594.0,320.2:601.7,321.3:610.5,322.2:619.2,323.1:628.5,324.3:637.2,325.2:647.5,326.1:659.5,327.2:670.7,328.1:682.2,329.1:695.7,330.2:705.5,331.3:703.0,338.2:0.0,333.5:689.0,340.3:0.0,341.3:0.0,336.5:0.0,337.6:653.2,338.7:647.0,339.7:640.7,340.8:633.2,341.8:625.2,343.0:619.2,344.1:614.2,345.0:609.5,346.0:604.7,347.2:600.0,348.2:596.2,349.2:592.5,350.4:588.7,351.5:585.7,352.5:583.0,
354.9:381.0,355.9:378.5,356.9:376.5,358.2:375.7,359.1:374.2,0.3:372.7,1.6:372.0,2.3:372.0,3.2:371.2,4.6:370.7,5.7:370.2,6.5:369.2,7.7:368.7,8.5:368.7,9.7:369.5,10.5:369.2,11.9:369.2,13.0:369.7,14.1:369.7,14.7:370.0,15.8:370.7,17.0:371.7,17.9:373.0,18.7:374.0,19.9:375.7,21.1:375.7,21.9:376.7,23.2:381.0,24.1:385.0,29.2:0.0,30.3:0.0,31.3:0.0,32.4:0.0,33.4:0.0,34.4:0.0,35.5:0.0,36.5:0.0,30.9:0.0,31.8:1125.5,32.9:1135.5,34.0:1145.2,35.0:1155.2,36.0:1165.2,37.0:1175.0,38.1:1185.2,39.1:1196.5,40.2:1211.2,41.1:1239.5,42.2:1260.2,43.2:1265.2,44.3:1273.2,45.2:1285.5,46.3:1302.0,47.3:1322.5,48.3:1343.5,49.3:1363.2,50.4:1383.2,51.4:1404.0,52.4:1429.0,53.4:1457.5,54.4:1485.5,55.5:1511.7,56.5:1542.2,57.5:1574.7,65.6:0.0,66.7:0.0,67.7:0.0,61.6:1572.0,69.8:0.0,70.8:0.0,71.8:0.0,72.9:0.0,67.0:0.0,75.0:0.0,69.0:0.0,77.0:0.0,78.1:0.0,79.1:0.0,80.2:0.0,81.2:0.0,82.2:0.0,83.3:0.0,84.3:0.0,78.0:0.0,79.1:2069.0,80.1:2050.0,81.2:2020.5,82.2:2004.0,83.2:1989.7,84.2:1978.0,85.3:1968.2,86.4:1960.0,87.4:1951.7,88.4:1943.0,89.4:1936.0,90.5:1929.7,91.5:1921.2,92.6:1919.2,93.6:1918.5,94.6:1913.7,95.7:1913.5,96.7:1912.2,97.8:1909.0,98.8:1909.5,99.8:1911.2,100.9:1907.2,101.9:1907.2,102.9:1913.7,104.0:1916.7,105.0:1918.2,106.0:1921.5,107.0:1926.5,108.1:1930.0,109.1:1931.0,110.1:1935.7,111.2:1942.0,112.2:1953.5,113.2:1966.5,114.2:1972.7,115.3:1978.5,116.3:1987.5,117.3:2000.5,118.4:2015.2,119.4:2028.0,120.5:2039.7,128.8:0.0,122.5:2055.0,123.5:2077.5,124.6:2101.7,125.6:2128.2,126.6:2139.5,135.0:0.0,136.0:0.0,137.0:0.0,138.2:0.0,139.2:0.0,140.2:0.0,141.3:0.0,142.3:0.0,143.4:0.0,137.3:0.0,138.3:1597.7,146.5:0.0,140.4:1617.5,148.5:0.0,149.6:0.0,150.6:0.0,151.7:0.0,152.7:0.0,153.7:0.0,154.8:0.0,155.8:0.0,156.8:0.0,157.9:0.0,151.7:0.0,160.0:0.0,161.0:0.0,162.1:0.0,163.1:0.0,157.0:0.0,158.1:1646.0,159.1:1632.2,167.3:0.0,161.3:1610.5,169.4:0.0,170.4:0.0,164.4:1571.2,165.4:1545.2,166.5:1534.5,167.5:1520.7,168.6:1506.7,169.6:1496.5,170.7:1486.2,171.7:1476.5,172.8:1468.5,173.8:1460.7,181.8:0.0,182.9:0.0,176.9:1441.0,178.0:1422.5,179.0:1416.2,180.1:1410.2,181.1:1409.0,182.2:1407.7,183.2:1402.7,184.3:1398.7,185.3:1397.2,186.4:1395.5,187.4:1395.0,188.4:1395.2,189.4:1395.5,190.5:1393.7,191.5:1395.2,199.5:0.0,200.6:0.0,201.6:0.0,202.6:0.0,203.7:0.0,204.7:0.0,205.8:0.0,206.8:0.0,207.8:0.0,202.6:0.0,203.7:810.2,211.0:0.0,212.0:0.0,213.1:0.0,214.1:0.0,215.2:0.0,210.1:0.0,217.2:0.0,212.2:741.7,219.3:0.0,214.4:727.2,215.5:714.5,216.6:706.7,217.6:701.0,218.7:696.5,219.7:691.7,220.7:687.0,221.9:682.7,222.8:677.7,223.9:674.5,224.9:674.2,226.0:675.0,227.0:685.2,228.0:691.0,229.0:686.7,230.0:685.7,231.2:683.7,232.2:682.2,233.2:687.5,240.1:0.0,241.2:0.0,236.6:0.0,237.7:616.0,238.8:604.7,239.7:593.2,240.9:582.7,241.9:573.2,243.1:564.7,244.1:555.5,245.2:547.0,246.2:539.2,247.3:531.2,248.4:524.0,249.6:517.7,250.5:512.5,251.6:506.5,252.6:500.0,253.8:494.2,254.9:488.5,256.0:483.7,257.2:479.5,258.2:475.5,259.1:472.0,260.2:468.0,261.1:464.0,262.3:461.0,263.2:458.2,264.4:454.5,265.6:451.0,266.6:449.0,267.6:447.2,268.7:444.7,269.6:443.0,270.9:440.7,272.0:438.7,272.8:437.2,274.1:436.0,275.0:434.5,276.1:433.0,277.1:432.0,278.0:431.7,279.1:430.7,279.9:430.2,281.2:430.2,282.0:430.5,283.2:429.7,284.1:429.2,285.2:430.0,286.1:430.7,287.3:431.2,288.1:432.2,289.5:433.0,290.4:434.0,291.4:435.2,292.4:436.2,293.2:437.5,294.5:439.5,295.4:441.0,296.6:443.0,297.3:445.7,298.5:447.5,299.6:449.7,300.6:452.2,301.6:455.2,302.5:458.2,303.7:460.7,304.8:464.0,305.7:467.7,306.8:471.5,307.9:475.2,308.7:479.2,309.6:483.0,310.8:487.2,311.8:492.2,312.7:497.2,313.9:503.0,314.8:508.2,315.7:513.7,316.7:520.0,317.8:526.7,318.9:534.2,319.8:542.2,326.1:0.0,327.2:0.0,328.2:0.0,329.2:0.0,330.3:0.0,331.3:0.0,332.4:0.0,333.4:0.0,334.5:0.0,335.5:0.0,336.5:0.0,337.6:0.0,338.6:0.0,334.9:0.0,335.9:441.7,337.2:437.5,338.3:431.5,339.4:425.0,340.3:419.5,341.5:415.7,342.4:412.2,343.4:408.0,344.8:404.2,345.9:400.5,346.7:398.5,347.9:396.2,349.1:392.7,349.8:391.0,351.0:388.2,351.9:384.7,353.4:382.7,354.2:381.7,
351.9:1854.5,353.0:1850.0,354.0:1846.0,355.0:1843.7,356.1:1845.0,357.2:1845.7,358.2:1843.5,359.2:1845.5,0.2:1850.0,1.3:1854.5,2.3:1858.2,3.4:1860.2,4.4:1864.2,5.5:1868.0,6.5:1872.2,7.5:1876.0,8.6:1884.5,9.6:1902.5,10.6:1913.0,11.7:1913.5,12.7:1921.0,13.7:1937.5,14.8:1949.2,15.8:1973.5,16.9:2004.0,25.2:0.0,26.2:0.0,27.3:0.0,28.3:0.0,29.3:0.0,30.4:0.0,31.4:0.0,32.5:0.0,26.5:0.0,27.6:1397.5,28.7:1397.7,36.6:0.0,37.7:0.0,38.7:0.0,39.7:0.0,40.8:0.0,34.7:0.0,35.8:1529.0,43.9:0.0,45.0:0.0,46.0:0.0,47.0:0.0,48.1:0.0,49.1:0.0,50.2:0.0,51.2:0.0,52.2:0.0,53.3:0.0,54.3:0.0,55.4:0.0,56.4:0.0,57.4:0.0,58.5:0.0,59.5:0.0,60.6:0.0,61.6:0.0,62.6:0.0,63.7:0.0,64.7:0.0,65.8:0.0,66.8:0.0,67.8:0.0,68.8:0.0,69.9:0.0,70.9:0.0,72.0:0.0,66.2:0.0,67.3:1189.0,68.3:1182.7,69.3:1173.5,70.4:1164.2,71.5:1156.7,72.4:1152.0,73.5:1148.0,74.5:1143.0,75.6:1137.2,76.7:1134.5,77.7:1131.7,78.7:1128.2,79.7:1125.7,80.8:1121.0,81.8:1117.2,82.9:1116.5,83.9:1115.2,84.9:1113.7,86.0:1113.7,87.0:1112.7,88.0:1111.2,89.1:1111.0,90.1:1111.5,91.2:1113.5,92.1:1115.2,93.2:1117.0,101.0:0.0,102.0:0.0,103.0:0.0,104.1:0.0,105.1:0.0,106.1:0.0,107.2:0.0,102.4:0.0,109.2:0.0,104.7:611.2,105.9:601.2,106.8:597.0,113.4:0.0,114.5:0.0,110.1:0.0,116.5:0.0,117.6:0.0,118.6:0.0,114.3:562.7,115.4:551.2,116.5:547.2,117.4:543.7,118.4:538.7,119.5:534.7,120.7:531.7,121.7:528.7,122.8:525.2,123.7:522.7,124.7:521.2,125.9:519.2,127.0:517.2,127.8:515.7,128.9:514.0,129.9:512.5,131.1:511.2,132.1:510.2,133.3:509.5,134.2:508.5,135.2:507.5,136.3:506.0,137.3:505.7,138.4:506.5,139.3:506.7,140.3:507.2,141.5:507.5,142.5:507.5,143.5:507.7,144.5:509.5,145.8:512.0,151.8:0.0,152.9:0.0,148.6:0.0,149.5:545.5,150.7:546.5,151.6:548.5,152.8:550.7,159.1:0.0,160.1:0.0,161.2:0.0,162.3:0.0,163.3:0.0,156.8:0.0,160.1:0.0,161.4:524.7,162.3:521.0,163.4:517.7,164.3:515.7,165.6:513.0,166.6:510.5,167.6:508.7,168.6:506.7,169.7:504.5,170.7:502.0,171.9:500.2,172.8:499.0,174.0:498.0,175.1:496.7,176.0:496.7,177.1:495.7,178.0:494.2,179.1:494.2,180.3:494.0,181.3:494.7,182.3:495.5,183.5:495.2,184.5:495.2,185.2:496.5,186.3:497.7,187.3:499.0,188.5:500.2,189.6:501.5,190.7:502.7,191.6:504.7,192.5:506.7,193.6:508.5,194.5:511.2,195.6:513.7,196.9:516.2,197.9:518.5,198.8:521.5,199.8:525.2,200.7:528.7,202.0:533.0,202.8:536.5,203.8:540.2,205.0:544.5,206.0:549.0,206.9:553.5,207.9:559.2,208.9:564.7,210.0:570.5,211.0:576.5,212.1:582.2,213.0:588.7,214.0:596.0,215.2:603.2,216.0:611.5,217.0:620.0,218.0:628.5,219.2:636.2,220.0:644.7,221.0:655.7,222.2:666.2,223.1:676.7,224.2:688.2,225.2:700.7,226.2:714.0,227.1:727.0,228.2:740.7,229.1:755.0,230.1:773.0,237.3:0.0,232.3:781.7,233.2:776.2,234.4:769.0,241.5:0.0,236.5:755.7,237.5:744.5,238.6:739.2,239.7:731.7,240.7:724.2,241.8:719.2,242.7:714.2,243.9:708.0,244.9:701.5,246.0:695.7,247.1:691.5,248.0:688.0,249.2:685.5,250.2:682.5,251.2:679.5,252.3:675.5,253.3:672.5,254.2:669.5,255.4:666.7,256.3:666.5,257.5:663.7,258.5:661.2,259.6:661.5,260.7:659.2,261.7:655.7,262.8:654.5,263.8:654.2,264.7:653.7,265.7:654.0,266.8:654.2,267.9:653.5,268.9:655.5,269.9:657.7,270.9:660.5,277.8:0.0,278.8:0.0,279.9:0.0,280.9:0.0,282.0:0.0,276.0:0.0,277.0:1341.2,278.0:1349.2,279.1:1354.7,280.1:1359.2,281.1:1364.5,282.2:1369.5,283.2:1374.5,284.3:1380.5,285.2:1390.7,286.2:1403.5,287.3:1415.7,288.3:1426.7,289.4:1437.7,290.4:1452.0,291.4:1476.7,292.4:1490.2,293.5:1492.7,294.5:1506.5,295.5:1522.2,296.5:1538.7,297.6:1554.2,298.6:1571.7,299.7:1592.0,300.8:1609.2,301.8:1629.0,302.8:1652.5,303.8:1674.5,304.9:1699.7,305.9:1726.7,306.9:1755.0,315.1:0.0,316.2:0.0,317.2:0.0,318.2:0.0,319.3:0.0,320.3:0.0,321.3:0.0,322.4:0.0,323.4:0.0,317.4:0.0,325.5:0.0,326.5:0.0,327.6:0.0,328.6:0.0,329.7:0.0,330.7:0.0,331.7:0.0,332.7:0.0,333.8:0.0,334.8:0.0,328.6:0.0,329.6:2103.7,338.0:0.0,339.0:0.0,332.7:2047.2,333.8:2014.0,334.8:2004.2,335.9:1990.5,336.9:1972.0,337.9:1959.7,339.0:1946.5,340.1:1933.0,341.1:1922.5,342.1:1911.2,343.2:1902.0,344.2:1892.2,345.3:1887.5,346.3:1881.0,347.4:1875.7,348.5:1873.7,349.5:1864.7,350.5:1858.0,
351.7:1657.2,352.8:1654.2,353.8:1651.5,354.9:1650.5,355.9:1650.0,357.0:1651.2,358.0:1653.2,359.0:1656.2,0.1:1656.2,1.1:1655.7,2.1:1659.7,3.2:1662.2,4.2:1667.2,5.2:1672.5,6.3:1677.0,7.3:1681.5,8.4:1684.0,9.4:1691.0,10.5:1700.7,11.5:1711.7,12.5:1722.5,13.6:1728.5,14.6:1738.0,15.6:1750.0,16.6:1765.7,17.7:1791.5,18.7:1814.0,26.9:0.0,28.0:0.0,29.0:0.0,30.0:0.0,31.1:0.0,32.1:0.0,33.2:0.0,34.2:0.0,35.2:0.0,36.3:0.0,30.5:0.0,31.6:1226.5,39.4:0.0,40.4:0.0,41.5:0.0,42.5:0.0,43.6:0.0,44.6:0.0,45.7:0.0,46.7:0.0,47.7:0.0,48.8:0.0,49.8:0.0,50.9:0.0,51.9:0.0,53.0:0.0,54.0:0.0,55.0:0.0,56.1:0.0,57.1:0.0,58.2:0.0,59.2:0.0,60.2:0.0,61.3:0.0,62.3:0.0,63.4:0.0,57.5:1246.2,65.4:0.0,66.5:0.0,67.5:0.0,68.5:0.0,69.6:0.0,70.6:0.0,64.9:0.0,65.9:1191.0,66.9:1182.2,68.0:1175.2,69.0:1167.7,70.0:1160.7,71.2:1156.2,72.2:1149.7,73.3:1144.2,74.3:1140.2,75.3:1134.7,76.3:1130.0,77.4:1125.7,78.5:1121.0,79.5:1118.0,80.5:1115.2,81.5:1111.2,82.6:1109.5,83.6:1109.2,84.7:1106.5,85.7:1104.2,86.8:1105.5,87.8:1108.0,88.8:1109.0,89.9:1107.5,90.9:1106.5,91.9:1106.5,93.0:1109.0,94.0:1112.2,95.0:1117.0,96.0:1119.5,97.1:1119.7,98.1:1125.0,99.1:1129.7,100.1:1135.2,101.2:1140.5,102.2:1145.5,103.2:1151.0,104.3:1155.7,105.4:1163.5,106.4:1169.7,108.0:0.0,109.0:782.7,110.0:771.5,111.1:765.5,112.2:754.5,113.3:0.0,114.3:715.5,115.5:711.2,116.4:704.7,117.6:701.0,118.5:697.0,119.6:692.2,120.7:689.5,121.6:686.5,122.7:682.2,123.9:678.5,124.9:674.5,125.9:672.5,127.0:669.5,128.0:667.5,129.1:666.7,130.1:665.5,131.0:663.0,132.4:659.0,133.3:657.5,134.5:656.5,135.5:656.7,136.4:657.0,137.4:656.7,138.5:657.0,139.7:656.7,140.6:657.0,141.7:657.5,142.6:658.7,143.7:660.0,144.6:660.0,145.8:661.2,146.8:664.7,147.8:667.0,148.9:668.0,150.0:670.7,151.0:673.2,152.0:674.0,153.0:676.5,154.0:680.2,160.9:0.0,156.0:0.0,157.0:725.5,158.1:727.0,159.2:730.0,166.2:0.0,167.2:0.0,168.3:0.0,161.8:0.0,162.8:0.0,165.6:0.0,166.4:712.0,167.5:710.0,168.7:708.0,169.6:705.2,170.8:702.2,171.7:700.0,172.8:698.5,173.9:697.2,174.8:695.7,175.9:695.0,177.0:694.5,178.1:693.5,179.1:693.2,180.0:693.2,181.2:693.5,182.1:694.0,183.3:694.5,184.2:694.7,185.3:695.0,186.3:696.5,187.4:698.7,188.4:701.5,189.5:703.2,190.5:704.5,191.6:707.5,192.6:710.0,193.5:712.0,194.5:715.0,195.7:718.2,196.6:722.2,197.8:726.2,198.7:730.7,199.8:736.0,200.8:740.7,201.8:745.7,202.9:751.5,203.9:757.0,205.0:762.2,205.8:769.5,207.0:777.5,208.0:784.5,209.1:791.7,209.9:799.2,211.0:806.2,212.1:814.7,213.1:825.0,214.0:836.0,215.0:846.2,216.1:856.7,217.2:868.0,218.2:880.5,219.2:893.0,220.2:908.0,227.7:0.0,228.7:0.0,229.7:0.0,230.8:0.0,231.8:0.0,226.5:0.0,233.9:0.0,228.7:837.5,229.7:819.5,230.8:809.2,238.1:0.0,239.1:0.0,240.1:0.0,235.2:0.0,236.1:762.5,237.2:756.7,238.2:750.2,239.3:742.7,240.3:736.7,241.4:732.0,242.4:725.0,243.6:719.0,244.7:715.0,245.7:707.2,246.8:700.2,247.7:696.0,248.8:692.2,250.0:690.2,251.0:687.2,251.9:683.2,253.1:681.7,254.0:681.7,255.0:682.2,256.0:685.0,263.0:0.0,264.0:0.0,265.1:0.0,266.1:0.0,267.2:0.0,268.2:0.0,269.3:0.0,263.4:0.0,264.5:1330.2,265.5:1330.0,266.5:1330.2,267.5:1330.0,268.6:1328.7,269.6:1330.0,270.6:1332.5,271.7:1333.2,272.7:1337.7,273.7:1342.0,274.8:1344.0,275.7:1350.2,276.7:1357.5,277.8:1362.0,278.8:1366.2,279.8:1371.2,280.9:1374.5,281.9:1378.0,282.9:1390.0,283.9:1412.0,285.0:1422.0,286.0:1421.5,287.1:1430.0,288.0:1441.5,289.1:1452.2,290.1:1463.2,291.1:1472.7,292.2:1486.7,293.2:1503.2,294.2:1519.0,295.2:1534.5,296.2:1548.2,297.3:1566.0,298.3:1585.2,299.5:1602.2,300.5:1619.0,301.5:1643.0,309.7:0.0,310.7:0.0,311.7:0.0,312.8:0.0,313.8:0.0,314.8:0.0,315.9:0.0,316.9:0.0,318.0:0.0,312.0:0.0,320.0:0.0,321.1:0.0,322.1:0.0,323.2:0.0,324.2:0.0,325.2:0.0,326.3:0.0,327.3:0.0,328.3:0.0,329.4:0.0,330.5:0.0,331.5:0.0,325.3:0.0,333.6:0.0,334.6:0.0,335.6:0.0,336.7:0.0,330.5:0.0,338.7:0.0,332.6:1818.0,333.6:1794.5,334.7:1781.2,335.8:1769.5,336.8:1757.0,337.8:1745.7,338.9:1732.7,339.9:1722.7,341.0:1717.2,342.0:1704.7,343.0:1694.2,344.1:1690.2,345.1:1684.5,346.2:1681.5,347.2:1677.7,348.2:1668.5,349.3:1661.5,350.4:1657.0,351.4:1652.5,
352.5:1361.2,353.6:1361.7,354.6:1360.0,355.7:1358.7,356.7:1357.2,357.7:1357.7,358.8:1358.5,359.8:1359.2,0.8:1361.2,1.9:1362.2,2.9:1365.2,3.9:1369.0,4.9:1370.0,6.0:1374.5,7.0:1381.5,8.1:1383.2,9.1:1385.7,10.2:1391.0,11.2:1399.0,12.3:1404.0,13.3:1408.5,21.3:0.0,22.3:0.0,23.4:0.0,24.4:0.0,25.5:0.0,26.5:0.0,27.5:0.0,21.5:0.0,29.6:0.0,30.7:0.0,31.7:0.0,32.7:0.0,33.8:0.0,34.8:0.0,35.9:0.0,36.9:0.0,37.9:0.0,39.0:0.0,40.0:0.0,41.0:0.0,42.1:0.0,43.1:0.0,44.2:0.0,38.6:0.0,39.7:997.2,40.8:999.5,48.3:0.0,49.4:0.0,50.4:0.0,51.5:0.0,52.5:0.0,53.5:0.0,54.6:0.0,55.6:0.0,56.7:0.0,57.7:0.0,58.7:0.0,59.8:0.0,60.8:0.0,61.9:0.0,62.9:0.0,63.9:0.0,65.0:0.0,66.0:0.0,67.0:0.0,68.0:0.0,69.1:0.0,63.3:0.0,64.4:1193.5,65.4:1188.5,66.4:1182.0,67.5:1171.0,68.6:1163.5,69.6:1158.2,70.6:1151.2,71.7:1146.0,72.7:1140.0,73.8:1132.7,74.8:1127.7,75.9:1123.0,76.9:1119.2,77.9:1115.5,79.0:1111.0,80.0:1107.2,81.1:1104.2,82.1:1101.7,83.2:1101.5,84.2:1101.5,85.2:1099.5,86.3:1097.7,87.3:1095.0,88.3:1093.0,89.4:1096.0,90.4:1098.7,91.4:1099.0,92.5:1098.5,93.4:1102.2,94.5:1106.0,95.6:1105.5,96.6:1108.0,97.6:1112.7,98.7:1117.2,99.7:1120.0,100.7:1125.2,108.5:0.0,102.8:1136.5,103.8:1146.0,104.9:1150.5,105.9:1155.5,106.8:1162.0,107.9:1168.5,108.9:1175.5,109.9:1184.2,111.0:1191.2,118.8:0.0,119.8:0.0,120.9:0.0,121.9:0.0,122.9:0.0,124.0:0.0,125.0:0.0,126.0:0.0,127.1:0.0,128.1:0.0,129.1:0.0,130.2:0.0,131.2:0.0,125.8:0.0,126.9:919.2,127.9:917.5,129.0:916.5,136.4:0.0,131.0:0.0,132.2:883.0,133.2:881.5,134.3:880.2,135.3:878.5,136.3:878.2,137.3:877.0,138.4:877.2,139.4:878.0,140.5:875.7,141.6:874.5,142.6:876.0,143.6:878.7,144.7:881.0,145.7:883.7,146.7:885.5,147.7:887.2,148.8:891.0,149.8:894.0,150.8:896.7,151.8:900.2,152.9:903.5,153.9:907.5,154.9:911.2,156.0:916.5,157.1:921.2,158.1:925.7,159.1:932.2,160.1:937.5,161.2:943.5,162.2:960.2,163.2:985.7,164.2:1001.2,171.8:0.0,172.9:0.0,173.9:0.0,174.9:0.0,169.5:1001.5,170.5:997.0,171.5:995.0,172.5:992.0,173.6:990.0,174.7:987.7,175.7:984.5,176.7:983.7,177.7:983.0,178.8:982.0,179.8:981.5,180.9:982.5,182.0:983.7,183.0:984.5,184.1:983.7,185.1:984.5,186.1:986.5,187.1:988.5,188.1:992.0,189.2:995.0,190.3:996.2,191.2:999.7,192.3:1003.5,193.3:1007.0,194.3:1011.7,195.4:1017.0,196.4:1022.7,197.5:1028.5,198.5:1034.5,199.5:1040.2,200.5:1045.0,201.6:1051.2,202.6:1059.7,203.7:1067.7,204.7:1075.7,205.7:1085.0,206.8:1094.0,207.7:1106.0,208.8:1116.7,209.9:1125.2,210.9:1140.2,218.6:0.0,219.7:0.0,220.7:0.0,221.7:0.0,222.8:0.0,223.8:0.0,224.9:0.0,225.9:0.0,227.0:0.0,228.0:0.0,229.0:0.0,230.1:0.0,231.1:0.0,232.1:0.0,233.2:0.0,227.8:0.0,235.2:0.0,236.3:0.0,231.1:0.0,232.0:821.0,233.1:813.2,234.2:805.2,235.2:803.5,236.2:805.5,243.5:0.0,244.6:0.0,245.6:0.0,246.6:0.0,247.7:0.0,248.7:0.0,249.8:0.0,250.8:0.0,251.8:0.0,252.9:0.0,253.9:0.0,255.0:0.0,256.0:0.0,250.0:0.0,251.1:1394.2,252.1:1387.2,253.2:1380.5,254.2:1376.5,255.2:1372.0,256.3:1367.2,257.4:1363.5,258.4:1360.0,259.5:1356.5,260.5:1353.0,261.5:1350.5,262.5:1348.7,263.6:1344.5,264.6:1339.7,265.7:1339.2,266.7:1341.2,267.8:1341.5,268.8:1345.0,269.9:1349.7,270.8:1354.2,271.9:1366.2,272.9:1370.0,274.0:1364.5,275.0:1365.2,276.0:1368.0,277.0:1370.7,278.0:1374.5,279.1:1378.0,280.0:1384.2,281.1:1394.7,282.1:1403.5,283.1:1412.7,284.2:1422.2,285.2:1431.7,286.3:1440.0,287.2:1445.5,288.3:1455.5,289.3:1468.0,290.3:1480.0,291.3:1492.7,292.4:1508.5,300.5:0.0,301.5:0.0,302.5:0.0,303.6:0.0,304.6:0.0,305.7:0.0,299.9:0.0,307.8:0.0,308.9:0.0,309.9:0.0,310.9:0.0,312.0:0.0,313.0:0.0,314.0:0.0,315.1:0.0,316.1:0.0,317.2:0.0,318.2:0.0,319.2:0.0,320.3:0.0,321.3:0.0,322.3:0.0,323.4:0.0,324.4:0.0,325.5:0.0,326.5:0.0,320.4:0.0,321.4:1677.0,329.6:0.0,330.7:0.0,331.7:0.0,332.8:0.0,326.7:0.0,327.8:1557.0,328.8:1546.0,329.9:1536.5,338.0:0.0,339.0:0.0,333.0:1511.7,341.1:0.0,342.1:0.0,343.2:0.0,344.2:0.0,345.2:0.0,339.3:0.0,340.4:1410.7,341.4:1406.2,342.5:1402.5,343.5:1393.5,344.5:1386.7,345.6:1382.5,346.6:1379.7,347.7:1377.7,348.7:1371.2,349.8:1367.2,350.8:1364.5,
352.2:976.2,353.1:974.2,354.1:974.2,355.3:974.7,356.3:974.0,357.4:974.2,358.3:974.0,359.4:975.2,0.4:976.2,1.5:975.2,2.5:976.2,3.6:979.5,4.5:983.2,5.6:985.0,6.7:986.7,7.7:990.5,8.7:994.7,9.7:997.0,10.8:1000.0,11.9:1006.5,12.8:1013.5,13.9:1018.5,14.9:1022.7,15.9:1027.7,17.0:1036.2,18.0:1042.7,25.7:0.0,20.0:1053.5,27.7:0.0,22.2:1072.2,23.1:1084.7,24.2:1093.7,25.2:1102.5,32.9:0.0,27.2:0.0,28.2:1175.5,36.0:0.0,37.1:0.0,38.1:0.0,39.2:0.0,40.2:0.0,41.2:0.0,42.3:0.0,43.3:0.0,44.4:0.0,45.4:0.0,46.5:0.0,47.5:0.0,48.5:0.0,49.6:0.0,50.6:0.0,51.7:0.0,52.7:0.0,53.7:0.0,48.5:0.0,55.8:0.0,56.9:0.0,51.8:0.0,52.8:778.2,54.0:769.2,55.0:764.5,56.0:756.2,57.1:747.5,58.0:745.2,59.1:747.5,60.1:750.7,67.2:0.0,68.2:0.0,69.3:0.0,70.3:0.0,71.3:0.0,72.4:0.0,73.4:0.0,74.5:0.0,75.5:0.0,76.5:0.0,77.6:0.0,71.9:0.0,72.9:1152.5,74.0:1150.5,75.0:0.0,76.0:1108.2,77.1:1102.7,78.2:1098.5,79.2:1095.7,80.2:1095.2,81.3:1094.0,82.3:1091.7,83.4:1090.7,84.3:1089.2,85.4:1088.2,86.5:1087.2,87.4:1085.7,88.5:1088.5,89.5:1091.0,90.6:1092.0,91.6:1092.0,92.6:1091.2,93.7:1094.0,94.7:1096.5,95.7:1100.0,96.8:1103.0,97.8:1103.7,98.8:1107.2,99.9:1115.0,100.9:1119.7,101.9:1123.0,109.7:0.0,104.0:1132.7,105.0:1144.2,106.1:1150.5,107.1:1156.0,108.1:1163.5,109.2:1172.2,110.2:1180.5,111.2:1186.2,119.0:0.0,120.0:0.0,114.3:0.0,122.1:0.0,123.2:0.0,124.2:0.0,125.2:0.0,126.3:0.0,127.3:0.0,128.3:0.0,129.4:0.0,130.4:0.0,131.4:0.0,132.5:0.0,133.5:0.0,134.5:0.0,135.6:0.0,136.6:0.0,137.7:0.0,138.8:0.0,139.8:0.0,140.8:0.0,141.9:0.0,142.9:0.0,144.0:0.0,137.8:0.0,146.0:0.0,140.3:0.0,141.3:1196.0,142.4:1197.0,150.2:0.0,144.5:1186.7,145.5:1177.5,146.6:1182.0,147.5:1186.7,148.6:1188.7,149.7:1192.2,150.7:1199.0,151.7:1201.7,152.8:1203.2,153.7:1207.7,161.6:0.0,162.7:0.0,163.7:0.0,158.0:1226.5,165.8:0.0,160.0:1249.0,161.1:1260.7,162.1:1270.2,170.0:0.0,171.0:0.0,172.1:0.0,173.1:0.0,167.2:0.0,175.2:0.0,176.2:0.0,177.3:0.0,171.3:1375.0,172.4:1381.0,173.4:1381.0,174.5:1377.7,175.6:1374.0,176.6:1370.5,177.6:1369.2,178.7:1367.5,179.7:1368.7,180.7:1368.2,181.8:1369.2,182.8:1374.0,183.8:1378.7,184.9:1381.2,185.9:1382.7,187.0:1385.2,188.0:1385.7,189.0:1389.0,190.0:1395.2,191.1:1398.2,192.1:1401.0,193.2:1408.0,194.2:1417.7,195.2:1426.5,196.3:1431.0,197.4:1439.5,198.4:1448.7,199.4:1455.5,200.4:1462.0,201.5:1470.5,202.5:1483.2,210.6:0.0,211.6:0.0,212.7:0.0,213.7:0.0,214.7:0.0,215.8:0.0,216.8:0.0,217.9:0.0,218.9:0.0,220.0:0.0,221.0:0.0,215.4:0.0,223.1:0.0,217.5:1071.7,218.5:1066.7,226.2:0.0,227.2:0.0,228.3:0.0,229.3:0.0,230.4:0.0,231.4:0.0,232.4:0.0,233.5:0.0,234.5:0.0,235.5:0.0,236.5:0.0,237.6:0.0,238.6:0.0,239.6:0.0,240.7:0.0,241.7:0.0,242.7:0.0,236.7:0.0,237.7:1560.5,238.8:1541.5,239.9:1524.5,240.9:1512.5,241.9:1499.2,243.0:1485.0,244.1:1473.7,245.1:1464.0,246.2:1453.5,247.2:1442.5,248.2:1434.7,249.3:1428.7,250.3:1421.5,251.4:1415.2,252.5:1407.2,253.4:1400.0,254.5:1396.2,255.6:1402.0,256.6:1396.5,257.6:1383.5,258.6:1379.7,259.7:1373.7,260.7:1371.2,261.8:1370.0,262.8:1369.2,263.8:1369.2,265.0:1368.5,266.0:1369.5,267.0:1369.0,268.0:1368.2,269.1:1368.5,270.1:1372.7,271.1:1377.2,272.2:1376.5,273.2:1376.2,274.2:1381.5,275.2:1386.7,276.2:1392.0,277.2:1400.2,285.2:0.0,286.3:0.0,287.3:0.0,288.3:0.0,282.7:0.0,283.7:1147.2,284.7:1150.0,292.5:0.0,286.8:1151.0,287.8:1149.7,288.9:1153.0,289.9:1159.5,290.9:1166.2,291.9:1176.5,293.0:1183.5,300.7:0.0,301.8:0.0,302.8:0.0,303.9:0.0,304.9:0.0,306.0:0.0,307.0:0.0,308.1:0.0,309.1:0.0,310.2:0.0,311.2:0.0,312.2:0.0,313.3:0.0,314.3:0.0,315.3:0.0,316.4:0.0,317.4:0.0,318.5:0.0,319.5:0.0,320.5:0.0,321.6:0.0,322.6:0.0,323.6:0.0,324.7:0.0,325.7:0.0,326.8:0.0,327.8:0.0,328.8:0.0,329.9:0.0,330.9:0.0,332.0:0.0,333.0:0.0,334.0:0.0,328.4:0.0,336.1:0.0,330.5:1078.5,338.2:0.0,332.6:1062.0,333.7:1049.0,334.8:1042.7,335.8:1037.2,336.7:1031.7,337.9:1025.5,338.9:1019.2,340.0:1011.7,341.0:1007.0,342.1:1003.0,343.1:996.0,344.2:992.5,345.2:990.2,346.3:988.2,347.2:988.2,348.4:983.7,349.5:978.2,350.5:978.0,351.5:977.7,
353.0:686.7,354.0:685.0,355.1:684.0,356.2:684.2,357.2:683.5,358.1:683.5,359.2:685.0,0.4:684.5,1.4:686.0,2.3:688.0,3.4:688.5,4.3:689.5,5.5:691.5,6.5:693.0,7.5:693.5,8.6:697.2,9.6:700.5,10.5:703.5,11.6:706.7,12.6:709.7,13.7:714.5,14.7:718.5,15.7:721.5,16.8:726.2,17.8:732.0,18.9:736.2,19.8:739.5,20.8:746.0,21.9:754.0,22.8:759.7,23.9:765.0,24.9:770.0,32.1:0.0,33.1:0.0,34.1:0.0,28.9:0.0,36.2:0.0,37.3:0.0,38.3:0.0,39.3:0.0,40.4:0.0,41.4:0.0,42.5:0.0,43.5:0.0,44.6:0.0,45.6:0.0,40.1:0.0,47.7:0.0,48.7:0.0,49.8:0.0,50.8:0.0,51.8:0.0,52.9:0.0,53.9:0.0,48.8:0.0,49.9:806.2,57.0:0.0,52.0:789.7,53.0:773.0,60.2:0.0,61.2:0.0,56.3:756.2,57.3:738.5,64.3:0.0,59.3:724.7,60.5:713.7,61.5:705.7,62.6:699.5,63.5:694.2,64.7:687.5,65.7:684.2,66.7:680.5,67.9:675.5,68.9:671.5,69.9:666.2,71.0:662.5,72.0:659.5,73.1:654.7,74.1:653.2,75.1:651.7,76.3:647.7,77.2:644.0,78.4:643.0,79.4:644.5,80.4:644.2,81.4:645.7,88.2:0.0,89.2:0.0,90.2:0.0,91.2:0.0,92.3:0.0,93.3:0.0,87.7:0.0,88.7:1108.2,96.4:0.0,90.8:1095.2,91.8:1082.2,92.9:1084.0,93.9:1084.7,94.9:1087.7,95.9:1090.5,97.0:1091.2,98.0:1093.5,99.0:1097.7,100.1:1102.0,101.0:1106.7,102.1:1111.5,103.2:1116.0,104.2:1122.5,111.9:0.0,106.2:1133.5,107.3:1144.0,108.3:1150.5,109.3:1158.5,110.4:1167.5,111.4:1173.5,112.4:1182.7,120.2:0.0,121.3:0.0,122.3:0.0,123.3:0.0,124.4:0.0,125.4:0.0,126.5:0.0,127.5:0.0,128.5:0.0,129.5:0.0,130.6:0.0,131.6:0.0,132.7:0.0,133.7:0.0,134.7:0.0,135.8:0.0,136.8:0.0,137.8:0.0,139.0:0.0,140.0:0.0,141.0:0.0,142.1:0.0,143.1:0.0,144.2:0.0,145.2:0.0,146.2:0.0,147.3:0.0,148.3:0.0,149.4:0.0,150.4:0.0,151.4:0.0,152.5:0.0,153.5:0.0,154.5:0.0,148.6:0.0,156.6:0.0,157.7:0.0,151.7:1430.2,159.7:0.0,160.8:0.0,161.8:0.0,155.8:1440.7,163.9:0.0,158.0:1465.0,159.0:1479.5,160.0:1492.0,161.0:1503.5,162.0:1516.0,163.0:1530.5,164.1:1542.2,165.1:1550.2,173.2:0.0,167.2:1566.0,175.3:0.0,169.2:0.0,170.3:1657.2,178.4:0.0,179.5:0.0,173.4:1670.2,174.4:1673.5,175.4:1669.2,176.5:1667.0,177.5:1665.7,178.6:1667.7,179.6:1668.5,180.6:1669.2,181.7:1670.5,182.7:1670.7,183.8:1670.2,184.8:1669.7,185.8:1672.0,186.9:1674.0,187.9:1677.5,188.9:1682.7,190.0:1687.2,191.0:1690.5,192.0:1696.0,193.0:1704.2,194.1:1714.2,195.1:1723.0,196.1:1733.5,197.2:1743.5,198.2:1751.2,199.3:1763.7,207.5:0.0,208.5:0.0,209.6:0.0,210.7:0.0,211.7:0.0,212.7:0.0,213.8:0.0,214.8:0.0,215.9:0.0,210.1:0.0,211.0:1299.0,219.0:0.0,220.0:0.0,221.1:0.0,222.1:0.0,223.2:0.0,224.2:0.0,225.2:0.0,226.3:0.0,227.3:0.0,228.4:0.0,229.4:0.0,230.4:0.0,231.5:0.0,232.5:0.0,233.6:0.0,234.5:0.0,235.6:0.0,229.5:0.0,230.5:1714.5,231.6:1692.2,232.6:1668.2,233.7:1646.5,234.7:1628.7,235.8:1614.2,236.8:1597.2,237.9:1580.2,238.9:1565.0,240.0:1550.0,241.0:1537.2,242.0:1523.2,243.1:1510.7,244.1:1501.5,245.1:1503.0,246.2:1491.7,247.3:1470.2,248.3:1458.5,249.3:1448.5,250.4:1443.2,251.4:1437.5,252.5:1429.0,253.6:1421.7,254.6:1420.0,255.6:1418.5,256.7:1411.2,257.7:1403.0,258.7:1399.2,259.8:1395.2,260.8:1393.5,261.8:1391.7,262.8:1389.0,263.9:1389.0,264.9:1388.2,266.0:1388.7,267.0:1401.5,268.4:0.0,269.4:1103.5,270.4:1106.5,271.5:1110.7,272.5:1101.2,273.5:1090.0,274.6:1090.0,275.5:1092.2,276.5:1095.7,277.6:1098.7,278.6:1101.0,279.6:1103.5,280.7:1107.2,281.7:1112.0,282.7:1118.5,283.7:1121.0,284.8:1124.5,285.8:1133.7,286.7:1141.0,287.8:1146.5,288.8:1155.0,289.9:1164.2,290.9:1175.5,291.9:1187.0,299.7:0.0,300.8:0.0,301.8:0.0,302.8:0.0,303.9:0.0,304.9:0.0,306.0:0.0,307.1:0.0,308.1:0.0,309.1:0.0,310.2:0.0,311.2:0.0,312.2:0.0,313.3:0.0,314.3:0.0,315.4:0.0,316.4:0.0,317.4:0.0,318.5:0.0,319.5:0.0,320.5:0.0,321.6:0.0,322.6:0.0,323.6:0.0,324.7:0.0,325.7:0.0,326.7:0.0,327.8:0.0,322.5:0.0,323.7:810.5,324.8:801.5,332.0:0.0,326.9:790.7,328.0:777.5,329.0:769.0,330.1:764.5,337.2:0.0,332.2:755.7,333.3:746.2,334.3:740.2,335.4:735.0,342.4:0.0,337.4:725.5,338.5:717.5,339.6:715.0,340.5:712.7,341.6:709.5,342.8:705.5,343.8:702.7,344.8:700.0,345.8:698.0,347.0:694.7,348.0:692.0,349.0:691.7,350.0:690.0,351.0:686.7,352.1:686.0,
354.7:387.7,355.9:387.7,356.9:388.5,357.7:388.5,359.0:389.0,0.0:389.2,1.1:389.2,1.9:389.2,2.8:390.0,4.0:391.0,4.8:392.5,6.2:393.2,7.3:394.5,8.3:396.0,9.1:397.5,10.2:398.7,11.1:400.5,12.0:403.0,13.0:403.7,14.0:405.0,15.2:407.7,16.3:410.2,17.2:413.0,18.2:415.2,19.2:418.5,20.5:422.2,21.3:426.0,22.1:428.7,23.1:432.7,24.4:437.2,30.0:0.0,31.1:0.0,32.1:0.0,33.1:0.0,34.2:0.0,35.2:0.0,36.2:0.0,37.3:0.0,38.3:0.0,39.4:0.0,40.4:0.0,41.5:0.0,42.5:0.0,43.6:0.0,44.6:0.0,45.7:0.0,46.7:0.0,47.7:0.0,48.8:0.0,49.8:0.0,50.9:0.0,51.9:0.0,53.0:0.0,54.0:0.0,55.0:0.0,56.1:0.0,57.1:0.0,58.2:0.0,59.2:0.0,60.2:0.0,55.3:0.0,62.3:0.0,63.4:0.0,58.4:729.0,59.6:712.2,60.5:703.5,61.5:698.0,62.7:691.5,63.6:684.7,64.7:681.0,65.7:675.7,66.8:670.5,67.9:666.5,69.0:661.5,69.9:657.0,70.9:654.2,72.1:652.0,73.2:648.7,74.2:646.0,75.3:643.2,76.2:639.5,77.3:636.2,78.3:634.5,79.5:633.7,80.5:632.2,81.5:631.5,82.6:629.7,83.5:628.2,84.6:627.2,85.5:626.2,86.6:627.2,87.7:626.5,88.8:626.2,89.8:626.0,90.9:626.2,91.9:628.2,93.0:629.5,93.8:630.2,95.0:630.5,96.0:630.5,97.1:632.5,98.1:635.2,99.0:637.7,100.1:640.7,101.1:644.7,102.0:648.7,103.1:651.2,104.1:654.0,111.0:0.0,112.0:0.0,113.1:0.0,114.1:0.0,115.2:0.0,116.2:0.0,110.4:0.0,111.5:1172.0,112.5:1181.2,113.5:1190.7,121.4:0.0,122.4:0.0,123.4:0.0,124.5:0.0,125.5:0.0,119.7:0.0,127.6:0.0,128.6:0.0,129.7:0.0,130.7:0.0,131.7:0.0,132.8:0.0,133.8:0.0,134.8:0.0,135.9:0.0,136.9:0.0,138.0:0.0,139.0:0.0,140.1:0.0,141.1:0.0,142.1:0.0,143.2:0.0,144.2:0.0,145.3:0.0,146.3:0.0,147.3:0.0,148.4:0.0,149.4:0.0,150.5:0.0,151.5:0.0,152.5:0.0,153.6:0.0,154.6:0.0,155.6:0.0,156.7:0.0,157.7:0.0,158.7:0.0,152.7:0.0,153.7:1701.2,161.9:0.0,155.8:1703.5,156.9:1702.7,157.9:1710.7,158.9:1726.0,160.0:1739.7,161.0:1751.5,162.0:1764.5,163.1:1776.7,164.1:1786.0,172.3:0.0,166.1:1810.5,174.4:0.0,168.2:1858.2,169.3:1888.2,170.3:0.0,178.6:0.0,179.6:0.0,173.4:1963.0,174.4:1972.5,175.5:1971.0,176.5:1967.2,177.5:1968.2,178.6:1970.2,179.7:1970.2,180.7:1968.0,181.7:1967.5,182.8:1969.5,183.8:1969.5,184.9:1968.7,185.9:1977.5,186.9:1983.2,188.0:1983.2,189.0:1992.2,190.0:2001.0,191.1:2006.7,192.1:2013.0,193.2:2021.2,194.2:2032.5,195.2:2042.2,203.6:0.0,204.6:0.0,205.7:0.0,206.7:0.0,207.7:0.0,208.8:0.0,202.7:0.0,203.8:1580.7,204.8:1564.0,205.9:1564.7,206.9:1570.2,208.0:1586.7,216.1:0.0,210.0:1616.0,211.1:1639.5,219.2:0.0,220.3:0.0,221.3:0.0,222.3:0.0,223.4:0.0,224.4:0.0,225.5:0.0,226.5:0.0,227.6:0.0,228.6:0.0,222.4:0.0,223.4:1913.0,224.5:1879.2,225.6:1847.2,226.6:1819.0,227.6:1793.0,228.6:1766.2,229.7:1735.7,230.8:1713.5,231.8:1694.5,232.9:1672.5,233.9:1654.2,235.0:1643.5,236.0:1626.5,237.1:1605.5,238.1:1590.5,239.1:1575.0,240.2:1561.0,241.2:1545.7,242.3:1533.7,243.3:1522.2,244.4:1510.2,245.4:1500.0,246.5:1488.5,247.5:1479.2,248.6:1471.0,249.6:1462.7,250.7:1456.0,251.7:1447.7,252.7:1450.0,254.1:0.0,255.1:1142.0,256.1:1137.0,257.2:1119.7,258.2:1103.2,259.3:1101.5,260.3:1097.2,261.3:1095.5,262.4:1094.0,263.5:1091.7,264.5:1091.7,265.6:1090.7,266.6:1089.0,267.6:1087.7,268.7:1087.5,269.7:1087.7,270.7:1092.0,271.7:1096.0,272.9:1095.5,273.8:1095.5,274.9:1098.7,275.8:1102.0,276.9:1103.0,277.9:1107.5,278.9:1113.7,280.0:1119.0,281.0:1122.0,288.7:0.0,289.7:0.0,284.1:0.0,285.1:1179.2,286.0:1184.5,293.9:0.0,294.9:0.0,296.0:0.0,297.0:0.0,298.0:0.0,299.1:0.0,300.1:0.0,301.1:0.0,302.2:0.0,303.2:0.0,304.2:0.0,305.3:0.0,306.4:0.0,307.4:0.0,308.5:0.0,309.5:0.0,310.6:0.0,311.6:0.0,312.6:0.0,313.7:0.0,314.7:0.0,315.7:0.0,316.8:0.0,317.8:0.0,318.9:0.0,319.9:0.0,320.9:0.0,322.0:0.0,323.0:0.0,324.1:0.0,325.1:0.0,326.1:0.0,327.2:0.0,328.2:0.0,329.2:0.0,330.3:0.0,326.5:0.0,327.6:440.0,328.8:436.5,329.7:432.0,330.8:427.7,332.2:424.2,333.1:420.2,334.1:417.0,335.2:415.2,336.5:412.5,337.3:409.7,338.3:407.5,339.6:405.5,340.7:403.5,341.4:400.5,342.8:398.5,343.9:397.0,344.7:396.0,345.8:395.5,346.9:394.0,347.8:392.7,349.2:390.7,350.2:389.5,351.1:388.7,352.3:388.5,353.1:388.5,354.3:388.0,
359.0:0.0,0.0:0.0,1.1:0.0,2.1:0.0,3.2:0.0,4.2:0.0,5.2:0.0,6.3:0.0,7.3:0.0,8.4:0.0,9.4:0.0,10.4:0.0,11.5:0.0,12.5:0.0,13.5:0.0,14.6:0.0,15.6:0.0,16.7:0.0,11.5:0.0,18.7:0.0,19.8:0.0,14.5:0.0,21.9:0.0,22.9:0.0,17.9:0.0,25.0:0.0,19.9:770.7,27.1:0.0,22.1:753.5,23.2:740.7,24.2:733.0,31.2:0.0,26.4:719.0,27.4:707.5,28.3:702.2,29.5:696.7,30.5:691.5,31.6:686.7,32.6:682.2,33.6:677.0,34.7:671.2,35.7:667.7,36.8:664.5,38.0:660.5,39.1:657.0,40.0:653.7,41.1:652.2,42.2:649.7,43.1:649.2,44.2:648.2,45.2:645.5,46.4:646.2,47.3:648.5,54.2:0.0,55.2:0.0,56.2:0.0,57.3:0.0,58.3:0.0,59.4:0.0,53.8:0.0,54.8:1108.2,62.5:0.0,56.9:1096.0,57.9:1084.0,59.0:1084.5,60.0:1086.2,60.9:1089.7,62.0:1090.5,63.0:1091.2,64.0:1095.5,65.1:1099.2,66.2:1100.5,67.2:1105.5,68.2:1113.7,69.2:1121.7,77.0:0.0,78.0:0.0,72.3:1134.2,73.4:1144.5,74.4:1149.0,75.4:1157.2,76.5:1169.2,77.5:1177.5,78.5:1184.7,79.6:1193.5,87.4:0.0,88.4:0.0,89.5:0.0,90.4:0.0,91.5:0.0,92.5:0.0,93.5:0.0,94.6:0.0,95.6:0.0,96.7:0.0,97.7:0.0,98.7:0.0,99.8:0.0,100.8:0.0,101.8:0.0,102.9:0.0,103.9:0.0,105.0:0.0,106.0:0.0,107.0:0.0,108.1:0.0,109.1:0.0,110.1:0.0,111.2:0.0,112.2:0.0,113.2:0.0,114.3:0.0,115.3:0.0,116.3:0.0,117.4:0.0,118.4:0.0,119.5:0.0,120.5:0.0,114.6:0.0,122.6:0.0,116.6:1425.0,117.7:1418.7,125.7:0.0,126.7:0.0,127.7:0.0,121.8:1440.2,129.8:0.0,123.9:1468.0,124.8:1481.2,125.9:1494.0,127.0:1506.2,128.0:1522.2,129.0:1534.0,130.0:1539.7,131.1:1549.7,132.1:1562.0,140.2:0.0,134.2:1585.7,135.2:0.0,136.3:1663.0,144.4:0.0,145.5:0.0,139.4:1669.2,140.4:1671.5,141.5:1671.7,142.4:1668.0,143.5:1665.2,144.6:1664.7,145.6:1667.7,146.6:1671.7,147.7:1672.0,148.7:1669.5,149.8:1666.7,150.8:1668.5,151.8:1671.2,152.9:1674.7,153.9:1677.5,155.0:1680.5,156.0:1684.2,157.1:1688.7,158.1:1694.7,159.1:1704.7,160.2:1715.2,161.2:1722.7,162.3:1729.0,163.3:1735.2,164.3:1749.2,165.4:1763.5,173.6:0.0,174.6:0.0,175.7:0.0,176.7:0.0,177.7:0.0,178.8:0.0,179.8:0.0,180.9:0.0,181.9:0.0,176.1:0.0,177.1:1297.5,185.0:0.0,186.0:0.0,187.0:0.0,188.1:0.0,189.1:0.0,190.1:0.0,191.2:0.0,192.2:0.0,193.2:0.0,194.3:0.0,195.3:0.0,196.4:0.0,197.4:0.0,198.4:0.0,199.5:0.0,200.5:0.0,194.4:0.0,195.4:1731.0,196.5:1710.5,197.5:1685.5,198.6:1665.5,199.6:1645.7,200.6:1625.2,201.7:1609.2,202.7:1595.5,203.9:1580.5,204.9:1561.7,206.0:1546.0,207.0:1534.2,208.1:1521.2,209.2:1503.7,210.2:1494.0,211.2:1500.2,212.3:1489.2,213.3:1467.0,214.3:1456.2,215.4:1448.2,216.4:1443.2,217.5:1434.2,218.5:1427.0,219.6:1425.0,220.6:1420.7,221.7:1413.2,222.7:1405.2,223.7:1401.2,224.8:1396.0,225.8:1389.5,226.9:1388.7,228.0:1388.0,229.0:1386.2,230.0:1385.7,231.0:1384.7,232.1:1385.2,240.1:0.0,234.4:0.0,235.5:1104.5,236.5:1102.0,237.6:1107.2,238.5:1101.2,239.6:1090.0,240.7:1088.2,241.7:1090.2,242.8:1092.2,243.8:1092.7,244.8:1096.5,245.9:1102.2,246.9:1104.7,248.0:1109.5,248.9:1117.7,250.0:1120.7,257.7:0.0,252.0:1131.5,259.8:0.0,254.0:1148.0,255.1:1158.7,256.1:1168.0,257.2:1176.5,258.2:1183.5,259.3:1190.5,267.0:0.0,268.1:0.0,269.1:0.0,263.3:0.0,271.2:0.0,272.2:0.0,273.3:0.0,274.3:0.0,275.3:0.0,276.4:0.0,277.4:0.0,278.5:0.0,279.5:0.0,280.5:0.0,281.6:0.0,282.5:0.0,283.5:0.0,284.6:0.0,285.6:0.0,286.7:0.0,287.7:0.0,288.7:0.0,289.8:0.0,290.8:0.0,291.8:0.0,292.9:0.0,293.9:0.0,288.8:0.0,296.0:0.0,290.9:807.0,291.8:795.0,292.9:786.0,294.0:778.0,295.0:771.7,296.1:765.5,297.2:759.2,298.1:752.2,299.1:747.2,300.4:741.7,301.4:734.2,302.5:726.5,303.6:720.7,304.6:719.2,305.6:716.2,306.6:713.0,307.8:709.5,308.8:704.5,309.8:702.5,310.8:700.2,311.9:697.2,312.9:695.5,314.0:693.0,315.1:691.0,316.1:689.5,317.2:687.7,318.2:686.2,319.1:685.7,320.3:685.2,321.4:684.7,322.4:684.2,323.3:684.0,324.5:684.0,325.4:684.7,326.5:685.2,327.5:686.5,328.6:687.5,329.6:688.7,330.7:692.0,331.7:692.5,332.8:692.5,333.7:696.2,334.8:700.2,335.7:702.0,336.8:704.2,337.9:709.0,339.0:712.0,340.0:714.7,340.9:719.7,342.0:724.7,343.0:729.7,344.1:734.7,345.0:739.7,346.1:745.5,347.2:750.2,354.2:0.0,349.1:758.5,350.1:766.7,351.3:773.5,352.2:781.5,
358.6:0.0,359.6:0.0,0.7:0.0,1.7:0.0,2.7:0.0,3.8:0.0,4.8:0.0,5.9:0.0,6.9:0.0,8.0:0.0,3.5:0.0,10.0:0.0,11.1:0.0,12.1:0.0,13.2:0.0,14.2:0.0,9.5:0.0,16.3:0.0,17.3:0.0,18.4:0.0,19.4:0.0,20.5:0.0,16.0:0.0,22.5:0.0,23.6:0.0,24.6:0.0,25.7:0.0,21.3:0.0,22.4:546.0,28.8:0.0,29.8:0.0,30.9:0.0,26.7:0.0,32.9:0.0,28.8:516.5,30.0:509.2,30.8:505.7,31.9:503.0,33.1:499.2,34.2:496.7,35.1:493.7,36.1:491.2,37.2:489.0,38.4:485.5,39.5:481.7,40.4:479.5,41.7:477.5,42.5:476.0,43.8:475.2,44.8:473.5,45.7:472.0,46.8:470.2,48.0:468.2,48.9:468.2,50.1:468.0,51.1:466.7,52.0:466.5,53.0:466.2,54.1:465.5,55.0:465.5,56.2:465.7,57.4:466.2,58.2:467.0,59.3:467.7,60.2:469.0,61.2:469.2,62.4:469.7,63.3:471.2,64.3:473.2,65.4:474.7,66.4:476.2,67.6:480.0,68.6:484.5,69.5:485.7,70.5:487.7,76.6:0.0,77.6:0.0,78.7:0.0,79.7:0.0,80.7:0.0,81.8:0.0,82.8:0.0,83.8:0.0,78.3:0.0,79.4:1016.0,80.4:1026.7,81.3:1032.0,89.0:0.0,90.1:0.0,91.1:0.0,92.1:0.0,93.2:0.0,94.2:0.0,95.3:0.0,96.3:0.0,97.3:0.0,98.4:0.0,99.4:0.0,100.4:0.0,101.5:0.0,102.5:0.0,103.6:0.0,104.6:0.0,105.6:0.0,106.7:0.0,107.7:0.0,108.7:0.0,109.8:0.0,110.8:0.0,111.9:0.0,112.9:0.0,113.9:0.0,115.0:0.0,116.0:0.0,117.0:0.0,118.1:0.0,119.1:0.0,120.2:0.0,121.2:0.0,122.2:0.0,123.3:0.0,124.3:0.0,125.3:0.0,126.4:0.0,127.4:0.0,128.5:0.0,129.5:0.0,123.5:0.0,124.4:1586.0,125.5:1585.7,126.5:1583.7,127.6:1589.5,128.6:1603.5,129.7:1617.2,130.7:1629.7,138.8:0.0,139.9:0.0,133.8:1661.5,142.0:0.0,143.0:0.0,144.0:0.0,145.1:0.0,146.1:0.0,147.1:0.0,140.9:0.0,149.2:0.0,150.2:0.0,144.0:1883.2,145.1:1900.5,146.1:1912.5,147.2:1914.5,148.2:1916.2,149.2:1920.0,150.3:1921.0,151.3:1922.0,152.4:1927.7,153.4:1931.5,154.4:1933.2,155.6:1938.0,156.6:1947.0,157.7:1956.0,158.7:1964.5,159.7:1972.0,160.8:1978.7,161.8:1988.5,162.8:2001.7,163.9:2013.2,164.9:2025.0,166.0:2037.7,167.0:2055.0,175.3:0.0,176.4:0.0,177.4:0.0,178.4:0.0,179.5:0.0,180.5:0.0,181.6:0.0,182.6:0.0,176.5:0.0,177.6:1594.7,178.6:1600.5,179.6:1620.2,187.8:0.0,188.8:0.0,189.8:0.0,190.9:0.0,191.9:0.0,193.0:0.0,194.0:0.0,195.0:0.0,196.1:0.0,197.1:0.0,198.1:0.0,191.9:0.0,193.0:2018.5,194.0:1988.2,195.0:1960.7,196.1:1933.5,197.1:1906.5,198.2:1883.0,199.3:1858.2,200.3:1832.7,201.3:1813.7,202.4:1798.2,203.5:1779.7,204.6:1761.2,205.6:1754.7,206.7:1739.7,207.7:1717.0,208.7:1703.5,209.8:1688.7,210.8:1675.2,211.9:1663.2,213.0:1652.7,214.0:1642.7,215.0:1635.0,216.0:1629.0,217.1:1622.7,218.2:1614.2,219.2:1608.0,220.3:1604.0,221.3:1597.2,222.3:1588.7,230.5:0.0,224.6:0.0,225.7:1285.2,233.6:0.0,227.8:1267.7,228.7:1252.0,229.8:1249.7,230.9:1248.5,231.9:1247.7,232.9:1247.0,234.0:1247.5,235.0:1246.5,236.1:1247.5,237.1:1248.2,238.1:1248.7,239.2:1251.0,240.2:1255.7,241.2:1260.0,242.3:1262.5,243.3:1265.0,244.3:1269.0,245.4:1273.2,246.5:1278.5,247.5:1287.0,248.5:1293.5,256.4:0.0,250.5:0.0,251.5:1346.7,259.5:0.0,260.6:0.0,261.6:0.0,262.7:0.0,263.7:0.0,264.7:0.0,265.8:0.0,266.8:0.0,267.8:0.0,268.9:0.0,269.9:0.0,271.0:0.0,272.0:0.0,273.0:0.0,274.1:0.0,275.1:0.0,276.2:0.0,277.2:0.0,278.2:0.0,279.3:0.0,280.3:0.0,281.4:0.0,282.3:0.0,283.4:0.0,284.4:0.0,285.4:0.0,286.5:0.0,287.5:0.0,288.5:0.0,289.6:0.0,290.6:0.0,291.6:0.0,292.7:0.0,293.7:0.0,294.7:0.0,295.8:0.0,296.8:0.0,297.9:0.0,293.9:0.0,294.9:506.7,301.0:0.0,296.8:500.0,298.1:494.0,299.2:490.2,300.3:486.0,301.4:483.2,302.5:479.0,303.4:476.0,304.6:473.5,305.5:470.2,306.6:467.2,307.8:464.7,308.5:462.7,309.6:460.7,310.9:460.0,311.7:458.5,312.8:456.2,313.9:455.0,314.8:454.2,316.0:453.2,316.9:452.5,318.3:450.2,319.0:449.0,320.3:449.5,321.2:449.0,322.1:448.7,323.3:449.0,324.5:449.0,325.4:448.0,326.6:449.2,327.5:451.0,328.7:451.5,329.7:452.2,330.5:453.5,331.4:454.2,332.7:455.5,333.6:458.0,334.7:459.7,335.8:460.7,336.7:463.0,337.8:464.7,338.7:467.0,339.9:470.2,340.8:473.0,341.9:476.0,342.8:478.2,343.7:481.7,345.0:486.0,345.7:490.0,346.8:493.7,347.8:496.7,354.1:0.0,350.0:503.7,356.2:0.0,357.2:0.0,358.2:0.0,
358.9:0.0,359.9:0.0,1.0:0.0,2.0:0.0,3.1:0.0,4.1:0.0,5.1:0.0,6.2:0.0,7.2:0.0,8.3:0.0,9.3:0.0,6.0:0.0,11.4:0.0,12.4:0.0,13.5:0.0,14.5:0.0,15.5:0.0,16.6:0.0,17.6:0.0,13.8:0.0,19.7:0.0,20.7:0.0,21.7:0.0,18.4:0.0,19.2:427.5,20.3:421.7,25.9:0.0,27.0:0.0,23.5:0.0,24.6:403.0,30.1:0.0,27.0:397.5,27.9:391.2,29.2:387.2,30.0:384.0,31.4:381.0,32.2:377.7,33.4:374.0,34.3:371.7,35.7:369.7,36.6:367.0,37.8:365.2,38.7:363.5,39.6:362.2,41.0:360.7,42.0:358.5,42.7:356.5,44.0:355.2,45.0:355.2,45.9:354.0,46.9:352.5,48.2:352.0,49.1:351.2,50.1:351.5,51.7:350.7,52.4:348.2,53.6:348.0,54.5:348.5,55.7:348.7,56.6:349.5,57.6:349.7,58.9:350.7,59.7:351.7,60.6:352.0,61.8:351.7,62.5:352.5,63.9:354.2,64.9:355.2,65.7:356.2,66.7:358.5,67.6:360.0,68.6:361.0,69.7:362.2,70.9:364.0,71.7:365.7,73.0:368.0,73.9:370.2,74.8:372.7,76.0:376.7,76.7:379.7,78.1:381.5,79.1:383.5,79.9:387.7,81.1:391.2,82.1:393.5,82.8:397.5,88.3:0.0,84.9:403.7,90.4:0.0,87.2:411.7,88.0:418.2,93.5:0.0,94.5:0.0,95.5:0.0,96.6:0.0,92.9:0.0,98.7:0.0,99.7:0.0,100.7:0.0,101.8:0.0,102.8:0.0,103.8:0.0,104.9:0.0,105.9:0.0,107.0:0.0,108.0:0.0,109.0:0.0,110.1:0.0,111.1:0.0,112.1:0.0,113.2:0.0,114.2:0.0,115.3:0.0,116.3:0.0,117.3:0.0,118.4:0.0,119.4:0.0,120.5:0.0,121.5:0.0,122.5:0.0,123.6:0.0,124.6:0.0,125.6:0.0,126.7:0.0,127.7:0.0,128.7:0.0,129.8:0.0,130.8:0.0,131.9:0.0,132.9:0.0,133.9:0.0,135.0:0.0,128.9:0.0,137.0:0.0,131.0:1707.2,139.2:0.0,140.2:0.0,141.2:0.0,135.1:0.0,143.3:0.0,144.4:0.0,145.4:0.0,146.5:0.0,147.5:0.0,148.5:0.0,149.6:0.0,150.6:0.0,144.4:0.0,152.7:0.0,153.7:0.0,147.4:2047.7,148.5:2079.0,149.5:2077.7,150.6:2077.2,151.6:2080.2,152.7:2087.0,153.7:2094.7,154.8:2100.5,155.8:2105.2,156.9:2116.0,157.9:2124.0,158.9:2129.0,160.0:2137.7,161.0:2145.7,162.0:2156.5,163.1:2169.5,164.1:2180.5,165.2:2192.2,166.2:2205.2,167.2:2220.0,175.6:0.0,176.7:0.0,177.7:0.0,178.7:0.0,179.8:0.0,180.8:0.0,181.9:0.0,182.9:0.0,176.8:0.0,177.8:1797.2,186.0:0.0,187.0:0.0,188.0:0.0,189.1:0.0,190.1:0.0,191.2:0.0,192.2:0.0,193.2:0.0,194.3:0.0,195.3:0.0,196.3:0.0,197.4:0.0,191.1:0.0,192.1:2189.2,193.2:2158.7,194.2:2129.5,195.3:2103.5,196.3:2075.0,197.3:2044.5,198.4:2019.7,199.5:1999.7,200.5:1978.2,201.5:1958.5,202.7:1944.2,203.7:1924.0,204.8:1902.2,205.9:1884.2,206.9:1869.0,207.9:1851.7,209.0:1832.2,210.0:1820.0,211.1:1806.5,212.2:1795.0,213.2:1784.0,214.2:1770.7,215.2:1760.0,216.3:1751.7,217.3:1745.0,225.6:0.0,219.6:0.0,227.7:0.0,221.8:1407.0,222.8:1384.5,223.8:1382.5,224.9:1380.2,225.9:1379.0,227.0:1375.5,228.0:1370.0,229.0:1367.0,230.1:1362.7,231.1:1362.5,232.1:1362.7,233.2:1362.5,234.2:1363.2,235.3:1362.2,236.3:1363.5,237.4:1366.7,238.4:1368.7,239.5:1372.5,240.4:1378.5,241.5:1381.2,242.5:1393.7,243.5:1412.0,244.6:1418.5,252.6:0.0,253.6:0.0,254.7:0.0,255.7:0.0,256.7:0.0,257.8:0.0,258.8:0.0,259.9:0.0,260.9:0.0,261.9:0.0,263.0:0.0,264.0:0.0,265.1:0.0,266.1:0.0,267.1:0.0,268.2:0.0,269.2:0.0,270.2:0.0,271.3:0.0,272.3:0.0,273.4:0.0,274.4:0.0,275.5:0.0,276.5:0.0,277.5:0.0,278.6:0.0,279.6:0.0,280.7:0.0,281.7:0.0,282.6:0.0,283.7:0.0,284.7:0.0,285.7:0.0,286.8:0.0,287.8:0.0,288.8:0.0,289.9:0.0,290.9:0.0,292.0:0.0,293.0:0.0,294.0:0.0,295.1:0.0,296.1:0.0,297.1:0.0,298.2:0.0,299.2:0.0,300.2:0.0,298.3:0.0,298.8:312.7,300.1:310.7,301.7:307.7,302.0:305.5,303.6:303.7,304.9:301.2,306.0:299.7,306.6:297.2,307.6:295.7,308.9:294.5,309.9:293.2,310.9:292.2,311.9:290.2,312.8:288.7,314.4:288.2,315.2:287.2,315.9:287.2,317.0:287.5,318.3:287.0,319.2:286.5,320.4:286.0,321.5:286.5,322.7:286.5,323.2:286.2,325.1:286.7,325.3:287.2,327.1:287.2,327.8:287.5,328.7:288.2,330.2:288.5,331.0:289.2,332.1:290.2,332.6:291.2,333.9:293.0,335.0:294.2,335.9:295.0,337.0:296.7,337.7:298.0,339.2:299.2,340.2:300.5,340.7:302.7,341.7:305.0,343.2:306.0,343.9:308.0,345.2:311.2,346.1:313.5,346.7:316.2,347.7:318.2,352.3:0.0,350.2:321.7,354.4:0.0,355.4:0.0,356.5:0.0,357.5:0.0,358.5:0.0,
359.2:0.0,0.2:0.0,1.3:0.0,2.3:0.0,3.4:0.0,4.4:0.0,358.9:0.0,359.9:1004.7,1.0:1009.0,2.0:1012.5,3.0:1019.2,4.0:1025.0,5.1:1029.0,6.1:1034.5,7.2:1042.5,14.8:0.0,15.8:0.0,16.9:0.0,11.3:1063.7,12.3:1083.7,13.4:1093.0,21.0:0.0,22.1:0.0,23.1:0.0,24.2:0.0,25.2:0.0,26.2:0.0,27.3:0.0,28.3:0.0,29.4:0.0,30.4:0.0,31.5:0.0,32.5:0.0,33.5:0.0,34.6:0.0,35.6:0.0,36.7:0.0,37.7:0.0,38.7:0.0,39.8:0.0,40.8:0.0,41.9:0.0,42.9:0.0,43.9:0.0,45.0:0.0,46.0:0.0,47.1:0.0,48.1:0.0,49.1:0.0,50.2:0.0,51.2:0.0,52.3:0.0,53.3:0.0,54.3:0.0,55.4:0.0,56.4:0.0,57.5:0.0,51.5:0.0,52.5:1543.5,53.5:1542.0,54.6:1541.2,55.6:1537.7,56.7:1540.5,57.6:1550.2,58.7:1558.7,59.7:1567.5,60.8:1579.0,61.8:1594.0,62.8:1607.7,63.8:1618.0,64.9:1631.5,65.9:1647.7,67.0:1669.0,75.1:0.0,76.2:0.0,77.2:0.0,71.0:0.0,79.3:0.0,80.3:0.0,81.4:0.0,75.2:1819.2,76.2:1837.0,77.3:1835.7,78.3:1834.7,79.3:1837.2,80.4:1840.7,81.4:1841.7,82.5:1844.5,83.5:1848.5,84.5:1852.0,85.5:1855.7,86.5:1859.2,87.6:1862.0,88.6:1868.7,89.6:1878.5,90.7:1886.0,91.7:1892.0,92.8:1901.7,93.8:1907.7,94.8:1915.7,95.9:1928.5,96.9:1939.7,97.9:1954.7,106.2:0.0,107.3:0.0,108.3:0.0,109.3:0.0,110.4:0.0,111.4:0.0,112.5:0.0,106.5:0.0,107.5:1516.0,108.5:1498.0,116.6:0.0,110.6:1510.7,118.7:0.0,119.7:0.0,120.7:0.0,121.8:0.0,115.7:0.0,123.9:0.0,124.9:0.0,125.9:0.0,127.0:0.0,128.0:0.0,129.0:0.0,130.1:0.0,131.1:0.0,124.9:0.0,125.9:1914.0,127.0:1887.7,128.0:1859.0,129.1:1832.7,130.2:1812.2,131.2:1790.7,132.2:1768.2,133.2:1746.5,134.3:1725.7,135.4:1706.7,136.5:1687.7,137.5:1673.0,138.5:1666.0,139.6:1657.0,140.6:1639.0,141.6:1623.0,142.7:1614.5,143.7:1606.7,144.7:1594.0,145.8:1580.7,146.9:1574.5,147.9:1567.5,148.9:1557.5,150.0:1548.7,151.0:1541.7,152.1:1537.0,153.1:1534.2,154.1:1528.2,155.3:1521.5,156.4:1519.5,157.4:1518.2,165.5:0.0,159.7:0.0,160.8:1218.7,168.6:0.0,162.9:1207.0,163.9:1193.7,164.9:1192.5,166.0:1192.7,167.0:1193.5,168.0:1194.2,169.1:1195.7,170.1:1196.5,171.1:1196.5,172.2:1200.0,173.2:1204.0,174.2:1206.0,175.4:1207.5,176.4:1210.0,177.4:1212.5,178.5:1220.0,179.4:1227.5,187.3:0.0,181.5:1234.7,182.6:1244.5,183.6:1253.0,184.6:1258.7,192.5:0.0,193.5:0.0,194.6:0.0,188.7:0.0,196.6:0.0,197.7:0.0,198.7:0.0,199.7:0.0,200.8:0.0,201.8:0.0,202.9:0.0,203.9:0.0,205.0:0.0,206.0:0.0,207.0:0.0,208.1:0.0,209.1:0.0,210.2:0.0,211.2:0.0,212.3:0.0,213.3:0.0,214.4:0.0,215.4:0.0,216.4:0.0,217.5:0.0,218.5:0.0,219.6:0.0,220.6:0.0,221.7:0.0,222.7:0.0,223.7:0.0,224.8:0.0,225.8:0.0,221.1:0.0,227.9:0.0,223.2:0.0,224.5:604.5,225.5:599.2,226.6:594.2,227.6:589.7,228.6:584.2,229.8:578.0,230.7:573.0,231.8:569.0,232.9:565.0,233.9:560.2,235.0:556.5,236.1:554.0,237.0:552.5,238.2:548.7,239.1:543.2,240.4:541.2,241.3:538.5,242.2:536.0,243.3:535.0,244.5:534.2,245.4:533.5,246.5:531.7,247.5:529.2,248.6:527.7,249.6:527.2,250.8:526.7,251.8:526.0,252.8:526.0,253.8:526.5,254.8:526.0,255.8:525.2,256.9:526.0,258.0:526.7,258.9:526.7,260.1:528.0,261.0:528.2,262.1:528.0,263.2:530.0,264.1:532.5,265.1:533.7,266.2:534.7,267.1:537.5,268.4:540.0,269.5:542.7,270.4:546.0,271.5:549.0,272.5:550.2,273.5:552.7,274.4:556.7,275.4:561.7,276.4:567.0,277.5:569.5,283.9:0.0,284.9:0.0,280.3:578.7,281.5:589.7,282.4:596.0,283.5:602.5,290.1:0.0,285.5:609.7,292.2:0.0,293.2:0.0,294.2:0.0,295.3:0.0,296.3:0.0,297.4:0.0,298.4:0.0,299.4:0.0,300.5:0.0,301.5:0.0,302.5:0.0,303.6:0.0,304.6:0.0,305.6:0.0,306.7:0.0,307.8:0.0,302.9:0.0,309.9:0.0,310.9:0.0,311.9:0.0,313.0:0.0,314.0:0.0,309.2:0.0,316.1:0.0,311.4:640.7,312.5:624.5,313.7:614.2,314.7:608.2,315.8:602.7,316.7:597.2,317.8:593.5,318.9:587.7,320.1:580.0,321.1:573.7,322.1:570.0,323.2:566.7,324.1:562.7,325.4:558.7,326.3:555.5,327.5:551.7,328.5:549.0,329.6:548.0,330.5:543.5,331.7:539.0,332.5:537.2,333.6:535.7,334.7:533.5,335.7:531.7,336.9:531.0,337.8:529.5,339.0:528.7,340.0:527.2,341.0:525.5,342.1:525.0,343.1:524.2,344.0:524.2,345.2:524.7,346.3:524.2,347.2:525.0,348.2:525.7,349.5:527.0,350.4:528.2,351.3:528.5,352.3:531.0,
358.7:0.0,359.7:0.0,0.7:0.0,1.8:0.0,356.7:0.0,357.7:807.7,358.7:808.5,359.8:810.0,0.7:814.7,1.8:820.5,2.8:823.7,3.9:826.7,4.9:831.7,5.9:838.2,6.9:843.5,7.9:849.5,9.0:857.7,10.0:864.7,11.1:870.5,18.4:0.0,19.5:0.0,14.1:887.5,15.2:902.2,22.6:0.0,23.6:0.0,24.7:0.0,25.7:0.0,26.7:0.0,27.8:0.0,28.8:0.0,29.9:0.0,30.9:0.0,25.3:0.0,33.0:0.0,34.0:0.0,35.0:0.0,36.1:0.0,37.1:0.0,38.2:0.0,39.2:0.0,40.2:0.0,41.3:0.0,42.4:0.0,43.4:0.0,44.5:0.0,45.5:0.0,46.5:0.0,47.6:0.0,48.6:0.0,49.7:0.0,50.7:0.0,51.7:0.0,52.8:0.0,53.8:0.0,54.9:0.0,55.9:0.0,57.0:0.0,58.0:0.0,59.0:0.0,60.1:0.0,61.1:0.0,62.2:0.0,63.2:0.0,57.2:0.0,58.3:1421.0,66.3:0.0,67.3:0.0,68.4:0.0,69.4:0.0,70.5:0.0,71.5:0.0,72.5:0.0,73.6:0.0,67.5:0.0,75.6:0.0,76.7:0.0,77.7:0.0,78.8:0.0,79.8:0.0,73.7:0.0,81.9:0.0,82.9:0.0,76.8:0.0,85.0:0.0,86.0:0.0,79.8:0.0,80.9:0.0,82.0:1799.0,83.0:1800.0,84.0:1799.5,85.0:1809.2,86.0:1818.5,87.1:1821.5,88.1:1829.2,89.2:1836.5,90.2:1843.7,91.2:1849.5,92.3:1858.5,93.3:1869.5,94.3:1878.7,95.3:1888.7,96.4:1898.2,97.4:1911.0,98.4:1923.2,99.5:1935.0,100.5:1950.5,101.5:1967.0,102.5:1983.5,110.9:0.0,111.9:0.0,112.9:0.0,114.0:0.0,115.0:0.0,116.1:0.0,117.1:0.0,118.1:0.0,119.2:0.0,120.2:0.0,114.2:0.0,115.2:1570.7,123.3:0.0,124.4:0.0,125.4:0.0,126.4:0.0,127.5:0.0,128.5:0.0,129.5:0.0,130.6:0.0,131.6:0.0,132.7:0.0,133.7:0.0,134.7:0.0,135.8:0.0,129.5:0.0,130.5:2019.2,131.6:1998.5,132.7:1977.0,133.7:1959.5,134.8:1940.0,135.8:1917.2,136.9:1898.2,137.9:1880.2,138.9:1863.5,140.0:1845.5,141.1:1827.0,142.1:1816.2,143.1:1811.7,144.1:1801.2,145.2:1789.5,146.3:1776.5,147.3:1760.5,148.4:1753.0,149.4:1745.5,150.5:1736.7,151.5:1731.5,152.5:1722.0,153.6:1716.5,154.6:1713.0,155.7:1706.0,156.7:1702.0,157.8:1700.5,158.8:1697.2,159.9:1695.5,161.1:0.0,162.1:1399.0,163.2:1401.5,164.3:1392.5,165.3:1379.5,166.3:1378.5,167.4:1379.7,168.4:1381.5,169.5:1381.5,170.5:1383.0,171.5:1385.7,172.6:1386.7,173.6:1389.7,174.7:1395.0,175.7:1399.5,176.7:1405.2,177.8:1410.5,178.8:1412.7,186.7:0.0,187.8:0.0,188.8:0.0,189.9:0.0,190.9:0.0,184.9:0.0,185.9:1512.0,187.0:1521.7,195.1:0.0,196.1:0.0,197.1:0.0,198.2:0.0,199.2:0.0,200.2:0.0,201.3:0.0,202.3:0.0,203.4:0.0,204.4:0.0,205.5:0.0,206.5:0.0,207.5:0.0,208.6:0.0,209.6:0.0,210.7:0.0,211.7:0.0,212.8:0.0,213.8:0.0,214.9:0.0,215.9:0.0,217.0:0.0,218.0:0.0,219.0:0.0,220.1:0.0,221.1:0.0,222.2:0.0,223.2:0.0,224.2:0.0,225.3:0.0,226.3:0.0,227.4:0.0,228.4:0.0,229.5:0.0,230.5:0.0,225.7:0.0,226.9:647.7,227.9:642.2,228.8:638.0,230.1:632.5,231.1:626.2,232.2:619.7,233.1:614.7,234.1:611.5,235.2:608.0,236.3:604.2,237.3:601.5,238.4:598.5,239.4:595.2,240.5:592.7,241.7:589.5,242.8:586.0,243.8:585.0,244.9:583.2,245.9:581.2,246.9:580.2,247.9:578.7,248.9:578.0,250.1:578.2,251.0:577.7,252.1:577.0,253.1:576.5,254.0:576.0,255.1:576.5,256.1:577.0,257.3:577.5,258.4:578.5,259.4:579.5,260.4:579.5,261.4:580.7,262.3:583.0,263.4:585.0,264.4:585.7,265.4:587.7,266.5:589.5,267.5:592.0,268.6:596.5,269.5:598.5,270.6:600.7,271.6:604.7,272.7:609.0,273.7:612.5,274.8:616.7,275.8:620.0,276.6:623.2,277.8:627.5,284.4:0.0,279.7:0.0,280.7:679.0,281.6:682.7,282.6:690.5,289.6:0.0,290.6:0.0,291.7:0.0,292.7:0.0,293.7:0.0,294.8:0.0,295.8:0.0,296.8:0.0,297.9:0.0,298.9:0.0,299.9:0.0,301.0:0.0,302.0:0.0,303.0:0.0,304.1:0.0,305.1:0.0,306.2:0.0,307.3:0.0,308.3:0.0,309.4:0.0,305.9:0.0,311.5:0.0,312.5:0.0,313.5:0.0,314.6:0.0,315.6:0.0,316.6:0.0,313.5:0.0,314.7:389.2,315.5:385.0,316.9:380.7,317.6:378.0,319.1:375.0,320.0:371.0,320.8:367.2,322.3:364.5,323.2:361.2,324.4:358.7,325.2:356.5,326.2:353.2,327.2:351.0,328.8:348.7,329.5:346.5,330.7:344.7,331.7:343.5,332.9:341.7,334.0:339.7,335.2:339.2,336.2:338.0,337.1:337.0,338.0:336.2,339.0:335.7,340.0:335.7,341.0:335.2,342.1:334.7,343.4:335.0,344.5:334.5,345.0:335.7,346.5:336.7,347.4:336.2,348.6:336.0,349.6:337.5,350.4:339.0,355.1:0.0,356.2:0.0,357.2:0.0,358.2:0.0,
359.6:0.0,0.6:0.0,1.7:0.0,2.7:0.0,3.7:0.0,4.8:0.0,5.8:0.0,6.9:0.0,7.9:0.0,8.9:0.0,10.0:0.0,11.0:0.0,12.1:0.0,13.1:0.0,14.1:0.0,15.2:0.0,16.2:0.0,9.9:0.0,18.3:0.0,19.4:0.0,20.4:0.0,14.4:0.0,15.4:1594.2,16.4:1598.5,17.5:1597.0,18.5:1592.2,19.5:1597.5,20.6:1607.2,21.6:1613.5,22.6:1621.7,23.7:1636.2,24.7:1651.5,25.8:1661.5,26.8:1674.2,27.8:1693.5,36.0:0.0,29.9:1717.2,38.1:0.0,39.1:0.0,40.2:0.0,41.2:0.0,35.0:0.0,35.6:0.0,37.1:0.0,38.1:1862.7,39.2:1862.7,40.2:1861.2,41.2:1860.2,42.3:1858.7,43.3:1858.7,44.4:1860.5,45.4:1859.5,46.4:1860.7,47.5:1863.5,48.5:1869.2,49.5:1874.5,50.6:1878.2,51.6:1883.2,52.7:1886.2,53.7:1890.2,54.8:1896.7,55.8:1902.0,56.8:1910.0,57.8:1920.0,58.9:1930.0,59.9:1937.2,61.0:1953.2,69.3:0.0,70.3:0.0,71.3:0.0,72.4:0.0,73.4:0.0,74.5:0.0,75.5:0.0,76.5:0.0,70.6:0.0,78.6:0.0,79.6:0.0,73.6:1495.0,81.7:0.0,82.8:0.0,76.7:1537.2,84.8:0.0,85.9:0.0,79.8:0.0,88.0:0.0,89.0:0.0,90.0:0.0,91.0:0.0,92.0:0.0,93.1:0.0,94.1:0.0,87.9:0.0,89.0:1853.2,90.0:1824.0,91.1:1799.0,92.1:1773.5,93.2:1748.2,94.2:1725.0,95.3:1701.2,96.3:1678.5,97.4:1659.5,98.4:1642.2,99.4:1625.5,100.5:1609.5,101.5:1602.5,102.5:1605.7,103.7:0.0,104.7:1552.2,105.7:1539.2,106.7:1527.7,107.8:1517.5,108.9:1505.2,110.0:1494.0,111.0:1485.2,112.0:1477.7,113.1:1468.2,114.2:1457.5,115.2:1451.5,116.2:1447.2,117.2:1443.5,118.3:1439.2,119.3:1435.5,120.3:1430.5,121.4:1427.5,122.7:0.0,123.8:1131.2,124.8:1130.2,132.5:0.0,126.9:1116.5,128.0:1099.7,129.0:1098.2,130.0:1097.7,131.0:1095.5,132.1:1098.0,133.0:1099.7,134.2:1098.2,135.2:1098.7,136.2:1099.2,137.2:1099.5,138.2:1103.0,139.2:1108.2,140.3:1113.0,141.3:1117.2,142.4:1119.7,143.4:1124.0,144.4:1129.2,145.5:1136.2,146.5:1142.5,147.6:1146.7,148.6:1152.5,149.6:1159.7,150.7:1167.5,151.6:1178.0,159.5:0.0,160.5:0.0,161.5:0.0,162.7:0.0,163.7:0.0,164.8:0.0,165.8:0.0,166.9:0.0,167.9:0.0,168.9:0.0,170.0:0.0,171.0:0.0,172.1:0.0,173.1:0.0,174.1:0.0,175.2:0.0,176.2:0.0,177.3:0.0,178.3:0.0,179.3:0.0,180.4:0.0,181.4:0.0,182.5:0.0,183.5:0.0,184.5:0.0,185.6:0.0,186.7:0.0,187.7:0.0,183.0:0.0,189.8:0.0,190.8:0.0,186.2:606.5,187.5:593.7,194.0:0.0,195.0:0.0,196.0:0.0,197.1:0.0,192.6:0.0,193.9:550.2,194.8:548.7,196.0:545.0,197.1:539.7,197.9:536.7,199.1:534.2,200.2:528.7,201.3:526.2,202.3:523.7,203.4:520.2,204.3:518.7,205.4:516.2,206.6:513.2,207.5:510.7,208.8:510.0,209.7:507.7,210.9:504.2,211.8:503.5,212.9:504.2,214.0:501.7,214.9:500.2,216.0:500.7,216.9:500.7,218.0:500.0,219.1:498.5,220.1:498.2,221.3:498.5,222.3:498.7,223.3:498.5,224.2:500.0,225.2:501.7,226.4:502.2,227.2:503.2,228.5:504.2,229.5:505.5,230.5:506.7,231.5:508.5,232.6:510.2,233.7:512.7,234.7:516.0,235.7:518.5,236.8:520.2,237.9:522.0,238.6:524.7,239.8:529.0,240.7:532.2,241.7:536.2,242.7:541.0,244.0:543.2,244.8:547.2,251.2:0.0,252.3:0.0,247.8:558.0,254.4:0.0,255.4:0.0,256.5:0.0,252.0:0.0,258.5:0.0,259.6:0.0,260.6:0.0,261.7:0.0,262.7:0.0,263.7:0.0,264.8:0.0,265.8:0.0,266.9:0.0,267.9:0.0,269.0:0.0,270.0:0.0,271.0:0.0,272.1:0.0,267.1:0.0,274.2:0.0,275.2:0.0,276.2:0.0,277.3:0.0,278.3:0.0,279.4:0.0,274.3:0.0,281.5:0.0,282.4:0.0,277.5:0.0,278.5:737.0,279.5:727.7,280.6:715.5,281.7:706.0,282.7:701.0,283.7:696.2,284.7:690.0,285.9:684.0,286.9:678.5,287.9:672.2,288.9:668.0,290.1:662.7,291.0:658.0,292.1:654.5,293.2:652.0,294.2:648.5,295.3:644.0,296.4:640.7,297.4:637.0,298.6:634.0,299.5:631.7,300.6:630.5,301.6:629.2,302.7:628.0,303.8:626.0,304.8:624.0,306.0:622.2,307.0:620.0,307.9:620.2,309.0:620.0,309.9:619.7,311.0:620.0,312.2:620.0,313.2:619.7,314.3:619.7,315.2:621.2,316.2:622.7,317.2:625.0,318.4:626.0,319.3:628.5,320.3:633.0,327.1:0.0,328.2:0.0,329.2:0.0,330.3:0.0,324.7:0.0,325.7:1100.7,326.7:1104.0,327.7:1107.5,328.7:1113.0,329.8:1119.5,337.6:0.0,338.6:0.0,333.0:1136.7,340.7:0.0,335.0:1158.5,336.0:1172.5,337.0:1180.5,344.9:0.0,345.9:0.0,347.0:0.0,348.0:0.0,349.0:0.0,350.1:0.0,351.1:0.0,352.2:0.0,353.2:0.0,354.2:0.0,355.3:0.0,356.3:0.0,357.4:0.0,358.4:0.0,
359.4:0.0,0.4:0.0,1.4:0.0,2.5:0.0,3.5:0.0,4.5:0.0,5.6:0.0,6.6:0.0,7.7:0.0,8.7:0.0,9.7:0.0,10.8:0.0,11.8:0.0,12.9:0.0,13.9:0.0,14.9:0.0,16.0:0.0,17.0:0.0,10.8:0.0,19.1:0.0,20.1:0.0,21.2:0.0,22.2:0.0,16.2:0.0,17.3:1400.2,25.3:0.0,19.4:1406.0,20.4:1400.7,28.5:0.0,29.5:0.0,30.5:0.0,31.6:0.0,32.6:0.0,33.6:0.0,34.7:0.0,28.7:0.0,29.7:1507.5,30.7:1527.0,38.8:0.0,32.8:1549.7,40.9:0.0,34.9:1576.7,43.0:0.0,37.0:1617.2,45.1:0.0,46.2:0.0,47.2:0.0,41.1:0.0,42.1:1709.0,43.2:1709.0,44.2:1706.7,45.2:1706.2,46.3:1708.5,47.4:1711.0,48.4:1713.5,49.4:1718.5,50.4:1723.0,51.5:1725.7,52.5:1732.0,53.5:1738.0,54.6:1745.5,55.6:1755.2,56.7:1761.7,57.7:1766.7,58.7:1773.2,59.7:1782.2,60.8:1793.7,61.8:1809.2,62.9:1824.0,63.9:1836.5,64.9:1850.7,66.0:1863.7,74.2:0.0,75.2:0.0,76.3:0.0,77.3:0.0,78.4:0.0,79.4:0.0,80.5:0.0,81.5:0.0,82.5:0.0,83.6:0.0,77.6:0.0,85.6:0.0,86.7:0.0,87.7:0.0,88.8:0.0,89.8:0.0,90.7:0.0,91.8:0.0,92.8:0.0,93.9:0.0,94.9:0.0,95.9:0.0,97.0:0.0,98.0:0.0,99.0:0.0,100.1:0.0,93.9:0.0,95.0:1860.7,96.0:1834.5,97.0:1812.5,98.0:1794.5,99.1:1776.2,100.2:1754.5,101.2:1737.0,102.2:1720.0,103.3:1702.2,104.4:1686.7,105.3:1674.0,106.4:1662.7,107.5:1651.2,108.6:1646.7,109.5:1635.2,110.6:1621.0,111.6:1614.0,112.7:1603.5,113.7:1596.5,114.7:1587.7,115.8:1578.0,116.9:1572.2,117.9:1563.0,118.9:1558.7,120.0:1558.5,121.0:1552.5,122.0:1549.0,123.1:1546.7,124.2:1543.0,125.1:1540.7,126.2:1536.5,127.2:1534.0,128.2:1544.7,136.4:0.0,130.5:0.0,131.6:1248.5,139.5:0.0,133.7:1239.7,134.8:1229.0,135.8:1230.7,136.8:1234.2,137.8:1234.5,138.9:1237.2,139.9:1241.2,140.9:1244.0,142.0:1246.2,143.1:1250.7,144.0:1256.7,145.1:1261.0,146.1:1266.7,147.1:1271.7,148.2:1279.0,149.2:1288.0,157.1:0.0,158.2:0.0,159.2:0.0,160.2:0.0,161.3:0.0,162.4:0.0,156.5:0.0,164.5:0.0,165.5:0.0,166.6:0.0,167.6:0.0,168.7:0.0,169.7:0.0,170.7:0.0,171.8:0.0,172.8:0.0,173.8:0.0,174.9:0.0,175.9:0.0,177.0:0.0,178.0:0.0,179.1:0.0,180.1:0.0,181.1:0.0,182.2:0.0,183.2:0.0,184.3:0.0,185.3:0.0,186.3:0.0,187.3:0.0,182.2:0.0,189.4:0.0,190.4:0.0,191.5:0.0,186.5:0.0,193.6:0.0,194.6:0.0,195.6:0.0,190.6:0.0,191.8:733.2,192.7:724.7,193.8:717.2,195.0:711.7,196.0:706.2,197.0:701.2,198.0:695.0,199.2:690.7,200.1:688.7,201.2:684.7,202.2:680.2,203.4:676.5,204.5:672.7,205.4:670.2,206.4:666.5,207.6:663.0,208.7:661.0,209.6:658.2,210.8:655.7,211.7:654.5,212.8:653.2,213.8:652.5,214.8:650.0,216.0:649.5,217.0:649.0,218.0:647.0,219.1:647.5,220.1:648.2,221.2:648.5,222.1:648.2,223.2:649.0,224.3:650.0,225.2:649.7,226.3:651.0,227.4:653.5,228.4:655.2,229.5:655.7,230.5:658.2,231.5:662.2,232.5:663.5,233.6:665.2,234.5:669.0,235.6:671.2,236.7:673.7,237.7:679.7,238.6:685.7,239.7:688.5,240.6:692.7,241.7:698.0,242.7:702.7,243.8:707.5,244.8:712.0,251.8:0.0,246.9:721.7,247.8:736.0,254.9:0.0,256.0:0.0,257.0:0.0,258.0:0.0,252.9:0.0,253.9:815.5,261.1:0.0,262.2:0.0,263.2:0.0,264.3:0.0,265.3:0.0,266.3:0.0,267.4:0.0,268.4:0.0,269.5:0.0,270.5:0.0,271.5:0.0,272.6:0.0,273.6:0.0,274.6:0.0,275.7:0.0,276.7:0.0,277.7:0.0,273.2:0.0,279.8:0.0,275.3:605.7,276.5:594.7,277.5:587.7,283.9:0.0,285.0:0.0,286.0:0.0,281.7:0.0,282.6:554.2,283.7:548.5,284.7:544.5,285.9:540.0,286.9:535.0,288.0:529.2,289.2:524.0,290.2:523.2,291.1:520.0,292.1:515.2,293.4:512.2,294.2:509.5,295.3:507.2,296.5:505.2,297.6:502.0,298.5:500.0,299.7:500.0,300.7:498.7,301.6:496.2,302.7:495.7,303.7:496.2,305.0:497.0,305.8:497.5,312.0:0.0,313.0:0.0,314.1:0.0,315.1:0.0,316.1:0.0,317.2:0.0,318.2:0.0,312.7:0.0,313.8:969.7,314.8:969.2,316.0:957.2,316.9:944.7,318.0:946.2,319.0:948.5,320.0:950.0,321.0:954.0,322.2:957.5,323.2:959.0,324.2:964.2,325.3:971.5,326.3:975.5,327.3:978.7,328.3:984.7,329.4:990.7,330.4:995.5,331.4:1002.7,332.4:1009.0,333.4:1015.5,334.5:1023.5,335.6:1029.5,336.6:1039.0,344.2:0.0,345.3:0.0,346.3:0.0,340.7:0.0,341.7:1089.5,349.4:0.0,350.5:0.0,351.5:0.0,352.5:0.0,353.6:0.0,354.6:0.0,355.6:0.0,356.7:0.0,357.7:0.0,
358.6:0.0,359.7:0.0,0.7:0.0,1.8:0.0,2.8:0.0,3.8:0.0,4.9:0.0,5.9:0.0,7.0:0.0,8.0:0.0,9.0:0.0,10.1:0.0,11.1:0.0,12.2:0.0,13.2:0.0,14.2:0.0,15.3:0.0,16.3:0.0,17.4:0.0,18.4:0.0,19.4:0.0,20.5:0.0,21.5:0.0,22.6:0.0,23.6:0.0,24.6:0.0,18.9:0.0,26.7:0.0,27.8:0.0,28.8:0.0,23.1:1217.7,30.9:0.0,31.9:0.0,33.0:0.0,34.0:0.0,35.0:0.0,36.1:0.0,37.1:0.0,38.2:0.0,39.2:0.0,40.2:0.0,41.3:0.0,42.3:0.0,43.4:0.0,44.4:0.0,45.5:0.0,46.5:0.0,47.5:0.0,41.5:0.0,49.6:0.0,50.7:0.0,44.5:0.0,45.6:0.0,46.7:1576.5,47.7:1575.0,48.8:1576.5,49.8:1579.0,50.8:1584.7,51.9:1590.5,52.9:1593.2,54.0:1597.2,55.0:1606.7,56.0:1616.0,57.1:1623.0,58.1:1631.2,59.2:1638.2,60.2:1644.0,61.2:1649.2,62.2:1659.7,63.3:1671.5,64.3:1679.5,65.3:1692.7,66.4:1710.7,67.4:1724.5,68.4:1738.0,69.5:1755.5,70.5:1769.7,71.6:1791.2,79.8:0.0,80.8:0.0,81.9:0.0,82.9:0.0,83.9:0.0,85.0:0.0,86.0:0.0,87.1:0.0,88.1:0.0,89.1:0.0,90.1:0.0,84.2:0.0,85.2:1387.0,93.2:0.0,94.2:0.0,95.3:0.0,96.3:0.0,97.4:0.0,98.4:0.0,99.4:0.0,100.5:0.0,101.5:0.0,102.5:0.0,103.6:0.0,104.6:0.0,105.6:0.0,99.4:0.0,100.5:1895.7,101.5:1877.7,102.5:1859.2,103.6:1836.0,104.7:1817.0,105.7:1806.5,106.7:1796.2,107.8:1780.7,108.8:1766.7,109.9:1755.7,110.9:1743.2,112.0:1733.2,113.0:1727.5,114.0:1723.2,115.1:1721.2,116.1:1709.2,117.1:1693.7,118.2:1688.5,119.3:1681.7,120.2:1675.2,121.3:1672.5,122.4:1670.7,123.4:1669.2,124.5:1668.5,125.5:1664.0,126.5:1661.5,127.6:1660.5,128.6:1657.7,129.6:1660.5,130.6:1662.0,131.7:1660.7,132.7:1665.7,140.9:0.0,135.0:0.0,136.0:1386.7,137.1:1385.2,138.1:1388.7,139.2:1384.0,140.2:1375.7,141.2:1378.5,142.2:1381.0,143.3:1384.0,144.3:1389.5,145.4:1397.5,146.4:1404.2,154.4:0.0,148.5:1415.2,156.4:0.0,157.5:0.0,158.5:0.0,159.6:0.0,160.6:0.0,161.6:0.0,155.8:0.0,156.7:1514.2,164.9:0.0,158.8:0.0,166.9:0.0,168.0:0.0,169.0:0.0,170.1:0.0,171.1:0.0,172.1:0.0,173.2:0.0,174.2:0.0,175.3:0.0,176.3:0.0,177.3:0.0,178.4:0.0,179.4:0.0,180.5:0.0,181.5:0.0,182.5:0.0,183.6:0.0,184.6:0.0,185.7:0.0,180.1:0.0,181.1:1014.2,188.7:0.0,189.8:0.0,190.8:0.0,191.9:0.0,192.9:0.0,194.0:0.0,188.5:0.0,189.7:914.2,190.7:904.7,191.7:897.7,192.7:891.5,193.8:884.7,194.9:877.0,195.9:868.2,197.0:862.7,198.1:856.5,199.1:849.5,200.2:844.0,201.2:839.2,202.2:834.2,203.2:830.5,204.3:826.2,205.3:822.0,206.5:820.0,207.5:814.7,208.6:811.0,209.6:809.7,210.6:808.0,211.7:805.5,212.7:802.7,213.9:800.5,214.9:799.2,215.8:799.5,216.9:799.7,218.0:800.0,219.0:798.5,220.0:796.7,221.1:797.2,222.1:799.0,223.1:800.7,224.2:801.5,225.2:802.0,226.3:803.0,227.3:805.5,228.4:809.2,229.4:812.5,230.4:814.2,231.4:816.7,232.5:820.2,233.5:821.5,234.6:824.5,235.6:830.0,236.6:835.2,237.6:838.5,238.6:845.0,239.7:856.0,240.6:0.0,241.7:897.5,242.6:901.7,243.7:912.5,244.8:0.0,252.2:0.0,253.3:0.0,254.3:0.0,255.3:0.0,256.4:0.0,257.4:0.0,258.5:0.0,259.5:0.0,260.5:0.0,261.6:0.0,262.6:0.0,263.7:0.0,264.7:0.0,265.7:0.0,266.8:0.0,267.8:0.0,268.8:0.0,269.9:0.0,270.9:0.0,272.0:0.0,268.0:0.0,274.0:0.0,275.1:0.0,276.1:0.0,277.2:0.0,278.2:0.0,274.7:0.0,275.6:435.2,276.7:432.0,282.3:0.0,278.9:426.0,280.1:419.0,280.9:414.2,281.9:412.0,283.2:410.2,284.1:409.7,285.3:410.2,286.1:411.0,291.6:0.0,292.6:0.0,293.7:0.0,294.7:0.0,295.7:0.0,296.8:0.0,297.8:0.0,298.9:0.0,299.9:0.0,300.9:0.0,302.0:0.0,303.0:0.0,304.0:0.0,305.1:0.0,306.2:0.0,307.2:0.0,301.9:0.0,303.0:845.5,304.1:842.7,305.1:844.5,306.2:0.0,307.3:812.7,308.3:810.2,309.2:808.7,310.4:809.5,311.3:810.2,312.4:810.5,313.5:811.7,314.4:812.2,315.5:813.2,316.5:815.7,317.6:816.5,318.6:818.7,319.7:822.7,320.6:825.0,321.7:827.7,322.7:829.2,323.8:831.7,325.0:836.5,325.9:840.0,326.9:845.7,328.0:851.0,329.1:853.5,330.0:858.2,331.0:866.0,332.1:872.0,333.1:878.0,430.2:3715.2,
359.5:0.0,0.6:0.0,1.6:0.0,2.7:0.0,3.7:0.0,4.7:0.0,5.8:0.0,6.8:0.0,7.9:0.0,8.9:0.0,9.9:0.0,11.0:0.0,12.0:0.0,13.1:0.0,14.1:0.0,15.1:0.0,16.2:0.0,17.2:0.0,18.3:0.0,19.3:0.0,13.3:0.0,21.4:0.0,22.5:0.0,23.5:0.0,24.5:0.0,25.6:0.0,26.6:0.0,27.7:0.0,22.1:0.0,23.1:1040.2,24.1:1046.5,31.8:0.0,26.3:1047.0,27.3:1045.0,28.3:1051.7,36.0:0.0,37.0:0.0,31.4:1073.0,32.4:1093.0,40.2:0.0,41.2:0.0,42.3:0.0,43.3:0.0,44.4:0.0,45.4:0.0,46.4:0.0,47.5:0.0,48.5:0.0,49.6:0.0,50.6:0.0,51.6:0.0,52.7:0.0,53.7:0.0,54.8:0.0,48.6:0.0,49.7:0.0,50.9:0.0,51.9:1444.5,53.0:1446.7,54.0:1451.0,55.1:1457.5,56.1:1462.0,57.1:1468.5,58.1:1476.0,59.2:1483.7,60.2:1494.7,61.2:1504.5,62.2:1514.5,63.3:1524.7,64.3:1535.7,65.4:1548.0,66.4:1559.0,67.5:1571.2,68.5:1584.0,69.5:1599.7,70.5:1617.2,71.6:1632.0,72.6:1646.5,73.7:1664.7,74.7:1680.2,75.7:1696.2,76.7:1721.7,84.9:0.0,86.0:0.0,87.0:0.0,88.1:0.0,89.1:0.0,90.0:0.0,91.1:0.0,92.1:0.0,93.1:0.0,94.2:0.0,95.2:0.0,96.2:0.0,90.3:0.0,91.4:1392.5,92.4:1386.5,100.4:0.0,101.4:0.0,102.5:0.0,103.5:0.0,104.5:0.0,105.6:0.0,106.6:0.0,107.7:0.0,108.7:0.0,109.7:0.0,110.7:0.0,104.5:0.0,105.6:1945.5,106.6:1932.0,107.7:1916.5,108.7:1904.2,109.8:1892.5,110.8:1879.7,111.8:1867.7,112.9:1858.5,113.9:1847.2,115.0:1834.0,116.0:1828.2,117.0:1821.5,118.1:1813.0,119.2:1811.2,120.2:1819.0,121.2:1813.2,122.3:1798.5,123.3:1793.5,124.4:1791.2,125.4:1790.5,126.5:1785.2,127.4:1783.0,128.5:1786.5,129.5:1786.2,130.6:1785.2,131.6:1787.0,132.7:1791.2,133.7:1795.7,134.7:1797.5,135.7:1802.7,136.8:1809.7,145.0:0.0,146.1:0.0,140.1:0.0,141.1:1538.2,142.1:1542.0,143.2:1542.2,144.2:1537.2,145.2:1541.2,146.2:1554.2,147.3:1562.5,148.3:1564.0,149.4:1568.0,150.4:1578.0,151.5:1591.5,152.4:1602.0,153.5:1612.5,154.5:1625.0,155.6:1635.7,156.6:1650.7,157.7:1670.0,158.7:1688.5,166.9:0.0,168.0:0.0,169.0:0.0,170.0:0.0,171.1:0.0,172.1:0.0,173.2:0.0,174.2:0.0,175.2:0.0,176.3:0.0,177.3:0.0,178.4:0.0,179.4:0.0,180.4:0.0,181.5:0.0,182.5:0.0,183.6:0.0,184.6:0.0,185.6:0.0,186.6:0.0,187.7:0.0,188.7:0.0,189.7:0.0,190.8:0.0,191.8:0.0,192.9:0.0,187.2:0.0,188.3:1096.7,189.3:1085.0,197.0:0.0,198.0:0.0,192.5:1063.2,193.6:1043.7,194.6:1036.5,195.6:1029.5,196.7:1022.2,197.7:1014.7,198.7:1007.2,199.8:1001.7,200.9:996.0,201.9:989.2,202.9:985.0,204.1:978.5,205.2:973.0,206.1:971.0,207.2:966.5,208.2:962.5,209.4:958.5,210.3:956.0,211.4:954.5,212.5:951.2,213.5:948.5,214.6:947.5,215.6:947.5,216.6:945.5,217.6:943.7,218.7:944.5,219.8:946.2,220.8:946.0,221.8:946.5,222.9:948.0,223.9:948.5,225.0:950.2,225.9:952.7,227.1:954.2,228.1:956.2,229.1:959.7,230.1:0.0,231.1:998.2,232.2:1000.5,233.1:1003.0,240.7:0.0,241.8:0.0,242.8:0.0,243.9:0.0,244.9:0.0,245.9:0.0,247.0:0.0,248.0:0.0,249.1:0.0,250.1:0.0,251.1:0.0,252.2:0.0,253.2:0.0,254.3:0.0,255.3:0.0,256.3:0.0,252.9:0.0,258.4:0.0,259.4:0.0,260.5:0.0,257.2:0.0,258.4:399.0,259.1:398.5,260.4:399.0,261.3:400.0,262.2:401.7,263.3:405.0,268.8:0.0,269.8:0.0,270.9:0.0,271.9:0.0,272.9:0.0,274.0:0.0,275.0:0.0,276.0:0.0,277.1:0.0,278.1:0.0,279.2:0.0,280.2:0.0,281.2:0.0,282.2:0.0,283.3:0.0,284.3:0.0,285.3:0.0,286.4:0.0,287.4:0.0,288.4:0.0,289.5:0.0,290.5:0.0,291.6:0.0,292.6:0.0,293.6:0.0,288.6:0.0,289.6:757.0,290.7:753.5,291.7:748.5,298.8:0.0,294.0:0.0,295.0:703.7,295.9:700.7,297.0:699.2,298.2:696.5,299.2:693.7,300.3:692.2,301.3:691.0,302.4:688.5,303.3:685.5,304.5:684.2,305.5:682.7,306.4:682.0,307.5:683.5,308.5:683.2,309.5:682.2,310.7:682.0,311.7:681.5,312.8:682.0,313.7:683.2,314.8:685.0,315.8:686.0,317.0:686.7,318.0:687.2,318.9:687.7,320.0:691.7,321.1:694.5,322.1:695.7,323.1:698.2,324.0:703.0,325.1:708.5,326.1:712.2,327.2:716.2,328.1:718.5,329.3:720.2,330.2:726.7,331.4:731.5,332.2:736.5,333.3:742.5,334.3:747.0,335.5:753.0,336.5:758.2,337.4:766.2,338.4:773.7,339.5:778.5,346.7:0.0,341.6:791.0,342.5:805.0,343.6:812.2,350.8:0.0,351.9:0.0,346.6:0.0,354.0:0.0,355.0:0.0,356.0:0.0,357.1:0.0,358.1:0.0,
358.7:0.0,359.7:0.0,353.5:0.0,354.6:1888.5,355.6:1867.2,356.7:1845.2,357.7:1826.5,358.8:1807.0,359.8:1792.2,0.9:1779.2,1.9:1762.5,3.0:1747.0,4.0:1730.7,5.0:1717.2,6.1:1707.5,7.1:1696.2,8.2:1695.7,9.2:1692.0,10.3:1674.2,11.4:1661.5,12.3:1652.5,13.4:1645.2,14.5:1639.2,15.5:1633.2,16.6:1628.5,17.6:1625.5,18.6:1622.0,19.7:1618.0,20.8:1615.2,21.8:1611.7,22.8:1611.7,23.9:1612.2,25.0:1610.7,26.0:1611.0,27.0:1614.2,35.1:0.0,36.2:0.0,30.3:0.0,38.3:0.0,39.3:0.0,33.5:1310.5,34.5:1303.7,35.5:1306.7,36.5:1309.2,44.5:0.0,45.6:0.0,39.7:1318.5,40.7:1329.0,41.8:1334.0,42.8:1340.5,43.8:1345.7,44.8:1350.7,45.9:1360.7,47.0:1371.2,48.0:1377.5,49.0:1384.7,50.0:1392.5,58.1:0.0,59.1:0.0,60.1:0.0,54.2:0.0,55.2:1504.0,63.3:0.0,64.3:0.0,65.4:0.0,66.4:0.0,67.4:0.0,68.5:0.0,69.5:0.0,70.5:0.0,71.6:0.0,72.6:0.0,73.7:0.0,74.7:0.0,75.7:0.0,76.8:0.0,77.8:0.0,78.9:0.0,79.9:0.0,81.0:0.0,82.0:0.0,83.0:0.0,84.1:0.0,78.7:0.0,86.2:0.0,87.2:0.0,88.2:0.0,89.3:0.0,90.2:0.0,91.3:0.0,86.1:0.0,87.1:825.5,88.1:819.0,89.2:811.5,90.2:803.5,91.3:798.2,92.4:791.7,93.5:785.0,94.5:781.0,95.5:775.5,96.6:769.5,97.7:766.5,98.7:762.5,99.7:758.2,100.8:755.2,101.7:751.2,102.8:746.7,104.0:743.0,104.9:740.0,106.0:738.7,107.0:737.2,108.1:734.5,109.2:732.0,110.2:730.0,111.1:728.7,112.3:729.0,113.3:728.2,114.3:727.5,115.3:727.0,116.5:726.5,117.4:727.5,118.5:726.7,119.5:727.0,120.6:728.2,121.6:728.5,122.6:728.7,123.6:731.2,124.7:733.7,125.7:735.2,126.7:737.2,127.7:739.2,128.7:743.7,129.9:747.5,130.8:749.7,131.8:754.7,133.0:759.2,134.0:762.0,135.0:766.2,136.0:771.0,137.0:775.7,138.1:779.5,139.0:783.5,140.1:789.7,141.0:797.7,148.3:0.0,149.4:0.0,144.1:0.0,145.1:858.0,146.1:870.5,153.5:0.0,154.5:0.0,155.6:0.0,156.6:0.0,157.7:0.0,158.7:0.0,159.7:0.0,160.8:0.0,161.8:0.0,163.0:0.0,164.0:0.0,165.0:0.0,166.1:0.0,167.1:0.0,168.2:0.0,169.2:0.0,170.2:0.0,171.3:0.0,172.3:0.0,173.4:0.0,174.4:0.0,175.5:0.0,176.5:0.0,177.5:0.0,178.6:0.0,179.6:0.0,175.5:0.0,176.9:488.2,177.6:481.5,179.0:476.0,179.9:470.7,180.9:466.2,182.1:463.2,183.0:460.2,184.2:457.2,185.2:452.7,186.2:448.0,187.3:448.0,188.5:446.0,189.7:442.7,190.5:441.0,191.7:439.7,192.6:439.7,193.5:441.5,199.3:0.0,200.4:0.0,201.4:0.0,202.5:0.0,203.5:0.0,204.5:0.0,205.6:0.0,206.6:0.0,207.7:0.0,208.7:0.0,209.7:0.0,204.4:0.0,205.4:899.7,206.6:899.5,207.6:886.5,208.6:873.5,209.6:872.2,210.8:871.0,211.7:873.0,212.8:876.2,213.8:877.5,214.9:878.0,215.9:879.5,217.0:883.2,218.0:885.7,219.0:889.0,220.0:892.2,221.1:896.7,222.1:902.0,223.1:905.2,224.2:909.5,225.2:913.0,226.3:917.7,227.4:922.0,234.8:0.0,229.4:931.7,236.8:0.0,231.4:946.5,232.4:956.0,233.5:963.7,241.0:0.0,242.0:0.0,236.6:983.5,237.5:1003.5,238.6:1015.0,239.6:1026.7,247.2:0.0,248.3:0.0,249.3:0.0,250.4:0.0,251.4:0.0,252.5:0.0,253.5:0.0,254.5:0.0,255.6:0.0,256.6:0.0,257.7:0.0,258.7:0.0,259.7:0.0,260.8:0.0,261.8:0.0,262.8:0.0,263.9:0.0,264.9:0.0,266.0:0.0,267.0:0.0,268.0:0.0,269.1:0.0,270.1:0.0,271.2:0.0,272.2:0.0,273.2:0.0,274.3:0.0,268.1:0.0,276.3:0.0,277.4:0.0,278.4:0.0,279.5:0.0,280.5:0.0,274.6:0.0,282.5:0.0,283.5:0.0,277.7:1303.7,285.6:0.0,286.6:0.0,287.7:0.0,288.7:0.0,289.7:0.0,283.9:0.0,291.8:0.0,285.9:1369.2,293.9:0.0,294.9:0.0,296.0:0.0,297.0:0.0,298.0:0.0,299.1:0.0,300.1:0.0,294.1:0.0,302.2:0.0,296.1:0.0,304.2:0.0,305.3:0.0,306.4:0.0,300.3:1622.5,301.4:1643.0,302.3:1643.7,303.4:1644.2,304.5:1647.7,305.5:1651.7,306.5:1653.7,307.6:1656.2,308.5:1661.2,309.6:1663.5,310.7:1667.7,311.7:1673.7,312.7:1679.2,313.8:1684.5,314.8:1692.7,315.8:1701.7,316.8:1710.5,317.9:1722.7,318.9:1731.5,319.9:1741.5,321.0:1756.5,322.0:1770.7,323.1:1782.7,324.1:1797.5,325.2:1816.5,333.4:0.0,334.4:0.0,335.5:0.0,336.5:0.0,337.6:0.0,338.6:0.0,339.6:0.0,340.7:0.0,341.7:0.0,335.8:0.0,343.8:0.0,337.9:1413.5,338.9:1398.7,346.9:0.0,348.0:0.0,349.0:0.0,350.0:0.0,351.1:0.0,352.1:0.0,353.2:0.0,354.2:0.0,355.2:0.0,356.3:0.0,357.3:0.0,358.4:0.0,
359.5:0.0,353.3:0.0,354.4:1678.5,355.5:1657.0,356.5:1638.5,357.6:1620.5,358.6:1606.5,359.7:1595.0,0.7:1578.7,1.7:1563.0,2.7:1551.0,3.9:1540.5,4.9:1528.5,5.9:1517.5,7.0:1507.5,8.0:1498.7,9.1:1494.0,10.1:1515.0,11.2:0.0,12.2:1468.0,13.3:1458.2,14.4:1453.5,15.4:1449.5,16.4:1446.0,17.5:1442.2,18.5:1439.5,19.6:1438.7,20.7:1434.2,21.6:1432.5,22.7:1433.2,23.7:1430.7,24.8:1430.7,25.8:1430.5,26.9:1429.7,28.0:1430.5,29.0:1430.7,30.0:1433.5,31.0:1442.0,39.1:0.0,40.1:0.0,34.4:0.0,35.5:1156.5,36.4:1160.0,37.5:1168.7,38.6:1162.7,39.7:1151.7,40.7:1155.5,41.7:1159.2,42.7:1162.0,43.7:1166.7,44.8:1173.5,45.8:1181.2,46.9:1189.2,48.0:1195.2,55.7:0.0,56.8:0.0,57.8:0.0,58.9:0.0,59.9:0.0,61.0:0.0,62.0:0.0,63.0:0.0,64.1:0.0,65.1:0.0,66.2:0.0,67.2:0.0,68.2:0.0,69.3:0.0,70.3:0.0,71.4:0.0,72.4:0.0,73.4:0.0,74.5:0.0,75.5:0.0,76.6:0.0,77.6:0.0,78.6:0.0,79.7:0.0,80.7:0.0,81.8:0.0,82.8:0.0,83.8:0.0,84.9:0.0,85.9:0.0,87.0:0.0,88.0:0.0,89.0:0.0,83.5:0.0,91.0:0.0,92.0:0.0,93.1:0.0,87.7:0.0,88.8:913.2,89.7:906.0,90.8:900.2,91.8:892.7,99.3:0.0,94.0:879.2,95.1:868.2,96.1:863.7,97.1:858.2,98.1:852.7,99.2:848.0,100.3:844.0,101.3:840.2,102.4:837.0,103.3:834.0,104.5:829.7,105.5:828.0,106.5:828.0,107.6:824.2,108.6:822.0,109.7:821.2,110.8:818.5,111.7:816.2,112.8:815.5,113.8:813.7,114.8:812.5,115.9:813.2,116.9:814.5,118.0:814.2,119.0:814.0,120.2:816.7,121.2:817.0,122.1:816.7,123.1:818.7,124.2:819.7,125.3:822.2,126.4:823.5,127.3:826.0,128.3:829.7,129.4:831.2,130.4:835.0,131.4:840.0,132.5:844.7,133.5:849.5,134.5:854.5,135.5:860.7,136.6:866.2,137.6:871.5,138.7:877.2,146.0:0.0,140.7:885.2,141.7:894.2,149.2:0.0,150.2:0.0,151.2:0.0,152.3:0.0,146.8:0.0,154.3:0.0,155.4:0.0,149.8:0.0,150.9:1021.5,151.9:1034.2,159.5:0.0,160.6:0.0,161.6:0.0,162.7:0.0,163.7:0.0,164.8:0.0,165.8:0.0,166.9:0.0,167.9:0.0,169.0:0.0,170.0:0.0,171.0:0.0,172.1:0.0,173.1:0.0,174.2:0.0,175.2:0.0,176.2:0.0,177.3:0.0,178.3:0.0,173.4:0.0,174.5:703.0,181.5:0.0,176.6:690.2,177.7:678.2,178.7:672.2,179.7:668.0,180.8:661.7,182.0:654.7,183.1:650.5,184.1:645.5,185.0:643.0,186.2:640.5,187.1:636.0,188.2:633.5,189.3:633.7,196.0:0.0,197.1:0.0,198.1:0.0,199.1:0.0,200.2:0.0,201.2:0.0,202.3:0.0,203.3:0.0,204.3:0.0,205.4:0.0,199.8:0.0,200.8:1073.2,201.8:1074.5,203.0:1062.0,204.0:1046.0,205.0:1043.7,206.1:1042.2,207.2:1040.0,208.2:1040.5,209.2:1040.7,210.3:1041.2,211.3:1044.2,212.3:1046.0,213.4:1046.5,214.5:1050.5,215.5:1054.0,216.5:1057.0,217.6:1058.5,218.6:1061.7,219.6:1066.5,220.7:1068.5,221.7:1074.2,222.8:1080.2,223.8:1083.0,224.8:1089.0,225.9:1095.0,226.8:1101.2,227.9:1106.7,235.7:0.0,236.7:0.0,237.7:0.0,232.1:0.0,239.8:0.0,234.1:1158.5,241.9:0.0,243.0:0.0,244.0:0.0,245.0:0.0,246.1:0.0,247.1:0.0,248.2:0.0,249.2:0.0,250.2:0.0,251.3:0.0,252.3:0.0,253.4:0.0,254.4:0.0,255.5:0.0,256.5:0.0,257.5:0.0,258.5:0.0,259.6:0.0,260.6:0.0,261.6:0.0,262.7:0.0,263.7:0.0,264.7:0.0,265.8:0.0,266.8:0.0,267.9:0.0,268.9:0.0,270.0:0.0,271.0:0.0,272.0:0.0,266.2:0.0,267.3:1303.5,275.2:0.0,269.3:1298.0,270.3:1293.7,271.4:1297.2,272.5:1299.7,280.3:0.0,281.4:0.0,282.4:0.0,283.4:0.0,284.5:0.0,278.5:0.0,279.6:1355.5,280.6:1360.5,281.7:1370.7,282.6:1384.5,283.7:1392.5,291.7:0.0,292.7:0.0,293.8:0.0,294.8:0.0,295.9:0.0,289.9:0.0,297.9:0.0,299.0:0.0,300.0:0.0,294.0:1539.7,295.1:1542.2,296.1:1543.2,297.1:1541.2,298.2:1538.7,299.2:1540.5,300.3:1540.5,301.3:1541.0,302.3:1542.2,303.4:1544.0,304.4:1545.0,305.4:1547.7,306.5:1549.7,307.5:1553.0,308.6:1559.2,309.6:1563.5,310.6:1568.7,311.7:1575.5,312.7:1583.7,313.7:1591.0,314.8:1596.2,315.8:1604.5,316.8:1615.2,317.9:1626.2,318.9:1637.0,320.0:1644.5,321.0:1652.2,329.1:0.0,330.2:0.0,331.2:0.0,332.3:0.0,333.3:0.0,334.4:0.0,335.4:0.0,336.4:0.0,337.5:0.0,338.5:0.0,339.6:0.0,340.6:0.0,334.8:0.0,342.7:0.0,343.7:0.0,344.7:0.0,345.8:0.0,346.8:0.0,347.9:0.0,348.9:0.0,350.0:0.0,351.0:0.0,352.0:0.0,353.1:0.0,354.1:0.0,355.2:0.0,356.2:0.0,357.2:0.0,358.3:0.0,
352.0:1397.7,353.0:1380.2,354.1:1364.0,355.1:1351.2,356.2:1336.5,357.2:1320.2,358.3:1306.7,359.4:1292.5,0.4:1282.7,1.5:1273.7,2.5:1265.2,3.5:1257.0,4.5:1244.7,5.7:1235.0,6.6:1228.0,7.7:1222.0,8.8:1215.7,9.8:1207.5,10.9:1201.5,12.0:1206.5,13.0:1208.0,14.1:1192.5,15.1:1181.5,16.1:1178.2,17.2:1174.7,18.2:1171.7,19.3:1170.5,20.3:1169.0,21.3:1166.5,22.4:1165.7,23.4:1166.5,24.5:1166.5,25.5:1165.5,26.6:1164.0,27.7:1163.2,28.6:1164.0,29.7:1165.5,30.8:1167.2,31.8:1169.5,32.8:1173.2,33.8:1175.2,34.9:1175.2,35.9:1179.5,36.9:1184.7,38.0:1191.0,45.8:0.0,46.8:0.0,47.9:0.0,48.9:0.0,50.0:0.0,44.6:0.0,45.6:940.5,46.6:943.5,47.7:948.2,55.2:0.0,49.8:949.2,50.8:949.7,51.8:953.5,52.8:958.5,53.9:966.5,54.9:972.7,62.5:0.0,63.5:0.0,58.0:0.0,59.0:1015.7,60.0:1025.2,67.7:0.0,68.7:0.0,69.7:0.0,70.8:0.0,71.8:0.0,72.9:0.0,73.9:0.0,75.0:0.0,76.0:0.0,77.0:0.0,78.1:0.0,79.1:0.0,80.2:0.0,81.2:0.0,82.2:0.0,83.3:0.0,84.3:0.0,85.4:0.0,86.4:0.0,87.4:0.0,88.5:0.0,89.5:0.0,90.5:0.0,91.5:0.0,92.5:0.0,86.9:0.0,94.6:0.0,95.7:0.0,96.7:0.0,91.1:0.0,92.1:1034.7,93.2:1026.2,94.3:1016.2,95.3:1008.0,96.4:1000.0,97.5:991.5,98.4:985.5,99.5:981.7,100.5:976.7,101.6:972.2,102.7:968.0,103.7:964.7,104.7:962.2,105.8:958.5,106.8:955.2,107.8:953.7,108.8:953.0,109.9:951.2,111.0:949.2,112.0:947.5,113.1:945.7,114.0:943.5,115.1:942.5,116.1:942.2,117.2:942.7,118.2:943.5,119.2:944.0,120.3:945.7,121.3:949.5,122.3:950.5,123.3:950.7,124.4:955.5,125.4:958.2,126.5:959.7,127.4:962.0,128.5:965.5,129.5:969.7,130.6:973.7,131.7:977.7,132.7:983.0,133.7:990.7,134.7:997.0,135.7:1001.0,136.8:1006.7,137.7:1013.5,138.8:1021.5,139.9:1028.0,140.9:1035.5,148.5:0.0,149.6:0.0,150.6:0.0,151.6:0.0,146.0:0.0,147.0:1093.5,154.7:0.0,155.8:0.0,156.8:0.0,157.9:0.0,158.9:0.0,159.9:0.0,161.0:0.0,162.1:0.0,163.2:0.0,164.2:0.0,165.2:0.0,166.3:0.0,167.3:0.0,168.4:0.0,169.4:0.0,170.5:0.0,171.5:0.0,172.5:0.0,173.6:0.0,168.0:1094.2,175.7:0.0,176.7:0.0,171.2:0.0,172.2:1035.0,173.3:1023.5,174.4:1012.7,181.9:0.0,183.0:0.0,177.5:0.0,178.5:965.0,179.7:955.5,180.7:946.2,181.7:940.0,182.8:935.2,183.7:930.0,184.9:925.5,185.8:925.2,193.3:0.0,194.4:0.0,195.4:0.0,196.5:0.0,197.5:0.0,198.5:0.0,199.6:0.0,200.6:0.0,194.7:0.0,195.8:1346.7,196.8:1345.2,204.8:0.0,198.9:1325.2,200.0:1304.5,201.0:1303.2,202.1:1300.5,203.1:1299.2,204.2:1299.7,205.2:1298.2,206.2:1298.2,207.3:1298.0,208.4:1297.2,209.3:1298.5,210.4:1298.7,211.5:1299.5,212.5:1302.7,213.5:1306.2,214.5:1308.2,215.6:1310.2,223.5:0.0,217.7:1313.7,225.6:0.0,219.7:1324.2,220.8:1334.5,221.8:1339.5,222.9:1344.2,223.9:1351.0,225.0:1362.7,226.0:1371.2,227.0:1374.0,228.1:1381.7,229.1:1392.0,230.2:1401.7,238.1:0.0,239.2:0.0,240.2:0.0,241.3:0.0,242.3:0.0,243.4:0.0,237.3:0.0,238.4:1524.0,246.5:0.0,247.5:0.0,248.6:0.0,249.6:0.0,250.6:0.0,244.6:0.0,252.7:0.0,253.8:0.0,254.8:0.0,255.9:0.0,256.9:0.0,257.9:0.0,259.0:0.0,260.0:0.0,254.2:0.0,255.2:1347.2,263.1:0.0,257.3:1333.7,258.4:1317.5,259.4:1319.5,260.4:1319.0,261.4:1319.7,262.5:1326.5,263.5:1329.5,264.6:1332.2,265.6:1335.5,266.7:1336.0,267.7:1339.5,268.7:1343.7,269.8:1346.7,270.8:1347.7,271.8:1353.2,272.9:1363.7,273.9:1370.2,274.9:1375.2,275.8:1382.5,276.9:1391.2,277.9:1409.7,285.9:0.0,287.0:0.0,288.0:0.0,289.0:0.0,283.0:1430.7,284.1:1438.0,285.2:1436.5,286.2:1431.0,287.2:1424.5,288.3:1418.0,289.4:1411.0,290.4:1405.5,291.4:1402.5,292.4:1401.0,293.5:1400.2,294.5:1398.2,295.6:1398.0,296.6:1398.2,297.6:1398.5,298.7:1397.0,299.7:1397.2,300.8:1398.0,301.8:1396.7,302.8:1398.0,303.9:1398.7,305.0:1397.0,306.0:1398.2,307.0:1401.0,308.0:1404.2,309.1:1409.5,310.1:1415.7,311.2:1423.0,312.2:1428.2,313.2:1433.0,314.3:1439.7,322.3:0.0,323.3:0.0,324.4:0.0,325.4:0.0,326.4:0.0,327.5:0.0,328.5:0.0,329.6:0.0,330.7:0.0,331.7:0.0,326.2:0.0,327.3:965.7,328.4:965.5,329.3:967.0,336.9:0.0,338.0:0.0,339.0:0.0,333.5:0.0,334.5:1022.7,342.1:0.0,343.2:0.0,344.2:0.0,345.2:0.0,346.3:0.0,347.3:0.0,348.4:0.0,349.4:0.0,350.5:0.0,351.5:0.0,352.5:0.0,353.6:0.0,354.7:0.0,355.7:0.0,356.7:0.0,350.9:0.0,
353.2:967.5,354.2:955.5,355.2:944.0,356.3:934.5,357.4:925.5,358.5:916.2,359.4:907.7,0.5:898.5,1.6:890.0,2.7:883.0,3.7:876.5,4.7:870.2,5.7:862.7,6.9:857.7,7.9:853.2,8.9:848.2,10.0:845.2,11.1:840.5,12.1:835.5,13.2:832.5,14.3:828.5,15.3:824.2,16.4:821.5,17.2:825.0,18.3:835.7,19.4:840.0,20.4:829.2,21.6:817.5,22.5:814.0,23.7:814.2,24.7:813.7,25.7:813.0,26.7:814.0,27.8:814.2,28.8:814.0,29.9:815.5,30.9:817.2,31.9:818.2,32.9:818.2,34.1:819.5,35.0:823.7,36.1:826.2,37.1:829.2,38.1:834.0,39.3:837.5,40.2:841.5,41.2:844.7,42.3:848.5,43.4:854.2,44.4:858.2,45.4:862.2,46.5:868.2,47.5:875.0,48.5:882.2,49.4:889.0,50.6:895.0,51.6:902.5,52.6:911.7,53.5:924.5,61.1:0.0,62.1:0.0,63.2:0.0,64.2:0.0,65.2:0.0,66.2:0.0,67.3:0.0,68.3:0.0,69.4:0.0,70.4:0.0,71.5:0.0,66.6:0.0,67.5:719.5,74.6:0.0,75.6:0.0,76.7:0.0,77.7:0.0,72.6:0.0,79.8:0.0,80.8:0.0,81.8:0.0,82.9:0.0,83.9:0.0,85.0:0.0,86.0:0.0,87.0:0.0,88.1:0.0,89.1:0.0,90.1:0.0,91.1:0.0,92.2:0.0,93.2:0.0,94.2:0.0,95.3:0.0,96.3:0.0,90.6:0.0,98.4:0.0,99.4:0.0,93.6:0.0,101.5:0.0,95.8:0.0,96.8:1188.7,97.8:1183.2,98.9:1174.5,99.9:1166.0,101.0:1161.2,102.0:1158.0,103.1:1153.7,104.1:1147.2,105.1:1142.0,106.2:1137.5,107.2:1135.7,108.2:1132.5,109.3:1129.0,110.3:1128.0,111.4:1124.0,112.4:1120.7,113.5:1120.0,114.5:1118.7,115.5:1121.0,116.5:1121.7,117.6:1116.5,118.7:1115.2,119.7:1117.2,120.7:1120.5,121.7:1122.0,122.7:1123.0,123.8:1126.0,124.8:1131.0,125.8:1139.5,126.9:1142.2,127.9:1142.5,128.9:1146.7,130.1:1150.0,131.1:1154.7,132.1:1160.0,133.2:1164.5,134.2:1170.5,135.2:1179.5,136.2:1188.7,144.1:0.0,145.1:0.0,146.2:0.0,147.2:0.0,148.2:0.0,149.3:0.0,150.3:0.0,151.3:0.0,152.4:0.0,153.4:0.0,154.5:0.0,155.5:0.0,156.5:0.0,157.6:0.0,158.6:0.0,159.7:0.0,160.7:0.0,161.7:0.0,162.8:0.0,163.8:0.0,164.9:0.0,165.9:0.0,167.0:0.0,168.0:0.0,169.0:0.0,170.1:0.0,164.0:0.0,172.1:0.0,173.2:0.0,174.2:0.0,175.3:0.0,169.2:0.0,177.3:0.0,178.4:0.0,179.4:0.0,180.5:0.0,181.5:0.0,182.5:0.0,176.6:0.0,184.6:0.0,185.7:0.0,186.8:0.0,187.8:0.0,188.9:0.0,183.0:0.0,190.9:0.0,192.0:0.0,193.0:0.0,194.1:0.0,195.1:0.0,196.2:0.0,197.2:0.0,191.0:0.0,192.1:1735.0,200.3:0.0,194.2:1708.7,195.3:1686.0,196.3:1684.5,197.4:1675.7,198.4:1668.7,199.4:1664.2,200.5:1657.0,201.5:1654.2,202.6:1651.5,203.7:1650.7,204.7:1649.5,205.7:1645.7,206.8:1647.2,207.8:1649.0,208.9:1648.2,209.9:1648.7,211.0:1648.5,212.0:1651.2,213.0:1654.0,214.0:1655.7,215.1:1663.0,216.1:1666.5,217.2:1671.7,218.2:1681.5,219.2:1685.7,220.3:1691.7,221.4:1700.2,222.4:1706.7,223.4:1715.7,224.5:1728.0,225.5:1737.5,226.5:1744.2,227.6:1754.5,228.6:1768.7,229.6:1783.7,230.7:1797.5,231.7:1810.0,240.0:0.0,241.0:0.0,242.0:0.0,243.1:0.0,244.1:0.0,245.2:0.0,246.2:0.0,240.2:0.0,248.3:0.0,249.3:0.0,250.4:0.0,251.4:0.0,245.5:0.0,246.5:1421.5,247.5:1418.7,248.6:1412.0,249.7:1408.5,250.7:1406.7,251.7:1404.2,252.7:1400.2,253.8:1399.0,254.8:1397.5,255.9:1396.0,257.0:1397.0,257.9:1398.5,259.0:1398.5,260.0:1397.7,261.1:1399.2,262.1:1398.7,263.1:1415.5,264.2:1436.5,272.2:0.0,273.2:0.0,267.3:1418.7,268.4:1391.7,269.4:1377.0,270.5:1362.0,271.5:1347.2,272.6:1334.0,273.7:1320.5,274.6:1309.2,275.7:1300.2,276.7:1291.5,277.8:1281.0,278.8:1271.0,279.8:1264.7,280.9:1257.7,282.0:1250.7,283.0:1246.7,284.0:1240.7,285.0:1232.7,286.2:1225.0,287.2:1218.0,288.2:1213.5,289.3:1208.2,290.3:1204.5,291.3:1202.2,292.3:1199.7,293.4:1196.5,294.5:1192.7,295.5:1191.0,296.6:1190.7,297.6:1189.0,298.7:1187.0,299.7:1187.7,300.7:1182.0,308.6:0.0,309.6:0.0,310.7:0.0,311.7:0.0,306.8:0.0,313.8:0.0,314.8:0.0,310.2:0.0,311.1:660.0,312.1:660.7,313.1:663.0,314.2:665.5,315.3:666.7,316.2:669.7,317.3:674.0,318.3:679.2,319.4:684.7,320.5:690.2,321.4:695.0,322.5:700.0,323.4:704.7,330.5:0.0,331.5:0.0,332.5:0.0,333.6:0.0,334.6:0.0,335.7:0.0,330.6:0.0,331.6:770.5,338.8:0.0,339.8:0.0,334.7:0.0,341.9:0.0,343.0:0.0,344.0:0.0,345.0:0.0,346.1:0.0,347.1:0.0,348.2:0.0,349.2:0.0,350.2:0.0,351.3:0.0,352.3:0.0,353.4:0.0,347.8:0.0,349.0:1021.5,350.0:1004.0,351.0:991.2,
353.5:656.5,354.6:647.7,355.7:639.7,356.7:632.7,358.0:626.7,359.0:621.7,359.9:615.7,1.1:610.5,2.0:605.5,3.3:599.5,4.2:594.7,5.4:590.7,6.3:587.0,7.3:583.2,8.4:579.2,9.5:576.5,10.7:573.7,11.6:571.0,12.8:568.2,13.7:565.7,14.9:564.5,15.8:562.5,16.9:560.5,17.8:559.2,19.0:558.0,20.1:555.7,21.0:553.5,22.2:553.5,23.1:553.7,24.2:553.5,25.2:554.7,26.3:559.5,27.3:568.0,33.8:0.0,29.3:574.0,30.4:569.7,31.4:563.5,32.5:562.5,33.5:562.7,34.6:563.0,35.6:564.5,36.7:566.2,37.8:568.5,38.7:570.7,39.8:572.2,40.8:574.7,41.8:577.2,42.8:580.7,43.9:584.7,44.8:587.2,45.9:591.2,47.0:596.0,48.0:601.5,49.0:606.7,50.1:610.0,51.1:615.2,52.1:621.5,53.2:627.2,54.0:633.0,55.2:638.5,56.2:644.2,57.1:652.5,58.2:660.5,59.1:668.2,60.2:676.2,61.2:683.7,62.2:693.0,63.2:702.7,64.3:712.7,65.1:723.7,66.3:734.7,67.3:744.7,68.3:757.2,69.3:771.7,70.2:786.5,77.5:0.0,78.5:0.0,79.5:0.0,80.6:0.0,81.6:0.0,76.6:0.0,83.7:0.0,84.7:0.0,85.8:0.0,86.8:0.0,87.9:0.0,88.9:0.0,90.0:0.0,90.9:0.0,86.1:0.0,87.2:680.0,88.3:674.0,89.2:670.7,90.4:666.5,97.2:0.0,98.2:0.0,93.1:0.0,94.2:730.2,101.3:0.0,102.3:0.0,103.4:0.0,104.4:0.0,105.5:0.0,106.5:0.0,107.5:0.0,108.6:0.0,109.6:0.0,110.6:0.0,111.7:0.0,105.8:0.0,106.9:1282.0,107.9:1263.0,109.0:1260.5,110.0:1260.5,111.0:1259.5,112.1:1253.7,113.1:1252.0,114.2:1252.2,115.2:1250.2,116.2:1250.7,117.2:1251.5,118.3:1250.7,119.3:1251.7,120.4:1253.2,121.4:1254.7,122.4:1259.2,123.4:1262.2,124.5:1263.7,125.5:1268.2,126.5:1270.2,127.6:1271.5,128.7:1275.2,129.7:1280.2,130.7:1284.7,138.7:0.0,139.7:0.0,140.8:0.0,141.8:0.0,142.8:0.0,143.9:0.0,138.0:0.0,139.1:1353.2,140.1:1363.7,141.1:1371.7,142.1:1382.7,150.1:0.0,151.2:0.0,152.2:0.0,153.2:0.0,154.3:0.0,155.3:0.0,156.3:0.0,157.4:0.0,158.4:0.0,159.5:0.0,160.5:0.0,161.5:0.0,162.7:0.0,163.7:0.0,164.7:0.0,165.8:0.0,166.8:0.0,167.9:0.0,168.9:0.0,170.0:0.0,171.0:0.0,172.0:0.0,173.1:0.0,174.1:0.0,175.2:0.0,176.2:0.0,177.2:0.0,178.3:0.0,179.3:0.0,173.2:0.0,181.4:0.0,182.5:0.0,176.4:0.0,177.4:1663.5,178.5:1646.2,179.5:1626.5,180.5:1615.0,181.6:1605.2,182.7:1600.2,190.8:0.0,191.8:0.0,192.9:0.0,193.9:0.0,194.9:0.0,196.0:0.0,189.7:0.0,190.8:2018.7,191.9:1992.7,192.9:1970.0,193.9:1966.2,195.0:1957.2,196.0:1948.0,197.1:1942.0,198.1:1932.5,199.1:1927.2,200.2:1927.0,201.2:1925.0,202.3:1923.2,203.3:1921.0,204.4:1918.2,205.4:1916.7,206.4:1914.7,207.5:1917.2,208.5:1918.7,209.5:1921.0,210.6:1923.2,211.7:1922.0,212.7:1923.0,213.7:1927.5,214.8:1928.5,215.8:1933.7,216.9:1941.7,217.9:1947.5,218.9:1955.7,220.0:1965.2,221.0:1972.7,222.1:1977.2,223.1:1988.7,224.1:2001.5,225.1:2014.5,226.2:2025.2,227.3:2036.5,228.3:2047.2,229.3:2058.2,230.5:0.0,231.6:1647.0,232.7:1618.7,233.7:1590.0,234.7:1579.0,235.8:1569.2,236.8:1557.0,237.9:1548.2,239.0:1541.5,240.0:1532.7,241.1:1523.5,242.1:1514.7,243.2:1507.0,244.2:1498.7,245.2:1494.2,246.3:1488.5,247.3:1483.2,248.3:1479.2,249.5:1472.7,250.4:1472.2,251.4:1486.5,252.4:1494.7,253.5:1489.7,261.6:0.0,255.7:0.0,256.7:1425.2,257.7:1399.5,258.8:1373.7,259.8:1352.5,260.9:1331.7,261.9:1314.0,263.0:1295.0,264.1:1278.7,265.2:1265.2,266.1:1251.7,267.2:1235.7,268.2:1218.7,269.3:1206.7,270.4:1194.5,271.5:1181.0,272.5:1170.5,273.6:1161.0,274.7:1150.2,275.6:1139.2,276.6:1131.0,277.7:1124.0,278.7:1117.5,279.8:1111.0,280.7:1103.2,281.8:1102.0,289.5:0.0,290.6:0.0,286.6:0.0,287.7:507.7,288.6:504.0,289.6:502.7,290.6:502.2,291.6:501.0,292.6:500.0,293.7:499.2,295.0:499.0,295.8:500.0,296.8:500.7,297.9:499.5,299.1:498.7,300.0:500.0,301.0:500.5,302.1:501.2,303.1:502.0,304.2:503.2,305.0:505.0,306.2:507.7,307.4:509.5,308.2:510.2,309.4:512.2,310.3:516.2,311.2:520.0,312.5:521.5,313.5:523.2,314.4:527.2,315.4:530.2,316.4:533.7,317.5:538.2,318.5:542.2,319.5:545.7,320.4:550.0,321.7:553.5,322.6:557.5,329.0:0.0,324.6:565.7,325.7:574.2,332.2:0.0,333.2:0.0,328.6:0.0,329.6:600.5,330.7:606.7,337.4:0.0,338.4:0.0,339.5:0.0,340.5:0.0,341.5:0.0,342.6:0.0,343.6:0.0,344.7:0.0,345.7:0.0,346.7:0.0,347.8:0.0,348.8:0.0,343.9:0.0,345.0:733.2,346.0:722.0,347.0:710.2,348.0:699.5,349.3:690.0,350.3:680.7,351.3:671.5,352.5:663.0,
354.9:445.5,356.1:440.0,356.8:435.0,358.2:430.5,359.1:426.0,0.2:421.7,1.5:418.2,2.2:415.0,3.4:411.5,4.4:408.5,5.8:405.7,6.7:402.5,7.9:399.5,8.8:397.5,9.9:395.2,11.1:393.0,11.9:391.5,12.8:389.7,13.9:388.2,15.4:387.0,16.2:384.7,17.4:383.0,18.5:382.7,19.2:382.2,20.4:381.5,21.4:380.7,22.7:380.0,23.5:380.2,24.4:380.0,25.5:379.7,26.9:379.7,27.7:379.5,29.1:379.5,30.0:380.0,30.7:381.2,32.2:382.2,32.8:382.7,34.0:383.5,35.1:384.2,36.1:385.5,37.1:387.0,38.2:389.2,39.0:393.0,40.1:398.7,45.4:0.0,46.5:0.0,43.0:0.0,44.3:419.0,45.1:414.5,46.0:412.5,47.3:412.5,48.2:413.7,49.4:416.0,50.3:419.5,51.1:423.2,52.2:426.5,53.4:430.2,54.5:433.7,55.3:438.0,56.3:443.7,57.5:449.2,58.3:453.7,59.4:458.7,60.4:464.2,61.5:469.2,62.3:476.0,63.2:483.2,64.1:490.0,65.3:497.5,66.3:504.5,67.2:512.0,68.1:520.7,69.2:529.2,70.4:537.0,71.3:546.0,72.2:556.7,73.3:567.5,74.1:579.0,75.3:589.7,76.3:602.0,77.1:616.0,78.2:630.0,79.2:643.7,80.0:659.7,81.0:676.5,82.1:693.0,83.2:711.7,84.1:732.7,91.1:0.0,85.9:0.0,87.0:782.2,88.1:773.2,89.1:766.2,96.3:0.0,91.2:759.5,92.3:750.5,93.4:742.2,94.3:737.2,95.4:733.7,96.5:727.5,97.6:721.0,98.5:717.7,99.6:715.0,100.7:710.5,101.7:706.5,102.7:703.2,103.7:700.0,104.8:699.7,105.9:699.5,112.8:0.0,113.9:0.0,108.8:0.0,116.0:0.0,117.0:0.0,118.0:0.0,119.1:0.0,120.1:0.0,121.2:0.0,115.2:0.0,116.3:1342.7,117.3:1342.0,118.4:1341.0,119.4:1340.7,120.4:1342.7,121.5:1347.5,122.6:1351.5,123.5:1351.0,124.6:1352.5,125.6:1356.7,126.7:1358.7,127.7:1366.5,128.7:1372.7,129.7:1376.5,130.8:1380.0,131.9:1386.2,132.9:1393.7,134.0:1397.5,134.9:1404.7,143.0:0.0,144.0:0.0,145.1:0.0,146.1:0.0,147.1:0.0,148.2:0.0,149.2:0.0,143.2:0.0,144.2:1524.5,145.3:1540.5,146.3:1548.5,154.4:0.0,155.4:0.0,156.5:0.0,150.4:0.0,158.6:0.0,159.6:0.0,160.6:0.0,161.7:0.0,162.8:0.0,163.8:0.0,164.9:0.0,165.9:0.0,166.9:0.0,168.0:0.0,169.0:0.0,170.1:0.0,171.1:0.0,172.1:0.0,173.2:0.0,174.2:0.0,175.2:0.0,176.3:0.0,177.3:0.0,178.4:0.0,179.4:0.0,180.5:0.0,181.5:0.0,175.3:0.0,183.6:0.0,184.6:0.0,185.7:0.0,179.5:0.0,180.6:1815.0,181.6:1801.5,182.7:1793.5,190.9:0.0,191.9:0.0,192.9:0.0,194.0:0.0,195.0:0.0,188.7:0.0,189.8:2205.0,190.8:2178.0,191.9:2146.2,192.9:2140.2,194.0:2135.2,195.0:2128.0,196.0:2116.5,197.1:2109.0,198.1:2105.2,199.1:2099.2,200.2:2089.7,201.2:2082.2,202.3:2080.7,203.4:2083.0,204.4:2082.2,205.5:2080.7,206.5:2083.2,207.6:2081.7,208.6:2081.0,209.6:2080.5,210.7:2081.5,211.7:2083.2,212.7:2084.2,213.8:2092.0,214.9:2097.5,215.9:2099.7,216.9:2107.0,218.0:2116.7,219.0:2125.5,220.1:2136.0,221.1:2143.7,222.1:2151.2,223.2:2162.0,224.2:2175.5,232.6:0.0,226.5:0.0,234.6:0.0,228.5:0.0,229.6:1692.7,230.6:1672.7,231.7:1657.5,232.7:1646.5,233.8:1630.5,234.9:1616.2,235.9:1606.5,237.0:1593.2,238.0:1583.7,239.0:1578.0,240.1:1573.2,241.1:1565.0,242.2:1552.0,243.2:1540.2,251.3:0.0,245.3:1544.2,246.3:1553.0,247.4:1558.7,248.5:0.0,249.5:1479.0,250.6:1443.7,251.6:1412.5,252.7:1383.2,253.7:1356.2,254.8:1331.5,255.8:1307.5,256.9:1286.0,258.0:1267.2,259.0:1247.2,260.1:1225.0,261.1:1207.2,268.9:0.0,270.0:0.0,271.0:0.0,272.0:0.0,273.1:0.0,274.1:0.0,275.2:0.0,271.5:0.0,272.8:445.2,273.7:442.5,274.8:440.2,275.7:435.7,276.9:433.0,277.8:431.2,278.9:428.7,280.1:426.2,281.0:423.2,281.9:420.5,283.1:418.2,284.3:417.2,285.2:416.5,286.3:415.5,287.1:415.5,288.2:414.7,289.3:413.5,290.4:412.2,291.4:410.7,292.5:409.7,293.6:410.5,294.4:410.2,295.4:410.2,296.6:411.0,297.6:410.7,298.6:410.7,299.7:411.2,300.6:412.5,302.0:413.7,302.8:414.0,304.1:414.2,305.0:414.7,305.9:416.5,307.1:418.5,308.0:420.5,309.1:421.2,310.1:423.0,311.0:426.0,312.0:427.7,313.2:429.7,314.0:433.5,315.2:435.5,316.4:437.5,317.4:440.2,318.3:443.0,319.2:446.2,320.4:450.2,321.1:455.2,327.1:0.0,323.3:461.2,324.5:467.7,325.2:472.0,326.3:476.2,327.4:482.0,333.3:0.0,334.4:0.0,335.4:0.0,336.4:0.0,337.5:0.0,338.5:0.0,339.6:0.0,340.6:0.0,341.6:0.0,342.7:0.0,343.7:0.0,339.5:0.0,340.5:546.7,341.5:536.2,342.7:526.7,343.7:518.0,344.9:509.0,346.1:500.2,347.1:491.7,348.0:484.0,349.3:476.7,350.2:469.2,351.5:463.0,352.4:457.5,353.8:452.2,
352.6:787.7,353.6:798.2,354.6:809.5,355.6:822.2,2.9:0.0,3.9:0.0,5.0:0.0,6.0:0.0,7.0:0.0,8.1:0.0,9.1:0.0,10.2:0.0,11.2:0.0,12.3:0.0,13.3:0.0,14.3:0.0,15.4:0.0,16.4:0.0,17.5:0.0,12.7:0.0,13.7:678.7,20.6:0.0,21.6:0.0,22.7:0.0,23.7:0.0,18.8:0.0,25.8:0.0,26.9:0.0,27.9:0.0,28.9:0.0,30.0:0.0,31.0:0.0,32.1:0.0,33.1:0.0,34.2:0.0,35.2:0.0,36.2:0.0,37.3:0.0,38.3:0.0,32.5:0.0,33.6:1281.7,41.5:0.0,35.6:0.0,36.7:1237.7,44.5:0.0,38.8:1232.7,39.9:1225.2,40.9:1219.0,41.9:1216.2,42.9:1215.0,44.0:1213.0,45.0:1211.2,46.1:1210.7,47.2:1211.5,48.2:1209.0,49.2:1210.0,50.2:1211.2,51.3:1213.0,52.3:1216.0,53.4:1214.5,54.5:1214.7,55.5:1218.5,56.4:1219.2,57.5:1218.2,65.4:0.0,66.4:0.0,60.6:1227.0,61.7:1237.7,69.5:0.0,63.7:1249.5,64.8:1260.0,65.8:1264.7,66.9:1272.7,67.9:1281.2,68.9:1289.5,69.9:1298.0,77.8:0.0,78.9:0.0,79.9:0.0,81.0:0.0,82.0:0.0,83.0:0.0,84.1:0.0,85.1:0.0,86.2:0.0,87.2:0.0,88.2:0.0,89.3:0.0,90.2:0.0,91.3:0.0,92.3:0.0,93.4:0.0,94.4:0.0,95.4:0.0,96.5:0.0,90.4:0.0,98.5:0.0,99.6:0.0,100.6:0.0,101.7:0.0,102.7:0.0,96.5:0.0,104.8:0.0,105.8:0.0,106.8:0.0,107.9:0.0,108.9:0.0,110.0:0.0,103.8:0.0,104.9:1645.2,106.0:1627.5,114.1:0.0,108.1:1596.5,109.1:1566.7,110.1:1553.7,111.2:1544.7,112.2:1536.0,113.2:1526.2,114.3:1513.0,115.3:1509.5,123.4:0.0,124.4:0.0,125.5:0.0,126.5:0.0,127.6:0.0,128.6:0.0,122.4:0.0,123.4:1916.0,124.5:1892.5,125.5:1869.0,126.5:1863.0,127.6:1859.0,128.6:1854.7,129.7:1848.5,130.7:1841.5,131.8:1836.0,132.8:1833.5,133.9:1831.7,134.9:1829.0,135.9:1825.7,137.0:1828.2,138.1:1827.0,139.1:1824.7,140.1:1826.2,141.2:1826.7,142.2:1827.0,143.2:1829.0,144.3:1834.0,145.3:1835.2,146.3:1838.0,147.3:1843.2,148.4:1847.0,149.4:1853.5,150.5:1861.5,151.5:1865.0,152.6:1868.7,153.5:1879.7,154.6:1891.2,155.7:1899.7,156.8:1912.0,157.8:1927.5,158.8:1943.0,159.9:1955.0,160.9:1972.7,161.9:1991.7,163.0:2003.0,164.0:2013.7,165.2:0.0,166.3:1589.5,167.4:1562.0,168.4:1538.7,169.5:1532.2,170.5:1523.0,171.6:1511.7,172.6:1505.2,173.7:1496.5,174.7:1485.2,175.8:1479.0,176.8:1475.0,177.8:1470.7,178.9:1465.7,186.9:0.0,187.9:0.0,189.0:0.0,190.0:0.0,184.0:1452.5,185.1:1440.5,193.2:0.0,194.2:0.0,188.2:1450.0,196.3:0.0,197.3:0.0,191.4:0.0,192.5:1400.5,193.5:1378.0,194.5:1357.7,195.6:1339.7,196.7:1321.7,197.7:1306.2,198.8:1291.7,199.8:1277.2,200.8:1264.5,201.9:1251.5,203.0:1239.0,204.1:1225.5,205.1:1214.0,206.2:1203.7,207.2:1193.2,208.3:1184.5,209.3:1174.5,210.4:1164.7,211.4:1157.5,212.5:1150.2,213.6:1142.0,214.6:1135.5,215.6:1131.0,216.7:1126.0,217.7:1121.5,218.8:1117.2,219.8:1112.5,220.8:1109.0,221.9:1105.5,229.6:0.0,230.7:0.0,231.7:0.0,227.5:0.0,228.4:542.7,229.5:542.7,230.7:542.0,231.7:540.7,232.8:541.0,233.7:541.5,234.9:542.7,235.9:543.7,236.9:544.2,237.9:546.7,238.8:548.7,240.0:550.2,241.0:553.5,242.1:555.2,242.9:558.0,244.1:560.7,245.0:562.7,246.0:565.0,247.0:567.7,248.1:572.0,249.2:576.7,250.2:581.7,251.2:586.5,252.4:589.7,253.3:592.5,254.3:598.7,255.3:606.2,256.3:610.2,257.3:613.5,258.2:620.5,259.2:629.7,260.2:640.0,267.1:0.0,268.1:0.0,269.2:0.0,270.2:0.0,271.3:0.0,272.3:0.0,273.3:0.0,274.4:0.0,275.4:0.0,276.5:0.0,277.5:0.0,278.5:0.0,279.6:0.0,280.6:0.0,281.7:0.0,282.6:0.0,277.5:0.0,278.5:824.5,279.5:812.2,280.6:801.0,281.6:790.2,282.7:780.7,283.7:771.2,284.8:761.0,285.8:752.0,286.9:744.2,287.9:737.2,289.0:729.2,290.1:721.0,291.2:714.5,292.2:708.5,293.3:702.0,294.4:696.0,295.5:689.7,296.5:684.5,297.5:680.5,298.6:676.7,299.6:672.0,300.7:668.7,301.8:665.7,302.8:661.7,303.8:659.0,304.9:655.0,305.9:652.5,306.9:651.5,308.0:648.7,309.1:645.5,310.1:644.5,311.3:643.7,312.2:642.2,313.2:642.2,314.2:644.0,315.2:650.5,322.1:0.0,317.3:658.2,318.3:655.0,319.4:646.5,320.5:643.5,321.5:643.7,322.7:645.5,323.7:647.7,324.8:648.7,325.9:649.7,326.8:652.2,327.9:655.2,328.8:657.7,329.9:660.0,330.8:662.7,332.0:665.5,333.0:668.2,333.9:672.0,335.1:676.2,336.1:679.5,337.0:683.2,338.2:689.2,339.2:695.2,340.2:700.5,341.1:705.5,342.2:710.7,343.2:716.5,344.4:723.0,345.3:731.0,346.3:739.0,347.4:745.7,348.3:753.5,349.5:761.5,350.4:771.0,351.3:780.0,
353.3:624.2,354.4:633.2,1.1:0.0,2.2:0.0,3.2:0.0,4.2:0.0,5.3:0.0,6.3:0.0,7.4:0.0,8.4:0.0,9.5:0.0,10.5:0.0,11.5:0.0,12.6:0.0,13.6:0.0,14.7:0.0,15.7:0.0,16.7:0.0,17.8:0.0,18.9:0.0,14.8:0.0,15.9:502.7,16.9:497.5,18.0:494.2,19.2:494.7,19.9:495.2,26.2:0.0,27.2:0.0,28.2:0.0,29.3:0.0,25.0:0.0,31.4:0.0,32.4:0.0,33.5:0.0,34.5:0.0,35.5:0.0,36.6:0.0,37.6:0.0,38.7:0.0,39.7:0.0,40.8:0.0,41.8:0.0,42.8:0.0,43.9:0.0,38.2:0.0,39.2:1129.2,40.4:0.0,41.4:1092.2,42.4:1090.5,43.4:1088.5,44.5:1086.0,45.6:1082.7,46.6:1082.7,47.6:1084.0,48.7:1082.5,49.7:1081.5,50.8:1083.7,51.8:1087.5,52.8:1089.5,53.9:1090.2,54.9:1090.7,55.9:1092.2,57.0:1095.5,58.0:1098.2,59.1:1101.0,60.1:1105.0,61.1:1109.5,62.2:1113.7,63.2:1120.0,64.2:1124.0,72.0:0.0,73.0:0.0,67.3:1134.5,75.1:0.0,69.3:1152.7,70.4:1167.0,71.4:1174.5,72.5:1182.5,80.3:0.0,81.3:0.0,82.3:0.0,83.4:0.0,84.4:0.0,85.5:0.0,86.5:0.0,87.5:0.0,88.6:0.0,89.6:0.0,90.6:0.0,91.6:0.0,92.7:0.0,93.7:0.0,94.7:0.0,95.8:0.0,96.8:0.0,97.9:0.0,98.9:0.0,99.9:0.0,101.0:0.0,102.0:0.0,103.0:0.0,104.1:0.0,105.1:0.0,106.2:0.0,107.2:0.0,108.2:0.0,109.3:0.0,110.3:0.0,111.3:0.0,112.4:0.0,113.4:0.0,114.5:0.0,108.3:0.0,109.4:1738.7,117.6:0.0,118.6:0.0,112.5:0.0,113.6:1666.0,114.6:1653.5,115.6:1640.7,116.7:1625.2,117.7:1615.0,118.7:1608.7,119.8:1599.5,120.9:1594.0,129.0:0.0,130.0:0.0,131.1:0.0,132.1:0.0,125.8:0.0,126.9:2039.5,127.9:2023.5,129.0:2001.7,130.0:1994.2,131.1:1988.5,132.2:1985.5,133.2:1983.0,134.2:1977.2,135.3:1973.2,136.3:1972.7,137.3:1975.2,138.4:1977.7,139.4:1976.5,140.5:1976.2,141.5:1977.2,142.5:1976.5,143.6:1980.0,144.6:1983.5,145.6:1987.5,146.7:1991.5,147.7:1994.5,148.8:2005.2,149.8:2010.2,150.8:2012.2,151.9:2025.7,152.9:2033.2,154.0:2038.5,155.0:2050.7,156.0:2063.2,157.1:2070.0,158.1:2076.0,166.5:0.0,160.2:2101.0,161.2:2128.0,162.3:2142.5,170.6:0.0,171.7:0.0,172.7:0.0,166.6:0.0,167.6:1781.7,168.7:1757.0,169.7:1735.7,170.8:1721.7,171.8:1703.0,172.8:1694.7,173.9:1687.2,175.0:1675.5,176.0:1670.5,177.0:1666.0,178.1:1657.2,179.1:1649.7,180.2:1645.2,181.2:1645.0,182.2:1640.7,183.3:1635.7,184.4:1634.2,192.5:0.0,186.4:1645.5,187.5:1653.7,195.6:0.0,189.5:1630.0,190.7:1598.0,191.7:1572.7,192.8:1546.2,193.8:1526.5,194.9:1508.2,195.9:1484.2,196.9:1463.2,198.0:1448.2,199.0:1434.0,200.2:1415.2,201.2:1397.2,202.2:1382.7,203.3:1370.5,204.4:1356.5,205.5:1340.7,206.5:1330.0,207.6:1318.5,208.6:1307.5,209.7:1299.0,210.7:1291.2,211.8:1284.7,219.7:0.0,220.7:0.0,216.0:0.0,216.9:682.0,218.1:679.2,219.1:676.7,220.0:674.5,221.2:673.0,222.3:671.7,223.1:671.5,224.2:671.2,225.3:670.2,226.3:670.0,227.3:669.2,228.4:669.5,229.4:669.0,230.6:669.2,231.5:670.5,232.6:671.5,233.5:673.2,234.6:674.5,235.7:676.0,236.7:677.0,237.8:678.2,238.8:681.0,239.7:683.5,240.9:685.5,241.9:689.5,243.0:693.5,243.9:695.2,244.9:698.7,246.0:702.7,246.9:708.2,248.0:716.2,249.1:721.2,250.1:723.7,251.1:730.5,252.2:736.7,253.2:740.7,254.1:747.0,261.3:0.0,256.2:758.0,257.3:767.7,258.3:775.5,265.4:0.0,266.5:0.0,267.5:0.0,262.4:0.0,269.6:0.0,264.5:820.0,265.5:809.0,266.6:789.5,267.7:772.2,268.7:755.2,269.8:739.0,270.9:725.0,271.9:710.2,273.0:695.5,274.1:683.0,275.3:671.5,276.2:660.5,277.4:649.7,278.4:639.5,279.5:630.7,280.4:621.7,281.7:613.0,282.7:605.0,283.7:597.2,284.9:589.5,286.0:582.0,287.0:575.0,288.0:569.7,289.2:565.2,290.1:559.7,291.2:553.7,292.3:548.2,293.2:543.5,294.3:540.2,295.6:536.2,296.5:532.0,297.5:528.2,298.5:526.2,299.5:527.2,300.6:531.0,307.0:0.0,308.0:0.0,303.8:527.2,305.0:517.7,306.1:511.7,307.1:508.0,308.3:505.2,309.2:504.0,310.3:502.7,311.4:501.2,312.4:501.2,313.2:500.7,314.5:500.2,315.5:499.7,316.4:500.0,317.4:500.0,318.7:499.7,319.5:500.0,320.6:499.7,321.6:501.2,322.8:503.0,323.7:504.0,324.7:505.0,325.8:506.5,326.8:507.5,328.0:509.0,328.9:511.2,329.9:513.5,330.9:515.5,332.1:517.0,333.1:519.7,333.9:523.5,335.0:527.0,336.1:529.5,337.2:532.0,338.1:536.2,339.1:540.2,340.1:543.5,341.1:547.0,342.3:552.2,343.3:558.0,344.3:563.0,345.3:567.5,346.3:572.7,347.3:578.2,348.2:584.2,349.4:590.2,350.5:598.0,351.3:605.0,352.4:612.0,
359.0:0.0,0.0:0.0,1.0:0.0,2.1:0.0,3.1:0.0,4.2:0.0,5.2:0.0,6.2:0.0,7.3:0.0,8.3:0.0,9.4:0.0,10.4:0.0,11.4:0.0,12.5:0.0,13.5:0.0,14.6:0.0,15.6:0.0,16.6:0.0,17.7:0.0,18.7:0.0,19.8:0.0,20.8:0.0,18.0:0.0,19.5:333.2,20.8:330.0,21.9:327.5,22.7:324.5,23.9:322.2,24.6:320.2,26.2:318.0,27.1:316.7,27.9:315.2,28.8:313.7,30.0:312.5,31.3:313.5,31.8:315.2,36.4:0.0,37.5:0.0,38.5:0.0,39.6:0.0,36.5:0.0,37.5:383.5,38.7:384.7,43.7:0.0,44.8:0.0,45.8:0.0,46.8:0.0,47.9:0.0,48.9:0.0,50.0:0.0,51.0:0.0,45.5:0.0,53.1:0.0,47.6:975.7,48.7:960.5,49.7:960.0,50.8:961.7,51.8:962.5,52.9:963.7,53.9:963.7,55.0:965.0,55.9:968.0,57.0:970.0,58.0:972.2,59.1:974.0,60.0:980.0,61.2:985.2,62.1:989.5,63.2:993.7,64.3:995.7,65.2:1003.0,66.2:1010.5,67.2:1014.7,68.3:1018.5,69.3:1024.7,70.4:1033.0,71.4:1040.0,72.4:1046.0,80.1:0.0,81.2:0.0,75.6:1061.2,83.2:0.0,77.6:1085.5,85.3:0.0,86.3:0.0,87.4:0.0,88.4:0.0,89.5:0.0,90.5:0.0,91.5:0.0,92.5:0.0,93.6:0.0,94.6:0.0,95.6:0.0,96.7:0.0,97.7:0.0,98.7:0.0,99.8:0.0,100.8:0.0,101.9:0.0,102.9:0.0,103.9:0.0,105.0:0.0,106.0:0.0,107.0:0.0,108.1:0.0,109.1:0.0,110.2:0.0,111.2:0.0,112.2:0.0,106.0:0.0,114.3:0.0,115.3:0.0,109.1:1897.0,110.1:1891.0,111.2:1871.2,112.2:1854.2,113.3:1839.0,114.3:1819.7,115.4:1805.2,116.4:1791.2,117.5:1777.5,118.5:1764.2,119.5:1754.5,120.6:1747.5,121.6:1738.2,122.7:1727.7,123.7:1716.5,124.8:1709.5,125.8:1708.5,134.0:0.0,135.0:0.0,136.0:0.0,129.8:0.0,130.9:2161.0,131.9:2140.0,133.0:2122.5,134.0:2119.7,135.0:2115.5,136.0:2116.5,137.1:2118.2,138.2:2115.7,139.2:2114.5,140.2:2114.7,141.3:2119.7,142.3:2124.0,143.4:2121.5,144.4:2124.5,145.4:2132.2,146.5:2142.5,147.5:2147.2,148.5:2147.7,149.6:2156.2,150.6:2163.7,159.0:0.0,160.0:0.0,153.7:2185.2,154.8:2213.0,155.9:2223.0,164.3:0.0,165.3:0.0,166.3:0.0,167.4:0.0,168.4:0.0,169.5:0.0,170.5:0.0,171.6:0.0,172.6:0.0,173.6:0.0,167.4:0.0,168.5:1981.5,169.5:1948.0,170.6:1914.5,171.6:1903.0,172.7:1893.2,173.7:1888.0,174.7:1878.2,175.8:1868.7,176.9:1863.5,177.9:1859.0,179.0:1852.5,180.0:1844.5,181.0:1839.0,182.0:1836.0,183.1:1831.0,184.1:1831.0,185.2:1842.7,186.2:1848.2,194.5:0.0,188.3:1820.0,189.4:1778.5,190.4:1750.2,191.5:1723.5,192.5:1695.0,193.6:1673.2,194.6:1653.2,195.7:1633.0,196.7:1612.2,197.8:1591.5,198.8:1573.2,199.9:1554.5,201.0:1536.5,202.0:1520.7,203.1:1504.5,204.2:1488.7,205.2:1473.2,213.2:0.0,214.3:0.0,209.1:0.0,210.1:832.7,211.3:828.0,212.2:824.0,213.3:821.0,214.3:818.2,215.5:815.2,216.5:812.5,217.5:809.2,218.5:806.0,219.7:803.5,220.6:801.7,221.7:801.2,222.7:800.2,223.7:799.7,224.7:798.5,225.8:797.5,226.9:797.2,228.0:797.2,229.0:798.5,230.0:798.7,231.1:799.5,232.1:800.7,233.1:801.7,234.2:803.7,235.3:806.5,236.2:808.0,237.2:810.0,238.4:815.2,239.4:819.2,240.3:821.0,241.4:823.5,242.4:826.0,243.5:833.0,244.5:839.2,245.6:842.0,246.6:847.2,247.6:852.5,248.6:859.0,249.6:865.5,250.8:862.7,251.8:0.0,252.9:0.0,254.0:0.0,255.1:0.0,256.2:0.0,257.3:0.0,258.4:675.2,259.6:0.0,260.7:635.7,261.7:618.7,262.9:0.0,263.9:584.7,265.2:572.2,266.1:558.5,267.4:545.2,268.4:533.2,269.6:522.0,270.8:512.0,271.8:502.0,273.0:492.2,274.1:483.2,275.1:474.5,276.2:466.5,277.2:461.5,278.2:459.7,279.0:459.5,280.0:461.2,281.0:465.7,282.3:0.0,283.5:430.0,284.9:420.5,285.8:413.5,286.7:409.2,287.7:405.0,289.1:401.0,289.9:397.2,290.9:393.5,292.1:390.0,293.2:386.5,294.3:383.7,295.7:381.2,296.6:378.2,297.6:375.5,298.6:373.5,299.5:371.5,300.9:369.0,301.6:367.0,302.9:365.7,304.2:364.0,304.9:362.7,306.3:361.5,307.3:360.5,308.5:359.2,309.0:358.5,310.2:358.2,311.6:357.0,312.6:356.5,313.5:355.7,314.4:355.7,315.6:355.5,316.8:355.2,317.9:355.2,318.6:355.5,319.5:356.0,320.9:356.5,321.5:356.7,322.6:357.5,323.7:358.2,324.9:359.2,325.7:360.5,326.8:361.5,328.0:363.2,329.2:365.0,329.9:366.2,330.8:367.5,332.2:369.0,332.9:371.2,333.9:374.0,335.2:375.7,335.9:378.0,337.1:380.2,338.2:382.2,338.9:385.2,340.1:388.7,341.1:392.0,342.2:394.5,343.2:398.0,344.0:402.0,345.2:405.2,346.3:409.2,347.3:414.0,348.1:418.5,348.9:423.2,350.3:427.7,351.3:433.2,356.9:0.0,357.9:0.0,
358.9:0.0,0.0:0.0,1.0:0.0,2.0:0.0,3.1:0.0,4.1:0.0,5.2:0.0,359.0:0.0,7.2:0.0,8.3:0.0,9.3:0.0,10.4:0.0,11.4:0.0,5.3:0.0,6.3:1652.5,7.4:1632.5,8.5:1614.2,9.5:1602.5,10.5:1588.5,11.6:1574.0,12.7:1562.0,13.7:1556.0,14.8:1554.0,22.9:0.0,24.0:0.0,25.0:0.0,26.0:0.0,27.1:0.0,20.8:0.0,21.9:1983.0,23.0:1962.0,24.0:1937.7,25.1:1932.7,26.1:1929.7,27.1:1927.7,28.2:1924.5,29.2:1915.7,30.3:1909.2,31.3:1902.5,32.3:1901.2,33.4:1903.0,34.4:1899.2,35.5:1898.2,36.5:1901.5,37.5:1902.7,38.6:1901.5,39.6:1903.2,40.7:1910.0,41.7:1916.2,42.7:1920.7,43.8:1925.2,44.9:1928.2,45.9:1931.2,46.9:1936.0,47.9:1942.0,49.0:1952.7,50.0:1963.2,51.1:1972.7,52.1:1981.0,53.2:1988.0,54.2:2002.5,55.2:2018.2,56.2:2030.0,57.3:2040.0,58.3:2053.7,59.2:2065.7,60.3:2077.5,68.6:0.0,69.7:0.0,63.5:0.0,64.6:1663.2,65.7:1634.2,66.7:1619.7,67.7:1611.0,68.8:1605.5,69.9:1596.2,70.9:1589.2,72.0:1583.0,72.9:1576.5,74.0:1572.5,75.1:1568.2,76.1:1562.2,77.1:1557.2,78.2:1554.7,79.2:1550.7,80.2:1545.7,81.3:1541.5,82.3:1540.5,83.4:1550.5,84.4:1561.7,85.4:1562.0,93.5:0.0,87.5:0.0,88.6:1496.0,89.7:1471.7,90.7:1450.5,91.8:1432.7,92.8:1414.0,93.8:1392.5,94.9:1374.0,96.0:1359.0,97.0:1342.5,98.1:1326.5,99.1:1312.7,100.2:1299.7,101.2:1287.7,102.2:1278.5,103.3:1269.0,104.4:1257.7,105.3:1248.7,106.4:1238.7,107.5:1228.2,108.5:1218.5,109.5:1211.0,110.6:1204.5,111.6:1198.0,112.6:1193.2,113.8:1187.7,121.5:0.0,122.6:0.0,117.9:0.0,119.1:610.7,120.1:609.2,121.1:606.5,122.2:605.5,123.3:605.5,124.3:604.7,125.3:604.2,126.4:603.2,127.4:603.0,128.4:603.2,129.5:604.7,130.4:606.0,131.4:606.7,132.6:608.7,133.6:610.7,134.5:612.0,135.7:615.2,136.7:617.7,137.6:619.7,138.9:621.7,139.9:622.2,140.8:625.2,141.7:629.2,142.9:633.5,143.8:638.5,144.9:642.2,146.0:646.5,147.0:652.0,147.9:656.0,149.0:660.2,150.1:664.5,151.0:670.0,152.1:678.5,159.0:0.0,154.2:689.2,155.0:700.7,156.1:706.7,163.2:0.0,164.2:0.0,165.3:0.0,166.3:0.0,167.4:0.0,168.4:0.0,169.5:0.0,170.5:0.0,171.5:0.0,172.6:0.0,167.4:0.0,168.4:813.7,169.5:797.5,170.6:782.7,171.7:769.5,172.8:757.7,173.8:745.5,175.0:732.2,176.0:721.0,177.1:710.7,178.2:700.0,179.2:689.7,180.2:680.7,181.4:673.0,182.4:664.5,183.4:655.7,184.6:648.0,185.6:641.0,186.7:635.2,187.7:630.5,188.7:625.5,189.9:619.5,191.0:613.0,192.1:608.7,193.0:604.2,194.0:599.7,195.2:595.5,196.3:591.2,197.3:588.2,198.5:585.0,199.5:583.0,200.5:581.0,201.6:578.0,202.5:575.2,203.5:574.2,204.8:575.2,205.7:579.7,206.7:590.0,207.8:592.0,208.8:580.5,209.8:571.5,210.9:568.0,211.9:566.2,212.9:565.7,214.1:565.5,215.0:565.5,216.2:566.0,217.3:566.0,218.2:566.2,219.3:567.5,220.2:568.5,221.3:570.0,222.4:571.7,223.5:573.0,224.5:574.7,225.4:577.2,226.6:579.7,227.7:581.2,228.6:583.7,229.5:587.0,230.6:589.7,231.6:592.5,232.8:595.5,233.8:599.7,234.8:604.7,235.7:609.2,236.7:613.5,237.9:618.0,238.9:623.5,239.9:628.7,240.7:634.0,241.9:639.2,242.8:645.5,244.0:653.5,244.9:660.5,245.8:668.0,246.9:676.0,248.0:682.2,249.0:690.5,250.0:700.7,251.0:710.2,251.9:720.5,259.0:0.0,260.1:0.0,261.1:0.0,262.2:0.0,263.2:0.0,264.2:0.0,265.3:0.0,266.3:0.0,267.4:0.0,268.4:0.0,269.4:0.0,270.5:0.0,271.5:0.0,272.6:0.0,268.1:0.0,269.2:601.7,270.0:597.7,271.2:591.7,272.2:586.0,273.2:583.2,279.8:0.0,280.9:0.0,281.9:0.0,277.0:0.0,278.2:643.5,279.2:640.5,286.0:0.0,287.0:0.0,288.0:0.0,289.1:0.0,290.1:0.0,291.2:0.0,292.2:0.0,293.2:0.0,294.3:0.0,295.3:0.0,296.3:0.0,297.4:0.0,298.4:0.0,292.7:0.0,300.5:0.0,294.8:1183.7,295.8:1164.0,296.8:1159.2,297.9:1158.5,298.9:1157.5,300.0:1154.5,301.1:1152.0,302.2:1151.5,303.2:1148.5,304.3:1146.7,305.3:1147.5,306.3:1147.5,307.3:1147.2,308.4:1148.2,309.4:1150.5,310.5:1153.5,311.5:1155.2,312.5:1155.5,313.6:1158.2,314.6:1163.2,315.6:1167.5,316.7:1169.0,317.7:1170.7,318.8:1174.7,319.8:1180.5,320.9:1186.7,321.9:1193.0,322.9:1200.2,330.7:0.0,331.8:0.0,332.8:0.0,333.8:0.0,334.9:0.0,329.1:0.0,330.2:1263.5,331.2:1270.2,339.0:0.0,340.1:0.0,341.1:0.0,342.2:0.0,343.2:0.0,344.2:0.0,345.3:0.0,346.3:0.0,347.4:0.0,348.4:0.0,349.5:0.0,350.5:0.0,351.5:0.0,352.6:0.0,353.6:0.0,354.7:0.0,355.8:0.0,356.8:0.0,357.9:0.0,
358.9:0.0,0.0:0.0,1.0:0.0,2.0:0.0,3.1:0.0,4.1:0.0,5.2:0.0,359.1:0.0,7.2:0.0,1.2:1576.7,2.3:1547.0,10.4:0.0,11.4:0.0,12.4:0.0,13.5:0.0,14.5:0.0,15.6:0.0,16.6:0.0,17.6:0.0,11.7:0.0,12.7:1391.5,13.8:1381.0,14.9:1372.2,15.9:1367.0,16.9:1362.0,24.9:0.0,26.0:0.0,27.0:0.0,28.0:0.0,29.1:0.0,22.9:0.0,24.0:1808.7,25.0:1802.0,26.1:1779.5,27.1:1758.5,28.2:1756.0,29.2:1754.2,30.3:1747.7,31.3:1743.7,32.3:1741.7,33.3:1741.0,34.4:1745.0,35.5:1743.7,36.5:1741.2,37.6:1741.5,38.6:1742.5,39.7:1745.2,40.7:1745.5,41.7:1747.2,42.7:1757.5,43.8:1764.2,44.8:1764.0,45.9:1766.5,46.9:1773.2,48.0:1780.5,49.0:1786.2,50.0:1795.2,51.1:1803.0,52.1:1811.2,53.1:1823.0,54.2:1834.5,55.2:1845.5,56.2:1858.5,57.3:1869.7,58.3:1882.0,59.3:1895.7,67.6:0.0,68.6:0.0,69.7:0.0,63.4:0.0,64.4:1995.0,65.5:2013.5,73.8:0.0,74.8:0.0,68.7:0.0,69.8:1617.2,70.9:1602.7,71.9:1585.0,72.9:1573.5,74.0:1568.2,75.0:1561.5,76.1:1556.5,77.1:1549.2,78.2:1543.0,79.2:1542.2,80.2:1536.7,81.3:1532.0,82.3:1530.7,83.3:1529.0,84.4:1527.2,85.5:1527.0,86.4:1531.5,87.5:1534.0,88.5:1531.2,89.6:1528.7,90.6:1542.7,91.6:1560.5,92.7:1560.0,100.8:0.0,94.8:1540.5,95.8:1514.2,96.9:1493.7,97.9:1474.7,98.9:1459.5,100.0:1447.0,101.0:1436.5,102.1:1426.0,103.2:1409.5,104.2:1392.7,105.2:1379.7,106.3:1371.0,107.2:1364.2,108.3:1352.2,109.4:1341.2,110.4:1334.7,111.5:1327.5,112.5:1319.0,113.5:1313.0,114.6:1307.2,115.6:1301.2,116.6:1295.2,117.7:1290.5,118.7:1287.0,119.7:1283.2,120.9:1282.0,121.9:1279.7,122.9:1275.0,123.9:1273.7,124.9:1277.7,126.0:1288.7,127.8:0.0,135.0:0.0,136.0:0.0,131.1:0.0,132.2:727.5,133.2:727.7,134.2:729.2,135.2:729.2,136.2:731.5,137.3:734.7,138.3:738.0,139.5:740.7,140.4:743.7,141.4:747.2,142.4:749.5,143.5:753.7,144.5:760.7,145.6:766.0,146.6:769.2,147.6:774.0,148.7:781.0,149.6:787.2,150.6:793.2,151.6:801.2,152.6:809.5,153.7:814.5,161.0:0.0,162.1:0.0,163.2:0.0,164.2:0.0,165.2:0.0,166.3:0.0,167.3:0.0,168.4:0.0,163.0:0.0,170.5:0.0,171.5:0.0,172.5:0.0,173.6:0.0,174.6:0.0,175.7:0.0,170.2:0.0,171.2:993.0,172.3:976.5,173.4:958.2,174.4:941.7,175.5:928.2,176.6:916.0,177.7:904.0,178.6:891.0,179.7:879.0,180.8:867.7,181.8:857.2,182.8:846.5,184.0:836.7,185.1:827.7,186.0:818.7,187.1:811.7,188.1:805.0,189.2:797.5,190.2:791.2,191.4:785.2,192.5:779.7,193.5:774.7,194.5:768.5,195.6:762.0,196.5:758.0,197.6:756.0,198.8:756.7,199.7:763.2,200.8:763.7,201.8:751.2,202.9:741.2,204.0:737.5,205.1:734.2,206.0:731.7,207.1:731.0,208.2:729.7,209.2:727.7,210.2:726.2,211.3:725.5,212.3:725.5,213.4:724.5,214.4:723.2,215.6:723.5,216.5:724.5,217.5:724.7,218.5:725.5,219.6:726.7,220.7:728.7,221.7:731.7,222.7:733.7,223.7:736.0,224.8:737.5,225.8:740.0,227.0:743.7,227.8:746.2,228.9:749.0,230.0:752.5,231.0:756.7,232.0:760.7,233.1:765.0,234.1:770.5,235.2:776.0,236.2:782.0,237.1:787.5,238.1:792.2,239.2:800.2,246.5:0.0,247.5:0.0,248.5:0.0,249.6:0.0,250.6:0.0,251.7:0.0,252.7:0.0,253.8:0.0,254.8:0.0,255.8:0.0,256.9:0.0,257.9:0.0,258.9:0.0,254.3:0.0,255.5:597.7,262.1:0.0,263.1:0.0,264.1:0.0,265.2:0.0,266.2:0.0,261.6:0.0,268.3:0.0,269.3:0.0,270.4:0.0,271.4:0.0,272.5:0.0,273.5:0.0,274.5:0.0,275.6:0.0,276.6:0.0,277.7:0.0,278.7:0.0,279.7:0.0,280.8:0.0,281.8:0.0,282.7:0.0,283.8:0.0,284.8:0.0,285.8:0.0,286.9:0.0,281.2:0.0,288.9:0.0,290.0:0.0,284.2:0.0,285.4:0.0,286.4:1090.7,287.4:1083.7,288.5:1081.7,289.5:1076.5,290.6:1070.5,291.6:1066.7,292.6:1061.2,293.7:1054.7,294.7:1052.5,295.7:1050.2,296.8:1047.2,297.8:1044.5,298.9:1042.5,300.1:1040.2,301.1:1037.0,302.2:1034.0,303.2:1032.5,304.3:1032.7,305.3:1032.0,306.3:1033.2,307.4:1034.2,308.4:1034.2,309.5:1034.5,310.5:1035.2,311.5:1035.5,312.6:1037.0,313.6:1039.0,314.6:1041.5,315.6:1047.7,316.6:1052.7,317.7:1057.0,318.7:1061.5,319.7:1067.2,320.9:1074.5,321.8:1079.2,322.9:1083.2,323.9:1088.2,324.9:1094.7,326.0:1098.7,327.0:1105.0,328.1:1112.0,335.8:0.0,336.8:0.0,337.9:0.0,338.9:0.0,340.0:0.0,334.2:0.0,342.0:0.0,343.1:0.0,344.1:0.0,345.2:0.0,346.2:0.0,347.2:0.0,348.3:0.0,349.3:0.0,350.3:0.0,351.4:0.0,352.4:0.0,353.5:0.0,354.6:0.0,355.6:0.0,356.6:0.0,357.7:0.0,
358.7:0.0,359.8:0.0,0.8:0.0,1.8:0.0,2.9:0.0,3.9:0.0,5.0:0.0,6.0:0.0,7.0:0.0,8.1:0.0,9.1:0.0,10.2:0.0,11.2:0.0,12.2:0.0,13.3:0.0,14.3:0.0,8.5:0.0,16.4:0.0,17.4:0.0,18.5:0.0,19.5:0.0,20.6:0.0,14.8:0.0,15.8:1206.0,17.0:1198.5,17.9:1191.5,19.0:1186.0,20.0:1182.2,27.8:0.0,28.9:0.0,29.9:0.0,31.0:0.0,32.0:0.0,33.0:0.0,26.9:0.0,28.0:1628.7,29.1:1607.0,30.1:1593.5,31.1:1592.7,32.2:1588.2,33.2:1586.0,34.3:1584.5,35.3:1585.7,36.4:1587.0,37.4:1587.7,38.4:1587.7,39.5:1588.5,40.5:1591.0,41.6:1591.5,42.6:1595.0,43.6:1597.0,44.7:1597.2,45.7:1602.2,46.7:1609.7,47.8:1617.0,48.8:1623.2,49.9:1629.7,50.9:1635.5,52.0:1641.2,53.0:1648.7,54.0:1657.5,55.1:1666.2,56.1:1677.7,57.1:1691.7,58.2:1705.5,59.1:1722.2,60.1:1737.7,61.1:1747.0,62.1:1762.5,63.2:1777.5,64.3:1789.5,72.5:0.0,73.5:0.0,74.5:0.0,75.6:0.0,76.6:0.0,77.7:0.0,78.7:0.0,79.7:0.0,73.5:0.0,81.8:0.0,75.8:0.0,76.8:1570.0,77.8:1551.5,78.9:1530.7,80.0:1526.7,81.0:1525.2,82.0:1523.0,83.0:1520.7,84.1:1520.5,85.1:1519.5,86.2:1519.5,87.2:1519.0,88.2:1516.7,89.2:1519.2,90.3:1520.0,91.3:1522.2,92.3:1523.7,93.4:1525.0,94.5:1531.2,95.5:1537.7,96.5:1542.0,97.5:1561.7,98.6:1582.5,99.6:1581.5,107.7:0.0,108.7:0.0,102.7:1562.5,103.7:1539.7,104.8:1527.7,105.8:1515.7,106.9:1505.7,107.9:1496.0,108.9:1481.2,110.0:1468.7,111.0:1461.0,112.1:1454.7,113.1:1449.5,114.1:1443.2,115.2:1437.5,116.2:1432.5,117.3:1428.0,118.3:1422.7,119.4:1417.7,120.3:1413.7,121.4:1409.5,122.5:1407.7,123.5:1407.2,124.5:1403.5,125.5:1400.7,126.6:1400.2,127.6:1402.0,128.7:1404.2,129.7:1403.2,130.8:1401.5,131.8:1402.2,132.6:0.0,140.9:0.0,141.9:0.0,142.9:0.0,144.0:0.0,145.0:0.0,139.7:0.0,140.8:872.5,141.7:872.2,142.8:875.2,143.9:879.2,144.8:883.5,145.9:887.5,147.0:891.7,147.9:898.0,149.1:904.0,150.0:909.7,151.1:918.7,158.5:0.0,159.5:0.0,160.6:0.0,155.1:0.0,156.2:963.7,163.8:0.0,164.8:0.0,165.9:0.0,166.9:0.0,161.3:0.0,169.0:0.0,170.0:0.0,171.1:0.0,172.1:0.0,173.1:0.0,174.2:0.0,175.2:0.0,176.3:0.0,177.3:0.0,171.5:0.0,172.6:1183.0,173.6:1163.5,174.8:1145.7,175.8:1128.2,176.9:1110.7,177.9:1093.5,179.0:1079.5,180.0:1068.0,181.0:1054.7,182.2:1042.0,183.2:1029.2,184.3:1017.5,185.3:1007.0,186.4:997.0,187.5:988.0,188.5:979.2,189.5:970.0,190.6:961.5,191.7:954.5,192.7:947.0,193.7:941.5,194.7:940.2,195.8:947.0,196.9:941.7,198.0:923.5,199.0:916.0,200.0:911.2,201.2:906.2,202.2:902.0,203.2:898.2,204.3:895.0,205.4:892.7,206.3:891.2,207.4:888.7,208.4:886.2,209.5:884.7,210.5:884.2,211.6:883.0,212.6:882.7,213.7:881.5,214.7:881.7,215.7:883.5,216.8:882.5,217.8:883.2,218.8:885.0,219.9:886.2,220.9:887.5,222.0:888.0,223.0:890.7,224.1:894.5,225.1:897.2,226.2:900.2,227.1:904.7,228.2:909.5,229.1:917.0,236.6:0.0,237.7:0.0,238.7:0.0,239.7:0.0,240.8:0.0,241.8:0.0,242.8:0.0,243.9:0.0,239.1:0.0,240.2:666.2,241.2:670.7,242.3:674.2,249.1:0.0,250.1:0.0,245.3:679.5,246.2:683.7,247.3:686.0,254.3:0.0,249.5:693.2,256.4:0.0,257.4:0.0,258.5:0.0,259.5:0.0,260.5:0.0,261.6:0.0,262.6:0.0,263.7:0.0,264.7:0.0,265.7:0.0,266.8:0.0,267.8:0.0,268.8:0.0,269.9:0.0,270.9:0.0,272.0:0.0,273.0:0.0,274.0:0.0,275.1:0.0,276.1:0.0,277.2:0.0,278.2:0.0,279.2:0.0,280.3:0.0,274.6:0.0,282.3:0.0,283.3:0.0,277.7:0.0,278.8:1029.0,279.8:1021.2,281.0:1011.2,281.9:1001.2,289.5:0.0,284.0:988.5,285.1:978.7,286.1:973.7,287.2:968.0,288.2:960.7,289.2:955.0,290.3:952.7,291.3:948.2,292.4:943.2,293.5:941.0,294.5:938.5,295.5:936.2,296.5:932.5,297.5:928.2,298.6:928.0,299.7:927.0,300.8:923.0,301.9:920.2,302.9:920.0,303.9:917.2,305.0:916.5,306.0:918.7,307.0:920.2,308.0:920.7,309.1:922.0,310.0:924.0,311.1:925.2,312.2:927.5,313.2:930.5,314.3:932.7,315.2:934.7,316.3:938.7,317.4:942.5,318.3:945.5,319.4:947.5,320.5:949.2,321.5:953.2,322.5:958.7,323.5:965.5,324.6:973.7,325.6:980.2,326.7:985.0,327.7:991.7,328.6:1000.0,329.7:1010.7,330.7:1019.7,331.8:1026.5,332.8:1034.5,340.5:0.0,341.5:0.0,342.5:0.0,336.9:0.0,344.6:0.0,345.7:0.0,346.7:0.0,347.7:0.0,348.8:0.0,349.8:0.0,350.8:0.0,351.9:0.0,352.9:0.0,354.0:0.0,355.1:0.0,356.1:0.0,357.2:0.0,358.2:0.0,
359.3:0.0,0.3:0.0,1.4:0.0,355.6:0.0,3.4:0.0,4.5:0.0,5.5:0.0,6.6:0.0,0.9:0.0,8.6:0.0,9.7:0.0,10.7:0.0,5.2:0.0,6.2:1034.0,7.2:1022.7,8.3:1012.5,9.4:1004.0,10.5:993.7,11.5:983.7,12.5:976.5,13.6:968.5,14.6:960.7,15.6:955.5,16.7:950.0,17.7:942.7,18.8:936.5,19.8:932.7,20.9:928.2,21.9:923.2,22.9:919.5,24.0:917.5,25.1:915.2,26.2:914.2,33.6:0.0,34.6:0.0,35.7:0.0,36.7:0.0,37.7:0.0,38.8:0.0,32.9:0.0,33.9:1371.2,35.0:1357.0,36.1:1342.5,37.1:1341.7,38.2:1341.5,39.2:1345.5,40.2:1347.0,41.3:1349.0,42.3:1353.2,43.3:1355.0,44.4:1358.0,45.5:1363.7,46.5:1367.0,47.5:1369.5,48.6:1374.0,49.6:1379.2,50.6:1386.5,51.6:1394.7,52.7:1400.2,53.7:1406.7,54.8:1415.7,62.8:0.0,63.8:0.0,64.8:0.0,65.9:0.0,66.9:0.0,60.9:0.0,61.9:1499.5,63.0:1511.2,64.0:1528.2,65.0:1542.2,73.1:0.0,74.2:0.0,75.2:0.0,76.2:0.0,77.3:0.0,71.2:0.0,79.3:0.0,80.4:0.0,81.4:0.0,82.5:0.0,83.5:0.0,84.5:0.0,85.6:0.0,86.6:0.0,87.7:0.0,88.7:0.0,89.7:0.0,90.7:0.0,91.8:0.0,92.8:0.0,86.8:0.0,87.8:1528.2,88.9:1518.2,89.9:1504.5,91.0:1503.5,92.0:1510.0,93.0:1514.5,94.1:1515.0,95.1:1517.0,96.1:1520.0,97.1:1525.7,98.2:1534.0,99.2:1541.0,100.2:1547.7,101.3:1555.5,102.3:1559.7,103.4:1565.5,104.4:1573.7,105.4:1581.5,106.4:1592.5,107.5:1612.7,108.5:1638.2,116.6:0.0,117.7:0.0,111.6:1645.5,112.6:1641.2,113.6:1638.5,114.7:1633.7,115.8:1628.7,116.8:1623.5,117.8:1617.5,118.9:1610.7,119.9:1604.2,120.9:1599.2,122.0:1594.2,123.0:1588.2,124.0:1587.5,125.1:1588.2,126.1:1587.0,127.2:1585.2,128.2:1586.7,129.2:1589.2,130.2:1585.7,131.4:1585.2,132.4:1590.2,133.4:1598.2,134.5:1601.0,135.5:1600.0,136.6:1602.2,137.6:1608.5,138.7:1613.5,139.7:1621.2,147.8:0.0,148.9:0.0,149.9:0.0,150.9:0.0,152.0:0.0,153.0:0.0,154.1:0.0,155.1:0.0,149.4:0.0,150.5:1111.5,151.5:1113.7,159.2:0.0,160.3:0.0,161.3:0.0,162.4:0.0,163.5:0.0,164.5:0.0,165.6:0.0,166.6:0.0,167.6:0.0,168.7:0.0,169.7:0.0,170.8:0.0,171.8:0.0,172.8:0.0,173.9:0.0,174.9:0.0,176.0:0.0,177.0:0.0,178.0:0.0,179.1:0.0,173.1:0.0,174.2:1472.2,175.2:1444.5,176.2:1421.2,177.3:1399.2,178.4:1380.0,179.4:1362.5,180.4:1345.5,181.5:1329.0,182.6:1313.0,183.6:1298.5,184.7:1285.0,185.7:1272.2,186.7:1260.0,187.8:1248.5,188.8:1236.5,189.9:1225.5,191.0:1223.0,191.9:1233.7,193.1:0.0,194.1:1188.7,195.1:1181.5,196.2:1174.7,197.2:1168.7,198.3:1163.7,199.3:1158.7,200.4:1153.5,201.4:1150.0,202.5:1147.0,203.5:1140.2,204.7:1134.7,205.6:1132.5,206.7:1130.5,207.7:1128.5,208.8:1125.2,209.8:1122.7,210.9:1122.2,211.9:1122.0,213.0:1121.0,214.0:1119.7,215.1:1120.5,216.1:1122.2,217.2:1123.2,218.2:1133.0,225.9:0.0,227.0:0.0,221.7:0.0,222.7:850.0,223.7:854.7,224.8:857.2,225.9:856.0,227.0:846.2,227.9:841.5,229.0:845.5,230.0:847.2,231.1:851.2,232.0:855.2,233.1:858.2,234.1:863.5,235.2:868.0,236.2:872.7,237.3:880.2,238.3:886.7,239.2:891.7,240.4:896.2,241.3:902.7,242.4:911.2,243.4:920.7,250.9:0.0,251.9:0.0,252.9:0.0,254.0:0.0,255.0:0.0,256.1:0.0,257.1:0.0,258.1:0.0,252.7:0.0,260.2:0.0,261.3:0.0,262.3:0.0,263.3:0.0,264.4:0.0,265.4:0.0,266.5:0.0,267.5:0.0,261.9:1024.0,269.6:0.0,270.6:0.0,271.7:0.0,272.7:0.0,273.7:0.0,274.8:0.0,275.8:0.0,276.9:0.0,277.9:0.0,278.9:0.0,280.0:0.0,274.8:0.0,275.6:856.7,276.7:848.2,284.0:0.0,278.8:837.0,279.8:825.0,280.9:817.2,281.9:808.5,283.0:803.5,284.1:798.0,285.1:792.0,286.1:787.7,287.1:782.5,288.3:779.7,289.3:777.5,290.3:774.0,291.3:770.7,292.4:769.2,293.4:767.2,294.5:764.0,295.5:761.0,296.6:759.7,297.5:759.5,298.7:757.0,299.7:755.0,300.9:754.2,301.8:751.7,303.0:749.5,303.9:749.0,305.0:749.2,306.1:749.2,307.1:751.2,308.1:751.7,309.1:751.5,310.1:753.2,311.2:755.7,312.2:757.7,313.2:757.2,314.4:759.5,315.4:764.5,316.3:768.0,317.4:771.2,318.5:774.2,319.4:777.2,320.5:778.5,321.5:782.2,322.6:787.2,323.6:791.2,324.7:795.0,325.7:799.2,326.7:805.5,327.7:811.2,328.8:818.2,329.7:825.5,330.7:830.2,331.9:836.5,332.9:845.7,333.9:853.7,334.9:861.5,342.2:0.0,343.3:0.0,344.3:0.0,345.4:0.0,346.4:0.0,347.5:0.0,348.5:0.0,349.5:0.0,350.6:0.0,351.6:0.0,352.7:0.0,353.7:0.0,354.8:0.0,355.8:0.0,356.9:0.0,357.9:0.0,
358.7:0.0,359.7:0.0,354.4:0.0,1.8:0.0,2.8:0.0,3.9:0.0,4.9:0.0,359.7:0.0,0.8:814.5,8.0:0.0,3.0:798.7,4.0:784.0,5.0:776.5,6.0:768.5,7.2:761.0,8.2:754.7,9.3:747.5,10.4:741.0,11.5:733.2,12.5:726.7,13.5:720.7,14.5:714.2,15.7:710.0,16.7:704.0,17.8:698.5,18.7:695.5,19.9:691.7,21.0:689.0,22.0:686.5,23.0:683.5,24.1:680.0,25.1:677.2,26.1:675.2,27.2:673.5,28.2:672.5,29.2:671.7,30.4:669.7,31.4:668.0,32.4:668.0,33.4:668.2,34.5:668.7,35.5:669.0,36.5:669.2,37.7:670.5,44.5:0.0,45.6:0.0,46.6:0.0,47.6:0.0,42.0:0.0,43.0:1134.2,44.0:1123.2,45.1:1127.0,46.1:1128.5,47.2:1133.2,48.2:1137.2,49.3:1142.7,50.3:1148.0,51.4:1152.2,52.4:1157.2,53.4:1161.5,54.4:1168.7,55.4:1177.2,56.5:1185.0,57.5:1191.7,65.4:0.0,66.3:0.0,67.4:0.0,68.4:0.0,69.5:0.0,63.6:0.0,71.5:0.0,72.6:0.0,73.6:0.0,74.6:0.0,75.7:0.0,76.7:0.0,77.8:0.0,78.8:0.0,79.8:0.0,80.9:0.0,81.9:0.0,83.0:0.0,84.0:0.0,85.0:0.0,86.1:0.0,87.1:0.0,88.2:0.0,89.2:0.0,90.2:0.0,91.2:0.0,92.3:0.0,93.3:0.0,94.4:0.0,95.4:0.0,96.4:0.0,97.5:0.0,98.5:0.0,99.5:0.0,100.6:0.0,101.6:0.0,102.7:0.0,96.6:0.0,97.7:1545.2,105.8:0.0,99.7:1543.5,100.8:1543.0,101.8:1548.7,102.8:1553.2,103.9:1562.5,104.9:1573.5,106.0:1577.0,107.0:1581.7,108.0:1593.7,109.0:1605.7,110.1:1615.5,111.1:1627.2,112.2:1641.5,113.2:1656.5,114.2:1673.2,115.2:1691.2,123.4:0.0,124.5:0.0,125.5:0.0,126.5:0.0,120.4:0.0,121.5:1772.5,122.5:1772.2,123.5:1773.2,124.5:1772.2,125.6:1768.7,126.6:1764.7,127.7:1763.7,128.7:1766.5,129.7:1766.5,130.8:1767.7,131.8:1771.7,132.8:1773.0,133.9:1776.2,135.0:1778.5,136.0:1781.2,137.0:1786.0,138.0:1790.7,139.0:1796.0,140.1:1806.0,141.1:1819.7,142.2:1830.2,143.2:1838.5,144.2:1846.2,145.3:1859.0,153.5:0.0,154.6:0.0,155.6:0.0,156.7:0.0,157.7:0.0,158.7:0.0,152.8:0.0,160.8:0.0,155.0:1388.5,156.0:1370.7,157.1:1376.7,165.1:0.0,166.1:0.0,167.2:0.0,168.2:0.0,169.2:0.0,170.3:0.0,171.3:0.0,172.4:0.0,173.4:0.0,174.5:0.0,175.5:0.0,176.5:0.0,177.6:0.0,178.6:0.0,179.7:0.0,173.5:0.0,174.6:1772.0,175.6:1746.7,176.7:1720.5,177.7:1694.0,178.8:1670.7,179.8:1645.7,180.9:1624.5,181.9:1608.7,183.0:1591.0,184.0:1572.2,185.1:1556.2,186.1:1540.7,187.2:1526.5,188.3:1516.5,189.3:1521.7,190.3:0.0,191.4:1476.0,192.5:1463.0,193.5:1452.0,194.5:1445.2,195.6:1436.0,196.6:1426.5,197.7:1418.7,198.8:1411.0,199.8:1402.7,200.9:1391.2,201.9:1382.5,203.0:1382.5,204.0:1379.7,205.1:1372.0,206.1:1370.2,207.1:1370.0,208.1:1367.2,209.2:1364.0,210.2:1367.5,211.5:0.0,212.7:1075.7,213.7:1076.2,221.4:0.0,215.8:1067.7,216.8:1056.2,217.8:1055.5,218.9:1057.0,219.9:1057.2,221.0:1056.7,222.0:1058.0,223.1:1061.7,224.1:1064.0,225.1:1066.2,226.2:1070.5,227.2:1072.0,228.2:1075.7,229.2:1081.2,230.3:1084.5,231.3:1089.2,232.3:1092.5,233.4:1097.5,234.4:1105.7,235.5:1112.2,243.2:0.0,244.2:0.0,238.6:1128.5,239.5:1144.7,240.6:1156.7,241.6:0.0,249.4:0.0,250.5:0.0,251.5:0.0,252.6:0.0,253.6:0.0,254.6:0.0,255.7:0.0,256.7:0.0,257.8:0.0,258.8:0.0,259.8:0.0,260.9:0.0,261.9:0.0,263.0:0.0,264.0:0.0,265.0:0.0,266.1:0.0,267.1:0.0,268.2:0.0,269.2:0.0,270.2:0.0,271.3:0.0,272.3:0.0,273.4:0.0,268.4:0.0,269.5:706.5,270.5:699.2,277.5:0.0,272.6:685.5,273.8:673.7,280.6:0.0,281.7:0.0,276.8:661.7,278.0:650.0,279.1:644.2,280.0:638.0,281.1:632.5,282.2:628.2,283.2:622.0,284.2:616.0,285.4:614.2,286.3:610.2,287.3:603.7,288.4:601.0,289.6:598.5,290.5:597.2,291.5:596.0,292.8:592.0,293.7:590.0,294.7:589.0,295.7:587.5,297.0:586.7,297.9:585.2,298.9:583.7,299.9:582.2,301.0:581.0,302.0:580.5,303.2:579.5,304.1:578.7,305.3:579.0,306.1:580.2,307.2:582.0,308.3:582.5,309.3:582.2,310.3:583.2,311.4:583.7,312.5:584.2,313.6:586.7,314.5:588.2,315.5:590.2,316.5:593.2,317.6:595.7,318.6:597.2,319.5:599.2,320.6:601.7,321.7:604.0,322.7:607.0,323.8:611.7,324.8:615.2,325.9:617.7,326.9:625.2,327.9:632.2,328.9:634.5,330.0:637.7,331.0:642.7,337.7:0.0,338.8:0.0,334.0:655.5,340.8:0.0,336.0:672.2,342.9:0.0,344.0:0.0,345.0:0.0,346.0:0.0,347.1:0.0,348.1:0.0,349.2:0.0,350.2:0.0,351.2:0.0,352.3:0.0,353.3:0.0,354.4:0.0,355.5:0.0,350.2:0.0,357.5:0.0,358.6:0.0,
352.7:698.5,359.7:0.0,0.7:0.0,1.8:0.0,2.8:0.0,3.9:0.0,4.9:0.0,6.0:0.0,7.0:0.0,2.5:0.0,3.5:602.0,4.6:596.0,5.7:589.7,12.2:0.0,7.8:578.7,14.3:0.0,15.3:0.0,11.0:565.0,12.0:556.2,13.1:552.5,14.1:547.2,15.1:542.7,16.3:539.0,17.4:535.2,18.5:532.0,19.4:530.5,20.4:528.5,21.6:524.2,22.5:520.7,23.6:520.0,24.8:518.2,25.8:514.7,26.9:512.2,27.9:511.2,29.0:510.7,30.0:509.2,31.1:508.5,32.0:507.7,32.9:506.2,34.2:506.0,35.0:506.2,36.2:506.0,37.1:506.2,38.3:505.2,39.5:505.2,40.4:507.0,41.6:507.7,42.3:509.7,43.6:511.7,44.5:511.7,45.4:513.2,46.5:516.0,47.5:519.2,48.5:521.7,49.6:522.5,55.9:0.0,56.9:0.0,58.0:0.0,59.0:0.0,60.1:0.0,61.1:0.0,55.6:0.0,56.7:1017.5,57.7:1025.5,58.6:1034.2,59.6:1039.0,60.7:1042.0,68.4:0.0,69.4:0.0,70.4:0.0,64.8:0.0,65.9:1094.2,73.5:0.0,74.6:0.0,75.6:0.0,76.7:0.0,77.7:0.0,72.0:0.0,79.8:0.0,80.8:0.0,81.9:0.0,82.9:0.0,83.9:0.0,85.0:0.0,86.0:0.0,87.1:0.0,88.1:0.0,89.1:0.0,90.1:0.0,91.2:0.0,92.2:0.0,93.2:0.0,94.3:0.0,95.3:0.0,96.3:0.0,97.4:0.0,98.4:0.0,99.5:0.0,100.5:0.0,101.5:0.0,102.6:0.0,103.6:0.0,104.6:0.0,105.7:0.0,106.7:0.0,107.7:0.0,108.8:0.0,109.8:0.0,103.7:0.0,104.8:1582.5,105.8:1588.5,106.9:1587.2,107.9:1584.5,108.9:1591.7,110.0:1605.5,111.0:1617.7,112.0:1629.5,113.1:1642.2,121.2:0.0,122.3:0.0,123.3:0.0,117.2:0.0,125.4:0.0,126.4:0.0,120.3:1756.5,128.5:0.0,122.3:0.0,130.6:0.0,131.6:0.0,125.5:1886.5,126.4:1899.2,127.5:1900.7,128.5:1900.7,129.6:1898.0,130.6:1901.7,131.7:1907.5,132.7:1905.7,133.8:1907.5,134.8:1911.0,135.9:1913.5,136.9:1921.7,137.9:1927.0,139.0:1929.7,140.0:1936.7,141.0:1943.7,142.1:1953.0,143.1:1964.5,144.1:1974.2,145.2:1983.2,146.2:1992.5,147.2:2000.2,148.3:2020.2,156.6:0.0,157.6:0.0,158.7:0.0,159.7:0.0,160.7:0.0,161.8:0.0,162.9:0.0,156.9:0.0,157.9:1561.0,159.0:1560.0,167.1:0.0,168.1:0.0,169.2:0.0,163.1:0.0,171.3:0.0,172.3:0.0,173.4:0.0,174.4:0.0,175.4:0.0,176.5:0.0,177.5:0.0,178.6:0.0,179.6:0.0,180.7:0.0,174.5:0.0,175.5:1968.2,176.5:1938.2,177.6:1909.5,178.6:1882.0,179.6:1852.7,180.7:1829.5,181.7:1810.0,182.8:1788.2,183.8:1765.2,184.9:1746.5,185.9:1730.7,187.0:1715.0,188.0:1715.0,189.1:1699.2,190.1:1668.5,191.2:1655.5,192.2:1644.0,193.2:1632.5,194.3:1623.2,195.4:1615.0,196.4:1608.0,197.4:1597.7,198.5:1585.7,199.5:1576.7,200.6:1569.5,201.6:1563.2,202.6:1557.7,203.8:1552.2,204.8:1546.2,206.1:0.0,207.1:1249.0,208.2:1243.5,216.1:0.0,210.3:1228.0,211.3:1214.5,212.4:1214.0,213.5:1210.5,214.5:1208.2,215.5:1209.7,216.6:1209.5,217.6:1207.7,218.7:1210.2,219.7:1213.2,220.8:1212.2,221.8:1213.0,222.8:1218.2,223.9:1221.2,224.9:1225.7,226.0:1230.7,227.0:1234.0,228.0:1237.7,229.0:1242.5,230.1:1247.0,231.1:1250.0,232.2:1256.0,240.0:0.0,234.2:0.0,242.1:0.0,243.2:0.0,244.2:0.0,245.2:0.0,246.3:0.0,247.3:0.0,248.4:0.0,249.4:0.0,250.5:0.0,251.5:0.0,252.6:0.0,253.6:0.0,254.6:0.0,255.7:0.0,256.7:0.0,257.8:0.0,258.8:0.0,259.8:0.0,260.9:0.0,261.9:0.0,263.0:0.0,264.0:0.0,265.0:0.0,266.1:0.0,267.1:0.0,268.2:0.0,269.2:0.0,270.2:0.0,271.3:0.0,266.9:0.0,273.4:0.0,274.4:0.0,275.5:0.0,276.5:0.0,277.5:0.0,273.2:0.0,279.6:0.0,280.7:0.0,281.7:0.0,277.4:0.0,283.6:0.0,279.4:516.2,280.6:509.2,281.7:503.2,282.8:499.7,283.8:496.5,285.0:493.5,285.9:490.5,286.8:487.2,287.9:486.0,289.1:483.0,290.1:479.5,291.3:476.7,292.1:474.2,293.4:474.0,294.2:472.7,295.4:471.2,296.4:469.0,297.5:467.2,298.5:466.5,299.4:466.0,300.5:464.7,301.6:463.7,302.7:464.0,303.7:463.5,304.7:463.2,305.8:463.5,306.9:463.2,308.0:463.5,309.2:463.5,310.2:464.0,311.2:465.5,312.1:466.7,313.1:467.5,314.0:469.0,315.2:471.5,316.1:473.0,317.3:473.5,318.3:475.5,319.4:478.2,320.5:480.5,321.4:483.5,322.3:485.7,323.4:487.7,324.6:490.7,325.4:494.5,326.6:497.5,327.7:501.0,328.4:504.2,329.6:507.7,335.7:0.0,336.8:0.0,332.7:517.5,338.9:0.0,339.9:0.0,335.6:0.0,342.0:0.0,343.0:0.0,344.1:0.0,345.1:0.0,346.2:0.0,347.2:0.0,348.2:0.0,349.3:0.0,350.3:0.0,351.4:0.0,352.4:0.0,347.8:0.0,354.5:0.0,355.5:0.0,350.6:0.0,357.6:0.0,
359.5:0.0,0.5:0.0,1.6:0.0,2.6:0.0,358.9:0.0,0.1:432.5,5.7:0.0,6.8:0.0,7.8:0.0,8.9:0.0,5.5:0.0,6.8:400.2,7.7:395.0,8.9:392.2,9.9:389.0,10.8:384.7,12.3:380.7,13.0:378.7,14.2:375.5,15.2:372.2,16.2:370.7,17.6:368.0,18.6:366.2,19.3:364.5,20.4:361.2,21.3:359.2,22.8:358.5,23.5:356.0,24.9:354.5,26.1:354.0,27.1:352.0,28.1:350.2,29.1:349.0,29.8:349.2,30.9:349.2,31.8:348.7,33.4:348.7,34.4:348.0,35.4:347.0,36.0:347.5,37.3:348.0,38.2:347.0,39.3:347.2,40.5:348.2,41.8:349.2,42.3:349.7,43.5:350.2,44.8:351.5,45.8:352.7,46.4:354.2,47.7:354.7,48.6:354.7,49.7:357.0,50.8:359.7,51.5:361.5,52.9:362.5,53.5:364.5,54.7:366.5,56.0:369.0,56.6:372.2,58.0:374.2,58.6:376.2,59.7:379.0,60.6:381.5,61.6:385.5,62.7:389.5,63.5:393.7,64.6:398.2,70.1:0.0,71.2:0.0,67.8:0.0,68.6:421.7,74.3:0.0,75.3:0.0,76.4:0.0,77.4:0.0,78.4:0.0,79.5:0.0,80.5:0.0,81.5:0.0,82.6:0.0,83.6:0.0,84.7:0.0,85.7:0.0,86.7:0.0,87.8:0.0,88.8:0.0,89.8:0.0,90.9:0.0,91.9:0.0,93.0:0.0,94.0:0.0,95.0:0.0,96.0:0.0,97.1:0.0,98.1:0.0,99.2:0.0,100.2:0.0,101.2:0.0,102.3:0.0,103.3:0.0,104.3:0.0,105.4:0.0,106.4:0.0,107.5:0.0,108.5:0.0,109.5:0.0,110.6:0.0,111.6:0.0,112.6:0.0,113.7:0.0,114.7:0.0,115.8:0.0,109.7:0.0,110.7:1641.5,111.8:1664.2,112.7:1671.0,113.9:1656.2,122.0:0.0,123.0:0.0,124.1:0.0,125.1:0.0,126.1:0.0,127.2:0.0,128.2:0.0,129.2:0.0,130.3:0.0,131.3:0.0,132.4:0.0,126.1:0.0,134.4:0.0,135.5:0.0,129.2:0.0,130.2:2029.5,131.3:2028.5,132.4:2026.5,133.4:2028.2,134.5:2036.2,135.5:2042.0,136.5:2046.5,137.6:2052.5,138.6:2059.7,139.6:2069.2,140.7:2076.0,141.7:2081.2,142.7:2093.0,143.8:2104.7,144.8:2114.5,145.9:2128.2,146.9:2140.5,147.9:2149.0,149.0:2161.2,150.0:2174.7,158.4:0.0,159.4:0.0,160.4:0.0,161.5:0.0,162.6:0.0,163.7:0.0,164.7:0.0,165.7:0.0,159.6:0.0,160.7:1749.5,168.9:0.0,169.9:0.0,171.0:0.0,172.0:0.0,173.0:0.0,174.1:0.0,175.1:0.0,176.2:0.0,177.2:0.0,178.3:0.0,179.3:0.0,180.3:0.0,174.0:0.0,175.1:2158.0,176.1:2128.7,177.2:2102.0,178.2:2074.7,179.3:2043.7,180.3:2017.0,181.4:1997.0,182.4:1977.0,183.5:1956.2,184.5:1935.2,185.6:1916.0,186.7:1920.0,187.7:0.0,188.8:1864.5,189.8:1847.7,190.8:1828.2,191.9:1813.2,193.0:1804.0,194.0:1793.5,195.0:1781.5,196.1:1769.7,197.1:1758.7,198.2:1752.0,199.2:1746.2,200.3:1735.5,201.3:1726.5,202.5:0.0,203.6:1415.0,204.6:1412.0,205.7:1397.0,206.8:1381.7,207.8:1379.0,208.8:1378.0,209.9:1373.7,210.9:1368.2,212.0:1367.0,213.0:1365.5,214.1:1364.7,215.1:1365.2,216.1:1365.7,217.2:1364.2,218.2:1364.2,219.3:1365.2,220.4:1367.2,221.4:1369.5,222.4:1374.2,223.4:1382.7,224.5:1384.5,225.5:1385.7,233.5:0.0,227.5:0.0,235.6:0.0,236.6:0.0,237.6:0.0,238.7:0.0,239.7:0.0,240.8:0.0,241.8:0.0,242.8:0.0,243.9:0.0,244.9:0.0,246.0:0.0,247.0:0.0,248.1:0.0,249.1:0.0,250.1:0.0,251.2:0.0,252.2:0.0,253.3:0.0,254.3:0.0,255.3:0.0,256.4:0.0,257.4:0.0,258.5:0.0,259.5:0.0,260.6:0.0,261.6:0.0,262.7:0.0,263.7:0.0,264.7:0.0,265.8:0.0,266.8:0.0,267.9:0.0,268.9:0.0,270.0:0.0,271.0:0.0,272.0:0.0,273.1:0.0,274.1:0.0,275.2:0.0,276.2:0.0,277.2:0.0,278.3:0.0,279.3:0.0,276.0:0.0,277.2:393.0,278.3:388.7,279.4:385.0,284.4:0.0,281.2:380.2,282.5:376.0,283.5:372.7,284.5:370.0,285.8:367.5,286.7:365.0,288.0:363.0,288.7:361.5,289.8:360.0,290.7:358.2,292.0:356.0,292.8:354.5,294.0:353.2,295.3:351.7,296.0:350.5,297.4:349.2,298.0:348.2,299.4:348.2,300.1:348.0,301.2:347.2,302.5:347.2,304.0:347.2,304.5:346.5,305.6:347.5,306.7:347.7,308.0:347.5,308.5:348.2,310.1:348.7,310.7:349.2,311.7:349.7,312.8:350.7,314.0:352.5,315.1:353.7,315.9:355.0,316.9:356.5,318.2:358.2,318.9:360.5,319.8:362.5,320.9:364.5,322.2:365.7,323.2:367.7,324.0:370.7,325.0:374.0,326.1:376.7,327.2:378.5,327.9:382.2,329.0:384.2,334.4:0.0,331.0:388.7,332.1:395.2,337.5:0.0,338.5:0.0,339.6:0.0,340.6:0.0,341.7:0.0,338.1:0.0,343.7:0.0,344.8:0.0,345.8:0.0,346.9:0.0,347.9:0.0,348.9:0.0,350.0:0.0,351.0:0.0,352.1:0.0,353.1:0.0,354.2:0.0,350.1:0.0,356.3:0.0,352.2:0.0,358.4:0.0,
353.3:601.0,354.3:598.5,355.4:596.2,356.5:595.7,357.4:595.2,358.6:592.7,359.5:592.2,0.7:591.0,1.7:590.5,2.7:590.2,3.7:590.0,4.7:591.0,5.8:591.2,6.7:591.7,7.8:592.5,8.8:594.0,9.8:596.7,11.0:599.2,17.5:0.0,18.5:0.0,19.6:0.0,20.6:0.0,21.7:0.0,16.1:0.0,17.1:1065.0,18.1:1070.5,19.1:1076.2,20.2:1079.7,21.2:1083.7,22.2:1090.0,23.2:1096.2,24.3:1104.2,25.3:1109.5,26.4:1117.2,34.1:0.0,35.1:0.0,36.2:0.0,30.5:0.0,31.5:1169.5,32.5:1182.5,40.3:0.0,41.4:0.0,42.5:0.0,43.5:0.0,44.6:0.0,45.6:0.0,46.6:0.0,47.7:0.0,48.7:0.0,49.8:0.0,50.8:0.0,51.8:0.0,52.9:0.0,53.9:0.0,55.0:0.0,56.0:0.0,57.0:0.0,58.1:0.0,59.1:0.0,60.2:0.0,61.2:0.0,62.2:0.0,63.3:0.0,64.3:0.0,65.4:0.0,66.4:0.0,67.4:0.0,68.4:0.0,69.5:0.0,70.5:0.0,71.5:0.0,72.6:0.0,73.6:0.0,67.6:0.0,68.6:1567.2,69.7:1566.5,70.7:1561.0,71.7:1558.7,72.8:1566.2,73.8:1570.7,74.9:1579.7,75.9:1594.7,76.9:1604.0,78.0:1613.0,79.0:1623.7,80.0:1637.5,88.2:0.0,82.0:1664.0,90.2:0.0,84.1:1702.2,92.3:0.0,93.3:0.0,87.2:0.0,95.4:0.0,96.4:0.0,97.4:0.0,91.3:1823.2,92.3:1837.7,93.3:1834.7,94.4:1832.7,95.4:1834.2,96.5:1832.0,97.5:1834.2,98.5:1839.2,99.6:1840.5,100.6:1842.0,101.6:1846.5,102.6:1848.7,103.7:1851.2,104.7:1858.0,105.8:1862.0,106.8:1867.0,107.8:1875.2,108.9:1883.5,109.9:1888.7,111.0:1896.0,112.0:1907.0,113.0:1918.5,114.0:1929.2,122.3:0.0,123.3:0.0,124.4:0.0,125.4:0.0,126.4:0.0,127.5:0.0,128.5:0.0,129.5:0.0,130.6:0.0,124.6:0.0,132.7:0.0,133.7:0.0,134.7:0.0,135.8:0.0,136.8:0.0,137.8:0.0,139.0:0.0,140.0:0.0,141.0:0.0,142.1:0.0,143.1:0.0,144.1:0.0,145.2:0.0,146.2:0.0,147.2:0.0,148.3:0.0,142.1:0.0,143.1:1853.2,144.2:1826.5,145.3:1801.7,146.3:1774.5,147.4:1749.2,148.4:1723.7,149.5:1703.7,150.5:1685.2,151.6:1666.0,152.6:1649.2,153.6:1633.0,154.7:1618.5,155.8:1612.7,156.8:1600.5,157.9:1578.7,159.0:1564.0,160.0:1552.2,161.1:1543.0,162.1:1532.0,163.1:1520.5,164.2:1511.5,165.2:1502.2,166.3:1494.0,167.3:1485.7,168.4:1478.7,169.4:1473.0,170.5:1467.0,171.5:1460.7,172.6:1455.2,173.6:1452.5,174.6:1449.0,175.7:1449.2,176.9:0.0,178.0:1156.5,179.1:1156.7,180.1:1142.7,181.1:1125.0,182.1:1127.0,183.2:1131.2,184.2:1131.0,185.3:1128.2,186.3:1127.7,187.3:1130.2,188.3:1132.0,189.5:1133.7,190.5:1135.5,191.5:1138.0,192.5:1139.7,193.6:1143.7,194.6:1149.0,195.6:1153.0,196.7:1157.5,197.7:1161.7,198.7:1166.2,199.8:1172.0,200.8:1179.0,201.8:1185.0,202.9:1191.0,210.7:0.0,211.8:0.0,206.0:0.0,207.0:1257.7,208.0:1264.0,216.0:0.0,217.0:0.0,218.0:0.0,219.1:0.0,220.1:0.0,221.2:0.0,222.2:0.0,223.2:0.0,224.3:0.0,225.3:0.0,226.4:0.0,227.4:0.0,228.5:0.0,229.5:0.0,230.5:0.0,231.6:0.0,232.6:0.0,233.7:0.0,234.7:0.0,235.7:0.0,236.7:0.0,237.8:0.0,238.8:0.0,239.9:0.0,240.9:0.0,241.9:0.0,243.0:0.0,244.0:0.0,245.1:0.0,246.1:0.0,241.6:0.0,242.6:603.5,249.2:0.0,250.3:0.0,245.8:0.0,246.7:576.5,247.9:573.2,248.9:568.2,250.0:564.0,251.1:559.2,252.1:556.7,253.2:554.0,254.2:551.0,255.3:549.5,256.4:547.0,257.6:544.2,258.4:540.7,259.7:538.2,260.7:536.7,261.7:533.7,262.8:530.7,263.8:529.0,264.8:528.7,265.7:527.7,266.7:526.5,268.0:525.5,268.8:525.0,270.1:524.5,271.1:523.5,272.0:523.7,273.2:523.5,274.1:523.2,275.1:523.7,276.1:525.0,277.3:525.7,278.1:525.7,279.3:526.5,280.2:527.7,281.3:529.0,282.4:530.2,283.3:531.2,284.3:532.2,285.4:535.5,286.3:538.2,287.5:540.0,288.4:541.5,289.4:544.5,290.5:548.0,291.4:552.0,292.5:555.5,293.7:558.2,294.4:562.0,301.0:0.0,296.6:567.5,297.5:573.5,298.7:581.0,299.7:587.7,300.8:593.0,301.7:598.0,308.4:0.0,303.8:604.2,304.8:613.0,305.8:618.7,312.5:0.0,313.6:0.0,314.6:0.0,315.7:0.0,316.7:0.0,317.7:0.0,318.8:0.0,319.8:0.0,320.9:0.0,321.9:0.0,323.0:0.0,324.0:0.0,325.0:0.0,326.1:0.0,327.1:0.0,321.9:0.0,329.2:0.0,330.2:0.0,331.3:0.0,332.3:0.0,333.4:0.0,328.3:0.0,329.5:715.2,330.5:707.2,331.7:699.2,332.7:690.7,333.7:683.5,334.8:674.7,336.0:667.0,336.9:660.2,337.9:656.2,339.0:652.0,340.1:646.5,341.1:641.7,342.2:635.7,343.2:631.5,344.3:628.2,345.3:625.0,346.4:620.0,347.4:616.2,348.6:614.0,349.7:611.0,350.7:608.5,351.8:605.5,352.8:602.5,
355.2:400.7,356.4:399.7,357.6:399.2,358.5:398.5,359.5:397.5,0.5:397.2,1.7:396.7,2.6:396.2,3.6:396.5,4.7:396.7,6.0:396.7,6.9:396.7,7.7:397.5,8.6:398.2,9.7:399.2,11.1:399.7,12.1:400.7,12.8:401.5,14.0:402.5,15.0:405.7,16.1:409.2,21.4:0.0,22.5:0.0,23.5:0.0,24.6:0.0,25.6:0.0,26.6:0.0,27.7:0.0,22.4:0.0,23.4:899.7,24.4:905.5,25.4:911.0,26.5:915.7,27.5:920.7,35.0:0.0,36.0:0.0,30.6:937.7,31.5:956.0,32.6:965.2,40.2:0.0,41.2:0.0,42.3:0.0,36.7:0.0,37.7:1023.2,45.4:0.0,46.4:0.0,47.5:0.0,48.5:0.0,42.9:0.0,50.6:0.0,51.6:0.0,52.7:0.0,53.7:0.0,54.7:0.0,55.8:0.0,56.8:0.0,57.9:0.0,58.9:0.0,60.0:0.0,61.0:0.0,62.0:0.0,63.1:0.0,64.1:0.0,65.2:0.0,66.2:0.0,67.2:0.0,68.2:0.0,69.3:0.0,70.3:0.0,71.4:0.0,72.4:0.0,73.4:0.0,74.5:0.0,75.5:0.0,76.5:0.0,77.6:0.0,78.6:0.0,79.7:0.0,80.7:0.0,74.7:0.0,75.8:1508.5,76.8:1518.2,77.8:1519.0,78.9:1516.0,79.9:1527.0,80.9:1539.2,82.0:1548.2,90.0:0.0,84.0:1569.5,85.0:1593.7,93.1:0.0,94.2:0.0,95.2:0.0,96.2:0.0,97.3:0.0,98.3:0.0,99.4:0.0,93.2:0.0,101.4:0.0,102.5:0.0,96.3:1822.5,97.3:1847.0,98.4:1861.0,99.4:1863.0,100.5:1866.5,101.5:1868.7,102.5:1875.2,103.5:1879.5,104.6:1882.7,105.6:1887.5,106.7:1892.0,107.7:1898.7,108.7:1905.2,109.7:1913.0,110.8:1923.7,111.8:1934.0,112.8:1940.2,113.9:1952.0,114.9:1966.0,116.0:1975.7,117.0:1987.5,118.0:1999.7,119.0:2020.2,127.3:0.0,128.4:0.0,129.4:0.0,130.5:0.0,131.5:0.0,132.5:0.0,133.6:0.0,134.6:0.0,135.6:0.0,129.6:0.0,137.7:0.0,138.8:0.0,139.8:0.0,140.9:0.0,141.9:0.0,142.9:0.0,144.0:0.0,145.0:0.0,146.0:0.0,147.1:0.0,148.1:0.0,149.2:0.0,150.2:0.0,151.2:0.0,145.0:0.0,146.0:2011.5,147.1:1990.0,148.1:1968.5,149.2:1944.5,150.2:1922.7,151.3:1901.0,152.3:1879.2,153.3:1858.0,154.4:1836.0,155.6:1818.2,156.6:1807.0,157.7:1794.5,158.7:1799.2,159.7:1784.7,160.8:1750.7,161.8:1738.0,162.9:1728.2,164.0:1717.0,165.0:1705.0,166.1:1696.7,167.1:1687.2,168.1:1676.7,169.2:1670.5,170.2:1667.2,171.3:1660.7,172.3:1655.0,173.4:1649.2,174.4:1646.0,175.5:1647.0,176.7:0.0,177.7:1346.7,178.7:1343.5,179.8:1336.2,180.8:1322.7,181.9:1318.0,182.9:1316.2,184.0:1315.7,184.9:1316.2,186.0:1316.7,187.1:1318.0,188.1:1318.7,189.1:1321.0,190.1:1326.0,191.2:1331.5,192.3:1333.2,193.2:1335.5,194.3:1339.0,195.3:1345.2,196.4:1350.0,197.4:1353.5,198.5:1363.2,199.5:1373.5,200.5:1380.2,208.5:0.0,209.5:0.0,210.7:0.0,211.7:0.0,212.7:0.0,213.8:0.0,214.8:0.0,215.9:0.0,216.9:0.0,218.0:0.0,219.0:0.0,220.0:0.0,221.1:0.0,222.1:0.0,223.2:0.0,224.2:0.0,225.2:0.0,226.3:0.0,227.3:0.0,228.4:0.0,229.4:0.0,230.5:0.0,231.5:0.0,232.5:0.0,233.6:0.0,234.6:0.0,229.7:0.0,236.6:0.0,237.7:0.0,238.7:0.0,239.8:0.0,240.8:0.0,241.8:0.0,237.2:0.0,243.9:0.0,245.0:0.0,240.5:0.0,241.6:595.5,248.1:0.0,249.1:0.0,244.7:0.0,245.8:568.7,246.8:564.2,253.3:0.0,248.9:559.2,250.0:553.5,251.0:548.5,252.0:544.5,253.3:540.5,254.3:536.2,255.3:532.5,256.5:530.5,257.4:529.0,258.5:526.0,259.7:523.5,260.5:522.0,261.7:519.5,262.8:517.5,263.7:515.2,264.9:514.0,265.8:513.0,266.8:511.5,268.1:510.7,269.1:510.0,270.0:510.7,271.2:510.0,272.0:509.2,273.1:509.5,274.2:510.0,275.3:510.5,276.3:510.2,277.1:511.2,278.2:513.0,279.2:513.7,280.2:515.2,281.3:516.7,282.4:518.0,283.4:520.0,284.5:523.0,285.6:526.0,286.4:527.5,287.5:530.2,288.6:533.0,289.4:535.0,290.5:537.7,291.7:540.5,292.6:544.2,293.5:549.5,294.6:553.0,295.6:555.0,296.6:558.0,297.7:562.0,298.7:566.5,305.1:0.0,306.3:0.0,307.3:0.0,302.7:0.0,303.9:596.2,310.4:0.0,311.5:0.0,312.5:0.0,313.5:0.0,314.6:0.0,315.6:0.0,316.7:0.0,317.7:0.0,318.7:0.0,319.8:0.0,320.8:0.0,321.9:0.0,322.9:0.0,324.0:0.0,325.0:0.0,326.0:0.0,327.1:0.0,328.1:0.0,329.1:0.0,330.2:0.0,331.2:0.0,332.3:0.0,328.3:0.0,329.4:483.5,335.4:0.0,331.6:0.0,332.7:465.2,333.7:459.0,335.0:453.2,335.8:449.7,336.9:445.5,337.9:441.2,339.0:437.5,340.3:433.5,341.4:429.0,342.4:426.7,343.5:424.5,344.6:420.5,345.5:417.7,346.7:415.5,347.6:413.5,348.8:411.0,349.9:407.7,350.6:406.7,352.1:405.2,352.9:403.2,354.1:401.0,
358.7:0.0,359.8:0.0,0.8:0.0,1.8:0.0,2.9:0.0,3.9:0.0,357.9:1578.5,358.9:1606.5,359.9:1602.0,1.0:1593.5,2.0:1602.0,3.0:1610.5,4.1:1615.2,5.1:1622.5,6.2:1634.7,7.2:1648.7,8.2:1658.5,9.3:1667.7,10.3:1681.5,11.3:1696.2,12.3:1711.2,20.5:0.0,14.4:1739.5,22.6:0.0,16.4:0.0,24.7:0.0,25.7:0.0,26.8:0.0,20.6:1837.0,21.6:1846.0,22.7:1841.5,23.7:1836.5,24.7:1834.0,25.8:1832.5,26.9:1833.2,27.9:1833.7,28.9:1832.2,29.9:1831.7,31.0:1834.5,32.0:1837.2,33.1:1836.5,34.1:1839.7,35.2:1844.5,36.2:1848.5,37.3:1854.0,38.3:1862.5,39.4:1868.7,40.4:1873.0,41.4:1881.5,42.5:1888.7,43.5:1897.7,51.8:0.0,52.8:0.0,53.8:0.0,54.9:0.0,55.9:0.0,57.0:0.0,58.0:0.0,59.0:0.0,53.1:0.0,54.2:1407.5,62.2:0.0,63.2:0.0,64.2:0.0,65.3:0.0,66.3:0.0,67.3:0.0,68.4:0.0,69.4:0.0,70.5:0.0,71.5:0.0,72.5:0.0,73.6:0.0,74.6:0.0,75.7:0.0,76.7:0.0,77.7:0.0,78.8:0.0,72.6:0.0,73.7:1776.2,74.7:1746.5,75.8:1719.7,76.9:1694.7,77.9:1669.7,79.0:1645.5,80.0:1623.0,81.0:1605.7,82.1:1590.7,83.1:1574.2,84.1:1553.2,85.1:1531.5,86.2:1522.2,87.2:1528.5,88.3:0.0,89.4:1478.5,90.3:1468.5,91.4:1456.7,92.5:1444.7,93.5:1432.0,94.6:1421.2,95.6:1416.2,96.6:1406.7,97.7:1397.7,98.7:1386.0,99.8:1376.0,100.8:1373.0,101.8:1368.7,102.9:1363.0,103.9:1358.7,105.0:1356.2,106.0:1351.5,107.1:1348.7,108.4:0.0,109.4:1060.0,110.5:1061.2,111.4:1060.7,112.5:1046.0,113.6:1031.7,114.7:1029.7,115.6:1028.0,116.7:1027.5,117.7:1028.2,118.8:1030.2,119.8:1031.7,120.8:1032.7,121.9:1034.2,122.9:1037.0,124.0:1039.5,124.9:1041.2,126.1:1044.7,127.0:1049.0,128.0:1053.7,129.1:1058.0,130.2:1060.5,131.2:1066.5,132.3:1074.2,133.3:1079.0,134.4:1083.2,135.3:1090.2,136.4:1098.0,137.4:1103.0,138.4:1109.7,146.2:0.0,140.5:0.0,141.5:1169.0,149.3:0.0,150.3:0.0,151.4:0.0,152.4:0.0,153.5:0.0,154.5:0.0,155.5:0.0,156.6:0.0,157.6:0.0,158.7:0.0,159.7:0.0,160.7:0.0,161.8:0.0,162.9:0.0,163.9:0.0,165.0:0.0,166.0:0.0,167.1:0.0,168.1:0.0,169.1:0.0,170.2:0.0,171.2:0.0,172.3:0.0,173.3:0.0,174.3:0.0,175.4:0.0,170.9:0.0,171.9:623.5,172.9:615.7,179.6:0.0,175.0:605.2,176.0:598.0,177.1:593.2,178.3:587.7,179.2:582.2,180.4:575.0,181.3:568.0,182.4:562.7,183.4:557.7,184.6:553.2,185.6:549.2,186.7:546.2,187.7:544.7,188.9:542.2,189.7:540.5,190.8:538.7,191.8:536.5,192.9:533.7,193.9:533.0,194.9:531.0,196.2:528.5,197.1:527.2,198.2:526.2,199.2:525.0,200.1:524.0,201.2:525.0,202.5:524.2,203.3:522.7,204.5:522.7,205.5:523.0,206.7:523.2,207.6:523.0,208.5:524.0,209.6:524.5,210.7:524.5,211.9:526.0,212.9:527.0,213.8:528.7,214.8:531.2,215.9:533.5,217.0:535.0,217.9:536.7,218.9:537.7,220.0:539.0,221.0:542.0,222.2:546.0,223.0:549.0,224.1:550.7,225.1:553.2,226.2:557.5,227.3:562.5,228.1:568.0,229.2:570.2,230.1:572.7,236.8:0.0,232.2:582.0,233.2:590.2,234.4:595.7,235.3:601.0,236.3:604.5,243.0:0.0,238.3:0.0,245.1:0.0,246.1:0.0,247.2:0.0,248.2:0.0,249.2:0.0,250.3:0.0,251.3:0.0,252.4:0.0,253.4:0.0,254.5:0.0,255.5:0.0,256.5:0.0,257.6:0.0,258.6:0.0,259.6:0.0,260.7:0.0,261.7:0.0,262.7:0.0,263.8:0.0,258.5:0.0,265.9:0.0,266.9:0.0,267.9:0.0,262.7:0.0,263.9:813.2,271.0:0.0,265.8:801.2,267.0:788.2,268.1:779.0,269.1:771.7,270.1:765.5,271.2:760.2,272.2:753.2,273.4:748.2,274.4:745.0,275.4:738.5,276.3:732.2,277.4:728.2,278.4:725.5,279.5:721.7,280.5:716.7,281.7:712.7,282.7:708.5,283.8:704.2,284.9:702.0,285.9:699.0,286.9:696.7,287.9:695.2,288.9:693.7,290.0:692.2,291.0:689.7,292.0:689.7,293.2:689.7,294.2:688.5,295.1:689.5,296.2:690.2,297.2:690.7,298.3:690.2,299.4:690.2,300.4:692.2,301.5:694.7,302.4:698.0,309.5:0.0,310.5:0.0,311.5:0.0,312.6:0.0,306.9:0.0,307.9:1160.0,309.0:1163.0,310.0:1169.5,311.1:1176.7,312.0:1181.7,313.1:1189.2,314.2:1193.2,315.1:1197.7,323.0:0.0,324.0:0.0,325.1:0.0,326.1:0.0,327.1:0.0,328.2:0.0,322.4:0.0,330.3:0.0,331.3:0.0,332.4:0.0,333.4:0.0,334.5:0.0,335.5:0.0,336.5:0.0,330.6:0.0,338.6:0.0,339.7:0.0,340.7:0.0,341.7:0.0,342.8:0.0,343.8:0.0,344.9:0.0,345.9:0.0,346.9:0.0,348.0:0.0,349.0:0.0,350.1:0.0,351.1:0.0,352.2:0.0,353.2:0.0,354.2:0.0,355.3:0.0,356.3:0.0,357.3:0.0,358.4:0.0,
359.5:0.0,0.5:0.0,1.6:0.0,355.6:1396.5,356.7:1405.7,4.7:0.0,358.8:1399.7,359.8:1395.5,0.9:1400.0,1.9:1404.5,2.9:1410.5,10.9:0.0,12.0:0.0,13.0:0.0,14.0:0.0,15.1:0.0,16.1:0.0,10.2:0.0,11.1:1502.7,12.2:1517.0,13.2:1532.0,21.3:0.0,22.4:0.0,23.4:0.0,17.3:0.0,18.3:1635.0,26.5:0.0,27.5:0.0,21.5:1648.2,22.5:1660.7,23.5:1660.0,24.6:1655.0,25.6:1653.5,26.7:1653.5,27.7:1654.7,28.7:1653.7,29.8:1654.2,30.8:1656.7,31.8:1659.0,32.9:1661.0,33.9:1659.7,35.0:1659.0,36.0:1664.5,37.0:1669.7,38.1:1674.7,39.2:1681.5,40.2:1686.0,41.2:1693.7,42.2:1705.0,43.2:1716.0,44.3:1725.0,45.3:1733.7,46.3:1745.5,47.4:1759.2,55.6:0.0,56.7:0.0,57.7:0.0,58.7:0.0,59.8:0.0,60.8:0.0,61.9:0.0,62.9:0.0,57.0:0.0,65.0:0.0,59.1:1318.7,67.0:0.0,68.1:0.0,69.1:0.0,70.2:0.0,71.2:0.0,72.2:0.0,73.3:0.0,74.3:0.0,75.3:0.0,76.4:0.0,77.4:0.0,78.5:0.0,79.5:0.0,80.5:0.0,81.6:0.0,82.6:0.0,83.7:0.0,77.6:0.0,78.5:1730.5,79.7:1707.2,80.7:1689.0,81.7:1669.7,82.8:1649.2,83.8:1631.2,84.8:1615.2,85.9:1599.7,86.9:1585.0,88.0:1571.5,89.0:1559.2,90.0:1548.2,91.1:1535.5,92.1:1523.2,93.2:1524.2,94.2:1516.0,95.3:1492.2,96.3:1482.0,97.4:1476.7,98.4:1468.5,99.5:1461.0,100.5:1453.7,101.5:1448.0,102.5:1442.5,103.6:1439.5,104.6:1437.5,105.7:1434.7,106.7:1433.5,107.7:1433.2,108.8:1428.7,109.9:1425.7,110.9:1426.0,111.9:1423.2,112.9:1423.2,114.0:1424.5,122.0:0.0,116.2:0.0,117.3:1145.7,118.4:1141.7,126.1:0.0,120.5:1133.7,121.5:1127.0,122.6:1126.2,123.5:1127.5,124.6:1133.2,125.6:1135.7,126.7:1137.7,127.7:1142.7,128.7:1148.5,129.8:1153.0,130.8:1157.5,131.9:1161.5,132.9:1169.5,133.9:1177.2,134.9:1182.2,135.9:1189.0,137.0:1196.0,144.8:0.0,145.9:0.0,146.9:0.0,147.9:0.0,149.0:0.0,143.2:0.0,144.1:0.0,152.1:0.0,153.1:0.0,154.1:0.0,155.2:0.0,156.2:0.0,157.3:0.0,158.3:0.0,159.3:0.0,160.4:0.0,161.4:0.0,162.6:0.0,163.6:0.0,164.6:0.0,165.7:0.0,166.7:0.0,167.8:0.0,168.8:0.0,169.9:0.0,170.9:0.0,171.9:0.0,173.0:0.0,174.0:0.0,175.1:0.0,176.1:0.0,170.8:0.0,172.0:825.7,173.0:816.0,174.1:809.0,175.2:802.7,182.4:0.0,177.3:790.0,178.2:779.5,179.4:772.0,180.3:766.2,187.5:0.0,182.5:758.0,183.5:747.5,184.5:744.0,185.6:741.2,186.6:738.0,187.7:733.7,188.7:730.5,189.8:727.5,191.0:723.7,191.9:719.7,192.9:716.7,194.0:715.0,195.0:712.7,196.1:711.2,197.1:709.7,198.2:708.2,199.2:706.0,200.2:704.5,201.4:704.7,202.3:705.2,203.5:704.7,204.5:704.5,205.6:705.7,206.5:706.5,207.7:705.0,208.6:705.0,209.7:707.5,210.7:708.7,211.9:709.7,212.9:711.7,213.9:713.2,214.9:717.0,216.0:720.7,216.9:722.2,218.0:725.5,219.0:728.2,220.0:731.2,221.0:735.5,222.1:740.0,223.1:743.5,224.1:748.7,225.1:755.7,226.3:760.5,227.3:764.7,228.3:769.7,229.2:775.5,230.4:781.0,237.5:0.0,232.3:791.7,233.3:803.0,234.3:812.7,241.6:0.0,242.7:0.0,243.7:0.0,244.7:0.0,245.8:0.0,246.8:0.0,247.9:0.0,248.9:0.0,249.9:0.0,251.0:0.0,252.0:0.0,253.0:0.0,254.1:0.0,255.1:0.0,256.2:0.0,257.2:0.0,252.0:817.5,259.3:0.0,260.4:0.0,261.4:0.0,262.4:0.0,263.5:0.0,264.5:0.0,265.6:0.0,266.6:0.0,261.6:0.0,262.8:708.2,263.8:701.0,270.7:0.0,265.8:690.2,267.1:680.7,268.0:673.0,269.1:667.2,270.2:662.5,271.3:656.2,272.2:651.0,273.3:646.2,274.4:641.5,275.5:638.2,276.5:635.2,277.5:629.7,278.6:625.5,279.5:624.0,280.5:622.7,281.5:621.0,282.8:616.5,283.6:614.7,284.9:616.7,285.9:617.5,286.9:616.0,293.5:0.0,294.5:0.0,295.6:0.0,296.6:0.0,297.7:0.0,298.7:0.0,293.0:0.0,294.1:1074.5,295.1:1076.7,296.2:1064.5,297.3:1051.0,298.3:1052.0,299.4:1054.5,300.4:1057.2,301.5:1057.7,302.5:1060.0,303.5:1063.0,304.6:1065.5,305.5:1068.0,306.6:1071.5,307.7:1075.7,308.7:1079.7,309.7:1085.7,310.8:1091.5,311.8:1094.5,312.8:1100.2,313.8:1105.2,314.9:1109.5,322.6:0.0,323.7:0.0,324.7:0.0,319.0:0.0,320.0:1156.0,321.1:1165.5,322.0:1175.2,329.9:0.0,331.0:0.0,332.0:0.0,333.0:0.0,334.1:0.0,335.1:0.0,336.2:0.0,337.2:0.0,338.2:0.0,339.3:0.0,340.3:0.0,341.4:0.0,342.4:0.0,343.5:0.0,344.5:0.0,345.5:0.0,346.6:0.0,347.6:0.0,348.7:0.0,349.7:0.0,350.7:0.0,351.8:0.0,352.8:0.0,353.9:0.0,354.9:0.0,355.9:0.0,357.0:0.0,358.0:0.0,
359.5:0.0,0.5:0.0,354.8:0.0,355.9:1116.2,356.9:1119.2,4.7:0.0,359.0:1112.5,0.0:1106.2,1.0:1109.2,2.1:1113.5,9.8:0.0,10.9:0.0,11.9:0.0,13.0:0.0,7.3:0.0,8.3:1159.2,9.3:1169.5,10.3:1179.0,11.4:1188.0,19.2:0.0,20.2:0.0,21.3:0.0,22.3:0.0,23.4:0.0,24.4:0.0,25.5:0.0,26.5:0.0,27.5:0.0,28.6:0.0,29.6:0.0,30.6:0.0,24.0:0.0,25.7:0.0,26.8:1391.7,27.8:1394.5,28.9:1392.7,29.9:1393.7,31.0:1398.0,32.0:1398.5,33.0:1399.0,34.1:1403.2,35.1:1405.0,36.1:1407.0,37.2:1413.0,38.2:1420.2,39.2:1426.2,40.3:1430.2,41.3:1435.2,42.3:1441.7,43.4:1449.2,44.4:1456.0,45.5:1461.0,46.5:1471.0,47.5:1483.5,48.6:1492.7,49.6:1505.7,50.6:1517.0,51.7:1529.2,52.7:1543.0,53.7:1556.0,54.8:1570.0,62.9:0.0,63.9:0.0,64.9:0.0,66.0:0.0,67.0:0.0,68.0:0.0,69.1:0.0,70.1:0.0,71.2:0.0,72.2:0.0,73.2:0.0,74.3:0.0,68.5:0.0,69.6:1199.0,70.6:1187.7,71.7:1186.0,79.5:0.0,80.5:0.0,81.5:0.0,82.6:0.0,83.6:0.0,84.7:0.0,85.7:0.0,86.7:0.0,87.8:0.0,88.8:0.0,89.8:0.0,90.8:0.0,91.8:0.0,92.9:0.0,86.7:0.0,87.8:1706.5,88.8:1691.5,89.9:1678.5,90.9:1665.0,92.0:1652.0,93.0:1638.5,94.1:1627.2,95.1:1618.0,96.1:1611.0,97.2:1603.0,98.2:1592.2,99.2:1582.5,100.2:1575.7,101.3:1571.2,102.3:1567.0,103.4:1570.2,104.4:1569.5,105.4:1557.5,106.5:1550.5,107.6:1547.7,108.6:1545.0,109.7:1545.2,110.7:1543.5,111.8:1540.5,112.8:1542.0,113.8:1540.5,114.8:1541.2,115.9:1543.2,116.9:1544.2,118.0:1547.5,119.0:1549.0,120.1:1550.5,121.1:1554.7,122.1:1559.7,123.1:1564.5,131.2:0.0,132.3:0.0,133.3:0.0,134.3:0.0,128.5:0.0,136.4:0.0,137.5:0.0,131.6:1302.5,132.7:1304.2,140.6:0.0,141.6:0.0,142.7:0.0,143.7:0.0,144.7:0.0,145.8:0.0,139.9:0.0,140.9:1372.2,141.9:1383.0,149.9:0.0,151.0:0.0,152.0:0.0,153.0:0.0,154.1:0.0,155.1:0.0,149.1:0.0,150.1:1547.7,158.2:0.0,159.3:0.0,160.3:0.0,161.3:0.0,162.4:0.0,163.5:0.0,164.5:0.0,165.5:0.0,166.6:0.0,167.6:0.0,168.7:0.0,169.7:0.0,170.7:0.0,171.8:0.0,172.8:0.0,173.9:0.0,168.2:0.0,176.0:0.0,177.0:0.0,178.0:0.0,179.1:0.0,173.4:0.0,174.5:1103.2,175.5:1093.2,183.2:0.0,184.3:0.0,185.3:0.0,179.6:0.0,180.7:1042.7,181.8:1038.2,182.9:1033.7,183.9:1024.5,184.9:1018.0,186.0:1012.5,187.0:1008.0,188.0:1002.5,189.1:998.2,190.1:996.5,191.1:990.7,192.2:986.2,193.2:984.0,194.2:980.5,195.3:976.7,196.4:972.7,197.4:971.0,198.4:969.0,199.5:968.2,200.6:968.0,201.6:965.5,202.6:963.5,203.7:964.5,204.8:965.2,205.9:965.7,206.9:968.0,208.0:969.7,209.0:970.2,210.0:972.0,211.0:974.0,212.0:976.5,213.1:978.5,214.2:982.0,215.2:987.2,216.2:991.2,217.3:994.2,218.3:998.7,219.3:1003.5,220.4:1007.5,221.4:1014.5,222.4:1020.2,223.5:1027.5,224.5:1032.2,225.5:1037.2,226.5:1042.2,227.5:0.0,228.5:1092.2,229.5:1097.2,237.3:0.0,238.3:0.0,239.4:0.0,240.4:0.0,241.4:0.0,242.5:0.0,243.5:0.0,244.5:0.0,245.6:0.0,246.6:0.0,247.7:0.0,248.7:0.0,249.7:0.0,250.8:0.0,251.8:0.0,252.9:0.0,253.9:0.0,254.9:0.0,256.0:0.0,257.0:0.0,258.0:0.0,259.1:0.0,260.1:0.0,255.5:0.0,256.6:0.0,257.7:598.7,258.6:597.7,259.7:598.0,260.8:598.5,267.4:0.0,268.4:0.0,269.5:0.0,270.5:0.0,271.5:0.0,272.6:0.0,273.6:0.0,274.7:0.0,275.7:0.0,276.7:0.0,277.8:0.0,278.8:0.0,279.8:0.0,280.9:0.0,281.9:0.0,276.4:0.0,277.3:999.7,278.4:991.0,279.4:987.2,280.5:0.0,281.6:950.0,282.6:947.2,283.7:943.7,284.7:940.0,285.7:936.5,286.8:934.2,287.7:932.7,288.8:930.0,290.0:927.2,290.9:927.0,292.0:927.7,293.0:927.5,294.0:925.5,295.1:924.0,296.2:925.5,297.1:925.0,298.2:926.0,299.2:928.0,300.3:929.5,301.3:933.0,302.4:934.2,303.4:936.0,304.4:940.2,305.5:941.7,306.5:945.2,307.6:948.5,308.6:950.0,309.6:956.2,310.6:962.0,311.7:965.7,312.7:969.7,313.7:976.2,314.8:981.2,315.8:987.2,316.7:996.5,317.9:1004.7,318.9:1011.0,319.9:1018.0,320.9:1028.0,322.0:1036.0,329.6:0.0,330.7:0.0,325.1:1055.2,326.0:1078.5,327.1:1090.7,328.2:1099.5,335.9:0.0,336.9:0.0,338.0:0.0,339.0:0.0,340.0:0.0,341.1:0.0,342.1:0.0,343.1:0.0,344.2:0.0,345.2:0.0,346.3:0.0,347.3:0.0,348.3:0.0,349.4:0.0,350.4:0.0,351.5:0.0,352.5:0.0,353.5:0.0,354.5:0.0,355.6:0.0,356.6:0.0,357.6:0.0,
358.6:0.0,359.7:0.0,354.2:0.0,355.3:925.5,356.4:926.5,3.8:0.0,4.8:0.0,359.5:921.7,0.5:916.2,1.5:918.5,2.5:923.0,3.6:927.5,4.7:932.0,5.6:938.5,6.7:943.5,7.7:948.5,8.8:955.7,9.8:962.2,10.8:971.2,18.4:0.0,19.4:0.0,13.9:988.5,14.9:1005.7,16.0:1016.0,16.9:1026.5,24.6:0.0,25.6:0.0,26.7:0.0,27.7:0.0,28.8:0.0,29.8:0.0,30.8:0.0,25.1:0.0,32.9:0.0,34.0:0.0,35.0:0.0,36.0:0.0,30.3:0.0,31.3:1219.0,32.4:1220.7,33.4:1223.7,34.4:1227.2,35.4:1231.2,36.5:1235.0,37.5:1240.2,38.6:1243.2,39.6:1246.0,40.6:1250.7,41.7:1256.7,42.7:1262.5,43.8:1266.5,44.8:1273.0,45.8:1281.2,46.9:1288.2,47.9:1296.0,48.9:1304.5,49.9:1313.5,50.9:1323.5,52.0:1333.5,53.1:1346.0,54.1:1361.0,55.1:1374.5,56.1:1385.7,57.1:1400.0,58.2:1418.0,59.2:1435.0,60.2:1451.2,61.3:1469.5,69.3:0.0,70.3:0.0,71.4:0.0,72.4:0.0,73.5:0.0,74.5:0.0,75.5:0.0,76.6:0.0,77.6:0.0,78.7:0.0,79.7:0.0,80.7:0.0,81.8:0.0,82.8:0.0,83.8:0.0,78.1:0.0,79.2:1151.5,80.3:1143.5,88.0:0.0,89.0:0.0,90.0:0.0,91.1:0.0,92.1:0.0,93.1:0.0,94.2:0.0,95.2:0.0,96.2:0.0,97.3:0.0,98.3:0.0,99.4:0.0,93.3:0.0,94.3:1719.5,95.3:1708.2,96.4:1695.2,97.4:1684.0,98.4:1677.0,99.5:1671.5,100.5:1663.2,101.5:1653.2,102.6:1645.2,103.7:1640.7,104.7:1637.7,105.7:1638.7,106.7:1636.0,107.8:1632.7,108.9:1629.7,109.9:1626.0,110.9:1633.5,111.9:1635.0,113.0:1625.0,114.0:1621.5,115.1:1624.5,116.1:1626.2,117.1:1628.0,118.2:1628.5,119.2:1632.0,120.3:1639.0,121.3:1640.0,122.3:1641.7,123.4:1645.7,124.4:1653.7,125.4:1659.5,126.4:1664.5,127.5:1670.5,128.5:1677.2,136.7:0.0,137.7:0.0,138.8:0.0,139.8:0.0,140.8:0.0,141.9:0.0,142.9:0.0,144.0:0.0,145.0:0.0,146.0:0.0,147.1:0.0,141.1:0.0,142.1:1502.0,143.1:1520.7,151.2:0.0,152.2:0.0,146.2:1536.0,154.3:0.0,155.3:0.0,149.3:0.0,150.3:1621.7,158.5:0.0,159.5:0.0,153.3:0.0,161.6:0.0,162.7:0.0,163.7:0.0,164.8:0.0,165.8:0.0,166.9:0.0,167.9:0.0,169.0:0.0,170.0:0.0,171.0:0.0,172.1:0.0,173.1:0.0,174.2:0.0,175.2:0.0,176.2:0.0,177.3:0.0,178.3:0.0,179.4:0.0,180.4:0.0,181.4:0.0,182.5:0.0,176.6:0.0,184.6:0.0,185.6:0.0,186.6:0.0,187.7:0.0,188.7:0.0,189.7:0.0,184.0:0.0,185.0:1204.0,186.1:1200.0,187.1:1193.0,188.1:1185.2,189.2:1181.5,190.3:1175.7,191.2:1169.7,192.3:1165.0,193.4:1160.0,194.4:1155.7,195.4:1154.2,196.5:1152.2,197.6:1149.2,198.6:1146.7,199.6:1146.0,200.6:1143.2,201.7:1140.5,202.8:1139.7,203.8:1139.5,204.8:1140.2,206.0:1142.2,207.0:1143.5,208.0:1144.0,209.0:1145.5,210.0:1147.7,211.1:1149.5,212.1:1152.0,213.2:1156.2,214.2:1159.7,215.2:1161.5,216.3:1164.7,217.3:1171.2,218.3:1175.7,219.5:1180.0,227.2:0.0,228.3:0.0,229.3:0.0,230.3:0.0,231.4:0.0,232.4:0.0,233.5:0.0,234.5:0.0,235.5:0.0,236.6:0.0,237.6:0.0,238.6:0.0,239.7:0.0,240.7:0.0,241.7:0.0,242.8:0.0,243.8:0.0,244.9:0.0,245.9:0.0,247.0:0.0,242.2:0.0,243.2:655.2,244.2:656.0,245.3:659.0,252.1:0.0,253.2:0.0,254.2:0.0,255.3:0.0,256.3:0.0,257.3:0.0,258.4:0.0,259.4:0.0,260.5:0.0,261.5:0.0,262.5:0.0,263.6:0.0,264.6:0.0,265.7:0.0,266.7:0.0,267.7:0.0,268.8:0.0,269.8:0.0,270.9:0.0,271.9:0.0,273.0:0.0,267.5:0.0,268.5:966.7,276.1:0.0,270.7:0.0,271.7:912.0,272.8:905.5,273.9:897.5,275.0:891.5,275.8:889.0,276.9:882.5,278.0:877.2,279.0:874.0,280.1:871.5,281.1:867.2,282.1:861.2,283.2:857.5,284.2:854.0,285.3:850.7,286.2:848.5,287.3:847.7,288.4:846.5,289.5:845.0,290.4:843.7,291.4:842.0,292.5:841.0,293.6:840.0,294.6:841.0,295.7:842.2,296.7:842.2,297.7:843.5,298.7:843.7,299.7:845.0,300.8:846.5,301.8:847.7,302.9:848.5,304.0:849.2,305.0:851.5,306.0:855.5,307.0:860.7,308.0:866.2,309.1:869.0,310.1:872.0,311.2:875.7,312.2:879.0,313.2:884.0,314.2:889.2,315.3:895.0,316.2:900.0,317.3:906.0,318.3:912.7,319.3:918.7,326.8:0.0,327.9:0.0,322.4:934.2,323.5:951.2,324.6:960.2,332.1:0.0,333.1:0.0,334.2:0.0,328.7:0.0,329.7:1017.2,337.3:0.0,338.3:0.0,339.4:0.0,340.4:0.0,341.4:0.0,342.5:0.0,343.5:0.0,344.6:0.0,345.6:0.0,346.6:0.0,347.7:0.0,348.7:0.0,349.8:0.0,350.8:0.0,351.8:0.0,352.9:0.0,353.9:0.0,355.0:0.0,356.0:0.0,357.0:0.0,358.1:0.0,
353.1:629.2,354.1:630.2,355.2:632.0,356.3:635.0,357.2:641.5,358.4:0.0,359.3:616.2,0.4:619.5,1.4:621.2,2.5:622.5,3.4:625.5,4.5:630.2,5.5:634.2,6.5:638.2,7.5:643.2,8.5:648.0,9.5:652.2,10.7:657.2,11.7:661.7,12.8:667.5,13.7:673.5,14.7:678.0,15.7:685.0,22.7:0.0,17.7:697.2,24.8:0.0,25.8:0.0,26.8:0.0,27.9:0.0,28.9:0.0,30.0:0.0,31.0:0.0,32.0:0.0,33.1:0.0,34.1:0.0,35.1:0.0,36.2:0.0,37.2:0.0,38.3:0.0,39.3:0.0,40.3:0.0,41.4:0.0,42.5:0.0,36.7:0.0,37.9:0.0,39.0:0.0,40.1:981.5,41.1:985.0,42.1:989.5,43.2:995.0,44.2:999.2,45.3:1004.0,46.3:1009.5,47.4:1016.0,48.4:1023.2,49.4:1029.7,50.4:1037.2,51.4:1044.7,52.5:1053.7,53.5:1063.2,54.6:1071.2,55.6:1081.2,56.6:1092.7,57.7:1104.7,58.7:1115.5,59.6:1125.7,60.6:1139.0,61.6:1154.0,62.7:1166.5,63.7:1178.5,64.7:1195.5,65.7:1213.5,66.8:1232.2,67.8:1251.7,68.8:1269.5,69.8:1289.5,70.9:1310.0,71.9:1333.5,72.9:1361.0,80.9:0.0,81.9:0.0,83.0:0.0,84.0:0.0,85.0:0.0,86.1:0.0,87.1:0.0,88.1:0.0,89.2:0.0,90.1:0.0,91.2:0.0,92.2:0.0,86.5:0.0,87.5:1182.2,88.6:1173.0,89.6:1162.2,97.4:0.0,98.4:0.0,92.7:1143.5,93.7:1132.0,94.8:1134.2,102.6:0.0,103.6:0.0,104.6:0.0,105.7:0.0,106.7:0.0,107.7:0.0,108.8:0.0,102.7:0.0,103.7:1771.5,104.7:1764.0,105.8:1755.0,106.8:1753.0,107.8:1750.2,108.9:1744.5,110.0:1742.5,111.0:1742.5,112.0:1743.5,113.0:1743.5,114.1:1742.2,115.1:1740.2,116.2:1739.7,117.2:1744.2,118.2:1747.7,119.2:1753.2,120.3:1762.0,121.3:1762.0,122.3:1760.5,123.4:1765.5,124.4:1772.0,125.5:1780.7,126.5:1790.7,127.5:1798.7,128.6:1804.2,129.6:1811.0,130.6:1819.0,131.7:1833.7,132.7:1855.0,133.7:1865.0,134.7:1871.5,135.8:1888.2,144.1:0.0,145.1:0.0,146.1:0.0,147.2:0.0,141.1:0.0,142.2:1659.5,143.2:1673.7,144.2:1681.2,145.2:1678.7,153.4:0.0,154.4:0.0,155.5:0.0,156.5:0.0,157.5:0.0,158.6:0.0,159.6:0.0,160.7:0.0,161.7:0.0,162.8:0.0,163.8:0.0,164.9:0.0,165.9:0.0,166.9:0.0,168.0:0.0,169.0:0.0,170.0:0.0,171.1:0.0,172.1:0.0,173.2:0.0,174.2:0.0,168.0:1707.7,176.3:0.0,177.3:0.0,178.3:0.0,172.2:0.0,173.3:1638.2,174.4:1621.0,182.5:0.0,176.4:1595.0,177.5:1574.5,178.5:1559.2,179.6:1548.5,180.6:1542.7,181.6:1531.5,182.7:1518.5,183.7:1507.5,184.7:1497.2,185.8:1486.7,186.9:1477.0,188.0:1468.2,196.0:0.0,197.0:0.0,198.0:0.0,199.1:0.0,193.1:1447.2,194.1:1425.2,195.2:1417.5,196.3:1415.5,197.3:1413.7,198.4:1409.7,199.4:1407.0,200.4:1407.2,201.4:1405.7,202.5:1405.0,203.6:1406.0,204.7:1406.5,205.7:1406.2,206.8:1406.2,207.8:1407.5,208.8:1410.0,209.9:1411.5,211.0:1412.7,211.9:1415.7,213.0:1438.7,214.0:1462.0,222.1:0.0,223.1:0.0,224.2:0.0,225.2:0.0,226.2:0.0,227.3:0.0,228.3:0.0,229.4:0.0,224.2:0.0,225.2:825.5,226.2:825.0,227.2:824.7,228.2:826.2,229.4:830.2,230.4:836.0,231.3:842.0,232.4:849.5,233.3:856.2,234.4:864.0,241.8:0.0,242.8:0.0,237.5:0.0,238.5:901.0,245.9:0.0,247.0:0.0,248.0:0.0,249.1:0.0,250.1:0.0,251.1:0.0,252.2:0.0,253.2:0.0,254.2:0.0,255.3:0.0,256.3:0.0,257.4:0.0,258.4:0.0,259.5:0.0,260.5:0.0,261.5:0.0,262.6:0.0,263.6:0.0,264.6:0.0,265.7:0.0,266.7:0.0,267.7:0.0,262.6:0.0,263.6:835.0,264.6:823.2,265.7:813.2,266.8:805.7,267.8:799.2,268.8:792.0,269.9:784.7,271.0:781.7,272.0:775.5,273.2:768.5,274.1:764.0,275.1:761.2,276.1:758.0,277.3:751.2,278.3:745.7,279.2:742.5,280.4:738.7,281.4:734.7,282.4:732.0,283.5:729.2,284.5:727.5,285.5:726.0,286.6:723.5,287.6:721.2,288.6:718.5,289.7:716.7,290.8:715.2,291.8:715.5,292.7:715.7,293.9:714.5,294.9:714.0,296.0:713.7,297.0:714.5,298.0:715.7,298.9:718.0,300.2:718.7,301.1:719.0,302.2:721.2,303.3:723.7,304.3:724.5,305.2:726.2,306.3:728.7,307.4:730.7,308.4:734.5,309.4:737.2,310.4:739.7,311.5:743.0,312.5:746.0,313.5:752.0,314.6:758.2,315.5:761.7,316.6:767.5,317.6:770.7,318.6:775.5,319.7:784.2,320.7:790.5,321.6:796.2,322.8:805.2,323.7:813.2,324.9:819.0,332.1:0.0,326.8:832.2,334.2:0.0,328.8:851.2,336.2:0.0,337.3:0.0,338.3:0.0,339.3:0.0,340.4:0.0,341.4:0.0,342.5:0.0,343.5:0.0,344.5:0.0,345.6:0.0,346.6:0.0,347.7:0.0,348.7:0.0,349.7:0.0,350.8:0.0,351.8:0.0,352.9:0.0,353.9:0.0,354.9:0.0,356.0:0.0,351.3:0.0,352.2:635.2,
359.2:0.0,0.2:0.0,1.2:0.0,358.7:0.0,0.2:328.5,0.7:329.0,2.0:330.0,3.2:332.0,3.8:333.5,5.0:334.7,5.9:336.0,7.2:337.5,8.0:340.0,9.2:342.5,13.7:0.0,14.8:0.0,15.8:0.0,16.8:0.0,17.9:0.0,18.9:0.0,20.0:0.0,21.0:0.0,22.0:0.0,23.1:0.0,24.1:0.0,25.2:0.0,26.2:0.0,27.2:0.0,28.3:0.0,29.3:0.0,30.4:0.0,31.4:0.0,32.5:0.0,33.5:0.0,34.5:0.0,35.6:0.0,36.6:0.0,37.6:0.0,38.7:0.0,39.7:0.0,40.8:0.0,41.8:0.0,42.8:0.0,43.9:0.0,44.9:0.0,46.0:0.0,47.0:0.0,48.0:0.0,49.1:0.0,50.1:0.0,51.2:0.0,52.2:0.0,53.2:0.0,54.3:0.0,48.9:0.0,50.1:0.0,51.2:0.0,52.3:0.0,53.2:785.5,54.4:791.0,55.4:797.7,56.4:804.7,57.5:812.7,58.4:821.2,59.5:830.2,60.4:840.0,61.4:849.5,62.5:859.0,63.5:870.7,64.5:883.2,65.5:895.2,66.6:908.5,67.6:922.0,68.6:936.2,69.7:951.0,70.7:967.2,71.7:982.7,72.7:998.5,73.7:1016.7,74.7:1035.7,75.7:1056.0,76.7:1077.2,77.7:1100.5,78.7:1125.0,79.7:1150.7,80.8:1174.5,81.7:1202.5,82.8:1234.5,83.7:1266.2,84.8:1301.5,92.7:0.0,93.7:0.0,94.7:0.0,95.8:0.0,89.9:0.0,91.0:1269.5,92.0:1260.7,93.1:1255.2,94.1:1247.0,95.2:1239.2,96.2:1233.7,104.1:0.0,105.1:0.0,99.4:1221.0,100.4:1209.0,101.4:1206.2,102.4:1202.7,103.5:1198.0,104.5:1193.7,105.6:1190.7,106.6:1186.2,107.6:1186.5,115.5:0.0,116.5:0.0,117.5:0.0,118.6:0.0,112.4:0.0,113.4:1866.7,114.5:1866.0,115.5:1864.7,116.5:1865.7,117.5:1870.0,118.6:1874.5,119.7:1878.7,120.6:1880.5,121.7:1880.5,122.8:1884.0,123.7:1890.5,124.8:1898.0,125.9:1906.2,126.9:1934.2,127.9:1943.7,129.0:1933.5,130.0:1944.7,131.0:1957.0,132.0:1968.7,133.1:1979.5,134.1:1989.2,135.1:2000.5,136.1:2017.5,137.2:2036.0,138.2:2053.7,139.2:2074.5,140.3:2090.2,141.3:2107.0,149.7:0.0,150.7:0.0,151.7:0.0,152.8:0.0,146.6:0.0,154.8:0.0,148.6:1911.5,156.9:0.0,157.9:0.0,159.0:0.0,160.0:0.0,161.0:0.0,162.2:0.0,163.3:0.0,164.3:0.0,165.3:0.0,166.4:0.0,167.4:0.0,168.5:0.0,169.5:0.0,170.6:0.0,171.6:0.0,172.6:0.0,173.7:0.0,174.7:0.0,175.8:0.0,176.8:0.0,177.9:0.0,178.9:0.0,179.9:0.0,181.0:0.0,174.8:1914.0,175.8:1893.7,184.1:0.0,185.1:0.0,178.9:1865.0,187.2:0.0,181.0:1824.7,182.1:1801.5,183.1:1792.0,184.2:1782.0,185.2:1768.0,186.2:1755.2,187.3:1745.7,188.3:1739.0,189.4:1732.2,190.4:1724.5,191.5:1716.5,192.5:1708.7,193.5:1702.5,194.6:1696.7,195.6:1693.0,196.7:1691.0,197.7:1688.5,198.8:1685.2,199.8:1682.5,200.9:1678.5,201.9:1676.7,203.0:1677.0,204.0:1675.2,205.0:1676.2,206.0:1678.0,214.2:0.0,208.2:1695.7,209.2:1713.0,217.4:0.0,218.4:0.0,219.5:0.0,213.9:0.0,215.0:1038.0,216.0:1039.5,217.0:1041.5,218.1:1042.0,219.0:1045.0,220.1:1048.7,221.1:1051.7,222.2:1056.7,223.2:1063.5,224.2:1070.7,225.3:1077.0,226.3:1082.7,227.4:1089.0,228.4:1096.5,229.4:1104.5,237.2:0.0,238.2:0.0,239.2:0.0,240.3:0.0,241.3:0.0,242.4:0.0,243.4:0.0,244.5:0.0,245.5:0.0,246.5:0.0,247.6:0.0,248.6:0.0,249.7:0.0,250.7:0.0,251.7:0.0,252.8:0.0,253.8:0.0,254.9:0.0,255.9:0.0,256.9:0.0,258.0:0.0,259.0:0.0,260.0:0.0,261.1:0.0,262.1:0.0,263.1:0.0,264.2:0.0,265.2:0.0,266.3:0.0,261.4:0.0,268.3:0.0,269.4:0.0,270.4:0.0,265.5:0.0,272.5:0.0,267.8:663.5,268.8:655.5,269.8:652.0,270.8:648.0,271.9:642.0,273.0:636.2,274.0:631.2,275.1:627.5,276.2:623.5,277.2:620.7,278.1:618.7,279.2:614.2,280.4:609.7,281.3:605.7,282.5:603.0,283.5:601.7,284.5:600.7,285.6:599.0,286.5:597.0,287.7:595.7,288.6:594.5,289.8:592.5,290.8:592.5,291.9:592.2,292.8:591.5,294.0:591.0,294.9:590.2,296.0:590.7,297.0:590.7,297.9:591.5,299.1:591.5,300.1:593.2,301.2:595.7,302.1:596.0,303.1:597.5,304.1:599.7,305.3:600.0,306.3:601.5,307.3:604.5,308.4:606.7,309.3:610.0,310.3:613.7,311.4:615.7,312.4:619.7,313.5:624.0,314.4:627.5,315.4:633.2,316.6:637.0,317.6:640.7,318.5:647.0,319.5:653.0,320.7:656.7,327.4:0.0,322.6:663.0,323.7:670.5,324.6:678.5,325.7:687.2,332.7:0.0,333.7:0.0,334.7:0.0,335.8:0.0,336.8:0.0,337.9:0.0,338.9:0.0,339.9:0.0,341.0:0.0,342.0:0.0,343.1:0.0,344.1:0.0,345.1:0.0,346.2:0.0,347.2:0.0,348.2:0.0,349.3:0.0,347.0:0.0,347.6:342.7,348.6:343.0,349.5:343.7,350.7:344.5,352.0:344.7,352.9:344.7,354.2:346.0,
359.2:0.0,0.2:0.0,1.3:0.0,2.3:0.0,3.3:0.0,4.4:0.0,359.1:0.0,6.5:0.0,1.0:0.0,1.6:0.0,2.8:0.0,4.0:0.0,5.1:0.0,6.2:984.0,7.2:988.7,8.2:993.0,9.2:996.7,10.3:1001.2,11.4:1006.5,12.4:1011.7,13.4:1018.5,14.4:1027.0,15.5:1034.2,16.5:1041.0,17.5:1048.0,18.5:1055.7,19.6:1064.2,20.6:1074.2,21.6:1085.7,22.6:1096.5,23.7:1107.7,24.7:1120.2,25.7:1131.7,26.7:1144.7,27.8:1159.2,28.8:1170.5,29.8:1184.7,30.9:1202.7,31.8:1222.5,32.9:1241.0,33.9:1259.0,34.9:1279.5,36.0:1297.7,37.0:1319.0,38.0:1344.7,39.0:1375.7,47.0:0.0,48.1:0.0,49.1:0.0,50.1:0.0,51.2:0.0,52.2:0.0,53.3:0.0,54.3:0.0,55.3:0.0,56.4:0.0,57.4:0.0,51.7:0.0,52.8:1188.7,53.8:1180.0,54.8:1169.0,55.9:1158.7,63.7:0.0,58.0:1147.5,59.0:1136.7,60.0:1133.0,67.8:0.0,68.8:0.0,69.9:0.0,70.9:0.0,71.9:0.0,73.0:0.0,74.0:0.0,75.1:0.0,68.9:0.0,70.0:1768.0,71.0:1764.5,72.0:1760.0,73.1:1754.0,74.1:1750.7,75.2:1748.5,76.2:1744.7,77.2:1742.2,78.2:1740.5,79.3:1741.7,80.3:1742.0,81.4:1740.0,82.4:1741.0,83.4:1743.2,84.4:1746.5,85.5:1763.2,86.5:1769.2,87.5:1761.7,88.5:1762.0,89.6:1766.0,90.6:1777.2,91.7:1783.0,92.7:1789.0,93.7:1801.0,94.7:1809.2,95.8:1814.2,96.8:1824.5,97.8:1840.2,98.9:1851.5,99.9:1864.0,100.9:1881.7,102.0:1899.7,110.2:0.0,111.3:0.0,112.3:0.0,113.3:0.0,107.3:0.0,115.5:0.0,116.5:0.0,117.5:0.0,111.5:1673.5,119.6:0.0,120.6:0.0,121.7:0.0,122.7:0.0,123.7:0.0,124.8:0.0,125.8:0.0,126.9:0.0,127.9:0.0,128.9:0.0,130.0:0.0,131.0:0.0,132.0:0.0,133.1:0.0,134.1:0.0,135.2:0.0,136.2:0.0,137.2:0.0,138.3:0.0,139.3:0.0,140.3:0.0,141.4:0.0,142.4:0.0,143.5:0.0,144.5:0.0,138.4:1662.5,146.6:0.0,140.5:1620.0,141.6:1597.2,149.7:0.0,143.6:1576.0,144.7:1554.0,145.7:1544.7,146.8:1534.0,147.8:1524.2,148.8:1515.0,149.9:1502.7,150.9:1491.7,152.0:1484.0,153.0:1477.0,161.1:0.0,162.2:0.0,163.2:0.0,164.3:0.0,165.3:0.0,159.4:0.0,160.4:1420.0,161.5:1415.0,162.5:1413.7,163.6:1413.5,164.6:1412.0,165.6:1408.7,166.7:1407.5,167.7:1407.7,168.8:1407.0,169.8:1406.2,170.8:1405.0,171.9:1404.5,172.9:1405.7,174.0:1407.2,175.0:1409.5,176.0:1414.7,177.0:1414.7,178.1:1410.2,179.1:0.0,180.1:1466.5,188.2:0.0,189.2:0.0,190.3:0.0,191.3:0.0,192.3:0.0,193.4:0.0,188.1:0.0,195.5:0.0,190.3:0.0,191.3:824.2,192.3:824.0,193.4:826.5,194.3:828.7,195.5:832.0,196.5:837.5,197.5:842.5,198.4:850.2,199.6:858.5,200.5:866.5,207.9:0.0,209.0:0.0,210.1:0.0,204.7:0.0,212.2:0.0,213.2:0.0,214.2:0.0,215.3:0.0,216.3:0.0,217.4:0.0,218.4:0.0,212.9:0.0,220.5:0.0,221.5:0.0,222.6:0.0,223.6:0.0,224.7:0.0,225.7:0.0,226.7:0.0,227.8:0.0,228.8:0.0,229.9:0.0,230.9:0.0,232.0:0.0,233.0:0.0,234.0:0.0,235.1:0.0,236.1:0.0,230.9:0.0,231.9:811.2,233.0:804.7,240.3:0.0,235.1:794.0,236.2:785.2,237.3:779.7,238.3:772.5,239.4:766.2,240.5:762.2,241.4:759.7,242.5:753.7,243.6:747.0,244.7:743.7,245.6:740.0,246.7:737.0,247.8:735.2,248.8:731.7,249.9:728.5,250.9:727.0,252.0:725.0,253.1:721.7,254.0:720.5,255.1:718.7,256.0:717.2,257.2:717.7,258.2:716.5,259.2:714.7,260.3:713.7,261.4:714.2,262.3:714.5,263.4:715.0,264.4:716.7,265.5:718.2,266.5:719.5,267.4:721.0,268.5:723.5,269.6:724.2,270.6:725.2,271.6:727.0,272.8:728.5,273.7:732.7,274.8:736.5,275.8:738.7,276.7:742.2,277.7:746.5,278.9:749.5,279.9:753.2,280.9:759.0,281.9:763.0,283.0:767.7,283.8:772.5,285.0:778.0,286.0:785.5,287.0:792.5,288.0:800.2,289.1:806.0,290.1:814.2,291.1:823.5,298.3:0.0,299.4:0.0,300.4:0.0,301.5:0.0,302.5:0.0,303.5:0.0,304.5:0.0,305.6:0.0,306.7:0.0,307.7:0.0,308.7:0.0,309.8:0.0,310.8:0.0,311.9:0.0,312.9:0.0,313.9:0.0,315.0:0.0,316.0:0.0,317.0:0.0,318.1:0.0,319.1:0.0,320.2:0.0,321.2:0.0,322.2:0.0,323.3:0.0,318.6:0.0,319.7:631.5,320.7:632.2,321.6:634.0,328.5:0.0,329.5:0.0,325.0:629.2,326.0:621.5,327.1:621.5,328.1:623.7,329.1:626.5,330.0:630.0,331.1:633.7,332.0:638.7,333.0:642.7,334.1:646.5,335.1:652.5,336.2:657.5,337.2:660.7,338.2:665.5,339.3:670.7,340.2:678.0,347.2:0.0,348.2:0.0,343.2:693.2,350.3:0.0,351.3:0.0,352.4:0.0,353.4:0.0,354.4:0.0,355.5:0.0,356.5:0.0,357.6:0.0,
359.0:0.0,0.1:0.0,1.1:0.0,2.1:0.0,3.2:0.0,4.2:0.0,5.3:0.0,6.3:0.0,7.3:0.0,1.9:0.0,3.0:0.0,4.2:0.0,5.5:0.0,6.7:0.0,7.7:697.0,8.6:701.5,9.7:705.5,10.7:709.2,11.7:712.5,12.8:716.5,13.8:721.0,14.9:726.2,15.9:732.0,17.0:738.0,17.9:744.0,19.0:749.7,20.0:755.5,21.0:763.5,22.1:771.5,23.1:779.0,24.1:787.5,25.1:795.5,26.0:803.5,27.1:813.2,28.1:824.0,29.1:835.0,30.1:846.5,31.2:856.5,32.2:868.5,33.2:883.2,34.2:897.5,35.2:911.2,36.2:926.7,37.2:942.7,38.3:959.5,39.3:977.0,40.3:995.2,41.3:1014.5,42.4:1033.7,43.3:1056.0,44.3:1079.7,45.3:1103.0,46.3:1129.0,47.3:1161.0,48.4:1173.7,49.4:1161.5,57.2:0.0,58.3:0.0,59.3:0.0,53.6:0.0,54.7:1106.0,55.7:1097.7,56.8:1088.0,57.9:1083.0,58.9:1077.0,59.9:1069.2,61.0:1063.5,62.0:1058.0,63.1:1052.2,64.1:1048.0,65.2:1044.2,66.2:1039.0,67.2:1034.0,68.4:1030.2,69.4:1027.0,70.4:1025.5,71.4:1024.0,72.5:1022.2,73.5:1022.5,74.5:1026.7,82.2:0.0,83.2:0.0,84.3:0.0,78.1:0.0,79.2:1685.2,80.2:1688.2,81.3:1692.7,82.3:1692.2,83.3:1690.5,84.3:1693.0,85.4:1695.7,86.4:1698.0,87.4:1703.5,88.4:1708.7,89.5:1711.2,90.5:1719.2,91.5:1727.2,92.6:1734.5,93.6:1745.0,94.6:1764.0,95.7:1775.2,96.7:1778.2,97.8:1789.7,98.8:1799.2,99.8:1809.2,100.8:1820.0,101.9:1832.2,102.9:1849.0,104.0:1866.2,105.0:1885.2,106.0:1902.2,107.0:1917.0,108.1:1939.7,109.1:1961.2,117.4:0.0,118.4:0.0,119.4:0.0,120.5:0.0,121.5:0.0,115.4:0.0,123.6:0.0,124.6:0.0,125.7:0.0,126.7:0.0,127.7:0.0,128.8:0.0,129.8:0.0,130.8:0.0,131.9:0.0,132.9:0.0,133.9:0.0,135.0:0.0,136.0:0.0,137.0:0.0,138.1:0.0,139.1:0.0,140.2:0.0,141.2:0.0,142.2:0.0,143.3:0.0,144.3:0.0,138.1:0.0,146.4:0.0,147.4:0.0,148.5:0.0,149.5:0.0,143.3:0.0,151.6:0.0,152.6:0.0,146.4:1864.0,147.5:1834.0,148.5:1817.2,149.6:1803.2,150.6:1790.5,151.6:1779.2,152.7:1772.0,153.7:1762.5,154.9:1755.0,155.9:1749.7,157.0:1744.5,158.0:1738.0,159.0:1729.7,160.1:1722.2,161.2:1717.7,162.2:1715.5,163.2:1711.0,164.3:1707.0,165.3:1704.5,166.4:1700.2,167.4:1698.5,168.4:1699.5,169.5:1700.7,170.5:1701.7,171.6:1702.7,172.6:1702.2,173.6:1701.2,174.7:1704.2,175.7:1710.7,176.7:1713.7,177.8:1715.2,178.8:1736.0,179.8:1757.5,188.0:0.0,189.1:0.0,190.1:0.0,191.2:0.0,185.4:0.0,193.2:0.0,187.7:0.0,188.6:1100.5,189.7:1103.0,190.8:1104.7,191.7:1109.5,192.8:1118.0,200.5:0.0,201.6:0.0,202.6:0.0,203.6:0.0,198.0:0.0,199.0:1175.2,200.0:1184.5,207.8:0.0,208.8:0.0,209.9:0.0,211.0:0.0,212.0:0.0,213.0:0.0,207.2:0.0,215.1:0.0,216.2:0.0,217.2:0.0,218.2:0.0,219.3:0.0,220.3:0.0,221.4:0.0,222.4:0.0,223.5:0.0,224.5:0.0,225.5:0.0,226.6:0.0,227.6:0.0,228.7:0.0,229.7:0.0,230.7:0.0,231.8:0.0,226.4:0.0,233.9:0.0,234.9:0.0,236.0:0.0,230.7:0.0,231.8:859.2,232.7:852.2,233.9:845.5,234.9:838.0,236.0:830.2,237.1:823.2,238.1:818.2,239.2:812.0,240.2:806.7,241.3:801.7,242.3:795.2,243.4:791.7,244.4:787.7,245.5:784.5,246.5:783.0,247.5:777.7,248.7:775.5,249.7:774.5,250.7:771.2,251.8:770.0,252.7:768.0,253.8:766.2,254.8:765.2,255.9:762.7,257.0:760.5,258.0:759.7,258.9:759.2,260.1:759.0,261.0:760.0,262.2:760.2,263.2:760.7,264.1:761.2,265.1:761.7,266.2:765.5,267.4:766.7,268.3:767.5,269.3:769.7,270.4:770.7,271.4:775.0,272.5:778.5,273.6:780.0,274.4:783.2,275.5:788.0,276.5:790.7,277.5:795.0,278.5:800.0,279.5:803.0,280.5:807.7,281.5:813.0,282.7:818.2,283.7:824.5,284.7:830.7,285.8:838.2,286.7:845.0,287.7:853.0,288.7:860.5,296.1:0.0,297.2:0.0,298.2:0.0,294.4:0.0,295.5:448.2,296.6:445.5,297.5:443.0,298.7:442.2,299.7:442.2,301.0:0.0,302.3:410.5,303.0:408.5,304.4:407.7,305.2:406.5,306.1:405.5,307.1:404.5,308.6:403.7,309.2:404.0,310.4:404.0,311.3:403.7,312.4:403.2,313.6:404.5,314.8:405.7,315.4:406.0,316.9:406.5,317.6:406.7,318.5:407.7,319.8:409.5,320.9:410.5,322.0:411.0,322.6:411.5,323.7:413.7,324.9:416.7,325.7:418.2,326.7:419.5,328.0:421.0,328.8:423.2,330.0:425.7,331.2:428.5,332.1:431.5,333.1:435.0,334.1:438.5,335.1:441.0,335.9:444.5,337.0:449.0,338.0:451.5,343.9:0.0,340.1:457.2,346.0:0.0,342.1:468.2,343.1:475.2,349.1:0.0,345.0:481.0,351.2:0.0,352.2:0.0,353.2:0.0,354.3:0.0,355.3:0.0,356.4:0.0,357.4:0.0,358.4:0.0,
359.2:0.0,0.2:0.0,1.2:0.0,2.3:0.0,3.3:0.0,4.4:0.0,5.4:0.0,6.4:0.0,2.5:0.0,8.5:0.0,3.4:0.0,4.7:0.0,5.9:0.0,7.2:0.0,8.5:0.0,9.5:0.0,10.7:499.5,11.6:502.5,12.6:505.7,13.7:509.5,14.7:513.2,16.0:516.7,17.0:520.0,17.9:524.2,19.0:529.0,19.8:533.5,21.0:538.5,21.9:543.7,22.8:549.2,24.0:555.2,24.8:562.0,25.9:567.7,26.8:574.2,28.0:581.7,28.9:588.2,30.1:595.5,30.8:604.5,31.9:614.0,32.9:622.7,33.9:631.5,35.0:641.0,36.0:651.7,37.1:663.2,38.0:675.0,38.9:686.2,40.0:700.0,41.0:714.5,42.1:727.7,43.0:743.2,43.9:759.0,45.0:775.2,46.0:792.7,47.0:811.5,48.0:831.5,49.0:852.2,50.1:875.0,51.0:899.7,52.0:925.2,53.0:952.5,54.0:981.0,55.0:0.0,56.0:1040.2,57.0:1050.2,58.1:1045.5,59.1:1039.0,60.1:1032.5,61.2:1026.7,62.3:1020.5,63.2:1014.7,64.3:1011.0,65.4:1007.2,66.4:1002.7,67.5:998.7,68.5:995.2,69.6:993.5,70.5:991.2,71.6:989.0,72.7:986.5,73.7:984.2,74.7:983.7,75.7:982.7,76.8:980.5,77.8:979.0,78.9:979.7,79.9:980.5,81.0:980.5,82.0:980.7,83.0:981.2,83.9:982.7,91.5:0.0,92.6:0.0,93.6:0.0,94.7:0.0,88.6:0.0,89.6:1676.2,90.6:1681.0,91.6:1688.7,92.7:1697.5,93.7:1704.5,94.8:1712.0,95.8:1720.0,96.8:1731.7,97.8:1745.5,98.8:1756.0,99.9:1768.2,100.9:1796.5,101.9:1810.7,103.0:1809.7,104.0:1825.2,105.0:1845.2,106.0:1860.0,107.1:1877.5,108.2:1898.2,109.2:1916.5,110.2:1936.0,111.2:1956.7,112.2:1982.0,113.3:2004.7,114.3:2024.2,122.6:0.0,123.7:0.0,124.7:0.0,125.7:0.0,126.8:0.0,127.8:0.0,128.9:0.0,129.9:0.0,130.9:0.0,132.0:0.0,133.0:0.0,134.0:0.0,135.1:0.0,136.1:0.0,137.1:0.0,138.2:0.0,139.2:0.0,140.3:0.0,141.3:0.0,142.3:0.0,143.4:0.0,144.4:0.0,145.5:0.0,146.5:0.0,147.5:0.0,148.6:0.0,149.6:0.0,150.6:0.0,151.7:0.0,152.7:0.0,153.7:0.0,147.5:2035.0,148.5:2032.5,149.6:2023.5,150.6:2011.5,151.6:1999.2,152.7:1986.7,153.7:1974.0,154.8:1962.7,155.9:1958.7,156.9:1947.5,157.9:1938.7,159.0:1936.2,160.0:1929.2,161.1:1922.7,162.1:1918.5,163.2:1913.5,164.2:1911.2,165.3:1905.5,166.2:1901.2,167.3:1902.7,168.4:1898.0,169.4:1897.2,170.5:1896.7,171.5:1901.0,172.5:1904.0,173.6:1904.2,174.6:1909.2,175.6:1916.7,176.7:1919.0,177.7:1918.7,178.7:1937.7,179.8:1959.7,188.0:0.0,189.1:0.0,190.1:0.0,191.2:0.0,192.2:0.0,193.2:0.0,187.4:0.0,188.4:1298.0,189.5:1300.2,197.4:0.0,198.4:0.0,199.5:0.0,200.5:0.0,201.5:0.0,202.6:0.0,196.7:0.0,197.7:1376.0,198.7:1386.0,206.7:0.0,207.7:0.0,208.8:0.0,209.8:0.0,211.0:0.0,212.0:0.0,213.0:0.0,214.1:0.0,215.1:0.0,216.2:0.0,217.2:0.0,218.2:0.0,219.3:0.0,220.3:0.0,221.4:0.0,222.4:0.0,223.5:0.0,224.5:0.0,225.5:0.0,220.0:0.0,227.6:0.0,228.7:0.0,229.7:0.0,230.7:0.0,231.8:0.0,232.8:0.0,233.9:0.0,228.5:0.0,229.6:917.5,230.5:907.7,231.6:899.0,239.1:0.0,233.8:885.7,234.7:873.2,235.9:866.0,236.9:859.7,238.0:854.0,239.1:845.0,240.0:838.7,241.1:834.2,242.1:829.2,243.3:826.0,244.2:822.2,245.3:818.0,246.5:812.7,247.4:809.0,248.5:805.7,249.5:802.7,250.6:802.0,251.7:800.5,252.6:797.0,253.6:793.5,254.7:792.0,255.7:792.0,256.7:792.5,257.9:791.7,258.9:791.0,259.9:792.2,260.8:792.0,261.9:790.5,262.9:790.0,263.9:791.5,265.0:794.2,272.2:0.0,273.3:0.0,274.3:0.0,275.4:0.0,276.4:0.0,277.4:0.0,278.5:0.0,279.5:0.0,280.5:0.0,281.6:0.0,282.6:0.0,283.6:0.0,284.6:0.0,285.7:0.0,283.6:0.0,287.7:0.0,288.8:0.0,286.8:0.0,288.2:296.0,288.8:294.2,290.5:291.5,291.7:289.2,292.2:287.0,293.4:285.2,294.0:282.7,296.0:281.2,296.6:280.2,297.3:279.0,298.8:277.7,299.6:275.5,300.6:274.2,301.5:274.5,303.1:273.2,303.8:272.5,304.6:272.5,306.0:271.2,307.2:270.5,308.4:270.5,309.1:270.0,311.0:269.2,311.9:269.2,313.1:269.5,313.5:269.7,313.9:270.0,315.5:270.0,316.6:270.5,317.3:271.0,318.8:271.7,320.2:272.5,320.2:273.0,321.9:274.0,322.6:274.7,323.2:275.5,325.0:277.0,325.1:278.5,327.1:280.2,327.2:281.5,328.7:282.7,329.7:284.0,330.3:285.5,332.2:287.2,332.9:289.2,333.3:292.0,337.5:0.0,335.9:295.5,336.2:298.7,340.6:0.0,341.7:0.0,342.7:0.0,343.7:0.0,344.8:0.0,345.8:0.0,346.9:0.0,347.9:0.0,348.9:0.0,350.0:0.0,351.0:0.0,352.0:0.0,353.1:0.0,354.1:0.0,355.2:0.0,356.2:0.0,357.2:0.0,358.3:0.0,
353.0:1079.7,354.0:1075.7,355.0:1068.2,356.1:1062.5,357.2:1059.7,358.2:1055.0,359.2:1053.7,0.2:1052.5,7.9:0.0,9.0:0.0,10.0:0.0,11.0:0.0,12.1:0.0,13.1:0.0,7.0:0.0,8.1:1709.2,9.0:1707.5,10.1:1705.7,11.2:1703.5,12.2:1707.7,13.2:1710.5,14.3:1707.2,15.3:1708.7,16.3:1712.5,17.4:1712.7,18.5:1718.7,19.5:1731.5,20.5:1736.7,21.6:1737.2,22.6:1747.5,23.6:1763.5,24.7:1767.7,25.7:1769.5,26.7:1780.0,27.8:1790.2,28.8:1801.2,29.8:1810.5,30.9:1816.5,31.9:1830.2,32.9:1849.5,34.0:1866.7,35.0:1883.5,36.0:1898.7,37.0:1912.0,38.1:1929.7,46.4:0.0,47.4:0.0,48.5:0.0,49.5:0.0,50.5:0.0,44.5:0.0,52.6:0.0,53.7:0.0,54.7:0.0,55.7:0.0,56.8:0.0,57.8:0.0,58.9:0.0,59.9:0.0,60.9:0.0,62.0:0.0,63.0:0.0,56.8:0.0,65.1:0.0,66.2:0.0,67.2:0.0,68.2:0.0,69.3:0.0,70.3:0.0,71.3:0.0,72.4:0.0,73.4:0.0,74.5:0.0,75.5:0.0,76.5:0.0,77.6:0.0,78.6:0.0,79.7:0.0,80.7:0.0,74.5:0.0,75.6:1778.5,76.6:1767.5,77.7:1753.5,78.7:1740.2,79.8:1729.2,80.9:1714.7,81.9:1698.7,82.9:1687.2,83.9:1679.0,84.9:1671.0,86.0:1662.2,87.0:1653.7,88.1:1648.0,89.1:1640.0,90.1:1630.5,91.1:1627.5,92.2:1624.0,93.2:1619.0,94.3:1616.7,95.3:1613.0,96.3:1608.5,97.4:1606.0,98.4:1603.7,99.5:1605.2,100.5:1603.7,101.5:1602.0,102.6:1602.7,103.6:1602.7,104.6:1605.0,105.7:1608.5,106.7:1608.5,107.7:1609.7,108.7:1618.5,109.8:1642.2,110.8:1660.2,111.8:1658.2,120.0:0.0,121.0:0.0,122.1:0.0,123.1:0.0,124.2:0.0,125.2:0.0,119.7:0.0,120.7:1016.0,121.7:1014.0,122.8:1015.5,123.8:1019.7,124.8:1026.0,125.8:1034.7,126.9:1041.2,127.9:1049.0,135.5:0.0,129.9:1062.0,130.9:1076.5,132.0:1087.2,133.0:1098.2,140.7:0.0,141.8:0.0,142.8:0.0,143.8:0.0,144.9:0.0,145.9:0.0,147.0:0.0,148.0:0.0,149.0:0.0,150.1:0.0,151.1:0.0,152.1:0.0,153.2:0.0,154.2:0.0,155.2:0.0,156.3:0.0,157.3:0.0,158.3:0.0,159.4:0.0,160.4:0.0,161.5:0.0,162.6:0.0,157.3:0.0,164.7:0.0,165.7:0.0,160.5:0.0,167.8:0.0,162.6:857.0,169.9:0.0,164.6:839.7,165.7:826.2,166.9:819.0,167.8:813.2,169.0:807.0,170.0:799.7,171.0:795.0,172.0:791.7,173.1:784.7,174.1:779.5,175.2:777.2,176.4:773.2,177.4:767.5,178.4:765.2,179.5:762.0,180.4:758.5,181.5:758.0,182.6:755.2,183.5:752.5,184.7:750.7,185.7:749.2,186.6:746.7,187.8:745.5,188.7:746.5,189.9:745.0,190.9:744.0,191.8:744.0,193.0:744.5,193.9:744.5,195.0:744.5,196.1:746.0,197.1:748.5,198.1:750.2,199.1:750.7,200.2:750.7,201.1:753.2,202.2:757.5,203.2:759.0,204.4:760.7,205.4:763.5,206.4:767.7,207.4:773.0,208.4:776.0,209.5:778.7,210.5:784.0,211.5:788.7,212.6:793.5,213.6:798.5,214.6:803.2,215.7:809.2,216.7:816.0,217.8:822.5,225.0:0.0,226.0:0.0,220.8:838.0,221.8:852.5,229.2:0.0,230.2:0.0,231.2:0.0,225.9:0.0,233.3:0.0,234.4:0.0,235.4:0.0,236.5:0.0,237.5:0.0,233.6:0.0,234.4:504.0,235.6:496.5,236.8:495.2,237.7:494.2,238.8:493.0,239.8:493.0,241.0:492.0,246.9:0.0,243.0:0.0,244.0:466.7,245.0:466.2,246.2:465.7,247.3:466.5,248.1:466.7,249.4:467.5,250.5:469.0,251.3:470.5,252.4:472.2,253.3:475.2,254.3:477.0,255.5:477.5,256.6:480.2,257.3:481.2,258.6:483.5,259.4:486.5,260.6:489.0,261.6:492.5,262.7:494.5,263.7:496.2,264.5:499.2,265.5:503.7,266.5:507.2,272.8:0.0,273.8:0.0,274.9:0.0,275.9:0.0,277.0:0.0,278.0:0.0,279.0:0.0,280.1:0.0,281.1:0.0,282.1:0.0,283.1:0.0,284.1:0.0,285.2:0.0,286.2:0.0,287.2:0.0,288.3:0.0,289.3:0.0,290.4:0.0,291.4:0.0,292.4:0.0,293.5:0.0,294.5:0.0,295.5:0.0,296.6:0.0,297.6:0.0,292.5:0.0,293.0:0.0,294.2:0.0,295.4:0.0,296.6:0.0,297.6:796.7,298.7:790.0,299.7:793.7,300.8:797.0,301.8:800.5,302.9:803.7,303.8:809.5,305.0:815.7,305.9:820.5,306.9:825.7,308.0:834.0,309.0:841.5,310.0:848.0,311.0:854.0,312.0:861.7,313.1:870.2,314.1:878.5,315.1:887.7,316.1:899.0,317.1:909.7,318.2:920.0,319.1:931.5,320.2:944.2,321.2:956.2,322.2:968.2,323.2:982.5,324.2:996.7,325.3:1010.7,326.3:1027.5,327.3:1044.7,328.4:1060.0,329.4:1078.5,330.4:1099.5,331.4:1117.5,332.4:1140.0,333.4:1164.5,334.4:1185.5,335.4:1213.0,343.3:0.0,344.3:0.0,345.4:0.0,339.6:0.0,340.7:1185.0,341.7:1170.5,342.8:1157.5,350.5:0.0,351.6:0.0,352.6:0.0,346.9:0.0,348.0:1108.5,349.1:1102.5,350.2:1096.0,351.2:1089.7,
