359.2:0.0,0.2:0.0,1.3:0.0,2.3:0.0,3.3:0.0,4.4:0.0,5.4:0.0,4.3:0.0,4.9:264.2,6.3:267.0,6.9:268.5,8.5:271.2,11.6:0.0,12.6:0.0,13.6:0.0,14.7:0.0,15.7:0.0,16.7:0.0,17.7:0.0,18.8:0.0,19.8:0.0,20.8:0.0,21.9:0.0,22.9:0.0,23.9:0.0,25.0:0.0,26.0:0.0,27.0:0.0,24.1:0.0,24.9:385.7,26.0:387.0,27.1:389.7,27.8:393.0,29.1:394.5,29.8:398.0,31.2:396.5,32.2:390.7,33.2:386.2,38.3:0.0,39.4:0.0,36.1:381.7,37.2:381.2,38.2:379.5,39.4:375.7,40.7:373.0,41.4:371.2,42.6:369.2,43.6:367.5,44.8:366.5,45.6:365.5,46.8:365.0,47.5:365.0,48.9:365.7,49.9:367.0,51.0:369.5,51.6:373.0,52.5:378.0,57.9:0.0,58.9:0.0,57.1:0.0,58.8:0.0,59.8:279.2,60.8:273.5,62.2:270.7,63.1:269.2,64.0:269.0,64.4:268.7,66.1:269.2,67.6:270.5,67.4:272.2,68.9:274.0,69.8:275.0,70.8:273.2,72.3:268.7,73.2:264.7,73.8:263.2,75.6:262.5,76.1:262.0,77.0:262.2,78.7:263.2,81.5:0.0,82.6:0.0,83.6:0.0,84.6:0.0,85.6:0.0,86.7:0.0,87.7:0.0,88.7:0.0,89.7:0.0,83.5:0.0,84.5:1851.2,85.6:1846.0,86.6:1845.0,87.6:1851.0,88.6:1854.7,89.6:1856.0,90.7:1856.0,91.7:1861.0,92.7:1867.2,93.7:1873.0,94.7:1878.0,95.8:1885.0,96.8:1892.7,97.8:1898.2,98.8:1904.7,99.9:1918.5,108.1:0.0,109.2:0.0,110.2:0.0,111.2:0.0,112.2:0.0,113.3:0.0,114.3:0.0,108.4:0.0,109.4:1415.5,117.4:0.0,118.4:0.0,119.4:0.0,120.5:0.0,121.5:0.0,115.5:0.0,116.5:1523.5,124.6:0.0,125.6:0.0,126.6:0.0,127.6:0.0,121.5:0.0,129.7:0.0,130.7:0.0,131.7:0.0,132.7:0.0,133.8:0.0,127.6:0.0,128.6:1791.0,129.7:1758.2,130.7:1729.5,131.8:1705.7,132.8:1681.5,133.8:1656.2,134.9:1633.5,135.9:1615.0,136.9:1598.0,138.0:1576.2,139.1:1556.2,140.1:1542.5,141.1:1528.7,142.1:1523.7,143.2:1510.0,144.2:1483.0,145.2:1466.0,146.3:1457.2,147.3:1448.0,148.3:1442.2,156.4:0.0,157.4:0.0,158.4:0.0,159.4:0.0,160.5:0.0,161.5:0.0,162.6:0.0,163.7:0.0,164.7:0.0,165.7:0.0,166.7:0.0,167.8:0.0,168.8:0.0,169.8:0.0,170.9:0.0,171.9:0.0,172.9:0.0,174.0:0.0,175.0:0.0,176.0:0.0,177.1:0.0,178.1:0.0,179.1:0.0,180.1:0.0,181.2:0.0,182.2:0.0,183.2:0.0,184.3:0.0,185.3:0.0,186.3:0.0,187.3:0.0,188.4:0.0,189.4:0.0,190.4:0.0,191.5:0.0,192.5:0.0,193.5:0.0,194.5:0.0,195.6:0.0,196.6:0.0,197.6:0.0,198.7:0.0,199.7:0.0,200.7:0.0,201.7:0.0,202.8:0.0,203.8:0.0,204.8:0.0,205.9:0.0,206.9:0.0,207.9:0.0,209.0:0.0,210.0:0.0,211.1:0.0,212.1:0.0,213.1:0.0,214.2:0.0,215.2:0.0,216.2:0.0,217.2:0.0,218.3:0.0,219.3:0.0,220.3:0.0,221.4:0.0,222.4:0.0,223.4:0.0,224.5:0.0,225.5:0.0,226.5:0.0,227.6:0.0,228.6:0.0,229.6:0.0,230.7:0.0,231.7:0.0,227.1:0.0,228.2:603.5,229.2:596.5,230.3:590.0,236.8:0.0,237.8:0.0,238.9:0.0,239.9:0.0,240.9:0.0,236.5:0.0,237.6:549.7,238.7:545.7,245.0:0.0,240.7:536.2,241.8:532.0,242.8:530.7,244.0:528.2,245.0:526.5,246.1:523.2,247.2:520.7,248.1:519.7,249.2:518.2,250.1:516.7,251.1:514.2,252.2:511.7,253.4:511.0,254.3:509.7,255.5:509.2,256.3:509.2,257.5:508.2,258.6:507.0,259.5:506.5,260.5:507.7,263.2:0.0,264.4:326.7,265.2:329.2,266.0:331.5,267.2:0.0,268.7:315.2,269.5:318.7,270.9:320.5,271.9:319.0,272.6:320.2,277.0:0.0,278.0:0.0,279.0:0.0,280.1:0.0,277.4:0.0,278.1:345.0,279.5:348.2,284.1:0.0,285.1:0.0,282.0:0.0,283.1:365.0,288.1:0.0,289.1:0.0,286.5:363.7,287.4:362.7,288.5:362.5,289.2:359.7,290.3:361.5,291.3:365.5,292.4:365.7,293.5:365.7,294.2:366.2,295.2:366.5,296.6:367.0,297.4:367.5,298.3:367.5,299.7:367.7,300.5:368.7,301.4:370.5,302.5:372.2,303.4:373.5,304.8:375.2,305.7:376.2,306.6:378.0,307.7:380.7,308.5:382.7,309.6:385.5,310.4:388.5,315.8:0.0,316.0:0.0,316.8:204.0,318.0:200.0,319.7:197.7,320.7:195.5,322.0:194.0,322.8:193.0,323.8:192.0,324.8:191.0,325.9:189.0,326.9:186.7,327.9:185.7,329.0:185.5,330.0:185.7,331.0:186.2,332.1:186.5,333.1:186.7,334.1:187.0,335.2:187.5,336.2:187.7,337.2:187.2,338.2:186.5,339.3:185.5,340.3:185.0,341.3:185.7,342.3:187.0,343.4:188.2,344.4:190.0,345.7:0.0,346.7:0.0,347.7:0.0,348.8:0.0,349.8:0.0,350.8:0.0,351.9:0.0,352.9:0.0,353.9:0.0,355.0:0.0,356.0:0.0,357.0:0.0,358.0:0.0,
356.7:268.7,357.0:272.7,0.7:0.0,1.8:0.0,0.3:0.0,3.8:0.0,4.9:0.0,5.9:0.0,3.4:0.0,5.1:310.5,5.4:313.5,10.0:0.0,11.0:0.0,8.3:0.0,9.8:335.0,10.2:339.0,11.7:342.5,12.2:345.5,13.5:348.7,14.3:351.5,15.4:353.0,16.2:354.0,17.2:356.0,18.5:355.7,19.6:351.5,20.8:349.5,22.1:344.7,22.8:340.7,23.8:342.2,24.8:338.7,26.0:333.2,26.9:329.5,28.4:325.2,29.1:324.7,30.1:326.0,31.0:324.7,32.2:323.7,33.2:324.0,34.3:324.5,35.2:324.2,36.1:324.5,37.3:325.7,38.1:327.7,39.5:329.7,40.3:332.0,45.0:0.0,46.0:0.0,47.0:0.0,48.0:0.0,49.1:0.0,50.1:0.0,51.1:0.0,49.5:0.0,51.4:0.0,51.9:262.5,53.1:257.0,55.1:254.0,55.0:253.2,56.1:253.5,56.9:253.5,59.4:253.7,60.7:255.0,60.2:257.0,61.1:258.2,63.0:257.0,63.4:253.5,65.5:249.5,65.6:246.5,67.5:244.7,69.4:244.2,68.6:244.2,71.5:244.5,70.9:245.7,73.8:0.0,74.8:0.0,75.8:0.0,76.8:0.0,77.8:0.0,78.9:0.0,79.9:0.0,80.9:0.0,82.0:0.0,75.8:0.0,76.8:1879.5,77.8:1859.7,78.9:1855.0,79.9:1853.2,80.9:1851.5,81.9:1849.0,82.9:1849.0,83.9:1847.0,84.9:1846.0,86.0:1848.0,87.0:1849.7,88.0:1850.7,89.0:1853.2,90.0:1856.7,91.0:1858.7,92.1:1862.7,93.1:1867.7,94.1:1876.0,95.2:1882.0,96.2:1886.2,97.2:1892.0,98.2:1898.7,106.5:0.0,107.5:0.0,108.5:0.0,109.5:0.0,110.5:0.0,111.6:0.0,112.6:0.0,106.6:0.0,114.7:0.0,108.7:0.0,116.7:0.0,117.8:0.0,118.8:0.0,119.8:0.0,120.8:0.0,121.9:0.0,122.9:0.0,123.9:0.0,124.9:0.0,126.0:0.0,127.0:0.0,128.0:0.0,129.0:0.0,130.1:0.0,131.1:0.0,132.1:0.0,133.1:0.0,134.2:0.0,128.0:0.0,129.0:1780.0,130.1:1749.2,131.1:1721.0,132.2:1696.0,133.2:1671.5,134.2:1648.5,135.3:1626.2,136.3:1607.7,137.4:1587.5,138.4:1566.7,139.4:1551.0,140.5:1538.0,141.5:1526.0,142.5:1531.7,143.6:0.0,144.6:1479.5,145.7:1466.5,146.7:1454.2,147.7:1442.0,148.7:1431.2,149.8:1423.7,150.8:1413.2,151.8:1404.0,152.9:1392.2,153.9:1382.2,155.1:1376.7,156.1:1370.7,157.1:1365.5,158.1:1361.0,159.1:1357.5,160.2:1354.5,161.2:1348.7,162.3:1341.5,163.6:0.0,164.6:1056.2,165.6:1055.2,166.6:1057.5,167.8:0.0,168.8:1024.0,169.8:1023.7,170.9:1022.2,171.9:1021.5,172.9:1022.0,173.9:1023.0,175.0:1023.2,175.9:1023.7,177.0:1024.7,178.0:1027.5,179.0:1030.5,180.0:1034.2,181.1:1036.0,182.1:1038.5,183.2:1042.5,184.1:1045.7,185.2:1050.5,186.2:1053.5,187.2:1056.7,188.2:1064.2,189.2:1073.5,190.3:1078.0,191.2:1083.2,192.3:1089.7,193.3:1095.5,194.3:1102.2,195.3:0.0,196.4:1156.7,204.1:0.0,205.1:0.0,206.2:0.0,207.2:0.0,208.2:0.0,209.2:0.0,210.4:0.0,211.4:0.0,212.4:0.0,213.5:0.0,214.5:0.0,215.5:0.0,216.6:0.0,217.6:0.0,218.6:0.0,219.7:0.0,220.7:0.0,221.7:0.0,222.7:0.0,223.8:0.0,224.8:0.0,225.8:0.0,226.9:0.0,227.9:0.0,228.9:0.0,230.0:0.0,231.0:0.0,226.4:0.0,227.4:605.5,228.4:602.7,229.5:597.0,236.1:0.0,231.8:583.0,232.6:572.7,233.7:567.5,240.2:0.0,236.0:561.0,236.9:554.2,238.1:548.0,239.0:544.7,245.4:0.0,241.1:537.7,247.4:0.0,243.1:530.2,244.4:528.2,250.5:0.0,246.4:524.0,247.3:520.2,248.3:519.5,254.6:0.0,250.5:520.5,251.5:517.2,257.7:0.0,253.6:510.5,254.5:507.7,255.5:508.5,256.7:509.0,257.8:507.7,258.9:506.7,259.7:507.0,260.7:507.0,261.8:507.0,262.9:506.7,263.9:506.7,270.0:0.0,265.9:507.7,267.0:509.0,268.0:509.7,269.0:509.5,269.9:513.0,271.1:515.2,272.1:516.5,273.2:519.5,274.0:520.7,275.0:522.0,276.0:524.2,277.1:527.2,278.1:529.5,279.0:532.5,280.0:535.2,281.0:538.7,282.1:543.5,283.0:546.0,284.2:547.7,285.0:552.2,291.5:0.0,292.5:0.0,293.3:0.0,293.0:242.0,294.7:241.2,296.4:0.0,297.4:0.0,297.3:221.0,299.5:219.5,300.5:218.7,301.5:217.5,301.7:216.0,303.5:214.0,304.6:209.5,305.6:203.5,306.7:199.0,307.7:195.7,308.7:193.2,309.8:193.0,311.1:0.0,312.1:0.0,312.9:195.2,313.9:194.2,314.9:191.5,315.9:190.7,317.0:190.0,318.0:189.7,319.0:190.2,320.3:0.0,321.3:0.0,322.1:193.2,323.1:197.2,324.2:199.5,325.2:201.5,326.2:202.7,327.5:0.0,328.5:0.0,329.3:205.0,330.3:207.0,331.4:207.7,331.4:209.5,333.4:211.2,334.5:213.2,335.5:215.2,336.5:217.0,337.5:218.7,338.6:220.7,339.6:223.2,339.0:225.7,340.2:227.7,342.5:229.2,342.2:231.2,343.0:233.5,344.1:235.5,345.6:237.5,346.4:240.0,348.5:242.7,349.2:245.2,351.1:247.5,351.1:250.2,351.8:253.5,352.0:257.0,353.3:260.2,354.1:263.5,355.9:266.2,355.7:268.7,
357.8:260.7,358.2:264.7,358.7:268.7,0.6:272.5,1.7:276.0,2.2:279.5,2.8:282.2,4.0:284.7,4.7:287.5,5.9:290.7,6.5:294.5,8.1:298.2,8.5:302.5,9.9:306.5,10.7:310.2,11.7:313.7,12.8:316.7,13.3:319.7,14.5:323.0,15.6:326.5,16.8:330.0,17.2:333.5,18.8:336.5,19.8:337.0,20.5:334.5,21.9:330.0,22.5:326.7,27.2:0.0,28.3:0.0,26.2:322.5,27.2:316.0,28.5:311.5,29.5:308.2,30.3:305.5,31.2:303.2,32.3:301.7,33.4:301.5,34.7:300.7,36.0:300.0,36.2:300.2,37.3:300.5,38.3:299.2,40.1:298.5,40.7:299.2,41.6:300.0,42.5:301.7,43.3:304.5,47.8:0.0,48.9:0.0,46.6:0.0,50.9:0.0,51.9:0.0,52.9:0.0,54.0:0.0,52.4:0.0,53.6:0.0,55.0:249.2,57.9:243.2,57.5:239.2,59.5:237.0,61.0:235.5,62.0:234.7,62.3:234.5,62.9:235.0,65.1:235.7,64.5:238.0,66.1:240.2,66.9:241.0,68.2:240.7,69.0:238.7,71.2:235.2,72.3:232.5,72.5:230.7,74.3:229.5,74.6:229.2,75.0:229.5,77.4:230.2,76.9:231.7,79.7:0.0,80.7:0.0,81.7:0.0,82.7:0.0,80.7:0.0,81.2:324.5,82.6:321.5,83.6:319.2,84.5:317.0,85.6:314.2,87.2:311.5,87.9:309.2,89.2:308.2,89.6:307.0,91.2:305.7,92.3:304.7,92.9:304.2,93.9:303.7,95.0:303.0,95.7:302.5,97.3:303.0,98.6:302.7,99.2:302.7,99.8:303.5,101.6:304.2,102.1:304.7,103.0:305.7,104.2:307.2,105.0:309.0,106.2:311.2,107.3:315.0,111.4:0.0,112.4:0.0,113.5:0.0,114.5:0.0,115.5:0.0,116.5:0.0,117.6:0.0,118.6:0.0,119.6:0.0,120.6:0.0,121.7:0.0,122.7:0.0,123.7:0.0,124.7:0.0,125.8:0.0,126.8:0.0,127.8:0.0,128.8:0.0,129.9:0.0,130.9:0.0,131.9:0.0,133.0:0.0,134.0:0.0,127.8:0.0,128.9:1783.7,129.9:1753.0,130.9:1723.5,132.0:1698.2,133.0:1673.2,134.1:1649.5,135.1:1629.5,136.2:1610.7,137.2:1591.7,138.2:1574.2,139.3:1556.7,140.3:1538.0,141.4:1524.2,142.4:1526.0,143.4:1509.7,144.4:1481.5,145.5:1469.2,146.5:1458.0,147.6:1447.0,148.6:1433.7,149.6:1420.5,150.6:1412.0,151.7:1403.2,152.7:1394.0,153.8:1385.7,154.8:1376.2,155.9:1370.2,156.9:1368.0,157.9:1363.2,159.0:1355.0,160.0:1346.5,164.6:0.0,165.6:327.7,166.7:324.2,171.0:0.0,172.1:0.0,173.1:0.0,174.1:0.0,175.2:0.0,172.6:0.0,174.0:0.0,175.4:317.2,176.0:312.5,177.1:0.0,181.4:0.0,182.4:0.0,183.4:0.0,184.4:0.0,185.5:0.0,186.5:0.0,187.5:0.0,182.0:0.0,183.0:1039.5,184.0:1044.5,185.0:1050.0,186.0:1055.0,187.1:1059.0,188.0:1062.7,189.1:1067.2,190.1:1074.0,191.1:1082.7,192.1:1086.2,193.2:1091.5,194.2:1100.5,195.2:0.0,196.2:1153.0,204.0:0.0,205.0:0.0,206.0:0.0,207.1:0.0,208.1:0.0,209.1:0.0,210.2:0.0,211.2:0.0,212.3:0.0,213.3:0.0,214.3:0.0,215.4:0.0,216.4:0.0,217.4:0.0,218.5:0.0,219.5:0.0,220.5:0.0,221.6:0.0,222.6:0.0,223.6:0.0,224.7:0.0,225.7:0.0,226.7:0.0,227.7:0.0,228.8:0.0,229.8:0.0,230.9:0.0,226.2:0.0,227.4:605.2,228.5:600.0,229.5:595.0,230.4:587.7,231.5:579.7,232.6:572.5,233.5:568.0,240.1:0.0,241.2:0.0,236.9:557.2,237.9:548.0,238.8:545.5,245.3:0.0,246.3:0.0,247.3:0.0,243.1:536.5,244.2:526.7,245.1:524.2,246.1:522.5,247.4:520.2,248.4:519.2,249.4:518.7,250.3:517.7,251.6:514.7,252.4:512.2,253.4:511.0,254.6:509.7,255.6:508.0,256.6:507.5,257.5:507.2,258.5:506.5,259.5:506.7,260.8:506.7,261.6:506.5,262.7:506.5,263.8:507.0,264.8:507.5,265.8:508.0,266.8:509.2,267.9:509.7,269.0:510.7,270.0:513.7,270.8:514.7,272.0:516.2,272.8:518.7,273.9:520.0,275.1:522.5,276.1:526.5,276.9:528.0,277.9:530.0,279.0:533.2,279.8:535.2,281.0:538.5,282.0:543.0,283.0:547.0,287.0:0.0,289.3:0.0,290.0:238.0,291.4:233.5,293.2:232.0,294.2:231.2,294.1:229.5,295.5:227.7,296.8:225.2,296.9:222.7,299.4:220.7,299.1:218.0,301.4:215.0,301.7:211.7,302.4:209.0,304.5:207.5,305.5:205.0,306.6:203.2,307.6:202.7,308.6:202.5,309.7:202.7,310.7:202.7,311.7:202.5,312.7:202.5,313.7:202.5,314.0:201.2,315.8:200.0,316.8:199.5,317.6:199.2,318.9:200.0,319.9:200.5,320.9:201.5,322.0:202.5,323.0:201.0,324.2:0.0,325.3:0.0,326.1:200.2,327.1:200.7,328.1:201.5,329.1:203.7,330.4:0.0,331.5:0.0,332.5:0.0,333.5:0.0,334.6:0.0,335.6:0.0,335.4:0.0,337.4:212.7,338.4:214.5,339.7:0.0,340.7:0.0,341.5:217.5,341.5:220.5,342.7:222.0,344.6:223.7,344.1:226.2,346.6:228.0,347.7:229.2,348.7:231.0,348.3:233.0,349.9:235.2,351.7:237.7,350.8:241.2,351.8:243.7,354.2:245.7,353.7:249.2,357.2:0.0,358.2:0.0,
356.4:274.5,357.5:277.5,357.7:281.0,359.4:284.0,359.8:287.5,1.3:292.0,2.3:296.2,3.1:301.0,6.9:0.0,7.9:0.0,9.0:0.0,6.6:0.0,8.0:323.7,12.0:0.0,13.1:0.0,10.4:0.0,11.4:344.0,12.2:345.2,13.3:344.7,14.4:345.2,15.7:348.5,16.6:352.0,17.3:355.0,18.5:357.0,19.8:358.7,20.3:362.5,21.9:362.2,22.5:357.2,23.5:354.5,25.1:0.0,25.8:0.0,26.8:0.0,28.1:333.2,29.0:329.0,30.3:323.2,31.1:321.2,32.7:321.7,33.7:319.2,34.2:317.2,35.5:317.5,36.5:317.7,37.7:316.0,38.5:315.0,39.8:315.0,40.7:315.2,41.9:317.2,43.0:320.0,47.1:0.0,48.1:0.0,45.8:326.2,50.1:0.0,51.2:0.0,50.7:0.0,51.2:0.0,52.5:250.7,54.5:245.0,56.1:242.7,55.3:242.0,56.6:241.2,59.2:241.0,60.2:241.2,60.4:242.2,61.9:242.7,62.5:243.0,63.7:241.5,65.4:237.5,66.3:232.7,65.8:229.5,67.2:227.5,68.4:226.5,70.4:226.2,71.0:226.5,72.5:227.7,73.8:0.0,74.8:0.0,75.8:0.0,76.8:0.0,77.8:0.0,78.9:0.0,79.9:0.0,80.9:0.0,82.0:0.0,83.0:0.0,76.8:0.0,77.8:1872.0,78.8:1855.0,79.8:1852.7,88.1:0.0,89.1:0.0,90.1:0.0,90.9:0.0,91.9:0.0,91.8:225.0,94.0:218.5,95.0:0.0,96.0:205.0,97.3:0.0,98.3:0.0,99.1:205.7,100.1:205.7,101.1:205.7,101.2:207.0,103.2:206.0,104.5:203.7,105.2:201.0,106.2:197.5,107.3:194.2,108.3:191.5,109.3:190.7,110.4:190.5,111.4:189.5,112.4:188.0,113.4:185.7,114.5:183.0,115.5:180.7,116.5:180.0,117.5:180.5,118.8:0.0,119.8:0.0,120.8:0.0,121.9:0.0,122.9:0.0,123.9:0.0,125.0:0.0,126.0:0.0,127.0:0.0,128.0:0.0,129.0:0.0,130.1:0.0,131.1:0.0,132.1:0.0,133.1:0.0,127.0:0.0,128.0:1805.7,129.0:1778.5,130.1:1747.2,131.1:1719.7,132.2:1695.0,133.2:1667.0,134.3:1643.7,135.3:1625.5,136.3:1607.0,137.4:1588.2,138.5:1568.2,139.4:1551.5,140.5:1537.2,141.6:1525.2,142.6:1525.5,143.6:1507.2,144.6:1478.7,145.7:1466.0,146.7:1453.2,147.7:1443.2,148.7:1433.2,149.8:1424.0,150.9:1413.5,151.8:1403.7,152.9:1396.2,154.0:1383.5,155.0:1373.7,156.1:1370.2,157.1:1365.0,158.1:1360.7,159.1:1357.5,160.2:1351.7,161.2:1345.5,162.3:1341.5,163.5:0.0,164.6:1055.2,165.6:1056.0,173.3:0.0,167.8:1040.7,168.8:1024.7,169.8:1023.5,170.9:1021.5,171.9:1020.5,172.8:1022.0,173.9:1022.2,175.0:1021.7,176.0:1023.0,177.0:1025.7,178.0:1028.2,179.0:1030.5,180.1:1031.2,181.1:1034.0,182.2:1039.0,183.2:1042.0,184.2:1043.5,185.3:1047.0,186.3:1052.5,187.2:1059.2,188.3:1065.7,189.3:1071.5,190.3:1077.0,191.3:1082.0,192.4:1088.7,193.4:1095.7,201.1:0.0,195.4:0.0,196.4:1156.0,204.2:0.0,198.6:0.0,206.2:0.0,207.3:0.0,208.3:0.0,209.3:0.0,210.4:0.0,211.4:0.0,212.5:0.0,213.5:0.0,214.5:0.0,215.6:0.0,216.6:0.0,217.6:0.0,218.6:0.0,219.7:0.0,220.7:0.0,221.7:0.0,222.8:0.0,223.8:0.0,224.8:0.0,225.9:0.0,226.9:0.0,227.9:0.0,229.0:0.0,230.0:0.0,231.0:0.0,232.3:0.0,233.4:169.2,234.4:168.5,235.2:0.0,236.2:0.0,237.2:0.0,238.2:0.0,239.2:0.0,240.3:0.0,241.3:0.0,242.4:0.0,243.2:0.0,244.2:203.5,245.2:201.7,246.2:201.7,247.3:201.7,248.3:201.7,249.3:201.7,250.4:201.7,251.4:201.7,252.4:201.7,253.5:201.7,254.5:201.7,255.5:201.7,256.1:201.5,257.6:200.5,258.1:197.0,259.6:193.0,260.6:190.5,261.6:189.7,262.9:0.0,263.9:0.0,265.0:0.0,265.9:0.0,267.0:0.0,268.0:0.0,269.0:0.0,270.0:0.0,271.1:0.0,267.0:0.0,267.9:515.0,269.1:511.2,270.0:513.5,271.1:516.5,272.1:516.2,273.1:517.7,274.0:520.7,275.1:522.7,276.2:526.2,277.0:527.7,278.0:529.0,279.1:532.0,280.2:534.7,281.1:538.5,282.0:542.5,283.0:547.0,284.2:550.7,285.1:554.0,286.1:558.7,287.0:563.5,293.6:0.0,294.6:0.0,295.6:0.0,291.2:0.0,292.2:591.0,293.2:596.7,297.2:0.0,299.1:256.7,300.7:252.0,300.6:248.7,302.0:245.2,304.6:0.0,304.2:229.7,306.7:225.0,307.8:222.2,308.8:222.0,309.8:0.0,310.8:214.5,311.9:213.7,312.9:213.2,313.9:214.2,315.0:0.0,315.4:208.5,317.0:208.2,317.2:207.7,319.0:206.7,320.1:206.7,320.0:208.5,322.0:208.7,323.2:209.2,324.4:0.0,325.5:0.0,325.5:0.0,327.3:203.0,328.3:203.0,329.3:204.2,330.6:0.0,331.7:0.0,332.7:0.0,333.7:0.0,333.5:0.0,335.5:220.5,335.4:223.0,336.6:225.5,337.3:227.5,338.6:228.7,339.1:229.7,341.7:231.5,342.7:234.2,342.0:237.2,344.8:240.2,344.8:242.5,346.8:244.2,346.0:245.7,348.0:247.2,349.0:249.2,350.5:251.5,351.5:254.2,352.2:257.0,352.5:259.7,352.8:262.5,354.6:265.5,355.2:268.5,355.7:271.5,
358.8:0.0,359.9:0.0,0.9:0.0,356.0:0.0,357.1:699.5,358.0:703.0,359.1:703.5,6.0:0.0,7.0:0.0,8.1:0.0,9.1:0.0,3.4:0.0,4.3:1168.2,5.4:1173.2,6.4:1179.5,7.4:1184.5,8.5:1190.5,9.5:1194.7,10.5:1200.5,18.3:0.0,19.4:0.0,20.4:0.0,21.4:0.0,22.5:0.0,23.5:0.0,24.5:0.0,25.5:0.0,26.6:0.0,27.6:0.0,28.6:0.0,29.6:0.0,30.7:0.0,31.7:0.0,32.7:0.0,33.7:0.0,34.8:0.0,35.8:0.0,36.8:0.0,37.9:0.0,38.9:0.0,32.9:0.0,40.9:0.0,42.0:0.0,43.0:0.0,44.0:0.0,45.0:0.0,46.1:0.0,47.1:0.0,48.1:0.0,49.1:0.0,50.2:0.0,51.2:0.0,52.2:0.0,53.2:0.0,54.3:0.0,55.3:0.0,49.0:0.0,57.4:0.0,58.4:0.0,59.4:0.0,53.3:0.0,54.4:1622.0,62.5:0.0,56.4:1618.0,57.4:1617.5,58.4:1625.0,59.5:1630.2,60.5:1639.5,61.5:1652.7,62.5:1659.5,63.6:1665.0,64.6:1680.7,65.6:1694.5,73.8:0.0,67.6:1715.5,68.7:1739.0,76.8:0.0,70.7:1762.7,78.9:0.0,72.7:0.0,73.7:1859.2,74.3:0.0,75.7:0.0,76.8:1862.2,77.9:1858.0,78.9:1854.2,79.9:1851.7,80.9:1848.5,81.9:1847.7,82.9:1846.0,83.9:1846.2,85.0:1848.5,85.9:1846.5,87.0:1849.2,88.0:1855.0,89.0:1855.5,90.0:1856.2,91.1:1861.7,92.1:1866.0,93.1:1870.5,94.1:1876.2,95.1:1881.0,96.2:1886.5,97.2:1893.7,98.2:1904.2,99.2:1911.7,99.9:0.0,108.5:0.0,109.5:0.0,110.6:0.0,111.6:0.0,112.6:0.0,106.6:0.0,114.7:0.0,108.7:0.0,116.7:0.0,117.7:0.0,118.7:0.0,119.8:0.0,120.8:0.0,121.8:0.0,122.8:0.0,123.9:0.0,124.9:0.0,125.9:0.0,126.9:0.0,120.9:0.0,129.0:0.0,130.0:0.0,131.0:0.0,132.0:0.0,133.1:0.0,134.1:0.0,127.9:0.0,129.0:1781.0,130.0:1747.7,131.0:1719.2,132.1:1696.7,133.1:1673.0,134.2:1647.7,135.2:1627.2,136.2:1610.2,137.3:1589.7,138.4:1569.2,139.4:1553.0,140.4:1538.7,141.4:1525.2,142.5:1528.7,143.5:0.0,144.5:1479.7,145.5:1467.0,146.6:1456.0,147.6:1444.2,148.6:1431.7,149.7:1421.2,150.7:1413.7,151.8:1403.2,152.8:1388.7,153.8:1381.7,154.8:1377.7,156.0:1371.5,157.0:1365.7,158.0:1360.2,159.1:1353.7,160.1:1349.2,161.1:1346.0,162.2:1341.0,163.4:0.0,164.6:1056.7,165.5:1054.5,166.5:1052.5,167.6:1039.2,168.7:1025.5,169.7:1024.0,170.7:1021.5,171.8:1020.5,172.8:1021.0,173.8:1022.7,174.8:1023.0,175.8:1023.2,176.9:1024.0,177.9:1025.7,179.0:1029.0,179.9:1030.7,181.0:1035.2,182.0:1039.2,183.0:1042.0,184.0:1045.7,185.1:1049.5,186.0:1053.7,187.1:1057.7,188.1:1062.5,189.1:1071.2,190.2:1077.7,191.2:1082.2,192.2:1086.2,193.2:1093.2,194.3:1102.0,195.2:0.0,196.2:1155.5,204.0:0.0,205.0:0.0,206.1:0.0,207.1:0.0,208.1:0.0,209.1:0.0,210.2:0.0,211.2:0.0,212.3:0.0,213.3:0.0,214.3:0.0,215.3:0.0,216.4:0.0,217.4:0.0,218.4:0.0,219.5:0.0,220.5:0.0,221.5:0.0,222.5:0.0,223.6:0.0,224.6:0.0,225.6:0.0,226.7:0.0,227.7:0.0,228.7:0.0,224.0:0.0,225.2:616.7,226.2:612.2,227.3:606.2,228.3:601.2,229.4:595.2,235.9:0.0,231.5:584.7,232.6:574.2,233.5:567.7,234.7:563.5,241.1:0.0,236.8:556.5,237.7:549.5,238.8:545.7,245.2:0.0,240.9:537.7,242.1:533.2,243.0:532.0,244.1:528.0,245.2:525.5,246.1:522.2,247.1:520.0,248.3:519.2,249.4:516.7,250.3:513.2,251.4:511.7,252.3:510.7,253.2:509.5,254.3:508.7,255.4:507.7,256.3:507.2,257.6:507.5,258.5:507.2,259.6:507.0,260.7:506.5,261.6:506.2,262.7:506.0,263.7:507.0,264.6:507.5,265.7:508.2,266.7:509.0,267.6:508.7,268.8:510.0,269.8:512.5,270.8:515.0,271.8:516.5,272.7:518.0,273.7:519.7,275.0:521.7,275.9:525.5,276.6:527.0,277.7:528.5,278.8:531.2,279.7:534.2,280.8:537.5,281.7:540.5,282.7:544.2,283.8:547.2,284.7:551.2,285.8:555.5,286.8:560.2,287.7:565.5,289.0:0.0,290.4:494.7,291.2:487.0,292.4:479.7,293.4:472.7,294.4:466.0,295.4:462.5,296.7:463.2,297.5:464.2,298.7:462.7,299.5:460.5,300.8:461.7,301.5:466.7,307.6:0.0,308.6:0.0,309.6:0.0,310.6:0.0,311.6:0.0,312.7:0.0,313.7:0.0,314.7:0.0,315.7:0.0,316.7:0.0,317.8:0.0,318.8:0.0,319.8:0.0,320.8:0.0,321.9:0.0,316.6:0.0,323.9:0.0,318.7:837.2,319.7:822.7,320.7:815.0,321.8:805.0,329.0:0.0,323.9:792.5,325.0:781.0,326.0:774.0,327.2:770.2,328.1:764.5,329.1:759.0,330.2:754.0,331.3:747.7,332.3:742.2,333.4:737.0,334.3:732.7,335.4:728.2,336.4:724.2,337.5:721.0,339.7:0.0,340.8:0.0,342.0:428.0,343.0:425.7,344.0:424.5,345.3:421.0,346.0:414.7,347.4:409.5,348.4:406.0,349.3:403.2,350.6:402.2,351.6:404.0,352.5:408.5,357.9:0.0,
353.5:696.5,354.5:697.7,355.5:699.7,356.6:701.2,357.6:702.7,358.5:703.5,359.5:705.5,6.6:0.0,7.6:0.0,8.6:0.0,9.7:0.0,4.0:0.0,5.0:1168.5,5.9:1174.5,7.0:1180.0,8.0:1185.7,9.0:1195.0,10.1:1199.5,11.1:1204.7,18.9:0.0,20.0:0.0,21.0:0.0,22.0:0.0,23.0:0.0,17.2:0.0,18.3:1270.0,26.1:0.0,27.2:0.0,28.2:0.0,29.2:0.0,30.2:0.0,31.3:0.0,32.3:0.0,33.3:0.0,34.4:0.0,35.4:0.0,36.4:0.0,37.4:0.0,38.5:0.0,39.5:0.0,40.5:0.0,41.5:0.0,42.6:0.0,43.6:0.0,37.5:0.0,45.7:0.0,46.7:0.0,47.7:0.0,48.8:0.0,49.8:0.0,50.8:0.0,51.8:0.0,52.9:0.0,53.9:0.0,54.9:0.0,56.0:0.0,57.0:0.0,58.0:0.0,59.0:0.0,53.0:1626.0,54.0:1618.0,55.0:1627.7,56.1:1620.5,57.1:1612.2,58.1:1618.7,59.1:1626.0,60.1:1638.0,61.1:1647.0,62.1:1652.0,63.2:1663.2,64.2:1677.2,65.2:1689.0,66.2:1705.2,74.4:0.0,68.2:1725.7,76.5:0.0,70.3:1756.5,78.5:0.0,72.5:0.0,73.7:0.0,74.8:1242.2,75.8:1224.5,76.8:1210.7,77.9:1207.5,78.9:1225.2,79.5:0.0,80.5:1851.0,81.6:1849.5,82.5:1847.7,83.6:1847.2,84.6:1847.2,85.6:1845.7,86.6:1846.2,87.7:1849.0,88.6:1853.2,89.7:1854.2,90.7:1854.7,91.7:1861.7,92.7:1867.5,93.8:1872.2,94.7:1878.2,95.8:1884.2,96.8:1892.7,97.9:1898.2,98.9:1903.7,99.9:1923.7,108.2:0.0,109.2:0.0,110.2:0.0,111.2:0.0,112.2:0.0,113.3:0.0,114.3:0.0,108.4:0.0,109.3:1414.2,117.4:0.0,118.4:0.0,119.4:0.0,120.5:0.0,121.5:0.0,122.5:0.0,123.5:0.0,124.5:0.0,125.6:0.0,126.6:0.0,127.6:0.0,128.6:0.0,129.7:0.0,130.7:0.0,131.7:0.0,132.7:0.0,133.8:0.0,127.6:0.0,128.6:1786.7,129.7:1760.7,130.7:1731.7,131.8:1702.0,132.9:1676.2,133.9:1654.2,134.9:1632.7,136.0:1613.0,137.0:1596.2,138.0:1575.7,139.1:1556.2,140.1:1542.5,141.1:1528.2,142.2:1526.0,143.2:1514.2,144.3:1485.2,145.3:1465.0,146.3:1453.7,147.4:1446.5,148.4:1438.0,149.4:1428.2,150.4:1420.7,151.5:1411.5,152.6:1398.0,153.5:1388.7,154.6:1380.0,155.7:1370.2,156.6:1365.7,157.7:1363.0,158.7:1357.2,159.8:1351.5,160.8:1347.2,161.8:1343.0,169.7:0.0,164.1:0.0,165.2:1054.5,166.2:1054.5,167.3:1042.2,168.4:1027.0,169.3:1023.0,170.4:1023.5,171.4:1023.2,172.4:1021.5,173.4:1022.2,174.5:1022.7,175.5:1023.5,176.5:1024.7,177.5:1026.7,178.6:1029.5,179.7:1031.2,180.7:1034.2,181.7:1037.0,182.7:1040.7,183.8:1046.5,184.8:1048.7,185.8:1050.5,186.8:1056.0,187.8:1061.7,188.9:1066.2,189.9:1072.0,190.9:1078.7,192.0:1084.0,193.0:1092.0,194.0:1101.0,195.0:0.0,196.0:1152.0,197.0:1161.5,204.8:0.0,205.8:0.0,206.8:0.0,207.8:0.0,208.9:0.0,210.0:0.0,211.0:0.0,212.0:0.0,213.0:0.0,214.1:0.0,215.1:0.0,216.1:0.0,217.2:0.0,218.2:0.0,219.2:0.0,220.3:0.0,221.3:0.0,222.3:0.0,223.4:0.0,224.4:0.0,225.4:0.0,226.4:0.0,221.7:0.0,228.5:0.0,229.5:0.0,230.6:0.0,231.6:0.0,227.1:0.0,228.2:602.2,229.1:595.2,235.7:0.0,236.7:0.0,232.2:0.0,238.8:0.0,239.8:0.0,235.3:564.0,236.5:555.0,237.7:551.2,238.7:546.0,245.0:0.0,240.6:539.5,241.7:532.2,242.7:529.0,243.7:528.5,244.9:526.7,245.9:524.7,246.9:523.7,248.1:521.5,249.1:518.7,250.0:515.5,251.3:512.2,252.1:510.7,253.0:510.2,254.3:510.0,255.2:509.5,256.1:508.5,257.2:507.5,258.3:506.7,259.2:507.5,260.3:507.0,261.3:506.0,262.5:506.0,263.4:506.0,264.5:506.5,265.5:507.2,266.6:508.2,267.5:510.5,268.6:511.0,269.7:511.0,270.5:512.2,271.5:514.0,272.7:517.0,273.7:519.7,274.7:521.2,275.7:523.2,276.7:527.2,277.5:530.2,278.7:530.7,279.5:533.2,280.6:537.5,281.7:541.7,282.5:545.2,283.6:549.2,284.5:553.5,291.0:0.0,292.0:0.0,293.1:0.0,288.6:564.0,295.1:0.0,296.1:0.0,291.7:581.5,292.5:595.0,293.6:602.2,300.2:0.0,301.2:0.0,302.3:0.0,303.3:0.0,304.3:0.0,305.3:0.0,306.4:0.0,307.4:0.0,308.5:0.0,309.5:0.0,310.5:0.0,311.5:0.0,312.6:0.0,313.6:0.0,314.6:0.0,315.6:0.0,316.7:0.0,317.7:0.0,318.7:0.0,319.7:0.0,320.8:0.0,315.4:0.0,322.8:0.0,323.8:0.0,324.9:0.0,319.7:0.0,320.8:814.0,321.7:807.0,329.0:0.0,323.9:795.2,325.0:783.5,325.9:775.7,327.0:768.2,328.0:763.2,329.1:759.0,330.2:753.7,331.1:749.5,332.3:744.0,333.3:737.0,334.2:733.2,335.3:729.5,336.3:725.2,337.4:722.5,338.5:719.2,339.4:715.0,340.4:712.5,341.5:709.0,342.5:705.2,343.6:704.7,344.6:704.0,345.6:701.2,346.6:698.2,347.7:696.5,348.8:697.5,349.9:696.7,350.9:695.0,351.9:695.0,
353.7:502.5,354.6:503.7,355.6:504.5,356.4:505.0,357.5:506.7,358.7:509.5,359.6:511.2,5.8:0.0,6.8:0.0,7.8:0.0,8.9:0.0,9.9:0.0,4.4:0.0,5.4:979.7,6.4:984.0,7.5:988.2,8.5:993.5,9.5:999.7,10.6:1004.0,11.6:1009.5,12.5:1013.7,13.6:1018.0,14.6:1025.7,15.6:1033.5,16.6:1041.2,24.3:0.0,25.3:0.0,19.7:1059.7,27.3:0.0,21.7:1084.5,29.4:0.0,30.4:0.0,31.4:0.0,32.5:0.0,33.5:0.0,34.5:0.0,35.5:0.0,36.6:0.0,37.6:0.0,38.6:0.0,39.6:0.0,40.7:0.0,41.7:0.0,42.7:0.0,43.8:0.0,44.8:0.0,45.8:0.0,46.8:0.0,47.9:0.0,48.9:0.0,49.9:0.0,51.0:0.0,52.0:0.0,53.0:0.0,54.0:0.0,55.1:0.0,56.1:0.0,57.1:0.0,58.1:0.0,59.2:0.0,60.2:0.0,61.2:0.0,62.2:0.0,63.3:0.0,64.3:0.0,65.3:0.0,59.3:0.0,60.3:1522.5,68.4:0.0,62.3:1522.7,63.4:1523.0,64.4:1532.5,65.4:1545.5,66.4:1553.5,67.5:1560.7,75.6:0.0,69.5:1581.0,70.5:1600.5,78.6:0.0,72.5:1622.2,80.7:0.0,81.7:0.0,82.7:0.0,83.8:0.0,84.8:0.0,78.6:0.0,86.8:0.0,87.9:0.0,81.7:1811.2,82.7:1823.0,83.6:1826.2,84.7:1828.2,85.7:1829.7,86.7:1833.0,87.7:1832.7,88.8:1835.0,89.8:1840.0,90.8:1845.2,91.9:1845.0,92.9:1849.7,93.9:1857.0,94.9:1859.2,95.9:1866.2,97.0:1875.7,98.0:1885.2,99.0:1895.2,100.0:1901.5,101.0:1907.7,102.0:1918.0,103.0:1927.2,104.1:1938.2,105.1:1954.7,113.4:0.0,114.4:0.0,115.4:0.0,116.4:0.0,117.4:0.0,118.5:0.0,119.5:0.0,120.5:0.0,121.5:0.0,115.5:0.0,116.5:1503.7,117.5:1513.5,118.5:1530.7,126.6:0.0,127.7:0.0,128.7:0.0,129.7:0.0,130.7:0.0,131.7:0.0,132.8:0.0,133.8:0.0,134.8:0.0,135.8:0.0,136.8:0.0,138.0:0.0,131.7:0.0,132.8:1934.5,133.8:1911.5,134.8:1883.0,135.9:1854.0,136.9:1828.0,137.9:1810.0,139.0:1790.7,140.0:1769.0,141.0:1750.2,142.1:1730.0,143.1:1713.0,144.1:1699.0,145.2:1686.0,146.2:1686.5,147.2:1671.0,148.3:1646.0,149.3:1634.5,150.3:1624.5,151.4:1617.7,152.4:1607.7,153.4:1599.2,154.5:1592.5,155.5:1582.7,156.5:1569.7,157.6:1562.5,158.6:1561.0,159.7:1556.2,160.7:1550.5,161.7:1545.0,162.7:1542.2,163.7:1537.5,164.8:1536.7,166.0:0.0,167.1:1238.2,168.1:1240.2,169.1:1235.0,170.2:1219.5,171.2:1210.2,172.2:1209.7,173.3:1213.2,174.3:1215.2,175.4:1215.0,176.4:1214.2,177.4:1214.0,178.4:1215.2,179.5:1219.2,180.5:1226.5,181.5:1232.2,182.5:1235.5,183.5:1237.5,184.6:1241.2,185.6:1246.7,186.6:1252.2,187.7:1259.2,188.7:1265.0,189.7:1270.2,190.7:1279.2,191.7:1286.2,192.7:0.0,200.7:0.0,201.7:0.0,202.7:0.0,203.8:0.0,204.8:0.0,205.8:0.0,206.9:0.0,207.9:0.0,208.9:0.0,209.9:0.0,211.0:0.0,212.0:0.0,213.0:0.0,214.0:0.0,215.1:0.0,216.1:0.0,217.1:0.0,218.2:0.0,219.2:0.0,220.2:0.0,221.2:0.0,222.3:0.0,223.3:0.0,224.3:0.0,225.3:0.0,226.4:0.0,227.4:0.0,228.4:0.0,229.5:0.0,230.5:0.0,231.5:0.0,232.5:0.0,233.6:0.0,229.0:0.0,230.0:618.5,231.2:610.5,232.0:607.5,233.2:603.2,234.1:597.0,235.2:592.5,236.3:589.2,237.3:583.7,238.3:578.0,239.5:574.0,240.5:570.2,241.6:566.0,242.5:562.2,243.6:559.5,244.7:557.2,245.8:554.7,246.6:551.2,247.8:549.2,248.8:547.7,249.8:545.7,251.0:543.0,251.9:541.0,252.8:539.7,253.9:538.2,255.0:537.0,256.0:535.2,257.1:535.2,258.1:535.0,259.2:534.7,260.2:534.2,261.2:533.7,262.2:534.0,263.2:534.5,264.1:536.0,265.2:536.5,266.3:536.0,267.4:537.0,268.4:538.0,269.2:539.0,270.2:540.2,271.4:541.5,272.3:543.5,273.5:544.5,274.3:547.7,275.4:551.5,276.5:553.7,277.2:556.7,278.3:559.0,279.2:561.7,280.2:564.7,281.4:568.7,282.2:573.7,283.3:577.0,284.4:581.7,285.2:588.7,286.3:592.2,287.3:595.5,288.2:600.5,294.9:0.0,290.2:608.0,291.3:616.5,298.0:0.0,299.0:0.0,300.0:0.0,295.2:0.0,302.0:0.0,303.1:0.0,304.1:0.0,305.1:0.0,300.2:0.0,307.3:0.0,308.3:0.0,309.3:0.0,310.3:0.0,305.3:743.0,312.4:0.0,313.4:0.0,314.4:0.0,315.5:0.0,316.5:0.0,317.5:0.0,318.5:0.0,319.5:0.0,320.6:0.0,321.6:0.0,322.6:0.0,318.0:0.0,319.1:599.2,320.2:592.2,326.7:0.0,327.7:0.0,323.3:0.0,324.4:567.0,325.4:562.5,326.5:558.0,327.4:553.5,328.5:548.5,329.5:544.2,330.7:540.5,331.7:536.5,332.7:533.0,333.8:529.2,334.8:527.2,336.0:525.7,337.1:522.0,337.8:519.0,339.1:517.0,339.9:515.0,341.2:513.0,342.1:510.7,343.3:509.2,344.3:508.0,345.1:505.2,346.3:504.5,347.4:504.5,348.3:503.7,349.5:503.2,350.5:502.7,351.4:502.7,352.4:502.2,353.5:502.7,
356.0:310.0,357.4:309.7,358.6:310.7,359.2:312.5,0.2:315.0,4.5:0.0,5.5:0.0,6.5:0.0,7.6:0.0,8.6:0.0,9.6:0.0,10.6:0.0,11.7:0.0,12.7:0.0,7.5:0.0,8.6:790.0,9.6:793.5,10.6:799.0,11.6:804.0,12.7:809.5,13.7:814.0,14.7:819.0,15.7:824.0,23.0:0.0,17.7:833.7,25.1:0.0,19.9:849.5,20.9:859.0,21.9:867.0,29.2:0.0,30.2:0.0,31.3:0.0,32.3:0.0,33.3:0.0,34.3:0.0,35.4:0.0,36.4:0.0,37.4:0.0,38.5:0.0,39.5:0.0,40.5:0.0,41.5:0.0,42.6:0.0,43.6:0.0,44.6:0.0,45.7:0.0,46.7:0.0,47.7:0.0,48.7:0.0,49.8:0.0,50.8:0.0,51.8:0.0,52.9:0.0,53.9:0.0,54.9:0.0,56.0:0.0,57.0:0.0,58.0:0.0,59.0:0.0,60.1:0.0,61.1:0.0,62.1:0.0,63.2:0.0,64.2:0.0,65.2:0.0,66.2:0.0,67.2:0.0,68.2:0.0,69.2:0.0,70.3:0.0,71.3:0.0,72.3:0.0,66.4:0.0,74.4:0.0,75.4:0.0,76.4:0.0,77.5:0.0,78.5:0.0,79.5:0.0,73.5:0.0,81.6:0.0,82.6:0.0,83.6:0.0,84.6:0.0,85.7:0.0,86.7:0.0,87.7:0.0,88.7:0.0,89.8:0.0,90.8:0.0,91.8:0.0,92.8:0.0,86.3:0.0,94.9:0.0,88.7:0.0,89.7:1817.5,90.7:1824.0,91.8:1832.0,92.8:1833.5,93.8:1836.5,94.8:1841.2,95.8:1847.0,96.8:1855.0,97.9:1863.0,98.9:1871.7,99.9:1879.7,100.9:1888.5,102.0:1898.5,103.0:1909.2,104.0:1920.0,105.0:1931.5,106.0:1943.7,107.1:1958.5,108.1:1972.7,109.1:1988.7,110.1:2005.2,118.4:0.0,119.5:0.0,120.5:0.0,121.5:0.0,122.5:0.0,123.6:0.0,124.6:0.0,125.6:0.0,126.6:0.0,127.7:0.0,121.6:0.0,122.6:1601.2,130.7:0.0,131.8:0.0,132.8:0.0,133.8:0.0,134.8:0.0,135.9:0.0,136.9:0.0,137.9:0.0,139.0:0.0,140.0:0.0,141.0:0.0,142.0:0.0,135.7:0.0,136.8:2073.0,137.8:2049.0,138.9:2020.5,139.9:2001.0,140.9:1983.0,142.0:1966.0,143.0:1946.7,144.0:1928.7,145.1:1911.0,146.1:1892.0,147.1:1878.5,148.1:1864.0,149.2:1855.5,150.2:1846.2,151.2:1829.2,152.2:1813.0,153.3:1802.7,154.3:1796.5,155.4:1787.5,156.4:1777.7,157.5:1766.0,158.5:1757.2,159.5:1752.2,160.5:1748.7,161.6:1746.2,162.6:1740.2,163.6:1731.7,164.7:1728.7,165.7:1729.0,166.7:1732.0,167.9:0.0,169.0:1430.7,177.0:0.0,171.0:1418.7,172.1:1403.0,173.1:1400.2,174.2:1401.2,175.2:1402.7,176.2:1404.2,177.2:1406.7,178.2:1408.0,179.3:1411.0,180.3:1414.5,181.4:1420.2,182.3:1425.5,190.4:0.0,191.4:0.0,192.4:0.0,193.5:0.0,194.5:0.0,195.5:0.0,189.5:0.0,197.6:0.0,191.5:0.0,192.6:1536.7,200.7:0.0,201.7:0.0,202.7:0.0,203.7:0.0,204.8:0.0,205.8:0.0,206.8:0.0,207.9:0.0,208.9:0.0,210.0:0.0,211.0:0.0,212.0:0.0,213.0:0.0,214.1:0.0,215.1:0.0,216.1:0.0,217.2:0.0,218.2:0.0,219.2:0.0,220.2:0.0,221.3:0.0,216.1:0.0,223.3:0.0,224.4:0.0,225.4:0.0,226.4:0.0,227.5:0.0,228.5:0.0,223.5:0.0,230.5:0.0,231.6:0.0,232.6:0.0,233.6:0.0,234.6:0.0,235.7:0.0,230.9:0.0,232.0:645.5,233.0:639.0,234.1:631.5,235.1:623.7,236.2:618.0,237.3:614.0,238.2:608.7,239.2:604.5,240.5:601.2,241.5:597.0,242.3:594.0,243.5:590.7,244.5:586.7,245.5:583.7,246.5:582.0,247.6:579.0,248.6:577.2,249.6:574.7,250.8:571.7,251.8:570.7,252.9:568.7,253.9:566.7,254.9:565.5,255.8:565.0,256.8:565.7,258.0:564.2,259.0:563.7,260.1:564.0,261.0:563.0,262.0:563.2,263.0:563.7,264.1:565.0,265.1:565.2,266.2:566.0,267.2:568.0,268.1:568.7,269.1:571.0,270.1:572.2,271.3:573.0,272.3:575.0,273.3:577.5,274.1:579.5,275.1:581.2,276.3:583.2,277.2:585.5,278.1:589.0,279.2:593.2,280.3:596.5,281.2:599.0,282.2:601.5,283.3:605.7,289.9:0.0,290.9:0.0,286.1:0.0,287.2:658.7,288.1:663.2,295.0:0.0,296.0:0.0,291.4:0.0,298.0:0.0,299.0:0.0,300.1:0.0,301.1:0.0,302.1:0.0,303.1:0.0,304.2:0.0,305.2:0.0,306.3:0.0,307.3:0.0,308.3:0.0,309.4:0.0,310.4:0.0,311.4:0.0,312.4:0.0,313.5:0.0,314.5:0.0,315.5:0.0,316.5:0.0,317.5:0.0,318.6:0.0,319.6:0.0,320.6:0.0,321.7:0.0,322.7:0.0,323.7:0.0,324.7:0.0,325.7:0.0,326.8:0.0,327.8:0.0,325.0:0.0,326.6:340.5,327.6:337.5,328.7:335.7,329.3:333.0,330.6:330.2,331.5:328.5,332.3:326.0,333.4:323.7,334.7:322.2,336.1:319.2,336.6:317.2,338.0:316.7,339.2:315.5,339.8:313.7,341.5:311.7,342.0:311.2,343.1:310.7,344.5:309.5,345.3:309.2,346.0:308.7,346.9:307.5,348.1:307.0,349.6:306.2,350.7:306.2,351.4:306.7,352.8:306.5,353.9:306.5,354.7:306.7,
352.2:1872.5,353.2:1879.2,354.2:1886.0,355.2:1895.2,356.2:1902.0,357.2:1908.0,358.2:1916.2,359.2:1924.7,7.5:0.0,8.5:0.0,9.5:0.0,10.5:0.0,11.5:0.0,12.5:0.0,13.5:0.0,14.5:0.0,15.5:0.0,16.5:0.0,10.5:0.0,18.5:0.0,19.5:0.0,20.5:0.0,21.5:0.0,22.5:0.0,23.6:0.0,24.6:0.0,25.6:0.0,26.6:0.0,27.6:0.0,28.6:0.0,29.6:0.0,30.6:0.0,31.6:0.0,32.6:0.0,33.6:0.0,27.4:0.0,28.4:1867.0,29.4:1840.5,30.5:1814.7,31.5:1787.0,32.5:1763.0,33.5:1741.0,34.5:1720.0,35.6:1698.7,36.6:1677.7,37.6:1661.5,38.6:1645.7,39.6:1628.2,40.7:1616.7,41.6:1615.5,42.7:1603.0,43.7:1579.7,44.7:1563.2,45.7:1550.7,46.7:1541.0,47.8:1530.7,48.8:1520.2,49.8:1511.5,50.8:1503.7,51.8:1494.0,52.8:1485.2,53.8:1478.0,54.8:1472.7,55.8:1468.2,56.9:1461.0,57.9:1457.2,58.9:1455.2,59.9:1450.2,60.8:1447.5,68.9:0.0,63.2:0.0,64.1:1151.0,71.9:0.0,66.2:1136.0,67.2:1124.0,68.1:1123.2,69.2:1120.5,70.2:1120.5,71.2:1125.0,72.2:1128.0,73.2:1126.0,74.2:1124.7,75.2:1127.7,76.2:1130.7,77.2:1133.7,78.2:1136.7,79.2:1137.5,80.2:1141.2,81.2:1145.2,82.2:1147.0,83.2:1152.5,84.1:1158.5,85.2:1164.5,86.1:1170.7,87.2:1174.7,88.1:1182.0,89.2:1191.5,90.2:1198.7,98.0:0.0,92.1:0.0,100.0:0.0,101.0:0.0,102.0:0.0,103.0:0.0,104.0:0.0,105.0:0.0,106.0:0.0,107.0:0.0,108.0:0.0,109.0:0.0,110.0:0.0,111.0:0.0,112.0:0.0,113.0:0.0,114.0:0.0,115.0:0.0,116.0:0.0,117.0:0.0,118.0:0.0,119.0:0.0,120.0:0.0,121.0:0.0,122.0:0.0,123.0:0.0,124.0:0.0,125.0:0.0,126.0:0.0,127.0:0.0,128.0:0.0,129.0:0.0,124.3:0.0,125.5:614.0,126.4:608.0,127.4:602.0,128.5:598.0,135.0:0.0,130.5:591.5,131.6:579.7,132.5:573.0,133.7:570.7,134.7:564.7,135.7:559.7,136.7:556.7,137.9:552.7,138.8:549.2,139.9:546.0,141.0:542.5,141.9:539.7,143.0:537.5,143.8:535.7,144.8:533.7,146.0:532.0,146.9:529.2,147.9:527.2,149.0:526.2,150.1:524.2,150.9:522.5,151.9:522.5,152.9:521.5,154.1:519.5,155.1:519.5,156.0:519.0,157.0:518.7,158.2:519.5,159.0:519.2,160.2:518.2,161.2:518.2,162.3:518.7,163.1:519.5,164.2:522.2,165.0:523.7,166.0:524.2,167.0:525.2,168.2:525.7,169.1:527.0,170.0:529.7,171.1:531.0,172.1:531.7,173.2:534.7,174.0:537.2,175.1:539.7,176.1:542.2,177.0:543.2,178.0:546.7,179.2:552.0,180.1:555.0,181.1:558.5,182.1:562.2,182.9:566.5,183.9:570.7,190.5:0.0,191.5:0.0,186.8:0.0,187.8:595.5,188.9:599.0,189.9:604.2,190.9:610.2,191.9:615.0,198.5:0.0,199.5:0.0,200.5:0.0,201.5:0.0,202.5:0.0,203.5:0.0,204.5:0.0,205.5:0.0,206.5:0.0,207.6:0.0,208.6:0.0,209.6:0.0,210.6:0.0,211.6:0.0,212.6:0.0,207.5:0.0,214.7:0.0,209.6:0.0,210.6:768.0,217.7:0.0,218.7:0.0,219.7:0.0,220.7:0.0,215.7:0.0,216.9:706.7,217.7:700.5,224.7:0.0,219.9:688.5,220.9:675.5,221.9:667.7,223.0:663.2,223.9:659.5,224.9:655.5,226.1:649.7,227.0:644.0,228.0:639.2,229.2:634.7,230.1:631.2,231.2:627.2,232.3:624.5,233.1:621.0,234.2:617.5,235.2:615.7,236.1:612.2,237.2:609.5,238.4:607.5,239.3:604.2,240.4:600.7,241.3:598.5,242.2:599.0,243.5:597.7,244.3:595.7,245.5:595.0,246.5:593.2,247.3:592.7,248.4:593.0,249.4:592.7,250.3:593.5,251.3:594.0,252.3:595.0,253.3:595.7,254.3:596.5,255.4:598.5,256.4:600.2,257.4:600.2,264.0:0.0,265.0:0.0,266.0:0.0,267.0:0.0,268.0:0.0,262.3:0.0,263.4:1070.7,264.3:1075.2,265.3:1080.2,266.4:1083.0,267.4:1087.7,268.3:1094.7,269.3:1102.5,270.3:1108.7,271.4:1113.2,279.0:0.0,280.0:0.0,281.0:0.0,282.0:0.0,282.9:0.0,277.1:0.0,278.1:1185.7,285.9:0.0,286.9:0.0,287.9:0.0,288.9:0.0,289.9:0.0,290.9:0.0,291.9:0.0,292.9:0.0,293.9:0.0,294.9:0.0,295.9:0.0,296.9:0.0,297.9:0.0,298.9:0.0,299.9:0.0,300.9:0.0,301.9:0.0,302.9:0.0,303.9:0.0,304.9:0.0,306.0:0.0,307.0:0.0,308.0:0.0,309.0:0.0,310.0:0.0,311.0:0.0,312.0:0.0,313.0:0.0,314.1:0.0,315.1:0.0,316.1:0.0,317.1:0.0,318.1:0.0,319.1:0.0,320.1:0.0,314.0:0.0,315.0:1575.2,323.1:0.0,317.0:1569.7,318.0:1570.5,319.0:1573.5,320.1:1580.2,321.0:1593.2,322.0:1603.2,323.1:1611.2,324.0:1620.5,325.0:1637.5,326.1:1654.7,334.2:0.0,328.0:1676.2,336.2:0.0,330.0:1713.5,338.2:0.0,339.2:0.0,333.0:0.0,341.2:0.0,342.2:0.0,343.2:0.0,337.0:1835.5,338.0:1847.0,339.0:1839.7,340.0:1839.0,341.0:1841.0,342.0:1839.2,343.0:1839.0,344.0:1839.7,345.0:1841.5,346.1:1846.2,347.1:1851.0,348.1:1856.0,349.1:1861.0,350.1:1864.2,351.1:1867.5,
351.6:1673.0,352.6:1677.5,353.6:1683.7,354.6:1689.5,355.6:1698.0,356.6:1709.7,357.6:1718.5,358.7:1727.0,359.6:1739.0,7.8:0.0,8.8:0.0,9.8:0.0,10.9:0.0,11.9:0.0,12.9:0.0,13.9:0.0,14.9:0.0,15.9:0.0,10.1:0.0,11.1:1270.5,19.0:0.0,20.0:0.0,21.0:0.0,22.0:0.0,23.0:0.0,24.0:0.0,25.0:0.0,26.1:0.0,27.1:0.0,28.1:0.0,29.1:0.0,30.1:0.0,31.1:0.0,32.1:0.0,33.1:0.0,34.2:0.0,35.2:0.0,36.2:0.0,30.0:0.0,31.0:1693.0,32.1:1669.0,33.1:1648.2,34.2:1627.2,35.2:1607.7,36.2:1592.2,37.2:1574.5,38.3:1557.5,39.2:1544.2,40.3:1530.5,41.3:1515.2,42.3:1500.0,43.3:1486.7,44.3:1474.7,45.4:1465.5,46.4:1469.7,47.5:1461.0,48.5:1438.2,49.5:1428.7,50.5:1422.2,51.5:1417.2,52.5:1410.0,53.6:1402.2,54.5:1393.0,55.6:1386.0,56.6:1381.7,57.6:1375.7,58.6:1372.2,59.5:1368.7,60.6:1366.0,61.6:1366.5,62.6:1367.7,63.6:1363.7,64.6:1362.5,65.6:1360.2,66.6:1358.2,67.6:1360.5,68.6:1371.2,76.6:0.0,70.9:0.0,71.9:1079.7,72.9:1083.0,74.0:1086.5,75.0:1077.5,76.0:1067.2,77.0:1066.7,78.0:1069.2,79.0:1073.7,80.1:1075.0,81.1:1077.0,82.1:1082.7,83.0:1086.7,84.0:1090.0,85.1:1094.2,86.0:1099.0,87.0:1104.0,88.0:1111.7,89.1:1119.0,96.8:0.0,97.8:0.0,92.0:1134.0,99.8:0.0,100.8:0.0,95.0:1162.5,96.1:1181.5,103.8:0.0,104.8:0.0,105.9:0.0,100.0:0.0,107.9:0.0,108.9:0.0,109.9:0.0,110.9:0.0,111.9:0.0,112.9:0.0,113.9:0.0,114.9:0.0,115.9:0.0,116.9:0.0,118.0:0.0,119.0:0.0,120.0:0.0,121.0:0.0,122.0:0.0,123.0:0.0,124.0:0.0,125.0:0.0,126.0:0.0,127.0:0.0,128.0:0.0,129.0:0.0,130.0:0.0,131.0:0.0,125.9:0.0,126.8:811.2,127.9:805.5,128.9:797.7,130.0:790.0,130.9:783.2,132.1:776.2,133.0:769.7,134.2:766.0,135.0:760.0,136.2:753.2,137.3:748.7,138.2:745.0,139.2:740.0,140.2:733.5,141.3:729.5,142.2:727.0,143.3:723.7,144.3:721.5,145.4:720.5,146.3:717.7,147.4:714.5,148.4:711.7,149.5:710.0,150.4:708.5,151.4:706.5,152.5:706.2,153.4:706.0,154.5:704.5,155.4:703.5,156.6:703.0,157.7:702.0,158.6:701.2,159.6:702.5,160.6:703.0,161.6:703.5,162.6:703.7,163.6:705.0,164.7:707.0,165.7:708.7,166.7:710.5,167.7:712.5,168.7:715.7,169.8:718.0,170.8:721.2,171.7:724.5,172.7:728.0,173.6:732.0,174.6:734.5,175.8:737.7,176.7:743.0,177.8:747.2,178.8:751.2,179.7:756.5,180.8:760.7,181.7:765.0,182.7:770.7,183.8:776.2,184.8:782.0,191.9:0.0,192.9:0.0,187.7:798.0,188.6:815.0,196.0:0.0,197.0:0.0,198.0:0.0,199.0:0.0,200.0:0.0,201.0:0.0,202.0:0.0,203.1:0.0,197.6:0.0,205.1:0.0,206.1:0.0,207.1:0.0,201.7:0.0,209.1:0.0,210.2:0.0,211.2:0.0,205.8:0.0,213.2:0.0,214.2:0.0,208.9:0.0,216.3:0.0,217.3:0.0,212.0:0.0,213.2:813.5,214.2:804.0,215.1:795.2,216.2:786.2,217.2:777.2,218.3:767.7,219.4:759.2,220.3:753.5,221.3:747.0,222.4:739.5,223.5:734.5,224.4:726.5,225.5:718.7,226.5:713.2,227.6:707.0,228.5:703.2,229.7:699.2,230.6:694.2,231.7:690.2,232.6:685.7,233.6:682.5,234.7:681.2,235.8:678.7,236.8:677.2,237.8:674.5,238.7:672.7,239.7:673.2,240.7:673.7,247.6:0.0,248.7:0.0,249.7:0.0,250.7:0.0,251.7:0.0,252.7:0.0,253.7:0.0,248.0:0.0,249.0:1136.2,250.0:1130.5,251.0:1116.2,252.1:1109.5,253.0:1110.0,254.1:1109.7,255.1:1110.5,256.1:1112.5,257.1:1115.0,258.1:1117.7,259.1:1123.5,260.1:1128.7,261.1:1130.2,262.1:1135.5,263.1:1142.0,264.2:1146.5,265.1:1151.2,266.1:1158.0,267.2:1162.7,268.2:1170.0,269.2:1178.7,270.2:1186.0,271.2:1192.7,279.0:0.0,280.0:0.0,281.0:0.0,282.0:0.0,282.9:0.0,283.9:0.0,284.9:0.0,285.9:0.0,286.9:0.0,288.0:0.0,289.0:0.0,290.0:0.0,291.0:0.0,292.0:0.0,293.0:0.0,294.0:0.0,295.0:0.0,296.0:0.0,297.0:0.0,298.0:0.0,299.0:0.0,300.0:0.0,301.0:0.0,302.0:0.0,303.0:0.0,304.1:0.0,305.1:0.0,306.2:0.0,307.2:0.0,308.2:0.0,309.2:0.0,310.2:0.0,311.2:0.0,312.2:0.0,313.2:0.0,314.2:0.0,315.3:0.0,316.3:0.0,317.3:0.0,311.3:0.0,312.3:1419.5,313.3:1422.5,321.3:0.0,322.3:0.0,316.3:1444.2,324.4:0.0,318.3:1471.7,326.4:0.0,320.3:1487.7,321.4:1499.7,322.4:1510.7,323.4:1521.7,324.4:1531.2,325.4:1543.5,326.4:1552.2,327.4:1563.2,335.5:0.0,329.4:0.0,330.4:1648.2,338.5:0.0,339.6:0.0,333.4:1654.0,334.4:1657.5,335.5:1657.7,336.5:1656.0,337.5:1652.2,338.5:1652.5,339.5:1651.2,340.5:1650.0,341.5:1652.5,342.5:1653.0,343.6:1654.0,344.6:1656.7,345.6:1658.7,346.6:1659.2,347.7:1659.0,348.7:1660.2,349.7:1662.7,350.7:1666.5,
351.8:1387.7,352.9:1392.0,353.9:1397.2,354.9:1402.2,355.9:1411.5,356.9:1421.5,357.9:1427.5,359.0:1433.5,0.0:1442.7,7.9:0.0,9.0:0.0,10.0:0.0,11.0:0.0,12.0:0.0,13.0:0.0,14.0:0.0,15.0:0.0,16.1:0.0,17.1:0.0,11.5:0.0,19.1:0.0,13.6:0.0,14.6:989.0,15.7:991.5,23.2:0.0,17.5:1003.7,18.6:1020.7,26.2:0.0,27.2:0.0,28.2:0.0,29.2:0.0,30.3:0.0,31.3:0.0,32.3:0.0,33.3:0.0,34.3:0.0,35.3:0.0,36.4:0.0,37.4:0.0,38.4:0.0,39.4:0.0,40.4:0.0,41.4:0.0,35.5:0.0,36.5:1467.0,37.5:1447.2,38.6:1430.0,39.6:1416.2,40.6:1400.0,41.6:1384.0,42.7:1372.7,43.7:1363.5,44.7:1354.0,45.7:1342.5,46.7:1332.0,47.8:1323.0,48.8:1314.5,49.8:1306.2,50.8:1299.2,51.9:1293.5,52.9:1287.7,54.0:1280.7,54.9:1277.7,56.0:1280.5,56.9:1283.7,58.0:1277.5,59.0:1266.2,60.0:1259.7,61.0:1256.2,62.0:1256.0,63.1:1254.2,64.1:1252.0,65.0:1251.0,66.1:1250.5,67.1:1250.5,68.1:1249.5,69.1:1249.0,70.1:1251.5,71.1:1252.7,72.1:1252.7,73.1:1255.0,74.2:1258.5,75.2:1261.7,76.2:1264.5,77.2:1268.0,78.2:1270.7,79.2:1273.7,80.3:1281.7,88.1:0.0,89.1:0.0,90.1:0.0,91.1:0.0,92.1:0.0,86.5:0.0,87.5:1032.0,88.6:1037.5,96.2:0.0,90.5:1039.0,91.6:1037.2,92.6:1038.7,93.5:1044.2,101.2:0.0,102.2:0.0,96.6:1061.7,97.6:1078.2,98.6:1088.7,99.5:1100.5,107.3:0.0,108.3:0.0,109.3:0.0,110.3:0.0,111.3:0.0,112.4:0.0,113.4:0.0,114.3:0.0,115.4:0.0,116.4:0.0,117.4:0.0,118.4:0.0,119.4:0.0,120.4:0.0,121.4:0.0,122.4:0.0,123.4:0.0,124.5:0.0,125.5:0.0,126.5:0.0,127.5:0.0,128.5:0.0,129.5:0.0,130.5:0.0,131.5:0.0,132.5:0.0,133.5:0.0,134.6:0.0,128.9:1104.2,129.9:1100.2,137.6:0.0,138.7:0.0,139.7:0.0,140.7:0.0,141.7:0.0,136.2:0.0,137.2:1036.0,138.2:1028.7,139.2:1022.0,140.3:1018.0,141.3:1013.5,142.3:1009.2,143.3:1007.2,144.3:1004.0,145.4:999.5,146.4:995.5,147.4:994.7,148.4:991.7,149.4:986.0,150.5:983.2,151.5:979.0,152.5:975.7,153.5:974.0,154.5:972.5,155.5:973.5,156.6:974.7,157.6:975.2,158.6:974.0,159.6:974.0,160.7:975.0,161.7:975.7,162.7:976.7,163.7:978.2,164.7:981.5,165.7:986.0,166.8:988.0,167.8:988.0,168.8:991.7,169.7:996.0,170.8:999.5,171.8:1003.0,172.9:1005.7,173.8:1010.5,174.8:1015.7,175.8:1020.2,176.9:1025.2,177.8:1031.5,178.9:1039.0,179.8:1045.5,187.5:0.0,188.5:0.0,189.5:0.0,183.8:1063.5,184.9:1083.7,192.5:0.0,193.5:0.0,194.6:0.0,195.6:0.0,196.6:0.0,197.6:0.0,198.6:0.0,199.6:0.0,200.6:0.0,201.7:0.0,202.7:0.0,196.8:0.0,204.7:0.0,205.7:0.0,206.7:0.0,207.7:0.0,202.1:0.0,209.8:0.0,210.8:0.0,211.9:0.0,206.2:0.0,207.3:1025.7,214.9:0.0,215.9:0.0,216.9:0.0,211.5:0.0,219.0:0.0,220.0:0.0,221.0:0.0,215.6:0.0,223.0:0.0,224.0:0.0,225.1:0.0,219.8:0.0,220.8:863.0,221.9:855.7,222.9:852.7,223.9:852.7,224.9:854.5,232.2:0.0,233.2:0.0,234.2:0.0,235.2:0.0,236.2:0.0,237.2:0.0,238.2:0.0,239.2:0.0,240.3:0.0,234.4:0.0,235.4:1268.2,236.5:1264.2,244.3:0.0,245.3:0.0,239.5:0.0,240.5:1219.2,241.6:1218.7,242.6:1215.5,243.6:1211.2,244.6:1207.7,245.6:1207.0,246.6:1206.5,247.7:1207.5,248.7:1208.5,249.7:1208.7,250.7:1208.7,251.7:1210.0,252.7:1212.2,253.7:1210.5,254.7:1214.2,255.7:1217.2,256.8:1214.5,257.7:1217.7,258.8:1225.5,259.8:1231.2,260.8:1235.5,261.8:1238.5,262.8:1241.2,263.8:1247.0,264.8:1253.2,265.9:1259.7,266.9:1266.5,267.9:1270.7,268.9:1277.5,269.8:1287.5,277.7:0.0,278.8:0.0,279.8:0.0,280.8:0.0,281.8:0.0,282.7:0.0,283.7:0.0,277.8:0.0,278.7:1382.0,286.7:0.0,287.7:0.0,288.7:0.0,289.7:0.0,290.8:0.0,291.8:0.0,292.8:0.0,293.8:0.0,294.8:0.0,295.8:0.0,296.8:0.0,297.8:0.0,298.8:0.0,299.8:0.0,300.8:0.0,301.8:0.0,302.9:0.0,303.9:0.0,298.0:0.0,299.1:1266.2,307.0:0.0,301.2:1254.0,302.2:1242.7,303.2:1243.7,304.2:1244.5,305.2:1246.2,306.2:1247.5,307.2:1252.2,308.2:1255.0,309.2:1254.2,310.2:1257.5,311.2:1263.0,312.2:1270.7,313.2:1275.7,314.3:1277.0,315.3:1283.7,316.3:1292.5,324.2:0.0,325.2:0.0,326.2:0.0,327.2:0.0,328.2:0.0,329.2:0.0,323.4:0.0,324.4:1392.0,332.4:0.0,333.4:0.0,334.4:0.0,328.4:1394.5,329.5:1395.7,330.5:1390.2,331.5:1383.2,332.5:1380.2,333.5:1380.2,334.6:1377.5,335.5:1370.5,336.6:1366.2,337.6:1363.5,338.6:1361.0,339.6:1361.7,340.6:1361.2,341.7:1361.0,342.7:1361.5,343.7:1363.2,344.7:1366.0,345.7:1368.7,346.7:1372.7,347.7:1376.2,348.7:1379.2,349.7:1382.5,350.7:1383.2,
352.6:1014.7,353.7:1018.5,354.7:1023.5,355.6:1028.0,356.6:1031.7,357.7:1036.2,358.7:1042.0,359.7:1045.5,0.7:1054.0,1.0:0.0,9.3:0.0,10.4:0.0,11.4:0.0,12.4:0.0,13.4:0.0,14.4:0.0,15.4:0.0,16.5:0.0,17.5:0.0,18.5:0.0,19.5:0.0,20.5:0.0,21.5:0.0,22.6:0.0,23.6:0.0,18.9:0.0,25.6:0.0,21.0:640.0,22.0:628.7,22.9:625.7,24.0:625.5,25.0:626.5,26.2:629.0,32.7:0.0,33.8:0.0,34.8:0.0,35.8:0.0,36.8:0.0,37.8:0.0,38.8:0.0,39.9:0.0,40.9:0.0,41.9:0.0,42.9:0.0,44.0:0.0,45.0:0.0,46.0:0.0,47.0:0.0,48.0:0.0,49.0:0.0,50.1:0.0,51.1:0.0,52.1:0.0,53.1:0.0,47.4:0.0,48.4:1170.0,49.5:1164.0,50.4:1157.0,51.5:1149.0,52.5:1143.7,53.6:1138.0,54.5:1131.7,55.5:1127.5,56.6:1124.0,57.6:1120.0,58.6:1115.0,59.5:1113.2,60.6:1112.5,61.6:1109.2,62.6:1105.7,63.6:1103.7,64.6:1102.0,65.7:1101.7,66.7:1103.0,67.7:1104.2,68.7:1103.7,69.8:1103.2,70.8:1105.7,71.7:1108.2,72.7:1116.5,73.7:1125.7,74.8:1122.5,75.8:1117.5,76.9:1118.0,77.9:1120.7,78.9:1126.0,79.8:1129.7,80.8:1132.7,81.8:1137.2,82.9:1146.0,83.9:1152.0,84.8:1157.5,85.9:1165.0,86.8:1170.5,87.8:1177.5,88.9:1185.0,89.9:1193.2,90.9:1205.0,91.9:1217.0,92.9:1224.5,93.9:1232.5,94.9:1244.2,95.9:1257.7,96.9:1269.5,104.8:0.0,105.8:0.0,106.8:0.0,107.8:0.0,108.8:0.0,109.8:0.0,110.9:0.0,111.9:0.0,106.2:0.0,107.2:1088.5,108.3:1090.7,115.9:0.0,116.9:0.0,117.9:0.0,118.9:0.0,120.0:0.0,121.0:0.0,122.0:0.0,123.0:0.0,124.0:0.0,125.0:0.0,126.0:0.0,127.0:0.0,128.0:0.0,129.1:0.0,130.1:0.0,131.1:0.0,132.1:0.0,133.1:0.0,134.1:0.0,128.1:0.0,129.1:0.0,130.2:1517.2,131.1:1506.0,139.2:0.0,140.2:0.0,141.3:0.0,142.3:0.0,143.3:0.0,144.3:0.0,138.3:0.0,139.4:1401.0,140.4:1394.0,141.4:1390.0,142.4:1384.7,143.5:1379.0,144.4:1374.2,145.5:1366.0,146.5:1358.0,147.5:1353.7,148.5:1349.0,149.5:1344.0,150.6:1342.0,151.5:1341.0,152.6:1339.5,153.7:1337.0,154.7:1336.0,155.7:1337.2,156.7:1335.2,157.8:1334.2,158.7:1333.7,159.8:1332.7,160.8:1335.5,161.8:1336.2,162.8:1338.0,163.8:1341.2,164.9:1344.7,165.9:1349.2,166.9:1352.5,167.9:1354.7,168.9:1356.0,169.9:1363.7,171.0:1371.5,172.0:1374.7,172.9:1380.0,174.0:1387.2,175.0:1395.0,176.0:1401.0,184.0:0.0,185.0:0.0,186.0:0.0,187.0:0.0,188.1:0.0,189.1:0.0,190.1:0.0,191.1:0.0,185.0:0.0,186.1:1524.0,187.1:1538.2,188.1:1546.2,196.2:0.0,190.1:0.0,191.2:1627.5,192.1:1631.0,200.3:0.0,201.3:0.0,202.3:0.0,203.3:0.0,204.3:0.0,205.4:0.0,206.4:0.0,207.4:0.0,208.4:0.0,209.4:0.0,210.5:0.0,211.5:0.0,212.5:0.0,213.5:0.0,207.7:0.0,208.8:1168.0,209.8:1160.2,210.9:1161.2,218.6:0.0,219.6:0.0,220.6:0.0,221.7:0.0,222.7:0.0,223.7:0.0,224.7:0.0,225.7:0.0,226.8:0.0,227.8:0.0,228.8:0.0,222.8:0.0,223.8:1518.5,231.8:0.0,232.9:0.0,233.9:0.0,234.8:0.0,228.9:0.0,229.9:1410.2,230.9:1404.0,232.0:1399.2,233.0:1390.2,234.0:1381.7,235.0:1378.7,236.0:1377.0,237.0:1373.2,238.1:1368.7,239.1:1361.0,240.1:1356.2,241.1:1354.2,242.1:1352.7,243.1:1349.7,244.2:1346.7,245.2:1345.0,246.2:1343.0,247.2:1342.0,248.3:1339.7,249.2:1340.0,250.2:1340.7,251.3:1344.2,252.3:1346.7,253.3:1343.2,254.3:1346.5,255.4:1349.5,256.4:1352.2,257.4:1356.0,258.3:1359.5,259.4:1364.7,260.4:1371.0,261.4:1377.2,262.5:1382.2,263.5:1388.0,264.5:1394.0,265.4:1399.5,266.5:1405.0,274.4:0.0,275.5:0.0,276.5:0.0,277.5:0.0,278.5:0.0,279.5:0.0,273.5:0.0,274.5:1497.5,275.4:1509.2,276.4:1524.7,277.4:1539.0,285.5:0.0,286.5:0.0,280.8:0.0,281.8:1118.2,282.8:1111.0,283.9:1092.7,284.9:1079.0,286.0:1073.2,287.0:1068.7,287.9:1065.7,289.0:1063.7,289.9:1061.7,291.0:1058.5,292.0:1056.0,293.1:1054.2,294.0:1052.0,295.0:1050.5,296.1:1049.7,297.1:1045.2,298.1:1046.0,299.0:1047.7,300.2:1047.5,301.2:1050.0,302.2:1049.5,303.2:1051.0,304.2:1052.2,305.2:1052.0,306.3:1055.2,307.2:1059.0,308.2:1060.2,309.2:1061.5,310.3:1064.7,311.3:1082.0,312.3:1096.7,313.3:1100.5,314.3:1103.5,322.0:0.0,315.4:0.0,317.3:0.0,318.4:1076.5,319.5:1068.5,320.4:1061.5,321.4:1054.0,322.5:1047.2,323.6:1043.2,324.5:1038.5,325.5:1033.2,326.6:1028.2,327.7:1022.7,328.6:1018.7,329.7:1014.2,330.7:1009.7,331.8:1007.0,332.7:1004.5,333.8:1002.7,334.7:999.7,335.7:999.2,336.8:997.7,337.8:995.7,338.9:995.0,339.8:994.0,340.8:995.2,341.9:994.7,343.0:995.0,343.9:995.7,345.0:996.2,346.0:997.5,347.0:999.5,348.0:1001.7,349.0:1004.0,350.0:1006.0,351.0:1008.7,
352.7:734.5,353.7:737.7,354.7:741.2,355.8:743.5,356.7:747.0,357.8:751.5,358.7:755.7,359.8:759.5,0.7:764.7,7.9:0.0,1.9:0.0,9.9:0.0,10.9:0.0,11.9:0.0,13.0:0.0,14.0:0.0,15.0:0.0,16.0:0.0,17.0:0.0,18.0:0.0,19.0:0.0,20.1:0.0,21.1:0.0,22.1:0.0,23.1:0.0,24.1:0.0,25.2:0.0,26.2:0.0,27.2:0.0,28.2:0.0,29.2:0.0,30.2:0.0,31.2:0.0,32.3:0.0,33.3:0.0,34.3:0.0,35.3:0.0,36.3:0.0,37.4:0.0,34.1:0.0,35.4:387.0,36.4:384.7,37.3:379.7,38.6:377.7,39.7:375.5,40.6:375.7,41.2:376.7,42.3:378.0,47.6:0.0,48.6:0.0,49.7:0.0,50.7:0.0,51.7:0.0,52.7:0.0,53.7:0.0,54.7:0.0,55.8:0.0,56.8:0.0,57.8:0.0,58.8:0.0,59.8:0.0,60.9:0.0,61.9:0.0,62.9:0.0,63.9:0.0,64.9:0.0,66.0:0.0,60.4:0.0,61.5:1006.7,62.5:1005.2,63.5:1003.7,64.5:1002.2,65.4:1000.7,66.4:999.7,67.5:998.2,68.5:998.0,69.5:999.5,70.5:1000.0,71.5:1000.7,72.6:1001.7,73.6:1003.2,74.6:1005.7,75.6:1008.2,76.7:1010.2,77.7:1012.7,78.7:1017.7,79.6:1021.5,80.7:1023.2,81.7:1027.7,82.7:1033.7,83.6:1039.2,84.7:1043.7,85.6:1048.5,86.7:1054.7,87.7:1070.0,88.7:1083.5,89.7:1087.0,90.6:1089.0,91.7:1093.2,92.6:1100.5,93.7:1110.5,94.6:1120.5,95.7:1130.7,96.7:1142.7,97.7:1155.2,98.7:1167.5,99.6:1178.7,100.7:1190.0,101.7:1207.0,102.7:1222.0,103.7:1234.0,104.7:1253.2,105.7:1272.7,106.7:1289.2,107.7:1307.5,108.6:1329.0,116.6:0.0,117.6:0.0,118.7:0.0,119.7:0.0,120.7:0.0,121.7:0.0,122.7:0.0,123.7:0.0,124.7:0.0,125.7:0.0,120.0:0.0,127.8:0.0,128.8:0.0,123.0:0.0,130.8:0.0,131.8:0.0,132.9:0.0,133.9:0.0,134.9:0.0,135.9:0.0,136.9:0.0,138.0:0.0,139.0:0.0,140.0:0.0,141.1:0.0,134.9:0.0,143.1:0.0,137.0:1745.5,138.0:1715.2,139.0:1702.7,140.0:1690.0,141.0:1683.0,142.1:1677.7,143.1:1668.2,144.1:1659.2,145.1:1648.7,146.2:1639.7,147.2:1634.2,148.2:1633.5,149.2:1629.7,150.2:1622.0,151.2:1617.7,152.3:1612.0,153.3:1610.7,154.3:1609.0,155.4:1606.7,156.4:1605.5,157.5:1604.2,158.5:1606.7,159.5:1609.0,160.5:1609.7,161.5:1610.5,162.5:1610.2,163.5:1612.0,164.6:1617.0,165.6:1619.2,166.6:1623.0,167.6:1626.2,168.6:1631.5,169.7:1639.2,170.7:1646.7,171.7:1655.5,172.7:1661.5,173.7:1666.2,174.7:1675.7,175.7:1688.0,176.7:1698.7,177.8:1708.5,178.8:1718.7,179.7:1730.5,180.7:1744.0,181.7:1760.5,182.8:1774.5,183.8:1788.7,184.8:1805.5,185.8:1820.2,194.0:0.0,195.0:0.0,196.1:0.0,197.1:0.0,198.1:0.0,199.1:0.0,200.1:0.0,201.1:0.0,202.2:0.0,203.2:0.0,204.2:0.0,205.2:0.0,206.2:0.0,207.2:0.0,208.3:0.0,202.3:0.0,203.4:1423.2,204.4:1411.2,212.4:0.0,213.4:0.0,214.5:0.0,215.5:0.0,209.5:0.0,217.5:0.0,218.5:0.0,219.6:0.0,220.6:0.0,221.6:0.0,222.6:0.0,216.5:0.0,224.7:0.0,218.6:0.0,219.6:1651.5,220.6:1633.2,221.6:1617.7,222.7:1605.0,223.7:1594.0,224.7:1579.7,225.7:1568.2,226.8:1558.5,227.7:1549.5,228.7:1543.5,229.8:1535.0,230.8:1524.2,231.9:1514.7,232.8:1511.5,233.9:1504.2,234.9:1492.5,235.9:1486.0,237.0:1481.0,238.0:1475.7,239.0:1469.0,240.0:1463.2,241.0:1460.7,242.0:1459.5,243.1:1455.5,244.1:1453.2,245.1:1447.2,246.1:1444.2,247.2:1447.2,248.2:1447.0,249.2:1448.0,257.2:0.0,251.2:1450.0,252.2:1452.7,253.2:1453.2,254.2:1456.0,255.2:1458.7,256.3:1460.5,257.2:1467.5,258.3:1474.0,259.3:1477.7,260.3:1481.5,261.4:1487.2,262.4:1493.2,263.4:1500.5,264.4:1507.5,265.8:0.0,266.7:1095.0,274.5:0.0,268.9:0.0,269.9:1034.7,270.9:1024.5,272.0:1014.7,273.0:1004.2,280.6:0.0,275.1:987.2,276.0:978.0,277.0:974.2,278.1:965.5,279.0:958.2,280.0:951.7,281.1:946.0,282.2:942.2,283.2:938.5,284.1:932.7,285.2:928.0,286.1:924.5,287.2:921.0,288.2:917.7,289.2:914.5,290.2:913.0,291.2:911.5,292.3:907.5,293.3:905.5,294.3:906.2,295.3:904.5,296.4:903.5,303.7:0.0,298.3:917.2,299.3:929.2,300.5:928.7,301.5:930.5,308.9:0.0,309.9:0.0,311.0:0.0,305.7:0.0,306.7:872.5,307.8:861.5,308.8:852.2,309.7:844.5,310.9:835.2,311.8:825.5,312.8:816.7,313.9:808.2,314.9:801.5,315.9:796.0,317.1:789.7,318.0:783.7,319.0:777.5,320.1:772.5,321.2:767.5,322.2:761.2,323.1:757.7,324.3:754.5,325.4:750.2,326.2:746.5,327.3:743.5,328.4:740.5,329.4:736.5,330.4:733.2,331.5:731.2,332.5:729.0,333.5:726.7,334.6:723.5,335.6:721.5,336.5:721.5,337.5:721.2,338.6:720.7,339.7:720.2,340.6:720.0,341.7:720.2,342.6:720.0,343.8:720.0,344.6:720.5,345.7:721.7,346.7:723.0,347.7:725.2,348.7:727.2,349.8:728.2,350.8:730.2,351.7:732.5,
359.2:0.0,0.2:0.0,1.2:0.0,2.2:0.0,3.2:0.0,4.3:0.0,5.3:0.0,6.3:0.0,7.3:0.0,8.3:0.0,9.4:0.0,10.4:0.0,11.4:0.0,12.4:0.0,13.4:0.0,14.5:0.0,15.5:0.0,16.5:0.0,17.5:0.0,18.5:0.0,19.5:0.0,13.7:0.0,14.8:1175.7,15.8:1167.7,16.9:1162.5,17.9:1154.0,18.9:1147.2,20.0:1142.0,21.0:1136.0,22.0:1131.7,23.1:1128.0,24.0:1124.0,25.1:1121.5,26.1:1118.0,27.1:1114.2,28.1:1113.0,29.1:1110.7,30.2:1110.5,31.1:1109.7,32.2:1107.5,33.2:1106.7,34.2:1106.5,35.3:1107.0,36.3:1108.5,37.4:1109.7,38.3:1110.5,39.3:1115.7,40.4:1127.5,41.4:1128.5,42.4:1122.5,43.4:1122.7,44.4:1124.0,45.4:1127.5,46.5:1130.5,47.6:1134.5,48.5:1139.5,49.6:1146.7,50.5:1155.0,51.5:1160.2,52.6:1164.2,53.6:1170.7,54.6:1177.5,55.6:1186.5,56.6:1195.2,57.6:1203.0,58.6:1213.2,59.6:1223.7,60.6:1235.5,61.6:1246.5,62.6:1258.2,63.6:1271.0,71.5:0.0,72.5:0.0,73.5:0.0,74.5:0.0,75.5:0.0,76.6:0.0,77.6:0.0,78.6:0.0,79.6:0.0,74.0:0.0,75.0:1092.5,82.7:0.0,83.7:0.0,84.7:0.0,85.7:0.0,86.7:0.0,87.8:0.0,88.8:0.0,89.8:0.0,90.8:0.0,91.8:0.0,92.8:0.0,93.8:0.0,94.8:0.0,95.8:0.0,96.9:0.0,97.9:0.0,98.9:0.0,99.9:0.0,100.9:0.0,94.8:0.0,95.9:1552.7,96.9:1521.0,98.0:1506.2,106.0:0.0,100.0:1511.2,108.0:0.0,109.0:0.0,110.1:0.0,111.1:0.0,105.1:0.0,106.2:1402.0,107.2:1397.5,108.2:1387.2,109.2:1379.7,110.2:1375.0,111.3:1369.5,112.3:1365.5,113.3:1357.7,114.3:1353.2,115.3:1350.7,116.4:1343.2,117.4:1340.0,118.4:1339.7,119.4:1338.2,120.4:1338.0,121.4:1337.2,122.5:1335.2,123.5:1334.2,124.5:1333.7,125.5:1332.2,126.5:1333.0,127.5:1332.7,128.5:1333.2,129.5:1337.2,130.5:1339.2,131.6:1341.7,132.6:1343.0,133.6:1346.7,134.6:1350.7,135.6:1354.0,136.6:1362.7,137.7:1370.7,138.7:1376.2,139.7:1379.0,140.7:1381.2,141.7:1390.0,142.7:1399.5,143.7:1404.7,151.7:0.0,152.7:0.0,153.8:0.0,154.8:0.0,155.8:0.0,156.8:0.0,150.8:0.0,151.8:1506.5,152.8:1524.0,153.8:1538.5,162.0:0.0,155.9:1552.7,156.9:0.0,157.9:1622.7,166.1:0.0,167.1:0.0,168.1:0.0,169.1:0.0,170.1:0.0,171.2:0.0,172.2:0.0,173.2:0.0,174.2:0.0,175.2:0.0,176.3:0.0,177.3:0.0,178.3:0.0,179.3:0.0,180.3:0.0,174.6:0.0,182.4:0.0,176.7:1168.2,177.7:1157.5,185.4:0.0,186.4:0.0,187.4:0.0,188.4:0.0,189.5:0.0,190.5:0.0,191.5:0.0,192.5:0.0,193.5:0.0,194.5:0.0,195.5:0.0,189.6:0.0,190.6:1516.2,198.6:0.0,199.6:0.0,200.6:0.0,201.7:0.0,202.7:0.0,196.7:0.0,197.8:1403.0,198.8:1397.0,199.8:1389.7,200.8:1382.7,201.8:1379.2,202.8:1376.2,204.0:1371.0,205.0:1365.7,206.0:1361.5,207.0:1356.5,208.1:1352.5,209.1:1348.5,210.1:1345.2,211.1:1345.5,212.2:1343.2,213.1:1340.0,214.2:1341.0,215.2:1341.0,216.2:1340.5,217.3:1339.7,218.2:1340.5,219.3:1343.7,220.3:1345.7,221.4:1347.2,222.3:1349.0,223.4:1351.2,224.4:1355.2,225.4:1358.2,226.5:1362.0,227.4:1368.5,228.4:1374.0,229.3:1379.2,230.4:1383.7,231.4:1390.7,232.4:1398.2,233.5:1401.5,241.4:0.0,242.4:0.0,243.4:0.0,244.5:0.0,245.5:0.0,239.5:0.0,247.5:0.0,241.5:1490.7,242.5:1510.7,243.5:1525.0,251.6:0.0,252.6:0.0,253.6:0.0,247.9:0.0,249.0:1120.0,250.0:1106.5,251.1:1088.5,252.1:1077.2,253.1:1072.7,254.1:1071.2,255.1:1067.2,256.1:1063.2,257.2:1060.0,258.1:1059.2,259.2:1057.7,260.3:1054.2,261.3:1050.5,262.3:1048.0,263.3:1047.2,264.3:1046.5,265.3:1046.2,266.3:1045.7,267.3:1045.2,268.4:1045.0,269.4:1047.7,270.3:1051.5,271.4:1053.2,272.5:1053.5,273.4:1053.2,274.5:1056.5,275.4:1061.2,276.4:1065.0,284.0:0.0,278.4:1082.2,279.4:1098.7,280.4:1100.5,281.4:1110.0,289.1:0.0,282.5:0.0,284.5:0.0,285.5:1076.5,286.5:1068.2,287.5:1062.0,288.5:1054.2,289.6:1047.0,290.5:1043.2,291.6:1038.2,292.7:1033.2,293.7:1028.2,294.7:1023.5,295.7:1019.5,296.8:1015.7,297.8:1011.2,298.8:1007.7,299.9:1006.5,300.8:1005.0,301.9:1002.5,302.9:1000.5,304.0:998.2,305.0:997.2,306.0:997.2,307.0:997.5,308.0:996.2,309.0:995.5,310.0:996.2,311.1:998.2,312.1:998.7,313.1:999.0,314.0:1002.2,315.1:1004.5,316.1:1006.2,317.1:1008.2,318.2:1011.5,319.1:1015.0,320.1:1020.7,321.2:1024.2,322.2:1028.0,323.2:1032.7,324.2:1036.7,325.2:1042.7,326.3:1046.2,327.2:1053.5,327.8:0.0,335.9:0.0,336.9:0.0,338.0:0.0,339.0:0.0,340.0:0.0,341.0:0.0,342.0:0.0,343.0:0.0,344.1:0.0,345.1:0.0,346.1:0.0,347.1:0.0,348.1:0.0,349.2:0.0,350.2:0.0,351.2:0.0,346.4:0.0,353.2:0.0,348.5:0.0,349.6:629.0,350.7:628.2,351.7:629.5,352.6:631.5,
359.2:0.0,0.3:0.0,1.3:0.0,2.3:0.0,3.3:0.0,4.4:0.0,5.4:0.0,6.4:0.0,7.5:0.0,8.5:0.0,9.5:0.0,10.5:0.0,11.5:0.0,12.6:0.0,13.6:0.0,14.6:0.0,15.7:0.0,16.7:0.0,17.7:0.0,18.7:0.0,19.7:0.0,20.8:0.0,21.8:0.0,22.8:0.0,23.8:0.0,24.9:0.0,19.5:0.0,20.5:905.2,21.6:901.0,22.6:898.2,23.7:894.7,24.6:890.5,25.7:888.2,26.7:885.2,27.7:882.2,28.7:879.7,29.8:877.2,30.9:876.2,31.8:875.2,32.9:874.2,33.9:874.5,34.9:874.5,35.9:873.0,37.1:872.2,38.0:874.2,39.0:876.7,40.2:876.7,41.2:878.2,42.1:880.7,43.2:881.0,44.2:885.2,45.2:889.2,46.2:889.7,47.2:893.5,48.3:897.7,49.2:901.7,50.3:907.0,51.3:916.2,52.3:935.2,53.3:941.2,54.3:934.5,55.5:936.5,56.4:941.2,57.4:947.5,58.5:956.0,59.4:964.0,60.4:971.2,61.4:979.0,62.4:987.2,63.4:997.0,64.5:1006.5,65.5:1016.5,66.5:1027.5,67.5:1041.0,68.5:1054.0,69.5:1064.0,70.5:1075.7,71.5:1089.2,72.5:1104.2,73.5:1120.2,74.5:1137.2,75.5:1154.7,76.5:1171.2,84.3:0.0,85.3:0.0,86.4:0.0,87.4:0.0,88.4:0.0,89.5:0.0,90.4:0.0,91.4:0.0,92.4:0.0,93.5:0.0,94.5:0.0,88.9:0.0,96.5:0.0,97.5:0.0,98.6:0.0,92.9:0.0,100.6:0.0,101.6:0.0,102.6:0.0,103.7:0.0,104.7:0.0,105.7:0.0,106.7:0.0,107.7:0.0,108.8:0.0,109.8:0.0,110.8:0.0,104.7:0.0,105.7:1618.7,106.8:1597.0,107.9:1581.5,108.9:1573.5,109.9:1565.2,111.0:1557.7,112.0:1553.5,113.0:1545.7,114.0:1539.0,115.0:1532.7,116.1:1527.0,117.1:1523.5,118.1:1517.7,119.1:1515.0,120.1:1516.0,121.2:1513.0,122.2:1509.7,123.3:1507.0,124.3:1505.2,125.3:1506.0,126.3:1508.2,127.3:1512.0,128.3:1513.7,129.4:1513.2,130.4:1516.2,131.4:1520.0,132.4:1518.2,133.5:1519.0,134.5:1525.0,135.5:1530.0,136.5:1535.2,137.5:1541.2,138.6:1547.0,139.6:1555.2,140.6:1563.2,141.6:1570.5,142.6:1576.7,143.7:1582.2,144.7:1592.0,145.7:1604.2,146.7:1614.2,147.7:1627.5,148.7:1639.5,149.8:1649.7,150.8:1663.7,158.9:0.0,160.0:0.0,153.8:0.0,162.1:0.0,163.1:0.0,164.2:0.0,165.2:0.0,166.2:0.0,167.2:0.0,168.3:0.0,169.3:0.0,170.3:0.0,171.3:0.0,172.4:0.0,173.4:0.0,174.4:0.0,175.5:0.0,176.5:0.0,177.5:0.0,178.5:0.0,179.6:0.0,180.6:0.0,181.6:0.0,182.6:0.0,183.7:0.0,177.7:0.0,185.7:0.0,186.6:0.0,187.7:0.0,188.7:0.0,189.7:0.0,190.7:0.0,191.7:0.0,192.8:0.0,193.8:0.0,194.8:0.0,188.6:0.0,196.9:0.0,190.7:0.0,191.7:1726.5,192.8:1709.2,193.8:1697.7,194.8:1686.5,195.8:1671.7,196.9:1660.0,197.9:1652.2,198.9:1644.7,200.0:1636.5,201.0:1631.5,202.0:1625.0,203.2:1618.0,204.2:1609.5,205.2:1602.0,206.2:1598.2,207.3:1593.2,208.3:1589.2,209.4:1585.7,210.4:1583.5,211.4:1583.2,212.4:1583.2,213.4:1580.7,214.5:1579.0,215.5:1579.0,216.5:1578.0,217.5:1581.7,218.6:1584.2,219.6:1582.2,220.6:1583.7,221.7:1584.2,222.7:1585.2,223.7:1587.7,224.7:1592.5,225.8:1599.0,226.8:1607.2,227.7:1614.2,228.7:1615.5,229.8:1619.2,230.8:1631.0,231.8:1641.7,232.8:1648.5,233.8:1656.2,242.0:0.0,243.0:0.0,244.0:0.0,245.1:0.0,246.1:0.0,240.4:0.0,241.4:1166.7,249.2:0.0,250.2:0.0,251.2:0.0,252.2:0.0,246.6:0.0,247.6:1113.0,248.6:1107.2,249.6:1101.0,250.7:1096.5,251.7:1092.0,252.7:1088.5,253.8:1085.2,254.8:1079.7,255.8:1076.0,256.8:1074.0,257.9:1071.7,258.9:1068.7,259.9:1065.7,261.0:1064.0,262.0:1063.0,263.0:1069.7,264.0:1079.7,265.0:1083.2,266.0:1084.0,273.7:0.0,274.7:0.0,269.1:0.0,270.2:1033.0,271.3:1019.5,272.2:1005.7,273.3:993.0,274.3:981.5,275.4:969.5,276.3:959.5,277.5:949.5,278.5:938.5,279.4:928.2,280.5:918.5,281.6:910.5,282.5:903.0,283.7:895.2,284.6:888.5,285.7:880.5,286.7:874.0,287.8:869.5,288.8:863.0,289.8:857.7,290.8:853.0,291.9:848.2,292.9:844.2,293.9:840.7,295.0:836.5,296.0:833.2,296.9:830.0,298.0:826.0,299.0:824.0,300.2:821.5,301.2:818.5,397.1:3971.0,
359.5:0.0,0.6:0.0,1.6:0.0,2.6:0.0,3.7:0.0,4.7:0.0,5.7:0.0,6.7:0.0,7.8:0.0,8.8:0.0,9.8:0.0,10.9:0.0,11.9:0.0,12.9:0.0,14.0:0.0,15.0:0.0,16.0:0.0,17.0:0.0,18.1:0.0,19.1:0.0,20.2:0.0,21.2:0.0,22.2:0.0,23.2:0.0,24.3:0.0,25.3:0.0,26.3:0.0,27.4:0.0,28.4:0.0,29.4:0.0,24.7:0.0,25.6:687.0,26.6:682.5,27.8:681.2,28.7:679.5,29.8:679.2,30.8:678.7,31.8:677.5,32.8:677.2,34.0:677.5,34.9:677.5,35.9:677.7,37.0:677.7,38.1:678.5,39.1:679.2,40.0:679.7,41.1:681.7,42.2:682.5,43.2:684.0,44.2:687.0,45.3:689.2,46.1:692.2,47.2:694.5,48.3:697.2,49.2:701.0,50.4:705.2,51.4:708.0,52.3:711.7,53.3:717.5,54.3:721.5,55.4:726.5,56.3:732.5,57.4:738.0,58.4:743.5,59.4:750.5,60.5:757.2,61.4:763.2,62.4:770.5,63.4:779.5,64.4:796.7,65.4:814.7,66.4:820.5,67.5:820.2,68.5:825.0,69.4:835.5,70.5:847.2,71.5:856.7,72.5:866.5,73.5:880.5,74.5:895.7,75.5:909.7,76.5:924.2,77.6:938.0,78.5:953.7,79.6:972.2,80.6:991.2,81.6:1009.0,82.5:1030.2,83.5:1053.0,84.5:1072.5,85.5:1093.2,86.4:1119.7,87.5:1148.7,95.3:0.0,96.3:0.0,97.3:0.0,98.3:0.0,99.4:0.0,100.4:0.0,101.4:0.0,95.8:0.0,96.8:1107.0,97.8:1102.2,98.9:1093.2,99.9:1084.0,101.0:1078.0,108.6:0.0,109.6:0.0,110.7:0.0,111.7:0.0,112.7:0.0,113.7:0.0,114.8:0.0,115.8:0.0,116.8:0.0,110.7:0.0,111.7:1721.5,112.8:1702.0,113.8:1682.5,114.8:1679.2,115.9:1674.2,116.9:1667.2,118.0:1656.5,119.0:1653.5,120.0:1655.0,121.0:1655.2,122.0:1653.5,123.1:1647.0,124.1:1646.5,125.1:1649.7,126.1:1651.5,127.2:1654.5,128.2:1655.2,129.3:1653.7,130.2:1656.0,131.3:1662.5,132.3:1666.0,133.4:1671.7,134.4:1679.7,135.4:1686.5,136.4:1695.2,137.4:1701.0,138.5:1706.2,139.5:1713.5,140.5:1724.7,141.5:1736.5,142.6:1742.2,143.6:1751.7,144.6:1767.2,145.6:1777.0,146.6:1782.7,147.7:1797.5,148.7:1816.7,156.9:0.0,157.9:0.0,159.0:0.0,152.8:0.0,161.0:0.0,162.2:0.0,163.2:0.0,164.2:0.0,158.0:0.0,166.3:0.0,167.3:0.0,168.4:0.0,169.4:0.0,163.1:0.0,171.5:0.0,172.5:0.0,173.5:0.0,174.6:0.0,175.6:0.0,176.6:0.0,177.7:0.0,178.7:0.0,172.5:0.0,180.8:0.0,181.8:0.0,182.8:0.0,176.7:0.0,184.9:0.0,185.9:0.0,186.9:0.0,187.9:0.0,188.9:0.0,190.0:0.0,191.0:0.0,192.0:0.0,193.0:0.0,186.8:0.0,187.8:2024.7,188.9:1987.5,189.9:1963.5,190.9:1949.5,192.0:1925.7,193.0:1903.2,194.0:1893.2,195.0:1887.0,196.1:1874.5,197.1:1866.2,198.2:1858.5,199.2:1848.7,200.2:1840.5,201.2:1827.2,202.3:1817.2,203.4:1812.7,204.4:1809.5,205.4:1804.7,206.4:1797.2,207.5:1791.2,208.5:1788.7,209.6:1786.0,210.6:1780.7,211.7:1780.0,212.7:1783.2,213.7:1782.2,214.7:1778.7,215.8:1777.2,216.8:1777.0,217.8:1780.5,218.9:1785.5,219.8:1785.5,220.9:1788.2,221.9:1794.5,223.0:1798.5,224.0:1801.0,225.0:1804.2,233.2:0.0,227.3:0.0,235.3:0.0,236.3:0.0,237.3:0.0,238.3:0.0,239.4:0.0,240.4:0.0,241.4:0.0,242.5:0.0,243.5:0.0,244.5:0.0,238.8:0.0,239.8:1181.5,240.8:1174.5,241.8:1163.5,249.7:0.0,250.7:0.0,245.0:1147.2,246.1:1130.2,247.0:1119.5,248.1:1115.7,249.1:1115.7,256.9:0.0,251.2:1120.2,252.2:1121.5,253.2:1117.0,261.0:0.0,255.4:0.0,256.4:1045.7,257.4:1023.7,258.5:1000.5,259.6:979.2,260.6:962.2,261.7:944.0,262.7:925.7,263.8:910.0,264.8:894.2,266.0:878.5,267.0:864.0,268.0:852.5,269.1:842.0,270.2:828.7,271.2:815.2,272.2:805.0,273.3:795.7,274.3:786.7,275.4:778.2,276.3:769.2,277.5:760.7,278.4:754.7,279.6:748.0,280.5:740.2,281.6:734.0,282.6:727.5,283.6:720.5,284.6:714.2,285.7:709.5,286.8:705.2,287.8:700.7,288.8:696.0,289.8:691.7,290.9:688.0,292.0:684.7,293.0:681.7,294.1:677.7,295.0:674.7,296.0:672.5,297.1:669.2,304.0:0.0,305.0:0.0,306.1:0.0,307.1:0.0,308.1:0.0,309.1:0.0,310.2:0.0,311.2:0.0,312.2:0.0,313.2:0.0,318.5:0.0,319.4:112.5,319.2:111.7,321.7:111.5,322.6:111.7,322.9:111.2,324.5:111.2,324.6:111.5,326.2:112.0,326.0:112.2,327.9:112.2,325.6:0.0,326.6:0.0,329.5:113.5,328.6:0.0,329.7:0.0,330.8:0.0,331.8:0.0,332.8:0.0,333.8:0.0,334.9:0.0,335.9:0.0,336.9:0.0,338.0:0.0,339.0:0.0,340.0:0.0,341.0:0.0,342.1:0.0,343.1:0.0,344.1:0.0,345.2:0.0,346.2:0.0,347.2:0.0,348.2:0.0,349.3:0.0,350.3:0.0,351.3:0.0,352.4:0.0,353.4:0.0,354.5:0.0,355.5:0.0,356.5:0.0,357.5:0.0,358.6:0.0,
359.5:0.0,0.5:0.0,1.6:0.0,2.6:0.0,3.6:0.0,4.6:0.0,5.7:0.0,6.7:0.0,7.7:0.0,8.8:0.0,9.8:0.0,10.8:0.0,11.8:0.0,12.9:0.0,13.9:0.0,14.9:0.0,16.0:0.0,17.0:0.0,18.0:0.0,19.1:0.0,20.1:0.0,21.1:0.0,22.1:0.0,23.2:0.0,24.2:0.0,25.2:0.0,26.3:0.0,27.3:0.0,28.3:0.0,29.4:0.0,24.5:0.0,25.6:687.0,26.7:682.7,27.6:681.2,28.7:679.5,29.7:679.0,30.6:679.0,31.7:678.0,32.7:677.0,33.8:677.2,34.8:677.2,35.8:677.5,36.9:677.5,38.0:677.7,39.1:677.2,40.1:678.2,41.1:680.5,42.2:682.5,43.0:684.2,44.1:686.5,45.2:689.2,46.2:692.0,47.2:694.7,48.3:698.7,49.2:702.5,50.3:705.5,51.3:708.5,52.4:712.0,53.3:716.5,54.3:721.5,55.5:726.7,56.5:732.0,57.5:738.0,58.3:744.2,59.4:751.0,60.5:756.0,61.3:762.0,62.4:770.5,63.4:779.5,64.3:796.0,65.3:814.7,66.5:820.7,67.4:820.2,68.5:825.0,69.5:834.0,70.5:845.5,71.5:856.5,72.5:866.2,73.5:880.0,74.5:895.5,75.4:910.5,76.5:924.7,77.5:938.2,78.4:953.7,79.5:972.7,80.5:991.2,81.5:1008.5,82.4:1030.0,83.5:1052.7,84.4:1072.2,85.4:1092.0,86.4:1117.7,87.4:1148.0,95.2:0.0,96.2:0.0,97.2:0.0,98.2:0.0,99.3:0.0,100.3:0.0,101.3:0.0,102.3:0.0,96.7:0.0,97.7:1099.0,98.8:1090.2,99.8:1084.2,100.8:1077.7,108.5:0.0,109.5:0.0,103.9:0.0,111.6:0.0,112.6:0.0,113.6:0.0,114.7:0.0,115.7:0.0,116.7:0.0,110.7:0.0,111.6:1722.2,112.7:1702.0,113.7:1681.7,114.8:1678.5,115.8:1673.5,116.8:1667.7,117.9:1660.7,118.9:1656.5,119.9:1655.0,121.0:1653.7,121.9:1652.2,123.0:1653.2,124.0:1652.2,125.0:1648.2,126.1:1650.7,127.1:1654.2,128.1:1658.0,129.2:1657.7,130.2:1656.2,131.2:1659.5,132.2:1664.0,133.3:1671.2,134.3:1678.5,135.3:1684.7,136.3:1693.5,137.3:1701.0,138.4:1708.0,139.4:1714.7,140.5:1723.7,141.4:1735.0,142.5:1743.0,143.5:1752.5,144.5:1766.2,145.5:1776.5,146.6:1788.0,147.6:1803.0,148.6:1816.7,149.7:1833.2,157.9:0.0,158.9:0.0,152.7:1865.2,161.0:0.0,162.0:0.0,163.1:0.0,164.1:0.0,165.1:0.0,166.2:0.0,167.2:0.0,168.2:0.0,169.2:0.0,163.0:0.0,171.3:0.0,172.3:0.0,173.4:0.0,174.4:0.0,175.4:0.0,176.5:0.0,177.5:0.0,178.5:0.0,179.5:0.0,180.6:0.0,181.6:0.0,175.5:0.0,176.5:1694.0,184.7:0.0,185.7:0.0,186.7:0.0,187.7:0.0,188.8:0.0,189.8:0.0,190.8:0.0,191.9:0.0,185.6:0.0,186.6:2045.2,187.7:2018.7,188.7:1988.5,189.7:1965.7,190.8:1947.2,199.1:0.0,192.8:1921.0,193.9:1892.7,194.9:1885.0,195.9:1874.2,197.0:1861.7,198.0:1853.2,199.1:1846.2,200.1:1841.2,201.1:1829.0,202.2:1817.0,203.3:1812.0,204.3:1808.5,205.3:1804.0,206.4:1799.0,207.4:1795.5,208.4:1790.7,209.5:1788.2,210.5:1787.0,211.5:1783.7,212.5:1777.0,213.6:1774.7,214.6:1778.5,215.7:1778.2,216.7:1776.2,217.7:1780.2,218.7:1781.5,219.8:1781.5,220.8:1786.0,221.8:1789.2,222.9:1795.0,223.9:1800.5,224.9:1806.5,233.2:0.0,234.2:0.0,235.2:0.0,236.2:0.0,237.2:0.0,238.3:0.0,239.3:0.0,240.3:0.0,241.4:0.0,242.4:0.0,243.4:0.0,244.5:0.0,238.7:0.0,239.8:1180.0,240.7:1172.0,241.8:1162.7,249.6:0.0,250.6:0.0,251.7:0.0,245.9:1140.0,247.0:1119.7,248.0:1116.0,249.0:1115.7,256.8:0.0,251.1:1121.0,252.1:1122.2,253.1:1120.5,260.9:0.0,255.3:0.0,256.4:1045.5,257.4:1022.5,258.5:999.0,259.5:979.0,260.6:960.2,261.7:941.5,262.7:925.0,263.7:909.5,264.9:893.2,265.8:877.5,266.9:863.7,268.0:851.2,269.0:838.5,270.0:825.7,271.1:814.2,272.2:803.7,273.3:795.0,274.3:786.7,275.3:778.2,276.3:769.2,277.4:760.5,278.5:754.2,279.4:747.5,280.6:739.7,281.5:733.0,282.6:726.5,283.7:720.5,284.8:714.0,285.6:709.2,286.7:705.2,287.8:700.0,288.8:695.2,289.8:691.7,290.8:689.0,291.9:685.5,293.0:681.5,294.0:677.7,295.0:674.5,296.1:671.5,297.1:668.5,304.0:0.0,305.0:0.0,306.1:0.0,307.1:0.0,308.1:0.0,309.2:0.0,310.2:0.0,311.2:0.0,312.2:0.0,313.3:0.0,318.3:0.0,318.6:112.0,320.1:111.2,321.5:111.0,321.4:111.0,323.9:111.0,323.3:111.0,324.2:111.2,326.4:111.5,326.2:111.5,324.6:0.0,325.6:0.0,330.5:112.7,327.7:0.0,328.7:0.0,329.7:0.0,330.8:0.0,331.9:0.0,332.9:0.0,333.9:0.0,335.0:0.0,336.0:0.0,337.0:0.0,338.0:0.0,339.1:0.0,340.1:0.0,341.1:0.0,342.2:0.0,343.2:0.0,344.2:0.0,345.3:0.0,346.3:0.0,347.3:0.0,348.3:0.0,349.4:0.0,350.4:0.0,351.4:0.0,352.5:0.0,353.5:0.0,354.5:0.0,355.6:0.0,356.6:0.0,357.6:0.0,
359.0:0.0,0.0:0.0,1.1:0.0,2.1:0.0,3.1:0.0,4.2:0.0,5.2:0.0,6.2:0.0,7.2:0.0,8.3:0.0,9.3:0.0,10.3:0.0,11.4:0.0,12.4:0.0,13.4:0.0,14.5:0.0,15.5:0.0,16.5:0.0,17.5:0.0,18.6:0.0,19.6:0.0,20.6:0.0,21.7:0.0,22.7:0.0,23.7:0.0,24.7:0.0,25.8:0.0,26.8:0.0,27.8:0.0,28.9:0.0,24.0:0.0,25.0:687.0,26.1:682.5,27.1:680.7,28.1:681.2,29.2:680.7,30.3:678.5,31.2:677.5,32.3:677.7,33.3:678.7,34.3:678.5,35.4:677.7,36.4:679.0,37.4:679.2,38.4:678.2,39.5:679.5,40.5:679.7,41.5:680.7,42.6:683.0,43.6:685.0,44.6:688.2,45.6:691.0,46.7:694.0,47.8:696.7,48.6:700.2,49.7:704.7,50.7:708.0,51.7:711.7,52.7:716.0,53.8:720.0,54.8:725.5,55.8:731.7,56.9:737.0,57.8:743.0,58.8:749.5,59.8:756.7,60.8:763.5,61.8:769.7,62.8:778.0,63.8:791.0,64.8:811.2,65.8:821.2,66.8:819.2,67.9:824.0,68.9:833.2,70.0:843.2,71.0:855.2,72.0:867.5,73.0:881.5,73.9:894.5,75.0:908.7,75.9:923.0,77.0:936.2,77.9:953.7,79.0:971.7,79.9:989.0,81.0:1006.5,82.0:1026.7,82.9:1050.7,83.9:1072.0,84.9:1092.2,85.9:1118.2,86.9:1145.0,94.7:0.0,95.7:0.0,96.7:0.0,97.7:0.0,98.8:0.0,99.8:0.0,100.8:0.0,101.9:0.0,96.2:0.0,97.2:1102.2,98.3:1091.2,99.3:1085.0,100.4:1081.2,108.0:0.0,109.0:0.0,110.1:0.0,111.1:0.0,112.1:0.0,113.1:0.0,114.2:0.0,115.2:0.0,116.2:0.0,110.1:0.0,111.1:1722.5,112.1:1702.0,113.2:1682.5,114.2:1679.0,115.2:1673.2,116.3:1672.0,117.3:1667.5,118.4:1660.7,119.4:1656.7,120.4:1653.7,121.4:1651.5,122.5:1652.5,123.5:1654.5,124.5:1652.0,125.5:1652.0,126.5:1650.7,127.5:1652.0,128.6:1653.5,129.6:1656.0,130.6:1662.0,131.7:1667.2,132.7:1671.7,133.7:1677.5,134.7:1687.5,135.8:1694.2,136.8:1698.7,137.8:1704.5,138.9:1709.2,139.9:1717.7,140.9:1732.5,141.9:1744.2,143.0:1755.5,143.9:1768.2,145.0:1778.2,146.0:1788.7,147.0:1801.0,155.2:0.0,156.3:0.0,157.3:0.0,158.3:0.0,159.4:0.0,160.4:0.0,161.4:0.0,162.5:0.0,163.6:0.0,164.6:0.0,165.6:0.0,166.7:0.0,167.7:0.0,168.7:0.0,162.4:0.0,170.8:0.0,171.8:0.0,172.9:0.0,173.9:0.0,174.9:0.0,175.9:0.0,177.0:0.0,178.0:0.0,179.0:0.0,180.1:0.0,181.1:0.0,182.1:0.0,176.0:0.0,184.2:0.0,185.2:0.0,186.2:0.0,187.2:0.0,188.3:0.0,189.3:0.0,190.3:0.0,191.4:0.0,185.1:0.0,186.1:2045.7,194.5:0.0,195.5:0.0,189.3:0.0,190.3:1945.5,198.6:0.0,192.3:1917.0,193.4:1892.2,194.4:1887.2,195.5:1878.7,196.5:1867.2,197.5:1855.5,198.6:1844.0,199.6:1833.2,200.6:1824.2,201.7:1818.7,202.7:1814.7,203.7:1808.7,204.8:1802.2,205.8:1797.5,206.8:1792.2,207.9:1786.7,208.9:1782.2,209.9:1778.0,211.0:1775.0,212.0:1774.7,213.0:1778.2,214.1:1782.0,215.1:1780.0,216.1:1779.5,217.1:1780.7,218.2:1781.0,219.2:1782.7,220.2:1785.0,221.2:1790.7,222.3:1797.7,223.3:1803.2,224.3:1808.5,232.6:0.0,226.7:0.0,234.6:0.0,235.7:0.0,236.7:0.0,237.7:0.0,238.7:0.0,239.8:0.0,240.8:0.0,241.8:0.0,242.9:0.0,243.9:0.0,238.1:0.0,239.2:1180.2,240.2:1172.2,248.0:0.0,249.0:0.0,250.1:0.0,251.1:0.0,252.1:0.0,246.4:0.0,247.5:1116.5,248.5:1114.7,256.2:0.0,250.5:1117.5,251.6:1119.7,252.6:1118.5,260.3:0.0,254.7:0.0,255.8:1043.7,256.8:1020.7,257.9:998.7,259.0:978.7,260.0:960.7,261.1:941.7,262.2:923.5,263.2:907.2,264.2:892.7,265.3:878.2,266.5:863.0,267.4:850.0,268.5:837.5,269.5:825.5,270.5:815.0,271.7:803.7,272.7:794.7,273.8:786.7,274.8:777.5,275.9:768.5,276.8:760.2,277.9:754.0,278.9:746.5,280.0:738.0,281.1:730.2,282.0:724.5,283.0:720.0,284.1:713.7,285.2:707.7,286.2:703.2,287.2:699.5,288.2:695.7,289.4:691.0,290.4:687.2,291.4:684.2,292.4:679.7,293.5:675.5,294.5:673.2,295.4:670.7,296.5:668.5,303.4:0.0,304.4:0.0,305.4:0.0,306.5:0.0,307.5:0.0,308.6:0.0,309.6:0.0,310.6:0.0,311.6:0.0,312.7:0.0,316.5:0.0,317.7:110.7,318.6:110.2,320.2:110.0,321.7:109.7,323.0:110.0,324.0:110.2,323.6:110.2,326.1:110.5,327.3:110.7,324.0:0.0,325.0:0.0,326.0:0.0,330.7:112.0,328.1:0.0,329.1:0.0,330.2:0.0,331.2:0.0,332.3:0.0,333.3:0.0,334.3:0.0,335.4:0.0,336.4:0.0,337.4:0.0,338.5:0.0,339.5:0.0,340.5:0.0,341.5:0.0,342.6:0.0,343.6:0.0,344.6:0.0,345.7:0.0,346.7:0.0,347.7:0.0,348.8:0.0,349.8:0.0,350.8:0.0,351.9:0.0,352.9:0.0,353.9:0.0,355.0:0.0,356.0:0.0,357.0:0.0,358.0:0.0,
359.5:0.0,0.6:0.0,1.6:0.0,2.6:0.0,3.7:0.0,4.7:0.0,5.7:0.0,6.8:0.0,7.8:0.0,8.8:0.0,9.8:0.0,10.9:0.0,11.9:0.0,12.9:0.0,14.0:0.0,15.0:0.0,16.0:0.0,17.0:0.0,18.1:0.0,19.2:0.0,20.2:0.0,21.2:0.0,22.2:0.0,23.3:0.0,24.3:0.0,25.3:0.0,26.4:0.0,27.4:0.0,28.4:0.0,29.5:0.0,24.7:0.0,25.7:688.5,26.8:684.5,27.7:683.2,28.8:683.2,29.8:681.2,30.8:680.5,31.9:679.5,32.9:679.2,33.9:680.2,34.9:680.5,36.0:680.5,37.0:679.2,38.1:679.0,39.0:679.7,40.0:681.0,41.1:683.7,42.2:685.0,43.3:685.7,44.2:689.2,45.2:691.5,46.3:694.0,47.4:698.7,48.2:702.0,49.2:705.0,50.3:709.0,51.3:713.2,52.5:717.0,53.4:721.0,54.5:724.7,55.4:730.2,56.5:737.0,57.5:742.0,58.6:747.0,59.5:755.0,60.5:762.2,61.5:767.7,62.6:775.7,63.5:787.2,64.4:0.0,65.5:825.5,66.6:820.7,67.6:824.0,68.5:832.2,69.6:842.5,70.6:853.7,71.6:865.5,72.5:877.0,73.6:888.0,74.6:902.2,75.6:918.2,76.5:933.2,77.6:948.7,78.6:964.7,79.6:984.0,80.6:1003.2,81.6:1021.5,82.5:1042.7,83.5:1063.0,84.5:1082.7,85.5:1109.5,86.5:1138.5,94.2:0.0,95.3:0.0,96.3:0.0,97.3:0.0,98.4:0.0,99.4:0.0,100.4:0.0,101.4:0.0,95.7:0.0,96.9:1103.7,97.9:1095.5,98.9:1089.2,100.0:1083.5,107.6:0.0,108.6:0.0,102.9:0.0,110.7:0.0,111.7:0.0,112.7:0.0,113.7:0.0,114.8:0.0,115.8:0.0,116.9:0.0,110.7:0.0,118.9:0.0,112.8:1702.7,113.9:1682.0,114.9:1675.7,115.9:1670.0,117.0:1665.7,118.0:1661.7,119.0:1659.5,120.0:1656.0,121.0:1652.5,122.1:1649.7,123.1:1652.5,124.1:1652.2,125.1:1649.2,126.2:1651.0,127.2:1653.0,128.2:1654.2,129.3:1657.0,130.3:1658.5,131.3:1662.5,132.4:1667.2,133.3:1671.2,134.4:1682.0,135.4:1688.5,136.5:1694.2,137.4:1702.2,138.5:1707.2,139.5:1714.2,140.5:1728.0,141.6:1742.7,142.6:1751.0,143.6:1757.0,144.6:1770.0,145.6:1779.5,146.6:1790.0,154.9:0.0,148.7:1813.0,156.9:0.0,158.0:0.0,151.7:0.0,160.0:0.0,161.0:0.0,162.1:0.0,163.2:0.0,164.2:0.0,165.2:0.0,166.3:0.0,167.3:0.0,168.3:0.0,169.4:0.0,170.4:0.0,171.4:0.0,172.5:0.0,173.5:0.0,174.5:0.0,175.5:0.0,176.6:0.0,177.6:0.0,178.6:0.0,179.7:0.0,180.7:0.0,174.5:0.0,175.6:1698.7,176.6:1694.0,184.8:0.0,185.8:0.0,186.8:0.0,187.9:0.0,188.9:0.0,189.9:0.0,190.9:0.0,184.7:0.0,185.7:2049.2,194.0:0.0,187.8:2013.7,188.8:1972.5,189.9:1952.2,190.9:1928.5,191.9:1909.0,192.9:1899.2,194.0:1892.0,195.0:1881.0,196.0:1867.5,197.1:1859.7,198.1:1850.5,199.2:1838.7,200.2:1827.2,201.2:1820.5,202.3:1815.7,203.4:1810.7,204.4:1807.5,205.4:1802.5,206.5:1795.7,207.5:1786.2,208.5:1783.5,209.6:1780.0,210.6:1775.5,211.6:1775.5,212.6:1774.7,213.7:1775.7,214.7:1775.7,215.7:1776.0,216.7:1776.5,217.8:1779.5,218.8:1780.5,219.8:1782.0,220.9:1787.2,221.9:1791.5,222.9:1796.2,224.0:1805.0,232.2:0.0,233.2:0.0,234.2:0.0,235.3:0.0,236.3:0.0,237.3:0.0,238.4:0.0,239.4:0.0,240.4:0.0,241.4:0.0,242.5:0.0,243.5:0.0,244.5:0.0,238.8:0.0,239.8:1177.5,247.6:0.0,242.0:1161.2,243.0:1149.0,250.7:0.0,251.7:0.0,246.0:1132.5,247.1:1116.5,248.2:1112.0,255.9:0.0,256.9:0.0,251.2:1116.5,252.2:1121.7,259.9:0.0,254.3:0.0,255.4:1055.5,256.5:1030.7,257.5:1008.2,258.5:990.2,259.7:970.7,260.7:949.5,261.7:932.7,262.7:917.0,263.8:901.2,264.9:886.0,265.9:872.0,267.0:858.0,268.0:845.0,269.1:832.5,270.2:820.2,272.0:0.0,273.1:548.0,274.2:0.0,275.4:508.0,276.6:499.2,277.5:495.7,278.5:497.7,279.5:503.2,280.3:512.0,281.4:520.0,282.5:526.0,288.7:0.0,289.7:0.0,284.7:0.0,285.7:704.7,286.7:701.7,287.8:697.7,288.9:693.7,290.0:688.7,290.9:685.2,292.1:683.0,293.0:679.7,294.0:676.2,295.1:672.5,296.2:670.0,297.2:668.5,304.0:0.0,305.0:0.0,306.2:0.0,307.2:0.0,308.2:0.0,309.2:0.0,310.3:0.0,311.3:0.0,312.3:0.0,313.4:0.0,318.1:0.0,319.5:112.0,320.5:111.5,320.5:111.5,322.5:111.0,323.4:111.0,323.2:111.0,324.6:111.2,322.6:0.0,323.7:0.0,324.7:0.0,328.7:112.5,329.4:113.5,327.8:0.0,328.8:0.0,329.8:0.0,330.9:0.0,331.9:0.0,332.9:0.0,333.9:0.0,335.0:0.0,336.0:0.0,337.0:0.0,338.1:0.0,339.1:0.0,340.1:0.0,341.1:0.0,342.2:0.0,343.2:0.0,344.2:0.0,345.3:0.0,346.3:0.0,347.3:0.0,348.3:0.0,349.4:0.0,350.4:0.0,351.4:0.0,352.5:0.0,353.5:0.0,354.5:0.0,355.6:0.0,356.6:0.0,357.6:0.0,
362.9:111.7,4.7:111.7,3.9:111.7,2.5:0.0,3.5:0.0,4.5:0.0,5.6:0.0,8.4:113.5,7.6:0.0,8.7:0.0,13.0:116.7,14.3:118.5,13.4:118.5,13.8:119.0,13.8:0.0,14.8:0.0,15.8:0.0,18.5:0.0,17.9:0.0,19.0:0.0,20.0:0.0,21.0:0.0,22.0:0.0,23.1:0.0,24.1:0.0,25.1:0.0,26.2:0.0,27.2:0.0,28.2:0.0,29.2:0.0,30.3:0.0,25.4:0.0,26.6:689.7,27.5:681.5,28.5:680.7,29.6:679.5,30.6:680.0,31.6:679.0,32.7:679.0,33.7:679.7,34.7:678.7,35.8:677.5,36.8:678.0,37.8:680.0,38.9:679.7,39.9:679.7,40.9:681.2,41.9:682.7,42.9:685.2,43.9:687.5,45.0:689.0,45.9:690.7,46.9:693.5,48.1:696.5,49.0:701.5,50.0:706.5,51.2:709.2,52.1:712.5,53.1:717.5,54.0:721.7,55.2:726.0,56.1:732.2,63.2:0.0,63.6:0.0,64.2:241.5,65.5:242.5,65.4:243.2,68.2:242.2,67.8:241.5,68.9:242.0,70.5:241.7,70.2:241.2,73.3:240.0,74.3:239.7,75.6:0.0,76.6:0.0,75.6:238.2,78.3:236.0,79.7:0.0,80.7:0.0,81.7:0.0,82.8:0.0,77.4:0.0,84.8:0.0,85.9:0.0,86.9:0.0,87.9:0.0,82.3:0.0,83.3:1054.0,84.3:1076.0,85.2:1099.0,86.2:1124.7,87.2:1153.5,95.0:0.0,96.1:0.0,97.1:0.0,98.1:0.0,99.1:0.0,100.2:0.0,101.2:0.0,95.6:0.0,96.5:1108.5,97.5:1100.5,98.6:1091.5,99.6:1084.0,100.7:1080.0,108.4:0.0,102.6:0.0,103.7:1141.7,111.5:0.0,112.5:0.0,113.5:0.0,114.5:0.0,115.6:0.0,116.6:0.0,110.5:0.0,111.5:1726.5,112.5:1704.5,113.6:1681.5,114.6:1680.0,115.6:1676.0,116.6:1667.7,117.7:1662.2,118.7:1658.0,119.7:1654.7,120.7:1654.7,121.8:1651.2,122.8:1649.0,123.8:1652.7,124.9:1652.7,125.9:1652.7,126.9:1653.7,127.9:1650.7,128.9:1648.5,130.0:1654.2,131.0:1659.2,132.0:1666.2,133.1:1675.5,134.1:1679.0,135.1:1683.5,136.2:1691.2,137.2:1700.0,138.2:1707.5,139.2:1714.5,140.2:1722.5,143.2:0.0,144.3:512.0,145.4:503.0,146.4:495.0,147.5:489.0,148.6:484.2,149.6:480.7,150.8:480.7,151.5:487.5,152.8:497.0,153.5:502.5,154.7:504.7,155.7:502.2,156.8:504.0,162.9:0.0,163.9:0.0,165.0:0.0,166.0:0.0,167.0:0.0,160.7:0.0,169.1:0.0,170.1:0.0,171.1:0.0,164.9:0.0,173.2:0.0,174.2:0.0,175.3:0.0,176.3:0.0,177.3:0.0,178.4:0.0,179.4:0.0,180.4:0.0,181.5:0.0,175.4:0.0,176.4:1698.0,184.5:0.0,185.6:0.0,186.6:0.0,187.6:0.0,188.6:0.0,189.7:0.0,190.7:0.0,191.7:0.0,185.5:0.0,186.5:2030.2,194.8:0.0,195.8:0.0,196.9:0.0,197.9:0.0,191.7:0.0,192.7:1902.0,193.7:1893.0,194.7:1884.5,195.8:1872.7,196.8:1861.0,197.9:1853.7,200.9:0.0,202.1:0.0,203.2:491.7,204.0:495.2,205.2:498.0,206.1:498.2,207.2:497.7,208.2:497.7,209.4:496.7,210.5:494.2,211.3:491.7,212.3:491.7,213.4:496.2,219.5:0.0,220.6:0.0,221.6:0.0,222.6:0.0,216.5:0.0,217.5:1796.0,218.5:1783.2,219.5:1786.2,220.6:1789.0,221.6:1793.0,222.7:1796.2,223.7:1799.5,224.7:1806.5,232.9:0.0,233.9:0.0,235.0:0.0,236.0:0.0,237.0:0.0,238.0:0.0,239.1:0.0,240.1:0.0,241.1:0.0,242.2:0.0,243.2:0.0,237.4:0.0,238.5:1189.7,239.5:1181.0,240.5:1170.7,241.6:1161.2,242.6:1153.5,250.4:0.0,251.4:0.0,245.8:1135.0,246.8:1120.5,247.8:1119.0,255.5:0.0,256.6:0.0,250.9:1119.7,251.9:1122.2,259.7:0.0,260.7:0.0,255.1:0.0,256.2:1039.2,257.2:1017.5,258.3:996.5,259.4:977.5,260.4:959.2,261.5:939.5,262.5:922.2,263.6:906.5,264.6:890.7,265.7:876.2,266.7:862.2,267.8:849.0,268.9:837.2,270.0:825.0,270.9:812.5,272.0:802.0,273.1:793.2,274.1:785.0,275.2:776.2,276.2:767.2,277.2:759.2,278.1:751.5,279.3:744.7,280.4:738.0,281.3:730.7,282.3:725.5,283.4:720.2,284.5:714.2,285.5:708.7,286.6:703.5,287.6:698.5,288.5:694.5,289.7:691.0,290.8:687.5,291.7:682.7,292.7:678.7,293.8:676.7,294.7:673.5,295.9:671.0,296.9:670.0,303.7:0.0,304.7:0.0,305.8:0.0,306.9:0.0,307.9:0.0,308.9:0.0,310.0:0.0,311.0:0.0,312.0:0.0,313.0:0.0,318.3:0.0,317.9:111.2,320.2:110.7,321.1:110.7,321.5:110.7,323.1:110.7,324.2:110.7,324.7:110.7,325.9:111.0,325.7:111.2,328.6:111.7,329.7:112.2,329.8:112.7,330.2:113.2,328.5:0.0,329.5:0.0,330.6:0.0,331.6:0.0,332.6:0.0,333.7:0.0,334.7:0.0,335.7:0.0,336.7:0.0,337.8:0.0,338.8:0.0,339.8:0.0,340.9:0.0,341.9:0.0,342.9:0.0,344.0:0.0,346.4:0.0,348.7:127.2,349.3:126.5,348.4:125.0,351.4:0.0,353.8:116.0,354.4:115.2,355.6:114.2,356.7:113.5,358.0:113.5,359.5:113.0,359.2:113.5,360.1:113.2,361.4:110.7,
352.6:931.5,353.7:929.2,354.7:928.0,355.8:926.7,356.8:925.5,357.8:924.2,358.9:924.7,359.8:925.0,0.9:926.0,2.0:927.0,2.9:926.2,4.0:927.5,5.0:930.2,6.0:932.5,7.1:935.0,8.1:937.5,9.1:941.0,10.1:944.2,11.2:948.7,12.2:955.2,13.2:969.7,14.2:985.7,15.3:984.0,16.4:976.7,17.3:980.5,18.3:987.7,19.4:992.2,20.4:999.2,21.4:1007.0,22.4:1013.0,23.5:1021.7,24.5:1030.2,25.5:1040.0,26.5:1052.2,27.6:1062.5,28.6:1071.0,29.6:1080.7,30.6:1093.5,31.6:1106.2,32.6:1118.5,33.6:1132.2,34.7:1148.0,35.7:1163.2,36.7:1177.2,37.7:1194.0,45.5:0.0,46.6:0.0,47.6:0.0,48.6:0.0,49.6:0.0,50.7:0.0,51.7:0.0,52.7:0.0,47.0:0.0,54.8:0.0,55.8:0.0,50.2:0.0,57.9:0.0,58.9:0.0,53.3:0.0,61.0:0.0,62.0:0.0,63.0:0.0,64.1:0.0,65.1:0.0,66.1:0.0,67.1:0.0,68.2:0.0,69.2:0.0,70.2:0.0,71.2:0.0,72.3:0.0,66.2:0.0,67.2:1633.0,68.3:1607.2,69.3:1580.0,70.3:1571.5,71.4:1564.5,72.5:1554.7,73.4:1546.5,74.5:1540.0,75.5:1532.0,76.5:1526.5,77.6:1519.5,78.6:1515.5,79.6:1508.5,80.7:1504.7,81.7:1504.0,82.8:1500.2,83.7:1497.2,84.7:1494.0,85.7:1492.5,86.8:1490.0,87.8:1488.2,88.9:1487.5,89.8:1488.5,90.9:1491.0,91.9:1492.5,93.0:1495.0,94.0:1498.5,95.0:1501.7,96.0:1503.5,97.0:1506.5,98.1:1511.5,99.1:1516.0,100.1:1519.2,101.1:1524.0,102.1:1529.5,103.2:1535.7,104.2:1547.5,105.2:1558.0,106.2:1564.5,107.3:1569.5,108.3:1576.0,109.3:1585.7,110.3:1596.7,111.3:1607.7,112.3:1617.2,113.4:1629.7,114.4:1643.5,115.5:1655.7,116.4:1673.7,124.6:0.0,125.6:0.0,126.7:0.0,120.5:0.0,121.5:1774.0,129.7:0.0,130.8:0.0,131.8:0.0,132.8:0.0,133.9:0.0,134.9:0.0,135.9:0.0,129.8:0.0,138.0:0.0,139.0:0.0,140.0:0.0,141.1:0.0,142.1:0.0,143.1:0.0,144.2:0.0,145.2:0.0,146.2:0.0,140.2:0.0,141.3:1392.7,149.3:0.0,150.3:0.0,151.4:0.0,152.4:0.0,153.4:0.0,154.4:0.0,155.5:0.0,156.5:0.0,157.5:0.0,151.4:0.0,152.4:1747.7,153.4:1718.5,154.5:1684.7,155.6:1670.2,156.6:1656.0,157.6:1646.5,158.6:1634.0,159.7:1619.0,160.7:1613.7,161.7:1608.5,162.8:1598.7,163.9:1588.7,164.9:1582.2,165.9:1576.7,166.9:1569.7,168.0:1567.5,169.0:1562.0,170.0:1555.7,171.0:1552.7,172.1:1548.0,173.2:1541.7,174.2:1539.7,175.2:1536.2,176.2:1533.7,177.2:1534.2,178.3:1530.7,179.3:1533.0,180.3:1532.2,181.4:1530.5,182.4:1534.5,183.4:1533.7,184.5:1532.5,185.5:1537.2,186.5:1543.0,187.5:1545.2,188.5:1551.2,189.6:1558.5,190.6:1562.5,191.6:1567.7,192.7:1573.0,193.7:1577.0,194.7:1583.7,195.7:1594.2,196.7:1604.2,197.8:1608.7,198.8:1613.7,206.9:0.0,208.0:0.0,202.2:0.0,210.1:0.0,211.1:0.0,212.1:0.0,213.2:0.0,207.5:0.0,208.5:1112.2,209.6:1108.7,210.7:1104.5,211.7:1097.7,212.7:1091.5,213.7:1086.0,214.8:1080.0,215.8:1076.7,216.8:1072.0,217.9:1066.7,218.9:1063.7,220.0:1060.5,221.0:1056.5,222.0:1053.7,223.0:1052.2,224.1:1050.2,225.1:1047.2,226.1:1045.0,227.2:1045.2,228.2:1044.7,235.8:0.0,230.2:1056.5,231.2:1069.0,232.3:1069.0,233.3:1076.2,241.0:0.0,235.4:0.0,236.4:1022.7,237.4:1010.5,238.5:999.0,239.5:987.7,240.6:978.2,241.6:969.0,242.7:957.7,243.8:947.7,244.9:939.0,245.8:929.0,246.9:921.0,248.0:913.0,249.0:905.0,250.1:898.7,251.1:892.0,252.0:885.7,253.2:880.7,254.2:876.0,255.3:870.7,256.3:865.5,257.3:860.7,258.3:857.2,259.4:853.5,260.4:850.2,261.5:847.7,262.4:845.5,263.5:843.0,264.5:840.5,265.6:838.0,266.5:836.7,267.6:835.7,268.7:834.0,269.6:833.7,270.7:834.0,271.7:833.2,272.8:832.5,273.7:833.0,274.9:833.2,275.7:833.2,276.8:833.7,277.8:835.7,278.8:838.0,279.8:840.5,280.9:843.5,281.9:845.5,282.8:847.5,284.0:851.2,284.4:0.0,292.3:0.0,293.3:0.0,294.3:0.0,295.4:0.0,296.4:0.0,297.4:0.0,298.4:0.0,299.5:0.0,300.5:0.0,301.5:0.0,302.5:0.0,303.6:0.0,304.6:0.0,305.6:0.0,306.7:0.0,307.7:0.0,308.8:0.0,305.6:0.0,310.8:0.0,311.9:0.0,308.8:397.0,309.5:389.2,311.0:387.2,311.6:386.2,312.6:385.2,313.6:385.7,314.8:388.7,320.1:0.0,321.1:0.0,322.1:0.0,323.2:0.0,324.2:0.0,325.2:0.0,326.2:0.0,327.3:0.0,328.3:0.0,329.3:0.0,330.4:0.0,331.4:0.0,332.4:0.0,333.5:0.0,334.5:0.0,335.5:0.0,336.6:0.0,337.6:0.0,338.6:0.0,339.6:0.0,340.7:0.0,341.7:0.0,342.7:0.0,343.8:0.0,344.8:0.0,345.8:0.0,346.8:0.0,347.9:0.0,342.4:0.0,343.4:961.0,344.5:954.0,345.5:950.7,346.6:947.2,347.6:943.5,348.7:940.7,349.7:937.5,350.7:933.7,351.7:932.2,
351.6:1656.0,352.6:1670.5,353.7:1655.0,354.7:1641.5,355.8:1625.5,356.8:1610.7,357.9:1603.5,358.9:1592.5,359.9:1580.7,0.9:1573.2,1.9:1562.5,3.0:1553.2,4.1:1545.7,5.1:1537.7,6.1:1530.2,7.1:1524.5,8.2:1520.2,9.2:1517.5,10.3:1514.5,11.2:1512.5,12.3:1511.2,13.4:1507.2,14.3:1501.5,15.4:1497.5,16.4:1494.0,17.5:1493.5,18.5:1495.5,19.5:1495.0,20.5:1498.5,21.6:1498.2,22.6:1496.0,23.6:1498.2,24.7:1499.7,25.7:1501.0,26.7:1503.5,27.7:1510.5,28.8:1515.2,29.8:1517.2,30.8:1521.5,31.9:1526.0,32.9:1532.7,33.9:1540.5,35.0:1545.5,36.0:1552.5,37.0:1561.7,38.0:1570.7,39.1:1581.0,40.1:1589.0,41.1:1598.7,42.1:1609.5,43.2:1618.0,44.2:1633.2,45.2:1647.0,46.2:0.0,47.3:1722.5,55.4:0.0,56.5:0.0,57.5:0.0,58.5:0.0,59.5:0.0,60.6:0.0,61.6:0.0,62.6:0.0,63.7:0.0,64.7:0.0,65.7:0.0,66.7:0.0,60.9:0.0,62.0:1195.5,63.1:1184.7,64.1:1186.2,71.9:0.0,72.9:0.0,74.0:0.0,75.0:0.0,76.0:0.0,77.1:0.0,78.1:0.0,79.1:0.0,80.2:0.0,81.2:0.0,82.2:0.0,83.2:0.0,84.3:0.0,85.3:0.0,86.3:0.0,87.4:0.0,88.4:0.0,82.4:0.0,83.4:1380.7,91.4:0.0,92.4:0.0,93.5:0.0,94.5:0.0,95.5:0.0,96.5:0.0,97.6:0.0,91.7:0.0,92.7:1297.0,93.8:1292.0,94.8:1284.5,95.9:1275.5,96.8:1271.5,97.9:1266.7,98.9:1260.2,100.0:1254.5,101.0:1251.2,102.0:1250.0,103.0:1248.2,104.1:1245.0,105.1:1240.0,106.2:1238.2,107.2:1238.2,108.2:1239.5,109.2:1239.7,110.3:1239.2,111.3:1238.7,112.3:1236.5,113.3:1238.7,114.4:1241.2,115.4:1241.0,116.4:1241.2,117.5:1245.5,118.5:1250.2,119.5:1253.5,120.5:1255.2,121.5:1256.2,122.5:1262.7,123.5:1268.5,124.6:1273.7,125.6:1280.0,126.7:1283.7,127.7:1291.5,128.7:1302.7,136.6:0.0,137.6:0.0,138.7:0.0,139.7:0.0,140.7:0.0,134.8:0.0,135.9:1366.7,137.3:0.0,138.3:956.7,139.5:952.0,140.5:0.0,141.6:910.0,142.5:907.0,143.6:901.0,144.6:896.5,145.7:892.7,146.7:888.0,147.8:885.0,148.8:880.5,149.9:877.7,150.8:875.5,151.9:872.2,152.8:870.7,153.9:867.2,154.9:866.0,156.0:866.2,157.2:864.0,158.1:863.5,159.2:862.5,160.2:861.5,161.2:860.7,162.3:860.2,163.2:863.2,164.3:864.0,165.4:863.0,166.4:865.0,167.4:866.5,168.4:867.7,169.4:870.0,170.5:871.7,171.5:873.2,172.6:875.7,173.6:880.5,174.6:0.0,175.5:916.7,176.5:919.7,177.7:921.7,178.6:936.2,186.1:0.0,179.5:0.0,181.8:0.0,182.8:900.7,183.8:894.5,184.9:888.7,186.0:883.7,187.0:879.0,188.0:874.0,189.0:870.0,190.1:866.7,191.2:863.5,192.1:861.0,193.1:858.7,194.2:856.5,195.2:852.7,196.3:849.5,197.4:849.5,198.3:848.2,199.5:845.2,200.4:844.2,201.4:844.7,202.4:843.5,203.5:842.2,204.5:842.5,205.6:843.7,206.6:846.0,207.7:848.5,208.7:849.0,209.7:849.7,210.7:851.5,211.8:854.5,212.7:857.5,213.8:860.0,214.8:863.0,215.9:866.2,216.8:870.0,217.9:874.5,218.9:878.5,219.9:883.5,220.9:888.7,222.0:894.0,223.0:899.7,224.1:906.0,225.0:912.2,226.0:919.0,227.0:926.2,228.1:933.0,229.1:941.0,230.2:949.5,231.1:960.5,238.7:0.0,239.7:0.0,240.7:0.0,241.8:0.0,242.8:0.0,243.8:0.0,244.9:0.0,245.9:0.0,246.9:0.0,248.0:0.0,249.0:0.0,250.0:0.0,251.0:0.0,252.1:0.0,253.1:0.0,248.3:0.0,255.2:0.0,256.2:0.0,251.3:0.0,258.2:0.0,253.5:664.2,254.6:652.7,261.3:0.0,256.5:643.2,257.7:632.2,258.7:624.0,259.8:619.7,260.9:618.7,261.9:619.0,262.9:620.0,269.6:0.0,270.6:0.0,271.6:0.0,272.7:0.0,273.7:0.0,274.7:0.0,275.7:0.0,276.8:0.0,277.8:0.0,278.8:0.0,279.9:0.0,280.9:0.0,281.9:0.0,282.9:0.0,283.9:0.0,278.1:0.0,279.1:1228.5,280.1:1223.7,281.2:1221.5,282.2:1218.2,283.2:1213.5,284.3:1211.5,285.3:1211.0,286.3:1209.2,287.3:1206.7,288.4:1206.0,289.4:1206.0,290.4:1207.2,291.5:1208.0,292.5:1209.5,293.5:1211.7,294.5:1212.2,295.5:1214.5,296.6:1216.7,297.6:1218.7,298.6:1223.7,299.8:1227.0,300.8:1237.0,301.8:1251.7,302.7:1255.5,303.8:1255.0,304.8:1260.0,305.8:1265.2,306.9:1269.2,307.9:1275.7,309.0:1285.7,309.9:1294.0,311.0:1302.7,312.0:1314.0,313.0:1324.2,314.0:1337.7,315.0:1351.0,316.1:1361.5,317.1:1372.0,318.1:1383.7,319.1:1401.0,320.2:1418.7,321.2:1435.0,322.2:1458.5,330.3:0.0,331.3:0.0,332.3:0.0,333.4:0.0,334.4:0.0,335.4:0.0,336.5:0.0,330.6:0.0,338.5:0.0,339.5:0.0,340.6:0.0,341.6:0.0,342.6:0.0,343.7:0.0,344.7:0.0,345.7:0.0,346.8:0.0,347.8:0.0,348.8:0.0,349.9:0.0,350.9:0.0,351.9:0.0,353.0:0.0,354.0:0.0,355.0:0.0,348.9:0.0,357.1:0.0,358.1:0.0,
359.1:0.0,0.2:0.0,1.2:0.0,2.2:0.0,3.2:0.0,4.3:0.0,5.3:0.0,359.5:0.0,0.5:1285.2,1.5:1278.2,2.6:1270.0,3.6:1266.2,4.6:1262.0,5.7:1252.5,6.7:1246.5,7.7:1242.7,8.8:1235.2,9.8:1233.5,10.9:1230.7,11.9:1225.7,12.9:1225.5,14.0:1224.5,15.0:1221.0,16.0:1220.7,17.1:1221.0,18.2:1219.5,19.2:1217.2,20.2:1213.0,21.3:1212.0,22.3:1215.5,23.2:1217.7,24.3:1217.7,25.3:1220.5,26.4:1224.2,27.4:1229.5,28.4:1233.0,29.4:1236.0,30.5:1239.2,31.5:1241.7,32.5:1247.0,33.5:1251.7,34.6:1256.5,35.6:1259.7,36.7:1264.5,37.7:1272.2,38.7:1279.0,46.6:0.0,47.6:0.0,48.7:0.0,49.7:0.0,50.7:0.0,51.8:0.0,52.8:0.0,46.9:0.0,48.0:1372.0,48.9:1382.7,56.9:0.0,58.0:0.0,59.0:0.0,60.0:0.0,54.0:0.0,55.0:1514.0,63.1:0.0,64.1:0.0,65.2:0.0,66.2:0.0,67.2:0.0,68.2:0.0,69.2:0.0,70.3:0.0,71.3:0.0,72.3:0.0,73.4:0.0,74.4:0.0,75.4:0.0,76.5:0.0,77.5:0.0,78.5:0.0,79.5:0.0,80.6:0.0,75.0:0.0,76.0:1092.5,77.0:1090.7,78.0:1093.5,85.7:0.0,86.7:0.0,87.8:0.0,88.8:0.0,89.8:0.0,90.8:0.0,91.8:0.0,92.9:0.0,93.9:0.0,87.9:0.0,96.0:0.0,90.0:1476.5,98.0:0.0,92.0:0.0,93.1:1404.0,94.1:1395.7,95.1:1389.7,96.1:1385.7,97.2:1381.2,98.3:1376.5,99.2:1370.7,100.3:1365.5,101.3:1360.7,102.4:1355.2,103.4:1350.2,104.4:1349.7,105.4:1345.5,106.5:1343.2,107.5:1344.7,108.6:1344.2,109.6:1343.2,110.6:1343.2,111.6:1343.2,112.6:1341.7,113.7:1343.0,114.7:1345.5,115.7:1347.2,116.7:1348.5,117.8:1352.5,118.8:1354.5,119.8:1354.2,120.8:1358.7,121.8:1367.7,122.9:1374.2,123.9:1373.2,124.9:1376.0,125.9:1385.5,127.0:1394.0,128.0:1402.2,129.0:1408.5,137.0:0.0,138.1:0.0,139.1:0.0,140.1:0.0,141.2:0.0,142.2:0.0,143.2:0.0,137.2:0.0,138.2:1519.0,139.2:1533.0,147.3:0.0,141.3:1548.7,149.4:0.0,143.3:1578.2,151.4:0.0,145.3:1617.7,153.5:0.0,147.8:0.0,148.7:1187.7,149.8:1174.7,150.9:1157.5,151.9:1150.0,152.9:1146.7,153.9:1146.2,155.0:1144.2,156.1:1139.5,157.1:1136.2,158.1:1134.5,159.1:1133.2,160.2:1131.7,161.2:1132.5,162.2:1133.7,163.3:1134.0,164.3:1134.7,165.3:1135.2,166.3:1135.7,167.3:1139.5,168.3:1144.7,169.5:1145.7,170.4:1148.0,171.4:1150.0,172.5:1153.7,173.5:1159.7,174.5:1163.2,182.3:0.0,176.5:1183.7,177.6:1205.5,185.4:0.0,186.5:0.0,187.5:0.0,181.8:1196.5,182.8:1179.5,183.8:1171.0,184.9:1164.0,185.9:1158.2,186.9:1153.5,188.0:1148.0,189.0:1141.7,190.1:1136.5,191.1:1130.5,192.1:1125.5,193.1:1123.0,194.1:1121.0,195.2:1117.2,196.2:1115.0,197.3:1113.2,198.3:1111.5,199.3:1111.7,200.4:1110.5,201.4:1109.2,202.5:1108.0,203.6:1106.7,204.5:1108.5,205.6:1109.5,206.7:1109.7,207.6:1111.0,208.7:1111.0,209.6:1113.2,210.7:1117.7,211.7:1119.7,212.8:1121.0,213.7:1123.7,214.8:1128.0,215.8:1132.5,216.8:1136.5,217.9:1142.2,219.0:1148.2,219.9:1155.5,227.7:0.0,228.8:0.0,229.8:0.0,230.8:0.0,231.9:0.0,232.9:0.0,233.9:0.0,234.9:0.0,236.0:0.0,237.0:0.0,238.0:0.0,239.0:0.0,240.1:0.0,241.1:0.0,242.1:0.0,237.2:0.0,238.3:716.0,239.4:713.2,240.3:712.2,241.3:712.5,248.3:0.0,249.3:0.0,250.4:0.0,251.4:0.0,252.4:0.0,253.5:0.0,254.5:0.0,255.5:0.0,256.6:0.0,257.6:0.0,258.6:0.0,259.6:0.0,260.7:0.0,261.7:0.0,262.7:0.0,263.7:0.0,264.8:0.0,265.8:0.0,266.8:0.0,267.8:0.0,268.9:0.0,269.9:0.0,264.1:0.0,265.1:1220.2,266.2:1210.2,267.2:1198.0,268.3:1185.7,269.3:1178.0,270.3:1172.2,271.4:1165.7,272.5:1160.5,273.4:1153.7,274.5:1147.7,275.5:1141.7,276.5:1134.7,277.5:1130.5,278.6:1127.0,279.6:1123.2,280.6:1119.7,281.6:1116.5,282.7:1114.5,283.7:1113.5,284.7:1113.0,285.8:1112.0,286.8:1109.2,287.8:1109.7,288.8:1122.2,289.9:1130.0,290.9:1121.5,292.0:1115.2,293.0:1114.7,294.0:1114.7,295.0:1115.5,296.0:1118.2,297.0:1122.0,298.0:1124.0,299.1:1126.5,300.2:1130.7,301.2:1138.0,302.2:1142.7,303.2:1146.5,304.2:1152.5,305.3:1158.0,306.3:1163.7,307.3:1171.0,308.3:1178.2,309.4:1183.7,310.4:1192.7,311.4:1203.7,312.4:1213.5,313.4:1223.5,314.4:1235.2,322.3:0.0,323.3:0.0,324.4:0.0,325.4:0.0,326.4:0.0,327.5:0.0,328.5:0.0,329.5:0.0,324.0:0.0,325.1:1025.2,326.1:1032.7,333.7:0.0,328.1:1036.2,335.7:0.0,336.7:0.0,337.8:0.0,338.8:0.0,339.8:0.0,340.9:0.0,341.9:0.0,342.9:0.0,344.0:0.0,345.0:0.0,346.0:0.0,347.0:0.0,348.1:0.0,349.1:0.0,350.1:0.0,351.2:0.0,352.2:0.0,353.2:0.0,354.3:0.0,355.3:0.0,356.4:0.0,350.4:0.0,351.5:1380.7,
358.7:0.0,353.1:0.0,354.1:1040.2,355.2:1035.0,356.3:1028.5,357.3:1020.7,358.3:1013.2,359.3:1007.2,0.5:1000.0,1.5:994.5,2.5:989.2,3.5:983.2,4.6:977.7,5.6:971.0,6.7:965.5,7.7:961.0,8.7:959.5,9.8:956.2,10.8:952.0,11.9:949.2,12.9:947.7,13.9:945.2,14.9:943.2,16.0:942.5,17.0:942.5,18.1:942.2,19.0:944.0,20.1:945.2,21.1:945.5,22.2:946.5,23.2:947.2,24.2:947.0,25.2:948.2,26.3:950.5,27.4:950.7,28.3:954.5,29.4:957.7,30.4:961.0,31.4:964.2,32.4:965.2,33.4:969.5,34.4:975.2,35.5:980.7,36.6:986.0,37.5:993.0,38.6:1000.5,39.7:1008.0,40.7:1015.0,41.7:1019.7,42.7:1026.5,43.7:1032.7,44.8:1038.5,52.4:0.0,53.4:0.0,54.5:0.0,48.8:0.0,49.8:1089.5,50.9:1098.5,58.6:0.0,59.6:0.0,60.6:0.0,61.7:0.0,62.7:0.0,63.7:0.0,64.8:0.0,65.8:0.0,66.8:0.0,67.8:0.0,68.9:0.0,69.9:0.0,70.9:0.0,71.9:0.0,73.0:0.0,74.0:0.0,75.0:0.0,76.1:0.0,77.1:0.0,78.1:0.0,79.2:0.0,80.2:0.0,81.2:0.0,82.2:0.0,83.3:0.0,84.3:0.0,78.6:0.0,86.4:0.0,87.4:0.0,88.4:0.0,89.5:0.0,83.7:0.0,84.8:1103.0,85.8:1094.0,86.9:1086.0,87.9:1079.2,89.0:1072.7,89.9:1067.2,91.0:1064.0,92.0:1063.7,99.7:0.0,100.7:0.0,101.8:0.0,102.8:0.0,103.8:0.0,104.8:0.0,98.8:0.0,99.8:1502.0,100.9:1501.0,101.9:1483.2,103.0:1465.0,104.0:1461.5,105.0:1459.7,106.1:1454.2,107.1:1450.0,108.1:1451.0,109.1:1449.2,110.1:1447.7,111.2:1450.2,112.2:1452.0,113.2:1454.0,114.2:1455.5,115.3:1457.7,116.3:1462.5,117.3:1465.7,118.3:1470.0,119.3:1474.0,120.4:1476.0,121.4:1481.2,122.5:1486.7,123.4:1489.5,124.4:1494.7,125.5:1503.2,126.5:1513.2,127.5:1519.7,128.5:1525.7,129.6:1535.7,130.6:1544.5,131.7:1558.5,132.7:1568.5,133.8:1575.7,134.7:1593.2,135.8:1604.7,136.8:1614.5,137.8:1630.0,146.0:0.0,147.0:0.0,140.9:1663.0,149.0:0.0,150.1:0.0,151.1:0.0,152.1:0.0,146.0:0.0,154.2:0.0,155.2:0.0,156.2:0.0,157.3:0.0,158.3:0.0,159.3:0.0,153.4:0.0,161.4:0.0,155.5:0.0,156.5:1411.0,157.5:1411.2,158.7:1408.7,159.6:1407.5,160.7:1407.7,161.7:1407.5,162.7:1408.7,163.8:1412.2,164.8:1413.2,165.8:1413.2,166.9:1414.5,167.9:1419.5,168.9:1421.2,176.9:0.0,171.0:1426.2,179.0:0.0,180.0:0.0,174.1:1444.0,182.1:0.0,176.1:0.0,177.1:1504.2,178.1:1513.7,186.2:0.0,187.2:0.0,181.3:1498.0,182.2:1470.2,183.3:1461.7,184.4:1456.0,185.4:1446.5,186.4:1437.0,187.4:1432.7,188.5:1428.7,189.5:1421.0,190.6:1411.2,191.6:1406.2,192.6:1401.2,193.7:1395.5,194.7:1393.0,195.7:1390.0,196.7:1387.0,197.8:1385.2,198.8:1383.5,199.8:1380.0,200.9:1377.7,201.9:1380.5,203.0:1381.5,204.1:1382.0,205.0:1381.0,206.1:1381.7,207.1:1387.7,208.2:1389.2,209.2:1388.5,210.2:1390.5,211.2:1395.7,212.2:1406.0,220.2:0.0,221.3:0.0,222.3:0.0,223.3:0.0,224.4:0.0,225.4:0.0,220.0:0.0,221.1:0.0,222.1:898.7,223.1:894.7,224.2:894.5,225.2:898.2,226.2:903.0,227.3:908.5,234.7:0.0,235.7:0.0,236.8:0.0,237.8:0.0,232.3:0.0,239.9:0.0,240.9:0.0,241.9:0.0,243.0:0.0,244.0:0.0,245.0:0.0,246.1:0.0,247.1:0.0,248.1:0.0,249.2:0.0,250.2:0.0,251.2:0.0,252.2:0.0,253.3:0.0,254.3:0.0,255.3:0.0,256.4:0.0,250.5:0.0,251.5:1272.2,252.6:1254.5,253.7:1236.7,254.7:1222.0,255.7:1205.5,256.8:1188.7,257.8:1176.5,258.9:1166.7,259.9:1153.7,261.0:1139.7,262.0:1129.0,263.1:1118.5,264.2:1109.2,265.2:1101.7,266.2:1093.7,267.2:1085.5,268.3:1076.7,269.3:1070.5,270.4:1065.7,271.4:1059.2,272.4:1056.0,273.4:1060.5,274.4:1060.0,275.4:1047.5,276.4:1038.5,277.5:1034.2,278.5:1031.0,279.5:1028.0,280.6:1024.0,281.6:1021.5,282.6:1020.7,283.7:1018.2,284.7:1015.5,285.7:1015.2,286.8:1014.5,287.7:1013.7,288.8:1014.7,289.8:1015.0,290.8:1014.7,291.9:1014.5,292.8:1016.0,293.9:1018.0,294.9:1020.5,296.0:1023.0,297.0:1025.5,298.0:1030.2,299.0:1033.2,300.1:1036.0,301.2:1040.0,302.2:1045.2,303.2:1054.0,310.9:0.0,311.9:0.0,312.9:0.0,314.0:0.0,315.0:0.0,316.0:0.0,310.8:0.0,311.9:800.2,313.0:802.0,313.9:807.7,321.2:0.0,322.2:0.0,317.0:806.7,318.1:807.0,319.1:814.0,326.3:0.0,327.3:0.0,322.0:0.0,323.1:847.2,330.5:0.0,331.5:0.0,332.5:0.0,333.5:0.0,334.6:0.0,335.6:0.0,336.6:0.0,337.7:0.0,338.7:0.0,339.7:0.0,340.8:0.0,341.8:0.0,342.8:0.0,343.9:0.0,344.9:0.0,345.9:0.0,347.0:0.0,348.0:0.0,349.0:0.0,350.0:0.0,344.2:0.0,352.1:0.0,353.1:0.0,354.2:0.0,355.2:0.0,349.6:0.0,357.3:0.0,358.3:0.0,
359.4:0.0,354.8:645.0,355.8:636.5,356.7:632.0,357.9:627.5,359.0:621.7,0.0:617.0,1.0:613.7,2.2:611.7,3.1:607.2,4.1:603.0,5.1:600.2,6.2:598.2,7.3:596.7,8.3:594.7,9.5:592.2,10.5:590.0,11.4:588.2,12.4:585.5,13.6:582.2,14.5:580.2,15.6:579.2,16.7:578.2,17.7:578.0,18.7:577.5,19.7:578.0,20.7:578.0,21.8:578.0,22.8:578.5,23.8:579.7,24.9:579.7,25.9:580.5,27.0:583.0,28.0:585.5,29.0:587.2,30.1:589.5,31.1:593.5,32.1:595.2,32.9:597.7,34.1:601.0,35.0:602.7,36.1:606.7,37.1:610.2,38.2:612.7,39.2:616.7,40.2:620.7,41.2:622.7,42.2:625.7,43.3:631.5,44.2:636.2,45.3:640.5,46.4:647.7,47.3:653.2,54.1:0.0,55.2:0.0,50.4:662.2,57.2:0.0,58.3:0.0,53.4:0.0,60.3:0.0,61.4:0.0,62.4:0.0,63.4:0.0,64.5:0.0,65.5:0.0,66.4:0.0,67.5:0.0,68.5:0.0,69.5:0.0,70.5:0.0,71.6:0.0,72.6:0.0,73.6:0.0,74.7:0.0,75.7:0.0,76.7:0.0,77.7:0.0,78.8:0.0,79.8:0.0,80.8:0.0,81.9:0.0,82.9:0.0,83.9:0.0,85.0:0.0,86.0:0.0,87.0:0.0,88.0:0.0,89.1:0.0,90.1:0.0,84.2:0.0,92.1:0.0,93.2:0.0,94.2:0.0,95.2:0.0,96.2:0.0,90.5:0.0,91.5:1205.2,92.5:1199.7,93.6:1195.5,94.6:1189.7,95.7:1182.5,96.7:1177.2,97.7:1172.2,98.7:1165.0,99.7:1161.0,100.8:1158.0,101.9:1154.0,102.9:1150.7,103.9:1149.2,104.9:1148.5,106.0:1146.5,107.0:1144.0,108.0:1141.5,109.0:1140.5,110.0:1141.2,117.8:0.0,118.8:0.0,119.8:0.0,120.9:0.0,121.9:0.0,115.8:0.0,116.8:1597.0,117.8:1600.5,118.9:1608.5,119.9:1614.2,120.9:1618.7,121.9:1620.7,123.0:1624.0,124.0:1633.2,125.0:1643.0,126.1:1649.2,127.0:1660.2,128.1:1669.7,129.1:1677.2,130.1:1690.0,131.2:1698.7,132.2:1708.5,133.2:1724.0,134.2:1735.0,142.5:0.0,136.2:1759.0,137.3:1783.5,145.5:0.0,146.5:0.0,140.3:0.0,148.6:0.0,149.6:0.0,150.7:0.0,151.7:0.0,152.7:0.0,153.7:0.0,147.5:0.0,155.8:0.0,156.8:0.0,157.9:0.0,158.9:0.0,159.9:0.0,160.9:0.0,162.0:0.0,163.1:0.0,164.1:0.0,165.1:0.0,159.0:0.0,160.0:1825.5,161.0:1808.0,162.0:1790.5,163.1:1791.2,164.1:1789.7,165.1:1790.5,166.2:1795.2,167.2:1800.5,168.2:1806.7,169.2:1809.0,170.2:1812.5,171.3:1816.5,172.3:1819.7,173.3:1830.5,174.4:1842.7,175.4:1849.7,176.4:1856.2,177.5:1877.7,185.7:0.0,186.7:0.0,180.5:1887.2,181.5:1874.7,182.6:1863.5,183.6:1852.0,184.6:1840.5,185.7:1829.7,186.7:1816.7,187.7:1803.2,188.8:1794.5,189.8:1786.5,190.9:1777.5,191.9:1770.7,192.9:1765.5,194.0:1759.7,195.0:1757.0,196.0:1751.0,197.0:1744.7,198.0:1743.0,199.1:1741.7,200.1:1741.7,201.2:1737.2,202.2:1735.7,203.3:1742.2,204.3:1741.0,205.3:1758.0,213.5:0.0,214.6:0.0,215.6:0.0,209.8:0.0,210.9:1194.5,211.9:1197.5,212.9:1201.5,214.0:1203.7,215.0:1206.2,222.8:0.0,223.9:0.0,224.9:0.0,225.9:0.0,220.1:0.0,221.1:1251.0,222.1:1258.5,223.2:1265.2,224.2:1277.2,232.1:0.0,233.1:0.0,234.1:0.0,235.1:0.0,236.2:0.0,237.2:0.0,238.2:0.0,239.2:0.0,240.3:0.0,241.3:0.0,242.3:0.0,236.3:0.0,237.5:1415.7,238.5:1381.2,239.6:1352.2,240.6:1322.5,241.7:1295.0,242.7:1269.5,243.7:1245.5,244.8:1225.5,245.9:1202.7,246.9:1181.7,247.9:1164.0,249.0:1146.2,250.1:1128.7,251.1:1111.2,252.2:1100.5,253.1:1100.7,254.3:0.0,255.3:1058.2,256.4:1046.5,257.4:1035.5,258.4:1022.2,259.5:1011.7,260.5:1005.0,261.5:995.7,262.5:986.0,263.6:977.5,264.6:969.7,265.7:962.0,266.7:953.7,267.8:946.5,268.9:941.0,269.9:934.5,271.0:927.7,271.9:924.0,272.9:920.5,274.0:915.5,275.1:911.0,276.0:906.7,277.0:903.7,278.0:901.2,279.1:897.7,280.1:895.2,281.1:892.7,282.9:0.0,284.0:608.0,285.0:602.5,286.0:600.2,287.2:601.2,288.2:602.2,289.2:601.0,295.7:0.0,291.4:0.0,292.3:578.5,293.3:577.7,294.3:577.0,295.3:577.0,296.4:577.5,297.3:578.5,298.4:579.7,299.6:580.5,300.5:582.0,301.5:584.5,302.5:587.2,303.7:589.7,304.6:592.0,305.7:595.0,306.7:598.0,307.5:598.5,308.7:600.7,309.8:606.0,310.7:611.2,311.8:614.2,312.7:617.7,313.7:624.2,314.8:629.0,315.7:634.0,316.7:638.5,317.7:643.7,318.8:650.0,325.5:0.0,326.6:0.0,321.8:660.7,328.6:0.0,329.7:0.0,324.7:0.0,331.7:0.0,332.7:0.0,333.8:0.0,334.8:0.0,335.8:0.0,336.9:0.0,337.9:0.0,332.7:0.0,339.9:0.0,341.0:0.0,342.0:0.0,343.0:0.0,338.0:808.7,345.1:0.0,346.1:0.0,347.1:0.0,348.2:0.0,349.2:0.0,344.3:0.0,351.2:0.0,352.3:0.0,353.3:0.0,354.4:0.0,355.4:0.0,356.5:0.0,357.5:0.0,352.7:0.0,
355.0:438.2,356.0:434.5,356.9:429.5,358.1:426.0,359.3:423.0,0.5:419.2,1.4:416.5,2.2:414.5,3.3:412.5,4.5:411.2,5.6:409.0,6.4:406.7,7.8:406.5,8.8:404.0,9.8:401.5,10.8:400.7,11.6:399.5,13.0:398.5,13.8:397.5,14.9:397.0,15.8:396.7,17.2:395.2,18.2:394.2,19.2:393.7,19.9:393.5,21.0:392.7,22.1:392.5,23.0:393.0,24.1:393.2,25.3:394.2,26.1:395.7,27.3:395.5,28.4:395.5,29.5:396.2,30.3:398.2,31.2:400.7,32.5:401.2,33.2:402.7,34.6:405.0,35.3:407.2,36.5:408.7,37.3:411.5,38.3:415.0,39.4:417.2,40.4:419.2,41.7:422.7,42.5:427.2,43.3:431.5,44.3:436.7,45.3:440.7,51.2:0.0,52.2:0.0,53.2:0.0,54.3:0.0,55.3:0.0,51.6:0.0,52.4:473.2,58.4:0.0,59.4:0.0,60.5:0.0,61.5:0.0,62.5:0.0,63.6:0.0,64.6:0.0,60.3:0.0,66.6:0.0,67.6:0.0,68.7:0.0,69.7:0.0,70.7:0.0,71.7:0.0,72.8:0.0,73.8:0.0,74.8:0.0,75.9:0.0,76.9:0.0,77.9:0.0,78.9:0.0,80.0:0.0,81.0:0.0,82.0:0.0,83.1:0.0,84.1:0.0,85.1:0.0,86.1:0.0,87.2:0.0,88.2:0.0,89.2:0.0,90.2:0.0,91.2:0.0,92.2:0.0,93.3:0.0,94.3:0.0,95.3:0.0,96.4:0.0,97.4:0.0,91.6:0.0,92.6:1272.7,93.6:1265.5,94.6:1260.7,95.7:1255.5,96.7:1247.5,97.7:1242.2,98.7:1239.0,99.8:1233.2,100.9:1228.0,101.9:1223.0,102.9:1222.0,103.9:1216.5,104.9:1212.2,106.0:1211.0,107.0:1207.5,108.0:1206.5,109.1:1207.7,110.0:1207.7,111.0:1206.5,112.2:1206.0,113.1:1206.0,114.1:1206.5,115.1:1209.7,116.2:1211.2,117.2:1213.7,125.1:0.0,126.1:0.0,127.1:0.0,128.1:0.0,122.0:0.0,123.0:1705.7,124.0:1715.0,125.1:1722.5,126.1:1729.0,127.1:1739.2,128.1:1749.7,129.2:1755.5,130.2:1765.7,131.2:1782.7,132.3:1796.2,133.3:1808.0,134.3:1820.0,142.6:0.0,136.4:1842.7,137.4:1872.0,138.4:1888.5,146.7:0.0,147.7:0.0,148.7:0.0,149.7:0.0,143.5:0.0,144.5:2015.5,152.8:0.0,153.9:0.0,154.9:0.0,155.9:0.0,157.0:0.0,158.0:0.0,159.0:0.0,160.0:0.0,161.1:0.0,162.2:0.0,163.2:0.0,164.2:0.0,165.2:0.0,158.8:0.0,160.0:0.0,161.1:2006.0,162.1:1994.2,163.1:1982.7,164.1:1985.5,165.2:1987.7,166.2:1989.2,167.2:1988.7,168.2:1993.5,169.3:2001.0,170.3:2003.7,171.3:2009.7,172.4:2020.0,173.4:2026.7,174.4:2035.0,175.5:2042.5,183.8:0.0,177.5:2065.2,185.8:0.0,186.9:0.0,180.6:2077.0,181.6:2060.5,182.7:2048.0,183.7:2035.2,184.7:2021.2,185.7:2011.0,186.7:1998.7,187.8:1987.7,188.9:1980.2,189.9:1972.7,190.9:1968.2,192.0:1960.0,193.0:1951.0,194.0:1946.7,195.0:1942.0,196.1:1936.5,197.1:1932.5,198.1:1929.5,199.2:1928.5,200.2:1928.7,201.2:1924.2,202.2:1929.5,210.6:0.0,211.6:0.0,205.7:0.0,206.8:1364.7,207.8:1363.7,208.8:1367.5,209.9:1373.7,210.9:1376.5,211.9:1377.7,213.0:1383.0,213.9:1388.5,215.0:1395.2,216.0:1403.5,217.1:1411.5,225.0:0.0,226.1:0.0,227.1:0.0,228.1:0.0,229.2:0.0,223.2:0.0,224.2:1493.0,225.2:1505.7,226.3:1520.0,227.2:1534.0,235.4:0.0,236.4:0.0,230.3:1539.0,231.4:1515.7,232.5:1473.0,233.6:0.0,234.6:1385.2,235.7:1353.5,236.7:1321.5,237.8:1290.7,238.8:1262.2,239.9:1234.5,241.0:1208.7,242.0:1184.0,243.0:1170.2,244.1:1172.5,245.2:0.0,246.2:1103.7,247.2:1087.5,248.3:1072.7,249.3:1057.5,250.4:1040.2,251.4:1025.5,252.5:1013.5,253.5:1000.5,254.6:988.5,255.7:977.7,256.7:966.0,257.7:953.2,258.8:942.7,259.8:935.0,260.9:926.2,261.9:918.0,262.9:909.5,270.4:0.0,266.0:0.0,267.1:575.2,268.0:571.7,269.1:568.5,270.0:568.7,276.6:0.0,272.4:0.0,273.4:528.7,274.4:525.2,275.5:523.0,276.7:520.2,277.5:517.7,278.5:515.7,279.5:514.7,280.6:513.7,281.5:510.5,282.7:508.2,283.7:507.5,284.7:506.2,285.8:505.5,286.7:505.2,287.8:504.7,288.8:504.0,289.8:503.0,290.8:503.5,292.0:504.2,292.8:505.0,293.9:505.7,295.0:504.7,296.0:505.5,296.9:507.7,298.0:509.5,298.9:511.5,299.9:512.7,301.3:514.5,302.3:515.2,303.2:516.5,304.3:520.0,305.2:522.2,306.3:525.2,307.2:528.5,308.2:530.2,309.2:534.2,310.3:536.7,311.2:539.7,312.2:545.0,313.4:548.2,314.2:551.2,315.2:555.5,316.3:561.7,317.2:566.7,318.2:572.0,324.8:0.0,320.3:582.2,321.2:590.5,322.4:596.7,329.0:0.0,330.0:0.0,331.0:0.0,332.1:0.0,333.1:0.0,334.1:0.0,335.2:0.0,336.2:0.0,337.2:0.0,338.2:0.0,339.3:0.0,340.3:0.0,341.3:0.0,342.4:0.0,343.4:0.0,344.4:0.0,345.5:0.0,346.5:0.0,347.5:0.0,348.5:0.0,349.6:0.0,350.6:0.0,351.6:0.0,347.8:0.0,353.7:0.0,354.7:0.0,355.8:0.0,356.8:0.0,353.1:0.0,
359.1:0.0,0.2:0.0,1.2:0.0,2.2:0.0,3.2:0.0,4.3:0.0,5.3:0.0,359.7:0.0,7.4:0.0,8.4:0.0,9.4:0.0,10.4:0.0,11.5:0.0,12.5:0.0,13.5:0.0,14.6:0.0,15.6:0.0,9.7:0.0,17.7:0.0,18.7:0.0,19.7:0.0,20.7:0.0,21.8:0.0,22.8:0.0,23.8:0.0,24.9:0.0,19.1:0.0,20.1:1193.0,21.2:1186.5,22.2:1177.7,23.3:1170.2,24.3:1161.7,25.4:1155.5,26.4:1152.7,27.4:1149.0,28.5:1139.5,29.5:1133.2,30.5:1129.0,31.6:1123.2,32.6:1122.0,33.6:1118.2,34.7:1116.5,35.7:1115.2,36.8:1112.0,37.8:1113.0,45.5:0.0,46.5:0.0,47.6:0.0,48.6:0.0,42.5:0.0,43.6:1577.0,44.6:1569.5,45.6:1573.5,46.7:1572.0,47.7:1571.2,48.7:1575.0,49.8:1580.7,50.8:1581.7,51.8:1583.0,52.9:1588.2,53.9:1591.2,54.9:1594.7,56.0:1602.0,57.0:1611.2,58.0:1618.0,59.0:1629.0,59.9:1640.5,61.0:1646.5,62.0:1653.5,63.0:1661.2,64.1:1675.2,65.1:1694.0,66.1:1706.0,67.1:1719.7,68.1:1737.0,69.2:1753.0,70.2:1769.2,78.4:0.0,72.2:1792.5,80.4:0.0,81.5:0.0,82.5:0.0,83.5:0.0,84.5:0.0,85.6:0.0,86.6:0.0,87.6:0.0,88.7:0.0,89.7:0.0,90.7:0.0,91.7:0.0,92.7:0.0,93.8:0.0,94.8:0.0,88.7:0.0,89.7:1727.2,90.8:1711.7,91.8:1697.2,92.7:1695.5,93.8:1696.0,94.9:1698.0,95.8:1699.5,96.9:1699.5,97.9:1698.7,98.9:1701.7,100.0:1706.0,101.0:1711.7,102.0:1719.0,103.0:1726.5,104.1:1735.7,105.1:1739.2,106.1:1745.7,107.1:1753.5,108.1:1774.2,109.1:1797.5,117.3:0.0,118.4:0.0,112.2:1786.2,113.3:1766.7,114.3:1754.0,115.3:1739.0,116.3:1729.2,117.3:1723.2,118.4:1713.5,119.4:1703.2,120.4:1693.5,121.5:1686.7,122.5:1681.0,123.5:1675.5,124.5:1670.2,125.6:1665.5,126.6:1663.2,127.7:1662.2,128.7:1660.0,129.7:1657.7,130.7:1655.5,131.8:1655.7,132.8:1654.5,133.9:1651.5,134.9:1653.2,135.9:1654.7,136.9:1655.5,137.9:1658.7,146.1:0.0,147.1:0.0,148.1:0.0,149.2:0.0,143.5:0.0,144.6:1109.0,145.6:1109.7,146.6:1113.7,147.5:1120.0,148.6:1125.2,149.7:1130.7,157.4:0.0,151.7:1140.7,152.7:1153.0,153.7:1162.7,154.7:1170.7,155.8:1181.7,163.6:0.0,164.7:0.0,165.7:0.0,166.7:0.0,167.7:0.0,168.8:0.0,163.0:0.0,170.8:0.0,171.9:0.0,172.9:0.0,173.9:0.0,175.0:0.0,176.0:0.0,177.0:0.0,171.1:0.0,172.1:1366.0,173.2:1337.7,174.2:1311.7,175.3:1287.0,176.3:1262.0,177.4:1240.7,178.5:1221.2,179.5:1200.0,180.5:1181.0,181.6:1163.2,182.6:1147.0,183.6:1130.7,184.7:1114.5,185.8:1100.7,186.8:1088.0,187.8:1077.0,188.9:1072.7,189.9:1077.7,191.0:0.0,192.1:1036.5,193.1:1024.2,194.2:1015.5,195.1:1008.0,196.2:998.2,197.2:990.5,198.3:984.2,199.3:978.0,200.3:972.0,201.5:965.7,202.4:960.2,203.5:953.7,204.5:948.0,205.6:943.5,206.6:939.0,207.7:935.5,208.7:931.2,209.7:928.2,210.8:925.7,211.8:921.7,212.9:919.2,213.9:918.2,215.0:918.5,216.0:916.7,217.0:914.0,218.0:912.7,219.1:914.5,220.0:920.2,227.5:0.0,222.8:0.0,224.0:0.0,224.9:631.7,225.9:632.5,226.9:633.0,228.0:634.2,229.0:636.7,230.0:0.0,231.1:618.7,232.2:620.7,233.2:621.2,234.3:623.5,235.2:625.5,236.1:627.0,237.3:629.2,238.2:632.2,239.3:636.7,240.4:641.0,241.2:644.0,242.2:647.7,243.4:651.7,244.5:654.7,245.4:657.7,246.3:661.0,247.4:668.0,248.5:674.7,249.5:680.0,256.3:0.0,251.5:691.0,252.4:702.7,259.4:0.0,260.5:0.0,261.5:0.0,262.5:0.0,263.5:0.0,264.6:0.0,265.6:0.0,266.6:0.0,267.7:0.0,268.7:0.0,269.7:0.0,270.7:0.0,271.8:0.0,272.8:0.0,273.8:0.0,274.9:0.0,275.9:0.0,276.9:0.0,278.0:0.0,279.0:0.0,280.0:0.0,281.0:0.0,282.0:0.0,276.8:0.0,284.0:0.0,285.0:0.0,286.1:0.0,280.9:0.0,288.1:0.0,289.1:0.0,290.2:0.0,291.2:0.0,286.2:0.0,287.3:739.5,294.3:0.0,289.3:730.0,290.3:720.7,291.5:717.5,292.4:713.2,293.5:706.2,294.4:701.2,295.5:699.7,296.6:696.0,297.6:692.2,298.6:690.2,299.7:688.7,300.8:686.7,301.9:683.0,302.9:679.2,303.9:677.0,304.9:675.7,306.0:674.0,306.9:672.7,308.0:672.2,309.0:671.0,310.1:671.0,311.1:672.0,312.1:671.2,313.1:671.5,314.1:672.7,315.2:674.0,316.3:676.2,317.2:677.7,318.2:679.2,319.2:681.5,320.3:683.7,321.4:685.5,322.4:687.2,323.4:689.7,324.4:691.5,325.5:695.5,326.4:700.2,327.5:701.2,328.6:703.5,329.5:709.0,330.5:713.2,331.5:715.5,332.6:719.0,333.5:726.0,340.6:0.0,335.5:736.7,342.7:0.0,343.7:0.0,344.7:0.0,339.6:754.2,340.7:770.0,341.6:779.2,348.8:0.0,349.9:0.0,350.9:0.0,351.9:0.0,352.9:0.0,354.0:0.0,355.1:0.0,356.1:0.0,357.1:0.0,358.2:0.0,
359.0:0.0,0.0:0.0,1.1:0.0,2.1:0.0,3.1:0.0,4.2:0.0,5.2:0.0,6.2:0.0,7.2:0.0,8.3:0.0,9.3:0.0,10.3:0.0,11.4:0.0,12.4:0.0,13.4:0.0,14.5:0.0,15.5:0.0,16.5:0.0,11.0:0.0,18.6:0.0,13.0:1026.7,14.1:1018.0,15.1:1010.2,22.7:0.0,17.3:994.7,18.3:978.2,19.3:969.5,20.4:962.7,21.5:956.5,22.4:949.2,23.5:944.7,24.5:941.7,25.5:935.7,26.6:931.2,27.7:925.0,28.6:921.2,29.7:918.7,30.7:913.5,31.8:911.0,32.8:908.7,33.9:907.2,34.9:905.2,35.9:901.7,37.0:900.5,38.0:899.0,39.1:898.7,40.1:897.5,41.2:896.2,42.2:896.0,43.3:896.7,44.3:898.2,45.2:899.5,46.4:901.2,47.4:902.7,48.4:905.7,55.8:0.0,56.8:0.0,57.9:0.0,58.9:0.0,53.0:0.0,54.0:1370.2,55.1:1375.7,56.1:1381.0,57.1:1385.7,58.2:1390.7,59.1:1398.0,60.1:1407.0,68.1:0.0,69.2:0.0,70.2:0.0,71.2:0.0,72.3:0.0,73.3:0.0,67.3:0.0,75.4:0.0,69.3:1507.5,70.3:1529.5,78.4:0.0,72.4:1553.5,80.5:0.0,81.5:0.0,75.5:1589.7,76.5:1626.7,84.6:0.0,85.7:0.0,79.5:0.0,87.7:0.0,88.7:0.0,89.8:0.0,90.7:0.0,91.7:0.0,92.8:0.0,93.8:0.0,94.8:0.0,95.9:0.0,96.9:0.0,97.9:0.0,98.9:0.0,100.0:0.0,101.0:0.0,102.0:0.0,103.0:0.0,104.1:0.0,98.0:1719.5,99.0:1747.7,100.0:1741.7,101.0:1729.7,102.0:1737.7,103.1:1741.5,104.1:1745.0,105.1:1755.0,106.1:1761.5,107.2:1767.2,108.2:1775.2,109.2:1783.7,110.2:1793.5,111.2:1804.7,119.5:0.0,113.3:1825.0,114.3:1842.5,115.3:1859.2,116.3:1893.2,117.3:1909.7,125.6:0.0,126.7:0.0,120.4:1906.5,121.5:1907.5,122.5:1903.2,123.5:1894.7,124.6:1888.0,125.5:1885.7,126.6:1883.2,127.6:1877.7,128.6:1875.0,129.7:1872.5,130.7:1866.7,131.8:1861.5,132.8:1860.0,133.9:1861.0,134.9:1860.7,135.9:1863.5,136.9:1865.5,138.0:1868.0,139.0:1870.5,140.0:1871.0,141.0:1876.2,142.1:1882.0,143.1:1885.7,151.4:0.0,152.4:0.0,153.4:0.0,154.4:0.0,155.5:0.0,156.5:0.0,150.6:0.0,151.6:1359.7,152.6:1362.7,153.7:1368.2,154.7:1374.5,155.7:1388.5,163.8:0.0,164.8:0.0,165.8:0.0,166.9:0.0,167.9:0.0,168.9:0.0,170.0:0.0,163.9:0.0,172.0:0.0,166.0:1537.2,174.1:0.0,175.1:0.0,169.0:0.0,177.2:0.0,178.2:0.0,172.1:0.0,173.1:1674.2,174.1:1642.0,175.2:1608.7,176.2:1579.7,177.3:1552.7,178.4:1523.2,179.4:1497.5,180.4:1475.7,181.5:1450.2,182.5:1427.2,183.5:1406.0,184.6:1386.0,185.6:1370.7,186.7:1364.5,187.7:1366.7,188.7:0.0,189.8:1310.2,190.8:1297.2,191.8:1284.5,193.0:1272.2,194.0:1262.5,195.0:1251.5,196.1:1239.0,197.1:1230.7,198.1:1221.7,199.1:1212.2,200.2:1204.5,201.2:1194.0,202.2:1185.5,203.4:1179.0,204.4:1174.0,205.5:1170.2,206.5:1164.2,207.5:1159.2,208.5:1156.5,210.1:0.0,211.1:862.2,212.1:860.2,213.1:858.7,220.5:0.0,215.2:0.0,216.4:827.2,217.3:824.0,218.3:823.2,219.5:823.7,220.4:823.7,221.5:824.2,222.4:823.5,223.5:823.2,224.5:823.5,225.5:824.2,226.7:825.5,227.6:827.7,228.7:830.7,229.7:831.5,230.7:833.2,231.8:835.7,232.7:839.7,233.9:841.5,234.8:842.5,235.8:847.0,236.9:851.5,237.9:854.7,239.0:859.0,239.9:865.2,240.9:871.0,242.0:875.7,243.0:882.5,244.1:889.0,245.0:892.2,246.0:898.5,247.1:907.7,248.1:915.5,249.1:0.0,250.0:966.7,257.6:0.0,258.6:0.0,259.6:0.0,260.7:0.0,261.7:0.0,262.7:0.0,263.8:0.0,264.8:0.0,265.8:0.0,266.9:0.0,267.9:0.0,268.9:0.0,270.0:0.0,271.0:0.0,272.0:0.0,273.0:0.0,274.1:0.0,275.1:0.0,276.1:0.0,277.2:0.0,278.2:0.0,279.2:0.0,280.2:0.0,281.3:0.0,282.2:0.0,283.2:0.0,284.2:0.0,285.3:0.0,286.3:0.0,287.3:0.0,288.4:0.0,289.4:0.0,285.2:0.0,286.3:521.2,287.3:518.7,288.3:515.0,289.4:510.7,290.5:510.2,291.5:506.2,292.6:502.2,293.5:501.5,294.5:498.0,295.5:495.2,296.8:493.7,297.7:492.0,298.6:490.7,299.7:488.5,300.9:486.7,302.0:485.5,302.8:484.0,304.1:482.5,305.2:482.0,305.9:481.5,307.2:480.2,308.3:479.0,309.1:479.0,310.2:479.0,311.3:478.2,312.2:478.2,313.4:477.2,314.4:474.2,315.3:475.5,316.5:479.7,317.4:481.0,318.5:481.2,319.6:482.7,320.4:485.0,321.6:486.0,322.4:488.2,323.5:490.0,324.5:490.2,325.7:493.0,326.7:496.0,327.5:498.7,328.6:500.5,329.5:504.0,330.7:508.7,331.6:511.2,332.7:513.0,333.7:516.7,339.9:0.0,335.7:523.2,341.9:0.0,337.7:533.7,338.8:540.5,345.0:0.0,340.6:546.2,347.1:0.0,348.1:0.0,349.1:0.0,350.2:0.0,351.2:0.0,352.2:0.0,353.2:0.0,354.3:0.0,355.3:0.0,356.4:0.0,357.4:0.0,358.4:0.0,
359.1:0.0,0.1:0.0,1.1:0.0,2.2:0.0,3.2:0.0,4.2:0.0,5.2:0.0,6.3:0.0,7.3:0.0,8.3:0.0,9.4:0.0,10.4:0.0,11.4:0.0,12.5:0.0,13.5:0.0,14.5:0.0,15.6:0.0,16.6:0.0,17.6:0.0,12.5:0.0,19.7:0.0,20.7:0.0,15.4:0.0,16.6:834.7,17.6:827.0,18.6:817.7,19.6:812.2,20.7:808.5,21.8:803.0,22.8:797.7,23.8:792.0,24.9:786.5,26.0:782.7,27.0:779.5,28.0:777.2,29.0:775.2,30.1:770.5,31.1:766.5,32.1:765.0,33.1:763.7,34.2:760.7,35.2:758.0,36.3:756.0,37.3:754.5,38.5:754.5,39.3:753.7,40.5:753.0,41.5:752.7,42.6:752.0,43.5:751.7,44.5:753.5,45.6:754.5,46.6:754.0,47.6:755.5,48.7:757.5,49.7:758.2,50.8:759.5,51.8:762.0,52.8:766.5,53.9:769.0,54.8:771.5,55.9:775.5,56.9:777.7,58.0:777.5,58.9:783.2,66.0:0.0,67.0:0.0,68.1:0.0,69.1:0.0,63.2:0.0,71.2:0.0,72.2:0.0,73.2:0.0,74.2:0.0,75.3:0.0,76.3:0.0,70.4:0.0,71.4:1368.7,72.4:1381.2,80.4:0.0,81.4:0.0,82.5:0.0,83.5:0.0,84.5:0.0,85.5:0.0,86.6:0.0,87.6:0.0,88.6:0.0,89.7:0.0,90.7:0.0,91.7:0.0,92.7:0.0,93.7:0.0,94.8:0.0,95.8:0.0,96.8:0.0,97.8:0.0,98.9:0.0,99.9:0.0,100.9:0.0,102.0:0.0,103.0:0.0,104.0:0.0,105.0:0.0,106.0:0.0,107.1:0.0,108.1:0.0,109.1:0.0,110.2:0.0,104.0:0.0,105.0:1793.2,106.1:1786.7,107.1:1784.0,108.1:1792.0,109.1:1799.7,110.1:1809.2,111.1:1821.5,112.1:1832.5,113.2:1844.0,114.2:1855.5,115.2:1873.0,116.3:1890.7,124.5:0.0,125.5:0.0,126.5:0.0,127.6:0.0,121.3:0.0,122.3:2018.7,123.0:0.0,124.4:0.0,125.4:2023.7,126.4:2020.2,127.5:2014.7,128.5:2010.7,129.5:2008.5,130.5:2002.2,131.6:1998.5,132.7:1997.5,133.7:1997.0,134.7:1996.7,135.7:1999.7,136.8:2002.2,137.8:2005.2,138.8:2010.0,139.8:2012.7,140.8:2018.7,141.9:2022.2,142.9:2027.0,143.9:2032.5,145.0:2038.2,146.0:2046.7,154.3:0.0,155.3:0.0,156.3:0.0,157.4:0.0,158.4:0.0,159.4:0.0,153.4:0.0,154.4:1545.7,155.5:1545.2,156.6:1555.0,157.6:1565.5,158.6:1579.5,159.7:1594.7,160.7:1610.0,161.7:1628.2,162.7:1647.0,163.7:1669.7,171.9:0.0,172.9:0.0,174.0:0.0,175.0:0.0,176.0:0.0,177.1:0.0,178.1:0.0,179.1:0.0,172.9:0.0,174.0:1849.7,175.0:1814.0,176.1:1780.7,177.1:1748.0,178.2:1717.5,179.2:1689.7,180.2:1662.2,181.2:1636.7,182.3:1612.7,183.3:1592.7,184.4:1574.2,185.4:1564.2,186.5:1545.7,187.5:1519.2,188.5:1503.5,189.6:1486.0,190.6:1468.2,191.7:1453.2,192.7:1438.5,193.8:1425.2,194.8:1412.5,195.9:1400.0,196.8:1388.5,197.9:1378.0,199.0:1368.7,200.0:1361.5,201.0:1352.7,202.0:1340.7,203.1:1340.0,204.5:0.0,205.5:1029.0,206.5:1026.7,207.6:1012.7,208.7:994.2,209.7:989.7,210.7:987.0,211.8:982.5,212.8:979.5,213.9:978.2,214.8:976.7,215.9:974.0,216.9:970.2,218.0:968.7,219.0:968.2,220.0:968.2,221.1:969.2,222.1:969.5,223.2:971.2,224.2:971.7,225.2:971.2,226.2:971.0,227.2:971.7,228.3:974.7,229.3:976.2,230.2:979.7,231.3:984.2,232.3:988.0,233.3:992.0,234.4:994.7,235.4:1000.2,236.4:1005.7,244.0:0.0,238.5:0.0,239.4:1048.5,247.1:0.0,248.1:0.0,249.2:0.0,250.2:0.0,251.2:0.0,252.3:0.0,253.3:0.0,254.3:0.0,255.4:0.0,256.4:0.0,257.4:0.0,258.5:0.0,259.5:0.0,260.5:0.0,261.5:0.0,262.6:0.0,263.6:0.0,264.6:0.0,265.7:0.0,266.7:0.0,267.7:0.0,268.8:0.0,269.8:0.0,270.8:0.0,271.8:0.0,272.9:0.0,273.9:0.0,274.9:0.0,276.0:0.0,277.0:0.0,273.3:0.0,279.1:0.0,275.7:429.7,281.1:0.0,282.0:0.0,283.1:0.0,279.7:0.0,280.8:399.0,286.1:0.0,287.2:0.0,288.2:0.0,285.3:0.0,290.2:0.0,287.3:377.5,292.3:0.0,293.3:0.0,290.3:368.5,291.3:364.0,292.4:363.0,293.5:360.5,294.9:358.2,295.7:355.7,296.5:354.7,297.7:353.7,298.8:352.5,300.1:352.0,300.6:351.2,302.1:349.5,303.1:348.7,303.7:348.2,305.0:347.0,306.2:346.7,307.4:346.0,308.0:345.0,309.5:345.2,310.5:345.5,311.2:345.0,312.0:345.2,313.3:345.7,314.2:346.5,315.1:347.0,316.4:347.7,317.2:348.0,318.1:348.5,319.4:349.7,320.2:351.2,321.5:353.0,322.5:354.5,323.7:355.7,324.3:357.0,325.3:359.2,326.6:360.5,327.8:362.2,328.7:364.0,329.4:366.0,330.8:368.7,331.6:370.2,332.4:371.7,333.4:375.2,334.8:379.0,335.4:382.0,340.7:0.0,337.6:386.7,342.7:0.0,339.6:392.2,344.8:0.0,345.8:0.0,346.9:0.0,347.9:0.0,348.9:0.0,350.0:0.0,351.0:0.0,352.0:0.0,353.0:0.0,354.1:0.0,355.1:0.0,356.2:0.0,357.2:0.0,358.2:0.0,
351.9:1498.0,353.0:1505.2,354.0:1517.0,355.0:1528.5,356.0:1537.7,357.1:1548.0,358.1:1557.7,359.1:1568.5,0.1:1583.5,8.3:0.0,9.3:0.0,3.2:1614.7,4.3:1640.0,12.4:0.0,13.4:0.0,14.5:0.0,15.5:0.0,16.5:0.0,17.6:0.0,18.6:0.0,19.6:0.0,20.7:0.0,21.7:0.0,22.7:0.0,23.7:0.0,24.8:0.0,25.8:0.0,26.8:0.0,27.9:0.0,28.9:0.0,29.9:0.0,31.0:0.0,32.0:0.0,25.9:0.0,26.9:1741.0,27.9:1730.2,29.0:1717.2,30.0:1721.0,31.0:1724.7,32.0:1728.7,33.1:1733.2,34.1:1737.0,35.2:1741.7,36.2:1750.0,37.3:1754.7,38.3:1760.7,39.3:1771.0,40.4:1782.2,41.4:1793.7,42.4:1802.5,43.5:1809.2,44.4:1828.5,45.5:1860.0,46.5:1884.7,47.1:0.0,48.6:0.0,49.6:1868.0,50.7:1859.7,51.7:1851.2,52.7:1841.2,53.7:1835.2,54.8:1828.0,55.8:1818.2,56.9:1809.2,57.9:1805.0,58.9:1804.0,59.9:1800.2,60.9:1801.0,62.0:1799.0,63.0:1796.7,64.0:1794.5,65.1:1788.7,66.1:1790.5,67.1:1793.7,68.1:1794.0,69.1:1796.5,70.2:1798.5,71.2:1800.2,72.3:1806.0,73.2:1821.7,81.5:0.0,82.5:0.0,83.6:0.0,84.6:0.0,85.6:0.0,79.8:0.0,80.9:1278.5,81.9:1281.2,82.9:1283.7,90.7:0.0,91.7:0.0,92.7:0.0,93.8:0.0,94.8:0.0,95.8:0.0,89.9:0.0,90.9:1370.7,91.9:1384.2,99.9:0.0,101.0:0.0,102.0:0.0,103.0:0.0,104.0:0.0,105.0:0.0,106.1:0.0,100.0:0.0,108.1:0.0,109.2:0.0,103.1:1562.2,104.2:1566.7,105.2:1535.0,106.3:1503.5,107.3:1475.5,108.3:1449.7,109.4:1421.2,110.5:1396.2,111.5:1373.5,112.5:1353.2,113.6:1334.5,114.6:1316.0,115.7:1299.7,116.7:1281.7,117.8:1268.7,118.8:1266.7,119.8:1252.2,120.8:1228.2,121.9:1212.7,122.9:1199.2,123.9:1188.0,125.0:1178.2,126.0:1168.5,127.0:1159.5,128.1:1150.7,129.1:1141.7,130.2:1133.7,131.2:1126.2,132.3:1119.0,133.3:1113.0,134.3:1108.0,135.4:1100.0,136.5:1092.7,137.5:1089.2,138.5:1085.7,139.5:1081.2,140.6:1076.2,141.6:1073.5,142.7:1069.5,144.1:0.0,145.2:781.7,146.1:780.0,147.2:779.5,148.3:779.0,155.4:0.0,150.4:0.0,151.5:752.5,152.5:752.7,153.5:752.0,154.5:751.2,155.6:753.2,156.7:753.7,157.7:753.2,158.7:754.2,159.8:756.5,160.9:759.0,161.8:759.5,162.8:761.5,163.8:765.7,164.9:768.2,165.8:771.5,167.0:774.7,167.9:777.2,168.9:779.5,170.0:783.2,171.0:787.5,172.0:790.5,173.0:796.7,174.1:802.2,175.1:808.2,176.1:815.2,177.2:820.0,178.1:826.2,179.2:832.0,186.4:0.0,181.1:844.2,182.2:859.0,183.1:866.0,190.5:0.0,191.5:0.0,192.6:0.0,193.6:0.0,188.1:0.0,195.6:0.0,196.7:0.0,197.7:0.0,198.7:0.0,199.7:0.0,200.8:0.0,201.8:0.0,202.8:0.0,203.9:0.0,204.9:0.0,205.9:0.0,207.0:0.0,202.0:0.0,209.0:0.0,210.2:0.0,211.2:0.0,212.2:0.0,213.2:0.0,214.3:0.0,215.3:0.0,216.3:0.0,211.7:0.0,212.8:616.5,213.8:611.0,214.9:606.0,215.9:601.2,217.0:594.7,218.2:589.7,224.6:0.0,220.2:583.0,221.3:575.2,222.2:571.5,223.4:568.0,224.3:564.0,225.3:561.0,226.4:559.0,227.5:556.7,228.6:553.2,229.6:550.5,230.7:549.2,231.6:547.5,232.7:546.5,233.8:546.2,234.7:545.0,235.9:543.2,236.9:543.0,237.8:542.7,238.9:542.0,239.9:541.7,241.0:541.2,241.9:540.5,243.1:540.7,244.1:541.5,245.2:541.5,246.0:542.0,247.2:542.5,248.3:543.2,249.1:544.0,250.2:544.2,251.1:544.2,252.2:547.0,253.1:550.7,254.3:551.5,255.3:552.5,256.3:555.5,257.3:559.0,258.3:561.5,259.4:563.0,260.2:568.0,261.3:572.2,262.4:574.5,263.4:578.5,264.3:583.7,265.5:587.7,266.4:592.0,267.4:597.0,268.4:601.5,269.5:605.7,276.1:0.0,271.5:612.7,272.4:622.7,279.2:0.0,280.2:0.0,281.2:0.0,282.1:0.0,283.2:0.0,284.2:0.0,285.2:0.0,286.2:0.0,287.3:0.0,288.3:0.0,289.3:0.0,290.3:0.0,291.4:0.0,292.4:0.0,293.4:0.0,294.4:0.0,295.5:0.0,296.5:0.0,297.5:0.0,298.5:0.0,299.5:0.0,300.6:0.0,301.6:0.0,302.6:0.0,303.7:0.0,304.7:0.0,305.7:0.0,306.8:0.0,307.9:0.0,308.9:0.0,303.2:0.0,304.3:1105.0,305.2:1090.2,306.3:1080.2,314.0:0.0,315.1:0.0,309.5:1062.5,310.5:1046.5,311.5:1040.2,312.6:1032.5,313.6:1026.2,314.6:1021.0,315.7:1016.0,316.7:1010.2,317.7:1004.0,318.8:998.2,319.8:993.0,320.9:991.2,321.9:987.2,323.0:982.7,324.0:980.0,325.1:976.5,326.0:975.0,327.2:972.2,328.1:968.7,329.2:967.2,330.2:967.2,331.2:967.7,332.2:968.0,333.4:968.7,334.3:966.7,335.4:966.2,342.9:0.0,343.9:0.0,345.0:0.0,346.0:0.0,347.0:0.0,341.1:0.0,342.1:1427.7,350.1:0.0,351.1:0.0,352.2:0.0,346.2:1443.0,347.2:1461.7,348.2:1465.0,349.3:1471.5,350.3:1482.0,351.3:1492.0,
358.8:0.0,359.9:0.0,0.9:0.0,1.9:0.0,3.0:0.0,357.0:0.0,5.0:0.0,359.2:1366.5,0.2:1380.7,8.1:0.0,9.2:0.0,10.2:0.0,11.2:0.0,12.3:0.0,13.3:0.0,14.3:0.0,8.3:0.0,16.4:0.0,17.4:0.0,11.4:1556.2,19.5:0.0,20.5:0.0,21.5:0.0,22.6:0.0,23.6:0.0,24.6:0.0,25.7:0.0,26.7:0.0,27.7:0.0,28.8:0.0,29.8:0.0,30.8:0.0,31.9:0.0,32.9:0.0,33.9:0.0,35.0:0.0,28.9:1571.0,29.9:1565.2,31.0:1572.0,32.0:1565.0,33.1:1555.0,34.1:1561.0,35.1:1565.2,36.2:1567.0,37.2:1571.0,38.2:1576.2,39.2:1583.7,40.2:1591.2,41.3:1597.0,42.3:1603.5,43.4:1612.7,44.4:1626.7,45.4:1640.7,46.4:1648.7,47.5:1660.0,55.6:0.0,49.5:0.0,50.5:1745.0,58.7:0.0,59.7:0.0,53.6:1748.2,54.6:1740.0,55.7:1730.2,56.7:1725.5,57.7:1724.5,58.8:1721.0,59.7:1713.7,60.8:1711.2,61.8:1710.2,62.9:1707.0,63.9:1707.2,65.0:1708.2,65.9:1709.2,67.0:1707.7,68.0:1707.5,69.0:1709.5,70.1:1711.0,71.1:1712.7,72.1:1718.2,73.2:1724.7,74.2:1729.2,75.2:1732.7,76.3:1736.7,77.3:1742.2,78.3:1750.5,79.3:1760.2,87.5:0.0,88.6:0.0,89.6:0.0,90.5:0.0,91.6:0.0,92.6:0.0,93.6:0.0,87.8:0.0,88.9:1265.2,89.8:1267.5,90.9:1270.7,91.9:1277.2,99.8:0.0,100.8:0.0,101.8:0.0,102.9:0.0,103.9:0.0,98.0:0.0,106.0:0.0,107.0:0.0,108.0:0.0,109.0:0.0,110.0:0.0,104.0:0.0,112.1:0.0,113.1:0.0,114.2:0.0,115.2:0.0,109.1:0.0,110.2:1642.2,111.2:1617.7,112.3:1595.5,113.3:1572.0,114.4:1549.2,115.4:1526.2,116.4:1505.2,117.4:1486.0,118.5:1467.0,119.5:1451.5,120.6:1434.7,121.6:1419.5,122.6:1404.5,123.7:1386.2,124.8:1373.5,125.7:1371.7,126.8:1363.0,127.9:1345.0,128.9:1331.2,129.9:1320.2,131.0:1310.7,132.0:1304.0,133.0:1295.0,134.1:1284.7,135.1:1279.2,136.1:1273.7,137.1:1267.7,138.2:1263.2,139.2:1259.5,140.2:1256.0,141.3:1251.5,142.3:1247.5,143.3:1244.7,144.4:1239.5,145.4:1238.2,146.4:1239.2,147.5:1235.0,148.5:1231.7,149.5:1238.7,157.4:0.0,151.9:0.0,152.9:948.5,153.9:949.0,154.9:956.2,156.2:0.0,157.2:931.5,158.2:931.0,159.3:930.7,160.3:933.0,161.3:936.0,162.4:938.2,163.4:942.0,164.4:944.5,165.5:945.0,166.5:948.7,167.5:952.2,168.5:956.7,169.6:960.5,170.6:967.2,171.6:976.7,172.6:983.2,173.6:989.0,174.7:995.0,175.7:999.0,176.7:1007.7,177.7:1018.2,178.8:1025.2,179.8:1032.5,180.9:1041.2,188.5:0.0,189.5:0.0,190.5:0.0,191.6:0.0,192.6:0.0,193.6:0.0,194.7:0.0,195.7:0.0,196.7:0.0,197.7:0.0,198.8:0.0,199.8:0.0,200.8:0.0,201.9:0.0,202.9:0.0,203.9:0.0,205.0:0.0,206.0:0.0,207.0:0.0,208.1:0.0,209.1:0.0,210.2:0.0,211.2:0.0,212.2:0.0,213.3:0.0,214.3:0.0,215.3:0.0,216.4:0.0,217.4:0.0,218.4:0.0,213.5:0.0,214.7:706.0,215.7:701.5,216.6:694.5,217.7:688.2,218.7:685.5,219.8:682.7,220.9:678.5,221.9:673.0,222.9:667.2,224.0:663.7,225.0:660.0,226.1:656.5,227.1:654.0,228.2:651.2,229.1:647.5,230.2:644.7,231.2:642.7,232.3:639.7,233.4:636.7,234.5:634.0,235.4:631.7,236.4:630.7,237.5:630.5,238.5:630.7,239.5:630.0,240.7:629.7,241.7:630.5,242.6:631.0,243.6:631.2,244.8:631.5,245.7:632.2,246.7:633.7,247.8:633.5,248.8:635.2,249.9:637.7,250.9:637.5,251.8:638.5,252.9:641.7,253.9:643.0,255.0:646.2,256.0:650.7,257.1:653.0,258.1:655.7,259.0:659.7,260.1:663.5,261.2:664.7,262.2:667.7,263.2:673.0,264.3:678.7,265.2:684.7,266.3:690.2,267.2:694.7,268.2:698.5,269.3:702.7,270.3:711.2,271.2:718.7,278.3:0.0,279.3:0.0,280.4:0.0,281.4:0.0,282.3:0.0,283.3:0.0,284.3:0.0,285.4:0.0,286.4:0.0,287.4:0.0,288.5:0.0,289.5:0.0,290.5:0.0,291.5:0.0,292.5:0.0,293.6:0.0,294.6:0.0,295.6:0.0,296.7:0.0,297.7:0.0,292.1:0.0,299.7:0.0,294.2:1034.5,301.8:0.0,302.8:0.0,303.8:0.0,304.9:0.0,306.0:0.0,307.0:0.0,308.0:0.0,302.6:0.0,303.7:911.2,304.8:901.5,305.8:891.5,306.8:883.5,307.8:877.7,308.9:870.0,309.9:862.2,311.0:856.7,312.0:848.5,313.1:843.5,314.1:839.2,315.1:833.5,316.2:828.7,317.2:824.2,318.3:820.5,319.2:816.7,320.2:813.5,321.3:809.5,322.5:805.0,323.5:803.5,324.5:802.0,325.7:798.0,326.7:797.2,327.6:796.7,328.7:794.0,329.7:796.2,330.8:799.2,338.0:0.0,339.0:0.0,340.0:0.0,341.1:0.0,335.2:0.0,336.3:1264.5,337.4:1252.5,338.4:1244.0,339.4:1247.0,340.5:1245.7,341.4:1249.7,342.4:1253.7,343.5:1254.2,344.5:1256.7,345.5:1261.7,346.5:1269.0,347.6:1276.0,348.6:1279.7,349.7:1283.5,350.7:1295.5,
352.6:1042.5,353.7:1046.0,354.7:1051.5,2.3:0.0,3.4:0.0,357.7:1067.0,358.8:1082.7,359.8:1089.7,0.8:1098.2,1.8:1107.0,9.5:0.0,10.6:0.0,11.6:0.0,12.6:0.0,6.9:0.0,14.7:0.0,15.7:0.0,16.7:0.0,17.8:0.0,18.8:0.0,19.8:0.0,20.9:0.0,21.9:0.0,22.9:0.0,23.9:0.0,25.0:0.0,26.0:0.0,27.0:0.0,28.1:0.0,29.1:0.0,30.1:0.0,31.1:0.0,32.2:0.0,33.2:0.0,34.2:0.0,35.2:0.0,36.3:0.0,37.3:0.0,38.3:0.0,39.4:0.0,40.4:0.0,41.4:0.0,35.6:0.0,43.5:0.0,44.5:0.0,38.7:1313.7,46.6:0.0,47.6:0.0,48.7:0.0,49.7:0.0,50.7:0.0,44.8:1329.2,45.8:1356.7,46.9:1366.2,48.0:1374.2,49.0:1383.5,56.9:0.0,58.0:0.0,59.0:0.0,60.0:0.0,61.0:0.0,62.1:0.0,63.1:0.0,64.1:0.0,58.1:0.0,66.1:0.0,67.2:0.0,68.2:0.0,62.1:1580.5,63.2:1594.5,64.2:1592.7,65.2:1593.5,66.3:1594.7,67.3:1593.5,68.3:1594.0,69.3:1597.7,70.4:1602.5,71.4:1604.0,72.4:1605.7,73.4:1609.0,74.4:1613.0,75.5:1618.7,76.5:1625.7,77.5:1633.0,78.5:1639.2,79.5:1643.5,80.6:1646.5,81.6:1651.5,82.6:1660.2,83.5:1671.7,84.5:1680.7,85.6:1688.5,86.6:1699.0,87.6:1712.0,88.7:1729.2,96.8:0.0,97.8:0.0,98.9:0.0,99.9:0.0,100.9:0.0,101.9:0.0,103.0:0.0,104.0:0.0,105.0:0.0,99.2:0.0,107.0:0.0,101.2:1304.0,109.1:0.0,110.1:0.0,111.1:0.0,112.2:0.0,113.2:0.0,114.2:0.0,115.3:0.0,116.3:0.0,117.3:0.0,118.3:0.0,119.4:0.0,120.4:0.0,121.4:0.0,122.4:0.0,123.5:0.0,124.5:0.0,118.3:0.0,119.3:1761.5,120.4:1739.2,121.5:1722.5,122.5:1702.5,123.5:1684.7,124.5:1669.5,125.6:1654.0,126.6:1638.2,127.7:1623.2,128.7:1615.0,129.7:1605.5,130.7:1593.0,131.8:1579.5,132.8:1570.0,133.9:1567.7,134.9:1569.5,135.9:1557.2,137.0:1539.2,138.0:1529.7,139.0:1522.5,140.1:1518.5,141.1:1515.0,142.1:1511.5,143.1:1506.2,144.2:1500.7,145.2:1499.2,146.3:1496.0,147.3:1491.5,148.3:1491.0,149.3:1491.5,150.3:1489.0,151.4:1487.0,152.4:1486.2,153.4:1487.7,154.5:1494.5,162.5:0.0,163.6:0.0,157.8:0.0,158.8:1211.0,166.6:0.0,167.7:0.0,161.9:1204.7,162.9:1201.0,163.9:1206.2,165.0:1208.0,166.0:1210.7,173.8:0.0,174.9:0.0,175.9:0.0,170.0:1226.5,177.9:0.0,172.2:1246.2,173.1:1255.5,174.1:1264.0,175.2:1271.7,183.1:0.0,184.1:0.0,185.1:0.0,186.2:0.0,187.3:0.0,188.3:0.0,189.3:0.0,183.3:0.0,191.4:0.0,192.4:0.0,193.5:0.0,194.5:0.0,195.5:0.0,196.5:0.0,197.6:0.0,198.6:0.0,199.6:0.0,200.7:0.0,201.7:0.0,202.7:0.0,203.7:0.0,204.8:0.0,205.8:0.0,206.8:0.0,207.9:0.0,208.9:0.0,210.0:0.0,211.0:0.0,212.0:0.0,213.0:0.0,214.1:0.0,208.7:0.0,216.1:0.0,217.2:0.0,218.2:0.0,212.9:0.0,214.0:865.0,215.0:857.0,222.3:0.0,223.4:0.0,218.1:0.0,219.2:824.2,220.2:820.7,221.2:815.5,222.3:808.5,223.4:803.5,224.3:801.2,225.5:799.2,226.4:796.0,227.5:792.2,228.5:788.5,229.6:784.2,230.6:782.5,231.7:779.7,232.7:777.0,233.8:776.0,234.7:774.7,235.8:773.2,236.8:770.7,237.9:769.7,238.9:769.5,240.0:768.7,240.9:767.5,241.9:766.7,242.9:767.7,244.0:767.7,245.1:768.0,246.0:768.5,247.1:769.5,248.2:771.5,249.2:772.5,250.1:774.7,251.2:776.7,252.1:777.5,253.2:780.0,254.3:781.7,255.3:783.0,256.3:788.0,257.3:793.5,258.4:796.0,259.3:800.5,260.4:805.7,261.4:809.7,262.4:814.5,263.4:820.0,264.3:825.0,265.5:831.2,266.5:838.0,267.4:844.5,268.4:853.0,269.5:861.7,270.5:866.5,277.8:0.0,278.9:0.0,273.5:0.0,280.9:0.0,282.0:0.0,282.9:0.0,277.5:937.7,285.0:0.0,286.0:0.0,287.0:0.0,288.0:0.0,289.0:0.0,290.1:0.0,291.1:0.0,292.1:0.0,293.2:0.0,294.2:0.0,295.2:0.0,296.2:0.0,297.2:0.0,298.3:0.0,299.3:0.0,294.4:0.0,301.4:0.0,302.4:0.0,303.4:0.0,298.6:0.0,299.7:637.5,300.9:627.5,301.8:619.0,302.9:612.2,304.1:607.0,305.0:602.2,306.1:596.7,307.2:591.2,308.2:586.5,309.3:580.5,310.4:575.0,311.4:573.5,312.3:572.2,313.6:567.0,314.6:563.5,315.4:564.0,316.5:563.5,317.5:563.2,324.0:0.0,325.1:0.0,326.1:0.0,327.1:0.0,328.1:0.0,329.2:0.0,330.3:0.0,331.3:0.0,332.3:0.0,333.4:0.0,327.8:0.0,328.9:1011.0,329.8:1011.5,337.5:0.0,332.0:998.5,333.0:984.2,334.1:982.0,335.1:981.5,336.1:984.2,337.1:985.0,338.1:985.5,339.1:987.5,340.2:991.2,341.2:994.0,342.3:995.7,343.3:997.7,344.3:999.5,345.3:1003.7,346.4:1008.7,347.4:1012.2,348.4:1016.2,349.4:1021.0,350.4:1025.2,351.5:1030.2,
352.9:857.5,354.0:865.7,354.9:870.5,356.0:874.2,3.3:0.0,358.0:885.0,359.0:897.0,0.0:903.5,1.0:911.0,8.5:0.0,9.5:0.0,10.5:0.0,11.6:0.0,12.6:0.0,13.7:0.0,14.7:0.0,15.7:0.0,10.2:0.0,17.8:0.0,12.2:1029.7,19.8:0.0,20.9:0.0,21.9:0.0,22.9:0.0,24.0:0.0,25.0:0.0,26.0:0.0,27.1:0.0,28.1:0.0,29.1:0.0,30.2:0.0,31.2:0.0,32.2:0.0,33.2:0.0,34.3:0.0,35.3:0.0,36.3:0.0,37.4:0.0,38.4:0.0,39.4:0.0,40.5:0.0,41.5:0.0,42.5:0.0,43.5:0.0,44.6:0.0,45.6:0.0,46.6:0.0,40.9:0.0,42.0:1170.0,43.0:1173.5,50.7:0.0,45.0:1173.5,46.0:1172.5,47.0:1179.2,48.1:1186.7,55.9:0.0,56.9:0.0,58.0:0.0,59.0:0.0,60.0:0.0,61.0:0.0,62.1:0.0,63.1:0.0,64.1:0.0,65.2:0.0,66.2:0.0,67.2:0.0,68.2:0.0,69.3:0.0,70.3:0.0,71.3:0.0,72.4:0.0,73.4:0.0,66.8:0.0,68.4:0.0,69.5:1509.5,70.5:1514.2,71.5:1520.5,72.5:1523.7,73.6:1526.2,74.6:1529.2,75.6:1532.7,76.6:1540.5,77.6:1547.5,78.7:1552.2,79.7:1557.7,80.7:1565.7,81.8:1573.7,82.8:1583.7,83.7:1593.7,84.7:1607.7,85.7:1621.0,86.8:1630.5,87.8:1639.5,88.8:1647.2,89.8:1659.7,90.9:1674.2,91.9:1687.2,92.9:1704.5,93.9:1721.5,94.9:1740.7,103.1:0.0,104.1:0.0,105.2:0.0,106.2:0.0,107.2:0.0,108.2:0.0,109.3:0.0,110.3:0.0,111.3:0.0,112.4:0.0,113.4:0.0,114.4:0.0,108.5:0.0,109.5:1350.2,117.5:0.0,118.5:0.0,119.6:0.0,120.6:0.0,121.6:0.0,122.6:0.0,123.7:0.0,124.7:0.0,125.7:0.0,126.7:0.0,127.8:0.0,128.8:0.0,129.8:0.0,123.6:0.0,124.6:1868.7,125.7:1847.2,126.7:1826.7,127.8:1814.5,128.8:1804.0,129.8:1790.0,130.9:1773.7,131.9:1761.7,133.0:1754.2,134.0:1745.2,135.0:1731.7,136.0:1720.2,137.1:1712.0,138.1:1706.7,139.1:1726.5,140.2:0.0,141.2:1685.0,142.2:1681.7,143.3:1678.7,144.3:1672.5,145.3:1667.7,146.3:1667.2,147.4:1665.7,148.4:1666.0,149.4:1666.2,150.5:1663.7,151.5:1663.0,152.5:1664.2,153.5:1664.0,154.6:1666.0,155.7:1669.7,156.7:1671.5,164.9:0.0,165.9:0.0,160.0:0.0,161.0:1395.2,162.0:1398.0,170.0:0.0,164.1:1392.7,165.2:1389.7,166.2:1392.5,167.2:1396.2,168.2:1404.0,169.3:1411.5,170.3:1417.5,178.3:0.0,179.3:0.0,180.3:0.0,181.4:0.0,182.4:0.0,176.4:0.0,177.5:1492.2,178.5:1505.5,179.5:1525.2,180.5:1537.7,181.5:1547.0,182.5:1577.2,190.6:0.0,191.7:0.0,192.7:0.0,193.7:0.0,194.7:0.0,195.8:0.0,196.8:0.0,197.8:0.0,198.9:0.0,199.9:0.0,200.9:0.0,202.0:0.0,203.0:0.0,204.0:0.0,205.0:0.0,206.1:0.0,207.1:0.0,208.1:0.0,209.2:0.0,210.2:0.0,211.3:0.0,212.3:0.0,213.4:0.0,207.8:0.0,208.9:1019.0,216.5:0.0,211.0:1000.7,218.5:0.0,213.0:977.7,214.1:963.0,221.6:0.0,216.2:949.5,223.7:0.0,218.3:934.2,219.3:923.7,220.3:918.0,221.4:911.2,222.4:904.7,223.5:901.0,224.6:896.5,225.5:892.5,226.6:888.5,227.6:882.7,228.7:877.7,229.7:874.0,230.8:871.2,231.8:869.5,232.8:866.5,233.9:862.2,234.9:861.2,235.9:861.2,237.0:858.7,238.0:857.5,239.0:856.7,240.1:855.2,241.0:854.0,242.2:855.0,243.2:856.0,244.2:855.7,245.3:856.7,246.2:859.0,247.3:861.5,248.2:862.5,249.4:863.7,250.3:866.7,251.3:870.5,252.3:872.2,253.4:873.7,254.5:876.7,255.4:879.0,256.4:883.2,257.5:888.5,258.6:893.2,259.5:897.7,260.5:899.2,261.5:0.0,262.5:947.5,263.6:952.2,271.1:0.0,265.7:941.5,273.1:0.0,274.1:0.0,275.2:0.0,276.2:0.0,277.2:0.0,278.3:0.0,279.3:0.0,280.3:0.0,281.4:0.0,282.3:0.0,283.3:0.0,284.4:0.0,285.4:0.0,286.4:0.0,287.4:0.0,288.5:0.0,289.5:0.0,290.5:0.0,291.5:0.0,292.6:0.0,293.6:0.0,294.6:0.0,295.6:0.0,296.7:0.0,297.7:0.0,298.7:0.0,294.9:0.0,300.8:0.0,297.0:0.0,298.1:438.2,299.3:435.7,300.2:434.2,301.2:434.7,302.1:436.7,303.4:439.5,309.0:0.0,310.1:0.0,311.1:0.0,312.1:0.0,313.1:0.0,314.2:0.0,315.2:0.0,316.2:0.0,317.2:0.0,318.3:0.0,319.3:0.0,320.3:0.0,321.4:0.0,322.4:0.0,323.4:0.0,324.4:0.0,325.5:0.0,320.2:0.0,321.2:849.7,322.2:847.0,323.2:847.0,324.6:0.0,325.6:810.2,326.6:812.2,327.6:808.7,328.6:806.5,329.7:805.0,330.8:804.2,331.8:805.2,332.7:806.7,333.8:806.5,334.7:806.5,335.8:807.5,336.8:808.5,337.9:808.2,339.0:809.0,339.9:812.7,341.0:814.0,342.0:816.0,343.1:819.5,344.1:821.2,345.1:823.0,346.1:827.2,347.1:832.2,348.1:836.0,349.2:840.0,350.3:843.7,351.3:848.7,352.2:855.2,
353.5:670.5,354.6:674.2,355.6:680.2,356.6:684.5,357.7:688.5,358.5:694.7,359.7:700.7,0.6:706.2,1.7:710.0,8.6:0.0,3.7:0.0,10.7:0.0,11.7:0.0,12.7:0.0,13.8:0.0,14.8:0.0,15.8:0.0,16.9:0.0,17.9:0.0,19.0:0.0,20.0:0.0,21.0:0.0,22.0:0.0,23.1:0.0,24.1:0.0,25.1:0.0,26.2:0.0,27.2:0.0,28.2:0.0,29.2:0.0,30.3:0.0,31.3:0.0,32.3:0.0,33.4:0.0,34.4:0.0,35.4:0.0,36.5:0.0,37.5:0.0,38.5:0.0,39.5:0.0,40.6:0.0,41.6:0.0,42.7:0.0,43.7:0.0,44.7:0.0,45.7:0.0,46.8:0.0,47.8:0.0,48.8:0.0,49.9:0.0,50.9:0.0,51.9:0.0,53.0:0.0,47.3:0.0,48.4:1039.5,49.4:1032.0,50.5:1036.7,58.1:0.0,52.6:1040.2,53.5:1042.0,61.2:0.0,62.2:0.0,63.2:0.0,64.3:0.0,65.3:0.0,66.3:0.0,67.3:0.0,68.4:0.0,69.4:0.0,70.4:0.0,71.5:0.0,72.5:0.0,73.5:0.0,74.5:0.0,75.6:0.0,76.6:0.0,77.6:0.0,71.7:0.0,79.7:0.0,80.7:0.0,74.7:0.0,75.8:0.0,76.8:1457.0,77.8:1460.2,78.8:1464.2,79.9:1470.7,80.9:1478.2,81.9:1487.2,83.0:1496.5,83.9:1505.5,84.9:1515.0,85.9:1526.5,87.0:1536.5,87.9:1546.7,88.9:1559.7,89.9:1574.0,91.0:1588.7,92.0:1603.0,93.0:1618.0,94.0:1633.2,95.1:1648.0,96.0:1664.7,97.0:1680.5,98.1:1697.0,99.1:1719.0,100.1:1743.0,101.1:1764.7,109.3:0.0,110.4:0.0,111.4:0.0,112.4:0.0,113.4:0.0,114.5:0.0,115.5:0.0,116.5:0.0,117.6:0.0,118.6:0.0,119.6:0.0,120.7:0.0,121.7:0.0,115.7:0.0,123.7:0.0,124.7:0.0,125.8:0.0,126.8:0.0,127.8:0.0,128.9:0.0,129.9:0.0,130.9:0.0,131.9:0.0,133.0:0.0,134.0:0.0,127.7:0.0,128.8:1998.7,129.8:1983.0,130.9:1970.7,131.9:1958.7,132.9:1943.7,134.0:1932.0,135.0:1923.2,136.1:1910.7,137.1:1901.0,138.1:1893.5,139.1:1885.2,140.2:1878.5,141.2:1874.0,142.2:1870.7,143.2:1869.2,144.3:1862.0,145.3:1854.0,146.3:1851.5,147.4:1849.2,148.4:1849.0,149.5:1845.5,150.5:1844.7,151.5:1845.5,152.5:1844.7,153.6:1846.2,154.6:1848.0,155.7:1854.0,156.7:1859.0,157.7:1860.5,158.8:1864.0,159.8:1875.2,168.0:0.0,169.1:0.0,163.0:0.0,164.0:1593.0,172.2:0.0,166.1:1591.2,167.2:1590.0,168.2:1595.5,169.2:1601.2,170.2:1608.0,171.3:1614.5,172.3:1621.5,173.3:1631.7,174.3:1647.7,175.4:1659.5,176.4:1669.5,184.5:0.0,185.6:0.0,186.6:0.0,180.5:0.0,188.7:0.0,182.5:0.0,190.7:0.0,191.7:0.0,192.8:0.0,193.8:0.0,194.8:0.0,195.9:0.0,196.9:0.0,197.9:0.0,199.0:0.0,200.0:0.0,201.0:0.0,202.1:0.0,203.1:0.0,204.1:0.0,205.2:0.0,206.2:0.0,207.2:0.0,208.2:0.0,209.3:0.0,210.4:0.0,211.4:0.0,205.7:0.0,213.5:0.0,214.5:0.0,215.5:0.0,209.9:0.0,211.0:1095.0,218.6:0.0,219.7:0.0,220.7:0.0,221.7:0.0,216.2:0.0,217.2:1035.5,218.2:1028.0,219.3:1020.0,220.4:1013.0,221.3:1009.7,222.4:1002.7,223.5:995.0,224.5:989.5,225.5:986.0,226.5:980.0,227.5:974.5,228.7:970.2,229.7:964.5,230.6:961.5,231.7:958.7,232.8:955.2,233.7:954.2,234.9:953.2,235.9:952.5,236.8:950.5,237.9:947.5,238.9:946.7,239.9:946.2,241.0:945.5,242.0:945.5,243.1:946.0,244.1:946.2,245.2:947.2,246.2:948.7,247.2:950.5,248.2:952.5,255.7:0.0,250.2:0.0,251.3:991.2,252.2:995.2,253.2:999.5,260.8:0.0,261.9:0.0,262.9:0.0,263.9:0.0,265.0:0.0,266.0:0.0,267.0:0.0,268.0:0.0,269.1:0.0,270.1:0.0,271.1:0.0,272.2:0.0,268.9:0.0,274.2:0.0,275.2:0.0,276.3:0.0,277.3:0.0,274.3:0.0,275.3:366.7,276.3:365.0,277.6:365.5,278.3:366.2,279.7:367.2,284.4:0.0,285.5:0.0,286.5:0.0,287.5:0.0,288.5:0.0,289.6:0.0,290.6:0.0,291.6:0.0,292.7:0.0,293.7:0.0,294.7:0.0,295.7:0.0,296.7:0.0,297.8:0.0,298.8:0.0,299.8:0.0,300.9:0.0,301.9:0.0,302.9:0.0,303.9:0.0,305.0:0.0,306.1:0.0,307.1:0.0,308.1:0.0,309.2:0.0,310.2:0.0,311.2:0.0,312.2:0.0,313.3:0.0,314.3:0.0,309.4:0.0,310.5:715.0,311.5:704.2,312.6:700.5,313.7:695.7,314.7:0.0,315.8:663.7,316.8:655.5,317.9:650.2,319.0:647.0,319.9:644.5,320.9:641.5,322.0:639.2,323.1:637.7,324.1:636.0,325.0:636.0,326.1:635.0,327.2:632.0,328.3:631.2,329.3:629.5,330.2:628.5,331.4:629.5,332.3:630.0,333.4:630.5,334.4:630.2,335.3:629.7,336.5:630.0,337.5:631.0,338.6:631.5,339.6:632.2,340.5:634.7,341.5:637.2,342.7:638.0,343.7:639.7,344.6:641.7,345.6:645.0,346.7:648.2,347.7:651.0,348.8:654.5,349.8:658.0,350.8:661.2,351.8:664.7,
359.4:0.0,0.5:0.0,1.5:0.0,2.5:0.0,3.5:0.0,4.6:0.0,5.6:0.0,6.6:0.0,7.7:0.0,1.9:0.0,2.9:1243.0,10.7:0.0,5.0:1238.2,6.0:1235.2,7.0:1244.5,14.9:0.0,9.0:1255.2,10.1:1263.0,18.0:0.0,19.0:0.0,20.0:0.0,21.1:0.0,22.1:0.0,23.1:0.0,24.2:0.0,25.2:0.0,19.3:0.0,27.3:0.0,28.3:0.0,29.3:0.0,30.4:0.0,31.4:0.0,25.4:0.0,33.5:0.0,34.5:0.0,28.4:1530.5,29.5:1537.0,30.5:1549.7,31.5:1551.7,32.6:1552.2,33.6:1551.7,34.6:1555.0,35.6:1561.7,36.7:1567.2,37.7:1570.5,38.8:1573.7,39.8:1579.2,40.8:1585.2,41.8:1592.0,42.8:1600.2,43.9:1607.5,44.9:1613.7,45.9:1622.7,46.9:1632.2,47.9:1640.5,49.0:1649.2,50.0:1658.2,51.0:1670.7,52.0:1678.7,53.1:1691.0,54.1:1706.7,55.1:1721.7,63.3:0.0,64.3:0.0,65.4:0.0,66.4:0.0,67.4:0.0,68.4:0.0,69.5:0.0,70.5:0.0,71.5:0.0,72.6:0.0,73.6:0.0,74.6:0.0,68.7:0.0,76.7:0.0,77.7:0.0,78.7:0.0,79.8:0.0,80.8:0.0,81.8:0.0,82.8:0.0,83.9:0.0,84.9:0.0,85.9:0.0,87.0:0.0,88.0:0.0,89.0:0.0,90.0:0.0,91.0:0.0,84.8:0.0,85.9:1814.7,86.9:1798.7,88.0:1777.5,89.0:1758.5,90.0:1745.7,91.0:1730.2,92.0:1712.7,93.1:1699.5,94.1:1688.0,95.2:1676.5,96.2:1668.5,97.2:1660.0,98.2:1648.0,99.3:1638.2,100.3:1637.5,101.4:1631.7,102.4:1620.0,103.4:1613.5,104.4:1608.2,105.5:1606.5,106.5:1603.2,107.5:1594.5,108.5:1587.7,109.6:1586.0,110.6:1583.5,111.7:1579.0,112.7:1578.5,113.7:1580.7,114.7:1581.5,115.7:1580.7,116.8:1580.5,117.8:1579.5,118.8:1581.0,119.8:1590.0,127.9:0.0,129.0:0.0,123.1:0.0,124.1:1304.5,132.0:0.0,126.2:1294.7,127.2:1289.0,128.2:1295.5,129.2:1300.5,130.3:1305.2,138.2:0.0,139.3:0.0,140.3:0.0,141.3:0.0,142.4:0.0,136.5:1328.0,137.5:1355.2,138.5:1363.2,139.5:1367.2,140.6:1378.0,148.5:0.0,149.5:0.0,150.6:0.0,151.6:0.0,152.6:0.0,146.6:0.0,147.7:1528.2,155.7:0.0,156.7:0.0,157.8:0.0,158.8:0.0,159.8:0.0,160.8:0.0,162.0:0.0,163.0:0.0,164.0:0.0,165.1:0.0,166.1:0.0,167.1:0.0,168.2:0.0,169.2:0.0,170.2:0.0,171.3:0.0,172.3:0.0,173.3:0.0,174.4:0.0,175.4:0.0,176.4:0.0,177.5:0.0,172.0:0.0,179.5:0.0,180.5:0.0,181.6:0.0,176.2:0.0,177.2:915.5,178.3:908.2,179.3:902.2,180.3:891.5,181.4:885.5,182.4:878.0,183.5:872.2,184.5:869.5,185.5:865.7,186.6:857.7,187.6:849.5,188.6:845.2,189.7:840.5,190.7:837.5,191.8:834.0,192.8:829.5,193.8:828.0,194.8:825.7,195.9:822.2,196.9:819.5,198.0:817.0,199.0:814.2,200.1:813.5,201.0:811.7,202.0:810.2,203.2:809.7,204.1:809.7,205.2:810.7,206.2:810.5,207.2:808.7,208.4:808.5,209.4:809.5,210.3:811.0,211.5:813.5,212.4:814.5,213.5:814.5,214.4:818.2,215.5:822.0,216.6:823.5,217.5:825.5,218.5:828.7,219.5:832.7,220.7:835.7,221.6:839.0,222.6:844.5,223.7:849.2,224.8:853.0,225.8:861.2,226.7:868.0,227.8:871.0,228.8:875.0,229.7:882.0,230.8:898.0,231.8:923.7,239.2:0.0,240.3:0.0,241.3:0.0,242.3:0.0,243.4:0.0,244.4:0.0,245.4:0.0,246.5:0.0,247.5:0.0,248.5:0.0,249.5:0.0,250.6:0.0,251.6:0.0,252.6:0.0,253.7:0.0,254.7:0.0,255.7:0.0,256.8:0.0,257.8:0.0,258.8:0.0,259.8:0.0,260.8:0.0,261.9:0.0,262.9:0.0,263.9:0.0,265.0:0.0,266.0:0.0,267.0:0.0,268.0:0.0,269.1:0.0,270.1:0.0,271.1:0.0,267.1:0.0,268.0:505.2,269.2:502.5,270.3:499.2,271.3:495.5,272.2:492.5,273.1:491.7,274.5:493.2,275.5:494.7,281.4:0.0,282.4:0.0,283.4:0.0,284.4:0.0,285.4:0.0,286.5:0.0,287.5:0.0,288.5:0.0,289.5:0.0,290.6:0.0,291.6:0.0,292.6:0.0,293.6:0.0,288.2:0.0,289.2:930.0,290.3:928.2,297.7:0.0,292.4:913.0,293.5:896.0,294.4:892.5,295.4:892.0,296.5:892.7,297.6:894.0,298.5:894.5,299.6:894.7,300.7:895.2,301.7:896.7,302.7:899.0,303.7:900.2,304.7:902.5,305.7:905.7,306.8:908.0,307.8:910.0,308.9:912.7,309.8:916.5,310.9:919.7,311.9:924.2,312.8:929.2,313.9:934.5,314.9:939.7,315.9:944.7,316.9:950.5,318.0:957.2,318.9:962.2,320.0:968.5,327.5:0.0,328.6:0.0,323.0:986.0,324.1:1003.7,325.1:1013.7,326.2:1022.2,327.2:1030.0,334.8:0.0,335.8:0.0,336.9:0.0,331.3:0.0,332.3:1090.2,340.0:0.0,341.0:0.0,342.0:0.0,343.1:0.0,344.1:0.0,345.1:0.0,346.1:0.0,347.2:0.0,348.2:0.0,349.2:0.0,350.3:0.0,351.3:0.0,352.3:0.0,353.4:0.0,354.4:0.0,355.4:0.0,356.5:0.0,357.5:0.0,358.5:0.0,
358.8:0.0,359.8:0.0,0.9:0.0,354.8:0.0,2.9:0.0,4.0:0.0,5.0:0.0,6.0:0.0,7.1:0.0,1.5:0.0,2.5:1044.5,3.6:1050.0,11.2:0.0,5.6:1047.7,6.6:1044.5,7.7:1046.5,15.3:0.0,9.7:1055.0,17.4:0.0,11.8:1072.7,12.8:1085.5,13.9:1093.2,14.8:1103.2,22.6:0.0,23.6:0.0,24.6:0.0,25.7:0.0,26.7:0.0,27.7:0.0,28.7:0.0,29.8:0.0,30.8:0.0,31.9:0.0,32.9:0.0,33.9:0.0,35.0:0.0,36.0:0.0,37.0:0.0,30.4:0.0,32.1:0.0,33.1:1380.2,34.2:1386.7,35.2:1389.0,36.2:1391.7,37.3:1395.5,38.3:1398.5,39.4:1400.2,40.4:1407.7,41.4:1416.0,42.4:1423.0,43.4:1429.2,44.5:1435.0,45.5:1440.2,46.5:1445.7,47.6:1454.0,48.5:1461.7,49.6:1473.0,50.6:1484.7,51.7:1498.2,52.7:1511.2,53.7:1521.0,54.7:1536.0,55.7:1550.5,56.7:1565.2,57.8:1580.7,58.8:1595.2,59.7:1613.5,60.7:1632.7,68.9:0.0,69.9:0.0,71.0:0.0,72.0:0.0,73.0:0.0,74.1:0.0,75.1:0.0,76.1:0.0,77.2:0.0,78.2:0.0,79.2:0.0,80.2:0.0,74.3:0.0,75.4:1278.7,76.5:1264.2,77.5:1263.5,85.4:0.0,86.4:0.0,87.4:0.0,88.5:0.0,89.5:0.0,90.5:0.0,91.5:0.0,92.5:0.0,93.5:0.0,94.6:0.0,95.6:0.0,96.6:0.0,90.4:0.0,91.5:1815.0,92.5:1803.2,93.5:1787.2,94.6:1772.0,95.6:1760.0,96.6:1750.0,97.7:1740.0,98.7:1731.5,99.7:1720.7,100.7:1708.7,101.8:1703.0,102.8:1697.0,103.8:1687.7,104.9:1681.2,105.9:1682.0,106.9:1696.5,108.0:1692.0,109.0:1669.7,110.0:1666.0,111.1:1665.2,112.1:1665.7,113.1:1665.5,114.1:1663.2,115.2:1663.5,116.2:1665.5,117.2:1667.2,118.2:1666.7,119.3:1667.7,120.3:1670.7,121.3:1674.7,122.3:1679.5,123.4:1683.7,124.4:1687.5,132.6:0.0,133.6:0.0,134.6:0.0,128.7:0.0,129.7:1415.7,137.7:0.0,131.8:1415.5,132.8:1413.5,140.9:0.0,141.9:0.0,142.9:0.0,143.9:0.0,145.0:0.0,146.0:0.0,147.0:0.0,141.0:0.0,142.1:1518.2,143.1:1534.2,151.2:0.0,145.1:1547.0,146.2:1564.0,154.2:0.0,148.2:1589.5,156.3:0.0,157.3:0.0,158.4:0.0,159.4:0.0,160.4:0.0,161.4:0.0,162.5:0.0,163.5:0.0,164.6:0.0,165.6:0.0,166.6:0.0,167.6:0.0,168.7:0.0,169.7:0.0,170.7:0.0,171.8:0.0,172.8:0.0,173.8:0.0,174.9:0.0,175.9:0.0,176.9:0.0,171.2:0.0,179.0:0.0,180.0:0.0,181.0:0.0,182.1:0.0,183.1:0.0,177.5:0.0,178.5:1092.5,179.5:1084.0,180.6:1077.0,188.3:0.0,182.7:1064.0,183.7:1052.7,184.7:1048.0,185.8:1041.5,186.8:1034.5,187.9:1029.2,189.0:1023.0,190.0:1018.0,191.0:1014.0,192.1:1010.2,193.1:1008.0,194.1:1005.2,195.2:1001.0,196.2:996.0,197.2:994.5,198.3:993.5,199.4:988.0,200.3:985.2,201.3:987.7,202.4:985.7,203.5:982.5,204.5:983.5,205.6:982.5,206.5:982.7,207.6:986.5,208.6:988.5,209.7:989.5,210.7:989.5,211.8:990.7,212.7:993.7,213.8:996.7,214.8:1000.0,215.9:1002.7,216.9:1006.5,217.9:1010.0,219.0:1011.7,220.0:1016.2,221.0:1021.2,228.6:0.0,223.0:0.0,224.0:1067.5,231.7:0.0,226.1:1054.7,233.8:0.0,234.8:0.0,235.8:0.0,236.8:0.0,237.9:0.0,238.9:0.0,239.9:0.0,241.0:0.0,242.0:0.0,243.0:0.0,244.0:0.0,245.1:0.0,246.1:0.0,247.1:0.0,248.2:0.0,249.2:0.0,250.2:0.0,251.3:0.0,246.9:0.0,253.3:0.0,254.4:0.0,250.2:0.0,251.2:512.7,252.4:512.2,253.2:511.2,254.4:513.7,260.5:0.0,261.5:0.0,262.6:0.0,263.6:0.0,264.6:0.0,265.7:0.0,266.7:0.0,267.7:0.0,268.8:0.0,269.8:0.0,270.8:0.0,271.9:0.0,272.9:0.0,273.9:0.0,274.9:0.0,276.0:0.0,277.0:0.0,278.0:0.0,279.1:0.0,280.1:0.0,274.7:0.0,275.7:887.5,276.8:877.5,277.9:873.2,279.0:858.0,280.0:840.5,281.0:832.5,282.1:827.0,283.0:822.2,284.1:819.0,285.1:817.0,286.2:813.7,287.2:811.2,288.3:809.0,289.2:807.2,290.3:806.7,291.2:805.2,292.3:804.5,293.4:803.7,294.4:803.5,295.3:803.0,296.5:803.0,297.6:803.0,298.5:803.2,299.6:803.2,300.6:804.2,301.7:805.7,302.7:808.0,303.8:809.7,304.7:811.2,305.7:814.7,306.8:816.7,307.9:818.5,308.8:823.0,309.8:825.7,310.8:828.5,311.8:833.2,312.8:837.0,313.9:840.0,314.9:844.7,315.9:851.0,317.0:855.7,318.0:862.0,319.0:868.5,326.4:0.0,321.1:878.2,328.4:0.0,323.0:892.7,324.1:904.0,325.2:911.2,332.6:0.0,333.6:0.0,334.6:0.0,329.2:0.0,330.2:961.2,337.7:0.0,338.8:0.0,339.8:0.0,334.2:0.0,335.2:1028.5,342.9:0.0,343.9:0.0,345.0:0.0,346.0:0.0,347.0:0.0,348.0:0.0,349.1:0.0,350.1:0.0,351.1:0.0,352.2:0.0,353.2:0.0,354.2:0.0,355.3:0.0,356.3:0.0,357.3:0.0,358.4:0.0,
358.7:0.0,359.7:0.0,0.7:0.0,354.8:0.0,2.8:0.0,3.8:0.0,4.9:0.0,5.9:0.0,6.9:0.0,8.0:0.0,2.6:0.0,3.7:858.5,4.8:861.0,5.8:864.0,6.8:871.7,7.9:866.2,8.9:857.2,9.9:861.0,11.0:863.7,11.9:870.5,19.3:0.0,13.9:881.2,15.0:890.0,16.1:896.7,17.1:907.0,24.4:0.0,25.5:0.0,26.5:0.0,27.5:0.0,28.6:0.0,29.6:0.0,30.6:0.0,31.7:0.0,32.7:0.0,33.7:0.0,34.7:0.0,35.8:0.0,36.8:0.0,37.8:0.0,38.9:0.0,39.9:0.0,40.9:0.0,42.0:0.0,35.9:0.0,37.2:0.0,38.2:0.0,39.3:1229.5,40.3:1235.7,41.3:1242.0,42.3:1246.5,43.3:1248.0,44.4:1251.5,45.4:1257.2,46.4:1264.2,47.5:1272.7,48.5:1280.2,49.5:1286.7,50.6:1294.7,51.6:1303.0,52.5:1311.5,53.6:1322.7,54.6:1334.2,55.6:1347.0,56.7:1360.7,57.7:1373.2,58.7:1386.7,59.7:1404.0,60.7:1420.7,61.7:1434.7,62.7:1450.0,63.7:1469.2,64.8:1488.2,65.8:1507.0,66.8:1529.7,67.8:1555.0,75.9:0.0,76.9:0.0,78.0:0.0,79.0:0.0,80.0:0.0,81.0:0.0,82.1:0.0,83.1:0.0,84.1:0.0,85.2:0.0,86.2:0.0,87.2:0.0,88.2:0.0,89.3:0.0,83.4:0.0,84.4:1252.0,85.5:1244.0,93.3:0.0,94.3:0.0,95.4:0.0,96.4:0.0,97.4:0.0,98.5:0.0,99.5:0.0,100.5:0.0,101.5:0.0,102.6:0.0,96.4:0.0,97.4:1839.0,98.4:1828.0,99.4:1816.5,100.5:1811.2,101.5:1802.5,102.5:1792.2,103.6:1782.7,104.6:1779.0,105.6:1773.0,106.7:1765.5,107.7:1761.5,108.7:1758.2,109.7:1754.2,110.8:1752.0,111.8:1751.2,112.8:1760.7,113.9:1762.5,114.8:1752.7,115.9:1752.2,116.9:1751.5,117.9:1750.5,119.0:1750.7,120.0:1753.0,121.0:1759.0,122.1:1761.2,123.0:1763.5,124.1:1771.0,125.1:1775.5,126.1:1782.7,127.1:1792.5,128.2:1797.0,129.2:1802.7,130.2:1817.2,138.5:0.0,139.5:0.0,140.6:0.0,134.5:0.0,135.6:1560.5,143.7:0.0,137.6:1570.5,138.6:1569.7,139.6:1571.7,140.7:1585.2,141.7:1601.0,142.7:1611.7,143.7:1625.7,144.8:1640.2,152.9:0.0,153.9:0.0,155.0:0.0,156.0:0.0,157.0:0.0,158.0:0.0,159.1:0.0,152.9:0.0,161.1:0.0,162.2:0.0,163.3:0.0,164.3:0.0,165.3:0.0,166.4:0.0,167.4:0.0,168.4:0.0,169.4:0.0,170.5:0.0,171.5:0.0,172.5:0.0,173.6:0.0,174.6:0.0,175.6:0.0,176.7:0.0,177.7:0.0,178.7:0.0,179.7:0.0,180.8:0.0,181.8:0.0,182.8:0.0,183.9:0.0,184.9:0.0,179.1:0.0,187.0:0.0,181.1:1267.0,189.0:0.0,183.2:1251.7,191.1:0.0,192.1:0.0,193.1:0.0,187.4:0.0,188.4:1206.7,189.4:1203.7,190.5:1199.5,191.5:1192.5,192.5:1184.5,193.5:1180.0,194.6:1175.5,195.7:1172.2,196.7:1168.7,197.7:1166.0,198.8:1164.2,199.8:1161.7,200.8:1160.5,201.9:1160.0,202.9:1159.2,204.0:1154.7,205.0:1153.5,206.0:1156.0,207.0:1157.0,208.1:1159.0,209.0:1161.0,210.1:1164.0,211.1:1165.2,212.1:1164.5,213.2:1164.0,214.2:1166.7,215.2:1172.5,216.3:1191.0,217.2:1206.5,218.3:1209.0,226.1:0.0,227.2:0.0,228.2:0.0,229.2:0.0,230.2:0.0,231.3:0.0,232.3:0.0,233.3:0.0,234.4:0.0,235.4:0.0,230.7:0.0,237.5:0.0,238.5:0.0,234.1:0.0,235.1:594.0,236.2:593.7,237.1:594.2,238.0:596.5,239.0:600.0,240.1:603.2,241.1:607.7,242.0:614.2,248.8:0.0,249.8:0.0,250.9:0.0,251.9:0.0,252.9:0.0,254.0:0.0,255.0:0.0,256.0:0.0,257.1:0.0,258.1:0.0,259.1:0.0,260.1:0.0,261.2:0.0,262.2:0.0,263.2:0.0,264.2:0.0,265.3:0.0,266.3:0.0,267.3:0.0,268.4:0.0,269.4:0.0,264.1:0.0,265.1:865.0,272.5:0.0,267.3:0.0,268.4:809.0,269.5:799.2,270.5:790.0,271.4:783.5,272.5:780.5,273.6:776.2,274.7:768.7,275.6:764.0,276.6:758.5,277.7:754.7,278.8:751.2,279.7:745.7,280.8:741.0,281.7:737.2,282.7:735.2,283.9:731.7,284.9:728.5,285.9:727.2,287.0:725.7,288.1:724.0,289.0:722.0,290.1:720.0,291.0:718.7,292.2:717.7,293.2:715.5,294.1:713.5,295.2:714.0,296.2:715.5,297.2:715.5,298.4:715.2,299.4:715.7,300.4:716.7,301.5:717.7,302.4:718.0,303.4:719.7,304.5:722.0,305.5:723.2,306.6:724.5,307.6:726.2,308.6:729.0,309.6:731.5,310.5:735.2,311.7:738.7,312.7:741.7,313.7:746.0,314.6:751.5,315.7:757.5,316.6:761.0,317.7:764.5,318.8:768.5,319.8:771.7,320.8:777.7,321.7:785.5,322.7:793.0,323.9:800.5,324.9:808.0,325.9:813.7,326.9:820.5,327.9:827.5,328.9:838.0,329.9:848.2,330.9:856.7,338.3:0.0,339.3:0.0,340.4:0.0,341.4:0.0,342.4:0.0,343.5:0.0,344.5:0.0,345.5:0.0,346.6:0.0,347.6:0.0,348.6:0.0,349.7:0.0,350.7:0.0,351.7:0.0,352.7:0.0,353.8:0.0,354.8:0.0,355.9:0.0,356.9:0.0,358.0:0.0,
359.0:0.0,0.0:0.0,1.0:0.0,2.0:0.0,3.1:0.0,4.1:0.0,5.1:0.0,6.2:0.0,7.2:0.0,8.2:0.0,3.5:0.0,4.5:662.0,5.6:664.2,6.5:667.5,7.5:668.7,8.6:676.5,15.5:0.0,10.7:674.0,11.7:665.0,12.8:668.0,13.7:672.0,14.7:676.2,21.7:0.0,16.9:685.7,17.8:699.2,18.8:706.5,19.9:710.2,26.8:0.0,27.9:0.0,28.9:0.0,29.9:0.0,31.0:0.0,25.9:0.0,33.0:0.0,34.1:0.0,35.1:0.0,36.1:0.0,37.2:0.0,38.2:0.0,39.2:0.0,40.3:0.0,41.3:0.0,42.3:0.0,43.4:0.0,44.4:0.0,45.4:0.0,46.5:0.0,47.5:0.0,41.7:0.0,42.7:0.0,43.9:0.0,45.0:1080.2,45.9:1086.0,47.0:1093.5,48.0:1100.0,49.0:1106.7,50.0:1114.2,51.1:1119.5,52.2:1127.0,53.1:1136.5,54.2:1147.2,55.1:1157.7,56.2:1165.5,57.3:1174.5,58.3:1187.7,59.2:1200.5,60.2:1211.0,61.2:1225.5,62.3:1241.2,63.2:1253.7,64.3:1268.7,65.3:1284.2,66.3:1299.5,67.3:1318.7,68.4:1338.5,69.4:1357.7,70.4:1380.7,71.4:1406.5,72.4:1431.0,73.4:1453.2,74.4:1483.0,82.5:0.0,83.5:0.0,84.5:0.0,85.6:0.0,86.6:0.0,87.6:0.0,81.7:0.0,89.7:0.0,90.7:0.0,91.7:0.0,92.7:0.0,93.7:0.0,94.8:0.0,95.8:0.0,90.0:0.0,91.0:1257.5,92.0:1251.5,93.1:1245.5,94.1:1242.7,102.0:0.0,103.0:0.0,104.0:0.0,105.0:0.0,106.1:0.0,107.1:0.0,108.1:0.0,109.1:0.0,103.0:0.0,104.0:1875.5,105.0:1869.5,106.0:1863.7,107.1:1858.0,108.1:1853.7,109.1:1848.5,110.2:1842.2,111.2:1837.2,112.2:1833.5,113.3:1834.0,114.3:1836.0,115.3:1836.2,116.3:1836.5,117.4:1836.5,118.4:1844.2,119.4:1851.2,120.5:1849.5,121.5:1851.5,122.5:1855.2,123.5:1858.7,124.5:1863.0,125.6:1869.2,126.6:1876.2,127.7:1882.0,128.6:1891.2,129.7:1901.5,130.7:1906.7,131.8:1915.0,132.8:1928.0,133.8:1942.2,142.1:0.0,143.1:0.0,144.2:0.0,145.2:0.0,139.1:0.0,140.1:1704.0,141.1:1725.0,142.1:1726.2,143.2:1724.0,144.2:1740.7,152.4:0.0,146.2:1763.2,154.5:0.0,155.5:0.0,156.5:0.0,157.5:0.0,158.6:0.0,159.6:0.0,160.6:0.0,161.7:0.0,155.4:0.0,163.8:0.0,164.8:0.0,165.8:0.0,166.9:0.0,167.9:0.0,168.9:0.0,169.9:0.0,171.0:0.0,172.0:0.0,173.0:0.0,174.1:0.0,175.1:0.0,169.0:0.0,177.2:0.0,178.2:0.0,172.1:0.0,173.2:1574.5,181.3:0.0,175.2:1552.0,183.3:0.0,177.3:1525.7,178.4:1502.2,186.5:0.0,187.5:0.0,188.5:0.0,189.5:0.0,190.6:0.0,191.6:0.0,185.6:0.0,186.7:1399.7,187.7:1392.5,188.8:1385.2,189.8:1379.0,190.9:1373.2,191.8:1366.7,192.9:1359.0,193.9:1352.2,195.0:1349.0,196.0:1345.5,197.1:1342.2,198.1:1340.2,199.1:1338.0,200.1:1335.0,201.2:1332.7,202.2:1332.7,203.3:1331.5,204.3:1330.0,205.3:1331.2,206.4:1334.2,207.4:1335.5,208.5:1333.2,209.5:1334.2,217.4:0.0,211.5:1352.5,212.6:1368.0,213.5:1371.5,221.6:0.0,222.6:0.0,223.6:0.0,224.7:0.0,219.6:0.0,226.7:0.0,227.8:0.0,222.9:0.0,223.8:720.2,224.9:720.0,225.9:723.5,227.0:726.0,227.9:729.0,229.0:731.7,230.0:735.7,230.9:741.0,232.0:746.2,232.9:753.0,240.1:0.0,235.0:761.2,236.0:769.7,237.1:777.5,244.2:0.0,239.0:790.5,246.3:0.0,241.0:807.2,248.4:0.0,249.4:0.0,250.4:0.0,251.5:0.0,252.5:0.0,253.5:0.0,254.5:0.0,255.6:0.0,256.6:0.0,257.6:0.0,258.6:0.0,259.7:0.0,260.7:0.0,261.7:0.0,262.7:0.0,263.8:0.0,264.8:0.0,265.8:0.0,260.8:0.0,267.9:0.0,262.9:755.2,269.9:0.0,271.0:0.0,272.0:0.0,267.0:0.0,274.1:0.0,269.2:707.5,270.3:697.0,271.2:690.0,272.3:684.7,273.5:680.2,274.3:675.0,275.5:669.7,276.4:663.5,277.5:660.2,278.5:657.7,279.6:654.2,280.6:651.0,281.6:648.5,282.7:645.5,283.6:642.5,284.7:640.5,285.8:638.0,286.9:635.0,287.9:633.2,288.9:632.0,290.0:630.5,290.9:629.2,291.9:628.5,293.1:627.2,294.1:626.2,295.2:626.2,296.1:626.2,297.1:627.2,298.2:628.0,299.1:627.0,300.2:627.0,301.2:628.2,302.2:628.7,303.4:629.5,304.5:630.2,305.3:632.5,306.3:635.7,307.5:637.2,308.4:639.7,309.5:642.0,310.5:645.0,311.6:647.7,312.5:650.2,313.4:653.2,314.5:655.2,315.4:660.5,316.6:665.2,317.6:666.7,318.5:671.2,319.7:678.2,320.6:683.5,327.5:0.0,322.6:690.0,323.7:698.2,324.7:705.7,331.7:0.0,332.7:0.0,333.7:0.0,328.7:0.0,335.8:0.0,336.8:0.0,331.7:755.0,332.9:771.5,339.9:0.0,341.0:0.0,342.0:0.0,343.0:0.0,344.0:0.0,345.1:0.0,346.1:0.0,347.1:0.0,348.2:0.0,349.2:0.0,350.2:0.0,351.3:0.0,352.3:0.0,353.3:0.0,354.4:0.0,355.4:0.0,356.5:0.0,357.5:0.0,358.5:0.0,
359.4:0.0,0.5:0.0,1.5:0.0,2.5:0.0,3.6:0.0,4.6:0.0,5.6:0.0,6.7:0.0,7.7:0.0,8.7:0.0,5.9:0.0,6.6:372.2,7.8:372.2,9.0:373.5,9.6:375.0,10.6:377.2,12.0:379.7,12.8:382.7,18.0:0.0,19.0:0.0,15.7:0.0,21.1:0.0,18.1:0.0,18.8:382.5,20.3:381.7,25.2:0.0,26.2:0.0,27.3:0.0,28.3:0.0,29.3:0.0,30.4:0.0,31.4:0.0,32.4:0.0,33.4:0.0,34.5:0.0,35.5:0.0,36.5:0.0,37.6:0.0,38.6:0.0,39.6:0.0,40.7:0.0,41.7:0.0,42.7:0.0,43.8:0.0,44.8:0.0,45.8:0.0,46.9:0.0,47.9:0.0,48.9:0.0,50.0:0.0,51.0:0.0,52.0:0.0,53.0:0.0,54.1:0.0,55.1:0.0,56.1:0.0,57.2:0.0,58.2:0.0,59.2:0.0,53.7:0.0,54.8:0.0,55.8:0.0,57.0:0.0,57.9:903.2,59.0:911.5,60.0:920.5,61.0:930.2,62.0:941.5,63.0:952.7,64.1:963.0,65.1:974.0,66.1:987.0,67.1:999.5,68.0:1014.0,69.0:1029.2,70.1:1044.0,71.1:1060.2,72.1:1077.0,73.1:1094.5,74.1:1114.2,75.2:1133.0,76.2:1153.5,77.1:1176.2,78.1:1199.7,79.1:1225.7,80.2:1252.0,81.1:1279.5,82.1:1310.0,83.1:1342.7,84.1:1374.0,85.1:1410.5,93.1:0.0,94.2:0.0,95.2:0.0,89.3:1420.0,90.2:1401.2,91.3:1389.7,92.3:1380.2,93.4:1371.0,94.4:1362.2,95.4:1355.0,96.4:1346.5,97.5:1339.0,98.5:1333.7,106.5:0.0,107.5:0.0,101.6:1320.0,102.7:1307.0,103.7:1302.0,104.8:1298.2,105.8:1295.7,113.7:0.0,114.7:0.0,115.7:0.0,116.7:0.0,110.5:0.0,111.5:1966.0,112.6:1968.0,113.6:1966.2,114.6:1963.5,115.6:1961.2,116.7:1962.2,117.7:1966.0,118.7:1965.0,119.7:1963.5,120.8:1968.7,121.8:1973.7,122.8:1976.2,123.8:1981.7,124.8:1988.7,125.9:2004.5,126.9:2014.7,127.9:2013.7,128.9:2018.0,130.0:2026.0,131.1:2039.0,132.1:2050.0,133.1:2064.0,134.1:2077.7,135.2:2091.7,136.2:2107.0,137.2:2118.5,138.2:2131.0,139.2:2140.0,147.6:0.0,148.7:0.0,149.7:0.0,150.7:0.0,144.5:0.0,145.5:1942.5,153.8:0.0,154.8:0.0,155.9:0.0,156.9:0.0,157.9:0.0,159.0:0.0,160.0:0.0,161.0:0.0,162.1:0.0,163.1:0.0,164.2:0.0,165.2:0.0,166.2:0.0,167.2:0.0,168.3:0.0,169.3:0.0,170.3:0.0,171.4:0.0,172.4:0.0,173.4:0.0,174.5:0.0,175.5:0.0,176.5:0.0,177.6:0.0,178.6:0.0,179.6:0.0,180.7:0.0,181.7:0.0,182.7:0.0,183.8:0.0,184.8:0.0,178.6:0.0,179.7:1770.0,180.7:1759.0,181.8:1746.5,182.8:1731.7,183.9:1715.2,184.8:1703.0,185.9:1693.7,187.0:1683.0,188.0:1671.5,189.0:1660.0,190.1:1651.7,191.1:1643.0,192.2:1633.5,193.2:1627.5,194.2:1622.0,195.2:1620.0,196.3:1615.2,197.3:1610.0,198.3:1608.7,199.4:1604.5,200.4:1601.5,201.4:1599.5,202.5:1597.0,203.5:1596.7,204.6:1596.2,212.7:0.0,206.6:1610.0,207.7:1627.0,215.8:0.0,216.8:0.0,211.4:0.0,212.4:945.0,213.4:944.2,214.5:945.5,215.5:947.5,216.5:949.0,217.6:951.0,218.6:954.0,219.6:957.7,220.6:961.5,221.7:964.7,222.7:968.5,223.7:972.0,224.7:978.2,225.8:984.7,226.8:990.5,227.8:996.5,228.8:1003.0,229.9:1010.7,230.8:1018.7,231.9:1026.2,233.0:1034.5,234.0:1044.0,241.6:0.0,242.6:0.0,243.7:0.0,244.7:0.0,245.7:0.0,246.8:0.0,247.8:0.0,248.8:0.0,249.9:0.0,250.9:0.0,251.9:0.0,253.0:0.0,254.0:0.0,255.0:0.0,256.1:0.0,257.1:0.0,258.1:0.0,259.1:0.0,260.2:0.0,261.2:0.0,262.2:0.0,263.3:0.0,264.3:0.0,265.3:0.0,260.7:0.0,261.9:598.5,268.4:0.0,269.5:0.0,265.0:0.0,266.1:571.7,267.2:566.7,273.6:0.0,269.2:558.2,270.2:550.5,271.4:546.0,272.4:542.5,273.4:535.7,274.5:531.7,275.5:530.0,276.7:527.2,277.4:522.7,278.6:518.5,279.6:515.7,280.7:513.5,281.6:511.0,282.9:507.7,283.7:506.7,284.8:506.7,286.0:504.7,286.8:502.5,287.9:500.2,288.9:498.0,289.9:496.0,291.1:494.5,291.9:493.7,293.0:495.2,294.1:495.5,295.0:493.2,296.1:493.0,297.3:492.7,298.2:493.5,299.1:495.7,300.4:496.2,301.5:497.0,302.5:497.2,303.5:497.0,304.6:497.7,305.5:499.0,306.5:501.0,307.7:502.2,308.6:503.7,309.7:505.7,310.7:508.2,311.5:511.0,312.5:513.5,313.7:516.0,314.7:518.5,315.7:523.0,316.8:526.5,317.7:529.2,318.6:533.2,319.7:537.0,320.9:541.0,321.9:546.0,322.7:550.7,329.1:0.0,330.2:0.0,331.2:0.0,332.3:0.0,333.3:0.0,334.3:0.0,329.9:0.0,330.8:599.7,331.8:603.2,338.5:0.0,339.5:0.0,340.5:0.0,341.6:0.0,342.6:0.0,343.6:0.0,344.7:0.0,345.7:0.0,340.7:0.0,347.8:0.0,348.8:0.0,349.8:0.0,350.9:0.0,351.9:0.0,352.9:0.0,354.0:0.0,355.0:0.0,356.0:0.0,357.1:0.0,358.1:0.0,
352.4:1221.2,353.4:1237.0,354.4:1252.0,355.4:1265.5,356.5:1279.7,357.4:1297.2,358.5:1314.2,359.4:1332.2,0.5:1354.5,1.5:1373.2,2.5:1394.5,3.5:1422.7,4.5:1447.0,5.6:1470.0,13.6:0.0,14.6:0.0,15.7:0.0,16.7:0.0,17.7:0.0,18.8:0.0,19.8:0.0,20.9:0.0,21.9:0.0,22.9:0.0,24.0:0.0,25.0:0.0,26.0:0.0,20.2:0.0,21.2:1276.2,22.3:1264.7,23.3:1255.7,24.3:1247.0,25.3:1244.0,33.2:0.0,34.3:0.0,35.3:0.0,36.3:0.0,37.4:0.0,38.4:0.0,39.4:0.0,40.5:0.0,34.3:0.0,35.3:1877.7,36.3:1872.2,37.4:1865.5,38.4:1858.5,39.4:1854.0,40.5:1851.2,41.5:1848.0,42.6:1845.0,43.6:1838.7,44.6:1834.7,45.6:1835.7,46.7:1839.0,47.7:1838.7,48.8:1837.5,49.8:1843.2,50.8:1849.0,51.9:1850.5,52.9:1853.2,53.9:1858.2,55.0:1863.0,56.0:1867.2,57.0:1869.0,58.0:1873.2,59.0:1881.7,60.0:1889.7,61.0:1897.5,62.1:1905.2,63.1:1916.0,64.1:1926.7,65.2:1940.0,66.2:1958.0,74.5:0.0,75.5:0.0,76.5:0.0,70.4:0.0,71.5:1708.2,79.6:0.0,73.5:1715.7,74.5:1725.5,75.6:1736.5,83.7:0.0,77.6:1763.5,85.8:0.0,86.8:0.0,87.9:0.0,88.9:0.0,89.9:0.0,90.9:0.0,92.0:0.0,93.0:0.0,94.0:0.0,95.0:0.0,96.1:0.0,97.1:0.0,98.1:0.0,99.2:0.0,100.2:0.0,101.2:0.0,102.2:0.0,103.3:0.0,104.3:0.0,105.3:0.0,106.3:0.0,107.4:0.0,108.4:0.0,109.4:0.0,110.5:0.0,111.5:0.0,105.5:0.0,106.5:1546.0,107.5:1536.0,108.6:1526.5,116.6:0.0,117.7:0.0,118.7:0.0,119.7:0.0,120.7:0.0,121.8:0.0,122.8:0.0,123.8:0.0,117.9:0.0,118.9:1395.5,120.0:1387.7,121.0:1380.7,122.0:1375.5,123.1:1373.2,124.1:1368.5,125.2:1360.2,126.2:1353.5,127.2:1348.5,128.3:1343.2,129.3:1341.0,130.3:1341.2,131.3:1338.5,132.4:1338.0,133.4:1337.7,134.5:1333.7,135.5:1333.7,136.5:1334.0,137.5:1335.0,138.6:1335.7,139.6:1334.0,140.6:1332.7,141.7:1332.5,142.7:1353.0,143.7:1370.2,144.7:1369.0,152.7:0.0,153.7:0.0,154.7:0.0,155.8:0.0,156.8:0.0,157.8:0.0,158.9:0.0,153.9:0.0,155.0:719.5,156.1:719.0,157.0:722.0,158.2:725.0,159.1:725.7,160.2:728.5,161.3:734.0,162.3:738.5,163.2:742.7,164.3:751.0,165.2:757.0,166.2:762.0,167.2:768.0,168.3:774.7,175.5:0.0,176.5:0.0,171.4:0.0,172.4:808.5,179.6:0.0,180.6:0.0,181.7:0.0,182.7:0.0,183.7:0.0,184.7:0.0,185.8:0.0,186.8:0.0,187.8:0.0,188.9:0.0,189.9:0.0,184.7:0.0,192.0:0.0,193.0:0.0,194.0:0.0,195.1:0.0,196.1:0.0,197.1:0.0,198.2:0.0,199.2:0.0,194.2:0.0,201.3:0.0,202.3:0.0,197.4:0.0,198.5:710.2,199.4:708.2,200.5:701.7,201.6:694.2,202.7:688.2,203.7:682.5,204.7:677.5,205.8:672.2,206.8:665.5,207.8:662.5,208.8:660.7,210.0:656.7,211.1:654.5,212.0:652.0,213.2:646.7,214.2:642.5,215.3:640.7,216.2:638.0,217.2:635.2,218.3:632.2,219.5:630.2,220.4:628.7,221.4:627.7,222.5:627.0,223.6:625.5,224.5:624.7,225.5:625.2,226.6:625.0,227.7:624.2,228.6:623.5,229.7:624.2,230.7:624.5,231.6:624.5,232.8:626.0,233.8:626.5,234.7:627.2,235.8:628.2,237.0:629.2,238.0:631.2,239.0:633.2,239.9:635.2,241.0:638.5,242.0:642.2,242.9:645.7,244.0:650.0,245.0:652.0,246.0:653.7,247.0:656.2,248.1:659.5,249.2:664.7,250.1:669.7,251.1:674.5,252.2:681.5,253.1:685.0,254.3:688.7,255.1:696.7,256.2:702.5,257.3:707.0,264.2:0.0,259.2:717.5,266.3:0.0,261.2:734.5,268.3:0.0,269.4:0.0,264.2:0.0,265.2:774.2,272.5:0.0,273.5:0.0,274.5:0.0,275.5:0.0,276.6:0.0,277.6:0.0,278.6:0.0,279.7:0.0,280.7:0.0,281.7:0.0,282.7:0.0,283.7:0.0,284.7:0.0,285.7:0.0,286.8:0.0,287.8:0.0,288.8:0.0,289.9:0.0,290.9:0.0,291.9:0.0,292.9:0.0,294.0:0.0,295.0:0.0,296.0:0.0,297.0:0.0,298.1:0.0,299.1:0.0,294.4:0.0,295.5:660.7,296.5:663.7,297.3:665.2,298.3:668.5,299.5:672.2,306.4:0.0,301.7:665.5,302.6:662.5,303.6:665.5,304.7:668.0,305.7:674.2,306.7:678.5,313.6:0.0,314.6:0.0,315.7:0.0,316.7:0.0,317.7:0.0,318.7:0.0,319.8:0.0,320.8:0.0,321.8:0.0,322.9:0.0,323.9:0.0,324.9:0.0,326.0:0.0,327.0:0.0,328.0:0.0,329.0:0.0,330.1:0.0,331.1:0.0,332.2:0.0,333.2:0.0,334.2:0.0,335.2:0.0,336.3:0.0,330.8:0.0,338.3:0.0,339.4:0.0,340.4:0.0,334.7:0.0,335.8:0.0,336.8:1083.7,337.8:1089.0,338.9:1095.7,339.9:1100.7,340.9:1108.0,341.9:1117.0,342.9:1124.0,344.0:1131.0,345.0:1139.5,346.1:1150.2,347.0:1161.0,348.1:1170.0,349.2:1181.5,350.2:1194.0,351.2:1205.5,
352.8:962.5,353.8:974.0,354.9:986.0,355.7:998.2,356.8:1010.0,357.8:1024.0,358.8:1038.7,359.9:1052.2,0.8:1067.0,1.8:1083.5,2.9:1101.2,4.0:1120.0,4.9:1138.7,6.0:1158.0,7.0:1179.5,14.7:0.0,15.8:0.0,16.8:0.0,11.0:1183.0,18.8:0.0,19.9:0.0,20.9:0.0,21.9:0.0,16.3:0.0,17.3:1095.7,18.3:1084.0,26.0:0.0,27.1:0.0,28.1:0.0,22.5:0.0,23.6:1042.2,24.6:1035.5,25.7:1028.0,26.7:1023.0,27.7:1017.2,28.8:1010.0,29.8:1005.2,30.9:1002.5,31.8:1000.0,32.9:997.5,40.5:0.0,41.5:0.0,42.6:0.0,43.6:0.0,44.7:0.0,45.7:0.0,46.7:0.0,40.7:0.0,41.7:1644.0,42.7:1641.2,43.7:1639.0,44.7:1638.2,45.8:1639.0,46.9:1638.0,47.9:1636.7,48.9:1637.7,49.9:1638.5,51.0:1639.7,52.0:1643.0,53.0:1645.0,54.0:1647.2,55.1:1651.7,56.1:1655.2,57.2:1661.5,58.2:1676.5,59.2:1684.2,60.2:1683.7,61.2:1687.7,62.2:1696.5,63.3:1706.0,64.3:1715.0,65.3:1726.2,66.3:1738.7,67.4:1752.0,68.4:1761.2,69.4:1777.0,70.4:1794.5,71.4:1806.2,72.5:1818.0,73.5:1832.0,81.7:0.0,82.7:0.0,83.8:0.0,84.8:0.0,85.8:0.0,79.8:0.0,80.8:1633.5,81.8:1640.2,82.8:1657.0,90.9:0.0,92.0:0.0,93.0:0.0,94.0:0.0,95.0:0.0,96.1:0.0,97.1:0.0,98.1:0.0,99.2:0.0,100.2:0.0,101.2:0.0,102.2:0.0,103.3:0.0,104.3:0.0,105.3:0.0,106.3:0.0,107.4:0.0,108.4:0.0,109.4:0.0,110.5:0.0,111.5:0.0,112.5:0.0,106.4:0.0,114.6:0.0,115.6:0.0,116.6:0.0,110.5:0.0,118.7:0.0,112.5:1711.0,113.6:1684.5,114.6:1673.5,115.6:1665.0,116.7:1653.5,117.7:1638.2,118.7:1623.2,119.7:1617.7,120.8:1611.7,121.8:1602.7,122.9:1596.7,123.9:1590.7,124.9:1585.0,126.0:1578.5,127.0:1575.7,128.0:1573.7,129.0:1570.5,130.1:1567.5,131.2:1564.0,132.2:1561.5,133.2:1559.0,134.2:1555.5,135.3:1555.0,136.3:1554.7,137.4:1554.0,138.4:1555.0,139.4:1556.2,140.4:1559.7,141.5:1560.7,142.5:1560.0,143.5:1564.0,144.6:1569.2,145.6:1570.5,146.6:1574.2,147.6:1578.0,148.6:1592.2,149.7:1612.7,150.7:1620.5,158.8:0.0,159.9:0.0,160.9:0.0,162.0:0.0,163.0:0.0,164.1:0.0,158.5:0.0,166.1:0.0,160.6:0.0,161.6:989.5,162.7:991.7,163.7:994.7,164.8:1001.0,165.8:1010.2,166.7:1018.2,167.7:1024.5,168.8:1032.7,176.4:0.0,170.9:1052.2,178.5:0.0,179.5:0.0,180.6:0.0,181.6:0.0,182.6:0.0,183.7:0.0,184.7:0.0,185.7:0.0,186.8:0.0,187.8:0.0,188.8:0.0,183.1:0.0,190.9:0.0,191.9:0.0,193.0:0.0,194.0:0.0,195.0:0.0,196.1:0.0,190.5:0.0,198.1:0.0,199.1:0.0,200.2:0.0,201.2:0.0,202.2:0.0,203.3:0.0,204.3:0.0,198.9:0.0,199.9:919.7,201.1:911.5,202.0:904.2,203.1:899.2,204.1:892.2,205.2:884.0,206.2:878.7,207.3:873.7,208.4:865.7,209.4:859.0,210.4:854.5,211.5:848.5,212.6:844.5,213.6:841.5,214.6:835.7,215.5:832.5,216.7:830.5,217.6:827.7,218.8:826.0,219.8:823.5,220.8:821.7,221.9:821.5,222.9:818.7,224.0:815.7,224.9:816.0,226.0:815.7,227.0:819.2,228.0:819.5,229.1:814.0,230.1:814.0,231.2:816.7,232.2:818.2,233.3:818.5,234.2:819.7,235.3:822.2,236.3:823.5,237.4:825.0,238.5:826.7,239.5:830.0,240.5:833.7,241.4:837.5,242.5:842.7,243.5:847.5,244.6:851.0,245.6:854.0,246.6:860.2,247.6:865.7,248.6:870.7,249.7:877.7,250.6:882.2,251.7:887.2,252.7:894.7,253.7:903.5,261.1:0.0,255.8:913.5,263.2:0.0,264.2:0.0,258.8:0.0,259.9:954.7,267.3:0.0,268.4:0.0,269.4:0.0,270.4:0.0,271.5:0.0,272.5:0.0,273.5:0.0,274.6:0.0,270.1:0.0,271.0:584.7,272.2:584.2,273.3:582.5,274.3:582.0,275.4:584.5,276.4:0.0,277.4:557.5,278.2:554.2,279.5:554.0,280.3:554.7,281.5:554.5,282.4:554.7,283.6:555.5,284.4:557.2,285.4:558.0,286.7:558.7,287.6:560.5,288.5:563.0,289.6:564.5,290.7:565.5,291.7:568.7,292.7:569.5,293.7:572.5,294.5:576.5,295.6:577.5,296.7:580.2,297.7:584.5,298.7:587.2,299.8:590.7,300.8:595.5,301.9:600.0,303.0:604.5,304.0:607.5,304.9:610.5,306.0:616.2,306.9:623.7,308.0:630.0,314.7:0.0,315.7:0.0,316.7:0.0,317.8:0.0,318.8:0.0,319.9:0.0,320.9:0.0,321.9:0.0,323.0:0.0,324.0:0.0,325.0:0.0,326.0:0.0,327.1:0.0,328.1:0.0,329.1:0.0,330.2:0.0,331.2:0.0,325.5:0.0,327.0:0.0,328.0:0.0,329.1:822.7,330.1:824.7,331.1:828.2,332.2:831.5,333.2:834.5,334.2:837.7,335.3:842.2,336.2:846.2,337.3:849.5,338.3:853.2,339.3:859.5,340.3:866.0,341.4:871.5,342.4:876.0,343.5:881.7,344.5:889.5,345.4:897.5,346.5:904.7,347.5:911.7,348.6:921.2,349.6:931.0,350.6:941.0,351.7:951.5,
352.9:785.7,354.0:794.0,355.0:803.0,356.0:812.7,356.9:824.5,357.9:836.5,359.0:848.0,359.9:860.5,1.0:872.5,1.9:884.7,3.0:900.7,4.0:916.7,5.0:931.0,6.0:946.7,7.0:963.7,8.0:982.2,8.9:1004.2,10.0:1016.5,11.0:1009.7,18.6:0.0,19.7:0.0,20.7:0.0,15.3:0.0,22.7:0.0,23.8:0.0,24.8:0.0,19.4:0.0,20.4:914.5,21.6:907.7,22.6:900.0,23.5:894.5,24.7:888.2,25.7:882.2,26.7:877.2,27.7:872.5,28.7:867.5,29.8:862.0,30.9:857.5,31.8:854.0,33.0:850.5,34.0:847.0,35.0:843.5,36.1:840.7,37.2:839.0,38.2:838.5,39.3:836.7,40.3:836.0,47.5:0.0,48.6:0.0,49.6:0.0,50.6:0.0,51.7:0.0,45.7:0.0,46.7:1499.2,47.7:1501.2,48.8:1502.2,49.8:1504.2,50.8:1505.0,51.8:1502.7,52.9:1503.2,53.9:1509.0,55.0:1515.0,55.9:1518.2,57.0:1524.0,58.0:1530.5,59.0:1534.7,60.0:1540.0,61.0:1544.0,62.1:1552.7,63.1:1568.0,64.1:1585.7,65.2:1593.7,66.2:1596.0,67.2:1607.0,68.2:1617.2,69.2:1626.5,70.2:1639.2,71.3:1652.7,72.3:1667.7,73.3:1683.2,74.3:1697.7,75.3:1713.7,76.4:1733.0,77.4:1754.5,78.4:1776.7,79.4:1797.5,87.7:0.0,88.7:0.0,89.7:0.0,90.7:0.0,91.7:0.0,92.8:0.0,86.7:0.0,94.8:0.0,95.9:0.0,89.8:1628.5,97.9:0.0,99.0:0.0,100.0:0.0,101.0:0.0,102.0:0.0,103.1:0.0,104.1:0.0,105.1:0.0,106.1:0.0,107.2:0.0,108.2:0.0,109.2:0.0,110.3:0.0,104.0:0.0,112.3:0.0,113.3:0.0,114.4:0.0,115.4:0.0,109.2:0.0,110.2:1893.5,111.3:1884.7,119.5:0.0,113.3:1861.7,114.4:1835.5,122.6:0.0,116.4:1815.7,117.5:1797.7,118.5:1788.2,119.5:1779.5,120.5:1767.2,121.5:1758.0,122.6:1752.7,123.7:1746.7,124.7:1740.5,125.7:1732.5,126.7:1725.0,127.8:1719.7,128.8:1716.5,129.8:1714.5,130.9:1712.0,132.0:1707.2,133.0:1703.5,134.0:1701.2,135.0:1701.2,136.1:1699.2,137.1:1698.0,138.1:1700.2,139.1:1700.0,140.2:1702.0,141.2:1703.5,142.2:1707.0,143.2:1712.7,144.3:1715.2,145.3:1718.0,146.3:1726.2,147.4:1730.5,148.4:1736.5,149.4:1748.0,150.5:1750.7,158.7:0.0,152.5:1776.7,153.5:1802.0,161.7:0.0,162.8:0.0,163.9:0.0,164.9:0.0,165.9:0.0,167.0:0.0,168.0:0.0,169.0:0.0,163.3:0.0,164.3:1180.0,165.4:1184.0,166.4:1187.0,174.2:0.0,175.2:0.0,176.2:0.0,177.3:0.0,178.3:0.0,179.3:0.0,180.4:0.0,181.4:0.0,182.4:0.0,183.5:0.0,184.5:0.0,185.5:0.0,186.6:0.0,187.6:0.0,188.7:0.0,189.7:0.0,190.7:0.0,191.8:0.0,192.8:0.0,193.8:0.0,194.9:0.0,195.9:0.0,196.9:0.0,198.0:0.0,199.0:0.0,200.0:0.0,201.1:0.0,195.3:0.0,196.5:1102.7,197.5:1089.7,205.2:0.0,206.2:0.0,207.2:0.0,201.7:0.0,202.7:1039.2,203.7:1031.0,204.9:1024.7,205.8:1017.2,206.9:1011.0,207.9:1005.5,209.0:1000.2,210.1:992.5,211.1:984.2,212.1:982.2,213.1:979.7,214.3:973.2,215.3:968.5,216.3:965.2,217.3:960.7,218.4:958.2,219.5:955.2,220.5:951.7,221.5:950.7,222.5:950.2,223.5:948.7,224.6:947.2,225.7:947.2,226.7:945.5,227.7:942.7,228.7:943.2,229.7:944.5,230.7:946.2,231.7:948.7,232.7:950.0,233.8:951.2,234.9:952.7,235.8:954.7,236.9:959.2,237.9:961.2,239.0:962.5,240.0:967.0,241.0:972.5,242.0:977.2,243.1:981.0,244.1:986.5,245.1:992.5,246.1:998.5,247.2:1005.0,248.2:1011.5,250.2:0.0,256.8:0.0,252.4:0.0,253.2:603.0,254.3:599.5,261.0:0.0,262.0:0.0,257.5:0.0,258.7:553.0,259.8:550.7,260.7:547.0,261.9:545.7,262.9:542.5,263.9:539.5,265.1:536.7,266.1:534.0,267.1:533.0,268.0:530.5,269.0:527.5,270.3:527.0,271.2:526.2,272.1:525.2,273.3:524.5,274.4:523.2,275.5:522.2,276.3:522.0,277.4:522.0,278.2:522.7,279.4:523.0,280.5:522.0,281.3:521.7,282.5:522.7,283.4:524.2,284.4:525.0,285.6:525.0,286.4:525.7,287.7:527.5,288.5:529.5,289.7:530.5,290.5:533.0,291.5:536.0,292.5:538.5,293.8:540.0,294.6:543.2,295.7:546.5,296.8:548.2,297.7:551.2,298.6:554.7,299.7:559.5,300.8:563.7,301.9:566.5,302.9:572.7,303.9:578.0,304.9:581.7,311.4:0.0,306.8:591.5,313.5:0.0,314.5:0.0,309.7:0.0,310.9:649.5,317.6:0.0,312.7:662.0,319.7:0.0,320.7:0.0,314.2:0.0,315.2:3333.7,318.1:0.0,319.1:658.5,320.0:659.7,321.2:659.0,322.2:659.5,323.2:661.0,324.2:661.7,325.2:662.5,326.3:664.0,327.3:666.0,328.4:667.0,329.3:668.2,330.4:670.5,331.4:673.2,332.3:675.7,333.5:678.5,334.5:682.0,335.5:686.0,336.4:689.2,337.6:693.0,338.5:697.7,339.6:701.7,340.6:705.5,341.6:710.0,342.5:714.5,343.6:720.2,344.7:725.7,345.7:731.7,346.7:739.5,347.7:746.2,348.7:752.7,349.8:760.0,350.7:768.5,351.8:777.2,
353.7:614.5,354.9:622.2,355.7:630.0,356.7:637.0,357.7:645.0,358.9:655.2,359.9:664.5,0.8:674.0,1.7:684.7,2.8:695.7,3.7:707.0,4.8:717.7,5.8:730.7,6.8:745.2,7.7:759.0,8.8:774.0,9.8:788.5,10.7:804.5,11.8:826.2,12.7:834.7,13.9:824.7,14.8:815.2,16.0:806.5,23.1:0.0,18.0:794.5,19.0:782.5,20.1:773.7,21.1:767.0,22.1:762.5,23.3:757.5,24.3:751.7,25.3:746.0,26.3:741.2,27.5:737.2,28.5:732.0,29.4:728.5,30.5:726.2,31.6:722.7,32.6:720.5,33.7:716.2,34.8:712.2,35.8:710.7,36.8:708.2,37.9:705.7,38.9:703.5,39.9:703.2,40.9:702.5,42.1:699.7,43.1:698.5,44.1:699.0,45.2:698.2,46.1:697.0,47.2:697.7,48.3:696.0,49.3:696.7,50.2:702.7,57.3:0.0,58.3:0.0,59.3:0.0,60.4:0.0,54.5:0.0,55.5:1378.0,56.5:1380.2,57.5:1385.0,58.6:1391.0,59.5:1398.5,60.6:1407.5,61.6:1416.7,62.6:1424.0,63.7:1429.0,64.6:1437.2,65.7:1446.2,66.7:1453.0,67.8:1463.5,68.8:1475.0,69.8:1489.5,70.8:1511.5,71.8:1524.5,72.8:1529.7,73.9:1542.0,74.9:1557.2,75.9:1574.7,76.9:1589.7,78.0:1602.7,79.0:1621.0,80.0:1641.7,81.0:1662.5,82.0:1684.7,83.0:1707.2,84.0:1729.5,85.0:1755.5,86.0:1787.5,94.3:0.0,95.3:0.0,96.3:0.0,97.3:0.0,98.4:0.0,99.4:0.0,93.3:0.0,101.5:0.0,102.5:0.0,103.5:0.0,104.5:0.0,105.6:0.0,106.6:0.0,107.6:0.0,108.7:0.0,109.7:0.0,110.7:0.0,111.7:0.0,105.5:0.0,113.8:0.0,107.5:0.0,108.6:2112.0,116.9:0.0,117.9:0.0,111.6:2052.0,112.7:2017.0,113.7:2010.5,114.7:2003.2,115.8:1989.2,116.8:1972.7,117.9:1955.7,118.9:1937.5,119.9:1923.5,120.9:1911.0,122.0:1900.2,123.0:1894.7,124.0:1888.5,125.1:1880.0,126.1:1871.0,127.1:1865.2,128.2:1861.2,129.2:1856.5,130.2:1852.2,131.3:1851.7,132.3:1848.7,133.4:1845.0,134.4:1847.2,135.5:1846.5,136.5:1841.5,137.5:1840.0,138.5:1840.2,139.6:1841.0,140.6:1842.5,141.6:1842.2,142.6:1848.5,143.7:1853.0,144.7:1854.2,145.7:1862.0,146.8:1867.2,147.8:1870.2,148.8:1879.5,149.8:1889.0,150.9:1896.0,151.9:1911.5,152.9:1920.2,154.0:1939.0,155.0:1968.2,156.1:1982.0,164.4:0.0,165.4:0.0,166.4:0.0,167.5:0.0,168.5:0.0,169.5:0.0,163.6:0.0,171.6:0.0,165.7:1367.7,166.7:1362.7,167.8:1367.5,168.8:1372.2,176.8:0.0,177.8:0.0,178.8:0.0,179.9:0.0,180.9:0.0,181.9:0.0,183.0:0.0,184.0:0.0,185.0:0.0,186.0:0.0,187.0:0.0,188.1:0.0,189.1:0.0,190.1:0.0,191.2:0.0,192.2:0.0,193.2:0.0,187.3:1381.0,195.3:0.0,196.3:0.0,197.4:0.0,198.4:0.0,199.4:0.0,200.5:0.0,201.5:0.0,202.5:0.0,203.5:0.0,204.6:0.0,205.6:0.0,206.6:0.0,200.9:0.0,201.9:1186.5,203.0:1178.0,204.0:1167.2,205.1:1156.7,206.2:1147.7,213.9:0.0,208.3:1139.7,209.3:1128.2,210.3:1120.2,211.4:1111.7,212.5:1105.2,213.5:1102.0,214.5:1098.5,215.6:1095.2,216.6:1090.2,217.6:1085.0,218.7:1080.0,219.7:1077.2,220.7:1075.5,221.8:1075.0,222.8:1075.5,223.9:1074.5,224.9:1072.5,225.9:1070.0,227.0:1068.5,228.0:1069.0,229.0:1070.0,230.0:1072.5,231.1:1075.0,232.1:1074.7,233.2:1074.7,234.2:1075.7,241.9:0.0,242.9:0.0,243.9:0.0,245.0:0.0,246.0:0.0,247.0:0.0,248.1:0.0,243.6:0.0,250.1:0.0,251.2:0.0,252.2:0.0,253.2:0.0,254.2:0.0,255.3:0.0,251.0:0.0,251.9:548.2,252.9:543.0,259.4:0.0,255.2:535.2,256.3:529.2,257.2:526.2,258.2:522.5,259.4:519.5,260.3:514.7,261.4:511.5,262.5:508.7,263.6:505.2,264.7:503.5,265.8:501.7,266.6:500.5,267.6:498.0,268.7:496.0,269.7:496.0,270.7:494.5,272.1:492.2,273.1:490.2,273.9:490.2,275.1:490.2,275.9:489.2,276.9:489.5,278.1:489.5,279.1:489.2,279.9:489.2,281.1:490.0,282.2:490.7,283.0:491.2,284.2:491.7,285.3:493.0,286.1:494.7,287.1:496.2,288.3:497.0,289.3:498.2,290.3:501.2,296.4:0.0,297.4:0.0,293.0:0.0,294.1:538.7,295.1:540.2,296.1:543.0,297.3:546.7,303.5:0.0,304.6:0.0,305.6:0.0,306.7:0.0,300.2:0.0,301.3:0.0,304.5:0.0,305.5:528.2,306.8:526.2,307.7:524.2,308.9:522.0,310.0:519.5,311.0:518.0,312.0:517.0,313.0:515.7,313.9:515.0,315.1:514.2,315.9:513.5,317.0:512.5,318.0:512.2,319.2:512.0,320.3:511.7,321.2:512.0,322.4:512.2,323.2:512.5,324.2:513.2,325.4:514.2,326.4:514.7,327.6:515.2,328.4:516.5,329.4:518.2,330.6:519.5,331.6:521.0,332.5:523.0,333.7:525.5,334.7:528.0,335.5:530.5,336.6:533.2,337.6:535.7,338.7:538.7,339.7:542.0,340.8:545.2,341.6:548.7,342.7:552.5,343.6:557.7,344.7:562.7,345.8:567.0,346.9:572.0,347.8:577.5,348.8:582.2,349.8:587.7,350.9:593.7,351.8:600.5,352.9:607.5,
354.1:430.0,355.0:435.2,356.2:441.0,357.1:447.0,357.9:453.0,358.9:459.0,0.0:465.7,1.1:472.2,2.0:479.2,2.8:487.5,3.9:495.0,4.7:503.2,5.9:512.0,6.8:521.2,7.9:531.5,8.8:541.0,9.7:552.5,10.7:564.2,11.8:575.7,12.7:588.0,13.7:600.5,14.5:615.5,15.5:632.5,16.7:645.0,17.6:644.5,18.7:638.0,19.9:633.2,20.8:626.5,21.8:620.0,22.9:615.2,24.0:610.0,25.1:604.7,26.1:601.2,27.2:598.5,28.3:594.0,29.3:590.0,30.2:587.7,31.4:585.0,32.4:582.5,33.2:580.5,34.4:578.0,35.5:575.5,36.5:573.7,37.6:572.7,38.7:571.7,39.5:570.2,40.6:568.5,41.8:568.0,42.6:567.7,43.8:566.5,44.8:566.2,45.9:566.0,46.7:565.5,47.9:566.0,49.0:566.2,50.0:566.7,51.0:567.0,51.9:567.0,53.0:568.5,54.0:569.7,55.0:570.5,56.2:572.2,57.1:574.5,58.1:576.2,59.1:577.5,60.3:580.0,61.1:582.7,62.2:583.5,63.1:590.0,64.2:595.0,65.3:598.2,71.8:0.0,72.8:0.0,73.9:0.0,68.0:0.0,69.0:1329.0,70.0:1339.2,71.1:1348.7,72.0:1360.5,73.1:1371.5,74.1:1384.5,75.1:1400.0,76.2:1415.5,77.1:1431.5,78.2:1455.5,79.2:1472.2,80.2:1483.0,81.2:1500.2,82.2:1519.7,83.2:1540.7,84.2:1564.2,85.3:1586.7,86.3:1604.5,87.3:1627.0,88.3:1653.0,89.3:1682.5,90.3:1712.0,91.4:1743.2,92.3:1774.7,100.6:0.0,101.6:0.0,102.6:0.0,103.7:0.0,104.7:0.0,105.7:0.0,106.7:0.0,100.6:0.0,108.8:0.0,102.7:0.0,110.8:0.0,111.9:0.0,112.9:0.0,113.9:0.0,115.0:0.0,116.0:0.0,117.0:0.0,110.7:0.0,119.1:0.0,112.7:2164.2,113.8:2168.2,114.8:2139.7,123.2:0.0,116.9:2123.2,117.9:2101.2,119.0:2087.5,120.0:2077.5,121.0:2067.5,122.1:2055.7,123.1:2049.0,124.1:2045.5,125.1:2035.7,126.2:2028.7,127.2:2024.2,128.2:2014.0,129.2:2007.0,130.3:2004.2,131.3:1998.5,132.4:1995.2,133.4:1993.7,134.4:1987.7,135.5:1989.7,136.5:1993.2,137.5:1993.2,138.5:1996.7,139.6:1997.2,140.6:1996.0,141.6:1999.5,142.6:2004.0,143.7:2004.2,144.7:2011.0,145.7:2014.2,146.7:2017.5,147.8:2031.5,148.8:2038.5,149.8:2040.7,150.9:2046.0,151.9:2053.2,152.9:2063.2,153.9:2075.0,155.0:2082.5,156.1:2089.2,157.1:2124.7,165.5:0.0,166.5:0.0,167.5:0.0,168.5:0.0,169.6:0.0,170.6:0.0,171.6:0.0,172.7:0.0,166.6:0.0,167.7:1560.7,168.7:1561.0,169.7:1562.5,177.8:0.0,171.8:1584.5,172.8:1611.2,173.8:1629.0,182.0:0.0,183.0:0.0,184.0:0.0,185.1:0.0,186.1:0.0,187.1:0.0,188.1:0.0,189.2:0.0,190.2:0.0,184.1:1639.2,192.3:0.0,193.3:0.0,194.3:0.0,195.3:0.0,196.4:0.0,197.4:0.0,198.4:0.0,199.5:0.0,200.5:0.0,201.5:0.0,202.6:0.0,203.6:0.0,197.6:0.0,205.7:0.0,206.7:0.0,207.7:0.0,208.7:0.0,209.8:0.0,210.9:0.0,205.0:0.0,206.1:1290.0,207.1:1275.2,208.2:1268.5,209.2:1265.5,210.2:1259.5,211.2:1251.0,212.3:1242.7,213.4:1237.2,221.2:0.0,222.2:0.0,216.5:1224.0,217.5:1213.7,218.5:1212.5,219.5:1210.7,220.5:1208.5,221.7:1205.7,222.6:1205.7,223.7:1206.5,231.5:0.0,232.5:0.0,233.6:0.0,234.6:0.0,235.6:0.0,236.6:0.0,237.7:0.0,238.7:0.0,239.7:0.0,240.7:0.0,241.8:0.0,242.8:0.0,238.4:0.0,244.9:0.0,245.9:0.0,246.9:0.0,248.0:0.0,249.0:0.0,250.0:0.0,251.0:0.0,252.1:0.0,253.1:0.0,254.1:0.0,250.1:0.0,251.1:516.5,252.2:510.7,258.3:0.0,254.2:504.2,255.1:499.2,256.4:495.2,257.5:490.7,258.4:487.7,259.5:484.7,260.7:481.0,261.7:477.7,262.6:476.2,263.8:474.2,264.9:472.7,265.8:471.5,266.9:467.7,268.0:465.5,268.8:466.2,274.8:0.0,275.8:0.0,271.7:0.0,273.0:490.5,274.0:488.0,274.8:486.2,276.1:486.5,277.2:486.7,277.8:488.0,279.0:487.5,285.0:0.0,286.0:0.0,287.0:0.0,288.0:0.0,284.5:0.0,285.6:438.5,286.5:433.0,287.6:427.5,288.6:422.5,289.9:417.7,290.9:412.7,292.1:408.2,293.1:403.5,293.8:399.7,295.0:397.0,296.0:393.2,297.4:389.2,298.2:386.5,299.6:383.7,300.4:381.2,301.2:379.0,302.5:376.5,303.6:374.0,304.9:371.7,305.7:370.2,306.7:368.2,308.1:366.5,309.0:365.2,310.2:363.7,311.1:362.5,311.9:361.5,313.1:360.5,314.4:359.5,315.0:358.5,316.0:357.7,317.0:357.5,318.2:357.0,319.3:356.7,320.5:357.0,321.4:357.0,322.5:357.0,323.4:357.7,324.5:358.0,325.7:357.7,326.6:358.7,327.3:359.7,328.4:360.5,329.8:361.5,330.8:362.5,331.4:364.0,332.4:365.5,333.5:367.0,334.6:368.5,335.6:370.0,336.6:372.0,337.6:373.7,338.4:376.0,339.6:378.5,340.8:380.7,341.9:383.0,342.5:386.5,343.5:389.5,344.8:391.7,345.6:395.2,346.6:398.5,347.6:401.7,348.7:405.7,349.8:409.7,350.5:413.7,351.7:418.5,352.7:423.0,353.8:427.7,
353.3:805.2,354.3:801.0,355.4:795.5,356.5:793.0,357.4:790.7,358.4:785.0,359.5:781.7,0.5:780.2,1.7:777.7,2.5:775.0,3.6:773.2,4.6:772.5,5.8:770.5,6.8:767.0,7.8:767.0,8.9:765.7,9.8:765.5,10.8:769.0,18.0:0.0,19.1:0.0,20.1:0.0,21.1:0.0,15.1:0.0,16.2:1438.7,17.2:1437.7,18.2:1439.7,19.3:1444.0,20.3:1446.5,21.3:1448.5,22.3:1451.0,23.4:1453.5,24.4:1457.5,25.4:1465.0,26.5:1473.5,27.5:1480.2,28.5:1487.0,29.5:1495.5,30.6:1504.5,31.6:1514.2,32.6:1531.0,33.6:1548.0,34.6:1553.7,35.7:1558.7,36.7:1572.5,37.7:1586.7,38.8:1602.2,39.8:1615.7,40.8:1626.5,41.8:1642.2,42.8:1659.2,43.9:1676.2,44.9:1697.5,45.9:1720.7,46.9:1740.0,48.0:1763.0,49.0:1786.5,57.2:0.0,58.2:0.0,59.3:0.0,60.3:0.0,61.3:0.0,62.4:0.0,56.3:0.0,64.4:0.0,65.5:0.0,59.3:1628.5,67.5:0.0,68.5:0.0,69.5:0.0,70.6:0.0,71.6:0.0,72.6:0.0,73.7:0.0,74.7:0.0,75.7:0.0,76.7:0.0,77.8:0.0,78.8:0.0,79.8:0.0,73.6:0.0,81.9:0.0,75.7:2014.0,76.7:1988.7,85.0:0.0,78.8:1956.5,87.0:0.0,80.8:1918.5,81.8:1894.7,90.1:0.0,83.9:1879.5,84.9:1862.5,85.9:1848.7,87.0:1838.5,88.0:1833.7,89.0:1826.5,90.0:1818.7,91.1:1810.7,92.1:1805.5,93.2:1798.2,94.2:1790.5,95.2:1790.0,96.3:1782.2,97.2:1774.2,98.3:1775.7,99.3:1774.5,100.4:1769.7,101.3:1771.2,102.4:1775.2,103.4:1774.7,104.4:1774.7,105.5:1774.7,106.5:1776.2,107.5:1779.2,108.6:1782.2,109.6:1783.0,110.6:1783.5,111.7:1790.2,112.7:1797.5,113.7:1802.0,114.7:1805.7,115.8:1810.2,116.8:1819.5,117.8:1829.5,118.8:1838.0,119.8:1859.2,120.8:1882.2,129.1:0.0,130.2:0.0,131.2:0.0,132.2:0.0,133.2:0.0,134.3:0.0,135.3:0.0,136.3:0.0,130.5:0.0,131.6:1267.0,132.6:1269.7,140.5:0.0,141.5:0.0,142.5:0.0,143.6:0.0,144.6:0.0,145.6:0.0,146.7:0.0,147.7:0.0,148.7:0.0,149.7:0.0,150.8:0.0,151.8:0.0,152.8:0.0,153.9:0.0,154.9:0.0,155.9:0.0,157.0:0.0,158.0:0.0,159.0:0.0,160.0:0.0,161.1:0.0,162.2:0.0,163.2:0.0,164.2:0.0,165.3:0.0,166.3:0.0,167.3:0.0,168.4:0.0,162.6:0.0,170.4:0.0,171.5:0.0,172.5:0.0,173.5:0.0,167.8:0.0,168.9:1106.5,169.9:1100.7,171.0:1091.0,172.0:1081.5,173.1:1075.0,174.1:1069.7,181.8:0.0,176.2:1061.2,177.3:1053.2,178.3:1048.0,179.4:1041.7,180.2:1036.0,181.3:1033.2,182.3:1033.2,183.4:1028.2,184.4:1023.0,185.4:1019.7,186.5:1017.0,187.5:1016.2,188.5:1014.5,189.6:1013.7,190.7:1013.5,191.6:1009.7,192.6:1009.7,193.7:1011.7,194.7:1010.5,195.7:1010.0,196.8:1010.5,197.8:1013.5,198.9:1015.7,199.8:1016.7,200.9:1017.0,201.9:1019.2,202.9:1021.7,204.1:1022.7,205.0:1028.0,206.1:1033.7,207.1:1036.5,214.8:0.0,210.0:0.0,216.8:0.0,212.2:635.5,218.9:0.0,220.0:0.0,221.0:0.0,222.0:0.0,223.0:0.0,218.7:0.0,225.1:0.0,220.8:554.5,221.8:547.7,222.8:545.2,224.1:542.7,225.0:537.7,226.1:534.2,227.0:531.2,228.1:528.7,229.3:526.5,230.2:525.2,231.3:521.7,232.4:518.0,233.3:516.5,234.2:515.0,235.4:512.7,236.4:510.7,237.4:510.2,238.5:510.0,239.6:508.0,240.6:506.2,241.6:506.2,242.6:505.2,243.8:505.5,244.7:505.7,245.8:506.2,246.8:506.7,247.8:506.2,248.8:507.2,250.0:507.7,250.8:507.7,252.0:510.0,253.1:512.5,253.8:513.5,254.9:515.0,256.0:517.5,257.1:519.2,258.0:520.2,258.9:521.5,260.0:524.5,261.2:527.5,262.2:530.0,263.0:533.5,264.0:535.7,265.2:538.2,266.2:543.2,272.5:0.0,273.5:0.0,268.9:0.0,270.1:590.5,271.1:593.2,277.7:0.0,278.7:0.0,279.7:0.0,280.7:0.0,274.2:0.0,275.1:3281.0,278.3:0.0,279.2:590.0,280.3:590.2,281.3:589.7,282.4:588.7,283.3:587.5,284.3:587.2,285.5:587.2,286.4:586.7,287.3:587.5,288.5:588.5,289.4:588.2,290.5:588.0,291.5:589.2,292.5:590.5,293.5:592.0,294.7:593.2,295.5:593.7,296.5:596.0,297.5:598.7,298.5:601.0,299.6:602.7,300.9:606.0,301.7:609.5,302.8:612.5,303.9:615.2,304.9:618.5,305.8:623.0,306.9:627.2,308.0:631.2,308.8:635.5,309.9:640.0,311.0:645.0,311.9:650.5,312.9:656.5,313.9:662.5,315.0:668.7,315.9:675.5,317.0:682.0,318.0:689.0,319.0:697.0,319.9:705.0,321.0:713.5,321.9:722.7,322.9:732.5,324.0:742.0,325.0:752.0,326.0:763.0,326.9:774.0,328.0:786.0,329.0:798.0,330.0:810.5,331.0:824.7,332.0:839.5,333.0:854.5,334.0:870.5,334.9:887.7,336.0:908.7,343.4:0.0,338.1:917.7,339.0:910.2,340.1:900.7,341.2:891.0,348.6:0.0,343.3:877.0,344.4:863.5,345.4:854.0,346.4:845.0,347.5:837.7,348.5:830.5,349.6:823.7,350.6:818.0,351.6:814.2,
353.3:607.0,354.4:602.7,355.5:600.5,356.5:595.5,357.4:593.0,358.7:591.0,359.5:587.2,0.7:584.7,1.7:582.7,2.6:582.0,3.9:580.5,4.7:579.0,5.9:578.5,6.7:578.2,8.0:577.5,9.0:576.7,9.8:574.5,10.9:573.7,12.1:575.0,13.1:574.7,14.0:576.0,20.6:0.0,21.6:0.0,22.6:0.0,23.7:0.0,24.7:0.0,25.7:0.0,19.9:0.0,21.0:1257.5,21.9:1259.0,23.0:1262.0,24.0:1267.2,25.0:1271.2,26.0:1276.2,27.1:1282.0,28.2:1286.7,29.1:1294.0,30.2:1301.2,31.2:1307.0,32.2:1315.0,33.3:1322.5,34.3:1332.7,35.3:1346.0,36.4:1356.2,37.3:0.0,38.4:1401.0,39.4:1398.5,40.4:1409.0,41.4:1423.0,42.5:1435.7,43.5:1451.5,44.5:1471.5,45.6:1489.7,46.6:1506.7,47.6:1525.5,48.6:1547.5,49.6:1571.2,50.6:1590.7,51.6:1609.0,52.7:1632.7,53.7:1660.0,61.9:0.0,62.9:0.0,63.9:0.0,65.0:0.0,66.0:0.0,67.0:0.0,68.0:0.0,62.0:0.0,70.1:0.0,71.1:0.0,65.1:1541.7,73.2:0.0,74.2:0.0,75.2:0.0,76.3:0.0,77.3:0.0,78.3:0.0,79.4:0.0,80.4:0.0,74.1:0.0,82.5:0.0,76.2:2036.0,77.2:2040.0,78.3:2011.7,79.3:2001.5,87.6:0.0,81.4:1971.2,82.4:1944.7,83.4:1928.5,84.4:1908.7,85.5:1897.5,86.5:1889.5,87.5:1880.7,88.5:1874.0,89.6:1867.2,90.6:1859.7,91.6:1853.2,92.6:1844.0,93.7:1836.5,94.7:1833.0,95.7:1832.5,96.7:1832.5,97.8:1826.5,98.8:1820.2,99.9:1820.5,100.9:1820.2,101.9:1819.0,103.0:1820.0,104.0:1820.5,105.0:1819.5,106.0:1821.7,107.0:1825.0,108.1:1826.0,109.1:1826.0,110.1:1830.5,111.2:1838.7,112.2:1843.2,113.2:1849.0,114.2:1852.5,115.2:1857.0,116.3:1862.7,117.3:1869.2,118.3:1881.5,119.3:1893.7,120.4:1905.0,121.3:1918.2,122.3:1930.2,130.6:0.0,124.4:1967.2,125.4:1999.5,133.7:0.0,134.7:0.0,135.8:0.0,136.8:0.0,137.8:0.0,138.9:0.0,140.0:0.0,141.0:0.0,142.0:0.0,136.1:0.0,137.2:1406.5,145.1:0.0,146.1:0.0,147.2:0.0,148.2:0.0,149.2:0.0,150.3:0.0,151.3:0.0,152.3:0.0,153.4:0.0,154.4:0.0,155.4:0.0,156.4:0.0,157.5:0.0,151.4:0.0,159.5:0.0,160.5:0.0,161.6:0.0,162.7:0.0,163.7:0.0,164.7:0.0,165.8:0.0,166.8:0.0,167.8:0.0,161.9:0.0,163.0:1381.2,170.9:0.0,172.0:0.0,173.0:0.0,174.0:0.0,175.0:0.0,176.1:0.0,177.1:0.0,171.3:0.0,172.3:1277.7,173.4:1271.0,174.4:1263.0,175.5:1255.5,176.5:1250.0,177.5:1245.7,178.5:1240.0,186.3:0.0,187.4:0.0,181.6:1225.0,182.7:1212.0,183.6:1208.0,184.6:1206.2,185.7:1205.5,186.7:1203.7,187.8:1203.5,188.8:1201.0,189.9:1197.7,190.8:1196.2,191.9:1195.2,193.0:1194.2,193.9:1194.5,195.0:1195.5,196.0:1196.2,197.1:1195.7,198.0:1197.7,199.0:1201.0,200.1:1204.0,207.9:0.0,208.9:0.0,210.1:0.0,211.1:0.0,212.2:0.0,213.2:0.0,214.2:0.0,209.4:0.0,210.4:705.7,211.3:703.7,218.3:0.0,213.5:0.0,220.4:0.0,221.5:0.0,216.7:0.0,217.8:655.2,218.7:652.7,219.9:646.5,221.0:639.2,221.9:634.7,223.1:629.7,224.1:624.7,225.2:620.0,226.0:616.5,227.2:614.0,228.3:611.5,229.2:609.5,230.2:606.0,231.4:601.5,232.4:599.5,233.3:598.0,234.4:595.7,235.4:593.7,236.6:592.5,237.5:591.5,238.7:590.5,239.7:589.0,240.7:587.7,241.7:587.7,242.7:587.2,243.7:587.5,244.9:588.5,245.7:588.0,246.9:588.5,253.4:0.0,248.7:0.0,249.9:620.0,251.0:620.0,251.9:620.2,252.9:621.0,253.9:624.0,255.0:630.5,261.6:0.0,262.7:0.0,256.1:0.0,259.2:0.0,260.2:589.0,261.3:584.5,262.4:579.0,263.3:575.0,264.5:570.7,265.4:566.7,266.5:564.0,267.6:560.2,268.7:555.7,269.6:552.2,270.8:549.5,271.7:547.2,272.8:545.0,274.0:542.2,274.9:540.2,276.0:538.5,276.7:536.5,277.8:535.0,278.8:533.2,280.0:532.5,280.9:531.7,282.1:531.0,282.9:530.2,283.9:529.5,285.1:528.7,286.2:528.2,287.0:529.2,288.2:529.7,289.2:529.5,290.2:530.0,291.1:531.5,292.3:532.5,293.3:533.2,294.3:535.0,295.3:535.5,296.2:536.0,297.3:538.5,298.2:541.2,299.4:543.5,300.4:545.2,301.5:548.5,302.5:552.2,303.5:555.2,304.5:558.5,305.5:562.0,306.5:565.2,307.6:568.5,308.6:573.0,309.7:577.2,310.6:581.0,311.7:586.0,312.6:591.0,313.6:596.0,314.5:602.5,315.7:609.2,316.5:615.7,317.6:622.2,318.6:629.2,319.6:636.0,320.6:643.0,321.7:651.0,322.6:659.7,323.6:668.7,324.7:677.5,325.6:687.7,326.6:697.7,327.6:708.0,328.7:719.2,329.5:732.0,330.6:747.2,337.7:0.0,338.7:0.0,339.7:0.0,340.8:0.0,341.8:0.0,342.8:0.0,343.9:0.0,344.9:0.0,345.9:0.0,347.0:0.0,348.0:0.0,343.2:0.0,344.2:648.5,345.2:641.7,346.4:636.7,347.4:631.2,348.4:625.7,349.6:621.7,350.5:616.7,351.7:612.5,352.6:608.7,
354.7:403.2,355.4:401.0,356.7:399.0,357.3:397.7,358.6:397.0,359.6:394.5,0.6:392.2,1.8:391.0,3.0:389.5,3.8:389.2,4.9:388.7,5.9:387.7,7.0:386.5,8.2:385.2,9.2:384.7,10.2:384.5,11.1:384.0,12.4:384.0,13.3:384.5,14.2:384.5,15.2:384.5,16.2:385.2,17.2:387.2,18.5:385.5,19.1:385.7,20.3:391.2,21.3:393.5,26.6:0.0,27.6:0.0,28.7:0.0,29.7:0.0,30.7:0.0,31.8:0.0,32.8:0.0,33.8:0.0,28.1:0.0,29.2:1103.7,30.3:1109.0,31.3:1116.7,32.3:1122.5,33.2:1127.2,34.4:1136.5,35.4:1146.0,36.4:1153.5,37.4:1163.5,38.4:1173.5,39.4:1182.7,40.5:1193.5,41.5:1207.0,42.4:0.0,43.5:1256.0,44.5:1254.5,45.6:1264.5,46.6:1278.5,47.5:1293.0,48.6:1308.7,49.7:1329.7,50.7:1349.7,51.6:1366.5,52.7:1386.2,53.7:1408.2,54.7:1431.2,55.7:1457.7,56.7:1486.5,57.7:1512.2,58.7:1539.7,66.8:0.0,67.8:0.0,68.8:0.0,69.9:0.0,63.9:1540.5,71.9:0.0,73.0:0.0,74.0:0.0,75.0:0.0,76.0:0.0,77.1:0.0,71.1:1513.5,79.1:0.0,80.2:0.0,81.2:0.0,82.2:0.0,83.2:0.0,84.3:0.0,85.3:0.0,86.3:0.0,80.1:0.0,81.1:2029.2,82.2:2013.7,83.1:1984.2,84.2:1971.0,85.2:1959.7,86.3:1943.2,87.3:1931.5,88.3:1928.5,89.3:1919.0,90.4:1913.5,91.4:1909.5,92.4:1898.2,93.4:1888.0,94.5:1882.2,95.5:1875.2,96.5:1864.7,97.6:1862.0,98.6:1862.2,99.6:1861.2,100.6:1859.5,101.7:1858.0,102.7:1857.5,103.7:1858.2,104.8:1858.7,105.8:1858.7,106.8:1861.0,107.8:1863.2,108.8:1868.2,109.9:1877.2,110.9:1882.7,111.9:1885.7,112.9:1893.2,114.0:1905.2,115.0:1912.0,116.0:1918.7,117.0:1928.7,118.1:1933.2,119.1:1945.0,120.1:1959.2,121.1:1968.7,122.2:1984.2,123.2:1997.7,124.2:2005.0,125.2:2019.7,126.3:2037.7,134.6:0.0,128.3:2070.7,136.6:0.0,137.7:0.0,138.7:0.0,139.8:0.0,140.8:0.0,141.8:0.0,142.9:0.0,143.9:0.0,144.9:0.0,145.9:0.0,147.0:0.0,140.9:0.0,141.9:1560.5,150.1:0.0,151.1:0.0,145.0:0.0,153.1:0.0,154.2:0.0,155.2:0.0,156.2:0.0,157.3:0.0,158.3:0.0,159.3:0.0,160.3:0.0,161.4:0.0,162.5:0.0,163.5:0.0,164.6:0.0,165.6:0.0,166.6:0.0,167.7:0.0,161.6:1618.0,162.6:1607.5,170.7:0.0,171.8:0.0,165.8:0.0,173.8:0.0,167.8:1543.7,168.9:1526.5,169.9:1511.0,171.0:1498.2,179.0:0.0,180.0:0.0,181.1:0.0,175.1:1473.7,183.1:0.0,184.2:0.0,178.2:1440.7,179.3:1420.5,180.3:1413.0,181.4:1409.7,182.4:1407.2,183.4:1401.7,184.5:1395.0,185.5:1391.5,186.5:1391.2,187.6:1389.5,188.6:1385.7,189.6:1383.5,190.7:1383.0,191.7:1382.5,192.7:1382.5,193.8:1382.2,194.8:1385.2,195.8:1385.7,196.9:1388.5,204.8:0.0,205.9:0.0,206.9:0.0,208.0:0.0,209.0:0.0,210.1:0.0,211.1:0.0,212.1:0.0,213.2:0.0,214.2:0.0,215.2:0.0,216.3:0.0,217.3:0.0,212.2:0.0,219.4:0.0,214.2:770.5,221.5:0.0,216.4:757.5,217.5:749.2,218.5:741.2,219.7:732.7,220.7:728.2,221.6:724.0,222.7:718.5,223.9:713.0,224.9:705.7,225.9:700.0,226.9:696.7,228.0:695.2,229.0:692.7,230.0:689.2,231.0:686.7,232.1:685.7,239.0:0.0,234.2:696.0,235.2:704.2,236.2:700.2,237.3:700.0,238.4:701.7,239.3:699.5,246.3:0.0,247.3:0.0,242.5:0.0,243.7:641.5,244.6:631.5,245.8:621.2,246.8:611.5,248.0:602.2,248.9:593.0,250.1:584.2,251.0:576.5,252.2:569.7,253.2:563.2,254.4:556.2,255.4:549.5,256.6:543.5,257.5:538.0,258.5:533.0,259.5:528.7,260.7:523.7,261.8:518.5,262.7:514.7,264.0:511.2,265.1:507.5,266.1:503.5,267.1:499.5,268.2:497.0,269.0:494.2,270.0:491.2,271.2:488.5,272.1:486.2,273.3:484.5,274.5:482.5,275.4:480.2,276.5:478.5,277.5:477.2,278.4:476.5,279.6:475.5,280.5:474.5,281.5:474.0,282.6:473.0,283.5:472.2,284.7:472.0,285.5:472.0,286.6:472.5,287.6:473.0,288.9:473.0,289.9:473.0,290.8:474.0,291.8:474.5,292.9:475.5,293.9:477.0,294.9:478.2,296.0:479.7,296.8:481.0,298.0:482.2,299.0:484.5,299.8:486.7,300.9:489.0,302.1:491.2,303.0:494.5,303.9:497.5,305.0:500.0,306.2:503.7,307.1:507.0,308.2:510.2,309.3:513.7,310.1:517.7,311.2:522.2,312.2:527.2,313.3:531.7,314.2:536.0,315.2:541.7,316.3:547.0,317.1:552.7,318.3:559.5,319.1:566.0,320.0:572.5,321.1:580.5,327.7:0.0,328.7:0.0,329.7:0.0,330.8:0.0,331.8:0.0,332.8:0.0,333.9:0.0,334.9:0.0,335.9:0.0,336.9:0.0,338.0:0.0,333.9:0.0,335.1:481.5,341.1:0.0,337.2:472.5,343.1:0.0,344.2:0.0,345.2:0.0,346.2:0.0,342.6:0.0,343.5:436.5,344.5:431.5,345.9:428.0,346.8:424.0,347.9:420.5,348.9:418.0,350.1:414.2,351.0:411.7,352.2:409.5,353.2:406.2,
352.2:1374.5,353.2:1377.7,354.2:1383.5,355.3:1394.0,356.3:1408.0,357.3:1416.7,358.3:1420.5,359.4:1431.5,0.4:1444.5,1.4:1467.7,2.4:1480.0,3.5:1479.2,4.5:1491.7,5.5:1503.5,6.5:1517.2,7.5:1536.2,8.5:1552.7,9.5:1569.0,10.6:1588.0,11.6:1604.7,12.6:1621.2,13.6:1638.7,14.6:1661.5,15.7:1684.7,16.7:1706.2,17.7:1743.0,25.9:0.0,26.9:0.0,28.0:0.0,29.0:0.0,30.0:0.0,31.0:0.0,25.0:0.0,33.1:0.0,27.0:0.0,28.0:1624.2,36.2:0.0,37.2:0.0,38.2:0.0,39.3:0.0,40.3:0.0,41.3:0.0,42.4:0.0,43.5:0.0,44.5:0.0,45.5:0.0,46.6:0.0,47.6:0.0,41.3:0.0,42.4:2016.0,43.4:2003.7,51.7:0.0,45.5:1976.2,46.5:1946.7,47.6:1927.7,48.6:1908.0,49.7:1896.0,50.7:1888.2,51.7:1879.5,52.8:1868.2,53.8:1856.7,54.9:1848.2,55.9:1840.0,56.9:1833.0,57.9:1827.7,58.9:1821.0,59.9:1815.5,61.0:1812.0,62.0:1808.5,63.0:1806.2,64.0:1802.7,65.1:1797.5,66.1:1797.0,67.1:1796.2,68.2:1795.0,69.2:1794.2,70.2:1791.7,71.2:1793.2,72.3:1795.0,73.3:1796.2,74.3:1800.0,75.4:1807.0,76.4:1814.0,77.4:1817.5,78.4:1817.0,79.5:1821.5,80.5:1828.0,81.5:1834.5,82.5:1845.2,83.5:1854.7,84.5:1860.5,85.6:1866.0,86.6:1877.7,87.6:1898.2,88.7:1926.2,96.9:0.0,97.9:0.0,99.0:0.0,100.0:0.0,101.0:0.0,102.0:0.0,103.1:0.0,104.1:0.0,105.1:0.0,106.2:0.0,100.2:0.0,108.2:0.0,109.2:0.0,110.2:0.0,104.3:1355.5,112.3:0.0,113.3:0.0,114.4:0.0,115.4:0.0,116.4:0.0,117.4:0.0,118.5:0.0,119.5:0.0,120.5:0.0,121.5:0.0,122.6:0.0,123.6:0.0,124.6:0.0,125.6:0.0,126.7:0.0,127.7:0.0,128.7:0.0,129.7:0.0,130.8:0.0,131.8:0.0,132.8:0.0,133.8:0.0,134.9:0.0,135.9:0.0,136.9:0.0,138.0:0.0,139.1:0.0,140.1:0.0,141.1:0.0,135.4:0.0,136.4:1198.2,137.4:1187.5,138.5:1178.2,139.5:1170.0,140.5:1162.7,141.6:1156.0,142.6:1151.0,143.6:1147.5,144.7:1141.5,152.4:0.0,153.5:0.0,147.7:1128.7,148.8:1119.7,149.9:1115.5,150.9:1110.0,151.9:1107.5,153.0:1105.5,154.0:1103.7,155.0:1102.2,156.2:1100.5,157.1:1098.5,158.2:1097.2,159.2:1098.5,160.3:1099.5,161.2:1098.0,162.3:1096.2,163.3:1098.5,164.3:1100.7,165.4:1102.7,166.5:1105.7,167.4:1107.0,168.5:1109.5,169.5:1113.7,177.2:0.0,178.2:0.0,179.3:0.0,174.5:0.0,181.3:0.0,176.5:661.2,183.4:0.0,184.4:0.0,179.9:642.7,180.8:628.2,181.9:620.7,182.9:614.5,184.0:608.7,184.9:605.0,186.1:600.2,187.1:594.5,188.0:589.7,189.1:585.7,190.3:582.5,191.2:579.7,192.3:575.2,193.3:571.0,194.3:568.5,195.5:565.2,196.6:561.2,197.4:558.5,198.6:556.5,199.7:555.5,200.6:553.2,201.6:550.7,202.7:550.0,203.6:549.0,204.8:547.5,205.8:546.7,206.8:545.5,208.1:544.7,209.1:544.5,210.0:543.7,211.0:544.7,212.1:545.7,213.3:545.7,214.1:545.7,215.3:545.7,216.2:546.0,217.3:546.7,218.4:548.5,219.3:550.5,220.2:552.2,221.3:555.0,222.3:556.2,228.8:0.0,224.4:0.0,225.2:591.5,226.3:595.0,227.3:597.2,228.4:599.7,229.3:603.5,236.0:0.0,237.0:0.0,238.0:0.0,231.5:0.0,232.5:3384.2,235.6:0.0,236.8:578.7,237.6:576.0,238.8:573.5,239.9:570.7,240.8:569.2,241.8:567.5,242.9:566.0,244.0:563.7,244.9:562.2,246.0:561.0,247.2:559.0,248.1:558.0,249.0:557.5,250.1:557.0,251.1:556.2,252.1:556.2,253.3:556.7,254.4:557.2,255.3:557.0,256.3:557.7,257.4:559.0,258.5:559.7,259.5:560.5,260.4:561.7,261.4:564.0,262.4:565.7,263.6:567.5,264.4:569.5,265.4:571.7,266.5:573.7,267.5:576.7,268.6:579.7,269.7:582.0,270.7:585.0,271.7:589.0,272.7:593.5,273.7:597.2,274.7:600.5,275.7:605.2,276.6:611.0,277.6:615.5,278.6:620.7,279.5:627.2,280.6:633.0,281.7:638.0,282.6:643.7,283.5:651.0,284.5:659.2,285.5:666.7,286.5:674.7,287.5:683.0,288.6:691.5,289.6:701.2,290.6:710.5,291.6:719.7,292.5:730.7,293.5:741.7,294.6:753.2,295.6:765.5,296.4:778.2,297.4:790.7,298.5:804.5,299.4:822.0,306.8:0.0,301.6:829.2,302.7:823.0,303.7:813.0,304.7:803.5,305.7:796.2,306.9:784.0,307.8:773.7,309.0:768.2,316.1:0.0,311.1:758.0,312.1:747.2,313.2:740.5,314.1:736.0,315.3:730.2,316.3:724.0,317.4:719.0,318.4:714.7,319.3:710.2,320.4:704.5,321.5:699.7,322.6:694.7,323.5:691.2,324.5:689.5,325.6:687.5,326.7:686.0,327.8:684.0,328.8:681.0,329.8:677.7,330.8:675.5,331.8:675.7,332.9:674.7,333.9:673.0,335.0:672.5,336.1:671.5,337.0:672.5,338.0:675.0,339.1:676.2,346.0:0.0,347.0:0.0,348.0:0.0,349.0:0.0,343.1:0.0,344.2:1345.7,345.2:1348.0,346.2:1352.5,347.3:1353.2,348.3:1356.7,349.3:1362.7,350.4:1365.2,351.4:1369.7,
352.1:1188.0,353.1:1191.7,354.1:1198.0,355.2:1206.7,356.2:1212.0,357.2:1219.5,358.3:1226.7,359.2:1233.0,0.3:1242.5,1.2:0.0,2.4:1287.7,3.4:1278.2,4.4:1284.7,5.4:1295.0,6.4:1306.2,7.5:1318.2,8.5:1335.5,9.5:1350.5,10.5:1363.2,11.5:1379.7,12.6:1395.5,13.6:1412.2,14.6:1431.7,15.6:1453.7,16.7:1475.7,17.6:1497.7,18.7:1521.2,19.7:1545.7,27.8:0.0,28.8:0.0,29.8:0.0,30.9:0.0,31.9:0.0,32.9:0.0,34.0:0.0,28.0:0.0,29.1:1395.0,37.1:0.0,38.1:0.0,39.1:0.0,40.2:0.0,41.2:0.0,42.2:0.0,43.3:0.0,44.3:0.0,45.4:0.0,46.4:0.0,47.4:0.0,48.5:0.0,49.5:0.0,43.3:0.0,51.5:0.0,45.4:0.0,46.4:1878.2,47.4:1860.2,48.5:1845.5,49.5:1833.0,50.5:1818.2,51.6:1806.2,52.6:1801.7,53.6:1798.2,54.7:1786.0,55.7:1773.0,56.8:1763.5,57.8:1758.0,58.8:1755.2,59.8:1747.7,60.8:1740.5,61.9:1735.0,62.9:1731.5,63.9:1732.5,64.9:1733.2,66.0:1729.0,67.0:1724.5,68.0:1722.2,69.1:1721.7,70.1:1723.2,71.2:1725.7,72.2:1727.5,73.2:1728.5,74.2:1732.0,75.2:1734.7,76.3:1738.2,77.3:1743.2,78.3:1747.0,79.3:1752.7,80.4:1757.5,81.4:1758.5,82.5:1767.0,83.4:1777.5,84.5:1783.0,85.5:1794.2,86.5:1804.7,87.5:1812.5,88.6:1826.2,89.5:1837.7,90.6:1849.5,98.8:0.0,92.6:1871.0,93.7:1911.7,94.7:1943.5,95.7:1943.5,104.0:0.0,105.0:0.0,106.0:0.0,107.1:0.0,108.1:0.0,109.1:0.0,110.1:0.0,111.2:0.0,112.2:0.0,113.2:0.0,107.3:0.0,108.3:1384.2,116.3:0.0,117.3:0.0,118.4:0.0,119.4:0.0,120.4:0.0,121.5:0.0,122.5:0.0,123.5:0.0,124.5:0.0,125.6:0.0,126.6:0.0,120.5:0.0,128.7:0.0,129.7:0.0,130.7:0.0,131.7:0.0,125.7:0.0,133.8:0.0,134.8:0.0,135.8:0.0,136.9:0.0,137.9:0.0,138.9:0.0,140.0:0.0,141.0:0.0,135.0:0.0,136.1:1393.2,137.2:1384.7,138.2:1375.5,139.2:1368.2,140.2:1359.5,141.3:1346.7,142.3:1341.0,143.3:1337.5,151.3:0.0,152.3:0.0,153.3:0.0,154.3:0.0,148.5:1320.2,149.5:1304.2,150.6:1298.7,151.6:1295.0,152.7:1292.0,153.7:1288.5,154.7:1286.5,155.8:1285.2,156.8:1283.5,157.9:1283.7,158.8:1283.0,159.9:1281.5,161.0:1282.2,162.0:1283.5,163.0:1284.5,164.0:1284.2,165.1:1286.2,166.1:1288.5,167.1:1289.5,168.1:1292.2,169.2:1297.2,170.2:1301.7,171.3:1305.5,179.2:0.0,173.8:0.0,174.9:909.7,182.2:0.0,183.3:0.0,184.3:0.0,179.1:0.0,180.2:821.5,181.2:813.7,182.3:807.0,189.5:0.0,184.4:795.5,185.5:783.7,186.4:777.2,187.5:772.2,188.5:766.7,189.5:762.7,190.6:759.0,191.6:754.5,192.7:748.5,193.8:743.2,194.8:740.2,195.8:737.0,196.8:733.0,197.8:729.5,199.0:727.7,199.9:726.0,201.0:722.7,202.1:719.7,203.1:717.5,204.2:715.7,205.2:714.7,206.2:714.5,207.3:713.5,208.4:712.5,209.4:712.2,210.4:712.0,211.4:712.7,212.5:712.7,213.5:0.0,214.5:742.7,215.5:744.5,216.6:743.5,217.6:744.2,218.6:745.0,225.7:0.0,226.7:0.0,220.2:0.0,222.8:0.0,224.0:701.7,225.1:695.2,226.1:688.0,227.2:681.2,228.2:675.5,229.2:670.0,230.2:664.5,231.2:660.2,232.3:656.0,233.4:650.5,234.4:646.0,235.4:642.5,236.5:639.5,237.6:636.7,238.6:633.7,239.5:631.5,240.6:629.5,241.6:626.2,242.8:622.5,243.7:620.7,244.9:620.2,245.7:619.2,246.9:617.7,247.9:616.7,249.0:616.2,249.9:615.2,251.1:615.0,252.1:614.2,253.0:614.5,254.2:616.0,255.2:615.7,256.2:616.5,257.1:617.5,258.3:618.2,259.3:619.2,260.2:620.5,261.2:621.7,262.2:623.5,263.3:626.5,264.4:629.2,265.3:631.5,266.4:633.7,267.4:636.2,268.4:639.0,269.5:642.0,270.4:645.2,271.6:649.2,272.5:653.2,273.6:657.7,274.5:663.5,275.5:668.5,276.5:673.2,277.5:678.7,278.5:685.0,279.5:691.0,280.5:697.2,281.6:704.2,282.5:711.0,283.6:717.5,284.6:725.7,285.5:735.2,286.5:745.5,287.5:756.2,294.6:0.0,295.6:0.0,296.7:0.0,297.7:0.0,298.7:0.0,299.7:0.0,300.8:0.0,301.8:0.0,302.8:0.0,303.9:0.0,304.9:0.0,306.0:0.0,307.0:0.0,302.6:0.0,303.5:598.5,310.1:0.0,311.1:0.0,312.1:0.0,313.2:0.0,314.2:0.0,309.8:0.0,316.2:0.0,312.0:549.0,313.1:541.7,319.3:0.0,315.1:534.2,316.2:528.2,317.1:525.7,318.3:522.5,319.3:518.7,320.4:515.2,321.3:511.0,322.3:508.2,323.5:506.5,324.5:504.0,325.6:501.7,326.8:499.2,327.7:498.2,328.8:498.2,329.9:498.5,330.8:499.0,331.7:500.0,337.9:0.0,338.9:0.0,340.0:0.0,341.0:0.0,342.0:0.0,343.0:0.0,344.1:0.0,338.3:0.0,339.4:1160.7,340.4:1159.7,341.4:1160.0,342.4:1162.7,343.5:1162.5,344.5:1163.0,345.6:1166.7,346.6:1169.0,347.7:1170.2,348.7:1173.7,349.7:1176.2,350.7:1180.0,351.7:1184.7,
352.8:1014.2,353.9:1018.2,354.9:1023.7,355.9:1030.0,356.9:1035.5,358.0:1041.5,358.9:1048.0,359.9:1054.0,1.0:1066.2,2.0:1086.7,3.0:1093.7,4.0:1091.5,5.0:1098.7,6.1:1109.5,7.1:1119.2,8.2:1130.2,9.1:1143.0,10.1:1155.2,11.2:1169.0,12.2:1181.7,13.2:1194.7,14.2:1211.5,15.2:1227.7,16.2:1244.5,17.2:1263.5,18.3:1280.2,19.3:1296.5,20.2:1318.7,21.2:1342.2,22.3:1366.5,30.3:0.0,31.3:0.0,32.3:0.0,33.4:0.0,34.4:0.0,35.4:0.0,36.4:0.0,37.5:0.0,38.5:0.0,32.7:0.0,40.6:0.0,41.6:0.0,35.8:0.0,43.7:0.0,44.7:0.0,45.8:0.0,46.8:0.0,47.8:0.0,48.9:0.0,49.9:0.0,50.9:0.0,52.0:0.0,53.0:0.0,46.8:0.0,47.9:1806.7,48.9:1780.2,50.0:1752.2,51.0:1744.2,52.0:1740.0,53.1:1729.5,54.1:1715.5,55.2:1707.7,56.2:1701.7,57.2:1691.5,58.3:1686.2,59.2:1683.5,60.2:1675.2,61.2:1669.5,62.3:1665.2,63.4:1660.2,64.3:1656.5,65.4:1653.5,66.5:1651.5,67.5:1651.0,68.5:1652.0,69.5:1654.0,70.6:1655.2,71.5:1653.5,72.6:1655.0,73.6:1659.5,74.6:1662.2,75.7:1663.7,76.7:1669.5,77.8:1678.7,78.8:1684.2,79.8:1684.7,80.8:1689.7,81.9:1697.5,82.8:1704.7,83.8:1713.5,84.9:1722.5,85.8:1733.2,86.8:1743.0,87.9:1750.2,88.9:1757.7,89.9:1772.0,90.9:1787.5,92.0:1795.5,93.0:1808.2,101.2:0.0,102.2:0.0,96.1:0.0,104.3:0.0,105.3:0.0,99.1:0.0,107.4:0.0,108.4:0.0,109.4:0.0,110.5:0.0,111.5:0.0,112.5:0.0,113.5:0.0,114.6:0.0,115.6:0.0,116.6:0.0,117.6:0.0,118.7:0.0,112.6:0.0,120.7:0.0,114.7:1476.7,122.8:0.0,123.8:0.0,124.8:0.0,125.8:0.0,126.9:0.0,127.9:0.0,128.9:0.0,129.9:0.0,131.0:0.0,132.0:0.0,125.8:0.0,126.8:1773.2,135.1:0.0,136.1:0.0,130.0:0.0,131.1:1666.2,132.1:1647.7,133.2:1630.5,134.2:1617.7,135.3:1606.2,136.2:1593.7,137.3:1583.0,138.3:1573.5,139.4:1562.5,140.4:1552.5,141.5:1545.7,142.5:1539.0,143.5:1530.5,144.5:1523.0,145.6:1516.2,146.6:1508.5,147.7:1499.5,148.7:1492.5,149.7:1488.7,150.7:1485.7,151.7:1484.5,152.8:1484.2,153.8:1483.5,154.8:1478.2,156.0:1470.5,157.0:1466.5,158.0:1466.5,159.0:1467.0,160.0:1465.0,161.1:1465.0,162.1:1467.2,163.2:1469.2,164.2:1471.2,165.2:1473.0,166.3:1477.0,167.2:1480.5,168.3:1486.2,169.4:1492.0,170.4:1494.7,171.4:1497.0,172.4:1503.0,180.5:0.0,181.5:0.0,176.0:0.0,183.6:0.0,178.0:1044.7,179.0:1023.2,180.1:1010.7,187.7:0.0,188.7:0.0,183.2:0.0,184.2:970.2,185.3:962.5,186.3:955.5,187.4:948.7,194.9:0.0,189.4:938.5,190.4:927.7,191.6:921.2,192.5:917.0,193.6:912.5,194.7:908.2,195.7:905.7,196.7:901.0,197.7:897.2,198.8:894.5,199.8:889.7,200.8:887.2,201.9:885.0,203.0:882.7,204.1:880.5,205.1:879.0,206.0:0.0,207.2:907.5,208.2:903.5,209.3:902.5,210.2:901.5,217.6:0.0,218.7:0.0,213.4:0.0,214.5:850.7,215.5:838.2,216.6:825.5,217.6:814.7,218.6:804.7,219.8:795.7,220.9:787.5,221.8:779.2,222.8:770.5,223.9:762.7,225.1:756.0,226.0:749.5,227.1:743.7,228.1:737.0,229.1:729.5,230.2:724.2,231.3:719.7,232.3:714.5,233.4:710.0,234.3:706.0,235.4:702.5,236.4:699.2,237.5:695.2,238.5:691.7,239.7:689.0,240.5:686.7,241.6:684.7,242.7:682.5,243.7:679.7,244.9:676.2,245.8:674.2,246.8:673.0,247.9:672.2,248.9:671.7,249.9:671.0,251.0:670.5,252.0:670.2,253.0:671.7,254.1:671.7,255.0:671.0,256.0:671.5,257.1:672.0,258.2:672.7,259.2:674.5,260.2:676.7,261.2:679.0,262.2:681.7,263.3:684.0,264.3:686.2,265.2:689.2,266.4:692.2,267.3:695.2,268.4:698.5,269.3:702.7,270.3:706.5,271.4:707.2,272.4:713.5,279.4:0.0,273.3:0.0,281.5:0.0,282.4:0.0,283.4:0.0,284.4:0.0,285.5:0.0,286.5:0.0,287.5:0.0,288.5:0.0,289.6:0.0,290.6:0.0,291.6:0.0,292.6:0.0,293.7:0.0,294.7:0.0,295.7:0.0,296.7:0.0,297.7:0.0,298.8:0.0,299.8:0.0,300.8:0.0,301.8:0.0,302.9:0.0,303.9:0.0,304.9:0.0,306.0:0.0,307.1:0.0,308.1:0.0,309.1:0.0,310.2:0.0,311.2:0.0,312.2:0.0,313.2:0.0,310.5:0.0,311.6:348.0,312.5:343.5,314.0:340.7,314.6:340.0,316.0:340.0,316.7:340.5,317.7:340.5,318.9:342.0,323.5:0.0,324.5:0.0,325.6:0.0,326.6:0.0,327.6:0.0,328.7:0.0,329.7:0.0,330.8:0.0,331.8:0.0,332.8:0.0,333.8:0.0,334.9:0.0,335.9:0.0,336.9:0.0,338.0:0.0,339.0:0.0,333.5:0.0,334.5:989.7,335.6:988.7,336.6:987.5,337.6:986.0,338.6:986.5,339.7:986.7,340.7:985.5,341.7:986.2,342.8:987.7,343.8:988.7,344.8:990.2,345.8:992.0,346.9:993.5,348.0:996.0,349.0:1000.5,350.0:1003.7,351.0:1006.7,
359.6:0.0,0.6:0.0,1.7:0.0,2.7:0.0,3.7:0.0,4.8:0.0,5.8:0.0,6.8:0.0,0.9:0.0,8.9:0.0,9.9:0.0,11.0:0.0,12.0:0.0,13.0:0.0,14.0:0.0,15.1:0.0,16.1:0.0,17.1:0.0,18.2:0.0,19.2:0.0,20.3:0.0,21.3:0.0,22.3:0.0,23.4:0.0,17.3:0.0,18.4:1530.5,26.5:0.0,27.5:0.0,28.5:0.0,29.6:0.0,30.6:0.0,31.6:0.0,32.7:0.0,26.8:0.0,34.7:0.0,35.7:0.0,36.8:0.0,37.8:0.0,38.9:0.0,39.9:0.0,34.0:0.0,35.1:1277.5,36.1:1269.5,37.2:1264.2,38.2:1257.2,39.3:1250.7,40.3:1243.2,48.2:0.0,49.2:0.0,50.2:0.0,51.2:0.0,45.5:1223.0,46.6:1207.0,47.5:1206.0,48.6:1205.7,49.6:1204.2,50.6:1201.5,51.7:1199.0,52.7:1197.0,53.7:1194.5,54.8:1192.5,55.8:1192.7,56.9:1193.7,57.9:1191.5,58.9:1191.5,60.0:1195.7,60.9:1199.2,62.0:1201.0,63.0:1201.7,64.0:1202.5,65.0:1204.7,66.0:1206.5,67.1:1209.2,75.0:0.0,76.0:0.0,70.7:0.0,78.0:0.0,79.1:0.0,80.1:0.0,81.1:0.0,82.2:0.0,83.2:0.0,84.2:0.0,79.3:0.0,80.4:703.2,81.3:698.7,82.5:693.7,83.4:686.2,84.6:682.2,85.6:676.2,86.6:668.5,87.7:666.7,88.7:663.0,89.8:659.2,90.8:656.5,91.7:652.0,92.9:650.5,94.0:648.2,95.0:645.2,96.1:642.7,97.1:640.5,98.0:636.7,99.0:634.7,100.0:633.7,101.1:632.5,102.2:632.5,103.1:631.2,104.3:629.5,105.3:629.5,106.4:629.5,107.3:629.0,108.3:629.2,109.4:630.0,110.4:630.2,111.5:630.5,112.4:632.5,119.2:0.0,120.2:0.0,115.5:0.0,116.5:666.0,117.4:668.0,118.5:669.7,119.5:670.2,126.4:0.0,127.4:0.0,128.4:0.0,121.9:0.0,124.7:0.0,125.9:636.5,126.8:632.2,128.0:627.5,129.0:622.5,130.0:619.0,131.1:615.0,132.0:611.2,133.2:608.0,134.2:604.2,135.2:601.0,136.2:598.7,137.4:597.0,138.4:594.5,139.5:592.5,140.4:591.0,141.5:589.5,142.4:588.0,143.7:586.2,144.7:585.2,145.5:585.0,146.6:584.5,147.7:583.5,148.8:583.5,149.8:584.0,150.7:583.7,151.7:584.0,152.7:584.5,153.8:585.5,155.0:586.0,155.8:586.5,157.0:588.0,157.9:590.7,159.0:592.5,159.9:593.7,161.1:595.7,162.1:597.5,163.2:600.0,164.1:603.0,165.3:606.2,166.2:610.0,167.1:613.7,168.2:617.5,169.2:620.2,170.2:624.0,171.3:629.2,172.2:634.0,173.3:637.7,174.3:642.5,175.4:648.2,176.3:654.7,177.4:661.5,178.4:667.2,179.5:674.2,180.4:681.7,181.3:689.5,182.3:697.5,183.3:705.0,184.5:713.5,185.4:723.2,186.4:733.5,187.4:743.5,188.5:753.7,189.5:764.0,190.4:777.5,197.6:0.0,192.5:779.7,199.6:0.0,200.7:0.0,201.7:0.0,202.7:0.0,203.8:0.0,204.8:0.0,205.8:0.0,206.9:0.0,202.0:0.0,203.0:676.2,210.0:0.0,205.2:664.0,206.5:655.0,207.4:649.0,208.4:643.0,209.5:638.0,210.5:633.5,211.6:626.7,212.6:621.2,213.6:618.0,214.7:613.7,215.9:609.7,217.0:606.2,217.9:601.7,219.0:598.5,220.0:596.5,221.1:593.5,222.2:589.0,223.0:586.2,224.2:584.7,225.4:583.0,226.2:582.0,227.2:580.5,228.3:580.0,229.4:579.2,230.3:578.2,231.4:579.2,232.3:580.7,238.9:0.0,240.0:0.0,241.0:0.0,242.0:0.0,243.0:0.0,244.1:0.0,238.3:0.0,239.4:1249.5,240.3:1251.2,241.4:1252.5,242.4:1254.5,243.4:1256.7,244.5:1259.5,245.5:1263.0,246.5:1265.2,247.5:1270.0,248.6:1275.5,249.5:1279.2,250.6:1283.0,251.6:1291.0,252.7:1298.0,253.7:1304.0,254.7:1312.0,255.7:1320.5,256.8:1330.2,257.8:1346.5,258.8:1364.7,259.9:1371.0,260.9:1374.0,261.9:1385.5,262.9:1402.0,263.9:1416.7,264.9:1431.0,266.0:1446.0,267.0:1459.0,268.0:1476.7,269.0:1498.2,270.0:1519.2,271.1:1538.5,272.0:1559.0,273.1:1582.0,274.1:1602.0,275.0:1624.0,283.2:0.0,284.2:0.0,285.2:0.0,286.2:0.0,287.2:0.0,288.3:0.0,289.3:0.0,290.3:0.0,291.4:0.0,292.4:0.0,286.3:0.0,294.4:0.0,295.5:0.0,296.5:0.0,297.5:0.0,298.5:0.0,299.6:0.0,300.6:0.0,301.6:0.0,302.6:0.0,303.7:0.0,297.4:0.0,298.4:2009.7,306.8:0.0,307.8:0.0,308.8:0.0,302.6:0.0,303.6:1895.5,304.7:1888.0,305.7:1877.0,306.8:1862.7,307.8:1852.2,308.9:1839.2,309.9:1831.5,310.9:1821.2,311.9:1808.0,312.9:1800.7,314.0:1795.7,315.0:1790.0,316.0:1783.0,317.1:1778.7,318.1:1775.2,319.1:1772.7,320.2:1770.0,321.2:1768.0,322.2:1764.2,323.3:1762.5,324.4:1761.7,325.4:1762.0,326.4:1761.2,327.4:1760.0,328.4:1767.2,329.5:1771.2,330.5:1771.0,331.6:1774.7,332.6:1775.2,333.6:1777.0,334.7:1781.2,335.7:1784.7,336.7:1793.0,337.8:1800.0,338.7:1805.2,339.8:1809.0,340.8:1814.5,341.8:1827.0,342.8:1842.0,343.9:1852.0,344.9:1859.0,346.0:1871.7,347.0:1885.2,348.0:1917.5,349.0:1950.7,357.3:0.0,358.4:0.0,
359.3:0.0,0.4:0.0,1.4:0.0,2.4:0.0,3.5:0.0,4.5:0.0,5.5:0.0,359.8:0.0,0.8:1171.7,1.8:1168.7,9.6:0.0,10.7:0.0,11.7:0.0,12.7:0.0,13.8:0.0,14.8:0.0,15.8:0.0,16.9:0.0,17.9:0.0,19.0:0.0,20.0:0.0,21.0:0.0,22.0:0.0,23.1:0.0,24.1:0.0,25.1:0.0,26.2:0.0,27.2:0.0,28.2:0.0,29.3:0.0,30.3:0.0,31.3:0.0,32.4:0.0,33.4:0.0,34.4:0.0,35.5:0.0,36.5:0.0,30.7:1183.0,31.8:1193.7,32.8:1186.0,33.8:1177.2,34.9:1171.2,35.9:1164.2,37.0:1155.7,38.0:1149.5,45.8:0.0,40.1:1140.7,41.2:1130.7,42.2:1122.7,43.2:1119.7,44.3:1118.0,45.4:1109.5,46.3:1103.0,47.4:1102.2,48.5:1100.5,49.4:1096.0,50.6:1093.5,51.5:1093.0,52.5:1090.0,53.6:1090.0,54.6:1092.0,55.7:1091.5,56.7:1090.0,57.7:1090.0,58.8:1090.0,59.7:1091.0,60.8:1094.2,61.8:1095.5,62.8:1096.5,63.9:1097.5,64.9:1098.0,66.0:1101.0,66.9:1107.0,67.9:1109.0,69.0:1111.2,70.0:1117.5,71.1:1122.0,78.8:0.0,73.1:1130.5,74.1:1142.5,75.2:1149.5,76.2:1155.5,77.2:1163.2,78.2:1170.7,79.3:1179.0,87.0:0.0,88.1:0.0,83.0:0.0,83.9:780.7,84.9:775.5,92.1:0.0,87.1:0.0,88.2:730.5,89.1:726.7,90.2:723.2,91.2:720.5,92.2:716.7,93.3:713.0,94.4:711.5,95.3:707.7,96.5:703.0,97.5:699.5,98.5:698.2,99.5:697.2,100.5:695.5,101.5:694.2,102.6:693.7,103.6:693.0,104.7:692.5,105.7:691.0,106.7:689.7,107.9:689.5,108.9:691.5,109.9:692.7,110.9:692.7,111.8:694.2,113.0:695.0,113.9:694.7,115.0:696.2,115.9:699.7,117.0:703.2,118.1:705.2,119.2:705.5,120.1:708.5,121.2:712.0,122.1:714.7,123.2:718.7,124.1:722.7,125.2:727.2,126.1:731.5,133.2:0.0,128.1:0.0,129.1:776.2,130.2:779.7,137.3:0.0,138.4:0.0,139.4:0.0,132.9:0.0,133.9:3490.5,136.5:0.0,137.5:768.5,138.5:765.2,139.6:762.2,140.5:760.0,141.5:758.5,142.7:757.5,143.7:755.5,144.8:754.0,145.6:753.5,146.7:753.2,147.7:753.0,148.8:753.5,149.8:753.5,150.9:753.0,151.9:753.5,153.0:754.5,154.0:755.0,155.0:755.7,156.2:757.2,157.2:759.7,158.1:762.0,159.1:764.2,160.1:767.0,161.2:770.5,162.3:773.5,163.2:777.5,164.3:781.5,165.3:784.7,166.3:789.5,167.3:794.0,168.5:798.2,169.5:802.2,170.4:807.0,171.4:813.5,172.5:819.5,173.4:825.7,174.4:833.5,175.4:841.5,176.5:848.2,177.5:855.7,178.6:865.2,179.5:873.5,180.5:882.7,181.6:894.2,182.5:903.5,183.5:913.7,184.5:925.5,185.7:937.2,186.6:951.0,187.6:966.2,195.2:0.0,196.2:0.0,197.2:0.0,198.2:0.0,199.3:0.0,194.0:0.0,201.3:0.0,196.1:0.0,203.4:0.0,204.4:0.0,205.5:0.0,200.2:0.0,201.3:816.5,202.3:808.0,203.4:800.7,204.6:790.0,205.5:782.0,206.7:775.5,207.8:767.5,208.7:761.7,209.9:756.5,210.8:749.7,211.9:742.7,213.0:737.0,213.9:734.5,215.1:728.7,216.2:722.0,217.2:718.2,218.2:715.2,219.3:715.5,220.2:716.7,227.3:0.0,228.3:0.0,229.3:0.0,230.4:0.0,231.4:0.0,232.5:0.0,233.5:0.0,234.5:0.0,235.5:0.0,229.6:0.0,230.6:1355.5,231.7:1352.7,232.7:1352.2,233.8:1351.5,234.7:1349.7,235.8:1349.7,236.8:1347.7,237.9:1348.5,238.9:1352.7,239.9:1356.0,240.9:1358.2,242.0:1360.7,243.0:1363.5,244.0:1365.2,245.0:1369.0,246.1:1371.0,247.1:1374.2,248.2:1382.2,249.2:1389.7,250.2:1413.2,251.2:1427.2,252.2:1420.7,253.2:1423.5,254.3:1431.0,255.3:1441.5,256.3:1452.5,257.3:1463.5,258.3:1474.0,259.3:1485.5,260.4:1499.2,261.4:1513.5,262.4:1528.7,263.5:1543.5,264.5:1558.2,265.5:1575.0,266.5:1590.5,267.5:1607.5,268.6:1629.2,276.7:0.0,277.7:0.0,278.7:0.0,279.8:0.0,280.8:0.0,281.8:0.0,275.8:0.0,283.8:0.0,284.8:0.0,278.8:1464.2,286.9:0.0,287.9:0.0,288.9:0.0,290.0:0.0,291.0:0.0,292.0:0.0,293.0:0.0,294.0:0.0,295.1:0.0,296.1:0.0,297.1:0.0,298.2:0.0,299.2:0.0,293.0:0.0,301.2:0.0,302.2:0.0,303.3:0.0,297.1:0.0,298.2:1789.7,306.4:0.0,300.3:1767.0,301.3:1748.0,302.3:1739.0,303.4:1722.7,304.5:1705.0,305.4:1691.2,306.5:1678.0,307.5:1666.0,308.5:1659.2,309.6:1652.0,310.6:1642.5,311.7:1636.2,312.7:1634.2,313.7:1630.2,314.8:1622.7,315.8:1613.5,316.9:1606.7,317.8:1599.7,318.9:1597.2,320.0:1599.0,321.0:1594.7,322.0:1595.2,323.0:1595.2,324.1:1591.7,325.2:1593.0,326.1:1596.2,327.2:1596.2,328.2:1594.5,329.2:1597.5,330.3:1600.5,331.3:1599.2,332.3:1600.7,333.4:1604.7,334.4:1610.5,335.4:1616.7,336.4:1621.5,337.4:1626.7,338.5:1630.0,339.5:1637.2,340.5:1649.0,341.5:1660.7,342.6:1668.0,343.6:1671.5,344.6:1682.0,345.7:1709.0,346.7:1738.5,347.7:1755.2,355.9:0.0,356.9:0.0,358.0:0.0,
359.3:0.0,0.3:0.0,1.4:0.0,2.4:0.0,3.5:0.0,4.5:0.0,5.5:0.0,6.5:0.0,1.2:0.0,2.2:885.7,3.3:887.0,10.7:0.0,5.3:896.2,12.7:0.0,13.8:0.0,14.8:0.0,15.8:0.0,16.9:0.0,17.9:0.0,18.9:0.0,20.0:0.0,21.0:0.0,22.0:0.0,23.1:0.0,24.1:0.0,25.1:0.0,26.2:0.0,27.2:0.0,28.2:0.0,29.2:0.0,30.3:0.0,24.7:0.0,32.3:0.0,33.4:0.0,34.4:0.0,28.9:0.0,29.8:1042.2,30.9:1034.2,32.0:1026.2,33.1:1019.0,34.1:1012.2,35.0:1004.2,36.1:997.0,37.2:989.7,38.2:981.7,39.2:977.5,40.3:974.0,41.4:969.7,42.4:964.7,43.4:961.2,44.4:958.5,45.5:954.0,46.5:949.2,47.6:945.7,48.6:942.2,49.6:940.0,50.7:940.7,51.7:939.5,52.7:937.2,53.8:936.7,54.8:936.5,55.8:937.0,56.9:935.5,57.9:933.2,58.9:935.5,59.9:939.5,61.0:939.5,62.0:939.0,63.0:942.0,64.1:942.7,65.1:944.2,66.1:950.0,67.2:951.0,68.2:950.5,69.2:955.0,70.2:960.0,71.2:963.5,72.2:967.2,73.3:972.5,74.2:977.0,75.3:980.2,76.3:989.5,77.4:998.7,78.4:1004.5,79.4:1010.0,80.4:1017.0,81.5:1027.5,82.4:1036.0,83.5:1041.0,91.1:0.0,92.1:0.0,93.1:0.0,94.2:0.0,95.2:0.0,96.2:0.0,97.3:0.0,98.3:0.0,99.3:0.0,100.3:0.0,101.4:0.0,102.4:0.0,103.4:0.0,104.5:0.0,105.5:0.0,106.5:0.0,107.5:0.0,108.6:0.0,103.4:0.0,104.4:808.0,105.4:805.2,106.5:805.5,107.6:795.0,108.6:782.5,109.7:781.2,110.7:781.7,111.6:782.5,112.7:782.7,113.8:783.7,114.8:785.2,115.7:787.0,116.9:790.2,117.8:793.7,119.0:796.2,119.8:798.0,120.9:800.5,121.9:804.5,122.9:808.0,124.0:812.5,125.0:816.2,126.0:820.5,127.0:826.5,128.0:831.2,129.1:833.7,130.1:839.5,131.2:848.7,132.1:858.0,133.1:864.5,134.2:868.5,141.5:0.0,142.6:0.0,137.2:0.0,138.2:903.5,139.2:912.0,146.7:0.0,141.2:0.0,148.7:0.0,149.8:0.0,150.8:0.0,151.8:0.0,152.8:0.0,147.4:987.7,148.4:1001.5,149.4:1002.0,150.4:1000.2,151.4:1001.0,152.5:1003.5,153.5:1005.7,154.5:1008.0,155.6:1009.2,156.7:1011.0,157.7:1015.0,158.8:1018.0,159.8:1019.2,160.8:1023.5,161.8:1027.7,162.8:1031.2,163.9:1035.7,164.9:1041.2,166.0:1045.5,167.0:1049.5,168.0:1056.0,169.0:1062.2,170.0:1068.7,171.1:1076.2,172.1:1084.7,173.2:1093.2,174.2:1103.7,175.2:1113.7,176.2:1122.2,177.3:1130.7,178.3:1143.2,179.2:1155.7,180.3:1165.0,181.3:1177.2,182.3:1191.7,183.3:1206.7,184.4:1222.7,185.4:1240.2,193.3:0.0,194.3:0.0,195.3:0.0,196.4:0.0,197.4:0.0,198.4:0.0,199.5:0.0,200.5:0.0,201.5:0.0,202.6:0.0,203.6:0.0,204.6:0.0,199.1:0.0,200.2:1031.0,201.1:1021.5,208.8:0.0,209.8:0.0,210.9:0.0,205.4:0.0,206.5:959.2,207.6:955.2,208.5:953.5,209.6:954.5,217.1:0.0,218.1:0.0,219.2:0.0,220.2:0.0,221.2:0.0,222.3:0.0,223.3:0.0,224.3:0.0,225.4:0.0,226.4:0.0,220.4:0.0,221.4:1568.7,222.5:1558.5,223.5:1551.2,224.5:1547.0,225.6:1542.5,226.6:1539.2,227.6:1534.2,228.6:1527.5,229.7:1524.0,230.7:1521.0,231.7:1520.7,232.8:1520.7,233.8:1517.7,234.9:1517.7,235.9:1515.7,236.9:1516.5,238.0:1519.7,239.0:1520.7,240.0:0.0,241.0:0.0,242.1:1530.0,243.1:1531.7,244.2:1537.7,245.1:1541.0,246.2:1546.0,247.2:1551.5,248.3:1558.5,249.3:1566.5,250.3:1573.2,251.4:1582.0,252.3:1593.5,253.4:1604.2,254.4:1612.2,255.4:1620.2,256.5:1630.0,257.5:1643.2,258.5:1657.2,266.7:0.0,267.7:0.0,268.7:0.0,269.8:0.0,270.8:0.0,264.8:0.0,272.9:0.0,273.9:0.0,274.9:0.0,276.0:0.0,277.0:0.0,278.0:0.0,272.0:0.0,280.1:0.0,281.1:0.0,282.1:0.0,283.1:0.0,284.1:0.0,278.0:0.0,286.2:0.0,287.2:0.0,288.2:0.0,289.2:0.0,290.3:0.0,291.3:0.0,292.3:0.0,293.4:0.0,294.4:0.0,295.4:0.0,296.5:0.0,297.5:0.0,298.5:0.0,299.5:0.0,300.6:0.0,301.6:0.0,295.5:0.0,303.6:0.0,304.7:0.0,298.7:1529.7,299.8:1503.5,307.8:0.0,308.9:0.0,309.9:0.0,310.9:0.0,311.9:0.0,313.0:0.0,307.0:0.0,308.1:1409.2,309.1:1401.5,310.1:1392.5,311.2:1387.7,312.2:1382.5,313.2:1379.2,314.3:1375.5,315.3:1370.0,316.4:1365.0,317.4:1362.0,318.4:1359.7,319.4:1359.5,320.4:1356.0,321.5:1350.0,322.6:1350.5,323.6:1350.0,324.7:1348.0,325.7:1349.2,326.8:1349.2,327.7:1347.7,328.8:1347.0,329.8:1350.0,330.9:1353.2,331.8:1357.2,332.9:1363.2,334.0:1365.7,335.0:1366.0,336.0:1370.0,337.0:1376.5,338.0:1379.5,339.1:1385.7,340.1:1391.0,341.2:1394.2,342.2:1399.5,350.2:0.0,344.2:0.0,345.2:1470.7,346.3:1457.5,354.3:0.0,355.4:0.0,356.4:0.0,357.4:0.0,358.5:0.0,
358.6:0.0,359.6:0.0,0.7:0.0,1.7:0.0,2.7:0.0,358.1:0.0,4.8:0.0,0.3:0.0,1.3:593.0,2.5:589.7,3.4:591.0,4.3:592.7,5.4:596.5,6.5:600.5,13.1:0.0,14.1:0.0,15.1:0.0,16.1:0.0,17.2:0.0,18.2:0.0,19.3:0.0,20.3:0.0,21.3:0.0,22.4:0.0,23.4:0.0,24.4:0.0,25.5:0.0,26.5:0.0,27.5:0.0,28.5:0.0,29.6:0.0,30.6:0.0,31.7:0.0,32.7:0.0,33.7:0.0,28.4:0.0,29.3:902.2,36.8:0.0,31.5:0.0,32.6:846.5,33.6:839.5,34.7:833.7,35.8:828.5,36.8:823.7,37.9:818.0,38.9:813.5,40.0:809.5,40.9:806.5,42.0:802.7,43.0:798.5,44.0:795.7,45.2:792.5,46.2:789.7,47.2:786.2,48.3:785.0,49.4:783.5,50.4:780.7,51.4:780.0,52.5:779.5,53.4:779.7,54.5:779.7,55.5:778.5,56.5:778.7,57.6:778.5,58.7:778.2,59.6:779.5,60.7:779.7,61.7:781.0,62.8:782.2,63.7:782.7,64.8:785.5,65.8:787.0,66.9:788.5,67.8:792.0,68.9:795.2,69.9:797.5,70.9:801.0,71.9:805.5,72.9:808.5,74.0:812.5,75.0:817.2,76.0:822.0,77.0:827.5,78.0:831.7,79.0:838.5,80.1:846.2,81.1:852.5,82.1:860.0,83.2:866.7,84.1:873.5,85.1:880.5,92.5:0.0,87.1:893.0,88.1:906.5,95.6:0.0,96.6:0.0,97.6:0.0,98.6:0.0,99.7:0.0,100.7:0.0,101.7:0.0,102.7:0.0,103.8:0.0,104.8:0.0,105.8:0.0,106.9:0.0,107.9:0.0,108.9:0.0,110.0:0.0,111.0:0.0,112.0:0.0,113.0:0.0,114.1:0.0,115.1:0.0,116.2:0.0,117.2:0.0,118.2:0.0,119.3:0.0,120.3:0.0,121.3:0.0,122.4:0.0,123.4:0.0,124.4:0.0,125.4:0.0,120.1:915.7,121.1:921.7,122.2:924.5,129.6:0.0,130.6:0.0,125.2:924.2,126.2:922.0,127.3:922.7,128.2:928.5,135.7:0.0,130.3:939.2,131.4:948.2,132.3:955.2,133.4:964.5,140.9:0.0,142.0:0.0,143.0:0.0,137.5:0.0,138.4:1017.0,146.1:0.0,147.1:0.0,148.1:0.0,149.2:0.0,150.2:0.0,151.2:0.0,152.3:0.0,153.3:0.0,154.3:0.0,155.4:0.0,156.4:0.0,157.4:0.0,158.4:0.0,151.8:0.0,160.5:0.0,154.7:0.0,155.8:1261.5,156.9:1264.0,157.9:1267.2,158.9:1270.7,160.0:1274.2,161.0:1278.7,162.0:1283.2,163.1:1288.0,164.1:1294.7,165.1:1301.7,166.1:1307.0,167.2:1313.5,168.2:1323.0,169.2:1331.0,170.2:1339.0,171.2:1351.2,172.3:1363.2,173.3:1373.5,174.3:1385.2,175.4:1399.0,176.4:1415.0,177.4:1429.2,178.5:1442.2,179.4:1454.5,180.5:1468.7,181.5:1489.7,182.5:1510.0,183.5:1526.7,184.5:1549.2,192.6:0.0,193.7:0.0,194.7:0.0,195.7:0.0,196.7:0.0,197.8:0.0,198.8:0.0,199.8:0.0,200.9:0.0,201.9:0.0,203.0:0.0,204.0:0.0,205.0:0.0,206.0:0.0,207.1:0.0,201.3:0.0,202.4:1209.7,210.2:0.0,211.3:0.0,212.3:0.0,213.4:0.0,214.4:0.0,215.4:0.0,216.5:0.0,217.5:0.0,218.5:0.0,219.6:0.0,220.6:0.0,214.5:0.0,215.5:1796.2,216.5:1784.2,217.6:1769.5,218.6:1757.0,219.6:1746.2,220.7:1736.0,221.7:1732.5,222.8:1727.2,223.8:1715.5,224.8:1707.0,225.9:1701.2,226.9:1696.0,227.9:1694.0,228.9:1691.2,230.0:1687.0,231.0:1699.0,232.1:1697.0,233.1:1682.7,234.1:1682.2,235.1:1681.7,236.2:1683.0,237.2:1683.0,238.2:1684.5,239.3:1685.5,240.3:1688.5,241.4:1694.2,242.4:1699.0,243.4:1705.2,244.4:1712.5,245.5:1716.7,246.5:1721.5,247.5:1730.7,248.5:1739.5,256.7:0.0,257.8:0.0,258.7:0.0,259.8:0.0,253.8:0.0,254.8:1490.5,262.9:0.0,256.9:1491.2,257.9:1495.7,258.9:1505.2,260.0:1518.7,261.0:1532.7,262.0:1540.2,263.0:1550.2,271.1:0.0,265.0:1570.0,273.2:0.0,274.2:0.0,268.1:0.0,276.3:0.0,277.3:0.0,278.3:0.0,279.4:0.0,280.4:0.0,281.4:0.0,282.4:0.0,283.4:0.0,284.4:0.0,285.5:0.0,286.5:0.0,287.5:0.0,288.5:0.0,289.6:0.0,290.6:0.0,291.6:0.0,292.6:0.0,293.7:0.0,294.7:0.0,295.7:0.0,296.7:0.0,297.8:0.0,298.8:0.0,299.8:0.0,300.9:0.0,301.9:0.0,302.9:0.0,303.9:0.0,305.0:0.0,306.1:0.0,307.1:0.0,301.3:0.0,302.3:1201.7,303.4:1193.2,304.4:1183.5,305.5:1175.2,306.5:1167.0,307.6:1159.7,308.6:1154.7,309.7:1151.5,310.7:1143.5,311.7:1134.7,312.7:1130.5,313.8:1125.0,314.8:1123.0,315.9:1123.2,316.9:1120.2,317.9:1115.0,318.9:1110.2,320.0:1110.5,321.0:1109.2,322.0:1107.5,323.0:1107.5,324.1:1104.7,325.2:1103.5,326.2:1102.5,327.2:1101.5,328.3:1103.5,329.2:1106.0,330.2:1111.5,331.3:1114.5,332.4:1115.5,333.4:1118.0,334.5:1122.2,335.4:1124.5,336.5:1127.2,337.5:1133.7,345.2:0.0,339.5:1154.7,340.5:1178.5,341.5:1185.2,349.4:0.0,350.4:0.0,351.4:0.0,352.5:0.0,353.5:0.0,354.5:0.0,355.6:0.0,356.6:0.0,357.7:0.0,
359.6:0.0,0.6:0.0,356.9:0.0,2.7:0.0,3.7:0.0,4.8:0.0,1.4:0.0,2.4:393.0,3.8:391.7,4.5:391.5,5.9:392.2,6.5:394.0,8.0:395.0,13.0:0.0,14.1:0.0,15.1:0.0,16.2:0.0,17.2:0.0,18.2:0.0,19.2:0.0,20.3:0.0,21.3:0.0,22.4:0.0,23.4:0.0,24.4:0.0,25.5:0.0,26.5:0.0,27.5:0.0,28.6:0.0,29.6:0.0,30.6:0.0,31.7:0.0,32.7:0.0,33.7:0.0,34.8:0.0,35.8:0.0,36.8:0.0,37.9:0.0,38.9:0.0,33.9:0.0,35.0:757.0,36.0:743.2,37.0:740.0,38.1:736.0,39.2:0.0,40.3:704.2,41.3:694.0,42.2:690.0,43.3:688.0,44.3:684.2,45.3:681.5,46.5:680.2,47.4:678.7,48.5:677.2,49.5:676.0,50.6:675.2,51.6:673.7,52.7:672.0,53.6:671.5,54.7:671.0,55.8:671.5,56.7:671.2,57.8:670.5,58.9:672.0,60.0:673.5,60.8:674.2,62.0:673.5,62.9:674.0,64.1:676.2,65.1:678.5,66.1:680.2,67.1:682.5,68.0:685.2,69.1:687.5,70.2:689.7,71.1:692.0,72.3:694.0,73.2:696.5,74.2:701.5,75.2:705.5,76.3:712.7,77.4:720.0,78.4:724.0,79.4:727.2,80.3:730.0,81.4:736.2,82.4:743.2,83.4:750.7,84.3:757.2,85.4:762.2,86.4:768.2,87.3:777.5,94.6:0.0,95.6:0.0,90.3:0.0,91.5:812.7,98.7:0.0,99.7:0.0,100.7:0.0,101.8:0.0,102.8:0.0,103.8:0.0,104.9:0.0,105.9:0.0,106.9:0.0,108.0:0.0,109.0:0.0,110.0:0.0,111.0:0.0,112.1:0.0,113.1:0.0,114.1:0.0,115.1:0.0,116.2:0.0,117.2:0.0,118.2:0.0,119.3:0.0,120.3:0.0,121.3:0.0,122.3:0.0,123.4:0.0,124.4:0.0,125.4:0.0,126.5:0.0,127.5:0.0,128.5:0.0,129.5:0.0,130.6:0.0,131.6:0.0,132.6:0.0,133.7:0.0,134.7:0.0,129.1:0.0,130.2:1039.2,131.1:1044.5,132.2:1053.0,133.3:1053.0,134.3:1046.5,141.9:0.0,143.0:0.0,144.0:0.0,138.4:0.0,146.0:0.0,147.1:0.0,148.1:0.0,149.1:0.0,150.2:0.0,151.2:0.0,152.2:0.0,153.3:0.0,154.3:0.0,155.3:0.0,156.4:0.0,157.4:0.0,158.4:0.0,159.5:0.0,160.5:0.0,161.5:0.0,155.5:0.0,156.6:0.0,157.7:0.0,158.8:1447.7,159.8:1452.2,160.9:1457.7,161.9:1461.2,162.9:1465.7,163.9:1473.0,165.0:1482.7,166.0:1490.5,167.0:1497.2,168.0:1507.5,169.1:1520.2,170.1:1530.2,171.1:1540.5,172.2:1553.7,173.2:1565.5,174.2:1580.0,175.2:1597.7,176.3:1614.0,177.3:1628.0,178.3:1641.0,179.3:1657.5,180.3:1673.7,181.3:1693.2,182.4:1716.0,183.4:1738.0,191.6:0.0,192.6:0.0,193.7:0.0,194.7:0.0,195.7:0.0,196.7:0.0,197.8:0.0,198.8:0.0,199.8:0.0,200.9:0.0,201.9:0.0,202.9:0.0,197.0:0.0,198.0:1405.5,199.1:1396.5,207.1:0.0,208.1:0.0,209.1:0.0,210.2:0.0,211.3:0.0,212.3:0.0,213.3:0.0,214.4:0.0,215.4:0.0,216.4:0.0,217.5:0.0,211.2:0.0,212.3:1952.5,213.3:1937.0,214.3:1923.7,215.4:1911.2,216.5:1898.5,217.5:1886.2,218.5:1876.0,219.5:1867.2,220.6:1860.7,221.7:1851.7,222.7:1841.0,223.7:1831.2,224.7:1826.0,225.8:1827.5,226.8:1824.0,227.8:1813.2,228.9:1809.7,229.9:1806.7,230.9:1804.7,232.0:1804.7,233.0:1802.0,234.1:1800.7,235.1:1801.2,236.1:1801.0,237.2:1799.0,238.2:1800.0,239.2:1804.5,240.2:1808.2,241.3:1814.2,242.3:1817.0,243.3:1826.7,251.6:0.0,252.6:0.0,246.6:0.0,247.6:1552.2,255.7:0.0,249.6:1552.0,250.7:1547.5,251.7:1550.2,252.7:1558.5,253.8:1571.5,254.7:1578.2,255.8:1585.5,256.8:1594.7,257.9:1604.5,258.9:1615.2,259.9:1623.2,260.9:1638.0,262.0:1653.2,270.1:0.0,264.0:1676.2,272.2:0.0,266.0:0.0,267.0:1770.5,275.3:0.0,276.3:0.0,277.3:0.0,278.4:0.0,279.4:0.0,280.4:0.0,281.5:0.0,282.4:0.0,283.4:0.0,284.5:0.0,285.5:0.0,286.5:0.0,287.6:0.0,288.6:0.0,289.6:0.0,290.6:0.0,291.7:0.0,292.7:0.0,293.7:0.0,294.7:0.0,295.8:0.0,296.8:0.0,297.8:0.0,298.9:0.0,293.2:0.0,300.9:0.0,295.3:1091.0,303.0:0.0,304.0:0.0,305.0:0.0,299.5:0.0,300.5:1035.2,301.6:1028.2,302.6:1022.0,303.7:1014.5,304.7:1007.2,305.7:1004.2,306.8:998.0,307.8:989.7,308.9:985.2,309.9:981.5,310.9:974.0,311.9:969.2,313.0:967.0,314.0:963.2,315.1:959.5,316.1:956.7,317.2:953.7,318.2:952.2,319.2:951.5,320.2:948.0,321.3:948.0,322.3:949.2,323.4:948.7,324.4:948.0,325.5:946.5,326.5:946.0,327.6:947.0,328.6:948.7,329.6:949.5,330.6:950.2,331.6:951.2,332.7:954.5,333.7:957.0,334.7:959.0,335.7:0.0,336.8:995.7,337.8:1001.7,345.4:0.0,346.4:0.0,347.4:0.0,348.5:0.0,349.5:0.0,350.5:0.0,351.5:0.0,352.6:0.0,353.6:0.0,354.7:0.0,355.7:0.0,356.7:0.0,357.8:0.0,
352.8:0.0,0.3:0.0,354.9:0.0,356.0:921.7,357.0:914.0,358.1:907.5,359.1:900.7,0.2:891.0,1.2:885.5,2.2:881.7,3.2:878.0,4.3:873.5,5.3:867.7,6.4:861.5,7.5:857.2,8.5:854.7,9.5:851.5,10.6:849.5,11.7:845.7,12.6:842.2,13.7:840.5,14.7:838.0,15.7:837.5,16.8:835.7,17.9:833.7,18.8:833.5,19.9:831.5,21.0:830.5,22.0:830.7,23.0:829.7,24.1:830.5,25.1:831.5,26.1:832.2,27.1:835.0,28.2:835.0,29.2:834.0,30.2:837.7,31.3:841.7,32.2:843.5,33.3:846.7,34.3:849.0,35.4:851.2,36.4:857.0,37.4:863.2,38.5:867.2,39.5:870.2,40.5:876.2,41.6:882.5,42.5:887.2,43.6:892.7,44.6:897.2,45.6:902.5,46.6:910.0,47.6:917.7,48.7:924.5,56.2:0.0,57.2:0.0,51.7:939.5,52.7:956.7,60.3:0.0,61.3:0.0,62.4:0.0,63.4:0.0,57.8:0.0,65.5:0.0,66.5:0.0,67.5:0.0,68.5:0.0,69.6:0.0,70.6:0.0,71.6:0.0,72.7:0.0,73.7:0.0,74.7:0.0,75.8:0.0,76.8:0.0,77.8:0.0,78.9:0.0,79.9:0.0,81.0:0.0,82.0:0.0,83.0:0.0,84.0:0.0,85.1:0.0,79.7:0.0,80.9:884.0,81.8:877.5,82.8:879.7,83.7:884.7,91.2:0.0,86.0:878.5,86.9:868.0,87.9:870.5,88.9:874.5,90.0:877.2,90.9:881.0,92.1:888.5,93.1:895.7,94.0:901.7,95.1:909.0,96.2:912.7,97.2:917.7,104.6:0.0,105.6:0.0,106.6:0.0,101.2:0.0,102.2:957.7,109.7:0.0,110.7:0.0,105.2:0.0,112.8:0.0,113.8:0.0,114.9:0.0,115.9:0.0,117.0:0.0,118.0:0.0,119.0:0.0,120.1:0.0,121.1:0.0,122.1:0.0,123.2:0.0,124.2:0.0,118.4:0.0,119.5:1172.0,120.5:1175.0,121.5:1176.5,122.5:1178.5,123.6:1182.7,124.7:1186.5,125.7:1190.7,126.7:1194.7,127.7:1198.7,128.7:1202.7,129.7:1207.5,130.8:1214.7,131.9:1223.0,132.8:1233.2,133.9:1242.2,134.9:1248.0,136.0:1254.7,136.9:1264.2,138.0:1272.7,139.0:1280.5,140.0:1291.7,141.1:1303.5,142.1:1315.7,143.1:1326.7,144.1:1340.7,145.1:1358.5,146.2:1371.0,147.2:1386.7,148.2:1407.0,149.3:1424.2,150.2:1443.0,158.3:0.0,159.3:0.0,160.4:0.0,161.4:0.0,162.5:0.0,163.5:0.0,164.5:0.0,165.6:0.0,166.6:0.0,167.7:0.0,168.7:0.0,169.7:0.0,170.8:0.0,171.8:0.0,172.8:0.0,167.2:0.0,168.2:1129.2,169.2:1124.5,177.0:0.0,178.0:0.0,179.0:0.0,180.1:0.0,181.1:0.0,182.1:0.0,183.2:0.0,184.2:0.0,185.2:0.0,186.3:0.0,187.3:0.0,188.4:0.0,182.2:0.0,183.3:1705.0,184.4:1696.5,185.4:1686.0,186.5:1677.0,187.5:1669.7,188.5:1665.2,189.6:1659.5,190.6:1652.0,191.6:1646.7,192.7:1642.7,193.7:1639.7,194.7:1639.0,195.8:1635.5,196.8:1632.7,197.8:1633.2,198.9:1631.2,199.9:1633.5,201.0:1635.5,202.0:1635.0,203.0:1638.5,204.0:1639.5,205.1:1639.5,206.1:1641.0,207.2:1642.7,208.2:1643.5,209.3:1645.7,210.3:1651.5,211.3:1658.5,212.3:1664.0,213.4:1668.7,214.5:1675.2,215.5:1684.7,216.5:1694.5,217.5:1704.2,225.7:0.0,226.7:0.0,227.8:0.0,228.8:0.0,222.8:0.0,223.8:1467.2,231.9:0.0,225.9:1473.2,234.0:0.0,228.0:1486.0,229.0:1499.2,230.0:1513.7,231.0:1531.0,239.2:0.0,233.1:1547.7,241.2:0.0,242.3:0.0,236.2:0.0,237.2:1625.7,245.4:0.0,246.4:0.0,247.4:0.0,248.5:0.0,249.5:0.0,250.5:0.0,251.6:0.0,252.6:0.0,253.7:0.0,254.7:0.0,255.7:0.0,256.8:0.0,257.8:0.0,258.7:0.0,259.8:0.0,260.8:0.0,261.8:0.0,262.9:0.0,263.9:0.0,264.9:0.0,266.0:0.0,260.1:0.0,268.0:0.0,269.1:0.0,270.1:0.0,271.1:0.0,272.2:0.0,273.2:0.0,267.3:0.0,275.2:0.0,269.4:1274.2,270.5:1265.2,271.5:1258.0,272.6:1247.7,273.5:1243.2,281.5:0.0,275.7:1236.0,276.7:1223.0,277.6:1215.2,278.7:1211.0,279.7:1207.7,280.7:1206.7,281.8:1203.5,282.9:1202.2,283.9:1199.5,284.9:1195.2,285.9:1191.5,287.0:1189.5,288.0:1190.5,289.1:1190.2,290.0:1188.0,291.1:1187.0,292.1:1188.5,293.2:1188.2,294.2:1187.5,295.2:1189.0,296.2:1193.0,297.3:1194.2,298.3:1197.2,299.4:1201.7,300.5:1204.2,301.5:1206.0,302.5:1208.0,303.5:1212.7,311.3:0.0,312.4:0.0,306.6:0.0,307.6:1269.0,308.6:1272.7,316.5:0.0,317.5:0.0,318.6:0.0,319.6:0.0,320.6:0.0,321.7:0.0,322.7:0.0,323.7:0.0,324.8:0.0,325.8:0.0,326.8:0.0,327.9:0.0,328.9:0.0,324.0:0.0,331.0:0.0,326.1:0.0,327.1:689.5,328.2:687.5,329.3:688.2,330.3:691.0,337.2:0.0,338.2:0.0,339.3:0.0,340.3:0.0,341.3:0.0,342.4:0.0,343.4:0.0,344.4:0.0,345.5:0.0,346.5:0.0,347.5:0.0,348.6:0.0,349.6:0.0,350.6:0.0,351.7:0.0,352.7:0.0,353.7:0.0,354.8:0.0,355.8:0.0,356.8:0.0,357.9:0.0,
353.7:0.0,354.9:626.5,356.0:617.2,356.9:612.7,358.0:608.0,359.1:601.7,0.1:598.2,1.3:594.7,2.1:590.2,3.2:587.2,4.2:584.7,5.3:581.0,6.3:576.7,7.5:574.5,8.4:573.2,9.4:572.0,10.6:569.0,11.8:565.5,12.7:563.5,13.8:562.5,14.7:561.7,15.9:560.5,16.9:559.5,17.9:558.7,19.0:558.2,20.0:557.2,20.9:556.2,22.0:556.5,23.0:557.2,24.0:557.0,25.0:557.0,26.0:558.5,27.2:559.7,28.1:560.7,29.2:561.2,30.3:563.2,31.3:565.2,32.2:567.0,33.5:568.2,34.4:570.0,35.2:572.2,36.5:574.2,37.4:576.2,38.5:578.2,39.6:580.7,40.4:584.7,41.4:587.7,42.5:589.5,43.6:593.5,44.6:599.0,45.5:603.5,46.5:606.2,47.7:609.7,48.6:615.7,49.6:623.2,50.5:629.7,51.7:636.0,52.6:643.0,59.4:0.0,54.6:653.0,61.5:0.0,62.5:0.0,63.5:0.0,64.6:0.0,59.7:0.0,66.6:0.0,67.7:0.0,68.7:0.0,69.7:0.0,70.7:0.0,71.8:0.0,72.8:0.0,73.8:0.0,74.9:0.0,75.9:0.0,76.9:0.0,78.0:0.0,79.0:0.0,80.0:0.0,81.1:0.0,82.1:0.0,83.1:0.0,84.2:0.0,85.2:0.0,86.2:0.0,87.2:0.0,88.3:0.0,89.3:0.0,90.3:0.0,91.3:0.0,92.3:0.0,93.4:0.0,94.4:0.0,95.4:0.0,96.5:0.0,97.5:0.0,98.5:0.0,99.5:0.0,100.6:0.0,101.6:0.0,102.6:0.0,103.7:0.0,104.7:0.0,99.3:0.0,100.4:888.0,101.4:893.0,102.4:901.5,109.8:0.0,104.5:902.0,105.5:901.0,106.5:907.7,114.0:0.0,115.0:0.0,116.0:0.0,117.0:0.0,118.0:0.0,119.1:0.0,120.1:0.0,121.1:0.0,122.2:0.0,123.2:0.0,124.2:0.0,125.2:0.0,126.3:0.0,127.3:0.0,128.3:0.0,129.3:0.0,130.4:0.0,131.4:0.0,132.4:0.0,133.5:0.0,127.4:0.0,128.6:0.0,129.7:1351.2,130.6:1348.0,131.7:1359.7,132.7:1367.7,133.8:1373.5,134.8:1382.2,135.8:1393.0,136.8:1402.5,137.9:1416.5,138.9:1429.0,139.9:1438.0,140.9:1449.7,141.9:1463.7,142.9:1478.7,144.0:1495.2,145.0:1510.5,146.0:1526.0,147.0:1544.2,148.1:1562.7,149.1:1582.2,150.1:1603.7,151.1:1624.5,152.2:1643.7,153.2:1664.0,154.2:1690.2,155.3:1723.0,163.5:0.0,164.5:0.0,158.5:0.0,166.6:0.0,167.6:0.0,168.7:0.0,162.6:0.0,170.7:0.0,171.8:0.0,172.8:0.0,173.8:0.0,174.9:0.0,175.9:0.0,176.9:0.0,171.0:0.0,179.0:0.0,180.0:0.0,181.1:0.0,182.1:0.0,183.2:0.0,184.2:0.0,185.2:0.0,186.2:0.0,187.2:0.0,181.0:0.0,182.0:2018.2,183.1:2003.7,184.1:1993.0,185.1:1984.7,186.1:1977.0,187.2:1967.2,188.2:1958.5,189.3:1954.2,190.3:1949.5,191.3:1938.7,192.4:1930.5,193.4:1925.5,194.4:1924.2,195.5:1923.5,196.5:1932.5,197.5:1930.0,198.5:1916.0,199.6:1915.5,200.6:1916.5,201.6:1916.0,202.7:1916.7,203.7:1917.5,204.8:1919.7,205.8:1922.2,206.8:1925.0,207.9:1932.0,208.9:1935.7,209.9:1940.0,211.0:1944.0,212.0:1954.7,220.3:0.0,221.3:0.0,222.3:0.0,216.2:0.0,217.2:1696.2,218.3:1693.2,219.3:1689.0,220.4:1695.2,221.4:1704.2,222.4:1718.0,223.4:1729.7,224.4:1739.0,225.5:1755.0,226.5:1772.2,227.5:1780.2,228.5:1791.0,229.6:1812.7,237.8:0.0,238.8:0.0,239.9:0.0,233.7:0.0,241.9:0.0,243.0:0.0,244.0:0.0,245.0:0.0,246.1:0.0,247.1:0.0,248.1:0.0,249.2:0.0,250.2:0.0,251.2:0.0,252.3:0.0,253.3:0.0,254.3:0.0,255.4:0.0,256.4:0.0,257.4:0.0,258.4:0.0,259.4:0.0,260.5:0.0,261.5:0.0,262.5:0.0,263.6:0.0,264.6:0.0,265.6:0.0,266.7:0.0,267.7:0.0,268.7:0.0,269.7:0.0,270.8:0.0,271.8:0.0,266.0:0.0,267.2:1175.2,268.2:1166.2,269.2:1156.0,277.0:0.0,271.3:1146.7,279.0:0.0,273.3:1130.5,274.3:1118.0,275.4:1111.7,276.3:1104.0,277.4:1101.7,278.5:1099.0,279.5:1094.0,280.5:1091.5,281.5:1090.0,282.6:1087.5,283.6:1084.2,284.6:1080.5,285.6:1079.2,286.7:1078.0,287.7:1076.7,288.7:1077.0,289.7:1075.7,290.7:1076.2,291.7:1078.0,292.9:1077.0,300.5:0.0,294.9:1090.5,295.8:1106.2,296.8:1108.0,304.6:0.0,305.6:0.0,306.7:0.0,307.8:0.0,308.8:0.0,309.8:0.0,310.8:0.0,311.9:0.0,308.3:0.0,309.0:453.5,310.4:453.0,311.2:452.2,312.3:453.2,313.4:453.0,314.2:455.0,315.5:459.0,316.2:461.5,317.5:464.0,318.5:467.2,319.3:470.2,320.2:473.7,321.5:480.0,322.5:484.2,323.4:486.5,324.4:491.7,330.5:0.0,331.5:0.0,332.5:0.0,333.6:0.0,334.6:0.0,335.6:0.0,336.7:0.0,337.7:0.0,338.7:0.0,339.8:0.0,340.8:0.0,341.8:0.0,342.8:0.0,343.9:0.0,344.9:0.0,346.0:0.0,347.0:0.0,348.0:0.0,349.0:0.0,350.1:0.0,351.1:0.0,352.1:0.0,353.2:0.0,354.2:0.0,349.4:0.0,350.4:686.5,357.3:0.0,358.3:0.0,
354.9:421.2,356.0:417.2,357.3:413.7,358.4:409.5,359.1:406.2,0.3:403.5,1.4:400.7,2.5:398.7,3.4:395.7,4.7:392.5,5.6:390.0,6.4:388.5,7.8:388.0,8.7:386.7,10.0:383.5,10.9:381.5,12.0:381.2,13.1:379.5,14.2:378.0,15.1:376.5,16.1:376.5,17.2:376.2,18.1:375.2,19.1:375.0,20.5:374.5,21.5:374.5,22.3:374.7,23.5:374.2,24.5:374.2,25.3:374.7,26.2:375.0,27.5:375.5,28.4:376.0,29.7:376.7,30.5:378.0,31.8:379.2,32.6:380.5,33.9:381.5,34.6:383.2,35.5:385.7,36.9:387.0,37.6:388.5,38.8:390.7,39.5:394.0,40.9:395.5,41.8:396.2,42.6:399.5,43.9:403.0,44.6:405.2,45.7:408.0,46.7:411.7,47.8:414.5,48.8:417.7,49.8:422.0,50.7:426.0,51.6:430.7,52.9:434.0,53.7:438.2,59.5:0.0,60.5:0.0,61.5:0.0,62.5:0.0,63.6:0.0,64.6:0.0,60.8:0.0,66.6:0.0,67.7:0.0,68.7:0.0,69.7:0.0,70.8:0.0,71.8:0.0,72.8:0.0,73.9:0.0,74.9:0.0,75.9:0.0,77.0:0.0,78.0:0.0,79.0:0.0,80.0:0.0,81.1:0.0,82.1:0.0,83.1:0.0,84.2:0.0,85.2:0.0,86.2:0.0,87.3:0.0,88.3:0.0,89.3:0.0,90.3:0.0,91.3:0.0,92.4:0.0,93.4:0.0,94.4:0.0,95.4:0.0,96.5:0.0,97.5:0.0,98.5:0.0,99.6:0.0,100.6:0.0,101.6:0.0,102.6:0.0,103.7:0.0,104.7:0.0,105.7:0.0,106.8:0.0,107.8:0.0,108.8:0.0,109.8:0.0,110.9:0.0,111.9:0.0,112.9:0.0,114.0:0.0,115.0:0.0,116.1:0.0,110.7:0.0,111.7:943.7,119.1:0.0,120.2:0.0,121.2:0.0,115.7:953.5,123.3:0.0,124.3:0.0,125.3:0.0,126.4:0.0,127.4:0.0,128.4:0.0,129.5:0.0,130.5:0.0,131.5:0.0,132.5:0.0,133.6:0.0,134.6:0.0,135.6:0.0,136.7:0.0,137.7:0.0,138.7:0.0,132.7:0.0,133.7:0.0,134.9:0.0,135.9:1483.2,136.9:1494.7,137.9:1508.5,139.0:1520.0,140.0:1529.7,141.0:1543.7,142.0:1558.2,143.0:1574.5,144.0:1591.7,145.0:1609.5,146.1:1629.0,147.1:1643.0,148.1:1658.2,149.2:1676.7,150.2:1698.7,151.2:1725.7,152.2:1747.7,153.2:1771.7,154.2:1800.5,155.4:1829.7,156.3:1861.5,157.4:1894.7,165.7:0.0,166.7:0.0,167.7:0.0,168.8:0.0,169.8:0.0,170.8:0.0,171.9:0.0,172.9:0.0,173.9:0.0,175.0:0.0,168.9:0.0,170.0:1637.5,171.0:1629.5,172.0:1617.7,180.1:0.0,181.2:0.0,182.2:0.0,183.2:0.0,184.3:0.0,185.3:0.0,186.3:0.0,187.4:0.0,181.0:0.0,182.1:2199.2,183.1:2186.0,184.2:2174.0,185.2:2163.2,186.2:2153.2,187.3:2145.0,188.3:2138.5,189.3:2130.7,190.4:2124.7,191.4:2122.2,192.5:2118.7,193.5:2111.2,194.5:2111.2,195.6:2111.2,196.6:2104.7,197.6:2101.0,198.6:2098.5,199.7:2097.0,200.7:2093.7,201.8:2095.5,202.8:2098.5,203.9:2100.2,204.9:2104.0,205.9:2104.2,206.9:2109.2,208.0:2116.5,209.0:2119.7,217.4:0.0,218.4:0.0,212.2:0.0,213.2:1850.2,221.5:0.0,215.3:1851.7,216.3:1853.5,217.3:1859.5,218.4:1866.0,219.5:1871.5,220.4:1881.7,221.5:1895.0,222.5:1904.0,223.5:1917.2,224.6:1936.7,225.6:1955.7,226.6:1979.0,227.7:1997.2,228.7:2008.5,229.7:2039.2,230.7:2070.7,239.0:0.0,240.1:0.0,241.1:0.0,242.1:0.0,243.2:0.0,244.2:0.0,245.2:0.0,246.3:0.0,247.3:0.0,248.3:0.0,249.4:0.0,250.4:0.0,251.4:0.0,252.5:0.0,253.5:0.0,254.5:0.0,255.6:0.0,256.6:0.0,257.6:0.0,258.6:0.0,259.7:0.0,260.7:0.0,261.7:0.0,262.7:0.0,263.8:0.0,264.8:0.0,259.1:0.0,266.9:0.0,267.9:0.0,268.9:0.0,270.0:0.0,271.0:0.0,265.3:0.0,266.4:1099.7,267.4:1090.7,268.4:1081.7,269.5:1078.0,270.5:1070.7,278.2:0.0,272.6:1059.2,273.7:1051.2,274.7:1048.0,275.7:1042.5,276.7:1036.2,277.8:1032.2,278.8:1028.5,279.8:1026.0,287.4:0.0,288.4:0.0,289.5:0.0,290.5:0.0,287.5:0.0,288.9:347.0,289.9:345.7,291.1:344.5,292.3:343.7,293.3:343.5,293.7:343.5,295.4:343.5,295.9:343.2,296.9:343.0,298.2:343.0,298.9:343.7,300.2:344.7,301.4:345.2,302.0:345.5,303.6:346.7,304.5:348.2,305.4:349.5,306.4:350.5,307.0:352.7,308.4:354.5,309.1:355.2,310.2:358.2,311.3:359.7,312.2:361.0,313.5:364.5,314.3:367.0,315.7:369.0,316.3:371.5,317.2:375.2,318.5:378.0,319.4:380.7,324.5:0.0,321.2:387.2,326.6:0.0,327.6:0.0,328.7:0.0,325.4:0.0,330.7:0.0,331.8:0.0,332.8:0.0,333.8:0.0,334.9:0.0,335.9:0.0,336.9:0.0,338.0:0.0,339.0:0.0,340.0:0.0,341.1:0.0,342.1:0.0,343.1:0.0,344.2:0.0,345.2:0.0,346.2:0.0,347.2:0.0,348.3:0.0,349.3:0.0,350.4:0.0,351.4:0.0,347.3:0.0,353.5:0.0,354.5:0.0,350.8:0.0,352.2:435.2,353.1:429.2,
352.5:0.0,353.6:881.0,354.6:884.2,2.0:0.0,3.0:0.0,357.7:885.0,358.7:887.0,359.7:894.2,0.7:900.0,8.2:0.0,9.2:0.0,10.2:0.0,11.3:0.0,12.3:0.0,13.4:0.0,14.4:0.0,15.4:0.0,16.5:0.0,17.5:0.0,18.5:0.0,19.6:0.0,20.6:0.0,21.6:0.0,22.7:0.0,23.7:0.0,24.7:0.0,25.7:0.0,26.8:0.0,27.8:0.0,28.8:0.0,22.9:0.0,30.9:0.0,25.1:0.0,26.1:1287.7,27.2:1292.2,28.2:1298.5,29.2:1303.5,30.2:1309.7,31.3:1318.7,32.3:1327.0,33.3:1334.2,34.3:1340.7,35.3:1350.7,36.4:1363.2,37.4:1372.2,38.5:1383.7,39.5:1400.5,40.5:1415.2,41.5:1427.2,42.5:1440.5,43.6:1454.0,44.5:1467.7,45.6:1484.0,46.6:1504.5,47.6:1523.2,48.6:1543.0,49.6:1565.0,50.7:1586.7,51.7:1609.0,52.7:1631.2,60.9:0.0,61.9:0.0,62.9:0.0,64.0:0.0,65.0:0.0,66.0:0.0,67.1:0.0,68.1:0.0,69.1:0.0,70.2:0.0,71.2:0.0,72.2:0.0,73.3:0.0,74.3:0.0,75.3:0.0,69.5:0.0,77.4:0.0,78.4:0.0,79.5:0.0,80.5:0.0,81.5:0.0,82.6:0.0,83.6:0.0,84.6:0.0,85.7:0.0,86.7:0.0,80.5:0.0,81.5:1918.7,82.6:1906.0,83.5:1894.7,84.5:1886.2,85.5:1878.2,86.6:1870.0,87.6:1863.5,88.7:1855.0,89.7:1845.2,90.7:1839.0,91.7:1833.2,92.8:1831.0,93.8:1826.2,94.8:1819.7,95.8:1825.0,96.9:1823.5,97.9:1813.7,99.0:1813.5,100.0:1813.7,101.0:1816.2,102.0:1822.2,103.0:1821.5,104.1:1819.2,105.1:1823.2,106.1:1829.7,107.2:1836.2,108.2:1840.7,109.2:1844.5,110.2:1850.0,111.2:1858.0,112.3:1868.7,120.5:0.0,121.6:0.0,122.6:0.0,116.5:0.0,117.6:1607.0,118.6:1612.0,119.6:1611.5,120.6:1611.0,121.7:1618.0,122.7:1627.0,123.7:1640.0,124.7:1653.2,125.8:1663.7,126.8:1678.0,127.8:1693.7,136.0:0.0,129.8:1717.7,138.1:0.0,139.1:0.0,140.2:0.0,141.2:0.0,135.0:0.0,143.3:0.0,144.3:0.0,145.3:0.0,146.4:0.0,147.4:0.0,148.4:0.0,149.5:0.0,150.5:0.0,151.5:0.0,152.5:0.0,153.6:0.0,154.6:0.0,155.6:0.0,156.7:0.0,157.7:0.0,158.7:0.0,159.8:0.0,160.8:0.0,161.8:0.0,162.9:0.0,163.9:0.0,165.0:0.0,166.0:0.0,167.0:0.0,168.1:0.0,169.1:0.0,170.1:0.0,171.2:0.0,172.2:0.0,173.2:0.0,167.5:0.0,168.6:1190.0,169.6:1184.0,170.6:1175.2,171.7:1167.2,172.7:1163.0,173.7:1160.5,174.7:1154.5,175.8:1144.7,176.8:1139.0,177.9:1135.7,178.9:1132.2,180.0:1128.5,181.0:1124.2,182.0:1121.0,183.1:1117.5,184.1:1113.0,185.2:1111.7,186.2:1111.2,187.2:1109.7,188.2:1108.5,189.3:1109.0,190.3:1110.5,191.4:1110.0,192.4:1111.0,193.4:1112.7,194.4:1112.7,195.5:1112.7,196.5:1114.5,204.2:0.0,198.5:0.0,199.5:1153.5,200.6:1155.7,208.4:0.0,209.4:0.0,210.4:0.0,211.5:0.0,212.5:0.0,213.5:0.0,214.5:0.0,215.6:0.0,216.6:0.0,217.6:0.0,218.7:0.0,214.4:0.0,215.5:523.7,216.6:522.2,217.7:523.5,218.6:523.5,219.5:523.5,220.7:525.5,221.8:528.5,222.8:534.2,223.6:540.0,230.0:0.0,231.1:0.0,232.1:0.0,233.1:0.0,234.2:0.0,235.2:0.0,236.2:0.0,237.3:0.0,238.3:0.0,239.3:0.0,240.4:0.0,241.4:0.0,242.4:0.0,243.5:0.0,244.5:0.0,245.5:0.0,246.6:0.0,247.6:0.0,248.6:0.0,249.7:0.0,250.7:0.0,251.7:0.0,252.8:0.0,253.8:0.0,254.8:0.0,249.8:0.0,250.8:781.5,257.9:0.0,258.9:0.0,254.0:0.0,255.0:720.7,256.1:714.2,257.1:708.0,258.1:703.2,259.2:699.0,260.3:694.2,261.4:687.7,262.3:683.2,263.5:680.7,264.5:677.0,265.6:674.5,266.6:672.2,267.6:669.2,268.7:667.0,269.7:664.0,270.7:659.7,271.7:657.0,272.8:656.0,273.9:654.0,274.9:653.0,275.9:652.5,276.7:651.0,277.8:649.5,278.8:649.7,280.0:649.5,281.0:649.0,282.0:649.2,283.0:649.5,283.9:652.0,285.0:652.5,286.1:651.7,287.1:652.5,288.1:653.5,289.1:655.0,290.2:657.0,291.2:660.0,292.2:663.7,293.2:665.2,294.2:667.0,295.3:671.5,296.3:673.2,297.2:675.5,298.3:679.7,299.3:682.2,300.5:685.0,301.4:689.5,302.5:693.2,303.5:697.0,304.4:703.2,305.5:710.5,306.6:718.5,307.5:725.2,308.4:731.2,309.5:738.0,310.5:746.0,317.6:0.0,318.7:0.0,313.5:761.2,314.6:778.0,321.8:0.0,322.8:0.0,317.7:794.7,318.6:814.2,325.9:0.0,326.9:0.0,328.0:0.0,329.0:0.0,330.0:0.0,331.1:0.0,332.1:0.0,333.2:0.0,334.2:0.0,335.2:0.0,336.2:0.0,337.3:0.0,338.3:0.0,339.3:0.0,340.4:0.0,341.4:0.0,342.5:0.0,343.5:0.0,344.5:0.0,345.5:0.0,346.6:0.0,347.6:0.0,348.6:0.0,349.7:0.0,350.7:0.0,351.7:0.0,352.8:0.0,353.8:0.0,354.9:0.0,355.9:0.0,357.0:0.0,351.7:0.0,
353.1:690.0,354.1:694.5,0.9:0.0,356.0:691.2,357.1:686.7,358.2:689.2,359.2:694.2,0.2:700.5,1.2:706.5,2.2:711.2,9.2:0.0,10.2:0.0,11.2:0.0,12.3:0.0,13.3:0.0,14.3:0.0,15.4:0.0,16.4:0.0,17.4:0.0,18.5:0.0,19.5:0.0,20.6:0.0,21.6:0.0,22.6:0.0,23.7:0.0,24.7:0.0,25.7:0.0,26.8:0.0,27.8:0.0,28.8:0.0,29.9:0.0,30.9:0.0,31.9:0.0,26.1:0.0,27.2:0.0,28.3:0.0,29.4:1115.2,30.4:1119.7,31.5:1124.7,32.5:1130.2,33.5:1137.2,34.5:1144.7,35.6:1152.2,36.6:1161.2,37.6:1170.7,38.6:1179.5,39.7:1190.5,40.7:1202.7,41.7:1213.7,42.7:1226.2,43.7:1240.5,44.7:1253.7,45.7:1266.7,46.8:1279.2,47.8:1294.2,48.8:1311.0,49.9:1328.0,50.9:1347.2,51.8:1366.2,52.9:1386.7,53.9:1410.0,54.9:1434.0,55.9:1455.5,57.0:1478.7,58.0:1507.2,58.9:1523.7,67.0:0.0,68.1:0.0,69.1:0.0,70.1:0.0,71.2:0.0,72.2:0.0,66.3:0.0,67.3:1373.5,75.3:0.0,76.3:0.0,77.3:0.0,78.4:0.0,79.4:0.0,80.4:0.0,74.6:0.0,75.6:1271.7,76.7:1266.7,77.7:1264.7,85.6:0.0,86.6:0.0,87.7:0.0,88.7:0.0,89.7:0.0,90.7:0.0,91.7:0.0,85.5:0.0,86.6:1903.7,87.6:1894.7,88.6:1885.5,89.7:1881.0,90.7:1876.5,91.7:1871.2,92.8:1867.7,93.8:1864.2,94.8:1864.2,95.8:1859.5,96.9:1853.2,97.9:1853.5,98.9:1854.0,100.0:1854.0,101.0:1855.2,102.0:1864.7,103.1:1865.5,104.1:1861.2,105.1:1867.0,106.1:1868.7,107.2:1872.5,108.2:1878.7,109.3:1883.2,110.3:1888.2,111.3:1896.0,112.3:1904.7,113.3:1914.5,114.4:1922.7,115.4:1929.7,116.4:1939.7,117.5:1952.5,125.7:0.0,126.8:0.0,127.8:0.0,128.8:0.0,122.7:0.0,123.7:1716.0,124.7:1722.5,125.7:1724.5,134.0:0.0,127.8:1747.7,136.0:0.0,129.9:1775.7,138.1:0.0,139.2:0.0,140.2:0.0,141.2:0.0,142.3:0.0,143.3:0.0,144.3:0.0,145.4:0.0,146.4:0.0,147.4:0.0,148.5:0.0,149.5:0.0,150.5:0.0,151.6:0.0,152.6:0.0,153.6:0.0,154.7:0.0,155.7:0.0,156.7:0.0,157.7:0.0,158.8:0.0,159.8:0.0,160.8:0.0,161.9:0.0,155.8:0.0,156.9:1550.0,158.0:1539.7,159.0:1522.7,167.1:0.0,168.1:0.0,169.2:0.0,170.2:0.0,171.2:0.0,172.3:0.0,166.4:0.0,167.3:1401.0,168.4:1392.2,169.5:1383.7,170.5:1374.5,171.5:1368.2,172.5:1362.5,173.6:1352.7,174.6:1346.0,175.6:1339.7,176.7:1332.5,184.7:0.0,178.8:1329.2,186.7:0.0,180.8:1319.5,181.9:1310.2,182.9:1307.7,183.9:1306.0,184.9:1305.0,186.0:1303.5,187.1:1301.5,188.1:1299.7,189.1:1300.7,190.2:1303.0,191.2:1303.2,192.2:1302.5,193.3:1304.2,194.3:1310.5,195.3:1327.2,196.3:1339.0,204.3:0.0,205.3:0.0,206.3:0.0,207.4:0.0,208.4:0.0,209.4:0.0,210.5:0.0,205.7:0.0,206.6:687.5,207.8:686.5,208.9:686.7,209.7:688.2,210.9:690.2,211.8:692.7,212.9:696.7,213.9:701.7,214.8:708.2,216.0:714.0,217.0:719.7,218.0:726.2,225.0:0.0,220.0:736.2,227.0:0.0,228.1:0.0,223.1:753.0,224.1:766.0,231.2:0.0,232.2:0.0,233.2:0.0,234.2:0.0,229.1:0.0,236.3:0.0,237.3:0.0,238.4:0.0,239.4:0.0,240.4:0.0,241.5:0.0,242.5:0.0,243.5:0.0,244.6:0.0,245.6:0.0,246.6:0.0,247.6:0.0,248.7:0.0,249.7:0.0,250.7:0.0,251.8:0.0,252.8:0.0,253.8:0.0,249.0:0.0,250.0:706.7,251.1:700.5,258.0:0.0,253.1:691.0,254.2:680.0,255.3:671.5,256.2:665.7,257.3:662.2,258.3:659.0,259.4:656.0,260.5:652.5,261.5:648.0,262.5:643.5,263.6:639.7,264.6:635.7,265.6:631.7,266.8:631.2,267.7:629.5,268.9:626.5,269.9:623.2,270.8:619.7,271.8:619.7,273.0:617.7,274.0:615.0,275.1:615.0,276.1:613.7,277.0:612.0,278.0:611.0,279.1:610.7,280.1:611.5,281.2:611.0,282.2:610.7,283.2:611.2,284.3:612.7,285.2:613.7,286.3:614.2,287.3:615.2,288.4:615.7,289.2:617.5,290.2:619.7,291.4:621.7,292.5:624.0,293.3:625.5,294.5:628.0,295.5:630.0,296.4:634.0,297.4:638.7,298.5:641.7,299.5:644.2,300.7:647.0,301.5:651.2,302.7:656.0,303.7:659.2,304.6:666.0,305.7:672.7,306.6:678.0,307.6:682.0,308.7:687.0,309.6:694.5,310.6:700.5,311.7:707.2,318.7:0.0,313.8:719.5,320.8:0.0,321.8:0.0,322.8:0.0,323.9:0.0,324.9:0.0,325.9:0.0,327.0:0.0,328.0:0.0,329.0:0.0,330.0:0.0,331.1:0.0,332.1:0.0,333.1:0.0,334.2:0.0,335.2:0.0,336.2:0.0,337.3:0.0,338.3:0.0,339.3:0.0,340.4:0.0,341.4:0.0,342.4:0.0,343.5:0.0,344.5:0.0,345.5:0.0,346.5:0.0,347.6:0.0,348.6:0.0,349.6:0.0,350.7:0.0,351.7:0.0,352.7:0.0,353.8:0.0,349.0:0.0,350.0:688.0,351.1:685.7,352.0:686.7,
355.0:394.2,356.2:396.7,357.3:399.2,358.3:401.2,3.5:0.0,0.2:406.0,5.6:0.0,2.2:413.5,7.7:0.0,4.0:423.5,9.7:0.0,10.7:0.0,11.8:0.0,12.8:0.0,13.9:0.0,14.9:0.0,15.9:0.0,17.0:0.0,18.0:0.0,19.0:0.0,20.0:0.0,21.1:0.0,22.1:0.0,23.2:0.0,24.2:0.0,25.2:0.0,26.2:0.0,27.3:0.0,28.3:0.0,29.4:0.0,30.4:0.0,31.4:0.0,32.5:0.0,33.5:0.0,34.5:0.0,35.5:0.0,36.6:0.0,37.6:0.0,38.6:0.0,39.7:0.0,34.1:0.0,35.2:0.0,36.4:0.0,37.5:0.0,38.6:876.5,39.6:880.5,40.6:888.5,41.6:896.0,42.6:905.0,43.6:915.0,44.7:923.5,45.7:933.5,46.7:944.5,47.7:956.0,48.7:968.2,49.8:980.5,50.8:992.7,51.8:1005.7,52.8:1020.5,53.8:1035.0,54.8:1049.5,55.8:1066.5,56.8:1084.2,57.8:1102.2,58.9:1121.2,59.8:1142.0,60.8:1164.2,61.8:1186.0,62.9:1210.0,63.8:1238.7,64.9:1265.7,65.9:1291.2,66.9:1322.5,67.9:1354.7,75.9:0.0,69.9:1377.0,71.0:1378.2,72.1:1366.2,80.0:0.0,81.0:0.0,82.1:0.0,83.1:0.0,84.1:0.0,78.3:0.0,79.3:1293.0,80.4:1286.7,81.4:1279.5,82.4:1271.7,83.4:1266.0,84.5:1258.2,85.5:1252.7,86.5:1251.5,87.6:1247.7,88.6:1240.7,89.7:1237.7,97.5:0.0,98.5:0.0,99.5:0.0,100.6:0.0,101.6:0.0,95.4:0.0,96.4:1908.2,97.4:1907.0,98.5:1905.0,99.5:1904.2,100.5:1902.7,101.6:1902.5,102.6:1901.2,103.6:1904.2,104.6:1909.5,105.7:1911.5,106.7:1913.0,107.7:1915.5,108.8:1919.7,109.8:1931.7,110.8:1949.0,111.8:1957.0,112.9:1957.7,113.9:1965.5,115.0:1974.2,116.0:1982.2,117.0:1991.7,118.0:2000.5,119.0:2013.5,120.0:2029.7,121.1:2047.2,122.1:2063.5,123.1:2081.2,124.1:2100.5,132.5:0.0,133.5:0.0,134.5:0.0,135.6:0.0,129.4:0.0,137.6:0.0,138.7:0.0,139.8:0.0,140.8:0.0,141.8:0.0,142.9:0.0,143.9:0.0,144.9:0.0,146.0:0.0,147.0:0.0,148.0:0.0,149.1:0.0,150.1:0.0,151.1:0.0,152.2:0.0,153.2:0.0,154.2:0.0,155.3:0.0,156.3:0.0,157.3:0.0,158.4:0.0,159.4:0.0,160.4:0.0,161.5:0.0,162.5:0.0,163.5:0.0,164.6:0.0,165.6:0.0,166.6:0.0,167.7:0.0,168.7:0.0,162.5:0.0,163.6:1776.5,164.6:1767.0,165.7:1749.5,166.7:1732.5,167.7:1721.0,168.8:1708.5,169.8:1694.7,170.8:1682.7,171.9:1672.0,172.9:1662.7,174.0:1653.2,175.0:1643.0,176.1:1633.0,177.1:1627.7,178.1:1623.2,179.1:1616.5,180.2:1608.7,181.2:1604.0,182.2:1603.2,183.3:1598.2,184.3:1597.0,185.3:1596.2,186.4:1593.2,187.4:1594.7,188.5:1595.0,189.5:1592.2,190.5:1592.0,191.5:1591.2,192.5:1605.0,193.6:1620.0,194.6:1603.0,202.7:0.0,203.8:0.0,198.3:0.0,199.3:951.5,200.4:950.0,201.4:951.7,202.4:952.7,203.5:953.5,204.5:956.5,205.6:959.5,206.6:963.7,207.7:967.2,208.7:973.5,209.7:979.2,210.8:983.0,211.7:991.5,212.7:998.7,213.7:1003.5,214.7:1013.0,215.8:1021.7,216.8:1028.7,217.9:1037.2,225.5:0.0,226.5:0.0,227.6:0.0,221.9:0.0,229.6:0.0,224.0:0.0,231.7:0.0,232.7:0.0,233.7:0.0,234.8:0.0,235.8:0.0,236.8:0.0,237.9:0.0,238.9:0.0,239.9:0.0,241.0:0.0,242.0:0.0,243.0:0.0,244.1:0.0,245.1:0.0,246.1:0.0,247.2:0.0,248.2:0.0,249.2:0.0,250.3:0.0,251.3:0.0,252.3:0.0,253.4:0.0,254.4:0.0,249.6:0.0,250.7:641.2,251.7:635.0,252.9:630.0,253.8:622.5,254.9:615.7,256.0:610.5,257.0:605.5,258.0:600.2,259.1:595.5,260.3:591.7,261.2:589.0,262.3:585.7,263.3:580.5,264.5:577.5,265.5:576.7,266.5:574.0,267.6:570.2,268.5:567.7,269.7:566.0,270.5:564.7,271.7:564.2,272.7:562.0,273.7:559.0,274.8:557.0,275.8:553.7,276.8:553.7,277.7:555.5,278.7:554.7,279.7:555.0,280.8:555.5,281.8:555.2,282.8:556.0,284.0:556.2,284.9:555.2,286.0:556.0,287.1:557.0,288.1:557.7,288.9:560.2,290.0:561.0,291.0:563.0,292.1:566.0,293.0:569.2,294.0:571.5,295.1:571.7,296.3:574.0,297.3:577.7,298.1:581.0,299.2:583.0,300.3:586.2,301.4:591.0,302.2:595.0,303.2:598.2,304.5:603.2,305.3:608.2,306.5:611.5,307.5:616.0,308.5:624.2,309.4:633.0,310.3:638.5,317.2:0.0,312.4:647.2,319.2:0.0,320.2:0.0,321.3:0.0,322.3:0.0,323.3:0.0,324.4:0.0,325.4:0.0,326.4:0.0,327.5:0.0,328.5:0.0,329.5:0.0,330.6:0.0,331.7:0.0,332.7:0.0,333.7:0.0,334.7:0.0,335.8:0.0,336.8:0.0,337.8:0.0,338.9:0.0,339.9:0.0,340.9:0.0,342.0:0.0,343.0:0.0,344.0:0.0,345.1:0.0,346.1:0.0,347.1:0.0,343.7:0.0,344.8:398.5,346.0:399.0,346.8:400.0,348.2:401.0,349.0:403.0,350.1:405.7,355.4:0.0,356.5:0.0,357.5:0.0,354.5:0.0,
352.6:0.0,353.7:0.0,354.8:0.0,355.9:1116.5,356.9:1121.2,357.9:1127.2,358.9:1134.2,359.9:1142.0,1.0:1150.2,2.0:1159.2,3.0:1167.5,4.0:1175.0,5.1:1186.5,6.1:1197.2,7.1:1208.0,8.1:1220.5,9.1:1233.5,10.1:1247.7,11.2:1260.5,12.2:1272.5,13.3:1288.0,14.3:1303.0,15.3:1319.5,16.3:1338.7,17.3:1358.2,18.3:1378.5,19.4:1400.7,20.4:1423.2,21.4:1442.7,22.4:1465.5,23.4:1496.0,24.5:1533.7,32.5:0.0,33.6:0.0,34.6:0.0,35.6:0.0,36.7:0.0,37.7:0.0,38.7:0.0,39.8:0.0,40.8:0.0,41.8:0.0,42.9:0.0,43.9:0.0,45.0:0.0,46.0:0.0,40.1:0.0,41.2:1274.7,42.2:1268.0,43.2:1267.2,51.2:0.0,52.2:0.0,53.2:0.0,54.3:0.0,55.3:0.0,56.3:0.0,57.4:0.0,58.4:0.0,52.2:0.0,53.2:1896.2,54.2:1888.0,55.3:1881.2,56.4:1881.7,57.4:1876.7,58.4:1869.2,59.3:1865.5,60.4:1863.2,61.4:1861.5,62.5:1857.5,63.5:1852.5,64.5:1851.5,65.6:1854.7,66.6:1855.5,67.6:1857.5,68.6:1859.5,69.6:1860.0,70.7:1863.2,71.7:1868.0,72.7:1871.2,73.8:1871.7,74.8:1876.2,75.9:1882.7,76.8:1892.5,77.9:1900.7,78.9:1905.5,80.0:1913.7,81.0:1921.7,82.0:1929.5,83.0:1941.0,84.0:1963.2,92.3:0.0,93.4:0.0,94.4:0.0,88.2:0.0,89.3:1709.2,90.3:1721.7,91.4:1727.2,99.6:0.0,100.6:0.0,94.5:1745.7,95.4:1771.2,96.5:1782.2,104.7:0.0,105.7:0.0,106.8:0.0,107.8:0.0,108.8:0.0,109.9:0.0,110.9:0.0,104.6:0.0,113.0:0.0,114.0:0.0,115.0:0.0,116.0:0.0,117.1:0.0,118.1:0.0,119.1:0.0,120.1:0.0,121.2:0.0,122.2:0.0,123.2:0.0,117.1:0.0,125.3:0.0,126.3:0.0,127.3:0.0,121.3:0.0,129.4:0.0,130.4:0.0,124.5:1542.0,125.4:1515.7,133.5:0.0,134.5:0.0,135.6:0.0,136.6:0.0,137.6:0.0,138.7:0.0,132.8:0.0,133.9:1396.5,134.9:1388.0,135.9:1380.2,137.0:1374.0,138.0:1369.0,139.0:1359.7,140.1:1347.7,141.1:1342.0,149.0:0.0,150.1:0.0,151.1:0.0,152.1:0.0,146.2:1325.7,147.3:1310.2,148.4:1308.2,149.3:1307.5,150.4:1305.5,151.5:1303.7,152.4:1302.2,153.5:1301.5,154.5:1303.0,155.7:1301.7,156.7:1301.2,157.6:1301.7,158.7:1303.5,159.7:1305.2,167.7:0.0,161.8:1321.7,162.8:1338.2,170.7:0.0,171.8:0.0,172.8:0.0,173.9:0.0,174.9:0.0,175.9:0.0,177.0:0.0,172.1:0.0,173.1:686.2,174.1:684.7,175.2:685.2,176.2:687.7,177.2:690.2,178.3:694.2,179.3:698.2,180.2:701.2,181.3:704.2,182.3:709.7,183.3:716.2,184.5:722.7,185.5:731.0,186.4:738.7,193.5:0.0,194.5:0.0,189.5:752.0,190.5:766.2,191.5:775.0,198.6:0.0,199.7:0.0,194.5:0.0,195.5:815.2,202.8:0.0,203.8:0.0,204.8:0.0,205.9:0.0,206.9:0.0,201.6:0.0,209.0:0.0,210.0:0.0,211.0:0.0,212.1:0.0,213.1:0.0,214.1:0.0,215.2:0.0,216.2:0.0,217.2:0.0,212.2:0.0,219.3:0.0,214.4:729.7,221.4:0.0,216.4:711.5,217.4:703.7,224.5:0.0,225.5:0.0,220.6:0.0,221.7:672.0,222.9:667.0,223.8:663.2,224.9:658.5,225.9:654.5,226.9:650.0,227.9:646.7,229.0:641.7,230.0:637.0,231.2:634.5,232.2:632.5,233.1:629.2,234.4:626.5,235.2:625.0,236.3:623.2,237.3:621.2,238.5:618.5,239.5:616.7,240.5:615.5,241.5:615.0,242.5:614.0,243.6:612.5,244.6:611.5,245.6:612.0,246.6:612.2,247.7:611.7,248.9:612.2,249.8:612.7,250.9:612.5,251.7:613.0,253.0:615.2,253.9:615.5,254.9:617.5,255.9:621.0,256.9:621.2,257.9:622.7,259.0:625.7,260.1:627.2,261.1:629.5,262.0:631.7,263.2:634.2,264.0:640.2,265.2:644.7,266.2:647.5,267.2:650.5,268.2:649.7,269.3:653.2,270.1:661.5,271.3:669.2,272.2:674.7,273.2:680.2,274.2:686.7,275.3:691.5,276.2:696.7,277.3:704.0,284.2:0.0,285.2:0.0,286.3:0.0,287.3:0.0,288.3:0.0,289.3:0.0,290.4:0.0,291.4:0.0,292.4:0.0,293.5:0.0,294.5:0.0,295.5:0.0,296.5:0.0,297.6:0.0,298.6:0.0,299.6:0.0,300.6:0.0,301.7:0.0,302.7:0.0,303.7:0.0,304.7:0.0,305.8:0.0,306.9:0.0,307.9:0.0,309.0:0.0,310.0:0.0,311.0:0.0,312.1:0.0,313.1:0.0,314.1:0.0,315.2:0.0,316.2:0.0,317.2:0.0,318.2:0.0,319.3:0.0,320.3:0.0,315.5:698.0,316.5:687.2,317.5:687.7,318.6:690.0,319.6:694.2,320.6:697.0,327.5:0.0,322.7:694.5,323.7:691.0,324.8:691.7,325.7:696.7,326.8:703.5,333.7:0.0,334.8:0.0,335.8:0.0,336.8:0.0,337.9:0.0,338.9:0.0,339.9:0.0,341.0:0.0,342.0:0.0,343.0:0.0,344.1:0.0,345.1:0.0,346.1:0.0,347.2:0.0,348.2:0.0,349.2:0.0,350.2:0.0,351.3:0.0,352.3:0.0,353.3:0.0,354.5:0.0,355.5:0.0,356.5:0.0,357.5:0.0,
352.7:0.0,353.7:828.2,354.8:832.0,355.8:837.2,356.9:842.2,357.8:846.2,358.9:850.7,359.9:856.2,0.8:862.0,1.9:868.0,3.0:875.0,4.0:882.5,4.9:890.7,6.0:899.0,7.0:907.0,8.0:914.7,9.0:924.2,10.0:933.7,11.1:944.0,12.0:955.7,13.0:966.7,14.1:979.5,15.1:992.2,16.2:1003.7,17.1:1017.0,18.1:1032.2,19.1:1047.0,20.1:1062.0,21.2:1077.7,22.2:1097.0,23.2:1116.0,24.2:1135.7,25.2:1156.5,26.2:1175.5,27.2:1199.2,28.3:1223.7,29.3:1251.5,37.1:0.0,38.2:0.0,39.2:0.0,40.2:0.0,41.3:0.0,35.5:0.0,36.6:1190.2,37.6:1181.5,38.7:1169.0,46.5:0.0,47.5:0.0,48.5:0.0,42.8:0.0,43.9:1120.7,45.0:1114.0,46.0:1106.5,47.1:1100.0,48.1:1092.5,49.2:1088.7,50.2:1085.5,51.3:1080.0,52.3:1076.0,53.3:1073.7,54.3:1076.2,62.0:0.0,63.0:0.0,64.1:0.0,65.1:0.0,66.1:0.0,60.0:0.0,61.0:1730.2,62.0:1727.7,63.0:1724.0,64.1:1722.5,65.1:1720.2,66.1:1725.0,67.2:1730.5,68.2:1730.0,69.2:1729.2,70.3:1731.5,71.3:1737.0,72.3:1739.0,73.3:1741.7,74.4:1746.5,75.4:1752.0,76.5:1773.2,77.5:1780.2,78.5:1775.0,79.6:1783.2,80.6:1791.0,81.6:1799.7,82.6:1809.2,83.6:1822.2,84.6:1835.0,85.7:1849.2,86.7:1862.5,87.7:1878.2,88.7:1892.2,89.8:1903.5,90.8:1923.0,91.8:1943.0,100.1:0.0,101.1:0.0,102.1:0.0,103.2:0.0,104.2:0.0,105.2:0.0,106.2:0.0,100.1:0.0,108.3:0.0,109.3:0.0,110.4:0.0,111.4:0.0,112.4:0.0,113.5:0.0,114.5:0.0,115.5:0.0,116.5:0.0,117.6:0.0,118.6:0.0,119.6:0.0,120.6:0.0,121.7:0.0,122.7:0.0,123.7:0.0,124.8:0.0,125.8:0.0,126.8:0.0,127.8:0.0,128.9:0.0,129.9:0.0,130.9:0.0,132.0:0.0,133.0:0.0,134.0:0.0,135.0:0.0,128.9:1750.2,130.0:1743.0,131.1:1728.5,132.1:1712.7,133.2:1698.7,134.2:1682.5,135.2:1666.2,136.2:1656.7,137.3:1648.0,138.3:1638.2,139.4:1631.0,140.4:1623.2,141.5:1615.2,142.5:1610.0,143.5:1603.0,144.6:1599.0,145.6:1594.2,146.6:1590.0,147.7:1587.2,148.7:1584.2,149.7:1582.7,150.7:1579.5,151.8:1579.2,152.8:1578.0,153.9:1576.2,154.9:1574.0,156.0:1574.0,157.0:1573.7,158.0:1573.0,159.0:1575.0,160.1:1577.2,161.1:1582.0,162.1:1583.0,163.2:1583.5,164.2:1600.5,165.2:1621.0,166.2:1627.7,174.4:0.0,175.4:0.0,176.5:0.0,177.5:0.0,171.9:0.0,179.5:0.0,174.1:0.0,175.2:973.7,176.1:976.2,177.1:979.2,178.2:981.5,185.7:0.0,180.2:990.2,181.2:1001.5,182.3:1010.5,183.3:1019.5,184.2:1028.5,185.3:1037.0,192.9:0.0,194.0:0.0,195.0:0.0,196.0:0.0,197.0:0.0,198.1:0.0,199.1:0.0,200.1:0.0,201.2:0.0,202.2:0.0,203.2:0.0,204.3:0.0,205.3:0.0,206.3:0.0,207.4:0.0,208.4:0.0,209.4:0.0,210.5:0.0,211.6:0.0,212.6:0.0,213.6:0.0,214.7:0.0,215.7:0.0,216.7:0.0,217.8:0.0,218.8:0.0,213.5:0.0,220.9:0.0,221.9:0.0,222.9:0.0,217.8:0.0,218.9:816.7,219.9:809.7,220.8:804.0,221.9:795.5,223.0:789.2,224.0:786.0,225.1:778.0,226.2:772.0,227.1:768.7,228.3:764.2,229.2:761.0,230.2:756.7,231.3:752.7,232.4:749.5,233.3:744.7,234.4:741.5,235.5:739.2,236.5:737.7,237.5:736.0,238.5:733.0,239.6:732.0,240.7:731.5,241.6:729.2,242.8:727.5,243.8:728.0,244.9:727.7,245.8:727.0,246.8:726.5,247.8:726.0,248.9:727.0,249.9:728.7,251.0:730.0,252.1:730.2,253.0:731.7,254.1:732.5,255.1:733.2,256.1:735.5,257.1:737.7,258.2:740.5,259.1:745.0,260.3:748.0,261.3:750.2,262.3:754.7,263.3:758.7,264.3:762.2,265.2:767.7,266.4:772.0,267.3:776.0,268.3:781.0,269.4:787.2,276.6:0.0,271.5:797.2,272.5:805.2,273.4:812.7,274.6:819.0,281.8:0.0,276.4:831.7,277.4:847.0,284.7:0.0,285.7:0.0,286.8:0.0,287.8:0.0,288.8:0.0,289.9:0.0,290.9:0.0,291.9:0.0,292.9:0.0,294.0:0.0,295.0:0.0,296.0:0.0,291.7:0.0,292.8:512.5,293.9:510.2,295.1:509.7,296.0:508.2,297.1:508.7,298.0:510.2,299.0:509.2,305.3:0.0,301.4:0.0,302.3:486.7,303.5:487.0,304.6:487.2,305.5:487.7,306.6:489.0,307.7:489.5,308.5:490.5,309.5:493.2,310.6:495.2,311.7:498.2,312.6:499.7,313.8:500.5,314.5:505.0,315.9:509.0,316.6:511.2,317.8:514.7,318.7:518.7,319.7:521.7,320.7:524.2,321.7:527.7,322.7:534.0,329.1:0.0,330.2:0.0,325.9:542.7,332.2:0.0,333.2:0.0,334.3:0.0,335.3:0.0,336.3:0.0,337.4:0.0,338.4:0.0,333.9:0.0,340.5:0.0,341.5:0.0,342.6:0.0,343.6:0.0,344.6:0.0,345.7:0.0,346.7:0.0,347.7:0.0,348.7:0.0,349.8:0.0,350.8:0.0,351.9:0.0,352.9:0.0,353.9:0.0,355.0:0.0,349.4:0.0,350.5:0.0,351.8:0.0,
353.2:637.2,354.1:639.0,355.2:642.0,356.1:645.2,357.2:650.0,358.2:654.5,359.2:658.7,0.3:663.5,1.4:667.2,2.4:671.5,3.4:677.7,4.4:683.7,5.4:689.5,6.4:696.2,7.4:702.2,8.3:708.5,9.4:715.5,10.4:723.7,11.5:732.7,12.5:741.2,13.5:749.7,14.5:758.7,15.5:769.0,16.5:779.5,17.5:790.0,18.5:800.0,19.6:811.5,20.5:825.2,21.6:838.7,22.5:852.0,23.5:866.2,24.5:882.2,25.6:899.0,26.6:915.2,27.6:932.0,28.5:951.0,29.7:972.7,30.6:995.0,31.6:1016.2,32.6:1038.7,33.7:1063.2,34.6:1091.5,35.7:1105.7,36.7:1097.5,37.8:1086.5,38.8:1078.7,46.5:0.0,47.5:0.0,41.9:1061.7,43.0:1044.5,44.0:1037.5,45.1:1031.7,46.1:1025.2,47.2:1017.7,48.2:1013.5,49.3:1007.2,50.3:1001.7,51.3:999.7,52.3:996.0,53.4:991.2,54.5:988.0,55.4:986.0,56.5:982.5,57.5:979.2,58.6:976.7,59.6:975.7,60.7:973.0,61.7:972.0,62.7:975.2,70.2:0.0,71.2:0.0,72.3:0.0,73.3:0.0,67.2:0.0,68.3:1646.0,69.3:1648.0,70.3:1650.2,71.4:1653.0,72.4:1658.5,73.4:1661.2,74.5:1663.5,75.5:1668.0,76.5:1672.5,77.5:1678.0,78.5:1684.0,79.6:1694.5,80.6:1703.2,81.6:1711.0,82.6:1744.0,83.7:1757.0,84.7:1746.0,85.7:1754.2,86.7:1768.2,87.8:1784.5,88.8:1797.5,89.8:1810.0,90.8:1826.7,91.9:1846.0,92.9:1864.2,93.9:1882.0,94.9:1900.2,96.0:1920.7,97.0:1944.2,105.3:0.0,106.3:0.0,107.3:0.0,108.4:0.0,109.4:0.0,110.4:0.0,111.5:0.0,112.5:0.0,106.3:0.0,114.5:0.0,115.6:0.0,116.6:0.0,117.6:0.0,118.7:0.0,119.7:0.0,120.7:0.0,121.7:0.0,122.8:0.0,123.8:0.0,124.8:0.0,125.9:0.0,126.9:0.0,127.9:0.0,129.0:0.0,130.0:0.0,131.0:0.0,132.0:0.0,125.8:0.0,126.8:2011.2,135.1:0.0,136.2:0.0,137.2:0.0,138.3:0.0,132.0:0.0,133.1:1893.2,134.2:1883.7,135.2:1872.0,136.2:1858.5,137.2:1848.7,138.3:1837.5,139.3:1822.2,140.4:1813.5,141.4:1806.0,142.4:1799.2,143.5:1796.2,144.5:1787.2,145.5:1781.2,146.5:1777.7,147.6:1768.2,148.7:1763.0,149.7:1763.5,150.7:1762.0,151.7:1757.0,152.8:1754.5,153.8:1755.2,154.9:1756.2,155.9:1753.0,156.9:1751.5,158.0:1754.0,159.0:1758.0,160.1:1763.2,161.1:1766.5,162.1:1765.2,163.1:1767.0,164.1:1770.0,165.2:1774.0,166.2:1798.0,167.2:1817.7,175.5:0.0,176.5:0.0,177.5:0.0,178.6:0.0,179.6:0.0,180.7:0.0,174.9:0.0,176.0:1166.2,177.0:1167.2,178.1:1170.0,179.0:1177.0,180.1:1185.2,181.0:1193.5,188.9:0.0,189.9:0.0,191.0:0.0,192.0:0.0,193.0:0.0,194.1:0.0,195.1:0.0,196.1:0.0,197.2:0.0,198.2:0.0,199.2:0.0,200.2:0.0,201.3:0.0,202.3:0.0,203.3:0.0,204.4:0.0,205.4:0.0,206.4:0.0,207.5:0.0,208.5:0.0,209.5:0.0,210.6:0.0,211.7:0.0,212.7:0.0,213.7:0.0,214.8:0.0,215.8:0.0,216.8:0.0,217.9:0.0,218.9:0.0,219.9:0.0,221.0:0.0,222.0:0.0,223.0:0.0,217.7:0.0,218.7:903.2,219.8:895.0,227.2:0.0,221.8:883.2,222.9:871.5,223.9:864.7,225.0:859.2,226.0:852.5,227.1:845.7,228.0:842.2,229.0:840.7,230.1:834.5,231.2:828.0,232.2:825.7,233.2:824.0,234.4:820.7,235.4:817.0,236.4:813.5,237.4:812.0,238.4:810.2,239.5:807.7,240.6:805.0,241.6:803.5,242.6:801.5,243.7:800.2,244.7:801.5,245.7:801.7,246.8:801.7,247.8:802.0,248.9:802.7,249.8:803.0,250.8:803.0,251.9:804.2,253.0:806.5,253.9:809.5,255.1:811.2,256.0:812.7,257.0:816.5,258.1:818.7,259.1:820.7,260.1:824.5,261.1:828.2,262.2:832.0,263.2:837.7,264.2:841.7,265.3:845.2,266.2:850.5,267.2:856.2,268.3:863.5,275.6:0.0,271.7:0.0,273.1:458.2,273.9:454.2,275.0:450.2,276.0:447.7,277.2:446.2,278.1:0.0,279.4:0.0,280.3:406.2,281.3:405.0,282.6:403.2,283.7:401.5,284.5:400.2,285.9:398.2,286.9:396.2,287.7:395.0,288.8:393.7,289.7:393.2,290.8:393.0,292.2:391.0,292.9:390.5,293.8:391.0,295.0:390.7,296.1:390.2,296.8:389.2,297.9:389.5,299.2:390.0,300.2:390.0,301.2:390.7,302.3:391.7,303.1:392.0,304.4:392.0,305.1:393.0,306.5:393.5,307.4:394.7,308.2:396.2,309.3:397.7,310.6:399.0,311.4:400.0,312.3:402.0,313.5:404.7,314.7:405.2,315.4:406.5,316.4:409.5,317.5:413.0,318.7:417.2,319.4:419.7,320.4:423.2,321.6:426.5,322.7:429.2,323.5:433.7,324.4:436.5,330.2:0.0,331.2:0.0,332.3:0.0,333.3:0.0,334.3:0.0,335.4:0.0,336.4:0.0,332.4:0.0,338.5:0.0,339.5:0.0,340.5:0.0,341.6:0.0,342.6:0.0,343.6:0.0,344.7:0.0,345.7:0.0,346.7:0.0,342.3:0.0,348.8:0.0,349.8:0.0,350.8:0.0,351.9:0.0,352.9:0.0,347.8:0.0,349.2:0.0,350.5:0.0,351.5:632.5,352.4:635.0,
352.0:1302.0,353.0:1331.2,0.9:0.0,2.0:0.0,3.0:0.0,4.0:0.0,5.1:0.0,6.1:0.0,7.1:0.0,8.2:0.0,9.2:0.0,10.2:0.0,11.3:0.0,5.5:0.0,6.5:1195.5,7.6:1190.5,8.6:1177.7,9.7:1165.5,10.7:1156.5,11.7:1150.7,12.7:1148.0,13.9:1140.5,14.9:1135.2,15.9:1137.5,23.6:0.0,24.7:0.0,25.7:0.0,26.7:0.0,27.8:0.0,28.8:0.0,22.6:0.0,23.6:1784.7,24.7:1781.5,25.7:1778.5,26.7:1772.5,27.8:1767.2,28.9:1768.5,29.9:1766.7,30.9:1764.0,31.9:1765.2,33.0:1764.7,34.0:1766.5,35.1:1771.5,36.1:1772.5,37.1:1775.0,38.2:1783.0,39.2:1812.0,40.2:1816.0,41.3:1797.2,42.3:1803.5,43.3:1810.2,44.4:1814.7,45.4:1822.5,46.4:1833.7,47.5:1842.0,48.5:1852.5,49.5:1866.7,50.5:1880.2,51.5:1895.0,52.6:1906.2,53.6:1918.7,54.6:1937.2,62.9:0.0,64.0:0.0,65.0:0.0,66.0:0.0,67.0:0.0,60.9:0.0,69.1:0.0,63.0:1726.5,71.2:0.0,72.2:0.0,73.2:0.0,74.2:0.0,75.3:0.0,76.3:0.0,77.3:0.0,78.4:0.0,79.4:0.0,80.4:0.0,81.5:0.0,82.5:0.0,83.5:0.0,84.6:0.0,85.6:0.0,86.6:0.0,87.7:0.0,88.7:0.0,89.7:0.0,90.7:0.0,91.7:0.0,92.8:0.0,93.8:0.0,94.8:0.0,95.9:0.0,96.9:0.0,97.9:0.0,91.8:1715.2,92.8:1685.7,93.9:1668.5,94.9:1649.7,96.0:1632.0,97.0:1618.5,105.1:0.0,99.1:1601.0,100.1:1585.7,101.1:1576.5,102.2:1566.2,103.2:1560.0,104.2:1554.2,105.3:1544.2,106.3:1536.0,107.4:1528.7,108.4:1523.0,109.4:1517.7,110.4:1511.5,111.5:1508.0,112.5:1503.7,113.5:1499.2,114.5:1493.7,115.6:1489.2,116.6:1488.7,117.6:1488.5,118.7:1487.2,119.7:1487.2,120.8:1485.2,121.8:1483.2,122.8:1484.2,123.8:1485.2,124.8:1484.7,125.8:1486.2,126.9:1489.5,128.0:1492.2,128.9:1511.7,129.9:1532.0,131.1:1533.2,139.1:0.0,140.2:0.0,141.2:0.0,142.2:0.0,143.3:0.0,144.3:0.0,145.3:0.0,140.0:0.0,141.1:878.7,142.1:879.2,143.1:882.7,144.1:888.5,145.2:893.5,146.2:899.0,147.2:904.5,148.3:912.0,149.2:918.0,156.7:0.0,157.7:0.0,158.7:0.0,153.3:0.0,160.8:0.0,161.8:0.0,163.0:0.0,164.0:0.0,165.0:0.0,159.4:0.0,167.1:0.0,168.1:0.0,169.2:0.0,170.2:0.0,171.2:0.0,172.3:0.0,173.3:0.0,174.3:0.0,175.4:0.0,176.4:0.0,177.5:0.0,178.5:0.0,179.5:0.0,180.5:0.0,181.6:0.0,182.6:0.0,183.7:0.0,184.7:0.0,179.5:0.0,180.4:808.2,181.6:799.5,182.5:790.0,183.7:782.7,184.7:776.2,185.8:768.5,186.9:761.2,187.8:757.5,188.9:752.0,189.9:744.5,191.0:739.7,192.0:735.2,193.1:729.7,194.1:724.0,195.1:720.7,196.1:715.2,197.3:710.5,198.3:709.0,199.3:704.5,200.3:700.5,201.4:698.7,202.4:696.7,203.5:693.0,204.6:691.7,205.6:692.0,206.7:690.0,207.6:689.2,208.8:688.2,209.8:688.0,210.8:686.7,211.8:686.0,212.8:686.2,213.9:685.7,214.9:686.2,215.9:687.5,217.0:688.0,218.1:688.7,219.1:689.7,220.1:691.5,221.2:693.7,222.1:695.0,223.1:698.2,224.1:701.7,225.2:703.5,226.3:707.0,227.2:711.7,228.3:714.2,229.3:717.7,230.4:721.7,231.4:724.0,232.4:729.5,233.5:734.2,234.3:738.0,235.4:742.7,236.5:748.0,237.5:755.2,238.4:763.0,239.5:768.0,240.5:775.2,241.6:783.2,248.7:0.0,243.5:795.5,244.6:808.0,251.8:0.0,252.8:0.0,253.9:0.0,248.5:0.0,255.9:0.0,257.0:0.0,258.0:0.0,259.0:0.0,260.0:0.0,261.1:0.0,262.1:0.0,263.2:0.0,264.2:0.0,265.2:0.0,266.2:0.0,267.3:0.0,268.3:0.0,269.3:0.0,270.4:0.0,271.4:0.0,272.4:0.0,268.1:0.0,269.1:558.2,270.1:559.0,271.1:559.5,272.2:562.5,273.2:563.0,274.3:567.7,280.7:0.0,276.3:0.0,277.3:546.2,278.4:548.0,279.3:550.0,280.4:553.2,281.3:556.0,282.3:559.5,283.4:564.2,284.3:566.5,285.3:569.7,286.4:573.2,292.9:0.0,294.0:0.0,289.5:582.5,290.5:594.7,291.5:598.7,292.6:600.7,299.1:0.0,300.1:0.0,301.2:0.0,302.2:0.0,303.2:0.0,304.2:0.0,305.3:0.0,306.4:0.0,307.5:0.0,308.5:0.0,309.5:0.0,310.6:0.0,311.6:0.0,312.6:0.0,313.7:0.0,314.7:0.0,315.7:0.0,316.7:0.0,317.8:0.0,318.8:0.0,319.9:0.0,320.9:0.0,321.9:0.0,316.2:0.0,317.4:0.0,318.6:0.0,319.6:931.7,320.7:927.5,321.7:931.5,322.7:935.7,323.8:942.0,324.8:948.0,325.7:955.0,326.8:961.0,327.8:966.7,328.8:975.2,329.8:984.7,330.8:992.7,331.8:999.2,332.9:1007.7,333.9:1018.7,335.0:1029.5,336.0:1039.7,337.0:1050.0,338.0:1061.5,339.1:1075.5,340.0:1088.0,341.1:1101.5,342.1:1116.5,343.1:1130.0,344.1:1145.0,345.1:1162.0,346.1:1181.2,347.2:1202.0,348.2:1221.5,349.2:1242.7,350.2:1264.0,351.2:1285.7,
352.3:1144.5,0.1:0.0,1.1:0.0,2.2:0.0,3.2:0.0,357.6:0.0,358.6:1092.7,6.3:0.0,7.3:0.0,8.4:0.0,2.8:0.0,3.8:1039.0,4.9:1030.0,5.9:1022.5,7.0:1014.2,8.0:1004.7,9.0:998.5,10.1:993.7,11.1:988.0,12.3:979.2,13.2:971.5,14.4:966.2,15.4:961.7,16.3:958.7,17.4:954.5,18.4:953.0,19.5:954.5,27.0:0.0,28.0:0.0,29.1:0.0,30.1:0.0,31.2:0.0,32.2:0.0,26.1:0.0,27.2:1612.7,28.2:1608.2,29.3:1605.5,30.2:1605.0,31.3:1605.0,32.3:1606.0,33.4:1605.7,34.4:1604.5,35.5:1606.5,36.5:1608.7,37.5:1609.7,38.5:1615.0,39.6:1621.7,40.6:1626.5,41.6:1628.7,42.7:1631.0,43.6:1659.5,44.8:1667.5,45.8:1651.7,46.8:1658.7,47.8:1666.2,48.8:1675.5,49.9:1688.2,50.9:1698.0,51.9:1710.0,53.0:1725.0,54.0:1736.0,55.0:1748.7,56.0:1764.5,57.1:1780.2,58.1:1798.5,59.0:1814.2,60.1:1828.5,68.3:0.0,69.4:0.0,70.4:0.0,71.5:0.0,72.5:0.0,66.4:0.0,67.5:1632.2,75.6:0.0,69.5:1645.5,77.6:0.0,78.7:0.0,79.7:0.0,80.7:0.0,81.8:0.0,82.8:0.0,83.8:0.0,84.9:0.0,85.9:0.0,86.9:0.0,88.0:0.0,89.0:0.0,90.0:0.0,91.0:0.0,92.1:0.0,93.1:0.0,94.1:0.0,95.2:0.0,96.2:0.0,97.2:0.0,98.2:0.0,99.3:0.0,100.3:0.0,101.4:0.0,102.4:0.0,96.2:0.0,104.5:0.0,105.5:0.0,99.3:1725.2,100.4:1700.2,101.4:1688.5,102.4:1676.0,103.5:1664.0,104.5:1653.0,105.6:1649.0,106.6:1641.5,107.6:1631.7,108.7:1625.2,109.7:1618.0,110.7:1610.7,111.8:1603.5,112.8:1601.0,113.8:1600.7,114.8:1596.5,115.8:1592.0,116.9:1591.2,118.0:1591.2,119.0:1588.2,120.0:1589.0,121.0:1588.0,122.1:1587.2,123.1:1586.5,124.1:1586.7,125.1:1589.2,126.2:1590.5,127.2:1593.2,128.2:1595.7,129.2:1598.5,130.3:1599.7,131.4:1601.5,132.4:1607.2,133.4:1615.0,134.4:1635.2,135.4:1657.0,136.4:1671.0,144.6:0.0,145.6:0.0,146.7:0.0,147.7:0.0,148.7:0.0,149.8:0.0,144.1:0.0,151.8:0.0,146.2:0.0,147.3:1037.2,148.3:1037.7,149.4:1041.5,150.4:1046.5,158.0:0.0,159.0:0.0,153.4:1064.2,154.4:1086.7,155.5:1098.5,163.2:0.0,164.3:0.0,165.3:0.0,166.3:0.0,167.4:0.0,168.4:0.0,169.5:0.0,170.5:0.0,171.5:0.0,172.5:0.0,173.6:0.0,174.6:0.0,175.7:0.0,176.7:0.0,177.7:0.0,178.7:0.0,179.8:0.0,180.8:0.0,181.9:0.0,182.9:0.0,183.9:0.0,178.4:0.0,186.0:0.0,187.0:0.0,188.0:0.0,189.0:0.0,183.5:0.0,184.6:959.5,185.7:950.5,193.2:0.0,187.7:938.0,188.7:926.2,189.8:919.2,190.8:913.2,191.9:908.2,192.9:902.7,194.0:898.0,195.1:890.7,196.1:884.5,197.1:881.5,198.1:877.2,199.2:872.2,200.3:869.0,201.2:867.7,202.3:864.0,203.4:860.0,204.4:858.5,205.4:857.5,206.5:856.2,207.6:853.2,208.5:850.0,209.7:848.0,210.6:849.7,211.7:851.2,212.7:850.2,213.8:849.7,214.8:850.2,215.8:851.2,216.9:851.5,217.9:851.5,218.9:853.0,220.0:855.2,221.0:856.7,222.0:859.5,223.1:863.7,224.1:867.5,225.0:870.0,226.1:874.0,227.1:877.0,228.2:879.7,229.2:883.7,230.2:889.7,231.2:896.5,232.2:903.2,233.3:907.0,234.3:911.5,235.3:919.0,236.4:925.5,243.8:0.0,244.8:0.0,239.4:940.7,240.4:957.0,241.3:964.7,248.9:0.0,250.0:0.0,251.0:0.0,252.0:0.0,253.1:0.0,248.6:0.0,249.6:592.5,250.7:588.2,251.8:585.5,252.7:583.0,253.7:582.0,254.7:583.5,255.9:0.0,257.1:558.2,258.0:552.0,259.0:550.0,260.2:549.7,261.2:549.5,262.1:547.5,263.3:547.7,264.4:547.5,265.3:547.5,266.4:547.7,267.3:548.0,268.4:549.5,269.4:550.7,270.6:552.5,271.5:554.0,272.5:555.2,273.6:556.5,274.5:557.7,275.5:560.7,276.5:564.7,277.4:567.2,278.6:569.5,279.5:571.0,280.5:572.5,281.6:574.5,282.5:578.5,283.7:582.5,284.6:585.7,285.5:590.0,286.6:594.5,287.6:600.2,288.7:603.2,289.6:607.2,290.8:612.0,291.8:616.2,292.6:625.5,299.4:0.0,294.7:638.7,295.6:649.7,302.5:0.0,303.5:0.0,304.5:0.0,305.5:0.0,306.6:0.0,307.7:0.0,308.7:0.0,309.7:0.0,310.8:0.0,311.8:0.0,312.8:0.0,313.9:0.0,308.2:0.0,309.8:0.0,310.7:781.7,311.8:785.5,312.8:787.2,313.8:789.0,314.9:790.5,316.0:793.2,316.9:796.0,318.1:798.0,319.0:800.7,320.0:804.0,321.1:808.2,322.1:813.0,323.1:817.2,324.2:822.2,325.1:827.5,326.1:834.2,327.1:840.5,328.2:846.0,329.2:852.2,330.3:859.2,331.4:866.7,332.3:875.0,333.4:883.0,334.3:890.5,335.4:900.7,336.3:911.0,337.3:920.2,338.4:931.2,339.4:942.7,340.4:954.7,341.5:968.0,342.5:981.0,343.5:992.2,344.5:1005.5,345.5:1022.0,346.5:1038.0,347.6:1053.7,348.5:1069.7,349.6:1087.2,350.6:1106.2,351.6:1125.7,
359.5:0.0,0.5:0.0,1.5:0.0,2.6:0.0,3.6:0.0,4.7:0.0,5.7:0.0,0.4:0.0,1.4:872.5,2.5:862.2,3.6:856.0,4.7:849.0,5.7:839.7,6.7:831.0,7.7:824.7,8.7:820.7,9.8:815.7,10.9:811.2,11.8:806.0,12.8:798.5,13.9:795.5,15.1:792.2,16.1:787.5,17.1:785.2,18.1:781.0,19.2:777.5,20.2:775.5,21.2:773.2,22.2:771.5,23.2:772.5,24.3:773.2,31.5:0.0,32.5:0.0,33.5:0.0,34.6:0.0,35.6:0.0,29.6:0.0,30.7:1432.5,31.7:1432.5,32.7:1434.0,33.8:1434.7,34.8:1433.7,35.9:1434.5,37.0:1438.0,38.0:1439.0,39.0:1440.5,40.1:1443.7,41.1:1448.0,42.2:1454.0,43.1:1458.0,44.2:1462.7,45.2:1468.5,46.3:1476.0,47.3:1485.7,48.3:1495.0,49.3:1516.2,50.3:1528.0,51.4:1526.2,52.4:1535.5,53.5:1548.0,54.5:1559.0,55.5:1569.0,56.6:1584.2,57.6:1599.7,58.6:1611.7,59.6:1623.7,60.6:1640.2,61.6:1659.2,62.6:1677.2,63.7:1698.7,64.6:1718.0,65.7:1738.7,73.9:0.0,74.9:0.0,76.0:0.0,77.0:0.0,78.0:0.0,79.0:0.0,73.0:0.0,81.1:0.0,82.1:0.0,76.1:1577.2,84.2:0.0,85.2:0.0,86.3:0.0,87.3:0.0,88.3:0.0,89.4:0.0,90.3:0.0,91.4:0.0,92.4:0.0,93.4:0.0,94.5:0.0,95.5:0.0,96.5:0.0,97.6:0.0,98.6:0.0,99.6:0.0,100.7:0.0,101.7:0.0,102.7:0.0,103.7:0.0,97.6:0.0,98.6:1843.7,99.6:1823.5,100.6:1807.7,101.7:1797.0,102.7:1786.7,103.8:1775.0,104.8:1765.7,105.8:1759.7,106.9:1754.5,107.9:1746.7,109.0:1739.7,110.0:1734.0,111.0:1723.7,112.0:1715.2,113.1:1710.5,114.1:1706.0,115.1:1701.2,116.1:1699.2,117.2:1696.2,118.2:1695.0,119.2:1696.0,120.3:1692.7,121.3:1690.0,122.3:1689.0,123.3:1690.0,124.4:1693.0,125.4:1695.2,126.4:1695.5,127.5:1697.7,128.5:1705.0,129.5:1710.2,130.5:1713.5,131.6:1718.0,132.7:1722.0,133.7:1728.5,134.7:1737.5,135.8:1745.2,136.8:1752.7,137.8:1759.5,138.8:1783.2,139.9:1809.7,148.1:0.0,149.1:0.0,150.2:0.0,151.2:0.0,152.2:0.0,153.2:0.0,154.3:0.0,155.3:0.0,156.3:0.0,157.4:0.0,151.6:0.0,152.7:1207.7,160.5:0.0,161.5:0.0,162.6:0.0,163.6:0.0,164.6:0.0,165.7:0.0,166.7:0.0,167.7:0.0,168.7:0.0,169.8:0.0,170.8:0.0,171.8:0.0,172.9:0.0,173.9:0.0,175.0:0.0,176.0:0.0,177.0:0.0,178.0:0.0,179.1:0.0,180.1:0.0,181.1:0.0,182.2:0.0,183.2:0.0,184.2:0.0,185.3:0.0,186.3:0.0,187.3:0.0,181.6:1189.0,189.4:0.0,190.4:0.0,191.4:0.0,192.5:0.0,193.5:0.0,187.9:0.0,188.8:1102.7,190.0:1095.5,190.9:1087.0,192.0:1081.0,193.0:1075.5,194.1:1067.2,195.2:1060.7,196.1:1057.0,197.2:1052.7,198.3:1046.0,199.3:1040.0,200.3:1035.0,201.4:1030.5,202.4:1030.5,203.5:1027.0,204.5:1023.5,205.6:1022.7,206.6:1019.5,207.6:1017.2,208.8:1015.2,209.8:1013.7,210.7:1013.0,211.8:1013.2,212.8:1014.7,213.9:1014.5,214.9:1012.5,215.9:1013.7,217.0:1015.7,218.0:1016.2,219.0:1020.2,220.1:1022.7,221.2:1024.2,222.1:1026.7,223.2:1030.5,224.1:1035.0,225.2:1036.7,226.2:1040.5,227.3:1046.7,228.3:1052.5,229.3:1057.2,230.4:1062.0,231.4:1067.5,232.4:1073.0,234.2:0.0,235.3:671.0,236.2:668.2,237.3:665.2,244.2:0.0,239.5:0.0,240.6:616.0,241.7:611.0,242.8:607.0,243.8:603.0,244.8:599.7,245.8:598.2,246.8:594.2,248.0:590.5,249.0:587.5,250.2:585.0,251.0:583.2,252.3:581.0,253.1:578.7,254.2:577.2,255.2:576.5,256.3:575.5,257.3:573.0,258.3:571.0,259.5:570.0,260.5:569.7,261.5:570.2,262.6:570.2,263.5:569.5,264.6:568.7,265.6:569.5,266.5:570.0,267.6:570.5,268.6:571.5,269.7:572.5,270.7:574.5,271.7:575.2,272.8:576.7,273.9:578.7,274.8:579.5,275.8:582.5,276.8:585.2,277.8:587.0,278.7:590.0,279.9:592.0,280.7:595.2,281.8:599.5,282.8:603.7,283.9:606.2,284.9:608.0,285.9:613.7,292.5:0.0,293.6:0.0,288.7:0.0,289.8:664.7,290.8:668.0,297.7:0.0,298.7:0.0,299.7:0.0,293.2:0.0,294.2:3360.2,296.9:0.0,298.1:667.7,299.0:667.7,300.1:666.5,301.3:665.2,302.3:664.2,303.3:663.2,304.4:663.0,305.4:663.0,306.4:662.7,307.4:663.0,308.4:664.0,309.4:665.5,310.5:666.7,311.6:667.2,312.5:668.5,313.6:671.0,314.6:673.2,315.7:675.7,316.8:678.2,317.7:681.0,318.6:684.2,319.7:687.0,320.8:690.2,321.8:693.5,322.8:697.2,323.9:702.2,324.8:706.5,325.9:710.2,327.0:715.0,327.8:720.2,328.8:726.2,329.9:733.2,331.0:738.7,332.0:744.7,332.9:752.0,334.0:759.0,335.0:766.2,336.1:774.5,337.1:783.2,338.0:791.5,339.0:800.2,340.0:810.0,341.1:820.7,342.1:832.0,343.1:843.0,344.0:854.2,345.1:866.2,346.1:880.0,347.0:894.0,348.1:907.7,349.2:923.2,350.1:939.2,351.1:958.5,
358.6:0.0,359.7:0.0,0.7:0.0,355.7:0.0,356.8:710.5,358.0:706.0,4.8:0.0,5.9:0.0,1.1:0.0,2.1:672.7,3.2:665.5,4.2:661.0,5.3:657.2,6.3:651.5,7.5:645.2,8.4:642.2,9.4:638.2,10.5:631.7,11.7:628.5,12.7:625.0,13.6:621.5,14.8:617.7,15.7:614.7,16.7:613.2,17.9:609.5,18.8:606.2,19.9:604.5,21.1:602.7,22.0:601.5,23.1:600.0,24.2:597.7,25.2:595.7,26.1:594.2,27.2:594.0,28.1:596.2,29.2:597.0,30.4:596.5,31.4:597.0,32.3:598.7,39.0:0.0,40.0:0.0,41.0:0.0,35.2:0.0,36.3:1267.2,37.3:1269.2,38.3:1271.0,39.4:1274.5,40.4:1276.7,41.4:1279.7,42.5:1285.0,43.5:1289.0,44.5:1292.7,45.6:1298.2,46.6:1304.2,47.6:1310.5,48.7:1318.5,49.7:1327.0,50.7:1336.2,51.7:1346.2,52.8:1353.7,53.8:1361.5,54.8:0.0,55.9:1405.5,56.9:1405.0,57.9:1413.2,58.9:1424.2,59.9:1441.5,60.9:1459.0,61.9:1475.2,63.0:1490.2,64.0:1507.5,65.0:1527.7,66.0:1547.7,67.1:1568.7,68.1:1589.7,69.1:1607.7,70.1:1629.2,71.2:1655.7,79.3:0.0,80.3:0.0,81.4:0.0,82.4:0.0,83.4:0.0,84.5:0.0,85.5:0.0,79.5:0.0,87.6:0.0,81.5:1546.7,82.6:1563.5,90.6:0.0,91.7:0.0,92.7:0.0,93.7:0.0,94.7:0.0,95.8:0.0,96.8:0.0,97.8:0.0,98.9:0.0,92.6:0.0,100.9:0.0,94.7:0.0,95.7:2006.2,104.0:0.0,97.8:1979.2,106.1:0.0,107.1:0.0,100.9:1930.0,102.0:1900.2,103.0:1894.0,104.0:1884.2,105.0:1872.2,106.1:1863.2,107.1:1855.0,108.2:1846.0,109.2:1839.0,110.2:1833.0,111.3:1829.2,112.3:1825.7,113.3:1820.0,114.4:1815.5,115.4:1811.7,116.5:1808.0,117.5:1803.5,118.5:1802.5,119.5:1802.0,120.5:1799.0,121.6:1797.0,122.6:1801.5,123.6:1804.2,124.7:1803.5,125.7:1804.2,126.7:1808.2,127.7:1812.2,128.7:1814.7,129.8:1817.7,130.9:1821.7,131.9:1827.2,132.9:1831.2,134.0:1838.0,135.0:1845.7,136.0:1853.7,137.0:1864.7,138.1:1873.7,139.0:1884.0,140.1:1894.0,141.1:1905.5,142.2:1935.7,143.2:1966.7,151.5:0.0,152.5:0.0,153.5:0.0,154.6:0.0,155.6:0.0,156.6:0.0,157.6:0.0,158.7:0.0,152.7:0.0,153.8:1392.2,154.8:1382.0,156.0:1380.2,164.0:0.0,165.0:0.0,166.0:0.0,167.1:0.0,168.1:0.0,169.1:0.0,170.2:0.0,171.2:0.0,172.2:0.0,173.3:0.0,174.3:0.0,175.3:0.0,176.4:0.0,177.4:0.0,178.5:0.0,179.5:0.0,180.5:0.0,181.6:0.0,182.6:0.0,183.6:0.0,184.7:0.0,178.7:1384.7,179.7:1383.7,187.7:0.0,188.7:0.0,189.8:0.0,190.8:0.0,191.9:0.0,192.9:0.0,187.1:0.0,188.1:1281.0,196.0:0.0,190.1:1267.7,191.2:1254.5,192.2:1245.2,200.1:0.0,194.4:1237.2,202.2:0.0,196.4:1224.7,197.5:1213.5,198.6:1208.0,206.3:0.0,200.5:1204.2,201.6:1199.0,202.6:1192.0,203.7:1188.0,204.8:1185.2,205.8:1182.7,206.8:1180.0,207.9:1177.0,208.9:1173.7,210.0:1172.2,211.0:1175.2,212.0:1175.5,213.1:1174.7,214.1:1175.7,215.1:1178.5,216.1:1182.2,217.2:1183.0,218.2:1183.5,219.3:1187.0,220.2:1189.5,228.1:0.0,229.1:0.0,230.2:0.0,231.2:0.0,232.2:0.0,233.3:0.0,234.3:0.0,235.3:0.0,236.4:0.0,231.6:0.0,238.4:0.0,233.7:677.0,240.5:0.0,235.8:663.5,236.7:657.7,237.9:652.2,238.8:646.2,240.1:642.0,240.9:636.2,242.0:630.7,243.2:625.0,244.1:621.2,245.1:618.7,246.3:616.2,247.2:613.7,248.3:609.5,249.4:607.0,250.4:605.0,251.5:601.5,252.7:599.2,253.6:597.5,254.6:596.5,255.7:595.0,256.7:593.2,257.8:592.0,258.8:591.7,259.8:591.2,260.9:590.0,261.8:589.5,262.9:589.7,264.0:589.7,265.0:589.7,266.0:590.2,267.1:591.5,267.9:594.7,274.6:0.0,270.1:0.0,271.0:627.2,272.1:628.7,273.2:628.5,274.1:629.2,275.2:631.0,281.9:0.0,282.8:0.0,283.9:0.0,277.3:0.0,280.4:0.0,281.4:598.2,282.4:594.2,283.6:590.0,284.5:585.0,285.5:581.2,286.7:578.2,287.7:574.7,288.6:571.5,289.7:569.0,290.9:567.0,291.8:564.5,292.8:562.0,294.0:559.2,295.0:556.5,296.1:554.7,297.1:553.5,298.0:552.7,299.1:552.2,300.1:551.2,301.3:550.2,302.4:549.7,303.2:550.2,304.4:550.0,305.5:549.5,306.5:549.5,307.4:550.0,308.3:551.0,309.5:551.5,310.5:552.0,311.5:553.0,312.7:554.2,313.5:556.0,314.6:557.7,315.7:559.7,316.8:562.0,317.6:564.0,318.7:566.5,319.6:568.7,320.7:571.2,321.8:574.5,322.8:578.0,323.7:581.2,324.8:585.0,326.0:588.7,327.0:592.7,328.0:597.2,328.8:602.2,330.0:608.2,331.0:613.5,332.0:618.5,333.0:624.5,334.0:630.7,335.1:636.7,336.0:642.7,337.0:649.7,338.0:658.5,339.0:666.7,340.1:674.2,341.0:682.0,342.0:690.7,343.0:701.7,344.0:711.5,345.1:722.2,346.0:733.7,347.1:744.5,348.0:756.5,349.1:772.2,350.2:775.7,357.3:0.0,358.3:0.0,
359.3:0.0,0.3:0.0,1.3:0.0,2.4:0.0,358.4:0.0,4.4:0.0,0.4:498.7,1.6:490.0,2.6:484.7,3.8:479.5,4.6:474.5,5.6:470.2,6.9:468.0,7.9:464.0,8.9:461.7,9.9:459.2,11.2:454.5,12.1:452.2,13.0:449.2,14.4:445.7,15.1:444.2,16.2:442.0,17.5:439.0,18.5:437.5,19.5:435.5,20.7:433.7,21.5:433.0,22.5:432.2,23.5:430.5,24.5:429.7,25.8:429.2,26.8:428.5,27.7:428.5,28.7:427.7,29.9:427.5,30.7:428.5,32.1:428.2,32.8:427.5,33.9:427.7,34.9:428.2,35.9:428.5,37.2:430.2,38.1:431.2,39.0:431.2,40.1:432.7,41.1:433.7,42.2:436.0,43.2:440.2,48.9:0.0,50.0:0.0,51.0:0.0,52.0:0.0,53.1:0.0,54.1:0.0,55.2:0.0,49.4:0.0,50.4:1163.7,51.5:1169.7,52.5:1177.2,53.6:1184.7,54.6:1193.0,55.6:1204.2,56.7:1216.5,57.7:1225.7,58.7:1236.7,59.7:1251.5,60.7:1263.7,61.7:0.0,62.7:1311.0,63.7:1309.7,64.7:1318.5,65.8:1336.5,66.8:1354.2,67.8:1370.0,68.8:1388.5,69.8:1411.5,70.8:1434.7,71.9:1458.2,72.8:1483.5,73.9:1509.2,74.9:1536.5,75.9:1562.7,76.9:1587.2,78.0:1616.5,86.1:0.0,87.1:0.0,88.2:0.0,89.2:0.0,83.1:0.0,91.2:0.0,85.2:1542.7,86.2:1521.2,87.2:1516.2,95.3:0.0,89.3:1538.7,97.4:0.0,98.4:0.0,99.4:0.0,100.4:0.0,101.5:0.0,102.5:0.0,103.5:0.0,97.2:0.0,98.3:0.0,99.3:2081.5,100.3:2058.2,101.4:2033.0,102.4:2021.2,103.5:2008.5,104.5:1994.0,105.5:1984.2,106.6:1972.7,107.6:1962.0,108.7:1956.0,109.7:1947.0,110.7:1938.2,111.7:1933.5,112.7:1932.0,113.8:1929.0,114.8:1922.0,115.8:1916.2,116.9:1915.2,117.9:1916.5,119.0:1915.0,120.0:1912.0,121.0:1910.2,122.0:1909.2,123.1:1907.0,124.1:1908.5,125.1:1916.0,126.1:1917.2,127.2:1921.2,128.2:1927.2,129.2:1928.7,130.3:1931.0,131.3:1934.0,132.3:1943.2,133.4:1952.7,134.4:1958.5,135.4:1967.0,136.5:1975.0,137.5:1984.5,138.5:1997.0,139.5:2007.0,140.5:2019.2,141.6:2032.5,142.6:2044.0,143.7:2054.2,152.0:0.0,145.7:2091.5,154.0:0.0,155.1:0.0,156.1:0.0,157.1:0.0,158.2:0.0,159.2:0.0,160.2:0.0,161.2:0.0,162.3:0.0,163.4:0.0,157.4:0.0,158.4:1564.0,159.4:1567.5,167.5:0.0,168.5:0.0,169.6:0.0,170.6:0.0,171.6:0.0,172.7:0.0,173.7:0.0,174.7:0.0,175.8:0.0,176.8:0.0,177.8:0.0,178.9:0.0,179.9:0.0,180.9:0.0,182.0:0.0,183.0:0.0,176.9:0.0,185.1:0.0,186.1:0.0,187.1:0.0,181.0:0.0,189.2:0.0,183.2:1543.5,184.2:1524.0,185.2:1506.5,193.3:0.0,194.3:0.0,195.3:0.0,196.4:0.0,197.4:0.0,198.4:0.0,192.5:0.0,193.5:1401.7,194.6:1397.2,195.6:1389.7,196.7:1380.0,197.7:1376.5,198.7:1374.2,199.8:1367.5,200.8:1362.5,201.8:1356.2,202.9:1352.7,204.0:1349.7,205.0:1345.7,206.1:1344.7,207.1:1341.5,208.2:1339.7,209.2:1339.7,210.2:1337.2,211.3:1335.7,212.3:1336.0,213.3:1337.5,221.2:0.0,215.9:0.0,223.3:0.0,224.4:0.0,225.4:0.0,226.4:0.0,221.2:0.0,228.5:0.0,229.5:0.0,230.6:0.0,231.6:0.0,232.6:0.0,233.7:0.0,234.7:0.0,235.7:0.0,236.7:0.0,231.8:0.0,232.9:701.5,233.9:695.5,240.9:0.0,236.0:684.0,237.2:672.7,238.2:666.7,239.2:663.0,240.2:659.2,241.4:654.7,242.3:650.0,243.5:645.7,244.4:642.5,245.5:638.7,246.6:634.5,247.7:630.7,248.6:629.0,249.7:627.7,250.8:629.5,257.4:0.0,252.7:640.7,253.7:648.0,254.7:645.5,255.9:643.5,256.8:642.5,257.9:643.7,264.6:0.0,265.6:0.0,266.7:0.0,262.2:0.0,263.3:582.5,264.4:573.5,265.5:564.7,266.4:555.7,267.6:547.5,268.5:540.0,269.7:532.5,270.7:525.5,271.8:519.5,272.7:513.7,273.8:508.0,275.0:502.0,276.0:496.0,277.2:491.0,278.2:486.7,279.1:482.7,280.4:478.7,281.2:474.7,282.2:470.7,283.4:467.0,284.5:463.5,285.4:460.7,286.4:457.7,287.5:455.2,288.7:452.7,289.7:450.0,290.7:447.7,292.0:446.0,292.7:444.2,293.9:442.7,295.1:441.0,296.0:439.2,296.8:438.0,298.1:437.2,299.1:436.7,300.3:435.5,301.3:434.5,302.3:434.5,303.4:434.2,304.2:434.2,305.4:434.5,306.3:434.7,307.3:435.2,308.4:435.2,309.6:436.0,310.4:437.0,311.6:437.5,312.5:438.7,313.6:440.0,314.4:441.0,315.6:442.5,316.7:444.2,317.8:445.7,318.6:447.7,319.7:449.7,320.8:451.7,321.5:454.2,322.8:457.5,323.7:460.5,324.8:462.7,325.7:466.0,326.9:470.0,327.8:473.5,328.7:476.7,329.8:480.5,330.8:485.0,331.9:489.2,332.7:494.2,333.8:499.0,334.8:504.0,335.8:509.2,336.9:514.5,337.8:520.2,338.8:526.7,339.9:533.5,340.9:540.0,341.7:547.2,342.8:554.7,343.8:562.5,344.8:570.0,345.7:580.0,346.8:588.2,353.3:0.0,354.4:0.0,355.4:0.0,356.4:0.0,357.5:0.0,358.5:0.0,
359.0:0.0,0.1:0.0,1.1:0.0,2.2:0.0,3.2:0.0,4.2:0.0,5.3:0.0,6.3:0.0,7.3:0.0,8.4:0.0,9.4:0.0,8.5:0.0,11.5:0.0,9.7:280.7,11.1:278.2,11.9:275.7,13.3:273.7,14.1:272.7,15.1:270.7,16.3:268.2,17.0:267.2,18.9:266.5,20.6:265.2,21.3:264.2,21.9:264.0,22.3:263.2,24.4:262.0,25.0:261.2,25.9:260.7,27.0:260.7,28.9:260.5,29.9:259.5,30.0:259.7,31.5:259.7,31.8:259.7,34.2:260.0,33.7:260.0,36.2:260.2,35.8:260.7,37.4:261.0,38.3:261.5,39.0:262.5,40.5:263.2,41.1:264.0,42.4:265.0,42.8:266.2,45.1:267.0,46.0:267.5,46.4:268.5,47.8:269.7,48.1:271.2,50.0:272.7,51.0:274.0,51.7:276.0,52.6:279.0,53.6:281.2,54.8:282.0,55.7:283.7,56.3:285.7,57.0:288.2,58.6:291.5,59.2:294.5,63.2:0.0,64.3:0.0,62.7:0.0,66.3:0.0,67.3:0.0,65.0:0.0,66.2:320.5,70.5:0.0,71.5:0.0,72.5:0.0,73.5:0.0,74.6:0.0,75.6:0.0,76.7:0.0,77.7:0.0,71.9:0.0,72.9:1256.7,73.9:1272.5,75.0:1292.7,75.9:1315.2,76.9:1340.0,77.9:1365.2,79.0:1391.7,80.0:1418.2,81.0:1451.0,82.0:1486.0,83.0:1520.0,84.0:1557.5,85.0:1596.0,86.0:1626.2,94.2:0.0,95.2:0.0,96.2:0.0,90.2:0.0,98.3:0.0,92.3:1547.0,93.3:1532.2,94.4:1519.7,102.4:0.0,96.4:0.0,104.5:0.0,105.5:0.0,106.5:0.0,107.6:0.0,108.6:0.0,109.6:0.0,110.7:0.0,104.4:0.0,105.4:2102.2,106.4:2075.7,107.5:2068.7,108.5:2060.5,109.5:2055.0,110.6:2051.7,111.6:2046.7,112.6:2039.0,113.7:2033.7,114.7:2028.0,115.7:2025.0,116.8:2021.0,117.8:2014.5,118.9:2014.7,119.9:2014.0,120.9:2010.7,121.9:2007.7,123.0:2010.7,124.0:2013.0,125.0:2014.5,126.0:2021.0,127.1:2024.2,128.1:2025.0,129.2:2032.2,130.2:2037.7,131.2:2038.7,132.2:2047.0,133.2:2052.7,134.3:2055.0,135.3:2059.7,136.3:2068.0,137.4:2077.0,138.4:2088.0,139.4:2103.5,140.5:2117.7,141.5:2133.2,142.5:2147.5,143.5:2159.2,151.9:0.0,152.9:0.0,154.0:0.0,155.0:0.0,148.7:0.0,149.7:2282.7,158.1:0.0,159.1:0.0,160.2:0.0,161.2:0.0,162.3:0.0,163.4:0.0,164.4:0.0,158.2:0.0,159.3:1765.7,160.3:1748.2,168.5:0.0,169.6:0.0,170.6:0.0,171.6:0.0,172.7:0.0,173.7:0.0,174.7:0.0,175.8:0.0,176.8:0.0,170.5:0.0,171.6:2024.7,179.9:0.0,181.0:0.0,182.0:0.0,183.0:0.0,184.1:0.0,185.1:0.0,186.1:0.0,187.2:0.0,188.2:0.0,182.1:0.0,183.1:1721.5,191.3:0.0,185.2:1695.5,186.3:1669.2,187.3:1651.5,188.3:1639.0,189.3:1626.2,190.4:1614.7,191.5:1605.5,192.5:1592.7,193.6:1582.5,194.5:1576.7,195.6:1569.7,196.7:1561.0,197.7:1554.0,198.7:1548.7,199.8:1539.5,200.8:1532.0,201.8:1528.2,202.9:1522.2,203.9:1518.0,205.0:1516.5,206.1:1514.2,207.1:1513.2,208.1:1514.0,216.2:0.0,217.2:0.0,218.2:0.0,219.3:0.0,220.3:0.0,221.4:0.0,222.4:0.0,223.4:0.0,224.5:0.0,225.5:0.0,226.5:0.0,227.6:0.0,228.6:0.0,229.6:0.0,230.7:0.0,231.7:0.0,232.7:0.0,233.8:0.0,234.8:0.0,235.8:0.0,236.9:0.0,237.9:0.0,238.9:0.0,234.0:0.0,235.1:713.5,236.0:713.7,243.1:0.0,244.1:0.0,239.2:715.7,240.2:713.2,241.2:709.2,242.2:707.7,249.3:0.0,244.6:0.0,245.7:0.0,246.7:0.0,248.0:0.0,249.0:577.0,250.2:561.0,251.2:545.7,252.2:532.2,253.4:519.5,254.4:506.7,255.6:494.5,256.9:483.5,257.9:473.7,259.0:464.2,260.3:454.7,261.0:446.0,262.2:438.0,263.6:430.5,264.7:423.5,265.6:416.5,266.6:410.0,267.6:404.2,268.9:398.5,270.0:392.7,271.0:387.5,272.2:382.7,273.2:378.5,274.2:374.0,275.2:369.5,276.4:365.7,277.7:362.0,278.5:358.2,279.6:354.7,280.7:351.7,281.6:348.7,282.5:345.7,284.1:343.5,285.2:341.0,286.2:338.7,287.0:336.7,288.1:334.5,289.0:332.5,289.9:331.0,291.5:329.2,292.6:327.5,293.5:326.5,294.1:325.7,295.3:324.5,296.2:323.5,297.5:322.5,298.4:321.7,299.5:321.2,300.5:320.7,301.5:320.2,303.0:319.7,303.6:319.5,304.7:319.7,306.2:319.5,307.3:319.5,307.8:320.0,308.7:320.5,310.2:320.7,311.2:321.0,312.4:322.0,313.4:322.7,314.2:323.5,315.0:324.7,316.5:326.0,317.1:326.7,318.1:328.2,319.3:329.5,320.4:331.0,321.2:332.5,322.0:334.5,323.1:336.7,324.5:338.7,325.2:340.7,326.5:343.0,327.4:345.5,328.5:348.2,329.3:351.0,330.0:354.0,331.2:356.7,332.1:360.0,333.4:363.7,334.4:367.0,335.5:371.0,336.2:374.7,337.2:379.0,338.1:383.7,339.2:389.5,340.2:395.5,345.4:0.0,341.0:0.0,347.5:0.0,348.5:0.0,349.6:0.0,350.6:0.0,351.7:0.0,352.7:0.0,353.7:0.0,354.8:0.0,355.8:0.0,356.8:0.0,357.9:0.0,
359.3:0.0,0.3:0.0,1.4:0.0,355.1:0.0,356.2:2045.2,357.2:2015.7,358.2:2002.5,359.3:1990.0,7.6:0.0,1.4:1969.5,2.4:1949.7,3.4:1933.7,4.5:1917.0,5.5:1907.7,6.5:1904.2,7.5:1894.2,8.6:1879.2,9.6:1872.2,10.8:1868.5,11.8:1865.0,12.8:1862.0,13.9:1857.2,14.9:1854.7,16.0:1853.7,17.0:1854.2,18.0:1849.5,19.1:1845.5,20.1:1845.2,21.1:1844.0,22.2:1847.5,23.2:1847.2,24.2:1848.5,25.3:1855.0,26.3:1858.5,27.3:1862.2,28.4:1870.5,29.4:1874.5,30.5:1874.2,31.5:1881.7,32.5:1890.5,33.5:1897.7,34.6:1905.7,35.6:1915.5,36.7:1930.2,37.7:1942.7,38.7:1954.5,39.7:1969.5,40.8:1981.5,41.8:1994.0,42.8:2023.5,51.2:0.0,52.2:0.0,53.2:0.0,54.3:0.0,55.3:0.0,56.3:0.0,57.4:0.0,58.4:0.0,59.5:0.0,60.5:0.0,54.5:0.0,55.5:1479.0,63.6:0.0,64.6:0.0,65.7:0.0,59.7:0.0,67.7:0.0,68.8:0.0,69.8:0.0,70.8:0.0,71.9:0.0,72.9:0.0,73.9:0.0,67.8:0.0,76.0:0.0,77.0:0.0,78.1:0.0,79.1:0.0,80.1:0.0,81.2:0.0,82.2:0.0,76.2:0.0,84.3:0.0,85.3:0.0,86.4:0.0,87.4:0.0,88.4:0.0,89.5:0.0,83.5:0.0,84.5:1391.5,85.5:1382.0,86.6:1371.0,94.5:0.0,95.5:0.0,96.6:0.0,97.6:0.0,98.6:0.0,99.7:0.0,93.8:0.0,94.8:1303.0,95.9:1296.5,96.9:1289.7,98.0:1284.2,99.0:1278.7,100.0:1273.7,101.0:1268.0,102.1:1265.5,103.1:1262.5,104.2:1258.0,105.1:1256.0,106.2:1254.7,107.3:1253.5,108.3:1253.0,109.3:1250.5,110.4:1249.0,111.4:1251.0,112.5:1252.2,113.5:1252.5,114.5:1253.5,115.5:1256.2,123.4:0.0,124.5:0.0,125.5:0.0,126.5:0.0,127.5:0.0,128.6:0.0,129.6:0.0,130.7:0.0,131.7:0.0,132.7:0.0,133.7:0.0,128.9:0.0,130.0:700.2,136.8:0.0,132.1:688.0,133.2:675.0,134.2:667.7,141.0:0.0,142.0:0.0,137.3:657.0,138.5:647.5,139.4:643.0,140.5:639.0,141.6:635.5,142.6:629.5,143.5:625.5,144.5:624.7,145.8:623.0,146.7:617.5,147.9:612.7,148.8:611.5,150.0:610.0,151.0:607.7,151.9:605.0,153.1:603.2,154.1:601.2,155.2:599.0,156.0:599.2,157.1:599.7,158.1:601.0,164.9:0.0,160.2:0.0,161.3:625.0,162.3:626.0,163.4:624.5,164.3:624.5,165.3:625.7,172.1:0.0,173.1:0.0,174.2:0.0,175.2:0.0,170.9:0.0,171.9:576.5,173.0:570.0,174.0:564.0,175.0:557.7,176.1:551.7,177.2:547.0,178.3:542.2,179.2:537.2,180.4:533.5,181.4:529.2,182.3:524.5,183.5:520.7,184.6:517.2,185.5:514.5,186.6:511.7,187.6:509.0,188.8:506.7,189.8:504.2,190.9:502.0,191.8:499.5,193.0:497.0,194.0:496.0,194.9:494.5,195.9:492.5,197.0:491.5,198.2:490.7,199.2:490.2,200.1:489.7,201.4:489.5,202.2:488.7,203.4:488.2,204.2:488.5,205.6:489.2,206.4:489.5,207.5:489.2,208.6:490.2,209.7:491.5,210.7:492.2,211.8:493.5,212.8:495.0,213.7:496.5,214.6:498.2,215.7:500.5,216.7:502.0,217.9:504.5,218.7:507.5,219.9:509.7,221.0:513.0,221.7:515.5,223.0:518.0,224.0:521.5,224.9:525.5,226.0:529.5,227.0:533.0,228.1:537.2,228.9:542.0,230.0:546.2,230.9:551.2,231.9:557.0,233.1:563.2,233.9:568.7,235.1:573.5,236.0:580.0,237.1:586.7,238.1:594.0,239.1:602.0,240.1:610.0,241.1:618.0,242.0:626.7,243.0:635.5,244.1:644.2,245.0:654.7,246.1:667.0,247.0:680.7,254.0:0.0,255.0:0.0,256.0:0.0,251.3:0.0,258.1:0.0,259.1:0.0,260.2:0.0,255.5:0.0,262.2:0.0,257.6:606.5,258.8:596.5,259.9:589.2,260.8:586.0,261.8:580.7,263.1:572.2,263.9:566.5,265.0:562.5,266.2:558.5,267.2:554.5,268.2:550.7,269.4:545.7,270.5:541.5,271.5:539.2,272.4:536.7,273.5:535.2,274.6:533.7,275.5:531.0,276.8:528.0,277.7:525.2,278.5:523.7,279.8:522.2,280.9:520.2,281.8:517.7,283.0:517.2,283.8:517.7,284.9:516.7,286.0:515.7,287.0:515.0,288.0:514.5,289.1:514.5,290.0:514.5,291.0:514.2,292.2:514.2,293.2:511.5,294.1:514.5,295.3:519.5,301.4:0.0,302.4:0.0,303.5:0.0,304.5:0.0,305.5:0.0,306.6:0.0,300.9:0.0,301.9:1209.7,302.9:1215.7,303.9:1221.0,305.0:1226.7,306.0:1233.5,307.1:1237.2,308.0:1246.0,309.1:1257.2,310.1:1262.7,311.1:1269.5,312.1:1279.2,313.2:1288.5,314.2:1298.0,315.2:1309.2,316.2:1326.0,317.3:1349.2,318.3:1359.7,319.3:1362.5,320.4:1376.5,321.4:1392.5,322.4:1407.2,323.5:1423.7,324.5:1444.5,325.5:1466.5,326.5:1487.0,327.5:1507.7,328.5:1531.5,329.5:1555.5,330.6:1580.2,331.6:1604.5,332.6:1628.0,340.8:0.0,341.8:0.0,342.9:0.0,343.9:0.0,344.9:0.0,346.0:0.0,347.0:0.0,341.0:0.0,342.0:1527.0,350.1:0.0,351.1:0.0,352.2:0.0,353.2:0.0,354.2:0.0,355.3:0.0,356.3:0.0,357.3:0.0,358.4:0.0,
358.8:0.0,359.9:0.0,0.9:0.0,354.7:0.0,355.8:1849.0,356.8:1815.2,357.8:1798.7,358.9:1792.7,359.9:1781.7,1.0:1766.5,2.0:1755.0,3.0:1745.5,4.1:1738.0,5.1:1728.0,6.2:1715.7,7.2:1705.5,8.2:1697.7,9.2:1691.7,10.3:1684.0,11.4:1681.0,12.4:1679.5,13.5:1673.5,14.5:1673.7,15.5:1673.0,16.6:1667.2,17.6:1663.2,18.7:1660.7,19.7:1659.0,20.7:1659.2,21.8:1661.0,22.8:1661.0,23.8:1663.5,24.9:1667.2,25.9:1669.5,26.9:1673.0,28.0:1677.0,29.0:1683.7,30.0:1690.7,31.1:1693.5,32.1:1700.0,33.1:1704.7,34.1:1712.0,35.2:1722.2,36.2:1730.5,37.2:1740.5,38.2:1749.0,39.3:1759.0,40.4:1770.7,41.3:1783.5,42.4:1793.2,43.4:1808.5,44.5:1827.2,45.5:1838.5,46.5:1871.2,54.8:0.0,55.8:0.0,56.8:0.0,57.9:0.0,58.9:0.0,59.9:0.0,61.0:0.0,62.0:0.0,63.0:0.0,64.1:0.0,65.1:0.0,66.1:0.0,67.2:0.0,61.3:0.0,62.3:1369.5,70.3:0.0,71.3:0.0,72.3:0.0,73.4:0.0,74.4:0.0,75.5:0.0,76.5:0.0,77.5:0.0,78.6:0.0,79.6:0.0,80.6:0.0,81.7:0.0,75.5:0.0,83.7:0.0,84.8:0.0,78.8:0.0,79.8:1550.7,87.9:0.0,81.9:1529.5,89.9:0.0,90.9:0.0,91.9:0.0,92.9:0.0,94.0:0.0,95.0:0.0,96.0:0.0,97.0:0.0,91.1:0.0,92.1:1393.7,93.2:1386.7,94.2:1380.7,95.2:1376.5,96.3:1368.2,97.3:1360.5,98.3:1356.2,99.4:1351.7,100.4:1346.7,101.4:1342.0,102.5:1337.0,103.5:1335.0,104.6:1334.2,105.6:1333.2,113.5:0.0,107.7:1331.7,108.7:1327.2,109.7:1324.2,110.8:1325.0,111.8:1325.5,112.8:1325.2,113.8:1327.0,114.9:1329.7,115.9:1330.5,116.9:1331.5,118.0:1332.7,118.9:1333.2,120.0:1337.7,121.1:1343.7,122.1:1346.0,123.1:1351.0,124.1:1360.2,125.1:1366.7,133.1:0.0,134.1:0.0,128.7:0.0,136.2:0.0,130.9:0.0,131.8:900.0,133.0:891.7,140.3:0.0,135.1:879.2,136.1:866.0,137.0:858.0,138.1:850.2,139.2:843.7,140.2:839.2,141.3:835.0,142.2:829.5,143.3:824.0,144.4:817.5,145.4:813.0,146.5:811.5,147.5:808.7,148.6:804.0,149.5:799.5,150.5:795.7,151.7:794.7,152.7:794.2,153.7:791.5,154.8:788.7,155.8:787.2,156.9:786.0,158.0:784.2,159.0:784.2,160.0:783.0,161.0:782.5,162.1:783.2,163.2:783.2,164.2:0.0,165.1:810.2,166.2:811.7,167.2:812.7,168.1:814.7,169.2:820.2,176.5:0.0,177.5:0.0,172.5:0.0,173.4:776.0,174.6:768.0,175.6:760.2,176.7:753.2,177.7:746.5,178.8:740.0,179.9:733.7,180.8:727.5,181.9:721.0,182.9:715.7,184.0:711.7,185.1:707.5,186.1:703.7,187.2:699.5,188.2:695.2,189.2:692.0,190.3:689.2,191.3:686.7,192.3:684.7,193.3:683.0,194.4:680.5,195.5:677.2,196.5:674.2,197.5:672.2,198.5:671.5,199.7:670.7,200.7:670.2,201.6:670.2,202.7:670.2,203.8:670.0,204.8:670.7,205.8:672.0,206.8:671.0,207.9:671.0,209.0:672.5,209.9:672.7,211.0:674.2,212.1:677.5,213.1:680.0,214.0:681.5,215.0:684.0,216.1:687.0,217.2:689.5,218.3:693.0,219.3:696.0,220.1:699.7,221.2:703.5,222.4:707.0,223.3:712.0,224.4:716.0,225.2:720.2,226.4:726.5,227.4:732.2,228.4:738.2,229.4:744.5,230.4:750.2,231.5:756.7,232.5:763.2,233.4:773.2,234.0:0.0,241.7:0.0,242.7:0.0,243.7:0.0,244.7:0.0,245.8:0.0,246.8:0.0,247.9:0.0,248.9:0.0,249.9:0.0,251.0:0.0,252.0:0.0,253.0:0.0,254.1:0.0,255.1:0.0,256.1:0.0,257.2:0.0,258.2:0.0,259.2:0.0,260.2:0.0,261.3:0.0,262.3:0.0,263.3:0.0,264.4:0.0,265.4:0.0,261.4:0.0,262.4:502.0,263.6:497.2,264.7:493.2,265.7:490.2,266.5:488.0,267.7:482.0,268.6:476.0,269.8:473.0,270.8:470.0,271.9:469.0,272.9:470.5,274.1:469.5,275.1:468.7,276.0:470.5,277.2:473.7,282.9:0.0,283.9:0.0,284.9:0.0,286.0:0.0,287.0:0.0,288.0:0.0,289.1:0.0,290.1:0.0,291.1:0.0,292.2:0.0,286.5:0.0,287.5:1117.0,288.5:1117.0,289.5:1116.2,290.6:1118.0,291.6:1119.5,292.7:1117.2,293.7:1116.7,294.7:1119.2,295.7:1121.5,296.7:1124.5,297.8:1127.0,298.8:1129.0,299.9:1132.2,300.9:1135.7,301.9:1140.7,302.9:1146.7,304.0:1152.5,305.0:1158.2,306.0:1163.2,307.1:1169.0,308.1:1175.2,309.1:1180.2,310.1:1194.2,311.1:1216.2,312.2:1223.0,313.2:1223.5,314.2:1230.0,315.2:1238.7,316.3:1250.7,317.2:1263.5,318.3:1277.0,319.3:1289.0,320.3:1301.7,321.3:1315.0,322.3:1332.7,323.4:1350.2,324.5:1363.5,325.4:1380.7,326.5:1399.5,327.5:1417.7,328.5:1439.5,329.5:1464.2,337.6:0.0,338.6:0.0,339.6:0.0,340.7:0.0,341.7:0.0,342.7:0.0,343.8:0.0,344.8:0.0,345.8:0.0,346.9:0.0,347.9:0.0,348.9:0.0,350.0:0.0,351.0:0.0,352.0:0.0,353.1:0.0,354.1:0.0,355.2:0.0,356.2:0.0,357.2:0.0,358.3:0.0,
359.3:0.0,353.1:0.0,354.2:1687.7,355.3:0.0,356.3:1617.5,357.3:1605.7,358.4:1592.0,359.4:1580.5,0.4:1570.2,1.5:1561.0,2.5:1556.0,3.5:1549.5,4.6:1539.7,5.6:1532.5,6.7:1525.0,7.7:1517.2,8.8:1510.0,9.8:1504.7,10.8:1499.5,11.9:1493.5,12.9:1493.5,14.0:1492.0,15.0:1487.2,16.0:1486.2,17.0:1486.2,18.1:1484.2,19.1:1485.0,20.2:1486.7,21.2:1484.7,22.3:1483.2,23.3:1483.2,24.3:1486.7,25.3:1490.5,26.4:1492.0,27.4:1495.0,28.4:1500.5,29.5:1507.5,30.5:1511.5,31.5:1515.0,32.5:1519.2,33.6:1523.5,34.6:1529.2,35.6:1539.2,36.7:1548.5,37.7:1552.7,38.7:1560.7,39.8:1570.0,40.8:1577.7,41.8:1587.5,42.9:1599.0,43.9:1610.0,44.9:1621.7,45.9:1637.7,46.9:1653.7,48.0:1670.7,49.0:1687.5,57.2:0.0,51.0:0.0,59.2:0.0,60.3:0.0,61.3:0.0,62.3:0.0,63.4:0.0,64.4:0.0,65.4:0.0,66.4:0.0,67.5:0.0,68.5:0.0,69.5:0.0,70.6:0.0,71.6:0.0,72.6:0.0,66.8:0.0,74.7:0.0,68.8:1296.7,76.8:0.0,77.8:0.0,78.8:0.0,79.8:0.0,80.9:0.0,81.9:0.0,83.0:0.0,84.0:0.0,85.0:0.0,86.0:0.0,87.1:0.0,81.0:0.0,82.0:1620.5,83.0:1591.2,84.0:1563.5,85.1:1550.5,86.1:1537.7,87.1:1528.5,88.2:1515.2,89.2:1502.0,90.2:1493.5,91.3:1483.7,99.3:0.0,93.3:1469.7,101.4:0.0,102.4:0.0,103.4:0.0,104.4:0.0,98.5:0.0,99.5:1415.7,100.5:1416.7,101.6:1410.7,102.6:1404.0,103.6:1402.2,104.7:1399.5,105.7:1398.5,106.7:1398.5,107.8:1394.5,108.8:1393.5,109.8:1393.0,110.9:1390.7,111.9:1391.7,113.0:1392.0,113.9:1395.0,115.0:1396.2,116.0:1397.5,117.1:1399.2,118.1:1399.2,119.1:1404.7,120.1:1409.2,121.2:1412.5,122.2:1415.7,123.2:1419.2,131.2:0.0,132.2:0.0,133.3:0.0,134.3:0.0,128.3:0.0,129.4:1476.5,130.4:1484.2,131.5:1491.2,132.5:1501.2,133.5:1514.0,134.9:0.0,136.0:1092.7,136.9:1088.5,138.0:0.0,139.1:1043.2,140.2:1035.0,141.2:1029.7,142.3:1022.0,143.2:1013.2,144.3:1009.7,145.3:1006.0,146.3:1001.2,147.4:996.0,148.4:991.7,149.5:988.2,150.5:983.7,151.5:979.7,152.5:975.2,153.6:975.0,154.6:975.0,155.7:971.7,156.8:968.5,157.8:968.0,158.8:968.0,159.8:966.5,160.9:967.2,162.0:966.7,162.9:965.7,163.9:965.5,165.0:969.0,166.0:971.2,167.0:984.2,168.0:999.2,169.1:1002.0,170.1:1005.0,177.7:0.0,178.7:0.0,172.1:0.0,174.3:0.0,175.3:960.2,176.4:951.0,177.5:942.0,178.5:933.0,179.6:924.7,180.6:918.2,181.6:912.0,182.6:906.2,183.7:900.7,184.7:893.5,185.8:887.5,186.8:883.0,187.9:878.0,189.0:873.5,189.9:869.7,190.9:866.7,192.0:863.5,193.1:860.5,194.1:856.7,195.2:854.7,196.2:853.7,197.2:851.0,198.3:848.2,199.2:847.0,200.3:845.7,201.3:846.5,202.5:845.7,203.5:844.2,204.6:845.0,205.6:845.5,206.7:845.7,207.7:848.0,208.7:850.2,209.8:851.0,210.7:853.2,211.7:855.0,212.8:857.7,213.9:860.7,214.9:863.0,215.8:866.5,216.9:871.0,217.8:874.5,219.0:878.0,220.0:882.7,221.0:888.2,222.0:893.2,223.0:900.2,230.5:0.0,231.5:0.0,232.5:0.0,233.6:0.0,234.6:0.0,235.6:0.0,236.7:0.0,237.7:0.0,238.7:0.0,239.8:0.0,240.8:0.0,241.8:0.0,242.9:0.0,243.9:0.0,244.9:0.0,246.0:0.0,247.0:0.0,248.0:0.0,249.1:0.0,250.1:0.0,251.1:0.0,252.2:0.0,248.1:0.0,254.2:0.0,250.3:503.7,251.2:494.5,252.4:491.0,253.3:489.5,254.4:492.0,255.5:494.2,261.4:0.0,262.5:0.0,263.5:0.0,264.5:0.0,265.6:0.0,266.6:0.0,267.6:0.0,268.7:0.0,269.7:0.0,270.7:0.0,271.8:0.0,272.8:0.0,273.8:0.0,274.9:0.0,275.9:0.0,276.9:0.0,278.0:0.0,279.0:0.0,280.0:0.0,281.0:0.0,275.4:0.0,276.4:1082.0,277.5:1077.2,278.5:1072.7,279.5:1070.2,280.5:1066.7,281.5:1063.2,282.6:1060.0,283.7:1057.5,284.7:1056.7,285.7:1055.2,286.8:1053.7,287.7:1052.0,288.8:1051.5,289.8:1051.5,290.8:1052.0,291.9:1053.2,292.9:1055.0,293.9:1056.0,295.0:1056.7,296.0:1058.7,297.0:1062.0,298.1:1064.0,299.0:1067.0,300.1:1070.7,301.2:1073.2,302.2:1082.0,303.2:1099.7,304.2:1103.5,305.3:1097.7,306.3:1100.0,307.3:1105.2,308.4:1113.7,309.4:1121.0,310.4:1127.2,311.5:1136.7,312.4:1148.0,313.5:1156.7,314.5:1165.7,315.5:1176.2,316.5:1184.7,317.5:1193.7,318.5:1208.5,319.6:1222.7,320.6:1235.0,321.6:1248.2,322.6:1262.2,323.6:1278.7,324.7:1295.0,325.7:1314.0,333.7:0.0,334.7:0.0,335.7:0.0,336.7:0.0,337.8:0.0,338.8:0.0,339.8:0.0,340.9:0.0,341.9:0.0,336.2:0.0,344.0:0.0,345.0:0.0,339.2:1164.2,347.1:0.0,348.1:0.0,349.1:0.0,350.2:0.0,351.2:0.0,352.2:0.0,353.3:0.0,354.3:0.0,355.4:0.0,356.4:0.0,357.4:0.0,358.5:0.0,
358.7:0.0,352.7:0.0,0.8:0.0,1.8:0.0,355.9:0.0,356.9:1406.0,357.9:1395.0,359.0:1386.2,0.0:1377.0,1.1:1368.7,2.1:1362.0,3.1:1352.2,4.1:1344.7,12.1:0.0,13.2:0.0,14.2:0.0,15.2:0.0,16.2:0.0,10.4:1326.7,11.5:1307.5,12.5:1304.2,13.5:1303.2,14.6:1301.7,15.6:1298.2,16.7:1296.2,17.7:1295.2,18.7:1295.7,19.7:1299.0,20.8:1299.2,21.8:1297.5,22.9:1298.2,23.9:1301.5,24.9:1303.0,25.9:1303.0,27.0:1304.0,28.1:1306.7,36.0:0.0,30.1:1313.0,38.0:0.0,32.2:1323.7,33.2:1333.0,34.2:1338.5,35.2:1343.2,36.2:1348.7,37.3:1357.0,38.3:1364.0,39.3:1370.5,40.3:1381.7,41.4:1389.7,42.4:1393.7,50.4:0.0,51.4:0.0,52.5:0.0,53.5:0.0,54.5:0.0,55.6:0.0,56.6:0.0,50.6:0.0,58.7:0.0,59.7:0.0,53.7:1541.7,61.8:0.0,62.8:0.0,63.8:0.0,64.9:0.0,65.9:0.0,66.9:0.0,68.0:0.0,69.0:0.0,70.0:0.0,71.1:0.0,72.1:0.0,73.1:0.0,74.2:0.0,75.2:0.0,76.2:0.0,77.3:0.0,78.3:0.0,79.3:0.0,80.4:0.0,74.5:0.0,82.4:0.0,76.6:1243.7,84.5:0.0,85.5:0.0,86.6:0.0,87.6:0.0,88.6:0.0,89.7:0.0,90.6:0.0,91.6:0.0,92.7:0.0,93.7:0.0,87.7:0.0,88.7:1607.5,89.7:1581.0,90.8:1555.5,91.8:1546.7,92.8:1541.2,93.8:1535.5,94.9:1524.7,95.9:1515.2,96.9:1511.2,97.9:1505.5,99.0:1499.7,100.0:1495.5,101.1:1491.0,102.2:1486.5,103.2:1483.7,104.2:1483.0,105.2:1478.0,106.2:1472.7,107.2:1470.5,108.2:1469.2,109.3:1467.7,110.3:1467.2,111.3:1468.2,112.4:1466.5,113.4:1469.2,114.5:1475.0,115.5:1474.5,116.5:1476.2,117.5:1481.5,118.6:1484.2,119.5:1487.0,120.6:1491.2,121.6:1495.7,122.7:1501.0,123.7:1507.5,124.7:1513.7,125.7:1519.7,126.7:1527.2,127.8:1538.2,128.8:1547.7,129.8:1552.0,130.9:1559.0,131.9:1569.2,133.0:1579.5,134.0:1592.0,135.0:1604.0,136.0:1616.2,137.1:1632.5,138.0:1647.2,139.1:1661.0,147.2:0.0,148.3:0.0,142.5:0.0,150.3:0.0,144.6:0.0,145.6:1195.5,146.7:1188.2,147.7:1179.7,148.7:1176.0,149.8:1171.7,150.8:1167.2,151.8:1164.2,152.9:1159.5,153.9:1155.7,155.0:1156.0,156.0:1154.2,157.1:1152.0,158.1:1151.2,159.2:1150.5,160.2:1148.7,161.2:1147.0,162.3:1147.2,163.3:1148.0,164.4:1148.5,165.3:1148.7,166.4:1150.0,167.4:1153.5,175.2:0.0,169.4:1172.5,170.5:1189.7,171.5:1192.0,179.3:0.0,172.7:0.0,174.7:0.0,175.7:1151.0,176.7:1139.7,177.8:1129.7,178.8:1121.0,179.9:1112.5,180.9:1104.0,181.9:1095.7,183.0:1087.7,184.0:1082.0,185.0:1076.2,186.1:1068.0,187.2:1062.2,188.2:1057.5,189.3:1052.2,190.2:1048.5,191.3:1044.0,192.4:1040.2,193.4:1038.0,194.4:1034.7,195.4:1032.0,196.4:1030.0,197.5:1027.5,198.6:1026.2,199.6:1026.0,200.6:1024.7,201.7:1023.7,202.7:1021.5,203.7:1021.0,204.8:1022.5,205.8:1022.0,206.8:1023.7,207.9:1026.0,208.9:1027.5,209.9:1030.7,210.9:1032.2,212.0:1033.5,213.0:1036.7,214.0:1041.2,215.0:1046.2,222.7:0.0,223.7:0.0,224.8:0.0,225.8:0.0,226.8:0.0,227.9:0.0,228.9:0.0,229.9:0.0,231.0:0.0,232.0:0.0,233.0:0.0,234.1:0.0,235.1:0.0,230.5:0.0,237.2:0.0,238.2:0.0,233.8:0.0,234.8:573.7,235.8:572.7,236.9:574.2,238.0:574.5,244.4:0.0,245.5:0.0,246.5:0.0,247.5:0.0,248.6:0.0,249.6:0.0,250.6:0.0,251.7:0.0,252.7:0.0,253.7:0.0,254.8:0.0,255.8:0.0,256.8:0.0,257.9:0.0,258.9:0.0,259.9:0.0,260.9:0.0,262.0:0.0,263.0:0.0,264.0:0.0,265.1:0.0,266.1:0.0,267.1:0.0,268.2:0.0,269.2:0.0,270.2:0.0,264.6:0.0,265.6:1079.2,266.7:1068.0,267.7:1060.5,268.8:1055.2,269.8:1049.0,270.9:1042.0,271.9:1035.5,272.9:1028.7,273.9:1023.2,275.0:1018.2,275.9:1013.5,277.0:1009.7,278.0:1005.5,279.0:1002.0,280.1:999.7,281.1:997.7,282.1:994.7,283.2:992.0,284.2:991.0,285.3:989.2,286.3:987.5,287.3:987.5,288.2:988.2,289.3:988.5,290.3:989.2,291.4:990.0,292.4:990.7,300.0:0.0,294.5:998.2,295.5:1001.7,296.5:999.5,297.5:1002.0,298.6:1004.7,299.6:1006.2,300.7:1010.2,301.7:1014.2,302.7:1017.0,303.7:1021.7,304.7:1029.0,305.7:1035.5,306.8:1040.7,307.8:1046.2,308.8:1051.7,309.9:1059.7,310.8:1066.7,311.9:1073.2,312.9:1080.2,314.0:1088.5,315.0:1096.5,316.0:1106.2,317.0:1119.5,318.0:1131.5,319.0:1143.0,320.0:1155.7,327.8:0.0,328.8:0.0,330.0:0.0,331.0:0.0,332.0:0.0,333.0:0.0,334.1:0.0,335.1:0.0,336.1:0.0,337.2:0.0,331.8:0.0,339.2:0.0,340.3:0.0,341.3:0.0,335.8:0.0,343.4:0.0,344.4:0.0,345.4:0.0,346.5:0.0,347.5:0.0,348.5:0.0,349.6:0.0,350.6:0.0,351.6:0.0,352.7:0.0,353.7:0.0,354.7:0.0,355.8:0.0,356.8:0.0,357.9:0.0,
352.4:0.0,0.3:0.0,1.4:0.0,2.4:0.0,3.4:0.0,357.7:0.0,358.7:1192.2,359.8:1185.5,0.8:1176.5,1.8:1171.5,2.8:1165.2,4.0:1157.5,5.0:1151.5,6.0:1147.0,7.0:1142.0,8.1:1134.7,9.1:1130.2,10.1:1129.5,11.3:1127.5,12.3:1123.5,13.3:1117.5,14.4:1113.2,15.4:1110.2,16.5:1107.7,17.5:1107.2,18.6:1107.5,19.5:1109.7,20.6:1110.5,21.7:1109.5,22.7:1111.7,23.7:1115.7,24.8:1117.7,25.7:1118.0,26.8:1121.2,27.9:1124.2,28.8:1125.5,29.9:1127.0,30.9:1131.5,31.9:1135.7,33.0:1140.5,34.0:1147.7,35.0:1152.5,36.0:1156.5,37.0:1164.2,38.1:1173.5,39.2:1179.7,40.2:1186.0,41.2:1193.0,49.0:0.0,50.1:0.0,51.1:0.0,52.1:0.0,53.2:0.0,54.2:0.0,55.2:0.0,56.3:0.0,57.3:0.0,58.3:0.0,59.4:0.0,60.4:0.0,61.5:0.0,62.5:0.0,63.5:0.0,64.6:0.0,65.6:0.0,66.6:0.0,67.6:0.0,68.6:0.0,69.7:0.0,70.7:0.0,71.7:0.0,65.7:0.0,73.8:0.0,74.8:0.0,75.9:0.0,76.9:0.0,77.9:0.0,79.0:0.0,80.0:0.0,81.0:0.0,82.1:0.0,83.1:0.0,84.1:0.0,85.1:0.0,86.2:0.0,87.2:0.0,88.2:0.0,89.3:0.0,83.4:0.0,84.5:1211.5,85.5:1207.2,93.3:0.0,94.3:0.0,95.4:0.0,96.4:0.0,97.4:0.0,98.5:0.0,99.5:0.0,93.4:0.0,94.4:1629.7,95.5:1622.5,96.5:1598.2,97.6:1577.7,98.6:1575.5,99.6:1570.5,100.6:1561.0,101.7:1556.5,102.7:1559.2,103.7:1557.7,104.8:1551.5,105.8:1548.2,106.9:1548.2,107.9:1544.0,108.9:1544.0,109.9:1544.2,111.0:1543.0,112.0:1544.5,113.1:1544.7,114.1:1547.0,115.1:1546.2,116.2:1548.5,117.1:1554.5,118.2:1556.0,119.2:1560.0,120.3:1564.7,121.3:1567.5,122.3:1572.2,123.4:1578.0,124.4:1586.7,125.4:1594.2,126.4:1599.0,127.5:1606.0,128.5:1610.2,129.5:1617.2,130.5:1632.0,131.6:1645.7,132.6:1656.0,133.7:1668.0,134.6:1682.7,135.7:1699.7,143.9:0.0,137.7:1721.7,145.9:0.0,139.8:1755.2,148.0:0.0,149.0:0.0,150.0:0.0,151.1:0.0,152.1:0.0,146.2:0.0,147.2:1402.7,148.3:1386.7,149.3:1364.7,150.3:1360.2,151.4:1356.7,152.4:1350.7,153.4:1344.5,154.5:1341.2,155.6:1340.0,156.7:1340.7,157.7:1339.5,158.7:1336.5,159.7:1336.5,160.8:1337.2,161.8:1336.5,162.9:1336.0,163.9:1337.7,164.9:1337.2,165.9:1338.2,167.0:1340.0,168.0:1341.2,169.0:1346.2,170.1:1361.7,171.0:1378.5,172.1:1384.2,180.1:0.0,173.5:0.0,175.2:0.0,176.3:1342.2,177.3:1331.0,178.3:1319.2,179.4:1307.0,180.5:1298.7,181.5:1290.2,182.5:1282.2,183.6:1275.0,184.6:1267.0,185.7:1258.7,186.7:1252.7,187.7:1248.0,188.8:1242.0,189.8:1237.7,190.9:1231.7,191.9:1223.5,193.0:1218.7,194.0:1215.2,195.0:1210.7,196.0:1207.2,197.1:1205.7,198.1:1205.0,199.2:1201.2,200.2:1198.5,201.2:1200.2,202.2:1201.2,203.3:1200.5,204.4:1197.7,205.4:1199.5,206.5:1201.7,207.5:1203.0,208.6:1205.7,216.4:0.0,217.4:0.0,218.5:0.0,219.5:0.0,220.5:0.0,221.6:0.0,222.6:0.0,223.6:0.0,224.7:0.0,225.7:0.0,220.8:0.0,221.9:701.5,222.9:701.7,223.9:701.7,225.0:703.2,225.9:708.5,227.0:713.7,234.0:0.0,235.0:0.0,230.1:726.5,231.1:742.0,238.1:0.0,239.2:0.0,240.2:0.0,241.2:0.0,242.3:0.0,243.3:0.0,244.3:0.0,245.4:0.0,246.4:0.0,247.5:0.0,248.5:0.0,249.5:0.0,250.5:0.0,251.6:0.0,252.6:0.0,253.7:0.0,254.7:0.0,255.7:0.0,256.8:0.0,257.8:0.0,258.8:0.0,259.8:0.0,254.2:0.0,255.2:1106.5,256.2:1094.5,257.3:1080.5,258.3:1069.5,259.4:1059.5,260.4:1048.2,261.5:1038.7,262.5:1029.5,263.5:1019.0,264.7:1009.5,265.6:1001.7,266.7:995.7,267.8:988.7,268.8:981.2,269.9:976.0,270.8:968.7,271.9:963.5,272.9:960.5,274.0:955.5,275.0:949.7,276.0:944.7,277.1:941.0,278.2:937.5,279.1:934.7,280.2:932.2,281.2:932.5,282.1:942.0,283.2:945.5,284.3:935.0,285.3:927.0,286.4:924.5,287.4:923.5,288.5:921.7,289.5:923.7,290.5:924.7,291.5:924.0,292.5:925.2,293.6:925.2,294.6:926.5,295.6:929.0,296.7:931.2,297.7:933.5,298.7:936.0,299.8:940.5,300.8:945.5,301.8:949.5,302.8:952.2,303.8:957.2,305.0:963.5,305.9:968.2,307.0:973.2,308.0:979.5,309.0:985.5,310.1:991.2,311.0:998.7,312.1:1006.5,313.1:1015.0,320.7:0.0,321.7:0.0,322.8:0.0,323.8:0.0,324.8:0.0,325.9:0.0,326.9:0.0,327.9:0.0,329.0:0.0,330.0:0.0,324.9:0.0,325.9:802.2,326.9:809.5,327.8:816.7,328.9:830.7,330.1:836.0,331.0:830.2,338.3:0.0,339.3:0.0,340.4:0.0,341.4:0.0,342.4:0.0,343.5:0.0,344.5:0.0,345.5:0.0,346.6:0.0,347.6:0.0,348.6:0.0,349.7:0.0,350.7:0.0,351.7:0.0,352.8:0.0,353.8:0.0,354.8:0.0,355.9:0.0,356.9:0.0,358.0:0.0,
358.7:0.0,359.8:0.0,0.8:0.0,355.5:0.0,356.5:918.7,357.6:913.0,358.6:906.5,359.7:900.0,0.6:893.7,1.7:889.7,2.8:886.5,3.8:880.5,4.9:875.5,5.9:871.5,6.9:866.5,8.0:863.7,9.0:860.0,10.0:856.7,11.1:853.5,12.2:851.5,13.2:851.5,14.2:849.7,15.3:848.0,16.3:846.2,17.4:845.2,18.3:843.7,19.4:841.2,20.5:840.2,21.5:842.0,22.5:843.7,23.6:844.5,24.6:843.7,25.7:844.7,26.6:847.5,27.7:848.5,28.8:850.7,29.8:854.2,30.9:857.7,31.8:863.2,32.9:867.0,33.9:870.5,34.9:875.2,36.0:880.5,37.0:883.7,38.0:886.0,39.0:892.5,40.0:900.2,41.1:899.2,42.1:901.7,43.1:913.5,50.5:0.0,51.6:0.0,52.6:0.0,53.7:0.0,48.2:0.0,55.7:0.0,56.8:0.0,57.8:0.0,58.8:0.0,59.9:0.0,54.4:0.0,61.9:0.0,63.0:0.0,64.0:0.0,65.0:0.0,59.3:0.0,67.1:0.0,68.1:0.0,69.2:0.0,70.2:0.0,71.2:0.0,72.3:0.0,73.3:0.0,74.3:0.0,75.4:0.0,76.4:0.0,77.4:0.0,78.5:0.0,72.5:0.0,73.5:0.0,81.6:0.0,82.6:0.0,83.6:0.0,84.7:0.0,85.7:0.0,79.8:0.0,87.8:0.0,88.8:0.0,89.9:0.0,90.8:0.0,91.8:0.0,92.9:0.0,93.9:0.0,88.0:0.0,89.1:1276.2,90.1:1267.7,91.2:1262.0,92.2:1255.7,93.2:1250.2,94.3:1243.7,95.3:1234.5,96.3:1228.5,97.4:1224.7,98.4:1224.5,106.2:0.0,107.3:0.0,108.3:0.0,109.3:0.0,103.3:0.0,104.2:1665.5,105.3:1682.7,106.4:1663.5,107.4:1646.2,108.4:1647.5,109.5:1646.5,110.4:1644.7,111.5:1645.7,112.5:1644.0,113.5:1644.0,114.6:1646.7,115.6:1651.7,116.6:1657.5,117.7:1657.2,118.7:1661.7,119.7:1671.5,120.7:1674.2,121.7:1682.2,122.8:1689.2,123.8:1691.5,124.8:1699.7,125.9:1710.2,126.9:1716.5,128.0:1724.0,128.9:1734.7,130.0:1746.2,131.0:1759.2,132.0:1770.5,133.1:1781.5,134.1:1793.7,142.4:0.0,143.4:0.0,144.4:0.0,145.5:0.0,139.3:0.0,147.5:0.0,148.6:0.0,149.6:0.0,150.6:0.0,151.7:0.0,152.7:0.0,153.7:0.0,154.7:0.0,155.8:0.0,156.8:0.0,150.7:0.0,151.8:1659.2,152.8:1644.0,153.8:1630.5,154.9:1629.5,156.0:1625.0,157.0:1622.5,158.1:1615.7,159.1:1614.0,160.2:1616.2,161.2:1615.5,162.2:1617.7,163.2:1619.7,164.2:1620.5,165.3:1621.0,166.3:1623.2,167.4:1625.7,168.4:1628.2,169.4:1630.7,170.4:1633.2,171.5:1653.2,172.5:1675.5,173.6:1679.2,181.7:0.0,175.6:1662.7,176.6:1642.5,177.7:1633.2,178.8:1620.5,179.8:1605.0,180.9:1591.7,181.9:1581.0,182.9:1567.7,184.0:1556.5,185.0:1547.5,186.1:1537.7,187.1:1530.0,188.1:1524.0,189.2:1517.0,190.2:1510.2,191.2:1502.7,192.3:1495.7,193.3:1490.0,194.3:1484.7,195.4:1481.2,196.4:1477.7,197.5:1475.5,198.5:1471.7,199.6:1471.2,200.5:1474.2,201.6:1473.2,202.6:1469.7,203.7:1469.0,211.7:0.0,212.8:0.0,207.2:0.0,214.8:0.0,215.9:0.0,210.5:0.0,211.5:931.5,212.6:930.7,213.6:932.5,214.5:939.0,215.6:944.0,216.7:948.2,217.7:953.0,218.7:956.2,219.8:961.2,220.7:967.5,221.8:973.5,229.3:0.0,223.9:985.7,224.9:1000.2,225.9:1008.0,227.0:1018.0,228.0:1028.7,228.9:1036.7,236.6:0.0,237.7:0.0,238.7:0.0,239.7:0.0,240.8:0.0,241.8:0.0,242.8:0.0,243.9:0.0,244.9:0.0,245.9:0.0,247.0:0.0,241.2:0.0,242.3:1198.2,243.3:1175.2,244.4:1152.2,245.5:1130.5,246.5:1112.2,247.5:1093.2,248.6:1075.7,249.6:1060.5,250.7:1044.0,251.8:1029.0,252.8:1015.5,253.9:1002.2,254.9:990.7,256.0:978.5,257.0:966.5,258.0:955.5,259.1:944.5,260.2:935.5,261.2:927.2,262.3:919.5,263.2:916.0,264.3:919.0,265.4:914.2,266.4:897.5,267.4:886.2,268.6:879.2,269.6:871.2,270.6:866.0,271.6:861.2,272.7:855.7,273.7:852.5,274.7:849.7,275.7:846.0,276.7:843.5,277.7:841.0,278.9:837.2,279.8:834.0,280.8:832.5,282.0:830.5,283.0:827.7,283.9:825.7,285.0:825.5,286.1:825.0,287.2:823.5,288.1:824.0,289.1:823.5,290.2:823.7,291.2:825.5,292.2:825.7,293.2:826.5,294.2:828.2,295.4:829.2,296.4:831.5,297.3:833.7,298.4:835.7,299.4:842.0,300.4:858.0,307.8:0.0,308.8:0.0,309.9:0.0,310.9:0.0,311.9:0.0,313.0:0.0,308.5:0.0,309.6:585.5,310.5:581.7,311.6:584.7,312.5:588.2,313.7:592.0,320.2:0.0,321.2:0.0,316.7:594.0,317.6:594.0,318.7:594.5,319.7:597.2,320.8:602.0,327.4:0.0,322.7:611.5,323.9:621.0,330.6:0.0,331.6:0.0,326.9:0.0,333.7:0.0,334.7:0.0,335.7:0.0,336.8:0.0,337.8:0.0,338.8:0.0,339.9:0.0,340.9:0.0,342.0:0.0,343.0:0.0,344.0:0.0,345.0:0.0,346.1:0.0,347.1:0.0,348.2:0.0,349.2:0.0,350.2:0.0,351.2:0.0,352.3:0.0,353.3:0.0,347.8:0.0,348.9:1020.0,349.9:1009.0,357.5:0.0,358.5:0.0,
353.4:0.0,354.4:739.0,1.5:0.0,356.6:730.2,357.6:721.0,358.6:714.2,359.7:708.0,0.8:702.5,1.8:698.2,2.9:695.5,4.0:692.2,4.9:688.5,6.0:685.5,6.9:685.0,8.1:682.7,9.2:679.2,10.0:677.2,11.1:675.7,12.3:673.0,13.3:671.2,14.2:671.0,15.3:670.2,16.3:669.5,17.5:669.0,18.4:668.0,19.5:667.5,20.6:667.5,21.5:667.0,22.6:666.0,23.6:665.7,24.8:666.7,25.8:668.0,26.8:669.2,27.7:669.5,28.9:670.5,29.8:672.0,31.0:675.0,32.0:679.0,33.0:680.2,34.1:680.7,35.0:684.5,35.9:689.0,37.1:692.2,38.1:695.7,39.1:700.5,40.0:707.7,41.0:714.2,42.1:718.2,43.2:724.5,44.2:730.5,45.2:737.0,46.1:744.5,47.3:749.5,48.3:755.5,49.3:762.0,50.2:766.5,57.4:0.0,58.4:0.0,59.5:0.0,54.2:0.0,55.3:812.0,62.6:0.0,63.6:0.0,64.7:0.0,65.7:0.0,66.7:0.0,67.7:0.0,68.7:0.0,69.7:0.0,70.8:0.0,71.8:0.0,72.8:0.0,73.9:0.0,74.9:0.0,69.3:0.0,77.0:0.0,78.0:0.0,79.0:0.0,80.1:0.0,81.1:0.0,82.1:0.0,83.2:0.0,84.2:0.0,85.2:0.0,86.2:0.0,87.3:0.0,88.3:0.0,89.4:0.0,90.3:0.0,91.4:0.0,85.4:0.0,86.5:1383.5,87.5:1372.5,88.5:1362.5,89.5:1355.5,97.5:0.0,98.6:0.0,99.6:0.0,100.6:0.0,101.6:0.0,95.8:0.0,96.8:1300.2,97.9:1298.0,98.9:1291.7,99.9:1283.5,101.0:1278.5,102.0:1274.7,103.0:1271.7,104.0:1268.2,105.0:1267.2,106.1:1268.2,107.2:1267.2,115.0:0.0,116.1:0.0,117.1:0.0,111.0:0.0,112.0:1733.7,113.0:1723.5,114.1:1725.5,115.1:1724.7,116.1:1728.5,117.2:1733.5,118.2:1735.0,119.2:1737.5,120.2:1745.7,121.2:1753.0,122.2:1754.0,123.3:1759.5,124.3:1769.7,125.3:1779.7,126.4:1792.2,127.4:1799.7,128.4:1802.0,129.5:1810.5,130.5:1824.5,131.6:1838.5,139.8:0.0,133.6:1859.5,134.6:1880.0,142.9:0.0,136.7:1904.5,137.7:1933.0,138.7:1949.2,147.0:0.0,140.8:1983.5,141.8:2015.5,142.8:2022.2,151.2:0.0,152.2:0.0,153.2:0.0,154.2:0.0,155.3:0.0,156.3:0.0,157.3:0.0,158.4:0.0,159.4:0.0,160.4:0.0,154.3:0.0,162.6:0.0,156.4:1827.7,157.5:1809.7,158.4:1810.7,159.5:1811.0,160.5:1807.0,161.6:1805.5,162.6:1806.2,163.6:1806.5,164.7:1807.0,165.7:1809.0,166.8:1813.0,167.8:1815.0,168.8:1818.7,169.8:1824.5,170.9:1827.2,179.1:0.0,173.0:1847.2,181.2:0.0,182.2:0.0,176.1:1855.2,177.1:1835.2,178.1:1816.0,179.2:1799.2,180.2:1785.0,181.3:1772.7,182.3:1760.2,183.4:1749.0,184.4:1736.5,185.4:1726.2,186.5:1716.0,187.5:1708.2,188.5:1698.5,189.6:1688.2,190.6:1685.5,191.6:1680.5,192.7:1674.2,193.7:1668.2,194.8:1662.7,195.8:1661.7,196.8:1659.5,197.9:1656.2,198.9:1657.0,199.9:1654.5,201.0:1655.2,209.1:0.0,210.2:0.0,204.6:0.0,205.6:1094.7,206.7:1094.2,207.7:1094.5,208.7:1095.5,209.8:1099.2,210.8:1101.2,211.8:1103.2,212.8:1109.5,213.8:1114.5,215.0:1119.0,216.0:1125.0,217.0:1131.7,217.9:1141.2,225.7:0.0,220.0:1153.2,221.1:1162.0,222.1:1170.5,223.1:1178.0,224.1:1186.0,232.0:0.0,233.0:0.0,234.0:0.0,235.0:0.0,236.1:0.0,237.1:0.0,238.1:0.0,239.2:0.0,240.2:0.0,234.3:0.0,235.5:1270.7,236.5:1238.5,237.6:1209.5,238.7:1182.2,239.7:1155.5,240.8:1127.7,241.8:1106.5,242.9:1086.2,243.9:1065.7,245.0:1047.2,246.0:1029.2,247.1:1012.2,248.1:996.5,249.2:982.0,250.3:967.2,251.3:955.7,252.3:951.7,253.4:956.5,254.4:0.0,255.5:907.0,256.5:897.2,257.7:887.5,258.6:877.2,259.7:867.7,260.7:859.7,261.8:852.0,262.9:842.7,263.9:835.7,265.0:829.0,266.0:821.2,267.0:815.0,268.1:810.2,269.2:805.5,270.1:799.2,271.1:795.0,272.2:792.2,273.3:788.7,274.4:785.2,275.3:782.2,276.4:778.5,277.4:773.7,278.4:770.2,279.5:768.2,280.6:766.0,281.5:765.0,282.6:763.5,283.5:761.5,284.6:761.5,285.7:761.7,286.7:762.2,287.7:767.2,288.7:0.0,290.9:0.0,291.8:479.7,293.2:475.2,294.1:476.2,295.1:477.0,296.1:477.7,297.0:477.7,298.0:480.0,299.1:482.0,305.1:0.0,301.5:0.0,302.5:463.0,303.4:464.7,304.4:464.5,305.6:466.0,306.5:469.2,307.5:471.2,308.4:473.2,309.5:474.5,310.8:477.0,311.7:481.7,312.6:485.7,313.7:489.5,314.7:492.5,315.5:495.7,316.6:499.2,322.8:0.0,323.8:0.0,324.8:0.0,325.9:0.0,326.9:0.0,327.9:0.0,329.0:0.0,330.0:0.0,331.0:0.0,332.1:0.0,333.1:0.0,334.1:0.0,335.2:0.0,336.2:0.0,337.2:0.0,338.3:0.0,339.3:0.0,340.3:0.0,341.4:0.0,342.4:0.0,343.4:0.0,344.5:0.0,345.5:0.0,346.5:0.0,347.6:0.0,348.6:0.0,349.6:0.0,350.7:0.0,345.4:0.0,352.7:0.0,347.5:0.0,354.9:0.0,349.8:0.0,357.0:0.0,358.0:0.0,
359.4:0.0,0.4:0.0,356.2:0.0,357.2:523.0,358.4:521.0,359.4:518.0,0.6:513.2,1.6:508.7,2.6:505.2,3.6:503.2,4.5:500.7,5.7:497.5,6.7:497.0,7.9:494.7,8.8:490.5,9.7:489.2,11.0:488.0,11.9:487.0,13.1:486.7,14.2:485.2,15.1:484.5,16.1:484.0,17.3:483.2,18.2:483.0,19.2:482.5,20.4:482.2,21.3:482.0,22.5:482.0,23.4:483.2,24.4:484.2,25.6:484.7,26.4:485.0,27.7:485.2,28.6:487.0,29.5:489.2,30.7:490.2,31.8:491.7,32.8:493.0,33.8:493.2,34.6:495.2,35.6:497.7,36.9:499.2,37.7:500.7,38.8:503.7,39.8:507.7,40.7:511.7,42.0:515.5,43.0:516.7,49.1:0.0,50.1:0.0,51.2:0.0,52.2:0.0,53.2:0.0,54.3:0.0,55.3:0.0,56.4:0.0,57.4:0.0,58.4:0.0,59.5:0.0,60.5:0.0,61.5:0.0,62.6:0.0,63.6:0.0,64.6:0.0,65.7:0.0,66.7:0.0,67.7:0.0,68.7:0.0,64.0:0.0,70.8:0.0,71.8:0.0,72.9:0.0,73.9:0.0,75.0:0.0,76.0:0.0,77.0:0.0,78.0:0.0,79.1:0.0,80.1:0.0,81.1:0.0,82.2:0.0,83.2:0.0,84.2:0.0,85.3:0.0,86.3:0.0,87.4:0.0,88.4:0.0,89.4:0.0,90.4:0.0,91.4:0.0,92.5:0.0,93.5:0.0,94.5:0.0,95.5:0.0,96.6:0.0,90.6:0.0,91.7:1410.5,92.7:1401.7,93.7:1394.0,94.7:1387.0,95.8:1380.7,96.9:1377.7,97.8:1372.5,98.9:1362.7,100.0:1356.2,101.0:1352.2,102.0:1348.2,103.0:1344.2,104.1:1341.5,105.1:1339.5,106.2:1336.7,107.2:1335.7,108.2:1335.0,109.3:1334.7,110.2:1334.5,111.3:1334.7,112.3:1334.7,113.4:1334.7,114.4:1336.2,122.3:0.0,123.3:0.0,124.4:0.0,118.2:0.0,119.2:1813.0,120.3:1819.2,121.2:1825.2,122.3:1829.5,123.3:1835.2,124.4:1844.7,125.4:1852.7,126.4:1859.5,127.4:1871.5,128.4:1882.2,129.5:1888.0,130.5:1895.7,131.6:1913.2,132.6:1933.0,140.9:0.0,134.7:1954.7,135.7:1986.5,136.7:2005.5,137.7:2014.0,138.8:2025.5,139.8:2044.5,148.1:0.0,149.2:0.0,150.2:0.0,151.2:0.0,152.3:0.0,153.3:0.0,154.3:0.0,155.4:0.0,156.4:0.0,157.4:0.0,158.5:0.0,159.5:0.0,160.5:0.0,161.6:0.0,162.7:0.0,156.4:2044.2,157.4:2028.2,158.5:2010.0,159.5:1990.2,160.5:1992.2,161.6:1995.5,162.6:1992.5,163.7:1993.0,164.7:1995.5,165.7:1999.0,166.8:2002.5,167.8:2009.7,168.8:2010.5,169.9:2011.5,170.9:2021.5,171.9:2029.0,173.0:2046.5,174.0:2061.5,182.3:0.0,176.1:2055.2,177.1:2039.5,178.2:2022.7,179.2:2004.0,180.2:1987.2,181.2:1973.0,182.2:1962.0,183.3:1950.0,184.3:1935.2,185.4:1924.0,186.4:1915.2,187.5:1904.7,188.5:1896.0,189.5:1890.0,190.5:1882.0,191.6:1873.0,192.6:1868.2,193.6:1862.2,194.7:1856.0,195.7:1852.7,196.8:1846.2,197.8:1841.0,198.8:1844.2,207.1:0.0,201.3:0.0,202.3:1266.2,203.4:1268.5,204.4:1271.5,205.5:1273.2,206.5:1277.7,207.5:1281.0,208.5:1283.2,209.6:1286.0,210.7:1289.5,211.7:1294.5,212.7:1299.0,220.6:0.0,221.6:0.0,222.7:0.0,223.7:0.0,224.7:0.0,218.9:0.0,219.9:1349.7,220.9:1359.7,222.0:1366.0,223.0:1374.7,224.0:1385.2,232.0:0.0,233.0:0.0,234.1:0.0,228.1:1391.0,229.2:0.0,230.2:0.0,231.4:1287.2,232.4:1252.0,233.5:0.0,234.6:1181.7,235.6:1154.0,236.7:1125.2,237.8:1095.5,238.9:1073.5,239.9:1052.5,241.0:1033.0,241.9:1025.5,243.0:0.0,244.1:978.0,245.2:957.7,246.3:941.0,247.4:927.2,248.3:912.0,249.4:897.7,250.5:884.5,251.6:872.0,252.6:861.5,253.6:850.0,254.7:837.5,255.7:827.5,256.7:818.5,257.8:809.0,258.8:800.5,259.9:793.0,261.0:786.0,262.1:778.5,263.2:772.2,264.1:765.7,265.2:759.2,267.8:0.0,268.9:438.7,269.7:431.0,270.8:427.5,271.7:425.5,273.0:423.5,274.2:421.0,275.0:419.5,280.6:0.0,277.2:0.0,278.3:391.5,279.4:386.5,280.5:384.2,281.5:384.0,282.4:383.0,283.5:381.5,284.7:380.5,285.5:379.7,286.9:379.7,287.8:379.2,288.7:378.5,290.0:378.0,290.6:377.7,292.0:377.7,292.9:378.0,293.9:378.0,295.0:378.7,295.7:379.7,297.0:380.5,297.9:381.2,298.9:381.5,300.0:383.2,301.2:385.0,302.3:385.7,303.3:386.2,304.4:387.2,305.1:389.7,306.1:391.5,307.1:393.5,308.4:396.5,309.2:398.7,310.1:401.5,311.4:403.0,312.3:405.2,313.3:407.5,314.1:409.5,315.2:413.7,316.1:418.7,317.3:422.2,318.4:425.7,319.0:431.7,320.4:436.7,325.9:0.0,326.9:0.0,328.0:0.0,329.0:0.0,330.1:0.0,331.1:0.0,332.1:0.0,333.2:0.0,334.2:0.0,335.2:0.0,336.3:0.0,337.3:0.0,338.3:0.0,339.4:0.0,340.4:0.0,341.4:0.0,342.5:0.0,338.1:0.0,344.5:0.0,345.6:0.0,346.6:0.0,347.6:0.0,348.7:0.0,349.7:0.0,345.0:0.0,351.8:0.0,352.8:0.0,353.8:0.0,354.9:0.0,355.9:0.0,351.6:0.0,352.8:544.7,
352.7:759.5,353.7:762.0,354.7:763.0,355.8:764.7,356.8:768.2,357.8:771.2,358.8:774.7,0.0:778.7,1.0:782.2,2.0:786.2,2.9:791.5,4.0:796.7,5.0:801.5,6.0:805.5,7.1:810.0,8.1:815.0,9.1:822.0,10.1:828.7,11.1:833.0,18.5:0.0,19.5:0.0,14.3:846.5,21.6:0.0,22.7:0.0,23.7:0.0,24.7:0.0,25.8:0.0,26.8:0.0,27.8:0.0,28.9:0.0,29.9:0.0,30.9:0.0,32.0:0.0,33.0:0.0,27.5:0.0,35.1:0.0,36.1:0.0,37.2:0.0,38.2:0.0,39.2:0.0,40.3:0.0,41.3:0.0,42.3:0.0,43.4:0.0,44.4:0.0,45.4:0.0,46.5:0.0,47.5:0.0,48.5:0.0,49.6:0.0,50.6:0.0,51.7:0.0,52.7:0.0,53.7:0.0,47.8:0.0,48.8:1386.7,49.9:1377.0,50.9:1368.5,58.9:0.0,59.9:0.0,61.0:0.0,62.0:0.0,63.0:0.0,57.2:0.0,58.2:1292.5,59.2:1283.5,60.2:1278.5,61.3:1271.2,62.3:1266.7,63.3:1263.5,64.3:1255.7,65.4:1250.7,66.4:1249.7,67.5:1245.5,68.5:1243.5,76.4:0.0,77.4:0.0,78.4:0.0,79.5:0.0,73.4:0.0,74.4:1716.2,75.5:1702.0,76.5:1685.2,77.5:1685.7,78.5:1683.2,79.5:1682.0,80.6:1687.0,81.7:1690.5,82.7:1691.7,83.6:1693.2,84.7:1697.0,85.7:1701.2,86.7:1708.7,87.8:1716.7,88.8:1721.7,89.8:1730.0,90.9:1739.5,91.8:1746.2,92.9:1751.2,93.9:1758.0,95.0:1771.5,96.0:1785.0,97.0:1795.5,98.0:1810.0,99.0:1822.7,100.1:1834.0,108.3:0.0,102.1:1856.2,103.1:1881.0,104.2:1893.0,112.4:0.0,113.5:0.0,114.5:0.0,115.5:0.0,116.6:0.0,117.6:0.0,118.6:0.0,119.7:0.0,120.7:0.0,121.7:0.0,122.7:0.0,123.8:0.0,124.8:0.0,118.6:0.0,119.7:1752.2,120.7:1734.2,121.8:1716.7,122.8:1715.0,123.9:1716.5,124.9:1714.2,125.9:1710.5,127.0:1707.7,128.0:1707.0,129.0:1709.5,130.0:1710.0,131.1:1710.2,132.1:1716.0,133.2:1720.5,134.2:1722.2,135.2:1727.0,136.2:1732.5,137.3:1736.7,138.3:1755.7,139.3:1775.5,147.5:0.0,148.6:0.0,142.4:1755.2,143.5:1728.5,144.5:1713.5,145.6:1695.2,146.6:1682.0,147.6:1672.7,148.7:1660.5,149.7:1650.5,150.8:1645.2,151.8:1638.7,152.8:1632.2,153.9:1624.7,155.0:1615.5,156.0:1604.0,157.1:1595.5,158.1:1590.2,159.1:1586.2,160.2:1583.5,161.2:1578.7,162.2:1572.0,163.3:1568.0,164.3:1566.5,165.3:1562.2,166.4:1557.5,167.4:1557.7,168.4:1559.7,176.5:0.0,171.0:0.0,178.6:0.0,173.1:0.0,174.1:1009.0,175.2:1009.7,176.2:1013.5,177.2:1016.5,178.2:1017.7,179.3:1020.2,180.4:1025.0,181.3:1030.2,182.4:1034.7,183.4:1040.0,184.5:1046.5,185.5:1052.5,186.5:1057.2,194.1:0.0,188.5:1068.5,189.5:1081.2,190.6:1089.7,191.5:1099.7,199.3:0.0,200.3:0.0,201.4:0.0,202.4:0.0,203.4:0.0,204.5:0.0,205.5:0.0,206.5:0.0,207.6:0.0,208.6:0.0,209.6:0.0,203.9:0.0,205.0:1231.5,206.0:1204.2,207.1:1175.5,208.2:1151.7,209.2:1129.5,210.3:1108.0,211.3:1087.5,212.4:1068.2,213.5:1051.0,214.6:1034.5,215.6:1019.0,216.7:1004.0,217.7:989.5,218.8:976.7,219.8:964.2,220.9:951.7,221.9:939.2,223.0:929.7,224.0:927.5,225.1:932.2,226.1:0.0,227.2:893.5,228.2:883.0,229.2:875.2,230.3:867.7,231.4:860.0,232.5:853.7,233.5:848.0,234.6:842.7,235.5:836.7,236.6:831.7,237.6:828.0,238.7:822.5,239.8:817.5,240.8:813.0,241.9:808.5,242.9:806.0,243.9:804.5,245.0:802.2,246.0:798.7,247.0:796.7,248.0:796.2,249.2:795.2,250.0:793.2,251.1:792.2,252.2:791.2,253.2:791.0,254.2:791.0,255.2:790.0,256.3:790.2,257.3:791.5,258.4:793.0,259.3:794.2,260.5:798.0,267.6:0.0,268.7:0.0,269.7:0.0,270.7:0.0,271.7:0.0,272.8:0.0,268.6:0.0,269.5:523.7,270.7:524.2,271.8:526.5,272.6:530.7,279.0:0.0,274.8:538.7,275.8:0.0,276.7:520.7,277.8:523.0,279.0:527.2,280.0:527.7,280.9:530.2,282.0:535.0,282.9:539.5,283.8:544.5,290.3:0.0,291.3:0.0,292.3:0.0,293.4:0.0,294.4:0.0,295.4:0.0,296.5:0.0,297.5:0.0,298.5:0.0,299.5:0.0,300.6:0.0,301.6:0.0,302.6:0.0,303.7:0.0,304.7:0.0,305.7:0.0,306.9:0.0,307.9:0.0,308.9:0.0,310.0:0.0,311.0:0.0,312.0:0.0,313.1:0.0,314.1:0.0,315.1:0.0,316.2:0.0,317.2:0.0,318.2:0.0,319.3:0.0,320.3:0.0,315.0:0.0,322.4:0.0,317.1:0.0,324.4:0.0,319.2:852.2,326.5:0.0,321.4:837.2,322.4:826.0,323.3:818.7,324.5:813.2,325.4:808.5,326.5:802.7,327.6:797.2,328.6:794.5,329.6:791.0,330.7:786.5,331.7:782.2,332.7:779.0,333.8:776.7,334.8:775.2,335.9:772.7,336.8:768.5,338.0:766.7,338.9:765.0,340.0:761.2,341.1:759.0,342.1:758.7,343.1:758.7,344.2:758.5,345.2:757.5,346.3:756.2,347.4:755.7,348.4:754.7,349.4:754.7,350.5:755.0,351.5:756.5,
353.6:571.5,354.7:572.0,355.6:573.2,356.8:575.7,357.8:577.5,358.7:579.7,359.9:583.5,0.8:587.0,1.9:589.7,2.9:593.0,3.9:596.2,4.8:600.2,5.9:604.5,6.9:607.5,8.0:611.7,9.0:617.0,9.9:620.7,11.0:625.5,12.0:630.7,13.0:636.7,14.2:643.0,15.2:647.5,21.9:0.0,22.9:0.0,23.9:0.0,25.0:0.0,26.0:0.0,27.0:0.0,28.1:0.0,29.1:0.0,30.1:0.0,31.2:0.0,32.2:0.0,33.2:0.0,34.3:0.0,35.3:0.0,36.3:0.0,37.4:0.0,38.4:0.0,39.4:0.0,40.5:0.0,41.5:0.0,42.6:0.0,43.6:0.0,44.6:0.0,45.7:0.0,46.7:0.0,47.7:0.0,48.8:0.0,49.8:0.0,50.9:0.0,51.9:0.0,52.9:0.0,54.0:0.0,55.0:0.0,56.0:0.0,57.1:0.0,58.1:0.0,59.1:0.0,53.2:0.0,54.3:1286.2,55.4:1276.0,56.4:1268.0,57.5:1260.0,58.5:1249.7,59.5:1242.5,67.4:0.0,68.4:0.0,69.4:0.0,63.7:1229.2,64.7:1212.5,65.7:1207.7,66.7:1206.5,67.8:1204.2,68.8:1201.0,69.8:1199.0,70.9:1195.7,71.9:1191.2,73.0:1190.2,74.0:1190.2,75.1:1188.0,76.0:1187.7,77.1:1189.5,78.1:1190.7,85.9:0.0,87.0:0.0,80.9:0.0,81.9:1668.0,82.9:1655.0,83.9:1650.0,85.0:1651.0,86.0:1655.5,87.0:1663.0,88.0:1673.7,89.0:1678.7,90.1:1680.5,91.1:1691.2,92.1:1700.7,93.2:1707.0,94.2:1720.0,95.2:1732.0,96.3:1742.0,97.2:1750.0,98.3:1762.7,99.3:1780.0,100.3:1788.5,101.4:1798.7,102.4:1816.5,103.4:1830.0,111.7:0.0,112.7:0.0,106.5:0.0,107.5:1898.5,115.8:0.0,116.8:0.0,117.8:0.0,118.8:0.0,112.6:0.0,120.9:0.0,121.9:0.0,123.0:0.0,124.0:0.0,125.0:0.0,126.0:0.0,127.1:0.0,128.1:0.0,129.1:0.0,130.2:0.0,124.0:0.0,132.2:0.0,126.0:1840.7,127.1:1833.0,128.1:1831.5,129.1:1832.5,130.2:1833.5,131.2:1832.7,132.3:1834.0,133.3:1835.5,134.4:1839.2,135.4:1845.0,136.4:1849.7,137.5:1855.0,138.5:1862.5,139.5:1870.2,140.6:1875.0,148.8:0.0,142.6:1901.0,143.6:1930.2,144.2:0.0,145.7:0.0,146.7:1900.2,147.7:1886.0,148.8:1873.2,149.8:1860.7,150.9:1848.5,151.9:1836.7,152.9:1825.7,154.0:1815.5,155.1:1803.7,156.1:1796.7,157.2:1787.0,158.3:1776.2,159.2:1773.7,160.3:1770.2,161.3:1764.0,162.4:1760.5,163.4:1757.2,164.5:1752.7,165.5:1751.5,166.5:1750.7,167.6:1748.2,168.6:1748.7,169.6:1749.7,177.8:0.0,178.9:0.0,179.9:0.0,174.2:0.0,175.2:1197.5,176.2:1197.0,177.2:1202.2,178.3:1206.7,179.3:1210.2,180.3:1213.7,188.2:0.0,189.2:0.0,190.2:0.0,184.5:1231.0,185.5:1251.2,186.5:1256.5,187.5:1263.5,188.6:1271.0,189.6:1280.0,197.5:0.0,198.5:0.0,199.5:0.0,200.6:0.0,201.6:0.0,202.7:0.0,196.8:0.0,204.7:0.0,205.8:0.0,206.8:0.0,200.9:1390.2,201.9:1392.2,203.0:1360.2,204.0:1327.2,205.1:1296.7,206.2:1268.0,207.2:1242.2,208.4:1216.0,209.4:1190.7,210.5:1170.0,211.5:1150.0,212.6:1131.0,213.6:1111.5,214.7:1092.2,215.7:1077.2,216.8:1070.7,217.8:1074.2,218.8:0.0,220.0:1021.5,221.0:1010.5,222.1:999.0,223.1:986.2,224.1:976.2,225.2:966.5,226.2:955.2,227.3:944.5,228.4:937.0,229.4:930.0,230.4:920.7,231.5:913.7,232.6:907.0,233.6:900.0,234.6:894.2,235.7:888.5,236.7:883.2,237.8:876.2,238.8:870.7,239.9:867.2,241.0:863.7,242.0:859.2,243.0:855.0,244.1:852.5,245.0:849.7,246.2:847.7,253.5:0.0,249.0:0.0,250.1:557.7,251.3:556.0,252.2:554.7,253.3:554.2,254.4:554.2,260.7:0.0,256.5:0.0,257.5:531.0,258.6:529.5,259.5:529.0,260.5:529.7,261.6:530.2,262.7:531.2,263.7:532.2,264.6:533.5,265.7:535.2,266.7:536.5,267.8:537.2,268.8:538.5,269.9:540.0,270.8:542.0,271.8:546.5,273.0:549.2,273.9:550.7,274.8:554.2,276.1:556.5,276.9:558.7,277.8:562.0,278.9:566.7,280.0:572.2,280.8:574.5,281.9:577.7,283.0:585.5,284.0:590.2,284.8:594.5,286.0:601.7,286.9:607.5,288.0:612.0,288.9:619.5,290.0:629.7,296.7:0.0,297.7:0.0,298.7:0.0,299.8:0.0,300.8:0.0,301.8:0.0,302.9:0.0,303.9:0.0,304.9:0.0,300.1:0.0,307.1:0.0,308.2:0.0,309.2:0.0,310.2:0.0,311.3:0.0,306.3:0.0,313.3:0.0,314.4:0.0,309.4:0.0,316.4:0.0,317.5:0.0,318.5:0.0,319.5:0.0,320.6:0.0,315.9:0.0,317.0:651.5,317.9:646.2,319.0:641.7,320.1:636.2,321.1:627.7,322.2:620.2,323.2:615.5,324.3:610.0,325.4:605.5,326.4:603.5,327.3:600.5,328.5:596.5,329.5:593.5,330.6:591.2,331.7:588.7,332.7:585.7,333.7:583.2,334.8:580.7,335.8:578.7,336.9:577.2,338.0:575.0,338.8:572.7,339.9:571.7,341.1:571.5,342.0:569.7,343.0:568.2,344.2:567.5,345.1:565.7,346.3:564.7,347.2:566.0,348.1:565.5,349.4:565.7,350.5:566.7,351.5:567.0,352.4:569.0,
354.9:373.0,356.1:375.2,356.8:377.5,358.1:379.0,358.9:380.5,359.8:382.7,0.9:385.7,2.1:387.0,3.0:389.7,3.8:392.7,5.2:395.5,6.3:398.0,7.0:400.0,8.0:402.5,9.0:406.7,10.3:410.0,11.1:413.0,12.1:415.7,13.2:418.5,14.0:423.7,15.3:427.7,16.2:432.5,17.0:435.7,22.7:0.0,23.8:0.0,24.8:0.0,25.8:0.0,26.9:0.0,27.9:0.0,28.9:0.0,30.0:0.0,31.0:0.0,32.0:0.0,33.1:0.0,34.1:0.0,35.1:0.0,36.2:0.0,37.2:0.0,38.2:0.0,39.3:0.0,40.3:0.0,41.3:0.0,42.4:0.0,43.5:0.0,44.5:0.0,45.5:0.0,46.6:0.0,47.6:0.0,48.6:0.0,49.7:0.0,50.7:0.0,51.7:0.0,52.8:0.0,53.8:0.0,54.8:0.0,55.9:0.0,56.9:0.0,57.9:0.0,59.0:0.0,60.0:0.0,61.0:0.0,62.1:0.0,63.1:0.0,64.2:0.0,65.2:0.0,59.4:0.0,60.4:1197.2,61.4:1193.0,62.5:1186.0,63.5:1179.0,64.6:1173.2,65.5:1168.5,66.6:1165.0,67.7:1160.7,68.6:1157.7,69.7:1156.0,70.7:1153.7,71.7:1152.2,72.8:1148.2,73.8:1146.0,74.8:1145.5,75.9:1144.2,76.9:1145.7,78.0:1146.0,79.0:1146.0,80.0:1146.0,81.0:1146.7,82.0:1149.5,83.0:1152.5,84.1:1155.0,85.1:1155.5,86.2:1158.5,87.2:1167.7,95.0:0.0,96.0:0.0,89.9:0.0,91.0:1643.7,92.0:1651.7,93.0:1663.0,94.1:1670.7,95.0:1682.0,96.1:1694.2,97.1:1705.2,98.1:1720.2,99.1:1735.2,100.2:1745.2,101.2:1756.2,102.2:1772.5,103.3:1786.7,111.5:0.0,105.3:1811.0,113.5:0.0,114.6:0.0,115.6:0.0,116.6:0.0,117.7:0.0,118.7:0.0,119.7:0.0,120.7:0.0,121.8:0.0,122.8:0.0,123.8:0.0,124.9:0.0,125.9:0.0,126.9:0.0,128.0:0.0,129.0:0.0,130.0:0.0,131.1:0.0,132.1:0.0,133.1:0.0,134.1:0.0,127.9:0.0,128.9:1979.5,130.0:1967.2,131.1:1956.0,132.1:1961.5,133.1:1969.0,134.1:1976.0,135.2:1979.2,136.2:1979.0,137.2:1982.2,138.3:1989.7,139.3:1995.5,140.3:2005.0,141.3:2017.5,142.4:2027.5,143.4:2039.5,151.7:0.0,145.5:2062.5,146.5:2090.0,147.1:0.0,148.5:0.0,149.6:2067.0,150.6:2052.5,151.6:2041.0,152.7:2032.0,153.7:2021.0,154.9:2008.5,155.9:2001.2,156.9:1993.2,158.0:1984.0,159.0:1976.2,160.0:1969.5,161.0:1965.7,162.1:1959.0,163.1:1958.0,164.2:1957.0,165.2:1954.0,166.3:1951.7,167.3:1950.2,168.3:1953.0,169.3:1954.0,170.4:1955.7,178.7:0.0,179.7:0.0,180.7:0.0,174.8:0.0,175.9:1395.2,176.9:1401.0,177.9:1403.7,178.9:1406.0,180.0:1410.2,181.0:1417.2,189.0:0.0,190.1:0.0,191.1:0.0,192.1:0.0,186.2:0.0,187.2:1477.7,188.2:1490.5,189.2:1502.0,190.3:1517.0,191.3:1532.5,192.4:1541.0,200.4:0.0,194.4:1558.5,202.5:0.0,203.5:0.0,197.4:1596.7,198.5:1599.2,199.6:1557.0,200.7:1517.0,201.7:1476.2,202.7:1433.2,203.8:1399.2,204.9:1369.5,205.9:1338.7,207.1:1311.5,208.1:1284.0,209.1:1260.0,210.2:1241.5,211.2:1233.5,212.3:0.0,213.4:1177.5,214.4:1160.7,215.5:1143.2,216.5:1126.2,217.6:1110.2,218.7:1094.0,219.7:1079.2,220.7:1068.0,221.8:1057.7,222.9:1044.5,223.8:1032.0,224.9:1022.2,226.0:1011.7,227.1:1000.2,228.1:990.5,229.0:982.7,230.1:976.0,231.9:0.0,232.9:650.2,234.0:643.5,235.0:638.5,236.0:637.0,237.3:0.0,238.2:604.2,239.4:597.0,240.4:594.5,241.3:590.7,242.5:588.2,243.4:586.7,244.6:583.0,245.7:579.7,246.7:579.0,247.7:577.7,248.7:576.2,249.8:574.7,250.9:573.2,251.7:572.5,253.0:571.2,253.9:571.0,254.9:570.0,256.0:569.2,257.0:570.2,258.1:570.5,259.0:571.0,260.2:572.2,261.3:572.2,262.3:572.7,263.4:574.5,264.3:576.0,265.2:576.7,266.3:577.7,267.5:580.7,268.3:582.5,269.3:583.7,270.4:586.2,271.5:589.5,272.5:595.0,273.4:599.0,274.4:600.7,275.4:604.7,276.4:609.7,277.4:611.0,278.5:613.7,279.4:621.0,280.6:626.2,281.5:630.7,282.4:636.2,283.5:641.5,290.3:0.0,285.4:0.0,286.4:695.5,287.4:701.7,288.5:708.0,289.4:716.0,296.5:0.0,291.7:0.0,298.5:0.0,299.6:0.0,300.6:0.0,301.6:0.0,302.6:0.0,303.7:0.0,304.7:0.0,305.7:0.0,306.8:0.0,307.9:0.0,308.9:0.0,309.9:0.0,311.0:0.0,312.0:0.0,313.0:0.0,314.1:0.0,315.1:0.0,316.1:0.0,317.2:0.0,318.2:0.0,319.2:0.0,320.3:0.0,321.3:0.0,322.3:0.0,323.4:0.0,324.4:0.0,320.9:0.0,321.9:408.2,323.1:404.2,324.3:402.7,325.2:401.2,326.3:398.2,327.4:394.5,328.7:391.0,329.5:388.2,330.5:387.0,331.9:384.5,332.6:382.0,333.8:380.5,335.0:378.0,336.0:376.0,336.8:374.7,337.8:374.2,339.1:373.5,340.0:371.5,341.0:371.0,342.2:370.5,343.5:370.0,344.4:369.7,345.3:369.2,346.3:368.7,347.4:369.2,348.5:370.2,349.2:370.0,350.3:370.5,351.5:371.5,352.3:372.0,353.4:373.0,
358.6:0.0,359.7:0.0,0.7:0.0,1.7:0.0,2.8:0.0,3.8:0.0,4.8:0.0,5.9:0.0,6.9:0.0,8.0:0.0,9.0:0.0,10.0:0.0,11.1:0.0,12.1:0.0,13.1:0.0,14.2:0.0,15.2:0.0,16.2:0.0,17.3:0.0,18.3:0.0,19.3:0.0,13.3:0.0,21.4:0.0,22.4:0.0,23.4:0.0,24.5:0.0,25.5:0.0,26.5:0.0,27.6:0.0,21.7:0.0,22.7:1284.0,23.8:1276.7,24.8:1268.2,25.9:1264.0,26.9:1258.2,27.9:1250.2,29.0:1243.2,36.9:0.0,31.1:1237.7,32.1:1230.2,33.1:1227.0,34.2:1221.0,35.3:1211.2,36.3:1210.2,37.4:1210.0,38.5:1208.2,39.4:1210.7,47.3:0.0,48.3:0.0,49.3:0.0,43.2:0.0,44.3:1691.0,45.3:1676.5,46.3:1663.0,47.4:1665.7,48.4:1666.2,49.5:1668.2,50.5:1673.2,51.5:1678.7,52.5:1683.2,53.6:1687.7,54.6:1693.7,55.6:1702.5,56.7:1710.0,57.7:1720.2,58.7:1730.0,59.8:1735.5,60.8:1745.2,61.8:1754.0,62.8:1759.7,63.8:1773.5,64.9:1787.0,65.9:1796.5,66.9:1811.5,68.0:1828.0,76.2:0.0,77.2:0.0,71.0:1860.7,72.0:1892.2,80.3:0.0,81.4:0.0,82.4:0.0,83.4:0.0,77.2:0.0,85.5:0.0,86.5:0.0,87.6:0.0,88.6:0.0,89.6:0.0,90.6:0.0,91.6:0.0,92.7:0.0,93.7:0.0,87.5:0.0,88.6:1806.7,89.6:1784.5,90.7:1769.7,91.7:1772.7,92.7:1771.0,93.7:1769.2,94.7:1769.5,95.8:1770.5,96.8:1771.5,97.8:1774.7,98.9:1778.0,99.9:1778.5,100.9:1778.0,102.0:1783.0,103.0:1790.2,104.0:1793.2,105.1:1799.7,113.3:0.0,107.1:1825.2,115.3:0.0,116.4:0.0,110.2:1835.0,111.2:1817.0,112.2:1799.2,113.3:1783.0,114.3:1770.2,115.3:1761.0,116.4:1750.0,117.4:1738.0,118.5:1727.0,119.5:1718.2,120.5:1712.0,121.6:1702.5,122.6:1692.2,123.6:1685.0,124.7:1679.5,125.7:1674.7,126.8:1669.5,127.8:1664.7,128.8:1661.5,129.8:1660.5,131.0:1661.0,131.9:1662.0,133.0:1661.2,134.1:1658.0,135.1:1656.0,143.2:0.0,144.3:0.0,145.3:0.0,139.6:0.0,140.7:1102.7,141.7:1101.5,142.7:1103.0,143.7:1104.7,144.8:1109.2,145.9:1116.7,146.8:1121.2,147.9:1126.5,155.6:0.0,150.0:1136.2,151.0:1145.0,152.0:1151.2,153.0:1159.2,154.0:1166.7,155.0:1174.5,156.2:1185.2,157.1:1193.0,165.0:0.0,166.0:0.0,167.1:0.0,168.1:0.0,169.1:0.0,170.2:0.0,171.2:0.0,172.2:0.0,173.3:0.0,174.3:0.0,168.5:0.0,169.5:1320.2,170.5:1287.5,171.6:1258.0,172.7:1231.7,173.7:1206.0,174.7:1180.5,175.8:1157.7,176.9:1137.7,177.9:1117.0,179.0:1095.2,180.0:1078.7,181.2:1063.5,182.2:1046.7,183.2:1031.5,184.3:1016.7,185.4:1004.0,186.4:998.0,187.4:1000.7,188.5:0.0,189.6:958.2,190.6:946.5,191.6:936.2,192.7:927.5,193.7:919.2,194.8:911.0,195.8:902.5,197.0:893.7,198.0:887.0,199.1:879.5,200.0:871.7,201.1:866.7,202.2:861.7,203.2:857.2,204.2:852.2,205.3:847.0,206.3:842.5,207.4:837.7,208.5:834.5,209.5:832.2,210.5:829.7,211.7:825.7,212.7:823.2,213.7:821.5,214.8:819.2,215.7:817.5,216.8:816.5,217.9:814.7,218.9:814.5,219.9:817.5,221.0:826.2,228.2:0.0,224.0:0.0,225.0:531.5,225.9:532.5,227.1:533.5,228.2:534.2,229.0:534.5,230.3:535.5,236.5:0.0,232.3:0.0,233.3:516.2,234.3:519.7,235.4:520.5,236.6:521.2,237.5:523.5,238.6:525.2,239.6:526.7,240.5:530.0,241.7:533.2,242.5:535.5,243.5:539.2,244.6:543.5,245.5:547.2,246.7:551.7,247.7:556.2,248.7:560.7,249.7:564.0,256.2:0.0,257.2:0.0,252.7:0.0,253.7:588.7,254.7:593.2,255.8:599.2,262.3:0.0,263.4:0.0,258.7:0.0,265.5:0.0,266.5:0.0,267.5:0.0,268.6:0.0,269.6:0.0,270.6:0.0,271.7:0.0,272.7:0.0,273.7:0.0,274.8:0.0,275.8:0.0,276.8:0.0,277.9:0.0,278.9:0.0,279.9:0.0,281.0:0.0,282.0:0.0,282.9:0.0,277.8:0.0,285.0:0.0,279.8:792.2,281.0:777.7,282.0:768.7,289.1:0.0,290.1:0.0,285.0:756.0,286.2:742.5,287.1:735.0,294.2:0.0,289.3:723.7,290.3:712.5,291.4:707.7,292.5:704.7,293.5:699.7,294.5:696.5,295.5:693.5,296.6:688.7,297.6:687.0,298.6:684.2,299.7:680.0,300.9:678.2,301.8:676.7,302.9:674.2,304.0:672.0,304.9:669.5,306.0:667.7,307.2:667.0,308.1:666.7,309.2:666.0,310.2:665.0,311.3:663.0,312.2:661.7,313.3:661.7,314.4:661.7,315.4:661.2,316.4:661.0,317.5:662.5,318.5:664.7,319.5:666.7,320.5:668.0,321.5:669.2,322.6:671.7,323.7:674.2,324.6:675.5,325.7:678.5,326.7:683.7,327.7:687.5,328.7:691.2,329.8:694.7,330.8:698.2,331.9:704.2,332.9:709.7,333.9:714.2,334.9:719.5,336.0:723.2,336.9:729.5,338.0:735.5,339.0:739.7,346.0:0.0,347.1:0.0,342.0:753.7,343.0:767.5,344.0:774.0,351.2:0.0,352.3:0.0,347.0:0.0,354.4:0.0,355.4:0.0,356.4:0.0,357.5:0.0,358.5:0.0,
359.3:0.0,0.3:0.0,1.4:0.0,2.4:0.0,3.4:0.0,4.5:0.0,5.5:0.0,6.5:0.0,7.6:0.0,8.6:0.0,9.7:0.0,10.7:0.0,11.7:0.0,12.8:0.0,13.8:0.0,14.8:0.0,15.9:0.0,16.9:0.0,17.9:0.0,19.0:0.0,20.0:0.0,21.0:0.0,22.1:0.0,23.1:0.0,17.4:0.0,18.4:1180.0,19.4:1168.7,20.5:1157.5,28.3:0.0,22.6:1145.7,30.3:0.0,24.6:1129.0,25.8:1115.5,26.7:1109.5,27.8:1104.7,28.8:1099.7,29.9:1094.7,30.9:1092.5,31.9:1090.2,33.0:1085.7,34.0:1083.5,35.1:1081.2,36.1:1078.0,37.2:1075.7,38.2:1073.7,39.3:1070.2,40.3:1068.5,41.3:1069.5,42.4:1069.5,43.4:1069.2,44.4:1070.5,45.5:1072.7,53.1:0.0,54.2:0.0,55.2:0.0,56.2:0.0,50.2:0.0,51.2:1541.5,52.3:1541.7,53.3:1547.0,54.3:1552.2,55.3:1557.0,56.4:1565.0,57.5:1571.0,58.5:1575.7,59.4:1583.7,60.4:1590.5,61.5:1597.5,62.5:1607.7,63.5:1617.0,64.5:1625.0,65.6:1641.0,66.6:1655.7,67.7:1671.0,68.7:1688.2,69.7:1701.7,77.9:0.0,71.7:1723.5,79.9:0.0,81.0:0.0,82.0:0.0,83.0:0.0,84.1:0.0,85.1:0.0,78.9:0.0,87.2:0.0,88.2:0.0,89.2:0.0,90.2:0.0,91.2:0.0,92.3:0.0,93.3:0.0,94.3:0.0,95.4:0.0,96.4:0.0,97.4:0.0,98.5:0.0,99.5:0.0,93.3:0.0,94.3:1813.2,95.4:1797.2,96.5:1782.7,97.5:1787.7,98.5:1789.2,99.5:1794.0,100.5:1794.0,101.5:1798.5,102.6:1805.5,103.6:1812.0,104.6:1819.0,105.7:1822.7,106.7:1829.5,107.7:1837.2,108.7:1846.5,109.8:1856.2,110.8:1867.7,111.8:1896.7,112.8:1915.5,121.1:0.0,114.9:1902.2,116.0:1896.7,117.0:1896.0,118.1:1885.0,119.1:1872.5,120.1:1863.0,121.1:1856.0,122.2:1849.2,123.2:1842.0,124.3:1834.5,125.3:1828.7,126.3:1822.0,127.4:1813.5,128.4:1808.0,129.4:1802.5,130.4:1800.2,131.5:1797.5,132.5:1793.0,133.5:1793.7,134.6:1794.7,135.6:1798.2,136.6:1799.5,137.7:1798.2,138.7:1799.0,139.7:1815.0,148.0:0.0,149.0:0.0,150.0:0.0,151.1:0.0,145.3:0.0,146.2:1254.2,147.3:1258.2,148.3:1266.7,149.4:1270.7,150.4:1276.7,151.4:1285.0,159.3:0.0,160.3:0.0,161.4:0.0,162.5:0.0,163.5:0.0,164.6:0.0,158.7:0.0,159.7:1367.5,160.7:1378.0,168.7:0.0,169.8:0.0,170.8:0.0,171.8:0.0,172.9:0.0,173.9:0.0,167.9:0.0,176.0:0.0,170.0:1518.7,171.0:1497.0,172.1:1461.2,173.1:1426.0,174.2:1396.7,175.3:1369.2,176.3:1344.0,177.4:1318.0,178.5:1294.2,179.5:1273.7,180.5:1254.7,181.5:1235.7,182.7:1215.2,183.7:1195.7,184.8:1185.2,185.7:1186.2,186.8:0.0,187.9:1140.5,188.9:1125.7,190.0:1113.7,191.1:1102.0,192.1:1089.0,193.1:1078.7,194.2:1069.5,195.3:1059.5,196.3:1051.5,197.3:1044.0,198.3:1036.5,199.4:1028.0,200.5:1020.5,201.5:1014.5,202.5:1008.5,203.6:1003.5,204.7:997.5,205.6:991.5,206.7:986.5,207.8:983.2,208.8:979.7,209.8:975.0,210.9:972.7,212.7:0.0,213.7:677.0,214.7:677.2,215.7:677.2,216.8:676.5,223.6:0.0,219.0:0.0,220.0:648.2,221.0:648.0,222.0:647.7,223.1:647.2,224.1:647.5,225.0:648.2,226.2:647.7,227.3:647.0,228.2:649.2,229.2:650.5,230.2:651.7,231.2:653.0,232.3:654.0,233.3:657.0,234.4:659.7,235.5:660.7,236.5:663.0,237.4:667.7,238.6:670.7,239.5:673.0,240.6:676.7,241.6:681.0,242.5:686.0,243.7:688.5,244.5:691.7,245.6:699.5,246.7:704.2,247.6:709.5,248.7:717.0,255.7:0.0,250.6:728.0,251.7:740.0,258.8:0.0,259.8:0.0,254.8:753.7,261.9:0.0,256.8:771.7,264.0:0.0,258.7:0.0,266.0:0.0,267.1:0.0,268.1:0.0,269.1:0.0,270.2:0.0,271.2:0.0,272.2:0.0,273.3:0.0,274.3:0.0,275.3:0.0,276.4:0.0,277.4:0.0,278.4:0.0,279.5:0.0,280.5:0.0,281.5:0.0,282.5:0.0,283.5:0.0,284.6:0.0,285.6:0.0,286.6:0.0,287.7:0.0,288.7:0.0,284.0:0.0,285.2:597.5,286.2:591.2,287.4:584.7,288.3:580.7,289.5:574.7,290.5:568.5,291.5:566.5,292.6:562.7,293.5:558.7,294.7:555.5,295.6:551.7,296.7:549.2,297.8:547.0,298.9:542.2,300.0:538.5,300.9:537.0,302.1:535.5,303.0:534.2,304.2:533.2,305.2:532.2,306.2:531.5,307.2:531.0,308.3:529.5,309.3:529.0,310.4:528.2,311.2:528.2,312.5:529.5,313.3:530.5,314.6:531.2,315.4:532.5,316.5:534.2,317.4:535.0,318.5:536.0,319.6:537.2,320.7:539.0,321.6:540.5,322.7:541.7,323.6:543.7,324.8:546.7,325.6:548.7,326.8:551.2,327.9:552.7,328.9:554.2,329.7:557.7,330.9:560.5,331.8:563.5,333.0:564.2,333.9:565.7,334.9:571.5,335.9:577.0,336.9:583.0,337.9:589.2,339.0:594.5,339.9:599.0,341.0:604.7,342.0:609.7,342.9:614.5,349.7:0.0,350.7:0.0,351.7:0.0,352.8:0.0,353.8:0.0,354.9:0.0,356.0:0.0,357.0:0.0,358.0:0.0,
358.9:0.0,359.9:0.0,0.9:0.0,2.0:0.0,3.0:0.0,4.0:0.0,5.1:0.0,6.1:0.0,7.1:0.0,8.2:0.0,9.2:0.0,10.2:0.0,11.3:0.0,12.3:0.0,13.3:0.0,14.4:0.0,15.4:0.0,16.4:0.0,17.5:0.0,18.5:0.0,19.5:0.0,20.5:0.0,21.6:0.0,22.6:0.0,23.6:0.0,18.1:0.0,19.1:1023.2,20.1:1012.7,21.2:1007.2,22.2:1000.7,29.8:0.0,24.3:988.7,25.4:977.2,26.4:973.7,27.5:968.2,28.5:962.7,29.5:960.5,30.6:955.5,31.6:951.0,32.7:948.7,33.7:945.2,34.7:943.0,35.9:940.2,36.9:938.2,38.0:937.7,39.0:935.2,39.9:932.2,41.0:932.0,42.0:933.0,43.1:934.0,44.1:934.2,45.1:933.2,46.2:932.5,47.2:932.2,48.3:932.7,49.2:934.7,50.3:940.2,51.4:941.7,52.4:943.0,53.4:949.2,54.5:953.2,62.0:0.0,63.0:0.0,64.0:0.0,58.1:0.0,66.0:0.0,67.1:0.0,68.1:0.0,69.1:0.0,70.2:0.0,64.2:0.0,65.2:1488.2,66.2:1500.5,67.2:1513.0,68.2:1526.7,69.3:1537.0,70.3:1547.0,78.4:0.0,79.5:0.0,73.4:0.0,74.4:1609.5,75.5:1625.7,83.6:0.0,84.6:0.0,85.7:0.0,86.7:0.0,87.7:0.0,88.8:0.0,89.8:0.0,90.8:0.0,91.8:0.0,92.8:0.0,93.9:0.0,94.9:0.0,95.9:0.0,96.9:0.0,98.0:0.0,99.0:0.0,100.0:0.0,101.1:0.0,102.1:0.0,103.1:0.0,96.8:0.0,105.2:0.0,99.0:0.0,100.0:1841.0,101.0:1840.5,102.1:1834.7,103.1:1828.7,104.1:1832.5,105.2:1835.5,106.2:1840.2,107.2:1849.2,108.3:1861.0,109.3:1868.0,110.3:1874.0,111.3:1882.7,112.3:1890.7,113.4:1904.0,114.5:1920.5,115.4:1939.7,116.5:1952.7,117.5:1981.5,118.5:2013.5,119.1:0.0,120.6:0.0,121.6:1997.2,122.7:1986.0,123.7:1979.7,124.7:1973.7,125.8:1964.5,126.8:1956.0,127.8:1953.2,128.8:1949.0,129.9:1947.0,131.0:1946.0,132.0:1941.0,133.0:1938.0,134.1:1938.2,135.1:1937.2,136.1:1938.2,137.1:1940.5,138.2:1942.0,139.2:1942.5,140.2:1944.2,141.3:1947.7,142.3:1952.0,143.3:1963.5,151.6:0.0,152.7:0.0,153.7:0.0,154.7:0.0,155.8:0.0,149.8:0.0,157.8:0.0,158.9:0.0,159.9:0.0,160.9:0.0,162.0:0.0,163.1:0.0,157.1:0.0,158.1:1509.7,159.1:1526.5,160.2:1536.7,161.2:1544.7,169.3:0.0,170.3:0.0,171.4:0.0,172.4:0.0,173.5:0.0,174.5:0.0,175.5:0.0,176.6:0.0,170.4:0.0,171.5:1714.0,172.5:1676.7,173.6:1640.0,174.7:1607.0,175.7:1578.2,176.8:1549.7,177.8:1519.7,178.9:1493.2,179.9:1467.5,180.9:1441.5,182.0:1415.5,183.0:1392.7,184.0:1378.7,185.0:1382.5,186.1:0.0,187.2:1324.0,188.3:1307.5,189.3:1292.7,190.3:1279.0,191.3:1266.5,192.4:1253.5,193.5:1240.7,194.5:1230.5,195.5:1219.5,196.5:1208.2,197.6:1196.7,198.7:1186.5,199.8:1179.5,200.8:1172.5,201.8:1164.2,202.9:1157.0,204.0:1150.7,205.5:0.0,206.4:844.2,207.6:842.0,208.6:839.5,209.7:0.0,210.7:806.5,211.7:803.2,212.8:799.5,213.8:797.5,214.9:794.7,215.9:793.5,217.0:792.0,218.0:790.0,219.1:788.7,220.0:788.5,221.2:788.0,222.1:787.2,223.2:786.5,224.2:786.5,225.2:788.0,226.2:788.5,227.4:789.0,228.3:790.2,229.4:791.5,230.4:794.0,231.5:796.0,232.5:797.7,233.5:800.7,234.5:804.2,235.5:807.0,236.6:809.0,237.5:815.2,238.7:820.2,239.7:824.5,240.7:827.7,241.7:830.5,242.7:837.5,243.7:841.7,244.8:847.2,252.1:0.0,246.7:0.0,247.8:902.5,248.7:910.2,256.2:0.0,257.3:0.0,258.3:0.0,259.3:0.0,260.4:0.0,261.4:0.0,262.4:0.0,263.5:0.0,264.5:0.0,265.5:0.0,266.6:0.0,267.6:0.0,268.6:0.0,269.7:0.0,270.7:0.0,271.7:0.0,272.8:0.0,273.8:0.0,274.8:0.0,275.9:0.0,276.9:0.0,278.0:0.0,279.0:0.0,280.0:0.0,276.1:0.0,282.0:0.0,283.0:0.0,284.0:0.0,285.0:0.0,286.1:0.0,287.1:0.0,283.3:0.0,284.4:442.5,285.7:437.0,286.8:433.0,287.6:428.2,288.5:426.0,289.7:424.0,291.0:421.5,291.9:418.5,293.1:415.7,293.9:415.2,295.0:413.2,296.2:410.2,297.0:408.7,298.2:407.5,299.3:405.2,300.3:403.7,301.1:403.5,302.2:402.2,303.5:400.5,304.5:399.0,305.5:398.7,306.5:399.0,307.8:397.5,308.6:396.2,309.7:396.2,310.8:395.5,311.9:394.5,312.7:394.2,313.8:394.5,315.1:395.0,315.8:395.2,317.0:395.2,318.0:395.2,319.3:395.5,320.2:396.5,320.9:396.2,322.2:397.0,323.2:400.2,324.2:402.7,325.1:404.5,326.3:407.0,327.2:408.7,328.2:409.7,329.2:412.2,330.1:414.7,331.4:417.5,332.2:420.0,333.4:422.2,334.5:426.0,335.3:429.5,336.4:433.0,337.5:437.0,338.5:439.7,339.5:444.0,345.1:0.0,346.1:0.0,342.4:0.0,348.2:0.0,349.2:0.0,350.2:0.0,351.3:0.0,347.4:0.0,353.4:0.0,354.4:0.0,355.5:0.0,356.5:0.0,357.5:0.0,358.6:0.0,
351.8:1780.5,352.8:1780.7,353.8:1780.5,354.8:1780.2,355.9:1782.0,357.0:1784.5,358.0:1785.5,359.0:1790.5,0.0:1799.2,1.1:1804.2,2.1:1812.7,3.2:1819.5,4.1:1821.7,5.2:1830.5,6.2:1852.0,7.2:1874.7,15.5:0.0,16.5:0.0,10.4:1873.5,11.4:1857.5,12.4:1843.7,13.4:1831.2,14.5:1819.7,15.6:1808.7,16.6:1796.5,17.6:1784.2,18.7:1776.7,19.7:1770.7,20.7:1762.5,21.8:1757.7,22.8:1751.2,23.9:1744.2,24.8:1739.7,25.9:1736.7,26.9:1735.7,28.0:1727.7,29.0:1724.5,30.0:1722.7,31.1:1719.7,32.1:1721.0,33.1:1721.2,41.3:0.0,42.4:0.0,43.4:0.0,44.5:0.0,45.5:0.0,39.7:0.0,40.8:1184.0,41.8:1183.7,42.9:1187.2,43.9:1192.0,44.9:1197.0,45.9:1203.0,47.0:1208.7,54.8:0.0,55.8:0.0,56.9:0.0,51.1:1226.5,52.1:1248.7,53.1:1260.5,54.2:1269.0,62.0:0.0,63.1:0.0,64.1:0.0,65.2:0.0,66.2:0.0,67.2:0.0,68.2:0.0,69.2:0.0,70.3:0.0,71.3:0.0,72.4:0.0,66.4:0.0,67.5:1408.2,68.5:1373.7,69.6:1344.2,70.6:1316.7,71.7:1289.2,72.8:1263.7,73.8:1238.5,74.9:1215.7,75.9:1195.7,77.0:1178.0,78.0:1158.5,79.0:1139.7,80.1:1122.5,81.1:1106.7,82.2:1095.0,83.3:1091.7,84.2:1079.0,85.3:1057.7,86.3:1044.2,87.4:1031.7,88.4:1019.2,89.5:1009.2,90.5:1000.0,91.6:990.0,92.6:983.2,93.7:976.7,94.7:968.7,95.7:960.7,96.8:952.5,97.8:944.2,98.8:939.2,99.9:934.7,101.0:928.0,102.0:922.5,103.0:917.7,104.1:913.2,105.1:908.7,106.2:905.2,107.2:903.0,108.3:900.5,109.2:896.2,110.3:893.2,111.4:891.2,112.4:892.0,114.1:0.0,115.3:602.7,116.2:602.7,117.3:601.2,118.4:600.2,119.5:600.5,120.4:603.7,121.4:0.0,122.5:578.2,123.6:578.5,124.6:578.5,125.6:578.2,126.5:579.2,127.8:581.5,128.6:582.7,129.8:584.0,130.6:586.2,131.7:587.7,132.9:590.0,133.8:592.0,134.8:594.0,135.8:597.0,136.8:600.5,138.0:603.2,138.9:606.0,140.0:610.2,141.0:613.7,141.9:618.2,143.0:624.2,144.1:630.0,145.1:636.0,145.9:640.2,147.1:643.5,148.1:648.5,154.9:0.0,155.9:0.0,156.9:0.0,158.0:0.0,159.0:0.0,160.0:0.0,155.1:0.0,162.2:0.0,163.2:0.0,164.2:0.0,165.3:0.0,166.3:0.0,167.4:0.0,168.4:0.0,169.4:0.0,170.5:0.0,171.5:0.0,172.5:0.0,173.6:0.0,174.6:0.0,175.7:0.0,176.7:0.0,177.7:0.0,178.8:0.0,179.8:0.0,180.8:0.0,181.9:0.0,182.9:0.0,183.9:0.0,185.0:0.0,180.0:0.0,181.2:674.2,188.0:0.0,189.1:0.0,184.2:664.0,185.4:653.0,186.4:646.5,187.4:642.7,188.6:638.2,189.5:632.5,190.6:628.2,191.8:623.2,192.6:619.5,193.9:617.7,194.8:615.7,195.9:612.5,196.8:610.0,197.9:608.0,198.9:605.0,200.0:602.0,201.0:600.2,202.2:598.7,203.2:596.0,204.2:594.5,205.3:593.7,206.4:593.5,207.3:592.5,208.4:591.2,209.4:590.5,210.5:591.0,211.5:592.0,212.6:593.0,213.5:594.2,214.6:594.5,215.7:595.5,216.8:597.5,217.7:599.0,218.6:602.0,219.7:605.0,220.7:607.0,221.7:610.2,222.8:612.5,223.8:615.2,224.8:620.2,225.9:622.7,226.8:623.5,227.9:625.5,228.8:629.5,229.8:634.0,231.0:639.0,231.9:643.5,233.0:647.2,234.0:651.7,235.1:656.5,241.8:0.0,242.9:0.0,238.0:668.2,244.9:0.0,246.0:0.0,241.1:0.0,242.2:705.0,249.1:0.0,250.1:0.0,251.1:0.0,252.2:0.0,253.2:0.0,254.2:0.0,255.3:0.0,256.3:0.0,257.3:0.0,258.4:0.0,259.4:0.0,260.5:0.0,261.5:0.0,262.5:0.0,263.6:0.0,264.6:0.0,265.6:0.0,266.7:0.0,267.7:0.0,268.7:0.0,269.8:0.0,270.8:0.0,271.8:0.0,272.9:0.0,273.9:0.0,274.9:0.0,276.0:0.0,277.0:0.0,278.0:0.0,279.1:0.0,273.2:0.0,274.3:1267.0,275.2:1255.2,283.1:0.0,284.1:0.0,285.1:0.0,286.2:0.0,280.4:0.0,281.5:1202.7,282.4:1197.0,283.5:1190.2,284.5:1181.7,285.6:1177.0,286.6:1172.7,287.6:1166.0,288.7:1160.0,289.7:1158.2,290.8:1155.0,291.8:1150.5,292.8:1149.2,293.8:1147.2,294.9:1144.0,295.9:1141.7,297.0:1140.5,298.0:1141.7,299.0:1142.7,306.8:0.0,307.9:0.0,308.9:0.0,302.8:0.0,303.9:1622.5,304.9:1611.7,306.0:1598.5,307.0:1597.2,308.0:1600.5,309.0:1605.5,310.0:1612.5,311.1:1616.2,312.1:1622.0,313.1:1630.5,314.2:1636.7,315.2:1646.7,316.2:1654.7,317.3:1661.0,318.3:1670.0,319.3:1681.7,320.3:1693.0,321.3:1705.7,322.4:1724.5,323.5:1735.2,331.6:0.0,332.7:0.0,326.5:1757.7,327.5:1789.0,335.8:0.0,329.6:1815.7,337.8:0.0,338.9:0.0,339.9:0.0,340.9:0.0,342.0:0.0,343.0:0.0,344.0:0.0,345.1:0.0,346.1:0.0,347.1:0.0,348.2:0.0,349.2:0.0,350.2:0.0,351.3:0.0,352.3:0.0,353.3:0.0,347.2:1818.0,348.2:1802.5,349.3:1790.5,350.3:1779.2,351.4:1779.5,
352.4:1587.0,353.4:1586.2,354.5:1588.5,355.5:1589.2,356.5:1591.0,357.5:1594.0,358.6:1595.2,359.6:1595.5,0.6:1599.0,1.7:1607.7,2.7:1614.5,3.7:1620.5,4.8:1627.2,5.8:1631.2,14.0:0.0,7.9:1657.2,8.9:1687.2,17.1:0.0,10.9:1683.0,12.0:1667.0,13.0:1655.2,14.0:1648.2,15.1:1641.7,16.1:1634.5,17.2:1626.5,18.2:1616.5,19.2:1608.0,20.3:1600.5,21.3:1594.5,22.3:1591.0,23.4:1586.2,24.4:1581.2,25.5:1576.5,26.5:1573.0,27.5:1569.5,28.6:1567.0,29.6:1567.2,30.6:1566.2,31.6:1565.7,32.7:1564.0,33.8:1561.7,34.8:1560.7,35.8:1561.7,36.9:1565.5,37.9:1570.7,39.0:1576.2,47.1:0.0,48.1:0.0,49.1:0.0,50.2:0.0,51.2:0.0,52.2:0.0,46.7:0.0,47.7:1047.0,48.7:1049.2,49.7:1055.2,50.8:1062.7,51.8:1067.5,52.8:1075.0,53.9:1082.7,55.0:1089.0,56.0:1097.2,56.9:1105.0,64.7:0.0,65.7:0.0,66.7:0.0,67.7:0.0,68.8:0.0,69.8:0.0,70.8:0.0,71.9:0.0,72.9:0.0,73.9:0.0,75.0:0.0,76.0:0.0,77.0:0.0,78.1:0.0,79.1:0.0,73.2:0.0,74.2:1365.7,75.3:1342.5,76.4:1319.2,77.4:1296.0,78.4:1277.2,79.5:1257.7,80.5:1236.7,81.6:1219.5,82.6:1201.5,83.7:1185.5,84.7:1172.7,85.8:1158.0,86.8:1146.0,87.8:1132.7,88.8:1117.7,90.0:1107.0,90.9:1098.0,92.0:1091.0,93.0:1090.0,94.0:1098.2,95.2:0.0,96.1:1056.7,97.2:1048.7,98.2:1041.7,99.3:1036.0,100.3:1029.2,101.3:1022.5,102.5:1016.7,103.4:1011.7,104.5:1007.7,105.5:1003.7,106.5:999.7,107.6:996.2,108.7:994.2,109.7:989.7,110.7:986.5,111.7:986.0,112.8:984.0,113.9:982.5,114.8:980.2,115.9:979.7,116.9:979.5,118.0:977.7,118.9:978.0,120.0:978.7,121.1:978.0,122.1:980.2,123.1:986.0,130.6:0.0,131.7:0.0,132.7:0.0,127.7:0.0,128.9:718.2,129.9:711.0,130.9:714.2,131.9:718.0,132.9:720.7,140.0:0.0,135.1:714.2,136.2:706.7,137.2:708.7,138.2:712.2,139.2:715.5,140.2:719.7,141.3:725.7,142.2:730.0,143.3:735.2,144.2:740.7,145.3:745.2,152.4:0.0,147.3:755.2,148.3:763.7,149.4:770.7,150.4:777.2,157.6:0.0,158.6:0.0,153.5:0.0,154.4:814.5,161.7:0.0,162.8:0.0,163.8:0.0,164.9:0.0,165.9:0.0,167.0:0.0,168.0:0.0,169.0:0.0,170.1:0.0,171.1:0.0,165.5:0.0,173.2:0.0,174.2:0.0,175.2:0.0,169.7:0.0,177.3:0.0,178.4:0.0,179.4:0.0,180.4:0.0,181.5:0.0,176.1:0.0,183.5:0.0,184.6:0.0,185.6:0.0,180.2:0.0,181.2:862.5,188.6:0.0,189.7:0.0,190.7:0.0,185.5:0.0,186.6:827.5,187.5:821.2,188.6:814.5,189.6:809.7,190.7:805.0,191.7:799.2,192.9:794.5,193.9:790.7,195.0:786.2,196.0:782.7,197.1:778.5,198.0:776.2,199.1:775.5,200.1:773.0,201.1:769.5,202.1:766.5,203.2:764.7,204.4:764.2,205.4:764.7,206.5:765.0,207.4:763.7,208.5:763.7,209.5:767.2,210.6:768.2,211.6:765.0,212.6:764.7,213.7:767.7,214.7:769.2,215.7:770.0,216.8:772.2,217.8:773.5,219.0:774.5,219.9:776.0,221.0:777.5,221.9:780.5,223.0:783.0,224.1:784.2,225.1:788.7,226.0:793.5,227.2:797.2,228.1:802.5,229.2:809.0,230.2:814.0,231.2:818.2,232.1:825.0,239.5:0.0,234.2:834.5,235.2:844.5,236.2:852.0,237.3:860.7,244.6:0.0,245.7:0.0,246.7:0.0,247.7:0.0,242.3:0.0,249.8:0.0,250.9:0.0,251.9:0.0,252.9:0.0,254.0:0.0,255.0:0.0,256.0:0.0,257.1:0.0,258.1:0.0,259.1:0.0,260.2:0.0,261.2:0.0,262.2:0.0,263.3:0.0,264.3:0.0,265.3:0.0,266.4:0.0,267.4:0.0,268.4:0.0,269.5:0.0,270.5:0.0,271.5:0.0,272.6:0.0,273.6:0.0,274.6:0.0,275.7:0.0,276.7:0.0,270.9:0.0,272.0:1178.7,273.0:1168.5,280.9:0.0,281.9:0.0,282.8:0.0,277.1:0.0,278.1:1116.2,279.2:1109.0,280.2:1102.0,281.3:1095.2,282.4:1088.5,283.4:1083.7,284.4:1079.7,285.5:1074.2,286.5:1069.5,287.5:1066.7,288.6:1063.5,289.6:1061.5,290.7:1061.5,298.3:0.0,299.3:0.0,300.3:0.0,301.4:0.0,302.4:0.0,296.4:0.0,297.4:1520.2,298.5:1506.5,299.6:1493.2,300.6:1494.2,301.7:1492.0,302.7:1490.5,303.7:1494.5,304.8:1496.7,305.8:1497.7,306.8:1502.7,307.9:1508.2,308.9:1513.5,310.0:1514.7,311.0:1517.7,312.0:1525.5,313.0:1530.5,314.1:1537.0,315.1:1547.5,316.1:1555.5,317.2:1563.0,318.2:1569.5,319.2:1576.0,320.3:1587.0,321.3:1597.5,322.3:1605.0,323.3:1614.0,324.4:1627.7,325.4:1643.0,326.5:1659.7,327.5:1674.5,328.5:1691.2,329.5:1713.0,337.7:0.0,338.7:0.0,339.8:0.0,340.8:0.0,341.9:0.0,342.9:0.0,343.9:0.0,345.0:0.0,346.0:0.0,347.0:0.0,348.1:0.0,349.1:0.0,350.1:0.0,351.2:0.0,352.2:0.0,346.1:0.0,347.2:1608.2,348.2:1596.7,349.3:1584.0,350.3:1584.2,351.3:1586.5,
352.4:1289.7,353.5:1290.0,354.5:1291.0,355.5:1294.5,356.6:1294.2,357.6:1297.7,358.6:1304.0,359.7:1306.0,0.7:1307.2,1.8:1310.2,9.7:0.0,10.7:0.0,4.9:1323.5,5.9:1337.2,6.9:1343.2,8.0:1350.0,9.0:1372.2,10.0:1393.7,18.0:0.0,11.4:0.0,13.1:0.0,14.2:1378.2,15.2:1371.2,16.2:1367.0,17.2:1360.0,18.3:1350.7,19.4:1344.7,20.4:1339.5,21.5:1333.0,22.5:1329.2,23.5:1326.5,24.5:1322.0,25.6:1319.5,26.6:1315.7,27.6:1314.0,28.6:1314.5,29.8:1312.0,30.8:1309.0,31.8:1309.2,32.8:1308.7,33.9:1308.5,34.9:1309.5,35.9:1311.2,37.0:1316.0,38.0:1319.0,39.1:1319.5,40.1:1321.5,41.1:1325.0,42.2:1330.0,43.2:1335.2,44.2:1339.5,45.2:1344.2,46.2:1353.5,46.9:0.0,55.2:0.0,56.3:0.0,57.3:0.0,58.4:0.0,59.4:0.0,60.4:0.0,61.5:0.0,62.5:0.0,57.2:0.0,64.6:0.0,65.6:0.0,60.3:0.0,61.2:884.2,62.2:887.2,63.4:893.7,70.7:0.0,71.8:0.0,72.8:0.0,73.9:0.0,74.9:0.0,75.9:0.0,77.0:0.0,78.0:0.0,79.0:0.0,80.1:0.0,81.1:0.0,82.1:0.0,83.2:0.0,84.2:0.0,85.2:0.0,86.3:0.0,87.3:0.0,88.3:0.0,89.4:0.0,90.3:0.0,91.4:0.0,85.5:0.0,86.5:1312.2,87.6:1299.5,88.6:1285.2,89.7:1272.5,90.7:1260.2,91.7:1247.5,92.8:1236.5,93.8:1226.7,94.9:1217.7,96.0:1206.0,97.0:1194.0,98.0:1184.2,99.0:1177.7,100.1:1173.0,101.1:1167.7,102.2:1160.2,103.2:1155.0,104.2:1151.0,105.3:1144.0,106.3:1139.2,107.4:1143.5,108.3:1150.5,109.4:1141.2,110.4:1128.0,111.5:1123.7,112.6:1122.5,113.5:1121.7,114.5:1120.5,115.6:1120.2,116.7:1118.2,117.7:1115.7,118.7:1116.5,119.7:1117.2,120.7:1117.5,121.8:1119.5,122.8:1121.7,123.8:1123.7,124.9:1126.5,126.0:1128.0,127.0:1129.2,128.0:1132.7,129.0:1136.7,130.0:1141.2,131.1:1148.0,132.1:1153.2,133.2:1156.5,134.2:1164.0,142.0:0.0,143.0:0.0,144.0:0.0,145.1:0.0,146.1:0.0,147.1:0.0,141.8:0.0,142.8:923.2,143.7:926.0,151.2:0.0,152.3:0.0,146.9:933.7,154.3:0.0,148.9:941.7,149.9:951.2,157.5:0.0,158.5:0.0,159.5:0.0,160.5:0.0,161.6:0.0,156.2:0.0,163.8:0.0,164.8:0.0,165.8:0.0,166.9:0.0,167.9:0.0,169.0:0.0,170.0:0.0,171.0:0.0,172.1:0.0,173.1:0.0,174.1:0.0,175.2:0.0,176.2:0.0,177.2:0.0,178.3:0.0,179.3:0.0,180.4:0.0,181.4:0.0,182.4:0.0,183.5:0.0,184.5:0.0,185.5:0.0,186.5:0.0,187.6:0.0,188.6:0.0,189.6:0.0,183.9:0.0,185.1:1105.7,186.1:1097.0,187.1:1088.7,188.1:1082.0,189.2:1075.7,196.9:0.0,191.2:1065.7,192.3:1054.2,193.4:1049.7,194.4:1046.2,195.4:1042.2,196.6:1038.0,197.6:1033.2,198.6:1028.5,199.7:1025.0,200.6:1024.0,201.7:1022.2,202.7:1019.7,203.8:1019.5,204.8:1019.2,205.9:1017.7,207.0:1016.5,208.0:1017.0,209.0:1015.0,210.0:1014.2,211.0:1015.5,212.1:1015.0,213.1:1016.0,214.2:1017.0,215.2:1020.0,216.2:1023.2,217.2:1024.2,218.3:1028.5,219.4:1031.7,220.4:1034.5,221.4:1040.0,222.4:1043.2,223.5:1046.0,224.5:1052.0,225.5:1058.2,226.6:1063.0,227.6:1069.0,228.5:1076.0,229.6:1083.0,230.6:1088.0,231.7:1095.0,232.7:1103.5,240.4:0.0,241.5:0.0,242.5:0.0,243.5:0.0,244.5:0.0,245.6:0.0,246.6:0.0,247.7:0.0,248.7:0.0,249.7:0.0,250.8:0.0,251.8:0.0,252.8:0.0,253.9:0.0,254.9:0.0,255.9:0.0,257.0:0.0,258.0:0.0,259.1:0.0,260.1:0.0,261.1:0.0,262.2:0.0,263.2:0.0,264.2:0.0,265.3:0.0,266.3:0.0,267.3:0.0,268.4:0.0,269.4:0.0,270.5:0.0,264.8:1090.5,272.5:0.0,273.6:0.0,268.0:0.0,269.1:1033.7,270.1:1024.7,271.1:1015.7,272.2:1006.5,273.2:999.7,274.3:994.2,275.3:990.7,282.8:0.0,283.8:0.0,284.8:0.0,285.9:0.0,286.9:0.0,287.9:0.0,289.0:0.0,290.0:0.0,291.0:0.0,285.1:0.0,286.1:1401.7,287.1:1389.0,288.2:1370.2,289.3:1359.5,290.3:1353.5,291.3:1349.7,292.3:1348.2,293.4:1347.7,294.4:1345.0,295.4:1341.7,296.5:1340.7,297.5:1339.0,298.5:1337.5,299.7:1336.7,300.7:1337.0,301.7:1338.7,302.8:1341.2,303.8:1343.2,304.8:1344.2,305.9:1347.0,306.9:1348.5,308.0:1349.5,308.9:1354.5,309.9:1360.0,311.0:1364.0,312.0:1369.0,313.0:1375.7,314.1:1380.0,315.1:1383.7,316.2:1390.0,317.2:1396.0,318.2:1404.2,319.2:1413.7,320.2:1422.7,328.3:0.0,329.3:0.0,330.4:0.0,331.4:0.0,332.5:0.0,326.5:0.0,327.5:1520.0,328.5:1531.5,329.5:1542.5,330.6:1553.7,338.7:0.0,332.6:1578.5,340.7:0.0,341.8:0.0,342.8:0.0,343.9:0.0,344.9:0.0,345.9:0.0,347.0:0.0,348.0:0.0,349.0:0.0,343.2:0.0,344.2:1325.2,352.1:0.0,346.3:1306.2,347.3:1289.7,348.4:1288.7,349.4:1289.0,350.5:1288.0,351.5:1287.7,
352.4:907.2,353.4:905.7,354.5:908.0,355.5:909.5,356.5:909.0,357.6:909.7,358.6:912.7,359.7:916.5,0.6:917.7,1.7:921.2,2.7:925.7,3.8:927.2,4.8:931.2,5.8:936.0,6.9:940.5,7.9:947.2,8.8:952.0,9.9:955.7,10.9:960.0,11.9:964.5,12.9:0.0,14.0:1011.7,15.0:1018.2,16.0:1031.2,23.6:0.0,17.1:0.0,19.2:0.0,20.2:1009.7,21.2:1007.2,22.2:1003.2,23.4:1000.2,24.4:997.5,25.3:995.5,26.5:993.5,27.4:990.2,28.5:987.7,29.6:986.0,30.6:985.0,31.6:984.2,32.6:984.5,33.7:986.2,34.7:988.0,35.8:989.0,36.8:989.5,37.8:990.2,38.8:991.7,39.9:993.2,41.0:995.5,42.0:1000.0,43.0:1003.2,44.1:1004.5,45.1:1007.5,46.1:1012.7,47.2:1017.5,48.2:1023.0,49.2:1029.2,50.3:1033.5,51.2:1039.0,52.2:1044.7,53.3:1051.0,54.3:1058.2,55.3:1065.2,56.4:1074.5,57.4:1082.2,58.4:1091.0,59.5:1102.2,60.4:1111.2,61.5:1123.0,69.2:0.0,70.2:0.0,71.3:0.0,72.3:0.0,73.4:0.0,74.4:0.0,75.4:0.0,76.5:0.0,77.5:0.0,78.5:0.0,79.6:0.0,80.6:0.0,81.6:0.0,82.7:0.0,83.7:0.0,84.7:0.0,85.8:0.0,80.6:0.0,81.6:802.0,82.7:790.0,83.8:779.7,84.8:776.7,85.7:775.0,86.9:775.2,94.0:0.0,95.0:0.0,96.0:0.0,97.1:0.0,98.1:0.0,99.1:0.0,100.2:0.0,101.2:0.0,102.2:0.0,103.3:0.0,104.3:0.0,105.3:0.0,106.4:0.0,107.4:0.0,108.4:0.0,102.5:0.0,103.6:1356.2,104.6:1349.2,105.6:1342.5,106.7:1337.0,107.7:1330.5,108.8:1324.7,109.8:1321.0,110.9:1317.0,111.9:1313.7,112.9:1312.5,113.9:1310.0,114.9:1304.5,116.0:1303.5,117.1:1305.5,118.1:1303.5,119.1:1303.5,120.2:1305.5,121.1:1306.2,122.2:1305.5,123.3:1306.2,124.2:1317.5,125.2:1325.7,126.3:1320.2,127.4:1318.7,128.3:1323.7,129.4:1326.7,130.4:1330.2,131.5:1335.7,132.6:1344.7,133.5:1353.0,134.6:1358.0,135.6:1364.2,136.6:1371.2,137.7:1377.2,138.7:1386.2,139.8:1400.2,140.7:1413.2,141.8:1423.7,142.8:1434.5,143.8:1446.0,144.9:1459.0,145.8:1480.2,153.9:0.0,155.0:0.0,156.0:0.0,157.0:0.0,158.1:0.0,159.1:0.0,153.3:0.0,161.2:0.0,162.3:0.0,156.5:1265.5,164.3:0.0,165.4:0.0,166.4:0.0,167.4:0.0,168.5:0.0,169.5:0.0,170.5:0.0,171.6:0.0,172.6:0.0,173.7:0.0,174.7:0.0,175.7:0.0,176.8:0.0,177.8:0.0,178.8:0.0,179.9:0.0,180.9:0.0,182.0:0.0,183.0:0.0,184.0:0.0,185.0:0.0,179.0:0.0,180.0:1557.2,181.0:1543.0,182.1:1529.0,183.2:1517.0,191.2:0.0,185.2:1495.7,193.3:0.0,194.3:0.0,195.4:0.0,196.4:0.0,197.4:0.0,191.5:0.0,192.6:1405.2,193.6:1400.5,194.7:1394.2,195.6:1390.5,196.7:1387.2,197.7:1382.7,198.8:1379.0,199.8:1376.0,200.9:1370.5,201.9:1362.7,202.9:1357.0,204.0:1355.0,205.1:1354.7,206.1:1354.0,207.1:1354.0,208.2:1352.0,209.2:1350.7,210.3:1351.5,211.3:1353.2,212.4:1354.5,213.4:1356.0,214.4:1358.5,215.4:1361.0,216.5:1364.0,217.5:1366.2,218.6:1370.2,219.6:1376.0,220.6:1383.2,221.7:1385.7,222.7:1389.0,223.7:1395.7,224.7:1399.7,225.8:1407.7,233.8:0.0,234.8:0.0,235.8:0.0,236.9:0.0,237.9:0.0,239.0:0.0,233.0:0.0,241.0:0.0,235.0:0.0,243.1:0.0,237.1:1539.7,245.2:0.0,246.2:0.0,247.2:0.0,248.3:0.0,249.3:0.0,250.4:0.0,251.4:0.0,252.4:0.0,253.5:0.0,254.5:0.0,255.5:0.0,256.6:0.0,257.6:0.0,252.0:0.0,253.0:1027.0,254.1:1020.0,255.1:1022.7,256.2:1028.5,263.7:0.0,264.8:0.0,265.8:0.0,266.9:0.0,267.9:0.0,268.9:0.0,270.0:0.0,271.0:0.0,272.0:0.0,273.1:0.0,274.1:0.0,275.1:0.0,276.2:0.0,277.2:0.0,278.2:0.0,279.3:0.0,280.3:0.0,281.3:0.0,282.3:0.0,283.4:0.0,284.4:0.0,285.4:0.0,279.7:0.0,280.7:1206.0,281.7:1202.0,282.8:1195.0,283.8:1186.2,284.8:1179.5,285.9:1173.0,286.9:1169.0,288.0:1164.7,289.0:1161.2,290.0:1156.7,291.0:1153.5,292.1:1151.5,293.1:1148.5,294.2:1148.2,295.2:1145.7,296.2:1141.2,297.3:1139.7,298.3:1138.7,299.5:1136.5,300.4:1137.0,301.5:1138.2,302.5:1138.7,303.5:1141.5,304.6:1143.7,305.6:1144.5,306.6:1146.5,307.7:1149.0,308.7:1151.7,309.7:1156.0,310.7:1159.7,311.8:1163.5,312.8:1166.2,313.9:1172.2,314.9:1177.0,315.9:1182.5,316.9:1190.5,318.0:1194.7,319.0:1199.2,326.8:0.0,327.9:0.0,328.9:0.0,330.0:0.0,331.0:0.0,325.2:0.0,326.2:1262.5,334.1:0.0,335.2:0.0,336.2:0.0,337.2:0.0,338.3:0.0,339.3:0.0,340.3:0.0,341.4:0.0,342.4:0.0,337.0:0.0,338.1:953.2,339.0:951.2,340.1:948.0,341.2:0.0,342.2:915.7,343.2:913.5,344.3:912.0,345.4:908.7,346.4:907.2,347.4:907.5,348.4:906.5,349.5:905.5,350.5:905.5,351.5:906.2,
353.9:621.0,354.9:621.7,355.8:622.7,357.0:623.0,358.0:624.7,359.0:626.5,0.1:627.0,1.1:629.2,2.0:631.7,3.2:633.5,4.1:636.0,5.2:639.7,6.2:643.0,7.1:645.5,8.1:648.7,9.2:652.5,10.4:655.7,11.4:661.2,12.3:666.7,13.3:669.2,14.4:673.5,15.3:678.7,22.3:0.0,17.4:0.0,18.4:0.0,19.3:739.0,20.4:743.7,27.5:0.0,28.5:0.0,29.5:0.0,23.0:0.0,24.0:3420.7,26.7:0.0,27.6:747.7,28.7:747.0,29.7:746.5,30.7:744.5,31.9:743.7,32.8:744.5,34.0:744.2,34.9:744.7,35.9:747.0,37.0:748.7,38.0:748.5,39.0:749.5,40.0:751.5,41.1:753.5,42.2:755.5,43.1:757.2,44.2:759.7,45.3:762.5,46.1:766.0,47.2:770.2,48.3:773.2,49.4:777.7,50.4:782.5,51.4:786.7,52.3:791.0,53.4:796.5,54.4:802.7,55.5:807.5,56.5:813.5,57.5:820.0,58.5:826.0,59.5:835.0,60.5:844.0,61.5:851.2,62.5:859.7,63.5:869.2,64.5:878.7,65.6:887.7,66.6:898.7,67.7:911.2,68.6:923.0,69.6:934.2,70.7:946.7,71.6:961.7,72.6:975.2,73.7:989.0,74.7:1004.2,75.7:1022.7,76.7:1034.2,77.8:1028.5,85.4:0.0,86.4:0.0,87.5:0.0,88.5:0.0,89.5:0.0,90.5:0.0,91.5:0.0,86.2:0.0,87.2:908.5,88.3:899.0,89.3:892.0,90.3:885.7,91.4:876.2,92.4:867.0,93.5:860.5,94.6:852.0,95.7:845.0,96.6:839.2,97.7:834.0,98.7:829.5,99.7:823.7,100.8:819.2,101.9:815.2,102.9:809.2,104.0:805.5,104.9:804.7,106.0:806.5,107.1:808.7,114.3:0.0,115.3:0.0,116.3:0.0,117.4:0.0,118.4:0.0,119.4:0.0,120.5:0.0,114.5:0.0,115.5:1451.5,116.6:1450.2,117.6:1450.0,118.6:1448.7,119.7:1448.7,120.7:1451.2,121.7:1451.2,122.7:1451.2,123.8:1453.7,124.8:1456.5,125.8:1459.2,126.9:1462.0,127.9:1467.7,129.0:1470.2,129.9:1473.2,131.0:1482.7,132.0:1491.5,133.0:0.0,134.1:1531.7,135.1:1520.5,136.1:1526.7,137.2:1536.0,138.2:1544.5,139.2:1554.2,140.2:1566.2,141.3:1577.7,142.3:1591.7,143.3:1606.7,144.3:1617.2,145.4:1630.2,146.3:1645.7,147.4:1660.2,148.4:1678.2,149.5:1698.5,150.5:1720.2,158.7:0.0,159.7:0.0,160.7:0.0,161.7:0.0,162.9:0.0,163.9:0.0,157.9:0.0,166.0:0.0,167.1:0.0,161.0:1544.5,169.1:0.0,170.2:0.0,171.2:0.0,172.2:0.0,173.3:0.0,174.3:0.0,175.3:0.0,176.4:0.0,177.4:0.0,178.5:0.0,179.5:0.0,180.5:0.0,174.3:0.0,182.6:0.0,183.6:0.0,184.7:0.0,185.7:0.0,186.7:0.0,187.7:0.0,181.5:0.0,189.8:0.0,183.6:1791.2,191.9:0.0,185.7:1761.2,186.8:1738.0,187.8:1723.7,196.0:0.0,189.9:1705.7,190.9:1692.0,192.0:1685.2,193.0:1675.0,194.0:1665.2,195.1:1658.2,196.1:1647.5,197.2:1638.7,198.2:1633.2,199.2:1630.7,200.3:1627.2,201.3:1622.7,202.4:1619.7,203.4:1617.7,204.5:1614.0,205.5:1609.0,206.6:1606.2,207.6:1605.5,208.6:1608.0,209.7:1609.0,210.7:1609.0,211.7:1610.7,212.8:1610.5,213.8:1612.2,214.8:1616.0,215.9:1621.0,216.9:1625.7,218.0:1628.7,219.0:1631.5,220.0:1635.5,221.0:1643.0,222.1:1651.5,223.1:1661.2,224.2:1670.7,225.2:1675.0,226.2:1701.0,227.2:1728.5,235.4:0.0,236.5:0.0,237.5:0.0,238.5:0.0,239.6:0.0,240.6:0.0,241.6:0.0,242.7:0.0,243.7:0.0,244.7:0.0,245.8:0.0,240.0:0.0,247.9:0.0,248.9:0.0,249.9:0.0,251.0:0.0,252.0:0.0,253.0:0.0,254.1:0.0,255.1:0.0,256.1:0.0,257.2:0.0,258.2:0.0,259.2:0.0,260.2:0.0,261.3:0.0,262.3:0.0,263.4:0.0,264.4:0.0,265.4:0.0,266.5:0.0,267.5:0.0,268.5:0.0,269.6:0.0,270.6:0.0,271.6:0.0,272.7:0.0,273.7:0.0,274.7:0.0,275.8:0.0,276.8:0.0,277.8:0.0,272.2:1120.0,273.2:1103.0,274.3:1095.5,275.3:1089.7,276.3:1080.5,277.3:1074.2,285.0:0.0,279.4:1063.0,280.5:1051.2,281.5:1046.2,282.5:1040.0,283.5:1033.7,284.7:1029.2,285.6:1023.7,286.7:1018.7,287.7:1016.0,288.7:1012.2,289.9:1009.0,290.8:1005.7,291.9:1003.0,293.0:1001.2,294.0:1000.2,295.0:995.7,296.1:995.0,297.1:996.5,298.1:995.0,299.2:996.2,300.2:996.5,301.2:996.5,302.2:997.2,303.3:996.5,304.4:997.0,305.3:999.7,306.4:1000.0,307.4:1001.7,308.5:1006.2,309.5:1008.2,310.5:1010.5,311.6:1014.2,312.5:1019.0,313.5:1024.2,314.6:1028.0,315.6:1033.7,316.6:1039.2,317.7:1045.7,318.7:1051.5,319.7:1056.5,320.7:1063.2,321.8:1070.7,322.7:1077.5,323.9:1084.5,324.9:1093.5,325.9:1102.7,327.8:0.0,328.8:696.7,329.8:689.5,330.9:686.7,337.8:0.0,333.0:0.0,334.1:645.2,335.2:641.5,336.3:638.0,337.3:635.7,338.4:633.0,339.5:631.7,340.5:630.2,341.4:628.0,342.5:626.5,343.6:625.7,344.7:625.2,345.7:622.7,346.7:621.2,347.7:620.5,348.7:619.2,349.7:619.5,350.8:619.2,351.7:619.5,352.9:621.0,
355.6:327.5,356.2:327.7,357.7:328.7,358.2:329.2,359.6:329.7,0.5:331.0,1.5:331.2,2.5:332.7,3.8:334.7,4.5:335.7,5.8:336.7,6.2:338.7,7.5:340.5,8.3:342.7,9.3:344.7,10.6:346.0,11.5:348.2,12.6:351.2,13.3:354.2,14.4:357.0,19.5:0.0,16.5:361.5,21.5:0.0,22.6:0.0,23.6:0.0,24.6:0.0,25.7:0.0,26.7:0.0,27.7:0.0,28.8:0.0,29.8:0.0,30.8:0.0,31.9:0.0,32.9:0.0,33.9:0.0,35.0:0.0,36.0:0.0,37.0:0.0,38.1:0.0,39.1:0.0,35.0:0.0,41.2:0.0,42.2:0.0,43.2:0.0,44.3:0.0,39.4:0.0,40.8:0.0,42.4:0.0,43.3:507.5,44.4:509.7,45.3:511.7,46.3:513.5,47.4:515.5,48.4:518.0,49.5:520.5,50.6:523.2,51.5:526.5,52.5:530.2,53.6:533.5,54.4:536.7,55.4:541.0,56.5:545.0,57.5:549.0,58.6:553.7,59.6:559.2,60.6:565.0,61.6:569.7,62.5:575.7,63.7:581.7,64.7:587.7,65.5:594.0,66.7:600.2,67.7:608.0,68.5:616.5,69.5:624.7,70.5:633.0,71.6:641.0,72.7:650.2,73.6:660.7,74.5:671.7,75.6:682.0,76.6:692.7,77.6:705.2,78.5:717.7,79.6:731.2,80.7:744.7,81.6:759.2,82.7:775.2,83.5:790.7,84.5:806.2,85.4:825.2,86.4:846.5,87.5:867.0,88.5:888.2,89.4:911.7,90.5:936.2,91.5:962.2,92.5:0.0,93.4:1012.7,94.4:1009.5,102.0:0.0,96.5:996.7,97.6:984.7,98.6:977.0,99.6:970.2,100.7:965.5,101.7:961.2,102.8:956.5,103.8:951.7,104.8:948.2,105.9:945.2,107.0:940.0,108.0:936.2,109.0:934.7,110.1:933.5,111.1:930.5,112.2:928.0,113.2:926.7,114.2:926.2,115.2:926.2,116.3:924.0,117.4:922.5,118.4:923.0,119.4:923.5,120.4:923.0,121.4:921.0,122.5:924.5,129.9:0.0,131.0:0.0,132.0:0.0,133.0:0.0,126.9:0.0,128.0:1621.0,129.0:1623.0,130.0:1630.0,131.1:1634.0,132.1:1636.0,133.2:1643.0,134.2:1653.0,135.2:1663.7,136.3:1669.2,137.3:1676.7,138.3:1690.0,139.3:1702.7,140.4:1730.2,141.4:1739.2,142.4:1738.5,143.5:1756.7,144.5:1774.2,145.5:1792.0,146.5:1808.0,147.5:1822.5,148.5:1840.2,149.6:1861.7,150.6:1884.2,151.6:1908.5,152.7:1934.0,153.7:1956.0,154.7:1981.0,163.1:0.0,164.1:0.0,165.1:0.0,166.2:0.0,167.2:0.0,161.0:0.0,169.3:0.0,170.3:0.0,171.3:0.0,172.4:0.0,173.4:0.0,174.5:0.0,175.5:0.0,176.5:0.0,177.6:0.0,178.6:0.0,179.6:0.0,180.7:0.0,181.7:0.0,182.7:0.0,183.8:0.0,184.8:0.0,185.8:0.0,186.8:0.0,187.9:0.0,188.9:0.0,190.0:0.0,183.7:0.0,184.7:2051.0,185.7:2032.0,186.8:2020.0,187.9:2013.2,188.9:1999.0,189.9:1980.2,191.0:1968.7,192.0:1960.2,193.0:1951.5,194.1:1936.2,195.1:1919.7,196.1:1912.2,197.2:1908.7,198.2:1905.7,199.2:1900.5,200.3:1890.0,201.3:1877.2,202.3:1876.0,203.5:1874.2,204.5:1867.7,205.5:1873.2,206.6:1871.7,207.6:1863.7,208.7:1864.7,209.7:1865.0,210.7:1865.2,211.8:1865.7,212.8:1867.0,213.9:1868.2,214.8:1869.7,215.9:1878.5,216.9:1887.5,218.0:1893.2,219.0:1899.0,220.0:1916.7,221.0:1934.2,229.4:0.0,230.4:0.0,231.4:0.0,232.5:0.0,233.5:0.0,234.5:0.0,228.7:0.0,229.7:1290.5,230.8:1294.5,231.8:1299.7,239.7:0.0,240.7:0.0,241.8:0.0,242.8:0.0,243.8:0.0,238.0:0.0,245.9:0.0,240.0:1373.5,248.0:0.0,249.0:0.0,250.0:0.0,251.1:0.0,252.1:0.0,253.2:0.0,254.2:0.0,255.2:0.0,256.3:0.0,257.3:0.0,258.3:0.0,259.3:0.0,260.4:0.0,261.4:0.0,262.4:0.0,263.5:0.0,264.5:0.0,265.5:0.0,266.6:0.0,267.6:0.0,268.6:0.0,269.7:0.0,264.1:0.0,265.2:1030.7,272.8:0.0,273.8:0.0,274.8:0.0,275.9:0.0,270.4:0.0,277.9:0.0,279.0:0.0,273.6:953.5,274.5:935.5,275.6:926.7,276.7:919.7,277.7:912.2,278.8:908.0,279.8:903.5,280.9:895.2,281.9:890.2,282.9:885.7,283.9:880.0,285.0:876.0,286.0:873.0,287.1:869.2,288.1:866.5,289.1:864.0,290.2:860.0,291.2:856.2,292.3:854.0,293.2:854.7,294.3:854.0,295.3:851.2,296.4:851.0,297.4:850.5,298.4:848.7,299.4:849.5,300.5:851.2,301.6:850.7,302.6:850.5,303.7:850.5,304.6:851.0,305.8:852.7,306.7:854.2,314.1:0.0,315.1:0.0,316.2:0.0,317.2:0.0,313.5:0.0,319.2:0.0,320.3:0.0,321.3:0.0,322.4:0.0,323.4:0.0,324.4:0.0,325.5:0.0,326.5:0.0,323.6:0.0,328.6:0.0,325.5:364.5,330.7:0.0,331.7:0.0,328.9:357.5,330.3:351.5,330.9:348.5,332.3:346.0,333.3:343.2,334.5:341.7,335.7:339.7,336.4:337.7,337.2:337.0,338.5:336.0,339.9:334.0,340.7:332.5,341.4:331.2,342.9:330.5,343.7:329.2,344.7:328.5,345.9:327.7,346.7:327.2,347.8:327.2,349.4:327.2,349.9:326.5,351.2:326.2,352.4:326.7,353.4:327.2,354.5:327.5,
353.1:0.0,354.1:749.0,355.2:747.2,356.3:746.5,357.3:746.2,358.3:744.2,359.4:744.5,0.5:746.0,1.5:746.2,2.4:747.7,3.5:749.2,4.6:750.0,5.6:751.2,6.5:751.7,7.6:753.2,8.7:756.2,9.6:759.5,10.7:762.5,11.7:764.7,12.8:767.0,13.9:770.7,14.9:775.7,15.9:780.5,17.0:784.0,17.9:788.2,18.9:793.0,20.0:797.5,21.1:803.7,22.0:809.5,23.1:816.0,24.1:823.2,25.0:830.7,26.1:838.5,27.1:846.0,28.1:854.0,29.1:863.5,30.1:872.5,31.2:881.7,32.2:891.7,33.2:902.2,34.3:913.5,35.2:925.2,36.3:938.0,37.3:952.0,38.2:965.5,39.3:979.0,40.3:994.0,41.4:1008.7,42.3:1028.2,43.4:1036.0,44.4:1025.0,52.0:0.0,53.1:0.0,54.1:0.0,55.2:0.0,56.2:0.0,57.2:0.0,51.8:0.0,52.8:918.0,53.9:907.7,55.0:900.2,62.4:0.0,57.0:888.0,58.2:873.2,59.2:864.2,60.3:858.2,61.3:850.7,62.3:844.2,63.5:839.2,64.5:833.0,65.5:827.5,66.5:823.0,67.6:818.7,68.6:814.7,69.6:810.7,70.7:807.0,71.7:806.0,72.7:810.2,80.0:0.0,81.0:0.0,82.1:0.0,83.1:0.0,84.1:0.0,85.2:0.0,86.2:0.0,80.2:0.0,81.2:1454.0,82.3:1452.2,83.3:1451.2,84.3:1450.5,85.4:1449.7,86.4:1450.2,87.4:1450.7,88.5:1452.7,89.5:1456.5,90.5:1457.7,91.5:1459.2,92.6:1462.5,93.6:1466.5,94.6:1469.7,95.7:1474.5,96.7:1480.7,97.7:1484.5,98.7:1493.7,99.8:1514.7,100.8:1522.7,101.9:1520.5,102.9:1527.5,103.9:1539.0,104.9:1549.5,106.0:1559.0,107.0:1570.7,108.0:1584.2,109.1:1597.0,110.1:1607.2,111.1:1621.2,112.1:1636.5,113.1:1649.7,114.1:1666.7,115.2:1683.7,116.2:1700.2,124.4:0.0,125.4:0.0,126.5:0.0,127.5:0.0,128.5:0.0,129.5:0.0,123.6:0.0,131.6:0.0,132.6:0.0,126.6:1545.5,134.7:0.0,135.7:0.0,136.8:0.0,137.8:0.0,138.9:0.0,139.9:0.0,140.9:0.0,142.0:0.0,143.0:0.0,144.0:0.0,145.1:0.0,146.1:0.0,147.1:0.0,148.2:0.0,149.2:0.0,150.2:0.0,151.3:0.0,152.3:0.0,153.3:0.0,154.4:0.0,155.4:0.0,149.2:0.0,150.3:1780.7,158.5:0.0,152.4:1762.0,153.4:1738.5,154.5:1722.7,155.6:1708.0,156.6:1700.5,157.7:1689.5,158.7:1676.2,159.7:1672.0,160.8:1665.2,161.8:1651.2,162.9:1645.5,164.0:1639.7,165.0:1630.7,166.0:1631.0,167.1:1626.5,168.1:1619.5,169.2:1617.5,170.2:1612.7,171.2:1609.7,172.2:1611.7,173.3:1610.5,174.3:1607.5,175.4:1607.5,176.4:1605.5,177.5:1607.7,178.5:1612.2,179.5:1609.0,180.5:1611.2,181.5:1615.5,182.6:1618.5,183.6:1625.2,184.6:1630.5,185.7:1634.2,186.7:1637.7,187.7:1645.2,188.8:1654.5,189.8:1662.2,190.8:1670.0,191.9:1675.7,192.9:1701.7,193.9:1731.0,202.1:0.0,203.1:0.0,204.2:0.0,205.2:0.0,206.2:0.0,207.3:0.0,208.3:0.0,209.4:0.0,210.4:0.0,211.5:0.0,205.8:0.0,206.8:1126.5,214.6:0.0,215.6:0.0,216.6:0.0,217.7:0.0,218.7:0.0,219.7:0.0,220.8:0.0,221.8:0.0,222.9:0.0,223.9:0.0,224.9:0.0,226.0:0.0,227.0:0.0,228.0:0.0,229.1:0.0,230.1:0.0,231.2:0.0,232.2:0.0,233.2:0.0,234.3:0.0,235.3:0.0,236.3:0.0,237.4:0.0,238.4:0.0,239.5:0.0,240.5:0.0,241.5:0.0,242.6:0.0,243.6:0.0,238.0:1120.5,239.0:1110.2,240.0:1102.2,241.1:1092.0,242.1:1082.7,243.1:1075.7,244.2:1069.0,251.9:0.0,246.3:1057.2,247.4:1046.7,248.4:1041.0,249.4:1037.2,250.5:1033.0,251.5:1027.7,252.5:1023.5,253.5:1020.7,254.6:1015.0,255.7:1011.5,256.7:1010.7,257.8:1006.0,258.8:1002.5,259.8:1002.2,260.8:1001.5,261.9:996.2,263.0:994.2,264.0:995.2,265.0:995.5,266.0:994.7,267.1:994.2,268.1:994.5,269.1:994.2,270.1:996.5,271.2:998.7,272.3:1000.5,273.2:1002.0,274.2:1003.2,275.4:1006.7,276.2:1011.0,277.3:1012.5,278.3:1014.7,279.4:1019.2,280.4:1025.2,281.5:1031.7,282.4:1038.0,283.5:1042.2,284.5:1046.7,285.5:1052.5,286.5:1058.0,287.6:1065.0,288.6:1073.0,289.6:1081.2,290.7:1087.2,291.6:1093.7,293.3:0.0,300.4:0.0,295.6:0.0,296.6:687.7,297.6:684.5,298.7:0.0,299.8:648.2,300.8:644.7,301.8:642.2,302.9:638.0,304.0:634.2,305.0:631.7,306.2:630.5,307.0:629.2,308.2:627.5,309.1:626.2,310.3:624.2,311.2:623.2,312.4:622.2,313.2:620.7,314.3:620.2,315.3:619.5,316.4:619.0,317.6:619.7,318.6:620.0,319.5:619.5,320.5:620.2,321.7:621.2,322.6:621.7,323.6:622.7,324.8:623.7,325.9:626.0,326.8:628.0,327.9:629.0,328.8:631.5,329.9:634.5,330.9:637.7,331.9:640.5,332.9:643.5,334.1:646.7,335.1:649.2,336.1:653.7,337.0:658.0,338.1:662.5,339.0:664.7,340.1:668.2,341.2:672.7,348.0:0.0,349.0:0.0,350.1:0.0,345.1:0.0,346.0:740.7,353.2:0.0,354.2:0.0,355.3:0.0,356.3:0.0,357.3:0.0,350.8:0.0,
354.0:454.5,355.2:454.0,356.3:453.5,357.2:453.0,358.5:453.0,359.2:452.7,0.5:452.0,1.4:452.7,2.4:454.0,3.6:454.5,4.5:455.0,5.4:456.2,6.4:457.2,7.7:458.5,8.5:459.7,9.6:461.2,10.5:462.2,11.6:464.0,12.6:466.7,13.8:468.7,14.7:470.7,15.6:473.5,16.7:476.0,17.9:479.0,18.7:482.2,19.9:485.0,20.8:488.2,22.0:492.2,22.9:496.2,23.9:499.7,25.0:504.5,25.8:509.5,27.0:513.5,27.9:518.5,29.1:524.0,29.9:529.2,31.1:534.5,31.9:540.2,33.1:546.5,34.0:553.2,35.0:561.0,35.9:568.5,37.0:575.7,37.9:583.5,39.1:592.2,40.1:601.7,40.9:611.2,42.1:621.2,43.0:631.5,44.0:642.2,45.1:654.2,46.0:666.0,47.0:677.7,48.1:692.0,49.1:706.5,50.1:721.2,51.0:736.7,52.0:753.7,52.9:772.0,54.0:789.7,54.9:809.5,56.0:0.0,56.9:852.2,58.0:852.5,59.1:844.0,60.1:835.7,61.1:830.0,62.1:824.2,63.2:817.5,64.3:812.0,65.3:808.0,66.3:803.5,67.4:796.5,68.4:791.2,69.5:787.0,70.6:784.7,71.6:782.2,72.6:779.5,73.6:776.2,74.6:773.2,75.8:771.5,76.8:769.7,77.8:768.0,78.9:767.2,79.9:766.2,80.9:763.7,82.0:761.2,82.9:761.7,84.0:761.2,85.0:760.2,86.0:761.2,87.2:762.7,88.1:764.2,89.2:764.5,90.1:766.0,91.1:766.7,92.1:768.7,93.2:771.2,100.4:0.0,101.4:0.0,102.5:0.0,103.5:0.0,97.5:0.0,98.5:1468.2,99.5:1474.2,100.6:1482.0,101.6:1491.0,102.7:1500.0,103.7:1509.2,104.7:1519.0,105.7:1528.2,106.8:1538.0,107.8:1548.5,108.8:1561.2,109.8:0.0,110.9:1614.5,111.9:1610.5,112.9:1617.0,114.0:1633.5,115.0:1653.2,116.0:1667.7,117.0:1684.5,118.0:1705.5,119.1:1725.5,120.1:1750.5,121.1:1778.5,122.2:1801.0,123.2:1823.5,124.2:1848.0,132.5:0.0,133.5:0.0,134.5:0.0,135.6:0.0,136.6:0.0,137.6:0.0,138.7:0.0,139.7:0.0,140.7:0.0,134.6:0.0,142.8:0.0,143.8:0.0,144.9:0.0,145.9:0.0,146.9:0.0,148.0:0.0,149.0:0.0,150.0:0.0,151.1:0.0,152.1:0.0,153.1:0.0,154.2:0.0,155.2:0.0,156.2:0.0,157.3:0.0,151.0:0.0,152.0:2075.0,160.4:0.0,154.1:2053.5,155.2:2033.0,156.3:2023.5,157.3:2013.2,158.4:2004.5,159.4:1990.2,160.5:1976.5,161.5:1969.2,162.5:1962.2,163.5:1959.2,164.6:1949.7,165.6:1936.5,166.7:1927.7,167.7:1926.0,168.7:1927.0,169.8:1925.0,170.8:1923.2,171.8:1919.7,172.9:1915.2,174.0:1911.2,175.0:1912.2,176.0:1911.7,177.1:1908.0,178.1:1912.2,179.1:1917.0,180.1:1918.0,181.1:1922.0,182.2:1925.2,183.2:1926.2,184.3:1930.2,185.3:1933.5,186.3:1942.0,187.4:1953.2,188.4:1959.2,189.4:1968.2,197.7:0.0,191.5:1996.7,199.8:0.0,200.8:0.0,201.9:0.0,202.9:0.0,203.9:0.0,205.0:0.0,199.0:0.0,207.0:0.0,201.1:1400.2,202.2:1386.7,203.3:1389.2,204.3:1396.0,212.3:0.0,213.3:0.0,214.4:0.0,215.4:0.0,216.5:0.0,217.5:0.0,211.5:0.0,219.6:0.0,220.6:0.0,221.7:0.0,222.7:0.0,223.7:0.0,224.8:0.0,225.8:0.0,226.8:0.0,227.9:0.0,228.9:0.0,230.0:0.0,231.0:0.0,232.0:0.0,233.1:0.0,234.1:0.0,235.1:0.0,236.1:0.0,237.2:0.0,238.2:0.0,239.2:0.0,240.3:0.0,234.5:0.0,235.6:1171.5,243.4:0.0,244.4:0.0,245.5:0.0,239.8:0.0,240.9:1109.5,241.9:1104.2,242.9:1094.7,244.0:1085.2,245.0:1079.2,252.7:0.0,247.1:1069.7,248.1:1060.0,249.2:1055.2,250.2:1048.5,251.3:1042.0,252.3:1038.7,253.3:1035.5,254.4:1030.0,255.4:1025.0,256.5:1023.0,257.5:1020.7,258.6:1017.2,259.6:1014.5,260.7:1014.2,261.6:1013.5,262.7:1011.2,263.7:1011.2,264.7:1010.5,265.8:1008.5,266.8:1009.0,267.8:1009.5,268.8:1016.7,276.5:0.0,277.5:0.0,278.6:0.0,279.6:0.0,280.6:0.0,281.7:0.0,282.7:0.0,283.7:0.0,284.7:0.0,285.7:0.0,286.8:0.0,282.9:0.0,288.9:0.0,289.9:0.0,290.9:0.0,287.1:0.0,288.3:459.5,294.0:0.0,290.5:452.2,296.1:0.0,292.4:444.2,293.4:438.7,294.4:433.7,295.6:430.0,296.6:427.7,297.6:425.2,298.8:423.0,299.9:420.7,300.8:418.5,302.2:417.0,303.2:413.5,304.1:410.5,305.3:409.7,306.2:409.2,307.0:408.2,308.2:406.2,309.2:404.2,310.5:403.2,311.6:403.0,312.3:402.2,313.6:401.2,314.3:400.2,315.5:400.7,316.8:401.7,317.7:401.2,318.5:401.0,319.8:401.5,320.7:401.7,321.7:402.0,322.8:402.5,324.0:403.5,324.9:405.0,325.9:405.7,327.0:405.2,328.1:407.2,329.1:410.2,330.0:411.5,331.1:412.2,332.0:414.0,333.1:416.7,334.0:416.2,339.6:0.0,340.6:0.0,336.7:0.0,337.9:460.5,338.9:461.5,339.9:464.2,340.9:468.2,346.8:0.0,347.8:0.0,348.9:0.0,349.9:0.0,351.0:0.0,344.4:0.0,345.5:3165.0,354.1:0.0,350.5:0.0,351.2:457.7,352.2:456.2,353.5:455.2,
352.9:854.7,353.9:848.0,354.9:842.2,356.0:836.2,357.1:830.2,358.2:826.5,359.1:823.2,0.2:818.2,1.3:813.7,2.3:810.7,3.3:809.0,4.4:809.7,5.3:812.0,12.6:0.0,13.7:0.0,14.7:0.0,15.7:0.0,16.8:0.0,17.8:0.0,18.9:0.0,12.9:0.0,13.9:1455.0,15.0:1454.0,16.0:1454.0,17.1:1453.2,18.0:1454.0,19.1:1455.2,20.2:1456.0,21.2:1458.0,22.2:1458.5,23.3:1459.5,24.3:1464.0,25.3:1470.2,26.4:1475.0,27.4:1477.2,28.4:1481.2,29.4:1487.0,30.5:1496.7,31.5:1521.7,32.5:1529.7,33.6:1523.5,34.6:1529.5,35.7:1537.2,36.7:1548.2,37.7:1559.5,38.8:1571.5,39.8:1585.5,40.8:1597.2,41.8:1608.5,42.9:1623.2,43.9:1639.0,44.9:1654.0,45.9:1668.2,47.0:1685.5,48.0:1706.0,49.0:1733.0,57.2:0.0,58.2:0.0,59.3:0.0,60.3:0.0,61.4:0.0,62.4:0.0,56.4:0.0,64.5:0.0,58.4:1548.7,66.5:0.0,67.6:0.0,68.6:0.0,69.6:0.0,70.7:0.0,71.7:0.0,72.7:0.0,73.8:0.0,74.8:0.0,75.8:0.0,76.9:0.0,77.9:0.0,79.0:0.0,72.7:0.0,81.0:0.0,82.1:0.0,83.1:0.0,84.1:0.0,85.2:0.0,86.2:0.0,87.2:0.0,81.1:0.0,82.1:1781.2,83.1:1766.7,84.2:1751.7,85.2:1743.2,86.2:1732.2,87.3:1716.5,88.3:1703.2,89.4:1692.5,90.4:1682.0,91.4:1673.5,92.5:1664.2,93.5:1655.2,94.5:1649.0,95.6:1638.7,96.6:1631.5,97.7:1630.5,98.7:1627.2,99.7:1622.2,100.8:1618.2,101.8:1615.5,102.8:1613.7,103.8:1612.7,104.9:1611.5,105.9:1610.2,106.9:1608.7,108.0:1607.7,109.0:1609.0,110.1:1611.7,111.1:1613.2,112.1:1616.0,113.1:1620.2,114.2:1621.5,115.2:1625.2,116.3:1631.0,117.2:1633.5,118.3:1638.0,119.3:1646.7,120.3:1651.7,121.3:1657.7,122.4:1668.0,123.4:1677.7,124.4:1704.7,125.4:1729.0,133.7:0.0,134.7:0.0,135.7:0.0,136.7:0.0,137.8:0.0,138.9:0.0,139.9:0.0,140.9:0.0,142.0:0.0,143.0:0.0,137.4:0.0,138.4:1125.2,146.1:0.0,147.1:0.0,148.2:0.0,149.2:0.0,150.2:0.0,151.3:0.0,152.3:0.0,153.3:0.0,154.4:0.0,155.4:0.0,156.4:0.0,157.5:0.0,158.5:0.0,159.5:0.0,160.6:0.0,154.6:0.0,162.7:0.0,163.8:0.0,164.8:0.0,165.9:0.0,166.9:0.0,167.9:0.0,169.0:0.0,170.0:0.0,171.0:0.0,172.1:0.0,173.1:0.0,174.2:0.0,175.2:0.0,176.2:0.0,170.6:0.0,171.7:1102.5,172.7:1093.2,173.7:1085.5,174.7:1078.7,175.8:1070.0,183.5:0.0,177.9:1059.0,178.9:1047.5,180.0:1040.2,181.0:1035.0,182.1:1030.0,183.2:1025.0,184.2:1020.5,185.2:1015.7,186.3:1012.2,187.3:1009.0,188.4:1004.7,189.4:1000.5,190.4:999.7,191.5:999.5,192.6:997.7,193.6:997.2,194.6:994.2,195.7:993.0,196.6:994.2,197.7:992.7,198.7:992.2,199.8:992.7,200.8:990.7,201.8:991.2,202.9:994.0,203.9:996.5,204.9:997.7,206.0:999.2,207.0:1003.7,208.1:1008.2,209.1:1008.7,210.2:1011.0,211.2:1015.7,212.1:1020.2,213.2:1027.2,214.3:1033.2,215.3:1038.2,216.3:1043.0,217.3:1048.0,225.0:0.0,219.4:1057.7,220.4:1069.7,221.4:1076.7,222.5:1082.0,223.5:1091.2,224.5:1101.0,226.3:0.0,227.4:689.0,228.5:685.2,229.4:681.0,236.4:0.0,231.7:0.0,232.7:642.2,233.9:640.0,234.9:637.0,235.8:633.7,237.0:629.5,238.1:626.7,239.1:626.0,240.0:624.5,241.2:623.0,242.1:621.7,243.1:621.2,244.4:621.2,245.2:619.2,246.4:617.7,247.5:617.5,248.5:616.7,249.5:615.7,250.6:616.0,251.5:616.7,252.6:617.7,253.6:619.5,254.6:619.7,255.6:620.0,256.8:622.2,257.7:625.0,258.8:626.7,259.7:627.7,260.7:630.5,261.8:633.2,262.8:634.7,263.8:637.7,264.8:640.5,265.9:643.7,266.9:647.0,268.0:650.0,269.0:655.2,270.0:658.2,271.0:659.7,271.9:667.0,273.0:673.5,274.0:677.2,281.0:0.0,276.1:0.0,276.9:0.0,277.9:737.5,278.9:743.5,286.1:0.0,287.1:0.0,288.1:0.0,281.6:0.0,282.6:3419.2,285.2:0.0,286.2:747.0,287.2:746.7,288.4:745.5,289.3:744.5,290.3:745.2,291.4:746.5,292.4:746.0,293.5:745.2,294.4:747.2,295.5:748.7,296.6:749.2,297.6:750.2,298.5:751.2,299.7:752.7,300.7:755.2,301.7:757.5,302.8:760.7,303.8:763.5,304.8:765.7,305.9:769.7,306.9:774.5,307.8:779.2,308.8:783.7,309.9:788.0,310.9:792.0,312.0:797.7,313.0:804.0,314.0:809.7,315.1:816.2,316.1:822.7,317.1:830.5,318.1:838.7,319.1:846.0,320.1:853.5,321.2:862.5,322.1:872.7,323.2:882.0,324.3:892.0,325.2:903.5,326.2:914.2,327.3:926.2,328.3:939.2,329.3:952.7,330.3:966.2,331.4:980.7,332.4:995.5,333.4:1011.7,334.3:1031.2,335.5:1036.5,336.4:1026.5,344.1:0.0,345.1:0.0,346.2:0.0,340.7:0.0,348.2:0.0,349.2:0.0,350.3:0.0,344.9:0.0,345.9:907.7,347.1:899.2,348.1:891.7,349.2:883.5,350.2:874.2,351.2:867.5,
353.9:548.2,355.2:544.2,356.3:540.0,357.3:535.2,358.3:532.2,359.5:530.7,0.3:528.2,1.3:525.5,2.5:523.2,3.5:521.2,4.5:520.0,5.6:520.0,6.6:521.0,12.8:0.0,13.9:0.0,14.9:0.0,15.9:0.0,17.0:0.0,18.0:0.0,19.1:0.0,20.1:0.0,14.4:0.0,15.4:1175.0,16.5:1175.2,17.5:1175.5,18.5:1174.5,19.5:1175.5,20.6:1177.5,21.7:1177.2,22.7:1179.2,23.7:1180.7,24.7:1183.2,25.8:1189.0,26.8:1194.0,27.8:1198.7,28.9:1202.7,29.8:1207.5,30.9:1213.5,32.0:1220.2,33.0:1224.7,34.0:1230.7,35.0:1239.5,36.1:1248.7,37.1:1258.0,38.2:1274.7,39.1:1284.2,40.2:1285.0,41.2:1293.7,42.2:1304.5,43.3:1317.5,44.3:1331.0,45.4:1345.0,46.3:1359.2,47.4:1372.5,48.4:1387.5,49.4:1404.2,50.5:1422.5,51.5:1443.5,52.5:1465.0,53.5:1485.7,54.5:1504.0,55.6:1524.7,56.5:1559.7,64.7:0.0,65.7:0.0,66.7:0.0,67.8:0.0,68.8:0.0,69.8:0.0,70.9:0.0,64.9:0.0,72.9:0.0,74.0:0.0,75.0:0.0,76.0:0.0,77.1:0.0,78.1:0.0,79.1:0.0,80.2:0.0,81.2:0.0,82.2:0.0,83.3:0.0,84.3:0.0,85.4:0.0,86.4:0.0,80.2:0.0,81.2:1907.0,82.2:1877.2,90.5:0.0,84.3:1851.7,85.4:1827.7,86.4:1814.5,87.4:1803.2,88.4:1792.2,89.5:1781.5,90.5:1769.2,91.6:1759.0,92.6:1754.0,93.7:1749.0,94.7:1741.7,95.7:1732.7,96.8:1727.0,97.8:1722.5,98.8:1719.5,99.9:1719.2,100.9:1714.2,101.9:1708.2,103.0:1705.7,104.0:1705.0,105.1:1700.5,106.0:1698.7,107.1:1703.7,108.1:1705.5,109.2:1701.7,110.2:1702.0,111.2:1709.2,112.2:1712.2,113.3:1713.5,114.3:1715.5,115.3:1724.2,116.4:1732.0,117.4:1735.7,118.4:1742.7,119.5:1748.7,120.5:1754.0,121.5:1759.0,122.5:1764.7,123.6:1774.7,124.6:1788.0,125.6:1795.7,126.7:1804.2,127.7:1818.7,128.7:1834.2,129.7:1850.2,130.8:1883.2,139.1:0.0,140.1:0.0,141.1:0.0,142.2:0.0,143.2:0.0,144.2:0.0,145.2:0.0,146.3:0.0,147.3:0.0,148.4:0.0,149.4:0.0,150.4:0.0,144.5:0.0,145.5:1357.7,153.5:0.0,154.6:0.0,155.6:0.0,156.6:0.0,157.7:0.0,158.7:0.0,159.7:0.0,160.8:0.0,161.8:0.0,162.9:0.0,163.9:0.0,165.0:0.0,158.9:0.0,160.0:1622.7,168.1:0.0,169.1:0.0,163.1:0.0,171.2:0.0,172.2:0.0,173.3:0.0,174.3:0.0,175.3:0.0,176.4:0.0,177.4:0.0,171.5:0.0,172.5:1388.0,173.5:1377.2,181.5:0.0,175.7:1361.2,176.7:1347.5,177.7:1340.5,185.7:0.0,186.7:0.0,187.8:0.0,188.8:0.0,183.0:1319.5,184.0:1299.2,185.0:1294.2,186.0:1286.2,187.1:1280.0,188.2:1276.0,189.2:1271.7,190.2:1272.7,191.2:1273.0,192.3:1266.5,193.3:1261.7,194.3:1263.2,195.4:1261.7,196.4:1260.5,197.5:1260.5,198.6:1259.0,199.5:1260.5,200.6:1262.5,201.6:1264.5,202.6:1266.2,203.7:1269.0,204.8:1274.0,205.8:1280.0,206.8:1281.5,207.9:1283.0,208.9:1288.2,209.9:1293.2,211.0:1298.7,218.9:0.0,219.9:0.0,214.7:0.0,215.7:0.0,223.0:0.0,217.9:837.0,218.9:823.2,220.0:815.5,221.1:808.2,222.0:799.2,223.1:791.2,224.1:785.2,225.2:779.5,226.2:773.7,227.3:768.2,228.4:764.0,229.3:759.7,230.5:755.2,231.6:750.2,232.6:745.2,233.6:741.5,234.6:739.2,235.6:736.2,236.7:733.5,237.9:730.7,238.7:728.5,239.9:727.2,240.9:726.5,241.9:724.2,242.9:722.0,243.9:722.2,245.1:721.2,246.0:719.5,247.2:720.2,248.2:720.2,249.2:719.5,250.2:719.2,251.2:720.7,258.2:0.0,253.3:0.0,254.2:751.5,255.2:753.0,256.3:755.0,257.4:756.2,264.5:0.0,265.5:0.0,266.5:0.0,267.6:0.0,262.6:0.0,263.6:713.2,264.8:707.7,265.8:702.5,266.8:696.5,267.8:690.5,268.9:685.5,270.1:681.0,271.1:675.7,272.1:671.2,273.1:668.2,274.1:665.2,275.3:661.5,276.3:658.2,277.3:655.7,278.4:652.2,279.4:649.7,280.3:647.7,281.5:645.5,282.4:643.7,283.5:642.7,284.6:642.0,285.7:641.2,286.6:641.0,287.7:640.5,288.6:640.2,289.6:640.5,290.7:640.5,291.7:640.2,292.7:640.5,293.9:641.0,294.9:642.0,295.9:642.7,297.0:643.7,297.9:644.2,299.0:646.0,300.0:648.7,301.1:651.0,302.0:653.0,303.2:656.5,304.1:660.7,305.1:663.0,306.1:665.2,307.1:668.2,308.3:672.0,309.1:676.5,310.2:681.5,311.2:686.0,312.3:690.7,313.4:696.7,314.3:702.0,315.4:707.0,316.3:713.2,317.5:719.7,318.3:727.0,319.5:734.5,320.4:741.5,321.3:749.7,322.4:758.5,323.4:766.7,324.4:777.5,331.6:0.0,332.7:0.0,333.7:0.0,334.7:0.0,335.8:0.0,336.8:0.0,337.8:0.0,338.9:0.0,339.9:0.0,340.9:0.0,342.0:0.0,337.3:0.0,344.0:0.0,345.1:0.0,346.1:0.0,341.5:0.0,342.5:605.7,343.6:600.2,344.8:596.2,351.3:0.0,346.8:0.0,347.8:572.0,349.1:568.0,355.5:0.0,351.2:560.7,352.2:554.2,353.2:550.7,
354.9:341.7,356.5:339.0,357.3:336.2,358.2:334.5,359.3:333.5,0.1:332.0,1.8:329.2,2.7:327.0,3.3:326.7,4.7:325.2,5.7:325.2,6.5:326.0,8.1:324.0,8.8:323.0,9.7:323.0,10.7:323.7,11.9:325.7,16.3:0.0,17.4:0.0,18.4:0.0,19.5:0.0,20.5:0.0,21.5:0.0,22.6:0.0,23.6:0.0,24.6:0.0,25.7:0.0,20.1:0.0,21.2:998.0,22.2:999.2,23.3:999.5,24.3:1001.2,25.3:1005.5,26.4:1008.0,27.4:1009.7,28.5:1012.7,29.4:1017.2,30.5:1021.7,31.5:1027.2,32.5:1031.2,33.6:1035.7,34.6:1041.5,35.6:1047.7,36.7:1054.5,37.7:1060.7,38.8:1067.0,39.7:1075.0,40.8:1085.0,41.8:1093.7,42.9:1101.7,43.8:1116.0,44.8:1137.0,45.9:1146.2,46.9:1150.2,47.9:1161.2,49.0:1173.7,49.9:1185.5,51.0:1199.0,52.0:1215.7,53.0:1230.5,54.0:1245.7,55.1:1265.7,56.1:1284.5,57.1:1301.7,58.1:1323.5,59.1:1344.7,60.1:1368.5,61.2:1393.5,62.2:1415.7,63.2:0.0,71.3:0.0,72.3:0.0,73.3:0.0,74.4:0.0,75.4:0.0,76.5:0.0,77.5:0.0,78.5:0.0,79.5:0.0,80.6:0.0,81.6:0.0,75.7:0.0,83.7:0.0,84.7:0.0,85.8:0.0,86.8:0.0,87.8:0.0,88.9:0.0,89.9:0.0,90.9:0.0,91.9:0.0,85.7:0.0,86.7:1899.0,87.8:1875.7,88.8:1861.7,89.8:1851.7,90.9:1842.0,92.0:1830.2,93.0:1819.7,94.0:1812.5,95.1:1802.5,96.1:1795.2,97.1:1791.5,98.2:1788.0,99.2:1782.2,100.2:1775.5,101.3:1772.2,102.3:1770.2,103.3:1766.2,104.4:1765.2,105.4:1766.7,106.4:1765.0,107.4:1762.5,108.5:1764.0,109.5:1765.0,110.5:1768.7,111.6:1772.0,112.6:1771.5,113.6:1775.5,114.6:1779.0,115.6:1781.0,116.7:1788.0,117.7:1797.2,118.8:1805.2,119.7:1809.7,120.8:1813.5,121.8:1821.2,122.9:1830.2,123.9:1841.0,124.9:1851.0,126.0:1863.0,127.0:1877.7,128.0:1887.0,129.0:1892.0,130.0:1901.2,138.4:0.0,132.2:1929.7,140.4:0.0,134.2:1977.7,135.2:2027.0,136.2:2053.2,137.3:2049.0,145.6:0.0,146.6:0.0,147.7:0.0,148.7:0.0,149.7:0.0,150.8:0.0,151.8:0.0,152.8:0.0,153.9:0.0,154.9:0.0,148.9:0.0,149.9:1528.7,158.0:0.0,159.0:0.0,160.1:0.0,161.1:0.0,162.2:0.0,163.2:0.0,164.3:0.0,165.3:0.0,166.4:0.0,167.4:0.0,168.4:0.0,162.3:0.0,170.5:0.0,164.4:0.0,172.6:0.0,173.6:0.0,174.7:0.0,168.6:0.0,169.6:1645.2,170.6:1626.5,171.7:1613.7,172.7:1602.0,173.8:1585.5,174.8:1572.0,175.9:1562.0,176.9:1551.5,178.0:1545.7,179.0:1539.2,180.0:1528.7,181.1:1520.5,182.1:1511.0,183.2:1505.5,184.2:1498.7,185.2:1490.5,186.2:1486.5,187.3:1484.2,188.3:1477.0,189.3:1470.5,190.4:1466.7,191.4:1462.2,192.5:1459.5,193.5:1455.7,194.5:1456.5,195.6:1457.2,196.6:1455.5,197.7:1455.5,198.7:1452.7,199.7:1453.2,200.7:1455.2,201.7:1456.7,202.8:1459.7,203.9:1461.0,204.9:1464.5,206.0:1468.7,214.0:0.0,215.0:0.0,216.1:0.0,217.1:0.0,218.1:0.0,219.2:0.0,220.2:0.0,221.2:0.0,222.3:0.0,223.3:0.0,224.4:0.0,219.0:0.0,226.4:0.0,227.5:0.0,228.5:0.0,223.3:0.0,224.3:860.5,225.3:853.5,226.4:845.7,227.4:841.5,228.5:837.5,229.6:830.7,230.5:824.5,231.6:821.5,232.7:818.0,233.7:814.2,234.8:810.0,235.8:805.5,236.8:803.0,237.8:801.7,238.9:801.0,239.9:0.0,240.9:826.0,242.0:820.2,243.0:817.2,244.0:817.5,245.2:818.7,252.4:0.0,253.4:0.0,248.4:0.0,249.4:755.0,250.5:742.7,251.5:732.0,252.6:721.2,253.6:710.7,254.7:701.2,255.9:692.0,256.8:683.2,258.0:674.5,258.9:666.7,260.0:659.7,261.0:652.2,262.0:645.5,263.1:639.5,264.3:633.7,265.3:629.0,266.3:623.5,267.5:618.2,268.4:614.5,269.4:610.0,270.5:605.5,271.6:601.2,272.8:597.2,273.6:594.0,274.7:590.7,275.8:587.7,276.8:585.0,277.7:582.5,278.7:580.2,279.8:578.0,281.0:576.2,281.8:575.2,282.9:573.7,283.9:572.0,285.1:571.2,286.0:571.0,287.2:570.2,288.2:569.5,289.2:569.0,290.2:567.7,291.2:568.2,292.4:570.0,293.2:570.7,294.4:570.5,295.2:570.5,296.3:572.2,297.5:573.5,298.5:574.5,299.4:576.0,300.6:577.5,301.6:579.2,302.6:581.2,303.5:584.2,304.7:587.0,305.7:589.5,306.6:593.0,307.6:595.7,308.7:598.2,309.8:602.7,310.8:607.5,311.8:611.7,312.7:616.0,313.7:620.0,314.8:626.2,315.7:633.7,316.1:0.0,323.5:0.0,324.6:0.0,325.6:0.0,326.6:0.0,327.7:0.0,328.7:0.0,329.7:0.0,330.8:0.0,331.8:0.0,332.9:0.0,333.9:0.0,335.0:0.0,336.0:0.0,337.0:0.0,338.0:0.0,339.1:0.0,340.1:0.0,341.2:0.0,342.2:0.0,343.2:0.0,344.2:0.0,345.3:0.0,346.3:0.0,347.4:0.0,348.4:0.0,349.4:0.0,350.5:0.0,351.5:0.0,352.5:0.0,350.0:0.0,354.6:0.0,352.0:353.0,356.7:0.0,354.0:346.2,
351.4:1708.7,352.5:1703.2,353.5:1700.2,354.6:1696.7,355.6:1692.5,356.7:1686.5,357.7:1680.7,358.7:1677.7,359.7:1673.7,0.8:1670.2,1.8:1671.2,2.9:1675.0,3.9:1678.2,4.9:1679.7,6.0:1678.7,7.0:1676.2,8.0:1675.7,9.1:1680.5,10.1:1687.2,11.1:1690.2,12.2:1692.5,13.2:1696.5,14.2:1701.7,15.3:1706.7,16.3:1713.7,17.3:1720.0,18.4:1731.0,19.4:1745.0,20.5:1751.2,21.5:1757.2,22.5:1768.2,23.5:1780.2,24.5:1792.0,25.5:1821.5,26.6:1849.7,34.9:0.0,35.9:0.0,36.9:0.0,38.0:0.0,39.0:0.0,40.0:0.0,41.1:0.0,42.1:0.0,43.2:0.0,44.2:0.0,45.2:0.0,39.4:0.0,40.4:1284.7,48.3:0.0,49.4:0.0,50.4:0.0,51.5:0.0,52.5:0.0,53.5:0.0,54.6:0.0,55.6:0.0,56.6:0.0,57.7:0.0,58.7:0.0,59.7:0.0,60.8:0.0,61.8:0.0,62.9:0.0,63.9:0.0,64.9:0.0,66.0:0.0,67.0:0.0,68.0:0.0,69.0:0.0,70.1:0.0,71.1:0.0,72.1:0.0,73.2:0.0,74.2:0.0,75.2:0.0,76.3:0.0,70.4:1283.0,71.5:1273.0,72.6:1265.2,73.6:1259.7,74.6:1251.0,75.7:1243.2,83.5:0.0,84.5:0.0,85.6:0.0,79.8:1225.7,80.9:1209.7,81.9:1206.0,82.9:1203.0,83.9:1197.0,85.0:1193.2,86.0:1192.0,87.0:1188.0,88.1:1184.7,89.1:1182.7,90.2:1180.7,91.2:1176.7,92.2:1176.2,93.2:1177.5,94.2:1176.5,95.3:1175.7,96.3:1176.2,97.3:1177.2,98.4:1178.0,99.4:1181.0,100.5:1183.2,101.5:1186.5,102.5:1192.2,103.5:1193.5,104.6:1195.5,105.5:1201.2,106.6:1205.2,107.6:1207.7,108.6:1211.5,116.5:0.0,117.5:0.0,118.6:0.0,119.6:0.0,114.5:0.0,115.6:0.0,116.6:778.5,117.7:771.0,118.7:764.7,125.8:0.0,120.8:755.5,121.8:747.0,122.9:739.7,123.9:734.7,124.9:731.5,126.0:726.0,127.1:719.7,128.2:715.2,129.1:712.0,130.2:708.0,131.3:704.0,132.4:699.5,133.4:696.7,134.5:695.2,135.5:693.0,136.4:691.0,137.6:689.0,138.5:688.2,139.5:688.0,140.7:685.5,141.7:684.7,142.7:684.5,143.7:683.2,144.7:683.7,145.7:684.2,146.9:684.2,147.9:685.5,148.9:687.5,149.9:687.2,150.9:687.0,152.0:689.0,153.1:688.7,154.1:689.5,155.0:692.2,162.1:0.0,163.1:0.0,158.2:0.0,159.2:733.0,160.2:735.5,167.2:0.0,168.3:0.0,169.3:0.0,162.7:0.0,163.8:3585.0,166.5:0.0,167.6:709.5,168.6:705.5,169.5:701.5,170.6:698.0,171.8:694.0,172.7:690.5,173.9:688.0,174.8:685.5,175.9:681.7,176.9:679.5,178.0:677.7,179.0:674.7,180.0:672.5,181.0:670.7,182.1:670.5,183.2:670.0,184.3:669.2,185.2:669.2,186.3:669.7,187.2:668.7,188.3:668.7,189.4:669.5,190.4:669.5,191.4:670.0,192.4:671.0,193.5:672.2,194.5:673.7,195.5:675.0,196.6:678.0,197.7:681.5,198.7:683.2,199.8:685.2,200.8:688.2,201.7:691.7,202.8:694.5,203.7:698.0,204.8:703.0,205.9:707.2,206.9:711.7,207.9:716.2,209.0:721.2,210.0:726.0,211.1:731.5,212.1:738.7,213.1:745.2,214.0:751.5,215.1:757.7,216.1:765.5,217.1:774.5,218.2:782.5,219.2:790.5,220.2:798.2,221.2:807.0,222.2:817.7,223.2:829.2,224.2:841.2,225.2:853.7,232.6:0.0,233.6:0.0,234.7:0.0,235.7:0.0,236.7:0.0,237.8:0.0,238.8:0.0,239.9:0.0,240.9:0.0,241.9:0.0,243.0:0.0,238.0:0.0,239.1:711.2,240.2:705.2,241.3:698.2,242.4:689.2,243.4:682.0,244.4:674.5,245.5:666.7,246.4:661.7,247.5:658.2,248.7:653.0,249.7:646.2,250.8:642.0,251.8:638.0,252.9:632.5,253.8:627.0,254.9:624.5,255.9:622.0,257.0:619.5,258.0:617.0,259.0:612.5,260.1:609.0,261.1:608.5,262.2:612.2,263.2:614.0,269.8:0.0,270.9:0.0,271.9:0.0,273.0:0.0,274.0:0.0,275.0:0.0,276.1:0.0,270.2:0.0,271.2:1265.2,272.3:1266.2,273.3:1264.7,274.4:1262.7,275.3:1262.2,276.4:1262.7,277.4:1263.5,278.5:1264.7,279.5:1267.7,280.5:1271.7,281.5:1274.0,282.5:1277.0,283.6:1281.2,284.6:1283.0,285.7:1287.0,286.7:1295.2,287.7:1301.7,288.7:1307.7,289.7:1315.0,290.8:1320.7,291.8:1334.0,292.8:1350.5,293.8:1358.2,294.9:1362.5,295.9:1370.7,296.9:1379.7,298.0:1390.0,299.0:1403.7,300.1:1419.2,301.0:1434.2,302.1:1449.2,303.1:1464.7,304.1:1479.7,305.1:1496.0,306.2:1516.0,307.2:1535.2,308.2:1553.7,309.2:1575.7,310.2:1595.0,318.4:0.0,319.4:0.0,320.5:0.0,321.5:0.0,322.5:0.0,323.6:0.0,324.6:0.0,325.6:0.0,326.7:0.0,327.7:0.0,321.7:0.0,329.7:0.0,330.8:0.0,331.8:0.0,332.8:0.0,333.9:0.0,334.9:0.0,335.9:0.0,337.0:0.0,338.0:0.0,339.0:0.0,340.1:0.0,333.8:0.0,342.1:0.0,335.9:0.0,344.2:0.0,338.0:1869.7,339.0:1839.2,340.1:1820.5,341.1:1808.2,342.2:1797.2,343.2:1784.2,344.2:1771.7,345.3:1761.7,346.3:1754.2,347.4:1744.2,348.5:1734.2,349.5:1724.0,350.5:1715.0,
351.8:1406.7,352.8:1403.2,353.8:1397.7,354.8:1393.2,355.9:1389.0,356.9:1388.7,358.0:1387.5,359.0:1382.7,0.0:1381.7,1.0:1381.2,2.1:1383.2,3.1:1381.2,4.1:1377.2,5.2:1378.7,6.2:1381.2,7.3:1384.2,8.3:1385.5,9.3:1389.0,10.4:1391.7,11.4:1392.5,12.5:1393.5,13.5:1398.5,14.5:1402.5,15.5:1405.5,16.6:1410.5,17.6:1416.0,25.6:0.0,26.7:0.0,27.7:0.0,28.7:0.0,29.8:0.0,23.8:0.0,24.8:1485.7,25.9:1496.7,26.9:1513.7,27.9:1527.7,29.0:1535.5,37.0:0.0,31.0:0.0,39.1:0.0,40.1:0.0,41.2:0.0,42.2:0.0,43.3:0.0,44.3:0.0,45.3:0.0,46.4:0.0,47.4:0.0,48.5:0.0,49.5:0.0,50.5:0.0,51.6:0.0,52.6:0.0,47.0:0.0,48.0:1099.7,49.0:1086.5,50.1:1084.2,51.1:1085.7,58.8:0.0,59.9:0.0,60.9:0.0,61.9:0.0,63.0:0.0,64.0:0.0,65.0:0.0,66.1:0.0,67.1:0.0,68.1:0.0,69.2:0.0,70.2:0.0,71.2:0.0,65.3:0.0,73.3:0.0,74.3:0.0,75.4:0.0,76.4:0.0,77.5:0.0,78.5:0.0,72.6:0.0,73.7:1279.7,74.8:1272.2,75.8:1264.5,76.8:1260.0,77.8:1253.0,78.9:1246.0,79.9:1242.5,81.0:1238.5,88.8:0.0,89.9:0.0,84.0:1232.0,85.1:1221.7,86.1:1212.2,87.1:1207.7,88.2:1206.7,89.2:1207.7,90.3:1205.2,91.2:1202.2,92.3:1200.5,93.4:1198.2,94.3:1200.7,95.4:1203.0,96.4:1203.2,97.5:1204.5,98.5:1205.7,99.6:1207.5,100.5:1207.2,101.6:1207.5,102.6:1213.0,103.6:1214.2,111.5:0.0,105.7:1219.2,113.5:0.0,107.7:1234.0,108.7:1241.5,109.7:1245.2,110.8:1250.5,111.8:1258.5,112.9:1266.7,113.9:1271.2,114.9:1279.0,122.8:0.0,123.8:0.0,124.9:0.0,125.9:0.0,126.9:0.0,128.0:0.0,122.0:0.0,130.0:0.0,124.1:1374.7,132.1:0.0,133.1:0.0,134.1:0.0,128.6:0.0,129.7:984.5,130.7:981.0,131.8:0.0,132.9:946.2,134.0:943.0,135.0:940.0,136.1:937.5,137.1:934.7,138.1:932.5,139.2:930.0,140.2:927.5,141.2:926.7,142.3:926.5,143.3:926.5,144.3:925.5,145.4:925.0,146.4:926.2,147.4:926.5,148.5:926.5,149.5:928.0,150.6:928.7,151.6:929.5,152.6:932.2,153.6:934.2,154.6:936.0,155.7:939.7,156.8:943.7,157.8:945.5,158.9:948.2,159.9:953.0,160.9:957.0,162.0:960.5,162.9:0.0,164.0:1005.5,165.0:1009.7,166.0:1016.7,173.6:0.0,174.7:0.0,168.1:0.0,170.2:0.0,171.3:993.0,172.3:988.7,173.3:983.0,174.4:978.5,175.5:976.5,176.4:973.7,177.5:970.5,178.5:966.7,179.5:963.7,180.6:963.0,181.6:962.0,182.6:959.0,183.7:957.5,184.7:958.2,185.7:957.5,186.8:957.5,187.9:956.7,188.9:957.7,189.9:959.2,191.0:959.2,192.0:960.7,193.0:962.5,194.0:964.7,195.0:967.0,196.1:970.2,197.1:972.7,198.1:976.0,199.2:978.2,200.2:981.5,201.2:986.2,202.2:990.2,203.3:996.7,204.3:1001.5,205.4:1007.2,206.5:1014.0,207.5:1020.5,208.5:1028.5,209.6:1035.2,210.5:1042.2,211.5:1048.7,212.6:1057.5,213.6:1068.7,221.3:0.0,222.3:0.0,223.4:0.0,224.4:0.0,225.5:0.0,226.5:0.0,227.5:0.0,228.6:0.0,229.6:0.0,230.6:0.0,231.7:0.0,232.7:0.0,227.5:0.0,234.8:0.0,235.8:0.0,236.9:0.0,237.9:0.0,238.9:0.0,240.0:0.0,241.0:0.0,236.0:0.0,237.1:715.2,238.2:709.2,239.2:706.2,240.2:705.0,241.2:706.2,248.3:0.0,249.3:0.0,250.4:0.0,251.4:0.0,252.4:0.0,253.5:0.0,254.5:0.0,255.5:0.0,256.6:0.0,257.6:0.0,258.6:0.0,259.7:0.0,260.7:0.0,261.7:0.0,262.8:0.0,256.9:0.0,258.0:1286.5,259.0:1281.0,260.1:1276.5,261.1:1271.5,262.1:1267.0,263.1:1262.7,264.2:1259.0,265.2:1255.2,266.3:1253.7,267.3:1250.7,268.4:1248.2,269.4:1247.2,270.5:1245.0,271.5:1242.5,272.5:1243.0,273.5:1244.2,274.6:1245.5,275.5:1246.7,276.6:1246.7,277.6:1247.5,278.6:1250.7,279.6:1256.7,280.7:1266.7,281.6:1267.7,282.7:1262.7,283.7:1267.5,284.7:1271.2,285.7:1274.0,286.7:1279.2,287.8:1285.2,288.8:1294.0,289.9:1300.7,290.9:1306.7,291.9:1314.7,292.9:1322.2,294.0:1331.7,295.0:1344.2,296.0:1354.5,297.1:1364.0,298.0:1373.0,299.2:1385.2,300.1:1401.7,301.2:1416.2,309.2:0.0,310.2:0.0,311.3:0.0,312.3:0.0,313.4:0.0,314.4:0.0,315.4:0.0,309.7:0.0,317.5:0.0,318.5:0.0,319.6:0.0,313.7:1230.7,321.6:0.0,322.7:0.0,323.7:0.0,324.7:0.0,325.8:0.0,326.8:0.0,327.8:0.0,328.9:0.0,329.9:0.0,331.0:0.0,332.0:0.0,333.0:0.0,334.0:0.0,335.1:0.0,336.1:0.0,330.0:0.0,331.1:1659.7,339.2:0.0,333.2:1615.0,334.2:1582.0,342.3:0.0,336.3:1557.7,337.4:1541.2,338.4:1531.5,339.4:1522.5,340.5:1509.0,341.5:1491.5,349.6:0.0,350.6:0.0,351.6:0.0,352.7:0.0,353.7:0.0,347.8:0.0,348.9:1417.5,349.8:1411.5,350.9:1408.7,
352.1:1110.5,353.1:1105.2,354.1:1100.2,355.2:1097.7,356.2:1095.5,357.3:1094.0,358.3:1091.0,359.4:1088.0,0.3:1087.0,1.4:1086.5,2.4:1086.7,3.5:1089.0,4.5:1089.2,5.5:1088.5,6.6:1090.2,7.5:1091.7,8.7:1091.7,9.7:1093.7,10.7:1095.5,11.7:1099.7,12.8:1104.0,13.8:1103.2,14.8:1109.5,15.9:1116.7,16.9:1120.7,18.0:1125.7,25.7:0.0,20.0:1132.7,21.0:1140.7,22.1:1146.7,23.1:1153.2,24.0:1160.7,25.2:1170.2,26.2:1178.7,27.2:1187.2,35.0:0.0,36.0:0.0,37.1:0.0,38.1:0.0,39.1:0.0,40.2:0.0,41.2:0.0,42.2:0.0,43.3:0.0,44.3:0.0,45.4:0.0,46.4:0.0,47.4:0.0,48.5:0.0,49.5:0.0,50.5:0.0,51.6:0.0,52.6:0.0,53.6:0.0,54.7:0.0,55.7:0.0,56.7:0.0,57.8:0.0,58.8:0.0,59.8:0.0,54.3:0.0,61.9:0.0,63.0:0.0,64.0:0.0,58.6:0.0,66.0:0.0,60.6:946.7,61.6:933.5,62.7:928.0,63.7:928.2,71.2:0.0,72.2:0.0,73.2:0.0,74.2:0.0,75.3:0.0,76.3:0.0,77.3:0.0,78.4:0.0,79.4:0.0,80.4:0.0,74.6:0.0,82.5:0.0,83.5:0.0,77.7:1313.7,78.7:1283.0,79.8:1266.5,80.8:1260.5,81.9:1256.5,82.9:1252.2,83.9:1248.2,84.9:1246.2,86.0:1243.5,87.0:1239.0,88.0:1238.7,89.1:1236.0,90.1:1233.5,91.1:1230.7,92.2:1227.7,93.2:1228.5,94.2:1229.2,95.3:1229.5,96.3:1232.0,97.3:1235.2,98.4:1235.0,99.4:1233.0,100.4:1237.2,101.5:1242.2,102.5:1242.7,103.5:1245.7,104.5:1248.7,105.6:1250.7,106.6:1255.0,107.6:1260.5,108.6:1266.0,109.7:1271.2,110.7:1280.2,111.7:1286.7,112.7:1290.7,120.6:0.0,121.6:0.0,122.7:0.0,123.7:0.0,124.7:0.0,125.8:0.0,126.8:0.0,120.9:0.0,128.9:0.0,129.9:0.0,130.9:0.0,131.9:0.0,133.0:0.0,134.0:0.0,135.0:0.0,136.1:0.0,130.0:0.0,138.2:0.0,139.2:0.0,140.2:0.0,141.3:0.0,142.3:0.0,143.3:0.0,144.4:0.0,138.6:0.0,139.6:1193.5,140.7:1191.5,141.8:1182.0,142.7:1169.0,143.8:1163.5,144.8:1163.7,145.9:1163.0,146.9:1164.5,147.9:1165.2,149.0:1165.2,150.0:1166.5,151.0:1169.2,152.0:1172.7,153.1:1175.7,154.1:1178.7,155.2:1183.0,156.2:1188.0,157.3:1190.5,158.3:1194.7,159.3:1199.7,160.4:1206.0,168.2:0.0,169.2:0.0,170.2:0.0,171.3:0.0,172.3:0.0,166.4:0.0,174.4:0.0,175.4:0.0,176.4:0.0,177.5:0.0,171.6:1284.0,172.7:1279.0,173.7:1274.5,174.7:1269.7,175.8:1266.0,176.8:1262.5,177.9:1257.0,178.9:1253.2,179.9:1251.2,181.0:1249.5,182.0:1247.7,183.0:1244.5,184.1:1241.7,185.1:1242.7,186.2:1242.0,187.2:1242.2,188.3:1243.2,189.3:1242.7,190.3:1246.0,191.3:1247.5,192.4:1249.2,193.5:1251.2,194.5:1252.5,195.5:1257.2,196.5:1262.5,197.6:1265.0,198.5:1268.5,199.6:1273.0,200.6:1277.5,201.7:1284.0,202.6:1290.2,203.8:1296.2,204.8:1304.7,205.8:1313.0,213.7:0.0,214.8:0.0,215.8:0.0,216.8:0.0,217.9:0.0,218.9:0.0,220.0:0.0,221.0:0.0,222.0:0.0,223.1:0.0,224.1:0.0,225.1:0.0,219.7:0.0,227.2:0.0,221.8:0.0,223.0:883.2,223.9:884.5,231.4:0.0,232.4:0.0,233.4:0.0,234.5:0.0,235.5:0.0,236.5:0.0,237.6:0.0,238.6:0.0,239.6:0.0,240.7:0.0,241.7:0.0,242.7:0.0,243.8:0.0,244.8:0.0,245.8:0.0,246.9:0.0,247.9:0.0,249.0:0.0,250.0:0.0,251.0:0.0,245.2:0.0,246.2:1370.5,247.2:1360.0,248.2:1347.5,249.3:1333.2,250.4:1321.2,251.3:1312.5,252.5:1302.7,253.4:1294.0,254.5:1286.5,255.5:1279.5,256.5:1273.7,257.6:1267.7,258.6:1262.2,259.7:1257.0,260.7:1253.0,261.7:1249.2,262.8:1244.0,263.9:1237.5,264.9:1231.5,266.0:1233.2,266.9:1255.5,268.0:0.0,269.0:1229.2,270.1:1227.0,271.1:1225.2,272.1:1224.7,273.1:1224.7,274.2:1225.0,275.1:1229.7,276.2:1230.7,277.2:1230.2,278.2:1234.2,279.3:1234.7,280.3:1236.5,281.3:1241.5,282.3:1244.7,283.4:1249.0,284.4:1253.5,285.4:1257.0,286.5:1262.0,287.5:1268.0,288.5:1272.5,289.5:1279.5,290.5:1289.2,298.4:0.0,299.5:0.0,300.5:0.0,301.5:0.0,302.5:0.0,303.6:0.0,298.0:0.0,305.6:0.0,300.1:1060.5,301.1:1071.2,302.2:1070.0,303.1:1066.0,304.2:1072.7,305.2:1083.7,306.3:1094.2,314.0:0.0,315.0:0.0,316.0:0.0,317.1:0.0,318.1:0.0,319.1:0.0,320.2:0.0,321.2:0.0,322.2:0.0,323.2:0.0,324.3:0.0,325.3:0.0,326.4:0.0,327.4:0.0,321.5:0.0,329.5:0.0,330.5:0.0,324.6:1396.0,332.5:0.0,333.6:0.0,334.6:0.0,335.6:0.0,336.7:0.0,337.7:0.0,338.7:0.0,339.7:0.0,340.8:0.0,341.8:0.0,342.9:0.0,343.9:0.0,338.1:0.0,339.2:1190.7,340.2:1180.0,341.3:1172.5,342.3:1162.5,343.3:1152.0,344.4:1145.2,345.5:1137.5,346.4:1131.7,347.6:1127.5,348.6:1122.5,349.7:1116.2,350.7:1111.5,351.8:1110.7,
353.3:721.2,354.3:717.5,355.3:716.5,356.3:714.7,357.5:713.2,358.4:710.2,359.6:709.2,0.6:708.7,1.5:707.2,2.5:707.2,3.7:707.0,4.6:708.0,5.7:708.7,6.7:709.2,7.8:710.2,8.8:710.7,9.9:711.0,10.9:712.7,12.0:715.7,12.9:719.0,14.0:721.7,15.0:723.5,16.1:725.7,17.0:728.7,18.0:732.2,19.0:735.7,20.2:738.7,21.1:741.7,22.1:747.0,23.2:752.0,24.1:756.2,25.2:762.7,26.3:766.5,27.2:768.7,28.3:774.7,29.2:782.5,30.3:790.0,31.4:797.2,32.3:804.5,33.3:812.0,34.4:819.0,41.7:0.0,42.8:0.0,43.8:0.0,44.9:0.0,45.9:0.0,46.9:0.0,48.0:0.0,49.0:0.0,50.0:0.0,51.1:0.0,52.1:0.0,53.2:0.0,54.2:0.0,55.2:0.0,56.3:0.0,57.3:0.0,51.7:0.0,59.4:0.0,60.4:0.0,61.5:0.0,55.9:0.0,56.9:1033.7,58.0:1020.5,65.6:0.0,66.6:0.0,67.6:0.0,62.2:0.0,63.2:956.5,70.7:0.0,71.8:0.0,66.4:937.5,67.5:917.5,68.5:909.7,69.6:901.2,70.6:892.7,71.7:886.0,72.7:880.2,73.7:875.5,74.8:867.7,75.9:862.2,76.9:857.7,78.0:853.2,79.0:849.7,80.0:845.0,81.1:840.5,82.1:835.2,83.2:830.5,84.1:829.7,85.1:829.0,86.2:828.5,87.2:829.5,94.5:0.0,95.5:0.0,96.5:0.0,97.6:0.0,98.6:0.0,92.8:0.0,93.8:1288.5,94.8:1289.7,95.9:1275.0,96.9:1259.5,97.9:1261.7,99.0:1262.7,100.0:1262.7,101.0:1266.2,102.1:1270.0,103.1:1274.5,104.1:1280.5,105.1:1285.5,106.2:1286.5,107.1:1290.0,108.2:1298.2,116.1:0.0,117.2:0.0,118.2:0.0,119.2:0.0,120.2:0.0,114.4:1322.2,122.3:0.0,116.4:1353.0,117.4:1366.7,118.5:1374.5,119.5:1385.5,127.5:0.0,128.5:0.0,129.5:0.0,130.5:0.0,131.6:0.0,132.6:0.0,126.6:0.0,127.6:1514.7,128.7:1534.0,136.7:0.0,137.8:0.0,138.9:0.0,139.9:0.0,140.9:0.0,142.0:0.0,143.0:0.0,144.0:0.0,145.1:0.0,146.1:0.0,147.1:0.0,148.2:0.0,149.2:0.0,150.2:0.0,151.3:0.0,152.3:0.0,153.3:0.0,154.4:0.0,148.3:1527.2,149.4:1516.2,150.4:1530.5,151.5:0.0,152.5:1500.5,153.5:1508.7,154.5:1510.5,155.7:1511.7,156.7:1516.2,157.7:1521.7,158.8:1527.2,159.8:1533.7,160.9:1539.5,161.8:1545.5,162.9:1555.7,163.9:1565.5,165.0:1570.0,166.0:1579.5,167.0:1592.2,168.0:1602.5,169.1:1616.5,170.1:1646.0,178.2:0.0,179.3:0.0,180.3:0.0,174.2:1667.2,175.2:1662.0,176.3:1655.5,177.3:1652.5,178.4:1651.5,179.4:1648.5,180.4:1644.0,181.5:1640.5,182.5:1637.5,183.5:1638.0,184.5:1635.5,185.6:1630.7,186.6:1633.0,187.7:1634.0,188.7:1632.7,189.7:1636.7,190.8:1639.0,191.8:1640.5,192.8:1642.2,193.8:1644.2,194.9:1648.5,195.9:1651.5,196.9:1654.7,198.0:1660.7,199.0:1668.5,207.2:0.0,208.2:0.0,209.3:0.0,210.4:0.0,211.4:0.0,212.4:0.0,213.5:0.0,214.5:0.0,215.6:0.0,209.8:0.0,210.8:1187.5,211.9:1187.2,212.9:1192.0,220.7:0.0,221.8:0.0,222.8:0.0,223.9:0.0,224.9:0.0,225.9:0.0,227.0:0.0,228.0:0.0,229.0:0.0,230.1:0.0,231.1:0.0,232.2:0.0,233.2:0.0,234.2:0.0,235.2:0.0,236.3:0.0,237.3:0.0,238.4:0.0,232.3:0.0,233.4:1567.7,234.4:1545.2,235.5:1520.2,236.5:1497.2,237.6:1478.2,238.6:1459.7,239.7:1441.0,240.7:1421.7,241.8:1401.7,242.8:1383.7,243.9:1369.2,244.9:1358.7,246.0:1349.2,247.0:1334.5,248.0:1319.2,249.1:1313.0,250.1:1322.5,251.2:0.0,252.2:1285.2,253.3:1276.0,254.3:1269.0,255.3:1262.2,256.4:1256.7,257.5:1251.5,258.5:1245.0,259.5:1238.7,260.5:1234.0,261.5:1227.5,262.6:1223.0,263.6:1221.5,264.7:1216.0,265.7:1212.5,266.8:1210.0,267.8:1207.2,268.8:1205.5,269.9:1204.7,270.9:1203.5,272.0:1202.5,273.0:1202.2,274.0:1207.7,281.8:0.0,282.7:0.0,277.3:0.0,278.4:929.2,279.3:930.0,280.4:932.7,287.9:0.0,282.4:924.7,283.4:914.5,284.6:915.0,285.5:918.7,286.5:922.5,287.6:925.7,288.6:929.7,289.7:934.0,290.6:939.0,291.6:944.0,292.7:947.2,293.7:952.0,294.7:958.0,295.7:963.0,296.7:970.0,297.8:977.0,298.8:986.2,306.5:0.0,300.9:1001.2,302.0:1015.2,303.0:1024.5,304.1:1031.7,305.0:1041.0,312.7:0.0,313.7:0.0,314.7:0.0,315.7:0.0,316.8:0.0,317.8:0.0,312.1:0.0,319.9:0.0,320.9:0.0,322.0:0.0,323.0:0.0,324.0:0.0,325.0:0.0,326.1:0.0,327.1:0.0,328.1:0.0,329.2:0.0,330.2:0.0,331.3:0.0,332.3:0.0,333.3:0.0,334.4:0.0,335.4:0.0,336.4:0.0,337.5:0.0,332.2:0.0,339.5:0.0,340.5:0.0,341.6:0.0,336.5:0.0,337.5:780.0,338.6:773.0,339.6:768.5,340.7:762.7,341.7:756.0,342.8:751.0,343.8:746.7,344.9:743.2,345.9:742.0,346.9:739.0,348.1:735.2,349.0:732.2,350.0:729.0,351.1:726.5,352.1:723.2,
354.5:416.7,355.3:414.0,356.7:412.7,357.6:411.2,358.8:409.0,359.7:407.0,0.9:407.7,1.7:409.0,2.7:409.7,3.8:410.5,4.6:410.2,5.7:410.7,7.1:410.5,8.0:411.5,8.8:412.5,10.0:412.7,11.0:414.5,12.2:416.5,13.0:417.5,14.2:417.7,15.1:420.0,16.1:422.0,17.1:423.5,18.0:425.7,19.2:427.2,20.4:430.5,21.1:433.0,22.2:433.5,23.4:436.7,24.2:441.0,25.3:443.7,26.1:446.2,32.0:0.0,28.2:450.7,29.2:456.0,30.3:461.7,31.5:466.2,32.3:470.5,33.2:475.2,34.3:478.5,40.3:0.0,41.3:0.0,42.4:0.0,43.4:0.0,44.5:0.0,45.5:0.0,46.5:0.0,47.6:0.0,48.6:0.0,49.6:0.0,50.7:0.0,51.7:0.0,52.7:0.0,53.8:0.0,54.8:0.0,55.9:0.0,56.9:0.0,57.9:0.0,59.0:0.0,60.0:0.0,61.0:0.0,62.1:0.0,63.1:0.0,64.1:0.0,65.2:0.0,66.1:0.0,67.2:0.0,68.2:0.0,69.2:0.0,70.3:0.0,71.3:0.0,72.3:0.0,73.4:0.0,74.4:0.0,75.4:0.0,70.0:0.0,71.1:916.2,72.1:912.0,73.2:906.5,74.2:900.0,75.2:893.0,76.3:887.2,77.3:884.2,78.4:877.5,79.5:871.7,80.5:869.7,81.5:868.2,82.5:865.0,83.6:860.7,84.6:856.0,85.7:853.5,86.7:851.0,87.7:849.5,88.8:847.2,89.8:845.7,90.8:844.7,91.8:844.0,92.9:843.7,93.9:842.7,95.0:843.2,96.0:843.0,96.9:842.5,98.1:843.0,99.0:844.5,100.0:847.5,101.2:849.0,102.2:850.2,103.1:853.0,104.2:856.0,105.2:860.2,106.2:865.0,113.6:0.0,114.6:0.0,115.7:0.0,109.8:0.0,110.8:1339.2,111.8:1346.5,112.8:1355.5,113.8:1364.2,114.9:1371.5,115.9:1379.2,116.9:1389.5,118.0:1398.7,126.0:0.0,127.0:0.0,128.0:0.0,129.1:0.0,130.1:0.0,131.1:0.0,125.1:0.0,126.1:1524.2,134.2:0.0,135.2:0.0,129.2:0.0,137.3:0.0,138.4:0.0,139.4:0.0,140.5:0.0,141.5:0.0,142.5:0.0,143.5:0.0,144.6:0.0,145.6:0.0,146.6:0.0,147.7:0.0,148.7:0.0,149.7:0.0,150.8:0.0,151.8:0.0,152.8:0.0,153.9:0.0,154.9:0.0,155.9:0.0,157.0:0.0,158.0:0.0,159.0:0.0,152.9:0.0,153.9:1781.0,155.0:1773.2,156.0:1766.5,157.1:1769.7,158.1:1778.5,159.1:1788.7,160.2:1798.0,161.2:1806.0,162.3:1812.0,163.3:1822.0,164.3:1833.5,165.4:1845.2,166.4:1859.0,167.4:1874.0,168.5:1885.5,176.7:0.0,170.5:0.0,171.5:1969.5,179.8:0.0,180.9:0.0,174.6:1972.0,175.7:1963.7,176.7:1956.2,177.7:1949.5,178.8:1943.0,179.8:1942.5,180.9:1941.7,181.9:1935.0,183.0:1932.2,184.0:1933.5,185.0:1931.0,186.1:1927.5,187.1:1927.7,188.2:1925.2,189.2:1924.5,190.2:1930.5,191.2:1936.5,192.3:1940.2,193.3:1943.0,194.4:1945.5,195.4:1949.2,196.4:1957.0,204.7:0.0,205.7:0.0,206.8:0.0,207.8:0.0,208.9:0.0,209.9:0.0,211.0:0.0,212.0:0.0,213.0:0.0,214.1:0.0,215.1:0.0,216.2:0.0,210.1:0.0,211.2:1523.0,212.2:1529.7,213.2:1541.2,214.3:1551.2,222.4:0.0,223.4:0.0,217.4:0.0,218.4:1629.2,226.5:0.0,227.6:0.0,228.6:0.0,229.6:0.0,230.7:0.0,224.6:0.0,225.6:1750.2,226.6:1713.5,227.7:1679.0,228.7:1644.5,229.8:1616.5,230.8:1591.2,231.8:1569.2,232.9:1545.0,234.0:1517.5,235.0:1496.7,236.0:1478.5,237.1:1456.5,238.2:1447.5,239.2:1429.7,240.3:1402.2,241.3:1385.2,242.4:1369.2,243.5:1356.0,244.5:1344.5,245.5:1330.2,246.6:1317.2,247.6:1305.5,248.6:1295.0,249.7:1285.0,250.7:1275.0,251.8:1269.0,252.8:1263.2,253.9:1254.7,254.9:1244.2,256.0:1236.0,257.0:1232.0,258.4:0.0,259.4:936.2,260.5:928.0,261.5:924.2,269.0:0.0,263.6:0.0,264.7:888.2,265.8:887.5,266.7:883.7,267.8:881.7,268.8:880.2,269.8:878.0,270.9:877.0,272.0:878.5,273.0:878.0,274.0:875.7,275.0:875.0,276.0:876.5,277.0:878.5,278.1:879.0,279.1:880.0,280.1:880.7,281.2:883.0,282.1:885.5,283.1:886.7,284.2:889.5,285.2:892.2,286.2:896.0,287.2:900.0,288.2:905.2,289.3:910.7,290.3:914.2,291.3:919.2,292.4:924.0,293.5:929.0,300.9:0.0,301.9:0.0,296.4:0.0,297.5:990.7,298.5:996.0,306.1:0.0,307.1:0.0,308.2:0.0,309.2:0.0,310.2:0.0,311.3:0.0,312.3:0.0,313.3:0.0,314.4:0.0,315.4:0.0,316.5:0.0,317.5:0.0,318.5:0.0,319.5:0.0,320.6:0.0,321.6:0.0,322.7:0.0,323.7:0.0,324.7:0.0,325.7:0.0,326.8:0.0,327.8:0.0,328.8:0.0,329.9:0.0,330.9:0.0,332.0:0.0,333.0:0.0,334.0:0.0,330.0:0.0,331.3:482.5,332.2:476.7,333.3:472.2,334.2:467.5,335.3:463.2,336.5:460.5,337.3:457.7,338.5:453.7,339.7:448.7,340.5:446.0,341.7:444.0,342.9:441.2,343.9:438.2,344.9:434.2,346.0:432.0,347.2:430.7,348.1:427.2,349.0:424.2,350.1:423.2,351.3:421.0,352.5:418.2,353.2:417.7,
358.0:211.7,0.2:0.0,1.2:0.0,2.0:210.7,3.0:210.0,4.1:211.0,5.1:211.5,6.2:211.5,7.2:211.7,8.2:212.0,9.3:212.2,10.3:213.0,11.3:213.5,11.3:214.0,13.4:214.7,14.4:215.2,14.7:216.5,16.5:217.7,17.5:218.7,17.2:219.2,18.7:220.0,20.6:222.0,21.7:223.2,22.7:223.7,23.7:225.7,24.8:228.0,26.0:0.0,25.8:230.5,28.1:0.0,29.1:0.0,30.2:0.0,30.2:235.2,32.2:0.0,33.3:0.0,34.3:0.0,35.3:0.0,36.4:0.0,37.4:0.0,38.5:0.0,39.5:0.0,40.5:0.0,41.5:0.0,42.6:0.0,43.7:0.0,44.7:0.0,45.7:0.0,46.8:0.0,47.8:0.0,48.9:0.0,49.9:0.0,50.9:0.0,52.0:0.0,53.0:0.0,54.0:0.0,55.1:0.0,56.1:0.0,57.1:0.0,58.2:0.0,59.2:0.0,60.3:0.0,61.3:0.0,62.3:0.0,63.4:0.0,64.4:0.0,65.4:0.0,66.4:0.0,67.5:0.0,68.5:0.0,69.5:0.0,70.6:0.0,71.6:0.0,72.6:0.0,73.7:0.0,74.7:0.0,75.7:0.0,76.8:0.0,77.8:0.0,78.8:0.0,79.9:0.0,80.9:0.0,81.9:0.0,83.0:0.0,84.0:0.0,78.7:0.0,79.7:899.5,80.8:893.5,81.9:886.0,82.8:880.7,83.8:879.0,84.8:875.7,85.9:871.2,86.9:869.0,87.9:867.7,89.0:866.7,90.0:865.7,91.1:864.7,92.2:862.7,93.1:862.5,94.1:861.7,95.1:862.0,96.2:863.2,97.2:864.0,98.2:866.0,99.3:865.2,100.3:865.7,101.3:867.7,102.3:870.0,103.4:872.5,104.4:873.7,105.4:875.5,106.5:878.2,107.5:880.7,108.5:884.7,109.5:889.2,110.6:894.2,111.6:898.7,112.5:902.2,113.6:908.5,114.6:915.2,115.7:920.5,123.1:0.0,124.1:0.0,125.2:0.0,126.2:0.0,127.2:0.0,128.2:0.0,129.3:0.0,130.3:0.0,124.3:0.0,125.4:1536.0,133.4:0.0,134.4:0.0,135.5:0.0,136.5:0.0,137.5:0.0,138.7:0.0,139.7:0.0,140.7:0.0,141.8:0.0,142.8:0.0,143.8:0.0,144.9:0.0,145.9:0.0,146.9:0.0,148.0:0.0,149.0:0.0,150.0:0.0,151.1:0.0,152.1:0.0,153.1:0.0,154.2:0.0,155.2:0.0,156.2:0.0,157.3:0.0,158.3:0.0,159.3:0.0,160.4:0.0,161.4:0.0,155.2:0.0,156.2:1961.7,157.3:1953.0,158.3:1948.2,159.4:1958.5,160.3:1966.0,161.4:1976.0,162.4:1984.5,163.5:1995.7,164.5:2009.2,165.5:2022.0,166.5:2034.5,174.9:0.0,168.6:2057.5,169.6:2078.5,170.6:2091.5,171.7:2131.5,180.0:0.0,181.1:0.0,174.8:2160.0,175.8:2154.5,176.9:2146.5,177.9:2142.2,178.9:2139.2,179.9:2133.7,181.0:2127.7,182.0:2121.0,183.0:2119.2,184.1:2119.7,185.1:2118.7,186.2:2118.7,187.2:2122.7,188.2:2124.7,189.2:2120.0,190.3:2122.0,191.3:2124.0,192.4:2124.2,193.4:2134.0,194.4:2139.2,195.4:2142.2,203.8:0.0,204.8:0.0,205.9:0.0,199.8:0.0,200.8:0.0,201.8:1621.5,203.0:1625.2,204.0:1635.5,205.1:1648.7,206.1:1657.7,207.1:1666.7,208.1:1684.0,209.2:1700.2,210.2:1717.7,218.4:0.0,219.4:0.0,213.2:1754.7,221.5:0.0,222.5:0.0,223.6:0.0,224.6:0.0,225.7:0.0,226.7:0.0,220.5:0.0,221.6:0.0,222.6:1836.7,223.7:1802.2,224.7:1764.0,225.8:1724.2,226.8:1690.5,227.8:1657.7,228.9:1626.5,229.9:1600.5,231.0:1573.5,232.0:1560.0,233.0:1538.2,234.1:1506.0,235.1:1484.7,236.2:1463.0,237.2:1443.2,238.3:1420.7,239.4:1401.5,240.4:1385.7,241.5:1369.0,242.5:1356.2,243.5:1344.5,244.6:1330.7,245.6:1316.7,246.7:1304.2,248.0:0.0,249.1:970.2,250.1:965.7,251.2:952.5,252.2:932.0,253.3:918.0,254.4:911.2,255.4:907.0,256.5:904.5,257.5:898.2,258.5:892.7,259.5:889.7,260.6:885.0,261.7:881.0,262.6:876.7,263.8:874.0,264.8:871.5,265.7:868.2,266.8:865.7,267.9:865.0,268.9:862.7,269.9:859.7,270.9:860.0,272.0:860.7,273.1:861.2,274.1:860.5,275.1:860.5,276.0:861.0,277.1:861.7,278.1:863.7,279.1:865.5,280.1:867.0,281.1:867.7,282.2:871.0,283.2:873.7,290.6:0.0,285.2:0.0,286.2:912.2,287.2:915.2,288.2:919.5,295.7:0.0,296.7:0.0,297.7:0.0,298.8:0.0,299.8:0.0,300.8:0.0,301.9:0.0,302.9:0.0,303.9:0.0,305.0:0.0,306.1:0.0,307.1:0.0,308.1:0.0,309.2:0.0,310.2:0.0,311.2:0.0,312.2:0.0,313.3:0.0,314.3:0.0,315.3:0.0,316.4:0.0,317.4:0.0,318.4:0.0,319.5:0.0,320.5:0.0,321.5:0.0,322.6:0.0,323.6:0.0,324.6:0.0,325.7:0.0,326.7:0.0,327.7:0.0,328.7:0.0,329.8:0.0,330.9:0.0,331.9:0.0,332.9:0.0,334.0:0.0,335.0:0.0,336.0:0.0,337.0:0.0,338.1:0.0,337.2:0.0,339.9:237.7,341.2:0.0,340.4:234.2,343.0:231.0,344.1:229.2,345.1:227.2,346.1:225.5,346.2:224.2,348.2:222.5,348.1:222.0,350.2:220.5,351.3:218.7,352.3:218.7,352.7:217.2,354.4:215.7,354.5:214.7,355.4:214.0,357.5:213.2,
358.7:0.0,354.3:563.0,0.8:0.0,1.8:0.0,2.9:0.0,3.9:0.0,359.4:0.0,0.4:599.0,7.0:0.0,8.0:0.0,3.5:0.0,10.1:0.0,11.2:0.0,12.2:0.0,13.2:0.0,14.3:0.0,15.3:0.0,16.3:0.0,17.4:0.0,18.5:0.0,19.5:0.0,20.5:0.0,21.6:0.0,22.6:0.0,23.6:0.0,24.7:0.0,25.7:0.0,26.8:0.0,27.8:0.0,28.8:0.0,29.9:0.0,30.9:0.0,32.0:0.0,33.0:0.0,27.5:0.0,28.5:978.5,36.1:0.0,37.1:0.0,31.7:0.0,39.2:0.0,33.8:933.0,34.9:920.2,35.9:913.2,36.9:905.5,38.0:899.0,39.1:892.7,40.1:887.2,41.2:882.2,42.2:875.7,43.2:872.0,44.4:867.5,45.4:862.2,46.3:859.2,47.4:856.5,48.5:853.2,49.6:850.0,50.6:847.5,51.6:844.2,52.6:841.7,53.7:840.2,54.8:839.0,55.7:838.5,56.9:836.7,57.8:835.7,59.0:834.2,59.8:835.5,60.9:837.7,61.9:836.7,63.0:838.0,64.0:840.2,65.0:840.2,72.3:0.0,73.4:0.0,74.4:0.0,75.5:0.0,76.5:0.0,70.7:0.0,71.7:1305.7,79.6:0.0,80.6:0.0,81.7:0.0,82.7:0.0,76.9:1323.5,77.9:1342.5,78.8:1353.5,79.9:1365.5,80.9:1372.7,81.9:1378.5,83.0:1386.7,84.0:1396.2,92.0:0.0,93.0:0.0,94.0:0.0,95.1:0.0,96.1:0.0,90.1:0.0,91.1:1512.7,99.2:0.0,93.1:1532.7,101.3:0.0,102.3:0.0,103.3:0.0,97.2:0.0,105.4:0.0,106.5:0.0,107.5:0.0,108.5:0.0,109.5:0.0,110.6:0.0,111.6:0.0,112.6:0.0,113.7:0.0,114.7:0.0,115.7:0.0,116.8:0.0,117.8:0.0,118.8:0.0,119.9:0.0,113.5:0.0,121.9:0.0,123.0:0.0,116.9:0.0,117.9:1692.2,118.9:1684.2,119.9:1678.7,121.0:1684.0,122.0:1687.7,123.0:1690.7,124.0:1699.7,125.1:1710.5,126.2:1716.7,127.2:1726.7,128.2:1738.5,129.2:1746.2,130.2:1754.2,131.3:1768.5,132.3:1779.0,133.3:1786.0,134.4:1798.5,135.4:1834.0,143.6:0.0,144.7:0.0,145.7:0.0,139.5:1869.7,140.5:1873.5,141.6:1863.7,142.6:1854.5,143.6:1851.7,144.7:1847.7,145.7:1844.2,146.8:1843.7,147.8:1840.2,148.8:1834.2,149.8:1830.7,150.9:1832.7,151.9:1834.5,153.0:1834.2,154.0:1835.0,155.1:1837.0,156.1:1838.7,157.2:1845.0,158.2:1849.7,159.3:1848.0,160.3:1850.2,161.3:1859.2,162.3:1866.2,163.3:1875.0,171.6:0.0,172.7:0.0,173.7:0.0,174.7:0.0,175.8:0.0,176.8:0.0,171.0:0.0,172.0:1355.0,173.0:1360.2,174.0:1366.0,175.1:1374.5,176.1:1386.5,184.1:0.0,185.1:0.0,186.1:0.0,187.2:0.0,188.2:0.0,189.2:0.0,183.2:0.0,184.3:1531.2,192.3:0.0,193.4:0.0,194.4:0.0,195.5:0.0,196.5:0.0,197.5:0.0,198.6:0.0,192.5:0.0,193.5:1669.2,194.5:1637.5,195.6:1609.7,196.6:1586.5,197.7:1562.0,198.7:1536.7,199.8:1514.2,200.8:1491.0,201.9:1468.0,203.0:1451.7,204.1:1434.0,205.2:1414.0,206.2:1397.5,207.2:1399.0,208.3:0.0,209.4:1352.7,210.4:1341.5,211.4:1328.2,212.5:1316.0,213.6:1304.0,214.5:1292.5,215.7:1282.7,216.6:1275.5,217.7:1267.2,218.8:1260.5,219.8:1253.5,220.9:1246.2,221.9:1239.5,222.9:1233.5,224.0:1227.7,225.0:1222.0,226.1:1217.2,227.1:1212.0,228.1:1207.5,229.5:0.0,230.6:924.0,231.6:916.5,232.5:913.5,233.6:915.5,234.6:908.0,235.7:893.2,236.8:886.2,237.8:886.0,238.9:886.0,240.0:884.2,240.9:884.2,242.0:884.2,243.0:884.0,244.1:885.2,245.0:886.5,246.1:888.2,247.1:891.2,248.2:894.5,249.2:895.5,250.3:898.2,251.3:901.5,252.3:903.7,253.2:909.7,254.3:915.7,255.3:919.0,256.4:922.0,257.4:927.2,258.5:932.0,259.4:937.7,260.5:946.7,261.5:953.0,262.5:958.5,263.6:965.2,271.1:0.0,272.1:0.0,266.6:0.0,267.6:1033.7,275.2:0.0,276.3:0.0,277.3:0.0,278.3:0.0,279.4:0.0,280.4:0.0,281.4:0.0,282.4:0.0,283.4:0.0,284.4:0.0,285.5:0.0,286.5:0.0,287.5:0.0,288.5:0.0,289.6:0.0,290.6:0.0,291.6:0.0,292.7:0.0,293.7:0.0,294.7:0.0,295.7:0.0,296.8:0.0,297.8:0.0,298.8:0.0,299.9:0.0,300.9:0.0,296.4:0.0,297.4:592.7,304.0:0.0,305.0:0.0,306.1:0.0,307.1:0.0,308.2:0.0,303.9:0.0,304.8:555.0,306.1:552.7,307.1:548.0,308.0:544.7,309.2:541.5,310.0:538.2,311.1:536.2,312.3:533.5,313.4:530.2,314.3:527.7,315.4:524.5,316.3:521.5,317.6:519.7,318.6:518.5,319.6:517.2,320.6:515.2,321.7:512.5,322.8:511.5,323.8:510.0,324.6:507.0,325.7:507.0,326.7:509.2,327.8:509.5,329.0:509.7,330.0:509.7,331.1:509.5,332.1:510.5,332.9:511.5,333.9:512.2,335.0:513.2,336.0:515.0,337.1:516.5,338.1:518.7,339.2:519.5,340.1:521.0,341.2:524.0,342.4:526.2,343.3:528.0,344.2:529.5,345.2:532.5,346.4:535.2,347.4:539.0,348.4:543.5,349.4:546.5,350.4:550.0,351.5:553.5,357.8:0.0,
359.4:0.0,0.4:0.0,357.2:0.0,2.5:0.0,359.5:389.7,4.6:0.0,5.6:0.0,6.7:0.0,7.7:0.0,8.7:0.0,9.8:0.0,10.8:0.0,11.8:0.0,12.9:0.0,13.9:0.0,14.9:0.0,16.0:0.0,17.0:0.0,18.0:0.0,19.1:0.0,20.1:0.0,21.2:0.0,22.2:0.0,23.2:0.0,24.3:0.0,25.3:0.0,26.3:0.0,27.4:0.0,28.4:0.0,29.4:0.0,30.5:0.0,31.5:0.0,32.5:0.0,33.6:0.0,34.6:0.0,35.6:0.0,36.7:0.0,37.7:0.0,38.7:0.0,39.8:0.0,34.6:0.0,35.7:817.7,36.7:809.0,37.8:803.0,38.9:798.0,39.9:792.5,40.9:787.2,42.0:783.2,43.1:777.0,44.2:772.0,45.1:768.7,46.1:764.7,47.2:762.0,48.2:758.7,49.3:756.5,50.3:753.7,51.4:750.2,52.4:749.2,53.4:747.2,54.6:744.7,55.5:744.7,56.5:744.5,57.7:742.0,58.6:741.7,59.6:743.0,60.8:742.7,61.8:742.0,62.7:742.0,63.8:742.5,64.8:743.0,65.9:744.0,66.9:745.0,68.0:748.0,68.9:749.7,69.9:750.7,71.0:754.0,72.1:757.7,73.1:760.5,74.1:763.2,75.1:767.0,76.1:770.7,77.1:775.0,78.2:779.0,85.3:0.0,86.4:0.0,87.4:0.0,88.4:0.0,89.5:0.0,90.4:0.0,91.5:0.0,92.5:0.0,93.5:0.0,94.6:0.0,95.6:0.0,96.6:0.0,97.7:0.0,98.7:0.0,99.7:0.0,100.7:0.0,101.8:0.0,102.8:0.0,103.8:0.0,104.9:0.0,105.9:0.0,106.9:0.0,108.0:0.0,109.0:0.0,110.0:0.0,111.1:0.0,112.1:0.0,113.1:0.0,114.2:0.0,115.2:0.0,116.2:0.0,117.3:0.0,118.3:0.0,119.3:0.0,120.4:0.0,121.4:0.0,122.4:0.0,123.5:0.0,124.5:0.0,118.1:0.0,126.5:0.0,127.6:0.0,128.6:0.0,122.5:0.0,123.5:1796.5,124.5:1788.5,125.6:1788.0,126.5:1796.2,127.6:1805.2,128.6:1814.2,129.6:1822.2,130.7:1834.5,131.8:1845.2,132.8:1858.7,133.8:1874.7,134.9:1887.7,143.1:0.0,144.2:0.0,145.2:0.0,146.2:0.0,140.0:0.0,141.0:2032.7,141.6:0.0,143.1:0.0,144.1:2028.2,145.1:2027.2,146.2:2022.7,147.2:2017.5,148.3:2012.5,149.3:2009.5,150.3:2011.5,151.4:2013.0,152.4:2012.5,153.5:2013.0,154.5:2012.5,155.6:2013.0,156.6:2014.5,157.7:2018.2,158.7:2023.0,159.7:2028.0,160.8:2032.7,161.8:2038.0,162.9:2044.5,163.9:2050.0,164.9:2058.0,173.3:0.0,174.3:0.0,175.3:0.0,176.4:0.0,177.4:0.0,178.5:0.0,172.5:0.0,173.5:1560.0,174.5:1563.7,175.5:1569.5,183.6:0.0,184.7:0.0,178.6:1598.7,179.6:1631.5,180.6:1649.5,181.7:1667.7,189.8:0.0,190.9:0.0,191.9:0.0,192.9:0.0,194.0:0.0,195.0:0.0,196.0:0.0,197.1:0.0,190.9:0.0,191.9:1874.2,193.0:1839.5,194.1:1810.0,195.1:1775.0,196.1:1740.5,197.2:1710.2,198.2:1683.0,199.3:1659.0,200.3:1633.5,201.4:1612.7,202.4:1593.2,203.5:1578.7,204.6:1563.5,205.7:1539.0,206.7:1520.5,207.7:1503.2,208.8:1483.2,209.8:1467.5,210.9:1454.5,212.0:1441.2,213.0:1427.2,214.0:1416.0,215.1:1405.7,216.2:1391.7,217.2:1379.7,218.2:1372.7,219.2:1364.5,220.4:1357.5,228.3:0.0,222.7:0.0,223.7:1041.2,224.8:1038.7,225.9:0.0,227.0:1004.5,227.9:1001.0,229.0:997.0,230.1:993.5,231.1:990.7,232.1:990.5,233.2:988.5,234.2:983.7,235.3:980.5,236.2:979.0,237.3:978.0,238.3:978.7,239.4:978.2,240.4:978.5,241.4:979.5,242.5:981.0,243.5:982.2,244.6:984.0,245.6:986.0,246.6:987.5,247.7:990.2,248.7:993.0,249.7:995.7,250.7:998.5,251.7:1003.2,252.7:1006.5,253.8:1009.5,254.8:1017.0,255.8:0.0,256.8:1059.2,264.5:0.0,258.9:1068.7,266.6:0.0,267.6:0.0,268.7:0.0,269.7:0.0,270.7:0.0,271.8:0.0,272.8:0.0,273.8:0.0,274.9:0.0,275.9:0.0,277.0:0.0,278.0:0.0,279.0:0.0,280.1:0.0,281.1:0.0,282.0:0.0,283.0:0.0,284.1:0.0,285.1:0.0,286.1:0.0,287.2:0.0,288.2:0.0,289.2:0.0,290.2:0.0,291.3:0.0,292.3:0.0,293.3:0.0,294.4:0.0,295.4:0.0,296.4:0.0,297.5:0.0,298.5:0.0,299.5:0.0,300.5:0.0,301.6:0.0,302.6:0.0,303.6:0.0,304.7:0.0,305.7:0.0,302.7:0.0,307.9:0.0,308.9:0.0,309.9:0.0,306.9:0.0,312.0:0.0,309.3:356.7,310.1:353.5,311.2:352.0,312.4:350.5,313.2:348.5,314.5:347.7,315.7:347.0,316.9:344.5,317.6:343.2,318.7:342.2,319.5:341.2,321.0:340.0,322.1:339.2,323.2:338.5,323.7:338.0,325.0:337.7,325.8:337.7,327.2:337.5,328.3:337.0,329.0:337.2,330.3:337.2,330.9:337.2,332.2:337.5,333.6:337.7,334.3:338.0,335.3:338.2,336.1:339.5,337.2:341.0,338.2:341.5,339.4:343.0,340.7:345.0,341.5:345.7,342.8:346.5,343.7:348.2,344.8:350.0,345.3:351.7,346.4:354.2,347.5:356.2,348.6:358.0,349.3:359.7,350.3:363.0,355.5:0.0,352.7:367.0,353.6:371.0,
359.2:0.0,0.2:0.0,1.3:0.0,355.4:0.0,356.5:1360.5,357.4:1350.5,358.5:1339.5,359.6:1340.2,0.6:1343.7,1.6:1350.2,2.6:1355.0,3.7:1358.5,4.7:1363.2,5.8:1369.0,6.8:1374.2,7.8:1379.5,8.8:1386.2,9.8:1395.5,10.9:1402.0,11.9:1411.2,19.9:0.0,21.0:0.0,22.0:0.0,23.0:0.0,24.1:0.0,25.1:0.0,19.1:0.0,20.1:1521.7,21.2:1532.2,22.2:1545.2,23.2:1557.5,31.3:0.0,32.4:0.0,26.3:0.0,34.4:0.0,35.5:0.0,36.5:0.0,37.5:0.0,38.6:0.0,39.6:0.0,40.6:0.0,41.7:0.0,42.7:0.0,43.8:0.0,44.8:0.0,45.8:0.0,46.9:0.0,47.9:0.0,48.9:0.0,50.0:0.0,51.0:0.0,52.0:0.0,45.9:1636.2,47.0:1646.0,48.0:1638.5,49.1:1632.0,50.1:1633.7,51.1:1636.0,52.1:1639.0,53.2:1643.0,54.2:1650.5,55.3:1659.2,56.3:1666.5,57.4:1673.2,58.3:1679.0,59.4:1689.5,60.4:1700.2,61.4:1708.7,62.5:1721.2,63.5:1735.2,64.5:1746.7,65.5:1780.2,66.6:1808.5,74.8:0.0,75.8:0.0,69.6:1804.0,70.7:1793.0,71.7:1783.0,72.8:1775.0,73.8:1769.2,74.8:1767.0,75.8:1762.5,76.9:1754.5,77.9:1748.2,79.0:1745.2,80.0:1746.0,81.0:1748.0,82.0:1746.7,83.0:1746.0,84.1:1744.7,85.2:1745.0,86.2:1748.0,87.2:1746.2,88.2:1745.0,89.3:1747.0,90.3:1750.5,91.3:1756.5,92.4:1763.0,93.4:1769.2,94.4:1774.7,102.6:0.0,103.7:0.0,104.7:0.0,105.7:0.0,106.8:0.0,107.8:0.0,102.0:0.0,103.0:1261.7,104.0:1262.7,105.0:1267.0,113.0:0.0,114.0:0.0,115.0:0.0,116.1:0.0,117.1:0.0,118.1:0.0,119.2:0.0,120.2:0.0,121.2:0.0,122.3:0.0,123.3:0.0,124.3:0.0,125.4:0.0,126.4:0.0,127.4:0.0,128.5:0.0,129.5:0.0,130.5:0.0,124.4:0.0,125.5:1600.5,126.6:1574.2,127.6:1549.7,128.7:1521.0,129.7:1494.7,130.7:1471.0,131.8:1447.2,132.8:1424.5,133.9:1402.5,135.0:1384.0,136.0:1366.5,137.0:1353.0,138.1:1336.2,139.1:1319.5,140.2:1310.7,141.2:1312.7,142.2:0.0,143.3:1270.7,144.3:1261.7,145.4:1253.0,146.4:1242.5,147.4:1232.5,148.5:1223.5,149.5:1214.2,150.6:1206.5,151.6:1199.0,152.7:1190.0,153.7:1183.0,154.7:1177.2,155.9:1171.7,156.9:1169.2,158.0:1166.0,159.0:1160.5,160.1:1155.7,161.1:1153.0,162.2:1150.7,163.2:1148.5,164.3:1146.0,165.3:1146.7,166.7:0.0,167.8:858.7,168.8:858.7,170.0:859.0,170.9:862.0,172.1:854.5,173.0:841.0,174.1:835.7,175.1:835.2,176.2:834.7,177.1:837.2,178.3:841.0,179.3:842.7,180.3:844.2,181.2:847.0,182.4:850.2,183.3:852.0,184.3:855.5,185.5:859.2,186.4:864.2,187.5:870.2,188.5:873.7,189.6:877.5,190.5:881.0,191.6:887.2,192.6:892.7,193.6:897.7,194.7:905.2,195.7:913.5,196.7:920.0,204.2:0.0,205.2:0.0,199.7:935.7,200.8:954.0,208.3:0.0,209.3:0.0,203.9:0.0,204.9:1035.0,212.5:0.0,213.6:0.0,214.6:0.0,215.6:0.0,216.7:0.0,217.7:0.0,218.7:0.0,219.8:0.0,220.8:0.0,221.9:0.0,222.9:0.0,223.9:0.0,225.0:0.0,226.0:0.0,227.1:0.0,228.1:0.0,229.1:0.0,230.2:0.0,231.2:0.0,232.2:0.0,233.3:0.0,234.3:0.0,235.3:0.0,236.3:0.0,237.4:0.0,238.4:0.0,239.4:0.0,234.7:0.0,235.9:645.0,236.9:638.7,237.8:635.7,238.9:633.5,240.0:628.5,241.1:622.7,242.1:618.7,243.0:614.2,244.2:612.7,245.3:611.5,246.2:608.5,247.2:606.5,248.4:605.5,249.5:603.0,250.5:599.5,251.5:598.0,252.4:597.2,253.5:595.5,254.6:594.5,255.7:593.5,256.7:591.7,257.9:590.5,258.7:589.5,259.7:589.2,261.0:587.7,262.0:588.2,263.0:588.7,264.1:587.7,265.0:589.2,266.1:589.7,267.1:591.7,268.1:594.0,269.2:594.7,270.3:597.0,271.2:600.2,272.3:602.7,273.1:603.0,274.2:604.7,275.4:609.2,276.4:613.0,277.2:616.5,278.3:620.7,279.2:622.7,280.4:626.0,281.2:631.7,282.3:635.7,283.2:640.0,284.2:644.5,285.3:650.5,286.3:655.0,287.4:659.7,288.4:664.5,295.2:0.0,296.2:0.0,297.3:0.0,298.3:0.0,299.3:0.0,300.4:0.0,301.4:0.0,302.4:0.0,303.5:0.0,304.5:0.0,305.5:0.0,306.6:0.0,307.7:0.0,308.7:0.0,309.7:0.0,310.8:0.0,311.8:0.0,312.8:0.0,313.9:0.0,314.9:0.0,315.9:0.0,317.0:0.0,318.0:0.0,319.0:0.0,320.1:0.0,321.1:0.0,322.1:0.0,323.2:0.0,324.2:0.0,325.2:0.0,319.6:0.0,320.7:1030.2,321.7:1021.5,322.8:1012.7,324.0:1001.0,325.0:989.0,326.0:979.5,327.0:972.2,328.1:963.7,329.1:955.2,330.1:950.0,331.3:942.7,332.3:934.0,333.3:930.0,334.4:926.2,335.5:919.7,336.4:916.5,337.5:912.5,338.5:908.2,339.5:906.0,340.6:903.2,341.7:899.7,342.7:896.0,343.8:893.2,344.8:890.2,345.8:887.7,346.8:887.0,347.9:887.7,349.0:886.7,350.0:885.5,351.1:886.7,352.1:891.0,
359.1:0.0,0.1:0.0,354.4:0.0,355.4:1169.0,356.5:1158.7,357.5:1149.0,358.6:1151.7,359.6:1154.0,0.7:1154.7,1.7:1158.2,2.7:1161.7,3.7:1163.5,4.7:1169.2,5.8:1175.0,6.8:1180.0,7.8:1188.7,8.8:1196.5,9.9:1201.0,11.0:1206.0,18.8:0.0,19.8:0.0,20.8:0.0,21.9:0.0,22.9:0.0,23.9:0.0,18.1:0.0,26.0:0.0,27.0:0.0,28.1:0.0,29.1:0.0,30.1:0.0,31.2:0.0,25.3:0.0,33.2:0.0,34.3:0.0,35.3:0.0,36.4:0.0,37.4:0.0,38.4:0.0,39.5:0.0,40.5:0.0,41.5:0.0,42.6:0.0,43.7:0.0,44.7:0.0,45.7:0.0,46.8:0.0,47.8:0.0,48.8:0.0,49.9:0.0,50.9:0.0,52.0:0.0,53.0:0.0,54.0:0.0,55.1:0.0,56.1:0.0,57.1:0.0,51.1:0.0,52.2:1523.5,60.2:0.0,54.3:1520.2,55.3:1517.0,56.3:1522.0,57.4:1528.2,58.4:1537.0,59.3:1544.5,60.4:1552.5,61.4:1559.2,62.4:1566.0,63.4:1577.5,64.5:1589.2,65.5:1600.2,66.6:1611.2,67.6:1623.2,68.6:1634.2,69.6:1649.0,77.8:0.0,71.7:0.0,79.9:0.0,80.9:0.0,74.8:1734.2,75.8:1731.5,76.8:1733.7,77.9:1732.7,78.9:1730.2,80.0:1729.7,81.0:1731.0,82.0:1724.7,83.0:1719.7,84.0:1720.0,85.0:1719.2,86.1:1722.7,87.1:1728.0,88.2:1728.7,89.1:1729.5,90.1:1734.5,91.2:1737.5,92.2:1740.0,93.3:1747.7,94.3:1755.7,95.3:1761.7,96.3:1767.2,97.4:1772.0,98.4:1779.2,99.5:1789.7,100.5:1802.2,108.7:0.0,109.7:0.0,110.7:0.0,111.8:0.0,112.8:0.0,113.8:0.0,114.9:0.0,115.9:0.0,117.0:0.0,118.0:0.0,119.0:0.0,120.0:0.0,121.1:0.0,122.1:0.0,123.2:0.0,124.2:0.0,125.2:0.0,126.2:0.0,127.3:0.0,128.3:0.0,129.3:0.0,130.4:0.0,131.4:0.0,132.4:0.0,126.3:0.0,134.5:0.0,135.5:0.0,129.4:0.0,130.4:1728.5,131.5:1702.0,132.6:1677.2,133.6:1651.7,134.6:1630.2,135.7:1611.5,136.8:1592.5,137.8:1572.7,138.8:1553.0,139.9:1534.5,140.9:1520.2,142.0:1504.5,143.0:1486.5,144.0:1474.2,145.1:1469.2,146.1:1474.5,147.2:1458.2,148.2:1431.0,149.2:1421.5,150.3:1411.7,151.4:1399.0,152.4:1386.5,153.4:1379.0,154.5:1374.2,155.6:1368.5,156.6:1364.5,157.6:1362.5,158.7:1355.7,159.7:1350.2,160.8:1344.7,161.8:1338.2,162.8:1334.2,163.9:1331.7,165.0:1330.5,166.0:1327.7,167.0:1330.0,168.0:1348.7,169.4:0.0,170.4:1048.2,171.5:1046.5,179.1:0.0,173.5:1036.0,174.5:1025.5,175.6:1025.7,176.6:1027.7,177.7:1029.5,178.7:1031.0,179.7:1035.0,180.8:1037.7,181.7:1038.7,182.7:1041.7,183.8:1045.2,184.8:1051.0,185.8:1056.0,186.9:1060.2,187.9:1066.5,188.9:1072.7,189.9:1078.0,191.0:1082.0,192.0:1088.2,193.0:1096.7,194.1:1105.0,201.8:0.0,202.8:0.0,203.9:0.0,204.9:0.0,199.2:0.0,207.0:0.0,208.0:0.0,209.0:0.0,210.2:0.0,211.2:0.0,212.3:0.0,213.3:0.0,214.3:0.0,215.4:0.0,216.4:0.0,217.5:0.0,218.5:0.0,219.5:0.0,220.6:0.0,221.6:0.0,222.6:0.0,223.7:0.0,224.7:0.0,225.7:0.0,226.8:0.0,227.8:0.0,228.9:0.0,229.9:0.0,231.0:0.0,232.0:0.0,227.0:0.0,234.0:0.0,229.1:727.5,230.2:714.7,231.1:709.0,232.3:703.5,233.3:694.7,234.3:688.0,235.4:685.2,236.5:680.5,237.5:671.7,238.6:667.2,239.7:663.5,240.6:658.2,241.6:655.2,242.7:649.7,243.7:644.7,244.9:642.2,245.8:639.7,246.9:636.7,247.9:635.2,248.9:633.0,249.9:631.5,251.0:629.5,252.1:627.0,253.2:625.5,254.0:624.7,255.2:624.0,256.2:624.0,257.2:623.0,258.3:621.5,259.3:621.5,260.5:621.0,261.4:621.2,262.5:621.5,263.4:622.5,264.4:623.7,265.5:624.0,266.5:625.0,267.6:626.2,268.7:627.5,269.7:628.0,270.8:630.7,271.8:633.2,272.7:634.0,273.7:635.7,274.8:639.5,275.7:644.2,276.7:647.5,277.6:649.7,278.7:653.5,279.7:656.7,280.7:660.7,281.7:665.7,282.9:669.7,283.9:674.2,284.8:678.7,285.8:684.0,292.7:0.0,287.9:694.0,289.0:703.0,289.8:706.7,296.9:0.0,297.9:0.0,298.9:0.0,300.0:0.0,301.0:0.0,302.0:0.0,303.0:0.0,304.1:0.0,305.1:0.0,306.2:0.0,307.2:0.0,308.3:0.0,309.3:0.0,310.3:0.0,311.4:0.0,312.4:0.0,313.4:0.0,314.5:0.0,315.5:0.0,316.5:0.0,317.6:0.0,318.6:0.0,319.6:0.0,320.7:0.0,315.4:0.0,322.7:0.0,323.7:0.0,318.6:0.0,319.5:817.5,320.6:809.0,327.9:0.0,322.8:794.5,323.9:781.7,324.9:776.0,326.0:770.5,327.0:764.2,328.1:758.5,329.1:754.5,330.1:748.5,331.1:741.7,332.3:737.0,333.3:732.7,334.3:727.2,335.3:723.2,336.5:720.0,337.5:717.0,338.5:713.7,339.6:709.0,340.5:706.0,341.7:703.5,342.7:702.2,343.8:702.5,344.8:700.5,345.8:699.0,346.9:701.0,347.8:700.5,348.8:699.2,350.0:699.7,351.0:701.5,357.9:0.0,
353.1:881.5,354.0:882.7,1.4:0.0,356.2:872.7,357.1:860.7,358.3:859.7,359.2:860.5,0.3:863.2,1.4:866.7,2.4:870.5,3.4:873.0,4.4:876.7,5.5:881.2,6.5:884.5,7.6:887.7,8.5:892.2,9.6:898.0,10.6:904.5,11.6:910.0,12.6:916.2,13.6:921.0,14.7:924.0,22.1:0.0,23.2:0.0,17.8:938.0,18.7:956.2,19.8:966.2,27.3:0.0,28.3:0.0,29.4:0.0,23.8:0.0,24.8:1022.0,25.9:1032.7,33.5:0.0,34.6:0.0,35.6:0.0,36.6:0.0,37.7:0.0,38.7:0.0,39.7:0.0,40.8:0.0,41.8:0.0,42.9:0.0,43.9:0.0,44.9:0.0,46.0:0.0,47.0:0.0,48.0:0.0,49.1:0.0,50.1:0.0,51.1:0.0,52.2:0.0,53.2:0.0,54.2:0.0,55.3:0.0,56.3:0.0,57.4:0.0,58.4:0.0,59.4:0.0,60.5:0.0,61.5:0.0,62.5:0.0,63.6:0.0,64.6:0.0,65.6:0.0,66.7:0.0,60.8:0.0,61.8:1360.5,69.8:0.0,63.8:1362.2,64.9:1364.2,65.9:1372.2,66.9:1380.0,68.0:1389.0,76.0:0.0,77.0:0.0,78.0:0.0,79.1:0.0,80.1:0.0,81.1:0.0,75.1:0.0,76.2:1522.5,84.2:0.0,85.3:0.0,86.3:0.0,87.4:0.0,88.4:0.0,89.4:0.0,90.4:0.0,84.3:0.0,85.3:1699.0,86.3:1700.2,87.4:1700.0,88.4:1701.5,89.5:1703.0,90.5:1707.7,91.5:1713.7,92.5:1717.0,93.6:1721.0,94.6:1726.0,95.7:1731.2,96.7:1739.7,97.7:1749.2,98.7:1757.2,99.8:1764.7,100.8:1772.0,101.8:1782.0,102.8:1796.2,103.9:1810.7,104.9:1825.0,105.9:1839.5,107.0:1852.7,108.0:1868.2,109.0:1886.2,117.3:0.0,118.3:0.0,119.3:0.0,120.4:0.0,121.4:0.0,122.4:0.0,123.5:0.0,124.5:0.0,125.5:0.0,126.6:0.0,120.6:0.0,128.6:0.0,129.7:0.0,130.7:0.0,131.7:0.0,132.7:0.0,133.8:0.0,134.8:0.0,135.9:0.0,136.9:0.0,137.9:0.0,139.0:0.0,140.0:0.0,141.0:0.0,142.1:0.0,135.9:0.0,136.9:1933.2,137.9:1908.2,139.0:1884.7,140.0:1864.0,141.0:1845.0,142.1:1822.5,143.2:1806.5,144.2:1793.5,145.2:1777.2,146.2:1762.2,147.3:1749.0,148.4:1733.5,149.4:1719.5,150.4:1719.5,151.5:1712.0,152.5:1693.0,153.6:1683.7,154.6:1677.7,155.7:1669.7,156.8:1663.7,157.8:1657.5,158.9:1649.7,160.0:1647.0,161.0:1644.5,162.0:1641.5,163.1:1639.2,164.1:1636.0,165.1:1634.0,166.1:1629.5,167.2:1624.0,168.3:1625.0,169.3:1629.2,170.5:0.0,171.5:1338.2,172.6:1335.2,180.5:0.0,174.7:1323.0,175.7:1311.5,176.8:1314.2,177.8:1316.2,178.8:1318.0,179.8:1324.7,180.9:1331.0,181.9:1335.0,182.9:1339.0,183.9:1342.0,185.0:1345.0,186.0:1351.5,187.0:1361.2,188.1:1367.7,189.1:1374.7,190.1:1383.5,191.2:1390.0,192.2:1397.7,200.2:0.0,201.2:0.0,195.2:0.0,203.3:0.0,204.3:0.0,205.4:0.0,206.4:0.0,207.5:0.0,208.5:0.0,209.5:0.0,210.6:0.0,211.7:0.0,212.7:0.0,213.7:0.0,214.8:0.0,215.8:0.0,216.8:0.0,217.9:0.0,218.9:0.0,220.0:0.0,221.0:0.0,222.0:0.0,223.1:0.0,224.1:0.0,225.2:0.0,226.2:0.0,227.2:0.0,228.3:0.0,229.3:0.0,224.2:0.0,225.3:807.2,232.4:0.0,233.5:0.0,228.2:792.2,229.4:775.7,236.5:0.0,231.4:763.0,232.5:752.5,233.5:744.7,234.6:739.2,235.7:735.0,236.7:728.2,237.7:720.5,238.9:716.7,239.9:710.7,240.9:703.2,242.0:700.2,243.0:697.2,244.1:694.0,245.0:691.2,246.1:687.7,247.3:684.5,248.3:682.0,249.2:680.0,250.4:677.5,251.4:675.0,252.4:674.0,253.4:673.0,254.4:671.7,255.6:670.5,256.6:669.7,257.6:668.7,258.7:668.5,259.7:668.7,260.6:668.2,261.7:668.7,262.8:668.5,263.8:668.0,264.7:670.0,265.9:671.7,266.9:673.2,268.0:674.0,268.9:674.7,269.9:677.2,271.0:680.5,272.0:682.5,273.0:685.7,274.0:688.0,275.1:689.2,276.1:693.2,277.1:698.0,278.1:702.5,279.1:706.0,280.1:710.5,281.2:716.7,282.1:721.0,283.1:726.0,284.1:732.2,285.3:738.0,292.3:0.0,287.2:0.0,288.2:792.5,289.2:798.5,290.2:805.0,297.5:0.0,292.3:0.0,299.5:0.0,300.6:0.0,301.6:0.0,302.6:0.0,303.7:0.0,304.7:0.0,305.7:0.0,306.8:0.0,307.8:0.0,308.9:0.0,309.9:0.0,310.9:0.0,312.0:0.0,313.0:0.0,314.0:0.0,315.1:0.0,316.1:0.0,317.1:0.0,318.2:0.0,314.0:0.0,320.2:0.0,316.2:0.0,317.5:484.0,318.4:478.7,324.4:0.0,320.5:472.2,321.5:464.7,322.5:459.2,323.9:453.0,324.9:449.0,325.9:446.0,327.1:441.0,328.0:437.5,329.2:434.7,330.3:432.0,331.3:428.7,332.4:424.5,333.4:421.7,334.3:420.5,335.4:418.5,336.4:416.2,337.7:414.2,338.6:410.5,339.7:410.5,340.9:412.5,341.7:411.7,342.7:413.0,343.8:414.7,349.3:0.0,350.3:0.0,351.4:0.0,352.4:0.0,353.4:0.0,354.5:0.0,355.5:0.0,356.6:0.0,351.3:0.0,
359.0:0.0,354.1:683.0,355.1:672.0,356.3:667.0,357.3:666.2,358.2:668.7,359.2:672.0,0.4:672.2,1.5:672.2,2.5:674.7,3.5:678.7,4.5:681.5,5.5:684.5,6.5:688.0,7.6:690.5,8.6:694.0,9.7:697.7,10.6:701.7,11.7:707.0,12.6:711.0,13.7:715.7,14.7:722.5,15.8:728.7,16.7:734.0,23.8:0.0,24.8:0.0,25.9:0.0,20.8:0.0,21.8:768.7,22.8:777.2,30.0:0.0,31.1:0.0,32.1:0.0,33.1:0.0,34.2:0.0,35.2:0.0,36.2:0.0,37.3:0.0,38.3:0.0,39.3:0.0,40.4:0.0,41.4:0.0,42.5:0.0,43.5:0.0,44.5:0.0,45.6:0.0,46.6:0.0,47.7:0.0,48.7:0.0,49.7:0.0,50.8:0.0,51.8:0.0,52.8:0.0,53.9:0.0,54.9:0.0,55.9:0.0,57.0:0.0,58.0:0.0,59.0:0.0,60.1:0.0,61.1:0.0,62.2:0.0,63.2:0.0,64.2:0.0,65.3:0.0,66.3:0.0,67.3:0.0,68.4:0.0,69.4:0.0,70.4:0.0,71.5:0.0,72.5:0.0,73.5:0.0,67.7:0.0,68.7:1274.0,76.6:0.0,70.8:1277.2,71.8:1281.2,79.7:0.0,80.8:0.0,81.8:0.0,82.8:0.0,83.9:0.0,84.9:0.0,86.0:0.0,87.0:0.0,88.0:0.0,89.1:0.0,90.0:0.0,91.0:0.0,92.1:0.0,93.1:0.0,94.1:0.0,95.2:0.0,88.9:0.0,90.0:0.0,91.1:0.0,92.2:1688.2,93.2:1693.7,94.2:1703.2,95.2:1708.7,96.3:1715.5,97.3:1724.0,98.3:1734.5,99.3:1744.2,100.4:1748.7,101.4:1758.7,102.4:1768.7,103.5:1777.7,104.5:1792.7,105.5:1808.5,106.5:1824.0,107.6:1842.0,108.6:1857.2,109.6:1870.5,110.7:1888.5,111.7:1907.7,112.7:1924.5,113.7:1944.2,122.0:0.0,123.1:0.0,124.1:0.0,125.1:0.0,126.2:0.0,127.2:0.0,128.2:0.0,129.2:0.0,130.3:0.0,131.3:0.0,125.3:0.0,126.3:1567.2,134.4:0.0,135.5:0.0,136.5:0.0,137.5:0.0,138.6:0.0,139.6:0.0,140.7:0.0,141.7:0.0,142.7:0.0,143.8:0.0,144.8:0.0,145.8:0.0,139.6:0.0,140.6:2075.2,141.7:2052.0,142.7:2029.5,143.8:2011.7,144.8:1997.0,145.8:1983.2,146.9:1966.0,147.9:1952.2,149.0:1939.0,150.0:1926.0,151.0:1913.7,152.1:1902.2,153.1:1899.7,154.1:1890.2,155.2:1875.5,156.3:1867.0,157.3:1860.0,158.4:1855.2,159.4:1846.7,160.4:1841.5,161.5:1837.0,162.5:1827.5,163.6:1821.7,164.6:1821.5,165.6:1822.7,166.6:1819.7,167.7:1816.2,168.7:1814.2,169.8:1814.0,178.0:0.0,172.0:0.0,173.1:1527.7,174.1:1531.2,175.1:1526.2,176.1:1516.5,177.2:1515.5,178.2:1521.0,179.2:1523.2,180.3:1524.2,181.3:1528.7,182.3:1531.0,183.3:1537.0,184.3:1548.7,185.4:1559.5,186.4:1565.5,187.5:1571.2,188.5:1577.5,189.5:1585.5,190.5:1594.0,191.6:1602.7,192.6:1614.5,193.6:1646.0,194.6:1677.0,202.8:0.0,203.8:0.0,204.9:0.0,205.9:0.0,206.9:0.0,208.0:0.0,209.0:0.0,210.1:0.0,211.2:0.0,212.2:0.0,213.2:0.0,214.3:0.0,215.3:0.0,216.3:0.0,217.4:0.0,218.4:0.0,219.5:0.0,220.5:0.0,221.5:0.0,222.6:0.0,223.6:0.0,224.7:0.0,219.3:0.0,226.7:0.0,227.8:0.0,228.8:0.0,229.8:0.0,230.9:0.0,231.9:0.0,233.0:0.0,227.7:0.0,228.7:818.2,229.9:807.0,237.0:0.0,232.0:794.5,233.0:784.0,233.9:776.7,235.0:769.5,236.2:763.5,237.1:758.0,238.2:751.2,239.3:747.0,240.3:742.5,241.3:737.7,242.4:734.5,243.4:729.7,244.4:725.0,245.5:721.7,246.5:720.7,247.5:718.7,248.6:715.2,249.8:712.5,250.7:708.2,251.7:706.7,252.9:706.5,253.9:706.0,254.8:705.5,255.9:703.5,256.8:702.2,257.9:701.0,259.0:701.0,260.0:702.7,261.0:702.2,262.1:703.2,263.1:704.0,264.2:704.5,265.1:705.7,266.2:707.0,267.3:708.5,268.2:710.5,269.3:711.0,270.3:712.5,271.3:717.5,278.3:0.0,273.4:0.0,274.4:757.5,275.4:760.0,276.4:761.2,277.3:770.5,284.5:0.0,285.5:0.0,286.5:0.0,287.6:0.0,288.6:0.0,289.6:0.0,290.7:0.0,291.7:0.0,292.7:0.0,293.7:0.0,294.8:0.0,295.8:0.0,296.8:0.0,297.9:0.0,298.9:0.0,299.9:0.0,301.0:0.0,302.0:0.0,303.0:0.0,304.1:0.0,305.1:0.0,306.2:0.0,307.2:0.0,308.2:0.0,309.3:0.0,310.3:0.0,311.3:0.0,312.4:0.0,313.4:0.0,314.4:0.0,315.5:0.0,316.5:0.0,317.5:0.0,318.6:0.0,319.6:0.0,320.6:0.0,321.7:0.0,321.1:0.0,321.9:239.7,323.4:238.7,325.3:237.0,324.8:235.7,327.6:234.0,328.7:232.5,329.5:231.5,329.2:231.2,331.8:231.2,332.9:231.5,332.1:232.2,334.6:233.2,334.4:235.7,337.2:0.0,338.3:0.0,339.3:0.0,340.3:0.0,341.4:0.0,342.4:0.0,343.5:0.0,344.5:0.0,345.5:0.0,346.6:0.0,347.6:0.0,348.6:0.0,349.7:0.0,350.7:0.0,351.7:0.0,352.8:0.0,353.8:0.0,349.0:0.0,349.9:689.2,351.0:690.5,352.0:692.2,
352.0:1405.7,353.1:1406.0,1.0:0.0,2.1:0.0,3.1:0.0,4.2:0.0,5.2:0.0,6.2:0.0,0.2:0.0,1.2:1508.5,9.3:0.0,10.4:0.0,4.3:1535.0,12.5:0.0,13.5:0.0,14.5:0.0,15.6:0.0,16.6:0.0,17.7:0.0,18.7:0.0,12.6:0.0,13.6:1705.7,14.6:1705.5,15.7:1706.5,16.7:1706.7,17.7:1708.2,18.8:1710.5,19.8:1714.7,20.9:1715.2,21.9:1718.0,22.9:1724.5,24.0:1727.7,25.0:1732.5,26.0:1737.0,27.0:1746.7,28.1:1758.2,29.1:1762.7,30.1:1766.5,31.2:1774.2,32.2:1784.2,33.2:1796.7,34.3:1811.7,35.3:1824.0,36.3:1837.5,37.4:1855.0,45.6:0.0,46.7:0.0,47.7:0.0,48.7:0.0,49.8:0.0,50.8:0.0,51.9:0.0,52.9:0.0,46.9:0.0,55.0:0.0,49.1:1413.5,57.0:0.0,58.1:0.0,59.1:0.0,60.1:0.0,61.2:0.0,62.2:0.0,63.2:0.0,64.3:0.0,65.3:0.0,66.4:0.0,67.4:0.0,68.4:0.0,69.5:0.0,70.5:0.0,71.5:0.0,65.3:0.0,66.4:1862.7,67.5:1837.2,68.5:1816.7,69.5:1796.7,70.6:1774.5,71.6:1754.2,72.7:1735.0,73.7:1717.2,74.7:1701.5,75.8:1683.5,76.9:1669.7,77.9:1657.0,79.0:1643.5,80.0:1636.5,81.0:1647.5,82.0:1635.7,83.0:1607.2,84.0:1600.5,85.1:1592.7,86.2:1581.5,87.2:1573.2,88.2:1566.7,89.3:1559.2,90.3:1553.5,91.3:1549.0,92.4:1544.2,93.5:1539.2,94.5:1534.0,95.5:1533.5,96.6:1532.0,97.6:1527.7,98.6:1525.2,99.6:1527.2,107.7:0.0,101.9:0.0,102.9:1238.7,104.0:1239.7,111.8:0.0,106.1:1230.5,107.1:1218.5,108.2:1220.0,109.2:1221.0,110.2:1221.0,111.2:1225.5,112.2:1230.7,113.3:1234.5,114.3:1239.7,115.3:1246.0,116.4:1249.5,117.4:1250.7,118.5:1255.5,119.5:1262.7,120.5:1269.5,121.5:1277.5,129.4:0.0,130.4:0.0,131.5:0.0,132.5:0.0,133.5:0.0,134.6:0.0,128.6:0.0,129.7:1389.0,137.7:0.0,138.7:0.0,139.8:0.0,140.8:0.0,141.8:0.0,142.9:0.0,143.9:0.0,145.0:0.0,146.0:0.0,147.0:0.0,148.0:0.0,149.1:0.0,150.1:0.0,151.2:0.0,152.2:0.0,153.2:0.0,154.3:0.0,155.3:0.0,156.3:0.0,157.4:0.0,158.4:0.0,159.4:0.0,160.5:0.0,161.5:0.0,162.6:0.0,157.6:0.0,158.6:772.7,165.7:0.0,166.8:0.0,167.8:0.0,162.9:0.0,163.9:733.5,170.9:0.0,166.1:722.5,167.1:712.5,168.1:707.0,169.3:700.0,170.1:696.0,171.2:692.7,172.4:689.5,173.4:685.0,174.4:678.7,175.5:675.5,176.6:673.2,177.5:671.0,178.7:668.0,179.7:665.2,180.7:661.7,181.7:658.0,182.7:657.0,183.8:656.2,184.9:654.5,185.9:652.5,186.9:651.7,187.9:650.0,189.0:650.2,189.9:650.7,191.0:650.0,192.0:650.5,193.0:650.7,194.1:650.5,195.1:650.7,196.2:652.0,197.2:652.7,198.3:654.7,199.4:656.2,200.3:657.0,201.3:659.5,202.4:660.7,203.4:662.7,204.5:666.5,205.5:668.7,206.6:672.0,207.5:677.2,208.7:679.7,209.7:681.7,210.6:686.0,211.6:690.2,212.6:693.5,213.8:698.0,214.7:702.7,215.7:707.0,216.8:714.5,217.8:723.7,218.8:731.7,225.9:0.0,226.9:0.0,227.9:0.0,229.0:0.0,230.0:0.0,231.0:0.0,225.8:0.0,233.1:0.0,234.1:0.0,235.2:0.0,229.9:828.2,237.2:0.0,238.3:0.0,239.3:0.0,240.4:0.0,241.4:0.0,242.4:0.0,243.5:0.0,244.5:0.0,245.5:0.0,246.6:0.0,247.6:0.0,248.6:0.0,249.7:0.0,250.7:0.0,251.7:0.0,247.2:0.0,248.2:609.2,249.3:600.5,250.4:593.0,256.9:0.0,258.0:0.0,253.4:0.0,254.5:566.0,255.7:560.2,256.8:554.0,257.7:549.0,258.9:545.5,259.9:542.2,261.0:537.0,262.0:534.0,263.0:532.2,264.0:528.0,265.3:524.7,266.2:521.0,267.1:517.7,268.4:516.5,269.4:513.5,270.4:511.5,271.5:510.0,272.4:508.0,273.6:505.7,274.6:503.5,275.5:505.0,276.5:506.5,277.4:508.2,278.6:508.7,284.7:0.0,285.7:0.0,286.8:0.0,287.8:0.0,288.8:0.0,289.9:0.0,284.4:0.0,285.5:979.7,293.0:0.0,287.5:967.2,288.6:954.7,289.5:956.5,290.6:956.5,291.7:959.7,292.7:963.7,293.7:966.2,294.7:970.0,295.8:974.0,296.8:977.7,297.8:982.2,298.8:987.2,299.9:992.5,300.8:1002.2,301.9:1008.5,303.0:1010.7,304.0:1018.7,305.0:1026.7,306.0:1032.7,307.1:1039.2,314.7:0.0,315.7:0.0,316.7:0.0,317.8:0.0,312.1:0.0,313.2:1098.5,320.9:0.0,321.9:0.0,322.9:0.0,324.0:0.0,325.0:0.0,326.0:0.0,327.1:0.0,328.1:0.0,329.1:0.0,330.3:0.0,331.3:0.0,332.3:0.0,333.4:0.0,334.4:0.0,335.4:0.0,336.5:0.0,337.5:0.0,338.5:0.0,339.6:0.0,340.6:0.0,341.7:0.0,342.7:0.0,343.7:0.0,344.8:0.0,345.8:0.0,346.8:0.0,347.9:0.0,348.9:0.0,350.0:0.0,351.0:0.0,352.0:0.0,353.1:0.0,354.1:0.0,348.2:0.0,349.2:1410.0,350.2:1416.0,351.3:1411.2,
359.5:0.0,0.6:0.0,1.6:0.0,2.6:0.0,356.8:0.0,357.8:1269.5,5.7:0.0,6.8:0.0,7.8:0.0,8.9:0.0,9.9:0.0,10.9:0.0,12.0:0.0,13.0:0.0,14.0:0.0,15.1:0.0,16.1:0.0,17.1:0.0,18.2:0.0,11.6:0.0,13.2:0.0,14.3:1509.2,15.3:1516.0,16.4:1517.0,17.4:1517.0,18.5:1519.5,19.5:1525.2,20.5:1529.2,21.5:1532.2,22.6:1534.2,23.6:1539.2,24.7:1544.2,25.7:1550.2,26.7:1558.2,27.7:1563.7,28.8:1570.2,29.8:1577.0,30.9:1586.0,31.9:1596.5,32.9:1607.7,33.9:1620.2,35.0:1630.7,36.0:1638.7,37.1:1646.0,38.0:1657.5,39.1:1671.7,40.2:1683.2,41.2:1705.0,49.3:0.0,50.4:0.0,51.4:0.0,52.5:0.0,53.5:0.0,54.5:0.0,55.6:0.0,56.6:0.0,57.7:0.0,58.7:0.0,59.7:0.0,53.9:0.0,55.0:1288.0,62.8:0.0,63.9:0.0,64.9:0.0,66.0:0.0,67.0:0.0,68.0:0.0,69.0:0.0,70.1:0.0,71.1:0.0,72.2:0.0,73.2:0.0,74.2:0.0,75.3:0.0,76.3:0.0,70.2:0.0,71.2:1798.2,72.2:1782.7,73.3:1764.0,74.3:1745.0,75.3:1730.5,76.4:1712.2,77.5:1695.5,78.5:1683.7,79.5:1673.0,80.6:1660.5,81.6:1650.0,82.7:1641.5,83.6:1631.2,84.6:1622.5,85.6:1619.0,86.7:1622.5,87.7:1614.2,88.8:1599.7,89.8:1594.0,90.9:1585.0,91.9:1581.7,92.9:1580.0,94.0:1574.0,95.0:1570.2,96.0:1567.2,97.0:1566.5,98.1:1564.7,99.1:1564.7,100.1:1563.5,101.2:1560.5,102.2:1564.2,103.2:1568.2,104.2:1567.2,105.3:1568.2,106.3:1580.2,114.5:0.0,115.5:0.0,109.7:0.0,110.7:1296.5,118.6:0.0,112.8:1291.2,113.8:1285.2,114.9:1286.7,115.9:1294.2,116.9:1301.2,118.0:1304.0,125.9:0.0,126.9:0.0,128.0:0.0,122.1:1323.7,123.1:1346.0,124.1:1355.7,125.2:1365.2,126.2:1376.2,127.2:1385.5,128.2:1393.0,136.2:0.0,137.3:0.0,138.3:0.0,139.4:0.0,133.4:0.0,134.4:1531.2,142.5:0.0,143.5:0.0,144.5:0.0,145.6:0.0,146.6:0.0,147.6:0.0,148.7:0.0,149.7:0.0,150.7:0.0,151.8:0.0,152.8:0.0,153.8:0.0,154.9:0.0,155.9:0.0,157.0:0.0,158.0:0.0,159.0:0.0,160.1:0.0,161.1:0.0,155.7:0.0,163.2:0.0,164.3:0.0,165.3:0.0,166.4:0.0,160.9:0.0,168.4:0.0,169.5:0.0,170.5:0.0,171.5:0.0,166.2:0.0,167.3:916.0,168.2:908.7,169.4:902.0,170.4:896.5,171.4:891.5,172.5:886.2,173.5:880.7,174.5:876.2,175.7:872.0,176.7:870.0,177.6:865.2,178.7:858.5,179.8:856.0,180.7:854.0,181.9:850.5,182.9:846.5,183.9:845.5,185.0:845.7,186.0:843.7,187.0:841.7,188.1:839.7,189.0:840.5,190.2:841.0,191.2:840.5,192.3:840.0,193.2:838.7,194.3:841.2,195.3:843.0,196.3:842.0,197.5:843.5,198.5:848.2,199.5:850.7,200.5:851.5,201.5:855.7,202.5:858.7,203.6:861.5,204.6:866.0,205.7:870.2,206.7:874.0,207.7:879.0,208.7:883.2,209.8:886.7,210.8:891.2,211.9:896.7,213.0:903.2,213.9:909.0,214.9:916.2,222.4:0.0,216.9:0.0,218.0:972.2,225.5:0.0,226.6:0.0,227.6:0.0,228.7:0.0,229.7:0.0,230.7:0.0,231.8:0.0,232.8:0.0,233.8:0.0,234.8:0.0,235.9:0.0,236.9:0.0,238.0:0.0,239.0:0.0,240.0:0.0,241.1:0.0,242.1:0.0,243.1:0.0,244.2:0.0,245.2:0.0,246.2:0.0,247.3:0.0,248.3:0.0,249.4:0.0,250.4:0.0,251.4:0.0,247.2:0.0,253.5:0.0,254.5:0.0,255.6:0.0,251.5:0.0,252.4:524.0,253.6:523.5,254.4:518.7,255.4:517.5,256.5:516.7,257.7:518.0,263.8:0.0,264.8:0.0,265.9:0.0,266.9:0.0,267.9:0.0,269.0:0.0,270.0:0.0,271.0:0.0,272.1:0.0,273.1:0.0,274.1:0.0,275.2:0.0,276.2:0.0,277.3:0.0,271.8:0.0,272.8:945.2,273.9:943.7,275.0:0.0,275.9:908.2,277.0:909.2,278.0:906.7,279.1:906.5,280.1:906.7,281.1:907.7,282.2:906.5,283.2:906.0,284.2:907.2,285.2:908.0,286.3:908.5,287.3:910.7,288.4:912.7,289.4:914.2,290.5:917.5,291.5:920.7,292.4:922.5,293.5:923.7,294.6:926.5,295.6:930.7,296.6:936.2,297.6:941.5,298.6:946.5,299.7:950.5,300.7:954.7,301.7:961.5,302.8:969.0,303.8:976.5,311.4:0.0,305.9:986.0,306.9:995.7,307.9:1002.5,308.9:1013.5,310.0:1024.2,311.0:1030.7,318.6:0.0,319.7:0.0,320.7:0.0,321.7:0.0,316.1:0.0,323.8:0.0,324.8:0.0,325.9:0.0,326.9:0.0,327.9:0.0,329.0:0.0,330.0:0.0,331.1:0.0,332.1:0.0,333.1:0.0,334.2:0.0,335.2:0.0,336.2:0.0,337.3:0.0,338.3:0.0,339.4:0.0,340.4:0.0,341.4:0.0,342.5:0.0,343.5:0.0,344.5:0.0,345.6:0.0,346.6:0.0,347.7:0.0,348.7:0.0,349.7:0.0,350.7:0.0,351.8:0.0,346.0:0.0,353.9:0.0,354.9:0.0,349.2:1212.7,350.1:1209.0,358.0:0.0,
352.0:1038.0,353.1:1045.5,0.7:0.0,1.7:0.0,2.8:0.0,357.1:1062.2,358.2:1080.2,359.2:1090.0,0.2:1101.7,7.9:0.0,9.0:0.0,10.0:0.0,11.1:0.0,12.1:0.0,6.4:0.0,14.2:0.0,15.2:0.0,16.2:0.0,17.3:0.0,18.3:0.0,19.3:0.0,20.4:0.0,21.4:0.0,15.6:0.0,16.5:1319.0,17.7:1322.5,18.7:1323.7,19.7:1324.7,20.7:1326.7,21.7:1331.2,22.8:1335.7,23.8:1339.7,24.9:1343.0,25.9:1349.0,27.0:1356.5,27.9:1362.7,29.0:1369.5,30.0:1373.5,31.0:1382.0,32.1:1393.0,33.1:1401.2,34.1:1410.7,35.2:1421.7,36.2:1431.5,37.2:1440.5,38.3:1452.0,39.3:1460.7,40.3:1472.7,41.3:1490.5,42.3:1504.7,43.3:1520.5,44.4:1537.5,45.4:1554.7,53.5:0.0,54.6:0.0,55.6:0.0,56.6:0.0,57.7:0.0,58.7:0.0,59.7:0.0,60.8:0.0,61.8:0.0,62.8:0.0,63.9:0.0,64.9:0.0,66.0:0.0,60.2:0.0,61.3:1198.7,62.3:1189.0,70.1:0.0,71.2:0.0,72.2:0.0,73.2:0.0,74.3:0.0,75.3:0.0,76.3:0.0,77.4:0.0,78.4:0.0,79.4:0.0,80.5:0.0,81.5:0.0,82.5:0.0,76.4:0.0,77.5:1745.7,78.5:1728.2,79.6:1713.0,80.6:1702.0,81.6:1691.7,82.7:1680.0,83.6:1670.2,84.6:1663.7,85.7:1654.7,86.7:1647.0,87.8:1641.2,88.8:1635.5,89.8:1634.5,90.8:1630.2,91.9:1621.2,92.9:1617.5,94.0:1621.5,95.0:1618.7,96.0:1610.7,97.1:1609.5,98.1:1607.0,99.1:1603.7,100.1:1604.0,101.2:1606.2,102.2:1607.2,103.2:1608.2,104.3:1611.0,105.3:1613.2,106.3:1616.5,107.4:1622.0,108.4:1625.2,109.4:1624.7,110.5:1628.2,111.5:1633.7,112.6:1639.7,120.7:0.0,121.7:0.0,122.8:0.0,116.8:0.0,117.9:1377.2,118.9:1381.0,119.9:1380.2,121.0:1379.0,122.0:1383.5,123.0:1391.0,124.1:1401.0,132.0:0.0,133.1:0.0,134.1:0.0,135.2:0.0,136.2:0.0,137.2:0.0,138.3:0.0,132.3:0.0,133.3:1528.0,141.4:0.0,142.4:0.0,143.5:0.0,144.5:0.0,145.5:0.0,146.5:0.0,140.5:0.0,148.6:0.0,149.7:0.0,150.7:0.0,151.7:0.0,152.7:0.0,153.8:0.0,154.8:0.0,155.9:0.0,156.9:0.0,157.9:0.0,159.0:0.0,160.0:0.0,161.0:0.0,162.2:0.0,163.2:0.0,164.2:0.0,165.3:0.0,166.3:0.0,160.6:0.0,161.6:1180.5,169.4:0.0,163.7:1163.0,171.5:0.0,172.6:0.0,173.6:0.0,168.0:0.0,169.0:1105.2,170.1:1097.2,171.1:1090.0,172.2:1085.0,173.2:1081.0,174.2:1075.7,175.3:1070.2,176.4:1064.5,177.3:1060.5,178.4:1056.2,179.4:1051.7,180.4:1050.0,181.4:1047.2,182.5:1043.7,183.5:1042.2,184.7:1038.7,185.6:1036.2,186.7:1034.7,187.7:1032.2,188.8:1031.5,189.7:1031.0,190.9:1031.0,191.9:1032.0,192.8:1032.0,194.0:1032.7,195.0:1033.0,196.0:1033.2,197.0:1037.2,198.1:1038.7,199.1:1041.0,200.1:1046.0,201.1:1050.0,202.2:1052.0,203.2:1055.5,204.3:1062.0,205.2:1066.5,206.4:1071.0,207.3:1076.7,208.4:1080.2,209.3:1085.2,210.4:0.0,218.1:0.0,219.2:0.0,220.2:0.0,221.2:0.0,222.3:0.0,223.3:0.0,224.3:0.0,225.4:0.0,226.4:0.0,227.5:0.0,228.5:0.0,229.5:0.0,230.6:0.0,231.6:0.0,232.6:0.0,233.7:0.0,234.7:0.0,235.7:0.0,236.8:0.0,237.8:0.0,238.8:0.0,234.4:0.0,240.9:0.0,236.5:0.0,237.6:589.7,238.4:589.7,239.6:590.5,240.7:592.7,247.1:0.0,248.2:0.0,249.2:0.0,250.2:0.0,251.3:0.0,252.3:0.0,253.3:0.0,254.4:0.0,255.4:0.0,256.5:0.0,257.5:0.0,258.5:0.0,259.6:0.0,260.6:0.0,261.6:0.0,262.7:0.0,263.7:0.0,264.7:0.0,259.3:0.0,260.4:951.2,261.3:946.7,268.9:0.0,263.5:0.0,264.6:899.0,265.6:895.0,266.6:892.2,267.6:890.0,268.7:886.5,269.7:882.2,270.7:878.7,271.9:874.0,272.9:872.0,273.9:870.2,275.0:867.5,275.8:866.0,277.0:865.2,278.0:864.2,279.0:863.0,280.1:862.2,281.1:861.7,282.1:862.7,283.1:863.2,284.2:863.5,285.2:864.7,286.2:865.7,287.2:866.7,288.3:868.7,289.2:870.5,290.3:871.7,291.4:874.0,292.4:877.2,293.5:881.2,294.4:882.7,295.4:884.7,296.4:890.7,297.5:895.7,298.5:899.2,299.6:904.2,300.6:910.5,301.6:915.5,302.7:920.7,303.8:926.0,304.8:931.5,305.8:939.7,306.8:947.5,307.8:953.5,308.9:961.2,309.9:970.2,317.4:0.0,311.8:989.0,319.5:0.0,313.9:1013.0,315.0:1026.2,322.6:0.0,323.6:0.0,324.6:0.0,325.7:0.0,326.7:0.0,327.7:0.0,328.8:0.0,329.8:0.0,330.9:0.0,331.9:0.0,333.0:0.0,334.0:0.0,335.0:0.0,336.1:0.0,337.1:0.0,338.2:0.0,339.2:0.0,340.2:0.0,341.3:0.0,342.3:0.0,343.3:0.0,344.4:0.0,345.4:0.0,346.4:0.0,347.5:0.0,348.5:0.0,343.0:1029.0,344.0:1029.2,345.0:1032.2,346.1:1034.7,347.2:1026.7,348.2:1020.2,349.2:1024.7,350.2:1029.7,351.3:1035.0,
353.3:861.5,354.3:867.5,355.2:874.5,356.2:881.0,357.4:887.2,358.4:894.0,359.5:900.5,0.3:906.5,1.4:916.5,8.9:0.0,9.9:0.0,11.0:0.0,5.5:0.0,13.0:0.0,14.1:0.0,15.1:0.0,16.1:0.0,17.2:0.0,18.2:0.0,19.3:0.0,20.3:0.0,21.4:0.0,22.4:0.0,23.4:0.0,24.5:0.0,18.8:0.0,19.8:1140.5,20.8:1142.0,21.9:1144.0,23.0:1147.2,24.0:1151.7,25.0:1156.0,26.0:1158.2,27.0:1162.2,28.1:1168.5,29.1:1173.2,30.1:1178.0,31.2:1186.2,32.2:1193.7,33.3:1198.5,34.3:1205.2,35.3:1215.2,36.3:1224.7,37.4:1235.0,38.4:1245.2,39.4:1255.2,40.5:1265.2,41.4:1275.5,42.5:1285.2,43.5:1297.7,44.5:1312.5,45.6:1326.5,46.6:1340.7,47.6:1357.2,48.7:1374.0,49.7:1390.5,50.7:1411.2,51.7:1435.0,59.7:0.0,60.8:0.0,61.8:0.0,62.9:0.0,63.9:0.0,64.9:0.0,66.0:0.0,67.0:0.0,68.0:0.0,69.0:0.0,70.1:0.0,71.1:0.0,65.4:0.0,73.2:0.0,74.2:0.0,75.2:0.0,69.6:0.0,70.6:1118.0,71.7:1116.7,79.4:0.0,80.4:0.0,81.5:0.0,82.5:0.0,83.5:0.0,84.6:0.0,85.6:0.0,86.6:0.0,87.7:0.0,88.7:0.0,82.6:0.0,83.5:1714.5,84.6:1703.7,85.6:1694.5,86.7:1686.0,87.7:1678.2,88.8:1671.5,89.8:1668.0,90.8:1663.0,91.9:1655.2,92.9:1649.5,93.9:1647.7,95.0:1645.5,96.0:1644.0,97.0:1643.2,98.1:1641.5,99.1:1641.0,100.1:1645.2,101.1:1649.5,102.2:1645.2,103.2:1642.7,104.2:1643.7,105.3:1645.2,106.3:1647.7,107.4:1650.5,108.4:1655.2,109.4:1659.2,110.5:1665.0,111.5:1670.5,112.6:1674.7,113.6:1681.0,114.6:1689.5,115.7:1696.7,116.6:1704.7,117.7:1719.2,118.7:1735.7,126.9:0.0,128.0:0.0,129.0:0.0,130.0:0.0,124.0:0.0,125.0:1490.7,133.1:0.0,127.1:1499.7,128.2:1503.5,129.2:1512.2,130.2:1527.5,131.3:1542.2,132.3:1555.2,140.4:0.0,141.5:0.0,142.5:0.0,136.4:0.0,144.6:0.0,145.6:0.0,146.6:0.0,147.7:0.0,148.7:0.0,149.7:0.0,150.8:0.0,144.6:0.0,152.8:0.0,153.9:0.0,154.9:0.0,156.0:0.0,157.0:0.0,158.0:0.0,159.0:0.0,160.1:0.0,161.1:0.0,162.2:0.0,163.3:0.0,164.3:0.0,165.4:0.0,166.4:0.0,167.4:0.0,161.5:0.0,169.5:0.0,163.6:1376.5,171.6:0.0,172.6:0.0,173.7:0.0,174.7:0.0,175.7:0.0,176.8:0.0,170.9:0.0,172.0:1287.5,173.1:1280.7,174.0:1274.7,175.1:1268.2,176.2:1260.7,177.2:1253.2,178.2:1249.2,179.3:1246.5,180.3:1242.2,181.3:1238.5,182.4:1234.7,183.4:1232.0,184.5:1232.7,185.6:1227.7,186.6:1224.5,187.6:1224.0,188.6:1222.2,189.7:1222.2,190.7:1219.7,191.7:1218.7,192.8:1220.2,193.8:1220.7,194.9:1220.0,195.9:1224.5,196.9:1229.5,197.9:1232.0,199.0:1234.5,200.0:1236.5,201.1:1240.0,202.1:1243.2,203.2:1248.7,204.2:1252.5,212.1:0.0,206.3:0.0,207.3:1297.7,215.2:0.0,216.2:0.0,217.3:0.0,218.3:0.0,219.3:0.0,220.4:0.0,221.4:0.0,222.5:0.0,223.5:0.0,224.5:0.0,225.6:0.0,226.6:0.0,221.5:0.0,228.7:0.0,223.8:0.0,224.9:707.2,225.8:707.7,226.8:708.2,228.0:709.2,228.9:712.0,235.9:0.0,237.0:0.0,238.0:0.0,239.0:0.0,240.1:0.0,241.1:0.0,242.2:0.0,243.2:0.0,244.2:0.0,245.3:0.0,246.3:0.0,247.4:0.0,248.4:0.0,249.4:0.0,250.5:0.0,251.5:0.0,252.5:0.0,253.6:0.0,248.0:0.0,255.7:0.0,256.7:0.0,251.3:0.0,258.7:0.0,259.7:0.0,254.4:0.0,255.5:912.7,256.5:906.0,257.5:897.7,258.6:890.5,259.6:885.7,260.7:880.2,261.7:873.5,262.7:867.2,263.7:862.2,264.8:857.7,265.9:853.2,266.9:848.0,268.0:843.7,269.1:840.7,270.1:837.5,271.1:835.7,272.2:832.0,273.2:827.7,274.3:826.7,275.2:826.5,276.2:825.2,277.3:822.7,278.2:821.2,279.4:820.5,280.3:819.0,281.4:819.0,282.3:820.2,283.4:820.7,284.4:819.2,285.4:820.5,286.6:822.7,287.6:822.7,288.7:823.2,289.7:824.2,290.6:827.2,291.7:832.0,292.6:834.2,293.8:837.0,294.8:839.0,295.7:844.0,296.8:848.7,297.8:850.2,298.8:855.0,300.0:861.7,301.0:866.7,302.1:871.5,303.1:877.2,304.0:881.2,305.0:886.7,306.2:895.7,307.1:904.5,308.2:911.5,309.2:917.2,316.6:0.0,317.7:0.0,318.7:0.0,313.3:0.0,320.8:0.0,321.8:0.0,322.9:0.0,323.9:0.0,324.9:0.0,326.0:0.0,327.0:0.0,328.0:0.0,329.1:0.0,330.1:0.0,331.2:0.0,332.2:0.0,333.2:0.0,334.3:0.0,335.3:0.0,336.3:0.0,337.4:0.0,338.4:0.0,339.5:0.0,340.5:0.0,341.5:0.0,342.6:0.0,343.6:0.0,344.6:0.0,345.7:0.0,340.4:0.0,341.5:847.2,342.4:848.2,343.5:848.2,344.5:841.2,345.7:834.0,346.6:836.0,347.7:838.2,348.8:841.2,349.8:845.5,350.8:850.2,351.8:855.0,
353.2:584.0,354.2:587.0,355.3:591.0,356.4:594.7,357.2:599.5,358.4:604.5,359.4:610.5,0.5:614.0,1.5:619.0,2.4:627.2,9.1:0.0,10.2:0.0,11.2:0.0,12.2:0.0,13.3:0.0,14.3:0.0,15.3:0.0,16.4:0.0,17.4:0.0,18.5:0.0,19.5:0.0,20.5:0.0,21.6:0.0,22.6:0.0,23.7:0.0,24.7:0.0,25.7:0.0,26.8:0.0,27.8:0.0,22.2:0.0,23.4:0.0,24.6:0.0,25.6:873.5,26.6:877.2,27.7:881.7,28.8:885.5,29.8:889.7,30.7:895.2,31.9:899.7,32.8:904.5,33.9:910.2,34.9:915.7,36.0:921.5,36.9:928.2,38.0:935.2,39.0:943.0,40.1:951.2,41.0:959.0,42.0:967.7,43.0:977.7,44.2:986.5,45.1:995.0,46.2:1005.5,47.2:1018.0,48.2:1031.0,49.2:1041.7,50.3:1053.0,51.3:1067.0,52.3:1082.5,53.2:1099.2,54.3:1114.7,55.3:1128.7,56.4:1145.5,57.4:1164.0,58.4:1184.5,59.4:1206.7,60.4:1227.7,61.4:1249.2,69.3:0.0,70.3:0.0,71.4:0.0,72.4:0.0,73.5:0.0,74.5:0.0,75.5:0.0,69.8:0.0,70.9:1174.7,78.6:0.0,79.7:0.0,80.7:0.0,81.7:0.0,76.1:0.0,77.2:1106.7,78.1:1100.5,79.2:1093.2,80.3:1085.7,81.3:1080.5,82.4:1075.0,83.4:1068.2,84.4:1064.2,85.3:1064.2,93.1:0.0,94.1:0.0,95.1:0.0,96.2:0.0,97.2:0.0,98.2:0.0,99.3:0.0,93.2:0.0,94.2:1704.7,95.2:1702.2,96.3:1701.0,97.3:1697.5,98.3:1694.2,99.3:1694.0,100.4:1693.5,101.4:1693.2,102.4:1691.5,103.5:1692.2,104.5:1695.7,105.5:1698.2,106.6:1703.5,107.6:1705.0,108.7:1706.0,109.7:1718.0,110.7:1730.7,111.8:1736.5,112.8:1740.2,113.8:1744.7,114.8:1752.0,115.9:1761.7,116.9:1772.0,117.9:1781.7,119.0:1792.7,120.0:1801.2,121.0:1810.2,122.1:1822.5,123.0:1840.7,124.1:1854.7,125.1:1868.2,126.1:1889.0,134.4:0.0,135.5:0.0,136.5:0.0,137.5:0.0,138.6:0.0,132.5:0.0,140.7:0.0,134.6:1676.5,142.7:0.0,143.8:0.0,144.8:0.0,145.8:0.0,146.9:0.0,147.9:0.0,149.0:0.0,150.0:0.0,151.0:0.0,152.1:0.0,153.1:0.0,154.1:0.0,155.2:0.0,156.2:0.0,157.2:0.0,158.3:0.0,159.3:0.0,160.3:0.0,161.4:0.0,162.5:0.0,163.5:0.0,164.6:0.0,165.6:0.0,166.6:0.0,167.7:0.0,168.7:0.0,169.8:0.0,163.6:1692.5,164.7:1684.0,165.7:1666.2,166.8:1655.7,167.9:1639.7,168.9:1623.0,169.9:1612.7,171.0:1605.7,172.0:1597.2,173.1:1588.2,174.1:1582.2,175.1:1572.5,176.2:1563.7,177.2:1557.2,178.3:1554.5,179.3:1550.2,180.3:1540.2,181.4:1532.5,182.4:1526.5,183.4:1523.0,184.4:1520.2,185.5:1516.5,186.5:1515.7,187.6:1514.5,188.6:1513.7,189.7:1511.2,190.7:1509.7,191.7:1509.2,192.7:1509.0,193.8:1511.5,194.8:1514.0,195.9:1516.5,196.9:1519.2,197.9:1523.5,199.0:1525.5,200.0:1532.5,201.0:1553.7,202.1:1572.5,203.1:1575.7,211.2:0.0,212.2:0.0,213.3:0.0,214.3:0.0,215.3:0.0,216.4:0.0,217.4:0.0,212.1:0.0,213.0:930.2,214.1:932.7,215.1:934.0,216.1:937.2,217.2:943.5,218.2:950.2,219.2:958.2,220.3:965.0,227.8:0.0,228.8:0.0,229.9:0.0,224.3:0.0,225.3:1020.5,226.4:1031.7,234.0:0.0,235.0:0.0,236.1:0.0,237.1:0.0,238.2:0.0,239.2:0.0,240.2:0.0,241.3:0.0,242.3:0.0,243.3:0.0,244.4:0.0,238.8:1031.5,246.4:0.0,247.5:0.0,248.5:0.0,243.0:0.0,250.6:0.0,251.6:0.0,252.7:0.0,253.7:0.0,248.3:0.0,255.8:0.0,256.8:0.0,251.6:0.0,252.6:860.7,253.6:853.2,260.9:0.0,262.0:0.0,256.7:841.5,257.7:826.5,258.9:820.2,259.9:814.0,261.0:809.5,262.0:804.7,263.0:798.2,264.1:793.0,265.1:787.7,266.1:783.7,267.3:781.0,268.2:779.0,269.3:774.7,270.4:771.5,271.3:770.2,272.4:767.7,273.5:766.7,274.4:764.7,275.5:762.0,276.4:760.7,277.5:759.0,278.6:757.5,279.6:756.2,280.5:756.0,281.7:757.0,282.7:756.2,283.8:756.0,284.7:756.7,285.7:757.7,286.8:760.5,287.8:762.5,288.8:763.7,289.9:766.2,290.8:767.2,291.8:768.7,292.9:771.0,294.0:774.0,295.0:776.7,295.9:778.7,297.0:781.7,298.0:785.7,299.1:790.5,300.2:793.0,301.2:798.0,302.3:805.5,303.2:809.0,304.2:813.5,305.3:822.5,306.2:829.2,313.6:0.0,308.3:840.2,309.4:851.5,310.4:857.2,311.4:864.7,318.8:0.0,319.8:0.0,320.8:0.0,315.5:0.0,322.9:0.0,323.9:0.0,325.0:0.0,326.0:0.0,327.0:0.0,328.1:0.0,329.1:0.0,330.2:0.0,331.2:0.0,332.3:0.0,333.3:0.0,334.3:0.0,335.4:0.0,330.9:0.0,331.9:575.5,332.9:575.0,334.1:573.5,335.0:574.0,336.1:578.7,337.2:0.0,338.4:551.7,339.5:552.2,340.3:554.0,341.5:554.2,342.5:553.5,343.4:555.5,344.4:559.2,345.6:562.7,346.6:565.2,347.5:566.7,348.7:569.5,349.5:572.5,350.7:575.2,351.7:578.5,352.8:581.2,
355.2:403.5,356.1:405.7,357.1:407.7,358.2:411.7,359.2:415.7,0.4:419.0,1.3:423.2,2.1:428.5,3.2:431.5,4.3:434.7,9.9:0.0,11.0:0.0,12.0:0.0,13.0:0.0,14.1:0.0,15.1:0.0,16.1:0.0,17.2:0.0,18.3:0.0,19.3:0.0,20.3:0.0,21.4:0.0,22.4:0.0,23.5:0.0,24.5:0.0,25.5:0.0,26.6:0.0,27.6:0.0,28.6:0.0,29.7:0.0,30.7:0.0,31.7:0.0,32.8:0.0,27.5:0.0,28.6:0.0,29.9:0.0,31.1:0.0,32.0:705.2,33.1:710.5,34.1:714.0,35.1:719.2,36.1:725.0,37.2:730.0,38.1:735.5,39.2:741.0,40.2:746.5,41.3:753.2,42.4:760.2,43.3:767.7,44.3:775.7,45.3:784.0,46.3:792.5,47.4:800.7,48.4:810.5,49.4:820.0,50.5:831.0,51.4:843.0,52.4:854.2,53.4:865.2,54.5:877.5,55.5:891.5,56.5:905.7,57.5:920.0,58.5:936.2,59.5:953.5,60.5:971.2,61.5:988.2,62.5:1007.0,63.5:1028.7,64.5:1049.2,65.5:1070.7,66.5:1095.7,67.6:1120.2,68.5:1147.5,69.5:1176.2,77.3:0.0,71.6:1193.0,72.6:1191.0,73.7:1180.0,74.7:1168.0,82.5:0.0,83.5:0.0,84.6:0.0,85.6:0.0,80.0:0.0,81.0:1116.2,82.0:1110.2,83.1:1103.2,84.1:1097.2,85.1:1091.2,86.2:1086.2,87.2:1082.0,88.2:1078.5,89.3:1075.7,90.3:1071.5,91.4:1069.2,92.4:1068.7,93.5:1063.5,94.5:1062.0,95.5:1066.7,103.2:0.0,104.2:0.0,105.2:0.0,106.3:0.0,100.1:0.0,101.2:1736.7,102.2:1737.5,103.2:1736.7,104.3:1736.2,105.3:1737.2,106.4:1742.5,107.4:1747.2,108.4:1750.7,109.5:1755.2,110.5:1760.7,111.5:1768.7,112.5:1772.2,113.6:1778.5,114.6:1792.2,115.6:1813.2,116.7:1822.2,117.7:1819.5,118.7:1829.2,119.7:1841.7,120.8:1855.5,121.8:1871.5,122.8:1884.7,123.9:1897.5,124.9:1913.7,125.9:1933.0,126.9:1951.7,128.0:1968.5,129.0:1986.2,130.0:2005.5,138.4:0.0,139.4:0.0,140.5:0.0,141.5:0.0,142.5:0.0,143.6:0.0,144.6:0.0,138.4:0.0,146.7:0.0,147.7:0.0,148.7:0.0,149.8:0.0,150.8:0.0,151.8:0.0,152.9:0.0,153.9:0.0,155.0:0.0,156.0:0.0,157.0:0.0,158.1:0.0,159.1:0.0,160.1:0.0,161.2:0.0,162.2:0.0,163.3:0.0,164.3:0.0,158.0:0.0,166.4:0.0,167.4:0.0,161.2:0.0,169.5:0.0,170.5:0.0,164.3:0.0,165.3:1889.5,173.6:0.0,167.5:1868.2,168.5:1842.5,169.5:1825.5,170.6:1807.2,171.6:1798.2,172.7:1789.7,173.7:1775.7,174.8:1763.2,175.8:1756.2,176.8:1752.5,177.9:1750.5,178.9:1746.0,180.0:1739.0,181.0:1730.5,182.1:1721.7,183.1:1718.0,184.2:1712.2,185.2:1708.2,186.2:1707.7,187.3:1704.0,188.3:1703.0,189.3:1703.5,190.4:1702.7,191.4:1704.2,192.4:1703.7,193.5:1704.5,194.5:1709.5,195.6:1713.5,196.6:1718.2,197.6:1728.2,198.6:1743.0,199.7:1754.5,207.9:0.0,208.9:0.0,210.0:0.0,211.0:0.0,212.1:0.0,206.4:0.0,207.5:1090.0,208.5:1093.2,209.5:1095.2,210.6:1098.0,211.6:1106.7,212.7:1113.2,213.7:1117.5,221.4:0.0,222.5:0.0,223.5:0.0,224.5:0.0,218.8:0.0,219.8:1175.7,227.6:0.0,228.7:0.0,229.7:0.0,230.7:0.0,231.8:0.0,232.8:0.0,233.9:0.0,234.9:0.0,235.9:0.0,237.0:0.0,238.0:0.0,239.0:0.0,240.1:0.0,241.1:0.0,242.1:0.0,243.2:0.0,244.2:0.0,245.2:0.0,246.3:0.0,247.3:0.0,248.4:0.0,249.4:0.0,250.4:0.0,251.5:0.0,252.5:0.0,247.2:0.0,248.3:853.0,255.6:0.0,250.4:837.0,251.4:821.0,252.5:814.2,253.6:806.2,254.6:797.5,255.7:791.7,256.7:786.5,257.8:779.2,258.9:773.5,259.8:769.2,261.0:763.7,262.0:759.2,262.9:754.0,264.0:749.7,265.1:746.7,266.2:743.2,267.2:738.2,268.2:731.5,269.2:729.0,270.4:729.0,271.3:727.5,272.3:726.2,273.5:724.5,274.4:721.5,275.5:719.7,276.6:718.0,277.4:715.7,278.5:715.2,279.6:715.5,280.6:716.0,281.6:715.2,282.7:715.2,283.8:715.5,284.8:716.5,285.8:719.0,286.8:718.0,287.7:719.2,288.8:723.7,289.8:725.5,290.9:726.5,291.8:729.7,292.9:731.5,294.0:732.2,295.0:736.2,296.0:740.0,297.0:743.7,298.1:749.0,299.0:754.5,300.2:756.7,301.2:760.2,302.2:765.5,303.3:769.5,304.3:774.0,305.4:781.0,306.3:787.7,307.4:793.5,308.4:799.2,309.4:806.5,310.4:813.0,317.7:0.0,318.7:0.0,319.7:0.0,316.2:0.0,321.8:0.0,318.5:0.0,319.5:409.5,320.3:408.0,321.7:406.5,322.5:405.7,323.7:405.0,324.7:405.5,330.1:0.0,327.2:0.0,328.0:375.2,329.1:374.5,330.1:373.7,331.2:373.2,332.5:372.5,333.3:372.2,334.2:372.7,335.5:372.7,336.7:372.5,337.4:373.0,338.4:374.0,339.5:374.7,340.8:375.5,341.4:377.5,342.7:379.2,343.4:380.0,344.5:381.5,345.6:382.7,346.8:383.7,347.6:385.5,348.9:387.5,350.0:389.7,350.7:392.0,352.0:394.2,353.0:396.7,354.1:400.0,
351.7:1683.5,352.7:1683.5,353.7:1682.2,354.8:1677.7,355.8:1677.2,356.9:1676.7,357.9:1676.0,358.9:1675.7,0.0:1677.2,1.0:1680.2,2.0:1681.7,3.1:1686.0,4.1:1700.7,5.2:1707.0,6.2:1699.7,7.2:1701.2,8.2:1710.7,9.2:1717.2,10.3:1722.7,11.3:1731.0,12.4:1741.2,13.4:1751.2,14.5:1758.2,15.5:1768.5,16.5:1781.2,17.5:1794.2,18.6:1805.2,19.6:1816.0,20.6:1830.7,28.8:0.0,29.9:0.0,30.9:0.0,32.0:0.0,25.9:0.0,26.9:1611.7,35.1:0.0,29.0:1614.0,30.0:1623.0,31.1:1634.0,39.2:0.0,40.2:0.0,41.3:0.0,42.3:0.0,43.4:0.0,44.4:0.0,45.4:0.0,46.5:0.0,47.5:0.0,48.5:0.0,42.3:0.0,50.6:0.0,51.7:0.0,52.7:0.0,53.7:0.0,54.8:0.0,55.8:0.0,56.8:0.0,57.9:0.0,58.9:0.0,60.0:0.0,61.0:0.0,62.0:0.0,63.1:0.0,64.1:0.0,65.1:0.0,59.1:0.0,60.1:1597.0,61.2:1581.2,62.2:1567.0,63.2:1555.0,64.2:1547.2,65.3:1538.7,66.4:1525.5,67.4:1512.7,68.4:1502.0,69.5:1495.0,70.5:1488.2,71.6:1482.2,79.6:0.0,73.6:1470.5,74.7:1457.5,82.7:0.0,76.8:1443.2,77.8:1433.5,78.9:1432.5,79.9:1427.5,80.9:1421.5,82.0:1417.5,83.0:1415.7,84.0:1414.7,85.0:1412.0,86.0:1410.2,87.1:1412.0,88.2:1414.5,89.2:1412.2,90.2:1410.2,91.2:1412.5,92.3:1413.7,93.3:1414.7,94.3:1418.7,95.4:1422.7,96.4:1423.2,97.4:1428.0,98.5:1437.2,99.5:1463.5,100.5:1484.7,101.5:1491.7,109.6:0.0,110.6:0.0,111.6:0.0,112.7:0.0,113.7:0.0,114.7:0.0,115.7:0.0,116.8:0.0,117.8:0.0,112.5:0.0,113.6:855.0,114.6:855.2,115.7:858.7,116.6:863.2,117.6:869.7,125.0:0.0,119.7:882.5,127.1:0.0,121.7:899.5,129.2:0.0,130.2:0.0,131.2:0.0,132.3:0.0,133.3:0.0,134.3:0.0,135.4:0.0,136.4:0.0,137.4:0.0,138.5:0.0,139.6:0.0,140.6:0.0,141.6:0.0,142.7:0.0,143.7:0.0,144.7:0.0,145.8:0.0,146.8:0.0,147.9:0.0,148.9:0.0,149.9:0.0,151.0:0.0,152.0:0.0,146.7:906.5,147.6:901.2,155.1:0.0,156.1:0.0,150.9:883.2,151.9:865.0,153.0:858.7,153.9:853.2,155.1:846.0,156.1:838.2,157.2:832.0,158.3:827.5,159.2:822.2,160.4:818.2,161.4:813.0,162.5:806.2,163.4:804.5,164.4:802.5,165.6:797.5,166.6:792.7,167.6:789.5,168.6:787.5,169.7:785.0,170.7:783.0,171.8:781.5,172.9:780.7,173.9:779.7,175.0:779.0,176.0:778.5,177.0:777.0,178.0:777.5,179.1:778.2,180.0:778.0,181.1:778.5,182.1:778.7,183.1:779.0,184.2:779.2,185.2:781.2,186.3:782.7,187.3:785.5,188.4:787.5,189.3:788.0,190.3:790.0,191.4:793.2,192.4:797.0,193.6:800.7,194.4:804.7,195.5:809.0,196.5:813.5,197.5:816.7,198.6:820.5,199.5:827.0,200.6:832.2,201.7:837.2,202.7:847.5,203.7:854.7,204.7:860.0,212.1:0.0,213.1:0.0,207.9:877.7,208.8:893.7,209.8:901.5,210.9:911.7,218.3:0.0,219.4:0.0,220.4:0.0,221.4:0.0,222.5:0.0,223.5:0.0,224.5:0.0,225.6:0.0,226.6:0.0,227.6:0.0,228.7:0.0,229.7:0.0,230.7:0.0,231.8:0.0,232.8:0.0,233.9:0.0,234.9:0.0,230.0:0.0,231.2:664.0,232.1:660.0,233.2:659.2,234.2:659.0,235.3:662.0,236.3:668.2,237.4:0.0,238.4:640.5,239.5:643.5,240.6:644.7,241.5:646.2,242.5:648.5,243.7:650.0,244.7:653.5,245.8:657.2,246.7:659.2,247.7:661.7,248.8:667.5,249.8:671.5,250.7:675.5,251.8:680.5,252.9:686.2,253.9:691.0,254.9:694.2,255.9:701.5,257.0:707.7,257.9:711.5,264.9:0.0,266.0:0.0,267.0:0.0,268.0:0.0,269.1:0.0,270.1:0.0,271.1:0.0,272.2:0.0,273.2:0.0,274.2:0.0,275.3:0.0,276.3:0.0,277.3:0.0,278.4:0.0,273.1:0.0,280.4:0.0,281.5:0.0,282.4:0.0,283.4:0.0,277.7:0.0,279.0:0.0,280.1:962.2,281.0:963.0,282.2:966.5,283.2:971.2,284.1:974.0,285.2:976.5,286.2:980.7,287.2:986.2,288.2:992.0,289.2:996.5,290.3:1001.5,291.3:1008.5,292.3:1015.5,293.3:1023.7,294.4:1032.2,295.4:1040.0,296.4:1046.5,297.4:1054.7,298.5:1065.5,299.6:1076.2,300.6:1087.5,301.6:1098.5,302.6:1109.5,303.6:1121.7,304.7:1134.5,305.7:1148.7,306.7:1163.0,307.7:1176.7,308.7:1194.7,309.8:1211.0,310.8:1226.7,311.8:1247.2,312.8:1267.0,313.8:1286.0,314.8:1309.0,322.8:0.0,323.8:0.0,324.8:0.0,325.9:0.0,326.9:0.0,327.9:0.0,329.0:0.0,330.1:0.0,324.3:0.0,332.1:0.0,333.2:0.0,334.2:0.0,335.2:0.0,336.3:0.0,330.6:0.0,331.6:1107.7,332.7:1100.0,333.8:1089.7,334.8:1083.5,335.9:1077.7,336.9:1072.7,337.9:1073.5,345.6:0.0,346.7:0.0,347.7:0.0,348.7:0.0,349.8:0.0,350.8:0.0,351.8:0.0,345.7:0.0,346.7:1705.0,347.8:1702.0,348.8:1696.0,349.9:1689.2,350.9:1685.5,
352.2:1385.2,353.3:1380.7,354.2:1379.2,355.3:1378.2,356.4:1378.0,357.4:1377.7,358.4:1377.2,359.5:1377.5,0.5:1379.7,1.6:1383.7,2.5:1386.0,3.6:1391.7,11.6:0.0,5.7:1403.5,6.7:1407.7,7.7:1411.7,8.7:1420.2,9.8:1423.2,10.8:1428.7,11.9:1435.7,12.9:1443.5,13.9:1450.2,15.0:1457.2,16.0:1466.5,17.1:1476.0,18.1:1486.0,19.1:1498.5,20.2:1511.0,21.1:1520.7,22.2:1535.0,23.2:1549.7,24.3:1567.7,32.4:0.0,33.4:0.0,34.4:0.0,35.5:0.0,36.5:0.0,37.5:0.0,31.7:0.0,39.6:0.0,33.8:1357.2,34.8:1372.2,42.7:0.0,43.8:0.0,44.8:0.0,45.9:0.0,46.9:0.0,47.9:0.0,49.0:0.0,50.0:0.0,51.0:0.0,52.1:0.0,53.1:0.0,54.1:0.0,55.2:0.0,56.2:0.0,57.3:0.0,51.1:0.0,59.3:0.0,60.4:0.0,61.4:0.0,62.4:0.0,56.4:0.0,64.5:0.0,65.6:0.0,59.4:1612.0,60.5:1578.0,61.6:1562.5,62.5:1549.7,63.7:1541.2,64.7:1531.7,65.7:1522.0,66.8:1509.7,67.7:1494.7,68.8:1485.7,69.9:1479.5,70.9:1474.7,79.0:0.0,80.0:0.0,81.0:0.0,82.1:0.0,76.1:0.0,77.2:1423.7,78.2:1418.5,79.2:1414.0,80.3:1413.0,81.3:1410.5,82.4:1408.7,83.3:1407.0,84.4:1406.0,85.4:1407.2,86.5:1406.2,87.4:1406.0,88.5:1406.2,89.5:1403.7,90.6:1404.2,91.6:1410.0,92.6:1411.7,93.6:1411.5,94.7:1414.0,95.7:1415.5,96.7:1415.7,104.8:0.0,105.8:0.0,106.8:0.0,107.9:0.0,101.9:0.0,102.9:1465.0,104.0:1472.7,104.9:1481.2,106.0:1485.7,107.0:1493.2,108.0:1507.2,116.1:0.0,110.1:1537.5,118.2:0.0,119.2:0.0,120.2:0.0,121.3:0.0,122.3:0.0,123.3:0.0,124.4:0.0,125.4:0.0,126.4:0.0,127.5:0.0,128.5:0.0,129.5:0.0,130.6:0.0,131.6:0.0,126.1:0.0,127.2:1007.7,128.1:1008.2,129.1:1013.0,136.8:0.0,137.8:0.0,138.9:0.0,139.9:0.0,141.0:0.0,142.0:0.0,143.0:0.0,144.0:0.0,145.1:0.0,146.1:0.0,147.2:0.0,148.2:0.0,149.2:0.0,150.3:0.0,151.3:0.0,145.4:0.0,153.4:0.0,154.4:0.0,155.4:0.0,156.5:0.0,157.5:0.0,151.8:0.0,152.8:1176.7,153.9:1167.0,161.6:0.0,156.0:1153.7,157.0:1141.7,164.8:0.0,159.1:1130.5,160.2:1119.2,161.2:1113.2,162.2:1108.0,163.3:1100.2,164.3:1093.5,165.3:1090.5,166.4:1088.2,167.4:1084.2,168.5:1079.5,169.5:1077.7,170.6:1075.2,171.5:1073.0,172.6:1070.5,173.7:1067.2,174.7:1068.0,175.7:1067.5,176.8:1066.5,177.7:1066.7,178.8:1065.7,179.9:1065.5,180.9:1066.0,181.9:1066.2,183.0:1068.0,184.0:1070.2,185.1:1072.0,186.1:1074.0,187.0:1075.5,188.1:1077.0,189.1:1082.0,190.2:1087.2,191.2:1088.5,192.2:1091.2,193.2:1098.0,194.2:1102.2,195.3:1109.0,196.4:1116.5,204.1:0.0,205.1:0.0,206.2:0.0,200.4:1134.7,201.5:1154.2,202.5:1165.5,203.6:1176.5,204.6:1182.7,212.4:0.0,213.5:0.0,214.5:0.0,215.5:0.0,216.6:0.0,217.6:0.0,218.6:0.0,219.7:0.0,220.7:0.0,215.4:0.0,216.5:863.2,217.5:863.2,218.6:859.5,219.7:0.0,220.8:823.5,221.8:824.0,222.8:823.0,223.9:821.5,224.9:821.0,225.9:820.0,226.9:817.5,227.9:816.7,228.9:817.0,230.0:816.5,231.0:818.0,232.1:818.5,233.1:819.2,234.2:819.7,235.1:820.7,236.2:824.0,237.2:825.0,238.3:825.2,239.2:826.7,240.4:829.0,241.3:832.7,242.3:837.2,243.5:842.0,244.4:845.7,245.5:848.2,246.5:853.0,247.5:859.5,248.5:865.7,249.5:868.7,250.6:871.0,251.6:881.5,252.6:890.2,253.6:893.7,254.6:0.0,255.6:939.7,256.6:947.5,264.1:0.0,265.2:0.0,258.6:0.0,259.6:3658.7,261.8:0.0,262.8:950.0,263.8:947.7,265.0:944.0,265.9:941.5,267.0:941.5,268.0:940.0,269.1:938.0,270.0:938.0,271.2:940.0,272.2:940.7,273.2:940.0,274.3:941.7,275.2:943.2,276.2:942.2,277.2:943.5,278.2:947.5,279.3:951.0,280.3:952.5,281.4:955.2,282.4:959.2,283.5:962.0,284.5:966.0,285.4:970.0,286.4:973.5,287.5:978.2,288.5:983.5,289.5:989.2,290.5:996.5,291.6:1003.2,292.6:1009.0,293.7:1016.0,294.6:1024.5,295.6:1033.7,296.7:1041.5,297.7:1050.7,298.7:1060.7,299.8:1070.2,300.9:1080.0,301.9:1090.5,302.9:1103.7,303.8:1116.7,304.9:1139.0,312.7:0.0,313.7:0.0,314.7:0.0,315.8:0.0,316.8:0.0,317.8:0.0,318.9:0.0,319.9:0.0,320.9:0.0,322.0:0.0,323.0:0.0,317.6:0.0,325.1:0.0,326.1:0.0,327.1:0.0,328.2:0.0,322.9:0.0,330.2:0.0,331.3:0.0,326.1:0.0,327.1:825.0,328.2:820.5,329.2:812.2,330.2:811.0,331.2:812.2,338.5:0.0,339.5:0.0,340.6:0.0,341.6:0.0,342.7:0.0,343.7:0.0,344.7:0.0,345.7:0.0,346.8:0.0,347.8:0.0,348.9:0.0,342.9:0.0,344.0:1420.7,345.0:1418.5,346.0:1414.5,347.1:1408.0,348.1:1403.2,349.2:1397.7,350.3:1389.0,351.3:1387.0,
352.1:1000.2,353.2:1000.5,354.2:998.7,355.2:997.7,356.3:996.5,357.3:996.2,358.4:996.7,359.4:996.5,0.4:999.2,1.5:1001.0,2.5:1002.5,3.5:1003.7,4.6:1005.7,12.2:0.0,13.2:0.0,7.7:1020.2,8.7:1028.7,9.7:1026.7,10.7:1031.2,11.8:1035.5,12.8:1039.0,13.9:1044.2,14.9:1050.0,15.9:1056.2,16.9:1063.0,17.9:1069.2,19.0:1075.7,20.0:1083.0,21.0:1091.0,22.0:1098.7,23.0:1109.2,24.1:1120.5,25.2:1130.0,26.2:1141.7,27.1:1154.5,28.2:1167.0,29.3:1179.0,30.2:1190.7,31.3:1205.7,39.1:0.0,40.2:0.0,41.2:0.0,42.2:0.0,43.3:0.0,44.3:0.0,45.4:0.0,46.4:0.0,47.4:0.0,48.5:0.0,42.9:0.0,50.5:0.0,51.6:0.0,52.6:0.0,53.7:0.0,54.7:0.0,55.7:0.0,56.8:0.0,57.8:0.0,58.8:0.0,59.9:0.0,60.9:0.0,62.0:0.0,63.0:0.0,64.0:0.0,65.1:0.0,66.1:0.0,67.1:0.0,68.2:0.0,62.1:0.0,63.2:1560.5,64.2:1534.2,65.3:1521.2,66.3:1512.5,67.4:1499.7,68.4:1486.2,69.5:1476.0,77.5:0.0,78.5:0.0,79.6:0.0,80.6:0.0,74.7:0.0,75.7:1420.7,76.7:1416.7,77.8:1414.0,78.9:1408.7,79.8:1404.0,80.9:1401.5,81.9:1399.0,83.0:1395.7,83.9:1394.2,85.0:1392.7,86.0:1394.5,87.1:1395.2,88.1:1395.5,89.1:1396.5,90.2:1393.2,91.2:1393.2,92.2:1398.5,93.2:1399.2,94.3:1398.5,95.3:1403.0,96.4:1408.0,97.4:1412.7,98.5:1415.5,99.4:1420.7,100.4:1426.0,108.5:0.0,109.5:0.0,110.6:0.0,111.6:0.0,105.6:0.0,106.7:1486.2,107.7:1490.7,108.7:1500.0,109.7:1510.5,110.7:1522.0,111.8:1535.2,112.8:1543.7,113.8:1554.2,114.8:1565.7,115.9:1580.5,116.9:1597.5,117.9:1615.7,118.9:1633.2,120.0:1649.5,128.1:0.0,121.9:0.0,123.0:1750.7,131.2:0.0,132.2:0.0,133.2:0.0,134.3:0.0,135.3:0.0,129.3:0.0,137.4:0.0,138.5:0.0,139.5:0.0,140.5:0.0,141.6:0.0,142.6:0.0,143.7:0.0,144.7:0.0,145.7:0.0,139.9:0.0,141.0:1280.5,148.8:0.0,149.9:0.0,150.9:0.0,151.9:0.0,153.0:0.0,154.0:0.0,155.0:0.0,156.1:0.0,157.1:0.0,158.2:0.0,152.1:0.0,153.1:1636.7,154.2:0.0,155.2:1579.7,156.3:1568.2,157.3:1557.2,158.4:1550.7,159.4:1542.7,160.4:1534.2,161.5:1523.7,162.6:1515.5,163.6:1511.5,164.7:1505.2,165.6:1497.0,166.7:1489.7,167.7:1484.2,168.8:1478.7,169.8:1475.2,170.8:1469.7,171.9:1466.0,173.0:1465.7,174.0:1462.5,175.0:1460.5,176.1:1459.2,177.1:1456.5,178.1:1455.5,179.1:1457.2,180.2:1459.2,181.2:1459.7,182.2:1459.7,183.3:1460.0,184.3:1464.2,185.3:1470.5,186.4:1471.2,187.4:1472.7,188.4:1476.5,189.5:1481.7,190.5:1489.7,191.5:1498.7,192.6:1505.7,193.6:1509.7,194.7:1517.2,195.6:1527.2,196.7:1535.7,197.7:1542.7,198.7:1551.5,199.8:1562.2,200.8:1572.0,201.8:1583.0,203.0:1597.0,211.1:0.0,205.3:0.0,206.4:1181.2,214.2:0.0,215.2:0.0,209.5:0.0,210.6:1119.5,211.6:1114.7,212.7:1107.5,213.7:1098.7,214.8:1093.7,215.8:1092.5,216.9:1089.5,217.9:1085.0,219.0:1080.5,219.9:1076.5,221.1:1075.2,222.0:1073.2,223.1:1070.2,224.1:1069.5,225.1:1068.2,226.2:1066.5,227.3:1066.2,228.3:1066.7,229.3:1068.0,230.4:1068.2,231.4:1069.0,232.5:1070.2,233.5:1068.2,234.4:1082.2,235.5:1097.5,236.6:1098.5,237.5:1100.7,245.3:0.0,238.7:0.0,240.7:0.0,241.8:1058.0,242.9:1048.2,243.9:1039.2,244.9:1031.0,246.0:1021.2,247.0:1012.5,248.0:1005.2,249.1:997.5,250.2:990.2,251.2:984.7,252.2:979.0,253.3:973.5,254.3:968.0,255.4:962.7,256.5:958.7,257.5:953.0,258.5:949.0,259.5:946.5,260.6:941.7,261.7:938.2,262.7:936.7,263.7:935.5,264.8:933.0,265.8:931.0,266.8:930.0,267.9:927.7,268.9:925.7,269.9:923.7,271.0:925.0,272.0:928.2,273.0:928.2,274.1:928.2,275.2:929.7,276.0:930.5,277.1:930.5,278.1:933.0,279.2:936.7,280.1:939.5,281.2:943.0,282.3:945.5,283.3:949.0,284.2:954.5,285.3:959.5,292.8:0.0,293.9:0.0,294.9:0.0,295.9:0.0,297.0:0.0,298.0:0.0,299.0:0.0,300.0:0.0,301.1:0.0,302.1:0.0,303.1:0.0,304.2:0.0,305.2:0.0,306.4:0.0,307.4:0.0,308.4:0.0,304.2:0.0,310.5:0.0,311.5:0.0,307.6:0.0,308.6:505.2,309.7:502.2,310.7:502.5,311.7:505.2,317.7:0.0,318.8:0.0,319.8:0.0,320.9:0.0,321.9:0.0,322.9:0.0,324.0:0.0,325.0:0.0,326.0:0.0,327.1:0.0,328.1:0.0,329.2:0.0,330.2:0.0,331.2:0.0,332.3:0.0,333.3:0.0,334.4:0.0,335.4:0.0,336.4:0.0,337.5:0.0,338.5:0.0,339.5:0.0,340.6:0.0,341.6:0.0,342.7:0.0,343.7:0.0,338.1:0.0,339.2:1050.2,340.2:1043.0,341.2:1037.7,342.3:1033.7,343.3:1028.7,344.4:1023.5,345.5:1019.7,346.5:1015.5,347.6:1012.2,348.5:1009.0,349.6:1007.0,350.7:1004.5,351.7:1000.0,
353.0:805.5,354.1:804.7,355.1:805.0,356.2:803.5,357.2:803.5,358.3:804.2,359.3:804.7,0.2:806.2,1.4:807.0,2.3:807.5,3.3:809.5,4.4:811.7,5.5:811.5,6.5:814.7,13.7:0.0,14.8:0.0,9.5:830.5,10.6:839.0,11.7:834.7,12.7:836.0,13.7:841.7,14.7:847.2,15.7:851.5,16.8:856.0,17.7:863.5,18.8:870.0,19.8:874.5,20.8:882.2,21.8:891.5,22.8:898.2,24.0:905.0,25.0:914.7,26.0:924.2,27.0:932.5,28.1:940.0,29.0:950.5,30.1:962.2,31.1:973.2,32.0:985.7,33.1:999.0,34.1:1012.5,35.1:1026.0,36.1:1040.2,37.1:1057.2,44.8:0.0,45.9:0.0,46.9:0.0,47.9:0.0,49.0:0.0,50.0:0.0,51.0:0.0,52.1:0.0,53.1:0.0,54.2:0.0,55.2:0.0,56.2:0.0,50.9:0.0,58.3:0.0,59.3:0.0,53.8:0.0,54.9:968.0,62.5:0.0,63.5:0.0,64.5:0.0,65.6:0.0,66.5:0.0,67.6:0.0,68.6:0.0,69.7:0.0,70.7:0.0,71.7:0.0,72.7:0.0,73.8:0.0,67.8:0.0,68.9:1508.0,76.9:0.0,77.9:0.0,79.0:0.0,80.0:0.0,74.1:0.0,75.1:1421.2,76.1:1416.2,77.2:1411.5,78.2:1409.5,79.3:1405.5,80.2:1399.7,81.3:1397.0,82.3:1393.5,83.4:1391.5,84.4:1392.0,85.4:1392.2,86.5:1391.2,87.6:1387.7,88.6:1387.5,89.6:1390.2,90.6:1393.0,91.7:1389.5,92.7:1387.2,93.7:1393.5,94.8:1396.7,95.8:1401.0,96.9:1406.5,97.8:1409.5,98.9:1412.5,99.9:1417.0,100.9:1422.5,109.0:0.0,110.0:0.0,111.0:0.0,112.1:0.0,106.1:1448.0,114.1:0.0,108.1:1481.7,109.1:1496.7,110.1:1509.5,111.2:1526.7,112.2:1539.2,113.2:1548.5,114.3:1555.5,115.3:1566.5,123.4:0.0,124.4:0.0,118.4:0.0,119.4:1634.2,127.5:0.0,128.6:0.0,129.6:0.0,130.6:0.0,131.7:0.0,132.7:0.0,133.7:0.0,134.7:0.0,128.6:0.0,136.8:0.0,137.9:0.0,139.0:0.0,140.0:0.0,141.0:0.0,142.1:0.0,143.1:0.0,144.1:0.0,145.2:0.0,146.2:0.0,147.2:0.0,148.3:0.0,149.3:0.0,143.3:0.0,151.4:0.0,152.4:0.0,153.4:0.0,154.5:0.0,155.5:0.0,156.5:0.0,157.6:0.0,158.6:0.0,159.7:0.0,160.7:0.0,154.5:0.0,155.5:1819.7,156.6:1796.2,157.6:1768.7,158.6:1755.0,159.7:1743.7,160.7:1738.5,161.7:1728.7,162.8:1713.5,163.8:1705.0,164.9:1697.2,166.0:1689.2,167.0:1684.2,168.0:1684.7,169.0:1677.2,170.1:1668.2,171.1:1664.2,172.1:1660.0,173.2:1657.2,174.2:1652.2,175.2:1649.7,176.3:1650.5,177.3:1650.7,178.3:1651.7,179.5:1650.2,180.5:1649.0,181.5:1650.5,182.6:1659.5,183.6:1663.0,184.6:1660.2,185.7:1663.5,186.7:1667.0,187.7:1672.5,188.8:1679.7,189.8:1684.5,190.8:1691.0,191.9:1700.7,192.9:1708.2,193.9:1714.7,195.0:1725.7,196.0:1738.7,197.0:1749.5,198.1:1756.5,199.1:1765.5,200.2:1778.2,201.4:0.0,202.5:1356.7,210.5:0.0,211.5:0.0,205.6:0.0,206.7:1280.7,207.7:1273.2,208.8:1265.5,209.9:1257.2,210.9:1249.0,218.7:0.0,212.9:1238.7,214.0:1230.0,221.8:0.0,216.1:1220.7,217.1:1212.5,218.2:1209.7,219.2:1207.2,220.2:1202.5,221.2:1198.7,222.3:1197.5,223.3:1195.0,224.4:1193.2,225.5:1191.0,233.3:0.0,227.5:1201.0,228.5:1216.0,236.3:0.0,237.4:0.0,238.4:0.0,232.7:0.0,233.7:1151.7,234.8:1135.5,235.9:1121.5,236.9:1108.2,237.9:1093.5,239.0:1082.2,240.1:1070.7,241.1:1058.0,242.1:1047.7,243.2:1038.5,244.2:1030.5,245.3:1020.7,246.3:1010.5,247.5:1003.2,248.4:996.5,249.5:989.0,250.6:981.2,251.6:976.2,252.7:970.7,253.7:964.5,254.7:960.2,255.8:956.7,256.8:951.2,257.8:946.0,258.9:943.0,259.9:939.2,261.0:936.2,262.1:933.7,263.1:930.2,264.1:927.7,265.1:924.5,266.2:922.5,267.2:922.2,268.2:921.5,269.3:920.7,270.3:920.2,271.4:920.2,272.4:920.2,273.5:920.2,280.9:0.0,281.9:0.0,282.9:0.0,283.9:0.0,284.9:0.0,286.0:0.0,287.0:0.0,288.0:0.0,289.1:0.0,290.1:0.0,291.1:0.0,292.2:0.0,288.7:0.0,290.1:398.2,291.0:398.0,292.1:397.5,293.0:398.2,293.9:400.2,295.1:402.7,295.9:406.0,297.3:408.7,302.5:0.0,299.0:413.7,304.6:0.0,301.0:0.0,306.7:0.0,307.7:0.0,308.8:0.0,309.8:0.0,310.9:0.0,311.9:0.0,312.9:0.0,314.0:0.0,315.0:0.0,316.0:0.0,317.1:0.0,318.1:0.0,319.1:0.0,320.2:0.0,321.2:0.0,322.2:0.0,323.3:0.0,324.3:0.0,325.3:0.0,326.4:0.0,327.4:0.0,328.5:0.0,329.5:0.0,330.5:0.0,331.6:0.0,332.6:0.0,333.6:0.0,334.7:0.0,335.7:0.0,336.7:0.0,337.8:0.0,332.5:0.0,333.5:882.2,334.5:872.0,335.5:865.7,336.6:860.7,337.7:855.7,338.7:850.7,339.9:845.2,340.9:840.2,341.8:834.7,343.0:829.5,344.0:826.0,345.1:822.2,346.1:817.2,347.1:814.7,348.3:813.0,349.2:810.2,350.2:808.5,351.3:807.7,352.4:806.7,
351.6:1407.7,352.7:1411.7,353.7:1415.5,354.7:1417.2,355.8:1422.2,3.8:0.0,4.8:0.0,5.9:0.0,6.9:0.0,0.9:1450.7,1.9:1475.2,3.0:1482.7,4.0:1495.7,5.0:1506.2,6.1:1514.2,7.1:1526.0,8.1:1537.5,9.2:1546.0,10.2:1556.7,18.3:0.0,19.3:0.0,13.3:1584.7,14.2:1620.0,15.3:0.0,16.3:1694.5,24.5:0.0,25.5:0.0,26.5:0.0,27.6:0.0,28.6:0.0,29.7:0.0,30.7:0.0,31.7:0.0,32.8:0.0,33.8:0.0,34.8:0.0,35.9:0.0,36.9:0.0,37.9:0.0,39.0:0.0,40.0:0.0,34.3:0.0,42.2:0.0,43.2:0.0,44.2:0.0,45.3:0.0,46.3:0.0,47.3:0.0,48.4:0.0,49.4:0.0,50.5:0.0,51.5:0.0,52.5:0.0,46.5:0.0,47.5:1554.2,48.6:1534.2,49.7:1511.7,57.7:0.0,58.7:0.0,59.8:0.0,60.8:0.0,61.9:0.0,62.9:0.0,57.0:0.0,58.0:1414.0,59.0:1406.0,60.1:1402.7,61.1:1399.5,62.1:1395.0,63.1:1388.2,64.2:1381.2,65.2:1379.7,66.3:1377.7,67.3:1372.5,68.4:1367.2,69.4:1364.2,70.4:1362.5,71.5:1361.0,72.5:1359.5,73.5:1359.2,74.6:1357.2,75.6:1357.0,76.7:1358.7,77.7:1360.5,78.7:1360.7,79.7:1361.2,80.8:1363.7,81.8:1366.5,82.8:1371.2,83.8:1374.7,84.9:1378.5,86.0:1383.2,87.0:1384.5,87.9:1390.0,89.0:1397.5,90.0:1402.0,91.1:1408.7,99.1:0.0,100.1:0.0,101.1:0.0,102.2:0.0,103.2:0.0,104.2:0.0,98.2:0.0,99.3:1498.2,100.3:1511.2,101.3:1525.0,109.4:0.0,103.8:0.0,104.7:1099.0,112.5:0.0,113.5:0.0,107.9:0.0,109.0:1048.0,110.0:1041.7,111.0:1036.7,112.0:1033.0,113.1:1029.0,114.1:1024.7,115.2:1022.2,116.2:1019.2,117.3:1014.7,118.2:1012.2,119.3:1010.5,120.4:1008.2,121.4:1005.7,122.4:1004.0,123.4:1005.0,124.5:1003.7,125.5:1003.2,126.5:1004.5,127.6:1004.5,128.5:1005.2,129.7:1004.2,130.7:1007.2,131.7:1010.2,132.8:1011.7,133.9:1015.0,134.9:0.0,135.9:1053.0,136.9:1051.2,137.9:1052.5,145.6:0.0,146.6:0.0,147.7:0.0,142.1:0.0,143.2:1015.5,144.2:1007.2,145.3:1000.2,146.3:993.2,147.4:985.5,148.4:979.2,149.4:974.0,150.5:969.0,151.5:963.2,152.6:958.7,153.7:954.7,154.6:952.2,155.8:947.5,156.8:942.5,157.9:940.5,158.9:937.0,159.9:934.7,161.0:933.5,162.0:929.7,163.1:928.2,164.0:927.2,165.1:926.0,166.2:925.2,167.2:925.0,168.2:926.2,169.2:927.7,170.3:927.7,171.4:927.2,172.4:929.0,173.4:931.7,174.4:934.7,175.5:936.7,176.5:937.5,177.6:941.2,178.5:945.7,179.5:948.5,180.6:952.7,181.6:956.7,182.7:960.5,183.7:964.7,184.7:969.7,185.7:974.7,186.7:983.2,194.3:0.0,195.3:0.0,196.4:0.0,197.4:0.0,198.4:0.0,199.5:0.0,200.5:0.0,201.5:0.0,202.6:0.0,203.6:0.0,204.6:0.0,205.7:0.0,206.7:0.0,207.7:0.0,208.8:0.0,209.8:0.0,210.9:0.0,211.9:0.0,213.0:0.0,208.6:0.0,215.0:0.0,210.7:575.0,211.8:566.5,212.8:566.7,213.9:568.5,214.8:568.2,221.3:0.0,222.3:0.0,223.3:0.0,224.4:0.0,225.4:0.0,226.5:0.0,227.5:0.0,228.5:0.0,229.6:0.0,230.6:0.0,231.6:0.0,232.7:0.0,233.7:0.0,234.7:0.0,235.8:0.0,236.8:0.0,237.9:0.0,238.9:0.0,239.9:0.0,241.0:0.0,242.0:0.0,236.3:0.0,237.3:1133.2,238.4:1126.5,239.4:1121.0,240.5:1117.2,241.5:1113.2,242.5:1108.2,243.6:1102.7,244.7:1098.5,245.6:1097.2,246.7:1094.2,247.7:1091.5,248.8:1090.2,249.8:1087.2,250.9:1087.7,251.9:1087.7,253.0:1085.2,254.0:1086.2,255.0:1087.2,256.0:1087.2,257.1:1088.5,258.2:1089.0,259.1:1091.7,260.1:1096.0,261.2:1096.5,262.2:1104.5,263.2:1117.0,264.3:1118.2,265.4:1115.2,266.4:1115.2,267.4:1118.5,268.4:1123.5,269.5:1130.2,270.5:1139.0,271.5:1144.5,272.5:1150.5,273.6:1159.2,274.6:1168.5,275.6:1176.2,276.6:1182.2,277.6:1192.7,278.6:1205.5,279.6:1216.7,280.7:1227.0,281.7:1235.7,282.6:1248.2,283.7:1263.5,284.7:1277.5,285.7:1290.5,293.6:0.0,294.7:0.0,295.7:0.0,296.7:0.0,297.8:0.0,298.8:0.0,299.8:0.0,300.9:0.0,301.9:0.0,296.2:0.0,304.0:0.0,305.0:0.0,299.4:1131.2,307.2:0.0,308.2:0.0,309.2:0.0,310.3:0.0,311.3:0.0,312.3:0.0,313.4:0.0,314.4:0.0,315.4:0.0,316.5:0.0,317.5:0.0,318.6:0.0,319.6:0.0,320.6:0.0,314.6:0.0,315.6:1628.5,323.7:0.0,317.7:0.0,318.7:1555.0,319.8:1547.0,320.9:1531.7,321.9:1521.2,323.0:1508.7,324.0:1495.7,325.0:1486.0,333.1:0.0,334.1:0.0,335.2:0.0,336.2:0.0,337.2:0.0,338.3:0.0,332.3:0.0,333.3:1416.0,334.4:1412.5,335.4:1408.0,336.5:1403.7,337.5:1400.7,338.5:1401.7,339.6:1401.5,340.6:1397.5,341.7:1397.2,342.7:1398.5,343.7:1399.2,344.7:1398.2,345.8:1396.2,346.9:1396.5,347.9:1399.0,348.9:1401.0,350.0:1403.5,351.0:1406.2,
351.9:1227.5,352.9:1230.0,354.0:1235.0,355.1:1238.2,356.1:1243.0,357.1:1247.5,358.1:1249.7,359.1:1255.0,0.2:1262.2,1.2:1270.0,2.2:1278.0,3.2:1284.5,11.2:0.0,12.2:0.0,13.3:0.0,14.3:0.0,15.3:0.0,16.4:0.0,17.4:0.0,18.5:0.0,12.5:0.0,20.5:0.0,21.6:0.0,22.6:0.0,23.7:0.0,24.7:0.0,25.7:0.0,19.8:0.0,27.8:0.0,28.8:0.0,29.9:0.0,30.9:0.0,32.0:0.0,33.0:0.0,34.0:0.0,35.1:0.0,36.1:0.0,37.1:0.0,38.2:0.0,39.2:0.0,40.2:0.0,41.3:0.0,42.4:0.0,43.4:0.0,37.7:0.0,38.9:1075.5,40.0:1065.5,41.0:1066.0,48.6:0.0,49.7:0.0,50.7:0.0,51.7:0.0,52.8:0.0,53.8:0.0,54.8:0.0,55.9:0.0,56.9:0.0,58.0:0.0,59.0:0.0,60.0:0.0,54.2:0.0,55.2:1392.7,56.2:1377.2,57.3:1371.5,58.3:1367.0,59.3:1358.7,60.4:1351.5,61.3:1346.7,62.5:1338.0,63.5:1334.0,64.5:1332.5,65.5:1328.2,66.5:1321.5,67.6:1317.7,68.6:1318.0,69.7:1314.7,70.7:1313.2,71.7:1310.7,72.8:1309.7,73.9:1311.7,74.9:1309.2,75.9:1306.2,77.0:1307.5,78.0:1308.7,85.9:0.0,80.1:1309.2,88.0:0.0,89.0:0.0,83.2:1318.2,91.1:0.0,85.2:1330.0,86.3:1334.0,87.3:1337.7,88.3:1344.7,89.3:1351.2,90.3:1361.2,91.4:1369.2,92.4:1372.7,93.5:1377.5,94.5:1386.2,95.5:1399.2,96.5:1407.5,104.5:0.0,105.6:0.0,106.6:0.0,107.6:0.0,108.7:0.0,102.6:0.0,103.7:1509.0,104.7:1520.5,105.7:1532.5,113.8:0.0,114.8:0.0,115.9:0.0,116.9:0.0,117.9:0.0,112.2:0.0,113.3:1168.5,121.0:0.0,115.4:0.0,116.4:1128.2,117.5:1127.7,118.5:1124.7,119.5:1122.2,120.5:1121.0,121.6:1120.0,122.6:1117.5,123.7:1116.7,124.7:1117.5,125.7:1114.2,126.8:1114.0,127.8:1116.7,128.8:1116.2,129.9:1114.0,130.9:1114.5,132.0:1121.2,133.0:1125.5,134.1:1127.2,135.1:1129.0,136.0:1133.5,137.0:1140.2,138.1:1144.7,139.2:1149.2,140.2:1153.5,141.2:1174.2,142.2:1194.5,143.2:1199.7,151.1:0.0,152.1:0.0,153.1:0.0,147.4:1188.5,148.5:1171.2,149.5:1165.7,150.6:1159.7,151.6:1153.2,152.6:1146.7,153.6:1142.5,154.7:1137.7,155.8:1133.2,156.8:1130.0,157.9:1126.2,158.9:1123.0,160.0:1120.0,161.0:1118.7,162.0:1116.7,163.1:1113.2,164.1:1113.0,165.2:1113.0,166.2:1111.7,167.2:1113.7,168.3:1114.2,169.3:1113.0,170.3:1114.0,171.4:1114.2,172.5:1114.2,173.4:1117.5,174.5:1120.0,175.5:1122.2,176.6:1125.7,177.6:1128.7,178.6:1132.0,179.6:1136.2,180.6:1142.2,181.7:1148.5,182.8:1153.7,183.7:1158.2,184.7:1163.5,185.8:1172.2,193.6:0.0,194.6:0.0,195.7:0.0,196.7:0.0,197.7:0.0,198.8:0.0,199.8:0.0,200.9:0.0,201.9:0.0,202.9:0.0,204.0:0.0,205.0:0.0,206.0:0.0,200.9:0.0,208.1:0.0,203.0:0.0,204.1:737.5,205.2:735.2,206.4:736.5,213.4:0.0,214.4:0.0,215.4:0.0,216.5:0.0,217.5:0.0,218.5:0.0,219.6:0.0,220.6:0.0,221.7:0.0,222.7:0.0,223.7:0.0,224.8:0.0,225.8:0.0,226.9:0.0,227.9:0.0,228.9:0.0,230.0:0.0,231.0:0.0,232.1:0.0,233.1:0.0,234.1:0.0,228.3:0.0,229.3:1247.7,230.4:1236.2,231.4:1228.7,232.5:1220.5,233.5:1211.0,234.6:1203.0,235.6:1197.0,236.7:1187.2,237.7:1178.2,238.7:1174.0,239.7:1169.2,240.8:1166.0,241.8:1162.5,242.9:1157.7,244.0:1153.7,245.0:1152.0,246.0:1150.0,247.1:1144.7,248.1:1141.2,249.1:1140.0,250.1:1137.5,251.3:1136.0,252.2:1140.7,253.3:1152.5,254.4:1152.7,255.3:1143.5,256.4:1142.0,257.5:1141.0,258.4:1142.7,259.5:1148.2,260.5:1151.0,261.6:1153.2,262.6:1156.7,263.6:1159.7,264.6:1163.7,265.7:1168.7,266.8:1171.7,267.8:1176.7,268.8:1182.5,269.8:1190.0,270.9:1196.7,271.8:1203.2,272.9:1212.7,273.9:1221.2,275.0:1229.5,275.9:1238.2,276.9:1248.5,277.9:1263.5,285.8:0.0,286.9:0.0,287.9:0.0,288.9:0.0,290.0:0.0,291.0:0.0,292.0:0.0,286.5:0.0,294.1:0.0,295.1:0.0,296.2:0.0,290.6:1054.0,298.2:0.0,299.2:0.0,300.3:0.0,301.3:0.0,302.3:0.0,303.4:0.0,304.4:0.0,305.5:0.0,306.5:0.0,307.6:0.0,308.6:0.0,309.6:0.0,310.7:0.0,311.7:0.0,312.7:0.0,313.8:0.0,314.8:0.0,308.8:0.0,316.9:0.0,317.9:0.0,319.0:0.0,320.0:0.0,321.0:0.0,322.1:0.0,323.1:0.0,324.1:0.0,325.2:0.0,326.2:0.0,327.2:0.0,328.3:0.0,329.3:0.0,323.5:0.0,324.5:1283.2,325.6:1274.5,326.6:1266.0,327.7:1262.7,328.7:1256.2,329.7:1248.7,330.7:1245.0,331.8:1239.2,332.9:1232.2,333.9:1228.5,334.9:1227.0,336.0:1224.2,337.0:1223.0,338.0:1221.2,339.0:1218.7,340.2:1219.2,341.2:1219.2,342.2:1212.2,343.2:1210.5,344.2:1214.7,345.3:1216.0,346.3:1215.2,347.4:1214.0,348.5:1217.2,349.5:1218.5,350.5:1221.0,351.6:1223.2,
353.1:947.5,354.2:950.5,355.2:951.0,356.2:953.2,357.2:959.2,358.3:963.5,359.3:969.0,0.4:974.7,1.4:978.2,2.4:982.7,3.5:990.5,4.5:998.7,5.5:1003.5,6.5:1010.0,7.6:1019.0,8.6:1028.0,9.7:1033.7,17.2:0.0,18.2:0.0,19.3:0.0,20.3:0.0,14.7:0.0,22.4:0.0,23.4:0.0,24.5:0.0,25.5:0.0,26.5:0.0,27.6:0.0,28.6:0.0,29.6:0.0,30.7:0.0,31.7:0.0,32.7:0.0,33.8:0.0,34.8:0.0,35.9:0.0,36.9:0.0,37.9:0.0,39.0:0.0,40.0:0.0,41.0:0.0,42.2:0.0,43.2:0.0,44.2:0.0,45.3:0.0,46.3:0.0,47.4:0.0,48.4:0.0,49.4:0.0,44.1:0.0,45.2:906.0,46.2:897.0,47.2:888.7,48.3:881.5,49.3:874.5,50.4:868.5,51.5:865.5,52.4:865.0,53.5:867.0,60.9:0.0,61.9:0.0,62.9:0.0,64.0:0.0,65.0:0.0,66.0:0.0,67.0:0.0,68.1:0.0,62.2:0.0,63.3:1286.7,64.3:1284.7,65.4:1266.7,66.4:1248.7,67.4:1247.5,68.4:1246.2,69.5:1242.5,70.6:1238.2,71.5:1238.2,72.7:1239.7,73.7:1237.5,74.7:1237.5,75.7:1238.0,76.8:1236.0,77.8:1235.5,78.8:1238.0,79.9:1241.2,80.9:1244.2,82.0:1247.0,83.0:1250.2,83.9:1252.5,85.0:1254.0,86.0:1259.0,87.0:1264.5,88.1:1270.0,89.1:1274.2,90.1:1277.0,91.1:1284.7,92.1:1294.0,100.1:0.0,101.1:0.0,102.1:0.0,103.2:0.0,104.2:0.0,98.3:0.0,99.3:1356.7,100.3:1368.2,101.4:1380.2,102.5:1388.5,110.4:0.0,111.4:0.0,112.5:0.0,113.5:0.0,114.5:0.0,115.5:0.0,116.6:0.0,117.6:0.0,118.6:0.0,119.6:0.0,120.7:0.0,121.7:0.0,115.6:0.0,123.8:0.0,124.8:0.0,125.8:0.0,126.9:0.0,127.9:0.0,128.9:0.0,130.0:0.0,124.1:0.0,125.1:1316.2,133.0:0.0,127.2:1301.7,128.2:1293.2,129.3:1292.7,130.3:1292.7,131.4:1296.7,132.4:1299.0,133.5:1300.5,134.4:1304.2,135.5:1308.5,143.4:0.0,144.5:0.0,138.6:1319.0,146.5:0.0,147.6:0.0,141.7:1337.5,142.7:1349.2,143.7:1354.5,144.8:1362.2,145.8:1369.5,146.8:1377.2,154.8:0.0,155.8:0.0,156.9:0.0,157.9:0.0,158.9:0.0,152.9:0.0,154.0:1439.0,155.1:1435.5,156.2:1430.7,157.2:1425.2,158.2:1420.5,159.3:1415.0,160.3:1411.2,161.3:1411.0,162.4:1409.0,163.4:1406.7,164.4:1405.2,165.5:1403.2,166.5:1403.2,167.6:1403.2,168.6:1403.5,169.6:1405.2,170.6:1406.5,171.7:1407.5,172.7:1409.7,173.7:1413.2,174.8:1418.0,175.8:1421.0,176.9:1425.0,177.9:1430.5,178.9:1436.2,179.9:1439.5,180.9:1443.7,182.0:1452.2,183.0:1458.7,184.0:1466.2,192.0:0.0,193.1:0.0,194.1:0.0,195.1:0.0,196.2:0.0,197.2:0.0,198.2:0.0,199.3:0.0,200.3:0.0,194.7:0.0,202.4:0.0,196.9:0.0,197.9:1007.0,198.9:1006.5,199.9:1015.2,200.9:1026.5,208.6:0.0,209.6:0.0,210.7:0.0,211.8:0.0,212.8:0.0,213.8:0.0,214.9:0.0,215.9:0.0,217.0:0.0,218.0:0.0,219.0:0.0,220.1:0.0,221.1:0.0,222.1:0.0,223.2:0.0,224.2:0.0,225.2:0.0,219.2:0.0,220.3:1459.0,221.4:1439.2,222.4:1423.2,223.5:1406.2,224.5:1389.0,225.6:1374.5,226.6:1362.7,227.6:1351.2,228.7:1336.7,229.7:1324.2,230.8:1317.2,231.8:1307.2,232.8:1297.5,233.9:1290.2,234.9:1281.7,236.0:1275.0,237.0:1270.2,238.0:1264.2,239.1:1261.5,240.1:1275.7,241.1:0.0,242.2:1245.5,243.2:1241.2,244.3:1237.0,245.3:1234.5,246.3:1232.7,247.5:1229.2,248.4:1228.0,249.5:1226.7,250.5:1223.5,251.5:1221.5,252.6:1223.0,253.6:1223.5,254.7:1222.2,255.7:1223.5,256.7:1226.7,257.8:1227.5,258.8:1228.5,259.8:1233.2,260.8:1235.5,261.9:1236.5,262.9:1239.0,263.9:1246.5,264.9:1263.0,272.8:0.0,273.9:0.0,274.9:0.0,275.9:0.0,270.5:0.0,271.5:996.0,272.5:1000.5,280.1:0.0,274.6:1001.0,275.5:999.2,276.6:1001.7,277.5:1006.5,278.6:1014.0,279.6:1022.7,280.7:1030.0,281.6:1038.2,289.2:0.0,290.3:0.0,291.3:0.0,292.3:0.0,293.4:0.0,294.4:0.0,295.4:0.0,296.5:0.0,297.5:0.0,298.5:0.0,299.6:0.0,300.6:0.0,301.6:0.0,302.7:0.0,303.7:0.0,304.7:0.0,305.7:0.0,306.9:0.0,307.9:0.0,309.0:0.0,310.0:0.0,311.0:0.0,312.0:0.0,313.1:0.0,314.1:0.0,315.1:0.0,316.2:0.0,317.2:0.0,311.5:0.0,319.3:0.0,320.3:0.0,321.4:0.0,322.4:0.0,316.8:0.0,317.8:1031.7,318.9:1022.0,319.9:1012.7,321.0:1004.2,328.6:0.0,323.2:993.5,324.2:983.7,325.2:977.7,326.2:972.2,327.3:969.2,328.3:965.7,329.3:960.7,330.4:959.0,331.4:956.7,332.4:951.0,333.6:947.2,334.5:945.7,335.7:942.7,336.6:939.5,337.6:935.7,338.7:933.5,339.8:933.0,340.8:932.2,341.9:931.2,342.9:932.0,343.9:932.7,344.9:933.5,346.0:935.7,347.0:936.7,348.0:935.5,349.0:937.7,350.1:940.0,351.2:940.2,
353.5:567.5,354.7:569.2,355.6:572.7,356.7:576.0,357.8:576.5,358.7:578.2,359.7:580.7,0.7:583.2,1.8:587.5,2.9:591.5,3.8:595.2,4.9:598.0,5.9:601.2,6.9:606.2,7.9:609.2,8.9:612.2,10.1:618.7,10.9:628.0,17.7:0.0,13.1:636.2,14.0:645.2,20.8:0.0,21.9:0.0,22.9:0.0,23.9:0.0,25.0:0.0,26.0:0.0,27.0:0.0,28.1:0.0,29.1:0.0,30.2:0.0,31.2:0.0,32.2:0.0,33.3:0.0,34.3:0.0,35.3:0.0,36.4:0.0,31.2:0.0,38.5:0.0,39.5:0.0,40.5:0.0,35.2:0.0,42.6:0.0,43.7:0.0,44.7:0.0,39.4:0.0,46.8:0.0,41.6:833.5,42.7:817.2,43.8:809.2,44.8:803.0,45.8:793.2,46.9:783.2,47.9:776.5,49.0:770.2,50.1:764.5,51.0:758.7,52.1:750.7,53.3:744.2,54.2:740.2,55.2:736.5,56.3:731.7,57.4:726.5,58.4:723.2,59.6:720.7,60.5:717.0,61.6:713.5,62.5:710.2,63.6:706.2,64.7:704.0,65.7:702.0,66.7:699.0,67.7:697.0,68.8:696.2,69.8:694.7,71.0:693.5,72.0:693.5,72.9:693.2,74.0:693.0,75.1:694.2,76.1:694.5,77.1:695.2,78.2:697.2,85.1:0.0,86.1:0.0,87.1:0.0,88.2:0.0,89.2:0.0,83.4:0.0,84.5:1158.5,85.5:1158.2,86.6:1161.2,87.6:1165.2,88.6:1170.0,89.6:1177.7,90.7:1183.5,91.7:1188.7,92.7:1196.7,100.5:0.0,101.6:0.0,102.6:0.0,103.6:0.0,104.7:0.0,105.7:0.0,99.9:0.0,107.8:0.0,108.8:0.0,109.8:0.0,110.9:0.0,111.9:0.0,112.9:0.0,114.0:0.0,115.0:0.0,116.0:0.0,117.0:0.0,118.1:0.0,119.1:0.0,120.1:0.0,121.2:0.0,122.2:0.0,123.2:0.0,124.3:0.0,125.3:0.0,126.3:0.0,127.4:0.0,128.4:0.0,129.4:0.0,130.5:0.0,131.5:0.0,132.5:0.0,133.6:0.0,134.6:0.0,135.6:0.0,136.7:0.0,137.7:0.0,138.7:0.0,139.8:0.0,140.8:0.0,134.8:0.0,135.7:1574.0,143.9:0.0,137.9:1576.0,138.9:1569.7,139.9:1574.7,140.9:1581.2,142.0:1587.7,143.0:1595.7,144.0:1605.2,145.1:1614.0,146.1:1625.2,147.1:1637.0,148.1:1646.0,149.2:1658.0,150.2:1674.2,151.2:1687.5,159.4:0.0,153.3:1710.5,154.3:1744.7,155.4:1777.7,163.6:0.0,164.7:0.0,158.5:1797.0,159.6:1797.7,160.6:1796.7,161.6:1796.2,162.7:1793.5,163.7:1794.7,164.7:1796.7,165.8:1792.0,166.8:1789.5,167.9:1791.5,168.9:1791.2,169.9:1793.0,170.9:1795.7,172.0:1797.7,173.0:1796.5,174.1:1797.5,175.1:1806.5,176.2:1816.5,177.1:1822.7,178.2:1827.0,179.2:1832.2,180.2:1841.0,181.2:1852.7,182.3:1863.0,190.6:0.0,191.6:0.0,192.6:0.0,193.7:0.0,194.7:0.0,195.7:0.0,196.8:0.0,197.8:0.0,191.9:0.0,192.9:1376.7,194.0:1376.7,201.9:0.0,203.0:0.0,204.0:0.0,205.0:0.0,206.1:0.0,207.1:0.0,208.2:0.0,209.2:0.0,210.3:0.0,211.3:0.0,212.3:0.0,213.4:0.0,214.4:0.0,215.5:0.0,216.5:0.0,217.5:0.0,211.4:0.0,212.4:1763.2,213.5:1733.5,214.5:1706.2,215.6:1679.7,216.6:1654.2,217.7:1631.7,218.7:1612.5,219.8:1595.5,220.8:1578.0,221.9:1559.7,222.9:1543.5,223.9:1528.7,225.0:1511.0,226.1:1499.7,227.1:1503.5,228.1:1487.0,229.2:1457.0,230.2:1445.5,231.2:1436.2,232.3:1425.5,233.3:1416.7,234.4:1408.7,235.4:1396.5,236.5:1384.0,237.5:1376.5,238.6:1370.0,239.6:1366.7,240.6:1364.2,241.6:1357.7,242.7:1350.7,243.8:1346.0,244.8:1341.0,245.8:1337.5,246.9:1337.0,248.2:0.0,249.2:1057.5,250.3:1052.5,251.3:1052.2,259.0:0.0,253.4:1039.5,254.5:1025.7,255.5:1023.5,256.5:1023.0,257.6:1026.2,258.6:1028.7,259.7:1028.5,260.6:1029.5,261.7:1032.2,262.7:1034.5,263.8:1035.5,264.8:1039.0,265.9:1042.2,266.8:1047.0,267.9:1050.7,269.0:1055.2,270.0:1061.7,270.9:1066.5,272.0:1073.5,273.0:1080.2,274.1:1084.5,275.1:1087.2,276.0:1096.5,277.1:1106.2,278.0:1110.7,285.8:0.0,280.1:0.0,281.0:1182.5,288.9:0.0,289.9:0.0,291.0:0.0,292.0:0.0,293.0:0.0,294.0:0.0,295.1:0.0,296.1:0.0,297.1:0.0,298.2:0.0,299.2:0.0,300.2:0.0,301.3:0.0,302.3:0.0,303.3:0.0,304.4:0.0,305.4:0.0,306.5:0.0,307.5:0.0,308.6:0.0,309.6:0.0,310.6:0.0,311.7:0.0,312.7:0.0,313.7:0.0,314.8:0.0,315.8:0.0,316.8:0.0,317.9:0.0,313.1:0.0,319.9:0.0,315.2:638.0,316.2:627.7,317.4:620.2,318.3:614.0,319.6:610.0,320.5:606.0,321.7:600.2,322.7:595.7,323.6:591.7,324.7:586.5,325.9:582.7,326.9:580.5,328.0:579.2,329.0:577.0,330.0:573.7,331.0:571.2,332.1:570.0,333.2:567.5,334.2:565.5,335.2:566.0,336.2:564.7,337.4:562.7,338.4:562.7,339.4:563.0,340.5:561.0,341.5:559.2,342.6:559.0,343.6:558.7,344.5:558.7,345.5:559.7,346.8:559.5,347.8:559.5,348.8:561.5,349.7:563.2,350.8:564.0,351.8:565.5,352.8:567.5,
355.2:376.0,356.5:377.2,357.5:378.7,358.5:381.2,359.3:383.7,0.7:386.0,1.4:387.2,2.7:389.5,3.7:392.7,4.6:394.2,5.4:396.7,6.8:399.0,7.5:401.5,8.7:404.5,9.8:407.2,10.6:412.0,11.4:417.2,12.7:421.0,18.1:0.0,19.2:0.0,15.7:0.0,21.2:0.0,22.2:0.0,23.3:0.0,24.3:0.0,25.4:0.0,26.4:0.0,27.4:0.0,28.5:0.0,29.5:0.0,30.5:0.0,31.6:0.0,32.6:0.0,33.6:0.0,34.7:0.0,35.7:0.0,36.7:0.0,37.8:0.0,38.8:0.0,39.9:0.0,40.9:0.0,42.0:0.0,43.0:0.0,44.1:0.0,45.1:0.0,46.1:0.0,47.2:0.0,48.2:0.0,49.2:0.0,44.2:0.0,45.4:748.7,46.4:738.5,53.4:0.0,48.5:726.5,49.5:715.2,50.5:706.7,51.6:699.2,52.6:694.2,53.8:690.5,54.8:686.7,55.9:682.5,56.9:678.5,58.0:673.7,59.0:669.2,60.1:666.5,61.0:663.5,62.2:661.0,63.1:658.7,64.2:655.7,65.1:653.0,66.2:651.5,67.2:649.7,68.3:648.5,69.3:647.7,70.3:647.0,71.5:645.7,72.4:643.7,73.4:643.0,74.6:643.2,75.6:644.0,76.5:644.7,77.7:644.7,78.7:644.2,79.6:645.2,80.7:646.7,81.8:647.5,82.7:649.2,83.8:650.7,84.8:652.2,85.7:655.7,86.9:658.7,87.8:660.7,88.9:662.2,89.8:665.0,90.9:670.5,92.0:677.5,93.0:681.2,99.8:0.0,100.9:0.0,101.9:0.0,103.0:0.0,97.2:0.0,98.2:1187.2,106.0:0.0,107.1:0.0,108.1:0.0,109.1:0.0,110.2:0.0,111.2:0.0,112.2:0.0,113.3:0.0,114.3:0.0,115.3:0.0,116.4:0.0,117.4:0.0,118.4:0.0,119.5:0.0,120.5:0.0,121.5:0.0,122.5:0.0,123.6:0.0,124.6:0.0,125.7:0.0,126.7:0.0,127.7:0.0,128.7:0.0,129.8:0.0,130.8:0.0,131.8:0.0,132.9:0.0,133.9:0.0,134.9:0.0,136.0:0.0,137.0:0.0,138.1:0.0,139.1:0.0,140.1:0.0,141.2:0.0,142.2:0.0,143.2:0.0,144.3:0.0,145.3:0.0,139.2:0.0,140.2:1724.7,148.4:0.0,142.3:1725.0,143.3:1727.7,144.3:1739.0,145.4:1748.5,146.4:1758.5,147.4:1770.0,148.5:1784.7,149.5:1797.7,157.7:0.0,158.7:0.0,152.6:1825.5,160.8:0.0,162.0:0.0,163.0:0.0,156.7:0.0,157.8:1984.2,166.1:0.0,167.1:0.0,160.9:1997.5,161.9:1992.2,163.0:1988.2,164.0:1985.7,165.0:1982.5,166.1:1978.2,167.1:1979.2,168.2:1979.2,169.2:1983.2,170.2:1988.7,171.3:1991.2,172.3:1994.2,173.3:2000.7,174.4:2006.2,175.4:2010.2,176.5:2016.7,177.5:2021.5,178.5:2027.7,179.5:2036.2,180.5:2042.0,181.5:2046.7,182.6:2064.5,190.9:0.0,191.9:0.0,193.0:0.0,194.0:0.0,195.0:0.0,196.1:0.0,190.0:0.0,191.1:1568.7,192.1:1569.2,193.2:1577.5,201.2:0.0,195.2:1608.0,196.2:1633.2,204.4:0.0,198.2:1660.7,206.4:0.0,207.5:0.0,208.5:0.0,209.5:0.0,210.7:0.0,211.7:0.0,212.7:0.0,213.8:0.0,214.8:0.0,208.6:0.0,209.6:1917.5,210.7:1879.0,211.7:1845.5,212.8:1818.5,213.8:1793.0,214.9:1766.0,215.9:1737.2,217.0:1712.2,218.0:1690.5,219.1:1668.7,220.2:1649.5,221.2:1641.0,222.2:1624.7,223.3:1600.0,224.3:1583.2,225.4:1567.2,226.4:1552.0,227.4:1537.5,228.5:1526.5,229.6:1514.2,230.6:1500.5,231.6:1490.5,232.7:1481.0,233.7:1471.2,234.7:1461.7,235.8:1452.5,236.8:1444.7,237.9:1436.7,245.9:0.0,240.2:0.0,241.3:1127.0,242.4:1122.7,243.4:1105.0,244.4:1088.7,245.5:1085.5,246.6:1083.2,247.5:1080.5,248.6:1076.2,249.7:1075.5,250.7:1074.7,251.6:1075.2,252.7:1074.5,253.8:1073.2,254.8:1074.0,255.8:1074.2,256.9:1075.5,258.0:1075.7,259.0:1074.7,259.9:1076.7,261.0:1080.0,262.1:1083.5,263.1:1087.7,264.1:1092.0,265.2:1094.0,266.1:1094.5,267.2:1098.0,268.3:1105.2,269.2:1110.5,270.3:0.0,271.3:1154.5,272.3:1158.7,273.3:1169.7,281.1:0.0,282.1:0.0,283.1:0.0,284.1:0.0,285.2:0.0,286.2:0.0,287.2:0.0,288.3:0.0,289.3:0.0,290.3:0.0,291.4:0.0,292.4:0.0,293.4:0.0,294.5:0.0,295.5:0.0,296.5:0.0,297.5:0.0,298.6:0.0,299.6:0.0,300.6:0.0,301.7:0.0,302.7:0.0,303.7:0.0,304.8:0.0,305.8:0.0,307.0:0.0,308.0:0.0,309.0:0.0,310.1:0.0,311.1:0.0,312.1:0.0,313.2:0.0,314.2:0.0,315.2:0.0,311.6:0.0,312.9:427.0,313.7:421.5,314.7:416.7,316.2:413.5,317.1:410.0,317.9:406.5,319.4:403.5,320.1:400.0,321.3:397.0,322.5:394.5,323.6:392.0,324.6:389.2,325.6:387.5,326.5:386.0,327.9:383.0,328.7:381.5,330.0:379.7,331.1:377.7,332.0:376.5,332.9:375.0,334.2:374.0,335.3:371.7,336.0:371.7,337.1:371.7,338.2:370.5,339.3:369.7,340.2:369.2,341.6:369.0,342.3:369.0,343.3:368.5,344.3:368.0,345.4:368.2,346.4:368.5,347.5:369.2,348.7:370.0,349.8:370.7,350.7:371.2,351.8:372.2,352.7:374.0,353.9:375.2,
359.2:0.0,353.5:0.0,354.4:1260.5,355.5:1268.5,3.4:0.0,4.4:0.0,5.5:0.0,6.5:0.0,7.5:0.0,8.6:0.0,9.6:0.0,10.6:0.0,11.7:0.0,12.7:0.0,13.8:0.0,14.8:0.0,15.8:0.0,16.9:0.0,17.9:0.0,18.9:0.0,20.0:0.0,21.0:0.0,22.1:0.0,23.1:0.0,24.1:0.0,25.2:0.0,26.2:0.0,27.2:0.0,28.3:0.0,29.3:0.0,30.4:0.0,31.4:0.0,32.4:0.0,33.5:0.0,34.5:0.0,35.5:0.0,29.5:0.0,30.6:1512.2,38.7:0.0,32.7:1506.7,33.7:1501.5,34.7:1507.2,35.8:1512.7,36.9:1516.0,37.9:1521.2,38.9:1531.2,40.0:1538.5,41.0:1544.5,42.0:1555.5,43.0:1567.0,44.1:1574.7,45.1:1584.5,46.1:1596.0,47.1:1610.5,48.2:1623.7,49.2:1635.0,50.2:0.0,58.4:0.0,59.5:0.0,60.5:0.0,54.4:1710.7,55.4:1712.7,56.5:1707.2,57.5:1704.2,58.6:1701.0,59.6:1698.0,60.6:1696.2,61.6:1695.7,62.6:1694.2,63.7:1691.5,64.7:1691.2,65.8:1692.7,66.8:1696.0,67.9:1699.5,68.9:1700.5,69.9:1702.5,70.9:1707.5,72.0:1713.5,73.0:1717.5,74.0:1723.2,75.1:1727.7,76.1:1731.0,77.1:1740.2,78.2:1749.0,79.2:1756.2,80.2:1766.7,88.5:0.0,89.5:0.0,90.5:0.0,91.5:0.0,92.5:0.0,93.6:0.0,94.6:0.0,95.6:0.0,89.8:0.0,90.9:1282.7,98.7:0.0,99.8:0.0,100.8:0.0,101.8:0.0,102.9:0.0,103.9:0.0,105.0:0.0,106.0:0.0,107.0:0.0,108.1:0.0,109.1:0.0,110.1:0.0,111.2:0.0,112.2:0.0,113.2:0.0,114.3:0.0,115.3:0.0,116.3:0.0,110.2:0.0,111.3:1675.7,112.3:1649.5,113.4:1624.0,114.4:1604.0,115.4:1585.5,116.5:1566.2,117.5:1547.0,118.6:1529.5,119.6:1511.7,120.7:1493.0,121.7:1479.0,122.7:1465.2,123.8:1450.5,124.9:1438.0,125.9:1433.5,126.9:1427.7,128.0:1408.0,129.1:1390.0,130.0:1381.0,131.1:1373.7,132.2:1366.0,133.2:1360.5,134.2:1354.7,135.3:1346.2,136.3:1338.0,137.3:1332.2,138.4:1328.5,139.4:1323.7,140.4:1318.2,141.5:1315.2,142.5:1311.7,143.6:1308.5,144.6:1306.7,145.6:1304.5,146.6:1303.2,147.7:1304.0,148.7:1309.5,150.0:0.0,151.1:1028.7,152.1:1023.0,153.2:1024.7,154.1:1029.2,155.3:1019.5,156.4:1005.0,157.4:1006.2,158.5:1008.7,159.6:1010.7,160.5:1012.2,161.6:1016.5,162.7:1019.2,163.7:1021.0,164.7:1026.2,165.7:1031.2,166.7:1036.7,167.8:1040.2,168.9:1043.7,169.9:1049.7,170.9:1057.2,172.0:1066.2,173.0:1072.5,174.0:1078.2,175.0:1086.7,176.0:1095.0,177.0:1102.0,178.1:1108.7,185.8:0.0,186.8:0.0,187.9:0.0,188.9:0.0,189.9:0.0,191.0:0.0,192.0:0.0,193.0:0.0,194.1:0.0,195.1:0.0,196.2:0.0,197.2:0.0,198.2:0.0,199.3:0.0,200.3:0.0,201.3:0.0,202.4:0.0,203.4:0.0,204.5:0.0,205.5:0.0,206.5:0.0,207.6:0.0,208.6:0.0,209.6:0.0,210.7:0.0,211.8:0.0,212.8:0.0,213.9:0.0,214.9:0.0,215.9:0.0,217.0:0.0,212.0:0.0,213.0:732.5,214.1:724.7,215.2:720.0,216.2:713.7,217.4:707.0,218.4:702.0,219.4:698.2,220.5:694.0,221.6:688.2,222.6:682.7,223.5:679.0,224.7:676.5,225.6:673.2,226.8:669.2,227.8:663.5,228.8:660.5,229.8:662.0,230.8:660.0,231.9:658.7,233.0:657.7,234.1:655.0,235.1:653.2,236.2:652.5,237.2:652.5,238.2:651.5,239.2:652.2,240.3:652.2,241.3:650.5,242.3:651.0,243.3:652.0,244.5:652.0,245.5:654.0,246.5:655.2,247.6:655.7,248.5:657.0,249.6:658.0,250.6:662.2,251.5:665.5,252.6:667.5,253.6:669.2,254.7:672.0,255.8:676.0,256.8:679.2,257.8:682.0,258.8:684.2,259.7:686.7,260.9:691.2,262.0:696.0,263.0:701.0,263.9:704.7,265.0:711.2,265.9:719.2,273.0:0.0,268.0:728.7,275.1:0.0,276.1:0.0,277.1:0.0,272.0:0.0,273.1:767.2,280.3:0.0,281.3:0.0,282.2:0.0,277.0:0.0,284.3:0.0,285.3:0.0,286.3:0.0,287.4:0.0,288.4:0.0,289.5:0.0,290.5:0.0,291.5:0.0,292.5:0.0,287.1:0.0,294.6:0.0,295.6:0.0,296.7:0.0,297.7:0.0,298.7:0.0,299.8:0.0,294.4:0.0,301.8:0.0,302.9:0.0,297.6:0.0,298.6:854.7,306.0:0.0,307.1:0.0,301.9:0.0,302.8:815.5,303.9:809.7,305.0:802.0,306.0:792.5,307.2:786.7,308.2:783.2,309.2:778.0,310.2:771.5,311.3:767.5,312.4:762.2,313.5:756.0,314.5:752.0,315.6:748.2,316.6:743.7,317.6:741.2,318.7:739.0,319.8:735.0,320.6:731.7,321.7:729.2,322.7:727.2,323.9:726.2,324.9:724.5,326.0:724.0,327.0:726.5,328.0:728.2,335.1:0.0,336.1:0.0,337.1:0.0,338.2:0.0,332.4:0.0,333.5:1191.7,341.3:0.0,335.6:1181.2,336.6:1169.0,337.6:1168.0,338.6:1171.0,339.7:1175.0,340.7:1178.2,341.8:1183.5,342.7:1187.2,343.8:1191.5,344.9:1196.2,345.9:1199.5,346.9:1204.5,354.8:0.0,355.8:0.0,356.9:0.0,357.9:0.0,
