0:2890,1:2986,2:3063,3:3244,4:3258,5:3391,6:3487,7:3617,8:3739,9:3811,10:3935,11:3968,12:2859,13:3025,14:3081,15:3241,16:3264,17:3398,18:3472,19:3599,20:3679,21:3846,22:3910,23:4045,24:2870,25:2984,26:3128,27:3174,28:3293,29:3409,30:3456,31:3572,32:3671,33:3755,34:3937,35:4034,36:2909,37:3031,38:3080,39:3211,40:3336,41:3398,42:3490,43:3648,44:3659,45:3776,46:3890,47:3951,48:2920,49:2954,50:3147,51:3160,52:3298,53:3420,54:3521,55:3570,56:3705,57:3822,58:3884,59:3953,60:2925,61:3000,62:3069,63:3199,64:3250,65:3359,66:3497,67:3622,68:3657,69:3816,70:3872,71:3953,72:2909,73:2967,74:3078,75:3232,76:3319,77:3376,78:3538,79:3620,80:3664,81:3774,82:3885,83:3997,84:2909,85:2971,86:3136,87:3168,88:3315,89:3448,90:3527,91:3648,92:3716,93:3761,94:3947,95:3994,96:2892,97:3039,98:3063,99:3224,100:3280,101:3360,102:3529,103:3565,104:3708,105:3758,106:3939,107:4026,108:2884,109:2974,110:3119,111:3168,112:3323,113:3395,114:3478,115:3564,116:3704,117:3789,118:3910,119:4031,120:2880,121:3034,122:3055,123:3248,124:3334,125:3444,126:3539,127:3586,128:3694,129:3835,130:3887,131:4048,132:2944,133:3021,134:3077,135:3202,136:3298,137:3391,138:3459,139:3617,140:3708,141:3819,142:3941,143:3995,144:2857,145:2992,146:3066,147:3212,148:3295,149:3391,150:3456,151:3628,152:3708,153:3759,154:3943,155:4048,156:2878,157:3024,158:3084,159:3171,160:3322,161:3435,162:3519,163:3638,164:3741,165:3838,166:3932,167:3956,168:2888,169:2961,170:3081,171:3155,172:3271,173:3364,174:3516,175:3631,176:3720,177:3821,178:3895,179:3960,180:2858,181:2978,182:3100,183:3239,184:3274,185:3431,186:3499,187:3568,188:3697,189:3818,190:3869,191:3980,192:2915,193:2950,194:3146,195:3236,196:3306,197:3434,198:3501,199:3591,200:3672,201:3830,202:3873,203:3963,204:2915,205:3007,206:3122,207:3183,208:3256,209:3438,210:3523,211:3580,212:3660,213:3813,214:3912,215:4004,216:2862,217:3027,218:3103,219:3209,220:3254,221:3359,222:3498,223:3647,224:3665,225:3754,226:3924,227:3953,228:2881,229:3026,230:3144,231:3186,232:3277,233:3381,234:3508,235:3589,236:3654,237:3800,238:3905,239:4049,240:2939,241:3042,242:3141,243:3178,244:3322,245:3378,246:3466,247:3640,248:3744,249:3803,250:3917,251:4011,252:2920,253:3000,254:3129,255:3185,256:3283,257:3377,258:3495,259:3618,260:3651,261:3843,262:3897,263:4036,264:2939,265:2999,266:3075,267:3165,268:3326,269:3401,270:3491,271:3616,272:3659,273:3845,274:3858,275:4032,276:2895,277:3022,278:3092,279:3188,280:3329,281:3419,282:3486,283:3579,284:3699,285:3827,286:3942,287:4021,288:2866,289:3031,290:3080,291:3171,292:3322,293:3422,294:3451,295:3566,296:3675,297:3753,298:3935,299:4011,300:2924,301:3007,302:3133,303:3184,304:3319,305:3379,306:3527,307:3604,308:3683,309:3839,310:3945,311:4025,312:2880,313:3002,314:3057,315:3193,316:3307,317:3356,318:3531,319:3634,320:3673,321:3831,322:3934,323:4032,324:2904,325:3036,326:3068,327:3159,328:3300,329:3379,330:3508,331:3557,332:3653,333:3806,334:3899,335:3988,336:2900,337:2998,338:3112,339:3170,340:3312,341:3384,342:3506,343:3599,344:3688,345:3812,346:3879,347:3983,348:2882,349:2967,350:3063,351:3210,352:3345,353:3356,354:3463,355:3581,356:3742,357:3761,358:3922,359:3993
0:2909,1:3022,2:3118,3:3184,4:3348,5:3449,6:3526,7:3598,8:3677,9:3762,10:3883,11:4028,12:2851,13:2992,14:3062,15:3193,16:3301,17:3412,18:3489,19:3592,20:3667,21:3801,22:3935,23:3965,24:2926,25:2996,26:3145,27:3240,28:3250,29:3361,30:3511,31:3585,32:3674,33:3825,34:3943,35:4030,36:2901,37:3006,38:3124,39:3249,40:3313,41:3375,42:3470,43:3648,44:3731,45:3763,46:3850,47:3985,48:2854,49:3048,50:3110,51:3180,52:3301,53:3409,54:3455,55:3605,56:3731,57:3766,58:3935,59:3991,60:2946,61:2992,62:3086,63:3178,64:3259,65:3445,66:3496,67:3647,68:3743,69:3812,70:3886,71:4023,72:2880,73:2961,74:3088,75:3211,76:3313,77:3413,78:3511,79:3551,80:3658,81:3810,82:3938,83:3980,84:2918,85:2965,86:3050,87:3161,88:3275,89:3351,90:3522,91:3609,92:3732,93:3797,94:3943,95:3978,96:2872,97:3024,98:3140,99:3151,100:3273,101:3426,102:3518,103:3572,104:3741,105:3770,106:3890,107:4031,108:2943,109:2986,110:3092,111:3205,112:3297,113:3387,114:3526,115:3580,116:3723,117:3828,118:3865,119:3952,120:2917,121:3016,122:3088,123:3188,124:3270,125:3363,126:3451,127:3578,128:3672,129:3773,130:3904,131:3995,132:2907,133:2991,134:3058,135:3218,136:3304,137:3401,138:3515,139:3621,140:3720,141:3759,142:3889,143:4036,144:2884,145:2979,146:3057,147:3168,148:3303,149:3449,150:3507,151:3556,152:3691,153:3751,154:3857,155:4030,156:2886,157:2984,158:3142,159:3227,160:3344,161:3408,162:3465,163:3587,164:3716,165:3754,166:3918,167:4016,168:2893,169:3015,170:3125,171:3160,172:3292,173:3395,174:3536,175:3551,176:3730,177:3796,178:3877,179:3961,180:2928,181:3020,182:3071,183:3182,184:3310,185:3358,186:3502,187:3574,188:3701,189:3826,190:3859,191:3959,192:2925,193:2954,194:3132,195:3223,196:3283,197:3417,198:3483,199:3623,200:3680,201:3775,202:3874,203:4013,204:2921,205:2968,206:3070,207:3179,208:3303,209:3394,210:3494,211:3552,212:3693,213:3779,214:3946,215:3959,216:2894,217:3045,218:3064,219:3236,220:3253,221:3443,222:3533,223:3606,224:3685,225:3754,226:3928,227:3980,228:2872,229:3001,230:3092,231:3226,232:3259,233:3395,234:3497,235:3627,236:3712,237:3818,238:3945,239:4019,240:2872,241:2999,242:3147,243:3228,244:3253,245:3391,246:3478,247:3620,248:3675,249:3835,250:3877,251:4004,252:2868,253:2956,254:3069,255:3154,256:3348,257:3441,258:3492,259:3567,260:3709,261:3782,262:3932,263:3982,264:2875,265:2976,266:3121,267:3195,268:3304,269:3352,270:3454,271:3603,272:3672,273:3806,274:3938,275:4041,276:2861,277:3018,278:3099,279:3218,280:3321,281:3442,282:3497,283:3556,284:3741,285:3808,286:3902,287:3970,288:2854,289:2958,290:3135,291:3191,292:3329,293:3430,294:3514,295:3606,296:3683,297:3806,298:3875,299:4012,300:2929,301:2998,302:3144,303:3191,304:3336,305:3363,306:3523,307:3614,308:3650,309:3777,310:3897,311:4034,312:2901,313:3035,314:3094,315:3211,316:3324,317:3407,318:3536,319:3596,320:3665,321:3833,322:3887,323:4027,324:2858,325:2975,326:3090,327:3236,328:3260,329:3437,330:3543,331:3640,332:3688,333:3774,334:3939,335:3978,336:2923,337:2964,338:3097,339:3186,340:3341,341:3370,342:3521,343:3570,344:3736,345:3782,346:3934,347:4023,348:2936,349:2967,350:3119,351:3187,352:3313,353:3384,354:3539,355:3628,356:3701,357:3818,358:3857,359:4021
0:2906,1:3030,2:3106,3:3160,4:3326,5:3407,6:3546,7:3611,8:3652,9:3798,10:3939,11:4018,12:2923,13:3010,14:3112,15:3151,16:3348,17:3357,18:3526,19:3638,20:3670,21:3793,22:3907,23:3973,24:2901,25:3007,26:3061,27:3195,28:3305,29:3426,30:3458,31:3571,32:3675,33:3841,34:3932,35:3982,36:2920,37:3024,38:3135,39:3198,40:3262,41:3387,42:3500,43:3579,44:3659,45:3795,46:3925,47:4048,48:2877,49:2950,50:3146,51:3222,52:3328,53:3369,54:3538,55:3560,56:3748,57:3755,58:3862,59:3989,60:2914,61:3033,62:3114,63:3249,64:3274,65:3386,66:3523,67:3591,68:3655,69:3803,70:3892,71:4006,72:2900,73:3013,74:3142,75:3173,76:3299,77:3442,78:3541,79:3631,80:3735,81:3816,82:3851,83:4035,84:2864,85:3032,86:3063,87:3207,88:3254,89:3365,90:3485,91:3648,92:3706,93:3780,94:3869,95:4005,96:2938,97:3037,98:3111,99:3228,100:3251,101:3394,102:3480,103:3577,104:3708,105:3811,106:3900,107:3970,108:2939,109:2996,110:3081,111:3217,112:3335,113:3402,114:3537,115:3593,116:3650,117:3815,118:3930,119:3985,120:2904,121:2998,122:3127,123:3219,124:3276,125:3436,126:3454,127:3611,128:3685,129:3794,130:3888,131:4006,132:2862,133:3015,134:3076,135:3215,136:3271,137:3430,138:3549,139:3636,140:3721,141:3833,142:3925,143:4011,144:2857,145:3034,146:3096,147:3150,148:3331,149:3368,150:3495,151:3639,152:3732,153:3803,154:3909,155:4028,156:2878,157:3010,158:3060,159:3200,160:3294,161:3406,162:3529,163:3602,164:3704,165:3829,166:3874,167:3995,168:2860,169:3024,170:3085,171:3200,172:3293,173:3397,174:3510,175:3587,176:3744,177:3849,178:3854,179:4025,180:2911,181:2993,182:3095,183:3223,184:3305,185:3407,186:3515,187:3647,188:3740,189:3811,190:3899,191:4026,192:2934,193:2980,194:3064,195:3168,196:3258,197:3353,198:3540,199:3551,200:3749,201:3777,202:3882,203:3990,204:2859,205:2951,206:3119,207:3247,208:3276,209:3416,210:3521,211:3555,212:3712,213:3780,214:3886,215:3991,216:2853,217:3000,218:3129,219:3223,220:3252,221:3357,222:3530,223:3612,224:3718,225:3770,226:3914,227:4034,228:2852,229:2955,230:3139,231:3166,232:3336,233:3439,234:3517,235:3558,236:3696,237:3824,238:3895,239:4017,240:2903,241:3029,242:3063,243:3182,244:3279,245:3430,246:3516,247:3563,248:3726,249:3820,250:3899,251:3977,252:2922,253:3003,254:3092,255:3245,256:3343,257:3393,258:3534,259:3637,260:3688,261:3823,262:3869,263:3955,264:2861,265:3024,266:3082,267:3194,268:3298,269:3437,270:3492,271:3605,272:3737,273:3771,274:3945,275:3985,276:2885,277:2982,278:3140,279:3180,280:3347,281:3373,282:3548,283:3604,284:3689,285:3826,286:3894,287:4012,288:2949,289:2990,290:3132,291:3234,292:3269,293:3396,294:3458,295:3622,296:3738,297:3841,298:3856,299:4027,300:2876,301:3028,302:3133,303:3242,304:3280,305:3354,306:3493,307:3594,308:3651,309:3805,310:3945,311:3952,312:2857,313:3046,314:3102,315:3180,316:3324,317:3405,318:3494,319:3629,320:3735,321:3821,322:3869,323:4027,324:2948,325:3041,326:3098,327:3172,328:3259,329:3370,330:3456,331:3630,332:3667,333:3845,334:3917,335:4008,336:2853,337:2957,338:3073,339:3220,340:3270,341:3441,342:3481,343:3554,344:3721,345:3784,346:3938,347:4004,348:2871,349:3040,350:3084,351:3216,352:3331,353:3389,354:3451,355:3604,356:3711,357:3760,358:3945,359:4010
0:2905,1:2960,2:3127,3:3201,4:3306,5:3388,6:3544,7:3648,8:3679,9:3817,10:3912,11:4015,12:2904,13:2997,14:3106,15:3211,16:3253,17:3375,18:3532,19:3594,20:3743,21:3808,22:3933,23:3981,24:2874,25:3033,26:3121,27:3167,28:3265,29:3403,30:3497,31:3568,32:3700,33:3787,34:3872,35:4009,36:2875,37:3044,38:3142,39:3155,40:3286,41:3420,42:3506,43:3578,44:3663,45:3792,46:3880,47:3967,48:2878,49:2957,50:3095,51:3186,52:3306,53:3357,54:3481,55:3634,56:3739,57:3770,58:3912,59:4042,60:2900,61:3028,62:3070,63:3160,64:3279,65:3447,66:3546,67:3555,68:3661,69:3832,70:3854,71:3994,72:2895,73:2990,74:3063,75:3151,76:3313,77:3382,78:3493,79:3560,80:3675,81:3792,82:3867,83:3974,84:2904,85:3001,86:3072,87:3156,88:3343,89:3427,90:3454,91:3557,92:3676,93:3810,94:3897,95:3994,96:2863,97:2967,98:3115,99:3220,100:3260,101:3369,102:3452,103:3563,104:3666,105:3761,106:3872,107:3956,108:2938,109:3012,110:3114,111:3190,112:3313,113:3353,114:3467,115:3572,116:3690,117:3838,118:3899,119:3959,120:2938,121:2979,122:3106,123:3219,124:3325,125:3370,126:3505,127:3638,128:3728,129:3845,130:3932,131:3976,132:2869,133:3025,134:3137,135:3213,136:3261,137:3360,138:3526,139:3551,140:3697,141:3831,142:3862,143:3970,144:2913,145:3018,146:3126,147:3160,148:3288,149:3399,150:3520,151:3605,152:3673,153:3837,154:3872,155:3972,156:2949,157:3030,158:3053,159:3198,160:3320,161:3379,162:3482,163:3589,164:3728,165:3783,166:3896,167:4005,168:2908,169:2958,170:3134,171:3183,172:3295,173:3443,174:3503,175:3624,176:3668,177:3762,178:3946,179:3950,180:2867,181:2960,182:3099,183:3187,184:3265,185:3422,186:3496,187:3613,188:3687,189:3754,190:3883,191:4028,192:2859,193:3005,194:3077,195:3171,196:3299,197:3405,198:3534,199:3604,200:3687,201:3759,202:3931,203:4040,204:2919,205:3042,206:3092,207:3237,208:3308,209:3358,210:3461,211:3645,212:3735,213:3799,214:3895,215:3979,216:2868,217:2982,218:3126,219:3192,220:3311,221:3405,222:3459,223:3644,224:3743,225:3821,226:3949,227:4040,228:2915,229:3034,230:3081,231:3166,232:3341,233:3425,234:3531,235:3605,236:3654,237:3831,238:3928,239:3994,240:2896,241:2996,242:3064,243:3217,244:3262,245:3385,246:3530,247:3559,248:3650,249:3752,250:3870,251:3958,252:2859,253:3004,254:3134,255:3200,256:3288,257:3371,258:3507,259:3635,260:3694,261:3774,262:3857,263:4000,264:2866,265:2972,266:3073,267:3180,268:3302,269:3372,270:3470,271:3583,272:3742,273:3817,274:3928,275:3996,276:2938,277:2988,278:3053,279:3163,280:3339,281:3432,282:3494,283:3629,284:3654,285:3786,286:3917,287:3989,288:2938,289:3026,290:3116,291:3216,292:3278,293:3404,294:3462,295:3619,296:3720,297:3786,298:3939,299:4017,300:2882,301:2998,302:3126,303:3199,304:3342,305:3408,306:3487,307:3629,308:3747,309:3760,310:3866,311:3956,312:2868,313:3033,314:3144,315:3169,316:3253,317:3350,318:3507,319:3603,320:3682,321:3796,322:3853,323:4003,324:2923,325:2987,326:3136,327:3238,328:3344,329:3447,330:3452,331:3638,332:3650,333:3761,334:3863,335:3983,336:2945,337:3043,338:3142,339:3150,340:3316,341:3386,342:3483,343:3597,344:3722,345:3764,346:3943,347:3986,348:2932,349:2983,350:3117,351:3175,352:3260,353:3416,354:3503,355:3593,356:3733,357:3808,358:3893,359:3959
0:2873,1:3001,2:3080,3:3217,4:3318,5:3376,6:3483,7:3570,8:3677,9:3775,10:3868,11:3953,12:2903,13:2972,14:3107,15:3239,16:3306,17:3440,18:3537,19:3613,20:3656,21:3840,22:3895,23:4046,24:2933,25:3011,26:3055,27:3225,28:3309,29:3405,30:3464,31:3559,32:3660,33:3770,34:3893,35:3979,36:2923,37:3049,38:3115,39:3175,40:3348,41:3361,42:3533,43:3620,44:3711,45:3847,46:3854,47:3973,48:2898,49:3022,50:3136,51:3213,52:3331,53:3357,54:3477,55:3577,56:3674,57:3795,58:3858,59:3986,60:2899,61:2997,62:3113,63:3242,64:3285,65:3372,66:3500,67:3615,68:3728,69:3836,70:3854,71:3950,72:2946,73:2972,74:3072,75:3174,76:3275,77:3381,78:3526,79:3555,80:3749,81:3834,82:3939,83:3962,84:2887,85:2957,86:3086,87:3210,88:3348,89:3427,90:3496,91:3566,92:3656,93:3789,94:3892,95:4026,96:2940,97:3020,98:3126,99:3160,100:3325,101:3367,102:3544,103:3616,104:3696,105:3813,106:3915,107:4048,108:2882,109:2998,110:3106,111:3179,112:3346,113:3387,114:3476,115:3566,116:3730,117:3829,118:3864,119:3979,120:2864,121:2953,122:3120,123:3220,124:3329,125:3408,126:3533,127:3559,128:3715,129:3771,130:3944,131:3952,132:2936,133:3025,134:3123,135:3170,136:3250,137:3436,138:3546,139:3561,140:3692,141:3778,142:3938,143:4013,144:2887,145:2950,146:3146,147:3165,148:3270,149:3443,150:3471,151:3641,152:3734,153:3798,154:3948,155:3994,156:2859,157:2974,158:3117,159:3160,160:3254,161:3352,162:3462,163:3634,164:3712,165:3826,166:3867,167:3959,168:2885,169:2960,170:3109,171:3242,172:3311,173:3446,174:3510,175:3640,176:3718,177:3778,178:3860,179:3990,180:2878,181:3035,182:3051,183:3181,184:3328,185:3371,186:3463,187:3640,188:3662,189:3849,190:3893,191:3956,192:2918,193:3039,194:3059,195:3189,196:3275,197:3421,198:3530,199:3593,200:3699,201:3838,202:3869,203:3999,204:2883,205:3021,206:3070,207:3187,208:3347,209:3402,210:3455,211:3611,212:3748,213:3827,214:3861,215:4025,216:2910,217:3039,218:3146,219:3177,220:3281,221:3381,222:3511,223:3597,224:3713,225:3840,226:3877,227:4017,228:2907,229:3007,230:3147,231:3230,232:3256,233:3374,234:3466,235:3557,236:3727,237:3803,238:3902,239:3972,240:2924,241:3044,242:3055,243:3237,244:3308,245:3380,246:3532,247:3636,248:3657,249:3804,250:3939,251:3984,252:2933,253:2952,254:3088,255:3200,256:3315,257:3421,258:3531,259:3559,260:3740,261:3839,262:3856,263:4001,264:2883,265:3029,266:3145,267:3168,268:3250,269:3405,270:3532,271:3646,272:3683,273:3824,274:3944,275:4019,276:2886,277:3017,278:3081,279:3216,280:3287,281:3367,282:3489,283:3550,284:3726,285:3776,286:3894,287:4012,288:2873,289:2999,290:3114,291:3187,292:3330,293:3434,294:3517,295:3614,296:3695,297:3766,298:3931,299:4040,300:2927,301:2955,302:3084,303:3243,304:3286,305:3381,306:3461,307:3625,308:3710,309:3817,310:3856,311:4002,312:2899,313:2993,314:3116,315:3196,316:3267,317:3367,318:3527,319:3628,320:3684,321:3825,322:3915,323:3974,324:2874,325:3048,326:3089,327:3233,328:3333,329:3425,330:3475,331:3571,332:3730,333:3810,334:3907,335:3969,336:2871,337:3028,338:3066,339:3246,340:3339,341:3441,342:3514,343:3570,344:3678,345:3756,346:3878,347:3973,348:2913,349:3013,350:3097,351:3198,352:3314,353:3419,354:3533,355:3564,356:3701,357:3758,358:3911,359:3973
0:2891,1:2972,2:3116,3:3187,4:3300,5:3360,6:3521,7:3623,8:3748,9:3778,10:3930,11:4027,12:2874,13:3004,14:3078,15:3204,16:3286,17:3352,18:3491,19:3645,20:3692,21:3809,22:3884,23:3979,24:2882,25:2996,26:3058,27:3232,28:3286,29:3358,30:3468,31:3647,32:3748,33:3785,34:3902,35:3954,36:2941,37:3047,38:3098,39:3233,40:3299,41:3405,42:3452,43:3647,44:3749,45:3750,46:3935,47:4024,48:2943,49:3003,50:3061,51:3212,52:3257,53:3421,54:3495,55:3578,56:3653,57:3769,58:3945,59:4045,60:2935,61:3002,62:3083,63:3222,64:3328,65:3374,66:3480,67:3590,68:3725,69:3750,70:3872,71:4048,72:2885,73:2960,74:3077,75:3214,76:3276,77:3445,78:3515,79:3594,80:3700,81:3829,82:3870,83:4032,84:2879,85:3022,86:3127,87:3227,88:3335,89:3434,90:3523,91:3577,92:3710,93:3776,94:3893,95:3979,96:2895,97:2991,98:3094,99:3175,100:3288,101:3411,102:3474,103:3591,104:3731,105:3847,106:3855,107:3957,108:2861,109:2977,110:3083,111:3172,112:3297,113:3407,114:3534,115:3617,116:3683,117:3758,118:3860,119:3979,120:2927,121:2961,122:3077,123:3220,124:3268,125:3355,126:3490,127:3618,128:3664,129:3763,130:3938,131:3954,132:2948,133:2976,134:3132,135:3218,136:3318,137:3353,138:3534,139:3620,140:3736,141:3800,142:3872,143:4007,144:2883,145:3004,146:3132,147:3170,148:3271,149:3447,150:3453,151:3553,152:3685,153:3799,154:3872,155:4025,156:2922,157:2970,158:3077,159:3197,160:3285,161:3423,162:3506,163:3601,164:3698,165:3794,166:3930,167:4006,168:2884,169:2974,170:3078,171:3196,172:3300,173:3426,174:3516,175:3594,176:3673,177:3761,178:3862,179:4045,180:2923,181:3000,182:3148,183:3199,184:3281,185:3431,186:3497,187:3562,188:3722,189:3760,190:3907,191:3978,192:2949,193:3041,194:3101,195:3209,196:3292,197:3369,198:3450,199:3635,200:3683,201:3838,202:3924,203:4027,204:2889,205:3022,206:3134,207:3197,208:3261,209:3416,210:3515,211:3560,212:3684,213:3770,214:3942,215:4033,216:2859,217:2963,218:3084,219:3210,220:3316,221:3432,222:3495,223:3622,224:3671,225:3778,226:3896,227:3998,228:2905,229:2990,230:3124,231:3185,232:3291,233:3356,234:3491,235:3603,236:3698,237:3802,238:3863,239:4027,240:2905,241:3043,242:3147,243:3170,244:3304,245:3419,246:3546,247:3616,248:3690,249:3783,250:3929,251:3991,252:2854,253:2968,254:3138,255:3181,256:3337,257:3411,258:3544,259:3611,260:3652,261:3839,262:3905,263:4012,264:2872,265:3036,266:3102,267:3163,268:3324,269:3418,270:3455,271:3584,272:3698,273:3828,274:3921,275:3958,276:2883,277:2972,278:3137,279:3226,280:3327,281:3374,282:3531,283:3578,284:3700,285:3802,286:3925,287:3966,288:2949,289:2962,290:3080,291:3190,292:3339,293:3444,294:3496,295:3562,296:3720,297:3786,298:3872,299:3966,300:2881,301:2951,302:3108,303:3189,304:3312,305:3446,306:3526,307:3628,308:3736,309:3844,310:3882,311:3979,312:2851,313:3002,314:3134,315:3192,316:3258,317:3362,318:3511,319:3554,320:3687,321:3838,322:3896,323:3960,324:2935,325:3028,326:3141,327:3169,328:3261,329:3444,330:3463,331:3602,332:3737,333:3811,334:3909,335:4027,336:2879,337:3037,338:3092,339:3160,340:3257,341:3359,342:3491,343:3633,344:3726,345:3798,346:3939,347:3968,348:2930,349:3048,350:3139,351:3192,352:3310,353:3402,354:3548,355:3616,356:3651,357:3836,358:3942,359:3995
0:2914,1:3023,2:3137,3:3214,4:3314,5:3445,6:3472,7:3550,8:3661,9:3798,10:3892,11:3981,12:2881,13:2989,14:3063,15:3196,16:3267,17:3407,18:3491,19:3568,20:3674,21:3760,22:3899,23:4002,24:2943,25:2971,26:3053,27:3161,28:3275,29:3436,30:3463,31:3619,32:3697,33:3806,34:3946,35:3968,36:2896,37:2972,38:3141,39:3245,40:3286,41:3414,42:3506,43:3573,44:3748,45:3837,46:3917,47:4023,48:2889,49:3014,50:3112,51:3187,52:3253,53:3414,54:3516,55:3633,56:3730,57:3837,58:3858,59:3967,60:2880,61:2974,62:3055,63:3186,64:3331,65:3373,66:3471,67:3565,68:3666,69:3772,70:3859,71:3991,72:2941,73:2964,74:3129,75:3191,76:3261,77:3392,78:3489,79:3629,80:3662,81:3760,82:3886,83:3952,84:2925,85:3028,86:3118,87:3222,88:3260,89:3401,90:3456,91:3593,92:3685,93:3835,94:3940,95:4027,96:2894,97:2993,98:3117,99:3240,100:3254,101:3363,102:3538,103:3587,104:3717,105:3830,106:3946,107:3956,108:2917,109:3023,110:3106,111:3242,112:3309,113:3425,114:3543,115:3584,116:3695,117:3816,118:3863,119:4020,120:2928,121:2956,122:3070,123:3167,124:3322,125:3357,126:3474,127:3611,128:3663,129:3796,130:3905,131:4047,132:2874,133:3030,134:3146,135:3194,136:3269,137:3384,138:3453,139:3595,140:3680,141:3795,142:3850,143:4036,144:2895,145:2988,146:3136,147:3166,148:3265,149:3380,150:3491,151:3617,152:3717,153:3800,154:3854,155:4032,156:2873,157:3026,158:3110,159:3191,160:3259,161:3407,162:3499,163:3603,164:3657,165:3753,166:3858,167:3987,168:2918,169:2983,170:3081,171:3152,172:3319,173:3388,174:3509,175:3631,176:3662,177:3833,178:3946,179:3954,180:2879,181:3033,182:3104,183:3236,184:3304,185:3387,186:3528,187:3583,188:3734,189:3781,190:3928,191:3984,192:2901,193:2982,194:3070,195:3174,196:3322,197:3429,198:3529,199:3622,200:3735,201:3832,202:3931,203:3960,204:2885,205:3028,206:3122,207:3211,208:3345,209:3435,210:3451,211:3596,212:3726,213:3815,214:3899,215:4031,216:2886,217:3003,218:3092,219:3189,220:3310,221:3374,222:3479,223:3608,224:3714,225:3776,226:3888,227:4032,228:2880,229:3034,230:3116,231:3229,232:3253,233:3424,234:3503,235:3602,236:3707,237:3826,238:3905,239:4043,240:2850,241:2972,242:3110,243:3152,244:3340,245:3369,246:3502,247:3623,248:3687,249:3832,250:3909,251:3961,252:2904,253:2962,254:3068,255:3186,256:3289,257:3395,258:3522,259:3598,260:3655,261:3782,262:3898,263:4020,264:2877,265:3038,266:3102,267:3211,268:3308,269:3378,270:3545,271:3636,272:3736,273:3815,274:3875,275:4028,276:2895,277:2973,278:3125,279:3197,280:3258,281:3429,282:3535,283:3625,284:3654,285:3775,286:3919,287:4031,288:2896,289:3005,290:3054,291:3200,292:3261,293:3392,294:3540,295:3601,296:3699,297:3764,298:3863,299:4026,300:2928,301:2974,302:3089,303:3179,304:3272,305:3408,306:3481,307:3598,308:3688,309:3820,310:3907,311:3970,312:2924,313:3002,314:3104,315:3163,316:3316,317:3427,318:3474,319:3578,320:3723,321:3766,322:3878,323:3974,324:2937,325:3008,326:3053,327:3160,328:3338,329:3426,330:3481,331:3631,332:3679,333:3775,334:3891,335:4019,336:2859,337:3025,338:3072,339:3210,340:3316,341:3412,342:3516,343:3591,344:3666,345:3773,346:3913,347:4012,348:2871,349:2985,350:3128,351:3204,352:3334,353:3376,354:3466,355:3567,356:3727,357:3824,358:3872,359:3976
0:2859,1:2963,2:3058,3:3173,4:3327,5:3372,6:3544,7:3642,8:3710,9:3810,10:3939,11:3994,12:2922,13:3016,14:3112,15:3222,16:3263,17:3367,18:3532,19:3616,20:3716,21:3796,22:3918,23:3999,24:2947,25:3019,26:3069,27:3218,28:3337,29:3428,30:3542,31:3593,32:3729,33:3805,34:3899,35:3993,36:2876,37:2995,38:3118,39:3243,40:3296,41:3419,42:3484,43:3583,44:3697,45:3791,46:3890,47:4023,48:2850,49:3023,50:3097,51:3184,52:3349,53:3394,54:3504,55:3625,56:3672,57:3821,58:3913,59:4040,60:2903,61:3039,62:3138,63:3171,64:3259,65:3396,66:3490,67:3617,68:3721,69:3775,70:3860,71:3983,72:2939,73:3031,74:3079,75:3167,76:3312,77:3357,78:3456,79:3618,80:3699,81:3814,82:3915,83:3996,84:2892,85:3003,86:3076,87:3179,88:3274,89:3352,90:3485,91:3590,92:3669,93:3833,94:3873,95:3951,96:2948,97:3046,98:3123,99:3210,100:3344,101:3373,102:3478,103:3580,104:3736,105:3791,106:3940,107:4034,108:2905,109:2996,110:3123,111:3205,112:3261,113:3392,114:3516,115:3581,116:3650,117:3844,118:3884,119:3959,120:2920,121:2986,122:3099,123:3228,124:3346,125:3409,126:3525,127:3557,128:3731,129:3784,130:3947,131:3955,132:2901,133:3039,134:3074,135:3235,136:3274,137:3389,138:3526,139:3619,140:3725,141:3798,142:3879,143:4022,144:2859,145:2989,146:3092,147:3150,148:3347,149:3376,150:3486,151:3564,152:3652,153:3812,154:3938,155:4040,156:2853,157:3033,158:3056,159:3211,160:3347,161:3354,162:3538,163:3609,164:3684,165:3800,166:3943,167:3961,168:2852,169:3018,170:3051,171:3170,172:3340,173:3419,174:3496,175:3616,176:3709,177:3839,178:3862,179:3998,180:2858,181:3003,182:3099,183:3204,184:3283,185:3411,186:3464,187:3604,188:3727,189:3828,190:3948,191:3950,192:2879,193:3038,194:3087,195:3191,196:3275,197:3362,198:3450,199:3641,200:3688,201:3751,202:3879,203:4014,204:2885,205:2951,206:3050,207:3248,208:3263,209:3444,210:3482,211:3620,212:3720,213:3823,214:3899,215:4046,216:2941,217:3011,218:3136,219:3159,220:3304,221:3391,222:3546,223:3646,224:3735,225:3778,226:3892,227:3956,228:2890,229:3024,230:3052,231:3217,232:3275,233:3447,234:3548,235:3561,236:3670,237:3831,238:3887,239:4019,240:2887,241:3013,242:3106,243:3184,244:3261,245:3379,246:3526,247:3646,248:3700,249:3833,250:3941,251:3962,252:2884,253:2982,254:3146,255:3169,256:3326,257:3397,258:3487,259:3637,260:3749,261:3808,262:3930,263:3981,264:2936,265:3013,266:3062,267:3185,268:3305,269:3416,270:3490,271:3648,272:3710,273:3789,274:3869,275:3962,276:2895,277:2956,278:3140,279:3241,280:3343,281:3401,282:3487,283:3629,284:3677,285:3834,286:3949,287:4004,288:2851,289:2977,290:3093,291:3209,292:3307,293:3368,294:3549,295:3565,296:3650,297:3840,298:3883,299:4039,300:2852,301:3029,302:3103,303:3185,304:3300,305:3374,306:3528,307:3627,308:3742,309:3833,310:3864,311:3961,312:2946,313:2966,314:3089,315:3175,316:3318,317:3366,318:3545,319:3631,320:3707,321:3784,322:3885,323:4049,324:2937,325:2956,326:3066,327:3225,328:3272,329:3424,330:3497,331:3600,332:3709,333:3827,334:3871,335:3992,336:2885,337:3049,338:3133,339:3204,340:3280,341:3376,342:3526,343:3629,344:3673,345:3756,346:3901,347:3993,348:2943,349:2971,350:3080,351:3161,352:3261,353:3371,354:3492,355:3586,356:3717,357:3760,358:3867,359:3996
0:2870,1:2975,2:3138,3:3240,4:3299,5:3419,6:3464,7:3648,8:3723,9:3751,10:3908,11:3961,12:2856,13:2951,14:3093,15:3209,16:3323,17:3443,18:3476,19:3568,20:3670,21:3802,22:3931,23:4011,24:2880,25:3028,26:3130,27:3154,28:3343,29:3391,30:3487,31:3583,32:3663,33:3760,34:3921,35:4013,36:2899,37:3049,38:3088,39:3233,40:3262,41:3391,42:3451,43:3587,44:3721,45:3829,46:3935,47:3968,48:2869,49:2999,50:3094,51:3176,52:3282,53:3445,54:3469,55:3648,56:3746,57:3752,58:3922,59:3981,60:2939,61:3014,62:3052,63:3240,64:3314,65:3391,66:3488,67:3625,68:3681,69:3822,70:3895,71:3960,72:2928,73:2995,74:3148,75:3234,76:3262,77:3354,78:3513,79:3578,80:3742,81:3774,82:3883,83:3995,84:2860,85:2988,86:3080,87:3202,88:3316,89:3447,90:3508,91:3643,92:3653,93:3839,94:3913,95:4015,96:2877,97:3012,98:3115,99:3192,100:3299,101:3406,102:3495,103:3630,104:3742,105:3815,106:3922,107:3955,108:2886,109:2986,110:3113,111:3153,112:3255,113:3400,114:3546,115:3568,116:3705,117:3757,118:3894,119:3993,120:2857,121:3033,122:3138,123:3244,124:3341,125:3368,126:3547,127:3584,128:3747,129:3821,130:3927,131:4009,132:2899,133:2962,134:3058,135:3155,136:3332,137:3401,138:3486,139:3639,140:3731,141:3806,142:3896,143:3998,144:2888,145:2955,146:3127,147:3185,148:3309,149:3360,150:3474,151:3606,152:3661,153:3750,154:3891,155:3998,156:2934,157:2993,158:3119,159:3222,160:3329,161:3366,162:3540,163:3563,164:3719,165:3769,166:3884,167:4035,168:2874,169:3016,170:3137,171:3177,172:3336,173:3390,174:3533,175:3605,176:3714,177:3781,178:3902,179:3965,180:2907,181:2962,182:3117,183:3170,184:3310,185:3395,186:3549,187:3555,188:3724,189:3810,190:3875,191:3954,192:2863,193:2992,194:3096,195:3184,196:3349,197:3432,198:3455,199:3550,200:3687,201:3819,202:3864,203:4017,204:2908,205:3005,206:3124,207:3210,208:3306,209:3431,210:3471,211:3615,212:3737,213:3781,214:3936,215:4032,216:2943,217:2980,218:3062,219:3219,220:3336,221:3372,222:3468,223:3585,224:3729,225:3756,226:3895,227:3985,228:2886,229:3034,230:3094,231:3185,232:3334,233:3417,234:3529,235:3589,236:3692,237:3806,238:3866,239:3970,240:2873,241:3030,242:3149,243:3163,244:3340,245:3429,246:3481,247:3564,248:3732,249:3776,250:3899,251:3985,252:2928,253:2991,254:3074,255:3241,256:3332,257:3378,258:3539,259:3606,260:3742,261:3843,262:3939,263:4045,264:2933,265:3020,266:3129,267:3224,268:3308,269:3426,270:3466,271:3580,272:3700,273:3790,274:3933,275:4033,276:2940,277:2986,278:3081,279:3223,280:3328,281:3361,282:3515,283:3601,284:3735,285:3786,286:3902,287:4010,288:2850,289:3041,290:3101,291:3185,292:3331,293:3355,294:3519,295:3611,296:3683,297:3844,298:3883,299:3980,300:2861,301:3020,302:3136,303:3243,304:3348,305:3413,306:3477,307:3603,308:3729,309:3823,310:3947,311:4029,312:2856,313:3003,314:3135,315:3192,316:3291,317:3422,318:3516,319:3615,320:3686,321:3798,322:3905,323:3970,324:2946,325:3012,326:3105,327:3175,328:3311,329:3434,330:3475,331:3605,332:3748,333:3807,334:3859,335:3953,336:2898,337:2962,338:3099,339:3170,340:3274,341:3444,342:3543,343:3616,344:3700,345:3755,346:3922,347:4014,348:2851,349:2967,350:3076,351:3227,352:3347,353:3361,354:3545,355:3626,356:3661,357:3801,358:3944,359:4041
0:2853,1:2952,2:3098,3:3164,4:3304,5:3421,6:3472,7:3595,8:3699,9:3810,10:3909,11:4037,12:2861,13:2992,14:3060,15:3173,16:3270,17:3356,18:3471,19:3613,20:3682,21:3837,22:3895,23:4025,24:2918,25:2997,26:3141,27:3185,28:3262,29:3356,30:3508,31:3595,32:3678,33:3789,34:3917,35:3955,36:2862,37:3022,38:3097,39:3150,40:3293,41:3413,42:3466,43:3612,44:3738,45:3823,46:3885,47:3967,48:2937,49:3045,50:3067,51:3157,52:3279,53:3447,54:3503,55:3556,56:3702,57:3810,58:3930,59:3954,60:2885,61:2955,62:3118,63:3164,64:3303,65:3429,66:3469,67:3594,68:3718,69:3820,70:3896,71:4001,72:2926,73:3006,74:3149,75:3196,76:3305,77:3356,78:3520,79:3573,80:3676,81:3807,82:3867,83:3979,84:2851,85:3024,86:3117,87:3184,88:3265,89:3375,90:3475,91:3613,92:3716,93:3801,94:3923,95:3985,96:2923,97:3045,98:3104,99:3186,100:3301,101:3385,102:3476,103:3571,104:3717,105:3771,106:3899,107:3973,108:2911,109:2955,110:3135,111:3228,112:3334,113:3390,114:3531,115:3558,116:3743,117:3766,118:3943,119:4014,120:2888,121:2985,122:3115,123:3191,124:3263,125:3399,126:3545,127:3615,128:3748,129:3793,130:3853,131:4028,132:2916,133:3027,134:3141,135:3183,136:3272,137:3362,138:3489,139:3572,140:3671,141:3753,142:3862,143:4002,144:2935,145:2974,146:3131,147:3159,148:3272,149:3398,150:3505,151:3585,152:3652,153:3753,154:3889,155:3966,156:2924,157:2998,158:3145,159:3222,160:3250,161:3372,162:3549,163:3576,164:3684,165:3815,166:3924,167:3952,168:2862,169:2954,170:3138,171:3168,172:3293,173:3351,174:3501,175:3573,176:3708,177:3777,178:3944,179:3991,180:2910,181:3031,182:3119,183:3229,184:3342,185:3417,186:3472,187:3572,188:3705,189:3831,190:3932,191:3957,192:2859,193:2981,194:3052,195:3188,196:3281,197:3446,198:3475,199:3636,200:3665,201:3750,202:3879,203:4026,204:2919,205:2998,206:3110,207:3192,208:3347,209:3386,210:3499,211:3580,212:3695,213:3760,214:3890,215:4006,216:2907,217:2987,218:3144,219:3202,220:3262,221:3378,222:3454,223:3566,224:3712,225:3761,226:3880,227:3993,228:2939,229:2952,230:3148,231:3165,232:3316,233:3383,234:3513,235:3617,236:3746,237:3834,238:3901,239:4046,240:2899,241:3017,242:3098,243:3193,244:3311,245:3423,246:3488,247:3559,248:3673,249:3833,250:3940,251:4004,252:2943,253:2974,254:3061,255:3249,256:3282,257:3356,258:3507,259:3640,260:3675,261:3840,262:3871,263:3968,264:2924,265:2966,266:3105,267:3201,268:3318,269:3390,270:3456,271:3565,272:3707,273:3767,274:3890,275:4042,276:2867,277:2950,278:3144,279:3155,280:3286,281:3387,282:3513,283:3629,284:3699,285:3785,286:3929,287:3991,288:2941,289:2978,290:3063,291:3192,292:3339,293:3445,294:3469,295:3649,296:3665,297:3792,298:3943,299:3984,300:2943,301:3021,302:3133,303:3222,304:3300,305:3377,306:3519,307:3642,308:3650,309:3814,310:3949,311:4008,312:2899,313:3029,314:3145,315:3191,316:3263,317:3449,318:3521,319:3629,320:3730,321:3819,322:3860,323:4006,324:2854,325:3007,326:3127,327:3180,328:3276,329:3379,330:3495,331:3615,332:3654,333:3791,334:3919,335:4047,336:2873,337:3009,338:3059,339:3235,340:3346,341:3380,342:3453,343:3617,344:3719,345:3795,346:3868,347:4048,348:2890,349:2996,350:3089,351:3168,352:3302,353:3432,354:3502,355:3561,356:3666,357:3788,358:3870,359:3965
0:2947,1:2993,2:3128,3:3245,4:3313,5:3388,6:3511,7:3644,8:3716,9:3790,10:3919,11:3964,12:2945,13:3030,14:3113,15:3179,16:3329,17:3371,18:3533,19:3550,20:3689,21:3814,22:3861,23:3983,24:2913,25:3045,26:3080,27:3175,28:3324,29:3423,30:3503,31:3632,32:3660,33:3791,34:3865,35:4008,36:2891,37:3005,38:3062,39:3224,40:3330,41:3363,42:3503,43:3636,44:3686,45:3796,46:3878,47:4027,48:2907,49:2991,50:3138,51:3216,52:3322,53:3405,54:3545,55:3638,56:3746,57:3847,58:3941,59:4009,60:2882,61:3039,62:3098,63:3221,64:3330,65:3391,66:3459,67:3584,68:3694,69:3823,70:3888,71:3994,72:2932,73:3015,74:3095,75:3183,76:3276,77:3366,78:3539,79:3610,80:3716,81:3813,82:3868,83:3966,84:2875,85:2987,86:3078,87:3197,88:3306,89:3399,90:3491,91:3561,92:3716,93:3816,94:3865,95:4047,96:2946,97:2982,98:3146,99:3215,100:3280,101:3442,102:3535,103:3586,104:3729,105:3839,106:3859,107:3980,108:2947,109:3040,110:3112,111:3160,112:3295,113:3422,114:3523,115:3633,116:3689,117:3790,118:3884,119:3994,120:2872,121:3031,122:3075,123:3190,124:3296,125:3398,126:3504,127:3556,128:3684,129:3848,130:3945,131:4006,132:2905,133:3026,134:3132,135:3151,136:3255,137:3372,138:3538,139:3596,140:3731,141:3807,142:3850,143:4004,144:2862,145:3004,146:3051,147:3212,148:3278,149:3440,150:3545,151:3604,152:3746,153:3800,154:3939,155:4016,156:2899,157:3042,158:3069,159:3174,160:3272,161:3391,162:3525,163:3594,164:3728,165:3815,166:3928,167:3985,168:2851,169:3043,170:3072,171:3226,172:3273,173:3350,174:3485,175:3569,176:3709,177:3771,178:3866,179:3950,180:2851,181:2987,182:3105,183:3174,184:3255,185:3407,186:3499,187:3550,188:3711,189:3788,190:3901,191:4041,192:2932,193:2976,194:3074,195:3190,196:3313,197:3375,198:3461,199:3559,200:3654,201:3759,202:3872,203:3988,204:2863,205:2980,206:3119,207:3159,208:3315,209:3438,210:3520,211:3589,212:3657,213:3816,214:3858,215:4025,216:2916,217:3001,218:3081,219:3182,220:3284,221:3406,222:3503,223:3567,224:3665,225:3776,226:3886,227:4048,228:2859,229:3018,230:3131,231:3182,232:3282,233:3386,234:3478,235:3566,236:3693,237:3839,238:3900,239:3986,240:2939,241:3011,242:3116,243:3244,244:3300,245:3422,246:3484,247:3597,248:3678,249:3809,250:3910,251:4010,252:2899,253:3024,254:3087,255:3223,256:3275,257:3389,258:3496,259:3626,260:3701,261:3808,262:3909,263:4006,264:2859,265:2986,266:3078,267:3192,268:3273,269:3401,270:3492,271:3629,272:3739,273:3843,274:3920,275:3983,276:2929,277:3007,278:3117,279:3237,280:3315,281:3427,282:3544,283:3630,284:3684,285:3775,286:3935,287:3963,288:2935,289:3041,290:3143,291:3179,292:3297,293:3361,294:3534,295:3580,296:3747,297:3836,298:3853,299:4005,300:2908,301:2955,302:3096,303:3220,304:3270,305:3377,306:3466,307:3647,308:3727,309:3769,310:3934,311:4009,312:2888,313:3007,314:3068,315:3229,316:3291,317:3404,318:3490,319:3621,320:3726,321:3756,322:3921,323:4048,324:2912,325:2999,326:3143,327:3183,328:3289,329:3437,330:3453,331:3600,332:3654,333:3765,334:3940,335:4017,336:2879,337:3025,338:3099,339:3213,340:3328,341:3390,342:3547,343:3591,344:3709,345:3813,346:3939,347:3982,348:2920,349:3020,350:3076,351:3236,352:3306,353:3392,354:3479,355:3561,356:3707,357:3765,358:3866,359:3986
0:2896,1:2989,2:3120,3:3226,4:3326,5:3367,6:3487,7:3557,8:3748,9:3822,10:3912,11:4041,12:2852,13:2958,14:3100,15:3176,16:3262,17:3353,18:3497,19:3618,20:3691,21:3840,22:3942,23:3990,24:2914,25:2980,26:3066,27:3223,28:3253,29:3407,30:3477,31:3576,32:3730,33:3754,34:3866,35:4037,36:2934,37:2965,38:3064,39:3185,40:3294,41:3444,42:3495,43:3566,44:3721,45:3830,46:3879,47:3963,48:2882,49:3042,50:3052,51:3194,52:3325,53:3441,54:3537,55:3629,56:3671,57:3791,58:3946,59:4011,60:2896,61:2975,62:3066,63:3165,64:3346,65:3411,66:3511,67:3558,68:3656,69:3785,70:3900,71:3989,72:2868,73:2969,74:3052,75:3208,76:3318,77:3412,78:3528,79:3597,80:3651,81:3765,82:3872,83:4038,84:2885,85:2996,86:3106,87:3154,88:3313,89:3377,90:3527,91:3583,92:3678,93:3826,94:3940,95:3964,96:2915,97:2985,98:3146,99:3198,100:3279,101:3439,102:3499,103:3640,104:3698,105:3812,106:3888,107:4002,108:2871,109:2951,110:3066,111:3183,112:3272,113:3408,114:3453,115:3556,116:3677,117:3819,118:3948,119:3998,120:2892,121:3001,122:3082,123:3172,124:3288,125:3444,126:3461,127:3614,128:3651,129:3760,130:3948,131:4044,132:2908,133:3049,134:3130,135:3232,136:3312,137:3366,138:3528,139:3608,140:3662,141:3789,142:3851,143:3967,144:2857,145:2981,146:3050,147:3152,148:3301,149:3356,150:3474,151:3614,152:3701,153:3829,154:3935,155:4035,156:2912,157:3040,158:3053,159:3173,160:3283,161:3376,162:3546,163:3639,164:3727,165:3810,166:3855,167:4004,168:2905,169:3002,170:3135,171:3194,172:3267,173:3375,174:3539,175:3616,176:3685,177:3761,178:3874,179:3982,180:2917,181:2982,182:3065,183:3242,184:3265,185:3369,186:3472,187:3604,188:3742,189:3821,190:3889,191:4037,192:2930,193:3009,194:3109,195:3173,196:3333,197:3373,198:3512,199:3647,200:3707,201:3814,202:3856,203:4011,204:2857,205:3020,206:3073,207:3179,208:3251,209:3380,210:3526,211:3573,212:3702,213:3829,214:3917,215:4015,216:2903,217:2985,218:3079,219:3172,220:3322,221:3364,222:3486,223:3587,224:3670,225:3803,226:3861,227:4006,228:2913,229:3020,230:3113,231:3212,232:3251,233:3402,234:3500,235:3614,236:3710,237:3779,238:3876,239:3959,240:2907,241:2995,242:3084,243:3226,244:3280,245:3424,246:3543,247:3591,248:3724,249:3774,250:3870,251:4008,252:2884,253:2994,254:3074,255:3213,256:3255,257:3410,258:3454,259:3601,260:3654,261:3771,262:3870,263:4019,264:2884,265:3039,266:3075,267:3200,268:3348,269:3394,270:3496,271:3628,272:3740,273:3766,274:3887,275:3982,276:2877,277:2997,278:3146,279:3228,280:3336,281:3404,282:3515,283:3589,284:3692,285:3812,286:3884,287:3954,288:2891,289:3021,290:3091,291:3238,292:3313,293:3393,294:3485,295:3641,296:3716,297:3792,298:3903,299:4016,300:2871,301:2991,302:3081,303:3215,304:3319,305:3441,306:3526,307:3631,308:3711,309:3831,310:3940,311:4013,312:2911,313:3012,314:3068,315:3239,316:3298,317:3416,318:3527,319:3642,320:3700,321:3793,322:3905,323:4009,324:2925,325:3031,326:3079,327:3165,328:3340,329:3409,330:3499,331:3630,332:3650,333:3798,334:3931,335:3952,336:2937,337:3018,338:3112,339:3151,340:3315,341:3386,342:3516,343:3626,344:3657,345:3807,346:3861,347:3988,348:2864,349:3003,350:3119,351:3238,352:3327,353:3433,354:3476,355:3597,356:3732,357:3820,358:3936,359:3967
0:2938,1:3031,2:3121,3:3200,4:3300,5:3362,6:3501,7:3646,8:3730,9:3847,10:3872,11:3954,12:2892,13:3037,14:3091,15:3205,16:3292,17:3405,18:3547,19:3601,20:3672,21:3776,22:3944,23:3958,24:2899,25:2986,26:3073,27:3222,28:3294,29:3361,30:3542,31:3607,32:3674,33:3752,34:3945,35:3976,36:2874,37:2959,38:3092,39:3153,40:3283,41:3403,42:3486,43:3560,44:3725,45:3779,46:3902,47:3970,48:2889,49:2996,50:3115,51:3209,52:3294,53:3398,54:3512,55:3632,56:3699,57:3759,58:3874,59:3978,60:2853,61:2997,62:3133,63:3233,64:3264,65:3444,66:3532,67:3570,68:3658,69:3774,70:3905,71:3983,72:2930,73:2951,74:3145,75:3197,76:3336,77:3380,78:3505,79:3612,80:3684,81:3827,82:3921,83:3991,84:2853,85:3026,86:3135,87:3232,88:3304,89:3392,90:3455,91:3601,92:3669,93:3778,94:3910,95:3997,96:2904,97:3019,98:3132,99:3218,100:3315,101:3398,102:3498,103:3600,104:3684,105:3791,106:3909,107:3973,108:2938,109:2955,110:3071,111:3235,112:3347,113:3433,114:3522,115:3614,116:3662,117:3784,118:3910,119:3962,120:2882,121:3031,122:3064,123:3240,124:3271,125:3379,126:3501,127:3588,128:3651,129:3839,130:3893,131:4036,132:2880,133:2972,134:3058,135:3247,136:3307,137:3353,138:3463,139:3587,140:3662,141:3822,142:3870,143:3992,144:2892,145:3046,146:3141,147:3190,148:3306,149:3369,150:3492,151:3579,152:3714,153:3803,154:3945,155:4018,156:2866,157:3018,158:3136,159:3166,160:3287,161:3446,162:3509,163:3628,164:3708,165:3848,166:3896,167:4035,168:2918,169:3021,170:3137,171:3153,172:3321,173:3409,174:3479,175:3581,176:3689,177:3797,178:3933,179:4031,180:2857,181:2992,182:3077,183:3207,184:3258,185:3395,186:3456,187:3592,188:3679,189:3838,190:3916,191:4000,192:2866,193:2992,194:3135,195:3213,196:3348,197:3424,198:3513,199:3628,200:3724,201:3801,202:3928,203:3990,204:2939,205:3020,206:3088,207:3234,208:3327,209:3431,210:3526,211:3552,212:3743,213:3821,214:3939,215:3985,216:2871,217:2979,218:3107,219:3151,220:3317,221:3434,222:3473,223:3560,224:3701,225:3758,226:3932,227:4032,228:2936,229:2986,230:3093,231:3198,232:3282,233:3449,234:3490,235:3569,236:3721,237:3780,238:3891,239:3993,240:2924,241:2985,242:3072,243:3184,244:3347,245:3378,246:3469,247:3616,248:3718,249:3769,250:3879,251:3983,252:2912,253:2960,254:3066,255:3213,256:3265,257:3355,258:3464,259:3605,260:3712,261:3811,262:3947,263:3984,264:2886,265:3023,266:3070,267:3150,268:3256,269:3435,270:3464,271:3607,272:3711,273:3814,274:3855,275:3980,276:2902,277:3049,278:3054,279:3225,280:3320,281:3377,282:3458,283:3635,284:3678,285:3816,286:3916,287:4036,288:2888,289:3033,290:3105,291:3214,292:3345,293:3415,294:3528,295:3618,296:3724,297:3830,298:3914,299:3957,300:2922,301:3020,302:3129,303:3230,304:3310,305:3416,306:3468,307:3642,308:3727,309:3817,310:3901,311:4043,312:2893,313:2950,314:3100,315:3227,316:3279,317:3445,318:3463,319:3550,320:3724,321:3809,322:3917,323:4019,324:2865,325:2997,326:3058,327:3234,328:3258,329:3354,330:3464,331:3623,332:3675,333:3751,334:3862,335:4041,336:2939,337:2971,338:3069,339:3161,340:3256,341:3363,342:3451,343:3613,344:3654,345:3797,346:3902,347:4044,348:2889,349:3021,350:3149,351:3221,352:3259,353:3392,354:3516,355:3643,356:3715,357:3815,358:3866,359:4025
0:2936,1:3001,2:3148,3:3150,4:3316,5:3362,6:3516,7:3632,8:3740,9:3838,10:3888,11:3988,12:2870,13:2961,14:3121,15:3212,16:3274,17:3389,18:3478,19:3641,20:3747,21:3787,22:3879,23:4020,24:2898,25:2998,26:3072,27:3211,28:3337,29:3441,30:3508,31:3606,32:3651,33:3800,34:3904,35:3969,36:2909,37:2951,38:3133,39:3216,40:3282,41:3379,42:3477,43:3605,44:3710,45:3830,46:3910,47:3964,48:2877,49:3019,50:3050,51:3167,52:3265,53:3442,54:3462,55:3629,56:3661,57:3811,58:3861,59:4008,60:2907,61:2967,62:3061,63:3234,64:3284,65:3395,66:3528,67:3649,68:3697,69:3780,70:3939,71:3952,72:2874,73:3018,74:3119,75:3222,76:3342,77:3366,78:3480,79:3564,80:3666,81:3761,82:3891,83:4029,84:2932,85:3005,86:3064,87:3239,88:3262,89:3445,90:3531,91:3583,92:3710,93:3776,94:3871,95:4048,96:2897,97:2974,98:3078,99:3162,100:3328,101:3426,102:3459,103:3627,104:3693,105:3768,106:3924,107:4003,108:2865,109:3024,110:3081,111:3163,112:3309,113:3358,114:3466,115:3577,116:3713,117:3830,118:3853,119:3978,120:2855,121:3024,122:3144,123:3202,124:3328,125:3421,126:3518,127:3562,128:3662,129:3769,130:3920,131:4017,132:2919,133:2979,134:3116,135:3205,136:3276,137:3389,138:3472,139:3566,140:3706,141:3783,142:3869,143:4035,144:2888,145:2953,146:3085,147:3180,148:3252,149:3436,150:3486,151:3582,152:3679,153:3810,154:3929,155:3984,156:2858,157:3017,158:3104,159:3156,160:3254,161:3353,162:3451,163:3610,164:3705,165:3798,166:3949,167:4019,168:2941,169:2956,170:3050,171:3165,172:3341,173:3410,174:3489,175:3622,176:3747,177:3847,178:3940,179:3986,180:2920,181:3035,182:3058,183:3177,184:3263,185:3436,186:3450,187:3578,188:3721,189:3779,190:3929,191:3982,192:2921,193:2969,194:3075,195:3184,196:3321,197:3393,198:3471,199:3590,200:3665,201:3752,202:3927,203:3993,204:2892,205:3047,206:3091,207:3224,208:3282,209:3394,210:3518,211:3552,212:3669,213:3768,214:3895,215:4035,216:2885,217:2970,218:3070,219:3194,220:3286,221:3443,222:3454,223:3626,224:3737,225:3838,226:3925,227:4004,228:2946,229:2976,230:3099,231:3161,232:3330,233:3445,234:3534,235:3606,236:3695,237:3808,238:3893,239:3996,240:2872,241:3010,242:3086,243:3183,244:3332,245:3410,246:3475,247:3567,248:3664,249:3817,250:3935,251:4002,252:2936,253:2969,254:3136,255:3236,256:3285,257:3358,258:3473,259:3620,260:3729,261:3752,262:3940,263:4034,264:2918,265:2960,266:3107,267:3176,268:3270,269:3406,270:3527,271:3635,272:3718,273:3760,274:3881,275:4043,276:2908,277:2969,278:3095,279:3240,280:3282,281:3357,282:3505,283:3648,284:3695,285:3759,286:3934,287:3984,288:2874,289:3037,290:3138,291:3184,292:3340,293:3369,294:3540,295:3596,296:3729,297:3809,298:3913,299:3980,300:2876,301:3035,302:3062,303:3232,304:3340,305:3360,306:3546,307:3608,308:3734,309:3806,310:3913,311:4003,312:2917,313:2967,314:3115,315:3217,316:3331,317:3404,318:3485,319:3588,320:3664,321:3813,322:3858,323:3975,324:2924,325:2981,326:3130,327:3150,328:3320,329:3426,330:3500,331:3597,332:3731,333:3827,334:3945,335:3990,336:2898,337:3001,338:3116,339:3182,340:3347,341:3419,342:3505,343:3603,344:3741,345:3769,346:3872,347:4022,348:2884,349:3032,350:3128,351:3158,352:3321,353:3369,354:3462,355:3589,356:3735,357:3758,358:3850,359:4005
0:2856,1:2965,2:3117,3:3185,4:3316,5:3389,6:3525,7:3552,8:3652,9:3818,10:3943,11:3977,12:2879,13:3041,14:3088,15:3175,16:3281,17:3385,18:3485,19:3610,20:3701,21:3770,22:3934,23:3994,24:2927,25:2985,26:3051,27:3231,28:3251,29:3428,30:3536,31:3607,32:3655,33:3760,34:3933,35:4044,36:2887,37:2973,38:3052,39:3228,40:3281,41:3418,42:3520,43:3614,44:3691,45:3806,46:3871,47:3951,48:2939,49:2958,50:3086,51:3201,52:3324,53:3373,54:3474,55:3615,56:3733,57:3761,58:3880,59:3987,60:2927,61:2983,62:3073,63:3233,64:3333,65:3411,66:3482,67:3607,68:3722,69:3792,70:3902,71:3968,72:2903,73:2950,74:3055,75:3170,76:3286,77:3377,78:3503,79:3634,80:3689,81:3781,82:3863,83:3978,84:2933,85:3022,86:3061,87:3214,88:3266,89:3441,90:3467,91:3582,92:3693,93:3807,94:3909,95:3965,96:2864,97:3041,98:3073,99:3198,100:3320,101:3423,102:3548,103:3592,104:3682,105:3797,106:3878,107:4031,108:2935,109:3036,110:3110,111:3211,112:3295,113:3424,114:3491,115:3566,116:3727,117:3757,118:3860,119:3997,120:2904,121:3020,122:3121,123:3187,124:3341,125:3415,126:3546,127:3610,128:3688,129:3838,130:3867,131:4035,132:2930,133:2981,134:3114,135:3212,136:3345,137:3426,138:3486,139:3593,140:3728,141:3770,142:3949,143:3955,144:2911,145:3000,146:3121,147:3180,148:3252,149:3382,150:3495,151:3630,152:3676,153:3781,154:3870,155:4022,156:2926,157:3043,158:3073,159:3164,160:3343,161:3363,162:3549,163:3627,164:3737,165:3842,166:3889,167:3988,168:2890,169:3048,170:3077,171:3226,172:3260,173:3374,174:3519,175:3606,176:3665,177:3780,178:3894,179:3965,180:2939,181:2993,182:3084,183:3229,184:3303,185:3382,186:3482,187:3578,188:3650,189:3839,190:3888,191:4045,192:2874,193:2956,194:3105,195:3186,196:3294,197:3448,198:3518,199:3604,200:3708,201:3841,202:3884,203:3957,204:2914,205:3015,206:3054,207:3240,208:3296,209:3392,210:3540,211:3622,212:3706,213:3794,214:3930,215:3977,216:2944,217:3013,218:3114,219:3202,220:3269,221:3381,222:3523,223:3623,224:3711,225:3779,226:3916,227:3993,228:2943,229:3023,230:3137,231:3180,232:3262,233:3381,234:3460,235:3558,236:3700,237:3750,238:3928,239:3957,240:2882,241:3002,242:3073,243:3207,244:3332,245:3401,246:3528,247:3632,248:3666,249:3754,250:3870,251:4034,252:2935,253:2952,254:3114,255:3208,256:3292,257:3449,258:3503,259:3629,260:3659,261:3764,262:3932,263:3968,264:2852,265:2953,266:3091,267:3210,268:3326,269:3410,270:3487,271:3622,272:3689,273:3751,274:3906,275:3968,276:2881,277:2951,278:3062,279:3187,280:3259,281:3439,282:3515,283:3626,284:3712,285:3795,286:3883,287:4020,288:2916,289:2958,290:3132,291:3215,292:3310,293:3394,294:3530,295:3637,296:3699,297:3766,298:3941,299:3952,300:2936,301:2951,302:3113,303:3223,304:3271,305:3442,306:3478,307:3611,308:3678,309:3753,310:3892,311:3976,312:2936,313:2958,314:3091,315:3194,316:3333,317:3350,318:3522,319:3593,320:3684,321:3813,322:3874,323:4037,324:2869,325:2998,326:3149,327:3195,328:3345,329:3429,330:3469,331:3618,332:3742,333:3763,334:3891,335:4005,336:2935,337:2961,338:3141,339:3153,340:3278,341:3375,342:3515,343:3584,344:3741,345:3843,346:3934,347:3986,348:2886,349:2967,350:3147,351:3225,352:3255,353:3410,354:3451,355:3581,356:3675,357:3786,358:3935,359:3985
0:2876,1:2967,2:3054,3:3242,4:3341,5:3438,6:3469,7:3583,8:3651,9:3762,10:3883,11:4036,12:2920,13:3004,14:3142,15:3166,16:3267,17:3399,18:3465,19:3608,20:3665,21:3783,22:3908,23:4042,24:2947,25:2988,26:3070,27:3200,28:3254,29:3354,30:3528,31:3626,32:3684,33:3849,34:3929,35:4042,36:2944,37:2961,38:3120,39:3218,40:3291,41:3390,42:3484,43:3642,44:3742,45:3830,46:3885,47:4032,48:2864,49:3039,50:3103,51:3172,52:3266,53:3437,54:3509,55:3594,56:3734,57:3830,58:3853,59:3951,60:2901,61:3005,62:3075,63:3233,64:3325,65:3440,66:3461,67:3631,68:3734,69:3838,70:3928,71:4017,72:2947,73:2974,74:3144,75:3219,76:3301,77:3414,78:3471,79:3609,80:3688,81:3763,82:3913,83:4033,84:2864,85:3034,86:3067,87:3216,88:3250,89:3388,90:3461,91:3615,92:3725,93:3801,94:3890,95:4025,96:2942,97:2983,98:3080,99:3221,100:3260,101:3394,102:3514,103:3588,104:3655,105:3779,106:3880,107:4003,108:2917,109:2966,110:3143,111:3198,112:3341,113:3382,114:3463,115:3581,116:3724,117:3812,118:3864,119:4026,120:2935,121:2989,122:3114,123:3160,124:3289,125:3377,126:3482,127:3603,128:3693,129:3756,130:3934,131:4002,132:2873,133:2951,134:3078,135:3150,136:3255,137:3417,138:3531,139:3642,140:3655,141:3787,142:3882,143:4017,144:2894,145:2993,146:3118,147:3230,148:3301,149:3375,150:3451,151:3625,152:3668,153:3756,154:3949,155:3968,156:2932,157:2968,158:3127,159:3185,160:3302,161:3378,162:3465,163:3561,164:3679,165:3768,166:3936,167:4036,168:2926,169:2992,170:3088,171:3189,172:3326,173:3407,174:3535,175:3638,176:3712,177:3809,178:3874,179:4047,180:2889,181:3006,182:3121,183:3221,184:3270,185:3445,186:3497,187:3647,188:3735,189:3811,190:3908,191:3963,192:2872,193:3018,194:3130,195:3153,196:3293,197:3409,198:3518,199:3614,200:3680,201:3842,202:3878,203:3967,204:2854,205:3013,206:3147,207:3155,208:3292,209:3386,210:3457,211:3595,212:3683,213:3804,214:3919,215:3994,216:2933,217:3001,218:3118,219:3212,220:3301,221:3403,222:3526,223:3554,224:3651,225:3807,226:3853,227:3984,228:2871,229:3028,230:3093,231:3171,232:3275,233:3373,234:3495,235:3643,236:3707,237:3794,238:3862,239:3974,240:2876,241:3015,242:3056,243:3241,244:3330,245:3410,246:3504,247:3551,248:3681,249:3778,250:3871,251:3987,252:2855,253:2987,254:3144,255:3180,256:3293,257:3394,258:3545,259:3585,260:3662,261:3760,262:3865,263:3963,264:2901,265:2996,266:3130,267:3179,268:3284,269:3409,270:3501,271:3613,272:3687,273:3828,274:3878,275:4000,276:2923,277:3005,278:3142,279:3232,280:3321,281:3447,282:3469,283:3585,284:3716,285:3760,286:3901,287:3979,288:2900,289:2956,290:3063,291:3240,292:3325,293:3354,294:3472,295:3565,296:3667,297:3773,298:3940,299:4046,300:2856,301:2967,302:3068,303:3233,304:3275,305:3387,306:3543,307:3634,308:3674,309:3808,310:3872,311:4033,312:2877,313:2998,314:3057,315:3195,316:3294,317:3350,318:3466,319:3578,320:3709,321:3789,322:3917,323:4033,324:2940,325:2963,326:3143,327:3216,328:3256,329:3412,330:3526,331:3607,332:3747,333:3818,334:3934,335:4048,336:2938,337:2962,338:3088,339:3219,340:3285,341:3429,342:3539,343:3616,344:3734,345:3825,346:3884,347:4023,348:2897,349:2972,350:3120,351:3156,352:3347,353:3436,354:3528,355:3596,356:3702,357:3784,358:3906,359:4037
0:2881,1:2956,2:3087,3:3189,4:3256,5:3371,6:3506,7:3557,8:3710,9:3782,10:3907,11:4039,12:2887,13:3029,14:3147,15:3150,16:3292,17:3433,18:3490,19:3586,20:3708,21:3846,22:3853,23:3955,24:2852,25:2994,26:3088,27:3217,28:3287,29:3445,30:3497,31:3581,32:3745,33:3816,34:3901,35:4038,36:2913,37:2965,38:3112,39:3171,40:3252,41:3375,42:3500,43:3639,44:3702,45:3751,46:3904,47:3981,48:2879,49:3038,50:3126,51:3193,52:3263,53:3441,54:3518,55:3623,56:3697,57:3774,58:3915,59:4001,60:2946,61:3046,62:3057,63:3197,64:3257,65:3434,66:3482,67:3550,68:3685,69:3842,70:3888,71:3972,72:2924,73:3008,74:3077,75:3170,76:3269,77:3357,78:3542,79:3574,80:3651,81:3807,82:3881,83:3991,84:2890,85:3011,86:3127,87:3229,88:3266,89:3412,90:3465,91:3635,92:3662,93:3830,94:3892,95:3992,96:2885,97:3017,98:3123,99:3186,100:3317,101:3353,102:3539,103:3637,104:3658,105:3833,106:3877,107:4038,108:2940,109:2996,110:3081,111:3165,112:3321,113:3407,114:3463,115:3599,116:3665,117:3806,118:3914,119:3951,120:2897,121:2993,122:3083,123:3182,124:3334,125:3431,126:3473,127:3566,128:3692,129:3843,130:3882,131:3954,132:2920,133:2955,134:3086,135:3161,136:3256,137:3407,138:3540,139:3619,140:3663,141:3764,142:3894,143:4038,144:2897,145:3002,146:3097,147:3174,148:3324,149:3359,150:3488,151:3565,152:3717,153:3822,154:3873,155:4039,156:2932,157:2974,158:3050,159:3216,160:3337,161:3400,162:3471,163:3625,164:3686,165:3768,166:3939,167:4021,168:2895,169:3014,170:3127,171:3166,172:3333,173:3413,174:3533,175:3605,176:3682,177:3754,178:3852,179:4039,180:2899,181:3002,182:3099,183:3190,184:3315,185:3429,186:3533,187:3595,188:3713,189:3780,190:3942,191:4045,192:2927,193:2966,194:3092,195:3201,196:3294,197:3440,198:3496,199:3589,200:3703,201:3849,202:3867,203:4045,204:2903,205:3016,206:3074,207:3182,208:3328,209:3407,210:3498,211:3644,212:3723,213:3758,214:3937,215:4002,216:2898,217:3033,218:3142,219:3249,220:3329,221:3373,222:3515,223:3600,224:3728,225:3824,226:3913,227:3976,228:2907,229:2971,230:3140,231:3231,232:3308,233:3430,234:3457,235:3570,236:3691,237:3778,238:3943,239:4025,240:2928,241:2952,242:3077,243:3182,244:3319,245:3433,246:3529,247:3605,248:3687,249:3804,250:3939,251:3993,252:2930,253:3019,254:3139,255:3221,256:3279,257:3417,258:3479,259:3563,260:3717,261:3846,262:3893,263:4008,264:2885,265:3038,266:3053,267:3215,268:3268,269:3384,270:3535,271:3625,272:3684,273:3803,274:3945,275:3971,276:2928,277:2971,278:3137,279:3179,280:3264,281:3377,282:3541,283:3617,284:3674,285:3783,286:3909,287:4013,288:2858,289:3029,290:3124,291:3236,292:3279,293:3385,294:3531,295:3571,296:3693,297:3788,298:3871,299:3973,300:2905,301:2999,302:3136,303:3172,304:3299,305:3410,306:3536,307:3616,308:3732,309:3835,310:3943,311:3963,312:2921,313:2959,314:3075,315:3179,316:3293,317:3427,318:3518,319:3608,320:3727,321:3779,322:3868,323:3988,324:2918,325:3008,326:3067,327:3225,328:3319,329:3378,330:3532,331:3577,332:3707,333:3782,334:3851,335:4035,336:2936,337:3007,338:3069,339:3191,340:3283,341:3381,342:3465,343:3641,344:3671,345:3798,346:3891,347:4009,348:2895,349:2996,350:3088,351:3231,352:3333,353:3434,354:3535,355:3551,356:3675,357:3833,358:3879,359:4028
0:2854,1:3020,2:3142,3:3178,4:3254,5:3386,6:3537,7:3617,8:3679,9:3844,10:3914,11:3963,12:2935,13:3023,14:3131,15:3235,16:3319,17:3408,18:3453,19:3646,20:3673,21:3753,22:3863,23:3970,24:2861,25:2993,26:3106,27:3198,28:3300,29:3375,30:3460,31:3615,32:3717,33:3789,34:3916,35:4029,36:2896,37:3038,38:3134,39:3177,40:3337,41:3388,42:3500,43:3638,44:3724,45:3755,46:3931,47:4031,48:2850,49:3031,50:3092,51:3172,52:3312,53:3432,54:3461,55:3632,56:3652,57:3824,58:3888,59:4043,60:2925,61:3037,62:3133,63:3195,64:3291,65:3369,66:3536,67:3639,68:3708,69:3777,70:3922,71:4004,72:2888,73:2976,74:3107,75:3171,76:3279,77:3353,78:3503,79:3581,80:3729,81:3791,82:3857,83:4015,84:2867,85:2966,86:3120,87:3247,88:3338,89:3387,90:3450,91:3642,92:3680,93:3841,94:3873,95:4037,96:2904,97:2995,98:3053,99:3163,100:3303,101:3425,102:3540,103:3647,104:3744,105:3841,106:3907,107:4014,108:2894,109:2951,110:3144,111:3163,112:3336,113:3398,114:3514,115:3579,116:3670,117:3839,118:3936,119:4009,120:2926,121:2954,122:3117,123:3207,124:3279,125:3378,126:3463,127:3627,128:3715,129:3849,130:3912,131:4012,132:2889,133:2978,134:3060,135:3155,136:3332,137:3419,138:3533,139:3553,140:3698,141:3777,142:3888,143:3951,144:2879,145:3024,146:3083,147:3192,148:3318,149:3372,150:3527,151:3552,152:3704,153:3806,154:3899,155:4001,156:2906,157:3044,158:3146,159:3170,160:3309,161:3377,162:3489,163:3629,164:3736,165:3826,166:3860,167:4007,168:2940,169:3036,170:3060,171:3205,172:3349,173:3399,174:3504,175:3556,176:3668,177:3846,178:3873,179:4019,180:2864,181:3048,182:3085,183:3214,184:3265,185:3397,186:3540,187:3551,188:3739,189:3762,190:3878,191:4024,192:2856,193:3005,194:3064,195:3190,196:3270,197:3393,198:3503,199:3554,200:3699,201:3787,202:3914,203:3985,204:2864,205:3030,206:3145,207:3226,208:3272,209:3390,210:3466,211:3611,212:3666,213:3769,214:3921,215:3981,216:2856,217:3049,218:3079,219:3152,220:3349,221:3360,222:3501,223:3576,224:3683,225:3805,226:3889,227:3975,228:2856,229:2992,230:3062,231:3237,232:3316,233:3352,234:3547,235:3587,236:3715,237:3822,238:3940,239:4033,240:2881,241:2979,242:3094,243:3225,244:3302,245:3392,246:3484,247:3638,248:3702,249:3764,250:3916,251:4019,252:2945,253:2970,254:3125,255:3227,256:3280,257:3376,258:3466,259:3551,260:3666,261:3799,262:3874,263:3988,264:2907,265:3047,266:3067,267:3152,268:3256,269:3355,270:3542,271:3580,272:3716,273:3793,274:3859,275:4016,276:2909,277:3043,278:3144,279:3183,280:3280,281:3401,282:3500,283:3588,284:3667,285:3766,286:3917,287:3969,288:2939,289:3036,290:3056,291:3178,292:3331,293:3441,294:3474,295:3624,296:3697,297:3822,298:3905,299:4022,300:2851,301:2987,302:3057,303:3188,304:3348,305:3422,306:3457,307:3607,308:3680,309:3847,310:3926,311:3984,312:2857,313:3043,314:3083,315:3193,316:3306,317:3393,318:3487,319:3633,320:3744,321:3750,322:3925,323:3993,324:2931,325:2984,326:3077,327:3243,328:3280,329:3380,330:3466,331:3551,332:3665,333:3755,334:3925,335:4011,336:2895,337:2982,338:3103,339:3221,340:3253,341:3354,342:3455,343:3645,344:3658,345:3814,346:3901,347:3974,348:2946,349:2995,350:3070,351:3150,352:3255,353:3421,354:3517,355:3643,356:3718,357:3836,358:3944,359:4041
0:2893,1:3023,2:3056,3:3238,4:3317,5:3350,6:3463,7:3625,8:3742,9:3777,10:3917,11:4012,12:2866,13:3008,14:3140,15:3183,16:3259,17:3401,18:3512,19:3635,20:3699,21:3753,22:3931,23:3985,24:2899,25:2994,26:3060,27:3202,28:3317,29:3446,30:3502,31:3607,32:3690,33:3771,34:3940,35:4011,36:2855,37:3045,38:3120,39:3150,40:3316,41:3419,42:3488,43:3585,44:3684,45:3785,46:3919,47:3951,48:2875,49:3017,50:3078,51:3153,52:3334,53:3411,54:3453,55:3593,56:3654,57:3828,58:3875,59:3950,60:2894,61:2953,62:3112,63:3227,64:3306,65:3442,66:3496,67:3591,68:3691,69:3819,70:3914,71:3962,72:2945,73:3002,74:3081,75:3185,76:3311,77:3439,78:3454,79:3583,80:3711,81:3797,82:3918,83:4020,84:2949,85:2952,86:3077,87:3158,88:3258,89:3381,90:3456,91:3645,92:3718,93:3793,94:3885,95:3974,96:2937,97:2981,98:3139,99:3184,100:3277,101:3416,102:3451,103:3623,104:3699,105:3754,106:3946,107:4034,108:2939,109:3016,110:3105,111:3200,112:3305,113:3384,114:3451,115:3586,116:3727,117:3806,118:3881,119:4015,120:2949,121:2957,122:3104,123:3208,124:3333,125:3367,126:3462,127:3578,128:3713,129:3844,130:3933,131:4035,132:2859,133:3049,134:3127,135:3188,136:3325,137:3416,138:3460,139:3568,140:3726,141:3798,142:3925,143:3976,144:2943,145:3037,146:3108,147:3212,148:3339,149:3373,150:3466,151:3644,152:3749,153:3811,154:3903,155:3990,156:2934,157:2983,158:3118,159:3195,160:3256,161:3405,162:3497,163:3598,164:3653,165:3805,166:3948,167:4012,168:2897,169:2958,170:3140,171:3191,172:3333,173:3375,174:3487,175:3611,176:3731,177:3817,178:3916,179:4029,180:2945,181:3048,182:3069,183:3175,184:3320,185:3370,186:3530,187:3634,188:3716,189:3785,190:3851,191:4016,192:2890,193:3010,194:3132,195:3160,196:3326,197:3386,198:3540,199:3621,200:3665,201:3812,202:3886,203:3981,204:2859,205:2988,206:3111,207:3234,208:3344,209:3350,210:3519,211:3575,212:3674,213:3789,214:3859,215:4006,216:2879,217:3031,218:3130,219:3227,220:3344,221:3431,222:3485,223:3572,224:3746,225:3793,226:3921,227:3998,228:2883,229:3009,230:3130,231:3192,232:3253,233:3410,234:3500,235:3560,236:3654,237:3762,238:3862,239:4030,240:2942,241:2994,242:3050,243:3223,244:3346,245:3411,246:3465,247:3559,248:3721,249:3761,250:3851,251:4045,252:2884,253:2965,254:3087,255:3235,256:3301,257:3376,258:3521,259:3647,260:3653,261:3800,262:3944,263:4008,264:2917,265:3017,266:3098,267:3188,268:3279,269:3425,270:3475,271:3610,272:3665,273:3803,274:3896,275:3982,276:2885,277:3036,278:3107,279:3241,280:3293,281:3372,282:3514,283:3565,284:3731,285:3762,286:3939,287:3959,288:2915,289:2997,290:3060,291:3224,292:3270,293:3351,294:3455,295:3601,296:3729,297:3844,298:3921,299:4016,300:2944,301:3032,302:3119,303:3168,304:3271,305:3354,306:3462,307:3637,308:3695,309:3752,310:3909,311:3953,312:2865,313:3047,314:3076,315:3239,316:3291,317:3432,318:3533,319:3552,320:3686,321:3848,322:3880,323:3992,324:2922,325:2998,326:3097,327:3195,328:3299,329:3425,330:3495,331:3570,332:3709,333:3777,334:3869,335:4036,336:2875,337:3045,338:3118,339:3156,340:3265,341:3440,342:3454,343:3635,344:3701,345:3828,346:3884,347:4035,348:2887,349:3034,350:3064,351:3166,352:3349,353:3425,354:3538,355:3639,356:3728,357:3759,358:3927,359:3950
0:2901,1:2990,2:3127,3:3241,4:3292,5:3420,6:3540,7:3566,8:3731,9:3789,10:3944,11:3987,12:2914,13:3043,14:3052,15:3232,16:3338,17:3366,18:3511,19:3629,20:3704,21:3763,22:3940,23:3962,24:2887,25:2985,26:3135,27:3236,28:3288,29:3441,30:3537,31:3638,32:3667,33:3761,34:3936,35:4011,36:2921,37:2992,38:3082,39:3248,40:3276,41:3426,42:3465,43:3578,44:3686,45:3792,46:3867,47:3989,48:2940,49:3002,50:3130,51:3179,52:3318,53:3360,54:3452,55:3610,56:3681,57:3802,58:3915,59:3954,60:2898,61:2963,62:3064,63:3200,64:3300,65:3404,66:3533,67:3649,68:3678,69:3833,70:3927,71:4023,72:2856,73:3003,74:3056,75:3172,76:3338,77:3405,78:3460,79:3598,80:3655,81:3841,82:3862,83:3984,84:2903,85:3000,86:3114,87:3194,88:3253,89:3377,90:3471,91:3592,92:3652,93:3750,94:3895,95:4022,96:2884,97:3032,98:3124,99:3235,100:3313,101:3387,102:3499,103:3574,104:3702,105:3779,106:3853,107:3998,108:2918,109:3013,110:3117,111:3226,112:3299,113:3418,114:3505,115:3591,116:3656,117:3762,118:3912,119:3972,120:2875,121:3040,122:3067,123:3195,124:3273,125:3445,126:3535,127:3551,128:3658,129:3828,130:3852,131:4048,132:2932,133:3009,134:3092,135:3159,136:3262,137:3371,138:3472,139:3637,140:3705,141:3834,142:3937,143:4044,144:2871,145:2970,146:3091,147:3246,148:3278,149:3444,150:3458,151:3560,152:3700,153:3791,154:3878,155:4036,156:2944,157:2981,158:3148,159:3216,160:3320,161:3388,162:3453,163:3595,164:3669,165:3841,166:3897,167:3977,168:2889,169:2980,170:3087,171:3213,172:3268,173:3416,174:3538,175:3577,176:3709,177:3784,178:3931,179:4043,180:2869,181:3019,182:3091,183:3241,184:3276,185:3434,186:3528,187:3583,188:3660,189:3834,190:3852,191:4039,192:2932,193:2954,194:3126,195:3235,196:3298,197:3427,198:3485,199:3601,200:3666,201:3807,202:3908,203:3951,204:2850,205:3010,206:3061,207:3191,208:3347,209:3429,210:3450,211:3595,212:3734,213:3773,214:3890,215:4030,216:2897,217:2960,218:3103,219:3208,220:3345,221:3380,222:3475,223:3619,224:3715,225:3751,226:3928,227:3992,228:2865,229:3043,230:3065,231:3249,232:3301,233:3398,234:3541,235:3573,236:3730,237:3807,238:3911,239:4041,240:2891,241:3020,242:3149,243:3172,244:3262,245:3424,246:3523,247:3624,248:3692,249:3801,250:3851,251:3971,252:2912,253:2975,254:3092,255:3185,256:3255,257:3422,258:3454,259:3626,260:3745,261:3806,262:3876,263:4045,264:2855,265:2965,266:3068,267:3207,268:3290,269:3436,270:3521,271:3628,272:3650,273:3775,274:3865,275:3993,276:2905,277:2974,278:3120,279:3203,280:3348,281:3421,282:3517,283:3632,284:3678,285:3782,286:3949,287:4032,288:2890,289:2962,290:3149,291:3163,292:3291,293:3402,294:3463,295:3610,296:3713,297:3823,298:3939,299:3990,300:2915,301:2969,302:3058,303:3231,304:3293,305:3391,306:3485,307:3618,308:3727,309:3772,310:3884,311:3964,312:2891,313:3031,314:3058,315:3200,316:3340,317:3355,318:3513,319:3597,320:3672,321:3833,322:3926,323:4035,324:2914,325:2950,326:3087,327:3182,328:3303,329:3424,330:3515,331:3602,332:3705,333:3778,334:3942,335:3982,336:2878,337:3007,338:3132,339:3190,340:3265,341:3362,342:3501,343:3617,344:3707,345:3765,346:3923,347:3964,348:2867,349:3032,350:3080,351:3194,352:3275,353:3399,354:3512,355:3642,356:3717,357:3841,358:3897,359:3983
0:2892,1:3038,2:3067,3:3236,4:3320,5:3409,6:3485,7:3646,8:3679,9:3815,10:3872,11:3965,12:2862,13:3002,14:3103,15:3196,16:3308,17:3370,18:3539,19:3554,20:3732,21:3789,22:3857,23:3981,24:2937,25:2978,26:3060,27:3205,28:3315,29:3430,30:3488,31:3589,32:3669,33:3763,34:3861,35:3989,36:2927,37:3036,38:3076,39:3226,40:3319,41:3356,42:3487,43:3604,44:3652,45:3757,46:3853,47:3960,48:2926,49:3002,50:3140,51:3241,52:3302,53:3361,54:3523,55:3648,56:3654,57:3775,58:3871,59:4036,60:2898,61:3014,62:3115,63:3158,64:3267,65:3416,66:3540,67:3611,68:3653,69:3816,70:3944,71:4006,72:2861,73:2952,74:3119,75:3248,76:3306,77:3375,78:3543,79:3566,80:3749,81:3841,82:3894,83:3981,84:2856,85:3033,86:3112,87:3161,88:3310,89:3413,90:3529,91:3585,92:3691,93:3792,94:3944,95:3959,96:2939,97:2975,98:3125,99:3179,100:3311,101:3425,102:3519,103:3579,104:3714,105:3812,106:3922,107:3985,108:2857,109:2995,110:3054,111:3221,112:3347,113:3428,114:3481,115:3567,116:3684,117:3835,118:3918,119:3961,120:2851,121:3034,122:3084,123:3174,124:3348,125:3440,126:3539,127:3600,128:3720,129:3774,130:3899,131:4002,132:2932,133:2980,134:3082,135:3246,136:3262,137:3448,138:3502,139:3564,140:3705,141:3762,142:3918,143:4033,144:2884,145:2965,146:3114,147:3162,148:3340,149:3416,150:3545,151:3561,152:3725,153:3829,154:3933,155:3980,156:2866,157:2985,158:3102,159:3172,160:3328,161:3393,162:3455,163:3551,164:3715,165:3844,166:3906,167:3980,168:2889,169:3042,170:3126,171:3195,172:3254,173:3415,174:3481,175:3613,176:3696,177:3765,178:3868,179:4006,180:2914,181:3015,182:3099,183:3171,184:3269,185:3430,186:3518,187:3636,188:3686,189:3792,190:3917,191:4029,192:2939,193:2964,194:3088,195:3182,196:3279,197:3359,198:3524,199:3618,200:3731,201:3803,202:3863,203:4017,204:2933,205:2974,206:3126,207:3226,208:3328,209:3438,210:3508,211:3637,212:3652,213:3840,214:3907,215:4037,216:2918,217:2991,218:3133,219:3225,220:3346,221:3371,222:3498,223:3644,224:3712,225:3840,226:3886,227:4007,228:2863,229:2977,230:3092,231:3165,232:3286,233:3361,234:3488,235:3606,236:3704,237:3756,238:3924,239:3985,240:2890,241:3014,242:3131,243:3245,244:3278,245:3380,246:3464,247:3566,248:3668,249:3771,250:3894,251:3978,252:2859,253:3011,254:3071,255:3153,256:3279,257:3408,258:3491,259:3647,260:3705,261:3756,262:3937,263:3987,264:2931,265:3007,266:3056,267:3168,268:3337,269:3387,270:3493,271:3595,272:3667,273:3837,274:3926,275:3980,276:2904,277:2995,278:3110,279:3168,280:3316,281:3372,282:3548,283:3641,284:3731,285:3821,286:3888,287:3970,288:2862,289:2963,290:3140,291:3168,292:3321,293:3413,294:3482,295:3622,296:3732,297:3811,298:3909,299:3951,300:2896,301:3015,302:3113,303:3214,304:3268,305:3358,306:3502,307:3629,308:3731,309:3764,310:3910,311:4024,312:2876,313:3002,314:3064,315:3213,316:3293,317:3371,318:3477,319:3596,320:3726,321:3750,322:3908,323:3971,324:2886,325:2994,326:3122,327:3150,328:3297,329:3366,330:3525,331:3586,332:3693,333:3844,334:3856,335:4028,336:2868,337:2991,338:3086,339:3159,340:3258,341:3418,342:3504,343:3596,344:3655,345:3824,346:3897,347:3975,348:2862,349:3040,350:3089,351:3237,352:3305,353:3351,354:3528,355:3630,356:3744,357:3760,358:3857,359:3979
0:2934,1:2968,2:3072,3:3247,4:3264,5:3367,6:3549,7:3649,8:3738,9:3783,10:3890,11:4024,12:2936,13:2995,14:3100,15:3159,16:3272,17:3378,18:3534,19:3593,20:3705,21:3824,22:3921,23:4029,24:2859,25:2984,26:3055,27:3185,28:3293,29:3357,30:3546,31:3594,32:3659,33:3810,34:3873,35:3976,36:2851,37:2983,38:3083,39:3202,40:3318,41:3373,42:3511,43:3607,44:3693,45:3759,46:3871,47:4028,48:2922,49:2986,50:3081,51:3192,52:3332,53:3416,54:3513,55:3582,56:3655,57:3784,58:3911,59:4030,60:2870,61:2979,62:3112,63:3226,64:3270,65:3379,66:3514,67:3587,68:3724,69:3786,70:3880,71:4031,72:2859,73:2971,74:3139,75:3214,76:3281,77:3434,78:3494,79:3642,80:3723,81:3837,82:3921,83:3991,84:2890,85:2988,86:3056,87:3247,88:3306,89:3425,90:3457,91:3562,92:3688,93:3839,94:3859,95:3995,96:2861,97:2969,98:3081,99:3158,100:3303,101:3433,102:3534,103:3572,104:3671,105:3755,106:3934,107:4014,108:2916,109:3017,110:3132,111:3197,112:3334,113:3421,114:3495,115:3578,116:3710,117:3755,118:3912,119:4028,120:2880,121:3013,122:3067,123:3201,124:3254,125:3448,126:3518,127:3608,128:3695,129:3839,130:3875,131:4035,132:2930,133:2963,134:3079,135:3248,136:3257,137:3354,138:3523,139:3629,140:3741,141:3824,142:3864,143:4016,144:2852,145:3002,146:3063,147:3213,148:3278,149:3422,150:3461,151:3614,152:3731,153:3840,154:3937,155:3981,156:2933,157:3048,158:3142,159:3204,160:3269,161:3433,162:3513,163:3619,164:3653,165:3837,166:3901,167:3951,168:2911,169:2953,170:3106,171:3225,172:3330,173:3442,174:3494,175:3592,176:3743,177:3795,178:3896,179:3960,180:2862,181:3003,182:3112,183:3175,184:3316,185:3395,186:3535,187:3609,188:3666,189:3763,190:3867,191:3960,192:2927,193:2995,194:3124,195:3219,196:3303,197:3442,198:3511,199:3586,200:3671,201:3803,202:3885,203:4010,204:2930,205:3015,206:3106,207:3246,208:3306,209:3362,210:3545,211:3625,212:3721,213:3785,214:3860,215:3969,216:2874,217:2960,218:3055,219:3159,220:3349,221:3440,222:3491,223:3609,224:3688,225:3760,226:3947,227:4014,228:2851,229:2960,230:3096,231:3217,232:3283,233:3371,234:3496,235:3587,236:3725,237:3811,238:3931,239:4000,240:2872,241:2967,242:3147,243:3185,244:3266,245:3374,246:3529,247:3579,248:3697,249:3843,250:3944,251:3967,252:2936,253:2980,254:3142,255:3160,256:3278,257:3398,258:3492,259:3619,260:3719,261:3758,262:3933,263:3952,264:2927,265:3031,266:3149,267:3213,268:3341,269:3361,270:3460,271:3579,272:3724,273:3833,274:3882,275:4012,276:2940,277:3047,278:3054,279:3165,280:3321,281:3365,282:3471,283:3597,284:3652,285:3809,286:3908,287:4024,288:2928,289:2983,290:3054,291:3156,292:3257,293:3360,294:3515,295:3646,296:3654,297:3810,298:3925,299:4036,300:2920,301:2969,302:3125,303:3221,304:3273,305:3400,306:3459,307:3553,308:3729,309:3768,310:3921,311:4034,312:2851,313:2968,314:3141,315:3211,316:3265,317:3428,318:3541,319:3635,320:3686,321:3817,322:3870,323:4008,324:2867,325:3000,326:3086,327:3213,328:3276,329:3362,330:3523,331:3632,332:3723,333:3838,334:3860,335:3977,336:2935,337:3016,338:3086,339:3195,340:3336,341:3355,342:3513,343:3566,344:3691,345:3767,346:3893,347:4011,348:2914,349:2959,350:3058,351:3164,352:3259,353:3371,354:3455,355:3624,356:3710,357:3828,358:3944,359:3976
0:2880,1:2955,2:3066,3:3241,4:3313,5:3352,6:3548,7:3617,8:3672,9:3763,10:3900,11:3993,12:2855,13:3027,14:3124,15:3171,16:3288,17:3448,18:3527,19:3606,20:3666,21:3790,22:3900,23:4013,24:2887,25:3012,26:3099,27:3214,28:3338,29:3370,30:3483,31:3575,32:3655,33:3769,34:3940,35:4018,36:2889,37:3043,38:3122,39:3246,40:3295,41:3370,42:3530,43:3609,44:3657,45:3759,46:3877,47:4028,48:2852,49:2994,50:3067,51:3217,52:3281,53:3404,54:3506,55:3606,56:3678,57:3780,58:3871,59:4010,60:2915,61:3029,62:3132,63:3172,64:3347,65:3354,66:3486,67:3594,68:3737,69:3771,70:3942,71:3985,72:2907,73:2995,74:3056,75:3167,76:3289,77:3433,78:3522,79:3611,80:3682,81:3822,82:3850,83:3973,84:2908,85:3005,86:3136,87:3197,88:3338,89:3421,90:3503,91:3551,92:3695,93:3847,94:3896,95:4008,96:2896,97:2969,98:3087,99:3217,100:3272,101:3423,102:3540,103:3583,104:3696,105:3798,106:3862,107:3982,108:2854,109:2972,110:3140,111:3190,112:3263,113:3405,114:3499,115:3625,116:3680,117:3764,118:3924,119:4014,120:2933,121:3045,122:3082,123:3248,124:3271,125:3356,126:3474,127:3640,128:3715,129:3841,130:3922,131:4040,132:2874,133:2962,134:3112,135:3212,136:3262,137:3354,138:3513,139:3599,140:3744,141:3788,142:3888,143:4033,144:2855,145:3041,146:3091,147:3243,148:3308,149:3359,150:3463,151:3569,152:3712,153:3825,154:3865,155:3969,156:2875,157:2988,158:3138,159:3172,160:3330,161:3364,162:3501,163:3590,164:3651,165:3765,166:3939,167:4029,168:2889,169:3021,170:3126,171:3168,172:3263,173:3362,174:3471,175:3573,176:3708,177:3844,178:3901,179:4008,180:2863,181:3038,182:3132,183:3214,184:3299,185:3396,186:3487,187:3620,188:3660,189:3800,190:3869,191:3956,192:2899,193:2990,194:3062,195:3228,196:3290,197:3366,198:3504,199:3639,200:3673,201:3801,202:3917,203:4036,204:2940,205:3016,206:3077,207:3198,208:3287,209:3389,210:3511,211:3559,212:3726,213:3814,214:3914,215:4038,216:2857,217:2987,218:3056,219:3248,220:3268,221:3373,222:3452,223:3620,224:3735,225:3780,226:3879,227:4014,228:2866,229:2985,230:3065,231:3194,232:3256,233:3377,234:3520,235:3599,236:3711,237:3779,238:3856,239:3984,240:2930,241:3025,242:3126,243:3241,244:3299,245:3422,246:3465,247:3588,248:3672,249:3751,250:3947,251:3996,252:2899,253:3031,254:3123,255:3243,256:3313,257:3415,258:3461,259:3638,260:3671,261:3772,262:3943,263:4005,264:2910,265:2994,266:3057,267:3171,268:3337,269:3373,270:3541,271:3595,272:3692,273:3839,274:3874,275:4004,276:2949,277:2956,278:3070,279:3198,280:3259,281:3379,282:3468,283:3555,284:3671,285:3825,286:3915,287:4005,288:2906,289:2950,290:3129,291:3224,292:3312,293:3389,294:3518,295:3585,296:3714,297:3847,298:3949,299:4029,300:2903,301:2982,302:3115,303:3241,304:3340,305:3378,306:3538,307:3577,308:3739,309:3775,310:3872,311:3991,312:2895,313:2983,314:3116,315:3159,316:3258,317:3366,318:3525,319:3603,320:3739,321:3752,322:3898,323:3986,324:2871,325:3003,326:3072,327:3248,328:3327,329:3426,330:3537,331:3571,332:3656,333:3763,334:3948,335:3958,336:2868,337:3048,338:3051,339:3200,340:3305,341:3417,342:3506,343:3606,344:3716,345:3768,346:3909,347:4024,348:2935,349:2988,350:3121,351:3212,352:3328,353:3431,354:3547,355:3615,356:3737,357:3782,358:3945,359:3958
0:2945,1:2956,2:3092,3:3187,4:3339,5:3442,6:3499,7:3580,8:3749,9:3776,10:3877,11:3978,12:2855,13:3027,14:3123,15:3249,16:3301,17:3408,18:3504,19:3610,20:3667,21:3765,22:3938,23:4029,24:2867,25:3027,26:3117,27:3205,28:3342,29:3362,30:3525,31:3563,32:3655,33:3832,34:3901,35:4010,36:2896,37:2979,38:3090,39:3190,40:3271,41:3391,42:3480,43:3619,44:3675,45:3826,46:3877,47:4043,48:2929,49:3018,50:3077,51:3180,52:3295,53:3442,54:3540,55:3620,56:3665,57:3791,58:3892,59:4032,60:2854,61:3008,62:3057,63:3192,64:3323,65:3432,66:3544,67:3636,68:3654,69:3767,70:3899,71:3957,72:2923,73:2981,74:3088,75:3236,76:3288,77:3404,78:3529,79:3555,80:3670,81:3787,82:3891,83:4022,84:2903,85:2971,86:3098,87:3241,88:3296,89:3402,90:3523,91:3611,92:3650,93:3819,94:3899,95:3952,96:2910,97:2968,98:3074,99:3243,100:3283,101:3448,102:3532,103:3573,104:3665,105:3751,106:3931,107:4007,108:2860,109:3039,110:3126,111:3235,112:3279,113:3383,114:3504,115:3594,116:3720,117:3839,118:3911,119:3955,120:2948,121:3011,122:3139,123:3183,124:3289,125:3415,126:3529,127:3563,128:3727,129:3845,130:3948,131:4048,132:2923,133:2973,134:3132,135:3167,136:3251,137:3427,138:3525,139:3646,140:3724,141:3783,142:3899,143:3957,144:2929,145:3049,146:3147,147:3230,148:3296,149:3351,150:3525,151:3580,152:3679,153:3788,154:3907,155:3997,156:2884,157:3039,158:3052,159:3220,160:3346,161:3399,162:3529,163:3611,164:3745,165:3843,166:3875,167:4037,168:2870,169:3004,170:3136,171:3217,172:3265,173:3407,174:3485,175:3582,176:3725,177:3752,178:3877,179:4024,180:2870,181:3005,182:3142,183:3194,184:3253,185:3385,186:3527,187:3583,188:3742,189:3822,190:3905,191:4000,192:2914,193:2983,194:3103,195:3178,196:3312,197:3426,198:3484,199:3649,200:3705,201:3767,202:3920,203:3953,204:2873,205:3034,206:3072,207:3221,208:3319,209:3448,210:3544,211:3568,212:3665,213:3766,214:3921,215:4039,216:2886,217:2986,218:3081,219:3160,220:3321,221:3414,222:3492,223:3597,224:3658,225:3766,226:3892,227:4019,228:2866,229:3009,230:3058,231:3203,232:3283,233:3391,234:3526,235:3568,236:3689,237:3814,238:3949,239:4006,240:2903,241:2985,242:3135,243:3157,244:3263,245:3428,246:3504,247:3569,248:3741,249:3754,250:3878,251:4007,252:2888,253:3044,254:3115,255:3194,256:3289,257:3408,258:3450,259:3593,260:3652,261:3822,262:3949,263:4039,264:2873,265:3018,266:3070,267:3211,268:3270,269:3352,270:3528,271:3628,272:3747,273:3790,274:3866,275:3958,276:2901,277:3032,278:3066,279:3151,280:3287,281:3392,282:3514,283:3555,284:3741,285:3766,286:3877,287:4021,288:2913,289:3049,290:3058,291:3165,292:3284,293:3441,294:3497,295:3625,296:3708,297:3828,298:3859,299:4030,300:2882,301:3037,302:3141,303:3219,304:3337,305:3354,306:3464,307:3649,308:3692,309:3783,310:3856,311:4032,312:2929,313:3017,314:3072,315:3243,316:3261,317:3398,318:3502,319:3615,320:3654,321:3769,322:3930,323:4012,324:2895,325:2997,326:3063,327:3189,328:3345,329:3446,330:3515,331:3557,332:3651,333:3762,334:3894,335:3982,336:2924,337:3004,338:3050,339:3160,340:3256,341:3395,342:3507,343:3563,344:3682,345:3771,346:3884,347:4007,348:2914,349:2996,350:3059,351:3150,352:3336,353:3365,354:3471,355:3570,356:3666,357:3814,358:3937,359:3981
0:2900,1:3008,2:3074,3:3206,4:3270,5:3372,6:3520,7:3629,8:3749,9:3844,10:3877,11:3982,12:2896,13:3031,14:3054,15:3245,16:3301,17:3390,18:3472,19:3608,20:3702,21:3820,22:3914,23:4045,24:2919,25:2990,26:3115,27:3226,28:3344,29:3391,30:3538,31:3596,32:3678,33:3820,34:3884,35:3989,36:2852,37:3033,38:3147,39:3184,40:3261,41:3400,42:3453,43:3585,44:3741,45:3836,46:3881,47:3965,48:2894,49:3009,50:3066,51:3239,52:3306,53:3440,54:3478,55:3648,56:3679,57:3817,58:3931,59:3985,60:2860,61:3028,62:3115,63:3235,64:3253,65:3417,66:3498,67:3574,68:3748,69:3750,70:3873,71:4048,72:2890,73:3043,74:3083,75:3235,76:3324,77:3441,78:3450,79:3572,80:3697,81:3769,82:3909,83:4015,84:2908,85:3043,86:3103,87:3238,88:3309,89:3415,90:3451,91:3606,92:3681,93:3763,94:3877,95:3999,96:2929,97:3046,98:3094,99:3210,100:3304,101:3404,102:3477,103:3571,104:3746,105:3806,106:3879,107:3959,108:2943,109:2953,110:3072,111:3240,112:3279,113:3355,114:3517,115:3626,116:3749,117:3790,118:3922,119:4034,120:2931,121:3024,122:3108,123:3156,124:3277,125:3449,126:3469,127:3620,128:3685,129:3782,130:3893,131:3951,132:2871,133:3015,134:3089,135:3188,136:3311,137:3356,138:3465,139:3556,140:3704,141:3820,142:3887,143:3993,144:2925,145:3048,146:3069,147:3240,148:3344,149:3438,150:3541,151:3585,152:3689,153:3820,154:3911,155:3964,156:2859,157:3018,158:3143,159:3215,160:3275,161:3358,162:3538,163:3579,164:3720,165:3793,166:3896,167:4013,168:2921,169:3005,170:3113,171:3229,172:3344,173:3369,174:3455,175:3635,176:3739,177:3772,178:3903,179:4034,180:2910,181:3025,182:3062,183:3169,184:3270,185:3385,186:3516,187:3552,188:3699,189:3820,190:3908,191:4043,192:2878,193:2952,194:3054,195:3249,196:3265,197:3394,198:3487,199:3634,200:3690,201:3819,202:3854,203:3991,204:2892,205:2964,206:3088,207:3172,208:3262,209:3388,210:3514,211:3640,212:3661,213:3822,214:3944,215:3952,216:2859,217:3040,218:3096,219:3223,220:3304,221:3378,222:3468,223:3560,224:3653,225:3780,226:3854,227:4039,228:2886,229:2959,230:3112,231:3190,232:3295,233:3420,234:3506,235:3629,236:3714,237:3755,238:3855,239:4016,240:2865,241:3039,242:3097,243:3168,244:3326,245:3439,246:3497,247:3649,248:3723,249:3754,250:3876,251:4046,252:2882,253:2993,254:3058,255:3222,256:3313,257:3382,258:3539,259:3621,260:3720,261:3842,262:3931,263:3970,264:2938,265:2971,266:3059,267:3237,268:3317,269:3356,270:3547,271:3551,272:3670,273:3782,274:3933,275:4048,276:2912,277:3016,278:3099,279:3183,280:3317,281:3387,282:3455,283:3625,284:3688,285:3792,286:3915,287:3985,288:2922,289:3014,290:3135,291:3153,292:3281,293:3375,294:3513,295:3567,296:3671,297:3793,298:3918,299:4006,300:2855,301:2953,302:3097,303:3210,304:3286,305:3383,306:3508,307:3642,308:3733,309:3803,310:3853,311:4049,312:2882,313:3038,314:3116,315:3242,316:3286,317:3408,318:3492,319:3608,320:3733,321:3800,322:3862,323:4034,324:2894,325:2998,326:3120,327:3186,328:3336,329:3386,330:3467,331:3581,332:3699,333:3813,334:3883,335:3958,336:2934,337:2997,338:3085,339:3209,340:3343,341:3387,342:3542,343:3621,344:3723,345:3823,346:3907,347:4010,348:2901,349:3012,350:3120,351:3225,352:3296,353:3419,354:3472,355:3588,356:3716,357:3765,358:3919,359:3975
0:2900,1:2977,2:3058,3:3234,4:3264,5:3406,6:3514,7:3600,8:3726,9:3763,10:3948,11:3956,12:2940,13:2984,14:3063,15:3189,16:3262,17:3392,18:3548,19:3582,20:3652,21:3765,22:3892,23:4007,24:2857,25:3006,26:3073,27:3220,28:3292,29:3438,30:3494,31:3570,32:3660,33:3838,34:3913,35:3986,36:2913,37:3028,38:3107,39:3182,40:3302,41:3354,42:3456,43:3605,44:3701,45:3768,46:3888,47:3962,48:2855,49:2956,50:3114,51:3211,52:3333,53:3421,54:3508,55:3579,56:3726,57:3800,58:3915,59:4024,60:2867,61:3043,62:3067,63:3201,64:3280,65:3383,66:3479,67:3623,68:3706,69:3848,70:3852,71:4037,72:2872,73:2961,74:3066,75:3194,76:3250,77:3418,78:3549,79:3643,80:3720,81:3789,82:3899,83:4040,84:2913,85:3026,86:3071,87:3218,88:3251,89:3387,90:3489,91:3616,92:3690,93:3820,94:3937,95:3976,96:2939,97:3003,98:3117,99:3238,100:3337,101:3433,102:3516,103:3558,104:3694,105:3804,106:3928,107:3993,108:2861,109:2967,110:3127,111:3195,112:3283,113:3410,114:3451,115:3559,116:3651,117:3791,118:3872,119:4036,120:2858,121:2981,122:3136,123:3232,124:3295,125:3374,126:3517,127:3590,128:3651,129:3821,130:3935,131:3983,132:2905,133:2991,134:3143,135:3229,136:3313,137:3403,138:3532,139:3559,140:3705,141:3751,142:3884,143:4002,144:2908,145:3014,146:3122,147:3154,148:3324,149:3351,150:3544,151:3607,152:3651,153:3793,154:3866,155:4008,156:2927,157:3023,158:3117,159:3187,160:3334,161:3397,162:3518,163:3601,164:3706,165:3751,166:3862,167:4037,168:2920,169:2999,170:3114,171:3180,172:3291,173:3420,174:3485,175:3563,176:3705,177:3785,178:3877,179:3977,180:2933,181:3018,182:3118,183:3154,184:3306,185:3420,186:3526,187:3647,188:3656,189:3835,190:3893,191:4043,192:2917,193:3013,194:3113,195:3155,196:3308,197:3364,198:3521,199:3566,200:3730,201:3769,202:3908,203:3984,204:2911,205:3048,206:3109,207:3224,208:3268,209:3355,210:3484,211:3554,212:3748,213:3784,214:3927,215:4035,216:2903,217:3032,218:3144,219:3233,220:3341,221:3426,222:3536,223:3633,224:3727,225:3802,226:3873,227:3964,228:2906,229:3041,230:3140,231:3153,232:3327,233:3426,234:3511,235:3573,236:3731,237:3791,238:3850,239:4001,240:2856,241:2979,242:3148,243:3202,244:3349,245:3355,246:3533,247:3587,248:3700,249:3843,250:3948,251:4017,252:2899,253:2981,254:3103,255:3225,256:3301,257:3396,258:3475,259:3618,260:3738,261:3769,262:3871,263:3996,264:2915,265:2990,266:3076,267:3210,268:3259,269:3410,270:3471,271:3565,272:3654,273:3815,274:3908,275:3984,276:2908,277:3011,278:3077,279:3221,280:3278,281:3393,282:3537,283:3612,284:3685,285:3805,286:3940,287:3973,288:2946,289:2956,290:3105,291:3228,292:3288,293:3384,294:3540,295:3605,296:3731,297:3776,298:3856,299:3974,300:2908,301:2981,302:3064,303:3181,304:3294,305:3389,306:3539,307:3617,308:3656,309:3817,310:3917,311:4024,312:2902,313:2970,314:3056,315:3202,316:3330,317:3428,318:3507,319:3644,320:3736,321:3814,322:3903,323:4023,324:2906,325:3039,326:3058,327:3228,328:3270,329:3399,330:3502,331:3568,332:3731,333:3826,334:3930,335:3966,336:2877,337:3009,338:3132,339:3152,340:3279,341:3426,342:3487,343:3588,344:3707,345:3845,346:3943,347:3958,348:2905,349:3029,350:3120,351:3224,352:3305,353:3360,354:3518,355:3603,356:3676,357:3794,358:3929,359:3954
0:2895,1:2963,2:3069,3:3198,4:3276,5:3366,6:3542,7:3592,8:3747,9:3782,10:3882,11:3983,12:2899,13:2982,14:3060,15:3159,16:3251,17:3411,18:3495,19:3554,20:3698,21:3777,22:3895,23:3981,24:2920,25:3003,26:3137,27:3200,28:3274,29:3447,30:3490,31:3620,32:3678,33:3751,34:3915,35:3992,36:2929,37:3016,38:3110,39:3216,40:3273,41:3424,42:3538,43:3599,44:3709,45:3752,46:3877,47:4010,48:2893,49:3045,50:3116,51:3216,52:3283,53:3389,54:3513,55:3604,56:3663,57:3764,58:3933,59:4028,60:2886,61:2975,62:3130,63:3204,64:3333,65:3446,66:3526,67:3591,68:3747,69:3776,70:3888,71:4008,72:2928,73:3021,74:3063,75:3217,76:3314,77:3371,78:3450,79:3585,80:3709,81:3829,82:3929,83:4017,84:2869,85:3017,86:3060,87:3206,88:3347,89:3407,90:3546,91:3594,92:3715,93:3815,94:3907,95:4039,96:2890,97:2991,98:3067,99:3188,100:3344,101:3378,102:3499,103:3577,104:3707,105:3784,106:3886,107:4016,108:2908,109:2960,110:3091,111:3207,112:3273,113:3446,114:3467,115:3621,116:3719,117:3837,118:3897,119:3979,120:2868,121:2961,122:3132,123:3201,124:3308,125:3448,126:3538,127:3576,128:3701,129:3825,130:3864,131:4048,132:2908,133:2984,134:3108,135:3200,136:3345,137:3446,138:3518,139:3554,140:3674,141:3808,142:3880,143:3951,144:2862,145:2998,146:3093,147:3215,148:3344,149:3428,150:3530,151:3620,152:3668,153:3828,154:3882,155:4027,156:2887,157:3022,158:3129,159:3194,160:3251,161:3433,162:3510,163:3640,164:3715,165:3768,166:3872,167:4041,168:2900,169:3021,170:3080,171:3174,172:3303,173:3441,174:3475,175:3592,176:3678,177:3793,178:3877,179:3989,180:2908,181:3022,182:3146,183:3156,184:3303,185:3361,186:3484,187:3591,188:3677,189:3816,190:3868,191:4009,192:2856,193:2985,194:3109,195:3249,196:3320,197:3442,198:3462,199:3569,200:3685,201:3816,202:3853,203:4013,204:2899,205:2956,206:3101,207:3187,208:3319,209:3370,210:3528,211:3581,212:3669,213:3781,214:3907,215:3982,216:2912,217:2982,218:3102,219:3239,220:3314,221:3368,222:3461,223:3636,224:3720,225:3809,226:3864,227:4015,228:2949,229:3030,230:3059,231:3226,232:3349,233:3434,234:3475,235:3556,236:3736,237:3815,238:3856,239:4029,240:2893,241:2979,242:3120,243:3205,244:3343,245:3350,246:3484,247:3581,248:3747,249:3810,250:3943,251:4019,252:2885,253:3034,254:3071,255:3159,256:3296,257:3393,258:3512,259:3629,260:3733,261:3785,262:3866,263:4018,264:2862,265:3047,266:3091,267:3235,268:3311,269:3406,270:3452,271:3648,272:3739,273:3792,274:3907,275:4013,276:2904,277:2972,278:3108,279:3174,280:3344,281:3440,282:3524,283:3566,284:3733,285:3842,286:3923,287:3963,288:2918,289:2999,290:3105,291:3155,292:3312,293:3388,294:3486,295:3640,296:3684,297:3801,298:3860,299:3958,300:2916,301:2998,302:3090,303:3195,304:3254,305:3424,306:3455,307:3575,308:3737,309:3796,310:3884,311:3967,312:2887,313:2979,314:3095,315:3174,316:3322,317:3409,318:3547,319:3553,320:3657,321:3820,322:3875,323:4041,324:2850,325:2988,326:3053,327:3211,328:3286,329:3354,330:3468,331:3647,332:3669,333:3832,334:3894,335:3985,336:2919,337:3038,338:3142,339:3160,340:3251,341:3420,342:3496,343:3575,344:3735,345:3846,346:3900,347:3983,348:2938,349:3010,350:3108,351:3244,352:3281,353:3444,354:3462,355:3553,356:3653,357:3812,358:3888,359:4021
0:2943,1:2954,2:3056,3:3226,4:3280,5:3436,6:3518,7:3605,8:3711,9:3780,10:3900,11:3981,12:2878,13:2987,14:3146,15:3152,16:3253,17:3438,18:3475,19:3563,20:3708,21:3795,22:3906,23:4046,24:2877,25:3029,26:3063,27:3213,28:3275,29:3419,30:3505,31:3580,32:3697,33:3783,34:3912,35:4029,36:2910,37:3032,38:3103,39:3190,40:3295,41:3409,42:3532,43:3575,44:3685,45:3841,46:3853,47:4025,48:2880,49:2951,50:3106,51:3180,52:3316,53:3433,54:3492,55:3615,56:3653,57:3773,58:3915,59:3984,60:2893,61:2988,62:3103,63:3180,64:3345,65:3385,66:3546,67:3606,68:3703,69:3805,70:3912,71:4023,72:2924,73:2996,74:3057,75:3216,76:3313,77:3420,78:3512,79:3599,80:3655,81:3829,82:3889,83:3954,84:2872,85:3002,86:3114,87:3219,88:3322,89:3425,90:3545,91:3584,92:3732,93:3791,94:3948,95:3964,96:2925,97:3010,98:3131,99:3241,100:3282,101:3392,102:3455,103:3607,104:3743,105:3843,106:3893,107:4008,108:2917,109:2999,110:3060,111:3193,112:3302,113:3416,114:3468,115:3604,116:3671,117:3760,118:3860,119:3960,120:2945,121:3005,122:3090,123:3228,124:3285,125:3371,126:3463,127:3567,128:3741,129:3790,130:3878,131:3974,132:2874,133:2951,134:3111,135:3244,136:3262,137:3429,138:3540,139:3638,140:3664,141:3804,142:3913,143:4029,144:2945,145:3043,146:3058,147:3244,148:3278,149:3444,150:3491,151:3630,152:3656,153:3800,154:3885,155:4026,156:2864,157:3025,158:3092,159:3225,160:3337,161:3424,162:3513,163:3622,164:3679,165:3765,166:3949,167:3963,168:2860,169:3016,170:3066,171:3205,172:3331,173:3378,174:3502,175:3636,176:3663,177:3759,178:3856,179:3952,180:2909,181:2970,182:3132,183:3151,184:3291,185:3410,186:3538,187:3617,188:3744,189:3837,190:3862,191:3993,192:2850,193:3007,194:3128,195:3175,196:3327,197:3403,198:3520,199:3564,200:3726,201:3779,202:3915,203:3979,204:2859,205:2990,206:3120,207:3182,208:3319,209:3435,210:3475,211:3551,212:3670,213:3828,214:3910,215:4007,216:2903,217:2977,218:3103,219:3222,220:3332,221:3436,222:3541,223:3628,224:3679,225:3795,226:3907,227:4016,228:2911,229:2953,230:3078,231:3214,232:3306,233:3416,234:3522,235:3597,236:3688,237:3779,238:3889,239:4049,240:2876,241:3000,242:3064,243:3211,244:3336,245:3397,246:3461,247:3574,248:3709,249:3766,250:3875,251:4026,252:2931,253:2965,254:3080,255:3243,256:3331,257:3436,258:3465,259:3583,260:3719,261:3824,262:3926,263:4040,264:2893,265:3026,266:3080,267:3248,268:3324,269:3396,270:3481,271:3624,272:3748,273:3770,274:3905,275:3958,276:2882,277:2956,278:3092,279:3244,280:3329,281:3378,282:3452,283:3589,284:3725,285:3789,286:3867,287:3971,288:2915,289:2997,290:3096,291:3204,292:3315,293:3393,294:3531,295:3606,296:3743,297:3821,298:3858,299:4019,300:2940,301:3023,302:3082,303:3216,304:3308,305:3429,306:3521,307:3635,308:3744,309:3791,310:3879,311:3953,312:2904,313:3040,314:3077,315:3196,316:3319,317:3367,318:3545,319:3617,320:3695,321:3803,322:3880,323:4047,324:2876,325:2989,326:3104,327:3247,328:3348,329:3359,330:3537,331:3613,332:3664,333:3843,334:3884,335:3983,336:2912,337:3022,338:3069,339:3222,340:3317,341:3437,342:3534,343:3611,344:3660,345:3795,346:3943,347:3989,348:2919,349:3018,350:3061,351:3245,352:3289,353:3439,354:3521,355:3644,356:3650,357:3834,358:3878,359:3993
0:2930,1:2950,2:3114,3:3194,4:3347,5:3376,6:3513,7:3580,8:3744,9:3814,10:3906,11:4007,12:2898,13:2950,14:3072,15:3245,16:3258,17:3378,18:3499,19:3602,20:3718,21:3791,22:3868,23:3976,24:2913,25:3040,26:3122,27:3190,28:3336,29:3386,30:3477,31:3557,32:3692,33:3776,34:3922,35:4028,36:2895,37:3008,38:3062,39:3216,40:3293,41:3360,42:3547,43:3642,44:3741,45:3794,46:3899,47:3969,48:2899,49:3044,50:3089,51:3182,52:3294,53:3359,54:3500,55:3603,56:3718,57:3847,58:3927,59:4015,60:2937,61:3016,62:3125,63:3231,64:3301,65:3419,66:3456,67:3630,68:3726,69:3771,70:3917,71:3956,72:2900,73:3045,74:3146,75:3191,76:3310,77:3420,78:3467,79:3568,80:3718,81:3778,82:3929,83:3955,84:2855,85:2995,86:3083,87:3200,88:3300,89:3371,90:3497,91:3615,92:3696,93:3790,94:3858,95:4031,96:2851,97:3000,98:3056,99:3244,100:3279,101:3355,102:3497,103:3629,104:3749,105:3792,106:3885,107:4040,108:2887,109:2968,110:3143,111:3178,112:3344,113:3403,114:3494,115:3636,116:3697,117:3846,118:3911,119:3974,120:2863,121:3016,122:3148,123:3174,124:3305,125:3413,126:3505,127:3617,128:3697,129:3822,130:3910,131:4009,132:2907,133:2961,134:3148,135:3168,136:3296,137:3371,138:3480,139:3624,140:3738,141:3835,142:3894,143:4048,144:2887,145:2959,146:3110,147:3182,148:3298,149:3440,150:3547,151:3642,152:3707,153:3842,154:3908,155:4039,156:2879,157:2958,158:3146,159:3161,160:3276,161:3395,162:3471,163:3623,164:3723,165:3790,166:3942,167:4010,168:2938,169:2973,170:3088,171:3231,172:3289,173:3402,174:3465,175:3602,176:3709,177:3834,178:3923,179:3957,180:2906,181:3041,182:3054,183:3159,184:3318,185:3393,186:3458,187:3633,188:3652,189:3811,190:3904,191:3979,192:2921,193:2993,194:3110,195:3194,196:3312,197:3366,198:3525,199:3622,200:3695,201:3824,202:3911,203:3973,204:2882,205:2971,206:3133,207:3241,208:3256,209:3399,210:3493,211:3620,212:3698,213:3783,214:3930,215:3960,216:2864,217:3004,218:3051,219:3224,220:3327,221:3409,222:3474,223:3607,224:3710,225:3754,226:3884,227:4024,228:2882,229:2982,230:3053,231:3220,232:3347,233:3420,234:3513,235:3581,236:3700,237:3767,238:3891,239:4043,240:2913,241:3044,242:3075,243:3205,244:3333,245:3446,246:3502,247:3570,248:3715,249:3773,250:3873,251:4029,252:2869,253:2984,254:3060,255:3181,256:3318,257:3398,258:3511,259:3610,260:3727,261:3823,262:3916,263:4039,264:2864,265:2971,266:3065,267:3151,268:3256,269:3383,270:3497,271:3591,272:3695,273:3764,274:3864,275:3984,276:2898,277:3023,278:3125,279:3188,280:3257,281:3387,282:3490,283:3636,284:3682,285:3826,286:3942,287:3953,288:2939,289:3024,290:3146,291:3245,292:3320,293:3372,294:3539,295:3628,296:3702,297:3762,298:3937,299:4006,300:2859,301:2970,302:3069,303:3227,304:3326,305:3356,306:3475,307:3624,308:3661,309:3848,310:3919,311:4039,312:2947,313:3018,314:3123,315:3249,316:3287,317:3440,318:3501,319:3580,320:3678,321:3818,322:3896,323:4015,324:2928,325:2972,326:3103,327:3218,328:3276,329:3352,330:3503,331:3573,332:3747,333:3790,334:3931,335:4026,336:2875,337:3030,338:3059,339:3237,340:3262,341:3366,342:3475,343:3610,344:3737,345:3766,346:3874,347:3986,348:2909,349:3043,350:3118,351:3155,352:3264,353:3364,354:3459,355:3571,356:3726,357:3791,358:3883,359:3960
0:2867,1:3028,2:3148,3:3230,4:3323,5:3399,6:3539,7:3645,8:3737,9:3813,10:3937,11:3977,12:2918,13:3027,14:3058,15:3184,16:3291,17:3374,18:3465,19:3560,20:3707,21:3833,22:3879,23:4046,24:2881,25:2959,26:3146,27:3224,28:3284,29:3385,30:3481,31:3633,32:3740,33:3752,34:3859,35:4038,36:2872,37:3005,38:3089,39:3165,40:3289,41:3388,42:3539,43:3621,44:3708,45:3761,46:3867,47:3989,48:2854,49:2980,50:3095,51:3222,52:3268,53:3422,54:3531,55:3628,56:3702,57:3820,58:3909,59:3979,60:2942,61:3031,62:3062,63:3153,64:3265,65:3372,66:3544,67:3550,68:3698,69:3759,70:3887,71:4043,72:2902,73:2989,74:3080,75:3164,76:3277,77:3376,78:3501,79:3649,80:3666,81:3767,82:3866,83:4000,84:2944,85:2972,86:3110,87:3178,88:3296,89:3433,90:3547,91:3578,92:3740,93:3841,94:3892,95:3996,96:2888,97:3046,98:3079,99:3231,100:3333,101:3362,102:3519,103:3555,104:3739,105:3773,106:3872,107:4014,108:2897,109:2954,110:3108,111:3240,112:3332,113:3427,114:3471,115:3629,116:3711,117:3812,118:3883,119:4004,120:2902,121:2996,122:3067,123:3181,124:3275,125:3360,126:3506,127:3627,128:3711,129:3799,130:3934,131:3974,132:2936,133:2998,134:3123,135:3157,136:3273,137:3353,138:3518,139:3611,140:3659,141:3828,142:3878,143:3964,144:2939,145:3030,146:3144,147:3182,148:3302,149:3382,150:3502,151:3582,152:3670,153:3831,154:3850,155:4005,156:2909,157:3005,158:3146,159:3214,160:3256,161:3375,162:3469,163:3615,164:3666,165:3777,166:3863,167:4005,168:2939,169:3009,170:3098,171:3230,172:3252,173:3388,174:3515,175:3639,176:3684,177:3823,178:3937,179:3969,180:2931,181:2954,182:3081,183:3161,184:3289,185:3352,186:3523,187:3596,188:3680,189:3839,190:3882,191:3950,192:2920,193:2999,194:3122,195:3223,196:3325,197:3430,198:3514,199:3640,200:3724,201:3799,202:3933,203:4010,204:2925,205:2976,206:3091,207:3225,208:3332,209:3391,210:3481,211:3618,212:3706,213:3814,214:3882,215:3987,216:2875,217:2975,218:3066,219:3249,220:3314,221:3382,222:3544,223:3585,224:3725,225:3777,226:3941,227:3980,228:2916,229:2972,230:3118,231:3156,232:3304,233:3425,234:3467,235:3553,236:3733,237:3750,238:3927,239:3990,240:2947,241:2972,242:3114,243:3196,244:3329,245:3365,246:3538,247:3601,248:3738,249:3817,250:3860,251:4033,252:2865,253:2990,254:3099,255:3186,256:3259,257:3448,258:3451,259:3639,260:3666,261:3777,262:3937,263:4008,264:2939,265:2976,266:3149,267:3206,268:3297,269:3415,270:3498,271:3557,272:3714,273:3836,274:3927,275:4008,276:2894,277:3034,278:3057,279:3223,280:3298,281:3383,282:3494,283:3609,284:3682,285:3771,286:3910,287:3994,288:2864,289:3001,290:3109,291:3216,292:3306,293:3420,294:3549,295:3561,296:3685,297:3776,298:3866,299:3996,300:2902,301:2978,302:3131,303:3207,304:3262,305:3369,306:3541,307:3602,308:3734,309:3829,310:3897,311:4039,312:2930,313:2954,314:3134,315:3169,316:3277,317:3433,318:3454,319:3630,320:3710,321:3831,322:3948,323:4030,324:2893,325:2972,326:3139,327:3159,328:3296,329:3353,330:3472,331:3645,332:3714,333:3771,334:3902,335:4042,336:2852,337:3037,338:3098,339:3176,340:3340,341:3443,342:3503,343:3614,344:3710,345:3822,346:3915,347:4042,348:2853,349:2963,350:3066,351:3180,352:3271,353:3393,354:3489,355:3636,356:3748,357:3776,358:3868,359:3950
0:2911,1:3034,2:3136,3:3150,4:3255,5:3427,6:3492,7:3598,8:3688,9:3833,10:3925,11:3962,12:2924,13:3002,14:3104,15:3232,16:3309,17:3435,18:3487,19:3567,20:3686,21:3785,22:3863,23:3966,24:2890,25:3020,26:3126,27:3196,28:3283,29:3423,30:3486,31:3592,32:3692,33:3802,34:3937,35:3960,36:2905,37:3033,38:3069,39:3242,40:3348,41:3434,42:3474,43:3623,44:3735,45:3761,46:3905,47:4039,48:2901,49:3038,50:3055,51:3186,52:3273,53:3423,54:3519,55:3579,56:3677,57:3774,58:3876,59:4045,60:2875,61:2959,62:3134,63:3176,64:3279,65:3423,66:3485,67:3555,68:3652,69:3821,70:3903,71:4034,72:2851,73:2977,74:3144,75:3161,76:3253,77:3356,78:3537,79:3600,80:3736,81:3814,82:3915,83:3975,84:2915,85:3018,86:3115,87:3214,88:3339,89:3423,90:3489,91:3568,92:3702,93:3801,94:3918,95:4018,96:2940,97:3007,98:3140,99:3162,100:3347,101:3445,102:3499,103:3580,104:3695,105:3793,106:3879,107:3959,108:2869,109:2951,110:3096,111:3171,112:3262,113:3371,114:3521,115:3570,116:3710,117:3843,118:3923,119:3976,120:2888,121:2966,122:3125,123:3162,124:3259,125:3433,126:3509,127:3614,128:3680,129:3798,130:3938,131:3970,132:2913,133:2980,134:3054,135:3213,136:3274,137:3441,138:3497,139:3586,140:3737,141:3783,142:3887,143:4006,144:2900,145:3002,146:3082,147:3227,148:3341,149:3446,150:3530,151:3639,152:3677,153:3806,154:3864,155:4018,156:2872,157:3049,158:3142,159:3192,160:3256,161:3405,162:3528,163:3635,164:3681,165:3758,166:3876,167:3988,168:2934,169:3014,170:3122,171:3216,172:3346,173:3425,174:3474,175:3622,176:3672,177:3765,178:3877,179:4011,180:2862,181:2990,182:3085,183:3249,184:3313,185:3437,186:3520,187:3586,188:3709,189:3837,190:3923,191:3956,192:2945,193:2975,194:3060,195:3239,196:3279,197:3370,198:3511,199:3642,200:3655,201:3815,202:3909,203:4011,204:2884,205:3002,206:3066,207:3181,208:3314,209:3393,210:3523,211:3619,212:3688,213:3796,214:3879,215:4031,216:2856,217:3008,218:3084,219:3209,220:3253,221:3384,222:3450,223:3556,224:3734,225:3809,226:3887,227:3957,228:2867,229:2984,230:3082,231:3207,232:3308,233:3423,234:3476,235:3641,236:3655,237:3841,238:3897,239:3973,240:2945,241:2954,242:3054,243:3170,244:3261,245:3400,246:3493,247:3609,248:3666,249:3837,250:3902,251:3967,252:2871,253:3019,254:3136,255:3176,256:3274,257:3385,258:3488,259:3592,260:3695,261:3799,262:3924,263:3967,264:2872,265:2999,266:3059,267:3204,268:3328,269:3372,270:3454,271:3588,272:3663,273:3768,274:3864,275:3980,276:2892,277:3014,278:3067,279:3231,280:3298,281:3384,282:3534,283:3637,284:3673,285:3807,286:3935,287:3968,288:2884,289:3015,290:3050,291:3219,292:3329,293:3370,294:3456,295:3624,296:3694,297:3792,298:3852,299:3967,300:2878,301:3015,302:3071,303:3166,304:3287,305:3448,306:3541,307:3570,308:3714,309:3834,310:3851,311:4021,312:2917,313:3020,314:3072,315:3162,316:3328,317:3412,318:3493,319:3621,320:3746,321:3849,322:3881,323:3965,324:2896,325:3005,326:3143,327:3207,328:3332,329:3393,330:3482,331:3598,332:3728,333:3810,334:3858,335:3992,336:2850,337:3002,338:3134,339:3234,340:3313,341:3398,342:3450,343:3634,344:3719,345:3803,346:3896,347:4040,348:2943,349:2961,350:3146,351:3207,352:3321,353:3433,354:3490,355:3589,356:3688,357:3776,358:3932,359:4044
0:2899,1:2987,2:3083,3:3213,4:3252,5:3446,6:3461,7:3606,8:3726,9:3796,10:3911,11:3979,12:2921,13:3016,14:3064,15:3172,16:3278,17:3425,18:3506,19:3562,20:3653,21:3774,22:3920,23:3957,24:2865,25:3017,26:3084,27:3224,28:3344,29:3435,30:3466,31:3610,32:3693,33:3757,34:3945,35:4038,36:2857,37:2987,38:3089,39:3166,40:3289,41:3418,42:3475,43:3576,44:3651,45:3783,46:3869,47:4035,48:2850,49:2967,50:3101,51:3171,52:3310,53:3353,54:3496,55:3562,56:3650,57:3832,58:3941,59:4041,60:2875,61:2982,62:3101,63:3218,64:3300,65:3368,66:3518,67:3609,68:3739,69:3783,70:3868,71:4032,72:2934,73:3045,74:3055,75:3248,76:3257,77:3418,78:3487,79:3628,80:3731,81:3778,82:3875,83:4000,84:2879,85:3046,86:3094,87:3156,88:3298,89:3425,90:3476,91:3623,92:3732,93:3782,94:3919,95:3984,96:2872,97:2988,98:3059,99:3151,100:3307,101:3426,102:3541,103:3572,104:3672,105:3813,106:3927,107:4031,108:2853,109:2979,110:3105,111:3187,112:3269,113:3442,114:3483,115:3618,116:3672,117:3827,118:3869,119:4035,120:2913,121:3028,122:3063,123:3171,124:3282,125:3379,126:3490,127:3570,128:3674,129:3779,130:3937,131:4031,132:2876,133:3004,134:3101,135:3179,136:3267,137:3378,138:3488,139:3584,140:3725,141:3820,142:3938,143:4011,144:2921,145:2961,146:3068,147:3179,148:3316,149:3426,150:3501,151:3625,152:3653,153:3842,154:3850,155:4021,156:2943,157:3020,158:3126,159:3187,160:3328,161:3428,162:3475,163:3630,164:3694,165:3761,166:3908,167:3968,168:2931,169:3036,170:3073,171:3196,172:3327,173:3410,174:3501,175:3629,176:3712,177:3779,178:3896,179:4012,180:2905,181:3009,182:3071,183:3241,184:3252,185:3435,186:3475,187:3558,188:3734,189:3831,190:3855,191:4016,192:2870,193:2993,194:3086,195:3201,196:3253,197:3424,198:3488,199:3642,200:3749,201:3798,202:3852,203:3955,204:2912,205:2970,206:3099,207:3248,208:3345,209:3429,210:3476,211:3563,212:3697,213:3842,214:3900,215:3975,216:2905,217:2995,218:3051,219:3198,220:3280,221:3398,222:3531,223:3583,224:3686,225:3756,226:3859,227:3968,228:2856,229:3040,230:3083,231:3213,232:3318,233:3384,234:3501,235:3607,236:3699,237:3812,238:3902,239:4002,240:2947,241:2998,242:3119,243:3189,244:3318,245:3392,246:3548,247:3608,248:3715,249:3849,250:3943,251:4024,252:2862,253:3049,254:3059,255:3219,256:3313,257:3443,258:3489,259:3586,260:3675,261:3814,262:3882,263:3965,264:2858,265:2980,266:3067,267:3249,268:3314,269:3379,270:3492,271:3579,272:3729,273:3830,274:3870,275:3995,276:2935,277:2974,278:3111,279:3177,280:3344,281:3423,282:3498,283:3565,284:3740,285:3780,286:3941,287:4001,288:2898,289:3008,290:3112,291:3157,292:3331,293:3397,294:3474,295:3610,296:3658,297:3769,298:3930,299:3954,300:2900,301:2999,302:3110,303:3198,304:3277,305:3351,306:3530,307:3573,308:3713,309:3755,310:3926,311:4010,312:2874,313:2991,314:3125,315:3248,316:3326,317:3373,318:3496,319:3555,320:3674,321:3830,322:3907,323:4018,324:2874,325:2967,326:3147,327:3171,328:3266,329:3435,330:3479,331:3585,332:3702,333:3773,334:3891,335:4043,336:2936,337:3036,338:3102,339:3202,340:3312,341:3400,342:3485,343:3620,344:3704,345:3772,346:3924,347:3988,348:2904,349:2972,350:3052,351:3185,352:3310,353:3355,354:3521,355:3588,356:3702,357:3802,358:3860,359:4000
0:2921,1:2951,2:3082,3:3161,4:3308,5:3409,6:3485,7:3608,8:3719,9:3751,10:3940,11:4026,12:2859,13:2968,14:3099,15:3172,16:3298,17:3384,18:3536,19:3571,20:3704,21:3793,22:3893,23:3964,24:2913,25:3018,26:3090,27:3159,28:3332,29:3429,30:3504,31:3564,32:3680,33:3842,34:3938,35:3999,36:2945,37:3002,38:3126,39:3171,40:3269,41:3369,42:3470,43:3574,44:3733,45:3811,46:3897,47:4001,48:2937,49:3029,50:3120,51:3161,52:3266,53:3442,54:3463,55:3586,56:3738,57:3788,58:3914,59:4025,60:2887,61:2991,62:3066,63:3248,64:3332,65:3362,66:3501,67:3638,68:3695,69:3819,70:3915,71:3972,72:2917,73:3033,74:3128,75:3166,76:3324,77:3368,78:3464,79:3636,80:3740,81:3821,82:3932,83:4043,84:2916,85:3042,86:3099,87:3208,88:3270,89:3446,90:3467,91:3637,92:3689,93:3773,94:3900,95:3998,96:2904,97:3019,98:3077,99:3181,100:3319,101:3382,102:3481,103:3621,104:3742,105:3816,106:3935,107:4041,108:2899,109:3024,110:3123,111:3155,112:3315,113:3389,114:3530,115:3615,116:3730,117:3813,118:3888,119:3951,120:2933,121:2966,122:3091,123:3202,124:3323,125:3370,126:3528,127:3572,128:3733,129:3767,130:3922,131:3974,132:2922,133:3045,134:3148,135:3194,136:3321,137:3350,138:3510,139:3573,140:3691,141:3788,142:3940,143:4002,144:2876,145:2989,146:3141,147:3241,148:3304,149:3390,150:3479,151:3566,152:3749,153:3841,154:3933,155:4019,156:2925,157:2971,158:3074,159:3150,160:3272,161:3378,162:3488,163:3600,164:3664,165:3758,166:3882,167:4039,168:2850,169:3023,170:3101,171:3195,172:3262,173:3388,174:3476,175:3626,176:3686,177:3771,178:3886,179:3972,180:2904,181:2956,182:3127,183:3232,184:3308,185:3447,186:3482,187:3645,188:3711,189:3780,190:3895,191:3950,192:2897,193:2984,194:3093,195:3192,196:3270,197:3365,198:3519,199:3559,200:3677,201:3797,202:3861,203:4040,204:2931,205:3008,206:3113,207:3241,208:3322,209:3406,210:3471,211:3614,212:3651,213:3765,214:3910,215:4009,216:2889,217:3032,218:3082,219:3191,220:3269,221:3383,222:3516,223:3642,224:3671,225:3803,226:3885,227:4032,228:2924,229:3004,230:3104,231:3211,232:3284,233:3389,234:3533,235:3554,236:3728,237:3785,238:3923,239:3968,240:2895,241:3048,242:3081,243:3230,244:3287,245:3388,246:3502,247:3631,248:3722,249:3818,250:3897,251:4039,252:2918,253:3024,254:3120,255:3242,256:3306,257:3443,258:3519,259:3581,260:3661,261:3799,262:3934,263:3979,264:2873,265:3020,266:3140,267:3157,268:3331,269:3380,270:3506,271:3642,272:3668,273:3812,274:3891,275:3969,276:2934,277:3020,278:3091,279:3241,280:3348,281:3393,282:3453,283:3615,284:3676,285:3842,286:3860,287:3993,288:2910,289:2998,290:3125,291:3221,292:3288,293:3427,294:3483,295:3640,296:3721,297:3761,298:3936,299:4014,300:2944,301:3017,302:3148,303:3185,304:3308,305:3447,306:3538,307:3596,308:3684,309:3798,310:3932,311:3971,312:2881,313:3022,314:3093,315:3194,316:3268,317:3350,318:3496,319:3576,320:3697,321:3837,322:3932,323:4008,324:2934,325:3010,326:3148,327:3186,328:3309,329:3431,330:3475,331:3594,332:3666,333:3771,334:3905,335:4027,336:2866,337:2990,338:3125,339:3196,340:3333,341:3434,342:3512,343:3570,344:3689,345:3815,346:3876,347:3962,348:2926,349:2962,350:3148,351:3160,352:3335,353:3441,354:3471,355:3582,356:3704,357:3784,358:3887,359:4030
0:2936,1:3036,2:3146,3:3193,4:3302,5:3404,6:3515,7:3595,8:3688,9:3837,10:3876,11:3994,12:2879,13:2985,14:3083,15:3200,16:3342,17:3405,18:3508,19:3636,20:3656,21:3840,22:3878,23:3978,24:2920,25:3015,26:3144,27:3206,28:3307,29:3437,30:3461,31:3591,32:3723,33:3827,34:3852,35:4034,36:2886,37:2961,38:3102,39:3216,40:3310,41:3398,42:3471,43:3641,44:3662,45:3843,46:3903,47:4030,48:2859,49:3025,50:3065,51:3168,52:3337,53:3432,54:3479,55:3649,56:3660,57:3769,58:3875,59:4041,60:2882,61:3024,62:3136,63:3191,64:3308,65:3425,66:3489,67:3581,68:3710,69:3793,70:3884,71:4034,72:2879,73:3013,74:3137,75:3179,76:3285,77:3387,78:3523,79:3590,80:3656,81:3789,82:3882,83:3978,84:2877,85:2950,86:3079,87:3236,88:3303,89:3424,90:3523,91:3582,92:3718,93:3793,94:3890,95:4032,96:2866,97:2981,98:3108,99:3163,100:3270,101:3418,102:3461,103:3569,104:3678,105:3784,106:3914,107:4011,108:2949,109:3043,110:3128,111:3167,112:3252,113:3390,114:3544,115:3647,116:3737,117:3776,118:3943,119:3990,120:2857,121:3005,122:3085,123:3248,124:3314,125:3393,126:3499,127:3645,128:3680,129:3842,130:3873,131:3972,132:2896,133:2973,134:3145,135:3236,136:3305,137:3350,138:3458,139:3627,140:3715,141:3808,142:3894,143:4031,144:2937,145:3035,146:3118,147:3182,148:3302,149:3422,150:3541,151:3584,152:3718,153:3759,154:3941,155:3954,156:2852,157:2960,158:3107,159:3161,160:3296,161:3387,162:3479,163:3566,164:3656,165:3787,166:3937,167:3971,168:2902,169:2973,170:3080,171:3165,172:3339,173:3350,174:3528,175:3563,176:3665,177:3825,178:3852,179:3995,180:2888,181:2969,182:3072,183:3219,184:3349,185:3365,186:3466,187:3568,188:3664,189:3808,190:3903,191:4002,192:2859,193:3038,194:3123,195:3246,196:3303,197:3434,198:3513,199:3608,200:3651,201:3817,202:3880,203:4020,204:2853,205:3027,206:3124,207:3179,208:3316,209:3393,210:3504,211:3623,212:3668,213:3775,214:3901,215:3976,216:2928,217:3020,218:3060,219:3184,220:3306,221:3387,222:3497,223:3595,224:3728,225:3817,226:3917,227:4004,228:2874,229:3004,230:3080,231:3221,232:3328,233:3366,234:3456,235:3642,236:3679,237:3805,238:3914,239:4018,240:2915,241:3042,242:3068,243:3236,244:3271,245:3436,246:3487,247:3645,248:3674,249:3754,250:3858,251:4048,252:2880,253:2976,254:3080,255:3246,256:3345,257:3404,258:3539,259:3646,260:3744,261:3810,262:3946,263:3975,264:2864,265:2962,266:3063,267:3244,268:3288,269:3401,270:3541,271:3581,272:3661,273:3847,274:3923,275:3991,276:2855,277:2950,278:3116,279:3240,280:3268,281:3413,282:3480,283:3581,284:3716,285:3783,286:3925,287:4034,288:2942,289:2957,290:3090,291:3160,292:3264,293:3375,294:3526,295:3566,296:3660,297:3828,298:3854,299:3952,300:2902,301:3033,302:3102,303:3201,304:3305,305:3369,306:3528,307:3564,308:3733,309:3754,310:3875,311:3962,312:2923,313:2960,314:3100,315:3179,316:3273,317:3357,318:3499,319:3618,320:3653,321:3797,322:3949,323:4030,324:2907,325:3002,326:3085,327:3246,328:3280,329:3357,330:3454,331:3589,332:3744,333:3795,334:3867,335:4033,336:2941,337:2989,338:3109,339:3173,340:3310,341:3393,342:3511,343:3579,344:3660,345:3770,346:3869,347:4023,348:2910,349:2967,350:3050,351:3195,352:3281,353:3442,354:3523,355:3584,356:3667,357:3810,358:3914,359:3968
0:2941,1:2986,2:3112,3:3217,4:3294,5:3402,6:3478,7:3576,8:3694,9:3835,10:3925,11:3977,12:2914,13:2982,14:3114,15:3241,16:3254,17:3396,18:3457,19:3591,20:3705,21:3811,22:3891,23:4024,24:2903,25:3040,26:3081,27:3194,28:3282,29:3387,30:3465,31:3568,32:3727,33:3760,34:3888,35:4024,36:2917,37:2992,38:3117,39:3188,40:3330,41:3365,42:3511,43:3606,44:3653,45:3770,46:3922,47:4020,48:2945,49:3042,50:3128,51:3157,52:3342,53:3412,54:3497,55:3581,56:3714,57:3791,58:3908,59:3963,60:2858,61:3041,62:3053,63:3203,64:3295,65:3421,66:3516,67:3576,68:3701,69:3778,70:3880,71:3971,72:2933,73:3041,74:3132,75:3175,76:3340,77:3423,78:3476,79:3600,80:3659,81:3839,82:3853,83:4035,84:2895,85:3028,86:3105,87:3225,88:3333,89:3390,90:3514,91:3597,92:3742,93:3785,94:3891,95:3995,96:2927,97:3004,98:3143,99:3168,100:3287,101:3438,102:3508,103:3566,104:3722,105:3811,106:3907,107:4006,108:2882,109:2991,110:3087,111:3203,112:3338,113:3442,114:3476,115:3603,116:3683,117:3835,118:3886,119:3957,120:2859,121:2982,122:3147,123:3172,124:3288,125:3426,126:3490,127:3580,128:3663,129:3751,130:3924,131:4020,132:2902,133:2967,134:3056,135:3206,136:3311,137:3372,138:3539,139:3569,140:3699,141:3808,142:3931,143:4015,144:2900,145:2972,146:3088,147:3216,148:3305,149:3446,150:3458,151:3649,152:3660,153:3828,154:3928,155:4019,156:2925,157:2994,158:3074,159:3196,160:3293,161:3370,162:3473,163:3634,164:3727,165:3779,166:3925,167:3978,168:2862,169:3017,170:3134,171:3243,172:3339,173:3381,174:3509,175:3592,176:3741,177:3814,178:3905,179:3985,180:2903,181:2998,182:3099,183:3217,184:3316,185:3412,186:3537,187:3618,188:3744,189:3767,190:3925,191:3988,192:2916,193:2981,194:3130,195:3227,196:3259,197:3369,198:3545,199:3614,200:3660,201:3758,202:3942,203:3976,204:2906,205:3029,206:3124,207:3202,208:3348,209:3358,210:3510,211:3585,212:3719,213:3849,214:3885,215:4035,216:2897,217:2955,218:3131,219:3155,220:3250,221:3432,222:3479,223:3621,224:3660,225:3842,226:3854,227:4025,228:2923,229:3015,230:3099,231:3222,232:3334,233:3364,234:3504,235:3597,236:3714,237:3826,238:3873,239:3978,240:2853,241:2956,242:3143,243:3212,244:3320,245:3374,246:3472,247:3646,248:3731,249:3822,250:3933,251:3950,252:2899,253:2963,254:3060,255:3162,256:3270,257:3360,258:3458,259:3594,260:3746,261:3798,262:3896,263:4028,264:2907,265:3015,266:3128,267:3198,268:3333,269:3362,270:3490,271:3590,272:3690,273:3849,274:3916,275:3964,276:2906,277:3008,278:3107,279:3173,280:3342,281:3398,282:3498,283:3610,284:3688,285:3797,286:3928,287:4036,288:2946,289:3035,290:3126,291:3237,292:3298,293:3441,294:3532,295:3558,296:3659,297:3823,298:3886,299:4035,300:2905,301:3044,302:3072,303:3174,304:3331,305:3434,306:3505,307:3571,308:3705,309:3819,310:3869,311:4037,312:2902,313:3002,314:3057,315:3233,316:3282,317:3360,318:3536,319:3609,320:3671,321:3760,322:3855,323:3987,324:2928,325:2950,326:3108,327:3249,328:3278,329:3350,330:3525,331:3590,332:3670,333:3788,334:3880,335:4013,336:2868,337:2964,338:3086,339:3192,340:3349,341:3391,342:3518,343:3638,344:3724,345:3754,346:3917,347:4026,348:2899,349:2990,350:3052,351:3238,352:3306,353:3411,354:3545,355:3554,356:3748,357:3808,358:3860,359:3961
0:2862,1:3004,2:3095,3:3213,4:3285,5:3366,6:3547,7:3576,8:3732,9:3800,10:3910,11:3971,12:2912,13:2959,14:3127,15:3200,16:3258,17:3404,18:3514,19:3568,20:3749,21:3756,22:3936,23:3952,24:2858,25:3022,26:3069,27:3197,28:3276,29:3406,30:3468,31:3600,32:3747,33:3827,34:3921,35:3979,36:2888,37:3007,38:3063,39:3179,40:3257,41:3399,42:3492,43:3567,44:3714,45:3849,46:3909,47:3990,48:2923,49:3029,50:3098,51:3155,52:3338,53:3397,54:3513,55:3612,56:3701,57:3793,58:3897,59:3951,60:2881,61:3015,62:3127,63:3154,64:3279,65:3429,66:3494,67:3606,68:3675,69:3767,70:3924,71:3951,72:2903,73:2989,74:3074,75:3223,76:3342,77:3389,78:3489,79:3614,80:3661,81:3780,82:3904,83:4010,84:2875,85:2961,86:3129,87:3179,88:3272,89:3407,90:3467,91:3637,92:3669,93:3790,94:3866,95:3978,96:2940,97:2981,98:3056,99:3159,100:3254,101:3379,102:3537,103:3567,104:3663,105:3787,106:3860,107:4016,108:2877,109:2973,110:3135,111:3159,112:3255,113:3416,114:3455,115:3619,116:3684,117:3754,118:3877,119:3953,120:2862,121:3021,122:3118,123:3244,124:3322,125:3397,126:3511,127:3636,128:3730,129:3770,130:3935,131:3950,132:2851,133:2975,134:3119,135:3183,136:3270,137:3433,138:3522,139:3562,140:3663,141:3827,142:3860,143:4005,144:2875,145:3043,146:3066,147:3249,148:3300,149:3443,150:3511,151:3568,152:3700,153:3814,154:3918,155:3968,156:2921,157:3045,158:3137,159:3238,160:3261,161:3377,162:3463,163:3628,164:3701,165:3751,166:3885,167:3992,168:2893,169:2967,170:3087,171:3156,172:3274,173:3434,174:3536,175:3632,176:3654,177:3849,178:3920,179:3950,180:2857,181:3018,182:3057,183:3229,184:3312,185:3428,186:3486,187:3579,188:3715,189:3844,190:3883,191:3963,192:2934,193:3049,194:3096,195:3169,196:3265,197:3381,198:3463,199:3562,200:3726,201:3785,202:3872,203:4003,204:2927,205:3048,206:3118,207:3246,208:3252,209:3439,210:3515,211:3641,212:3696,213:3769,214:3864,215:4020,216:2916,217:3017,218:3052,219:3178,220:3302,221:3373,222:3537,223:3571,224:3663,225:3838,226:3858,227:4044,228:2916,229:3038,230:3100,231:3185,232:3310,233:3367,234:3470,235:3646,236:3655,237:3787,238:3925,239:4038,240:2864,241:3017,242:3125,243:3161,244:3251,245:3441,246:3463,247:3646,248:3679,249:3796,250:3850,251:3990,252:2873,253:3013,254:3097,255:3209,256:3269,257:3425,258:3529,259:3554,260:3691,261:3771,262:3872,263:3961,264:2857,265:3002,266:3092,267:3235,268:3278,269:3393,270:3471,271:3577,272:3689,273:3839,274:3886,275:4016,276:2864,277:2973,278:3137,279:3198,280:3344,281:3355,282:3547,283:3564,284:3743,285:3781,286:3895,287:3964,288:2884,289:3009,290:3098,291:3202,292:3313,293:3429,294:3465,295:3551,296:3672,297:3824,298:3949,299:4032,300:2883,301:3020,302:3052,303:3230,304:3311,305:3393,306:3484,307:3576,308:3749,309:3779,310:3860,311:3991,312:2895,313:3042,314:3122,315:3171,316:3345,317:3435,318:3503,319:3607,320:3672,321:3786,322:3905,323:4003,324:2917,325:2957,326:3139,327:3225,328:3286,329:3388,330:3516,331:3626,332:3741,333:3780,334:3871,335:4035,336:2853,337:2973,338:3053,339:3184,340:3252,341:3406,342:3537,343:3564,344:3718,345:3803,346:3915,347:3964,348:2863,349:2953,350:3080,351:3188,352:3290,353:3390,354:3534,355:3578,356:3702,357:3821,358:3910,359:3951
0:2893,1:3022,2:3070,3:3196,4:3347,5:3426,6:3529,7:3583,8:3714,9:3835,10:3934,11:3973,12:2874,13:3013,14:3065,15:3198,16:3302,17:3396,18:3545,19:3623,20:3679,21:3841,22:3930,23:3960,24:2906,25:2998,26:3059,27:3226,28:3332,29:3368,30:3452,31:3611,32:3728,33:3805,34:3933,35:4030,36:2889,37:3039,38:3117,39:3237,40:3288,41:3354,42:3540,43:3621,44:3704,45:3848,46:3873,47:3956,48:2870,49:2986,50:3061,51:3234,52:3311,53:3447,54:3522,55:3575,56:3653,57:3820,58:3909,59:3987,60:2944,61:3041,62:3116,63:3193,64:3327,65:3437,66:3501,67:3577,68:3659,69:3828,70:3897,71:4031,72:2931,73:2953,74:3126,75:3233,76:3301,77:3395,78:3549,79:3642,80:3726,81:3764,82:3910,83:4043,84:2928,85:3039,86:3052,87:3174,88:3324,89:3378,90:3464,91:3616,92:3654,93:3787,94:3941,95:4048,96:2909,97:3015,98:3101,99:3224,100:3289,101:3422,102:3501,103:3618,104:3695,105:3780,106:3853,107:4036,108:2883,109:3033,110:3066,111:3157,112:3315,113:3448,114:3510,115:3580,116:3729,117:3769,118:3917,119:3953,120:2859,121:3028,122:3057,123:3238,124:3295,125:3425,126:3536,127:3637,128:3733,129:3783,130:3921,131:4018,132:2930,133:2990,134:3121,135:3195,136:3338,137:3370,138:3536,139:3633,140:3654,141:3770,142:3936,143:3981,144:2927,145:2988,146:3054,147:3243,148:3324,149:3426,150:3499,151:3570,152:3726,153:3821,154:3871,155:4032,156:2866,157:3030,158:3090,159:3219,160:3349,161:3386,162:3478,163:3628,164:3681,165:3766,166:3887,167:4005,168:2919,169:2965,170:3143,171:3206,172:3286,173:3443,174:3457,175:3556,176:3650,177:3797,178:3943,179:3959,180:2917,181:3027,182:3069,183:3162,184:3310,185:3350,186:3497,187:3638,188:3690,189:3781,190:3946,191:3963,192:2944,193:2969,194:3097,195:3206,196:3343,197:3388,198:3539,199:3642,200:3730,201:3809,202:3931,203:4038,204:2914,205:2983,206:3148,207:3239,208:3290,209:3401,210:3450,211:3554,212:3700,213:3796,214:3915,215:4020,216:2895,217:3010,218:3130,219:3165,220:3339,221:3369,222:3454,223:3640,224:3651,225:3810,226:3921,227:4046,228:2943,229:2953,230:3104,231:3212,232:3300,233:3368,234:3493,235:3586,236:3694,237:3765,238:3932,239:3986,240:2855,241:3038,242:3138,243:3196,244:3302,245:3424,246:3543,247:3586,248:3704,249:3754,250:3862,251:3985,252:2857,253:3006,254:3132,255:3207,256:3300,257:3440,258:3461,259:3571,260:3680,261:3782,262:3903,263:3977,264:2876,265:2957,266:3055,267:3245,268:3291,269:3406,270:3520,271:3572,272:3669,273:3814,274:3942,275:4017,276:2855,277:2971,278:3132,279:3154,280:3283,281:3375,282:3476,283:3597,284:3660,285:3754,286:3895,287:3972,288:2928,289:3040,290:3092,291:3185,292:3295,293:3395,294:3496,295:3585,296:3743,297:3801,298:3880,299:4026,300:2919,301:2996,302:3102,303:3212,304:3325,305:3384,306:3466,307:3620,308:3673,309:3817,310:3883,311:3971,312:2859,313:3029,314:3142,315:3238,316:3331,317:3368,318:3492,319:3637,320:3693,321:3784,322:3863,323:4043,324:2866,325:3037,326:3141,327:3194,328:3293,329:3357,330:3486,331:3556,332:3735,333:3804,334:3900,335:4029,336:2884,337:3016,338:3132,339:3153,340:3336,341:3394,342:3476,343:3599,344:3705,345:3798,346:3850,347:3959,348:2934,349:3030,350:3142,351:3155,352:3255,353:3358,354:3457,355:3621,356:3650,357:3784,358:3898,359:4019
0:2880,1:2993,2:3050,3:3231,4:3303,5:3411,6:3514,7:3565,8:3722,9:3790,10:3934,11:4036,12:2882,13:2998,14:3138,15:3245,16:3251,17:3385,18:3499,19:3576,20:3727,21:3844,22:3888,23:3977,24:2895,25:2978,26:3079,27:3195,28:3265,29:3350,30:3452,31:3608,32:3721,33:3751,34:3900,35:3992,36:2882,37:2976,38:3087,39:3214,40:3312,41:3442,42:3488,43:3574,44:3723,45:3805,46:3933,47:4030,48:2868,49:2974,50:3105,51:3172,52:3338,53:3427,54:3457,55:3637,56:3709,57:3846,58:3904,59:3964,60:2908,61:3046,62:3102,63:3228,64:3287,65:3385,66:3484,67:3647,68:3678,69:3816,70:3925,71:3962,72:2948,73:3042,74:3086,75:3245,76:3335,77:3418,78:3456,79:3586,80:3685,81:3752,82:3856,83:4041,84:2891,85:2991,86:3141,87:3158,88:3329,89:3386,90:3538,91:3610,92:3712,93:3821,94:3896,95:3965,96:2858,97:2991,98:3104,99:3194,100:3299,101:3430,102:3543,103:3551,104:3721,105:3834,106:3913,107:4006,108:2932,109:2969,110:3082,111:3230,112:3274,113:3445,114:3541,115:3559,116:3715,117:3828,118:3858,119:3974,120:2937,121:3037,122:3055,123:3179,124:3271,125:3378,126:3491,127:3571,128:3715,129:3821,130:3921,131:4012,132:2900,133:3027,134:3137,135:3243,136:3349,137:3439,138:3520,139:3610,140:3672,141:3820,142:3867,143:3969,144:2938,145:3034,146:3072,147:3158,148:3262,149:3392,150:3541,151:3573,152:3681,153:3837,154:3892,155:4010,156:2863,157:2974,158:3093,159:3241,160:3326,161:3428,162:3505,163:3598,164:3686,165:3824,166:3926,167:4002,168:2850,169:2962,170:3087,171:3170,172:3315,173:3357,174:3454,175:3590,176:3667,177:3848,178:3853,179:3965,180:2855,181:2990,182:3095,183:3248,184:3271,185:3402,186:3527,187:3555,188:3744,189:3779,190:3863,191:3981,192:2921,193:2985,194:3096,195:3162,196:3309,197:3371,198:3453,199:3576,200:3743,201:3836,202:3850,203:3958,204:2880,205:2962,206:3141,207:3182,208:3294,209:3399,210:3503,211:3588,212:3664,213:3761,214:3921,215:3970,216:2948,217:3043,218:3108,219:3217,220:3344,221:3395,222:3502,223:3588,224:3711,225:3798,226:3850,227:4019,228:2935,229:3019,230:3091,231:3216,232:3306,233:3376,234:3460,235:3560,236:3660,237:3785,238:3945,239:4009,240:2872,241:3048,242:3143,243:3198,244:3303,245:3410,246:3547,247:3617,248:3657,249:3824,250:3894,251:3980,252:2874,253:2967,254:3109,255:3238,256:3250,257:3419,258:3483,259:3622,260:3665,261:3787,262:3899,263:4049,264:2935,265:3008,266:3114,267:3214,268:3279,269:3387,270:3536,271:3602,272:3679,273:3849,274:3899,275:3951,276:2931,277:3014,278:3075,279:3219,280:3297,281:3390,282:3456,283:3630,284:3684,285:3821,286:3937,287:4009,288:2878,289:3028,290:3094,291:3193,292:3287,293:3364,294:3525,295:3579,296:3722,297:3815,298:3906,299:3992,300:2905,301:2972,302:3106,303:3156,304:3282,305:3407,306:3490,307:3618,308:3693,309:3776,310:3866,311:4038,312:2864,313:3037,314:3118,315:3231,316:3264,317:3394,318:3472,319:3587,320:3674,321:3776,322:3866,323:4016,324:2884,325:3016,326:3110,327:3161,328:3345,329:3419,330:3474,331:3567,332:3681,333:3784,334:3886,335:3968,336:2870,337:3033,338:3124,339:3181,340:3262,341:3405,342:3453,343:3635,344:3746,345:3840,346:3882,347:3989,348:2938,349:2956,350:3062,351:3199,352:3310,353:3409,354:3508,355:3594,356:3697,357:3842,358:3866,359:3955
0:2870,1:2972,2:3071,3:3188,4:3303,5:3383,6:3496,7:3620,8:3654,9:3827,10:3948,11:3996,12:2898,13:2951,14:3139,15:3229,16:3313,17:3410,18:3452,19:3614,20:3726,21:3811,22:3850,23:3971,24:2867,25:2982,26:3146,27:3212,28:3297,29:3443,30:3541,31:3602,32:3691,33:3750,34:3864,35:4043,36:2892,37:2972,38:3067,39:3240,40:3312,41:3428,42:3469,43:3582,44:3743,45:3755,46:3903,47:3976,48:2881,49:3036,50:3124,51:3181,52:3300,53:3400,54:3488,55:3608,56:3708,57:3801,58:3926,59:4035,60:2918,61:2979,62:3086,63:3160,64:3339,65:3397,66:3458,67:3552,68:3721,69:3791,70:3901,71:4028,72:2876,73:3014,74:3136,75:3151,76:3306,77:3442,78:3539,79:3578,80:3672,81:3751,82:3907,83:4004,84:2887,85:2955,86:3134,87:3187,88:3305,89:3420,90:3519,91:3625,92:3695,93:3768,94:3870,95:3955,96:2918,97:3034,98:3139,99:3191,100:3267,101:3366,102:3516,103:3575,104:3739,105:3836,106:3914,107:4026,108:2860,109:3008,110:3095,111:3150,112:3310,113:3365,114:3492,115:3611,116:3725,117:3785,118:3887,119:4035,120:2874,121:2979,122:3092,123:3182,124:3336,125:3420,126:3524,127:3559,128:3667,129:3836,130:3932,131:4036,132:2881,133:3044,134:3066,135:3214,136:3312,137:3389,138:3542,139:3633,140:3704,141:3753,142:3928,143:4006,144:2936,145:3032,146:3080,147:3221,148:3306,149:3411,150:3542,151:3623,152:3724,153:3801,154:3926,155:4024,156:2873,157:2963,158:3139,159:3157,160:3319,161:3389,162:3503,163:3604,164:3675,165:3826,166:3888,167:3976,168:2877,169:3005,170:3103,171:3197,172:3251,173:3365,174:3453,175:3579,176:3676,177:3834,178:3853,179:3972,180:2885,181:2980,182:3137,183:3218,184:3257,185:3378,186:3471,187:3620,188:3655,189:3807,190:3946,191:4040,192:2898,193:2995,194:3059,195:3204,196:3309,197:3385,198:3526,199:3640,200:3728,201:3761,202:3862,203:3951,204:2917,205:3039,206:3093,207:3173,208:3315,209:3392,210:3488,211:3570,212:3719,213:3769,214:3879,215:3954,216:2864,217:2986,218:3075,219:3244,220:3289,221:3445,222:3477,223:3560,224:3731,225:3813,226:3880,227:3999,228:2890,229:3044,230:3128,231:3208,232:3310,233:3361,234:3501,235:3613,236:3707,237:3820,238:3863,239:3963,240:2936,241:3013,242:3121,243:3153,244:3296,245:3394,246:3453,247:3566,248:3720,249:3763,250:3874,251:3984,252:2901,253:3045,254:3115,255:3172,256:3326,257:3367,258:3512,259:3604,260:3687,261:3788,262:3884,263:3959,264:2925,265:2987,266:3114,267:3179,268:3343,269:3396,270:3484,271:3565,272:3707,273:3760,274:3929,275:4010,276:2905,277:3031,278:3120,279:3171,280:3334,281:3371,282:3491,283:3646,284:3677,285:3845,286:3926,287:4018,288:2865,289:3039,290:3097,291:3164,292:3341,293:3414,294:3487,295:3583,296:3731,297:3820,298:3921,299:4002,300:2949,301:3011,302:3065,303:3155,304:3339,305:3435,306:3460,307:3641,308:3714,309:3771,310:3918,311:3956,312:2853,313:2957,314:3146,315:3235,316:3345,317:3448,318:3460,319:3642,320:3679,321:3787,322:3873,323:4014,324:2925,325:3026,326:3123,327:3189,328:3262,329:3435,330:3532,331:3554,332:3747,333:3797,334:3948,335:4046,336:2868,337:3011,338:3130,339:3241,340:3300,341:3360,342:3546,343:3610,344:3703,345:3838,346:3937,347:3951,348:2942,349:2958,350:3051,351:3194,352:3335,353:3384,354:3499,355:3611,356:3745,357:3756,358:3917,359:4031
0:2857,1:2952,2:3076,3:3168,4:3257,5:3398,6:3522,7:3587,8:3700,9:3816,10:3861,11:4045,12:2898,13:2965,14:3074,15:3238,16:3348,17:3390,18:3538,19:3635,20:3701,21:3757,22:3926,23:4001,24:2896,25:3017,26:3128,27:3162,28:3281,29:3430,30:3465,31:3558,32:3735,33:3782,34:3850,35:4040,36:2861,37:3027,38:3072,39:3160,40:3271,41:3425,42:3473,43:3580,44:3653,45:3766,46:3894,47:3986,48:2925,49:2975,50:3080,51:3171,52:3292,53:3396,54:3486,55:3582,56:3687,57:3761,58:3912,59:3997,60:2850,61:2980,62:3103,63:3158,64:3264,65:3354,66:3462,67:3552,68:3696,69:3761,70:3899,71:3952,72:2945,73:3000,74:3110,75:3222,76:3303,77:3356,78:3481,79:3613,80:3664,81:3785,82:3914,83:3994,84:2916,85:2990,86:3050,87:3242,88:3264,89:3434,90:3542,91:3598,92:3745,93:3826,94:3946,95:4034,96:2886,97:2976,98:3136,99:3201,100:3344,101:3426,102:3498,103:3553,104:3653,105:3821,106:3946,107:4022,108:2867,109:2965,110:3127,111:3180,112:3325,113:3371,114:3509,115:3553,116:3709,117:3840,118:3913,119:4043,120:2935,121:3007,122:3100,123:3226,124:3328,125:3351,126:3474,127:3623,128:3741,129:3765,130:3923,131:4027,132:2935,133:2950,134:3073,135:3181,136:3292,137:3414,138:3518,139:3588,140:3723,141:3819,142:3932,143:4028,144:2904,145:2982,146:3101,147:3202,148:3281,149:3440,150:3479,151:3612,152:3678,153:3769,154:3883,155:4042,156:2877,157:2954,158:3107,159:3204,160:3288,161:3396,162:3450,163:3589,164:3681,165:3794,166:3878,167:3959,168:2925,169:2976,170:3105,171:3183,172:3345,173:3436,174:3462,175:3601,176:3717,177:3833,178:3945,179:4009,180:2863,181:2997,182:3077,183:3235,184:3285,185:3445,186:3494,187:3572,188:3658,189:3794,190:3930,191:4044,192:2864,193:3003,194:3127,195:3150,196:3252,197:3412,198:3519,199:3642,200:3745,201:3794,202:3923,203:4009,204:2852,205:2999,206:3148,207:3182,208:3273,209:3377,210:3466,211:3622,212:3724,213:3841,214:3914,215:4016,216:2904,217:3026,218:3090,219:3161,220:3340,221:3365,222:3484,223:3646,224:3664,225:3807,226:3948,227:3952,228:2901,229:3013,230:3148,231:3150,232:3300,233:3382,234:3538,235:3606,236:3666,237:3807,238:3875,239:4049,240:2868,241:2986,242:3091,243:3213,244:3269,245:3379,246:3545,247:3641,248:3676,249:3786,250:3862,251:4043,252:2945,253:3049,254:3067,255:3206,256:3321,257:3392,258:3529,259:3642,260:3659,261:3759,262:3900,263:3964,264:2895,265:3000,266:3063,267:3247,268:3269,269:3436,270:3476,271:3605,272:3704,273:3827,274:3934,275:4023,276:2933,277:2987,278:3058,279:3227,280:3321,281:3447,282:3489,283:3616,284:3691,285:3803,286:3863,287:4012,288:2914,289:3007,290:3098,291:3240,292:3311,293:3385,294:3518,295:3570,296:3711,297:3770,298:3925,299:4026,300:2890,301:3003,302:3139,303:3222,304:3279,305:3371,306:3469,307:3626,308:3722,309:3815,310:3908,311:4043,312:2928,313:3030,314:3126,315:3194,316:3326,317:3443,318:3505,319:3634,320:3651,321:3762,322:3907,323:3993,324:2862,325:3010,326:3098,327:3157,328:3290,329:3356,330:3549,331:3642,332:3663,333:3789,334:3923,335:4012,336:2905,337:2953,338:3118,339:3224,340:3278,341:3409,342:3461,343:3570,344:3683,345:3813,346:3869,347:4014,348:2870,349:3022,350:3099,351:3179,352:3258,353:3367,354:3529,355:3625,356:3679,357:3775,358:3887,359:4047
0:2912,1:2958,2:3137,3:3176,4:3336,5:3386,6:3513,7:3644,8:3688,9:3843,10:3911,11:4043,12:2940,13:2976,14:3129,15:3230,16:3267,17:3400,18:3486,19:3597,20:3694,21:3813,22:3902,23:4038,24:2861,25:2991,26:3147,27:3199,28:3292,29:3398,30:3455,31:3559,32:3668,33:3761,34:3862,35:4035,36:2923,37:2952,38:3060,39:3158,40:3340,41:3390,42:3493,43:3622,44:3704,45:3800,46:3899,47:4019,48:2892,49:2980,50:3120,51:3204,52:3312,53:3362,54:3522,55:3572,56:3699,57:3772,58:3886,59:3997,60:2920,61:3011,62:3068,63:3180,64:3339,65:3362,66:3473,67:3578,68:3705,69:3805,70:3879,71:4014,72:2914,73:2957,74:3135,75:3212,76:3337,77:3447,78:3506,79:3619,80:3707,81:3834,82:3879,83:3990,84:2912,85:2995,86:3055,87:3201,88:3302,89:3362,90:3538,91:3600,92:3711,93:3755,94:3900,95:3979,96:2859,97:3040,98:3143,99:3217,100:3280,101:3427,102:3548,103:3634,104:3690,105:3839,106:3945,107:3953,108:2861,109:3020,110:3103,111:3208,112:3333,113:3420,114:3504,115:3601,116:3724,117:3808,118:3856,119:4048,120:2854,121:2992,122:3143,123:3188,124:3258,125:3360,126:3463,127:3625,128:3691,129:3821,130:3909,131:3981,132:2857,133:3017,134:3128,135:3202,136:3338,137:3415,138:3527,139:3645,140:3731,141:3797,142:3929,143:3975,144:2893,145:2952,146:3095,147:3163,148:3315,149:3374,150:3466,151:3586,152:3670,153:3788,154:3897,155:4045,156:2910,157:2952,158:3137,159:3222,160:3327,161:3401,162:3452,163:3601,164:3686,165:3781,166:3880,167:4007,168:2937,169:2963,170:3146,171:3213,172:3327,173:3394,174:3515,175:3612,176:3708,177:3773,178:3864,179:3993,180:2947,181:3033,182:3093,183:3198,184:3254,185:3426,186:3461,187:3623,188:3738,189:3843,190:3904,191:4042,192:2874,193:3013,194:3095,195:3151,196:3345,197:3415,198:3536,199:3571,200:3669,201:3816,202:3872,203:4039,204:2902,205:3019,206:3107,207:3211,208:3345,209:3380,210:3483,211:3619,212:3696,213:3821,214:3856,215:4030,216:2928,217:3036,218:3057,219:3197,220:3289,221:3369,222:3457,223:3608,224:3733,225:3765,226:3938,227:3977,228:2878,229:2954,230:3077,231:3194,232:3264,233:3432,234:3461,235:3639,236:3659,237:3785,238:3862,239:3974,240:2869,241:3043,242:3054,243:3198,244:3251,245:3437,246:3505,247:3614,248:3650,249:3750,250:3947,251:3986,252:2856,253:3038,254:3143,255:3219,256:3260,257:3374,258:3546,259:3587,260:3741,261:3787,262:3940,263:3987,264:2929,265:3034,266:3144,267:3195,268:3328,269:3403,270:3490,271:3627,272:3675,273:3839,274:3853,275:3979,276:2879,277:3010,278:3138,279:3190,280:3295,281:3356,282:3491,283:3599,284:3688,285:3759,286:3909,287:4033,288:2916,289:3027,290:3051,291:3197,292:3311,293:3413,294:3518,295:3624,296:3669,297:3833,298:3867,299:4014,300:2882,301:3008,302:3148,303:3219,304:3347,305:3404,306:3522,307:3647,308:3719,309:3782,310:3912,311:3956,312:2911,313:2999,314:3105,315:3165,316:3267,317:3413,318:3528,319:3575,320:3671,321:3787,322:3906,323:3978,324:2861,325:3018,326:3137,327:3208,328:3261,329:3422,330:3467,331:3584,332:3661,333:3790,334:3895,335:3964,336:2896,337:3011,338:3120,339:3151,340:3346,341:3413,342:3515,343:3603,344:3684,345:3765,346:3927,347:4015,348:2869,349:3000,350:3114,351:3197,352:3344,353:3412,354:3480,355:3599,356:3740,357:3824,358:3869,359:3996
0:2891,1:3026,2:3118,3:3183,4:3321,5:3403,6:3457,7:3627,8:3726,9:3752,10:3880,11:4048,12:2883,13:3004,14:3135,15:3226,16:3258,17:3375,18:3506,19:3617,20:3667,21:3759,22:3885,23:3964,24:2941,25:3032,26:3074,27:3225,28:3252,29:3373,30:3470,31:3641,32:3683,33:3780,34:3863,35:3950,36:2948,37:2981,38:3091,39:3196,40:3295,41:3376,42:3451,43:3599,44:3733,45:3811,46:3872,47:3952,48:2930,49:3014,50:3093,51:3198,52:3333,53:3351,54:3493,55:3604,56:3714,57:3767,58:3934,59:4018,60:2883,61:3043,62:3053,63:3155,64:3288,65:3419,66:3491,67:3554,68:3664,69:3827,70:3936,71:3960,72:2871,73:2985,74:3122,75:3211,76:3255,77:3423,78:3511,79:3640,80:3735,81:3792,82:3871,83:4011,84:2898,85:3003,86:3097,87:3219,88:3279,89:3412,90:3469,91:3606,92:3659,93:3797,94:3875,95:3985,96:2902,97:2994,98:3124,99:3163,100:3302,101:3380,102:3494,103:3602,104:3657,105:3789,106:3905,107:3986,108:2922,109:2984,110:3142,111:3248,112:3265,113:3448,114:3523,115:3622,116:3702,117:3813,118:3910,119:3951,120:2888,121:2964,122:3062,123:3171,124:3305,125:3412,126:3479,127:3557,128:3733,129:3768,130:3927,131:4019,132:2902,133:3018,134:3125,135:3206,136:3254,137:3381,138:3484,139:3649,140:3678,141:3807,142:3872,143:3963,144:2920,145:3038,146:3124,147:3248,148:3253,149:3357,150:3537,151:3564,152:3723,153:3795,154:3927,155:3997,156:2918,157:3039,158:3100,159:3215,160:3308,161:3380,162:3455,163:3560,164:3676,165:3788,166:3885,167:3983,168:2855,169:2986,170:3078,171:3203,172:3306,173:3445,174:3467,175:3573,176:3713,177:3762,178:3867,179:4003,180:2910,181:2958,182:3088,183:3164,184:3342,185:3438,186:3481,187:3602,188:3715,189:3849,190:3879,191:3968,192:2925,193:2974,194:3066,195:3179,196:3274,197:3386,198:3500,199:3552,200:3732,201:3803,202:3945,203:4017,204:2858,205:2999,206:3076,207:3194,208:3323,209:3401,210:3494,211:3626,212:3656,213:3762,214:3948,215:4038,216:2864,217:2982,218:3119,219:3155,220:3312,221:3399,222:3530,223:3595,224:3671,225:3756,226:3928,227:4031,228:2944,229:2963,230:3129,231:3239,232:3265,233:3379,234:3500,235:3566,236:3728,237:3768,238:3893,239:4011,240:2902,241:3009,242:3138,243:3167,244:3263,245:3414,246:3520,247:3595,248:3725,249:3807,250:3862,251:3955,252:2935,253:2986,254:3093,255:3176,256:3268,257:3368,258:3516,259:3571,260:3679,261:3810,262:3911,263:3984,264:2938,265:2964,266:3129,267:3195,268:3335,269:3406,270:3485,271:3633,272:3704,273:3820,274:3927,275:3976,276:2898,277:2968,278:3102,279:3174,280:3345,281:3444,282:3459,283:3553,284:3701,285:3827,286:3880,287:4033,288:2938,289:3005,290:3064,291:3206,292:3280,293:3389,294:3533,295:3564,296:3735,297:3808,298:3876,299:3968,300:2885,301:2995,302:3126,303:3172,304:3286,305:3395,306:3464,307:3575,308:3706,309:3783,310:3858,311:3983,312:2940,313:3018,314:3063,315:3191,316:3320,317:3365,318:3481,319:3597,320:3713,321:3758,322:3850,323:3998,324:2858,325:3029,326:3131,327:3246,328:3291,329:3427,330:3490,331:3561,332:3740,333:3771,334:3914,335:4044,336:2923,337:2971,338:3068,339:3191,340:3299,341:3367,342:3467,343:3635,344:3684,345:3821,346:3936,347:3966,348:2870,349:2958,350:3092,351:3184,352:3277,353:3426,354:3539,355:3592,356:3716,357:3830,358:3925,359:3976
0:2864,1:2957,2:3079,3:3205,4:3274,5:3384,6:3509,7:3614,8:3678,9:3792,10:3880,11:4019,12:2919,13:2990,14:3074,15:3219,16:3321,17:3413,18:3548,19:3554,20:3669,21:3798,22:3925,23:3984,24:2889,25:2965,26:3059,27:3231,28:3251,29:3447,30:3536,31:3557,32:3652,33:3839,34:3928,35:3966,36:2930,37:3000,38:3071,39:3174,40:3256,41:3353,42:3476,43:3551,44:3672,45:3770,46:3904,47:4038,48:2925,49:3000,50:3073,51:3165,52:3313,53:3425,54:3530,55:3638,56:3728,57:3754,58:3868,59:3954,60:2896,61:3034,62:3070,63:3161,64:3264,65:3359,66:3470,67:3595,68:3681,69:3750,70:3868,71:3997,72:2904,73:3043,74:3068,75:3237,76:3348,77:3352,78:3467,79:3588,80:3723,81:3787,82:3904,83:3957,84:2890,85:3017,86:3124,87:3153,88:3267,89:3380,90:3545,91:3646,92:3688,93:3772,94:3897,95:3956,96:2912,97:2954,98:3104,99:3184,100:3310,101:3424,102:3475,103:3565,104:3679,105:3828,106:3893,107:3986,108:2887,109:3016,110:3120,111:3187,112:3253,113:3401,114:3489,115:3598,116:3720,117:3812,118:3858,119:3979,120:2861,121:2993,122:3052,123:3156,124:3281,125:3431,126:3452,127:3649,128:3697,129:3773,130:3940,131:3963,132:2913,133:3047,134:3135,135:3152,136:3340,137:3384,138:3466,139:3587,140:3663,141:3829,142:3861,143:4047,144:2895,145:2972,146:3109,147:3165,148:3288,149:3404,150:3477,151:3574,152:3715,153:3794,154:3875,155:3986,156:2864,157:3030,158:3100,159:3245,160:3335,161:3362,162:3475,163:3550,164:3714,165:3788,166:3857,167:3959,168:2941,169:3031,170:3079,171:3160,172:3305,173:3408,174:3511,175:3626,176:3706,177:3754,178:3941,179:3992,180:2927,181:3019,182:3128,183:3151,184:3332,185:3368,186:3473,187:3580,188:3734,189:3808,190:3949,191:4028,192:2928,193:2985,194:3106,195:3199,196:3315,197:3436,198:3472,199:3647,200:3719,201:3800,202:3900,203:4012,204:2940,205:3027,206:3056,207:3185,208:3274,209:3404,210:3511,211:3614,212:3669,213:3831,214:3906,215:3996,216:2938,217:2980,218:3056,219:3232,220:3252,221:3407,222:3534,223:3643,224:3720,225:3801,226:3903,227:3958,228:2898,229:2977,230:3143,231:3168,232:3311,233:3398,234:3462,235:3551,236:3671,237:3790,238:3904,239:3980,240:2941,241:3011,242:3116,243:3162,244:3317,245:3369,246:3527,247:3609,248:3739,249:3775,250:3942,251:4040,252:2880,253:2987,254:3066,255:3229,256:3265,257:3389,258:3546,259:3647,260:3719,261:3849,262:3919,263:4005,264:2882,265:2967,266:3127,267:3244,268:3266,269:3429,270:3520,271:3570,272:3736,273:3754,274:3903,275:4040,276:2854,277:3033,278:3051,279:3206,280:3271,281:3405,282:3450,283:3590,284:3658,285:3758,286:3900,287:3958,288:2929,289:3012,290:3075,291:3184,292:3344,293:3441,294:3496,295:3602,296:3708,297:3757,298:3874,299:3968,300:2900,301:3028,302:3093,303:3209,304:3288,305:3409,306:3530,307:3557,308:3691,309:3813,310:3853,311:4048,312:2922,313:2982,314:3129,315:3205,316:3285,317:3373,318:3523,319:3579,320:3731,321:3830,322:3916,323:4030,324:2882,325:3016,326:3149,327:3233,328:3338,329:3400,330:3528,331:3573,332:3739,333:3752,334:3929,335:4031,336:2917,337:3047,338:3129,339:3213,340:3260,341:3418,342:3522,343:3638,344:3735,345:3798,346:3884,347:4001,348:2914,349:3003,350:3106,351:3163,352:3347,353:3397,354:3498,355:3623,356:3690,357:3770,358:3921,359:3979
0:2933,1:3044,2:3082,3:3235,4:3302,5:3441,6:3496,7:3594,8:3743,9:3814,10:3935,11:3967,12:2855,13:2991,14:3083,15:3170,16:3283,17:3372,18:3540,19:3620,20:3652,21:3795,22:3892,23:4047,24:2931,25:3036,26:3148,27:3182,28:3348,29:3354,30:3497,31:3649,32:3705,33:3819,34:3851,35:4006,36:2873,37:3002,38:3128,39:3168,40:3282,41:3406,42:3538,43:3569,44:3737,45:3769,46:3899,47:3987,48:2918,49:3007,50:3101,51:3243,52:3329,53:3431,54:3480,55:3614,56:3739,57:3762,58:3893,59:4035,60:2871,61:2993,62:3133,63:3235,64:3284,65:3424,66:3510,67:3591,68:3664,69:3819,70:3855,71:3993,72:2852,73:3040,74:3091,75:3236,76:3304,77:3359,78:3488,79:3636,80:3739,81:3776,82:3932,83:3999,84:2918,85:3018,86:3105,87:3221,88:3274,89:3439,90:3466,91:3588,92:3720,93:3803,94:3885,95:3978,96:2929,97:3005,98:3076,99:3221,100:3300,101:3409,102:3453,103:3619,104:3695,105:3841,106:3854,107:3980,108:2922,109:3049,110:3050,111:3186,112:3253,113:3375,114:3549,115:3603,116:3743,117:3840,118:3881,119:3974,120:2917,121:3001,122:3062,123:3160,124:3341,125:3442,126:3488,127:3644,128:3730,129:3801,130:3863,131:4043,132:2915,133:3027,134:3087,135:3206,136:3306,137:3410,138:3465,139:3572,140:3726,141:3801,142:3927,143:3967,144:2893,145:3005,146:3064,147:3160,148:3277,149:3354,150:3505,151:3629,152:3666,153:3803,154:3897,155:3980,156:2912,157:2979,158:3119,159:3215,160:3251,161:3441,162:3485,163:3591,164:3729,165:3784,166:3882,167:4013,168:2912,169:2968,170:3065,171:3175,172:3309,173:3438,174:3549,175:3591,176:3692,177:3777,178:3916,179:3956,180:2903,181:3021,182:3136,183:3174,184:3323,185:3415,186:3541,187:3616,188:3719,189:3822,190:3914,191:4003,192:2909,193:3027,194:3111,195:3176,196:3336,197:3410,198:3497,199:3555,200:3660,201:3775,202:3853,203:3969,204:2948,205:2979,206:3098,207:3174,208:3301,209:3379,210:3524,211:3610,212:3674,213:3837,214:3944,215:3967,216:2892,217:3013,218:3110,219:3193,220:3333,221:3409,222:3533,223:3610,224:3720,225:3817,226:3861,227:3971,228:2880,229:2968,230:3074,231:3174,232:3342,233:3410,234:3519,235:3609,236:3663,237:3817,238:3864,239:3963,240:2924,241:2969,242:3146,243:3240,244:3327,245:3393,246:3456,247:3585,248:3671,249:3826,250:3893,251:4014,252:2896,253:3021,254:3099,255:3247,256:3265,257:3444,258:3489,259:3588,260:3658,261:3750,262:3885,263:4016,264:2937,265:2962,266:3072,267:3245,268:3345,269:3370,270:3516,271:3574,272:3710,273:3839,274:3944,275:3979,276:2862,277:2969,278:3123,279:3150,280:3288,281:3374,282:3538,283:3594,284:3669,285:3772,286:3863,287:3958,288:2890,289:3040,290:3129,291:3178,292:3324,293:3380,294:3529,295:3644,296:3665,297:3801,298:3852,299:3971,300:2922,301:3008,302:3068,303:3214,304:3273,305:3429,306:3452,307:3555,308:3726,309:3836,310:3947,311:4025,312:2900,313:2980,314:3062,315:3216,316:3318,317:3373,318:3503,319:3598,320:3738,321:3760,322:3876,323:3969,324:2901,325:3037,326:3117,327:3196,328:3325,329:3436,330:3469,331:3608,332:3683,333:3805,334:3904,335:3974,336:2875,337:3026,338:3050,339:3194,340:3274,341:3364,342:3531,343:3604,344:3688,345:3849,346:3894,347:4025,348:2873,349:3021,350:3050,351:3198,352:3276,353:3445,354:3455,355:3558,356:3709,357:3841,358:3893,359:4015
0:2858,1:2999,2:3078,3:3215,4:3284,5:3423,6:3493,7:3637,8:3749,9:3833,10:3873,11:4047,12:2922,13:3001,14:3065,15:3178,16:3331,17:3389,18:3528,19:3632,20:3670,21:3778,22:3876,23:4006,24:2935,25:3005,26:3112,27:3192,28:3292,29:3399,30:3543,31:3580,32:3710,33:3752,34:3938,35:4008,36:2850,37:2964,38:3096,39:3237,40:3279,41:3418,42:3459,43:3599,44:3692,45:3758,46:3876,47:4024,48:2948,49:3010,50:3101,51:3153,52:3328,53:3427,54:3472,55:3597,56:3716,57:3802,58:3871,59:3979,60:2910,61:3027,62:3149,63:3167,64:3276,65:3356,66:3518,67:3634,68:3746,69:3762,70:3933,71:4009,72:2925,73:3009,74:3056,75:3173,76:3316,77:3404,78:3469,79:3565,80:3736,81:3784,82:3910,83:4037,84:2867,85:2989,86:3060,87:3221,88:3267,89:3432,90:3533,91:3609,92:3655,93:3779,94:3855,95:4010,96:2879,97:2953,98:3144,99:3229,100:3326,101:3425,102:3465,103:3572,104:3736,105:3849,106:3945,107:4017,108:2939,109:3019,110:3133,111:3156,112:3307,113:3400,114:3503,115:3569,116:3733,117:3777,118:3893,119:4017,120:2916,121:3027,122:3103,123:3218,124:3265,125:3440,126:3506,127:3592,128:3709,129:3750,130:3874,131:3951,132:2903,133:3033,134:3113,135:3161,136:3273,137:3376,138:3460,139:3595,140:3702,141:3775,142:3871,143:4014,144:2878,145:2980,146:3068,147:3160,148:3297,149:3382,150:3531,151:3627,152:3684,153:3768,154:3897,155:4005,156:2851,157:2994,158:3080,159:3167,160:3265,161:3401,162:3483,163:3644,164:3743,165:3788,166:3928,167:4046,168:2871,169:2966,170:3080,171:3213,172:3288,173:3396,174:3533,175:3633,176:3740,177:3812,178:3882,179:3994,180:2919,181:2995,182:3055,183:3207,184:3328,185:3412,186:3519,187:3592,188:3653,189:3787,190:3948,191:4024,192:2856,193:3036,194:3128,195:3165,196:3277,197:3413,198:3493,199:3567,200:3747,201:3768,202:3942,203:3976,204:2936,205:2963,206:3092,207:3210,208:3283,209:3443,210:3452,211:3628,212:3741,213:3759,214:3936,215:4032,216:2912,217:3028,218:3100,219:3225,220:3304,221:3367,222:3494,223:3639,224:3721,225:3819,226:3880,227:3987,228:2889,229:2997,230:3114,231:3180,232:3334,233:3356,234:3531,235:3605,236:3656,237:3761,238:3905,239:3981,240:2861,241:2984,242:3087,243:3222,244:3272,245:3420,246:3471,247:3593,248:3720,249:3768,250:3906,251:3984,252:2945,253:2966,254:3091,255:3193,256:3280,257:3362,258:3490,259:3572,260:3699,261:3762,262:3863,263:4008,264:2940,265:2988,266:3072,267:3170,268:3285,269:3411,270:3508,271:3628,272:3678,273:3763,274:3933,275:3996,276:2909,277:2977,278:3064,279:3180,280:3319,281:3352,282:3462,283:3576,284:3712,285:3847,286:3932,287:3960,288:2870,289:2995,290:3090,291:3198,292:3257,293:3376,294:3450,295:3586,296:3718,297:3753,298:3945,299:3982,300:2929,301:3017,302:3126,303:3178,304:3272,305:3378,306:3516,307:3579,308:3650,309:3775,310:3922,311:4046,312:2893,313:3033,314:3074,315:3222,316:3331,317:3351,318:3541,319:3598,320:3733,321:3789,322:3937,323:4029,324:2920,325:2995,326:3051,327:3171,328:3262,329:3430,330:3474,331:3572,332:3655,333:3792,334:3932,335:3962,336:2931,337:2951,338:3085,339:3234,340:3288,341:3446,342:3477,343:3606,344:3721,345:3792,346:3934,347:3952,348:2905,349:3019,350:3093,351:3246,352:3290,353:3403,354:3495,355:3575,356:3663,357:3817,358:3878,359:3970
0:2865,1:2985,2:3124,3:3185,4:3336,5:3408,6:3466,7:3630,8:3716,9:3825,10:3917,11:4032,12:2859,13:2972,14:3054,15:3193,16:3301,17:3444,18:3459,19:3633,20:3668,21:3772,22:3864,23:4031,24:2850,25:3004,26:3095,27:3185,28:3326,29:3414,30:3490,31:3643,32:3652,33:3755,34:3927,35:3960,36:2873,37:2979,38:3136,39:3154,40:3267,41:3371,42:3536,43:3553,44:3658,45:3807,46:3908,47:3986,48:2948,49:2975,50:3143,51:3234,52:3345,53:3364,54:3486,55:3598,56:3673,57:3808,58:3881,59:3967,60:2863,61:3044,62:3060,63:3198,64:3261,65:3435,66:3495,67:3609,68:3661,69:3789,70:3879,71:4028,72:2902,73:3024,74:3124,75:3248,76:3256,77:3403,78:3477,79:3556,80:3684,81:3774,82:3874,83:4027,84:2889,85:3015,86:3081,87:3194,88:3321,89:3378,90:3540,91:3587,92:3741,93:3777,94:3863,95:4041,96:2857,97:2995,98:3092,99:3201,100:3306,101:3416,102:3537,103:3555,104:3653,105:3797,106:3853,107:4039,108:2909,109:3039,110:3085,111:3180,112:3318,113:3362,114:3542,115:3602,116:3656,117:3764,118:3877,119:4034,120:2913,121:2998,122:3104,123:3249,124:3296,125:3437,126:3460,127:3640,128:3694,129:3841,130:3858,131:4016,132:2888,133:3016,134:3096,135:3173,136:3323,137:3444,138:3480,139:3609,140:3709,141:3830,142:3912,143:3973,144:2863,145:2955,146:3104,147:3244,148:3269,149:3420,150:3525,151:3634,152:3745,153:3814,154:3921,155:3995,156:2871,157:2977,158:3090,159:3167,160:3346,161:3382,162:3524,163:3570,164:3652,165:3753,166:3875,167:4015,168:2855,169:3019,170:3056,171:3204,172:3277,173:3418,174:3499,175:3583,176:3719,177:3772,178:3874,179:3956,180:2867,181:3014,182:3139,183:3232,184:3336,185:3373,186:3492,187:3638,188:3749,189:3788,190:3883,191:4012,192:2895,193:3035,194:3131,195:3212,196:3254,197:3440,198:3511,199:3637,200:3661,201:3817,202:3868,203:4035,204:2862,205:3041,206:3058,207:3168,208:3300,209:3361,210:3463,211:3605,212:3667,213:3817,214:3914,215:3966,216:2933,217:3015,218:3146,219:3191,220:3271,221:3377,222:3505,223:3594,224:3705,225:3817,226:3914,227:4036,228:2852,229:2970,230:3134,231:3203,232:3268,233:3388,234:3458,235:3566,236:3713,237:3824,238:3920,239:3982,240:2870,241:2961,242:3095,243:3204,244:3323,245:3385,246:3484,247:3568,248:3669,249:3784,250:3947,251:4010,252:2860,253:3015,254:3072,255:3175,256:3256,257:3400,258:3504,259:3554,260:3730,261:3767,262:3904,263:4035,264:2917,265:3035,266:3090,267:3183,268:3262,269:3384,270:3520,271:3573,272:3678,273:3815,274:3911,275:3988,276:2865,277:2974,278:3082,279:3150,280:3261,281:3376,282:3515,283:3590,284:3717,285:3759,286:3921,287:3983,288:2865,289:3046,290:3054,291:3240,292:3311,293:3379,294:3469,295:3624,296:3719,297:3752,298:3853,299:4023,300:2915,301:2964,302:3095,303:3229,304:3342,305:3442,306:3509,307:3599,308:3707,309:3793,310:3946,311:4027,312:2913,313:2975,314:3094,315:3203,316:3332,317:3398,318:3489,319:3643,320:3656,321:3822,322:3868,323:3967,324:2941,325:3025,326:3112,327:3202,328:3333,329:3420,330:3539,331:3597,332:3655,333:3763,334:3914,335:4049,336:2859,337:2954,338:3103,339:3246,340:3329,341:3403,342:3470,343:3561,344:3655,345:3791,346:3917,347:4009,348:2889,349:2963,350:3063,351:3192,352:3252,353:3414,354:3457,355:3557,356:3741,357:3792,358:3881,359:3963
0:2882,1:2959,2:3075,3:3174,4:3261,5:3374,6:3466,7:3640,8:3679,9:3839,10:3940,11:3970,12:2897,13:3034,14:3130,15:3159,16:3334,17:3367,18:3458,19:3570,20:3733,21:3846,22:3909,23:4016,24:2943,25:2989,26:3051,27:3188,28:3298,29:3370,30:3487,31:3625,32:3747,33:3843,34:3890,35:3985,36:2948,37:2964,38:3116,39:3176,40:3326,41:3405,42:3494,43:3610,44:3712,45:3767,46:3883,47:4016,48:2857,49:3034,50:3050,51:3232,52:3319,53:3352,54:3529,55:3577,56:3654,57:3787,58:3857,59:3955,60:2875,61:3042,62:3145,63:3168,64:3257,65:3430,66:3460,67:3572,68:3705,69:3824,70:3918,71:4039,72:2946,73:2965,74:3119,75:3217,76:3341,77:3412,78:3529,79:3621,80:3701,81:3762,82:3865,83:3998,84:2910,85:3002,86:3117,87:3241,88:3258,89:3350,90:3502,91:3646,92:3675,93:3827,94:3939,95:3972,96:2901,97:2951,98:3136,99:3154,100:3269,101:3420,102:3454,103:3570,104:3744,105:3752,106:3859,107:3957,108:2851,109:3004,110:3147,111:3194,112:3300,113:3446,114:3484,115:3623,116:3715,117:3847,118:3889,119:4023,120:2905,121:3027,122:3110,123:3158,124:3306,125:3386,126:3468,127:3625,128:3731,129:3761,130:3870,131:3972,132:2946,133:2987,134:3055,135:3192,136:3337,137:3385,138:3468,139:3585,140:3681,141:3800,142:3917,143:3968,144:2908,145:3037,146:3050,147:3173,148:3307,149:3419,150:3524,151:3584,152:3702,153:3818,154:3850,155:3986,156:2873,157:2990,158:3062,159:3208,160:3263,161:3361,162:3464,163:3589,164:3749,165:3828,166:3853,167:3967,168:2898,169:2974,170:3109,171:3231,172:3329,173:3410,174:3500,175:3598,176:3675,177:3808,178:3886,179:4007,180:2860,181:3015,182:3126,183:3192,184:3302,185:3397,186:3460,187:3585,188:3682,189:3763,190:3881,191:3956,192:2925,193:3037,194:3096,195:3222,196:3295,197:3375,198:3450,199:3556,200:3748,201:3825,202:3852,203:3997,204:2867,205:2970,206:3126,207:3205,208:3309,209:3447,210:3534,211:3620,212:3739,213:3849,214:3902,215:4017,216:2942,217:2957,218:3053,219:3232,220:3314,221:3361,222:3477,223:3565,224:3728,225:3803,226:3948,227:4003,228:2920,229:3034,230:3081,231:3150,232:3343,233:3369,234:3462,235:3624,236:3673,237:3764,238:3903,239:4014,240:2891,241:2960,242:3074,243:3158,244:3309,245:3360,246:3504,247:3590,248:3687,249:3826,250:3931,251:4033,252:2922,253:3039,254:3139,255:3221,256:3302,257:3389,258:3542,259:3586,260:3671,261:3817,262:3944,263:4001,264:2935,265:3047,266:3062,267:3246,268:3302,269:3370,270:3478,271:3604,272:3661,273:3780,274:3919,275:3957,276:2937,277:3005,278:3085,279:3221,280:3321,281:3438,282:3540,283:3580,284:3674,285:3783,286:3926,287:3984,288:2865,289:3042,290:3110,291:3219,292:3315,293:3389,294:3525,295:3634,296:3699,297:3838,298:3900,299:3964,300:2935,301:3021,302:3141,303:3179,304:3329,305:3440,306:3478,307:3596,308:3693,309:3797,310:3921,311:4032,312:2868,313:3033,314:3146,315:3201,316:3307,317:3408,318:3535,319:3645,320:3657,321:3838,322:3871,323:3972,324:2929,325:2964,326:3056,327:3249,328:3269,329:3401,330:3468,331:3579,332:3666,333:3807,334:3929,335:3974,336:2903,337:3013,338:3107,339:3200,340:3345,341:3415,342:3461,343:3624,344:3692,345:3783,346:3935,347:3980,348:2871,349:2967,350:3112,351:3168,352:3326,353:3361,354:3451,355:3625,356:3702,357:3799,358:3899,359:4005
0:2868,1:2961,2:3082,3:3244,4:3349,5:3370,6:3482,7:3564,8:3739,9:3780,10:3897,11:3983,12:2908,13:2978,14:3125,15:3228,16:3311,17:3415,18:3514,19:3622,20:3676,21:3763,22:3884,23:3957,24:2918,25:2956,26:3057,27:3179,28:3315,29:3393,30:3473,31:3613,32:3663,33:3847,34:3881,35:4034,36:2902,37:3037,38:3052,39:3249,40:3296,41:3407,42:3538,43:3634,44:3663,45:3831,46:3914,47:4003,48:2905,49:2961,50:3055,51:3239,52:3322,53:3377,54:3530,55:3593,56:3730,57:3776,58:3872,59:3985,60:2903,61:3033,62:3065,63:3209,64:3263,65:3350,66:3512,67:3627,68:3745,69:3758,70:3939,71:4001,72:2855,73:3047,74:3122,75:3193,76:3331,77:3397,78:3508,79:3639,80:3724,81:3798,82:3851,83:4022,84:2889,85:2976,86:3059,87:3202,88:3325,89:3443,90:3523,91:3555,92:3658,93:3763,94:3907,95:3985,96:2931,97:2981,98:3106,99:3219,100:3253,101:3407,102:3495,103:3593,104:3660,105:3793,106:3884,107:3957,108:2893,109:3010,110:3089,111:3202,112:3272,113:3398,114:3496,115:3629,116:3721,117:3759,118:3883,119:4041,120:2940,121:3021,122:3145,123:3196,124:3264,125:3369,126:3492,127:3577,128:3693,129:3751,130:3903,131:4048,132:2925,133:3016,134:3126,135:3200,136:3317,137:3357,138:3507,139:3618,140:3707,141:3845,142:3927,143:4022,144:2913,145:3029,146:3066,147:3173,148:3310,149:3354,150:3484,151:3595,152:3729,153:3758,154:3855,155:4021,156:2912,157:3034,158:3075,159:3222,160:3327,161:3352,162:3510,163:3576,164:3650,165:3825,166:3909,167:3980,168:2906,169:3001,170:3105,171:3224,172:3268,173:3424,174:3548,175:3583,176:3740,177:3790,178:3908,179:3958,180:2863,181:3039,182:3110,183:3164,184:3328,185:3421,186:3505,187:3553,188:3679,189:3794,190:3915,191:4045,192:2948,193:2956,194:3089,195:3222,196:3323,197:3353,198:3465,199:3596,200:3708,201:3800,202:3885,203:4013,204:2853,205:2988,206:3082,207:3175,208:3253,209:3404,210:3517,211:3621,212:3690,213:3796,214:3918,215:4040,216:2863,217:2957,218:3118,219:3179,220:3348,221:3368,222:3471,223:3639,224:3711,225:3836,226:3897,227:4042,228:2913,229:2982,230:3080,231:3150,232:3287,233:3412,234:3531,235:3568,236:3694,237:3822,238:3932,239:3958,240:2891,241:2981,242:3052,243:3200,244:3269,245:3410,246:3456,247:3622,248:3721,249:3820,250:3896,251:4015,252:2946,253:3030,254:3128,255:3156,256:3342,257:3414,258:3502,259:3591,260:3733,261:3805,262:3895,263:3969,264:2928,265:3033,266:3056,267:3179,268:3335,269:3412,270:3545,271:3578,272:3711,273:3757,274:3922,275:3994,276:2879,277:3032,278:3107,279:3243,280:3345,281:3389,282:3460,283:3649,284:3700,285:3811,286:3940,287:4033,288:2928,289:2970,290:3097,291:3214,292:3320,293:3419,294:3541,295:3637,296:3746,297:3823,298:3857,299:3965,300:2904,301:3039,302:3126,303:3157,304:3274,305:3418,306:3495,307:3571,308:3680,309:3792,310:3872,311:4046,312:2922,313:3023,314:3077,315:3213,316:3347,317:3387,318:3543,319:3594,320:3742,321:3810,322:3904,323:4048,324:2891,325:3024,326:3088,327:3210,328:3296,329:3402,330:3541,331:3570,332:3736,333:3772,334:3883,335:3991,336:2856,337:2976,338:3102,339:3202,340:3320,341:3415,342:3479,343:3591,344:3662,345:3763,346:3922,347:3962,348:2851,349:2968,350:3067,351:3245,352:3309,353:3415,354:3540,355:3587,356:3732,357:3804,358:3928,359:4048
0:2865,1:2967,2:3119,3:3247,4:3312,5:3395,6:3530,7:3580,8:3720,9:3814,10:3933,11:3959,12:2948,13:2954,14:3050,15:3203,16:3322,17:3412,18:3459,19:3590,20:3719,21:3790,22:3860,23:3988,24:2922,25:3042,26:3135,27:3183,28:3252,29:3371,30:3526,31:3620,32:3741,33:3845,34:3934,35:3958,36:2864,37:3031,38:3058,39:3214,40:3271,41:3359,42:3541,43:3593,44:3725,45:3784,46:3919,47:4005,48:2861,49:3026,50:3061,51:3177,52:3335,53:3411,54:3532,55:3573,56:3652,57:3833,58:3879,59:4042,60:2903,61:3030,62:3076,63:3236,64:3255,65:3370,66:3509,67:3631,68:3661,69:3782,70:3928,71:4017,72:2925,73:3047,74:3069,75:3189,76:3267,77:3436,78:3505,79:3603,80:3682,81:3822,82:3904,83:3992,84:2856,85:3032,86:3144,87:3195,88:3293,89:3409,90:3497,91:3641,92:3736,93:3778,94:3932,95:4024,96:2911,97:3018,98:3096,99:3226,100:3289,101:3399,102:3466,103:3636,104:3686,105:3779,106:3866,107:3983,108:2870,109:2962,110:3133,111:3191,112:3329,113:3441,114:3484,115:3633,116:3676,117:3766,118:3927,119:4037,120:2900,121:2951,122:3123,123:3226,124:3337,125:3423,126:3521,127:3613,128:3738,129:3769,130:3940,131:4024,132:2859,133:3034,134:3073,135:3178,136:3250,137:3420,138:3492,139:3552,140:3660,141:3772,142:3937,143:4039,144:2862,145:3045,146:3114,147:3211,148:3250,149:3358,150:3512,151:3586,152:3676,153:3847,154:3882,155:4004,156:2873,157:2999,158:3113,159:3225,160:3292,161:3440,162:3489,163:3610,164:3718,165:3848,166:3894,167:4044,168:2856,169:3004,170:3095,171:3169,172:3274,173:3432,174:3531,175:3612,176:3723,177:3831,178:3901,179:4016,180:2921,181:2967,182:3128,183:3168,184:3298,185:3362,186:3495,187:3592,188:3719,189:3804,190:3855,191:4026,192:2892,193:3023,194:3091,195:3163,196:3344,197:3438,198:3547,199:3586,200:3679,201:3786,202:3888,203:4002,204:2876,205:2993,206:3078,207:3186,208:3328,209:3384,210:3484,211:3626,212:3667,213:3762,214:3881,215:3990,216:2911,217:2967,218:3148,219:3234,220:3341,221:3412,222:3491,223:3571,224:3739,225:3830,226:3932,227:3967,228:2852,229:2974,230:3147,231:3173,232:3338,233:3372,234:3522,235:3614,236:3741,237:3768,238:3884,239:3975,240:2871,241:2978,242:3082,243:3187,244:3264,245:3435,246:3454,247:3627,248:3730,249:3767,250:3895,251:3952,252:2904,253:2968,254:3073,255:3208,256:3286,257:3446,258:3547,259:3645,260:3673,261:3779,262:3889,263:4010,264:2897,265:2971,266:3083,267:3198,268:3345,269:3360,270:3544,271:3598,272:3678,273:3812,274:3928,275:4033,276:2938,277:2979,278:3143,279:3219,280:3330,281:3406,282:3507,283:3566,284:3716,285:3795,286:3865,287:4004,288:2933,289:3021,290:3051,291:3192,292:3295,293:3420,294:3475,295:3604,296:3698,297:3840,298:3898,299:3997,300:2899,301:2983,302:3114,303:3162,304:3319,305:3364,306:3468,307:3602,308:3703,309:3750,310:3876,311:4010,312:2853,313:2965,314:3120,315:3164,316:3332,317:3436,318:3485,319:3577,320:3703,321:3831,322:3862,323:3984,324:2918,325:2992,326:3131,327:3166,328:3278,329:3420,330:3499,331:3576,332:3709,333:3810,334:3869,335:4028,336:2857,337:3037,338:3109,339:3174,340:3273,341:3365,342:3528,343:3558,344:3674,345:3838,346:3879,347:4017,348:2908,349:2984,350:3082,351:3226,352:3329,353:3416,354:3540,355:3610,356:3654,357:3751,358:3920,359:4018
0:2865,1:2993,2:3105,3:3226,4:3292,5:3388,6:3509,7:3587,8:3721,9:3840,10:3903,11:3996,12:2867,13:3009,14:3110,15:3201,16:3266,17:3422,18:3526,19:3608,20:3654,21:3832,22:3939,23:3950,24:2928,25:2983,26:3112,27:3181,28:3334,29:3443,30:3534,31:3633,32:3722,33:3828,34:3878,35:3992,36:2873,37:3010,38:3084,39:3246,40:3349,41:3393,42:3470,43:3585,44:3657,45:3801,46:3930,47:4046,48:2850,49:2995,50:3053,51:3240,52:3283,53:3445,54:3470,55:3639,56:3654,57:3798,58:3888,59:4035,60:2939,61:2986,62:3095,63:3220,64:3290,65:3434,66:3450,67:3590,68:3661,69:3807,70:3899,71:4011,72:2894,73:3041,74:3127,75:3190,76:3290,77:3431,78:3546,79:3646,80:3709,81:3830,82:3908,83:4045,84:2895,85:2959,86:3090,87:3247,88:3264,89:3386,90:3473,91:3598,92:3673,93:3769,94:3876,95:3974,96:2946,97:3001,98:3121,99:3161,100:3323,101:3403,102:3474,103:3611,104:3738,105:3844,106:3920,107:3972,108:2886,109:3047,110:3122,111:3208,112:3301,113:3441,114:3535,115:3605,116:3735,117:3757,118:3911,119:3985,120:2852,121:2983,122:3135,123:3232,124:3263,125:3387,126:3529,127:3625,128:3749,129:3786,130:3889,131:3955,132:2922,133:3039,134:3060,135:3209,136:3334,137:3415,138:3549,139:3634,140:3679,141:3818,142:3948,143:4047,144:2903,145:2957,146:3116,147:3229,148:3260,149:3406,150:3475,151:3576,152:3712,153:3806,154:3854,155:4006,156:2925,157:3005,158:3130,159:3238,160:3273,161:3413,162:3515,163:3563,164:3713,165:3823,166:3893,167:3957,168:2895,169:2981,170:3123,171:3157,172:3308,173:3367,174:3527,175:3595,176:3743,177:3750,178:3914,179:3997,180:2901,181:2962,182:3105,183:3216,184:3294,185:3372,186:3548,187:3585,188:3688,189:3842,190:3946,191:3966,192:2901,193:3007,194:3063,195:3208,196:3268,197:3403,198:3538,199:3636,200:3713,201:3760,202:3941,203:4001,204:2933,205:3003,206:3135,207:3155,208:3269,209:3378,210:3529,211:3550,212:3731,213:3799,214:3901,215:4032,216:2937,217:2986,218:3099,219:3230,220:3288,221:3417,222:3466,223:3576,224:3736,225:3806,226:3924,227:4025,228:2903,229:3009,230:3122,231:3206,232:3316,233:3358,234:3527,235:3621,236:3659,237:3757,238:3944,239:3983,240:2884,241:2955,242:3052,243:3186,244:3312,245:3377,246:3459,247:3630,248:3726,249:3845,250:3914,251:4040,252:2901,253:3012,254:3116,255:3224,256:3319,257:3356,258:3474,259:3552,260:3695,261:3808,262:3927,263:4028,264:2932,265:3000,266:3144,267:3207,268:3313,269:3368,270:3469,271:3602,272:3729,273:3750,274:3911,275:3987,276:2907,277:2977,278:3050,279:3198,280:3290,281:3429,282:3512,283:3598,284:3661,285:3848,286:3885,287:4030,288:2861,289:3038,290:3121,291:3188,292:3349,293:3418,294:3459,295:3556,296:3658,297:3837,298:3925,299:4026,300:2933,301:2956,302:3107,303:3218,304:3306,305:3415,306:3495,307:3611,308:3680,309:3751,310:3887,311:4049,312:2922,313:2962,314:3133,315:3184,316:3335,317:3376,318:3521,319:3585,320:3663,321:3766,322:3891,323:4018,324:2886,325:3009,326:3086,327:3169,328:3333,329:3434,330:3488,331:3584,332:3709,333:3775,334:3879,335:4014,336:2908,337:2965,338:3053,339:3229,340:3284,341:3429,342:3462,343:3638,344:3671,345:3759,346:3894,347:3999,348:2887,349:2980,350:3059,351:3233,352:3336,353:3388,354:3532,355:3626,356:3749,357:3767,358:3857,359:3955
0:2860,1:3009,2:3085,3:3205,4:3339,5:3444,6:3548,7:3645,8:3678,9:3810,10:3874,11:4043,12:2868,13:2975,14:3065,15:3161,16:3337,17:3354,18:3508,19:3638,20:3726,21:3790,22:3931,23:3964,24:2915,25:3015,26:3128,27:3158,28:3262,29:3360,30:3528,31:3625,32:3733,33:3778,34:3910,35:3994,36:2879,37:3010,38:3078,39:3161,40:3278,41:3378,42:3539,43:3639,44:3686,45:3793,46:3921,47:4045,48:2931,49:3025,50:3125,51:3235,52:3301,53:3383,54:3519,55:3574,56:3652,57:3788,58:3895,59:4022,60:2904,61:2997,62:3131,63:3228,64:3339,65:3403,66:3530,67:3591,68:3726,69:3811,70:3929,71:3984,72:2859,73:2969,74:3054,75:3200,76:3349,77:3393,78:3522,79:3586,80:3739,81:3811,82:3926,83:4028,84:2853,85:2962,86:3077,87:3211,88:3310,89:3417,90:3520,91:3639,92:3659,93:3765,94:3867,95:4002,96:2888,97:2952,98:3130,99:3207,100:3331,101:3356,102:3530,103:3604,104:3705,105:3769,106:3943,107:3961,108:2932,109:3017,110:3106,111:3204,112:3276,113:3442,114:3487,115:3621,116:3726,117:3824,118:3895,119:3987,120:2874,121:3008,122:3097,123:3231,124:3266,125:3382,126:3534,127:3562,128:3684,129:3829,130:3896,131:3989,132:2946,133:3029,134:3053,135:3248,136:3300,137:3441,138:3522,139:3598,140:3700,141:3794,142:3934,143:4043,144:2922,145:3018,146:3071,147:3225,148:3323,149:3448,150:3530,151:3612,152:3681,153:3797,154:3924,155:3968,156:2914,157:3029,158:3083,159:3177,160:3293,161:3437,162:3494,163:3566,164:3747,165:3785,166:3931,167:3956,168:2940,169:2992,170:3075,171:3196,172:3304,173:3430,174:3527,175:3563,176:3670,177:3831,178:3917,179:4006,180:2888,181:3047,182:3093,183:3187,184:3344,185:3363,186:3500,187:3562,188:3670,189:3805,190:3873,191:3981,192:2866,193:3042,194:3091,195:3234,196:3264,197:3414,198:3516,199:3628,200:3716,201:3794,202:3889,203:4020,204:2920,205:2956,206:3101,207:3192,208:3342,209:3381,210:3480,211:3564,212:3708,213:3846,214:3948,215:4019,216:2919,217:2967,218:3085,219:3248,220:3254,221:3371,222:3546,223:3611,224:3701,225:3810,226:3903,227:3996,228:2867,229:3010,230:3139,231:3166,232:3316,233:3371,234:3522,235:3560,236:3717,237:3781,238:3884,239:4006,240:2911,241:2966,242:3122,243:3188,244:3327,245:3370,246:3536,247:3612,248:3730,249:3844,250:3904,251:4013,252:2866,253:2991,254:3143,255:3202,256:3345,257:3445,258:3486,259:3567,260:3712,261:3779,262:3935,263:4013,264:2859,265:3023,266:3132,267:3228,268:3255,269:3389,270:3540,271:3644,272:3703,273:3757,274:3865,275:4032,276:2873,277:2988,278:3107,279:3242,280:3335,281:3419,282:3534,283:3560,284:3657,285:3784,286:3909,287:4016,288:2880,289:2990,290:3134,291:3152,292:3300,293:3393,294:3526,295:3577,296:3684,297:3794,298:3915,299:4001,300:2851,301:3043,302:3090,303:3160,304:3299,305:3369,306:3450,307:3633,308:3670,309:3799,310:3864,311:3994,312:2886,313:2981,314:3093,315:3231,316:3293,317:3445,318:3499,319:3593,320:3660,321:3784,322:3898,323:4014,324:2915,325:2986,326:3059,327:3164,328:3346,329:3377,330:3474,331:3555,332:3659,333:3817,334:3921,335:4038,336:2858,337:2980,338:3120,339:3201,340:3326,341:3423,342:3506,343:3574,344:3659,345:3788,346:3926,347:4048,348:2898,349:2983,350:3103,351:3202,352:3274,353:3404,354:3455,355:3608,356:3657,357:3764,358:3914,359:4043
0:2918,1:2986,2:3072,3:3171,4:3251,5:3426,6:3451,7:3586,8:3653,9:3803,10:3926,11:3993,12:2866,13:3015,14:3082,15:3195,16:3334,17:3375,18:3479,19:3562,20:3735,21:3758,22:3892,23:3988,24:2863,25:3045,26:3101,27:3202,28:3289,29:3442,30:3458,31:3633,32:3743,33:3766,34:3859,35:4003,36:2907,37:3023,38:3066,39:3222,40:3334,41:3436,42:3548,43:3648,44:3666,45:3831,46:3887,47:4038,48:2919,49:2966,50:3111,51:3163,52:3343,53:3419,54:3454,55:3624,56:3662,57:3814,58:3902,59:4023,60:2891,61:3014,62:3119,63:3199,64:3288,65:3408,66:3514,67:3608,68:3674,69:3844,70:3946,71:4011,72:2901,73:2999,74:3075,75:3178,76:3302,77:3364,78:3547,79:3595,80:3701,81:3770,82:3854,83:4000,84:2931,85:3029,86:3112,87:3225,88:3292,89:3425,90:3506,91:3558,92:3651,93:3757,94:3884,95:3957,96:2917,97:2954,98:3069,99:3199,100:3329,101:3361,102:3505,103:3639,104:3681,105:3767,106:3855,107:3974,108:2900,109:2973,110:3096,111:3212,112:3292,113:3412,114:3462,115:3576,116:3670,117:3821,118:3918,119:4013,120:2875,121:3037,122:3065,123:3180,124:3272,125:3416,126:3493,127:3582,128:3676,129:3822,130:3850,131:4009,132:2886,133:3003,134:3089,135:3172,136:3296,137:3398,138:3506,139:3582,140:3669,141:3812,142:3856,143:4009,144:2863,145:3014,146:3133,147:3206,148:3295,149:3379,150:3532,151:3619,152:3668,153:3839,154:3876,155:4016,156:2898,157:2982,158:3145,159:3157,160:3297,161:3388,162:3474,163:3628,164:3662,165:3775,166:3895,167:3977,168:2867,169:3017,170:3103,171:3166,172:3296,173:3371,174:3513,175:3633,176:3657,177:3839,178:3896,179:3994,180:2917,181:2992,182:3056,183:3170,184:3330,185:3370,186:3490,187:3557,188:3719,189:3752,190:3868,191:3992,192:2882,193:3045,194:3080,195:3178,196:3281,197:3424,198:3505,199:3634,200:3687,201:3772,202:3910,203:4008,204:2907,205:2969,206:3058,207:3197,208:3303,209:3442,210:3512,211:3596,212:3687,213:3802,214:3879,215:3965,216:2918,217:2976,218:3079,219:3192,220:3268,221:3445,222:3500,223:3598,224:3691,225:3846,226:3896,227:4007,228:2929,229:2994,230:3111,231:3224,232:3340,233:3398,234:3528,235:3572,236:3730,237:3813,238:3850,239:4027,240:2932,241:3031,242:3068,243:3215,244:3314,245:3427,246:3456,247:3575,248:3654,249:3814,250:3854,251:4015,252:2939,253:3016,254:3050,255:3204,256:3302,257:3413,258:3462,259:3557,260:3663,261:3779,262:3927,263:3954,264:2865,265:3035,266:3067,267:3174,268:3263,269:3351,270:3525,271:3631,272:3728,273:3834,274:3868,275:3988,276:2862,277:2977,278:3144,279:3210,280:3292,281:3431,282:3496,283:3601,284:3656,285:3805,286:3939,287:3974,288:2946,289:3019,290:3110,291:3152,292:3274,293:3424,294:3510,295:3589,296:3659,297:3776,298:3908,299:4008,300:2859,301:3040,302:3063,303:3164,304:3250,305:3386,306:3473,307:3627,308:3743,309:3785,310:3919,311:3996,312:2913,313:2990,314:3148,315:3188,316:3305,317:3408,318:3526,319:3599,320:3723,321:3831,322:3929,323:4013,324:2940,325:3015,326:3124,327:3198,328:3337,329:3352,330:3482,331:3619,332:3665,333:3822,334:3913,335:3971,336:2851,337:3017,338:3140,339:3221,340:3252,341:3411,342:3541,343:3560,344:3730,345:3841,346:3862,347:3969,348:2931,349:3012,350:3111,351:3207,352:3330,353:3395,354:3465,355:3647,356:3691,357:3786,358:3948,359:4011
0:2867,1:3042,2:3133,3:3165,4:3250,5:3359,6:3545,7:3649,8:3671,9:3828,10:3916,11:3988,12:2859,13:3026,14:3118,15:3195,16:3312,17:3380,18:3525,19:3622,20:3681,21:3844,22:3852,23:3978,24:2906,25:2966,26:3078,27:3153,28:3275,29:3366,30:3537,31:3571,32:3707,33:3784,34:3903,35:4044,36:2903,37:2992,38:3095,39:3225,40:3325,41:3353,42:3456,43:3552,44:3707,45:3772,46:3921,47:3954,48:2851,49:2999,50:3091,51:3151,52:3342,53:3385,54:3488,55:3573,56:3663,57:3768,58:3862,59:3962,60:2948,61:3031,62:3075,63:3211,64:3287,65:3432,66:3507,67:3616,68:3743,69:3847,70:3903,71:4049,72:2902,73:3004,74:3058,75:3222,76:3296,77:3350,78:3530,79:3584,80:3672,81:3794,82:3880,83:3982,84:2921,85:3044,86:3103,87:3191,88:3313,89:3376,90:3472,91:3593,92:3733,93:3804,94:3921,95:4035,96:2920,97:2988,98:3062,99:3192,100:3319,101:3375,102:3496,103:3623,104:3749,105:3793,106:3858,107:4028,108:2897,109:3016,110:3068,111:3219,112:3299,113:3438,114:3502,115:3617,116:3727,117:3849,118:3939,119:3982,120:2943,121:3031,122:3072,123:3171,124:3317,125:3418,126:3491,127:3566,128:3746,129:3814,130:3905,131:3958,132:2879,133:2987,134:3085,135:3225,136:3253,137:3392,138:3490,139:3598,140:3683,141:3789,142:3932,143:3955,144:2867,145:2994,146:3116,147:3170,148:3344,149:3442,150:3526,151:3592,152:3672,153:3802,154:3882,155:3951,156:2851,157:3047,158:3072,159:3166,160:3273,161:3408,162:3523,163:3576,164:3702,165:3778,166:3906,167:3981,168:2939,169:2976,170:3084,171:3200,172:3287,173:3398,174:3463,175:3602,176:3657,177:3757,178:3904,179:3988,180:2895,181:2989,182:3053,183:3192,184:3315,185:3400,186:3466,187:3598,188:3735,189:3767,190:3869,191:4004,192:2915,193:2987,194:3103,195:3230,196:3340,197:3416,198:3544,199:3572,200:3653,201:3792,202:3887,203:4046,204:2851,205:2952,206:3099,207:3153,208:3253,209:3380,210:3450,211:3567,212:3682,213:3751,214:3927,215:3953,216:2924,217:2996,218:3091,219:3171,220:3326,221:3440,222:3454,223:3617,224:3690,225:3825,226:3882,227:4011,228:2901,229:2974,230:3145,231:3171,232:3317,233:3369,234:3519,235:3551,236:3651,237:3772,238:3881,239:4032,240:2890,241:2950,242:3056,243:3205,244:3334,245:3365,246:3457,247:3581,248:3652,249:3780,250:3864,251:3958,252:2906,253:3047,254:3085,255:3168,256:3313,257:3436,258:3508,259:3596,260:3711,261:3774,262:3918,263:4037,264:2867,265:3023,266:3095,267:3168,268:3286,269:3436,270:3492,271:3579,272:3703,273:3805,274:3943,275:4016,276:2877,277:2982,278:3052,279:3237,280:3308,281:3378,282:3532,283:3570,284:3749,285:3834,286:3936,287:3959,288:2919,289:3019,290:3144,291:3162,292:3334,293:3440,294:3543,295:3606,296:3718,297:3824,298:3858,299:4019,300:2938,301:2959,302:3121,303:3192,304:3287,305:3395,306:3549,307:3554,308:3701,309:3755,310:3919,311:4002,312:2878,313:3012,314:3088,315:3173,316:3274,317:3386,318:3494,319:3590,320:3728,321:3829,322:3875,323:3959,324:2898,325:2980,326:3098,327:3244,328:3319,329:3430,330:3526,331:3600,332:3674,333:3781,334:3851,335:3991,336:2895,337:3049,338:3081,339:3224,340:3268,341:3436,342:3511,343:3636,344:3697,345:3761,346:3913,347:4015,348:2874,349:2994,350:3074,351:3221,352:3269,353:3369,354:3513,355:3576,356:3671,357:3774,358:3934,359:4018
0:2896,1:3011,2:3134,3:3192,4:3290,5:3423,6:3471,7:3589,8:3680,9:3833,10:3873,11:3982,12:2896,13:2989,14:3099,15:3235,16:3328,17:3409,18:3525,19:3600,20:3680,21:3758,22:3939,23:4019,24:2934,25:2972,26:3104,27:3163,28:3264,29:3388,30:3471,31:3567,32:3749,33:3786,34:3862,35:3995,36:2867,37:3013,38:3147,39:3181,40:3250,41:3367,42:3528,43:3559,44:3746,45:3830,46:3936,47:3951,48:2850,49:3022,50:3109,51:3240,52:3313,53:3441,54:3513,55:3644,56:3701,57:3753,58:3855,59:3961,60:2893,61:2984,62:3095,63:3221,64:3342,65:3430,66:3463,67:3600,68:3653,69:3846,70:3902,71:4019,72:2870,73:3011,74:3069,75:3242,76:3296,77:3370,78:3512,79:3597,80:3671,81:3762,82:3861,83:4034,84:2869,85:2958,86:3067,87:3208,88:3267,89:3375,90:3501,91:3612,92:3703,93:3847,94:3862,95:4008,96:2884,97:3003,98:3058,99:3186,100:3316,101:3389,102:3460,103:3621,104:3657,105:3781,106:3902,107:3996,108:2905,109:2980,110:3058,111:3227,112:3300,113:3370,114:3472,115:3604,116:3737,117:3788,118:3922,119:4002,120:2878,121:2998,122:3091,123:3177,124:3310,125:3447,126:3483,127:3626,128:3728,129:3815,130:3855,131:3981,132:2898,133:3022,134:3131,135:3155,136:3256,137:3371,138:3526,139:3647,140:3677,141:3823,142:3881,143:3980,144:2869,145:2953,146:3113,147:3211,148:3334,149:3358,150:3508,151:3631,152:3697,153:3817,154:3851,155:4022,156:2927,157:2970,158:3127,159:3222,160:3286,161:3398,162:3485,163:3585,164:3667,165:3818,166:3931,167:3979,168:2924,169:2977,170:3100,171:3228,172:3328,173:3381,174:3454,175:3620,176:3700,177:3753,178:3937,179:3998,180:2932,181:3003,182:3144,183:3176,184:3321,185:3435,186:3521,187:3610,188:3660,189:3841,190:3941,191:3958,192:2870,193:2954,194:3092,195:3237,196:3318,197:3358,198:3524,199:3608,200:3663,201:3769,202:3915,203:3988,204:2903,205:3034,206:3111,207:3198,208:3275,209:3410,210:3470,211:3564,212:3653,213:3760,214:3938,215:3967,216:2915,217:2988,218:3133,219:3155,220:3324,221:3371,222:3536,223:3649,224:3717,225:3799,226:3886,227:3975,228:2931,229:2967,230:3118,231:3165,232:3323,233:3399,234:3542,235:3635,236:3651,237:3806,238:3949,239:4023,240:2938,241:2975,242:3092,243:3172,244:3321,245:3400,246:3486,247:3607,248:3665,249:3750,250:3896,251:4001,252:2910,253:2951,254:3059,255:3180,256:3317,257:3387,258:3481,259:3585,260:3724,261:3824,262:3853,263:4048,264:2885,265:2981,266:3110,267:3156,268:3303,269:3368,270:3536,271:3628,272:3668,273:3754,274:3886,275:4023,276:2888,277:2989,278:3098,279:3156,280:3285,281:3393,282:3479,283:3636,284:3735,285:3829,286:3917,287:4038,288:2921,289:2955,290:3091,291:3189,292:3264,293:3403,294:3506,295:3564,296:3721,297:3802,298:3909,299:4012,300:2865,301:2988,302:3059,303:3210,304:3315,305:3402,306:3470,307:3636,308:3656,309:3766,310:3929,311:3995,312:2896,313:2975,314:3086,315:3164,316:3302,317:3440,318:3545,319:3602,320:3692,321:3768,322:3907,323:4018,324:2912,325:2959,326:3118,327:3162,328:3258,329:3389,330:3455,331:3611,332:3707,333:3793,334:3870,335:3987,336:2892,337:3027,338:3136,339:3172,340:3276,341:3392,342:3510,343:3597,344:3706,345:3755,346:3895,347:3967,348:2906,349:3013,350:3102,351:3202,352:3252,353:3410,354:3463,355:3629,356:3710,357:3790,358:3920,359:4016
0:2860,1:2974,2:3077,3:3169,4:3262,5:3437,6:3461,7:3630,8:3669,9:3764,10:3878,11:4012,12:2908,13:2966,14:3112,15:3211,16:3288,17:3437,18:3514,19:3616,20:3740,21:3838,22:3890,23:3973,24:2906,25:3042,26:3056,27:3196,28:3318,29:3411,30:3549,31:3580,32:3729,33:3762,34:3921,35:3990,36:2926,37:3030,38:3062,39:3215,40:3261,41:3406,42:3458,43:3592,44:3669,45:3785,46:3915,47:4019,48:2851,49:2955,50:3114,51:3174,52:3270,53:3409,54:3455,55:3604,56:3658,57:3759,58:3852,59:4021,60:2934,61:3033,62:3069,63:3210,64:3299,65:3367,66:3490,67:3600,68:3720,69:3771,70:3915,71:3992,72:2941,73:2980,74:3122,75:3150,76:3279,77:3406,78:3526,79:3614,80:3679,81:3818,82:3947,83:3950,84:2870,85:2959,86:3125,87:3183,88:3330,89:3403,90:3452,91:3589,92:3673,93:3793,94:3868,95:3972,96:2910,97:3038,98:3067,99:3160,100:3279,101:3446,102:3548,103:3603,104:3749,105:3778,106:3868,107:4011,108:2871,109:3022,110:3063,111:3180,112:3296,113:3379,114:3457,115:3649,116:3708,117:3823,118:3876,119:3999,120:2896,121:3038,122:3068,123:3238,124:3313,125:3403,126:3518,127:3566,128:3684,129:3793,130:3928,131:3952,132:2919,133:2977,134:3052,135:3194,136:3269,137:3377,138:3475,139:3641,140:3736,141:3813,142:3891,143:3956,144:2903,145:3027,146:3146,147:3248,148:3296,149:3406,150:3480,151:3567,152:3722,153:3808,154:3894,155:4021,156:2934,157:3021,158:3079,159:3196,160:3331,161:3351,162:3461,163:3600,164:3722,165:3828,166:3939,167:3979,168:2922,169:2968,170:3125,171:3160,172:3317,173:3350,174:3472,175:3593,176:3677,177:3829,178:3867,179:3962,180:2851,181:2994,182:3050,183:3161,184:3343,185:3365,186:3548,187:3605,188:3650,189:3814,190:3932,191:3953,192:2946,193:3046,194:3125,195:3225,196:3305,197:3371,198:3521,199:3620,200:3736,201:3768,202:3861,203:4012,204:2869,205:3045,206:3067,207:3230,208:3317,209:3378,210:3535,211:3606,212:3659,213:3802,214:3885,215:3955,216:2916,217:2967,218:3125,219:3211,220:3287,221:3374,222:3525,223:3575,224:3676,225:3751,226:3895,227:4006,228:2929,229:3023,230:3105,231:3224,232:3348,233:3400,234:3527,235:3615,236:3743,237:3843,238:3867,239:3991,240:2901,241:2954,242:3081,243:3220,244:3309,245:3409,246:3516,247:3645,248:3715,249:3820,250:3936,251:3965,252:2941,253:3033,254:3062,255:3237,256:3347,257:3395,258:3495,259:3615,260:3730,261:3806,262:3869,263:4024,264:2853,265:3026,266:3121,267:3150,268:3316,269:3414,270:3507,271:3555,272:3694,273:3833,274:3923,275:4000,276:2908,277:3002,278:3134,279:3233,280:3345,281:3412,282:3454,283:3551,284:3722,285:3778,286:3859,287:4005,288:2882,289:2959,290:3114,291:3228,292:3306,293:3401,294:3529,295:3613,296:3731,297:3806,298:3853,299:4019,300:2943,301:2982,302:3053,303:3156,304:3309,305:3378,306:3458,307:3620,308:3744,309:3795,310:3895,311:3973,312:2887,313:2975,314:3124,315:3207,316:3347,317:3376,318:3546,319:3600,320:3690,321:3776,322:3890,323:4032,324:2880,325:2998,326:3113,327:3212,328:3326,329:3382,330:3524,331:3605,332:3731,333:3815,334:3884,335:3974,336:2890,337:3018,338:3087,339:3189,340:3289,341:3374,342:3531,343:3581,344:3669,345:3771,346:3882,347:4047,348:2918,349:3027,350:3097,351:3165,352:3320,353:3448,354:3478,355:3647,356:3746,357:3805,358:3935,359:3967
0:2851,1:3030,2:3082,3:3219,4:3284,5:3366,6:3503,7:3597,8:3749,9:3811,10:3896,11:3989,12:2948,13:2991,14:3119,15:3160,16:3308,17:3400,18:3534,19:3563,20:3696,21:3770,22:3900,23:4047,24:2923,25:2952,26:3140,27:3154,28:3318,29:3364,30:3482,31:3572,32:3729,33:3818,34:3892,35:3968,36:2896,37:3047,38:3065,39:3215,40:3279,41:3352,42:3493,43:3581,44:3656,45:3827,46:3948,47:4021,48:2935,49:3033,50:3133,51:3187,52:3310,53:3382,54:3513,55:3595,56:3678,57:3823,58:3867,59:3987,60:2935,61:2951,62:3065,63:3190,64:3329,65:3387,66:3489,67:3609,68:3712,69:3816,70:3893,71:3996,72:2868,73:3005,74:3129,75:3153,76:3327,77:3355,78:3458,79:3645,80:3663,81:3775,82:3899,83:4047,84:2890,85:3002,86:3066,87:3198,88:3260,89:3421,90:3518,91:3570,92:3652,93:3840,94:3885,95:4021,96:2903,97:2960,98:3062,99:3190,100:3335,101:3445,102:3494,103:3557,104:3685,105:3789,106:3876,107:3952,108:2913,109:3015,110:3060,111:3173,112:3337,113:3433,114:3545,115:3629,116:3685,117:3753,118:3865,119:4034,120:2909,121:3014,122:3083,123:3166,124:3286,125:3378,126:3536,127:3648,128:3740,129:3847,130:3872,131:3968,132:2867,133:3013,134:3056,135:3178,136:3286,137:3392,138:3458,139:3606,140:3653,141:3776,142:3945,143:3950,144:2941,145:2960,146:3146,147:3165,148:3274,149:3395,150:3513,151:3575,152:3711,153:3793,154:3861,155:3987,156:2876,157:2990,158:3082,159:3153,160:3256,161:3449,162:3545,163:3581,164:3653,165:3759,166:3902,167:3997,168:2904,169:2968,170:3124,171:3222,172:3303,173:3408,174:3456,175:3593,176:3661,177:3824,178:3896,179:3992,180:2946,181:2987,182:3119,183:3223,184:3337,185:3416,186:3485,187:3573,188:3703,189:3796,190:3911,191:4014,192:2937,193:3015,194:3130,195:3193,196:3319,197:3449,198:3514,199:3600,200:3721,201:3760,202:3868,203:3998,204:2884,205:3009,206:3133,207:3186,208:3312,209:3424,210:3462,211:3629,212:3666,213:3781,214:3872,215:4035,216:2861,217:3019,218:3056,219:3205,220:3253,221:3363,222:3503,223:3647,224:3691,225:3769,226:3894,227:3990,228:2912,229:2961,230:3064,231:3232,232:3280,233:3446,234:3497,235:3644,236:3739,237:3793,238:3924,239:3995,240:2889,241:2954,242:3084,243:3190,244:3271,245:3446,246:3540,247:3557,248:3733,249:3757,250:3908,251:4029,252:2917,253:2983,254:3106,255:3212,256:3288,257:3411,258:3495,259:3613,260:3709,261:3798,262:3917,263:3986,264:2884,265:2996,266:3058,267:3176,268:3300,269:3407,270:3497,271:3557,272:3670,273:3836,274:3875,275:4027,276:2906,277:3044,278:3078,279:3224,280:3343,281:3382,282:3519,283:3569,284:3730,285:3757,286:3936,287:3991,288:2936,289:3039,290:3084,291:3221,292:3323,293:3394,294:3529,295:3612,296:3654,297:3753,298:3864,299:3978,300:2862,301:2988,302:3121,303:3184,304:3339,305:3357,306:3490,307:3607,308:3728,309:3831,310:3948,311:3958,312:2902,313:3025,314:3119,315:3213,316:3298,317:3433,318:3526,319:3567,320:3696,321:3816,322:3924,323:3998,324:2902,325:3038,326:3075,327:3236,328:3319,329:3429,330:3472,331:3638,332:3725,333:3845,334:3875,335:4000,336:2892,337:3043,338:3101,339:3200,340:3315,341:3375,342:3527,343:3634,344:3703,345:3842,346:3885,347:3994,348:2911,349:3001,350:3100,351:3248,352:3331,353:3433,354:3545,355:3614,356:3740,357:3753,358:3863,359:3992
0:2861,1:3001,2:3094,3:3184,4:3252,5:3363,6:3504,7:3595,8:3726,9:3833,10:3898,11:3980,12:2921,13:3046,14:3058,15:3207,16:3265,17:3355,18:3497,19:3642,20:3694,21:3823,22:3946,23:4016,24:2877,25:2983,26:3136,27:3216,28:3327,29:3432,30:3503,31:3600,32:3652,33:3785,34:3925,35:4033,36:2943,37:2992,38:3090,39:3211,40:3332,41:3384,42:3501,43:3555,44:3694,45:3812,46:3853,47:3995,48:2858,49:3001,50:3083,51:3157,52:3278,53:3362,54:3533,55:3605,56:3664,57:3776,58:3948,59:4047,60:2858,61:2988,62:3113,63:3226,64:3294,65:3386,66:3489,67:3605,68:3670,69:3801,70:3881,71:4031,72:2897,73:3032,74:3096,75:3192,76:3342,77:3404,78:3463,79:3645,80:3662,81:3771,82:3877,83:4015,84:2946,85:2950,86:3051,87:3204,88:3257,89:3398,90:3537,91:3603,92:3709,93:3782,94:3868,95:4045,96:2931,97:3040,98:3095,99:3162,100:3255,101:3418,102:3522,103:3623,104:3706,105:3758,106:3935,107:3966,108:2948,109:3044,110:3121,111:3212,112:3313,113:3357,114:3470,115:3638,116:3684,117:3839,118:3945,119:4002,120:2879,121:3026,122:3091,123:3217,124:3259,125:3444,126:3468,127:3583,128:3742,129:3753,130:3857,131:4022,132:2857,133:2966,134:3085,135:3177,136:3252,137:3446,138:3490,139:3623,140:3689,141:3772,142:3862,143:3999,144:2855,145:3039,146:3134,147:3186,148:3296,149:3364,150:3523,151:3627,152:3734,153:3794,154:3878,155:4013,156:2888,157:2958,158:3124,159:3182,160:3307,161:3406,162:3509,163:3625,164:3679,165:3751,166:3883,167:4017,168:2866,169:2985,170:3148,171:3203,172:3319,173:3445,174:3505,175:3609,176:3709,177:3822,178:3905,179:3977,180:2899,181:2997,182:3096,183:3240,184:3276,185:3389,186:3523,187:3571,188:3682,189:3832,190:3917,191:3991,192:2886,193:2986,194:3056,195:3155,196:3321,197:3440,198:3491,199:3638,200:3678,201:3787,202:3938,203:3968,204:2881,205:3019,206:3117,207:3208,208:3345,209:3395,210:3461,211:3565,212:3695,213:3791,214:3891,215:4025,216:2879,217:3022,218:3141,219:3163,220:3265,221:3367,222:3484,223:3606,224:3682,225:3806,226:3914,227:4006,228:2921,229:2972,230:3061,231:3182,232:3268,233:3375,234:3482,235:3620,236:3687,237:3829,238:3922,239:3976,240:2946,241:2985,242:3090,243:3234,244:3273,245:3420,246:3488,247:3569,248:3657,249:3791,250:3949,251:4030,252:2871,253:2972,254:3076,255:3246,256:3291,257:3429,258:3455,259:3554,260:3682,261:3820,262:3927,263:3996,264:2866,265:3020,266:3126,267:3176,268:3309,269:3415,270:3509,271:3593,272:3730,273:3780,274:3882,275:3983,276:2876,277:3012,278:3136,279:3170,280:3255,281:3355,282:3517,283:3623,284:3690,285:3830,286:3917,287:3984,288:2924,289:2987,290:3071,291:3241,292:3255,293:3437,294:3536,295:3578,296:3657,297:3773,298:3852,299:3973,300:2878,301:3026,302:3080,303:3202,304:3335,305:3367,306:3472,307:3596,308:3714,309:3765,310:3934,311:3985,312:2912,313:2950,314:3110,315:3172,316:3284,317:3437,318:3480,319:3555,320:3693,321:3824,322:3868,323:4040,324:2915,325:3039,326:3115,327:3211,328:3251,329:3365,330:3452,331:3590,332:3680,333:3844,334:3862,335:4025,336:2913,337:3017,338:3110,339:3227,340:3288,341:3379,342:3490,343:3628,344:3667,345:3836,346:3884,347:4006,348:2884,349:2972,350:3120,351:3158,352:3309,353:3359,354:3469,355:3641,356:3664,357:3809,358:3927,359:4001
0:2930,1:3038,2:3061,3:3178,4:3317,5:3388,6:3532,7:3568,8:3684,9:3798,10:3863,11:3962,12:2918,13:2982,14:3061,15:3212,16:3266,17:3394,18:3491,19:3570,20:3674,21:3795,22:3918,23:4015,24:2882,25:2990,26:3057,27:3220,28:3256,29:3437,30:3518,31:3584,32:3698,33:3761,34:3870,35:4020,36:2933,37:2974,38:3081,39:3244,40:3316,41:3429,42:3545,43:3615,44:3700,45:3797,46:3911,47:3986,48:2931,49:2989,50:3082,51:3244,52:3335,53:3384,54:3457,55:3613,56:3675,57:3807,58:3893,59:4026,60:2872,61:3040,62:3110,63:3185,64:3342,65:3443,66:3467,67:3570,68:3698,69:3760,70:3886,71:3992,72:2922,73:3019,74:3139,75:3202,76:3259,77:3376,78:3478,79:3571,80:3657,81:3757,82:3929,83:3975,84:2883,85:3042,86:3140,87:3235,88:3296,89:3421,90:3482,91:3600,92:3688,93:3787,94:3938,95:3979,96:2935,97:2952,98:3127,99:3181,100:3305,101:3421,102:3475,103:3595,104:3746,105:3841,106:3918,107:4015,108:2858,109:3007,110:3140,111:3176,112:3311,113:3434,114:3545,115:3572,116:3747,117:3779,118:3918,119:4012,120:2872,121:2969,122:3128,123:3214,124:3333,125:3409,126:3539,127:3641,128:3749,129:3832,130:3913,131:4031,132:2949,133:3048,134:3076,135:3239,136:3346,137:3442,138:3474,139:3585,140:3665,141:3781,142:3928,143:4035,144:2881,145:2989,146:3056,147:3211,148:3256,149:3371,150:3503,151:3605,152:3675,153:3779,154:3872,155:4004,156:2905,157:3004,158:3142,159:3202,160:3305,161:3402,162:3489,163:3648,164:3726,165:3830,166:3879,167:3965,168:2901,169:3045,170:3116,171:3161,172:3345,173:3353,174:3515,175:3586,176:3683,177:3777,178:3850,179:3951,180:2933,181:2957,182:3104,183:3238,184:3316,185:3439,186:3500,187:3637,188:3730,189:3815,190:3898,191:4016,192:2890,193:3035,194:3086,195:3194,196:3330,197:3413,198:3475,199:3578,200:3687,201:3788,202:3895,203:4041,204:2939,205:3043,206:3075,207:3215,208:3254,209:3431,210:3528,211:3574,212:3735,213:3828,214:3861,215:3956,216:2886,217:3027,218:3083,219:3235,220:3297,221:3351,222:3456,223:3624,224:3663,225:3790,226:3898,227:3982,228:2878,229:2962,230:3057,231:3237,232:3286,233:3440,234:3494,235:3628,236:3707,237:3796,238:3909,239:4033,240:2887,241:3042,242:3068,243:3233,244:3322,245:3352,246:3549,247:3564,248:3653,249:3797,250:3851,251:3996,252:2888,253:3020,254:3103,255:3178,256:3293,257:3397,258:3517,259:3580,260:3745,261:3816,262:3903,263:4029,264:2857,265:2965,266:3081,267:3180,268:3301,269:3400,270:3486,271:3570,272:3719,273:3794,274:3919,275:3961,276:2894,277:3032,278:3147,279:3186,280:3292,281:3406,282:3541,283:3616,284:3650,285:3757,286:3880,287:4014,288:2941,289:3026,290:3124,291:3196,292:3300,293:3413,294:3507,295:3613,296:3689,297:3752,298:3940,299:3963,300:2923,301:2957,302:3143,303:3227,304:3276,305:3426,306:3543,307:3569,308:3668,309:3791,310:3864,311:3994,312:2945,313:2972,314:3093,315:3215,316:3339,317:3423,318:3542,319:3569,320:3650,321:3776,322:3888,323:4010,324:2937,325:2953,326:3061,327:3202,328:3302,329:3423,330:3491,331:3597,332:3720,333:3767,334:3914,335:3964,336:2927,337:3017,338:3133,339:3192,340:3287,341:3381,342:3539,343:3598,344:3652,345:3842,346:3940,347:3974,348:2886,349:2999,350:3076,351:3233,352:3335,353:3391,354:3486,355:3590,356:3680,357:3754,358:3878,359:4010
0:2947,1:3000,2:3125,3:3219,4:3334,5:3432,6:3548,7:3587,8:3700,9:3816,10:3900,11:3972,12:2939,13:2989,14:3055,15:3205,16:3297,17:3390,18:3492,19:3615,20:3655,21:3799,22:3862,23:4049,24:2880,25:3041,26:3121,27:3223,28:3259,29:3388,30:3510,31:3576,32:3658,33:3846,34:3865,35:4032,36:2948,37:3037,38:3127,39:3166,40:3327,41:3395,42:3524,43:3640,44:3663,45:3782,46:3877,47:3962,48:2932,49:2979,50:3143,51:3169,52:3287,53:3441,54:3457,55:3583,56:3707,57:3762,58:3864,59:4024,60:2879,61:2965,62:3118,63:3159,64:3297,65:3391,66:3452,67:3589,68:3720,69:3766,70:3917,71:3955,72:2931,73:3018,74:3084,75:3172,76:3327,77:3428,78:3485,79:3634,80:3660,81:3810,82:3871,83:4013,84:2871,85:3037,86:3132,87:3196,88:3256,89:3417,90:3469,91:3628,92:3747,93:3789,94:3878,95:3966,96:2866,97:3047,98:3134,99:3195,100:3331,101:3397,102:3537,103:3588,104:3701,105:3819,106:3932,107:4029,108:2891,109:2965,110:3057,111:3228,112:3291,113:3445,114:3518,115:3567,116:3673,117:3779,118:3939,119:4013,120:2937,121:2952,122:3081,123:3174,124:3265,125:3350,126:3457,127:3608,128:3740,129:3763,130:3857,131:3957,132:2936,133:3038,134:3098,135:3203,136:3311,137:3409,138:3531,139:3569,140:3677,141:3812,142:3899,143:3958,144:2949,145:2990,146:3052,147:3202,148:3254,149:3404,150:3538,151:3642,152:3673,153:3827,154:3940,155:3969,156:2925,157:3048,158:3143,159:3249,160:3297,161:3351,162:3529,163:3598,164:3667,165:3803,166:3918,167:3973,168:2909,169:2961,170:3051,171:3201,172:3255,173:3424,174:3451,175:3574,176:3711,177:3843,178:3889,179:3975,180:2935,181:2976,182:3084,183:3240,184:3262,185:3401,186:3471,187:3583,188:3664,189:3804,190:3875,191:4023,192:2879,193:2988,194:3076,195:3233,196:3289,197:3414,198:3526,199:3563,200:3748,201:3769,202:3888,203:4003,204:2930,205:3025,206:3115,207:3161,208:3325,209:3420,210:3525,211:3571,212:3688,213:3812,214:3852,215:3957,216:2878,217:2996,218:3137,219:3205,220:3286,221:3378,222:3492,223:3633,224:3690,225:3797,226:3850,227:4045,228:2910,229:3046,230:3131,231:3183,232:3285,233:3448,234:3522,235:3594,236:3660,237:3752,238:3913,239:3955,240:2903,241:2958,242:3136,243:3172,244:3328,245:3366,246:3512,247:3596,248:3717,249:3814,250:3879,251:3992,252:2877,253:3007,254:3067,255:3239,256:3291,257:3379,258:3451,259:3612,260:3667,261:3811,262:3897,263:3954,264:2924,265:3002,266:3148,267:3236,268:3339,269:3364,270:3546,271:3566,272:3670,273:3778,274:3861,275:4019,276:2865,277:2967,278:3084,279:3244,280:3280,281:3372,282:3457,283:3560,284:3735,285:3773,286:3868,287:3985,288:2878,289:3012,290:3091,291:3215,292:3297,293:3441,294:3532,295:3638,296:3719,297:3751,298:3875,299:3999,300:2897,301:2976,302:3087,303:3226,304:3303,305:3443,306:3495,307:3639,308:3673,309:3824,310:3909,311:4042,312:2887,313:3048,314:3143,315:3240,316:3258,317:3375,318:3486,319:3555,320:3726,321:3821,322:3926,323:3979,324:2877,325:2995,326:3083,327:3195,328:3269,329:3410,330:3488,331:3587,332:3713,333:3843,334:3875,335:4026,336:2907,337:3001,338:3057,339:3153,340:3256,341:3350,342:3473,343:3575,344:3732,345:3815,346:3907,347:3952,348:2899,349:2951,350:3124,351:3227,352:3293,353:3406,354:3522,355:3587,356:3679,357:3779,358:3938,359:4024
0:2931,1:2954,2:3088,3:3155,4:3335,5:3370,6:3454,7:3556,8:3695,9:3825,10:3935,11:3953,12:2884,13:3033,14:3056,15:3197,16:3268,17:3411,18:3473,19:3575,20:3735,21:3766,22:3929,23:3998,24:2882,25:3002,26:3134,27:3180,28:3346,29:3392,30:3497,31:3635,32:3654,33:3759,34:3871,35:4011,36:2940,37:2992,38:3106,39:3206,40:3345,41:3385,42:3514,43:3630,44:3708,45:3806,46:3871,47:3974,48:2894,49:2982,50:3118,51:3173,52:3315,53:3433,54:3510,55:3644,56:3724,57:3802,58:3851,59:4045,60:2859,61:2989,62:3084,63:3200,64:3329,65:3351,66:3537,67:3552,68:3720,69:3836,70:3914,71:3961,72:2894,73:3046,74:3071,75:3210,76:3336,77:3421,78:3485,79:3572,80:3706,81:3810,82:3924,83:4014,84:2928,85:3010,86:3132,87:3164,88:3312,89:3449,90:3549,91:3594,92:3651,93:3802,94:3927,95:4011,96:2942,97:3028,98:3117,99:3241,100:3313,101:3423,102:3472,103:3556,104:3697,105:3752,106:3893,107:4047,108:2934,109:3014,110:3139,111:3241,112:3331,113:3448,114:3512,115:3629,116:3710,117:3783,118:3871,119:4028,120:2928,121:2974,122:3118,123:3230,124:3322,125:3408,126:3532,127:3614,128:3659,129:3771,130:3926,131:3979,132:2945,133:2959,134:3134,135:3202,136:3346,137:3412,138:3505,139:3592,140:3666,141:3814,142:3890,143:3950,144:2898,145:2952,146:3083,147:3190,148:3269,149:3380,150:3463,151:3608,152:3748,153:3802,154:3854,155:3977,156:2919,157:2990,158:3081,159:3210,160:3277,161:3430,162:3542,163:3567,164:3731,165:3834,166:3880,167:3972,168:2902,169:3000,170:3138,171:3244,172:3328,173:3377,174:3512,175:3635,176:3700,177:3788,178:3870,179:4039,180:2873,181:2960,182:3142,183:3166,184:3279,185:3399,186:3492,187:3587,188:3749,189:3839,190:3901,191:3972,192:2941,193:3037,194:3068,195:3162,196:3306,197:3379,198:3511,199:3575,200:3668,201:3804,202:3897,203:3950,204:2864,205:2998,206:3140,207:3155,208:3275,209:3395,210:3494,211:3575,212:3744,213:3835,214:3941,215:3962,216:2915,217:3003,218:3062,219:3219,220:3296,221:3354,222:3463,223:3625,224:3743,225:3761,226:3852,227:4024,228:2862,229:3036,230:3148,231:3225,232:3290,233:3398,234:3491,235:3599,236:3688,237:3825,238:3888,239:4007,240:2922,241:3009,242:3131,243:3205,244:3270,245:3365,246:3459,247:3585,248:3734,249:3818,250:3903,251:3967,252:2920,253:2981,254:3119,255:3228,256:3262,257:3395,258:3494,259:3642,260:3661,261:3766,262:3923,263:3959,264:2920,265:2968,266:3056,267:3165,268:3251,269:3423,270:3533,271:3633,272:3742,273:3785,274:3910,275:4000,276:2874,277:3036,278:3051,279:3227,280:3259,281:3392,282:3523,283:3567,284:3697,285:3822,286:3874,287:3959,288:2893,289:3017,290:3121,291:3172,292:3320,293:3372,294:3469,295:3553,296:3670,297:3836,298:3926,299:4029,300:2936,301:2979,302:3142,303:3249,304:3288,305:3385,306:3457,307:3581,308:3714,309:3791,310:3939,311:4048,312:2882,313:2984,314:3122,315:3173,316:3271,317:3411,318:3469,319:3641,320:3680,321:3779,322:3890,323:4036,324:2920,325:2962,326:3131,327:3205,328:3258,329:3367,330:3493,331:3575,332:3674,333:3804,334:3901,335:3964,336:2899,337:3033,338:3103,339:3228,340:3323,341:3385,342:3463,343:3599,344:3722,345:3796,346:3851,347:3971,348:2910,349:2970,350:3092,351:3170,352:3349,353:3427,354:3464,355:3583,356:3747,357:3769,358:3870,359:3971
0:2929,1:2977,2:3076,3:3230,4:3329,5:3361,6:3508,7:3638,8:3690,9:3824,10:3872,11:3967,12:2900,13:3029,14:3054,15:3213,16:3298,17:3387,18:3468,19:3577,20:3719,21:3781,22:3851,23:3976,24:2874,25:3040,26:3073,27:3212,28:3281,29:3381,30:3512,31:3629,32:3715,33:3805,34:3862,35:4042,36:2879,37:2957,38:3058,39:3199,40:3339,41:3374,42:3493,43:3621,44:3669,45:3817,46:3914,47:3970,48:2887,49:3026,50:3147,51:3203,52:3288,53:3441,54:3509,55:3576,56:3655,57:3836,58:3869,59:3965,60:2860,61:2972,62:3070,63:3231,64:3307,65:3353,66:3478,67:3629,68:3688,69:3790,70:3857,71:3992,72:2949,73:2982,74:3123,75:3239,76:3265,77:3422,78:3489,79:3598,80:3748,81:3779,82:3939,83:3990,84:2887,85:2985,86:3109,87:3185,88:3282,89:3362,90:3485,91:3558,92:3696,93:3842,94:3867,95:4045,96:2894,97:3032,98:3147,99:3236,100:3273,101:3363,102:3524,103:3621,104:3724,105:3765,106:3866,107:3955,108:2896,109:3011,110:3120,111:3168,112:3342,113:3382,114:3535,115:3561,116:3738,117:3784,118:3925,119:4044,120:2889,121:3025,122:3074,123:3192,124:3347,125:3352,126:3529,127:3607,128:3677,129:3765,130:3856,131:4044,132:2863,133:2995,134:3112,135:3246,136:3315,137:3436,138:3499,139:3580,140:3702,141:3823,142:3915,143:3984,144:2911,145:3015,146:3110,147:3158,148:3288,149:3407,150:3548,151:3604,152:3738,153:3834,154:3894,155:4046,156:2901,157:3044,158:3132,159:3207,160:3271,161:3363,162:3533,163:3567,164:3656,165:3800,166:3878,167:3996,168:2934,169:2957,170:3067,171:3209,172:3309,173:3380,174:3496,175:3632,176:3661,177:3827,178:3937,179:4020,180:2909,181:2980,182:3136,183:3249,184:3323,185:3367,186:3508,187:3610,188:3667,189:3767,190:3885,191:4044,192:2872,193:3030,194:3084,195:3232,196:3321,197:3368,198:3543,199:3559,200:3698,201:3755,202:3867,203:4026,204:2919,205:2973,206:3079,207:3179,208:3268,209:3353,210:3501,211:3553,212:3661,213:3846,214:3941,215:4048,216:2899,217:2998,218:3059,219:3183,220:3251,221:3440,222:3545,223:3586,224:3706,225:3803,226:3932,227:4002,228:2899,229:2974,230:3064,231:3232,232:3343,233:3448,234:3452,235:3649,236:3748,237:3808,238:3896,239:4041,240:2856,241:3027,242:3100,243:3222,244:3303,245:3370,246:3485,247:3576,248:3730,249:3812,250:3868,251:4044,252:2880,253:3026,254:3098,255:3175,256:3307,257:3350,258:3489,259:3590,260:3679,261:3808,262:3929,263:4045,264:2926,265:3002,266:3103,267:3156,268:3276,269:3352,270:3463,271:3592,272:3676,273:3814,274:3880,275:3982,276:2945,277:3048,278:3146,279:3198,280:3289,281:3370,282:3525,283:3571,284:3710,285:3785,286:3939,287:4035,288:2855,289:2986,290:3081,291:3155,292:3293,293:3395,294:3498,295:3601,296:3687,297:3847,298:3914,299:3995,300:2870,301:2964,302:3128,303:3228,304:3278,305:3364,306:3530,307:3612,308:3671,309:3810,310:3899,311:4027,312:2885,313:3035,314:3064,315:3230,316:3269,317:3361,318:3498,319:3641,320:3735,321:3781,322:3851,323:4032,324:2913,325:2960,326:3098,327:3174,328:3296,329:3380,330:3507,331:3646,332:3713,333:3759,334:3925,335:3951,336:2949,337:2972,338:3126,339:3241,340:3262,341:3443,342:3463,343:3574,344:3658,345:3768,346:3894,347:4042,348:2911,349:3023,350:3074,351:3246,352:3280,353:3416,354:3541,355:3639,356:3749,357:3794,358:3864,359:3988
0:2905,1:3027,2:3109,3:3231,4:3307,5:3423,6:3478,7:3634,8:3737,9:3790,10:3933,11:4017,12:2943,13:3026,14:3149,15:3157,16:3336,17:3357,18:3514,19:3649,20:3676,21:3751,22:3865,23:3987,24:2905,25:3012,26:3135,27:3228,28:3294,29:3439,30:3460,31:3571,32:3699,33:3752,34:3932,35:4004,36:2930,37:2985,38:3142,39:3156,40:3313,41:3443,42:3500,43:3590,44:3723,45:3758,46:3898,47:4018,48:2887,49:2964,50:3115,51:3176,52:3324,53:3421,54:3513,55:3593,56:3683,57:3794,58:3923,59:3973,60:2901,61:3022,62:3050,63:3223,64:3253,65:3362,66:3529,67:3580,68:3734,69:3817,70:3860,71:4009,72:2887,73:2973,74:3071,75:3210,76:3293,77:3422,78:3483,79:3588,80:3731,81:3823,82:3894,83:3976,84:2948,85:3030,86:3083,87:3218,88:3258,89:3354,90:3487,91:3595,92:3661,93:3796,94:3902,95:4046,96:2942,97:3000,98:3143,99:3171,100:3285,101:3389,102:3517,103:3594,104:3698,105:3840,106:3912,107:3986,108:2872,109:3047,110:3064,111:3150,112:3329,113:3421,114:3506,115:3646,116:3681,117:3790,118:3926,119:4002,120:2887,121:2986,122:3067,123:3182,124:3313,125:3424,126:3507,127:3560,128:3707,129:3761,130:3925,131:3964,132:2945,133:3040,134:3073,135:3227,136:3321,137:3436,138:3481,139:3618,140:3678,141:3841,142:3928,143:4013,144:2918,145:3030,146:3062,147:3204,148:3287,149:3356,150:3500,151:3598,152:3697,153:3753,154:3921,155:3995,156:2851,157:2991,158:3115,159:3217,160:3271,161:3362,162:3513,163:3597,164:3742,165:3758,166:3911,167:4015,168:2888,169:2956,170:3069,171:3191,172:3273,173:3406,174:3480,175:3616,176:3724,177:3769,178:3858,179:3956,180:2865,181:2984,182:3064,183:3207,184:3251,185:3382,186:3495,187:3565,188:3661,189:3757,190:3906,191:3973,192:2949,193:2953,194:3111,195:3154,196:3348,197:3392,198:3471,199:3602,200:3664,201:3782,202:3918,203:4044,204:2895,205:2950,206:3099,207:3160,208:3316,209:3420,210:3529,211:3574,212:3680,213:3778,214:3892,215:3980,216:2942,217:2996,218:3092,219:3184,220:3319,221:3372,222:3459,223:3606,224:3729,225:3783,226:3889,227:3981,228:2883,229:3047,230:3071,231:3154,232:3316,233:3379,234:3516,235:3580,236:3700,237:3775,238:3908,239:4017,240:2852,241:3048,242:3136,243:3164,244:3307,245:3420,246:3527,247:3567,248:3735,249:3817,250:3920,251:3986,252:2930,253:3003,254:3120,255:3182,256:3290,257:3359,258:3455,259:3623,260:3727,261:3752,262:3928,263:3966,264:2893,265:3049,266:3067,267:3222,268:3303,269:3449,270:3486,271:3630,272:3679,273:3754,274:3929,275:3986,276:2872,277:2952,278:3146,279:3152,280:3336,281:3380,282:3496,283:3648,284:3684,285:3818,286:3882,287:3974,288:2945,289:2959,290:3069,291:3243,292:3315,293:3359,294:3526,295:3581,296:3708,297:3768,298:3897,299:4007,300:2947,301:2973,302:3103,303:3210,304:3323,305:3434,306:3478,307:3563,308:3701,309:3776,310:3863,311:3983,312:2884,313:2950,314:3069,315:3210,316:3281,317:3388,318:3466,319:3551,320:3722,321:3814,322:3912,323:3972,324:2878,325:3048,326:3080,327:3239,328:3347,329:3411,330:3547,331:3591,332:3747,333:3842,334:3872,335:4026,336:2879,337:3043,338:3097,339:3213,340:3301,341:3446,342:3455,343:3616,344:3748,345:3780,346:3880,347:4016,348:2863,349:2982,350:3068,351:3230,352:3302,353:3439,354:3471,355:3625,356:3714,357:3784,358:3868,359:4040
0:2937,1:3038,2:3119,3:3169,4:3291,5:3388,6:3465,7:3617,8:3700,9:3849,10:3851,11:4018,12:2861,13:2976,14:3086,15:3163,16:3286,17:3419,18:3518,19:3609,20:3714,21:3831,22:3861,23:4031,24:2911,25:3016,26:3064,27:3216,28:3281,29:3415,30:3480,31:3639,32:3662,33:3813,34:3912,35:4009,36:2902,37:2962,38:3147,39:3164,40:3303,41:3433,42:3514,43:3603,44:3695,45:3800,46:3874,47:3991,48:2916,49:2980,50:3075,51:3195,52:3264,53:3362,54:3523,55:3635,56:3746,57:3792,58:3896,59:4041,60:2946,61:3048,62:3084,63:3221,64:3331,65:3352,66:3525,67:3569,68:3660,69:3813,70:3869,71:3954,72:2938,73:3015,74:3067,75:3159,76:3255,77:3422,78:3458,79:3600,80:3711,81:3769,82:3878,83:3970,84:2931,85:3006,86:3142,87:3240,88:3299,89:3356,90:3451,91:3598,92:3657,93:3846,94:3892,95:4029,96:2946,97:2955,98:3134,99:3193,100:3285,101:3416,102:3539,103:3636,104:3746,105:3776,106:3949,107:4001,108:2888,109:3042,110:3126,111:3222,112:3325,113:3382,114:3490,115:3593,116:3707,117:3755,118:3884,119:4035,120:2907,121:3045,122:3061,123:3200,124:3349,125:3371,126:3484,127:3597,128:3650,129:3750,130:3915,131:3952,132:2904,133:2981,134:3074,135:3169,136:3284,137:3379,138:3534,139:3639,140:3724,141:3811,142:3858,143:4048,144:2906,145:2961,146:3057,147:3192,148:3339,149:3434,150:3531,151:3640,152:3687,153:3842,154:3890,155:4016,156:2878,157:3041,158:3104,159:3150,160:3263,161:3442,162:3545,163:3618,164:3660,165:3786,166:3944,167:3994,168:2931,169:3045,170:3142,171:3199,172:3348,173:3445,174:3486,175:3601,176:3735,177:3847,178:3920,179:3984,180:2879,181:2952,182:3095,183:3203,184:3339,185:3401,186:3523,187:3590,188:3650,189:3750,190:3929,191:3979,192:2883,193:3001,194:3095,195:3164,196:3279,197:3394,198:3512,199:3639,200:3707,201:3792,202:3876,203:3961,204:2932,205:2966,206:3064,207:3177,208:3271,209:3408,210:3518,211:3641,212:3681,213:3756,214:3869,215:3990,216:2885,217:2950,218:3064,219:3185,220:3313,221:3444,222:3507,223:3598,224:3749,225:3793,226:3905,227:3971,228:2900,229:3011,230:3132,231:3239,232:3326,233:3379,234:3539,235:3559,236:3662,237:3792,238:3859,239:3989,240:2862,241:2973,242:3112,243:3188,244:3260,245:3449,246:3473,247:3563,248:3659,249:3802,250:3872,251:3955,252:2944,253:2963,254:3055,255:3231,256:3293,257:3385,258:3547,259:3559,260:3742,261:3814,262:3851,263:4034,264:2850,265:3045,266:3135,267:3156,268:3348,269:3412,270:3545,271:3586,272:3712,273:3789,274:3875,275:3998,276:2876,277:2990,278:3066,279:3159,280:3299,281:3395,282:3547,283:3631,284:3743,285:3754,286:3949,287:4005,288:2944,289:3049,290:3123,291:3169,292:3274,293:3354,294:3509,295:3589,296:3704,297:3835,298:3864,299:3983,300:2946,301:3022,302:3121,303:3210,304:3274,305:3378,306:3515,307:3577,308:3650,309:3788,310:3913,311:3964,312:2927,313:2990,314:3070,315:3235,316:3324,317:3414,318:3482,319:3611,320:3725,321:3818,322:3860,323:3995,324:2923,325:2984,326:3111,327:3230,328:3349,329:3399,330:3540,331:3598,332:3701,333:3767,334:3851,335:3984,336:2852,337:3033,338:3079,339:3229,340:3267,341:3396,342:3514,343:3613,344:3736,345:3767,346:3910,347:4002,348:2868,349:3045,350:3098,351:3193,352:3330,353:3400,354:3538,355:3641,356:3657,357:3784,358:3919,359:3972
0:2894,1:3017,2:3093,3:3227,4:3303,5:3357,6:3540,7:3557,8:3696,9:3817,10:3942,11:4038,12:2906,13:3019,14:3110,15:3210,16:3311,17:3428,18:3457,19:3649,20:3709,21:3771,22:3866,23:4043,24:2944,25:2977,26:3125,27:3168,28:3295,29:3389,30:3511,31:3560,32:3658,33:3817,34:3897,35:4022,36:2876,37:3042,38:3132,39:3177,40:3277,41:3383,42:3498,43:3606,44:3725,45:3764,46:3898,47:4011,48:2878,49:3037,50:3127,51:3188,52:3279,53:3395,54:3531,55:3567,56:3719,57:3839,58:3947,59:4016,60:2939,61:2954,62:3055,63:3231,64:3316,65:3369,66:3503,67:3587,68:3654,69:3783,70:3853,71:4018,72:2862,73:2975,74:3087,75:3210,76:3269,77:3350,78:3462,79:3594,80:3723,81:3847,82:3926,83:3966,84:2892,85:3041,86:3103,87:3151,88:3349,89:3421,90:3468,91:3575,92:3670,93:3774,94:3937,95:3988,96:2850,97:2998,98:3127,99:3205,100:3273,101:3375,102:3481,103:3606,104:3687,105:3763,106:3907,107:4047,108:2904,109:2992,110:3101,111:3204,112:3344,113:3375,114:3499,115:3567,116:3739,117:3824,118:3875,119:3990,120:2896,121:3027,122:3098,123:3221,124:3251,125:3371,126:3540,127:3552,128:3700,129:3834,130:3860,131:4010,132:2929,133:2969,134:3138,135:3213,136:3256,137:3433,138:3540,139:3610,140:3713,141:3784,142:3853,143:4035,144:2860,145:2999,146:3069,147:3241,148:3339,149:3429,150:3467,151:3641,152:3709,153:3754,154:3920,155:3984,156:2937,157:3033,158:3055,159:3210,160:3277,161:3426,162:3455,163:3577,164:3685,165:3752,166:3942,167:3996,168:2941,169:3037,170:3077,171:3193,172:3317,173:3444,174:3457,175:3630,176:3656,177:3824,178:3937,179:4036,180:2857,181:3012,182:3135,183:3179,184:3291,185:3364,186:3489,187:3649,188:3730,189:3767,190:3879,191:3988,192:2920,193:2969,194:3133,195:3184,196:3274,197:3434,198:3538,199:3596,200:3712,201:3789,202:3879,203:4033,204:2948,205:2958,206:3126,207:3248,208:3264,209:3376,210:3464,211:3574,212:3738,213:3759,214:3866,215:4048,216:2949,217:2984,218:3062,219:3204,220:3323,221:3357,222:3549,223:3564,224:3721,225:3827,226:3935,227:4011,228:2936,229:3016,230:3117,231:3155,232:3331,233:3429,234:3513,235:3604,236:3747,237:3801,238:3908,239:3979,240:2887,241:2963,242:3112,243:3227,244:3295,245:3356,246:3500,247:3586,248:3729,249:3817,250:3930,251:4040,252:2924,253:2988,254:3135,255:3161,256:3271,257:3415,258:3485,259:3617,260:3654,261:3844,262:3860,263:4021,264:2949,265:2998,266:3102,267:3242,268:3296,269:3373,270:3470,271:3570,272:3737,273:3771,274:3919,275:4034,276:2880,277:2962,278:3110,279:3171,280:3267,281:3442,282:3509,283:3604,284:3663,285:3801,286:3872,287:3985,288:2907,289:3034,290:3064,291:3238,292:3321,293:3429,294:3494,295:3564,296:3683,297:3766,298:3862,299:3973,300:2946,301:2997,302:3072,303:3217,304:3267,305:3390,306:3461,307:3550,308:3699,309:3804,310:3897,311:3985,312:2900,313:3046,314:3123,315:3237,316:3337,317:3394,318:3500,319:3603,320:3669,321:3811,322:3865,323:4045,324:2890,325:3035,326:3081,327:3216,328:3313,329:3400,330:3500,331:3605,332:3654,333:3767,334:3907,335:3988,336:2947,337:2954,338:3132,339:3217,340:3255,341:3383,342:3497,343:3554,344:3722,345:3759,346:3939,347:4026,348:2924,349:3015,350:3071,351:3176,352:3318,353:3372,354:3474,355:3594,356:3729,357:3830,358:3864,359:3963
0:2912,1:3047,2:3130,3:3228,4:3343,5:3418,6:3516,7:3556,8:3657,9:3808,10:3937,11:4034,12:2896,13:3018,14:3147,15:3216,16:3306,17:3393,18:3514,19:3640,20:3655,21:3808,22:3850,23:3964,24:2872,25:3023,26:3071,27:3156,28:3282,29:3438,30:3542,31:3596,32:3704,33:3814,34:3890,35:4003,36:2930,37:3035,38:3078,39:3198,40:3296,41:3430,42:3535,43:3562,44:3661,45:3814,46:3915,47:4015,48:2903,49:3019,50:3104,51:3175,52:3312,53:3415,54:3512,55:3608,56:3744,57:3773,58:3944,59:3974,60:2906,61:2962,62:3137,63:3233,64:3296,65:3392,66:3450,67:3600,68:3715,69:3766,70:3899,71:3970,72:2916,73:2981,74:3091,75:3199,76:3312,77:3432,78:3468,79:3604,80:3675,81:3841,82:3924,83:3960,84:2909,85:3036,86:3101,87:3226,88:3323,89:3376,90:3485,91:3599,92:3659,93:3793,94:3926,95:4029,96:2908,97:3029,98:3124,99:3196,100:3314,101:3432,102:3460,103:3566,104:3684,105:3821,106:3855,107:4037,108:2872,109:2990,110:3104,111:3155,112:3309,113:3434,114:3463,115:3635,116:3708,117:3763,118:3864,119:3993,120:2908,121:2952,122:3060,123:3242,124:3335,125:3411,126:3480,127:3578,128:3713,129:3806,130:3937,131:4040,132:2866,133:2999,134:3103,135:3173,136:3335,137:3437,138:3506,139:3580,140:3708,141:3807,142:3886,143:4035,144:2906,145:2993,146:3114,147:3173,148:3336,149:3399,150:3483,151:3588,152:3726,153:3782,154:3904,155:4034,156:2858,157:3020,158:3088,159:3209,160:3314,161:3434,162:3521,163:3626,164:3679,165:3797,166:3913,167:3962,168:2872,169:2955,170:3093,171:3152,172:3264,173:3411,174:3474,175:3572,176:3666,177:3810,178:3861,179:4007,180:2907,181:3036,182:3122,183:3206,184:3293,185:3365,186:3507,187:3635,188:3741,189:3808,190:3890,191:3976,192:2912,193:3002,194:3099,195:3236,196:3259,197:3415,198:3488,199:3629,200:3667,201:3814,202:3909,203:3989,204:2925,205:3026,206:3080,207:3191,208:3265,209:3394,210:3506,211:3552,212:3708,213:3786,214:3859,215:3980,216:2879,217:2954,218:3050,219:3198,220:3347,221:3353,222:3545,223:3578,224:3709,225:3795,226:3866,227:4029,228:2939,229:2961,230:3083,231:3159,232:3332,233:3434,234:3548,235:3624,236:3675,237:3757,238:3870,239:4049,240:2910,241:3046,242:3115,243:3229,244:3344,245:3403,246:3452,247:3579,248:3686,249:3834,250:3910,251:4039,252:2865,253:2964,254:3116,255:3167,256:3283,257:3409,258:3542,259:3567,260:3683,261:3790,262:3912,263:4006,264:2881,265:2956,266:3120,267:3162,268:3300,269:3367,270:3474,271:3555,272:3674,273:3813,274:3886,275:4020,276:2919,277:3013,278:3128,279:3204,280:3252,281:3426,282:3513,283:3635,284:3741,285:3790,286:3920,287:3993,288:2931,289:3009,290:3091,291:3191,292:3331,293:3415,294:3545,295:3605,296:3682,297:3751,298:3912,299:3992,300:2916,301:3017,302:3064,303:3219,304:3323,305:3437,306:3517,307:3633,308:3650,309:3762,310:3861,311:4028,312:2918,313:2968,314:3118,315:3232,316:3312,317:3403,318:3542,319:3627,320:3712,321:3832,322:3947,323:3950,324:2900,325:2957,326:3051,327:3216,328:3330,329:3438,330:3477,331:3597,332:3650,333:3829,334:3887,335:3960,336:2872,337:2980,338:3130,339:3159,340:3337,341:3447,342:3479,343:3618,344:3664,345:3820,346:3905,347:4010,348:2891,349:3048,350:3095,351:3150,352:3337,353:3394,354:3541,355:3613,356:3670,357:3781,358:3912,359:3951
0:2934,1:3032,2:3085,3:3207,4:3280,5:3383,6:3459,7:3635,8:3680,9:3787,10:3853,11:3993,12:2879,13:3015,14:3140,15:3161,16:3310,17:3402,18:3502,19:3601,20:3687,21:3812,22:3906,23:4011,24:2923,25:3041,26:3086,27:3157,28:3322,29:3423,30:3510,31:3592,32:3732,33:3801,34:3921,35:3952,36:2893,37:3019,38:3091,39:3176,40:3310,41:3393,42:3483,43:3648,44:3693,45:3798,46:3896,47:3973,48:2893,49:2979,50:3101,51:3202,52:3329,53:3429,54:3477,55:3576,56:3741,57:3840,58:3923,59:3981,60:2889,61:3015,62:3135,63:3226,64:3311,65:3350,66:3546,67:3647,68:3682,69:3769,70:3942,71:3987,72:2858,73:2985,74:3116,75:3245,76:3292,77:3411,78:3489,79:3571,80:3651,81:3817,82:3934,83:4002,84:2859,85:2977,86:3103,87:3169,88:3293,89:3406,90:3513,91:3608,92:3657,93:3768,94:3852,95:4001,96:2895,97:2979,98:3137,99:3242,100:3277,101:3396,102:3470,103:3615,104:3698,105:3796,106:3915,107:4030,108:2864,109:2970,110:3089,111:3154,112:3344,113:3384,114:3508,115:3612,116:3668,117:3803,118:3948,119:3996,120:2876,121:3011,122:3141,123:3180,124:3305,125:3401,126:3463,127:3638,128:3745,129:3819,130:3889,131:4037,132:2941,133:3015,134:3069,135:3234,136:3250,137:3435,138:3517,139:3609,140:3735,141:3779,142:3910,143:4004,144:2888,145:3036,146:3053,147:3241,148:3318,149:3385,150:3468,151:3618,152:3682,153:3822,154:3899,155:4038,156:2890,157:3035,158:3068,159:3160,160:3323,161:3442,162:3545,163:3632,164:3673,165:3849,166:3935,167:4013,168:2857,169:2988,170:3068,171:3168,172:3308,173:3411,174:3461,175:3568,176:3727,177:3788,178:3866,179:3955,180:2882,181:2992,182:3134,183:3179,184:3317,185:3383,186:3521,187:3624,188:3676,189:3783,190:3940,191:3987,192:2943,193:2955,194:3067,195:3162,196:3334,197:3413,198:3454,199:3619,200:3659,201:3825,202:3902,203:4007,204:2858,205:2983,206:3113,207:3206,208:3274,209:3399,210:3540,211:3571,212:3696,213:3812,214:3883,215:4005,216:2888,217:2960,218:3146,219:3193,220:3328,221:3404,222:3500,223:3621,224:3664,225:3786,226:3916,227:3962,228:2886,229:3015,230:3076,231:3245,232:3268,233:3443,234:3538,235:3594,236:3651,237:3846,238:3899,239:4015,240:2936,241:2969,242:3123,243:3193,244:3320,245:3411,246:3524,247:3617,248:3696,249:3752,250:3865,251:4036,252:2930,253:3030,254:3126,255:3151,256:3254,257:3443,258:3528,259:3553,260:3665,261:3800,262:3923,263:4018,264:2862,265:3045,266:3086,267:3201,268:3265,269:3443,270:3543,271:3601,272:3734,273:3783,274:3863,275:4009,276:2894,277:3007,278:3117,279:3229,280:3302,281:3448,282:3488,283:3616,284:3664,285:3843,286:3876,287:4031,288:2928,289:3032,290:3052,291:3221,292:3256,293:3429,294:3491,295:3558,296:3657,297:3803,298:3947,299:3982,300:2861,301:2987,302:3056,303:3195,304:3279,305:3435,306:3499,307:3630,308:3650,309:3804,310:3865,311:4017,312:2922,313:2998,314:3144,315:3183,316:3279,317:3381,318:3474,319:3626,320:3709,321:3828,322:3916,323:4009,324:2903,325:3004,326:3072,327:3169,328:3305,329:3440,330:3469,331:3596,332:3681,333:3837,334:3933,335:4037,336:2922,337:3040,338:3062,339:3166,340:3288,341:3355,342:3508,343:3566,344:3731,345:3762,346:3908,347:4000,348:2878,349:2997,350:3137,351:3246,352:3306,353:3374,354:3522,355:3636,356:3708,357:3771,358:3909,359:4012
0:2919,1:2955,2:3073,3:3175,4:3334,5:3372,6:3524,7:3566,8:3747,9:3805,10:3873,11:4033,12:2921,13:3035,14:3058,15:3217,16:3253,17:3358,18:3450,19:3559,20:3697,21:3841,22:3870,23:4014,24:2948,25:3041,26:3095,27:3214,28:3258,29:3385,30:3493,31:3562,32:3671,33:3808,34:3864,35:4038,36:2879,37:2960,38:3100,39:3152,40:3253,41:3414,42:3507,43:3594,44:3664,45:3836,46:3907,47:4012,48:2886,49:3015,50:3075,51:3185,52:3260,53:3389,54:3476,55:3558,56:3654,57:3779,58:3852,59:3987,60:2864,61:2996,62:3109,63:3183,64:3320,65:3388,66:3527,67:3550,68:3728,69:3806,70:3871,71:3981,72:2873,73:2953,74:3142,75:3243,76:3265,77:3415,78:3532,79:3619,80:3694,81:3797,82:3883,83:3982,84:2864,85:3020,86:3050,87:3238,88:3315,89:3358,90:3472,91:3564,92:3665,93:3806,94:3914,95:4037,96:2940,97:3042,98:3071,99:3184,100:3316,101:3382,102:3539,103:3560,104:3739,105:3840,106:3896,107:3990,108:2885,109:3003,110:3133,111:3215,112:3316,113:3395,114:3494,115:3562,116:3661,117:3761,118:3916,119:3994,120:2926,121:3012,122:3069,123:3243,124:3276,125:3352,126:3548,127:3647,128:3696,129:3840,130:3917,131:4021,132:2946,133:3003,134:3102,135:3164,136:3335,137:3371,138:3549,139:3556,140:3679,141:3797,142:3891,143:4009,144:2861,145:3030,146:3085,147:3182,148:3285,149:3433,150:3517,151:3649,152:3666,153:3788,154:3904,155:4026,156:2854,157:2996,158:3067,159:3174,160:3348,161:3414,162:3491,163:3618,164:3675,165:3795,166:3894,167:3953,168:2948,169:2975,170:3119,171:3193,172:3296,173:3447,174:3454,175:3590,176:3737,177:3811,178:3900,179:3978,180:2901,181:3046,182:3072,183:3192,184:3340,185:3352,186:3516,187:3598,188:3747,189:3771,190:3860,191:4034,192:2873,193:3045,194:3146,195:3156,196:3334,197:3405,198:3518,199:3634,200:3732,201:3786,202:3943,203:3957,204:2880,205:3017,206:3120,207:3153,208:3328,209:3390,210:3468,211:3615,212:3656,213:3818,214:3887,215:4026,216:2924,217:3002,218:3127,219:3205,220:3292,221:3358,222:3504,223:3639,224:3656,225:3803,226:3907,227:3957,228:2867,229:3005,230:3127,231:3241,232:3319,233:3436,234:3525,235:3606,236:3684,237:3818,238:3908,239:4025,240:2886,241:2966,242:3133,243:3205,244:3341,245:3441,246:3543,247:3596,248:3671,249:3799,250:3907,251:4000,252:2914,253:3029,254:3094,255:3227,256:3332,257:3444,258:3525,259:3639,260:3739,261:3835,262:3943,263:3976,264:2919,265:2964,266:3118,267:3218,268:3303,269:3367,270:3465,271:3576,272:3730,273:3782,274:3900,275:4045,276:2947,277:3036,278:3100,279:3167,280:3266,281:3432,282:3523,283:3569,284:3749,285:3841,286:3942,287:3950,288:2937,289:2965,290:3074,291:3202,292:3251,293:3397,294:3485,295:3589,296:3661,297:3834,298:3909,299:4041,300:2853,301:2998,302:3124,303:3239,304:3278,305:3415,306:3478,307:3621,308:3742,309:3803,310:3900,311:4007,312:2927,313:3010,314:3074,315:3182,316:3262,317:3396,318:3468,319:3630,320:3719,321:3827,322:3902,323:4032,324:2941,325:3046,326:3115,327:3246,328:3302,329:3365,330:3498,331:3606,332:3662,333:3809,334:3923,335:4042,336:2879,337:3033,338:3056,339:3248,340:3334,341:3442,342:3517,343:3561,344:3704,345:3842,346:3855,347:3976,348:2920,349:2988,350:3081,351:3165,352:3325,353:3433,354:3451,355:3576,356:3656,357:3771,358:3932,359:3951
0:2886,1:2994,2:3133,3:3189,4:3288,5:3442,6:3523,7:3597,8:3734,9:3789,10:3922,11:4025,12:2922,13:3034,14:3071,15:3231,16:3288,17:3375,18:3543,19:3631,20:3697,21:3784,22:3872,23:4034,24:2857,25:3007,26:3084,27:3234,28:3342,29:3396,30:3504,31:3597,32:3739,33:3774,34:3926,35:4020,36:2852,37:2954,38:3060,39:3184,40:3291,41:3404,42:3506,43:3624,44:3731,45:3833,46:3875,47:4044,48:2883,49:3046,50:3142,51:3175,52:3306,53:3442,54:3482,55:3603,56:3704,57:3832,58:3895,59:3990,60:2919,61:3008,62:3059,63:3169,64:3263,65:3434,66:3462,67:3583,68:3684,69:3797,70:3861,71:3976,72:2911,73:2962,74:3074,75:3245,76:3329,77:3389,78:3478,79:3615,80:3709,81:3753,82:3914,83:3974,84:2922,85:2950,86:3059,87:3153,88:3264,89:3416,90:3519,91:3557,92:3666,93:3810,94:3900,95:3968,96:2888,97:2994,98:3075,99:3237,100:3339,101:3447,102:3474,103:3618,104:3689,105:3833,106:3864,107:4001,108:2874,109:3034,110:3125,111:3151,112:3302,113:3423,114:3492,115:3579,116:3691,117:3792,118:3883,119:3993,120:2879,121:2977,122:3064,123:3190,124:3348,125:3373,126:3515,127:3583,128:3673,129:3764,130:3931,131:4013,132:2867,133:2972,134:3067,135:3156,136:3287,137:3417,138:3464,139:3636,140:3727,141:3791,142:3892,143:3957,144:2918,145:3045,146:3115,147:3231,148:3328,149:3362,150:3538,151:3579,152:3664,153:3780,154:3906,155:4007,156:2930,157:2991,158:3120,159:3215,160:3326,161:3419,162:3504,163:3601,164:3691,165:3781,166:3932,167:3974,168:2917,169:3046,170:3050,171:3152,172:3319,173:3386,174:3479,175:3557,176:3704,177:3812,178:3937,179:4011,180:2924,181:3048,182:3086,183:3223,184:3291,185:3392,186:3491,187:3641,188:3650,189:3808,190:3863,191:3994,192:2871,193:2981,194:3126,195:3182,196:3250,197:3365,198:3481,199:3615,200:3729,201:3845,202:3938,203:4039,204:2880,205:3044,206:3080,207:3199,208:3267,209:3379,210:3504,211:3617,212:3739,213:3833,214:3885,215:4028,216:2886,217:3026,218:3115,219:3209,220:3348,221:3406,222:3489,223:3642,224:3663,225:3768,226:3893,227:3988,228:2903,229:2992,230:3055,231:3184,232:3317,233:3440,234:3518,235:3618,236:3660,237:3824,238:3930,239:3973,240:2900,241:2972,242:3086,243:3205,244:3253,245:3363,246:3540,247:3566,248:3673,249:3822,250:3858,251:3961,252:2897,253:2965,254:3145,255:3209,256:3270,257:3395,258:3500,259:3637,260:3691,261:3764,262:3852,263:3964,264:2916,265:2952,266:3096,267:3225,268:3289,269:3437,270:3549,271:3623,272:3685,273:3786,274:3870,275:4039,276:2869,277:2970,278:3087,279:3224,280:3296,281:3389,282:3480,283:3560,284:3732,285:3751,286:3922,287:3999,288:2862,289:3019,290:3115,291:3225,292:3276,293:3378,294:3484,295:3643,296:3694,297:3809,298:3912,299:4039,300:2911,301:3021,302:3132,303:3243,304:3290,305:3359,306:3549,307:3640,308:3694,309:3820,310:3928,311:4047,312:2934,313:3005,314:3052,315:3157,316:3284,317:3369,318:3486,319:3564,320:3737,321:3771,322:3858,323:3963,324:2914,325:3015,326:3074,327:3216,328:3283,329:3449,330:3484,331:3555,332:3735,333:3849,334:3923,335:4038,336:2853,337:3020,338:3060,339:3221,340:3250,341:3409,342:3506,343:3585,344:3654,345:3822,346:3856,347:3960,348:2946,349:3035,350:3079,351:3229,352:3343,353:3369,354:3485,355:3636,356:3661,357:3769,358:3888,359:3988
0:2913,1:2986,2:3121,3:3215,4:3337,5:3386,6:3452,7:3576,8:3692,9:3772,10:3859,11:4019,12:2880,13:3044,14:3114,15:3247,16:3318,17:3417,18:3475,19:3641,20:3663,21:3828,22:3888,23:4041,24:2858,25:2954,26:3131,27:3211,28:3327,29:3440,30:3511,31:3610,32:3659,33:3786,34:3886,35:3993,36:2862,37:2989,38:3096,39:3193,40:3279,41:3428,42:3515,43:3639,44:3718,45:3842,46:3924,47:4000,48:2907,49:2999,50:3056,51:3159,52:3280,53:3424,54:3499,55:3558,56:3720,57:3849,58:3881,59:3996,60:2915,61:2999,62:3080,63:3238,64:3314,65:3363,66:3531,67:3648,68:3658,69:3752,70:3901,71:3965,72:2887,73:3014,74:3138,75:3151,76:3319,77:3388,78:3470,79:3578,80:3712,81:3776,82:3858,83:4039,84:2889,85:3037,86:3068,87:3152,88:3252,89:3435,90:3511,91:3603,92:3705,93:3760,94:3916,95:4020,96:2862,97:2991,98:3082,99:3175,100:3265,101:3435,102:3455,103:3609,104:3700,105:3815,106:3947,107:3977,108:2888,109:2999,110:3122,111:3184,112:3304,113:3411,114:3469,115:3645,116:3747,117:3774,118:3892,119:3950,120:2875,121:3007,122:3051,123:3218,124:3302,125:3357,126:3549,127:3624,128:3749,129:3752,130:3898,131:4040,132:2870,133:3031,134:3145,135:3196,136:3305,137:3375,138:3498,139:3599,140:3726,141:3780,142:3876,143:3982,144:2911,145:3029,146:3052,147:3196,148:3266,149:3357,150:3519,151:3575,152:3714,153:3843,154:3864,155:3968,156:2915,157:3013,158:3055,159:3178,160:3340,161:3411,162:3535,163:3593,164:3726,165:3840,166:3890,167:4027,168:2906,169:2961,170:3057,171:3154,172:3331,173:3397,174:3451,175:3620,176:3719,177:3801,178:3894,179:3991,180:2857,181:3011,182:3138,183:3165,184:3265,185:3406,186:3477,187:3576,188:3723,189:3840,190:3915,191:3950,192:2850,193:2961,194:3107,195:3240,196:3339,197:3428,198:3492,199:3586,200:3735,201:3829,202:3909,203:4022,204:2888,205:3002,206:3073,207:3243,208:3325,209:3430,210:3466,211:3588,212:3715,213:3753,214:3863,215:3959,216:2941,217:3005,218:3126,219:3236,220:3282,221:3433,222:3549,223:3638,224:3669,225:3811,226:3927,227:3964,228:2892,229:3041,230:3084,231:3203,232:3325,233:3410,234:3476,235:3595,236:3740,237:3803,238:3892,239:3950,240:2880,241:3034,242:3059,243:3165,244:3319,245:3394,246:3535,247:3570,248:3667,249:3772,250:3935,251:4007,252:2910,253:2999,254:3127,255:3230,256:3330,257:3414,258:3502,259:3577,260:3721,261:3812,262:3931,263:3995,264:2913,265:2965,266:3065,267:3240,268:3341,269:3371,270:3455,271:3597,272:3733,273:3803,274:3916,275:4038,276:2898,277:2950,278:3092,279:3223,280:3310,281:3404,282:3509,283:3637,284:3729,285:3770,286:3855,287:3976,288:2911,289:2950,290:3074,291:3194,292:3341,293:3402,294:3460,295:3647,296:3659,297:3773,298:3859,299:4028,300:2863,301:2991,302:3115,303:3174,304:3345,305:3442,306:3475,307:3565,308:3746,309:3766,310:3928,311:3977,312:2859,313:2976,314:3058,315:3206,316:3313,317:3374,318:3455,319:3578,320:3721,321:3837,322:3872,323:3960,324:2900,325:2976,326:3129,327:3194,328:3332,329:3405,330:3549,331:3587,332:3651,333:3803,334:3868,335:4001,336:2898,337:2980,338:3100,339:3171,340:3280,341:3428,342:3452,343:3571,344:3655,345:3754,346:3936,347:4003,348:2883,349:3046,350:3076,351:3178,352:3324,353:3391,354:3517,355:3579,356:3715,357:3781,358:3923,359:4003
0:2850,1:2996,2:3076,3:3248,4:3348,5:3433,6:3505,7:3555,8:3734,9:3766,10:3880,11:3996,12:2887,13:2985,14:3076,15:3202,16:3267,17:3374,18:3476,19:3558,20:3657,21:3783,22:3911,23:4030,24:2908,25:3000,26:3102,27:3188,28:3255,29:3358,30:3538,31:3605,32:3698,33:3794,34:3901,35:4019,36:2920,37:2967,38:3095,39:3168,40:3344,41:3411,42:3522,43:3567,44:3696,45:3832,46:3932,47:4003,48:2945,49:2951,50:3117,51:3231,52:3331,53:3367,54:3492,55:3555,56:3686,57:3795,58:3915,59:4028,60:2944,61:2979,62:3120,63:3242,64:3304,65:3427,66:3549,67:3632,68:3693,69:3827,70:3880,71:3993,72:2931,73:2960,74:3059,75:3182,76:3342,77:3444,78:3453,79:3599,80:3727,81:3831,82:3853,83:3975,84:2869,85:2969,86:3051,87:3240,88:3308,89:3392,90:3521,91:3563,92:3728,93:3811,94:3889,95:3960,96:2945,97:3040,98:3147,99:3225,100:3315,101:3365,102:3549,103:3566,104:3696,105:3753,106:3902,107:3958,108:2942,109:3044,110:3141,111:3216,112:3306,113:3432,114:3476,115:3582,116:3737,117:3766,118:3861,119:4041,120:2928,121:3007,122:3055,123:3223,124:3291,125:3403,126:3546,127:3614,128:3715,129:3834,130:3851,131:4024,132:2884,133:3022,134:3111,135:3233,136:3304,137:3398,138:3537,139:3566,140:3692,141:3780,142:3886,143:4023,144:2886,145:3038,146:3118,147:3201,148:3331,149:3353,150:3473,151:3627,152:3733,153:3762,154:3878,155:4014,156:2900,157:2992,158:3084,159:3170,160:3319,161:3402,162:3483,163:3638,164:3724,165:3843,166:3896,167:3990,168:2875,169:2981,170:3117,171:3158,172:3329,173:3366,174:3452,175:3602,176:3717,177:3813,178:3859,179:3955,180:2908,181:3049,182:3053,183:3205,184:3290,185:3402,186:3542,187:3564,188:3668,189:3832,190:3888,191:4009,192:2850,193:3047,194:3065,195:3165,196:3304,197:3357,198:3454,199:3578,200:3657,201:3830,202:3884,203:3977,204:2855,205:2999,206:3138,207:3246,208:3286,209:3410,210:3528,211:3581,212:3667,213:3809,214:3907,215:3994,216:2914,217:2978,218:3078,219:3209,220:3329,221:3428,222:3541,223:3623,224:3677,225:3808,226:3867,227:3960,228:2856,229:3041,230:3117,231:3230,232:3257,233:3350,234:3516,235:3645,236:3720,237:3803,238:3892,239:3997,240:2922,241:3009,242:3130,243:3218,244:3252,245:3371,246:3482,247:3620,248:3734,249:3781,250:3887,251:3988,252:2903,253:2961,254:3059,255:3151,256:3294,257:3415,258:3454,259:3578,260:3709,261:3838,262:3947,263:4036,264:2912,265:3045,266:3121,267:3195,268:3291,269:3449,270:3543,271:3626,272:3731,273:3761,274:3882,275:4047,276:2929,277:2956,278:3113,279:3196,280:3261,281:3415,282:3525,283:3629,284:3702,285:3795,286:3883,287:4034,288:2930,289:3020,290:3091,291:3176,292:3286,293:3355,294:3489,295:3631,296:3656,297:3752,298:3936,299:4029,300:2924,301:2983,302:3093,303:3189,304:3259,305:3363,306:3463,307:3615,308:3699,309:3787,310:3937,311:4002,312:2918,313:3023,314:3080,315:3190,316:3279,317:3426,318:3489,319:3647,320:3725,321:3808,322:3871,323:4026,324:2933,325:3029,326:3076,327:3166,328:3330,329:3379,330:3451,331:3556,332:3740,333:3827,334:3949,335:4000,336:2875,337:2970,338:3124,339:3244,340:3254,341:3410,342:3477,343:3561,344:3721,345:3831,346:3927,347:4018,348:2869,349:2965,350:3084,351:3232,352:3308,353:3362,354:3516,355:3647,356:3705,357:3777,358:3853,359:4035
0:2858,1:2993,2:3118,3:3172,4:3266,5:3363,6:3494,7:3568,8:3707,9:3794,10:3912,11:4017,12:2908,13:3044,14:3067,15:3153,16:3318,17:3413,18:3508,19:3641,20:3672,21:3776,22:3903,23:3980,24:2908,25:3028,26:3133,27:3160,28:3307,29:3408,30:3497,31:3605,32:3747,33:3830,34:3922,35:3960,36:2945,37:2980,38:3137,39:3215,40:3301,41:3352,42:3527,43:3606,44:3707,45:3802,46:3875,47:3986,48:2875,49:3030,50:3146,51:3168,52:3319,53:3402,54:3521,55:3584,56:3714,57:3786,58:3914,59:3961,60:2927,61:2958,62:3108,63:3232,64:3337,65:3388,66:3454,67:3614,68:3655,69:3784,70:3889,71:3982,72:2905,73:3035,74:3139,75:3222,76:3303,77:3421,78:3549,79:3634,80:3726,81:3786,82:3886,83:4030,84:2921,85:3017,86:3083,87:3157,88:3329,89:3364,90:3514,91:3555,92:3673,93:3811,94:3903,95:4025,96:2885,97:3006,98:3102,99:3173,100:3345,101:3368,102:3481,103:3569,104:3722,105:3794,106:3938,107:4004,108:2895,109:2953,110:3109,111:3184,112:3322,113:3372,114:3546,115:3572,116:3693,117:3769,118:3866,119:4011,120:2899,121:2998,122:3096,123:3226,124:3316,125:3386,126:3485,127:3600,128:3741,129:3815,130:3895,131:4025,132:2918,133:3049,134:3132,135:3202,136:3294,137:3390,138:3494,139:3633,140:3747,141:3778,142:3945,143:3965,144:2949,145:3014,146:3145,147:3233,148:3277,149:3424,150:3536,151:3557,152:3693,153:3846,154:3867,155:4029,156:2912,157:3003,158:3145,159:3190,160:3251,161:3361,162:3530,163:3634,164:3696,165:3757,166:3949,167:3975,168:2908,169:2961,170:3064,171:3188,172:3276,173:3445,174:3486,175:3582,176:3685,177:3759,178:3860,179:4039,180:2862,181:2995,182:3074,183:3197,184:3347,185:3418,186:3531,187:3624,188:3722,189:3841,190:3915,191:4039,192:2885,193:2971,194:3134,195:3214,196:3330,197:3371,198:3453,199:3626,200:3671,201:3770,202:3919,203:3986,204:2850,205:3036,206:3103,207:3216,208:3306,209:3379,210:3542,211:3609,212:3744,213:3798,214:3904,215:4039,216:2944,217:3040,218:3053,219:3248,220:3315,221:3363,222:3482,223:3618,224:3699,225:3820,226:3931,227:3989,228:2925,229:2969,230:3121,231:3248,232:3323,233:3367,234:3467,235:3622,236:3732,237:3815,238:3857,239:3963,240:2917,241:3007,242:3134,243:3192,244:3306,245:3350,246:3525,247:3634,248:3739,249:3803,250:3942,251:3954,252:2939,253:2995,254:3065,255:3192,256:3295,257:3360,258:3511,259:3596,260:3679,261:3804,262:3914,263:3990,264:2904,265:3001,266:3095,267:3162,268:3267,269:3440,270:3536,271:3587,272:3713,273:3799,274:3916,275:3957,276:2937,277:2973,278:3060,279:3166,280:3309,281:3356,282:3468,283:3622,284:3699,285:3810,286:3939,287:4040,288:2856,289:3023,290:3091,291:3199,292:3287,293:3358,294:3518,295:3575,296:3658,297:3817,298:3852,299:3975,300:2947,301:3011,302:3056,303:3210,304:3329,305:3409,306:3460,307:3571,308:3735,309:3771,310:3855,311:3957,312:2865,313:3006,314:3134,315:3241,316:3298,317:3377,318:3488,319:3632,320:3701,321:3836,322:3902,323:3999,324:2915,325:3013,326:3089,327:3174,328:3294,329:3400,330:3545,331:3620,332:3701,333:3824,334:3886,335:3976,336:2896,337:3024,338:3079,339:3213,340:3303,341:3394,342:3500,343:3566,344:3666,345:3777,346:3939,347:4044,348:2941,349:2980,350:3062,351:3223,352:3348,353:3442,354:3463,355:3603,356:3746,357:3832,358:3948,359:3992
0:2927,1:3045,2:3146,3:3155,4:3274,5:3449,6:3455,7:3619,8:3729,9:3778,10:3876,11:4045,12:2869,13:2951,14:3082,15:3188,16:3298,17:3352,18:3546,19:3609,20:3743,21:3840,22:3949,23:3995,24:2892,25:3035,26:3131,27:3206,28:3324,29:3395,30:3510,31:3643,32:3665,33:3765,34:3945,35:4039,36:2853,37:2964,38:3083,39:3156,40:3269,41:3431,42:3457,43:3581,44:3738,45:3833,46:3929,47:4045,48:2944,49:2980,50:3142,51:3171,52:3281,53:3370,54:3502,55:3581,56:3702,57:3802,58:3853,59:3966,60:2907,61:2950,62:3055,63:3174,64:3283,65:3358,66:3479,67:3581,68:3674,69:3758,70:3945,71:3973,72:2892,73:2957,74:3056,75:3216,76:3295,77:3384,78:3488,79:3561,80:3662,81:3783,82:3913,83:3952,84:2862,85:2950,86:3138,87:3220,88:3291,89:3353,90:3541,91:3622,92:3712,93:3811,94:3933,95:4025,96:2886,97:3040,98:3050,99:3205,100:3252,101:3449,102:3481,103:3642,104:3708,105:3829,106:3939,107:3954,108:2868,109:2978,110:3092,111:3183,112:3279,113:3364,114:3533,115:3601,116:3732,117:3831,118:3938,119:4021,120:2939,121:2972,122:3091,123:3227,124:3287,125:3350,126:3522,127:3647,128:3692,129:3812,130:3907,131:3985,132:2928,133:3009,134:3148,135:3177,136:3319,137:3351,138:3453,139:3638,140:3696,141:3787,142:3902,143:4037,144:2907,145:2971,146:3082,147:3177,148:3309,149:3375,150:3513,151:3557,152:3674,153:3771,154:3901,155:4018,156:2888,157:2988,158:3054,159:3160,160:3328,161:3418,162:3497,163:3605,164:3723,165:3846,166:3885,167:3973,168:2884,169:2983,170:3136,171:3150,172:3308,173:3369,174:3502,175:3575,176:3720,177:3771,178:3860,179:3984,180:2890,181:3048,182:3057,183:3226,184:3343,185:3365,186:3481,187:3645,188:3723,189:3805,190:3949,191:4028,192:2880,193:2985,194:3053,195:3154,196:3250,197:3426,198:3485,199:3636,200:3681,201:3801,202:3867,203:4022,204:2931,205:3027,206:3064,207:3154,208:3309,209:3414,210:3510,211:3648,212:3712,213:3811,214:3874,215:3982,216:2863,217:3038,218:3058,219:3249,220:3250,221:3382,222:3510,223:3606,224:3706,225:3790,226:3930,227:3987,228:2949,229:3046,230:3099,231:3239,232:3291,233:3411,234:3492,235:3639,236:3740,237:3788,238:3909,239:4043,240:2852,241:3004,242:3148,243:3182,244:3308,245:3368,246:3519,247:3570,248:3718,249:3817,250:3928,251:4002,252:2879,253:3035,254:3075,255:3166,256:3345,257:3448,258:3543,259:3596,260:3663,261:3842,262:3940,263:3951,264:2912,265:2952,266:3101,267:3190,268:3313,269:3406,270:3497,271:3569,272:3728,273:3752,274:3860,275:4032,276:2918,277:3001,278:3062,279:3159,280:3289,281:3445,282:3462,283:3616,284:3738,285:3807,286:3887,287:3971,288:2902,289:2989,290:3139,291:3203,292:3315,293:3393,294:3494,295:3599,296:3739,297:3821,298:3945,299:4029,300:2941,301:2975,302:3083,303:3184,304:3326,305:3388,306:3459,307:3582,308:3659,309:3751,310:3913,311:4008,312:2854,313:3004,314:3105,315:3189,316:3281,317:3357,318:3455,319:3550,320:3743,321:3784,322:3875,323:3976,324:2855,325:2979,326:3127,327:3166,328:3341,329:3385,330:3542,331:3640,332:3710,333:3787,334:3879,335:4008,336:2892,337:3027,338:3082,339:3153,340:3252,341:3371,342:3512,343:3635,344:3697,345:3810,346:3878,347:3998,348:2926,349:3001,350:3062,351:3168,352:3322,353:3441,354:3510,355:3647,356:3655,357:3833,358:3930,359:4043
0:2858,1:2975,2:3109,3:3166,4:3261,5:3362,6:3510,7:3550,8:3677,9:3808,10:3890,11:3976,12:2904,13:3031,14:3069,15:3171,16:3318,17:3433,18:3471,19:3601,20:3656,21:3792,22:3932,23:3979,24:2906,25:2952,26:3103,27:3193,28:3319,29:3415,30:3455,31:3553,32:3682,33:3753,34:3859,35:3960,36:2877,37:2983,38:3068,39:3191,40:3287,41:3443,42:3501,43:3604,44:3675,45:3765,46:3864,47:4020,48:2905,49:2989,50:3062,51:3217,52:3299,53:3391,54:3466,55:3617,56:3652,57:3772,58:3856,59:3986,60:2908,61:2959,62:3142,63:3230,64:3320,65:3389,66:3470,67:3606,68:3695,69:3810,70:3927,71:4009,72:2937,73:3026,74:3058,75:3191,76:3322,77:3405,78:3517,79:3579,80:3700,81:3750,82:3901,83:3970,84:2894,85:2973,86:3097,87:3190,88:3268,89:3394,90:3504,91:3553,92:3684,93:3832,94:3915,95:3952,96:2935,97:2973,98:3085,99:3169,100:3257,101:3426,102:3528,103:3643,104:3653,105:3784,106:3862,107:3960,108:2940,109:3033,110:3074,111:3199,112:3318,113:3416,114:3538,115:3593,116:3744,117:3773,118:3901,119:3969,120:2904,121:2982,122:3099,123:3175,124:3330,125:3359,126:3517,127:3564,128:3725,129:3755,130:3882,131:4010,132:2866,133:3012,134:3087,135:3195,136:3281,137:3405,138:3537,139:3567,140:3677,141:3799,142:3916,143:3950,144:2851,145:3040,146:3098,147:3220,148:3294,149:3427,150:3503,151:3557,152:3734,153:3823,154:3861,155:4036,156:2919,157:3025,158:3096,159:3169,160:3336,161:3412,162:3502,163:3609,164:3689,165:3787,166:3924,167:3978,168:2871,169:3007,170:3078,171:3171,172:3310,173:3362,174:3456,175:3556,176:3738,177:3760,178:3893,179:3995,180:2911,181:2977,182:3131,183:3180,184:3347,185:3378,186:3481,187:3567,188:3737,189:3762,190:3901,191:3952,192:2925,193:3025,194:3087,195:3203,196:3297,197:3396,198:3546,199:3585,200:3658,201:3761,202:3860,203:3977,204:2857,205:2953,206:3086,207:3232,208:3336,209:3378,210:3513,211:3623,212:3674,213:3770,214:3903,215:4036,216:2949,217:3005,218:3089,219:3228,220:3348,221:3413,222:3500,223:3613,224:3702,225:3833,226:3912,227:4000,228:2937,229:2953,230:3138,231:3193,232:3301,233:3372,234:3541,235:3630,236:3717,237:3769,238:3897,239:4002,240:2855,241:2982,242:3122,243:3229,244:3329,245:3372,246:3537,247:3603,248:3688,249:3750,250:3925,251:3985,252:2929,253:2969,254:3076,255:3190,256:3349,257:3398,258:3523,259:3570,260:3677,261:3809,262:3869,263:3962,264:2864,265:2964,266:3146,267:3218,268:3279,269:3414,270:3480,271:3568,272:3694,273:3795,274:3851,275:4003,276:2934,277:3008,278:3100,279:3201,280:3292,281:3435,282:3459,283:3552,284:3739,285:3816,286:3890,287:3973,288:2875,289:3040,290:3138,291:3222,292:3268,293:3373,294:3484,295:3558,296:3673,297:3820,298:3898,299:3959,300:2883,301:2996,302:3068,303:3162,304:3326,305:3400,306:3544,307:3570,308:3678,309:3839,310:3929,311:4039,312:2873,313:3028,314:3133,315:3204,316:3278,317:3371,318:3477,319:3636,320:3744,321:3839,322:3880,323:3965,324:2908,325:2950,326:3072,327:3162,328:3260,329:3420,330:3532,331:3613,332:3713,333:3795,334:3883,335:3994,336:2948,337:2963,338:3127,339:3217,340:3318,341:3440,342:3547,343:3593,344:3683,345:3838,346:3853,347:4018,348:2927,349:3036,350:3085,351:3183,352:3313,353:3413,354:3461,355:3597,356:3701,357:3840,358:3881,359:4032
0:2854,1:2981,2:3115,3:3155,4:3268,5:3353,6:3510,7:3557,8:3679,9:3830,10:3927,11:4048,12:2897,13:3014,14:3112,15:3171,16:3318,17:3427,18:3511,19:3624,20:3659,21:3822,22:3919,23:3997,24:2860,25:3046,26:3054,27:3208,28:3300,29:3367,30:3479,31:3560,32:3716,33:3812,34:3866,35:3964,36:2947,37:3007,38:3106,39:3222,40:3346,41:3386,42:3535,43:3596,44:3714,45:3782,46:3897,47:3970,48:2864,49:2976,50:3068,51:3150,52:3324,53:3412,54:3461,55:3587,56:3721,57:3766,58:3946,59:3977,60:2914,61:3023,62:3135,63:3155,64:3302,65:3422,66:3470,67:3617,68:3715,69:3760,70:3937,71:4016,72:2898,73:2963,74:3075,75:3163,76:3340,77:3437,78:3513,79:3639,80:3673,81:3765,82:3877,83:4023,84:2857,85:3047,86:3095,87:3174,88:3292,89:3379,90:3492,91:3612,92:3674,93:3793,94:3911,95:3989,96:2892,97:3045,98:3067,99:3160,100:3287,101:3354,102:3450,103:3627,104:3681,105:3800,106:3881,107:4001,108:2906,109:3004,110:3099,111:3153,112:3270,113:3419,114:3536,115:3569,116:3717,117:3770,118:3907,119:4023,120:2906,121:3005,122:3115,123:3235,124:3261,125:3382,126:3542,127:3599,128:3706,129:3789,130:3871,131:3953,132:2861,133:3035,134:3074,135:3158,136:3317,137:3442,138:3501,139:3577,140:3739,141:3819,142:3909,143:4035,144:2912,145:3009,146:3134,147:3223,148:3266,149:3421,150:3463,151:3599,152:3716,153:3793,154:3914,155:4028,156:2920,157:2975,158:3138,159:3182,160:3325,161:3420,162:3472,163:3648,164:3744,165:3778,166:3924,167:3957,168:2906,169:2986,170:3053,171:3154,172:3299,173:3411,174:3507,175:3631,176:3666,177:3835,178:3865,179:4022,180:2928,181:3021,182:3066,183:3195,184:3272,185:3419,186:3483,187:3638,188:3694,189:3764,190:3870,191:4019,192:2905,193:3010,194:3085,195:3223,196:3261,197:3445,198:3542,199:3618,200:3683,201:3816,202:3940,203:4038,204:2943,205:2972,206:3123,207:3184,208:3294,209:3404,210:3510,211:3583,212:3668,213:3775,214:3949,215:4030,216:2933,217:3008,218:3063,219:3249,220:3259,221:3406,222:3451,223:3590,224:3716,225:3778,226:3942,227:3960,228:2873,229:2956,230:3143,231:3205,232:3345,233:3381,234:3496,235:3599,236:3693,237:3811,238:3898,239:4029,240:2893,241:3014,242:3074,243:3224,244:3270,245:3425,246:3539,247:3625,248:3725,249:3840,250:3940,251:3981,252:2900,253:2996,254:3092,255:3192,256:3323,257:3428,258:3476,259:3601,260:3665,261:3776,262:3906,263:3956,264:2949,265:3013,266:3055,267:3210,268:3263,269:3392,270:3499,271:3623,272:3714,273:3783,274:3893,275:4036,276:2935,277:3025,278:3121,279:3164,280:3257,281:3351,282:3457,283:3552,284:3716,285:3783,286:3853,287:3983,288:2939,289:2966,290:3107,291:3205,292:3319,293:3378,294:3517,295:3634,296:3746,297:3849,298:3860,299:4044,300:2889,301:2961,302:3145,303:3214,304:3252,305:3448,306:3480,307:3609,308:3728,309:3768,310:3895,311:4020,312:2895,313:2981,314:3133,315:3221,316:3267,317:3374,318:3514,319:3562,320:3705,321:3807,322:3928,323:3976,324:2865,325:2960,326:3094,327:3157,328:3304,329:3371,330:3494,331:3635,332:3733,333:3766,334:3882,335:4033,336:2945,337:2959,338:3143,339:3226,340:3258,341:3397,342:3457,343:3602,344:3675,345:3837,346:3911,347:3997,348:2906,349:3008,350:3119,351:3174,352:3342,353:3396,354:3484,355:3568,356:3662,357:3756,358:3924,359:4024
0:2926,1:3005,2:3140,3:3206,4:3333,5:3402,6:3506,7:3595,8:3658,9:3843,10:3899,11:3978,12:2891,13:3013,14:3125,15:3240,16:3264,17:3411,18:3490,19:3580,20:3704,21:3823,22:3914,23:4044,24:2949,25:2997,26:3118,27:3191,28:3260,29:3372,30:3536,31:3594,32:3723,33:3767,34:3940,35:3987,36:2935,37:3024,38:3115,39:3159,40:3345,41:3383,42:3455,43:3567,44:3667,45:3843,46:3897,47:4036,48:2857,49:2986,50:3102,51:3151,52:3307,53:3373,54:3505,55:3555,56:3660,57:3782,58:3897,59:3952,60:2870,61:3030,62:3085,63:3248,64:3303,65:3387,66:3496,67:3642,68:3742,69:3765,70:3878,71:3991,72:2928,73:2970,74:3146,75:3179,76:3309,77:3446,78:3528,79:3601,80:3674,81:3813,82:3866,83:4029,84:2939,85:3038,86:3100,87:3247,88:3335,89:3382,90:3495,91:3623,92:3698,93:3834,94:3914,95:3990,96:2943,97:3007,98:3085,99:3168,100:3301,101:3418,102:3453,103:3633,104:3747,105:3839,106:3852,107:3966,108:2859,109:3036,110:3120,111:3246,112:3321,113:3426,114:3498,115:3613,116:3672,117:3784,118:3850,119:4038,120:2860,121:3020,122:3101,123:3227,124:3301,125:3386,126:3500,127:3622,128:3694,129:3834,130:3934,131:3984,132:2916,133:3040,134:3105,135:3182,136:3285,137:3439,138:3507,139:3626,140:3678,141:3760,142:3948,143:3956,144:2908,145:2998,146:3109,147:3242,148:3256,149:3406,150:3504,151:3612,152:3689,153:3776,154:3889,155:4015,156:2926,157:2960,158:3095,159:3202,160:3349,161:3439,162:3467,163:3598,164:3733,165:3839,166:3913,167:3954,168:2893,169:2995,170:3098,171:3223,172:3314,173:3403,174:3478,175:3609,176:3687,177:3835,178:3941,179:3953,180:2929,181:2964,182:3101,183:3203,184:3296,185:3361,186:3453,187:3634,188:3658,189:3840,190:3856,191:3955,192:2934,193:3003,194:3101,195:3238,196:3257,197:3412,198:3536,199:3624,200:3674,201:3779,202:3928,203:3961,204:2892,205:3037,206:3070,207:3226,208:3253,209:3418,210:3500,211:3587,212:3671,213:3809,214:3938,215:3968,216:2906,217:3031,218:3127,219:3168,220:3320,221:3417,222:3451,223:3644,224:3731,225:3826,226:3917,227:4025,228:2877,229:3044,230:3142,231:3154,232:3296,233:3406,234:3483,235:3601,236:3662,237:3774,238:3924,239:4003,240:2904,241:3032,242:3120,243:3170,244:3319,245:3368,246:3542,247:3593,248:3748,249:3828,250:3929,251:4046,252:2865,253:2978,254:3051,255:3238,256:3328,257:3422,258:3526,259:3569,260:3695,261:3846,262:3879,263:4045,264:2947,265:3005,266:3108,267:3183,268:3297,269:3354,270:3495,271:3566,272:3730,273:3785,274:3900,275:4002,276:2920,277:3013,278:3104,279:3245,280:3336,281:3441,282:3519,283:3594,284:3749,285:3761,286:3866,287:4029,288:2860,289:2957,290:3058,291:3197,292:3253,293:3398,294:3548,295:3565,296:3739,297:3796,298:3851,299:4045,300:2851,301:2962,302:3080,303:3161,304:3283,305:3386,306:3532,307:3633,308:3672,309:3828,310:3874,311:3977,312:2917,313:3023,314:3107,315:3229,316:3344,317:3422,318:3462,319:3614,320:3656,321:3828,322:3924,323:3964,324:2872,325:3028,326:3093,327:3166,328:3262,329:3366,330:3528,331:3564,332:3725,333:3819,334:3941,335:3960,336:2928,337:2972,338:3114,339:3210,340:3308,341:3422,342:3455,343:3583,344:3667,345:3797,346:3933,347:4042,348:2922,349:3030,350:3089,351:3163,352:3278,353:3419,354:3506,355:3605,356:3666,357:3845,358:3881,359:4043
0:2904,1:2991,2:3125,3:3177,4:3255,5:3373,6:3517,7:3611,8:3730,9:3767,10:3883,11:3960,12:2886,13:3033,14:3141,15:3217,16:3341,17:3426,18:3507,19:3588,20:3730,21:3843,22:3867,23:4046,24:2928,25:3042,26:3140,27:3181,28:3317,29:3444,30:3529,31:3644,32:3739,33:3803,34:3870,35:4030,36:2930,37:3048,38:3107,39:3234,40:3299,41:3432,42:3457,43:3596,44:3708,45:3789,46:3851,47:4017,48:2917,49:2982,50:3076,51:3154,52:3346,53:3395,54:3454,55:3607,56:3726,57:3828,58:3876,59:3968,60:2888,61:3002,62:3124,63:3157,64:3319,65:3425,66:3469,67:3627,68:3696,69:3849,70:3882,71:3975,72:2920,73:3017,74:3139,75:3242,76:3331,77:3352,78:3540,79:3647,80:3675,81:3821,82:3884,83:3968,84:2897,85:3035,86:3113,87:3206,88:3349,89:3426,90:3536,91:3634,92:3695,93:3750,94:3921,95:3974,96:2904,97:3035,98:3111,99:3152,100:3280,101:3442,102:3463,103:3564,104:3691,105:3832,106:3904,107:3957,108:2866,109:2959,110:3134,111:3241,112:3328,113:3417,114:3477,115:3595,116:3693,117:3765,118:3866,119:4004,120:2925,121:2980,122:3101,123:3235,124:3315,125:3416,126:3472,127:3648,128:3725,129:3768,130:3896,131:4018,132:2938,133:3023,134:3062,135:3242,136:3301,137:3371,138:3529,139:3642,140:3745,141:3832,142:3932,143:4032,144:2941,145:3036,146:3108,147:3222,148:3292,149:3365,150:3545,151:3641,152:3730,153:3763,154:3908,155:3959,156:2866,157:3021,158:3103,159:3235,160:3297,161:3410,162:3526,163:3576,164:3693,165:3794,166:3942,167:4016,168:2876,169:2960,170:3134,171:3244,172:3260,173:3406,174:3541,175:3582,176:3657,177:3821,178:3882,179:3956,180:2886,181:3047,182:3091,183:3188,184:3343,185:3448,186:3535,187:3597,188:3734,189:3790,190:3866,191:3960,192:2850,193:2966,194:3087,195:3174,196:3288,197:3402,198:3488,199:3579,200:3667,201:3802,202:3856,203:3998,204:2906,205:3042,206:3098,207:3215,208:3291,209:3394,210:3505,211:3626,212:3671,213:3799,214:3909,215:3975,216:2869,217:2999,218:3089,219:3239,220:3323,221:3409,222:3488,223:3591,224:3679,225:3751,226:3907,227:3997,228:2943,229:2976,230:3100,231:3243,232:3280,233:3415,234:3494,235:3605,236:3692,237:3847,238:3868,239:3969,240:2863,241:3016,242:3113,243:3169,244:3339,245:3377,246:3482,247:3617,248:3666,249:3776,250:3932,251:3970,252:2937,253:3032,254:3103,255:3207,256:3326,257:3440,258:3536,259:3576,260:3686,261:3833,262:3936,263:3990,264:2870,265:2960,266:3118,267:3222,268:3296,269:3443,270:3512,271:3643,272:3684,273:3794,274:3901,275:3970,276:2908,277:2959,278:3094,279:3215,280:3322,281:3389,282:3471,283:3611,284:3681,285:3781,286:3881,287:3986,288:2948,289:2982,290:3133,291:3242,292:3294,293:3414,294:3497,295:3551,296:3707,297:3791,298:3915,299:3991,300:2873,301:3017,302:3116,303:3177,304:3281,305:3404,306:3498,307:3585,308:3653,309:3807,310:3851,311:3961,312:2931,313:3003,314:3081,315:3235,316:3271,317:3422,318:3504,319:3601,320:3688,321:3836,322:3899,323:3980,324:2946,325:3022,326:3056,327:3209,328:3325,329:3355,330:3529,331:3593,332:3656,333:3777,334:3897,335:3958,336:2939,337:2981,338:3068,339:3240,340:3278,341:3354,342:3543,343:3564,344:3712,345:3844,346:3923,347:3960,348:2893,349:3026,350:3084,351:3178,352:3340,353:3382,354:3461,355:3614,356:3705,357:3772,358:3904,359:3971
0:2890,1:2955,2:3103,3:3235,4:3257,5:3356,6:3500,7:3584,8:3746,9:3783,10:3885,11:3991,12:2892,13:2971,14:3120,15:3175,16:3313,17:3443,18:3461,19:3587,20:3738,21:3807,22:3890,23:4009,24:2851,25:2967,26:3114,27:3165,28:3293,29:3377,30:3457,31:3590,32:3702,33:3788,34:3919,35:4015,36:2865,37:3016,38:3104,39:3231,40:3313,41:3370,42:3481,43:3562,44:3735,45:3838,46:3872,47:3957,48:2896,49:2952,50:3091,51:3173,52:3260,53:3449,54:3477,55:3634,56:3745,57:3767,58:3878,59:3992,60:2914,61:2976,62:3091,63:3234,64:3276,65:3353,66:3506,67:3578,68:3692,69:3843,70:3905,71:4007,72:2944,73:3037,74:3092,75:3183,76:3335,77:3408,78:3485,79:3584,80:3681,81:3821,82:3882,83:4014,84:2877,85:2998,86:3104,87:3197,88:3309,89:3387,90:3455,91:3648,92:3736,93:3823,94:3927,95:4042,96:2863,97:3028,98:3110,99:3175,100:3319,101:3432,102:3474,103:3630,104:3723,105:3829,106:3928,107:3980,108:2859,109:3033,110:3123,111:3230,112:3286,113:3371,114:3502,115:3579,116:3745,117:3792,118:3877,119:4049,120:2922,121:3024,122:3106,123:3157,124:3321,125:3420,126:3547,127:3642,128:3743,129:3797,130:3867,131:4006,132:2859,133:2968,134:3075,135:3238,136:3337,137:3371,138:3473,139:3599,140:3713,141:3845,142:3933,143:3967,144:2926,145:2990,146:3075,147:3216,148:3292,149:3388,150:3506,151:3587,152:3659,153:3808,154:3933,155:4025,156:2854,157:2986,158:3143,159:3183,160:3325,161:3398,162:3481,163:3624,164:3660,165:3828,166:3940,167:4006,168:2914,169:3009,170:3104,171:3189,172:3252,173:3404,174:3486,175:3575,176:3737,177:3825,178:3882,179:3987,180:2928,181:3008,182:3130,183:3245,184:3307,185:3363,186:3458,187:3585,188:3748,189:3821,190:3875,191:4033,192:2908,193:2985,194:3141,195:3202,196:3255,197:3362,198:3514,199:3623,200:3702,201:3758,202:3934,203:4043,204:2943,205:3002,206:3088,207:3179,208:3268,209:3398,210:3476,211:3553,212:3652,213:3777,214:3917,215:4011,216:2856,217:2992,218:3138,219:3158,220:3324,221:3393,222:3473,223:3642,224:3735,225:3834,226:3859,227:3985,228:2934,229:2970,230:3123,231:3166,232:3264,233:3397,234:3474,235:3613,236:3737,237:3846,238:3888,239:3969,240:2857,241:2994,242:3118,243:3158,244:3349,245:3399,246:3545,247:3588,248:3745,249:3830,250:3917,251:4015,252:2918,253:2959,254:3131,255:3209,256:3306,257:3388,258:3514,259:3618,260:3708,261:3810,262:3949,263:3973,264:2915,265:2999,266:3113,267:3230,268:3316,269:3427,270:3508,271:3565,272:3744,273:3813,274:3923,275:3950,276:2866,277:2976,278:3097,279:3188,280:3287,281:3376,282:3493,283:3558,284:3677,285:3775,286:3943,287:4004,288:2867,289:2989,290:3128,291:3223,292:3260,293:3373,294:3539,295:3592,296:3742,297:3792,298:3880,299:3973,300:2916,301:2963,302:3065,303:3183,304:3255,305:3388,306:3539,307:3602,308:3685,309:3817,310:3949,311:3983,312:2902,313:2953,314:3100,315:3220,316:3252,317:3381,318:3534,319:3564,320:3651,321:3822,322:3907,323:3979,324:2907,325:3018,326:3123,327:3174,328:3311,329:3401,330:3519,331:3607,332:3710,333:3787,334:3910,335:4011,336:2914,337:3047,338:3091,339:3199,340:3321,341:3423,342:3549,343:3554,344:3662,345:3752,346:3928,347:4008,348:2942,349:3047,350:3053,351:3201,352:3329,353:3412,354:3526,355:3614,356:3674,357:3793,358:3910,359:4026
0:2919,1:2967,2:3079,3:3235,4:3348,5:3388,6:3521,7:3607,8:3728,9:3832,10:3944,11:4039,12:2901,13:2954,14:3096,15:3219,16:3297,17:3357,18:3481,19:3575,20:3708,21:3838,22:3865,23:3991,24:2932,25:2973,26:3053,27:3171,28:3347,29:3357,30:3452,31:3593,32:3740,33:3838,34:3856,35:3958,36:2915,37:2954,38:3144,39:3159,40:3252,41:3440,42:3542,43:3639,44:3745,45:3751,46:3923,47:4017,48:2932,49:3047,50:3056,51:3227,52:3327,53:3433,54:3540,55:3636,56:3698,57:3751,58:3911,59:3956,60:2920,61:2967,62:3088,63:3215,64:3326,65:3358,66:3496,67:3616,68:3686,69:3784,70:3917,71:3983,72:2899,73:3002,74:3070,75:3166,76:3290,77:3447,78:3471,79:3609,80:3692,81:3842,82:3940,83:3985,84:2878,85:3014,86:3141,87:3175,88:3273,89:3380,90:3549,91:3592,92:3695,93:3771,94:3861,95:3967,96:2891,97:2951,98:3121,99:3196,100:3277,101:3437,102:3513,103:3639,104:3717,105:3829,106:3900,107:4032,108:2888,109:2971,110:3082,111:3237,112:3269,113:3440,114:3458,115:3629,116:3726,117:3818,118:3927,119:4005,120:2919,121:2979,122:3069,123:3244,124:3264,125:3434,126:3531,127:3616,128:3722,129:3820,130:3851,131:3984,132:2893,133:3000,134:3067,135:3153,136:3343,137:3387,138:3462,139:3577,140:3737,141:3789,142:3934,143:3969,144:2895,145:2979,146:3052,147:3230,148:3319,149:3435,150:3524,151:3634,152:3713,153:3777,154:3919,155:3973,156:2906,157:2985,158:3081,159:3221,160:3313,161:3353,162:3505,163:3605,164:3730,165:3793,166:3863,167:3950,168:2888,169:3044,170:3058,171:3235,172:3320,173:3355,174:3505,175:3553,176:3734,177:3809,178:3895,179:3975,180:2906,181:3040,182:3114,183:3156,184:3318,185:3399,186:3505,187:3622,188:3746,189:3774,190:3885,191:4020,192:2882,193:3035,194:3093,195:3209,196:3297,197:3354,198:3487,199:3582,200:3713,201:3783,202:3859,203:3958,204:2874,205:3016,206:3095,207:3171,208:3333,209:3380,210:3475,211:3551,212:3714,213:3751,214:3916,215:3981,216:2949,217:2995,218:3119,219:3191,220:3320,221:3381,222:3483,223:3593,224:3681,225:3773,226:3888,227:4002,228:2890,229:3049,230:3114,231:3238,232:3304,233:3403,234:3455,235:3642,236:3688,237:3753,238:3859,239:4012,240:2925,241:3031,242:3137,243:3204,244:3292,245:3372,246:3528,247:3589,248:3651,249:3806,250:3941,251:4019,252:2913,253:3004,254:3125,255:3179,256:3288,257:3393,258:3515,259:3645,260:3698,261:3786,262:3868,263:3988,264:2882,265:3047,266:3134,267:3234,268:3276,269:3376,270:3499,271:3647,272:3708,273:3831,274:3894,275:4029,276:2937,277:3027,278:3137,279:3218,280:3327,281:3444,282:3469,283:3567,284:3709,285:3788,286:3907,287:3990,288:2949,289:2995,290:3081,291:3188,292:3319,293:3421,294:3487,295:3634,296:3651,297:3823,298:3862,299:3952,300:2938,301:2969,302:3121,303:3183,304:3327,305:3351,306:3513,307:3647,308:3700,309:3842,310:3872,311:4006,312:2923,313:3008,314:3089,315:3236,316:3326,317:3444,318:3487,319:3587,320:3731,321:3834,322:3880,323:3952,324:2876,325:3032,326:3061,327:3197,328:3260,329:3370,330:3501,331:3638,332:3679,333:3819,334:3891,335:3958,336:2944,337:2960,338:3075,339:3176,340:3306,341:3368,342:3524,343:3590,344:3691,345:3845,346:3871,347:4041,348:2943,349:3017,350:3097,351:3234,352:3297,353:3400,354:3490,355:3557,356:3696,357:3755,358:3880,359:4036
0:2868,1:2962,2:3103,3:3178,4:3336,5:3409,6:3474,7:3607,8:3708,9:3773,10:3932,11:4023,12:2892,13:3015,14:3120,15:3221,16:3256,17:3436,18:3510,19:3595,20:3726,21:3800,22:3927,23:4015,24:2899,25:3006,26:3143,27:3220,28:3307,29:3383,30:3476,31:3641,32:3664,33:3800,34:3872,35:3970,36:2863,37:3008,38:3124,39:3223,40:3338,41:3351,42:3509,43:3560,44:3696,45:3772,46:3899,47:4012,48:2895,49:2989,50:3127,51:3184,52:3316,53:3415,54:3542,55:3552,56:3708,57:3838,58:3868,59:3954,60:2867,61:3043,62:3071,63:3232,64:3337,65:3396,66:3481,67:3622,68:3674,69:3762,70:3940,71:3977,72:2922,73:2994,74:3094,75:3204,76:3314,77:3385,78:3514,79:3613,80:3705,81:3849,82:3861,83:3957,84:2881,85:3034,86:3054,87:3210,88:3251,89:3368,90:3507,91:3554,92:3745,93:3809,94:3885,95:4004,96:2862,97:3015,98:3095,99:3184,100:3280,101:3409,102:3514,103:3559,104:3749,105:3753,106:3925,107:4047,108:2948,109:2976,110:3131,111:3184,112:3335,113:3427,114:3549,115:3555,116:3696,117:3809,118:3877,119:3987,120:2852,121:2998,122:3082,123:3244,124:3277,125:3355,126:3453,127:3646,128:3714,129:3772,130:3903,131:4033,132:2903,133:2974,134:3126,135:3173,136:3284,137:3433,138:3499,139:3576,140:3662,141:3795,142:3886,143:3997,144:2919,145:3012,146:3087,147:3178,148:3302,149:3415,150:3505,151:3619,152:3732,153:3802,154:3871,155:3991,156:2921,157:2969,158:3061,159:3233,160:3313,161:3392,162:3526,163:3564,164:3670,165:3807,166:3920,167:4007,168:2894,169:3019,170:3120,171:3179,172:3309,173:3417,174:3544,175:3571,176:3692,177:3809,178:3907,179:4034,180:2935,181:2981,182:3089,183:3187,184:3258,185:3405,186:3499,187:3567,188:3661,189:3783,190:3866,191:4010,192:2895,193:3033,194:3083,195:3249,196:3262,197:3414,198:3545,199:3620,200:3701,201:3833,202:3907,203:3957,204:2902,205:2979,206:3082,207:3150,208:3312,209:3397,210:3491,211:3572,212:3711,213:3774,214:3857,215:4048,216:2899,217:2974,218:3074,219:3184,220:3340,221:3389,222:3489,223:3565,224:3652,225:3774,226:3937,227:3968,228:2936,229:2961,230:3145,231:3166,232:3267,233:3371,234:3512,235:3572,236:3737,237:3786,238:3910,239:3959,240:2885,241:3000,242:3062,243:3162,244:3269,245:3439,246:3479,247:3582,248:3703,249:3765,250:3889,251:4019,252:2862,253:3043,254:3117,255:3206,256:3338,257:3354,258:3497,259:3623,260:3682,261:3776,262:3937,263:3961,264:2939,265:2979,266:3128,267:3235,268:3290,269:3423,270:3463,271:3624,272:3652,273:3759,274:3918,275:4005,276:2946,277:2976,278:3065,279:3209,280:3265,281:3399,282:3526,283:3615,284:3746,285:3836,286:3909,287:4039,288:2948,289:3042,290:3134,291:3194,292:3301,293:3447,294:3533,295:3621,296:3650,297:3826,298:3949,299:4040,300:2902,301:3008,302:3083,303:3215,304:3289,305:3429,306:3547,307:3637,308:3686,309:3754,310:3854,311:3965,312:2920,313:2967,314:3100,315:3238,316:3292,317:3449,318:3508,319:3596,320:3747,321:3780,322:3886,323:3974,324:2892,325:3020,326:3107,327:3214,328:3250,329:3390,330:3461,331:3595,332:3666,333:3779,334:3874,335:3956,336:2862,337:2951,338:3059,339:3164,340:3291,341:3380,342:3467,343:3609,344:3718,345:3772,346:3897,347:3981,348:2930,349:3036,350:3077,351:3206,352:3297,353:3448,354:3488,355:3574,356:3697,357:3822,358:3860,359:4029
0:2913,1:3046,2:3149,3:3154,4:3261,5:3408,6:3508,7:3579,8:3727,9:3817,10:3884,11:3977,12:2942,13:3005,14:3064,15:3177,16:3332,17:3365,18:3516,19:3633,20:3701,21:3770,22:3939,23:3990,24:2875,25:3001,26:3106,27:3203,28:3261,29:3375,30:3536,31:3569,32:3668,33:3834,34:3875,35:4039,36:2877,37:3036,38:3087,39:3217,40:3336,41:3385,42:3528,43:3624,44:3713,45:3829,46:3889,47:3950,48:2901,49:2975,50:3088,51:3248,52:3288,53:3350,54:3479,55:3626,56:3685,57:3816,58:3942,59:4029,60:2947,61:3021,62:3069,63:3204,64:3250,65:3407,66:3535,67:3583,68:3689,69:3831,70:3908,71:3982,72:2905,73:3042,74:3114,75:3187,76:3285,77:3354,78:3529,79:3628,80:3716,81:3799,82:3919,83:4000,84:2855,85:3029,86:3060,87:3232,88:3342,89:3403,90:3506,91:3559,92:3743,93:3778,94:3863,95:4000,96:2886,97:2966,98:3142,99:3217,100:3268,101:3358,102:3486,103:3606,104:3685,105:3827,106:3872,107:4013,108:2899,109:3016,110:3135,111:3164,112:3347,113:3380,114:3465,115:3567,116:3719,117:3800,118:3889,119:4041,120:2883,121:2980,122:3145,123:3237,124:3277,125:3397,126:3479,127:3591,128:3686,129:3769,130:3908,131:3976,132:2923,133:2992,134:3073,135:3222,136:3329,137:3431,138:3475,139:3607,140:3694,141:3786,142:3930,143:4006,144:2880,145:2961,146:3110,147:3160,148:3329,149:3376,150:3479,151:3556,152:3723,153:3750,154:3901,155:4011,156:2930,157:3044,158:3057,159:3174,160:3250,161:3428,162:3537,163:3583,164:3661,165:3762,166:3856,167:4040,168:2902,169:3002,170:3071,171:3150,172:3310,173:3407,174:3519,175:3599,176:3652,177:3807,178:3929,179:3991,180:2851,181:2986,182:3069,183:3166,184:3291,185:3367,186:3460,187:3560,188:3672,189:3833,190:3876,191:3985,192:2899,193:2970,194:3058,195:3162,196:3297,197:3429,198:3493,199:3577,200:3736,201:3788,202:3884,203:4016,204:2861,205:2969,206:3121,207:3150,208:3283,209:3449,210:3520,211:3614,212:3699,213:3766,214:3853,215:3994,216:2856,217:3045,218:3128,219:3172,220:3284,221:3411,222:3456,223:3602,224:3717,225:3847,226:3917,227:3986,228:2898,229:2960,230:3131,231:3166,232:3339,233:3394,234:3499,235:3598,236:3664,237:3758,238:3917,239:4038,240:2918,241:2965,242:3132,243:3155,244:3304,245:3383,246:3491,247:3582,248:3743,249:3767,250:3941,251:4024,252:2886,253:2995,254:3128,255:3249,256:3281,257:3387,258:3546,259:3566,260:3693,261:3836,262:3897,263:3974,264:2899,265:2981,266:3077,267:3249,268:3325,269:3353,270:3503,271:3622,272:3719,273:3814,274:3861,275:4010,276:2890,277:3007,278:3076,279:3202,280:3311,281:3427,282:3498,283:3560,284:3703,285:3835,286:3891,287:3960,288:2948,289:3009,290:3060,291:3152,292:3256,293:3430,294:3541,295:3582,296:3717,297:3805,298:3905,299:3975,300:2862,301:3024,302:3059,303:3195,304:3347,305:3399,306:3461,307:3624,308:3695,309:3822,310:3903,311:4019,312:2867,313:3007,314:3062,315:3221,316:3307,317:3403,318:3500,319:3553,320:3662,321:3803,322:3941,323:3977,324:2859,325:2970,326:3058,327:3225,328:3266,329:3432,330:3454,331:3612,332:3682,333:3833,334:3923,335:3995,336:2920,337:2982,338:3116,339:3191,340:3303,341:3399,342:3498,343:3560,344:3676,345:3814,346:3895,347:3975,348:2876,349:2957,350:3082,351:3226,352:3339,353:3406,354:3521,355:3615,356:3694,357:3809,358:3892,359:3974
0:2933,1:3023,2:3086,3:3180,4:3304,5:3377,6:3524,7:3602,8:3711,9:3757,10:3859,11:4041,12:2947,13:2970,14:3050,15:3162,16:3280,17:3427,18:3484,19:3550,20:3712,21:3793,22:3933,23:3994,24:2918,25:2976,26:3127,27:3218,28:3304,29:3431,30:3506,31:3607,32:3678,33:3841,34:3898,35:3994,36:2877,37:2989,38:3053,39:3228,40:3295,41:3438,42:3463,43:3598,44:3653,45:3836,46:3896,47:3977,48:2908,49:3033,50:3112,51:3177,52:3273,53:3350,54:3523,55:3647,56:3730,57:3763,58:3897,59:4006,60:2926,61:3016,62:3127,63:3178,64:3349,65:3416,66:3512,67:3615,68:3712,69:3835,70:3918,71:4003,72:2892,73:3047,74:3098,75:3213,76:3335,77:3392,78:3450,79:3640,80:3701,81:3816,82:3905,83:4043,84:2878,85:2974,86:3134,87:3191,88:3344,89:3356,90:3549,91:3615,92:3653,93:3757,94:3873,95:4042,96:2877,97:3014,98:3058,99:3153,100:3281,101:3427,102:3510,103:3607,104:3687,105:3762,106:3922,107:4004,108:2857,109:2963,110:3103,111:3167,112:3349,113:3438,114:3483,115:3637,116:3651,117:3791,118:3870,119:3961,120:2884,121:3023,122:3147,123:3240,124:3301,125:3432,126:3471,127:3560,128:3745,129:3770,130:3933,131:3974,132:2876,133:3043,134:3107,135:3206,136:3333,137:3399,138:3547,139:3633,140:3724,141:3796,142:3934,143:4048,144:2884,145:3027,146:3131,147:3243,148:3348,149:3382,150:3535,151:3573,152:3669,153:3775,154:3945,155:3959,156:2888,157:3047,158:3119,159:3236,160:3321,161:3430,162:3524,163:3579,164:3728,165:3750,166:3892,167:4002,168:2924,169:3040,170:3052,171:3153,172:3307,173:3443,174:3508,175:3562,176:3713,177:3819,178:3913,179:4003,180:2917,181:3027,182:3089,183:3184,184:3305,185:3362,186:3537,187:3626,188:3664,189:3766,190:3868,191:3972,192:2857,193:2984,194:3055,195:3173,196:3344,197:3429,198:3510,199:3594,200:3677,201:3794,202:3935,203:4010,204:2920,205:2969,206:3067,207:3221,208:3327,209:3367,210:3528,211:3600,212:3686,213:3756,214:3861,215:4028,216:2866,217:3017,218:3119,219:3178,220:3348,221:3387,222:3496,223:3569,224:3722,225:3774,226:3903,227:4006,228:2939,229:2981,230:3118,231:3245,232:3334,233:3388,234:3523,235:3576,236:3689,237:3781,238:3882,239:3993,240:2906,241:3025,242:3108,243:3246,244:3337,245:3382,246:3469,247:3584,248:3723,249:3753,250:3934,251:3974,252:2922,253:3038,254:3069,255:3243,256:3265,257:3360,258:3503,259:3580,260:3728,261:3760,262:3850,263:4031,264:2908,265:2953,266:3092,267:3166,268:3266,269:3403,270:3450,271:3644,272:3746,273:3848,274:3906,275:3962,276:2881,277:2988,278:3097,279:3198,280:3317,281:3445,282:3457,283:3607,284:3699,285:3801,286:3872,287:3962,288:2905,289:3047,290:3070,291:3174,292:3336,293:3395,294:3464,295:3593,296:3708,297:3838,298:3855,299:3951,300:2867,301:3014,302:3122,303:3187,304:3285,305:3365,306:3492,307:3619,308:3696,309:3757,310:3874,311:4013,312:2874,313:2951,314:3080,315:3214,316:3281,317:3436,318:3492,319:3571,320:3663,321:3846,322:3926,323:4021,324:2903,325:2997,326:3131,327:3206,328:3329,329:3411,330:3482,331:3644,332:3680,333:3789,334:3925,335:3959,336:2901,337:2994,338:3071,339:3195,340:3265,341:3360,342:3463,343:3612,344:3718,345:3792,346:3864,347:3958,348:2945,349:2997,350:3132,351:3201,352:3287,353:3419,354:3522,355:3578,356:3685,357:3792,358:3915,359:3976
0:2894,1:2955,2:3059,3:3224,4:3304,5:3427,6:3531,7:3640,8:3663,9:3782,10:3915,11:4028,12:2911,13:3002,14:3115,15:3172,16:3324,17:3360,18:3477,19:3619,20:3694,21:3812,22:3900,23:3952,24:2908,25:3013,26:3084,27:3242,28:3340,29:3440,30:3489,31:3593,32:3684,33:3794,34:3941,35:4046,36:2864,37:3012,38:3119,39:3233,40:3260,41:3353,42:3512,43:3635,44:3699,45:3759,46:3889,47:3952,48:2889,49:3023,50:3126,51:3245,52:3262,53:3353,54:3490,55:3577,56:3719,57:3812,58:3854,59:4018,60:2928,61:2956,62:3078,63:3197,64:3298,65:3446,66:3473,67:3633,68:3708,69:3844,70:3853,71:4038,72:2914,73:3037,74:3143,75:3161,76:3251,77:3387,78:3533,79:3612,80:3661,81:3836,82:3936,83:4043,84:2907,85:2998,86:3053,87:3167,88:3259,89:3431,90:3530,91:3601,92:3680,93:3836,94:3933,95:4035,96:2905,97:3022,98:3051,99:3240,100:3316,101:3445,102:3507,103:3623,104:3693,105:3788,106:3926,107:3976,108:2872,109:2960,110:3149,111:3190,112:3330,113:3417,114:3539,115:3580,116:3653,117:3812,118:3870,119:4022,120:2897,121:2984,122:3111,123:3172,124:3325,125:3448,126:3533,127:3628,128:3680,129:3791,130:3898,131:3990,132:2906,133:3027,134:3149,135:3216,136:3296,137:3379,138:3468,139:3613,140:3660,141:3790,142:3876,143:4007,144:2942,145:2999,146:3134,147:3187,148:3291,149:3397,150:3461,151:3612,152:3714,153:3752,154:3884,155:3973,156:2894,157:3031,158:3052,159:3216,160:3293,161:3352,162:3537,163:3636,164:3679,165:3836,166:3861,167:4022,168:2927,169:2971,170:3099,171:3208,172:3315,173:3370,174:3465,175:3647,176:3689,177:3817,178:3937,179:4027,180:2936,181:2965,182:3094,183:3204,184:3274,185:3383,186:3458,187:3635,188:3695,189:3762,190:3931,191:3966,192:2936,193:2964,194:3114,195:3233,196:3347,197:3430,198:3534,199:3554,200:3717,201:3802,202:3892,203:4010,204:2864,205:2968,206:3060,207:3241,208:3318,209:3419,210:3450,211:3562,212:3656,213:3764,214:3896,215:3969,216:2863,217:2999,218:3137,219:3240,220:3340,221:3415,222:3540,223:3593,224:3699,225:3805,226:3884,227:4010,228:2937,229:2996,230:3057,231:3204,232:3277,233:3365,234:3532,235:3565,236:3691,237:3824,238:3930,239:3968,240:2874,241:3002,242:3129,243:3181,244:3281,245:3434,246:3499,247:3568,248:3734,249:3813,250:3894,251:3951,252:2877,253:3039,254:3083,255:3180,256:3335,257:3398,258:3527,259:3590,260:3729,261:3763,262:3918,263:3998,264:2896,265:3029,266:3097,267:3234,268:3325,269:3363,270:3489,271:3613,272:3715,273:3801,274:3857,275:3965,276:2937,277:3021,278:3050,279:3231,280:3273,281:3431,282:3533,283:3612,284:3658,285:3836,286:3902,287:4020,288:2946,289:2999,290:3146,291:3162,292:3312,293:3405,294:3505,295:3577,296:3677,297:3843,298:3893,299:4002,300:2892,301:3008,302:3137,303:3176,304:3304,305:3422,306:3499,307:3643,308:3657,309:3811,310:3863,311:4024,312:2913,313:2989,314:3087,315:3187,316:3270,317:3434,318:3503,319:3626,320:3720,321:3789,322:3907,323:4035,324:2917,325:2973,326:3124,327:3236,328:3256,329:3424,330:3524,331:3556,332:3715,333:3837,334:3912,335:4037,336:2858,337:3033,338:3087,339:3174,340:3264,341:3351,342:3515,343:3640,344:3719,345:3845,346:3857,347:4037,348:2927,349:3014,350:3096,351:3233,352:3346,353:3436,354:3526,355:3596,356:3729,357:3847,358:3933,359:3970
0:2877,1:3008,2:3147,3:3183,4:3277,5:3398,6:3461,7:3613,8:3676,9:3804,10:3884,11:3958,12:2878,13:2970,14:3068,15:3204,16:3339,17:3439,18:3487,19:3642,20:3665,21:3814,22:3904,23:4012,24:2854,25:2979,26:3066,27:3158,28:3264,29:3448,30:3541,31:3569,32:3739,33:3770,34:3902,35:4044,36:2882,37:2958,38:3129,39:3179,40:3292,41:3380,42:3509,43:3575,44:3677,45:3772,46:3885,47:4038,48:2888,49:3019,50:3083,51:3225,52:3266,53:3393,54:3505,55:3610,56:3651,57:3783,58:3892,59:4028,60:2932,61:2975,62:3052,63:3166,64:3250,65:3439,66:3481,67:3561,68:3671,69:3804,70:3879,71:3958,72:2895,73:2981,74:3111,75:3205,76:3259,77:3353,78:3535,79:3611,80:3665,81:3773,82:3917,83:3986,84:2892,85:2965,86:3100,87:3163,88:3330,89:3400,90:3501,91:3643,92:3686,93:3830,94:3881,95:3995,96:2922,97:3007,98:3128,99:3161,100:3291,101:3390,102:3533,103:3553,104:3730,105:3848,106:3878,107:4022,108:2948,109:3046,110:3065,111:3193,112:3288,113:3407,114:3540,115:3591,116:3652,117:3811,118:3890,119:4036,120:2892,121:3047,122:3134,123:3156,124:3329,125:3355,126:3542,127:3567,128:3652,129:3760,130:3894,131:4013,132:2938,133:3016,134:3136,135:3212,136:3276,137:3434,138:3475,139:3568,140:3671,141:3760,142:3884,143:3970,144:2878,145:3019,146:3129,147:3188,148:3335,149:3436,150:3457,151:3582,152:3659,153:3752,154:3856,155:4027,156:2853,157:3005,158:3139,159:3189,160:3272,161:3351,162:3509,163:3599,164:3673,165:3767,166:3941,167:3974,168:2920,169:2958,170:3078,171:3215,172:3333,173:3366,174:3533,175:3584,176:3695,177:3792,178:3929,179:3994,180:2883,181:3008,182:3117,183:3213,184:3342,185:3361,186:3489,187:3602,188:3725,189:3769,190:3891,191:3967,192:2916,193:2964,194:3080,195:3178,196:3287,197:3372,198:3501,199:3608,200:3724,201:3753,202:3946,203:3961,204:2919,205:2972,206:3135,207:3231,208:3345,209:3413,210:3479,211:3638,212:3698,213:3753,214:3877,215:4018,216:2856,217:2966,218:3146,219:3216,220:3295,221:3381,222:3510,223:3581,224:3729,225:3837,226:3926,227:4026,228:2932,229:3032,230:3109,231:3214,232:3302,233:3405,234:3532,235:3627,236:3748,237:3752,238:3917,239:4034,240:2891,241:3004,242:3055,243:3245,244:3344,245:3436,246:3517,247:3592,248:3656,249:3843,250:3887,251:3958,252:2904,253:3023,254:3071,255:3187,256:3259,257:3449,258:3534,259:3634,260:3717,261:3816,262:3928,263:4029,264:2947,265:3036,266:3148,267:3197,268:3309,269:3381,270:3507,271:3638,272:3683,273:3787,274:3896,275:4022,276:2893,277:3003,278:3136,279:3248,280:3257,281:3362,282:3485,283:3612,284:3678,285:3766,286:3918,287:4034,288:2885,289:3021,290:3062,291:3245,292:3297,293:3398,294:3507,295:3588,296:3714,297:3782,298:3904,299:3985,300:2891,301:3031,302:3076,303:3197,304:3342,305:3432,306:3518,307:3592,308:3662,309:3795,310:3949,311:4007,312:2888,313:3048,314:3130,315:3215,316:3286,317:3399,318:3519,319:3586,320:3745,321:3818,322:3856,323:3989,324:2861,325:3010,326:3052,327:3177,328:3307,329:3367,330:3458,331:3622,332:3719,333:3802,334:3931,335:4009,336:2879,337:2951,338:3051,339:3245,340:3269,341:3364,342:3534,343:3634,344:3704,345:3812,346:3932,347:4022,348:2909,349:3023,350:3100,351:3180,352:3323,353:3407,354:3500,355:3578,356:3662,357:3828,358:3935,359:3954
0:2887,1:2962,2:3081,3:3160,4:3289,5:3418,6:3510,7:3573,8:3744,9:3808,10:3906,11:3994,12:2878,13:3024,14:3083,15:3242,16:3347,17:3410,18:3492,19:3573,20:3712,21:3800,22:3901,23:4038,24:2944,25:2984,26:3101,27:3232,28:3304,29:3426,30:3510,31:3559,32:3699,33:3804,34:3926,35:3986,36:2893,37:3047,38:3080,39:3210,40:3334,41:3384,42:3454,43:3568,44:3733,45:3801,46:3893,47:4000,48:2940,49:3018,50:3050,51:3200,52:3282,53:3421,54:3475,55:3628,56:3699,57:3770,58:3920,59:4008,60:2852,61:2986,62:3067,63:3214,64:3306,65:3372,66:3499,67:3638,68:3687,69:3801,70:3895,71:3961,72:2864,73:2967,74:3092,75:3235,76:3279,77:3390,78:3494,79:3587,80:3714,81:3824,82:3903,83:3959,84:2867,85:2959,86:3063,87:3227,88:3252,89:3372,90:3458,91:3581,92:3692,93:3827,94:3917,95:4038,96:2852,97:3023,98:3053,99:3217,100:3346,101:3421,102:3463,103:3589,104:3743,105:3815,106:3908,107:3983,108:2907,109:2995,110:3119,111:3237,112:3308,113:3353,114:3471,115:3627,116:3701,117:3848,118:3875,119:3998,120:2887,121:2959,122:3102,123:3231,124:3272,125:3366,126:3451,127:3619,128:3734,129:3803,130:3934,131:3968,132:2911,133:3028,134:3108,135:3223,136:3252,137:3402,138:3521,139:3595,140:3680,141:3805,142:3897,143:4045,144:2867,145:2996,146:3077,147:3171,148:3332,149:3379,150:3524,151:3589,152:3684,153:3830,154:3866,155:4022,156:2872,157:2962,158:3085,159:3208,160:3321,161:3428,162:3526,163:3574,164:3692,165:3776,166:3923,167:4001,168:2935,169:2960,170:3087,171:3234,172:3303,173:3380,174:3543,175:3572,176:3716,177:3775,178:3926,179:3999,180:2935,181:2957,182:3085,183:3196,184:3345,185:3414,186:3450,187:3576,188:3676,189:3787,190:3852,191:3968,192:2936,193:2996,194:3133,195:3241,196:3267,197:3381,198:3515,199:3557,200:3675,201:3804,202:3854,203:3971,204:2924,205:3015,206:3090,207:3166,208:3317,209:3439,210:3530,211:3572,212:3701,213:3845,214:3867,215:3967,216:2921,217:2967,218:3057,219:3215,220:3313,221:3443,222:3504,223:3606,224:3719,225:3819,226:3891,227:3987,228:2920,229:3045,230:3147,231:3215,232:3262,233:3395,234:3481,235:3599,236:3725,237:3812,238:3890,239:4036,240:2907,241:2987,242:3121,243:3180,244:3272,245:3373,246:3516,247:3562,248:3710,249:3786,250:3935,251:4035,252:2891,253:3022,254:3069,255:3210,256:3306,257:3403,258:3483,259:3561,260:3665,261:3779,262:3933,263:4049,264:2911,265:2986,266:3104,267:3231,268:3297,269:3402,270:3457,271:3569,272:3738,273:3797,274:3892,275:3963,276:2859,277:3016,278:3111,279:3206,280:3340,281:3414,282:3477,283:3610,284:3696,285:3801,286:3900,287:3968,288:2942,289:2976,290:3067,291:3175,292:3308,293:3422,294:3457,295:3646,296:3725,297:3828,298:3859,299:4021,300:2893,301:2992,302:3136,303:3174,304:3265,305:3425,306:3533,307:3622,308:3651,309:3836,310:3854,311:4020,312:2897,313:2970,314:3105,315:3227,316:3305,317:3410,318:3496,319:3587,320:3746,321:3784,322:3874,323:4018,324:2933,325:2994,326:3130,327:3236,328:3254,329:3394,330:3504,331:3646,332:3721,333:3769,334:3892,335:4034,336:2916,337:3003,338:3140,339:3164,340:3295,341:3354,342:3499,343:3562,344:3707,345:3798,346:3897,347:4040,348:2868,349:2961,350:3148,351:3165,352:3333,353:3440,354:3461,355:3643,356:3714,357:3769,358:3940,359:3974
0:2870,1:3035,2:3059,3:3183,4:3284,5:3352,6:3468,7:3557,8:3667,9:3783,10:3892,11:3986,12:2907,13:2977,14:3077,15:3239,16:3304,17:3437,18:3451,19:3579,20:3713,21:3841,22:3879,23:3980,24:2892,25:2994,26:3056,27:3211,28:3289,29:3401,30:3534,31:3555,32:3673,33:3841,34:3902,35:4023,36:2904,37:3021,38:3105,39:3166,40:3300,41:3390,42:3548,43:3635,44:3703,45:3825,46:3857,47:4006,48:2899,49:3018,50:3105,51:3225,52:3339,53:3402,54:3516,55:3604,56:3739,57:3810,58:3929,59:3989,60:2885,61:3032,62:3109,63:3213,64:3318,65:3372,66:3547,67:3643,68:3685,69:3823,70:3893,71:3986,72:2902,73:2958,74:3147,75:3163,76:3263,77:3426,78:3526,79:3623,80:3674,81:3773,82:3893,83:3998,84:2862,85:2973,86:3091,87:3221,88:3291,89:3412,90:3455,91:3631,92:3655,93:3777,94:3868,95:3977,96:2928,97:2999,98:3052,99:3229,100:3342,101:3407,102:3548,103:3639,104:3680,105:3805,106:3887,107:3986,108:2879,109:3033,110:3056,111:3183,112:3311,113:3445,114:3491,115:3605,116:3726,117:3780,118:3949,119:4044,120:2895,121:2964,122:3130,123:3182,124:3269,125:3405,126:3549,127:3553,128:3687,129:3824,130:3912,131:4042,132:2945,133:2995,134:3102,135:3185,136:3343,137:3421,138:3547,139:3623,140:3735,141:3786,142:3853,143:4028,144:2923,145:3036,146:3101,147:3167,148:3264,149:3403,150:3477,151:3599,152:3678,153:3771,154:3936,155:3968,156:2947,157:2957,158:3067,159:3163,160:3313,161:3379,162:3510,163:3640,164:3650,165:3849,166:3941,167:4000,168:2883,169:2953,170:3097,171:3154,172:3332,173:3410,174:3482,175:3572,176:3702,177:3847,178:3866,179:3965,180:2887,181:3013,182:3113,183:3206,184:3288,185:3391,186:3453,187:3606,188:3716,189:3796,190:3863,191:4010,192:2921,193:2967,194:3121,195:3226,196:3294,197:3436,198:3538,199:3597,200:3710,201:3819,202:3907,203:3992,204:2853,205:3013,206:3105,207:3247,208:3274,209:3386,210:3490,211:3642,212:3665,213:3794,214:3938,215:3953,216:2908,217:3023,218:3057,219:3203,220:3285,221:3384,222:3544,223:3636,224:3666,225:3776,226:3871,227:4036,228:2919,229:3034,230:3093,231:3190,232:3339,233:3399,234:3545,235:3647,236:3696,237:3834,238:3859,239:4049,240:2901,241:3036,242:3096,243:3230,244:3269,245:3350,246:3455,247:3589,248:3743,249:3838,250:3860,251:3996,252:2926,253:2991,254:3136,255:3163,256:3315,257:3385,258:3478,259:3603,260:3675,261:3753,262:3889,263:4031,264:2879,265:2990,266:3112,267:3152,268:3311,269:3388,270:3522,271:3595,272:3660,273:3776,274:3902,275:4023,276:2902,277:2991,278:3056,279:3213,280:3262,281:3392,282:3517,283:3563,284:3696,285:3822,286:3940,287:3977,288:2938,289:2999,290:3078,291:3212,292:3281,293:3445,294:3476,295:3603,296:3718,297:3766,298:3925,299:4028,300:2873,301:3019,302:3130,303:3235,304:3264,305:3377,306:3464,307:3645,308:3653,309:3803,310:3941,311:3973,312:2873,313:3045,314:3110,315:3165,316:3324,317:3429,318:3517,319:3621,320:3729,321:3802,322:3941,323:3995,324:2948,325:3014,326:3130,327:3238,328:3334,329:3439,330:3496,331:3632,332:3694,333:3807,334:3947,335:3950,336:2850,337:3027,338:3082,339:3176,340:3331,341:3440,342:3452,343:3556,344:3655,345:3772,346:3866,347:4035,348:2931,349:3002,350:3082,351:3155,352:3342,353:3370,354:3467,355:3621,356:3737,357:3835,358:3904,359:3983
0:2941,1:3018,2:3075,3:3197,4:3314,5:3359,6:3505,7:3617,8:3692,9:3769,10:3890,11:4048,12:2856,13:2999,14:3144,15:3187,16:3267,17:3368,18:3522,19:3580,20:3679,21:3799,22:3877,23:3971,24:2912,25:3018,26:3140,27:3218,28:3266,29:3366,30:3480,31:3594,32:3739,33:3777,34:3867,35:3967,36:2875,37:2975,38:3147,39:3222,40:3331,41:3385,42:3452,43:3646,44:3731,45:3753,46:3871,47:3985,48:2871,49:2992,50:3084,51:3155,52:3344,53:3449,54:3515,55:3596,56:3747,57:3788,58:3907,59:4035,60:2900,61:2963,62:3078,63:3168,64:3323,65:3438,66:3499,67:3622,68:3724,69:3816,70:3920,71:4012,72:2883,73:3004,74:3143,75:3198,76:3326,77:3352,78:3472,79:3588,80:3735,81:3787,82:3886,83:3997,84:2922,85:2960,86:3054,87:3184,88:3344,89:3435,90:3451,91:3630,92:3670,93:3793,94:3855,95:3977,96:2910,97:2981,98:3052,99:3196,100:3263,101:3439,102:3514,103:3601,104:3699,105:3848,106:3851,107:3950,108:2850,109:2983,110:3065,111:3208,112:3330,113:3401,114:3451,115:3571,116:3655,117:3843,118:3862,119:4046,120:2913,121:3048,122:3136,123:3246,124:3337,125:3417,126:3463,127:3633,128:3676,129:3764,130:3886,131:4041,132:2852,133:2953,134:3106,135:3222,136:3296,137:3407,138:3466,139:3558,140:3715,141:3802,142:3927,143:4047,144:2900,145:2985,146:3141,147:3164,148:3290,149:3380,150:3524,151:3639,152:3685,153:3797,154:3858,155:4009,156:2863,157:2986,158:3081,159:3205,160:3315,161:3384,162:3452,163:3638,164:3652,165:3812,166:3910,167:4048,168:2947,169:3018,170:3106,171:3231,172:3288,173:3369,174:3514,175:3642,176:3702,177:3821,178:3939,179:4033,180:2924,181:3022,182:3057,183:3206,184:3320,185:3394,186:3455,187:3614,188:3656,189:3771,190:3916,191:3990,192:2858,193:3026,194:3125,195:3151,196:3278,197:3415,198:3504,199:3633,200:3682,201:3814,202:3870,203:3983,204:2865,205:2981,206:3102,207:3209,208:3299,209:3415,210:3540,211:3624,212:3664,213:3832,214:3932,215:4036,216:2934,217:3005,218:3109,219:3222,220:3253,221:3439,222:3488,223:3569,224:3710,225:3818,226:3897,227:4033,228:2927,229:3017,230:3124,231:3192,232:3261,233:3383,234:3464,235:3563,236:3664,237:3847,238:3907,239:4027,240:2919,241:3034,242:3149,243:3213,244:3333,245:3442,246:3521,247:3558,248:3656,249:3795,250:3858,251:4017,252:2879,253:2961,254:3094,255:3224,256:3339,257:3351,258:3530,259:3613,260:3713,261:3776,262:3902,263:3980,264:2883,265:2954,266:3059,267:3161,268:3324,269:3356,270:3516,271:3594,272:3652,273:3815,274:3871,275:3972,276:2876,277:2975,278:3112,279:3190,280:3265,281:3415,282:3476,283:3612,284:3702,285:3836,286:3920,287:4004,288:2879,289:3015,290:3091,291:3164,292:3251,293:3390,294:3458,295:3555,296:3667,297:3841,298:3906,299:4033,300:2908,301:2977,302:3060,303:3248,304:3342,305:3449,306:3543,307:3597,308:3684,309:3827,310:3923,311:4030,312:2935,313:3040,314:3140,315:3213,316:3332,317:3354,318:3516,319:3565,320:3704,321:3842,322:3858,323:4044,324:2922,325:3028,326:3080,327:3238,328:3263,329:3419,330:3498,331:3641,332:3741,333:3761,334:3861,335:4031,336:2944,337:3048,338:3064,339:3210,340:3256,341:3365,342:3492,343:3602,344:3687,345:3846,346:3860,347:3976,348:2916,349:3027,350:3136,351:3151,352:3290,353:3434,354:3505,355:3635,356:3687,357:3791,358:3893,359:4045
0:2900,1:2988,2:3059,3:3186,4:3303,5:3423,6:3474,7:3561,8:3712,9:3826,10:3942,11:4044,12:2918,13:2982,14:3073,15:3209,16:3311,17:3405,18:3499,19:3631,20:3742,21:3805,22:3927,23:3988,24:2905,25:3028,26:3138,27:3242,28:3263,29:3387,30:3547,31:3609,32:3686,33:3843,34:3942,35:4004,36:2928,37:2980,38:3119,39:3154,40:3298,41:3418,42:3503,43:3632,44:3747,45:3781,46:3897,47:4043,48:2881,49:3045,50:3069,51:3238,52:3266,53:3413,54:3471,55:3594,56:3700,57:3791,58:3904,59:3975,60:2885,61:2964,62:3074,63:3205,64:3272,65:3394,66:3484,67:3613,68:3731,69:3843,70:3871,71:4041,72:2938,73:3027,74:3115,75:3245,76:3303,77:3356,78:3533,79:3615,80:3675,81:3779,82:3916,83:4022,84:2947,85:3009,86:3081,87:3236,88:3327,89:3434,90:3520,91:3594,92:3748,93:3826,94:3939,95:3969,96:2874,97:3048,98:3109,99:3166,100:3292,101:3400,102:3537,103:3606,104:3705,105:3801,106:3928,107:4046,108:2878,109:2999,110:3094,111:3240,112:3298,113:3393,114:3466,115:3643,116:3686,117:3823,118:3912,119:4037,120:2912,121:3031,122:3112,123:3219,124:3303,125:3427,126:3493,127:3603,128:3672,129:3782,130:3925,131:4038,132:2886,133:2953,134:3090,135:3234,136:3283,137:3397,138:3454,139:3555,140:3705,141:3842,142:3934,143:4007,144:2873,145:2959,146:3078,147:3181,148:3316,149:3407,150:3473,151:3559,152:3736,153:3791,154:3852,155:3976,156:2948,157:2968,158:3053,159:3189,160:3342,161:3439,162:3536,163:3573,164:3733,165:3773,166:3910,167:4007,168:2895,169:3035,170:3106,171:3159,172:3269,173:3423,174:3513,175:3572,176:3713,177:3800,178:3944,179:3975,180:2940,181:2994,182:3124,183:3177,184:3318,185:3436,186:3467,187:3552,188:3716,189:3811,190:3907,191:3994,192:2899,193:3007,194:3117,195:3243,196:3349,197:3391,198:3536,199:3568,200:3659,201:3769,202:3909,203:4008,204:2931,205:2995,206:3117,207:3216,208:3321,209:3443,210:3493,211:3634,212:3677,213:3837,214:3856,215:3975,216:2896,217:2974,218:3146,219:3206,220:3327,221:3408,222:3464,223:3578,224:3695,225:3831,226:3853,227:4034,228:2922,229:3032,230:3073,231:3237,232:3264,233:3425,234:3472,235:3576,236:3716,237:3778,238:3863,239:3977,240:2856,241:2952,242:3081,243:3190,244:3340,245:3403,246:3473,247:3613,248:3692,249:3815,250:3852,251:4022,252:2896,253:3015,254:3065,255:3192,256:3265,257:3445,258:3505,259:3596,260:3733,261:3829,262:3919,263:4006,264:2947,265:2995,266:3104,267:3213,268:3255,269:3429,270:3508,271:3587,272:3698,273:3840,274:3853,275:4021,276:2855,277:2950,278:3058,279:3236,280:3345,281:3383,282:3531,283:3553,284:3697,285:3778,286:3873,287:3976,288:2866,289:2991,290:3111,291:3239,292:3342,293:3431,294:3499,295:3561,296:3653,297:3827,298:3875,299:3981,300:2868,301:3033,302:3137,303:3235,304:3269,305:3352,306:3477,307:3571,308:3746,309:3804,310:3945,311:3953,312:2871,313:2974,314:3081,315:3150,316:3255,317:3387,318:3495,319:3551,320:3689,321:3768,322:3882,323:3993,324:2939,325:3022,326:3054,327:3176,328:3293,329:3431,330:3542,331:3611,332:3738,333:3845,334:3897,335:4029,336:2911,337:3045,338:3101,339:3182,340:3318,341:3385,342:3499,343:3600,344:3666,345:3788,346:3899,347:3993,348:2865,349:2969,350:3111,351:3203,352:3302,353:3391,354:3481,355:3558,356:3698,357:3799,358:3891,359:3994
0:2868,1:2966,2:3120,3:3180,4:3258,5:3358,6:3455,7:3615,8:3661,9:3820,10:3858,11:4022,12:2940,13:2996,14:3147,15:3161,16:3348,17:3356,18:3545,19:3636,20:3699,21:3814,22:3890,23:4048,24:2916,25:3017,26:3115,27:3161,28:3343,29:3397,30:3485,31:3635,32:3726,33:3821,34:3947,35:3962,36:2886,37:3010,38:3143,39:3153,40:3259,41:3434,42:3473,43:3618,44:3678,45:3839,46:3949,47:3972,48:2913,49:3004,50:3073,51:3179,52:3288,53:3378,54:3528,55:3598,56:3658,57:3753,58:3866,59:3983,60:2915,61:3002,62:3058,63:3243,64:3282,65:3364,66:3525,67:3585,68:3690,69:3822,70:3896,71:3986,72:2876,73:3005,74:3120,75:3238,76:3345,77:3388,78:3535,79:3624,80:3659,81:3782,82:3869,83:4045,84:2872,85:3034,86:3102,87:3206,88:3282,89:3354,90:3521,91:3557,92:3677,93:3786,94:3903,95:3989,96:2851,97:2968,98:3107,99:3165,100:3334,101:3445,102:3526,103:3630,104:3734,105:3761,106:3897,107:3992,108:2859,109:3036,110:3094,111:3234,112:3325,113:3428,114:3454,115:3621,116:3741,117:3797,118:3917,119:4004,120:2920,121:3041,122:3087,123:3164,124:3264,125:3390,126:3549,127:3579,128:3718,129:3830,130:3880,131:3983,132:2879,133:2969,134:3108,135:3237,136:3293,137:3439,138:3536,139:3619,140:3716,141:3794,142:3880,143:4032,144:2941,145:2962,146:3102,147:3182,148:3307,149:3378,150:3508,151:3582,152:3729,153:3831,154:3944,155:3998,156:2926,157:3022,158:3087,159:3233,160:3269,161:3400,162:3473,163:3601,164:3733,165:3819,166:3867,167:3986,168:2855,169:2991,170:3108,171:3241,172:3303,173:3442,174:3546,175:3596,176:3678,177:3788,178:3881,179:3954,180:2945,181:3010,182:3063,183:3172,184:3273,185:3371,186:3505,187:3615,188:3724,189:3779,190:3909,191:3981,192:2920,193:3009,194:3050,195:3175,196:3287,197:3427,198:3505,199:3646,200:3695,201:3819,202:3914,203:4036,204:2889,205:2981,206:3120,207:3205,208:3297,209:3382,210:3481,211:3550,212:3718,213:3765,214:3890,215:4011,216:2908,217:2986,218:3135,219:3245,220:3349,221:3370,222:3494,223:3607,224:3697,225:3809,226:3867,227:4043,228:2854,229:2994,230:3089,231:3188,232:3292,233:3363,234:3482,235:3561,236:3726,237:3849,238:3921,239:4006,240:2886,241:2987,242:3077,243:3248,244:3329,245:3406,246:3467,247:3622,248:3671,249:3770,250:3892,251:4005,252:2901,253:2953,254:3066,255:3183,256:3299,257:3390,258:3480,259:3560,260:3650,261:3791,262:3862,263:3974,264:2948,265:3042,266:3082,267:3211,268:3278,269:3382,270:3514,271:3559,272:3739,273:3849,274:3939,275:3965,276:2906,277:3009,278:3060,279:3194,280:3305,281:3397,282:3498,283:3600,284:3696,285:3844,286:3926,287:3959,288:2850,289:3032,290:3070,291:3173,292:3266,293:3361,294:3464,295:3594,296:3673,297:3812,298:3915,299:3976,300:2873,301:2969,302:3096,303:3182,304:3287,305:3445,306:3477,307:3643,308:3672,309:3753,310:3863,311:4019,312:2935,313:2976,314:3083,315:3217,316:3270,317:3419,318:3491,319:3620,320:3706,321:3752,322:3862,323:3991,324:2919,325:3027,326:3084,327:3200,328:3330,329:3389,330:3491,331:3594,332:3662,333:3839,334:3947,335:4048,336:2926,337:3045,338:3106,339:3154,340:3295,341:3386,342:3497,343:3635,344:3656,345:3824,346:3944,347:3986,348:2869,349:3033,350:3091,351:3154,352:3266,353:3402,354:3496,355:3646,356:3703,357:3841,358:3931,359:3984
0:2905,1:2980,2:3086,3:3220,4:3340,5:3439,6:3479,7:3642,8:3736,9:3768,10:3863,11:4038,12:2934,13:3039,14:3112,15:3174,16:3295,17:3442,18:3480,19:3631,20:3672,21:3803,22:3931,23:3985,24:2932,25:3038,26:3102,27:3155,28:3280,29:3421,30:3450,31:3553,32:3705,33:3752,34:3864,35:4002,36:2855,37:3016,38:3060,39:3193,40:3286,41:3440,42:3464,43:3616,44:3723,45:3849,46:3869,47:4026,48:2893,49:3039,50:3071,51:3193,52:3329,53:3416,54:3535,55:3585,56:3738,57:3792,58:3862,59:3950,60:2880,61:3032,62:3082,63:3223,64:3316,65:3414,66:3494,67:3605,68:3657,69:3783,70:3925,71:4047,72:2912,73:2971,74:3079,75:3172,76:3282,77:3420,78:3493,79:3644,80:3712,81:3759,82:3860,83:3952,84:2861,85:2954,86:3072,87:3192,88:3315,89:3373,90:3454,91:3628,92:3671,93:3774,94:3882,95:4036,96:2936,97:2967,98:3139,99:3158,100:3302,101:3399,102:3458,103:3634,104:3744,105:3805,106:3882,107:3972,108:2949,109:2991,110:3078,111:3192,112:3272,113:3431,114:3483,115:3608,116:3687,117:3765,118:3941,119:3987,120:2944,121:2957,122:3143,123:3237,124:3333,125:3380,126:3524,127:3617,128:3679,129:3773,130:3883,131:3960,132:2907,133:3044,134:3082,135:3245,136:3292,137:3432,138:3487,139:3575,140:3680,141:3823,142:3924,143:3983,144:2936,145:2971,146:3092,147:3171,148:3268,149:3397,150:3520,151:3576,152:3684,153:3848,154:3859,155:3980,156:2932,157:3004,158:3132,159:3153,160:3295,161:3376,162:3471,163:3634,164:3657,165:3809,166:3873,167:3956,168:2920,169:3049,170:3104,171:3160,172:3288,173:3352,174:3495,175:3608,176:3707,177:3785,178:3852,179:3957,180:2909,181:2979,182:3067,183:3237,184:3315,185:3399,186:3479,187:3595,188:3696,189:3802,190:3927,191:3991,192:2883,193:2985,194:3081,195:3188,196:3296,197:3403,198:3509,199:3555,200:3659,201:3813,202:3855,203:4041,204:2887,205:2981,206:3136,207:3154,208:3324,209:3432,210:3531,211:3601,212:3703,213:3811,214:3942,215:3979,216:2887,217:2979,218:3128,219:3180,220:3258,221:3399,222:3457,223:3561,224:3669,225:3756,226:3871,227:4037,228:2934,229:3001,230:3084,231:3192,232:3259,233:3424,234:3549,235:3611,236:3661,237:3838,238:3909,239:4024,240:2864,241:3042,242:3149,243:3232,244:3308,245:3402,246:3457,247:3559,248:3693,249:3781,250:3875,251:4030,252:2861,253:3034,254:3139,255:3209,256:3250,257:3410,258:3537,259:3570,260:3651,261:3775,262:3892,263:4013,264:2902,265:3014,266:3138,267:3163,268:3297,269:3373,270:3496,271:3640,272:3704,273:3784,274:3945,275:3956,276:2911,277:2989,278:3128,279:3157,280:3324,281:3392,282:3507,283:3618,284:3744,285:3755,286:3875,287:4030,288:2900,289:3000,290:3149,291:3230,292:3283,293:3428,294:3477,295:3569,296:3666,297:3837,298:3930,299:3986,300:2914,301:2964,302:3141,303:3178,304:3342,305:3438,306:3549,307:3634,308:3722,309:3781,310:3904,311:4011,312:2898,313:3012,314:3112,315:3227,316:3263,317:3353,318:3475,319:3649,320:3677,321:3811,322:3929,323:4022,324:2876,325:3011,326:3120,327:3239,328:3348,329:3435,330:3514,331:3606,332:3722,333:3795,334:3852,335:4003,336:2895,337:2961,338:3144,339:3181,340:3269,341:3383,342:3455,343:3581,344:3690,345:3804,346:3862,347:4045,348:2897,349:2977,350:3058,351:3232,352:3312,353:3398,354:3482,355:3613,356:3685,357:3785,358:3875,359:4022
0:2909,1:2965,2:3131,3:3243,4:3293,5:3422,6:3477,7:3562,8:3712,9:3835,10:3860,11:3984,12:2898,13:3048,14:3112,15:3158,16:3263,17:3371,18:3509,19:3644,20:3670,21:3818,22:3939,23:3968,24:2925,25:3020,26:3060,27:3245,28:3338,29:3359,30:3480,31:3635,32:3685,33:3848,34:3861,35:3992,36:2946,37:3031,38:3089,39:3192,40:3301,41:3358,42:3453,43:3574,44:3723,45:3778,46:3893,47:4011,48:2879,49:2971,50:3098,51:3169,52:3312,53:3374,54:3496,55:3633,56:3738,57:3791,58:3853,59:4001,60:2855,61:3037,62:3083,63:3220,64:3261,65:3421,66:3474,67:3638,68:3684,69:3780,70:3867,71:4007,72:2888,73:2995,74:3051,75:3244,76:3302,77:3410,78:3496,79:3574,80:3709,81:3814,82:3854,83:3976,84:2923,85:2982,86:3089,87:3179,88:3287,89:3432,90:3520,91:3613,92:3680,93:3827,94:3884,95:4034,96:2916,97:3027,98:3066,99:3154,100:3346,101:3379,102:3456,103:3580,104:3666,105:3841,106:3875,107:3959,108:2859,109:2979,110:3078,111:3227,112:3250,113:3368,114:3538,115:3570,116:3722,117:3771,118:3921,119:3992,120:2886,121:2989,122:3052,123:3165,124:3285,125:3372,126:3462,127:3617,128:3708,129:3787,130:3917,131:3980,132:2911,133:3048,134:3080,135:3217,136:3313,137:3397,138:3457,139:3636,140:3674,141:3774,142:3935,143:4020,144:2937,145:2988,146:3086,147:3185,148:3284,149:3427,150:3520,151:3639,152:3694,153:3802,154:3889,155:4013,156:2902,157:3031,158:3114,159:3223,160:3312,161:3430,162:3538,163:3566,164:3659,165:3815,166:3930,167:3961,168:2887,169:3044,170:3061,171:3194,172:3337,173:3429,174:3466,175:3640,176:3680,177:3782,178:3872,179:3964,180:2911,181:3034,182:3134,183:3197,184:3250,185:3364,186:3525,187:3609,188:3680,189:3799,190:3880,191:4013,192:2884,193:2950,194:3118,195:3205,196:3268,197:3350,198:3473,199:3627,200:3746,201:3826,202:3874,203:4021,204:2915,205:3019,206:3126,207:3208,208:3323,209:3374,210:3465,211:3591,212:3742,213:3779,214:3886,215:3965,216:2882,217:3023,218:3147,219:3196,220:3277,221:3406,222:3471,223:3573,224:3689,225:3841,226:3913,227:3951,228:2873,229:3010,230:3105,231:3168,232:3250,233:3366,234:3507,235:3636,236:3704,237:3784,238:3888,239:4034,240:2938,241:2998,242:3076,243:3231,244:3307,245:3378,246:3453,247:3577,248:3688,249:3809,250:3902,251:4033,252:2948,253:2974,254:3093,255:3152,256:3291,257:3410,258:3488,259:3570,260:3682,261:3807,262:3895,263:3950,264:2905,265:2958,266:3101,267:3243,268:3291,269:3371,270:3490,271:3615,272:3748,273:3846,274:3858,275:3966,276:2850,277:3036,278:3059,279:3165,280:3279,281:3357,282:3464,283:3626,284:3709,285:3800,286:3930,287:3983,288:2895,289:2990,290:3052,291:3242,292:3334,293:3432,294:3482,295:3592,296:3651,297:3781,298:3865,299:4044,300:2875,301:3024,302:3096,303:3237,304:3340,305:3357,306:3475,307:3608,308:3737,309:3803,310:3932,311:3959,312:2918,313:2963,314:3145,315:3192,316:3322,317:3382,318:3472,319:3584,320:3734,321:3824,322:3891,323:3989,324:2863,325:3022,326:3127,327:3218,328:3308,329:3399,330:3451,331:3631,332:3652,333:3833,334:3932,335:4048,336:2949,337:2975,338:3052,339:3238,340:3271,341:3435,342:3530,343:3562,344:3731,345:3784,346:3916,347:4018,348:2877,349:3000,350:3079,351:3209,352:3325,353:3413,354:3491,355:3568,356:3661,357:3814,358:3930,359:4014
0:2885,1:3047,2:3147,3:3214,4:3296,5:3359,6:3498,7:3621,8:3740,9:3791,10:3872,11:4009,12:2935,13:3036,14:3136,15:3177,16:3314,17:3360,18:3453,19:3587,20:3706,21:3752,22:3948,23:3958,24:2947,25:2989,26:3106,27:3176,28:3265,29:3361,30:3513,31:3578,32:3722,33:3782,34:3896,35:3990,36:2889,37:3046,38:3148,39:3173,40:3323,41:3361,42:3468,43:3589,44:3665,45:3762,46:3853,47:4024,48:2862,49:2966,50:3064,51:3221,52:3261,53:3445,54:3453,55:3610,56:3749,57:3796,58:3894,59:3991,60:2942,61:2983,62:3086,63:3223,64:3319,65:3352,66:3545,67:3565,68:3709,69:3756,70:3868,71:3951,72:2892,73:3028,74:3103,75:3172,76:3322,77:3370,78:3506,79:3568,80:3740,81:3817,82:3872,83:3983,84:2860,85:3035,86:3123,87:3225,88:3256,89:3392,90:3467,91:3593,92:3683,93:3809,94:3873,95:4006,96:2872,97:2984,98:3138,99:3173,100:3260,101:3443,102:3484,103:3585,104:3686,105:3831,106:3881,107:4008,108:2934,109:2970,110:3103,111:3192,112:3316,113:3415,114:3546,115:3622,116:3666,117:3773,118:3947,119:3995,120:2913,121:3016,122:3099,123:3157,124:3349,125:3448,126:3541,127:3606,128:3674,129:3826,130:3929,131:3971,132:2947,133:2955,134:3142,135:3240,136:3306,137:3416,138:3459,139:3639,140:3688,141:3777,142:3920,143:4030,144:2863,145:2997,146:3144,147:3236,148:3276,149:3351,150:3548,151:3556,152:3733,153:3768,154:3882,155:3968,156:2853,157:3009,158:3078,159:3247,160:3293,161:3436,162:3509,163:3585,164:3681,165:3827,166:3896,167:4038,168:2887,169:2959,170:3056,171:3225,172:3250,173:3444,174:3503,175:3604,176:3692,177:3814,178:3926,179:4001,180:2894,181:3000,182:3140,183:3205,184:3307,185:3406,186:3491,187:3624,188:3661,189:3819,190:3877,191:4011,192:2921,193:3025,194:3116,195:3222,196:3261,197:3363,198:3537,199:3570,200:3731,201:3757,202:3945,203:3981,204:2900,205:2993,206:3089,207:3218,208:3338,209:3417,210:3501,211:3619,212:3723,213:3842,214:3940,215:4034,216:2856,217:2972,218:3066,219:3237,220:3267,221:3426,222:3488,223:3613,224:3747,225:3826,226:3942,227:3973,228:2910,229:2985,230:3076,231:3207,232:3337,233:3437,234:3502,235:3608,236:3694,237:3801,238:3859,239:3963,240:2900,241:2978,242:3130,243:3153,244:3291,245:3371,246:3486,247:3560,248:3746,249:3790,250:3895,251:4014,252:2885,253:2998,254:3061,255:3241,256:3263,257:3419,258:3460,259:3554,260:3686,261:3836,262:3868,263:4021,264:2932,265:3028,266:3095,267:3222,268:3326,269:3414,270:3528,271:3593,272:3669,273:3777,274:3864,275:4027,276:2863,277:3042,278:3078,279:3205,280:3316,281:3431,282:3531,283:3610,284:3730,285:3750,286:3871,287:3991,288:2857,289:3047,290:3110,291:3187,292:3268,293:3383,294:3457,295:3647,296:3670,297:3795,298:3853,299:4017,300:2937,301:2958,302:3070,303:3191,304:3280,305:3447,306:3476,307:3595,308:3717,309:3818,310:3943,311:4036,312:2933,313:2985,314:3061,315:3187,316:3344,317:3383,318:3512,319:3582,320:3704,321:3785,322:3914,323:3984,324:2867,325:2958,326:3098,327:3233,328:3332,329:3433,330:3508,331:3614,332:3722,333:3837,334:3868,335:4020,336:2875,337:3013,338:3083,339:3160,340:3302,341:3357,342:3477,343:3595,344:3668,345:3752,346:3866,347:4000,348:2857,349:3034,350:3145,351:3158,352:3305,353:3367,354:3537,355:3567,356:3658,357:3846,358:3898,359:4037
0:2896,1:2978,2:3097,3:3217,4:3328,5:3425,6:3460,7:3638,8:3680,9:3844,10:3929,11:4028,12:2927,13:2986,14:3055,15:3212,16:3287,17:3380,18:3514,19:3590,20:3669,21:3806,22:3947,23:4038,24:2877,25:3033,26:3066,27:3194,28:3345,29:3392,30:3543,31:3593,32:3706,33:3787,34:3904,35:4038,36:2867,37:3010,38:3055,39:3247,40:3257,41:3386,42:3482,43:3647,44:3718,45:3756,46:3872,47:4040,48:2931,49:3001,50:3053,51:3199,52:3317,53:3380,54:3504,55:3617,56:3748,57:3819,58:3911,59:4042,60:2927,61:2977,62:3134,63:3210,64:3314,65:3354,66:3545,67:3565,68:3659,69:3800,70:3880,71:3979,72:2904,73:2988,74:3090,75:3170,76:3250,77:3352,78:3464,79:3561,80:3675,81:3820,82:3914,83:3996,84:2881,85:3011,86:3069,87:3241,88:3277,89:3446,90:3539,91:3623,92:3706,93:3804,94:3872,95:4025,96:2922,97:2962,98:3074,99:3215,100:3264,101:3422,102:3476,103:3612,104:3702,105:3799,106:3894,107:4015,108:2899,109:2970,110:3106,111:3156,112:3305,113:3423,114:3508,115:3586,116:3721,117:3789,118:3852,119:3967,120:2878,121:2981,122:3113,123:3194,124:3253,125:3442,126:3474,127:3552,128:3680,129:3787,130:3885,131:3970,132:2889,133:3019,134:3141,135:3160,136:3309,137:3373,138:3548,139:3635,140:3660,141:3839,142:3901,143:3974,144:2859,145:2991,146:3126,147:3153,148:3310,149:3427,150:3518,151:3593,152:3694,153:3848,154:3879,155:3955,156:2910,157:2970,158:3063,159:3193,160:3276,161:3427,162:3513,163:3574,164:3721,165:3766,166:3903,167:3969,168:2896,169:3015,170:3142,171:3161,172:3301,173:3409,174:3533,175:3623,176:3724,177:3783,178:3915,179:3998,180:2913,181:2963,182:3099,183:3198,184:3331,185:3379,186:3537,187:3597,188:3745,189:3777,190:3903,191:3997,192:2880,193:2993,194:3069,195:3202,196:3304,197:3427,198:3528,199:3587,200:3692,201:3830,202:3856,203:3970,204:2874,205:2950,206:3102,207:3239,208:3303,209:3429,210:3472,211:3591,212:3713,213:3790,214:3900,215:3992,216:2928,217:2953,218:3108,219:3151,220:3314,221:3355,222:3549,223:3607,224:3672,225:3772,226:3885,227:4019,228:2892,229:2995,230:3113,231:3159,232:3260,233:3427,234:3519,235:3553,236:3742,237:3810,238:3943,239:3967,240:2895,241:2970,242:3099,243:3228,244:3259,245:3358,246:3470,247:3617,248:3745,249:3838,250:3889,251:4026,252:2865,253:3012,254:3136,255:3198,256:3340,257:3405,258:3475,259:3558,260:3718,261:3766,262:3902,263:4003,264:2881,265:3017,266:3060,267:3200,268:3309,269:3431,270:3544,271:3592,272:3742,273:3757,274:3918,275:3966,276:2884,277:3035,278:3051,279:3235,280:3345,281:3417,282:3477,283:3563,284:3676,285:3785,286:3873,287:3977,288:2862,289:2969,290:3065,291:3209,292:3253,293:3435,294:3503,295:3606,296:3657,297:3782,298:3928,299:4012,300:2946,301:2981,302:3060,303:3227,304:3306,305:3352,306:3547,307:3606,308:3741,309:3790,310:3912,311:4045,312:2886,313:3026,314:3120,315:3159,316:3290,317:3415,318:3474,319:3617,320:3709,321:3803,322:3869,323:3950,324:2877,325:2965,326:3090,327:3162,328:3279,329:3432,330:3468,331:3648,332:3688,333:3793,334:3883,335:4042,336:2939,337:3020,338:3081,339:3170,340:3322,341:3391,342:3470,343:3595,344:3718,345:3823,346:3939,347:3999,348:2879,349:3002,350:3078,351:3189,352:3308,353:3389,354:3523,355:3570,356:3725,357:3812,358:3901,359:3988
0:2894,1:3002,2:3104,3:3204,4:3319,5:3374,6:3452,7:3625,8:3657,9:3818,10:3863,11:3993,12:2924,13:3023,14:3070,15:3211,16:3349,17:3392,18:3520,19:3586,20:3654,21:3775,22:3902,23:4015,24:2878,25:2954,26:3070,27:3192,28:3349,29:3358,30:3528,31:3598,32:3688,33:3813,34:3943,35:3997,36:2912,37:3012,38:3109,39:3166,40:3337,41:3406,42:3532,43:3555,44:3708,45:3790,46:3896,47:3996,48:2880,49:3012,50:3080,51:3195,52:3345,53:3438,54:3548,55:3621,56:3744,57:3802,58:3928,59:4010,60:2881,61:3030,62:3142,63:3235,64:3303,65:3357,66:3500,67:3598,68:3668,69:3811,70:3892,71:3972,72:2922,73:2956,74:3136,75:3155,76:3304,77:3443,78:3487,79:3602,80:3676,81:3824,82:3945,83:4027,84:2894,85:2968,86:3105,87:3226,88:3272,89:3435,90:3450,91:3637,92:3657,93:3806,94:3893,95:3981,96:2866,97:2973,98:3066,99:3191,100:3303,101:3381,102:3504,103:3593,104:3706,105:3761,106:3925,107:3965,108:2876,109:3039,110:3064,111:3195,112:3326,113:3369,114:3483,115:3584,116:3747,117:3783,118:3913,119:3973,120:2910,121:2971,122:3086,123:3177,124:3296,125:3411,126:3458,127:3579,128:3672,129:3812,130:3857,131:4045,132:2893,133:3041,134:3050,135:3217,136:3306,137:3429,138:3464,139:3594,140:3734,141:3842,142:3946,143:3973,144:2887,145:3007,146:3074,147:3150,148:3292,149:3428,150:3536,151:3577,152:3693,153:3807,154:3932,155:4000,156:2947,157:3021,158:3068,159:3219,160:3279,161:3417,162:3536,163:3631,164:3739,165:3809,166:3898,167:4044,168:2912,169:2965,170:3087,171:3235,172:3295,173:3435,174:3495,175:3576,176:3680,177:3771,178:3877,179:4031,180:2938,181:2960,182:3145,183:3240,184:3302,185:3431,186:3460,187:3574,188:3716,189:3823,190:3920,191:3999,192:2875,193:3021,194:3135,195:3196,196:3271,197:3382,198:3532,199:3564,200:3703,201:3758,202:3911,203:4029,204:2945,205:3008,206:3077,207:3171,208:3325,209:3384,210:3490,211:3573,212:3658,213:3845,214:3864,215:3968,216:2852,217:3043,218:3131,219:3178,220:3331,221:3358,222:3465,223:3574,224:3683,225:3822,226:3907,227:4044,228:2883,229:2959,230:3129,231:3219,232:3270,233:3384,234:3462,235:3602,236:3734,237:3767,238:3919,239:4015,240:2930,241:3041,242:3092,243:3212,244:3327,245:3397,246:3481,247:3604,248:3709,249:3846,250:3925,251:3991,252:2904,253:3007,254:3095,255:3219,256:3278,257:3422,258:3504,259:3612,260:3707,261:3818,262:3880,263:4014,264:2927,265:3018,266:3117,267:3160,268:3300,269:3367,270:3508,271:3627,272:3706,273:3750,274:3872,275:4049,276:2906,277:2999,278:3059,279:3215,280:3308,281:3351,282:3508,283:3642,284:3709,285:3834,286:3874,287:3961,288:2901,289:3009,290:3081,291:3238,292:3294,293:3422,294:3525,295:3633,296:3719,297:3771,298:3872,299:4035,300:2899,301:2985,302:3074,303:3219,304:3318,305:3375,306:3517,307:3585,308:3680,309:3840,310:3863,311:3969,312:2930,313:2984,314:3070,315:3220,316:3258,317:3436,318:3470,319:3630,320:3666,321:3800,322:3873,323:3990,324:2904,325:2983,326:3117,327:3199,328:3286,329:3447,330:3482,331:3563,332:3679,333:3812,334:3895,335:3968,336:2942,337:3039,338:3143,339:3157,340:3298,341:3438,342:3472,343:3608,344:3691,345:3836,346:3909,347:3951,348:2910,349:2988,350:3147,351:3196,352:3318,353:3356,354:3503,355:3602,356:3670,357:3833,358:3864,359:4025
0:2908,1:3035,2:3092,3:3222,4:3286,5:3353,6:3541,7:3646,8:3669,9:3849,10:3862,11:4004,12:2869,13:2993,14:3134,15:3229,16:3264,17:3368,18:3498,19:3610,20:3732,21:3804,22:3883,23:4047,24:2910,25:2985,26:3072,27:3218,28:3319,29:3435,30:3536,31:3573,32:3670,33:3795,34:3932,35:4001,36:2929,37:3019,38:3061,39:3163,40:3307,41:3406,42:3514,43:3634,44:3712,45:3800,46:3876,47:3964,48:2863,49:2976,50:3141,51:3215,52:3257,53:3449,54:3548,55:3556,56:3688,57:3790,58:3850,59:4009,60:2910,61:2995,62:3082,63:3218,64:3322,65:3434,66:3527,67:3551,68:3659,69:3800,70:3856,71:4027,72:2884,73:3029,74:3142,75:3151,76:3286,77:3445,78:3481,79:3576,80:3703,81:3790,82:3852,83:3950,84:2868,85:2951,86:3117,87:3167,88:3313,89:3398,90:3499,91:3637,92:3680,93:3815,94:3878,95:3977,96:2885,97:3034,98:3118,99:3182,100:3260,101:3350,102:3499,103:3624,104:3723,105:3779,106:3890,107:3985,108:2889,109:2959,110:3102,111:3245,112:3337,113:3407,114:3509,115:3587,116:3747,117:3822,118:3883,119:3967,120:2926,121:3034,122:3061,123:3239,124:3295,125:3391,126:3452,127:3599,128:3683,129:3812,130:3930,131:4003,132:2945,133:2986,134:3095,135:3236,136:3299,137:3438,138:3500,139:3588,140:3696,141:3815,142:3924,143:4017,144:2949,145:2995,146:3142,147:3200,148:3257,149:3376,150:3488,151:3609,152:3705,153:3845,154:3852,155:4022,156:2930,157:2978,158:3148,159:3207,160:3257,161:3401,162:3548,163:3552,164:3724,165:3762,166:3891,167:3952,168:2888,169:3001,170:3057,171:3153,172:3338,173:3382,174:3529,175:3637,176:3729,177:3795,178:3942,179:3998,180:2850,181:3006,182:3068,183:3162,184:3323,185:3419,186:3509,187:3550,188:3718,189:3778,190:3865,191:3990,192:2934,193:2989,194:3101,195:3229,196:3288,197:3378,198:3534,199:3552,200:3691,201:3772,202:3938,203:4046,204:2945,205:3041,206:3099,207:3246,208:3254,209:3407,210:3519,211:3556,212:3749,213:3780,214:3880,215:4011,216:2945,217:3042,218:3140,219:3249,220:3291,221:3397,222:3509,223:3563,224:3735,225:3843,226:3885,227:4037,228:2910,229:2996,230:3088,231:3194,232:3312,233:3438,234:3548,235:3617,236:3719,237:3753,238:3922,239:4037,240:2926,241:2958,242:3061,243:3188,244:3299,245:3434,246:3472,247:3609,248:3721,249:3847,250:3882,251:3973,252:2854,253:2960,254:3137,255:3212,256:3319,257:3429,258:3453,259:3644,260:3679,261:3801,262:3852,263:4027,264:2949,265:3012,266:3111,267:3159,268:3305,269:3445,270:3512,271:3565,272:3676,273:3791,274:3912,275:4014,276:2885,277:2951,278:3137,279:3161,280:3305,281:3355,282:3460,283:3647,284:3733,285:3780,286:3897,287:4017,288:2854,289:2973,290:3116,291:3206,292:3293,293:3356,294:3505,295:3637,296:3683,297:3805,298:3941,299:4046,300:2895,301:2992,302:3141,303:3189,304:3296,305:3378,306:3486,307:3583,308:3688,309:3757,310:3948,311:3954,312:2856,313:3046,314:3075,315:3212,316:3321,317:3382,318:3505,319:3615,320:3674,321:3779,322:3858,323:4029,324:2937,325:3036,326:3123,327:3213,328:3331,329:3403,330:3547,331:3588,332:3711,333:3815,334:3904,335:4032,336:2895,337:2973,338:3136,339:3235,340:3261,341:3426,342:3502,343:3606,344:3665,345:3817,346:3850,347:3978,348:2870,349:2995,350:3068,351:3208,352:3283,353:3433,354:3506,355:3570,356:3700,357:3787,358:3907,359:3963
0:2907,1:2969,2:3122,3:3190,4:3303,5:3360,6:3479,7:3585,8:3729,9:3816,10:3933,11:4010,12:2860,13:2962,14:3117,15:3245,16:3328,17:3398,18:3451,19:3562,20:3716,21:3816,22:3924,23:4028,24:2867,25:2997,26:3137,27:3213,28:3319,29:3403,30:3465,31:3626,32:3716,33:3814,34:3896,35:4025,36:2884,37:2953,38:3096,39:3184,40:3312,41:3373,42:3497,43:3641,44:3715,45:3825,46:3929,47:4033,48:2891,49:2979,50:3145,51:3208,52:3284,53:3358,54:3531,55:3615,56:3740,57:3824,58:3850,59:4046,60:2929,61:2991,62:3143,63:3245,64:3326,65:3397,66:3461,67:3637,68:3665,69:3779,70:3917,71:4028,72:2942,73:2979,74:3062,75:3181,76:3337,77:3426,78:3520,79:3550,80:3668,81:3845,82:3885,83:3998,84:2895,85:3038,86:3118,87:3177,88:3287,89:3377,90:3484,91:3617,92:3719,93:3757,94:3902,95:4035,96:2867,97:3008,98:3127,99:3173,100:3313,101:3406,102:3465,103:3610,104:3743,105:3827,106:3891,107:3957,108:2937,109:2990,110:3118,111:3200,112:3315,113:3382,114:3459,115:3615,116:3666,117:3768,118:3918,119:4017,120:2919,121:3026,122:3130,123:3243,124:3345,125:3442,126:3498,127:3613,128:3658,129:3801,130:3861,131:4011,132:2930,133:3024,134:3064,135:3204,136:3348,137:3386,138:3516,139:3599,140:3707,141:3781,142:3924,143:3986,144:2862,145:2985,146:3073,147:3249,148:3291,149:3421,150:3488,151:3618,152:3679,153:3810,154:3858,155:4004,156:2888,157:3012,158:3063,159:3244,160:3262,161:3435,162:3484,163:3593,164:3690,165:3793,166:3889,167:4031,168:2913,169:3026,170:3073,171:3223,172:3286,173:3419,174:3485,175:3572,176:3719,177:3784,178:3912,179:3963,180:2886,181:2961,182:3135,183:3203,184:3274,185:3400,186:3504,187:3591,188:3651,189:3753,190:3864,191:4028,192:2898,193:3035,194:3145,195:3211,196:3278,197:3357,198:3542,199:3611,200:3694,201:3836,202:3858,203:3979,204:2863,205:3040,206:3067,207:3156,208:3302,209:3368,210:3538,211:3644,212:3745,213:3819,214:3886,215:4020,216:2920,217:3028,218:3093,219:3199,220:3333,221:3432,222:3543,223:3572,224:3700,225:3809,226:3904,227:4009,228:2893,229:2979,230:3148,231:3186,232:3278,233:3358,234:3530,235:3608,236:3654,237:3833,238:3895,239:3990,240:2883,241:2964,242:3109,243:3211,244:3299,245:3399,246:3458,247:3639,248:3700,249:3809,250:3855,251:4048,252:2895,253:3018,254:3098,255:3208,256:3343,257:3411,258:3533,259:3624,260:3702,261:3783,262:3929,263:3974,264:2915,265:2994,266:3059,267:3217,268:3299,269:3444,270:3546,271:3637,272:3744,273:3840,274:3894,275:3994,276:2940,277:2951,278:3144,279:3216,280:3314,281:3446,282:3483,283:3584,284:3661,285:3845,286:3947,287:4032,288:2852,289:3027,290:3134,291:3210,292:3329,293:3411,294:3505,295:3573,296:3654,297:3775,298:3949,299:4031,300:2895,301:2994,302:3079,303:3198,304:3266,305:3380,306:3474,307:3559,308:3744,309:3764,310:3855,311:4039,312:2944,313:2967,314:3112,315:3201,316:3341,317:3389,318:3475,319:3608,320:3689,321:3763,322:3912,323:3976,324:2856,325:3014,326:3130,327:3151,328:3255,329:3442,330:3541,331:3602,332:3719,333:3830,334:3879,335:3976,336:2868,337:3025,338:3142,339:3242,340:3308,341:3400,342:3488,343:3574,344:3691,345:3826,346:3949,347:4010,348:2908,349:2987,350:3080,351:3161,352:3334,353:3431,354:3509,355:3584,356:3688,357:3753,358:3899,359:3959
0:2945,1:3000,2:3090,3:3201,4:3319,5:3357,6:3460,7:3573,8:3694,9:3799,10:3915,11:3996,12:2903,13:3037,14:3122,15:3244,16:3317,17:3391,18:3548,19:3571,20:3694,21:3849,22:3912,23:4034,24:2942,25:2984,26:3073,27:3195,28:3305,29:3425,30:3463,31:3643,32:3707,33:3785,34:3874,35:4029,36:2944,37:3032,38:3071,39:3217,40:3288,41:3397,42:3545,43:3636,44:3655,45:3805,46:3888,47:4027,48:2880,49:2978,50:3145,51:3226,52:3332,53:3415,54:3455,55:3612,56:3693,57:3765,58:3901,59:4044,60:2937,61:2954,62:3132,63:3218,64:3283,65:3437,66:3459,67:3630,68:3675,69:3816,70:3885,71:4042,72:2850,73:3013,74:3142,75:3185,76:3276,77:3408,78:3473,79:3600,80:3738,81:3751,82:3931,83:4039,84:2853,85:3009,86:3070,87:3235,88:3318,89:3434,90:3490,91:3559,92:3687,93:3833,94:3866,95:3999,96:2937,97:3011,98:3056,99:3195,100:3259,101:3374,102:3456,103:3624,104:3668,105:3834,106:3862,107:3968,108:2856,109:3002,110:3126,111:3176,112:3316,113:3369,114:3541,115:3588,116:3658,117:3784,118:3886,119:4030,120:2940,121:2987,122:3084,123:3156,124:3320,125:3363,126:3503,127:3570,128:3723,129:3825,130:3900,131:3984,132:2898,133:2953,134:3101,135:3205,136:3325,137:3412,138:3485,139:3616,140:3714,141:3847,142:3853,143:4011,144:2896,145:3024,146:3126,147:3228,148:3330,149:3419,150:3549,151:3596,152:3657,153:3834,154:3874,155:3989,156:2888,157:2986,158:3133,159:3181,160:3291,161:3446,162:3533,163:3563,164:3670,165:3756,166:3940,167:4038,168:2890,169:3009,170:3132,171:3163,172:3278,173:3448,174:3497,175:3640,176:3706,177:3811,178:3909,179:4040,180:2891,181:3039,182:3129,183:3249,184:3292,185:3382,186:3487,187:3611,188:3710,189:3762,190:3926,191:4013,192:2905,193:2990,194:3140,195:3202,196:3314,197:3427,198:3500,199:3635,200:3730,201:3847,202:3890,203:3969,204:2889,205:2981,206:3106,207:3235,208:3305,209:3399,210:3503,211:3625,212:3741,213:3776,214:3905,215:3951,216:2887,217:2953,218:3094,219:3190,220:3291,221:3435,222:3496,223:3582,224:3746,225:3771,226:3919,227:4000,228:2937,229:3011,230:3065,231:3215,232:3254,233:3355,234:3501,235:3602,236:3724,237:3822,238:3946,239:4045,240:2908,241:3013,242:3130,243:3247,244:3265,245:3393,246:3462,247:3599,248:3678,249:3788,250:3929,251:4031,252:2931,253:2978,254:3117,255:3171,256:3318,257:3388,258:3511,259:3560,260:3715,261:3793,262:3892,263:3981,264:2948,265:3002,266:3052,267:3239,268:3346,269:3366,270:3491,271:3597,272:3710,273:3768,274:3926,275:4023,276:2922,277:3005,278:3061,279:3162,280:3264,281:3436,282:3477,283:3596,284:3676,285:3832,286:3929,287:3982,288:2901,289:3044,290:3131,291:3230,292:3257,293:3443,294:3524,295:3556,296:3742,297:3800,298:3874,299:4042,300:2923,301:2950,302:3058,303:3203,304:3276,305:3426,306:3477,307:3647,308:3703,309:3765,310:3863,311:3957,312:2922,313:2963,314:3121,315:3237,316:3343,317:3404,318:3454,319:3591,320:3678,321:3789,322:3923,323:4012,324:2943,325:2954,326:3092,327:3178,328:3266,329:3406,330:3484,331:3624,332:3687,333:3758,334:3934,335:4001,336:2908,337:2972,338:3067,339:3249,340:3253,341:3427,342:3476,343:3597,344:3741,345:3763,346:3902,347:4046,348:2908,349:3036,350:3090,351:3235,352:3257,353:3434,354:3549,355:3564,356:3731,357:3836,358:3917,359:4022
0:2947,1:2961,2:3097,3:3216,4:3272,5:3436,6:3476,7:3601,8:3650,9:3819,10:3864,11:3973,12:2870,13:2973,14:3102,15:3169,16:3278,17:3435,18:3520,19:3550,20:3687,21:3803,22:3858,23:3999,24:2908,25:3024,26:3124,27:3180,28:3296,29:3412,30:3523,31:3584,32:3726,33:3823,34:3924,35:4008,36:2937,37:2988,38:3095,39:3205,40:3309,41:3430,42:3502,43:3589,44:3729,45:3799,46:3928,47:3957,48:2926,49:2960,50:3110,51:3196,52:3301,53:3400,54:3547,55:3647,56:3702,57:3778,58:3872,59:3977,60:2862,61:2990,62:3050,63:3176,64:3283,65:3352,66:3466,67:3614,68:3672,69:3784,70:3865,71:3957,72:2850,73:2982,74:3130,75:3203,76:3286,77:3353,78:3474,79:3564,80:3723,81:3792,82:3895,83:4028,84:2915,85:2989,86:3090,87:3235,88:3330,89:3364,90:3534,91:3610,92:3717,93:3830,94:3894,95:4023,96:2943,97:3015,98:3090,99:3173,100:3254,101:3402,102:3458,103:3649,104:3663,105:3775,106:3860,107:4047,108:2926,109:3026,110:3090,111:3205,112:3257,113:3376,114:3537,115:3551,116:3713,117:3813,118:3889,119:4002,120:2870,121:2976,122:3081,123:3167,124:3285,125:3422,126:3468,127:3621,128:3708,129:3787,130:3920,131:3952,132:2943,133:3046,134:3068,135:3200,136:3258,137:3378,138:3469,139:3626,140:3657,141:3842,142:3906,143:3977,144:2902,145:2957,146:3135,147:3202,148:3338,149:3403,150:3491,151:3624,152:3739,153:3849,154:3948,155:3979,156:2934,157:3006,158:3128,159:3178,160:3293,161:3444,162:3467,163:3609,164:3681,165:3773,166:3905,167:3993,168:2903,169:3044,170:3107,171:3189,172:3257,173:3382,174:3505,175:3555,176:3672,177:3811,178:3896,179:4002,180:2857,181:2994,182:3067,183:3171,184:3279,185:3373,186:3484,187:3637,188:3675,189:3758,190:3870,191:3964,192:2924,193:3010,194:3116,195:3194,196:3273,197:3409,198:3529,199:3563,200:3669,201:3830,202:3880,203:3997,204:2946,205:2968,206:3114,207:3198,208:3269,209:3406,210:3481,211:3579,212:3689,213:3839,214:3879,215:3985,216:2891,217:3032,218:3059,219:3230,220:3272,221:3433,222:3497,223:3578,224:3667,225:3791,226:3945,227:4006,228:2913,229:3007,230:3096,231:3180,232:3306,233:3393,234:3469,235:3628,236:3657,237:3766,238:3911,239:3973,240:2920,241:3038,242:3110,243:3167,244:3342,245:3412,246:3511,247:3645,248:3709,249:3805,250:3922,251:3978,252:2926,253:2968,254:3080,255:3229,256:3300,257:3425,258:3527,259:3589,260:3749,261:3769,262:3902,263:4003,264:2921,265:3035,266:3074,267:3180,268:3257,269:3437,270:3494,271:3611,272:3673,273:3763,274:3903,275:4046,276:2928,277:2998,278:3058,279:3198,280:3340,281:3409,282:3485,283:3552,284:3686,285:3783,286:3938,287:4043,288:2857,289:2973,290:3109,291:3212,292:3335,293:3415,294:3495,295:3565,296:3704,297:3783,298:3944,299:4034,300:2909,301:3046,302:3142,303:3228,304:3320,305:3405,306:3547,307:3648,308:3704,309:3777,310:3858,311:4035,312:2921,313:3022,314:3135,315:3189,316:3270,317:3393,318:3459,319:3587,320:3716,321:3763,322:3891,323:4043,324:2918,325:2965,326:3062,327:3180,328:3304,329:3398,330:3510,331:3649,332:3704,333:3831,334:3879,335:4006,336:2857,337:3006,338:3062,339:3243,340:3295,341:3387,342:3541,343:3599,344:3728,345:3815,346:3904,347:4005,348:2888,349:2967,350:3144,351:3161,352:3282,353:3430,354:3510,355:3642,356:3653,357:3838,358:3850,359:4008
0:2923,1:2960,2:3072,3:3221,4:3271,5:3439,6:3453,7:3602,8:3711,9:3775,10:3891,11:3984,12:2947,13:2960,14:3114,15:3236,16:3340,17:3365,18:3467,19:3598,20:3662,21:3753,22:3866,23:4002,24:2906,25:3048,26:3145,27:3233,28:3325,29:3448,30:3484,31:3622,32:3706,33:3839,34:3889,35:4001,36:2909,37:2953,38:3065,39:3207,40:3255,41:3358,42:3462,43:3628,44:3719,45:3761,46:3941,47:4022,48:2917,49:2996,50:3050,51:3248,52:3286,53:3425,54:3501,55:3565,56:3681,57:3816,58:3888,59:4046,60:2883,61:2978,62:3057,63:3166,64:3262,65:3381,66:3523,67:3563,68:3719,69:3752,70:3883,71:3961,72:2886,73:3044,74:3122,75:3216,76:3329,77:3384,78:3453,79:3602,80:3654,81:3830,82:3861,83:4033,84:2912,85:2978,86:3051,87:3179,88:3263,89:3398,90:3458,91:3602,92:3746,93:3837,94:3862,95:3998,96:2940,97:2956,98:3147,99:3193,100:3325,101:3360,102:3484,103:3560,104:3748,105:3769,106:3949,107:4013,108:2906,109:2991,110:3137,111:3205,112:3282,113:3417,114:3505,115:3573,116:3665,117:3778,118:3929,119:3998,120:2877,121:2986,122:3117,123:3174,124:3341,125:3431,126:3452,127:3609,128:3673,129:3814,130:3868,131:4015,132:2864,133:2986,134:3074,135:3237,136:3300,137:3379,138:3532,139:3597,140:3658,141:3841,142:3896,143:4027,144:2867,145:3044,146:3062,147:3213,148:3311,149:3371,150:3523,151:3572,152:3713,153:3753,154:3898,155:4033,156:2930,157:2979,158:3132,159:3230,160:3282,161:3392,162:3492,163:3584,164:3698,165:3767,166:3852,167:4009,168:2892,169:2963,170:3052,171:3158,172:3282,173:3382,174:3516,175:3620,176:3654,177:3791,178:3903,179:4027,180:2861,181:2954,182:3059,183:3235,184:3311,185:3431,186:3457,187:3590,188:3667,189:3838,190:3872,191:4043,192:2939,193:2953,194:3125,195:3242,196:3344,197:3417,198:3531,199:3594,200:3733,201:3753,202:3886,203:3957,204:2912,205:2958,206:3135,207:3210,208:3341,209:3426,210:3536,211:3554,212:3659,213:3769,214:3861,215:4024,216:2851,217:2953,218:3065,219:3218,220:3259,221:3379,222:3457,223:3566,224:3654,225:3823,226:3864,227:3983,228:2943,229:2974,230:3141,231:3158,232:3325,233:3437,234:3493,235:3567,236:3721,237:3767,238:3898,239:4036,240:2942,241:2957,242:3066,243:3184,244:3280,245:3414,246:3469,247:3560,248:3680,249:3848,250:3947,251:4031,252:2883,253:3049,254:3137,255:3246,256:3258,257:3418,258:3536,259:3556,260:3706,261:3816,262:3928,263:4035,264:2856,265:3032,266:3145,267:3249,268:3345,269:3379,270:3539,271:3567,272:3678,273:3825,274:3878,275:3993,276:2940,277:2954,278:3123,279:3169,280:3349,281:3416,282:3507,283:3603,284:3722,285:3792,286:3871,287:4009,288:2851,289:2967,290:3143,291:3185,292:3347,293:3359,294:3512,295:3556,296:3715,297:3815,298:3937,299:3989,300:2935,301:3046,302:3080,303:3247,304:3321,305:3366,306:3512,307:3580,308:3709,309:3840,310:3861,311:4020,312:2925,313:3020,314:3118,315:3227,316:3329,317:3361,318:3474,319:3583,320:3723,321:3783,322:3882,323:4001,324:2908,325:3041,326:3118,327:3222,328:3337,329:3423,330:3523,331:3615,332:3744,333:3793,334:3878,335:4015,336:2871,337:2978,338:3100,339:3166,340:3340,341:3417,342:3530,343:3584,344:3657,345:3828,346:3889,347:3996,348:2913,349:2982,350:3115,351:3176,352:3264,353:3428,354:3509,355:3574,356:3672,357:3840,358:3931,359:4014
0:2881,1:3007,2:3058,3:3199,4:3309,5:3360,6:3450,7:3647,8:3684,9:3783,10:3910,11:3998,12:2858,13:2968,14:3096,15:3232,16:3281,17:3374,18:3509,19:3555,20:3739,21:3802,22:3903,23:4032,24:2916,25:3046,26:3076,27:3229,28:3294,29:3365,30:3487,31:3550,32:3666,33:3844,34:3946,35:3968,36:2868,37:2976,38:3118,39:3182,40:3314,41:3379,42:3451,43:3566,44:3693,45:3842,46:3882,47:4014,48:2939,49:3021,50:3060,51:3190,52:3292,53:3415,54:3463,55:3608,56:3735,57:3770,58:3924,59:4017,60:2925,61:3041,62:3109,63:3225,64:3287,65:3416,66:3531,67:3574,68:3676,69:3750,70:3930,71:3973,72:2935,73:2977,74:3113,75:3190,76:3281,77:3437,78:3510,79:3578,80:3723,81:3796,82:3889,83:3999,84:2902,85:3041,86:3084,87:3217,88:3331,89:3397,90:3503,91:3608,92:3709,93:3756,94:3919,95:4016,96:2891,97:3028,98:3114,99:3239,100:3283,101:3373,102:3476,103:3625,104:3661,105:3775,106:3850,107:4031,108:2865,109:2963,110:3082,111:3155,112:3312,113:3380,114:3502,115:3567,116:3658,117:3828,118:3924,119:4014,120:2905,121:3041,122:3095,123:3181,124:3259,125:3441,126:3510,127:3612,128:3690,129:3834,130:3856,131:4022,132:2898,133:3004,134:3108,135:3201,136:3259,137:3377,138:3457,139:3630,140:3746,141:3827,142:3879,143:3999,144:2904,145:2979,146:3133,147:3193,148:3343,149:3413,150:3499,151:3597,152:3700,153:3828,154:3869,155:4028,156:2868,157:3011,158:3060,159:3179,160:3276,161:3405,162:3475,163:3558,164:3674,165:3780,166:3874,167:3998,168:2850,169:3037,170:3062,171:3238,172:3344,173:3377,174:3526,175:3647,176:3733,177:3847,178:3876,179:4046,180:2935,181:3044,182:3108,183:3228,184:3266,185:3444,186:3502,187:3569,188:3737,189:3808,190:3933,191:3960,192:2911,193:2955,194:3059,195:3151,196:3339,197:3433,198:3546,199:3566,200:3669,201:3805,202:3880,203:4022,204:2894,205:2965,206:3123,207:3229,208:3339,209:3355,210:3507,211:3604,212:3679,213:3791,214:3867,215:4035,216:2910,217:3001,218:3065,219:3232,220:3297,221:3433,222:3473,223:3642,224:3740,225:3784,226:3904,227:4046,228:2947,229:3026,230:3088,231:3199,232:3326,233:3419,234:3467,235:3648,236:3659,237:3816,238:3926,239:4009,240:2887,241:3024,242:3079,243:3222,244:3313,245:3414,246:3537,247:3639,248:3725,249:3821,250:3850,251:4045,252:2867,253:2961,254:3067,255:3203,256:3344,257:3413,258:3490,259:3622,260:3722,261:3838,262:3923,263:4038,264:2920,265:3042,266:3051,267:3152,268:3308,269:3421,270:3539,271:3556,272:3687,273:3822,274:3923,275:3958,276:2904,277:2968,278:3101,279:3154,280:3307,281:3378,282:3531,283:3616,284:3659,285:3776,286:3913,287:4006,288:2896,289:3047,290:3065,291:3236,292:3339,293:3449,294:3481,295:3631,296:3652,297:3786,298:3946,299:3962,300:2860,301:3036,302:3145,303:3196,304:3271,305:3375,306:3511,307:3592,308:3704,309:3795,310:3906,311:3964,312:2941,313:2958,314:3066,315:3181,316:3344,317:3403,318:3525,319:3598,320:3741,321:3768,322:3884,323:3953,324:2922,325:2996,326:3077,327:3222,328:3338,329:3394,330:3531,331:3613,332:3655,333:3833,334:3923,335:3988,336:2858,337:3002,338:3105,339:3171,340:3331,341:3350,342:3546,343:3579,344:3737,345:3806,346:3883,347:4029,348:2917,349:2977,350:3094,351:3163,352:3301,353:3383,354:3540,355:3644,356:3708,357:3775,358:3851,359:3966
0:2871,1:3001,2:3067,3:3208,4:3260,5:3386,6:3518,7:3556,8:3696,9:3820,10:3904,11:4011,12:2912,13:3022,14:3142,15:3180,16:3254,17:3362,18:3535,19:3647,20:3668,21:3757,22:3902,23:4039,24:2915,25:3020,26:3107,27:3155,28:3307,29:3385,30:3536,31:3572,32:3670,33:3776,34:3877,35:4022,36:2947,37:3006,38:3107,39:3180,40:3265,41:3366,42:3470,43:3607,44:3674,45:3805,46:3898,47:4017,48:2858,49:2966,50:3058,51:3229,52:3308,53:3440,54:3527,55:3573,56:3748,57:3839,58:3922,59:4036,60:2857,61:2981,62:3074,63:3178,64:3282,65:3398,66:3502,67:3552,68:3730,69:3791,70:3944,71:4047,72:2943,73:2979,74:3141,75:3185,76:3306,77:3368,78:3498,79:3576,80:3728,81:3820,82:3948,83:4015,84:2860,85:3023,86:3134,87:3233,88:3343,89:3404,90:3473,91:3576,92:3716,93:3756,94:3855,95:4044,96:2863,97:2976,98:3109,99:3195,100:3267,101:3369,102:3481,103:3591,104:3689,105:3778,106:3914,107:3954,108:2916,109:2955,110:3123,111:3182,112:3310,113:3419,114:3527,115:3551,116:3727,117:3807,118:3881,119:4001,120:2941,121:3006,122:3100,123:3217,124:3257,125:3424,126:3547,127:3611,128:3693,129:3776,130:3875,131:3982,132:2888,133:3020,134:3108,135:3218,136:3281,137:3418,138:3479,139:3581,140:3730,141:3830,142:3878,143:4008,144:2947,145:2952,146:3096,147:3207,148:3339,149:3402,150:3485,151:3629,152:3743,153:3794,154:3915,155:4043,156:2874,157:2974,158:3070,159:3175,160:3261,161:3363,162:3462,163:3649,164:3734,165:3798,166:3920,167:4039,168:2872,169:2968,170:3089,171:3226,172:3263,173:3388,174:3512,175:3603,176:3693,177:3777,178:3862,179:3999,180:2933,181:2954,182:3118,183:3212,184:3289,185:3427,186:3480,187:3604,188:3714,189:3769,190:3887,191:4041,192:2886,193:3049,194:3115,195:3242,196:3267,197:3385,198:3466,199:3611,200:3661,201:3791,202:3853,203:3955,204:2898,205:3031,206:3061,207:3174,208:3328,209:3350,210:3477,211:3575,212:3719,213:3808,214:3856,215:4019,216:2865,217:2986,218:3107,219:3189,220:3279,221:3386,222:3512,223:3553,224:3741,225:3791,226:3863,227:4002,228:2941,229:3009,230:3126,231:3191,232:3333,233:3392,234:3484,235:3619,236:3749,237:3774,238:3921,239:4012,240:2903,241:3037,242:3124,243:3155,244:3331,245:3354,246:3489,247:3617,248:3680,249:3752,250:3925,251:3953,252:2924,253:2987,254:3078,255:3187,256:3250,257:3350,258:3505,259:3649,260:3664,261:3800,262:3854,263:4045,264:2938,265:3035,266:3056,267:3158,268:3323,269:3359,270:3539,271:3616,272:3703,273:3827,274:3874,275:3960,276:2945,277:2992,278:3104,279:3182,280:3280,281:3384,282:3544,283:3576,284:3689,285:3802,286:3873,287:4041,288:2895,289:3037,290:3087,291:3227,292:3255,293:3410,294:3513,295:3618,296:3720,297:3797,298:3919,299:4045,300:2898,301:2962,302:3077,303:3163,304:3258,305:3411,306:3542,307:3648,308:3661,309:3848,310:3850,311:4005,312:2857,313:2955,314:3124,315:3152,316:3313,317:3404,318:3515,319:3591,320:3706,321:3751,322:3909,323:4018,324:2946,325:3007,326:3091,327:3206,328:3275,329:3350,330:3526,331:3567,332:3658,333:3788,334:3923,335:4022,336:2874,337:3003,338:3111,339:3156,340:3319,341:3373,342:3462,343:3557,344:3701,345:3804,346:3853,347:3974,348:2852,349:2951,350:3081,351:3187,352:3328,353:3446,354:3495,355:3638,356:3669,357:3840,358:3893,359:3997
0:2934,1:3001,2:3123,3:3235,4:3336,5:3403,6:3525,7:3572,8:3652,9:3816,10:3867,11:4000,12:2937,13:3036,14:3128,15:3218,16:3299,17:3372,18:3527,19:3563,20:3703,21:3779,22:3913,23:4018,24:2928,25:2993,26:3105,27:3227,28:3264,29:3378,30:3504,31:3635,32:3710,33:3774,34:3898,35:3959,36:2931,37:3027,38:3054,39:3151,40:3321,41:3354,42:3500,43:3555,44:3702,45:3762,46:3895,47:3973,48:2912,49:2956,50:3080,51:3224,52:3336,53:3370,54:3517,55:3562,56:3659,57:3772,58:3912,59:3994,60:2909,61:3047,62:3145,63:3195,64:3301,65:3438,66:3512,67:3623,68:3748,69:3752,70:3947,71:4010,72:2913,73:2972,74:3073,75:3200,76:3326,77:3379,78:3518,79:3567,80:3748,81:3755,82:3852,83:4018,84:2850,85:3031,86:3060,87:3186,88:3280,89:3376,90:3518,91:3566,92:3655,93:3824,94:3931,95:4004,96:2901,97:2964,98:3125,99:3221,100:3319,101:3370,102:3503,103:3555,104:3672,105:3843,106:3926,107:4024,108:2889,109:3011,110:3094,111:3153,112:3270,113:3389,114:3478,115:3591,116:3686,117:3823,118:3886,119:3958,120:2897,121:3019,122:3058,123:3221,124:3294,125:3367,126:3456,127:3615,128:3743,129:3778,130:3924,131:3988,132:2937,133:3000,134:3116,135:3167,136:3280,137:3439,138:3537,139:3607,140:3666,141:3811,142:3929,143:3979,144:2883,145:3020,146:3064,147:3222,148:3262,149:3439,150:3470,151:3604,152:3650,153:3802,154:3913,155:4041,156:2922,157:2988,158:3117,159:3168,160:3327,161:3402,162:3459,163:3616,164:3684,165:3763,166:3919,167:3953,168:2876,169:3044,170:3133,171:3197,172:3270,173:3392,174:3462,175:3633,176:3718,177:3765,178:3857,179:4002,180:2873,181:3044,182:3135,183:3170,184:3258,185:3383,186:3513,187:3644,188:3725,189:3806,190:3933,191:3965,192:2902,193:3027,194:3132,195:3174,196:3261,197:3446,198:3458,199:3630,200:3724,201:3809,202:3927,203:3993,204:2930,205:2992,206:3050,207:3167,208:3276,209:3418,210:3462,211:3641,212:3728,213:3789,214:3914,215:4045,216:2872,217:3000,218:3137,219:3240,220:3339,221:3437,222:3541,223:3610,224:3660,225:3780,226:3929,227:4049,228:2879,229:2988,230:3088,231:3210,232:3310,233:3428,234:3472,235:3616,236:3653,237:3780,238:3903,239:4023,240:2915,241:3001,242:3087,243:3237,244:3313,245:3375,246:3490,247:3570,248:3714,249:3756,250:3947,251:3970,252:2890,253:2955,254:3116,255:3170,256:3306,257:3387,258:3515,259:3575,260:3695,261:3758,262:3913,263:3952,264:2883,265:2999,266:3086,267:3235,268:3268,269:3408,270:3525,271:3593,272:3663,273:3779,274:3905,275:3978,276:2925,277:3014,278:3095,279:3218,280:3321,281:3447,282:3510,283:3555,284:3729,285:3808,286:3898,287:4001,288:2894,289:3008,290:3056,291:3187,292:3334,293:3420,294:3455,295:3570,296:3745,297:3849,298:3948,299:3952,300:2892,301:3019,302:3075,303:3170,304:3321,305:3363,306:3514,307:3586,308:3698,309:3789,310:3924,311:3980,312:2931,313:2955,314:3141,315:3241,316:3295,317:3373,318:3504,319:3646,320:3654,321:3811,322:3873,323:4028,324:2865,325:3002,326:3064,327:3183,328:3293,329:3405,330:3500,331:3601,332:3698,333:3799,334:3946,335:3980,336:2900,337:2976,338:3096,339:3235,340:3340,341:3367,342:3494,343:3574,344:3670,345:3840,346:3881,347:4026,348:2883,349:3024,350:3132,351:3240,352:3300,353:3365,354:3501,355:3555,356:3675,357:3836,358:3883,359:4021
0:2908,1:2988,2:3124,3:3246,4:3305,5:3354,6:3496,7:3642,8:3666,9:3763,10:3945,11:4041,12:2885,13:2989,14:3067,15:3174,16:3268,17:3435,18:3522,19:3588,20:3702,21:3787,22:3924,23:3986,24:2906,25:3019,26:3147,27:3170,28:3259,29:3358,30:3502,31:3552,32:3720,33:3779,34:3895,35:4012,36:2864,37:3017,38:3130,39:3158,40:3262,41:3351,42:3548,43:3610,44:3652,45:3782,46:3855,47:3996,48:2898,49:3036,50:3068,51:3154,52:3328,53:3439,54:3463,55:3633,56:3671,57:3751,58:3944,59:3968,60:2949,61:3022,62:3072,63:3212,64:3329,65:3388,66:3491,67:3607,68:3669,69:3771,70:3948,71:3964,72:2946,73:2987,74:3129,75:3235,76:3293,77:3407,78:3467,79:3572,80:3708,81:3776,82:3858,83:4043,84:2908,85:2988,86:3149,87:3152,88:3335,89:3447,90:3470,91:3572,92:3687,93:3802,94:3925,95:4027,96:2905,97:3023,98:3074,99:3183,100:3266,101:3389,102:3545,103:3618,104:3655,105:3752,106:3932,107:4020,108:2928,109:3022,110:3076,111:3151,112:3321,113:3436,114:3539,115:3607,116:3729,117:3759,118:3870,119:3973,120:2859,121:3025,122:3076,123:3198,124:3332,125:3385,126:3464,127:3574,128:3693,129:3756,130:3917,131:3996,132:2882,133:3044,134:3069,135:3205,136:3310,137:3430,138:3483,139:3558,140:3703,141:3794,142:3940,143:3960,144:2949,145:2996,146:3138,147:3216,148:3265,149:3390,150:3473,151:3616,152:3731,153:3844,154:3899,155:3993,156:2909,157:3040,158:3080,159:3226,160:3335,161:3386,162:3474,163:3597,164:3674,165:3845,166:3884,167:4042,168:2937,169:2990,170:3113,171:3178,172:3349,173:3427,174:3470,175:3602,176:3692,177:3762,178:3902,179:4033,180:2877,181:2982,182:3085,183:3229,184:3342,185:3403,186:3524,187:3598,188:3729,189:3806,190:3918,191:4019,192:2916,193:2986,194:3064,195:3231,196:3298,197:3381,198:3456,199:3610,200:3744,201:3763,202:3863,203:4039,204:2857,205:3006,206:3091,207:3177,208:3330,209:3441,210:3520,211:3557,212:3657,213:3807,214:3905,215:4011,216:2856,217:2950,218:3071,219:3213,220:3308,221:3364,222:3509,223:3649,224:3745,225:3833,226:3896,227:4038,228:2927,229:2960,230:3069,231:3197,232:3333,233:3352,234:3495,235:3616,236:3674,237:3797,238:3871,239:3984,240:2872,241:3049,242:3102,243:3222,244:3291,245:3449,246:3542,247:3644,248:3667,249:3758,250:3871,251:3984,252:2913,253:2951,254:3066,255:3247,256:3345,257:3392,258:3472,259:3568,260:3743,261:3834,262:3882,263:4030,264:2893,265:2984,266:3077,267:3244,268:3286,269:3368,270:3540,271:3647,272:3670,273:3771,274:3939,275:3974,276:2861,277:2958,278:3079,279:3235,280:3338,281:3380,282:3528,283:3595,284:3701,285:3838,286:3878,287:4019,288:2900,289:2980,290:3123,291:3215,292:3287,293:3355,294:3464,295:3555,296:3656,297:3831,298:3923,299:4045,300:2949,301:2968,302:3135,303:3165,304:3289,305:3372,306:3493,307:3615,308:3706,309:3754,310:3903,311:4044,312:2928,313:3045,314:3053,315:3157,316:3316,317:3424,318:3470,319:3579,320:3700,321:3815,322:3939,323:3951,324:2887,325:2979,326:3050,327:3203,328:3346,329:3420,330:3517,331:3585,332:3662,333:3774,334:3909,335:4043,336:2878,337:2979,338:3129,339:3249,340:3287,341:3380,342:3487,343:3560,344:3687,345:3769,346:3905,347:4012,348:2861,349:3025,350:3098,351:3198,352:3258,353:3449,354:3499,355:3645,356:3748,357:3839,358:3887,359:4043
0:2896,1:2970,2:3124,3:3170,4:3345,5:3426,6:3544,7:3562,8:3746,9:3848,10:3914,11:4018,12:2892,13:3042,14:3114,15:3199,16:3336,17:3408,18:3538,19:3640,20:3725,21:3790,22:3943,23:3975,24:2920,25:2956,26:3143,27:3166,28:3343,29:3377,30:3471,31:3563,32:3714,33:3773,34:3862,35:3959,36:2909,37:2954,38:3118,39:3205,40:3329,41:3395,42:3465,43:3614,44:3694,45:3814,46:3855,47:4041,48:2903,49:3002,50:3104,51:3155,52:3258,53:3381,54:3488,55:3619,56:3708,57:3818,58:3884,59:3956,60:2932,61:2988,62:3148,63:3236,64:3347,65:3367,66:3462,67:3648,68:3707,69:3814,70:3929,71:3996,72:2857,73:3045,74:3085,75:3200,76:3341,77:3422,78:3463,79:3604,80:3744,81:3846,82:3862,83:3980,84:2932,85:3000,86:3126,87:3175,88:3276,89:3442,90:3479,91:3613,92:3718,93:3820,94:3915,95:4029,96:2895,97:3040,98:3057,99:3245,100:3309,101:3380,102:3459,103:3571,104:3727,105:3797,106:3949,107:3985,108:2863,109:3049,110:3110,111:3184,112:3348,113:3415,114:3458,115:3610,116:3657,117:3845,118:3883,119:3993,120:2874,121:2981,122:3062,123:3166,124:3261,125:3400,126:3546,127:3642,128:3738,129:3751,130:3934,131:4031,132:2897,133:2977,134:3143,135:3175,136:3301,137:3403,138:3466,139:3576,140:3721,141:3751,142:3945,143:3969,144:2917,145:2971,146:3120,147:3210,148:3268,149:3386,150:3541,151:3648,152:3746,153:3816,154:3902,155:4033,156:2856,157:3049,158:3089,159:3160,160:3282,161:3444,162:3510,163:3553,164:3670,165:3759,166:3896,167:3990,168:2940,169:3001,170:3130,171:3184,172:3326,173:3398,174:3528,175:3631,176:3699,177:3804,178:3853,179:3964,180:2864,181:2971,182:3113,183:3209,184:3280,185:3439,186:3470,187:3568,188:3736,189:3790,190:3851,191:3957,192:2922,193:2975,194:3074,195:3203,196:3302,197:3395,198:3505,199:3594,200:3743,201:3771,202:3935,203:3953,204:2947,205:2955,206:3054,207:3157,208:3278,209:3396,210:3460,211:3564,212:3729,213:3763,214:3897,215:3972,216:2869,217:2998,218:3094,219:3172,220:3267,221:3400,222:3491,223:3578,224:3661,225:3844,226:3920,227:3980,228:2914,229:2976,230:3073,231:3162,232:3294,233:3399,234:3508,235:3580,236:3705,237:3756,238:3892,239:3970,240:2909,241:3025,242:3148,243:3208,244:3334,245:3405,246:3473,247:3641,248:3681,249:3752,250:3864,251:3969,252:2908,253:2973,254:3122,255:3233,256:3252,257:3412,258:3546,259:3649,260:3713,261:3783,262:3887,263:4005,264:2946,265:3042,266:3067,267:3243,268:3337,269:3351,270:3476,271:3555,272:3669,273:3785,274:3899,275:4016,276:2907,277:2950,278:3070,279:3243,280:3339,281:3395,282:3464,283:3639,284:3736,285:3801,286:3860,287:3988,288:2879,289:2950,290:3105,291:3196,292:3265,293:3403,294:3523,295:3560,296:3733,297:3828,298:3943,299:4029,300:2917,301:2991,302:3080,303:3174,304:3268,305:3429,306:3517,307:3600,308:3687,309:3822,310:3937,311:3964,312:2905,313:3013,314:3098,315:3236,316:3281,317:3426,318:3497,319:3619,320:3650,321:3754,322:3888,323:3993,324:2920,325:3042,326:3086,327:3160,328:3297,329:3362,330:3501,331:3583,332:3663,333:3835,334:3883,335:4022,336:2874,337:3045,338:3069,339:3152,340:3317,341:3395,342:3481,343:3566,344:3667,345:3838,346:3947,347:3975,348:2922,349:3045,350:3086,351:3203,352:3282,353:3441,354:3528,355:3614,356:3721,357:3802,358:3856,359:4011
0:2888,1:2966,2:3147,3:3184,4:3279,5:3441,6:3464,7:3574,8:3692,9:3784,10:3856,11:3950,12:2884,13:2972,14:3103,15:3247,16:3273,17:3407,18:3460,19:3591,20:3678,21:3816,22:3931,23:3984,24:2918,25:3025,26:3107,27:3215,28:3321,29:3418,30:3496,31:3634,32:3748,33:3811,34:3936,35:4023,36:2895,37:3044,38:3055,39:3235,40:3258,41:3381,42:3461,43:3551,44:3734,45:3807,46:3923,47:3983,48:2864,49:2950,50:3107,51:3220,52:3276,53:3402,54:3498,55:3618,56:3682,57:3811,58:3903,59:3956,60:2867,61:3012,62:3125,63:3212,64:3307,65:3363,66:3531,67:3573,68:3704,69:3764,70:3850,71:4004,72:2858,73:2964,74:3126,75:3170,76:3345,77:3368,78:3508,79:3613,80:3735,81:3828,82:3947,83:3991,84:2856,85:3048,86:3074,87:3171,88:3316,89:3387,90:3465,91:3561,92:3732,93:3817,94:3874,95:4048,96:2924,97:2953,98:3129,99:3172,100:3313,101:3357,102:3514,103:3639,104:3653,105:3815,106:3947,107:3970,108:2896,109:2984,110:3073,111:3223,112:3262,113:3426,114:3507,115:3564,116:3694,117:3786,118:3925,119:4043,120:2872,121:3018,122:3143,123:3214,124:3317,125:3369,126:3509,127:3625,128:3670,129:3782,130:3881,131:3958,132:2908,133:2991,134:3070,135:3178,136:3254,137:3405,138:3512,139:3576,140:3699,141:3769,142:3902,143:3963,144:2897,145:2970,146:3063,147:3161,148:3336,149:3399,150:3491,151:3603,152:3707,153:3782,154:3946,155:3961,156:2913,157:3015,158:3051,159:3185,160:3300,161:3352,162:3505,163:3597,164:3684,165:3764,166:3937,167:3973,168:2922,169:2972,170:3077,171:3168,172:3279,173:3430,174:3460,175:3622,176:3682,177:3844,178:3880,179:4016,180:2946,181:3046,182:3098,183:3217,184:3274,185:3408,186:3518,187:3564,188:3730,189:3802,190:3890,191:4048,192:2930,193:2991,194:3062,195:3184,196:3290,197:3443,198:3478,199:3555,200:3699,201:3820,202:3909,203:3992,204:2861,205:2998,206:3101,207:3240,208:3274,209:3372,210:3534,211:3597,212:3749,213:3754,214:3896,215:4020,216:2866,217:2973,218:3067,219:3200,220:3291,221:3375,222:3464,223:3559,224:3703,225:3785,226:3859,227:3962,228:2892,229:2979,230:3070,231:3247,232:3341,233:3378,234:3530,235:3637,236:3728,237:3836,238:3927,239:4026,240:2946,241:2965,242:3149,243:3175,244:3255,245:3365,246:3504,247:3624,248:3738,249:3834,250:3918,251:4033,252:2891,253:2965,254:3106,255:3176,256:3260,257:3368,258:3523,259:3575,260:3653,261:3751,262:3916,263:4031,264:2863,265:3012,266:3097,267:3161,268:3289,269:3444,270:3512,271:3571,272:3747,273:3794,274:3891,275:3992,276:2861,277:3011,278:3133,279:3163,280:3316,281:3355,282:3539,283:3603,284:3662,285:3808,286:3897,287:3955,288:2917,289:3023,290:3073,291:3191,292:3290,293:3354,294:3513,295:3644,296:3716,297:3797,298:3916,299:4032,300:2859,301:2997,302:3067,303:3155,304:3292,305:3355,306:3502,307:3624,308:3667,309:3794,310:3926,311:4032,312:2893,313:2962,314:3121,315:3213,316:3272,317:3405,318:3514,319:3649,320:3734,321:3845,322:3860,323:3999,324:2875,325:3015,326:3098,327:3197,328:3331,329:3409,330:3463,331:3624,332:3657,333:3760,334:3852,335:4009,336:2887,337:2968,338:3113,339:3232,340:3324,341:3367,342:3538,343:3571,344:3712,345:3820,346:3873,347:4011,348:2896,349:2985,350:3144,351:3229,352:3346,353:3440,354:3544,355:3640,356:3675,357:3817,358:3913,359:4019
0:2920,1:2966,2:3123,3:3171,4:3315,5:3373,6:3523,7:3589,8:3722,9:3778,10:3943,11:3996,12:2926,13:2954,14:3056,15:3206,16:3291,17:3399,18:3487,19:3583,20:3747,21:3752,22:3917,23:4020,24:2875,25:2990,26:3126,27:3222,28:3328,29:3362,30:3512,31:3559,32:3688,33:3842,34:3938,35:4047,36:2873,37:2989,38:3060,39:3196,40:3257,41:3405,42:3544,43:3617,44:3711,45:3799,46:3910,47:4049,48:2898,49:3032,50:3104,51:3173,52:3283,53:3396,54:3487,55:3562,56:3724,57:3779,58:3873,59:4008,60:2895,61:2991,62:3122,63:3187,64:3272,65:3391,66:3492,67:3625,68:3698,69:3783,70:3942,71:4020,72:2922,73:3003,74:3112,75:3175,76:3301,77:3437,78:3532,79:3646,80:3684,81:3842,82:3874,83:4015,84:2879,85:2952,86:3101,87:3155,88:3296,89:3433,90:3542,91:3637,92:3711,93:3822,94:3861,95:4026,96:2906,97:2980,98:3140,99:3160,100:3325,101:3367,102:3455,103:3589,104:3653,105:3829,106:3897,107:3965,108:2927,109:3047,110:3085,111:3245,112:3282,113:3352,114:3517,115:3593,116:3673,117:3752,118:3906,119:4013,120:2896,121:3025,122:3127,123:3241,124:3307,125:3356,126:3503,127:3626,128:3722,129:3844,130:3922,131:4022,132:2916,133:2963,134:3131,135:3234,136:3270,137:3414,138:3499,139:3608,140:3701,141:3777,142:3855,143:4014,144:2889,145:3005,146:3081,147:3233,148:3320,149:3364,150:3510,151:3637,152:3677,153:3802,154:3883,155:4045,156:2925,157:3017,158:3120,159:3217,160:3252,161:3359,162:3549,163:3608,164:3736,165:3794,166:3877,167:3974,168:2918,169:2987,170:3073,171:3202,172:3260,173:3393,174:3520,175:3619,176:3718,177:3840,178:3856,179:3957,180:2936,181:3031,182:3105,183:3239,184:3308,185:3409,186:3535,187:3563,188:3684,189:3805,190:3905,191:3976,192:2936,193:3009,194:3081,195:3152,196:3252,197:3407,198:3518,199:3619,200:3735,201:3754,202:3939,203:4039,204:2860,205:3012,206:3142,207:3239,208:3263,209:3360,210:3488,211:3559,212:3666,213:3792,214:3869,215:4013,216:2902,217:3005,218:3062,219:3238,220:3321,221:3396,222:3459,223:3633,224:3706,225:3830,226:3926,227:3968,228:2892,229:2977,230:3084,231:3154,232:3306,233:3407,234:3502,235:3605,236:3658,237:3831,238:3894,239:3955,240:2932,241:2963,242:3141,243:3191,244:3332,245:3382,246:3512,247:3577,248:3682,249:3829,250:3939,251:3967,252:2875,253:2976,254:3100,255:3205,256:3341,257:3425,258:3529,259:3559,260:3696,261:3807,262:3856,263:4049,264:2880,265:2977,266:3121,267:3190,268:3273,269:3353,270:3455,271:3617,272:3684,273:3847,274:3925,275:4007,276:2906,277:2981,278:3149,279:3234,280:3315,281:3410,282:3482,283:3649,284:3703,285:3832,286:3939,287:3978,288:2946,289:3041,290:3128,291:3152,292:3305,293:3438,294:3537,295:3606,296:3687,297:3778,298:3925,299:4013,300:2865,301:2994,302:3131,303:3189,304:3337,305:3449,306:3457,307:3591,308:3653,309:3780,310:3905,311:3992,312:2948,313:3001,314:3059,315:3238,316:3269,317:3439,318:3457,319:3585,320:3741,321:3810,322:3890,323:3961,324:2949,325:3031,326:3109,327:3183,328:3279,329:3439,330:3531,331:3623,332:3714,333:3815,334:3871,335:4001,336:2881,337:2952,338:3091,339:3192,340:3257,341:3412,342:3543,343:3613,344:3693,345:3755,346:3935,347:3998,348:2932,349:3009,350:3123,351:3158,352:3271,353:3430,354:3469,355:3562,356:3656,357:3840,358:3931,359:4033
0:2858,1:2995,2:3089,3:3203,4:3255,5:3425,6:3487,7:3632,8:3741,9:3771,10:3935,11:4003,12:2911,13:3041,14:3119,15:3197,16:3286,17:3383,18:3507,19:3554,20:3650,21:3764,22:3942,23:4033,24:2902,25:3033,26:3138,27:3219,28:3253,29:3422,30:3528,31:3572,32:3710,33:3796,34:3859,35:3987,36:2931,37:2998,38:3066,39:3235,40:3334,41:3443,42:3452,43:3602,44:3744,45:3768,46:3862,47:3971,48:2904,49:3002,50:3053,51:3156,52:3310,53:3395,54:3542,55:3632,56:3694,57:3781,58:3854,59:4000,60:2919,61:2956,62:3075,63:3228,64:3318,65:3365,66:3536,67:3645,68:3717,69:3826,70:3886,71:3978,72:2897,73:3030,74:3050,75:3202,76:3266,77:3444,78:3478,79:3611,80:3714,81:3789,82:3940,83:4048,84:2924,85:2998,86:3070,87:3241,88:3318,89:3448,90:3499,91:3564,92:3739,93:3824,94:3905,95:3982,96:2905,97:3047,98:3141,99:3162,100:3300,101:3433,102:3543,103:3572,104:3734,105:3829,106:3885,107:3969,108:2936,109:2986,110:3133,111:3173,112:3288,113:3360,114:3460,115:3602,116:3705,117:3806,118:3864,119:4001,120:2938,121:3002,122:3102,123:3152,124:3266,125:3431,126:3450,127:3631,128:3689,129:3830,130:3876,131:4028,132:2900,133:3041,134:3079,135:3155,136:3279,137:3445,138:3474,139:3629,140:3703,141:3782,142:3891,143:3979,144:2888,145:3027,146:3083,147:3204,148:3314,149:3352,150:3532,151:3576,152:3668,153:3836,154:3942,155:4008,156:2920,157:3004,158:3094,159:3216,160:3283,161:3414,162:3539,163:3579,164:3724,165:3811,166:3878,167:3981,168:2924,169:2956,170:3068,171:3213,172:3278,173:3444,174:3524,175:3624,176:3651,177:3823,178:3882,179:4041,180:2936,181:2957,182:3137,183:3225,184:3337,185:3402,186:3477,187:3577,188:3663,189:3805,190:3934,191:4017,192:2904,193:2969,194:3080,195:3204,196:3300,197:3377,198:3473,199:3601,200:3730,201:3751,202:3943,203:3974,204:2899,205:2962,206:3072,207:3177,208:3269,209:3388,210:3483,211:3603,212:3739,213:3753,214:3893,215:4004,216:2876,217:2994,218:3135,219:3211,220:3307,221:3429,222:3460,223:3573,224:3710,225:3766,226:3901,227:4000,228:2887,229:3031,230:3089,231:3164,232:3291,233:3434,234:3478,235:3611,236:3718,237:3755,238:3936,239:4028,240:2888,241:3030,242:3062,243:3169,244:3304,245:3405,246:3498,247:3648,248:3739,249:3840,250:3900,251:4002,252:2852,253:2971,254:3082,255:3197,256:3253,257:3385,258:3485,259:3569,260:3732,261:3774,262:3858,263:4027,264:2924,265:3032,266:3123,267:3169,268:3251,269:3412,270:3538,271:3599,272:3657,273:3807,274:3900,275:3975,276:2851,277:2998,278:3061,279:3163,280:3268,281:3432,282:3496,283:3569,284:3725,285:3822,286:3939,287:3969,288:2865,289:3025,290:3086,291:3213,292:3310,293:3375,294:3529,295:3563,296:3749,297:3802,298:3933,299:4045,300:2875,301:2995,302:3070,303:3200,304:3299,305:3425,306:3533,307:3572,308:3679,309:3796,310:3882,311:3960,312:2874,313:3027,314:3143,315:3206,316:3323,317:3361,318:3498,319:3644,320:3696,321:3759,322:3939,323:3996,324:2949,325:3045,326:3102,327:3156,328:3335,329:3441,330:3496,331:3552,332:3671,333:3829,334:3923,335:4018,336:2901,337:2970,338:3140,339:3185,340:3304,341:3434,342:3456,343:3565,344:3728,345:3764,346:3881,347:3959,348:2891,349:3034,350:3115,351:3221,352:3348,353:3421,354:3511,355:3591,356:3674,357:3784,358:3915,359:3972
0:2888,1:3022,2:3130,3:3204,4:3252,5:3443,6:3457,7:3583,8:3666,9:3821,10:3894,11:4004,12:2867,13:2984,14:3101,15:3245,16:3306,17:3421,18:3532,19:3649,20:3693,21:3814,22:3851,23:4026,24:2876,25:3029,26:3095,27:3230,28:3275,29:3396,30:3508,31:3584,32:3714,33:3806,34:3893,35:4018,36:2880,37:3023,38:3124,39:3246,40:3317,41:3383,42:3549,43:3622,44:3706,45:3820,46:3929,47:3955,48:2894,49:3003,50:3093,51:3205,52:3321,53:3402,54:3463,55:3646,56:3709,57:3829,58:3920,59:3986,60:2877,61:3034,62:3144,63:3236,64:3349,65:3430,66:3470,67:3590,68:3675,69:3809,70:3942,71:3969,72:2895,73:3028,74:3050,75:3191,76:3322,77:3423,78:3459,79:3602,80:3741,81:3807,82:3881,83:4010,84:2902,85:2960,86:3075,87:3232,88:3288,89:3436,90:3512,91:3592,92:3693,93:3774,94:3917,95:3950,96:2885,97:3045,98:3148,99:3215,100:3327,101:3358,102:3501,103:3640,104:3670,105:3835,106:3894,107:3983,108:2920,109:3008,110:3060,111:3188,112:3256,113:3408,114:3465,115:3603,116:3730,117:3816,118:3917,119:3984,120:2871,121:2955,122:3090,123:3184,124:3255,125:3440,126:3486,127:3582,128:3736,129:3775,130:3879,131:3996,132:2942,133:2999,134:3081,135:3172,136:3345,137:3351,138:3519,139:3564,140:3661,141:3770,142:3876,143:4033,144:2881,145:2991,146:3140,147:3224,148:3285,149:3398,150:3518,151:3632,152:3663,153:3799,154:3874,155:4029,156:2880,157:2959,158:3069,159:3200,160:3304,161:3393,162:3504,163:3554,164:3650,165:3791,166:3941,167:3983,168:2941,169:3044,170:3110,171:3199,172:3311,173:3389,174:3501,175:3618,176:3671,177:3799,178:3858,179:3971,180:2850,181:2954,182:3148,183:3244,184:3317,185:3440,186:3489,187:3643,188:3715,189:3809,190:3921,191:4018,192:2948,193:3001,194:3117,195:3245,196:3292,197:3364,198:3549,199:3641,200:3664,201:3809,202:3914,203:4004,204:2905,205:2958,206:3144,207:3151,208:3269,209:3445,210:3547,211:3554,212:3693,213:3756,214:3879,215:3994,216:2901,217:2964,218:3064,219:3209,220:3320,221:3416,222:3547,223:3576,224:3722,225:3770,226:3879,227:4005,228:2936,229:2952,230:3102,231:3151,232:3328,233:3439,234:3465,235:3625,236:3665,237:3819,238:3864,239:4044,240:2858,241:2958,242:3107,243:3221,244:3339,245:3441,246:3458,247:3580,248:3735,249:3786,250:3902,251:4036,252:2898,253:3007,254:3131,255:3245,256:3253,257:3390,258:3453,259:3589,260:3669,261:3819,262:3853,263:3995,264:2931,265:3000,266:3134,267:3162,268:3273,269:3436,270:3482,271:3643,272:3712,273:3802,274:3890,275:3961,276:2903,277:2993,278:3111,279:3226,280:3323,281:3439,282:3536,283:3550,284:3664,285:3829,286:3871,287:3968,288:2915,289:3032,290:3091,291:3247,292:3279,293:3365,294:3540,295:3605,296:3664,297:3782,298:3913,299:3967,300:2917,301:3033,302:3098,303:3156,304:3264,305:3363,306:3532,307:3611,308:3652,309:3758,310:3912,311:3950,312:2880,313:3037,314:3096,315:3183,316:3293,317:3389,318:3472,319:3639,320:3661,321:3759,322:3889,323:3983,324:2948,325:2969,326:3087,327:3151,328:3295,329:3424,330:3474,331:3562,332:3656,333:3842,334:3920,335:3997,336:2949,337:3002,338:3110,339:3150,340:3321,341:3373,342:3456,343:3554,344:3664,345:3804,346:3938,347:3990,348:2864,349:2970,350:3102,351:3154,352:3320,353:3413,354:3530,355:3590,356:3694,357:3806,358:3851,359:3964
0:2905,1:3003,2:3139,3:3242,4:3344,5:3364,6:3543,7:3634,8:3662,9:3758,10:3922,11:4048,12:2909,13:3005,14:3114,15:3150,16:3347,17:3406,18:3543,19:3632,20:3667,21:3847,22:3877,23:3979,24:2877,25:3012,26:3064,27:3249,28:3272,29:3351,30:3520,31:3566,32:3710,33:3782,34:3944,35:3991,36:2885,37:3007,38:3126,39:3154,40:3340,41:3403,42:3525,43:3620,44:3657,45:3848,46:3923,47:4033,48:2902,49:2968,50:3144,51:3228,52:3317,53:3367,54:3529,55:3588,56:3713,57:3776,58:3942,59:4012,60:2917,61:2983,62:3050,63:3245,64:3277,65:3443,66:3484,67:3575,68:3699,69:3832,70:3874,71:4038,72:2913,73:2958,74:3067,75:3193,76:3289,77:3399,78:3504,79:3613,80:3695,81:3789,82:3884,83:3951,84:2937,85:2956,86:3100,87:3163,88:3260,89:3439,90:3458,91:3585,92:3721,93:3795,94:3904,95:4041,96:2881,97:2989,98:3146,99:3191,100:3262,101:3365,102:3486,103:3575,104:3683,105:3832,106:3911,107:3973,108:2874,109:3040,110:3051,111:3209,112:3271,113:3394,114:3476,115:3585,116:3732,117:3787,118:3949,119:4007,120:2910,121:2990,122:3058,123:3176,124:3334,125:3423,126:3497,127:3560,128:3700,129:3780,130:3850,131:4046,132:2877,133:2960,134:3107,135:3232,136:3252,137:3435,138:3480,139:3568,140:3691,141:3794,142:3939,143:4030,144:2926,145:2955,146:3095,147:3150,148:3318,149:3368,150:3528,151:3621,152:3698,153:3786,154:3852,155:3999,156:2929,157:3010,158:3101,159:3154,160:3313,161:3399,162:3530,163:3589,164:3712,165:3841,166:3946,167:4030,168:2872,169:2992,170:3115,171:3150,172:3347,173:3431,174:3461,175:3616,176:3740,177:3772,178:3910,179:4028,180:2856,181:3008,182:3066,183:3206,184:3266,185:3443,186:3518,187:3608,188:3663,189:3787,190:3860,191:3964,192:2853,193:2968,194:3077,195:3224,196:3287,197:3412,198:3538,199:3590,200:3703,201:3784,202:3908,203:3992,204:2931,205:2978,206:3105,207:3217,208:3327,209:3378,210:3515,211:3568,212:3699,213:3768,214:3898,215:3958,216:2928,217:2995,218:3065,219:3220,220:3252,221:3420,222:3461,223:3648,224:3737,225:3783,226:3937,227:4043,228:2910,229:3043,230:3053,231:3242,232:3279,233:3388,234:3452,235:3630,236:3749,237:3848,238:3896,239:4015,240:2907,241:2975,242:3095,243:3188,244:3349,245:3382,246:3528,247:3579,248:3717,249:3839,250:3926,251:3984,252:2905,253:2967,254:3076,255:3167,256:3268,257:3387,258:3545,259:3557,260:3680,261:3828,262:3856,263:3954,264:2852,265:2989,266:3101,267:3232,268:3261,269:3435,270:3535,271:3620,272:3739,273:3807,274:3866,275:3995,276:2853,277:3026,278:3062,279:3214,280:3267,281:3449,282:3542,283:3586,284:3674,285:3834,286:3923,287:4014,288:2902,289:2974,290:3120,291:3217,292:3334,293:3358,294:3472,295:3558,296:3711,297:3842,298:3900,299:3983,300:2899,301:2956,302:3098,303:3213,304:3259,305:3353,306:3454,307:3638,308:3660,309:3806,310:3866,311:3991,312:2854,313:2979,314:3140,315:3173,316:3284,317:3440,318:3521,319:3568,320:3659,321:3771,322:3893,323:3958,324:2905,325:3016,326:3090,327:3224,328:3323,329:3430,330:3533,331:3605,332:3719,333:3789,334:3926,335:3955,336:2949,337:2970,338:3118,339:3230,340:3280,341:3394,342:3547,343:3638,344:3677,345:3822,346:3942,347:4041,348:2932,349:2952,350:3102,351:3181,352:3315,353:3441,354:3502,355:3582,356:3666,357:3773,358:3909,359:4048
0:2934,1:3009,2:3078,3:3245,4:3297,5:3374,6:3482,7:3627,8:3706,9:3825,10:3917,11:4023,12:2880,13:3001,14:3107,15:3230,16:3262,17:3434,18:3478,19:3594,20:3664,21:3804,22:3933,23:3981,24:2944,25:2964,26:3100,27:3168,28:3329,29:3398,30:3549,31:3590,32:3676,33:3754,34:3887,35:3953,36:2931,37:2958,38:3075,39:3196,40:3323,41:3397,42:3539,43:3569,44:3664,45:3806,46:3905,47:3951,48:2929,49:3008,50:3097,51:3187,52:3295,53:3416,54:3470,55:3604,56:3696,57:3813,58:3881,59:4002,60:2911,61:2978,62:3128,63:3214,64:3320,65:3433,66:3459,67:3621,68:3681,69:3752,70:3911,71:4025,72:2862,73:3031,74:3075,75:3174,76:3272,77:3366,78:3517,79:3642,80:3692,81:3801,82:3906,83:3968,84:2902,85:3005,86:3060,87:3206,88:3271,89:3377,90:3542,91:3643,92:3681,93:3785,94:3915,95:4010,96:2865,97:2998,98:3136,99:3217,100:3261,101:3402,102:3504,103:3627,104:3653,105:3792,106:3922,107:4030,108:2925,109:2975,110:3100,111:3187,112:3318,113:3416,114:3489,115:3641,116:3688,117:3828,118:3863,119:3963,120:2865,121:3022,122:3068,123:3158,124:3292,125:3427,126:3472,127:3638,128:3681,129:3821,130:3918,131:3963,132:2941,133:3004,134:3102,135:3153,136:3322,137:3436,138:3484,139:3587,140:3660,141:3769,142:3924,143:3986,144:2889,145:2974,146:3118,147:3151,148:3274,149:3382,150:3487,151:3586,152:3664,153:3831,154:3890,155:4035,156:2931,157:2964,158:3149,159:3159,160:3284,161:3350,162:3523,163:3639,164:3687,165:3760,166:3906,167:3961,168:2941,169:2957,170:3065,171:3196,172:3284,173:3395,174:3489,175:3551,176:3684,177:3788,178:3907,179:3991,180:2938,181:2962,182:3085,183:3249,184:3348,185:3435,186:3476,187:3623,188:3704,189:3825,190:3931,191:3986,192:2869,193:3038,194:3081,195:3186,196:3321,197:3353,198:3461,199:3607,200:3692,201:3779,202:3858,203:4016,204:2880,205:3012,206:3138,207:3214,208:3304,209:3362,210:3468,211:3557,212:3695,213:3807,214:3877,215:4004,216:2942,217:3039,218:3146,219:3221,220:3271,221:3375,222:3515,223:3637,224:3719,225:3814,226:3888,227:4018,228:2908,229:2981,230:3109,231:3180,232:3298,233:3445,234:3487,235:3621,236:3651,237:3807,238:3919,239:4022,240:2932,241:3028,242:3111,243:3164,244:3332,245:3381,246:3482,247:3628,248:3662,249:3768,250:3891,251:3954,252:2865,253:2984,254:3067,255:3210,256:3317,257:3423,258:3461,259:3583,260:3695,261:3778,262:3913,263:4038,264:2900,265:2984,266:3076,267:3242,268:3297,269:3401,270:3458,271:3575,272:3662,273:3849,274:3922,275:4046,276:2935,277:3029,278:3119,279:3173,280:3336,281:3393,282:3498,283:3610,284:3731,285:3813,286:3855,287:3991,288:2868,289:3008,290:3129,291:3228,292:3344,293:3427,294:3545,295:3627,296:3742,297:3848,298:3945,299:3966,300:2901,301:2982,302:3115,303:3197,304:3326,305:3400,306:3529,307:3623,308:3686,309:3845,310:3946,311:3956,312:2941,313:3022,314:3143,315:3156,316:3289,317:3387,318:3458,319:3590,320:3683,321:3754,322:3924,323:4026,324:2891,325:3030,326:3054,327:3172,328:3299,329:3437,330:3481,331:3592,332:3657,333:3796,334:3864,335:4049,336:2893,337:3000,338:3076,339:3159,340:3279,341:3368,342:3536,343:3589,344:3651,345:3773,346:3856,347:4026,348:2860,349:2964,350:3057,351:3199,352:3282,353:3388,354:3454,355:3551,356:3689,357:3764,358:3914,359:3951
0:2913,1:2970,2:3083,3:3189,4:3267,5:3415,6:3452,7:3596,8:3726,9:3829,10:3916,11:3968,12:2896,13:2973,14:3112,15:3179,16:3293,17:3436,18:3485,19:3577,20:3651,21:3842,22:3885,23:4044,24:2919,25:2959,26:3086,27:3246,28:3270,29:3355,30:3518,31:3603,32:3719,33:3806,34:3876,35:4040,36:2851,37:3026,38:3136,39:3227,40:3317,41:3389,42:3540,43:3562,44:3695,45:3801,46:3923,47:3976,48:2895,49:2954,50:3121,51:3227,52:3343,53:3397,54:3548,55:3581,56:3735,57:3758,58:3945,59:4036,60:2867,61:3017,62:3116,63:3150,64:3319,65:3396,66:3457,67:3593,68:3661,69:3812,70:3897,71:4026,72:2910,73:3027,74:3063,75:3194,76:3258,77:3405,78:3453,79:3591,80:3709,81:3795,82:3881,83:4012,84:2889,85:3006,86:3066,87:3192,88:3250,89:3415,90:3542,91:3564,92:3746,93:3801,94:3874,95:4047,96:2943,97:2983,98:3103,99:3201,100:3332,101:3389,102:3539,103:3636,104:3650,105:3752,106:3900,107:3962,108:2865,109:2998,110:3141,111:3172,112:3323,113:3429,114:3502,115:3570,116:3662,117:3844,118:3929,119:4004,120:2876,121:3019,122:3068,123:3243,124:3315,125:3389,126:3463,127:3589,128:3664,129:3779,130:3904,131:4002,132:2855,133:3026,134:3059,135:3238,136:3268,137:3360,138:3494,139:3582,140:3745,141:3834,142:3856,143:4026,144:2914,145:2952,146:3058,147:3206,148:3295,149:3356,150:3527,151:3602,152:3677,153:3780,154:3921,155:4037,156:2924,157:2982,158:3097,159:3235,160:3347,161:3422,162:3535,163:3633,164:3671,165:3838,166:3915,167:4048,168:2864,169:2956,170:3126,171:3151,172:3332,173:3430,174:3534,175:3561,176:3746,177:3750,178:3903,179:3956,180:2852,181:2978,182:3058,183:3160,184:3272,185:3353,186:3469,187:3558,188:3713,189:3836,190:3927,191:4014,192:2907,193:3025,194:3088,195:3178,196:3343,197:3353,198:3457,199:3552,200:3730,201:3843,202:3947,203:3953,204:2907,205:3002,206:3131,207:3237,208:3329,209:3359,210:3512,211:3586,212:3715,213:3754,214:3928,215:4000,216:2941,217:2960,218:3051,219:3207,220:3343,221:3423,222:3456,223:3642,224:3713,225:3820,226:3901,227:4002,228:2921,229:3021,230:3112,231:3223,232:3320,233:3449,234:3496,235:3577,236:3740,237:3788,238:3888,239:3986,240:2874,241:2993,242:3111,243:3228,244:3279,245:3441,246:3455,247:3565,248:3651,249:3826,250:3858,251:3959,252:2859,253:2966,254:3078,255:3232,256:3342,257:3356,258:3531,259:3602,260:3658,261:3752,262:3921,263:4006,264:2885,265:3044,266:3052,267:3230,268:3298,269:3354,270:3470,271:3607,272:3685,273:3789,274:3942,275:3971,276:2946,277:3003,278:3054,279:3215,280:3300,281:3394,282:3474,283:3550,284:3695,285:3792,286:3872,287:3980,288:2907,289:3019,290:3129,291:3165,292:3287,293:3390,294:3534,295:3621,296:3689,297:3789,298:3877,299:4048,300:2866,301:2993,302:3145,303:3203,304:3258,305:3388,306:3496,307:3565,308:3658,309:3792,310:3893,311:4010,312:2915,313:2996,314:3104,315:3240,316:3278,317:3436,318:3461,319:3611,320:3747,321:3754,322:3868,323:3956,324:2888,325:3001,326:3100,327:3249,328:3316,329:3390,330:3549,331:3593,332:3741,333:3833,334:3879,335:4037,336:2895,337:2951,338:3063,339:3200,340:3285,341:3443,342:3498,343:3550,344:3723,345:3797,346:3912,347:4042,348:2908,349:3033,350:3053,351:3175,352:3331,353:3394,354:3498,355:3647,356:3677,357:3813,358:3889,359:3992
0:2911,1:2976,2:3103,3:3220,4:3264,5:3372,6:3528,7:3589,8:3695,9:3797,10:3902,11:3959,12:2910,13:2973,14:3103,15:3240,16:3260,17:3400,18:3494,19:3638,20:3707,21:3768,22:3938,23:3997,24:2869,25:2977,26:3072,27:3210,28:3317,29:3422,30:3518,31:3570,32:3678,33:3824,34:3936,35:4039,36:2859,37:2959,38:3055,39:3190,40:3326,41:3391,42:3499,43:3555,44:3685,45:3754,46:3885,47:4015,48:2909,49:2955,50:3144,51:3160,52:3329,53:3442,54:3547,55:3649,56:3739,57:3841,58:3897,59:4022,60:2944,61:3038,62:3115,63:3171,64:3275,65:3392,66:3542,67:3584,68:3699,69:3813,70:3909,71:4009,72:2899,73:2952,74:3100,75:3151,76:3343,77:3440,78:3549,79:3598,80:3669,81:3784,82:3905,83:4026,84:2898,85:3023,86:3109,87:3224,88:3321,89:3398,90:3494,91:3571,92:3681,93:3841,94:3947,95:3974,96:2923,97:3021,98:3135,99:3181,100:3267,101:3382,102:3521,103:3578,104:3678,105:3788,106:3882,107:4005,108:2927,109:2974,110:3140,111:3237,112:3259,113:3401,114:3540,115:3627,116:3672,117:3844,118:3902,119:3974,120:2939,121:2955,122:3071,123:3248,124:3264,125:3354,126:3520,127:3608,128:3743,129:3755,130:3866,131:4004,132:2869,133:2993,134:3074,135:3249,136:3330,137:3440,138:3526,139:3643,140:3655,141:3810,142:3927,143:4026,144:2923,145:3027,146:3134,147:3180,148:3262,149:3429,150:3493,151:3647,152:3731,153:3767,154:3860,155:3973,156:2880,157:2995,158:3093,159:3156,160:3255,161:3392,162:3503,163:3636,164:3662,165:3786,166:3869,167:4013,168:2872,169:2990,170:3142,171:3192,172:3297,173:3439,174:3456,175:3566,176:3657,177:3786,178:3887,179:4001,180:2919,181:3036,182:3149,183:3166,184:3278,185:3440,186:3496,187:3554,188:3705,189:3812,190:3926,191:3986,192:2900,193:3024,194:3149,195:3163,196:3326,197:3400,198:3484,199:3565,200:3692,201:3846,202:3872,203:3965,204:2892,205:3041,206:3146,207:3232,208:3312,209:3412,210:3514,211:3603,212:3685,213:3756,214:3944,215:4025,216:2933,217:2955,218:3079,219:3197,220:3324,221:3445,222:3513,223:3600,224:3666,225:3846,226:3879,227:3999,228:2936,229:2998,230:3117,231:3236,232:3313,233:3400,234:3463,235:3594,236:3703,237:3802,238:3932,239:3988,240:2946,241:2958,242:3082,243:3188,244:3289,245:3408,246:3506,247:3588,248:3679,249:3769,250:3933,251:4027,252:2898,253:2963,254:3108,255:3168,256:3296,257:3357,258:3524,259:3557,260:3713,261:3847,262:3922,263:4039,264:2863,265:2988,266:3078,267:3203,268:3339,269:3412,270:3462,271:3592,272:3700,273:3755,274:3857,275:4013,276:2868,277:2977,278:3106,279:3160,280:3263,281:3431,282:3505,283:3582,284:3706,285:3830,286:3857,287:3976,288:2854,289:3019,290:3128,291:3242,292:3311,293:3446,294:3547,295:3568,296:3680,297:3788,298:3906,299:4025,300:2933,301:3014,302:3131,303:3247,304:3321,305:3412,306:3523,307:3637,308:3704,309:3815,310:3872,311:4012,312:2856,313:2980,314:3060,315:3193,316:3324,317:3431,318:3516,319:3630,320:3744,321:3843,322:3865,323:4012,324:2869,325:3042,326:3142,327:3204,328:3269,329:3401,330:3528,331:3631,332:3717,333:3803,334:3938,335:3977,336:2939,337:2969,338:3119,339:3193,340:3282,341:3399,342:3511,343:3604,344:3713,345:3845,346:3924,347:4033,348:2922,349:3007,350:3117,351:3202,352:3270,353:3406,354:3463,355:3621,356:3720,357:3795,358:3944,359:4027
0:2876,1:3011,2:3054,3:3233,4:3251,5:3376,6:3532,7:3564,8:3723,9:3834,10:3878,11:4042,12:2864,13:3046,14:3061,15:3166,16:3275,17:3368,18:3467,19:3632,20:3721,21:3818,22:3907,23:4026,24:2864,25:2997,26:3083,27:3216,28:3341,29:3411,30:3516,31:3591,32:3738,33:3797,34:3909,35:4017,36:2851,37:3020,38:3063,39:3236,40:3295,41:3440,42:3475,43:3559,44:3715,45:3784,46:3912,47:4029,48:2880,49:2956,50:3076,51:3196,52:3299,53:3401,54:3465,55:3612,56:3654,57:3802,58:3884,59:4031,60:2896,61:3046,62:3126,63:3158,64:3344,65:3396,66:3450,67:3628,68:3747,69:3831,70:3876,71:4019,72:2885,73:2970,74:3059,75:3208,76:3309,77:3368,78:3513,79:3619,80:3741,81:3830,82:3869,83:3966,84:2853,85:2995,86:3079,87:3221,88:3277,89:3418,90:3477,91:3578,92:3706,93:3787,94:3877,95:4040,96:2941,97:2956,98:3106,99:3166,100:3303,101:3448,102:3462,103:3566,104:3728,105:3758,106:3949,107:4019,108:2877,109:3023,110:3135,111:3221,112:3271,113:3393,114:3533,115:3593,116:3707,117:3830,118:3888,119:3969,120:2892,121:2953,122:3149,123:3230,124:3295,125:3439,126:3505,127:3628,128:3659,129:3761,130:3851,131:4048,132:2906,133:3000,134:3080,135:3200,136:3277,137:3386,138:3530,139:3575,140:3737,141:3848,142:3894,143:4047,144:2936,145:3012,146:3125,147:3246,148:3269,149:3431,150:3463,151:3637,152:3674,153:3780,154:3906,155:4032,156:2940,157:3023,158:3101,159:3167,160:3344,161:3391,162:3524,163:3613,164:3740,165:3769,166:3886,167:4009,168:2901,169:3025,170:3125,171:3204,172:3339,173:3354,174:3498,175:3587,176:3722,177:3826,178:3918,179:3982,180:2860,181:3031,182:3127,183:3157,184:3253,185:3354,186:3459,187:3649,188:3747,189:3760,190:3920,191:3957,192:2923,193:2980,194:3065,195:3219,196:3298,197:3421,198:3494,199:3559,200:3678,201:3766,202:3945,203:3961,204:2899,205:3012,206:3141,207:3190,208:3308,209:3375,210:3460,211:3647,212:3667,213:3778,214:3883,215:3966,216:2861,217:3019,218:3138,219:3245,220:3308,221:3444,222:3473,223:3623,224:3702,225:3841,226:3893,227:4017,228:2890,229:3002,230:3107,231:3176,232:3253,233:3437,234:3489,235:3577,236:3734,237:3848,238:3905,239:4047,240:2857,241:2961,242:3115,243:3217,244:3259,245:3428,246:3545,247:3607,248:3667,249:3842,250:3899,251:3966,252:2896,253:2969,254:3067,255:3185,256:3283,257:3396,258:3461,259:3642,260:3717,261:3764,262:3872,263:4009,264:2887,265:2959,266:3098,267:3153,268:3293,269:3391,270:3461,271:3648,272:3652,273:3826,274:3926,275:3964,276:2880,277:2956,278:3149,279:3162,280:3306,281:3354,282:3489,283:3618,284:3716,285:3826,286:3943,287:3977,288:2905,289:3035,290:3076,291:3207,292:3323,293:3411,294:3478,295:3605,296:3677,297:3811,298:3862,299:4025,300:2860,301:3014,302:3109,303:3168,304:3257,305:3449,306:3497,307:3614,308:3731,309:3794,310:3855,311:4000,312:2872,313:2999,314:3056,315:3184,316:3277,317:3405,318:3547,319:3613,320:3724,321:3782,322:3944,323:4033,324:2880,325:2979,326:3087,327:3189,328:3313,329:3442,330:3526,331:3580,332:3686,333:3783,334:3943,335:4046,336:2929,337:2984,338:3067,339:3172,340:3271,341:3403,342:3476,343:3646,344:3683,345:3779,346:3869,347:3966,348:2935,349:3016,350:3077,351:3245,352:3285,353:3395,354:3477,355:3631,356:3744,357:3758,358:3851,359:4030
0:2883,1:3025,2:3137,3:3167,4:3260,5:3384,6:3526,7:3645,8:3654,9:3822,10:3879,11:4029,12:2870,13:2980,14:3119,15:3207,16:3251,17:3384,18:3520,19:3603,20:3686,21:3811,22:3850,23:3993,24:2908,25:2965,26:3118,27:3231,28:3269,29:3424,30:3501,31:3616,32:3693,33:3790,34:3901,35:3962,36:2866,37:2988,38:3149,39:3245,40:3290,41:3449,42:3530,43:3627,44:3729,45:3843,46:3932,47:3967,48:2929,49:3021,50:3111,51:3165,52:3288,53:3429,54:3543,55:3552,56:3749,57:3787,58:3923,59:4027,60:2916,61:3004,62:3059,63:3182,64:3308,65:3350,66:3515,67:3563,68:3672,69:3841,70:3929,71:3951,72:2864,73:2965,74:3135,75:3211,76:3262,77:3379,78:3549,79:3588,80:3705,81:3808,82:3853,83:3960,84:2866,85:2998,86:3077,87:3243,88:3329,89:3445,90:3476,91:3645,92:3690,93:3818,94:3860,95:3963,96:2856,97:3002,98:3082,99:3157,100:3272,101:3364,102:3521,103:3633,104:3720,105:3802,106:3934,107:3991,108:2910,109:2965,110:3079,111:3201,112:3312,113:3401,114:3509,115:3593,116:3740,117:3802,118:3931,119:4005,120:2948,121:3016,122:3082,123:3240,124:3299,125:3425,126:3480,127:3641,128:3714,129:3829,130:3853,131:3980,132:2931,133:3012,134:3099,135:3195,136:3330,137:3369,138:3524,139:3619,140:3746,141:3814,142:3915,143:3975,144:2860,145:2969,146:3096,147:3213,148:3329,149:3387,150:3471,151:3619,152:3737,153:3830,154:3876,155:4018,156:2924,157:2993,158:3105,159:3195,160:3349,161:3412,162:3468,163:3588,164:3732,165:3802,166:3889,167:3957,168:2883,169:3027,170:3054,171:3218,172:3316,173:3418,174:3493,175:3649,176:3726,177:3813,178:3917,179:4013,180:2914,181:2950,182:3070,183:3240,184:3279,185:3392,186:3482,187:3573,188:3744,189:3804,190:3881,191:3971,192:2914,193:3030,194:3095,195:3170,196:3333,197:3372,198:3498,199:3640,200:3666,201:3820,202:3851,203:3967,204:2937,205:2960,206:3091,207:3171,208:3283,209:3396,210:3496,211:3559,212:3688,213:3813,214:3905,215:3955,216:2937,217:2995,218:3101,219:3181,220:3325,221:3413,222:3468,223:3610,224:3738,225:3789,226:3858,227:4029,228:2877,229:2951,230:3070,231:3156,232:3250,233:3407,234:3497,235:3589,236:3686,237:3772,238:3941,239:3993,240:2900,241:2995,242:3079,243:3183,244:3349,245:3422,246:3522,247:3578,248:3735,249:3781,250:3915,251:3954,252:2852,253:3012,254:3131,255:3211,256:3323,257:3409,258:3495,259:3556,260:3746,261:3798,262:3872,263:4036,264:2915,265:3011,266:3055,267:3173,268:3343,269:3419,270:3549,271:3614,272:3651,273:3768,274:3868,275:3980,276:2876,277:3025,278:3067,279:3165,280:3339,281:3401,282:3464,283:3613,284:3715,285:3770,286:3898,287:4003,288:2852,289:2987,290:3121,291:3171,292:3303,293:3354,294:3508,295:3607,296:3732,297:3804,298:3917,299:3991,300:2938,301:3007,302:3143,303:3151,304:3299,305:3357,306:3524,307:3572,308:3738,309:3805,310:3901,311:3952,312:2871,313:2996,314:3089,315:3168,316:3342,317:3392,318:3481,319:3572,320:3650,321:3836,322:3905,323:4003,324:2882,325:3020,326:3149,327:3215,328:3280,329:3361,330:3520,331:3570,332:3650,333:3759,334:3896,335:3988,336:2945,337:3027,338:3082,339:3241,340:3295,341:3437,342:3464,343:3581,344:3656,345:3757,346:3864,347:4032,348:2919,349:3012,350:3119,351:3203,352:3293,353:3366,354:3541,355:3578,356:3650,357:3757,358:3893,359:3975
0:2926,1:3038,2:3085,3:3246,4:3340,5:3445,6:3476,7:3602,8:3728,9:3799,10:3932,11:3996,12:2931,13:3022,14:3069,15:3159,16:3250,17:3433,18:3466,19:3566,20:3698,21:3780,22:3906,23:3959,24:2873,25:3035,26:3067,27:3186,28:3288,29:3406,30:3468,31:3645,32:3715,33:3823,34:3923,35:3954,36:2903,37:3039,38:3106,39:3212,40:3309,41:3390,42:3495,43:3567,44:3749,45:3790,46:3871,47:4019,48:2862,49:2963,50:3097,51:3179,52:3264,53:3429,54:3514,55:3640,56:3654,57:3833,58:3864,59:4006,60:2887,61:3002,62:3135,63:3222,64:3257,65:3412,66:3531,67:3587,68:3657,69:3775,70:3889,71:4000,72:2889,73:2980,74:3142,75:3236,76:3349,77:3443,78:3468,79:3634,80:3731,81:3754,82:3901,83:3981,84:2856,85:2981,86:3121,87:3183,88:3321,89:3418,90:3545,91:3587,92:3734,93:3819,94:3887,95:3994,96:2916,97:3027,98:3115,99:3222,100:3276,101:3373,102:3545,103:3614,104:3724,105:3767,106:3852,107:3974,108:2925,109:3010,110:3090,111:3202,112:3330,113:3439,114:3538,115:3624,116:3717,117:3835,118:3854,119:3954,120:2907,121:3014,122:3102,123:3213,124:3337,125:3380,126:3460,127:3646,128:3714,129:3772,130:3859,131:4041,132:2891,133:3048,134:3122,135:3205,136:3329,137:3408,138:3541,139:3591,140:3694,141:3846,142:3879,143:4008,144:2886,145:2986,146:3070,147:3151,148:3311,149:3410,150:3471,151:3568,152:3741,153:3774,154:3939,155:4033,156:2945,157:3034,158:3141,159:3177,160:3300,161:3392,162:3517,163:3604,164:3685,165:3808,166:3918,167:3968,168:2876,169:3032,170:3053,171:3208,172:3262,173:3418,174:3453,175:3638,176:3694,177:3795,178:3927,179:4016,180:2883,181:2967,182:3052,183:3160,184:3299,185:3425,186:3523,187:3646,188:3677,189:3809,190:3911,191:3954,192:2864,193:2987,194:3094,195:3204,196:3258,197:3362,198:3538,199:3596,200:3740,201:3792,202:3859,203:4019,204:2935,205:3011,206:3072,207:3236,208:3270,209:3428,210:3491,211:3593,212:3652,213:3796,214:3924,215:3974,216:2941,217:3039,218:3132,219:3229,220:3250,221:3445,222:3519,223:3619,224:3704,225:3832,226:3851,227:4013,228:2921,229:3011,230:3131,231:3225,232:3253,233:3382,234:3537,235:3563,236:3656,237:3799,238:3941,239:3962,240:2859,241:3017,242:3115,243:3249,244:3342,245:3414,246:3519,247:3578,248:3727,249:3750,250:3902,251:4010,252:2914,253:3030,254:3148,255:3194,256:3346,257:3417,258:3543,259:3648,260:3737,261:3753,262:3858,263:3953,264:2882,265:2998,266:3108,267:3218,268:3274,269:3375,270:3457,271:3637,272:3744,273:3753,274:3860,275:4041,276:2888,277:3034,278:3104,279:3162,280:3277,281:3383,282:3473,283:3574,284:3658,285:3787,286:3894,287:4028,288:2882,289:3012,290:3140,291:3179,292:3285,293:3368,294:3513,295:3626,296:3737,297:3811,298:3898,299:4016,300:2853,301:3028,302:3096,303:3194,304:3345,305:3395,306:3517,307:3586,308:3682,309:3776,310:3904,311:4010,312:2909,313:2955,314:3053,315:3199,316:3296,317:3377,318:3496,319:3641,320:3663,321:3752,322:3900,323:3983,324:2928,325:3007,326:3119,327:3192,328:3287,329:3411,330:3467,331:3623,332:3656,333:3800,334:3882,335:3989,336:2888,337:2960,338:3130,339:3188,340:3294,341:3379,342:3535,343:3617,344:3696,345:3771,346:3893,347:3990,348:2908,349:2957,350:3106,351:3211,352:3329,353:3415,354:3470,355:3592,356:3679,357:3819,358:3911,359:4005
0:2900,1:2953,2:3075,3:3207,4:3279,5:3350,6:3478,7:3606,8:3729,9:3845,10:3854,11:3984,12:2877,13:2983,14:3076,15:3231,16:3252,17:3371,18:3474,19:3583,20:3692,21:3775,22:3885,23:3963,24:2867,25:3019,26:3117,27:3235,28:3278,29:3434,30:3469,31:3550,32:3669,33:3843,34:3897,35:3974,36:2901,37:3045,38:3090,39:3208,40:3284,41:3369,42:3492,43:3606,44:3719,45:3775,46:3890,47:4012,48:2943,49:2996,50:3101,51:3186,52:3323,53:3360,54:3468,55:3618,56:3721,57:3801,58:3929,59:4029,60:2892,61:2960,62:3111,63:3212,64:3281,65:3410,66:3451,67:3555,68:3717,69:3837,70:3949,71:4034,72:2919,73:2952,74:3065,75:3152,76:3327,77:3360,78:3507,79:3620,80:3682,81:3827,82:3876,83:3960,84:2926,85:2962,86:3107,87:3248,88:3324,89:3447,90:3511,91:3641,92:3702,93:3795,94:3876,95:4002,96:2912,97:2974,98:3085,99:3229,100:3299,101:3444,102:3539,103:3554,104:3744,105:3819,106:3852,107:3988,108:2921,109:2990,110:3053,111:3246,112:3319,113:3374,114:3459,115:3590,116:3749,117:3767,118:3923,119:3973,120:2907,121:3020,122:3090,123:3247,124:3340,125:3427,126:3520,127:3622,128:3688,129:3790,130:3915,131:3970,132:2858,133:2969,134:3120,135:3191,136:3348,137:3374,138:3450,139:3556,140:3706,141:3825,142:3897,143:4045,144:2886,145:3002,146:3124,147:3236,148:3253,149:3433,150:3486,151:3598,152:3652,153:3822,154:3851,155:4024,156:2901,157:2981,158:3051,159:3196,160:3297,161:3387,162:3486,163:3585,164:3676,165:3804,166:3912,167:3965,168:2866,169:3035,170:3083,171:3175,172:3310,173:3388,174:3520,175:3626,176:3689,177:3769,178:3941,179:3956,180:2878,181:2978,182:3124,183:3246,184:3280,185:3390,186:3470,187:3600,188:3688,189:3831,190:3882,191:3988,192:2905,193:3021,194:3074,195:3234,196:3278,197:3396,198:3469,199:3619,200:3656,201:3762,202:3914,203:3984,204:2911,205:3042,206:3074,207:3161,208:3314,209:3423,210:3521,211:3645,212:3699,213:3808,214:3910,215:4045,216:2893,217:2988,218:3132,219:3213,220:3258,221:3386,222:3505,223:3649,224:3721,225:3840,226:3920,227:3963,228:2877,229:3049,230:3107,231:3167,232:3340,233:3426,234:3471,235:3583,236:3734,237:3767,238:3893,239:4035,240:2897,241:2964,242:3112,243:3153,244:3310,245:3412,246:3450,247:3601,248:3672,249:3804,250:3940,251:4044,252:2940,253:3007,254:3120,255:3159,256:3321,257:3385,258:3482,259:3565,260:3674,261:3846,262:3913,263:4026,264:2932,265:3047,266:3102,267:3174,268:3303,269:3383,270:3492,271:3576,272:3665,273:3761,274:3890,275:4033,276:2929,277:3038,278:3145,279:3179,280:3267,281:3371,282:3493,283:3648,284:3686,285:3809,286:3853,287:4030,288:2882,289:3036,290:3062,291:3177,292:3339,293:3420,294:3506,295:3622,296:3684,297:3784,298:3874,299:3974,300:2869,301:3024,302:3075,303:3168,304:3299,305:3370,306:3533,307:3576,308:3699,309:3843,310:3924,311:3978,312:2872,313:3011,314:3052,315:3196,316:3311,317:3424,318:3511,319:3591,320:3687,321:3764,322:3922,323:4035,324:2908,325:2989,326:3065,327:3210,328:3303,329:3444,330:3450,331:3632,332:3698,333:3833,334:3873,335:3953,336:2859,337:3005,338:3109,339:3243,340:3267,341:3416,342:3499,343:3575,344:3724,345:3752,346:3905,347:4008,348:2883,349:2975,350:3050,351:3167,352:3260,353:3353,354:3548,355:3580,356:3709,357:3752,358:3903,359:3962
0:2895,1:2985,2:3131,3:3245,4:3251,5:3384,6:3451,7:3587,8:3724,9:3777,10:3932,11:4036,12:2874,13:3033,14:3105,15:3198,16:3274,17:3385,18:3535,19:3572,20:3739,21:3809,22:3933,23:3960,24:2928,25:2968,26:3050,27:3157,28:3260,29:3444,30:3531,31:3617,32:3680,33:3797,34:3893,35:4044,36:2850,37:2996,38:3138,39:3190,40:3290,41:3360,42:3519,43:3618,44:3679,45:3762,46:3941,47:4025,48:2941,49:2954,50:3142,51:3205,52:3283,53:3386,54:3451,55:3588,56:3734,57:3844,58:3881,59:3984,60:2904,61:3047,62:3111,63:3179,64:3303,65:3355,66:3465,67:3557,68:3699,69:3795,70:3900,71:4044,72:2891,73:3046,74:3066,75:3181,76:3286,77:3424,78:3456,79:3644,80:3652,81:3809,82:3918,83:4036,84:2914,85:2960,86:3099,87:3192,88:3331,89:3399,90:3520,91:3566,92:3651,93:3764,94:3949,95:4048,96:2855,97:3003,98:3066,99:3214,100:3259,101:3404,102:3481,103:3603,104:3679,105:3849,106:3850,107:3950,108:2877,109:3016,110:3092,111:3202,112:3256,113:3375,114:3460,115:3611,116:3721,117:3831,118:3915,119:3991,120:2879,121:2999,122:3067,123:3166,124:3347,125:3394,126:3536,127:3562,128:3712,129:3779,130:3890,131:4019,132:2877,133:3003,134:3114,135:3212,136:3251,137:3432,138:3462,139:3599,140:3667,141:3820,142:3926,143:4031,144:2934,145:2950,146:3120,147:3174,148:3309,149:3350,150:3471,151:3627,152:3705,153:3792,154:3878,155:3997,156:2852,157:2985,158:3091,159:3227,160:3258,161:3423,162:3479,163:3612,164:3676,165:3760,166:3878,167:4013,168:2894,169:3037,170:3106,171:3231,172:3332,173:3369,174:3527,175:3586,176:3651,177:3836,178:3925,179:3963,180:2872,181:3049,182:3146,183:3247,184:3292,185:3390,186:3464,187:3615,188:3717,189:3810,190:3949,191:4027,192:2941,193:3044,194:3059,195:3248,196:3312,197:3353,198:3468,199:3556,200:3716,201:3843,202:3899,203:3971,204:2925,205:3024,206:3114,207:3242,208:3263,209:3431,210:3465,211:3616,212:3674,213:3834,214:3945,215:4001,216:2902,217:3009,218:3078,219:3208,220:3294,221:3426,222:3529,223:3637,224:3712,225:3790,226:3923,227:3977,228:2853,229:3003,230:3146,231:3218,232:3265,233:3447,234:3545,235:3618,236:3713,237:3808,238:3918,239:4029,240:2858,241:2992,242:3064,243:3177,244:3261,245:3440,246:3457,247:3570,248:3673,249:3816,250:3945,251:4024,252:2857,253:2964,254:3143,255:3215,256:3293,257:3385,258:3492,259:3563,260:3669,261:3826,262:3942,263:3983,264:2850,265:3027,266:3067,267:3247,268:3336,269:3399,270:3461,271:3569,272:3688,273:3825,274:3936,275:4022,276:2936,277:2979,278:3120,279:3160,280:3265,281:3395,282:3451,283:3570,284:3684,285:3751,286:3855,287:4005,288:2938,289:3034,290:3078,291:3168,292:3341,293:3444,294:3518,295:3555,296:3655,297:3848,298:3904,299:3966,300:2879,301:3011,302:3078,303:3237,304:3345,305:3418,306:3466,307:3635,308:3680,309:3759,310:3934,311:4014,312:2888,313:3013,314:3143,315:3178,316:3291,317:3429,318:3465,319:3628,320:3679,321:3785,322:3919,323:4011,324:2855,325:3002,326:3147,327:3154,328:3270,329:3365,330:3476,331:3628,332:3749,333:3842,334:3880,335:4007,336:2868,337:3032,338:3083,339:3150,340:3287,341:3375,342:3518,343:3646,344:3712,345:3780,346:3886,347:3987,348:2925,349:2991,350:3118,351:3217,352:3318,353:3441,354:3525,355:3634,356:3727,357:3795,358:3863,359:4030
0:2886,1:2988,2:3148,3:3238,4:3290,5:3382,6:3483,7:3576,8:3678,9:3763,10:3933,11:4039,12:2921,13:3029,14:3117,15:3187,16:3322,17:3419,18:3513,19:3623,20:3666,21:3835,22:3882,23:4014,24:2915,25:3015,26:3072,27:3192,28:3310,29:3446,30:3543,31:3644,32:3710,33:3848,34:3915,35:4046,36:2937,37:3025,38:3066,39:3169,40:3333,41:3389,42:3499,43:3572,44:3661,45:3843,46:3891,47:4022,48:2877,49:3037,50:3085,51:3156,52:3330,53:3422,54:3455,55:3620,56:3747,57:3756,58:3852,59:4023,60:2901,61:3038,62:3119,63:3192,64:3282,65:3371,66:3540,67:3648,68:3676,69:3757,70:3867,71:3991,72:2880,73:3002,74:3082,75:3245,76:3311,77:3390,78:3479,79:3621,80:3684,81:3802,82:3863,83:4026,84:2918,85:3040,86:3082,87:3232,88:3286,89:3428,90:3510,91:3568,92:3732,93:3786,94:3901,95:4023,96:2881,97:2952,98:3129,99:3179,100:3349,101:3440,102:3478,103:3564,104:3707,105:3753,106:3922,107:3957,108:2863,109:3025,110:3083,111:3238,112:3325,113:3393,114:3528,115:3628,116:3730,117:3770,118:3901,119:3971,120:2861,121:3009,122:3136,123:3239,124:3316,125:3411,126:3484,127:3590,128:3733,129:3776,130:3940,131:3986,132:2938,133:2962,134:3140,135:3226,136:3263,137:3351,138:3536,139:3617,140:3721,141:3805,142:3915,143:3989,144:2949,145:2999,146:3131,147:3249,148:3296,149:3380,150:3520,151:3612,152:3720,153:3839,154:3878,155:3981,156:2874,157:3032,158:3060,159:3172,160:3323,161:3359,162:3527,163:3615,164:3665,165:3813,166:3911,167:4044,168:2904,169:2962,170:3083,171:3155,172:3305,173:3438,174:3473,175:3622,176:3676,177:3793,178:3864,179:3995,180:2930,181:3032,182:3122,183:3238,184:3309,185:3405,186:3472,187:3568,188:3744,189:3822,190:3878,191:3955,192:2859,193:2958,194:3117,195:3226,196:3298,197:3441,198:3483,199:3644,200:3680,201:3801,202:3859,203:3986,204:2915,205:3006,206:3132,207:3249,208:3251,209:3438,210:3492,211:3628,212:3701,213:3753,214:3913,215:4013,216:2932,217:2998,218:3114,219:3170,220:3340,221:3423,222:3549,223:3624,224:3685,225:3776,226:3910,227:3950,228:2909,229:3028,230:3109,231:3208,232:3342,233:3367,234:3542,235:3595,236:3707,237:3779,238:3887,239:3951,240:2913,241:2983,242:3061,243:3249,244:3346,245:3370,246:3533,247:3629,248:3699,249:3778,250:3899,251:4034,252:2857,253:3008,254:3133,255:3169,256:3304,257:3413,258:3543,259:3608,260:3727,261:3823,262:3945,263:3975,264:2939,265:2997,266:3134,267:3176,268:3283,269:3418,270:3507,271:3643,272:3712,273:3784,274:3931,275:3960,276:2907,277:2984,278:3064,279:3209,280:3295,281:3415,282:3529,283:3608,284:3729,285:3824,286:3909,287:4026,288:2871,289:3039,290:3111,291:3160,292:3287,293:3426,294:3546,295:3550,296:3680,297:3773,298:3916,299:4010,300:2895,301:3035,302:3058,303:3240,304:3307,305:3392,306:3546,307:3640,308:3738,309:3831,310:3894,311:3998,312:2887,313:2974,314:3067,315:3154,316:3258,317:3431,318:3549,319:3560,320:3654,321:3847,322:3940,323:3984,324:2938,325:2975,326:3073,327:3155,328:3322,329:3380,330:3516,331:3583,332:3697,333:3760,334:3866,335:4026,336:2902,337:2987,338:3058,339:3154,340:3312,341:3365,342:3520,343:3600,344:3700,345:3845,346:3857,347:4030,348:2945,349:2969,350:3106,351:3238,352:3317,353:3384,354:3455,355:3561,356:3674,357:3777,358:3895,359:4013
0:2877,1:2982,2:3093,3:3248,4:3286,5:3378,6:3489,7:3585,8:3674,9:3797,10:3872,11:4040,12:2901,13:3048,14:3119,15:3213,16:3316,17:3379,18:3496,19:3646,20:3691,21:3808,22:3889,23:3950,24:2856,25:2988,26:3079,27:3161,28:3348,29:3414,30:3463,31:3595,32:3705,33:3843,34:3942,35:4025,36:2858,37:2951,38:3139,39:3237,40:3286,41:3418,42:3523,43:3603,44:3682,45:3753,46:3903,47:3971,48:2866,49:3012,50:3097,51:3247,52:3321,53:3357,54:3453,55:3632,56:3655,57:3763,58:3947,59:3952,60:2858,61:3025,62:3141,63:3244,64:3337,65:3436,66:3488,67:3598,68:3698,69:3756,70:3947,71:3995,72:2944,73:3018,74:3144,75:3159,76:3336,77:3382,78:3541,79:3589,80:3678,81:3834,82:3881,83:4029,84:2948,85:2982,86:3112,87:3168,88:3335,89:3409,90:3465,91:3649,92:3733,93:3768,94:3850,95:3958,96:2883,97:2998,98:3069,99:3169,100:3251,101:3432,102:3546,103:3578,104:3675,105:3800,106:3857,107:3951,108:2917,109:3011,110:3124,111:3158,112:3273,113:3359,114:3478,115:3611,116:3655,117:3797,118:3930,119:4016,120:2934,121:3016,122:3105,123:3192,124:3292,125:3439,126:3529,127:3595,128:3709,129:3770,130:3866,131:4017,132:2941,133:3023,134:3074,135:3222,136:3272,137:3432,138:3459,139:3575,140:3678,141:3765,142:3884,143:4049,144:2927,145:2956,146:3090,147:3204,148:3307,149:3438,150:3532,151:3617,152:3665,153:3759,154:3930,155:3978,156:2873,157:3011,158:3128,159:3174,160:3279,161:3351,162:3454,163:3614,164:3726,165:3765,166:3892,167:4024,168:2861,169:2963,170:3064,171:3239,172:3319,173:3375,174:3456,175:3588,176:3704,177:3817,178:3869,179:4037,180:2911,181:2963,182:3102,183:3225,184:3267,185:3365,186:3463,187:3631,188:3712,189:3792,190:3882,191:4023,192:2914,193:3007,194:3076,195:3227,196:3260,197:3357,198:3544,199:3558,200:3652,201:3803,202:3875,203:3989,204:2887,205:2984,206:3095,207:3195,208:3256,209:3361,210:3498,211:3599,212:3709,213:3841,214:3907,215:4008,216:2900,217:3018,218:3126,219:3180,220:3314,221:3390,222:3546,223:3637,224:3661,225:3782,226:3924,227:4014,228:2913,229:2983,230:3127,231:3175,232:3291,233:3377,234:3480,235:3612,236:3701,237:3824,238:3885,239:4004,240:2931,241:2963,242:3113,243:3205,244:3290,245:3436,246:3486,247:3645,248:3731,249:3755,250:3853,251:4043,252:2944,253:2964,254:3106,255:3152,256:3295,257:3396,258:3497,259:3626,260:3709,261:3847,262:3930,263:3987,264:2864,265:3018,266:3139,267:3150,268:3317,269:3366,270:3487,271:3560,272:3695,273:3762,274:3878,275:4013,276:2942,277:3014,278:3100,279:3245,280:3344,281:3364,282:3494,283:3578,284:3697,285:3792,286:3938,287:4001,288:2870,289:2969,290:3095,291:3163,292:3295,293:3383,294:3531,295:3577,296:3744,297:3832,298:3888,299:3976,300:2909,301:2994,302:3092,303:3167,304:3263,305:3429,306:3513,307:3550,308:3720,309:3830,310:3884,311:4006,312:2939,313:2994,314:3089,315:3190,316:3258,317:3367,318:3451,319:3648,320:3728,321:3792,322:3911,323:3999,324:2873,325:3028,326:3108,327:3204,328:3267,329:3447,330:3471,331:3640,332:3735,333:3838,334:3885,335:3961,336:2892,337:3030,338:3082,339:3231,340:3317,341:3442,342:3501,343:3561,344:3728,345:3810,346:3876,347:4011,348:2915,349:2958,350:3077,351:3205,352:3333,353:3381,354:3456,355:3600,356:3692,357:3812,358:3904,359:4031
0:2898,1:2968,2:3077,3:3247,4:3266,5:3383,6:3480,7:3618,8:3674,9:3828,10:3894,11:4019,12:2888,13:2998,14:3107,15:3151,16:3329,17:3388,18:3496,19:3628,20:3650,21:3764,22:3872,23:4002,24:2875,25:2965,26:3149,27:3164,28:3255,29:3449,30:3459,31:3605,32:3723,33:3825,34:3876,35:3950,36:2913,37:2989,38:3078,39:3239,40:3274,41:3449,42:3495,43:3644,44:3673,45:3810,46:3923,47:4001,48:2925,49:3047,50:3080,51:3246,52:3282,53:3368,54:3484,55:3612,56:3729,57:3774,58:3873,59:4003,60:2902,61:2997,62:3070,63:3181,64:3264,65:3366,66:3534,67:3597,68:3741,69:3765,70:3910,71:4049,72:2913,73:2995,74:3118,75:3241,76:3345,77:3364,78:3529,79:3640,80:3737,81:3808,82:3856,83:3955,84:2853,85:2963,86:3094,87:3172,88:3251,89:3422,90:3529,91:3608,92:3652,93:3771,94:3875,95:4001,96:2922,97:3033,98:3073,99:3157,100:3272,101:3448,102:3544,103:3579,104:3692,105:3752,106:3874,107:4035,108:2866,109:3029,110:3102,111:3162,112:3280,113:3379,114:3497,115:3587,116:3708,117:3799,118:3864,119:3983,120:2933,121:2982,122:3056,123:3240,124:3295,125:3421,126:3507,127:3645,128:3698,129:3759,130:3856,131:4028,132:2859,133:2959,134:3081,135:3207,136:3296,137:3421,138:3521,139:3550,140:3660,141:3818,142:3932,143:3953,144:2856,145:3034,146:3060,147:3179,148:3328,149:3413,150:3463,151:3588,152:3700,153:3788,154:3871,155:3951,156:2941,157:3033,158:3140,159:3151,160:3336,161:3361,162:3541,163:3554,164:3696,165:3771,166:3856,167:4018,168:2933,169:2998,170:3109,171:3245,172:3348,173:3381,174:3491,175:3596,176:3655,177:3829,178:3899,179:3980,180:2859,181:2993,182:3090,183:3205,184:3256,185:3367,186:3548,187:3570,188:3704,189:3835,190:3945,191:4003,192:2895,193:2981,194:3123,195:3188,196:3287,197:3364,198:3512,199:3617,200:3665,201:3844,202:3877,203:4000,204:2882,205:2996,206:3111,207:3242,208:3313,209:3378,210:3474,211:3616,212:3727,213:3757,214:3865,215:4026,216:2925,217:3008,218:3102,219:3178,220:3326,221:3431,222:3493,223:3591,224:3703,225:3802,226:3896,227:4013,228:2925,229:3046,230:3052,231:3199,232:3254,233:3351,234:3528,235:3567,236:3666,237:3832,238:3863,239:4019,240:2851,241:3031,242:3097,243:3224,244:3344,245:3423,246:3537,247:3609,248:3735,249:3773,250:3938,251:4006,252:2937,253:3000,254:3145,255:3209,256:3253,257:3371,258:3468,259:3576,260:3664,261:3759,262:3947,263:4047,264:2911,265:2951,266:3104,267:3239,268:3327,269:3405,270:3547,271:3565,272:3698,273:3807,274:3852,275:4025,276:2887,277:2959,278:3124,279:3166,280:3322,281:3355,282:3459,283:3620,284:3745,285:3813,286:3929,287:3991,288:2936,289:2984,290:3077,291:3225,292:3267,293:3366,294:3514,295:3561,296:3739,297:3778,298:3936,299:3962,300:2883,301:3004,302:3051,303:3171,304:3255,305:3406,306:3509,307:3610,308:3650,309:3833,310:3911,311:4021,312:2868,313:3013,314:3096,315:3175,316:3276,317:3382,318:3450,319:3606,320:3663,321:3811,322:3867,323:4009,324:2890,325:3002,326:3131,327:3173,328:3322,329:3403,330:3451,331:3602,332:3728,333:3829,334:3909,335:4003,336:2886,337:3026,338:3062,339:3204,340:3325,341:3355,342:3480,343:3644,344:3704,345:3821,346:3885,347:4046,348:2850,349:2965,350:3104,351:3172,352:3303,353:3361,354:3481,355:3580,356:3680,357:3833,358:3933,359:3952
0:2941,1:3028,2:3126,3:3241,4:3282,5:3357,6:3474,7:3625,8:3666,9:3801,10:3928,11:3988,12:2914,13:3024,14:3094,15:3214,16:3291,17:3423,18:3496,19:3616,20:3682,21:3782,22:3857,23:4042,24:2876,25:2990,26:3058,27:3238,28:3342,29:3413,30:3499,31:3641,32:3707,33:3769,34:3929,35:3986,36:2859,37:2950,38:3120,39:3152,40:3334,41:3369,42:3522,43:3585,44:3729,45:3812,46:3931,47:3953,48:2854,49:2980,50:3107,51:3198,52:3290,53:3363,54:3451,55:3567,56:3693,57:3772,58:3881,59:3986,60:2937,61:3009,62:3113,63:3186,64:3311,65:3367,66:3540,67:3586,68:3703,69:3761,70:3856,71:4019,72:2906,73:3027,74:3100,75:3155,76:3273,77:3422,78:3499,79:3566,80:3704,81:3799,82:3896,83:3996,84:2936,85:2990,86:3113,87:3170,88:3339,89:3361,90:3522,91:3640,92:3650,93:3794,94:3896,95:3973,96:2889,97:3005,98:3106,99:3231,100:3331,101:3362,102:3509,103:3569,104:3654,105:3770,106:3857,107:3955,108:2925,109:2996,110:3132,111:3205,112:3288,113:3409,114:3519,115:3637,116:3677,117:3798,118:3874,119:3969,120:2943,121:2969,122:3064,123:3234,124:3306,125:3449,126:3532,127:3607,128:3704,129:3773,130:3942,131:4006,132:2869,133:2973,134:3122,135:3171,136:3284,137:3442,138:3478,139:3619,140:3740,141:3819,142:3925,143:3951,144:2857,145:2993,146:3127,147:3170,148:3261,149:3377,150:3461,151:3605,152:3687,153:3844,154:3916,155:3961,156:2943,157:2991,158:3055,159:3201,160:3274,161:3412,162:3508,163:3621,164:3723,165:3806,166:3880,167:3951,168:2889,169:3041,170:3076,171:3185,172:3316,173:3376,174:3473,175:3584,176:3727,177:3848,178:3904,179:3982,180:2938,181:3037,182:3131,183:3178,184:3342,185:3433,186:3453,187:3611,188:3661,189:3790,190:3940,191:3996,192:2893,193:2999,194:3080,195:3207,196:3290,197:3418,198:3527,199:3630,200:3670,201:3848,202:3857,203:3954,204:2926,205:3031,206:3111,207:3225,208:3271,209:3390,210:3460,211:3639,212:3662,213:3807,214:3886,215:3952,216:2898,217:3030,218:3054,219:3201,220:3277,221:3440,222:3522,223:3553,224:3714,225:3830,226:3895,227:3951,228:2916,229:2960,230:3118,231:3207,232:3297,233:3447,234:3497,235:3608,236:3727,237:3814,238:3942,239:3973,240:2887,241:2950,242:3087,243:3152,244:3302,245:3448,246:3475,247:3602,248:3729,249:3759,250:3877,251:4018,252:2913,253:2985,254:3081,255:3224,256:3303,257:3359,258:3499,259:3624,260:3748,261:3820,262:3869,263:3968,264:2941,265:2983,266:3073,267:3154,268:3281,269:3439,270:3528,271:3555,272:3720,273:3772,274:3927,275:4003,276:2901,277:2977,278:3069,279:3158,280:3296,281:3405,282:3538,283:3638,284:3667,285:3842,286:3872,287:3962,288:2930,289:3021,290:3057,291:3152,292:3266,293:3373,294:3470,295:3606,296:3665,297:3846,298:3934,299:3968,300:2936,301:3009,302:3123,303:3231,304:3342,305:3413,306:3466,307:3621,308:3737,309:3824,310:3878,311:4016,312:2896,313:2980,314:3128,315:3188,316:3274,317:3353,318:3451,319:3579,320:3701,321:3827,322:3878,323:4041,324:2894,325:3025,326:3128,327:3182,328:3281,329:3384,330:3486,331:3648,332:3705,333:3751,334:3921,335:4018,336:2874,337:2996,338:3060,339:3242,340:3295,341:3413,342:3498,343:3643,344:3716,345:3764,346:3926,347:3982,348:2923,349:3009,350:3080,351:3231,352:3322,353:3375,354:3503,355:3620,356:3692,357:3794,358:3917,359:3999
0:2940,1:3007,2:3084,3:3166,4:3268,5:3351,6:3524,7:3609,8:3748,9:3789,10:3851,11:3996,12:2940,13:3025,14:3138,15:3203,16:3277,17:3356,18:3465,19:3635,20:3650,21:3802,22:3916,23:3985,24:2917,25:2992,26:3132,27:3187,28:3259,29:3389,30:3537,31:3573,32:3723,33:3812,34:3908,35:3986,36:2850,37:3015,38:3064,39:3227,40:3269,41:3372,42:3542,43:3597,44:3657,45:3818,46:3948,47:3976,48:2887,49:3022,50:3070,51:3199,52:3316,53:3439,54:3498,55:3623,56:3722,57:3847,58:3866,59:3953,60:2868,61:3008,62:3119,63:3159,64:3337,65:3357,66:3514,67:3633,68:3741,69:3844,70:3908,71:3973,72:2850,73:2952,74:3094,75:3153,76:3274,77:3424,78:3524,79:3564,80:3656,81:3801,82:3923,83:3968,84:2883,85:2983,86:3138,87:3205,88:3295,89:3377,90:3496,91:3561,92:3683,93:3782,94:3903,95:3973,96:2896,97:2963,98:3079,99:3151,100:3267,101:3362,102:3466,103:3570,104:3654,105:3791,106:3852,107:4020,108:2879,109:2989,110:3081,111:3165,112:3311,113:3440,114:3465,115:3557,116:3657,117:3782,118:3907,119:3962,120:2850,121:3008,122:3124,123:3231,124:3251,125:3440,126:3513,127:3628,128:3749,129:3816,130:3873,131:3978,132:2873,133:2979,134:3091,135:3198,136:3349,137:3389,138:3495,139:3629,140:3734,141:3783,142:3889,143:3981,144:2945,145:3001,146:3070,147:3167,148:3283,149:3414,150:3472,151:3648,152:3653,153:3777,154:3898,155:3976,156:2903,157:3023,158:3073,159:3205,160:3259,161:3429,162:3517,163:3647,164:3655,165:3796,166:3931,167:4049,168:2886,169:2976,170:3116,171:3231,172:3280,173:3407,174:3521,175:3617,176:3703,177:3826,178:3940,179:3972,180:2931,181:2998,182:3099,183:3174,184:3328,185:3410,186:3466,187:3585,188:3712,189:3774,190:3852,191:4017,192:2861,193:2959,194:3071,195:3235,196:3293,197:3350,198:3519,199:3577,200:3696,201:3795,202:3945,203:4004,204:2879,205:3006,206:3124,207:3156,208:3288,209:3399,210:3482,211:3616,212:3654,213:3849,214:3899,215:4015,216:2860,217:2966,218:3103,219:3163,220:3338,221:3350,222:3485,223:3568,224:3734,225:3801,226:3905,227:4019,228:2874,229:2989,230:3098,231:3166,232:3265,233:3399,234:3493,235:3551,236:3668,237:3753,238:3870,239:4046,240:2886,241:3001,242:3096,243:3207,244:3327,245:3366,246:3545,247:3613,248:3667,249:3835,250:3914,251:4014,252:2880,253:2953,254:3099,255:3197,256:3288,257:3430,258:3514,259:3625,260:3668,261:3802,262:3879,263:3955,264:2865,265:3016,266:3081,267:3243,268:3343,269:3380,270:3463,271:3607,272:3743,273:3849,274:3906,275:3988,276:2901,277:3016,278:3113,279:3246,280:3262,281:3427,282:3528,283:3599,284:3716,285:3837,286:3881,287:4023,288:2860,289:3003,290:3149,291:3233,292:3297,293:3406,294:3508,295:3574,296:3704,297:3817,298:3878,299:3977,300:2933,301:3022,302:3130,303:3166,304:3276,305:3357,306:3547,307:3558,308:3749,309:3771,310:3948,311:4018,312:2885,313:2972,314:3054,315:3247,316:3346,317:3376,318:3499,319:3600,320:3681,321:3751,322:3893,323:4022,324:2905,325:2960,326:3109,327:3193,328:3280,329:3408,330:3457,331:3624,332:3746,333:3816,334:3883,335:3990,336:2875,337:3046,338:3114,339:3166,340:3271,341:3411,342:3508,343:3581,344:3652,345:3819,346:3865,347:3959,348:2857,349:2992,350:3135,351:3161,352:3266,353:3439,354:3520,355:3596,356:3702,357:3828,358:3875,359:3995
0:2892,1:2997,2:3138,3:3223,4:3297,5:3411,6:3547,7:3578,8:3731,9:3790,10:3901,11:4000,12:2919,13:2957,14:3126,15:3247,16:3272,17:3410,18:3505,19:3635,20:3702,21:3761,22:3923,23:3961,24:2949,25:3046,26:3062,27:3151,28:3327,29:3410,30:3499,31:3623,32:3741,33:3773,34:3881,35:3988,36:2863,37:2984,38:3071,39:3187,40:3308,41:3411,42:3490,43:3576,44:3670,45:3837,46:3865,47:4004,48:2928,49:2997,50:3109,51:3177,52:3306,53:3416,54:3534,55:3588,56:3686,57:3837,58:3921,59:3984,60:2887,61:2980,62:3076,63:3175,64:3319,65:3375,66:3496,67:3639,68:3709,69:3761,70:3910,71:4026,72:2856,73:2998,74:3092,75:3237,76:3256,77:3423,78:3548,79:3598,80:3681,81:3789,82:3923,83:4021,84:2854,85:2954,86:3124,87:3156,88:3312,89:3424,90:3503,91:3626,92:3661,93:3791,94:3866,95:3977,96:2904,97:3006,98:3146,99:3246,100:3316,101:3429,102:3496,103:3580,104:3669,105:3826,106:3945,107:4037,108:2925,109:3031,110:3091,111:3160,112:3291,113:3439,114:3531,115:3607,116:3739,117:3826,118:3922,119:4017,120:2906,121:2963,122:3053,123:3221,124:3268,125:3420,126:3488,127:3646,128:3684,129:3779,130:3937,131:4045,132:2947,133:2970,134:3065,135:3223,136:3349,137:3420,138:3486,139:3569,140:3658,141:3775,142:3889,143:4000,144:2885,145:3027,146:3076,147:3161,148:3262,149:3385,150:3514,151:3599,152:3715,153:3781,154:3873,155:4040,156:2887,157:2996,158:3085,159:3191,160:3256,161:3434,162:3477,163:3558,164:3700,165:3765,166:3903,167:3991,168:2870,169:2966,170:3083,171:3162,172:3290,173:3370,174:3509,175:3577,176:3701,177:3793,178:3948,179:3958,180:2856,181:3030,182:3081,183:3200,184:3273,185:3352,186:3474,187:3601,188:3677,189:3772,190:3880,191:4017,192:2928,193:2998,194:3110,195:3180,196:3338,197:3389,198:3532,199:3640,200:3677,201:3847,202:3916,203:4039,204:2947,205:2960,206:3063,207:3163,208:3275,209:3383,210:3453,211:3576,212:3728,213:3822,214:3876,215:4033,216:2866,217:2986,218:3068,219:3194,220:3301,221:3378,222:3492,223:3562,224:3651,225:3800,226:3896,227:3992,228:2943,229:3026,230:3106,231:3229,232:3275,233:3395,234:3510,235:3633,236:3655,237:3779,238:3858,239:3959,240:2864,241:2976,242:3108,243:3236,244:3311,245:3448,246:3537,247:3572,248:3671,249:3813,250:3936,251:4040,252:2868,253:2981,254:3066,255:3191,256:3304,257:3365,258:3527,259:3624,260:3658,261:3781,262:3949,263:4003,264:2899,265:3045,266:3064,267:3150,268:3276,269:3352,270:3515,271:3582,272:3676,273:3772,274:3919,275:4024,276:2857,277:2976,278:3118,279:3244,280:3330,281:3428,282:3467,283:3562,284:3742,285:3797,286:3900,287:3983,288:2871,289:2969,290:3101,291:3200,292:3341,293:3386,294:3494,295:3603,296:3747,297:3753,298:3914,299:3967,300:2922,301:3011,302:3066,303:3150,304:3283,305:3442,306:3489,307:3625,308:3677,309:3754,310:3941,311:4019,312:2909,313:3020,314:3080,315:3210,316:3327,317:3390,318:3458,319:3608,320:3694,321:3785,322:3860,323:3989,324:2888,325:2998,326:3064,327:3155,328:3293,329:3357,330:3483,331:3563,332:3732,333:3847,334:3925,335:4035,336:2866,337:3000,338:3090,339:3208,340:3321,341:3433,342:3465,343:3644,344:3659,345:3759,346:3850,347:4036,348:2870,349:2991,350:3142,351:3161,352:3282,353:3400,354:3521,355:3619,356:3726,357:3817,358:3925,359:3995
0:2874,1:3044,2:3063,3:3197,4:3275,5:3412,6:3513,7:3571,8:3742,9:3800,10:3855,11:4001,12:2850,13:2971,14:3137,15:3179,16:3268,17:3371,18:3523,19:3597,20:3733,21:3809,22:3852,23:4027,24:2920,25:2961,26:3090,27:3178,28:3317,29:3362,30:3486,31:3598,32:3651,33:3766,34:3914,35:3992,36:2942,37:2972,38:3123,39:3151,40:3292,41:3367,42:3454,43:3564,44:3663,45:3836,46:3934,47:4007,48:2934,49:3003,50:3088,51:3177,52:3262,53:3428,54:3542,55:3615,56:3710,57:3848,58:3918,59:3982,60:2866,61:3018,62:3052,63:3167,64:3283,65:3357,66:3515,67:3622,68:3699,69:3777,70:3883,71:4010,72:2850,73:2973,74:3144,75:3175,76:3336,77:3438,78:3462,79:3637,80:3748,81:3824,82:3854,83:3983,84:2874,85:2975,86:3073,87:3173,88:3331,89:3404,90:3542,91:3562,92:3749,93:3788,94:3871,95:3955,96:2906,97:2999,98:3087,99:3205,100:3333,101:3412,102:3547,103:3605,104:3670,105:3814,106:3911,107:3967,108:2946,109:2989,110:3096,111:3196,112:3343,113:3395,114:3549,115:3620,116:3712,117:3809,118:3859,119:3990,120:2940,121:3004,122:3050,123:3240,124:3255,125:3386,126:3500,127:3574,128:3710,129:3761,130:3909,131:4040,132:2938,133:2976,134:3093,135:3200,136:3315,137:3376,138:3471,139:3550,140:3711,141:3809,142:3895,143:4032,144:2874,145:2954,146:3139,147:3155,148:3324,149:3432,150:3503,151:3568,152:3720,153:3796,154:3905,155:4037,156:2879,157:2975,158:3087,159:3226,160:3309,161:3415,162:3473,163:3552,164:3720,165:3780,166:3904,167:3952,168:2879,169:3045,170:3141,171:3157,172:3331,173:3368,174:3479,175:3600,176:3699,177:3779,178:3947,179:3966,180:2899,181:2980,182:3147,183:3249,184:3308,185:3416,186:3514,187:3567,188:3690,189:3797,190:3945,191:4021,192:2902,193:2987,194:3093,195:3237,196:3257,197:3435,198:3450,199:3647,200:3688,201:3805,202:3917,203:4006,204:2911,205:2950,206:3080,207:3242,208:3258,209:3360,210:3455,211:3622,212:3668,213:3750,214:3922,215:4034,216:2885,217:2952,218:3067,219:3178,220:3313,221:3423,222:3531,223:3557,224:3739,225:3803,226:3934,227:4019,228:2880,229:3038,230:3132,231:3166,232:3319,233:3396,234:3536,235:3608,236:3667,237:3774,238:3934,239:3997,240:2906,241:3043,242:3135,243:3216,244:3259,245:3368,246:3545,247:3603,248:3687,249:3813,250:3917,251:3957,252:2854,253:3004,254:3141,255:3166,256:3339,257:3422,258:3479,259:3585,260:3682,261:3752,262:3900,263:4044,264:2907,265:2968,266:3136,267:3217,268:3317,269:3436,270:3495,271:3643,272:3651,273:3777,274:3897,275:3963,276:2942,277:2990,278:3066,279:3249,280:3299,281:3370,282:3518,283:3584,284:3690,285:3773,286:3938,287:3999,288:2874,289:3012,290:3127,291:3198,292:3274,293:3397,294:3464,295:3570,296:3732,297:3767,298:3932,299:4016,300:2856,301:2957,302:3101,303:3196,304:3308,305:3413,306:3464,307:3575,308:3707,309:3750,310:3861,311:3973,312:2892,313:3008,314:3101,315:3227,316:3326,317:3388,318:3467,319:3574,320:3706,321:3834,322:3859,323:4018,324:2860,325:3005,326:3122,327:3224,328:3319,329:3380,330:3549,331:3579,332:3686,333:3758,334:3931,335:4032,336:2923,337:2954,338:3086,339:3173,340:3314,341:3376,342:3505,343:3588,344:3731,345:3837,346:3901,347:4025,348:2903,349:2973,350:3139,351:3155,352:3276,353:3351,354:3506,355:3550,356:3672,357:3767,358:3942,359:4000
0:2899,1:2976,2:3082,3:3163,4:3279,5:3359,6:3546,7:3562,8:3681,9:3799,10:3885,11:3975,12:2903,13:2954,14:3090,15:3246,16:3255,17:3414,18:3496,19:3587,20:3684,21:3769,22:3851,23:4043,24:2909,25:3044,26:3145,27:3228,28:3268,29:3391,30:3451,31:3599,32:3704,33:3774,34:3936,35:3955,36:2889,37:2951,38:3061,39:3215,40:3272,41:3403,42:3467,43:3550,44:3702,45:3798,46:3851,47:3970,48:2917,49:2966,50:3142,51:3245,52:3323,53:3423,54:3506,55:3601,56:3707,57:3836,58:3891,59:3968,60:2894,61:2954,62:3148,63:3214,64:3288,65:3401,66:3450,67:3647,68:3694,69:3775,70:3869,71:3969,72:2910,73:3009,74:3051,75:3182,76:3288,77:3396,78:3466,79:3609,80:3689,81:3759,82:3899,83:3968,84:2866,85:2953,86:3099,87:3244,88:3263,89:3446,90:3481,91:3634,92:3652,93:3845,94:3937,95:3982,96:2889,97:3044,98:3065,99:3174,100:3254,101:3418,102:3535,103:3612,104:3746,105:3840,106:3908,107:3972,108:2911,109:3038,110:3070,111:3177,112:3345,113:3415,114:3490,115:3559,116:3694,117:3837,118:3870,119:4042,120:2855,121:3007,122:3064,123:3162,124:3286,125:3408,126:3455,127:3557,128:3655,129:3830,130:3892,131:3979,132:2871,133:3006,134:3126,135:3176,136:3320,137:3404,138:3517,139:3646,140:3659,141:3799,142:3903,143:4031,144:2940,145:2982,146:3100,147:3158,148:3339,149:3354,150:3451,151:3558,152:3678,153:3803,154:3855,155:3986,156:2912,157:3031,158:3139,159:3212,160:3278,161:3404,162:3491,163:3588,164:3663,165:3799,166:3918,167:3985,168:2936,169:3043,170:3140,171:3184,172:3255,173:3394,174:3520,175:3640,176:3654,177:3757,178:3890,179:4030,180:2948,181:3023,182:3118,183:3219,184:3252,185:3410,186:3484,187:3576,188:3677,189:3835,190:3871,191:4002,192:2899,193:2995,194:3097,195:3204,196:3341,197:3378,198:3532,199:3629,200:3748,201:3782,202:3935,203:4000,204:2877,205:3031,206:3136,207:3177,208:3292,209:3419,210:3488,211:3625,212:3659,213:3767,214:3882,215:4012,216:2882,217:2989,218:3101,219:3248,220:3254,221:3396,222:3486,223:3577,224:3667,225:3766,226:3938,227:4033,228:2889,229:3041,230:3086,231:3161,232:3293,233:3408,234:3459,235:3640,236:3678,237:3799,238:3866,239:3974,240:2850,241:2996,242:3136,243:3195,244:3340,245:3384,246:3510,247:3609,248:3668,249:3812,250:3888,251:3991,252:2891,253:2971,254:3141,255:3159,256:3255,257:3448,258:3454,259:3592,260:3737,261:3842,262:3944,263:4044,264:2863,265:3037,266:3074,267:3233,268:3347,269:3364,270:3538,271:3635,272:3707,273:3755,274:3933,275:4045,276:2863,277:3030,278:3100,279:3233,280:3255,281:3385,282:3534,283:3627,284:3650,285:3756,286:3927,287:4045,288:2854,289:3039,290:3085,291:3246,292:3303,293:3421,294:3490,295:3586,296:3682,297:3795,298:3880,299:3975,300:2942,301:2974,302:3096,303:3155,304:3313,305:3424,306:3520,307:3560,308:3719,309:3801,310:3927,311:3964,312:2909,313:3021,314:3113,315:3164,316:3331,317:3427,318:3469,319:3627,320:3734,321:3847,322:3901,323:3982,324:2941,325:2984,326:3066,327:3231,328:3295,329:3426,330:3507,331:3624,332:3683,333:3773,334:3872,335:4005,336:2863,337:2998,338:3146,339:3241,340:3272,341:3428,342:3492,343:3599,344:3709,345:3790,346:3945,347:4025,348:2885,349:3045,350:3086,351:3164,352:3303,353:3353,354:3487,355:3614,356:3678,357:3762,358:3871,359:4017
0:2903,1:2962,2:3069,3:3243,4:3262,5:3357,6:3505,7:3575,8:3687,9:3759,10:3892,11:3999,12:2915,13:3029,14:3064,15:3175,16:3273,17:3377,18:3467,19:3641,20:3733,21:3835,22:3943,23:4028,24:2873,25:2950,26:3095,27:3209,28:3257,29:3369,30:3454,31:3626,32:3693,33:3843,34:3894,35:4031,36:2859,37:2960,38:3111,39:3240,40:3304,41:3411,42:3508,43:3592,44:3729,45:3813,46:3908,47:4016,48:2852,49:2980,50:3142,51:3230,52:3303,53:3416,54:3522,55:3554,56:3719,57:3802,58:3880,59:3972,60:2891,61:2987,62:3079,63:3215,64:3293,65:3410,66:3524,67:3570,68:3680,69:3803,70:3933,71:3963,72:2929,73:2990,74:3095,75:3231,76:3250,77:3389,78:3520,79:3613,80:3731,81:3841,82:3934,83:3966,84:2887,85:3005,86:3071,87:3247,88:3329,89:3384,90:3528,91:3565,92:3731,93:3844,94:3882,95:4037,96:2873,97:2964,98:3072,99:3154,100:3325,101:3413,102:3503,103:3586,104:3708,105:3759,106:3940,107:3986,108:2857,109:2952,110:3138,111:3168,112:3257,113:3431,114:3514,115:3639,116:3701,117:3795,118:3851,119:3955,120:2866,121:3044,122:3110,123:3166,124:3280,125:3354,126:3536,127:3641,128:3685,129:3770,130:3924,131:4017,132:2863,133:2999,134:3104,135:3208,136:3301,137:3352,138:3482,139:3622,140:3694,141:3837,142:3944,143:3976,144:2896,145:3013,146:3118,147:3232,148:3327,149:3447,150:3544,151:3621,152:3665,153:3779,154:3858,155:4009,156:2900,157:3006,158:3141,159:3229,160:3274,161:3423,162:3527,163:3592,164:3701,165:3754,166:3943,167:3984,168:2947,169:2953,170:3129,171:3202,172:3264,173:3447,174:3454,175:3643,176:3703,177:3762,178:3912,179:3972,180:2922,181:3010,182:3125,183:3163,184:3322,185:3384,186:3480,187:3617,188:3659,189:3849,190:3933,191:3972,192:2940,193:3016,194:3051,195:3166,196:3256,197:3430,198:3471,199:3608,200:3724,201:3765,202:3939,203:4006,204:2918,205:3039,206:3100,207:3220,208:3304,209:3418,210:3461,211:3638,212:3705,213:3799,214:3919,215:4025,216:2920,217:2985,218:3100,219:3220,220:3341,221:3377,222:3476,223:3601,224:3681,225:3754,226:3865,227:4024,228:2867,229:2972,230:3064,231:3158,232:3290,233:3426,234:3547,235:3606,236:3729,237:3790,238:3879,239:3964,240:2888,241:2998,242:3055,243:3243,244:3260,245:3422,246:3540,247:3610,248:3698,249:3752,250:3866,251:3986,252:2905,253:3031,254:3114,255:3232,256:3286,257:3449,258:3483,259:3567,260:3740,261:3828,262:3851,263:3971,264:2892,265:2981,266:3111,267:3165,268:3252,269:3378,270:3501,271:3637,272:3671,273:3803,274:3921,275:3969,276:2862,277:2971,278:3055,279:3204,280:3289,281:3354,282:3462,283:3565,284:3729,285:3785,286:3901,287:4003,288:2878,289:2969,290:3055,291:3243,292:3285,293:3403,294:3483,295:3567,296:3677,297:3818,298:3906,299:4019,300:2926,301:2993,302:3059,303:3174,304:3341,305:3382,306:3501,307:3608,308:3719,309:3810,310:3859,311:4036,312:2912,313:3026,314:3094,315:3182,316:3330,317:3389,318:3473,319:3640,320:3696,321:3838,322:3944,323:4029,324:2935,325:3009,326:3110,327:3154,328:3328,329:3424,330:3520,331:3599,332:3748,333:3809,334:3886,335:3991,336:2882,337:3041,338:3062,339:3166,340:3298,341:3406,342:3450,343:3595,344:3734,345:3831,346:3933,347:4018,348:2917,349:3031,350:3065,351:3207,352:3325,353:3401,354:3509,355:3552,356:3670,357:3833,358:3857,359:4029
0:2860,1:2950,2:3061,3:3194,4:3320,5:3415,6:3511,7:3648,8:3743,9:3780,10:3869,11:4018,12:2896,13:3001,14:3059,15:3235,16:3313,17:3402,18:3545,19:3618,20:3710,21:3753,22:3910,23:4028,24:2915,25:2978,26:3104,27:3189,28:3282,29:3429,30:3535,31:3613,32:3736,33:3812,34:3856,35:3978,36:2889,37:3007,38:3100,39:3230,40:3280,41:3449,42:3476,43:3608,44:3685,45:3773,46:3906,47:3987,48:2896,49:3047,50:3092,51:3238,52:3332,53:3368,54:3541,55:3639,56:3706,57:3776,58:3889,59:3957,60:2891,61:2955,62:3091,63:3163,64:3330,65:3423,66:3473,67:3606,68:3660,69:3805,70:3927,71:4018,72:2865,73:2975,74:3131,75:3176,76:3251,77:3379,78:3502,79:3609,80:3743,81:3820,82:3905,83:4049,84:2899,85:3026,86:3107,87:3232,88:3277,89:3433,90:3502,91:3557,92:3722,93:3767,94:3860,95:3973,96:2855,97:3023,98:3144,99:3159,100:3289,101:3352,102:3511,103:3568,104:3694,105:3779,106:3940,107:4038,108:2923,109:2999,110:3122,111:3216,112:3301,113:3392,114:3494,115:3581,116:3673,117:3822,118:3850,119:3968,120:2867,121:3043,122:3118,123:3216,124:3329,125:3379,126:3505,127:3636,128:3665,129:3841,130:3866,131:4047,132:2906,133:2999,134:3085,135:3175,136:3300,137:3423,138:3513,139:3577,140:3744,141:3766,142:3920,143:4030,144:2897,145:3006,146:3102,147:3191,148:3267,149:3390,150:3488,151:3633,152:3700,153:3753,154:3932,155:4018,156:2887,157:3017,158:3106,159:3195,160:3298,161:3399,162:3453,163:3626,164:3651,165:3836,166:3946,167:3956,168:2853,169:3035,170:3077,171:3153,172:3302,173:3389,174:3515,175:3617,176:3672,177:3786,178:3923,179:4035,180:2852,181:3040,182:3136,183:3181,184:3277,185:3390,186:3458,187:3585,188:3731,189:3779,190:3865,191:3955,192:2938,193:3003,194:3129,195:3200,196:3325,197:3372,198:3502,199:3580,200:3702,201:3766,202:3889,203:4030,204:2930,205:3005,206:3116,207:3180,208:3348,209:3371,210:3494,211:3648,212:3742,213:3808,214:3873,215:3979,216:2858,217:2954,218:3143,219:3185,220:3255,221:3411,222:3517,223:3627,224:3678,225:3830,226:3882,227:3985,228:2895,229:2981,230:3116,231:3205,232:3344,233:3371,234:3535,235:3564,236:3739,237:3793,238:3916,239:3975,240:2886,241:2970,242:3139,243:3217,244:3279,245:3416,246:3549,247:3641,248:3738,249:3803,250:3906,251:3986,252:2870,253:2974,254:3132,255:3168,256:3274,257:3390,258:3485,259:3649,260:3704,261:3762,262:3948,263:3968,264:2886,265:3004,266:3086,267:3186,268:3287,269:3376,270:3450,271:3588,272:3738,273:3787,274:3929,275:4042,276:2871,277:3008,278:3097,279:3234,280:3255,281:3412,282:3472,283:3581,284:3664,285:3815,286:3942,287:4049,288:2927,289:3019,290:3140,291:3226,292:3295,293:3426,294:3475,295:3587,296:3678,297:3832,298:3893,299:4041,300:2876,301:2964,302:3147,303:3246,304:3325,305:3389,306:3461,307:3631,308:3696,309:3753,310:3889,311:3984,312:2855,313:2992,314:3095,315:3242,316:3293,317:3415,318:3463,319:3594,320:3674,321:3820,322:3893,323:3955,324:2855,325:2987,326:3070,327:3221,328:3306,329:3431,330:3470,331:3622,332:3670,333:3837,334:3927,335:3967,336:2903,337:3037,338:3070,339:3184,340:3266,341:3449,342:3510,343:3590,344:3672,345:3770,346:3886,347:4037,348:2870,349:3028,350:3090,351:3199,352:3326,353:3351,354:3502,355:3570,356:3681,357:3815,358:3927,359:4012
0:2901,1:3018,2:3131,3:3246,4:3276,5:3372,6:3452,7:3597,8:3674,9:3833,10:3931,11:3978,12:2887,13:2986,14:3067,15:3155,16:3305,17:3352,18:3513,19:3611,20:3654,21:3797,22:3868,23:4042,24:2855,25:2962,26:3086,27:3242,28:3341,29:3372,30:3487,31:3586,32:3654,33:3826,34:3855,35:3953,36:2876,37:3039,38:3146,39:3166,40:3266,41:3367,42:3548,43:3560,44:3660,45:3810,46:3875,47:3994,48:2934,49:2994,50:3099,51:3223,52:3325,53:3387,54:3500,55:3590,56:3681,57:3785,58:3919,59:4008,60:2884,61:3007,62:3066,63:3225,64:3331,65:3363,66:3460,67:3577,68:3691,69:3812,70:3898,71:4023,72:2897,73:3037,74:3134,75:3238,76:3287,77:3439,78:3494,79:3555,80:3749,81:3822,82:3949,83:4003,84:2937,85:2960,86:3096,87:3243,88:3313,89:3430,90:3457,91:3597,92:3743,93:3849,94:3863,95:3967,96:2851,97:2958,98:3117,99:3231,100:3343,101:3394,102:3515,103:3599,104:3721,105:3817,106:3901,107:4036,108:2923,109:3018,110:3075,111:3221,112:3325,113:3437,114:3451,115:3607,116:3729,117:3832,118:3928,119:4001,120:2904,121:2979,122:3080,123:3214,124:3322,125:3422,126:3492,127:3631,128:3727,129:3805,130:3874,131:4004,132:2933,133:3021,134:3070,135:3198,136:3333,137:3430,138:3495,139:3557,140:3672,141:3792,142:3868,143:3974,144:2875,145:3031,146:3079,147:3246,148:3282,149:3370,150:3549,151:3554,152:3711,153:3772,154:3914,155:4043,156:2895,157:2988,158:3115,159:3182,160:3291,161:3448,162:3477,163:3619,164:3687,165:3831,166:3903,167:4040,168:2927,169:3027,170:3106,171:3240,172:3252,173:3384,174:3456,175:3580,176:3663,177:3812,178:3895,179:3965,180:2850,181:3045,182:3138,183:3180,184:3311,185:3369,186:3528,187:3556,188:3744,189:3782,190:3888,191:4017,192:2939,193:3020,194:3073,195:3217,196:3273,197:3431,198:3529,199:3610,200:3703,201:3817,202:3915,203:4021,204:2856,205:2988,206:3092,207:3158,208:3315,209:3416,210:3545,211:3632,212:3718,213:3807,214:3861,215:4008,216:2943,217:2953,218:3146,219:3175,220:3321,221:3419,222:3524,223:3568,224:3677,225:3753,226:3945,227:3973,228:2866,229:3034,230:3083,231:3195,232:3316,233:3425,234:3508,235:3552,236:3667,237:3835,238:3919,239:4007,240:2930,241:3013,242:3148,243:3242,244:3339,245:3370,246:3501,247:3599,248:3668,249:3829,250:3921,251:4010,252:2880,253:2988,254:3103,255:3169,256:3262,257:3377,258:3502,259:3606,260:3731,261:3828,262:3869,263:4004,264:2949,265:2992,266:3095,267:3166,268:3333,269:3403,270:3456,271:3560,272:3741,273:3832,274:3884,275:3965,276:2857,277:2992,278:3071,279:3164,280:3342,281:3411,282:3537,283:3629,284:3655,285:3842,286:3921,287:3977,288:2859,289:2956,290:3061,291:3242,292:3305,293:3385,294:3538,295:3558,296:3689,297:3840,298:3901,299:3950,300:2910,301:2972,302:3145,303:3231,304:3273,305:3430,306:3533,307:3629,308:3690,309:3787,310:3917,311:4022,312:2902,313:3048,314:3129,315:3242,316:3260,317:3370,318:3477,319:3578,320:3676,321:3775,322:3942,323:4038,324:2877,325:3032,326:3131,327:3221,328:3333,329:3390,330:3455,331:3580,332:3689,333:3802,334:3948,335:4007,336:2894,337:2988,338:3102,339:3248,340:3279,341:3427,342:3515,343:3638,344:3732,345:3840,346:3907,347:3977,348:2945,349:2980,350:3077,351:3199,352:3271,353:3410,354:3504,355:3584,356:3658,357:3811,358:3857,359:4018
0:2905,1:3017,2:3058,3:3246,4:3336,5:3353,6:3475,7:3623,8:3697,9:3764,10:3935,11:3955,12:2855,13:2976,14:3053,15:3230,16:3259,17:3439,18:3521,19:3639,20:3711,21:3767,22:3898,23:3995,24:2879,25:2969,26:3051,27:3194,28:3320,29:3401,30:3524,31:3604,32:3746,33:3838,34:3905,35:3995,36:2944,37:3013,38:3093,39:3232,40:3349,41:3380,42:3536,43:3638,44:3748,45:3818,46:3908,47:4023,48:2894,49:3017,50:3083,51:3225,52:3277,53:3437,54:3456,55:3617,56:3699,57:3804,58:3920,59:3979,60:2898,61:2968,62:3098,63:3161,64:3253,65:3431,66:3542,67:3618,68:3738,69:3816,70:3887,71:3986,72:2939,73:3033,74:3101,75:3161,76:3298,77:3384,78:3538,79:3640,80:3723,81:3840,82:3910,83:4025,84:2933,85:2995,86:3144,87:3168,88:3281,89:3378,90:3541,91:3554,92:3682,93:3766,94:3944,95:3996,96:2881,97:3000,98:3128,99:3173,100:3348,101:3413,102:3457,103:3600,104:3650,105:3758,106:3882,107:4042,108:2931,109:2956,110:3105,111:3152,112:3290,113:3441,114:3541,115:3558,116:3676,117:3845,118:3864,119:4049,120:2863,121:3001,122:3134,123:3234,124:3298,125:3363,126:3501,127:3613,128:3667,129:3785,130:3932,131:4016,132:2870,133:3012,134:3134,135:3163,136:3339,137:3363,138:3470,139:3617,140:3732,141:3818,142:3929,143:4031,144:2872,145:3036,146:3126,147:3224,148:3253,149:3356,150:3531,151:3618,152:3739,153:3776,154:3861,155:4000,156:2901,157:2969,158:3104,159:3163,160:3304,161:3417,162:3543,163:3570,164:3673,165:3817,166:3853,167:4048,168:2916,169:2982,170:3058,171:3201,172:3340,173:3358,174:3533,175:3645,176:3670,177:3750,178:3938,179:4030,180:2863,181:3046,182:3063,183:3174,184:3294,185:3386,186:3457,187:3595,188:3707,189:3803,190:3913,191:3958,192:2853,193:2963,194:3134,195:3153,196:3314,197:3418,198:3483,199:3629,200:3706,201:3821,202:3880,203:3957,204:2892,205:3001,206:3120,207:3223,208:3312,209:3414,210:3523,211:3634,212:3737,213:3843,214:3930,215:4025,216:2886,217:2987,218:3101,219:3164,220:3309,221:3397,222:3513,223:3602,224:3674,225:3805,226:3943,227:3982,228:2850,229:3014,230:3052,231:3211,232:3340,233:3447,234:3532,235:3596,236:3696,237:3802,238:3931,239:4014,240:2862,241:2967,242:3146,243:3188,244:3272,245:3378,246:3500,247:3639,248:3733,249:3823,250:3866,251:4005,252:2908,253:2969,254:3115,255:3165,256:3264,257:3429,258:3479,259:3649,260:3652,261:3768,262:3853,263:3968,264:2895,265:2993,266:3065,267:3208,268:3325,269:3424,270:3544,271:3604,272:3680,273:3816,274:3947,275:4048,276:2949,277:2969,278:3099,279:3189,280:3283,281:3399,282:3514,283:3618,284:3661,285:3804,286:3929,287:4003,288:2891,289:2971,290:3096,291:3176,292:3309,293:3370,294:3461,295:3598,296:3675,297:3773,298:3938,299:4013,300:2927,301:2967,302:3140,303:3150,304:3344,305:3421,306:3492,307:3626,308:3682,309:3829,310:3938,311:3971,312:2931,313:3008,314:3140,315:3164,316:3344,317:3351,318:3513,319:3630,320:3704,321:3778,322:3879,323:3988,324:2923,325:3044,326:3140,327:3205,328:3264,329:3407,330:3468,331:3586,332:3692,333:3778,334:3852,335:3985,336:2916,337:3014,338:3116,339:3166,340:3251,341:3432,342:3498,343:3616,344:3705,345:3782,346:3937,347:3988,348:2892,349:3016,350:3120,351:3159,352:3306,353:3411,354:3526,355:3600,356:3672,357:3814,358:3921,359:3994
0:2928,1:3034,2:3101,3:3220,4:3328,5:3367,6:3524,7:3587,8:3678,9:3764,10:3919,11:3980,12:2917,13:3000,14:3066,15:3184,16:3294,17:3438,18:3515,19:3635,20:3724,21:3796,22:3909,23:3972,24:2940,25:3012,26:3077,27:3232,28:3253,29:3360,30:3506,31:3576,32:3690,33:3828,34:3919,35:4004,36:2933,37:2967,38:3079,39:3168,40:3283,41:3434,42:3512,43:3600,44:3727,45:3840,46:3879,47:4035,48:2887,49:3006,50:3078,51:3219,52:3271,53:3395,54:3483,55:3641,56:3650,57:3822,58:3921,59:3981,60:2919,61:3041,62:3132,63:3232,64:3265,65:3418,66:3523,67:3643,68:3659,69:3794,70:3919,71:4025,72:2920,73:2960,74:3143,75:3172,76:3290,77:3355,78:3486,79:3574,80:3666,81:3841,82:3888,83:3979,84:2852,85:2994,86:3083,87:3231,88:3276,89:3425,90:3480,91:3620,92:3677,93:3843,94:3888,95:3982,96:2887,97:2974,98:3144,99:3190,100:3300,101:3421,102:3538,103:3603,104:3655,105:3763,106:3854,107:4022,108:2913,109:2977,110:3143,111:3249,112:3267,113:3353,114:3494,115:3572,116:3705,117:3798,118:3930,119:4001,120:2935,121:2955,122:3070,123:3200,124:3270,125:3441,126:3461,127:3568,128:3651,129:3827,130:3923,131:4025,132:2881,133:2953,134:3086,135:3212,136:3300,137:3420,138:3491,139:3572,140:3747,141:3813,142:3937,143:4045,144:2878,145:3018,146:3119,147:3235,148:3290,149:3355,150:3532,151:3570,152:3672,153:3784,154:3876,155:4029,156:2882,157:3001,158:3052,159:3241,160:3299,161:3367,162:3475,163:3624,164:3727,165:3751,166:3871,167:3958,168:2893,169:3008,170:3074,171:3159,172:3347,173:3373,174:3534,175:3614,176:3693,177:3838,178:3891,179:4005,180:2889,181:2958,182:3120,183:3150,184:3323,185:3448,186:3546,187:3554,188:3680,189:3778,190:3890,191:3999,192:2854,193:3003,194:3121,195:3158,196:3339,197:3385,198:3493,199:3586,200:3736,201:3843,202:3864,203:4023,204:2883,205:3014,206:3057,207:3169,208:3272,209:3378,210:3525,211:3623,212:3689,213:3753,214:3869,215:3995,216:2874,217:3000,218:3103,219:3194,220:3274,221:3433,222:3518,223:3599,224:3716,225:3793,226:3926,227:3950,228:2914,229:3027,230:3067,231:3248,232:3275,233:3393,234:3492,235:3587,236:3651,237:3839,238:3924,239:4028,240:2886,241:2984,242:3096,243:3225,244:3340,245:3449,246:3464,247:3636,248:3697,249:3812,250:3857,251:4018,252:2947,253:2976,254:3123,255:3162,256:3316,257:3416,258:3500,259:3601,260:3734,261:3802,262:3938,263:3982,264:2891,265:3019,266:3099,267:3194,268:3327,269:3350,270:3485,271:3575,272:3690,273:3822,274:3928,275:4027,276:2851,277:2981,278:3050,279:3232,280:3314,281:3413,282:3482,283:3644,284:3725,285:3801,286:3918,287:4010,288:2886,289:2957,290:3084,291:3232,292:3260,293:3379,294:3495,295:3599,296:3729,297:3769,298:3899,299:3978,300:2900,301:3035,302:3135,303:3192,304:3337,305:3356,306:3457,307:3648,308:3715,309:3758,310:3892,311:4022,312:2901,313:2967,314:3099,315:3207,316:3331,317:3440,318:3500,319:3643,320:3655,321:3778,322:3865,323:4005,324:2905,325:3021,326:3074,327:3216,328:3315,329:3380,330:3468,331:3580,332:3650,333:3827,334:3926,335:3973,336:2935,337:3016,338:3091,339:3229,340:3336,341:3412,342:3487,343:3589,344:3692,345:3798,346:3918,347:3974,348:2897,349:3031,350:3052,351:3236,352:3347,353:3442,354:3515,355:3561,356:3680,357:3757,358:3865,359:4017
0:2855,1:3046,2:3060,3:3219,4:3325,5:3355,6:3464,7:3643,8:3650,9:3837,10:3854,11:4014,12:2851,13:3034,14:3112,15:3166,16:3322,17:3426,18:3499,19:3626,20:3749,21:3803,22:3941,23:3970,24:2884,25:3012,26:3122,27:3151,28:3289,29:3416,30:3488,31:3570,32:3665,33:3789,34:3912,35:4006,36:2851,37:3045,38:3117,39:3240,40:3273,41:3351,42:3489,43:3624,44:3663,45:3793,46:3892,47:4039,48:2880,49:2991,50:3099,51:3183,52:3263,53:3375,54:3486,55:3619,56:3660,57:3805,58:3933,59:4021,60:2942,61:2992,62:3105,63:3151,64:3347,65:3436,66:3478,67:3640,68:3705,69:3796,70:3936,71:4043,72:2886,73:2971,74:3076,75:3200,76:3297,77:3381,78:3506,79:3621,80:3721,81:3827,82:3857,83:4007,84:2865,85:2986,86:3077,87:3186,88:3346,89:3367,90:3525,91:3581,92:3735,93:3778,94:3887,95:3968,96:2946,97:3011,98:3060,99:3194,100:3345,101:3366,102:3455,103:3558,104:3675,105:3763,106:3884,107:4016,108:2872,109:2997,110:3130,111:3203,112:3307,113:3443,114:3456,115:3613,116:3727,117:3819,118:3920,119:4030,120:2925,121:2967,122:3067,123:3230,124:3338,125:3382,126:3528,127:3640,128:3733,129:3803,130:3859,131:4012,132:2883,133:3011,134:3068,135:3204,136:3310,137:3398,138:3531,139:3649,140:3715,141:3796,142:3860,143:4013,144:2935,145:3006,146:3132,147:3178,148:3267,149:3352,150:3467,151:3603,152:3667,153:3752,154:3887,155:3960,156:2911,157:3049,158:3065,159:3225,160:3279,161:3364,162:3522,163:3584,164:3701,165:3834,166:3906,167:3954,168:2876,169:3047,170:3094,171:3222,172:3326,173:3375,174:3543,175:3591,176:3713,177:3750,178:3859,179:4043,180:2919,181:3010,182:3142,183:3224,184:3286,185:3423,186:3504,187:3558,188:3716,189:3786,190:3893,191:4043,192:2877,193:3004,194:3117,195:3158,196:3266,197:3426,198:3511,199:3592,200:3693,201:3755,202:3899,203:4009,204:2943,205:3022,206:3093,207:3232,208:3260,209:3393,210:3481,211:3588,212:3665,213:3826,214:3879,215:3959,216:2914,217:2950,218:3070,219:3248,220:3334,221:3357,222:3475,223:3603,224:3703,225:3756,226:3924,227:3971,228:2863,229:3008,230:3112,231:3218,232:3321,233:3377,234:3528,235:3604,236:3656,237:3811,238:3877,239:3959,240:2927,241:2956,242:3095,243:3237,244:3312,245:3357,246:3472,247:3610,248:3749,249:3830,250:3935,251:4004,252:2923,253:2960,254:3079,255:3222,256:3315,257:3428,258:3463,259:3593,260:3696,261:3819,262:3919,263:4029,264:2923,265:2998,266:3141,267:3190,268:3279,269:3425,270:3471,271:3628,272:3749,273:3754,274:3927,275:3980,276:2936,277:2985,278:3147,279:3198,280:3299,281:3396,282:3546,283:3551,284:3706,285:3766,286:3947,287:4038,288:2862,289:3011,290:3147,291:3213,292:3339,293:3372,294:3454,295:3585,296:3673,297:3822,298:3879,299:4041,300:2877,301:3004,302:3091,303:3177,304:3333,305:3353,306:3516,307:3638,308:3673,309:3807,310:3921,311:4027,312:2871,313:2985,314:3082,315:3152,316:3325,317:3433,318:3499,319:3647,320:3691,321:3792,322:3898,323:4045,324:2884,325:3005,326:3058,327:3219,328:3332,329:3382,330:3451,331:3592,332:3654,333:3750,334:3946,335:3984,336:2926,337:2990,338:3058,339:3166,340:3333,341:3435,342:3468,343:3631,344:3688,345:3819,346:3913,347:4042,348:2925,349:2965,350:3098,351:3224,352:3327,353:3371,354:3485,355:3612,356:3657,357:3804,358:3886,359:3998
0:2904,1:2962,2:3052,3:3194,4:3334,5:3436,6:3487,7:3641,8:3695,9:3776,10:3903,11:3974,12:2868,13:3024,14:3060,15:3181,16:3266,17:3391,18:3510,19:3617,20:3667,21:3776,22:3909,23:4042,24:2909,25:2959,26:3142,27:3161,28:3320,29:3355,30:3492,31:3644,32:3709,33:3778,34:3902,35:3997,36:2858,37:2985,38:3084,39:3246,40:3308,41:3382,42:3486,43:3581,44:3689,45:3788,46:3923,47:4000,48:2904,49:3006,50:3132,51:3178,52:3310,53:3377,54:3528,55:3561,56:3710,57:3779,58:3920,59:3969,60:2870,61:2981,62:3099,63:3235,64:3308,65:3440,66:3522,67:3649,68:3715,69:3799,70:3885,71:3954,72:2867,73:2962,74:3064,75:3237,76:3288,77:3415,78:3541,79:3571,80:3689,81:3752,82:3894,83:4033,84:2852,85:3038,86:3100,87:3183,88:3278,89:3357,90:3454,91:3565,92:3662,93:3755,94:3892,95:4026,96:2926,97:3015,98:3140,99:3167,100:3320,101:3395,102:3493,103:3617,104:3655,105:3811,106:3861,107:3997,108:2866,109:2970,110:3106,111:3209,112:3335,113:3371,114:3506,115:3579,116:3681,117:3814,118:3892,119:3966,120:2941,121:3013,122:3089,123:3197,124:3340,125:3447,126:3485,127:3616,128:3676,129:3831,130:3938,131:4014,132:2946,133:2974,134:3143,135:3191,136:3347,137:3398,138:3453,139:3603,140:3679,141:3796,142:3883,143:3961,144:2931,145:3009,146:3149,147:3223,148:3251,149:3356,150:3477,151:3649,152:3749,153:3754,154:3928,155:4002,156:2937,157:3002,158:3053,159:3199,160:3257,161:3406,162:3519,163:3603,164:3736,165:3768,166:3944,167:3987,168:2917,169:3023,170:3131,171:3190,172:3284,173:3437,174:3533,175:3600,176:3700,177:3844,178:3862,179:4018,180:2852,181:3037,182:3056,183:3230,184:3257,185:3398,186:3534,187:3626,188:3725,189:3838,190:3920,191:4024,192:2853,193:3002,194:3077,195:3180,196:3289,197:3429,198:3470,199:3557,200:3709,201:3842,202:3885,203:3965,204:2873,205:3010,206:3091,207:3228,208:3270,209:3428,210:3530,211:3637,212:3695,213:3848,214:3874,215:3993,216:2863,217:3016,218:3110,219:3179,220:3252,221:3350,222:3476,223:3596,224:3708,225:3787,226:3932,227:3960,228:2862,229:2980,230:3111,231:3216,232:3347,233:3405,234:3514,235:3604,236:3718,237:3792,238:3888,239:3976,240:2902,241:2984,242:3073,243:3151,244:3320,245:3389,246:3511,247:3587,248:3655,249:3771,250:3948,251:3990,252:2900,253:3036,254:3085,255:3210,256:3296,257:3363,258:3528,259:3634,260:3652,261:3816,262:3886,263:3995,264:2895,265:3033,266:3061,267:3200,268:3255,269:3422,270:3463,271:3593,272:3674,273:3768,274:3854,275:4017,276:2920,277:3038,278:3081,279:3191,280:3255,281:3387,282:3450,283:3590,284:3699,285:3824,286:3918,287:3968,288:2858,289:2986,290:3130,291:3178,292:3340,293:3403,294:3453,295:3638,296:3722,297:3778,298:3944,299:3983,300:2872,301:2970,302:3062,303:3240,304:3277,305:3409,306:3499,307:3585,308:3719,309:3826,310:3885,311:3982,312:2887,313:2997,314:3130,315:3207,316:3346,317:3387,318:3471,319:3646,320:3705,321:3795,322:3933,323:3952,324:2919,325:3048,326:3082,327:3195,328:3319,329:3366,330:3505,331:3626,332:3737,333:3774,334:3901,335:3972,336:2878,337:3049,338:3138,339:3185,340:3296,341:3359,342:3456,343:3562,344:3731,345:3757,346:3938,347:4042,348:2938,349:3049,350:3104,351:3232,352:3321,353:3445,354:3474,355:3553,356:3699,357:3824,358:3935,359:4010
0:2880,1:3008,2:3140,3:3245,4:3309,5:3405,6:3548,7:3556,8:3676,9:3791,10:3895,11:4016,12:2945,13:2988,14:3091,15:3180,16:3349,17:3372,18:3508,19:3576,20:3725,21:3788,22:3882,23:4023,24:2910,25:2990,26:3088,27:3223,28:3295,29:3370,30:3488,31:3560,32:3726,33:3825,34:3926,35:3966,36:2909,37:3002,38:3098,39:3179,40:3255,41:3438,42:3533,43:3581,44:3689,45:3769,46:3943,47:4023,48:2856,49:2993,50:3145,51:3167,52:3266,53:3361,54:3548,55:3591,56:3665,57:3807,58:3882,59:4043,60:2880,61:3044,62:3103,63:3222,64:3302,65:3444,66:3541,67:3615,68:3690,69:3808,70:3860,71:3958,72:2933,73:2993,74:3124,75:3211,76:3255,77:3379,78:3534,79:3582,80:3708,81:3750,82:3853,83:3964,84:2937,85:2995,86:3129,87:3195,88:3331,89:3443,90:3548,91:3634,92:3721,93:3785,94:3896,95:4024,96:2934,97:2994,98:3107,99:3165,100:3253,101:3386,102:3516,103:3610,104:3734,105:3808,106:3945,107:3963,108:2891,109:3011,110:3057,111:3202,112:3270,113:3351,114:3498,115:3557,116:3693,117:3786,118:3917,119:4029,120:2872,121:3017,122:3144,123:3240,124:3280,125:3369,126:3457,127:3619,128:3666,129:3834,130:3939,131:4048,132:2874,133:3028,134:3115,135:3226,136:3333,137:3385,138:3469,139:3564,140:3682,141:3841,142:3922,143:3994,144:2910,145:2977,146:3131,147:3175,148:3334,149:3427,150:3497,151:3602,152:3676,153:3810,154:3881,155:3987,156:2867,157:2959,158:3102,159:3217,160:3295,161:3356,162:3467,163:3638,164:3692,165:3781,166:3937,167:4005,168:2928,169:2954,170:3078,171:3161,172:3283,173:3428,174:3488,175:3633,176:3659,177:3826,178:3902,179:3987,180:2858,181:2970,182:3083,183:3222,184:3252,185:3447,186:3500,187:3579,188:3701,189:3765,190:3939,191:4045,192:2931,193:2965,194:3066,195:3161,196:3324,197:3366,198:3513,199:3603,200:3658,201:3767,202:3877,203:4023,204:2910,205:3041,206:3122,207:3151,208:3313,209:3412,210:3485,211:3599,212:3660,213:3813,214:3853,215:3984,216:2892,217:2999,218:3053,219:3244,220:3327,221:3356,222:3497,223:3568,224:3715,225:3767,226:3872,227:4042,228:2925,229:2988,230:3089,231:3181,232:3310,233:3435,234:3516,235:3551,236:3662,237:3819,238:3854,239:3963,240:2918,241:2969,242:3113,243:3215,244:3328,245:3401,246:3529,247:3626,248:3659,249:3750,250:3853,251:4012,252:2915,253:3010,254:3099,255:3241,256:3315,257:3449,258:3486,259:3613,260:3749,261:3814,262:3870,263:3971,264:2873,265:3048,266:3079,267:3151,268:3252,269:3360,270:3464,271:3611,272:3689,273:3792,274:3910,275:3968,276:2892,277:3029,278:3122,279:3174,280:3267,281:3364,282:3524,283:3628,284:3677,285:3829,286:3851,287:4007,288:2949,289:2964,290:3054,291:3188,292:3255,293:3417,294:3540,295:3635,296:3688,297:3814,298:3876,299:3961,300:2861,301:3003,302:3104,303:3153,304:3311,305:3424,306:3461,307:3640,308:3693,309:3845,310:3858,311:3959,312:2945,313:2996,314:3080,315:3152,316:3251,317:3412,318:3460,319:3641,320:3681,321:3835,322:3934,323:4006,324:2893,325:3040,326:3051,327:3162,328:3342,329:3420,330:3458,331:3634,332:3719,333:3805,334:3855,335:3986,336:2879,337:3030,338:3114,339:3229,340:3343,341:3386,342:3457,343:3572,344:3657,345:3797,346:3947,347:3988,348:2865,349:2964,350:3071,351:3170,352:3287,353:3412,354:3523,355:3558,356:3657,357:3784,358:3868,359:4006
0:2907,1:2970,2:3101,3:3190,4:3256,5:3365,6:3477,7:3579,8:3689,9:3762,10:3886,11:3990,12:2889,13:3030,14:3109,15:3248,16:3301,17:3372,18:3470,19:3610,20:3673,21:3764,22:3913,23:4006,24:2858,25:2986,26:3137,27:3171,28:3326,29:3436,30:3477,31:3595,32:3730,33:3796,34:3903,35:3960,36:2949,37:2963,38:3059,39:3195,40:3272,41:3361,42:3497,43:3607,44:3749,45:3814,46:3852,47:4035,48:2896,49:2954,50:3098,51:3235,52:3326,53:3431,54:3524,55:3580,56:3729,57:3798,58:3894,59:4000,60:2854,61:3043,62:3083,63:3238,64:3336,65:3388,66:3479,67:3623,68:3727,69:3808,70:3886,71:4028,72:2932,73:3002,74:3079,75:3228,76:3286,77:3440,78:3534,79:3593,80:3657,81:3817,82:3906,83:3978,84:2884,85:2977,86:3094,87:3201,88:3262,89:3396,90:3487,91:3587,92:3668,93:3755,94:3941,95:3967,96:2921,97:3016,98:3085,99:3203,100:3269,101:3370,102:3453,103:3570,104:3678,105:3770,106:3900,107:4045,108:2931,109:2952,110:3092,111:3186,112:3335,113:3377,114:3465,115:3593,116:3737,117:3801,118:3941,119:4045,120:2932,121:2971,122:3086,123:3248,124:3335,125:3423,126:3530,127:3603,128:3722,129:3766,130:3931,131:3951,132:2867,133:3037,134:3079,135:3244,136:3293,137:3374,138:3549,139:3595,140:3749,141:3750,142:3939,143:4013,144:2912,145:2982,146:3085,147:3247,148:3293,149:3352,150:3496,151:3564,152:3721,153:3843,154:3892,155:4010,156:2865,157:2968,158:3054,159:3247,160:3266,161:3439,162:3456,163:3607,164:3682,165:3752,166:3850,167:4042,168:2890,169:3034,170:3080,171:3170,172:3257,173:3362,174:3482,175:3592,176:3717,177:3765,178:3919,179:3995,180:2883,181:2969,182:3146,183:3191,184:3311,185:3368,186:3525,187:3638,188:3740,189:3752,190:3859,191:4035,192:2896,193:2976,194:3104,195:3189,196:3341,197:3382,198:3517,199:3573,200:3717,201:3809,202:3917,203:3989,204:2911,205:2953,206:3091,207:3217,208:3292,209:3440,210:3499,211:3596,212:3744,213:3812,214:3866,215:3997,216:2884,217:3027,218:3123,219:3204,220:3302,221:3401,222:3505,223:3564,224:3697,225:3784,226:3924,227:4037,228:2901,229:3032,230:3078,231:3215,232:3278,233:3365,234:3474,235:3580,236:3702,237:3801,238:3918,239:3987,240:2904,241:2972,242:3057,243:3183,244:3309,245:3374,246:3499,247:3597,248:3653,249:3844,250:3907,251:4045,252:2856,253:3039,254:3075,255:3163,256:3342,257:3389,258:3546,259:3573,260:3744,261:3833,262:3872,263:3951,264:2881,265:3037,266:3088,267:3206,268:3251,269:3437,270:3543,271:3573,272:3688,273:3781,274:3941,275:3961,276:2909,277:3024,278:3060,279:3192,280:3302,281:3420,282:3466,283:3619,284:3665,285:3831,286:3897,287:3952,288:2876,289:3028,290:3090,291:3231,292:3274,293:3440,294:3488,295:3571,296:3747,297:3757,298:3896,299:3979,300:2904,301:3000,302:3103,303:3246,304:3298,305:3432,306:3460,307:3607,308:3656,309:3788,310:3878,311:3963,312:2924,313:2985,314:3112,315:3226,316:3283,317:3422,318:3529,319:3590,320:3675,321:3815,322:3879,323:4018,324:2893,325:2991,326:3078,327:3194,328:3280,329:3432,330:3466,331:3625,332:3705,333:3759,334:3900,335:4036,336:2898,337:2980,338:3107,339:3172,340:3252,341:3372,342:3511,343:3601,344:3651,345:3803,346:3855,347:4031,348:2918,349:2985,350:3130,351:3152,352:3345,353:3417,354:3468,355:3571,356:3661,357:3791,358:3924,359:4011
0:2876,1:3018,2:3083,3:3244,4:3327,5:3350,6:3490,7:3613,8:3676,9:3845,10:3883,11:3975,12:2863,13:2995,14:3073,15:3176,16:3342,17:3429,18:3526,19:3633,20:3667,21:3765,22:3927,23:3960,24:2949,25:2967,26:3060,27:3168,28:3328,29:3422,30:3521,31:3615,32:3707,33:3803,34:3885,35:3996,36:2872,37:3039,38:3104,39:3178,40:3260,41:3365,42:3548,43:3643,44:3663,45:3761,46:3921,47:4041,48:2944,49:3013,50:3077,51:3163,52:3348,53:3400,54:3504,55:3610,56:3720,57:3802,58:3944,59:4002,60:2898,61:3037,62:3096,63:3198,64:3289,65:3356,66:3526,67:3575,68:3732,69:3753,70:3882,71:3963,72:2906,73:3021,74:3122,75:3162,76:3254,77:3417,78:3527,79:3619,80:3718,81:3813,82:3899,83:4024,84:2864,85:2961,86:3074,87:3163,88:3291,89:3351,90:3533,91:3598,92:3660,93:3848,94:3878,95:4020,96:2937,97:2986,98:3130,99:3244,100:3265,101:3409,102:3500,103:3585,104:3748,105:3796,106:3862,107:4013,108:2919,109:2985,110:3148,111:3159,112:3305,113:3411,114:3473,115:3565,116:3733,117:3752,118:3863,119:4030,120:2914,121:2960,122:3149,123:3225,124:3330,125:3422,126:3549,127:3592,128:3653,129:3762,130:3914,131:4021,132:2890,133:3015,134:3060,135:3173,136:3295,137:3352,138:3492,139:3635,140:3738,141:3825,142:3918,143:4036,144:2872,145:3035,146:3113,147:3227,148:3281,149:3437,150:3465,151:3563,152:3670,153:3752,154:3892,155:4012,156:2927,157:3015,158:3087,159:3178,160:3304,161:3413,162:3455,163:3616,164:3674,165:3804,166:3909,167:4014,168:2938,169:3020,170:3088,171:3217,172:3348,173:3400,174:3457,175:3604,176:3678,177:3771,178:3901,179:4013,180:2851,181:2993,182:3096,183:3193,184:3344,185:3434,186:3476,187:3557,188:3738,189:3814,190:3908,191:4003,192:2879,193:3000,194:3098,195:3182,196:3260,197:3407,198:3513,199:3611,200:3732,201:3816,202:3918,203:4021,204:2903,205:3034,206:3109,207:3246,208:3274,209:3361,210:3533,211:3570,212:3652,213:3775,214:3886,215:4003,216:2905,217:2978,218:3058,219:3225,220:3279,221:3351,222:3544,223:3566,224:3744,225:3768,226:3904,227:4034,228:2883,229:3027,230:3061,231:3160,232:3258,233:3388,234:3510,235:3625,236:3742,237:3817,238:3925,239:4000,240:2928,241:2956,242:3115,243:3204,244:3269,245:3420,246:3494,247:3598,248:3690,249:3815,250:3920,251:4027,252:2916,253:2973,254:3135,255:3172,256:3305,257:3428,258:3540,259:3604,260:3684,261:3795,262:3851,263:4026,264:2903,265:3033,266:3068,267:3174,268:3261,269:3366,270:3520,271:3560,272:3701,273:3849,274:3872,275:3969,276:2940,277:2987,278:3138,279:3232,280:3307,281:3423,282:3519,283:3561,284:3671,285:3786,286:3940,287:4023,288:2923,289:3044,290:3144,291:3202,292:3309,293:3425,294:3458,295:3621,296:3729,297:3813,298:3902,299:4013,300:2903,301:2951,302:3068,303:3225,304:3295,305:3410,306:3485,307:3601,308:3705,309:3780,310:3933,311:4037,312:2894,313:3004,314:3090,315:3233,316:3296,317:3360,318:3537,319:3607,320:3715,321:3810,322:3947,323:3975,324:2887,325:2993,326:3120,327:3158,328:3284,329:3425,330:3488,331:3581,332:3710,333:3781,334:3948,335:4007,336:2914,337:2955,338:3133,339:3227,340:3274,341:3377,342:3491,343:3571,344:3728,345:3803,346:3944,347:4005,348:2909,349:2952,350:3060,351:3188,352:3313,353:3427,354:3534,355:3581,356:3656,357:3824,358:3925,359:4039
0:2938,1:2951,2:3131,3:3211,4:3311,5:3422,6:3467,7:3593,8:3678,9:3766,10:3929,11:3990,12:2879,13:3004,14:3081,15:3222,16:3254,17:3399,18:3474,19:3648,20:3695,21:3843,22:3908,23:3950,24:2926,25:2958,26:3114,27:3201,28:3313,29:3406,30:3548,31:3558,32:3710,33:3792,34:3885,35:3994,36:2911,37:2964,38:3138,39:3176,40:3281,41:3351,42:3516,43:3589,44:3689,45:3835,46:3947,47:3999,48:2870,49:2996,50:3064,51:3246,52:3314,53:3404,54:3456,55:3554,56:3740,57:3778,58:3930,59:3955,60:2861,61:2955,62:3132,63:3207,64:3321,65:3397,66:3518,67:3554,68:3695,69:3754,70:3913,71:3962,72:2920,73:2974,74:3138,75:3194,76:3322,77:3442,78:3466,79:3621,80:3719,81:3803,82:3933,83:4011,84:2930,85:3001,86:3087,87:3178,88:3338,89:3355,90:3511,91:3577,92:3697,93:3840,94:3921,95:3988,96:2892,97:3012,98:3067,99:3221,100:3337,101:3369,102:3460,103:3636,104:3701,105:3773,106:3907,107:4036,108:2878,109:3018,110:3106,111:3158,112:3292,113:3431,114:3469,115:3638,116:3708,117:3791,118:3850,119:4022,120:2929,121:3048,122:3144,123:3193,124:3252,125:3403,126:3461,127:3615,128:3739,129:3805,130:3894,131:4048,132:2932,133:3010,134:3132,135:3221,136:3322,137:3448,138:3544,139:3595,140:3677,141:3830,142:3913,143:3992,144:2860,145:3027,146:3070,147:3153,148:3336,149:3397,150:3544,151:3612,152:3748,153:3779,154:3911,155:3994,156:2947,157:3018,158:3131,159:3194,160:3297,161:3395,162:3528,163:3645,164:3745,165:3752,166:3914,167:3986,168:2885,169:2966,170:3128,171:3214,172:3250,173:3444,174:3549,175:3560,176:3747,177:3847,178:3855,179:3962,180:2931,181:2996,182:3073,183:3200,184:3252,185:3360,186:3488,187:3611,188:3683,189:3809,190:3877,191:3989,192:2905,193:2998,194:3110,195:3152,196:3327,197:3407,198:3487,199:3611,200:3664,201:3848,202:3921,203:3966,204:2934,205:2995,206:3125,207:3168,208:3286,209:3390,210:3503,211:3589,212:3664,213:3832,214:3949,215:4018,216:2894,217:2982,218:3132,219:3177,220:3349,221:3377,222:3452,223:3562,224:3748,225:3841,226:3893,227:4046,228:2853,229:2965,230:3144,231:3208,232:3329,233:3376,234:3539,235:3578,236:3703,237:3750,238:3948,239:4014,240:2886,241:3015,242:3094,243:3196,244:3263,245:3401,246:3455,247:3556,248:3738,249:3772,250:3936,251:3962,252:2918,253:2950,254:3145,255:3209,256:3268,257:3355,258:3542,259:3630,260:3745,261:3790,262:3898,263:3960,264:2876,265:2978,266:3110,267:3216,268:3315,269:3415,270:3545,271:3648,272:3689,273:3773,274:3855,275:3996,276:2863,277:2962,278:3103,279:3171,280:3333,281:3417,282:3492,283:3566,284:3723,285:3810,286:3861,287:3964,288:2876,289:2979,290:3135,291:3153,292:3323,293:3416,294:3483,295:3560,296:3735,297:3794,298:3942,299:4004,300:2928,301:2951,302:3095,303:3198,304:3293,305:3416,306:3521,307:3627,308:3725,309:3822,310:3863,311:3972,312:2926,313:3009,314:3087,315:3166,316:3343,317:3436,318:3465,319:3642,320:3698,321:3788,322:3910,323:3988,324:2934,325:3014,326:3055,327:3168,328:3262,329:3401,330:3453,331:3604,332:3710,333:3831,334:3906,335:3990,336:2929,337:2986,338:3096,339:3229,340:3256,341:3410,342:3468,343:3596,344:3662,345:3821,346:3924,347:3961,348:2872,349:2992,350:3098,351:3186,352:3258,353:3379,354:3506,355:3632,356:3663,357:3760,358:3917,359:3965
0:2850,1:3037,2:3052,3:3186,4:3327,5:3422,6:3487,7:3610,8:3710,9:3759,10:3866,11:4046,12:2925,13:3003,14:3144,15:3238,16:3285,17:3360,18:3531,19:3583,20:3745,21:3799,22:3921,23:3987,24:2934,25:3037,26:3088,27:3193,28:3261,29:3407,30:3512,31:3607,32:3675,33:3811,34:3923,35:4016,36:2879,37:2957,38:3084,39:3249,40:3263,41:3363,42:3503,43:3578,44:3653,45:3760,46:3913,47:4034,48:2912,49:3030,50:3090,51:3177,52:3348,53:3437,54:3508,55:3573,56:3709,57:3805,58:3878,59:4049,60:2932,61:3044,62:3053,63:3157,64:3272,65:3362,66:3548,67:3625,68:3718,69:3797,70:3883,71:3998,72:2913,73:2971,74:3097,75:3180,76:3340,77:3426,78:3517,79:3574,80:3667,81:3816,82:3883,83:4022,84:2941,85:3029,86:3074,87:3178,88:3275,89:3431,90:3521,91:3629,92:3748,93:3782,94:3939,95:4045,96:2850,97:2952,98:3056,99:3151,100:3347,101:3397,102:3545,103:3618,104:3665,105:3789,106:3859,107:3987,108:2931,109:2988,110:3062,111:3170,112:3330,113:3407,114:3494,115:3633,116:3749,117:3771,118:3941,119:3987,120:2920,121:3024,122:3085,123:3164,124:3292,125:3353,126:3458,127:3580,128:3691,129:3837,130:3946,131:4049,132:2898,133:3039,134:3059,135:3178,136:3332,137:3427,138:3540,139:3612,140:3654,141:3784,142:3920,143:4005,144:2921,145:3014,146:3120,147:3174,148:3292,149:3380,150:3481,151:3607,152:3657,153:3766,154:3946,155:4014,156:2923,157:2959,158:3133,159:3165,160:3292,161:3386,162:3474,163:3637,164:3719,165:3797,166:3918,167:4019,168:2937,169:3018,170:3105,171:3195,172:3304,173:3369,174:3507,175:3557,176:3727,177:3800,178:3948,179:4005,180:2877,181:3016,182:3089,183:3239,184:3333,185:3381,186:3521,187:3640,188:3683,189:3786,190:3922,191:3974,192:2912,193:2999,194:3126,195:3228,196:3300,197:3403,198:3549,199:3620,200:3674,201:3809,202:3945,203:3984,204:2862,205:3002,206:3075,207:3221,208:3310,209:3416,210:3458,211:3634,212:3709,213:3824,214:3924,215:3959,216:2894,217:3007,218:3149,219:3240,220:3267,221:3418,222:3527,223:3639,224:3716,225:3751,226:3899,227:3979,228:2930,229:2995,230:3064,231:3208,232:3277,233:3356,234:3453,235:3609,236:3740,237:3800,238:3885,239:4000,240:2943,241:2964,242:3057,243:3172,244:3334,245:3376,246:3469,247:3605,248:3723,249:3774,250:3931,251:3958,252:2901,253:2950,254:3149,255:3168,256:3336,257:3350,258:3457,259:3617,260:3674,261:3805,262:3933,263:4007,264:2890,265:3026,266:3114,267:3242,268:3253,269:3404,270:3497,271:3569,272:3726,273:3791,274:3890,275:4034,276:2902,277:3011,278:3075,279:3201,280:3257,281:3404,282:3481,283:3601,284:3677,285:3791,286:3888,287:3996,288:2920,289:2963,290:3144,291:3203,292:3261,293:3434,294:3516,295:3575,296:3682,297:3798,298:3937,299:3991,300:2946,301:2953,302:3105,303:3164,304:3312,305:3423,306:3469,307:3561,308:3733,309:3848,310:3937,311:4021,312:2915,313:2963,314:3137,315:3232,316:3313,317:3387,318:3496,319:3607,320:3650,321:3761,322:3910,323:3971,324:2851,325:2997,326:3117,327:3151,328:3323,329:3379,330:3532,331:3555,332:3709,333:3779,334:3924,335:4037,336:2921,337:2966,338:3099,339:3169,340:3312,341:3366,342:3504,343:3636,344:3715,345:3791,346:3939,347:3990,348:2879,349:3004,350:3093,351:3241,352:3320,353:3368,354:3532,355:3584,356:3740,357:3828,358:3867,359:3965
0:2949,1:3004,2:3113,3:3216,4:3345,5:3415,6:3533,7:3606,8:3666,9:3802,10:3941,11:4001,12:2885,13:3049,14:3053,15:3220,16:3290,17:3400,18:3467,19:3596,20:3674,21:3811,22:3871,23:3958,24:2878,25:2990,26:3131,27:3236,28:3337,29:3417,30:3457,31:3605,32:3746,33:3816,34:3889,35:4011,36:2891,37:3010,38:3094,39:3160,40:3311,41:3445,42:3512,43:3609,44:3696,45:3814,46:3912,47:4048,48:2890,49:2993,50:3053,51:3218,52:3261,53:3406,54:3524,55:3648,56:3728,57:3752,58:3865,59:3957,60:2924,61:2986,62:3139,63:3200,64:3309,65:3421,66:3531,67:3607,68:3714,69:3827,70:3915,71:4018,72:2920,73:2994,74:3072,75:3241,76:3329,77:3430,78:3495,79:3557,80:3678,81:3809,82:3949,83:4032,84:2935,85:3016,86:3067,87:3187,88:3346,89:3439,90:3530,91:3593,92:3656,93:3825,94:3927,95:4038,96:2944,97:2955,98:3052,99:3168,100:3328,101:3350,102:3515,103:3587,104:3731,105:3786,106:3929,107:4006,108:2882,109:3040,110:3126,111:3180,112:3268,113:3359,114:3459,115:3552,116:3721,117:3757,118:3915,119:4038,120:2928,121:3029,122:3090,123:3211,124:3298,125:3394,126:3546,127:3636,128:3736,129:3774,130:3910,131:4004,132:2945,133:2969,134:3147,135:3154,136:3255,137:3437,138:3507,139:3612,140:3734,141:3789,142:3887,143:3975,144:2949,145:3040,146:3096,147:3187,148:3325,149:3362,150:3519,151:3632,152:3673,153:3775,154:3948,155:4013,156:2882,157:2987,158:3071,159:3178,160:3334,161:3374,162:3505,163:3614,164:3666,165:3789,166:3933,167:4031,168:2906,169:3007,170:3069,171:3238,172:3295,173:3409,174:3517,175:3649,176:3686,177:3847,178:3857,179:3964,180:2924,181:2969,182:3117,183:3233,184:3256,185:3448,186:3500,187:3649,188:3650,189:3825,190:3910,191:4041,192:2916,193:2975,194:3149,195:3247,196:3330,197:3442,198:3471,199:3622,200:3718,201:3825,202:3944,203:3976,204:2860,205:3042,206:3120,207:3184,208:3261,209:3371,210:3477,211:3617,212:3675,213:3778,214:3936,215:4045,216:2902,217:3026,218:3127,219:3239,220:3260,221:3394,222:3531,223:3629,224:3673,225:3839,226:3911,227:4024,228:2886,229:2981,230:3073,231:3217,232:3290,233:3400,234:3482,235:3636,236:3737,237:3821,238:3939,239:3996,240:2852,241:2971,242:3123,243:3171,244:3278,245:3398,246:3503,247:3611,248:3662,249:3796,250:3918,251:4010,252:2882,253:3021,254:3130,255:3242,256:3314,257:3368,258:3508,259:3576,260:3706,261:3826,262:3944,263:4023,264:2887,265:3005,266:3057,267:3152,268:3313,269:3372,270:3477,271:3613,272:3660,273:3806,274:3932,275:4024,276:2928,277:3009,278:3052,279:3240,280:3294,281:3403,282:3533,283:3586,284:3729,285:3821,286:3932,287:3999,288:2925,289:3046,290:3133,291:3232,292:3288,293:3404,294:3516,295:3567,296:3665,297:3801,298:3909,299:4011,300:2899,301:2978,302:3119,303:3165,304:3313,305:3449,306:3492,307:3608,308:3706,309:3816,310:3921,311:4048,312:2875,313:2986,314:3124,315:3202,316:3278,317:3433,318:3542,319:3622,320:3722,321:3781,322:3918,323:4023,324:2909,325:3039,326:3077,327:3186,328:3346,329:3429,330:3508,331:3649,332:3681,333:3790,334:3876,335:4040,336:2867,337:3031,338:3119,339:3169,340:3321,341:3403,342:3459,343:3618,344:3682,345:3820,346:3878,347:3977,348:2852,349:3034,350:3103,351:3197,352:3265,353:3427,354:3460,355:3566,356:3729,357:3794,358:3910,359:4011
0:2941,1:2988,2:3075,3:3234,4:3308,5:3427,6:3460,7:3615,8:3705,9:3812,10:3930,11:4000,12:2944,13:2989,14:3140,15:3242,16:3266,17:3427,18:3504,19:3566,20:3744,21:3831,22:3918,23:4033,24:2883,25:3011,26:3063,27:3157,28:3292,29:3354,30:3525,31:3558,32:3654,33:3849,34:3898,35:4004,36:2862,37:2980,38:3071,39:3199,40:3257,41:3386,42:3478,43:3628,44:3715,45:3770,46:3918,47:4008,48:2866,49:3033,50:3127,51:3233,52:3348,53:3351,54:3475,55:3640,56:3734,57:3770,58:3924,59:3964,60:2938,61:2987,62:3099,63:3162,64:3328,65:3405,66:3543,67:3598,68:3674,69:3764,70:3929,71:4006,72:2942,73:2955,74:3067,75:3170,76:3294,77:3393,78:3457,79:3611,80:3664,81:3794,82:3884,83:3958,84:2913,85:3047,86:3149,87:3201,88:3325,89:3414,90:3519,91:3631,92:3712,93:3816,94:3911,95:4036,96:2884,97:2976,98:3087,99:3183,100:3279,101:3440,102:3467,103:3586,104:3668,105:3788,106:3918,107:3969,108:2881,109:3018,110:3105,111:3157,112:3307,113:3375,114:3514,115:3597,116:3733,117:3810,118:3906,119:4047,120:2860,121:3048,122:3132,123:3192,124:3263,125:3416,126:3494,127:3572,128:3706,129:3808,130:3865,131:4007,132:2891,133:3033,134:3096,135:3200,136:3307,137:3355,138:3527,139:3610,140:3729,141:3787,142:3894,143:3993,144:2885,145:3000,146:3100,147:3212,148:3324,149:3423,150:3455,151:3557,152:3703,153:3838,154:3865,155:3963,156:2886,157:2970,158:3083,159:3211,160:3270,161:3426,162:3498,163:3614,164:3691,165:3845,166:3891,167:3987,168:2928,169:2961,170:3081,171:3184,172:3330,173:3361,174:3504,175:3632,176:3683,177:3815,178:3868,179:3987,180:2924,181:2978,182:3116,183:3222,184:3294,185:3375,186:3454,187:3630,188:3691,189:3787,190:3863,191:3984,192:2890,193:3025,194:3086,195:3170,196:3257,197:3436,198:3525,199:3565,200:3665,201:3817,202:3861,203:3954,204:2880,205:3020,206:3063,207:3157,208:3302,209:3385,210:3479,211:3604,212:3718,213:3756,214:3856,215:4048,216:2859,217:3046,218:3079,219:3210,220:3339,221:3350,222:3513,223:3626,224:3674,225:3768,226:3943,227:3997,228:2945,229:2973,230:3117,231:3238,232:3346,233:3382,234:3500,235:3649,236:3744,237:3762,238:3927,239:3962,240:2928,241:3012,242:3122,243:3202,244:3305,245:3365,246:3506,247:3591,248:3725,249:3834,250:3935,251:4022,252:2926,253:3043,254:3111,255:3157,256:3340,257:3434,258:3490,259:3576,260:3746,261:3828,262:3853,263:3985,264:2946,265:3001,266:3061,267:3192,268:3280,269:3397,270:3517,271:3623,272:3736,273:3756,274:3946,275:3992,276:2924,277:2955,278:3050,279:3226,280:3260,281:3361,282:3491,283:3584,284:3672,285:3767,286:3866,287:4038,288:2870,289:3026,290:3145,291:3242,292:3303,293:3363,294:3457,295:3553,296:3720,297:3833,298:3919,299:3982,300:2885,301:3036,302:3073,303:3243,304:3300,305:3392,306:3536,307:3623,308:3675,309:3820,310:3894,311:3970,312:2875,313:3017,314:3128,315:3210,316:3274,317:3366,318:3485,319:3602,320:3671,321:3820,322:3873,323:4017,324:2860,325:2968,326:3075,327:3162,328:3305,329:3449,330:3532,331:3608,332:3725,333:3812,334:3908,335:4043,336:2913,337:2971,338:3075,339:3159,340:3255,341:3393,342:3543,343:3566,344:3746,345:3764,346:3871,347:3998,348:2895,349:2966,350:3079,351:3158,352:3321,353:3399,354:3539,355:3595,356:3656,357:3807,358:3879,359:3982
0:2906,1:3004,2:3128,3:3228,4:3322,5:3385,6:3496,7:3592,8:3714,9:3750,10:3905,11:4042,12:2886,13:3019,14:3119,15:3155,16:3274,17:3423,18:3456,19:3603,20:3687,21:3783,22:3886,23:3998,24:2856,25:2989,26:3117,27:3242,28:3316,29:3356,30:3509,31:3619,32:3687,33:3750,34:3866,35:3980,36:2850,37:3041,38:3105,39:3156,40:3277,41:3354,42:3503,43:3579,44:3714,45:3772,46:3878,47:3993,48:2850,49:3028,50:3069,51:3178,52:3258,53:3423,54:3497,55:3640,56:3690,57:3793,58:3917,59:4005,60:2944,61:3044,62:3144,63:3230,64:3289,65:3383,66:3486,67:3608,68:3748,69:3800,70:3942,71:4024,72:2883,73:2971,74:3072,75:3213,76:3330,77:3424,78:3490,79:3640,80:3721,81:3827,82:3928,83:4045,84:2921,85:3026,86:3145,87:3150,88:3266,89:3435,90:3452,91:3628,92:3729,93:3845,94:3883,95:4034,96:2933,97:3036,98:3118,99:3237,100:3295,101:3439,102:3545,103:3617,104:3681,105:3775,106:3865,107:3990,108:2880,109:2966,110:3132,111:3228,112:3343,113:3372,114:3464,115:3553,116:3720,117:3759,118:3926,119:4035,120:2920,121:2991,122:3099,123:3169,124:3315,125:3401,126:3548,127:3595,128:3742,129:3763,130:3903,131:3988,132:2941,133:3000,134:3101,135:3158,136:3313,137:3391,138:3502,139:3591,140:3721,141:3764,142:3900,143:4007,144:2905,145:2964,146:3121,147:3165,148:3344,149:3437,150:3525,151:3599,152:3686,153:3758,154:3851,155:4020,156:2908,157:2951,158:3053,159:3152,160:3314,161:3439,162:3504,163:3553,164:3696,165:3772,166:3937,167:3990,168:2883,169:2991,170:3051,171:3159,172:3334,173:3445,174:3457,175:3647,176:3651,177:3827,178:3937,179:4026,180:2874,181:2962,182:3149,183:3229,184:3278,185:3414,186:3517,187:3629,188:3682,189:3790,190:3907,191:3979,192:2872,193:2958,194:3117,195:3165,196:3263,197:3395,198:3542,199:3623,200:3738,201:3849,202:3873,203:3992,204:2933,205:3025,206:3135,207:3156,208:3266,209:3379,210:3467,211:3602,212:3686,213:3765,214:3884,215:3968,216:2869,217:2997,218:3080,219:3172,220:3291,221:3425,222:3534,223:3584,224:3728,225:3776,226:3903,227:4026,228:2900,229:2977,230:3126,231:3203,232:3263,233:3366,234:3474,235:3640,236:3670,237:3767,238:3904,239:3986,240:2935,241:3031,242:3124,243:3159,244:3306,245:3366,246:3522,247:3599,248:3666,249:3772,250:3922,251:4005,252:2882,253:3032,254:3110,255:3223,256:3294,257:3358,258:3548,259:3635,260:3716,261:3838,262:3907,263:3953,264:2898,265:3031,266:3075,267:3199,268:3315,269:3351,270:3496,271:3642,272:3706,273:3763,274:3886,275:4037,276:2898,277:3011,278:3053,279:3208,280:3263,281:3417,282:3513,283:3611,284:3731,285:3750,286:3895,287:4003,288:2910,289:3039,290:3062,291:3193,292:3324,293:3438,294:3485,295:3564,296:3742,297:3847,298:3898,299:4002,300:2865,301:3018,302:3115,303:3170,304:3315,305:3415,306:3482,307:3644,308:3737,309:3813,310:3886,311:4027,312:2866,313:2992,314:3073,315:3163,316:3293,317:3431,318:3458,319:3561,320:3688,321:3807,322:3874,323:3960,324:2906,325:3004,326:3069,327:3235,328:3252,329:3436,330:3522,331:3575,332:3666,333:3757,334:3903,335:4018,336:2876,337:2965,338:3079,339:3164,340:3310,341:3444,342:3492,343:3554,344:3667,345:3818,346:3913,347:4016,348:2934,349:3000,350:3099,351:3198,352:3263,353:3358,354:3547,355:3589,356:3677,357:3829,358:3881,359:4034
0:2891,1:2994,2:3060,3:3244,4:3250,5:3361,6:3483,7:3567,8:3732,9:3787,10:3925,11:3977,12:2914,13:2968,14:3052,15:3179,16:3270,17:3394,18:3518,19:3593,20:3663,21:3812,22:3858,23:3974,24:2874,25:2987,26:3101,27:3200,28:3283,29:3394,30:3490,31:3586,32:3708,33:3773,34:3903,35:3986,36:2948,37:3016,38:3098,39:3244,40:3335,41:3369,42:3456,43:3647,44:3741,45:3824,46:3946,47:4024,48:2922,49:3047,50:3093,51:3226,52:3269,53:3433,54:3465,55:3561,56:3689,57:3760,58:3890,59:3988,60:2903,61:3047,62:3142,63:3162,64:3254,65:3361,66:3489,67:3554,68:3730,69:3819,70:3856,71:3993,72:2865,73:2967,74:3129,75:3184,76:3271,77:3363,78:3510,79:3568,80:3728,81:3814,82:3905,83:3969,84:2920,85:2960,86:3084,87:3196,88:3309,89:3408,90:3542,91:3593,92:3740,93:3805,94:3873,95:4035,96:2918,97:3028,98:3139,99:3229,100:3282,101:3429,102:3475,103:3594,104:3692,105:3845,106:3901,107:3970,108:2866,109:2984,110:3081,111:3232,112:3257,113:3433,114:3488,115:3643,116:3745,117:3843,118:3866,119:4028,120:2852,121:3011,122:3138,123:3246,124:3308,125:3401,126:3470,127:3577,128:3679,129:3822,130:3890,131:4019,132:2893,133:2956,134:3142,135:3152,136:3278,137:3365,138:3544,139:3621,140:3702,141:3803,142:3853,143:3980,144:2900,145:3049,146:3135,147:3236,148:3263,149:3404,150:3533,151:3611,152:3745,153:3793,154:3910,155:3996,156:2854,157:2988,158:3085,159:3205,160:3318,161:3424,162:3481,163:3591,164:3689,165:3793,166:3866,167:4048,168:2921,169:3030,170:3077,171:3231,172:3254,173:3426,174:3508,175:3550,176:3659,177:3825,178:3882,179:4029,180:2949,181:3004,182:3086,183:3198,184:3330,185:3364,186:3457,187:3597,188:3665,189:3848,190:3947,191:4027,192:2858,193:2992,194:3125,195:3186,196:3281,197:3416,198:3541,199:3565,200:3714,201:3753,202:3862,203:4018,204:2903,205:3009,206:3063,207:3155,208:3265,209:3388,210:3536,211:3580,212:3725,213:3752,214:3851,215:3978,216:2927,217:3042,218:3143,219:3161,220:3272,221:3353,222:3522,223:3596,224:3722,225:3783,226:3896,227:3993,228:2871,229:3010,230:3083,231:3160,232:3306,233:3436,234:3549,235:3560,236:3652,237:3823,238:3897,239:3961,240:2921,241:3025,242:3065,243:3168,244:3253,245:3363,246:3469,247:3555,248:3692,249:3845,250:3942,251:4022,252:2920,253:3043,254:3145,255:3209,256:3259,257:3445,258:3511,259:3623,260:3749,261:3768,262:3870,263:3953,264:2875,265:3010,266:3060,267:3192,268:3265,269:3395,270:3526,271:3617,272:3657,273:3755,274:3881,275:3960,276:2947,277:2986,278:3090,279:3168,280:3345,281:3365,282:3509,283:3585,284:3738,285:3830,286:3937,287:3986,288:2877,289:3012,290:3076,291:3236,292:3253,293:3375,294:3481,295:3584,296:3716,297:3844,298:3883,299:4026,300:2860,301:2989,302:3102,303:3166,304:3294,305:3386,306:3469,307:3578,308:3729,309:3819,310:3883,311:4005,312:2919,313:2959,314:3110,315:3220,316:3343,317:3389,318:3468,319:3629,320:3706,321:3799,322:3883,323:3966,324:2865,325:2993,326:3065,327:3240,328:3282,329:3350,330:3537,331:3637,332:3688,333:3767,334:3883,335:3960,336:2915,337:3023,338:3136,339:3198,340:3296,341:3432,342:3514,343:3630,344:3711,345:3802,346:3880,347:3979,348:2899,349:2968,350:3110,351:3155,352:3299,353:3361,354:3466,355:3616,356:3719,357:3782,358:3858,359:4005
0:2890,1:3007,2:3118,3:3231,4:3328,5:3415,6:3487,7:3550,8:3718,9:3789,10:3871,11:4021,12:2899,13:3005,14:3129,15:3180,16:3289,17:3445,18:3534,19:3573,20:3727,21:3778,22:3880,23:3995,24:2938,25:2972,26:3148,27:3201,28:3300,29:3416,30:3542,31:3551,32:3696,33:3820,34:3876,35:4018,36:2857,37:2980,38:3127,39:3150,40:3255,41:3351,42:3472,43:3602,44:3658,45:3838,46:3934,47:4043,48:2860,49:2951,50:3050,51:3197,52:3339,53:3369,54:3459,55:3586,56:3675,57:3836,58:3856,59:3952,60:2940,61:2981,62:3141,63:3247,64:3290,65:3407,66:3473,67:3565,68:3663,69:3795,70:3941,71:3976,72:2912,73:2975,74:3081,75:3196,76:3263,77:3354,78:3453,79:3607,80:3737,81:3794,82:3890,83:4047,84:2944,85:3028,86:3084,87:3238,88:3335,89:3442,90:3549,91:3615,92:3732,93:3805,94:3937,95:4011,96:2936,97:3041,98:3071,99:3167,100:3282,101:3421,102:3453,103:3572,104:3746,105:3810,106:3931,107:4024,108:2873,109:2983,110:3065,111:3194,112:3277,113:3447,114:3482,115:3624,116:3730,117:3756,118:3910,119:3998,120:2862,121:2968,122:3062,123:3203,124:3277,125:3429,126:3538,127:3559,128:3650,129:3834,130:3872,131:4003,132:2911,133:3022,134:3116,135:3222,136:3330,137:3396,138:3521,139:3649,140:3684,141:3791,142:3858,143:4016,144:2880,145:2989,146:3146,147:3186,148:3334,149:3409,150:3538,151:3593,152:3710,153:3758,154:3930,155:3979,156:2896,157:3036,158:3130,159:3235,160:3316,161:3376,162:3529,163:3637,164:3695,165:3764,166:3906,167:4043,168:2854,169:3040,170:3070,171:3200,172:3335,173:3360,174:3493,175:3559,176:3658,177:3792,178:3920,179:3977,180:2910,181:3018,182:3085,183:3192,184:3299,185:3404,186:3458,187:3565,188:3662,189:3782,190:3877,191:4028,192:2851,193:2956,194:3118,195:3169,196:3306,197:3353,198:3527,199:3575,200:3711,201:3815,202:3939,203:3950,204:2937,205:2964,206:3107,207:3241,208:3288,209:3440,210:3452,211:3619,212:3694,213:3838,214:3882,215:4047,216:2874,217:3047,218:3107,219:3173,220:3279,221:3403,222:3532,223:3584,224:3731,225:3832,226:3896,227:4039,228:2912,229:2975,230:3064,231:3210,232:3337,233:3388,234:3549,235:3635,236:3685,237:3761,238:3937,239:4007,240:2917,241:2964,242:3063,243:3162,244:3297,245:3375,246:3504,247:3612,248:3729,249:3825,250:3865,251:3976,252:2930,253:3038,254:3141,255:3225,256:3276,257:3418,258:3470,259:3641,260:3655,261:3842,262:3879,263:3975,264:2888,265:2988,266:3144,267:3180,268:3255,269:3380,270:3515,271:3580,272:3706,273:3831,274:3918,275:3979,276:2933,277:3023,278:3060,279:3160,280:3279,281:3438,282:3457,283:3559,284:3732,285:3757,286:3853,287:3963,288:2887,289:3010,290:3116,291:3217,292:3333,293:3427,294:3459,295:3605,296:3672,297:3770,298:3878,299:4014,300:2922,301:2971,302:3125,303:3241,304:3291,305:3434,306:3451,307:3554,308:3711,309:3847,310:3856,311:3966,312:2907,313:2977,314:3123,315:3162,316:3346,317:3449,318:3549,319:3577,320:3706,321:3831,322:3886,323:3956,324:2877,325:3037,326:3110,327:3220,328:3274,329:3422,330:3472,331:3591,332:3745,333:3768,334:3940,335:4016,336:2948,337:2972,338:3084,339:3172,340:3287,341:3356,342:3487,343:3605,344:3676,345:3844,346:3889,347:3979,348:2876,349:2959,350:3071,351:3211,352:3302,353:3438,354:3468,355:3628,356:3662,357:3778,358:3853,359:3989
0:2936,1:2983,2:3118,3:3205,4:3277,5:3425,6:3484,7:3618,8:3676,9:3831,10:3851,11:3963,12:2928,13:3004,14:3079,15:3151,16:3279,17:3371,18:3514,19:3597,20:3675,21:3774,22:3933,23:4023,24:2897,25:2950,26:3063,27:3183,28:3337,29:3373,30:3488,31:3626,32:3728,33:3819,34:3906,35:3986,36:2914,37:3019,38:3106,39:3157,40:3283,41:3362,42:3468,43:3553,44:3666,45:3753,46:3931,47:3993,48:2939,49:3038,50:3051,51:3243,52:3294,53:3425,54:3478,55:3626,56:3745,57:3835,58:3904,59:4000,60:2948,61:2997,62:3093,63:3237,64:3332,65:3441,66:3457,67:3556,68:3656,69:3849,70:3885,71:4032,72:2943,73:3044,74:3089,75:3200,76:3326,77:3379,78:3504,79:3586,80:3748,81:3825,82:3927,83:3988,84:2886,85:3049,86:3072,87:3245,88:3348,89:3417,90:3465,91:3582,92:3667,93:3833,94:3886,95:3980,96:2866,97:3012,98:3064,99:3243,100:3268,101:3435,102:3472,103:3603,104:3697,105:3774,106:3933,107:4036,108:2918,109:2972,110:3072,111:3153,112:3302,113:3442,114:3541,115:3627,116:3732,117:3821,118:3920,119:3991,120:2860,121:2962,122:3114,123:3201,124:3279,125:3447,126:3477,127:3608,128:3714,129:3753,130:3861,131:4004,132:2903,133:3007,134:3070,135:3222,136:3346,137:3423,138:3502,139:3605,140:3705,141:3826,142:3905,143:4046,144:2873,145:2991,146:3057,147:3194,148:3281,149:3412,150:3535,151:3573,152:3740,153:3823,154:3938,155:4032,156:2898,157:3008,158:3068,159:3226,160:3321,161:3408,162:3495,163:3641,164:3655,165:3793,166:3906,167:3994,168:2872,169:2977,170:3134,171:3210,172:3276,173:3362,174:3463,175:3638,176:3735,177:3805,178:3924,179:3995,180:2913,181:3002,182:3135,183:3190,184:3349,185:3435,186:3500,187:3620,188:3654,189:3761,190:3856,191:3966,192:2881,193:2975,194:3085,195:3158,196:3283,197:3370,198:3497,199:3601,200:3747,201:3782,202:3910,203:3988,204:2905,205:2950,206:3135,207:3231,208:3268,209:3410,210:3505,211:3618,212:3655,213:3780,214:3876,215:4041,216:2868,217:3034,218:3143,219:3232,220:3278,221:3423,222:3524,223:3556,224:3743,225:3777,226:3930,227:4017,228:2866,229:3016,230:3064,231:3178,232:3314,233:3350,234:3540,235:3560,236:3710,237:3763,238:3933,239:4017,240:2892,241:2957,242:3117,243:3195,244:3316,245:3367,246:3470,247:3563,248:3670,249:3840,250:3909,251:4006,252:2865,253:2964,254:3120,255:3156,256:3330,257:3350,258:3481,259:3597,260:3715,261:3816,262:3878,263:3993,264:2942,265:3014,266:3067,267:3237,268:3254,269:3397,270:3497,271:3603,272:3709,273:3770,274:3926,275:4014,276:2860,277:3048,278:3124,279:3223,280:3264,281:3431,282:3460,283:3625,284:3739,285:3849,286:3887,287:3965,288:2895,289:3034,290:3085,291:3173,292:3283,293:3381,294:3495,295:3608,296:3689,297:3792,298:3874,299:4048,300:2922,301:2976,302:3115,303:3151,304:3344,305:3369,306:3473,307:3616,308:3679,309:3786,310:3866,311:3961,312:2866,313:3014,314:3146,315:3224,316:3321,317:3413,318:3498,319:3647,320:3709,321:3824,322:3947,323:4029,324:2888,325:3003,326:3077,327:3178,328:3269,329:3396,330:3473,331:3619,332:3685,333:3778,334:3868,335:4026,336:2888,337:2999,338:3127,339:3208,340:3329,341:3375,342:3488,343:3557,344:3686,345:3770,346:3884,347:3987,348:2864,349:3035,350:3147,351:3163,352:3282,353:3429,354:3522,355:3597,356:3676,357:3840,358:3920,359:3988
0:2913,1:2957,2:3070,3:3234,4:3289,5:3378,6:3511,7:3646,8:3743,9:3827,10:3894,11:4006,12:2934,13:3024,14:3079,15:3210,16:3344,17:3383,18:3491,19:3551,20:3692,21:3793,22:3937,23:3991,24:2895,25:3044,26:3106,27:3220,28:3345,29:3417,30:3459,31:3561,32:3704,33:3768,34:3859,35:4027,36:2949,37:2955,38:3139,39:3193,40:3302,41:3382,42:3549,43:3633,44:3732,45:3763,46:3880,47:3995,48:2854,49:3002,50:3077,51:3199,52:3330,53:3442,54:3489,55:3574,56:3679,57:3789,58:3868,59:3966,60:2880,61:3027,62:3072,63:3155,64:3334,65:3396,66:3528,67:3624,68:3719,69:3837,70:3880,71:3998,72:2940,73:2974,74:3100,75:3248,76:3322,77:3358,78:3538,79:3645,80:3695,81:3847,82:3858,83:3986,84:2879,85:2950,86:3137,87:3167,88:3320,89:3403,90:3496,91:3642,92:3706,93:3791,94:3923,95:4047,96:2930,97:2966,98:3070,99:3185,100:3326,101:3416,102:3518,103:3648,104:3673,105:3752,106:3862,107:3988,108:2924,109:2954,110:3119,111:3248,112:3288,113:3393,114:3454,115:3574,116:3706,117:3787,118:3906,119:3964,120:2890,121:3048,122:3102,123:3217,124:3313,125:3428,126:3515,127:3554,128:3722,129:3757,130:3920,131:3973,132:2929,133:3028,134:3083,135:3231,136:3294,137:3432,138:3462,139:3556,140:3748,141:3774,142:3896,143:4031,144:2851,145:3033,146:3146,147:3203,148:3329,149:3350,150:3459,151:3580,152:3741,153:3770,154:3945,155:4029,156:2947,157:3025,158:3145,159:3234,160:3302,161:3376,162:3494,163:3642,164:3695,165:3805,166:3874,167:4017,168:2938,169:3003,170:3051,171:3168,172:3312,173:3365,174:3490,175:3593,176:3706,177:3847,178:3894,179:4021,180:2926,181:3005,182:3086,183:3235,184:3280,185:3388,186:3470,187:3625,188:3694,189:3769,190:3872,191:3993,192:2931,193:2961,194:3130,195:3246,196:3305,197:3387,198:3454,199:3589,200:3735,201:3763,202:3939,203:4011,204:2892,205:3026,206:3085,207:3245,208:3324,209:3363,210:3469,211:3617,212:3692,213:3804,214:3914,215:4023,216:2917,217:2979,218:3085,219:3225,220:3307,221:3436,222:3467,223:3589,224:3733,225:3762,226:3905,227:3956,228:2906,229:3007,230:3135,231:3204,232:3341,233:3385,234:3501,235:3624,236:3706,237:3835,238:3934,239:3998,240:2897,241:3027,242:3053,243:3207,244:3315,245:3390,246:3459,247:3582,248:3737,249:3813,250:3890,251:3995,252:2910,253:3017,254:3078,255:3199,256:3325,257:3415,258:3477,259:3574,260:3686,261:3828,262:3856,263:4035,264:2891,265:3011,266:3057,267:3195,268:3316,269:3447,270:3472,271:3602,272:3661,273:3777,274:3887,275:3990,276:2884,277:2952,278:3063,279:3182,280:3321,281:3432,282:3512,283:3646,284:3652,285:3760,286:3899,287:3984,288:2881,289:2991,290:3140,291:3181,292:3259,293:3432,294:3464,295:3576,296:3682,297:3755,298:3863,299:3983,300:2934,301:2975,302:3114,303:3212,304:3295,305:3420,306:3549,307:3628,308:3742,309:3774,310:3867,311:3991,312:2874,313:3042,314:3149,315:3158,316:3273,317:3384,318:3507,319:3587,320:3700,321:3752,322:3870,323:4002,324:2920,325:3007,326:3076,327:3164,328:3255,329:3366,330:3478,331:3564,332:3673,333:3816,334:3915,335:4047,336:2862,337:3015,338:3133,339:3208,340:3256,341:3399,342:3512,343:3568,344:3657,345:3829,346:3872,347:4008,348:2911,349:3001,350:3069,351:3180,352:3305,353:3433,354:3475,355:3585,356:3682,357:3810,358:3860,359:3982
0:2889,1:3023,2:3077,3:3151,4:3263,5:3401,6:3499,7:3556,8:3718,9:3816,10:3922,11:4014,12:2875,13:2950,14:3124,15:3241,16:3315,17:3378,18:3543,19:3610,20:3683,21:3823,22:3898,23:3960,24:2918,25:3044,26:3100,27:3218,28:3328,29:3408,30:3516,31:3585,32:3730,33:3831,34:3914,35:3999,36:2945,37:2967,38:3129,39:3182,40:3331,41:3426,42:3539,43:3571,44:3656,45:3813,46:3854,47:3993,48:2875,49:3029,50:3112,51:3211,52:3315,53:3384,54:3508,55:3602,56:3725,57:3758,58:3869,59:4033,60:2902,61:2981,62:3051,63:3244,64:3308,65:3388,66:3536,67:3626,68:3739,69:3785,70:3912,71:3997,72:2898,73:2962,74:3106,75:3169,76:3281,77:3381,78:3524,79:3596,80:3716,81:3771,82:3882,83:4032,84:2914,85:2995,86:3137,87:3179,88:3270,89:3351,90:3517,91:3586,92:3703,93:3836,94:3852,95:3990,96:2890,97:2997,98:3117,99:3164,100:3278,101:3416,102:3470,103:3610,104:3721,105:3847,106:3887,107:4034,108:2856,109:2980,110:3121,111:3201,112:3341,113:3429,114:3470,115:3620,116:3733,117:3815,118:3862,119:3979,120:2904,121:3009,122:3122,123:3186,124:3334,125:3366,126:3546,127:3564,128:3694,129:3845,130:3858,131:4034,132:2865,133:3014,134:3111,135:3242,136:3300,137:3381,138:3545,139:3559,140:3737,141:3803,142:3920,143:4041,144:2935,145:3017,146:3114,147:3227,148:3303,149:3353,150:3466,151:3586,152:3714,153:3774,154:3927,155:4048,156:2919,157:3018,158:3094,159:3217,160:3316,161:3388,162:3502,163:3606,164:3694,165:3782,166:3921,167:3956,168:2903,169:3048,170:3125,171:3223,172:3267,173:3400,174:3461,175:3581,176:3698,177:3811,178:3907,179:3999,180:2889,181:3040,182:3087,183:3243,184:3319,185:3415,186:3462,187:3583,188:3683,189:3824,190:3938,191:3987,192:2867,193:3044,194:3065,195:3227,196:3340,197:3354,198:3468,199:3629,200:3708,201:3836,202:3855,203:4040,204:2887,205:3049,206:3070,207:3156,208:3306,209:3442,210:3496,211:3586,212:3691,213:3817,214:3879,215:4019,216:2892,217:3006,218:3141,219:3194,220:3268,221:3359,222:3537,223:3603,224:3749,225:3821,226:3894,227:4000,228:2853,229:3040,230:3120,231:3162,232:3346,233:3367,234:3531,235:3620,236:3747,237:3843,238:3869,239:4031,240:2861,241:3003,242:3075,243:3237,244:3275,245:3366,246:3506,247:3645,248:3662,249:3790,250:3888,251:3964,252:2857,253:3006,254:3149,255:3175,256:3286,257:3441,258:3522,259:3640,260:3653,261:3778,262:3947,263:3988,264:2926,265:2950,266:3089,267:3221,268:3265,269:3402,270:3544,271:3588,272:3695,273:3823,274:3949,275:3983,276:2882,277:2996,278:3093,279:3248,280:3331,281:3392,282:3495,283:3558,284:3749,285:3753,286:3921,287:3983,288:2925,289:2952,290:3143,291:3200,292:3340,293:3385,294:3532,295:3621,296:3665,297:3811,298:3878,299:4002,300:2906,301:3033,302:3059,303:3182,304:3348,305:3369,306:3489,307:3580,308:3712,309:3780,310:3863,311:4043,312:2880,313:3012,314:3104,315:3221,316:3283,317:3414,318:3460,319:3592,320:3696,321:3818,322:3919,323:4005,324:2863,325:2973,326:3086,327:3206,328:3264,329:3423,330:3458,331:3600,332:3689,333:3776,334:3935,335:3975,336:2948,337:3002,338:3137,339:3208,340:3283,341:3350,342:3508,343:3639,344:3724,345:3764,346:3913,347:3957,348:2889,349:2996,350:3132,351:3233,352:3256,353:3419,354:3510,355:3550,356:3658,357:3792,358:3881,359:4018
0:2866,1:3022,2:3145,3:3196,4:3331,5:3365,6:3532,7:3556,8:3690,9:3779,10:3884,11:3994,12:2936,13:2960,14:3102,15:3187,16:3347,17:3410,18:3455,19:3583,20:3717,21:3807,22:3919,23:4043,24:2863,25:2979,26:3147,27:3161,28:3260,29:3366,30:3472,31:3576,32:3745,33:3845,34:3949,35:3957,36:2937,37:2989,38:3057,39:3243,40:3298,41:3422,42:3485,43:3642,44:3721,45:3784,46:3915,47:4039,48:2911,49:2950,50:3099,51:3205,52:3304,53:3406,54:3471,55:3602,56:3704,57:3838,58:3881,59:4027,60:2927,61:2995,62:3119,63:3233,64:3289,65:3430,66:3548,67:3575,68:3693,69:3794,70:3906,71:3958,72:2899,73:3010,74:3113,75:3161,76:3259,77:3420,78:3490,79:3590,80:3718,81:3840,82:3904,83:4034,84:2910,85:3016,86:3123,87:3154,88:3251,89:3388,90:3487,91:3580,92:3735,93:3761,94:3850,95:3986,96:2937,97:3007,98:3132,99:3187,100:3295,101:3381,102:3479,103:3609,104:3692,105:3765,106:3904,107:4044,108:2908,109:2970,110:3079,111:3244,112:3348,113:3437,114:3515,115:3627,116:3659,117:3799,118:3862,119:4035,120:2871,121:2970,122:3117,123:3240,124:3279,125:3381,126:3508,127:3634,128:3743,129:3766,130:3896,131:3997,132:2922,133:2979,134:3087,135:3200,136:3305,137:3407,138:3548,139:3562,140:3713,141:3828,142:3874,143:4005,144:2910,145:2986,146:3069,147:3213,148:3275,149:3391,150:3468,151:3620,152:3659,153:3757,154:3873,155:4007,156:2919,157:3026,158:3142,159:3165,160:3295,161:3357,162:3488,163:3550,164:3716,165:3797,166:3879,167:4012,168:2942,169:2950,170:3142,171:3212,172:3294,173:3449,174:3458,175:3626,176:3688,177:3770,178:3939,179:3972,180:2895,181:3034,182:3061,183:3201,184:3289,185:3409,186:3500,187:3623,188:3666,189:3833,190:3909,191:4038,192:2916,193:3047,194:3068,195:3151,196:3276,197:3438,198:3538,199:3585,200:3658,201:3788,202:3859,203:4018,204:2943,205:3033,206:3143,207:3209,208:3347,209:3417,210:3503,211:3560,212:3710,213:3755,214:3930,215:3974,216:2872,217:2992,218:3133,219:3173,220:3308,221:3392,222:3511,223:3618,224:3703,225:3801,226:3871,227:3991,228:2882,229:3043,230:3075,231:3201,232:3251,233:3437,234:3470,235:3577,236:3690,237:3833,238:3870,239:3961,240:2901,241:3022,242:3116,243:3247,244:3289,245:3404,246:3457,247:3597,248:3656,249:3833,250:3862,251:4047,252:2890,253:2971,254:3064,255:3154,256:3269,257:3406,258:3472,259:3555,260:3745,261:3796,262:3904,263:3989,264:2936,265:3042,266:3068,267:3190,268:3320,269:3443,270:3546,271:3638,272:3650,273:3776,274:3935,275:4001,276:2912,277:3037,278:3107,279:3207,280:3306,281:3406,282:3480,283:3616,284:3680,285:3802,286:3880,287:4028,288:2930,289:2971,290:3055,291:3190,292:3255,293:3431,294:3460,295:3612,296:3741,297:3778,298:3873,299:4044,300:2856,301:2987,302:3053,303:3248,304:3319,305:3362,306:3501,307:3620,308:3735,309:3818,310:3861,311:3986,312:2912,313:2975,314:3060,315:3178,316:3261,317:3410,318:3519,319:3617,320:3746,321:3769,322:3912,323:4029,324:2902,325:2975,326:3120,327:3197,328:3313,329:3400,330:3518,331:3630,332:3732,333:3762,334:3892,335:3962,336:2916,337:2980,338:3122,339:3196,340:3292,341:3395,342:3527,343:3643,344:3716,345:3786,346:3870,347:3957,348:2915,349:2953,350:3052,351:3242,352:3271,353:3440,354:3515,355:3585,356:3728,357:3782,358:3852,359:4008
0:2946,1:3020,2:3098,3:3178,4:3273,5:3392,6:3461,7:3602,8:3727,9:3784,10:3889,11:3998,12:2921,13:3024,14:3094,15:3227,16:3311,17:3407,18:3461,19:3577,20:3698,21:3754,22:3865,23:3997,24:2875,25:3029,26:3138,27:3214,28:3254,29:3438,30:3450,31:3564,32:3749,33:3776,34:3910,35:3959,36:2866,37:2979,38:3087,39:3169,40:3293,41:3371,42:3474,43:3596,44:3726,45:3769,46:3941,47:3950,48:2936,49:2959,50:3064,51:3248,52:3299,53:3407,54:3455,55:3609,56:3707,57:3843,58:3885,59:4015,60:2918,61:2996,62:3062,63:3223,64:3327,65:3383,66:3508,67:3610,68:3737,69:3833,70:3947,71:3991,72:2853,73:2971,74:3057,75:3203,76:3304,77:3355,78:3466,79:3572,80:3674,81:3835,82:3948,83:4006,84:2903,85:3011,86:3056,87:3196,88:3275,89:3432,90:3489,91:3588,92:3740,93:3752,94:3873,95:3985,96:2926,97:3006,98:3056,99:3222,100:3302,101:3411,102:3503,103:3608,104:3677,105:3821,106:3946,107:3961,108:2927,109:2983,110:3126,111:3172,112:3327,113:3370,114:3530,115:3564,116:3671,117:3842,118:3922,119:3992,120:2932,121:3034,122:3127,123:3196,124:3303,125:3389,126:3472,127:3642,128:3664,129:3778,130:3876,131:4013,132:2920,133:3000,134:3071,135:3194,136:3344,137:3417,138:3499,139:3614,140:3716,141:3831,142:3861,143:3996,144:2908,145:2996,146:3144,147:3242,148:3253,149:3372,150:3468,151:3557,152:3705,153:3823,154:3937,155:3969,156:2924,157:2962,158:3082,159:3187,160:3333,161:3361,162:3467,163:3630,164:3659,165:3795,166:3870,167:4028,168:2946,169:3009,170:3134,171:3169,172:3250,173:3355,174:3464,175:3553,176:3736,177:3844,178:3918,179:3952,180:2936,181:3034,182:3141,183:3217,184:3301,185:3449,186:3492,187:3557,188:3662,189:3805,190:3930,191:3996,192:2880,193:3028,194:3140,195:3205,196:3301,197:3399,198:3471,199:3583,200:3685,201:3769,202:3930,203:4032,204:2926,205:2987,206:3082,207:3165,208:3275,209:3408,210:3457,211:3589,212:3707,213:3753,214:3883,215:4036,216:2921,217:2985,218:3114,219:3214,220:3279,221:3390,222:3473,223:3617,224:3684,225:3808,226:3887,227:3998,228:2857,229:2964,230:3098,231:3178,232:3296,233:3410,234:3523,235:3646,236:3726,237:3784,238:3872,239:4033,240:2858,241:2976,242:3052,243:3201,244:3282,245:3430,246:3453,247:3592,248:3650,249:3780,250:3911,251:3965,252:2914,253:2975,254:3134,255:3195,256:3285,257:3366,258:3463,259:3569,260:3746,261:3817,262:3922,263:4007,264:2884,265:2955,266:3131,267:3231,268:3278,269:3425,270:3453,271:3604,272:3747,273:3842,274:3946,275:4006,276:2866,277:2968,278:3134,279:3208,280:3309,281:3416,282:3519,283:3595,284:3665,285:3760,286:3890,287:3984,288:2912,289:2983,290:3057,291:3249,292:3294,293:3432,294:3464,295:3624,296:3737,297:3838,298:3923,299:4030,300:2874,301:3043,302:3062,303:3225,304:3270,305:3379,306:3519,307:3623,308:3675,309:3762,310:3924,311:4036,312:2942,313:3036,314:3067,315:3233,316:3273,317:3400,318:3489,319:3621,320:3734,321:3797,322:3892,323:3995,324:2914,325:3034,326:3089,327:3236,328:3279,329:3426,330:3456,331:3580,332:3702,333:3777,334:3923,335:3952,336:2919,337:2962,338:3066,339:3204,340:3287,341:3440,342:3458,343:3563,344:3696,345:3835,346:3926,347:4035,348:2860,349:3017,350:3134,351:3150,352:3306,353:3353,354:3517,355:3595,356:3735,357:3778,358:3854,359:4005
0:2871,1:2963,2:3100,3:3166,4:3255,5:3361,6:3498,7:3577,8:3748,9:3783,10:3908,11:4036,12:2868,13:2958,14:3143,15:3168,16:3329,17:3390,18:3502,19:3641,20:3739,21:3798,22:3856,23:4039,24:2941,25:2950,26:3140,27:3186,28:3321,29:3406,30:3485,31:3640,32:3745,33:3750,34:3915,35:4004,36:2911,37:3049,38:3148,39:3168,40:3308,41:3424,42:3541,43:3553,44:3651,45:3772,46:3852,47:4044,48:2853,49:2994,50:3107,51:3231,52:3340,53:3422,54:3479,55:3608,56:3739,57:3842,58:3935,59:3994,60:2909,61:3036,62:3149,63:3238,64:3285,65:3419,66:3501,67:3591,68:3704,69:3817,70:3918,71:3993,72:2873,73:3047,74:3062,75:3201,76:3333,77:3443,78:3509,79:3595,80:3732,81:3799,82:3927,83:4016,84:2870,85:2970,86:3136,87:3231,88:3295,89:3385,90:3469,91:3609,92:3702,93:3832,94:3914,95:4004,96:2859,97:3041,98:3140,99:3162,100:3296,101:3413,102:3505,103:3594,104:3705,105:3808,106:3930,107:4036,108:2889,109:3001,110:3064,111:3202,112:3348,113:3388,114:3469,115:3638,116:3742,117:3769,118:3872,119:4038,120:2887,121:2971,122:3068,123:3246,124:3282,125:3399,126:3506,127:3640,128:3711,129:3819,130:3863,131:4034,132:2858,133:3000,134:3060,135:3230,136:3288,137:3446,138:3514,139:3557,140:3668,141:3816,142:3931,143:4015,144:2881,145:3027,146:3124,147:3207,148:3292,149:3424,150:3529,151:3613,152:3694,153:3763,154:3888,155:4014,156:2903,157:3027,158:3071,159:3190,160:3328,161:3358,162:3478,163:3602,164:3669,165:3789,166:3871,167:4024,168:2894,169:3041,170:3084,171:3220,172:3280,173:3408,174:3518,175:3561,176:3684,177:3826,178:3930,179:4000,180:2925,181:2993,182:3112,183:3245,184:3312,185:3413,186:3468,187:3608,188:3673,189:3825,190:3880,191:3996,192:2939,193:3017,194:3121,195:3240,196:3272,197:3405,198:3475,199:3563,200:3654,201:3780,202:3859,203:4010,204:2884,205:2992,206:3094,207:3175,208:3298,209:3369,210:3503,211:3608,212:3714,213:3752,214:3857,215:4043,216:2941,217:3009,218:3106,219:3212,220:3265,221:3422,222:3481,223:3584,224:3747,225:3787,226:3922,227:3968,228:2854,229:3047,230:3136,231:3238,232:3315,233:3441,234:3545,235:3615,236:3670,237:3810,238:3931,239:3987,240:2883,241:3004,242:3124,243:3177,244:3290,245:3417,246:3507,247:3646,248:3716,249:3795,250:3900,251:4008,252:2915,253:2989,254:3113,255:3208,256:3291,257:3377,258:3529,259:3635,260:3739,261:3831,262:3895,263:3995,264:2920,265:2953,266:3135,267:3219,268:3322,269:3405,270:3548,271:3559,272:3704,273:3830,274:3949,275:3971,276:2893,277:2973,278:3051,279:3228,280:3300,281:3448,282:3546,283:3587,284:3662,285:3813,286:3860,287:3984,288:2896,289:3010,290:3143,291:3176,292:3305,293:3356,294:3453,295:3638,296:3663,297:3756,298:3939,299:4034,300:2864,301:2989,302:3076,303:3214,304:3252,305:3371,306:3460,307:3585,308:3693,309:3792,310:3944,311:3976,312:2878,313:2977,314:3133,315:3174,316:3286,317:3432,318:3504,319:3624,320:3659,321:3778,322:3885,323:3979,324:2918,325:3004,326:3137,327:3206,328:3257,329:3365,330:3476,331:3602,332:3675,333:3845,334:3859,335:4011,336:2858,337:3034,338:3142,339:3189,340:3342,341:3369,342:3544,343:3617,344:3720,345:3835,346:3898,347:3951,348:2921,349:3024,350:3134,351:3209,352:3251,353:3402,354:3462,355:3560,356:3726,357:3817,358:3921,359:4003
0:2907,1:3036,2:3116,3:3180,4:3300,5:3358,6:3462,7:3589,8:3657,9:3824,10:3921,11:4029,12:2890,13:2957,14:3098,15:3189,16:3275,17:3359,18:3501,19:3603,20:3746,21:3847,22:3949,23:3959,24:2857,25:2992,26:3074,27:3151,28:3302,29:3428,30:3502,31:3644,32:3729,33:3771,34:3891,35:3983,36:2947,37:3004,38:3109,39:3204,40:3323,41:3404,42:3547,43:3632,44:3683,45:3838,46:3877,47:3994,48:2887,49:3006,50:3110,51:3227,52:3311,53:3376,54:3469,55:3560,56:3729,57:3765,58:3928,59:3957,60:2850,61:2952,62:3053,63:3213,64:3324,65:3405,66:3543,67:3590,68:3730,69:3783,70:3929,71:3973,72:2916,73:2967,74:3090,75:3156,76:3253,77:3394,78:3506,79:3626,80:3708,81:3824,82:3891,83:3955,84:2887,85:3008,86:3063,87:3183,88:3259,89:3359,90:3457,91:3580,92:3653,93:3790,94:3869,95:4038,96:2940,97:2995,98:3082,99:3231,100:3292,101:3381,102:3546,103:3641,104:3702,105:3799,106:3912,107:3972,108:2933,109:2953,110:3139,111:3209,112:3346,113:3390,114:3498,115:3588,116:3714,117:3796,118:3941,119:3999,120:2947,121:3036,122:3066,123:3160,124:3340,125:3382,126:3518,127:3647,128:3742,129:3789,130:3882,131:3961,132:2928,133:3041,134:3120,135:3214,136:3269,137:3401,138:3460,139:3584,140:3674,141:3809,142:3911,143:4019,144:2877,145:2958,146:3135,147:3158,148:3296,149:3419,150:3503,151:3569,152:3655,153:3776,154:3912,155:3963,156:2921,157:3015,158:3126,159:3226,160:3348,161:3392,162:3482,163:3559,164:3703,165:3791,166:3914,167:4001,168:2915,169:3024,170:3109,171:3202,172:3276,173:3361,174:3490,175:3604,176:3742,177:3761,178:3874,179:4038,180:2905,181:2971,182:3073,183:3166,184:3283,185:3379,186:3483,187:3559,188:3702,189:3770,190:3882,191:4030,192:2930,193:2960,194:3119,195:3175,196:3259,197:3367,198:3472,199:3617,200:3701,201:3844,202:3930,203:4039,204:2922,205:3044,206:3095,207:3184,208:3279,209:3403,210:3521,211:3583,212:3660,213:3847,214:3865,215:4030,216:2886,217:3042,218:3111,219:3229,220:3276,221:3432,222:3466,223:3599,224:3718,225:3766,226:3929,227:3979,228:2905,229:3044,230:3054,231:3219,232:3335,233:3406,234:3485,235:3612,236:3678,237:3750,238:3934,239:3971,240:2935,241:2973,242:3087,243:3156,244:3306,245:3439,246:3513,247:3621,248:3671,249:3807,250:3939,251:4023,252:2916,253:3010,254:3126,255:3234,256:3296,257:3411,258:3453,259:3622,260:3721,261:3816,262:3949,263:4036,264:2883,265:2960,266:3053,267:3155,268:3304,269:3417,270:3537,271:3559,272:3743,273:3814,274:3873,275:4036,276:2895,277:3038,278:3114,279:3238,280:3340,281:3400,282:3523,283:3551,284:3692,285:3783,286:3882,287:3977,288:2941,289:2989,290:3091,291:3221,292:3268,293:3361,294:3507,295:3554,296:3711,297:3752,298:3897,299:4024,300:2903,301:2983,302:3114,303:3234,304:3305,305:3423,306:3517,307:3582,308:3689,309:3754,310:3925,311:4014,312:2898,313:3013,314:3089,315:3153,316:3267,317:3354,318:3536,319:3571,320:3667,321:3818,322:3850,323:4046,324:2937,325:3029,326:3121,327:3205,328:3348,329:3357,330:3463,331:3563,332:3723,333:3760,334:3859,335:4041,336:2890,337:2967,338:3123,339:3232,340:3338,341:3394,342:3546,343:3646,344:3736,345:3795,346:3858,347:3975,348:2926,349:2983,350:3067,351:3191,352:3328,353:3414,354:3479,355:3620,356:3698,357:3833,358:3937,359:3975
0:2853,1:3027,2:3098,3:3182,4:3336,5:3370,6:3457,7:3579,8:3704,9:3796,10:3920,11:4020,12:2942,13:2989,14:3083,15:3223,16:3274,17:3406,18:3544,19:3641,20:3695,21:3840,22:3871,23:3989,24:2920,25:2963,26:3098,27:3170,28:3263,29:3412,30:3492,31:3584,32:3672,33:3840,34:3924,35:4030,36:2930,37:3047,38:3089,39:3168,40:3265,41:3387,42:3524,43:3638,44:3733,45:3763,46:3888,47:3970,48:2907,49:3019,50:3090,51:3223,52:3276,53:3419,54:3509,55:3581,56:3738,57:3808,58:3865,59:4001,60:2918,61:3038,62:3130,63:3177,64:3342,65:3401,66:3542,67:3640,68:3713,69:3759,70:3871,71:3961,72:2932,73:2951,74:3149,75:3244,76:3278,77:3441,78:3520,79:3572,80:3663,81:3752,82:3853,83:3999,84:2907,85:2968,86:3146,87:3166,88:3344,89:3377,90:3467,91:3608,92:3680,93:3792,94:3915,95:4023,96:2865,97:3019,98:3076,99:3177,100:3298,101:3434,102:3491,103:3610,104:3723,105:3776,106:3924,107:4034,108:2910,109:2956,110:3100,111:3220,112:3284,113:3411,114:3494,115:3576,116:3715,117:3795,118:3879,119:4045,120:2904,121:3043,122:3085,123:3182,124:3255,125:3358,126:3546,127:3629,128:3730,129:3799,130:3891,131:4031,132:2869,133:3021,134:3111,135:3231,136:3273,137:3420,138:3540,139:3598,140:3738,141:3822,142:3893,143:3968,144:2938,145:3006,146:3144,147:3160,148:3338,149:3377,150:3462,151:3576,152:3665,153:3765,154:3878,155:3951,156:2937,157:2970,158:3085,159:3176,160:3259,161:3425,162:3473,163:3619,164:3731,165:3780,166:3863,167:3984,168:2883,169:3046,170:3136,171:3151,172:3300,173:3422,174:3534,175:3565,176:3697,177:3817,178:3903,179:3960,180:2893,181:3030,182:3085,183:3247,184:3326,185:3391,186:3504,187:3645,188:3663,189:3782,190:3858,191:3974,192:2867,193:3001,194:3144,195:3242,196:3254,197:3440,198:3541,199:3645,200:3683,201:3751,202:3881,203:4016,204:2898,205:2962,206:3135,207:3162,208:3256,209:3355,210:3518,211:3634,212:3694,213:3842,214:3868,215:3953,216:2886,217:2980,218:3080,219:3225,220:3288,221:3407,222:3493,223:3569,224:3709,225:3829,226:3893,227:3955,228:2921,229:2991,230:3106,231:3182,232:3337,233:3356,234:3489,235:3644,236:3734,237:3801,238:3886,239:3979,240:2871,241:3000,242:3121,243:3249,244:3259,245:3390,246:3485,247:3605,248:3732,249:3771,250:3909,251:3950,252:2885,253:2962,254:3092,255:3155,256:3305,257:3396,258:3514,259:3631,260:3657,261:3809,262:3866,263:3986,264:2935,265:2992,266:3145,267:3207,268:3308,269:3370,270:3497,271:3606,272:3666,273:3767,274:3894,275:3997,276:2865,277:3023,278:3112,279:3207,280:3317,281:3420,282:3542,283:3598,284:3723,285:3811,286:3865,287:4023,288:2920,289:2950,290:3055,291:3240,292:3262,293:3397,294:3493,295:3603,296:3692,297:3828,298:3924,299:4045,300:2897,301:2957,302:3112,303:3220,304:3290,305:3449,306:3462,307:3639,308:3722,309:3797,310:3890,311:4032,312:2866,313:3023,314:3098,315:3234,316:3270,317:3393,318:3548,319:3642,320:3661,321:3763,322:3929,323:4030,324:2931,325:2969,326:3054,327:3178,328:3312,329:3354,330:3542,331:3601,332:3747,333:3804,334:3875,335:4036,336:2861,337:2974,338:3131,339:3236,340:3271,341:3373,342:3457,343:3595,344:3712,345:3836,346:3882,347:3953,348:2850,349:2993,350:3090,351:3234,352:3290,353:3442,354:3538,355:3601,356:3714,357:3827,358:3881,359:3952
0:2893,1:2989,2:3065,3:3150,4:3335,5:3406,6:3473,7:3643,8:3723,9:3800,10:3902,11:3950,12:2937,13:3009,14:3089,15:3167,16:3306,17:3366,18:3474,19:3612,20:3655,21:3803,22:3883,23:3988,24:2945,25:2956,26:3082,27:3216,28:3290,29:3420,30:3503,31:3623,32:3736,33:3847,34:3935,35:4005,36:2866,37:3041,38:3067,39:3208,40:3339,41:3434,42:3543,43:3561,44:3744,45:3808,46:3944,47:4038,48:2879,49:3007,50:3059,51:3222,52:3256,53:3358,54:3521,55:3605,56:3739,57:3838,58:3878,59:4021,60:2879,61:3000,62:3109,63:3160,64:3255,65:3433,66:3546,67:3617,68:3686,69:3765,70:3861,71:4041,72:2853,73:3008,74:3051,75:3162,76:3260,77:3356,78:3539,79:3640,80:3700,81:3845,82:3921,83:3972,84:2942,85:3021,86:3109,87:3212,88:3295,89:3415,90:3510,91:3569,92:3675,93:3755,94:3853,95:4037,96:2944,97:3011,98:3060,99:3236,100:3332,101:3374,102:3483,103:3563,104:3667,105:3848,106:3918,107:4034,108:2942,109:3026,110:3129,111:3153,112:3317,113:3389,114:3498,115:3645,116:3666,117:3830,118:3899,119:4024,120:2939,121:2971,122:3105,123:3197,124:3272,125:3364,126:3508,127:3582,128:3698,129:3845,130:3943,131:3974,132:2877,133:2954,134:3101,135:3224,136:3331,137:3431,138:3538,139:3576,140:3660,141:3825,142:3924,143:3980,144:2862,145:2976,146:3096,147:3173,148:3297,149:3412,150:3536,151:3637,152:3727,153:3795,154:3869,155:4040,156:2910,157:3032,158:3142,159:3195,160:3282,161:3431,162:3474,163:3582,164:3735,165:3802,166:3869,167:4025,168:2891,169:3011,170:3067,171:3164,172:3258,173:3398,174:3498,175:3566,176:3725,177:3759,178:3861,179:3958,180:2892,181:3032,182:3084,183:3216,184:3278,185:3373,186:3544,187:3617,188:3652,189:3830,190:3923,191:4011,192:2929,193:2959,194:3089,195:3208,196:3290,197:3417,198:3471,199:3564,200:3724,201:3778,202:3905,203:4027,204:2928,205:3022,206:3132,207:3232,208:3316,209:3416,210:3508,211:3568,212:3656,213:3785,214:3923,215:4030,216:2889,217:2969,218:3131,219:3202,220:3289,221:3389,222:3473,223:3633,224:3727,225:3760,226:3888,227:4031,228:2948,229:3028,230:3133,231:3232,232:3345,233:3368,234:3488,235:3641,236:3739,237:3793,238:3868,239:4006,240:2896,241:3045,242:3050,243:3189,244:3257,245:3355,246:3470,247:3574,248:3729,249:3791,250:3886,251:4021,252:2932,253:3003,254:3078,255:3165,256:3273,257:3426,258:3518,259:3573,260:3717,261:3776,262:3893,263:4042,264:2881,265:3039,266:3076,267:3154,268:3250,269:3378,270:3501,271:3587,272:3681,273:3794,274:3942,275:4022,276:2880,277:2956,278:3114,279:3187,280:3251,281:3389,282:3490,283:3612,284:3650,285:3808,286:3872,287:4012,288:2863,289:2986,290:3067,291:3177,292:3345,293:3386,294:3532,295:3614,296:3738,297:3803,298:3854,299:4024,300:2851,301:3042,302:3125,303:3186,304:3347,305:3449,306:3483,307:3551,308:3744,309:3834,310:3852,311:3950,312:2873,313:3029,314:3120,315:3171,316:3258,317:3392,318:3526,319:3574,320:3745,321:3762,322:3938,323:4000,324:2945,325:2972,326:3133,327:3154,328:3294,329:3350,330:3468,331:3639,332:3738,333:3800,334:3852,335:4002,336:2885,337:2973,338:3135,339:3200,340:3292,341:3446,342:3507,343:3640,344:3737,345:3809,346:3943,347:3991,348:2931,349:2966,350:3070,351:3237,352:3316,353:3423,354:3502,355:3556,356:3724,357:3758,358:3929,359:3965
0:2941,1:2975,2:3053,3:3157,4:3272,5:3387,6:3470,7:3593,8:3710,9:3776,10:3903,11:3979,12:2930,13:3037,14:3087,15:3165,16:3253,17:3422,18:3452,19:3552,20:3675,21:3841,22:3903,23:3961,24:2901,25:3031,26:3142,27:3168,28:3281,29:3383,30:3476,31:3602,32:3735,33:3829,34:3911,35:3951,36:2871,37:2989,38:3078,39:3168,40:3337,41:3404,42:3453,43:3614,44:3719,45:3822,46:3876,47:4001,48:2900,49:3006,50:3080,51:3172,52:3274,53:3395,54:3463,55:3624,56:3653,57:3750,58:3879,59:3982,60:2903,61:2958,62:3147,63:3204,64:3275,65:3395,66:3453,67:3632,68:3713,69:3795,70:3872,71:3999,72:2890,73:3014,74:3131,75:3156,76:3298,77:3444,78:3496,79:3561,80:3679,81:3785,82:3948,83:4003,84:2871,85:2982,86:3115,87:3235,88:3333,89:3416,90:3520,91:3558,92:3654,93:3839,94:3884,95:4014,96:2878,97:2953,98:3136,99:3202,100:3252,101:3437,102:3480,103:3590,104:3666,105:3778,106:3922,107:3978,108:2906,109:2963,110:3124,111:3235,112:3277,113:3381,114:3542,115:3613,116:3654,117:3806,118:3932,119:3957,120:2865,121:3019,122:3089,123:3237,124:3260,125:3390,126:3467,127:3629,128:3702,129:3793,130:3886,131:3967,132:2936,133:2959,134:3133,135:3223,136:3267,137:3441,138:3532,139:3555,140:3705,141:3802,142:3932,143:4025,144:2911,145:2960,146:3141,147:3196,148:3347,149:3380,150:3512,151:3593,152:3719,153:3774,154:3873,155:4012,156:2869,157:3017,158:3086,159:3200,160:3270,161:3381,162:3468,163:3586,164:3719,165:3794,166:3866,167:3968,168:2943,169:2965,170:3128,171:3162,172:3293,173:3350,174:3544,175:3588,176:3668,177:3795,178:3908,179:3986,180:2949,181:2969,182:3131,183:3216,184:3296,185:3435,186:3548,187:3559,188:3741,189:3818,190:3914,191:3970,192:2919,193:2962,194:3063,195:3222,196:3289,197:3399,198:3475,199:3603,200:3749,201:3836,202:3868,203:4019,204:2918,205:2974,206:3100,207:3175,208:3301,209:3364,210:3523,211:3595,212:3694,213:3790,214:3929,215:4019,216:2884,217:2965,218:3060,219:3207,220:3283,221:3438,222:3519,223:3563,224:3678,225:3816,226:3926,227:4000,228:2918,229:2976,230:3107,231:3172,232:3272,233:3388,234:3492,235:3584,236:3719,237:3784,238:3930,239:4033,240:2929,241:3011,242:3138,243:3225,244:3332,245:3420,246:3504,247:3642,248:3693,249:3821,250:3850,251:4033,252:2882,253:2950,254:3114,255:3196,256:3269,257:3441,258:3526,259:3610,260:3651,261:3828,262:3857,263:4023,264:2864,265:3012,266:3130,267:3188,268:3280,269:3429,270:3463,271:3620,272:3709,273:3814,274:3931,275:3950,276:2872,277:2965,278:3071,279:3229,280:3306,281:3403,282:3534,283:3599,284:3738,285:3808,286:3888,287:3960,288:2850,289:3040,290:3079,291:3181,292:3279,293:3427,294:3528,295:3634,296:3683,297:3839,298:3937,299:3993,300:2862,301:3036,302:3113,303:3163,304:3315,305:3378,306:3489,307:3602,308:3675,309:3774,310:3937,311:3995,312:2885,313:2981,314:3094,315:3223,316:3348,317:3425,318:3458,319:3565,320:3671,321:3777,322:3877,323:3970,324:2898,325:2979,326:3062,327:3176,328:3342,329:3401,330:3515,331:3627,332:3664,333:3760,334:3923,335:3954,336:2902,337:2997,338:3086,339:3158,340:3344,341:3378,342:3465,343:3590,344:3693,345:3778,346:3929,347:4036,348:2931,349:3033,350:3097,351:3210,352:3314,353:3416,354:3522,355:3642,356:3672,357:3776,358:3851,359:4036
0:2865,1:3032,2:3126,3:3230,4:3346,5:3359,6:3489,7:3551,8:3667,9:3774,10:3934,11:4004,12:2921,13:3017,14:3093,15:3196,16:3294,17:3403,18:3513,19:3575,20:3671,21:3752,22:3946,23:3996,24:2940,25:3032,26:3108,27:3227,28:3303,29:3371,30:3511,31:3596,32:3724,33:3795,34:3938,35:3985,36:2947,37:3028,38:3104,39:3196,40:3283,41:3384,42:3535,43:3628,44:3661,45:3805,46:3899,47:3950,48:2865,49:2992,50:3092,51:3163,52:3251,53:3435,54:3492,55:3619,56:3669,57:3798,58:3918,59:3971,60:2897,61:2963,62:3089,63:3236,64:3269,65:3411,66:3479,67:3558,68:3653,69:3848,70:3941,71:4044,72:2877,73:2971,74:3146,75:3217,76:3269,77:3400,78:3525,79:3575,80:3684,81:3780,82:3877,83:3967,84:2862,85:2983,86:3124,87:3181,88:3307,89:3352,90:3462,91:3584,92:3722,93:3770,94:3854,95:3973,96:2889,97:3045,98:3134,99:3230,100:3344,101:3394,102:3515,103:3600,104:3717,105:3841,106:3896,107:3980,108:2872,109:2989,110:3101,111:3151,112:3262,113:3372,114:3547,115:3617,116:3688,117:3766,118:3943,119:4037,120:2855,121:3003,122:3080,123:3233,124:3310,125:3415,126:3503,127:3553,128:3653,129:3777,130:3883,131:3975,132:2945,133:2978,134:3067,135:3196,136:3300,137:3395,138:3483,139:3563,140:3699,141:3752,142:3945,143:3974,144:2916,145:2973,146:3097,147:3168,148:3299,149:3360,150:3464,151:3604,152:3692,153:3769,154:3925,155:3975,156:2860,157:3024,158:3145,159:3160,160:3337,161:3424,162:3479,163:3573,164:3693,165:3751,166:3888,167:3955,168:2857,169:3003,170:3069,171:3194,172:3336,173:3428,174:3483,175:3631,176:3720,177:3784,178:3875,179:3992,180:2931,181:2977,182:3105,183:3229,184:3260,185:3385,186:3458,187:3629,188:3679,189:3823,190:3918,191:3956,192:2912,193:3010,194:3061,195:3152,196:3305,197:3402,198:3525,199:3634,200:3696,201:3756,202:3891,203:3987,204:2921,205:3034,206:3050,207:3246,208:3281,209:3413,210:3463,211:3611,212:3745,213:3841,214:3943,215:4005,216:2929,217:3028,218:3062,219:3159,220:3348,221:3425,222:3491,223:3594,224:3689,225:3751,226:3906,227:3996,228:2913,229:3043,230:3090,231:3243,232:3262,233:3431,234:3503,235:3566,236:3689,237:3757,238:3863,239:3980,240:2922,241:3014,242:3087,243:3224,244:3341,245:3431,246:3490,247:3577,248:3715,249:3812,250:3858,251:3986,252:2893,253:2967,254:3141,255:3216,256:3301,257:3411,258:3516,259:3613,260:3657,261:3792,262:3923,263:3964,264:2862,265:3006,266:3115,267:3224,268:3268,269:3399,270:3529,271:3643,272:3655,273:3792,274:3941,275:4046,276:2931,277:2965,278:3144,279:3191,280:3278,281:3407,282:3458,283:3631,284:3740,285:3829,286:3860,287:3963,288:2865,289:3023,290:3131,291:3244,292:3345,293:3431,294:3467,295:3636,296:3742,297:3806,298:3931,299:4001,300:2947,301:2976,302:3092,303:3230,304:3339,305:3376,306:3492,307:3635,308:3709,309:3846,310:3896,311:3967,312:2919,313:3030,314:3102,315:3169,316:3326,317:3439,318:3534,319:3587,320:3728,321:3766,322:3934,323:4001,324:2936,325:2952,326:3138,327:3222,328:3258,329:3449,330:3454,331:3578,332:3740,333:3804,334:3861,335:3966,336:2855,337:2974,338:3066,339:3162,340:3258,341:3378,342:3519,343:3585,344:3667,345:3775,346:3850,347:3960,348:2888,349:3047,350:3077,351:3210,352:3330,353:3416,354:3542,355:3642,356:3655,357:3805,358:3879,359:4021
0:2914,1:2956,2:3126,3:3158,4:3281,5:3416,6:3462,7:3560,8:3744,9:3806,10:3936,11:4042,12:2933,13:3044,14:3128,15:3179,16:3266,17:3431,18:3487,19:3582,20:3722,21:3811,22:3949,23:3960,24:2918,25:2958,26:3112,27:3222,28:3264,29:3429,30:3542,31:3644,32:3743,33:3838,34:3866,35:4037,36:2919,37:3036,38:3056,39:3164,40:3250,41:3441,42:3515,43:3563,44:3743,45:3774,46:3914,47:3970,48:2889,49:2960,50:3110,51:3183,52:3309,53:3354,54:3526,55:3641,56:3741,57:3847,58:3910,59:4046,60:2903,61:3019,62:3080,63:3191,64:3287,65:3374,66:3470,67:3631,68:3737,69:3824,70:3871,71:4026,72:2855,73:3018,74:3102,75:3225,76:3283,77:3389,78:3458,79:3584,80:3737,81:3815,82:3894,83:3957,84:2900,85:3002,86:3104,87:3234,88:3306,89:3425,90:3508,91:3555,92:3653,93:3766,94:3882,95:4003,96:2886,97:2976,98:3137,99:3231,100:3311,101:3415,102:3458,103:3583,104:3690,105:3808,106:3900,107:3998,108:2858,109:2972,110:3073,111:3238,112:3328,113:3413,114:3529,115:3559,116:3654,117:3788,118:3870,119:3969,120:2855,121:3030,122:3052,123:3179,124:3308,125:3427,126:3499,127:3644,128:3706,129:3797,130:3947,131:3970,132:2873,133:2980,134:3127,135:3166,136:3324,137:3384,138:3514,139:3649,140:3703,141:3765,142:3854,143:4026,144:2864,145:3047,146:3072,147:3207,148:3326,149:3420,150:3482,151:3626,152:3696,153:3793,154:3853,155:3961,156:2906,157:3023,158:3087,159:3163,160:3294,161:3409,162:3519,163:3584,164:3705,165:3784,166:3873,167:3998,168:2871,169:3042,170:3111,171:3153,172:3338,173:3395,174:3494,175:3608,176:3712,177:3792,178:3908,179:3955,180:2855,181:3021,182:3100,183:3222,184:3311,185:3380,186:3457,187:3590,188:3714,189:3776,190:3925,191:4006,192:2930,193:2977,194:3106,195:3226,196:3313,197:3442,198:3487,199:3579,200:3698,201:3838,202:3869,203:3987,204:2868,205:3046,206:3127,207:3223,208:3337,209:3379,210:3488,211:3611,212:3668,213:3787,214:3908,215:4012,216:2876,217:2983,218:3145,219:3185,220:3347,221:3375,222:3525,223:3619,224:3696,225:3756,226:3864,227:4044,228:2946,229:2971,230:3051,231:3175,232:3260,233:3440,234:3500,235:3619,236:3729,237:3831,238:3917,239:4049,240:2931,241:2964,242:3142,243:3241,244:3313,245:3365,246:3541,247:3637,248:3729,249:3764,250:3857,251:4003,252:2923,253:2968,254:3149,255:3227,256:3287,257:3431,258:3495,259:3605,260:3699,261:3757,262:3857,263:3999,264:2916,265:2997,266:3068,267:3231,268:3265,269:3430,270:3467,271:3602,272:3657,273:3826,274:3903,275:3958,276:2933,277:3007,278:3078,279:3198,280:3286,281:3428,282:3502,283:3609,284:3708,285:3838,286:3892,287:4040,288:2917,289:3032,290:3112,291:3199,292:3305,293:3367,294:3489,295:3597,296:3726,297:3760,298:3913,299:4019,300:2850,301:3012,302:3099,303:3248,304:3275,305:3449,306:3480,307:3599,308:3671,309:3790,310:3897,311:4017,312:2946,313:3015,314:3123,315:3194,316:3298,317:3399,318:3506,319:3586,320:3725,321:3776,322:3873,323:4039,324:2916,325:3002,326:3103,327:3219,328:3285,329:3373,330:3545,331:3639,332:3696,333:3815,334:3887,335:4003,336:2897,337:2968,338:3075,339:3210,340:3300,341:3365,342:3488,343:3612,344:3720,345:3812,346:3927,347:3973,348:2850,349:3047,350:3090,351:3230,352:3334,353:3393,354:3471,355:3604,356:3736,357:3794,358:3864,359:4049
0:2921,1:2950,2:3142,3:3195,4:3293,5:3384,6:3519,7:3640,8:3712,9:3831,10:3889,11:3963,12:2878,13:3025,14:3110,15:3247,16:3263,17:3365,18:3494,19:3566,20:3668,21:3808,22:3882,23:3956,24:2932,25:2958,26:3064,27:3188,28:3283,29:3370,30:3537,31:3606,32:3670,33:3819,34:3862,35:3966,36:2944,37:3030,38:3070,39:3228,40:3251,41:3447,42:3464,43:3631,44:3735,45:3837,46:3866,47:4019,48:2863,49:2955,50:3133,51:3171,52:3306,53:3382,54:3451,55:3567,56:3734,57:3752,58:3921,59:4042,60:2922,61:2970,62:3052,63:3199,64:3314,65:3378,66:3516,67:3648,68:3733,69:3791,70:3852,71:3961,72:2868,73:3008,74:3064,75:3233,76:3284,77:3434,78:3499,79:3643,80:3670,81:3821,82:3908,83:4012,84:2859,85:2956,86:3076,87:3196,88:3255,89:3376,90:3498,91:3644,92:3735,93:3762,94:3947,95:3978,96:2852,97:2952,98:3076,99:3212,100:3306,101:3355,102:3471,103:3639,104:3705,105:3804,106:3866,107:3991,108:2905,109:3042,110:3123,111:3205,112:3316,113:3356,114:3545,115:3644,116:3688,117:3759,118:3946,119:3962,120:2880,121:3032,122:3087,123:3215,124:3330,125:3377,126:3456,127:3561,128:3729,129:3792,130:3927,131:4036,132:2942,133:3010,134:3117,135:3204,136:3328,137:3358,138:3459,139:3579,140:3701,141:3770,142:3919,143:3961,144:2881,145:2977,146:3144,147:3171,148:3337,149:3446,150:3462,151:3555,152:3657,153:3833,154:3872,155:3960,156:2901,157:3004,158:3119,159:3182,160:3311,161:3387,162:3538,163:3579,164:3705,165:3811,166:3853,167:4020,168:2943,169:2951,170:3135,171:3211,172:3287,173:3419,174:3461,175:3553,176:3699,177:3752,178:3907,179:3975,180:2944,181:3006,182:3085,183:3175,184:3316,185:3444,186:3451,187:3593,188:3668,189:3802,190:3861,191:3973,192:2915,193:3023,194:3138,195:3210,196:3270,197:3373,198:3478,199:3649,200:3683,201:3763,202:3920,203:3962,204:2923,205:2954,206:3102,207:3239,208:3257,209:3375,210:3525,211:3622,212:3742,213:3787,214:3946,215:4032,216:2934,217:2993,218:3108,219:3175,220:3306,221:3420,222:3474,223:3552,224:3724,225:3805,226:3872,227:4047,228:2854,229:3044,230:3088,231:3200,232:3287,233:3415,234:3544,235:3646,236:3693,237:3784,238:3929,239:3996,240:2890,241:2984,242:3140,243:3183,244:3277,245:3426,246:3500,247:3614,248:3734,249:3786,250:3895,251:4015,252:2932,253:3028,254:3136,255:3153,256:3259,257:3406,258:3503,259:3622,260:3737,261:3803,262:3870,263:4017,264:2867,265:3005,266:3137,267:3223,268:3264,269:3374,270:3499,271:3552,272:3704,273:3836,274:3901,275:4036,276:2946,277:3045,278:3123,279:3185,280:3343,281:3369,282:3522,283:3593,284:3729,285:3835,286:3896,287:4028,288:2852,289:3047,290:3080,291:3229,292:3295,293:3418,294:3549,295:3639,296:3678,297:3752,298:3878,299:4011,300:2880,301:2976,302:3064,303:3219,304:3319,305:3425,306:3498,307:3558,308:3681,309:3831,310:3876,311:3969,312:2864,313:3022,314:3137,315:3158,316:3323,317:3430,318:3472,319:3579,320:3720,321:3836,322:3890,323:3960,324:2923,325:3014,326:3095,327:3237,328:3328,329:3388,330:3506,331:3628,332:3687,333:3827,334:3947,335:4022,336:2913,337:2997,338:3116,339:3235,340:3343,341:3430,342:3547,343:3630,344:3717,345:3779,346:3865,347:3955,348:2873,349:2984,350:3126,351:3229,352:3286,353:3443,354:3471,355:3585,356:3738,357:3811,358:3940,359:3959
0:2921,1:2996,2:3106,3:3203,4:3258,5:3379,6:3464,7:3574,8:3691,9:3794,10:3946,11:4042,12:2852,13:2963,14:3145,15:3162,16:3298,17:3365,18:3498,19:3605,20:3677,21:3841,22:3918,23:4032,24:2900,25:2958,26:3092,27:3238,28:3272,29:3435,30:3500,31:3584,32:3693,33:3812,34:3901,35:4033,36:2929,37:2997,38:3057,39:3180,40:3324,41:3391,42:3515,43:3555,44:3692,45:3794,46:3863,47:3968,48:2863,49:3014,50:3052,51:3236,52:3251,53:3419,54:3529,55:3645,56:3693,57:3777,58:3864,59:4022,60:2898,61:2961,62:3115,63:3176,64:3295,65:3404,66:3467,67:3628,68:3701,69:3797,70:3936,71:4042,72:2866,73:3029,74:3088,75:3242,76:3280,77:3385,78:3527,79:3563,80:3699,81:3771,82:3892,83:3979,84:2932,85:3025,86:3057,87:3196,88:3260,89:3384,90:3510,91:3567,92:3737,93:3819,94:3904,95:4032,96:2932,97:3033,98:3146,99:3173,100:3270,101:3366,102:3500,103:3615,104:3706,105:3836,106:3901,107:4040,108:2897,109:3024,110:3095,111:3229,112:3267,113:3375,114:3500,115:3632,116:3686,117:3812,118:3861,119:3989,120:2893,121:2969,122:3071,123:3189,124:3321,125:3390,126:3499,127:3637,128:3678,129:3818,130:3868,131:4002,132:2897,133:2995,134:3115,135:3228,136:3331,137:3383,138:3477,139:3583,140:3730,141:3770,142:3948,143:4022,144:2928,145:3038,146:3052,147:3226,148:3305,149:3421,150:3493,151:3626,152:3684,153:3765,154:3943,155:3987,156:2920,157:2975,158:3144,159:3192,160:3330,161:3382,162:3544,163:3610,164:3650,165:3784,166:3850,167:3998,168:2865,169:3026,170:3084,171:3196,172:3305,173:3395,174:3519,175:3594,176:3743,177:3834,178:3871,179:3985,180:2914,181:2993,182:3094,183:3246,184:3265,185:3412,186:3453,187:3579,188:3662,189:3756,190:3925,191:3987,192:2877,193:3033,194:3101,195:3162,196:3334,197:3378,198:3538,199:3615,200:3656,201:3809,202:3896,203:3958,204:2897,205:2954,206:3142,207:3191,208:3342,209:3406,210:3460,211:3632,212:3673,213:3818,214:3920,215:4042,216:2917,217:2990,218:3148,219:3206,220:3330,221:3370,222:3543,223:3626,224:3661,225:3836,226:3883,227:3968,228:2874,229:2953,230:3072,231:3167,232:3309,233:3426,234:3485,235:3631,236:3667,237:3786,238:3853,239:3995,240:2867,241:2999,242:3125,243:3154,244:3279,245:3383,246:3484,247:3635,248:3688,249:3802,250:3852,251:3982,252:2898,253:2980,254:3075,255:3194,256:3259,257:3413,258:3549,259:3554,260:3715,261:3813,262:3915,263:3954,264:2918,265:3005,266:3128,267:3230,268:3347,269:3393,270:3523,271:3575,272:3742,273:3771,274:3864,275:3977,276:2932,277:2984,278:3146,279:3157,280:3334,281:3385,282:3504,283:3563,284:3741,285:3807,286:3945,287:4011,288:2932,289:3040,290:3058,291:3211,292:3259,293:3429,294:3461,295:3551,296:3727,297:3815,298:3934,299:4011,300:2941,301:2993,302:3105,303:3197,304:3271,305:3372,306:3470,307:3635,308:3663,309:3759,310:3945,311:4006,312:2869,313:3047,314:3057,315:3192,316:3275,317:3369,318:3452,319:3607,320:3700,321:3819,322:3889,323:3976,324:2909,325:2974,326:3106,327:3223,328:3308,329:3390,330:3525,331:3578,332:3741,333:3780,334:3867,335:4046,336:2931,337:3038,338:3129,339:3192,340:3336,341:3405,342:3546,343:3639,344:3667,345:3802,346:3886,347:4023,348:2946,349:2964,350:3083,351:3230,352:3322,353:3435,354:3461,355:3619,356:3718,357:3820,358:3876,359:4022
0:2928,1:2985,2:3147,3:3212,4:3285,5:3435,6:3535,7:3583,8:3659,9:3811,10:3851,11:4005,12:2888,13:2956,14:3094,15:3197,16:3271,17:3379,18:3498,19:3626,20:3726,21:3832,22:3894,23:4031,24:2949,25:2962,26:3148,27:3246,28:3289,29:3388,30:3481,31:3560,32:3718,33:3751,34:3863,35:4028,36:2931,37:3039,38:3093,39:3236,40:3341,41:3416,42:3507,43:3625,44:3716,45:3823,46:3880,47:3969,48:2942,49:2954,50:3107,51:3210,52:3338,53:3365,54:3474,55:3572,56:3672,57:3757,58:3942,59:3951,60:2894,61:2984,62:3078,63:3151,64:3312,65:3377,66:3548,67:3649,68:3691,69:3846,70:3856,71:4025,72:2889,73:2979,74:3121,75:3176,76:3261,77:3361,78:3466,79:3557,80:3704,81:3807,82:3897,83:4033,84:2919,85:2985,86:3101,87:3197,88:3297,89:3379,90:3521,91:3612,92:3662,93:3760,94:3898,95:3957,96:2861,97:3030,98:3090,99:3219,100:3284,101:3426,102:3530,103:3604,104:3689,105:3849,106:3924,107:4043,108:2919,109:2988,110:3092,111:3215,112:3331,113:3390,114:3480,115:3615,116:3744,117:3790,118:3933,119:4035,120:2894,121:2995,122:3129,123:3202,124:3268,125:3382,126:3536,127:3616,128:3668,129:3752,130:3930,131:3958,132:2928,133:3040,134:3063,135:3153,136:3337,137:3433,138:3461,139:3640,140:3653,141:3772,142:3877,143:4034,144:2863,145:3019,146:3110,147:3227,148:3312,149:3423,150:3533,151:3624,152:3655,153:3846,154:3864,155:4038,156:2940,157:3027,158:3121,159:3191,160:3273,161:3427,162:3522,163:3606,164:3663,165:3821,166:3948,167:4005,168:2862,169:3016,170:3109,171:3182,172:3341,173:3363,174:3455,175:3645,176:3731,177:3799,178:3927,179:3963,180:2865,181:3045,182:3136,183:3171,184:3280,185:3442,186:3485,187:3552,188:3714,189:3761,190:3883,191:3952,192:2850,193:2977,194:3125,195:3153,196:3348,197:3373,198:3490,199:3559,200:3744,201:3768,202:3890,203:3997,204:2897,205:3020,206:3072,207:3168,208:3260,209:3414,210:3523,211:3636,212:3661,213:3772,214:3893,215:4017,216:2904,217:2989,218:3132,219:3191,220:3288,221:3357,222:3503,223:3632,224:3737,225:3762,226:3871,227:3978,228:2882,229:3049,230:3064,231:3184,232:3309,233:3417,234:3491,235:3592,236:3704,237:3757,238:3853,239:3953,240:2860,241:2982,242:3095,243:3180,244:3283,245:3417,246:3543,247:3597,248:3679,249:3812,250:3897,251:3976,252:2854,253:3015,254:3065,255:3233,256:3349,257:3409,258:3502,259:3648,260:3696,261:3785,262:3857,263:4009,264:2899,265:2983,266:3061,267:3156,268:3277,269:3438,270:3456,271:3648,272:3725,273:3801,274:3931,275:4015,276:2914,277:2952,278:3070,279:3161,280:3296,281:3396,282:3514,283:3572,284:3735,285:3834,286:3934,287:3984,288:2854,289:2976,290:3143,291:3171,292:3339,293:3438,294:3469,295:3619,296:3715,297:3788,298:3940,299:4007,300:2947,301:3007,302:3112,303:3211,304:3301,305:3363,306:3461,307:3616,308:3734,309:3764,310:3891,311:4003,312:2913,313:3006,314:3126,315:3176,316:3329,317:3390,318:3450,319:3590,320:3688,321:3794,322:3875,323:4002,324:2922,325:3031,326:3099,327:3238,328:3304,329:3381,330:3542,331:3572,332:3690,333:3848,334:3883,335:3969,336:2881,337:3001,338:3102,339:3231,340:3303,341:3397,342:3527,343:3614,344:3679,345:3848,346:3862,347:4011,348:2899,349:3035,350:3062,351:3227,352:3326,353:3405,354:3485,355:3571,356:3684,357:3847,358:3851,359:3990
0:2927,1:3003,2:3123,3:3168,4:3287,5:3364,6:3516,7:3649,8:3695,9:3842,10:3860,11:4023,12:2930,13:2998,14:3075,15:3192,16:3308,17:3422,18:3488,19:3629,20:3732,21:3798,22:3891,23:4048,24:2873,25:3039,26:3142,27:3246,28:3341,29:3435,30:3535,31:3571,32:3731,33:3785,34:3870,35:4036,36:2936,37:3005,38:3074,39:3222,40:3294,41:3448,42:3545,43:3562,44:3664,45:3781,46:3906,47:3964,48:2937,49:2995,50:3119,51:3241,52:3317,53:3413,54:3547,55:3568,56:3654,57:3841,58:3887,59:3974,60:2878,61:2953,62:3123,63:3153,64:3289,65:3422,66:3496,67:3587,68:3692,69:3795,70:3874,71:3957,72:2903,73:2981,74:3079,75:3214,76:3313,77:3430,78:3487,79:3563,80:3670,81:3802,82:3876,83:3973,84:2851,85:3032,86:3062,87:3168,88:3255,89:3361,90:3497,91:3621,92:3678,93:3757,94:3868,95:3963,96:2929,97:3004,98:3117,99:3207,100:3253,101:3409,102:3547,103:3616,104:3707,105:3786,106:3884,107:3967,108:2873,109:2962,110:3086,111:3183,112:3347,113:3403,114:3487,115:3567,116:3703,117:3848,118:3858,119:4001,120:2865,121:2990,122:3127,123:3173,124:3283,125:3352,126:3472,127:3566,128:3733,129:3784,130:3939,131:3982,132:2898,133:3001,134:3096,135:3204,136:3340,137:3427,138:3451,139:3585,140:3676,141:3826,142:3900,143:3967,144:2936,145:2973,146:3124,147:3165,148:3263,149:3406,150:3472,151:3564,152:3706,153:3760,154:3864,155:3983,156:2910,157:2959,158:3128,159:3221,160:3265,161:3377,162:3525,163:3640,164:3734,165:3841,166:3940,167:3980,168:2901,169:3048,170:3057,171:3166,172:3340,173:3396,174:3455,175:3612,176:3717,177:3785,178:3868,179:3950,180:2891,181:2963,182:3125,183:3210,184:3326,185:3352,186:3545,187:3601,188:3725,189:3820,190:3942,191:4030,192:2935,193:3027,194:3076,195:3189,196:3282,197:3371,198:3529,199:3637,200:3691,201:3849,202:3913,203:3986,204:2930,205:2958,206:3085,207:3214,208:3310,209:3400,210:3491,211:3647,212:3690,213:3818,214:3915,215:3952,216:2921,217:3048,218:3090,219:3160,220:3253,221:3356,222:3517,223:3569,224:3685,225:3767,226:3869,227:4003,228:2869,229:2971,230:3067,231:3165,232:3272,233:3425,234:3499,235:3556,236:3719,237:3781,238:3889,239:3973,240:2948,241:3031,242:3135,243:3214,244:3269,245:3379,246:3546,247:3577,248:3684,249:3769,250:3900,251:4031,252:2853,253:3019,254:3082,255:3150,256:3293,257:3369,258:3547,259:3555,260:3701,261:3783,262:3890,263:4039,264:2939,265:3007,266:3108,267:3188,268:3340,269:3426,270:3505,271:3563,272:3669,273:3791,274:3896,275:4045,276:2915,277:2976,278:3064,279:3228,280:3274,281:3393,282:3465,283:3603,284:3739,285:3771,286:3944,287:4025,288:2881,289:2961,290:3094,291:3214,292:3271,293:3350,294:3548,295:3566,296:3713,297:3808,298:3866,299:4025,300:2873,301:2950,302:3103,303:3232,304:3340,305:3409,306:3518,307:3641,308:3706,309:3768,310:3899,311:4045,312:2917,313:3031,314:3120,315:3216,316:3341,317:3409,318:3457,319:3605,320:3711,321:3750,322:3911,323:3984,324:2851,325:3019,326:3081,327:3168,328:3298,329:3385,330:3471,331:3567,332:3746,333:3761,334:3862,335:3957,336:2872,337:3034,338:3097,339:3154,340:3328,341:3431,342:3473,343:3569,344:3730,345:3797,346:3930,347:3976,348:2910,349:3028,350:3107,351:3185,352:3286,353:3442,354:3527,355:3585,356:3726,357:3795,358:3901,359:4011
0:2938,1:2972,2:3078,3:3221,4:3257,5:3419,6:3537,7:3607,8:3709,9:3784,10:3889,11:4013,12:2938,13:2964,14:3147,15:3249,16:3323,17:3361,18:3531,19:3572,20:3714,21:3757,22:3898,23:4001,24:2902,25:2974,26:3110,27:3190,28:3279,29:3350,30:3483,31:3605,32:3671,33:3778,34:3911,35:4022,36:2929,37:2986,38:3056,39:3173,40:3296,41:3432,42:3548,43:3630,44:3697,45:3832,46:3886,47:3982,48:2916,49:3041,50:3103,51:3187,52:3258,53:3362,54:3457,55:3610,56:3655,57:3767,58:3928,59:3960,60:2859,61:3037,62:3145,63:3197,64:3305,65:3395,66:3483,67:3635,68:3713,69:3791,70:3907,71:3964,72:2909,73:3045,74:3062,75:3246,76:3291,77:3366,78:3482,79:3621,80:3718,81:3750,82:3855,83:4036,84:2871,85:2987,86:3073,87:3224,88:3329,89:3366,90:3542,91:3587,92:3707,93:3808,94:3929,95:3984,96:2934,97:3029,98:3064,99:3191,100:3284,101:3362,102:3467,103:3573,104:3693,105:3770,106:3884,107:3968,108:2949,109:2978,110:3074,111:3172,112:3286,113:3448,114:3512,115:3644,116:3670,117:3836,118:3851,119:3952,120:2903,121:3038,122:3057,123:3183,124:3295,125:3404,126:3491,127:3637,128:3710,129:3768,130:3940,131:4047,132:2854,133:3037,134:3104,135:3216,136:3265,137:3420,138:3505,139:3644,140:3666,141:3828,142:3949,143:4008,144:2852,145:2973,146:3107,147:3189,148:3274,149:3424,150:3527,151:3627,152:3746,153:3784,154:3941,155:3993,156:2864,157:3003,158:3067,159:3248,160:3271,161:3424,162:3496,163:3579,164:3700,165:3762,166:3877,167:3971,168:2890,169:2991,170:3051,171:3189,172:3266,173:3390,174:3548,175:3616,176:3724,177:3793,178:3943,179:4049,180:2853,181:3014,182:3104,183:3176,184:3263,185:3388,186:3549,187:3572,188:3742,189:3842,190:3865,191:3990,192:2913,193:2991,194:3149,195:3231,196:3283,197:3422,198:3459,199:3636,200:3677,201:3779,202:3856,203:4021,204:2879,205:3044,206:3123,207:3236,208:3339,209:3414,210:3515,211:3604,212:3748,213:3820,214:3939,215:4012,216:2937,217:3004,218:3138,219:3175,220:3275,221:3396,222:3516,223:3562,224:3665,225:3771,226:3877,227:3960,228:2934,229:2975,230:3055,231:3230,232:3322,233:3393,234:3532,235:3613,236:3666,237:3792,238:3922,239:4019,240:2921,241:3013,242:3131,243:3184,244:3271,245:3360,246:3468,247:3617,248:3721,249:3814,250:3914,251:3995,252:2852,253:3037,254:3074,255:3195,256:3334,257:3436,258:3491,259:3628,260:3746,261:3842,262:3918,263:3951,264:2867,265:3049,266:3106,267:3197,268:3307,269:3402,270:3478,271:3575,272:3671,273:3806,274:3927,275:4034,276:2928,277:3024,278:3051,279:3195,280:3325,281:3429,282:3489,283:3646,284:3702,285:3786,286:3886,287:3984,288:2935,289:3028,290:3081,291:3195,292:3260,293:3419,294:3519,295:3646,296:3668,297:3849,298:3941,299:3970,300:2945,301:3036,302:3096,303:3210,304:3266,305:3427,306:3538,307:3638,308:3667,309:3796,310:3862,311:3992,312:2943,313:2986,314:3110,315:3230,316:3254,317:3417,318:3470,319:3603,320:3706,321:3848,322:3853,323:4042,324:2860,325:3026,326:3059,327:3163,328:3290,329:3389,330:3545,331:3568,332:3657,333:3839,334:3902,335:4049,336:2884,337:3039,338:3130,339:3169,340:3308,341:3374,342:3465,343:3569,344:3671,345:3755,346:3913,347:3994,348:2892,349:3008,350:3095,351:3239,352:3341,353:3360,354:3450,355:3602,356:3736,357:3785,358:3870,359:3986
0:2852,1:2990,2:3147,3:3204,4:3309,5:3355,6:3535,7:3638,8:3694,9:3783,10:3877,11:4044,12:2921,13:3027,14:3122,15:3185,16:3327,17:3429,18:3518,19:3632,20:3722,21:3761,22:3906,23:4033,24:2923,25:3008,26:3081,27:3155,28:3270,29:3403,30:3493,31:3569,32:3654,33:3790,34:3871,35:3957,36:2921,37:3010,38:3133,39:3249,40:3303,41:3386,42:3524,43:3613,44:3663,45:3781,46:3918,47:4046,48:2921,49:3040,50:3099,51:3228,52:3261,53:3422,54:3450,55:3601,56:3658,57:3754,58:3881,59:4023,60:2875,61:3012,62:3102,63:3215,64:3329,65:3364,66:3493,67:3567,68:3749,69:3822,70:3873,71:3954,72:2938,73:2972,74:3113,75:3167,76:3347,77:3428,78:3481,79:3564,80:3730,81:3758,82:3947,83:4033,84:2923,85:3038,86:3124,87:3219,88:3327,89:3378,90:3463,91:3615,92:3673,93:3808,94:3945,95:4033,96:2891,97:3003,98:3067,99:3188,100:3319,101:3356,102:3482,103:3596,104:3696,105:3780,106:3892,107:4008,108:2923,109:3009,110:3141,111:3177,112:3338,113:3443,114:3467,115:3624,116:3739,117:3788,118:3920,119:3978,120:2898,121:3027,122:3121,123:3167,124:3290,125:3380,126:3459,127:3592,128:3654,129:3822,130:3879,131:4005,132:2859,133:3047,134:3068,135:3173,136:3256,137:3377,138:3454,139:3557,140:3652,141:3785,142:3867,143:3952,144:2943,145:2953,146:3128,147:3181,148:3336,149:3384,150:3528,151:3553,152:3717,153:3838,154:3862,155:3970,156:2864,157:2958,158:3125,159:3239,160:3349,161:3398,162:3474,163:3633,164:3736,165:3791,166:3926,167:3999,168:2937,169:3017,170:3094,171:3240,172:3268,173:3400,174:3464,175:3551,176:3697,177:3776,178:3860,179:4047,180:2915,181:3031,182:3122,183:3158,184:3323,185:3436,186:3536,187:3647,188:3654,189:3807,190:3944,191:4036,192:2919,193:3009,194:3123,195:3195,196:3258,197:3410,198:3481,199:3641,200:3738,201:3825,202:3896,203:3962,204:2892,205:3031,206:3096,207:3164,208:3300,209:3444,210:3541,211:3571,212:3719,213:3787,214:3906,215:4014,216:2871,217:2952,218:3120,219:3163,220:3285,221:3408,222:3531,223:3577,224:3739,225:3773,226:3948,227:3959,228:2858,229:3037,230:3114,231:3187,232:3339,233:3384,234:3480,235:3633,236:3651,237:3794,238:3880,239:4011,240:2878,241:3044,242:3062,243:3208,244:3315,245:3446,246:3508,247:3588,248:3664,249:3827,250:3869,251:4035,252:2868,253:2986,254:3078,255:3212,256:3270,257:3375,258:3455,259:3646,260:3664,261:3841,262:3908,263:3964,264:2930,265:2975,266:3101,267:3217,268:3276,269:3442,270:3471,271:3638,272:3685,273:3810,274:3898,275:3969,276:2874,277:2960,278:3066,279:3208,280:3301,281:3384,282:3510,283:3638,284:3671,285:3779,286:3870,287:3953,288:2941,289:3031,290:3131,291:3156,292:3302,293:3413,294:3517,295:3608,296:3744,297:3793,298:3924,299:4008,300:2901,301:3008,302:3066,303:3230,304:3252,305:3412,306:3544,307:3599,308:3668,309:3767,310:3941,311:3997,312:2905,313:2998,314:3112,315:3232,316:3340,317:3432,318:3457,319:3628,320:3694,321:3750,322:3920,323:4020,324:2919,325:2986,326:3102,327:3197,328:3337,329:3449,330:3529,331:3564,332:3684,333:3787,334:3938,335:4029,336:2933,337:2972,338:3080,339:3217,340:3327,341:3399,342:3507,343:3572,344:3677,345:3802,346:3949,347:4035,348:2902,349:3037,350:3103,351:3184,352:3285,353:3366,354:3460,355:3584,356:3664,357:3758,358:3881,359:3951
0:2887,1:2999,2:3076,3:3195,4:3342,5:3447,6:3474,7:3607,8:3722,9:3821,10:3887,11:4034,12:2908,13:2972,14:3119,15:3214,16:3275,17:3373,18:3494,19:3603,20:3650,21:3837,22:3859,23:3972,24:2859,25:3036,26:3139,27:3235,28:3288,29:3374,30:3533,31:3564,32:3714,33:3820,34:3919,35:4003,36:2901,37:3045,38:3141,39:3211,40:3282,41:3370,42:3536,43:3622,44:3714,45:3837,46:3858,47:4007,48:2856,49:2978,50:3090,51:3187,52:3292,53:3388,54:3520,55:3646,56:3704,57:3826,58:3857,59:3993,60:2916,61:3014,62:3091,63:3198,64:3316,65:3391,66:3525,67:3568,68:3745,69:3796,70:3941,71:4025,72:2885,73:2969,74:3108,75:3199,76:3280,77:3395,78:3481,79:3577,80:3698,81:3795,82:3865,83:3980,84:2947,85:3003,86:3090,87:3198,88:3294,89:3375,90:3465,91:3640,92:3682,93:3756,94:3926,95:3953,96:2941,97:3008,98:3135,99:3204,100:3326,101:3400,102:3464,103:3561,104:3690,105:3796,106:3862,107:3958,108:2901,109:3023,110:3086,111:3193,112:3296,113:3371,114:3534,115:3553,116:3655,117:3811,118:3856,119:4036,120:2911,121:2953,122:3144,123:3205,124:3330,125:3389,126:3523,127:3564,128:3673,129:3829,130:3854,131:3989,132:2933,133:2966,134:3065,135:3196,136:3330,137:3362,138:3454,139:3572,140:3738,141:3824,142:3851,143:3971,144:2903,145:3035,146:3084,147:3202,148:3286,149:3392,150:3470,151:3630,152:3681,153:3844,154:3938,155:4032,156:2907,157:2959,158:3052,159:3208,160:3344,161:3421,162:3503,163:3626,164:3654,165:3768,166:3889,167:4046,168:2908,169:3026,170:3138,171:3247,172:3347,173:3363,174:3469,175:3579,176:3652,177:3799,178:3896,179:3978,180:2861,181:2953,182:3146,183:3217,184:3267,185:3399,186:3499,187:3633,188:3680,189:3842,190:3879,191:3957,192:2883,193:2952,194:3121,195:3191,196:3266,197:3436,198:3492,199:3585,200:3660,201:3787,202:3866,203:4025,204:2899,205:3046,206:3088,207:3181,208:3298,209:3437,210:3468,211:3585,212:3707,213:3796,214:3931,215:3980,216:2947,217:3012,218:3071,219:3166,220:3283,221:3396,222:3462,223:3639,224:3662,225:3795,226:3892,227:3973,228:2938,229:2987,230:3097,231:3245,232:3349,233:3444,234:3454,235:3550,236:3669,237:3772,238:3897,239:4021,240:2861,241:2986,242:3069,243:3153,244:3255,245:3387,246:3458,247:3566,248:3691,249:3772,250:3874,251:3973,252:2916,253:3001,254:3092,255:3249,256:3303,257:3388,258:3462,259:3647,260:3747,261:3847,262:3865,263:3963,264:2908,265:3004,266:3050,267:3174,268:3281,269:3431,270:3485,271:3599,272:3748,273:3804,274:3941,275:3974,276:2878,277:2953,278:3119,279:3174,280:3342,281:3430,282:3474,283:3587,284:3672,285:3789,286:3865,287:4027,288:2900,289:3021,290:3067,291:3219,292:3322,293:3436,294:3463,295:3638,296:3662,297:3751,298:3938,299:3989,300:2930,301:3022,302:3118,303:3221,304:3300,305:3431,306:3501,307:3638,308:3669,309:3760,310:3927,311:3983,312:2943,313:2994,314:3117,315:3208,316:3289,317:3400,318:3492,319:3587,320:3715,321:3754,322:3940,323:3973,324:2887,325:3000,326:3100,327:3181,328:3295,329:3369,330:3468,331:3639,332:3679,333:3791,334:3904,335:3982,336:2896,337:3008,338:3128,339:3229,340:3275,341:3418,342:3532,343:3562,344:3653,345:3821,346:3871,347:4023,348:2899,349:2982,350:3063,351:3168,352:3278,353:3392,354:3481,355:3602,356:3676,357:3752,358:3904,359:4019
0:2949,1:2979,2:3104,3:3246,4:3270,5:3398,6:3474,7:3592,8:3667,9:3805,10:3877,11:4024,12:2941,13:2996,14:3068,15:3164,16:3263,17:3404,18:3466,19:3594,20:3658,21:3752,22:3948,23:4031,24:2905,25:2980,26:3136,27:3175,28:3317,29:3382,30:3543,31:3577,32:3730,33:3806,34:3933,35:3951,36:2884,37:2977,38:3055,39:3176,40:3257,41:3356,42:3512,43:3587,44:3662,45:3780,46:3876,47:3957,48:2921,49:2960,50:3120,51:3221,52:3306,53:3432,54:3502,55:3570,56:3700,57:3830,58:3920,59:3996,60:2895,61:3049,62:3071,63:3233,64:3305,65:3392,66:3520,67:3561,68:3737,69:3776,70:3938,71:4009,72:2948,73:3042,74:3105,75:3153,76:3318,77:3423,78:3491,79:3630,80:3700,81:3805,82:3877,83:4001,84:2909,85:3031,86:3068,87:3168,88:3310,89:3383,90:3531,91:3567,92:3672,93:3845,94:3938,95:4021,96:2887,97:3048,98:3137,99:3171,100:3291,101:3372,102:3488,103:3646,104:3666,105:3848,106:3899,107:4007,108:2934,109:3028,110:3127,111:3240,112:3333,113:3377,114:3482,115:3582,116:3693,117:3832,118:3938,119:4031,120:2917,121:3023,122:3125,123:3172,124:3329,125:3414,126:3511,127:3620,128:3671,129:3762,130:3948,131:3964,132:2940,133:2984,134:3131,135:3178,136:3286,137:3430,138:3488,139:3576,140:3678,141:3846,142:3912,143:3979,144:2895,145:3049,146:3133,147:3231,148:3305,149:3365,150:3535,151:3641,152:3714,153:3824,154:3855,155:3953,156:2922,157:3022,158:3112,159:3212,160:3310,161:3383,162:3510,163:3603,164:3662,165:3798,166:3908,167:4035,168:2869,169:3005,170:3142,171:3175,172:3297,173:3368,174:3469,175:3633,176:3735,177:3772,178:3875,179:3994,180:2858,181:3031,182:3089,183:3195,184:3273,185:3367,186:3529,187:3642,188:3726,189:3818,190:3941,191:4048,192:2887,193:2953,194:3057,195:3166,196:3346,197:3385,198:3488,199:3624,200:3736,201:3830,202:3883,203:4047,204:2860,205:3044,206:3069,207:3209,208:3336,209:3432,210:3536,211:3568,212:3720,213:3776,214:3891,215:4049,216:2873,217:2967,218:3146,219:3191,220:3272,221:3381,222:3478,223:3616,224:3730,225:3760,226:3895,227:3993,228:2921,229:3001,230:3108,231:3245,232:3343,233:3352,234:3507,235:3603,236:3679,237:3771,238:3906,239:4018,240:2920,241:3030,242:3065,243:3207,244:3271,245:3364,246:3516,247:3589,248:3655,249:3804,250:3875,251:3956,252:2937,253:3005,254:3122,255:3238,256:3250,257:3392,258:3477,259:3603,260:3738,261:3758,262:3871,263:3991,264:2879,265:3014,266:3141,267:3233,268:3317,269:3375,270:3500,271:3631,272:3717,273:3833,274:3854,275:4037,276:2863,277:3041,278:3077,279:3193,280:3268,281:3372,282:3500,283:3603,284:3744,285:3793,286:3865,287:3999,288:2911,289:3013,290:3069,291:3217,292:3271,293:3408,294:3508,295:3615,296:3662,297:3783,298:3949,299:4011,300:2903,301:2962,302:3098,303:3150,304:3335,305:3390,306:3452,307:3591,308:3689,309:3784,310:3875,311:3968,312:2867,313:2987,314:3056,315:3190,316:3347,317:3369,318:3535,319:3612,320:3716,321:3791,322:3850,323:3954,324:2920,325:2987,326:3114,327:3238,328:3315,329:3350,330:3533,331:3617,332:3707,333:3826,334:3941,335:4046,336:2919,337:3003,338:3127,339:3154,340:3330,341:3352,342:3452,343:3632,344:3654,345:3835,346:3930,347:3962,348:2900,349:3043,350:3120,351:3221,352:3298,353:3420,354:3534,355:3645,356:3705,357:3766,358:3870,359:4039
0:2859,1:3045,2:3073,3:3207,4:3279,5:3351,6:3475,7:3556,8:3691,9:3835,10:3944,11:3971,12:2881,13:3000,14:3144,15:3184,16:3340,17:3424,18:3454,19:3602,20:3729,21:3805,22:3905,23:4031,24:2883,25:3042,26:3053,27:3162,28:3267,29:3384,30:3527,31:3598,32:3658,33:3787,34:3898,35:4030,36:2923,37:2978,38:3083,39:3167,40:3279,41:3448,42:3475,43:3605,44:3710,45:3774,46:3890,47:4037,48:2927,49:3014,50:3070,51:3216,52:3280,53:3422,54:3472,55:3638,56:3743,57:3832,58:3896,59:3967,60:2856,61:2970,62:3144,63:3174,64:3329,65:3428,66:3469,67:3600,68:3685,69:3770,70:3868,71:3979,72:2885,73:2983,74:3068,75:3182,76:3298,77:3444,78:3492,79:3619,80:3655,81:3807,82:3903,83:3975,84:2936,85:2966,86:3096,87:3219,88:3328,89:3448,90:3547,91:3568,92:3741,93:3830,94:3885,95:4008,96:2859,97:3031,98:3091,99:3180,100:3255,101:3392,102:3508,103:3614,104:3702,105:3800,106:3910,107:4042,108:2934,109:2975,110:3098,111:3223,112:3280,113:3385,114:3535,115:3645,116:3712,117:3845,118:3911,119:4008,120:2891,121:2954,122:3127,123:3232,124:3333,125:3376,126:3513,127:3628,128:3734,129:3794,130:3941,131:4001,132:2901,133:3034,134:3126,135:3164,136:3288,137:3435,138:3496,139:3583,140:3737,141:3765,142:3901,143:4029,144:2908,145:3041,146:3093,147:3169,148:3302,149:3387,150:3496,151:3646,152:3678,153:3837,154:3873,155:3999,156:2923,157:3044,158:3131,159:3202,160:3322,161:3380,162:3520,163:3575,164:3694,165:3800,166:3904,167:4014,168:2873,169:2967,170:3083,171:3234,172:3259,173:3392,174:3467,175:3613,176:3669,177:3753,178:3879,179:4033,180:2905,181:2979,182:3113,183:3199,184:3294,185:3355,186:3534,187:3591,188:3713,189:3826,190:3869,191:4001,192:2900,193:3008,194:3108,195:3166,196:3262,197:3436,198:3476,199:3588,200:3662,201:3754,202:3922,203:3958,204:2860,205:3005,206:3136,207:3248,208:3310,209:3434,210:3521,211:3570,212:3659,213:3806,214:3889,215:4026,216:2867,217:2987,218:3072,219:3231,220:3349,221:3406,222:3536,223:3574,224:3742,225:3750,226:3913,227:3960,228:2895,229:3031,230:3065,231:3150,232:3269,233:3378,234:3524,235:3578,236:3743,237:3769,238:3932,239:4032,240:2907,241:2987,242:3071,243:3232,244:3267,245:3419,246:3514,247:3618,248:3703,249:3845,250:3938,251:3959,252:2858,253:2994,254:3096,255:3231,256:3322,257:3411,258:3450,259:3609,260:3730,261:3756,262:3939,263:4008,264:2935,265:2996,266:3103,267:3205,268:3308,269:3372,270:3501,271:3610,272:3658,273:3777,274:3899,275:3961,276:2916,277:2974,278:3078,279:3161,280:3316,281:3411,282:3511,283:3577,284:3714,285:3762,286:3922,287:3979,288:2918,289:2985,290:3099,291:3175,292:3251,293:3420,294:3508,295:3580,296:3683,297:3834,298:3907,299:4049,300:2919,301:3031,302:3065,303:3220,304:3345,305:3395,306:3507,307:3641,308:3689,309:3820,310:3877,311:3951,312:2900,313:2991,314:3088,315:3189,316:3300,317:3350,318:3519,319:3645,320:3686,321:3801,322:3929,323:4019,324:2918,325:2952,326:3144,327:3223,328:3347,329:3423,330:3523,331:3559,332:3662,333:3784,334:3921,335:4039,336:2855,337:2967,338:3063,339:3205,340:3253,341:3408,342:3476,343:3550,344:3668,345:3802,346:3943,347:3985,348:2862,349:3019,350:3091,351:3178,352:3313,353:3400,354:3458,355:3640,356:3687,357:3837,358:3877,359:3971
0:2912,1:3021,2:3077,3:3212,4:3258,5:3427,6:3472,7:3634,8:3705,9:3845,10:3863,11:4040,12:2886,13:3007,14:3130,15:3192,16:3300,17:3435,18:3479,19:3604,20:3721,21:3836,22:3947,23:3976,24:2863,25:3030,26:3071,27:3204,28:3282,29:3411,30:3516,31:3630,32:3662,33:3795,34:3898,35:4027,36:2874,37:2980,38:3057,39:3205,40:3307,41:3406,42:3528,43:3630,44:3695,45:3824,46:3936,47:3990,48:2865,49:2961,50:3062,51:3170,52:3340,53:3444,54:3483,55:3551,56:3728,57:3813,58:3877,59:3996,60:2853,61:2987,62:3119,63:3182,64:3329,65:3438,66:3549,67:3593,68:3714,69:3819,70:3923,71:3970,72:2936,73:2962,74:3064,75:3228,76:3348,77:3405,78:3517,79:3558,80:3736,81:3766,82:3918,83:4028,84:2854,85:2991,86:3102,87:3153,88:3274,89:3449,90:3513,91:3568,92:3737,93:3814,94:3854,95:4036,96:2929,97:3014,98:3132,99:3190,100:3342,101:3428,102:3461,103:3580,104:3710,105:3752,106:3940,107:3986,108:2883,109:2998,110:3138,111:3176,112:3251,113:3403,114:3469,115:3552,116:3745,117:3839,118:3912,119:4006,120:2881,121:2984,122:3107,123:3247,124:3299,125:3432,126:3452,127:3570,128:3744,129:3782,130:3909,131:4019,132:2859,133:2963,134:3059,135:3175,136:3296,137:3422,138:3491,139:3561,140:3720,141:3826,142:3851,143:4047,144:2909,145:2964,146:3149,147:3179,148:3257,149:3408,150:3474,151:3602,152:3667,153:3823,154:3864,155:4003,156:2861,157:2989,158:3057,159:3165,160:3342,161:3398,162:3500,163:3560,164:3745,165:3839,166:3938,167:3950,168:2940,169:3026,170:3119,171:3173,172:3347,173:3425,174:3501,175:3569,176:3740,177:3844,178:3911,179:3976,180:2929,181:3042,182:3124,183:3237,184:3300,185:3423,186:3540,187:3629,188:3722,189:3772,190:3896,191:3997,192:2884,193:2989,194:3118,195:3192,196:3301,197:3442,198:3457,199:3632,200:3668,201:3841,202:3893,203:3974,204:2947,205:2969,206:3108,207:3162,208:3309,209:3372,210:3538,211:3589,212:3740,213:3814,214:3892,215:3984,216:2879,217:2975,218:3112,219:3193,220:3305,221:3368,222:3492,223:3572,224:3747,225:3809,226:3910,227:3956,228:2923,229:3029,230:3098,231:3223,232:3316,233:3360,234:3536,235:3586,236:3682,237:3751,238:3916,239:3996,240:2938,241:3043,242:3136,243:3216,244:3302,245:3388,246:3525,247:3596,248:3680,249:3761,250:3895,251:4009,252:2924,253:2967,254:3117,255:3227,256:3329,257:3424,258:3485,259:3576,260:3720,261:3842,262:3915,263:3972,264:2912,265:3049,266:3091,267:3174,268:3323,269:3414,270:3511,271:3575,272:3675,273:3779,274:3945,275:4023,276:2926,277:3046,278:3123,279:3172,280:3293,281:3387,282:3480,283:3590,284:3654,285:3832,286:3925,287:4020,288:2856,289:2982,290:3069,291:3151,292:3305,293:3439,294:3481,295:3578,296:3728,297:3799,298:3934,299:4023,300:2922,301:3011,302:3125,303:3174,304:3342,305:3390,306:3537,307:3637,308:3699,309:3802,310:3861,311:4038,312:2903,313:3000,314:3050,315:3212,316:3322,317:3418,318:3456,319:3638,320:3667,321:3770,322:3853,323:3977,324:2885,325:2994,326:3091,327:3229,328:3347,329:3418,330:3524,331:3641,332:3710,333:3807,334:3913,335:3964,336:2931,337:3043,338:3114,339:3205,340:3311,341:3367,342:3525,343:3628,344:3725,345:3848,346:3920,347:3980,348:2897,349:3001,350:3057,351:3175,352:3294,353:3380,354:3493,355:3632,356:3736,357:3769,358:3926,359:3968
0:2931,1:3046,2:3113,3:3197,4:3271,5:3387,6:3459,7:3581,8:3653,9:3835,10:3850,11:4023,12:2860,13:2968,14:3117,15:3169,16:3349,17:3447,18:3477,19:3635,20:3709,21:3756,22:3870,23:4035,24:2876,25:3001,26:3071,27:3164,28:3266,29:3356,30:3486,31:3602,32:3694,33:3832,34:3855,35:4021,36:2948,37:2975,38:3108,39:3230,40:3256,41:3439,42:3465,43:3557,44:3656,45:3813,46:3949,47:4030,48:2916,49:2957,50:3097,51:3175,52:3282,53:3424,54:3490,55:3626,56:3698,57:3792,58:3850,59:4029,60:2934,61:3029,62:3077,63:3151,64:3268,65:3417,66:3521,67:3607,68:3726,69:3821,70:3867,71:4019,72:2914,73:3043,74:3075,75:3159,76:3343,77:3367,78:3462,79:3580,80:3714,81:3777,82:3942,83:4028,84:2856,85:2972,86:3065,87:3219,88:3286,89:3398,90:3544,91:3577,92:3725,93:3751,94:3920,95:3981,96:2906,97:2987,98:3134,99:3187,100:3313,101:3446,102:3485,103:3559,104:3674,105:3774,106:3936,107:3997,108:2880,109:2951,110:3146,111:3230,112:3343,113:3384,114:3511,115:3597,116:3733,117:3833,118:3895,119:3978,120:2856,121:3007,122:3095,123:3157,124:3271,125:3388,126:3460,127:3629,128:3656,129:3839,130:3913,131:3983,132:2854,133:3020,134:3073,135:3225,136:3265,137:3449,138:3509,139:3567,140:3733,141:3756,142:3855,143:4020,144:2903,145:2997,146:3146,147:3155,148:3311,149:3352,150:3535,151:3645,152:3687,153:3753,154:3851,155:3962,156:2947,157:3024,158:3087,159:3226,160:3263,161:3378,162:3534,163:3562,164:3709,165:3781,166:3898,167:3955,168:2876,169:2956,170:3132,171:3209,172:3272,173:3431,174:3511,175:3616,176:3670,177:3813,178:3897,179:4023,180:2885,181:3002,182:3060,183:3212,184:3301,185:3420,186:3492,187:3639,188:3658,189:3762,190:3863,191:4010,192:2895,193:3039,194:3117,195:3220,196:3252,197:3394,198:3508,199:3556,200:3723,201:3802,202:3867,203:3956,204:2870,205:3020,206:3141,207:3219,208:3323,209:3426,210:3520,211:3558,212:3668,213:3776,214:3908,215:3980,216:2919,217:3005,218:3129,219:3166,220:3287,221:3409,222:3538,223:3580,224:3665,225:3793,226:3936,227:3963,228:2877,229:2977,230:3121,231:3157,232:3252,233:3416,234:3498,235:3607,236:3725,237:3796,238:3941,239:4023,240:2914,241:3015,242:3068,243:3195,244:3325,245:3350,246:3548,247:3611,248:3691,249:3758,250:3915,251:4027,252:2859,253:3016,254:3108,255:3216,256:3347,257:3442,258:3470,259:3553,260:3728,261:3837,262:3872,263:4022,264:2905,265:2980,266:3085,267:3154,268:3272,269:3373,270:3513,271:3617,272:3737,273:3812,274:3908,275:4008,276:2911,277:2953,278:3081,279:3202,280:3253,281:3363,282:3509,283:3630,284:3678,285:3797,286:3857,287:4016,288:2850,289:2988,290:3079,291:3226,292:3288,293:3372,294:3456,295:3600,296:3728,297:3831,298:3891,299:3966,300:2922,301:3010,302:3089,303:3218,304:3306,305:3357,306:3502,307:3580,308:3678,309:3801,310:3946,311:3976,312:2855,313:3027,314:3077,315:3219,316:3347,317:3426,318:3478,319:3583,320:3677,321:3787,322:3874,323:4049,324:2892,325:3007,326:3121,327:3224,328:3314,329:3447,330:3485,331:3616,332:3660,333:3803,334:3872,335:3956,336:2864,337:3023,338:3090,339:3235,340:3346,341:3378,342:3471,343:3610,344:3658,345:3783,346:3870,347:4042,348:2861,349:2971,350:3053,351:3221,352:3271,353:3375,354:3506,355:3597,356:3655,357:3757,358:3867,359:3950
0:2918,1:3038,2:3059,3:3217,4:3301,5:3385,6:3485,7:3569,8:3657,9:3793,10:3859,11:3992,12:2883,13:3026,14:3060,15:3153,16:3264,17:3423,18:3477,19:3648,20:3721,21:3817,22:3936,23:4044,24:2859,25:3029,26:3149,27:3230,28:3287,29:3378,30:3482,31:3603,32:3681,33:3754,34:3936,35:3983,36:2897,37:2987,38:3119,39:3197,40:3262,41:3444,42:3548,43:3567,44:3691,45:3830,46:3898,47:4045,48:2934,49:3036,50:3147,51:3187,52:3321,53:3445,54:3502,55:3584,56:3670,57:3770,58:3898,59:3958,60:2931,61:2962,62:3050,63:3181,64:3259,65:3428,66:3484,67:3623,68:3722,69:3846,70:3878,71:4027,72:2935,73:3028,74:3078,75:3221,76:3254,77:3365,78:3462,79:3561,80:3715,81:3756,82:3885,83:4016,84:2868,85:3011,86:3116,87:3209,88:3302,89:3390,90:3490,91:3584,92:3749,93:3829,94:3875,95:3975,96:2859,97:3023,98:3131,99:3173,100:3265,101:3392,102:3478,103:3571,104:3732,105:3848,106:3869,107:4022,108:2872,109:2963,110:3077,111:3152,112:3342,113:3367,114:3469,115:3582,116:3694,117:3819,118:3917,119:4035,120:2933,121:3023,122:3133,123:3237,124:3302,125:3444,126:3480,127:3601,128:3702,129:3829,130:3900,131:3969,132:2857,133:2988,134:3054,135:3219,136:3259,137:3432,138:3497,139:3596,140:3668,141:3757,142:3908,143:4003,144:2851,145:2970,146:3105,147:3203,148:3302,149:3394,150:3473,151:3571,152:3656,153:3828,154:3887,155:3951,156:2911,157:2986,158:3111,159:3242,160:3313,161:3380,162:3467,163:3618,164:3651,165:3760,166:3871,167:3953,168:2901,169:3041,170:3063,171:3247,172:3280,173:3397,174:3511,175:3619,176:3724,177:3840,178:3850,179:3976,180:2946,181:3015,182:3055,183:3245,184:3329,185:3364,186:3516,187:3587,188:3738,189:3795,190:3871,191:4002,192:2875,193:2954,194:3134,195:3200,196:3290,197:3407,198:3468,199:3571,200:3739,201:3818,202:3942,203:3997,204:2931,205:3012,206:3073,207:3209,208:3321,209:3440,210:3494,211:3617,212:3741,213:3776,214:3935,215:3970,216:2922,217:2969,218:3082,219:3201,220:3310,221:3398,222:3523,223:3587,224:3731,225:3834,226:3854,227:3989,228:2872,229:3004,230:3094,231:3164,232:3347,233:3395,234:3469,235:3605,236:3736,237:3816,238:3942,239:3956,240:2938,241:2980,242:3096,243:3198,244:3306,245:3362,246:3491,247:3602,248:3652,249:3778,250:3868,251:3970,252:2873,253:3039,254:3054,255:3209,256:3314,257:3406,258:3506,259:3580,260:3713,261:3800,262:3918,263:3998,264:2862,265:3012,266:3067,267:3215,268:3277,269:3429,270:3475,271:3595,272:3672,273:3829,274:3884,275:3968,276:2872,277:3015,278:3063,279:3203,280:3348,281:3382,282:3532,283:3642,284:3735,285:3784,286:3940,287:3991,288:2861,289:3011,290:3105,291:3237,292:3271,293:3422,294:3525,295:3585,296:3680,297:3765,298:3893,299:3996,300:2863,301:2982,302:3075,303:3213,304:3253,305:3419,306:3526,307:3558,308:3730,309:3804,310:3864,311:4000,312:2922,313:3003,314:3098,315:3158,316:3331,317:3425,318:3540,319:3639,320:3740,321:3824,322:3891,323:3966,324:2872,325:3003,326:3059,327:3209,328:3308,329:3428,330:3536,331:3557,332:3670,333:3825,334:3905,335:4022,336:2924,337:3020,338:3148,339:3209,340:3344,341:3375,342:3526,343:3602,344:3748,345:3750,346:3870,347:4048,348:2926,349:3006,350:3133,351:3163,352:3284,353:3377,354:3493,355:3624,356:3735,357:3751,358:3879,359:3966
0:2934,1:3045,2:3093,3:3157,4:3284,5:3434,6:3488,7:3608,8:3650,9:3836,10:3875,11:3983,12:2899,13:2972,14:3148,15:3175,16:3284,17:3381,18:3483,19:3622,20:3734,21:3751,22:3867,23:4042,24:2882,25:3014,26:3123,27:3188,28:3298,29:3391,30:3548,31:3552,32:3673,33:3800,34:3891,35:4012,36:2942,37:2959,38:3061,39:3194,40:3311,41:3385,42:3499,43:3646,44:3719,45:3755,46:3866,47:3988,48:2867,49:2954,50:3102,51:3173,52:3318,53:3403,54:3496,55:3620,56:3675,57:3843,58:3924,59:4015,60:2865,61:2991,62:3077,63:3237,64:3328,65:3408,66:3460,67:3578,68:3659,69:3818,70:3902,71:3993,72:2873,73:3036,74:3145,75:3246,76:3339,77:3359,78:3521,79:3584,80:3743,81:3779,82:3915,83:3961,84:2872,85:2965,86:3145,87:3177,88:3260,89:3434,90:3510,91:3573,92:3673,93:3832,94:3851,95:4003,96:2890,97:3017,98:3071,99:3206,100:3306,101:3428,102:3549,103:3643,104:3732,105:3812,106:3853,107:3972,108:2853,109:2952,110:3100,111:3182,112:3266,113:3447,114:3549,115:3602,116:3724,117:3842,118:3908,119:3979,120:2853,121:2972,122:3105,123:3195,124:3258,125:3353,126:3546,127:3643,128:3703,129:3840,130:3866,131:3998,132:2872,133:2966,134:3118,135:3213,136:3255,137:3415,138:3547,139:3621,140:3711,141:3754,142:3936,143:3960,144:2904,145:2955,146:3077,147:3200,148:3304,149:3408,150:3513,151:3627,152:3693,153:3825,154:3873,155:3993,156:2947,157:3023,158:3068,159:3247,160:3263,161:3411,162:3514,163:3570,164:3671,165:3784,166:3943,167:4041,168:2924,169:3029,170:3111,171:3192,172:3347,173:3424,174:3538,175:3551,176:3726,177:3836,178:3921,179:4010,180:2914,181:3043,182:3104,183:3195,184:3335,185:3388,186:3532,187:3597,188:3651,189:3767,190:3939,191:4042,192:2909,193:2959,194:3132,195:3151,196:3259,197:3379,198:3501,199:3627,200:3708,201:3817,202:3874,203:3980,204:2925,205:3018,206:3086,207:3227,208:3282,209:3381,210:3451,211:3623,212:3729,213:3844,214:3928,215:3983,216:2944,217:3035,218:3120,219:3183,220:3300,221:3424,222:3523,223:3649,224:3725,225:3833,226:3931,227:4041,228:2901,229:2975,230:3070,231:3205,232:3274,233:3409,234:3505,235:3575,236:3738,237:3776,238:3946,239:4021,240:2899,241:2953,242:3067,243:3150,244:3292,245:3408,246:3457,247:3639,248:3693,249:3792,250:3901,251:3988,252:2934,253:2972,254:3062,255:3227,256:3270,257:3366,258:3481,259:3589,260:3707,261:3840,262:3941,263:4049,264:2899,265:2973,266:3059,267:3202,268:3334,269:3427,270:3525,271:3619,272:3728,273:3770,274:3856,275:3979,276:2949,277:2981,278:3097,279:3172,280:3290,281:3357,282:3548,283:3582,284:3671,285:3755,286:3925,287:4044,288:2913,289:3020,290:3075,291:3211,292:3299,293:3421,294:3524,295:3558,296:3677,297:3783,298:3947,299:4044,300:2926,301:3018,302:3148,303:3219,304:3322,305:3440,306:3457,307:3599,308:3670,309:3840,310:3909,311:3974,312:2857,313:2969,314:3134,315:3205,316:3305,317:3416,318:3459,319:3627,320:3681,321:3784,322:3895,323:4045,324:2858,325:3031,326:3087,327:3210,328:3273,329:3441,330:3492,331:3628,332:3674,333:3821,334:3941,335:4015,336:2895,337:2963,338:3073,339:3221,340:3299,341:3384,342:3509,343:3574,344:3704,345:3755,346:3863,347:4022,348:2902,349:3008,350:3096,351:3233,352:3288,353:3444,354:3549,355:3603,356:3727,357:3797,358:3897,359:3980
0:2863,1:2954,2:3070,3:3236,4:3270,5:3443,6:3510,7:3603,8:3662,9:3844,10:3865,11:4005,12:2855,13:3048,14:3145,15:3239,16:3348,17:3350,18:3464,19:3634,20:3658,21:3751,22:3899,23:3992,24:2915,25:2971,26:3133,27:3215,28:3329,29:3427,30:3450,31:3640,32:3741,33:3837,34:3914,35:3964,36:2909,37:3032,38:3109,39:3216,40:3310,41:3401,42:3476,43:3609,44:3655,45:3799,46:3858,47:4034,48:2942,49:3018,50:3063,51:3237,52:3264,53:3417,54:3548,55:3599,56:3658,57:3818,58:3881,59:3955,60:2855,61:3049,62:3081,63:3247,64:3296,65:3420,66:3482,67:3605,68:3747,69:3766,70:3924,71:4032,72:2949,73:3032,74:3138,75:3192,76:3276,77:3364,78:3530,79:3594,80:3718,81:3821,82:3901,83:4036,84:2893,85:3038,86:3054,87:3174,88:3256,89:3363,90:3467,91:3555,92:3660,93:3801,94:3856,95:4027,96:2894,97:2981,98:3136,99:3213,100:3277,101:3435,102:3548,103:3584,104:3696,105:3842,106:3851,107:4004,108:2941,109:3006,110:3050,111:3178,112:3289,113:3353,114:3468,115:3630,116:3667,117:3755,118:3934,119:3975,120:2898,121:3025,122:3142,123:3195,124:3324,125:3422,126:3532,127:3640,128:3670,129:3827,130:3914,131:3985,132:2911,133:2997,134:3062,135:3197,136:3278,137:3418,138:3450,139:3563,140:3671,141:3840,142:3878,143:3966,144:2911,145:2953,146:3119,147:3233,148:3265,149:3389,150:3548,151:3602,152:3659,153:3826,154:3900,155:4001,156:2872,157:3043,158:3067,159:3194,160:3302,161:3449,162:3492,163:3586,164:3739,165:3773,166:3871,167:3970,168:2858,169:3007,170:3063,171:3210,172:3308,173:3351,174:3513,175:3563,176:3745,177:3762,178:3945,179:4007,180:2858,181:2984,182:3086,183:3156,184:3279,185:3424,186:3458,187:3569,188:3703,189:3816,190:3937,191:3955,192:2923,193:3008,194:3057,195:3184,196:3312,197:3391,198:3537,199:3575,200:3669,201:3830,202:3927,203:3956,204:2882,205:2995,206:3086,207:3231,208:3331,209:3447,210:3479,211:3603,212:3653,213:3775,214:3855,215:3971,216:2930,217:3005,218:3064,219:3181,220:3319,221:3356,222:3494,223:3588,224:3683,225:3771,226:3881,227:3996,228:2885,229:3045,230:3148,231:3182,232:3346,233:3430,234:3451,235:3649,236:3749,237:3820,238:3928,239:3991,240:2862,241:3040,242:3054,243:3199,244:3300,245:3362,246:3515,247:3559,248:3671,249:3830,250:3864,251:4014,252:2946,253:2964,254:3087,255:3211,256:3257,257:3436,258:3493,259:3647,260:3726,261:3768,262:3890,263:3975,264:2887,265:2997,266:3069,267:3189,268:3278,269:3385,270:3453,271:3576,272:3651,273:3752,274:3948,275:4026,276:2938,277:3001,278:3123,279:3209,280:3295,281:3447,282:3475,283:3563,284:3700,285:3782,286:3910,287:3955,288:2898,289:3036,290:3081,291:3198,292:3347,293:3357,294:3535,295:3582,296:3689,297:3753,298:3919,299:4008,300:2936,301:3006,302:3081,303:3181,304:3276,305:3370,306:3458,307:3598,308:3721,309:3769,310:3903,311:3959,312:2867,313:3046,314:3113,315:3171,316:3264,317:3359,318:3502,319:3602,320:3672,321:3832,322:3871,323:3990,324:2891,325:3035,326:3090,327:3159,328:3260,329:3383,330:3516,331:3578,332:3745,333:3826,334:3944,335:4014,336:2932,337:3021,338:3111,339:3190,340:3326,341:3375,342:3548,343:3646,344:3716,345:3832,346:3946,347:3985,348:2929,349:2997,350:3073,351:3166,352:3268,353:3377,354:3470,355:3563,356:3666,357:3825,358:3915,359:4033
0:2922,1:2968,2:3124,3:3199,4:3325,5:3357,6:3509,7:3634,8:3687,9:3752,10:3877,11:4031,12:2874,13:2958,14:3126,15:3215,16:3333,17:3404,18:3466,19:3610,20:3682,21:3795,22:3936,23:4026,24:2874,25:3035,26:3051,27:3163,28:3347,29:3433,30:3529,31:3581,32:3665,33:3836,34:3934,35:3956,36:2930,37:2990,38:3094,39:3203,40:3336,41:3438,42:3492,43:3573,44:3749,45:3798,46:3860,47:4000,48:2888,49:2952,50:3059,51:3213,52:3276,53:3439,54:3514,55:3617,56:3672,57:3805,58:3898,59:4006,60:2918,61:3011,62:3122,63:3172,64:3337,65:3400,66:3533,67:3550,68:3744,69:3793,70:3921,71:4020,72:2873,73:3004,74:3136,75:3171,76:3340,77:3438,78:3539,79:3564,80:3664,81:3805,82:3889,83:4018,84:2931,85:3045,86:3144,87:3178,88:3274,89:3449,90:3513,91:3636,92:3657,93:3778,94:3861,95:4019,96:2942,97:3044,98:3077,99:3158,100:3349,101:3407,102:3467,103:3602,104:3651,105:3764,106:3914,107:3989,108:2931,109:2970,110:3116,111:3243,112:3306,113:3445,114:3525,115:3603,116:3666,117:3755,118:3945,119:3988,120:2945,121:3037,122:3140,123:3173,124:3275,125:3388,126:3548,127:3572,128:3705,129:3807,130:3903,131:3985,132:2921,133:2975,134:3103,135:3225,136:3280,137:3434,138:3462,139:3635,140:3657,141:3777,142:3894,143:3979,144:2894,145:3004,146:3148,147:3237,148:3270,149:3397,150:3477,151:3589,152:3708,153:3777,154:3873,155:3993,156:2857,157:3028,158:3081,159:3208,160:3297,161:3366,162:3524,163:3566,164:3710,165:3778,166:3895,167:4001,168:2873,169:3047,170:3118,171:3239,172:3315,173:3404,174:3519,175:3587,176:3670,177:3804,178:3856,179:3996,180:2919,181:3018,182:3121,183:3161,184:3316,185:3359,186:3456,187:3571,188:3711,189:3839,190:3892,191:3989,192:2919,193:3006,194:3080,195:3168,196:3303,197:3370,198:3456,199:3553,200:3702,201:3772,202:3859,203:3962,204:2912,205:3027,206:3135,207:3210,208:3348,209:3417,210:3505,211:3637,212:3702,213:3809,214:3906,215:3973,216:2851,217:3029,218:3102,219:3235,220:3310,221:3366,222:3490,223:3573,224:3715,225:3758,226:3878,227:4016,228:2927,229:2998,230:3065,231:3233,232:3311,233:3406,234:3497,235:3594,236:3684,237:3810,238:3855,239:3991,240:2887,241:2978,242:3147,243:3179,244:3328,245:3381,246:3473,247:3600,248:3739,249:3786,250:3928,251:4041,252:2887,253:3036,254:3084,255:3227,256:3304,257:3363,258:3521,259:3550,260:3731,261:3803,262:3853,263:3964,264:2870,265:3000,266:3087,267:3153,268:3309,269:3358,270:3549,271:3569,272:3677,273:3780,274:3861,275:4044,276:2889,277:3035,278:3070,279:3225,280:3309,281:3360,282:3495,283:3562,284:3695,285:3843,286:3947,287:4011,288:2851,289:3027,290:3100,291:3193,292:3264,293:3399,294:3537,295:3631,296:3704,297:3814,298:3891,299:3999,300:2887,301:2989,302:3082,303:3213,304:3292,305:3444,306:3477,307:3583,308:3664,309:3811,310:3911,311:4039,312:2903,313:3040,314:3117,315:3243,316:3285,317:3406,318:3526,319:3644,320:3656,321:3834,322:3896,323:4038,324:2931,325:3041,326:3098,327:3193,328:3332,329:3429,330:3460,331:3632,332:3707,333:3848,334:3917,335:4016,336:2929,337:2974,338:3080,339:3227,340:3286,341:3360,342:3476,343:3631,344:3727,345:3790,346:3868,347:3956,348:2927,349:3046,350:3059,351:3218,352:3251,353:3407,354:3461,355:3638,356:3712,357:3814,358:3891,359:4043
0:2907,1:2959,2:3087,3:3194,4:3342,5:3357,6:3460,7:3591,8:3704,9:3757,10:3863,11:4040,12:2870,13:3024,14:3101,15:3203,16:3323,17:3443,18:3529,19:3560,20:3749,21:3803,22:3854,23:4022,24:2940,25:2960,26:3093,27:3200,28:3338,29:3387,30:3468,31:3560,32:3650,33:3767,34:3860,35:3950,36:2862,37:2950,38:3073,39:3159,40:3321,41:3443,42:3530,43:3585,44:3720,45:3785,46:3863,47:3958,48:2899,49:3015,50:3145,51:3217,52:3341,53:3360,54:3539,55:3574,56:3660,57:3797,58:3850,59:3960,60:2862,61:3047,62:3126,63:3173,64:3347,65:3363,66:3455,67:3596,68:3705,69:3846,70:3868,71:4014,72:2891,73:2975,74:3148,75:3176,76:3329,77:3400,78:3537,79:3604,80:3655,81:3754,82:3881,83:4019,84:2877,85:3010,86:3133,87:3171,88:3279,89:3369,90:3523,91:3643,92:3677,93:3770,94:3859,95:3980,96:2949,97:3040,98:3109,99:3208,100:3266,101:3405,102:3523,103:3623,104:3695,105:3800,106:3891,107:3963,108:2913,109:3008,110:3112,111:3216,112:3333,113:3382,114:3504,115:3591,116:3698,117:3792,118:3938,119:3996,120:2861,121:3012,122:3101,123:3155,124:3270,125:3386,126:3518,127:3602,128:3738,129:3822,130:3903,131:4015,132:2903,133:2950,134:3123,135:3217,136:3319,137:3358,138:3483,139:3566,140:3671,141:3803,142:3914,143:4012,144:2885,145:3009,146:3107,147:3224,148:3279,149:3420,150:3515,151:3609,152:3711,153:3788,154:3893,155:3965,156:2939,157:3001,158:3073,159:3182,160:3269,161:3439,162:3527,163:3646,164:3735,165:3823,166:3948,167:3951,168:2890,169:3029,170:3053,171:3191,172:3292,173:3405,174:3497,175:3643,176:3726,177:3778,178:3870,179:3984,180:2859,181:3017,182:3079,183:3189,184:3321,185:3443,186:3538,187:3583,188:3692,189:3778,190:3924,191:3963,192:2863,193:2974,194:3117,195:3161,196:3279,197:3356,198:3475,199:3590,200:3686,201:3777,202:3921,203:4015,204:2937,205:3000,206:3090,207:3236,208:3297,209:3362,210:3523,211:3552,212:3718,213:3821,214:3909,215:4016,216:2908,217:2982,218:3126,219:3195,220:3269,221:3391,222:3485,223:3595,224:3650,225:3799,226:3910,227:4005,228:2915,229:2956,230:3124,231:3198,232:3310,233:3363,234:3529,235:3576,236:3747,237:3801,238:3904,239:4023,240:2868,241:2970,242:3137,243:3196,244:3252,245:3445,246:3475,247:3622,248:3728,249:3773,250:3862,251:4007,252:2868,253:2961,254:3097,255:3171,256:3294,257:3384,258:3517,259:3640,260:3664,261:3766,262:3933,263:3967,264:2856,265:2958,266:3130,267:3198,268:3297,269:3440,270:3475,271:3581,272:3739,273:3834,274:3903,275:4036,276:2918,277:3006,278:3143,279:3241,280:3303,281:3420,282:3513,283:3574,284:3688,285:3767,286:3896,287:4032,288:2887,289:2950,290:3111,291:3170,292:3313,293:3381,294:3482,295:3584,296:3700,297:3790,298:3936,299:4022,300:2876,301:2960,302:3069,303:3157,304:3252,305:3367,306:3479,307:3580,308:3663,309:3786,310:3917,311:3997,312:2896,313:3023,314:3058,315:3175,316:3273,317:3447,318:3500,319:3641,320:3677,321:3792,322:3911,323:4024,324:2925,325:2967,326:3062,327:3180,328:3270,329:3390,330:3473,331:3581,332:3733,333:3846,334:3893,335:4044,336:2858,337:3028,338:3095,339:3157,340:3345,341:3397,342:3494,343:3627,344:3747,345:3769,346:3930,347:3964,348:2930,349:2988,350:3092,351:3167,352:3280,353:3364,354:3497,355:3595,356:3706,357:3841,358:3916,359:3986
0:2898,1:3047,2:3072,3:3199,4:3283,5:3390,6:3459,7:3559,8:3681,9:3754,10:3891,11:3974,12:2859,13:3042,14:3148,15:3157,16:3267,17:3427,18:3457,19:3623,20:3653,21:3821,22:3853,23:3972,24:2948,25:2994,26:3072,27:3173,28:3268,29:3439,30:3515,31:3642,32:3673,33:3781,34:3855,35:3975,36:2913,37:2992,38:3122,39:3156,40:3250,41:3431,42:3543,43:3635,44:3690,45:3773,46:3919,47:4040,48:2947,49:3031,50:3142,51:3240,52:3268,53:3358,54:3519,55:3592,56:3675,57:3778,58:3938,59:3971,60:2941,61:3007,62:3059,63:3209,64:3290,65:3440,66:3527,67:3645,68:3747,69:3846,70:3922,71:3967,72:2920,73:2997,74:3112,75:3172,76:3308,77:3410,78:3491,79:3637,80:3651,81:3783,82:3870,83:3991,84:2948,85:3012,86:3057,87:3154,88:3319,89:3357,90:3485,91:3558,92:3679,93:3829,94:3853,95:3965,96:2850,97:3046,98:3108,99:3183,100:3250,101:3404,102:3480,103:3638,104:3660,105:3832,106:3920,107:4048,108:2878,109:3014,110:3102,111:3241,112:3333,113:3407,114:3543,115:3558,116:3736,117:3838,118:3890,119:4027,120:2913,121:3022,122:3083,123:3233,124:3347,125:3438,126:3467,127:3563,128:3673,129:3840,130:3938,131:4035,132:2932,133:2978,134:3137,135:3193,136:3288,137:3380,138:3523,139:3558,140:3678,141:3843,142:3850,143:3967,144:2868,145:3036,146:3084,147:3239,148:3333,149:3374,150:3527,151:3552,152:3704,153:3842,154:3937,155:3977,156:2901,157:3027,158:3052,159:3157,160:3336,161:3381,162:3487,163:3632,164:3728,165:3787,166:3891,167:3952,168:2933,169:3030,170:3138,171:3205,172:3322,173:3361,174:3521,175:3599,176:3727,177:3810,178:3944,179:4001,180:2874,181:3041,182:3090,183:3166,184:3298,185:3393,186:3529,187:3631,188:3748,189:3830,190:3880,191:3968,192:2949,193:2951,194:3135,195:3247,196:3291,197:3366,198:3497,199:3617,200:3711,201:3770,202:3889,203:4040,204:2874,205:3021,206:3145,207:3239,208:3305,209:3400,210:3510,211:3622,212:3691,213:3762,214:3920,215:4030,216:2927,217:3016,218:3119,219:3207,220:3269,221:3368,222:3455,223:3645,224:3747,225:3805,226:3920,227:4014,228:2852,229:3004,230:3073,231:3185,232:3336,233:3361,234:3496,235:3604,236:3707,237:3797,238:3857,239:3954,240:2893,241:2956,242:3143,243:3248,244:3303,245:3434,246:3487,247:3586,248:3727,249:3772,250:3915,251:3957,252:2915,253:2993,254:3120,255:3154,256:3319,257:3365,258:3526,259:3631,260:3720,261:3832,262:3869,263:3982,264:2905,265:3039,266:3050,267:3191,268:3298,269:3401,270:3523,271:3560,272:3743,273:3789,274:3910,275:3997,276:2861,277:3021,278:3147,279:3206,280:3272,281:3446,282:3540,283:3628,284:3674,285:3822,286:3879,287:3962,288:2861,289:2992,290:3068,291:3198,292:3344,293:3436,294:3524,295:3587,296:3716,297:3793,298:3931,299:4025,300:2855,301:3000,302:3059,303:3169,304:3345,305:3421,306:3498,307:3572,308:3713,309:3827,310:3942,311:3975,312:2875,313:3039,314:3146,315:3231,316:3344,317:3383,318:3490,319:3649,320:3715,321:3834,322:3943,323:4021,324:2858,325:2964,326:3056,327:3199,328:3264,329:3445,330:3480,331:3566,332:3652,333:3799,334:3917,335:3963,336:2925,337:3031,338:3076,339:3236,340:3267,341:3351,342:3546,343:3637,344:3718,345:3804,346:3922,347:4042,348:2933,349:3046,350:3120,351:3238,352:3302,353:3419,354:3509,355:3556,356:3653,357:3808,358:3866,359:4041
0:2914,1:2977,2:3125,3:3181,4:3260,5:3396,6:3543,7:3589,8:3680,9:3797,10:3893,11:3973,12:2901,13:3046,14:3114,15:3173,16:3315,17:3435,18:3494,19:3578,20:3725,21:3781,22:3878,23:3961,24:2891,25:3012,26:3129,27:3190,28:3300,29:3375,30:3471,31:3583,32:3654,33:3833,34:3930,35:4039,36:2911,37:2985,38:3142,39:3222,40:3292,41:3398,42:3491,43:3564,44:3698,45:3753,46:3939,47:4010,48:2859,49:3010,50:3061,51:3195,52:3299,53:3420,54:3538,55:3571,56:3693,57:3809,58:3948,59:4029,60:2930,61:2961,62:3109,63:3197,64:3327,65:3433,66:3489,67:3629,68:3725,69:3831,70:3905,71:3988,72:2882,73:2968,74:3093,75:3175,76:3286,77:3375,78:3487,79:3614,80:3677,81:3770,82:3866,83:4041,84:2908,85:3001,86:3126,87:3218,88:3257,89:3408,90:3514,91:3575,92:3743,93:3827,94:3873,95:3966,96:2915,97:3031,98:3097,99:3217,100:3261,101:3426,102:3478,103:3579,104:3715,105:3832,106:3912,107:4039,108:2896,109:3044,110:3112,111:3167,112:3291,113:3421,114:3483,115:3610,116:3693,117:3783,118:3899,119:4005,120:2914,121:3038,122:3129,123:3151,124:3339,125:3380,126:3549,127:3578,128:3703,129:3813,130:3877,131:3971,132:2907,133:2987,134:3118,135:3224,136:3275,137:3420,138:3526,139:3575,140:3711,141:3843,142:3901,143:3963,144:2893,145:2975,146:3127,147:3223,148:3298,149:3413,150:3489,151:3636,152:3682,153:3813,154:3875,155:3996,156:2905,157:2983,158:3123,159:3248,160:3317,161:3355,162:3451,163:3555,164:3722,165:3841,166:3905,167:3957,168:2903,169:2985,170:3144,171:3180,172:3288,173:3431,174:3467,175:3587,176:3728,177:3755,178:3941,179:4026,180:2860,181:3003,182:3109,183:3246,184:3265,185:3448,186:3507,187:3583,188:3723,189:3843,190:3927,191:3973,192:2861,193:2955,194:3145,195:3205,196:3265,197:3367,198:3464,199:3644,200:3655,201:3799,202:3855,203:4011,204:2943,205:2975,206:3119,207:3202,208:3254,209:3397,210:3460,211:3647,212:3701,213:3780,214:3948,215:3968,216:2942,217:3007,218:3080,219:3240,220:3255,221:3389,222:3524,223:3604,224:3666,225:3770,226:3948,227:4013,228:2910,229:2973,230:3074,231:3246,232:3267,233:3368,234:3478,235:3606,236:3745,237:3777,238:3877,239:3973,240:2902,241:3039,242:3124,243:3183,244:3305,245:3387,246:3506,247:3589,248:3724,249:3821,250:3928,251:3960,252:2944,253:2974,254:3102,255:3160,256:3324,257:3417,258:3513,259:3614,260:3734,261:3831,262:3888,263:3963,264:2897,265:3034,266:3148,267:3160,268:3309,269:3383,270:3544,271:3598,272:3675,273:3798,274:3920,275:4046,276:2946,277:3038,278:3085,279:3212,280:3347,281:3436,282:3538,283:3646,284:3719,285:3802,286:3858,287:4045,288:2869,289:3014,290:3118,291:3189,292:3282,293:3352,294:3486,295:3618,296:3695,297:3820,298:3883,299:4005,300:2934,301:3040,302:3094,303:3210,304:3341,305:3427,306:3491,307:3581,308:3698,309:3771,310:3919,311:3997,312:2888,313:2970,314:3123,315:3192,316:3271,317:3438,318:3548,319:3568,320:3713,321:3780,322:3931,323:4017,324:2865,325:3033,326:3055,327:3186,328:3312,329:3413,330:3482,331:3563,332:3729,333:3781,334:3949,335:4021,336:2934,337:2979,338:3064,339:3189,340:3332,341:3403,342:3503,343:3564,344:3707,345:3805,346:3855,347:4016,348:2926,349:3020,350:3098,351:3233,352:3286,353:3402,354:3533,355:3620,356:3676,357:3831,358:3877,359:3959
0:2859,1:3036,2:3146,3:3212,4:3303,5:3439,6:3543,7:3569,8:3702,9:3782,10:3899,11:3964,12:2896,13:3011,14:3080,15:3196,16:3326,17:3391,18:3484,19:3610,20:3693,21:3842,22:3899,23:4019,24:2904,25:2994,26:3144,27:3239,28:3323,29:3362,30:3503,31:3550,32:3683,33:3798,34:3914,35:4040,36:2874,37:2977,38:3067,39:3171,40:3291,41:3404,42:3546,43:3593,44:3743,45:3830,46:3903,47:3996,48:2915,49:3040,50:3068,51:3167,52:3299,53:3442,54:3464,55:3587,56:3653,57:3846,58:3871,59:4016,60:2860,61:2987,62:3065,63:3199,64:3275,65:3446,66:3535,67:3649,68:3690,69:3797,70:3865,71:4034,72:2923,73:2993,74:3080,75:3180,76:3349,77:3415,78:3520,79:3590,80:3656,81:3815,82:3858,83:4001,84:2856,85:2996,86:3130,87:3225,88:3272,89:3406,90:3497,91:3567,92:3707,93:3770,94:3880,95:3998,96:2867,97:2962,98:3096,99:3223,100:3280,101:3389,102:3478,103:3579,104:3725,105:3789,106:3935,107:3975,108:2890,109:2962,110:3086,111:3178,112:3317,113:3362,114:3470,115:3598,116:3734,117:3775,118:3926,119:3996,120:2871,121:3002,122:3096,123:3229,124:3317,125:3407,126:3460,127:3631,128:3735,129:3809,130:3859,131:3963,132:2854,133:2954,134:3149,135:3204,136:3340,137:3436,138:3545,139:3641,140:3699,141:3795,142:3927,143:3980,144:2856,145:3042,146:3060,147:3223,148:3349,149:3362,150:3534,151:3645,152:3708,153:3846,154:3920,155:3993,156:2939,157:2965,158:3121,159:3202,160:3305,161:3367,162:3525,163:3574,164:3709,165:3831,166:3919,167:3978,168:2868,169:3004,170:3089,171:3152,172:3297,173:3441,174:3525,175:3586,176:3702,177:3782,178:3910,179:4038,180:2916,181:3037,182:3072,183:3240,184:3270,185:3377,186:3538,187:3598,188:3663,189:3834,190:3922,191:3968,192:2870,193:2954,194:3083,195:3168,196:3258,197:3378,198:3498,199:3630,200:3737,201:3789,202:3864,203:4013,204:2878,205:2989,206:3131,207:3227,208:3278,209:3407,210:3472,211:3569,212:3652,213:3834,214:3931,215:4028,216:2900,217:3030,218:3074,219:3230,220:3259,221:3383,222:3534,223:3553,224:3652,225:3823,226:3850,227:4038,228:2888,229:3006,230:3091,231:3237,232:3284,233:3354,234:3521,235:3553,236:3735,237:3762,238:3898,239:4045,240:2941,241:3000,242:3055,243:3215,244:3346,245:3425,246:3548,247:3584,248:3686,249:3800,250:3894,251:4048,252:2891,253:3035,254:3108,255:3246,256:3333,257:3384,258:3511,259:3628,260:3726,261:3763,262:3879,263:4005,264:2860,265:2952,266:3074,267:3167,268:3309,269:3431,270:3516,271:3617,272:3670,273:3780,274:3887,275:4009,276:2933,277:3000,278:3132,279:3197,280:3298,281:3398,282:3534,283:3638,284:3721,285:3764,286:3898,287:4015,288:2854,289:3027,290:3069,291:3175,292:3321,293:3446,294:3538,295:3621,296:3704,297:3759,298:3909,299:4016,300:2853,301:3021,302:3061,303:3245,304:3298,305:3434,306:3512,307:3637,308:3734,309:3826,310:3892,311:3988,312:2904,313:2994,314:3109,315:3244,316:3256,317:3351,318:3451,319:3624,320:3659,321:3837,322:3940,323:3992,324:2906,325:2972,326:3095,327:3199,328:3335,329:3358,330:3473,331:3642,332:3664,333:3823,334:3887,335:3969,336:2894,337:3024,338:3133,339:3223,340:3318,341:3363,342:3505,343:3611,344:3719,345:3843,346:3926,347:3978,348:2903,349:2976,350:3090,351:3177,352:3285,353:3371,354:3533,355:3570,356:3677,357:3778,358:3891,359:4015
0:2940,1:2988,2:3146,3:3217,4:3315,5:3425,6:3494,7:3617,8:3709,9:3796,10:3936,11:3983,12:2896,13:3015,14:3095,15:3161,16:3279,17:3412,18:3476,19:3565,20:3727,21:3779,22:3875,23:4007,24:2850,25:3044,26:3148,27:3227,28:3324,29:3378,30:3463,31:3622,32:3718,33:3755,34:3852,35:3970,36:2877,37:2958,38:3144,39:3154,40:3312,41:3402,42:3490,43:3595,44:3686,45:3810,46:3915,47:3972,48:2920,49:3005,50:3115,51:3150,52:3258,53:3393,54:3549,55:3647,56:3671,57:3815,58:3930,59:4045,60:2857,61:2952,62:3072,63:3201,64:3307,65:3370,66:3520,67:3573,68:3694,69:3824,70:3857,71:4037,72:2899,73:2987,74:3062,75:3239,76:3319,77:3382,78:3475,79:3586,80:3705,81:3816,82:3902,83:3967,84:2914,85:3018,86:3054,87:3204,88:3306,89:3401,90:3465,91:3596,92:3745,93:3753,94:3898,95:3970,96:2928,97:2980,98:3082,99:3192,100:3304,101:3361,102:3477,103:3602,104:3709,105:3846,106:3948,107:4039,108:2907,109:2979,110:3058,111:3175,112:3273,113:3395,114:3488,115:3646,116:3684,117:3806,118:3928,119:4000,120:2893,121:2990,122:3080,123:3172,124:3332,125:3385,126:3512,127:3552,128:3680,129:3818,130:3928,131:3954,132:2862,133:2999,134:3072,135:3214,136:3317,137:3384,138:3499,139:3647,140:3661,141:3801,142:3887,143:4043,144:2874,145:3003,146:3118,147:3219,148:3342,149:3423,150:3537,151:3563,152:3727,153:3798,154:3888,155:4027,156:2931,157:3042,158:3106,159:3212,160:3293,161:3394,162:3520,163:3593,164:3720,165:3774,166:3875,167:3957,168:2947,169:2986,170:3082,171:3235,172:3252,173:3432,174:3510,175:3562,176:3702,177:3794,178:3896,179:3954,180:2925,181:3035,182:3054,183:3249,184:3332,185:3444,186:3450,187:3597,188:3674,189:3827,190:3919,191:4027,192:2904,193:3013,194:3137,195:3209,196:3295,197:3432,198:3483,199:3567,200:3702,201:3794,202:3942,203:4045,204:2920,205:3019,206:3103,207:3218,208:3340,209:3439,210:3466,211:3553,212:3692,213:3811,214:3868,215:3956,216:2939,217:3049,218:3118,219:3201,220:3317,221:3365,222:3518,223:3604,224:3668,225:3768,226:3856,227:3996,228:2916,229:2967,230:3082,231:3204,232:3339,233:3390,234:3520,235:3597,236:3705,237:3754,238:3903,239:4049,240:2871,241:3025,242:3110,243:3244,244:3328,245:3436,246:3485,247:3621,248:3686,249:3838,250:3889,251:4049,252:2880,253:2981,254:3122,255:3231,256:3331,257:3426,258:3497,259:3611,260:3666,261:3800,262:3909,263:3973,264:2920,265:3003,266:3069,267:3209,268:3338,269:3449,270:3533,271:3595,272:3712,273:3790,274:3860,275:3962,276:2929,277:2952,278:3137,279:3171,280:3349,281:3385,282:3547,283:3557,284:3706,285:3792,286:3940,287:3963,288:2880,289:3020,290:3123,291:3245,292:3260,293:3392,294:3516,295:3648,296:3661,297:3779,298:3851,299:3999,300:2877,301:2959,302:3071,303:3174,304:3328,305:3424,306:3462,307:3574,308:3676,309:3828,310:3913,311:3977,312:2947,313:2990,314:3084,315:3249,316:3261,317:3427,318:3533,319:3648,320:3716,321:3830,322:3895,323:4036,324:2856,325:3005,326:3129,327:3244,328:3315,329:3385,330:3461,331:3630,332:3665,333:3811,334:3896,335:3975,336:2856,337:3048,338:3090,339:3194,340:3272,341:3409,342:3479,343:3550,344:3714,345:3841,346:3854,347:4009,348:2945,349:3026,350:3145,351:3151,352:3251,353:3402,354:3509,355:3596,356:3724,357:3845,358:3888,359:3979
0:2902,1:2986,2:3116,3:3231,4:3292,5:3365,6:3534,7:3598,8:3660,9:3794,10:3934,11:4031,12:2887,13:3019,14:3140,15:3224,16:3278,17:3369,18:3507,19:3605,20:3670,21:3750,22:3880,23:3988,24:2869,25:3005,26:3105,27:3211,28:3261,29:3415,30:3464,31:3585,32:3689,33:3797,34:3945,35:3983,36:2893,37:2999,38:3111,39:3230,40:3338,41:3447,42:3524,43:3559,44:3726,45:3777,46:3941,47:3988,48:2881,49:3030,50:3147,51:3240,52:3338,53:3361,54:3452,55:3635,56:3717,57:3765,58:3905,59:4014,60:2896,61:3015,62:3072,63:3223,64:3254,65:3428,66:3548,67:3604,68:3713,69:3815,70:3890,71:3964,72:2927,73:2986,74:3097,75:3247,76:3320,77:3448,78:3504,79:3586,80:3719,81:3778,82:3855,83:4045,84:2942,85:2950,86:3099,87:3190,88:3267,89:3358,90:3532,91:3560,92:3671,93:3806,94:3898,95:3959,96:2881,97:2965,98:3055,99:3187,100:3304,101:3368,102:3497,103:3581,104:3701,105:3795,106:3881,107:3979,108:2922,109:2987,110:3123,111:3152,112:3343,113:3354,114:3492,115:3577,116:3749,117:3762,118:3854,119:4037,120:2946,121:2994,122:3103,123:3181,124:3306,125:3360,126:3485,127:3570,128:3745,129:3792,130:3925,131:3961,132:2936,133:3041,134:3133,135:3247,136:3262,137:3399,138:3545,139:3603,140:3734,141:3843,142:3908,143:3958,144:2888,145:3049,146:3094,147:3193,148:3288,149:3394,150:3461,151:3610,152:3670,153:3829,154:3885,155:4030,156:2937,157:3046,158:3050,159:3232,160:3309,161:3351,162:3505,163:3629,164:3692,165:3812,166:3887,167:4036,168:2948,169:3022,170:3108,171:3220,172:3305,173:3377,174:3485,175:3635,176:3723,177:3813,178:3927,179:4035,180:2899,181:2964,182:3052,183:3188,184:3287,185:3400,186:3505,187:3573,188:3663,189:3810,190:3857,191:3985,192:2925,193:3022,194:3076,195:3235,196:3323,197:3353,198:3537,199:3635,200:3655,201:3788,202:3900,203:3954,204:2923,205:3016,206:3090,207:3209,208:3346,209:3426,210:3491,211:3570,212:3700,213:3849,214:3850,215:4044,216:2856,217:2961,218:3092,219:3172,220:3348,221:3445,222:3457,223:3630,224:3669,225:3776,226:3940,227:3982,228:2891,229:2959,230:3071,231:3152,232:3311,233:3435,234:3539,235:3587,236:3675,237:3754,238:3908,239:3952,240:2923,241:2970,242:3077,243:3211,244:3272,245:3425,246:3451,247:3615,248:3722,249:3764,250:3941,251:3965,252:2886,253:2979,254:3073,255:3217,256:3333,257:3423,258:3466,259:3591,260:3706,261:3780,262:3855,263:3950,264:2898,265:3011,266:3085,267:3185,268:3292,269:3354,270:3471,271:3551,272:3660,273:3789,274:3861,275:4023,276:2930,277:3044,278:3107,279:3152,280:3327,281:3395,282:3536,283:3597,284:3679,285:3806,286:3925,287:3981,288:2899,289:2968,290:3141,291:3221,292:3257,293:3380,294:3504,295:3581,296:3687,297:3787,298:3865,299:3967,300:2947,301:3039,302:3066,303:3199,304:3252,305:3424,306:3507,307:3566,308:3684,309:3758,310:3903,311:4010,312:2916,313:2990,314:3137,315:3196,316:3349,317:3384,318:3485,319:3605,320:3681,321:3802,322:3903,323:4007,324:2880,325:3011,326:3124,327:3171,328:3308,329:3423,330:3465,331:3572,332:3669,333:3838,334:3919,335:3964,336:2891,337:3047,338:3084,339:3245,340:3338,341:3436,342:3535,343:3635,344:3693,345:3827,346:3924,347:4007,348:2876,349:2966,350:3132,351:3239,352:3339,353:3377,354:3536,355:3561,356:3732,357:3794,358:3859,359:3976
0:2879,1:2968,2:3133,3:3203,4:3309,5:3353,6:3494,7:3588,8:3700,9:3837,10:3927,11:3964,12:2904,13:2988,14:3122,15:3180,16:3264,17:3391,18:3533,19:3648,20:3651,21:3771,22:3943,23:3954,24:2905,25:2997,26:3115,27:3161,28:3251,29:3380,30:3477,31:3575,32:3709,33:3838,34:3912,35:3981,36:2930,37:3024,38:3058,39:3174,40:3268,41:3382,42:3541,43:3623,44:3650,45:3783,46:3923,47:3993,48:2942,49:2974,50:3127,51:3225,52:3331,53:3379,54:3528,55:3603,56:3733,57:3842,58:3919,59:4008,60:2902,61:2981,62:3145,63:3208,64:3279,65:3436,66:3530,67:3591,68:3739,69:3846,70:3910,71:4032,72:2915,73:2984,74:3103,75:3226,76:3301,77:3400,78:3506,79:3648,80:3740,81:3805,82:3920,83:4038,84:2876,85:2968,86:3103,87:3179,88:3331,89:3366,90:3505,91:3622,92:3743,93:3839,94:3895,95:3994,96:2914,97:2980,98:3124,99:3240,100:3322,101:3429,102:3508,103:3620,104:3744,105:3824,106:3916,107:4007,108:2874,109:3003,110:3119,111:3241,112:3280,113:3371,114:3464,115:3563,116:3709,117:3761,118:3933,119:3993,120:2874,121:3020,122:3102,123:3220,124:3288,125:3439,126:3484,127:3553,128:3731,129:3784,130:3913,131:3970,132:2935,133:2978,134:3096,135:3246,136:3320,137:3400,138:3491,139:3598,140:3676,141:3844,142:3945,143:3971,144:2921,145:2955,146:3147,147:3206,148:3337,149:3369,150:3452,151:3587,152:3684,153:3825,154:3914,155:4040,156:2945,157:3026,158:3095,159:3165,160:3255,161:3414,162:3483,163:3617,164:3741,165:3775,166:3913,167:4002,168:2933,169:2980,170:3149,171:3248,172:3349,173:3358,174:3505,175:3640,176:3712,177:3828,178:3916,179:3985,180:2903,181:3031,182:3088,183:3210,184:3271,185:3377,186:3509,187:3611,188:3719,189:3757,190:3942,191:3978,192:2850,193:3005,194:3069,195:3244,196:3266,197:3389,198:3451,199:3585,200:3718,201:3797,202:3856,203:4010,204:2860,205:2988,206:3103,207:3226,208:3272,209:3443,210:3493,211:3644,212:3744,213:3772,214:3929,215:4010,216:2898,217:2972,218:3099,219:3181,220:3326,221:3393,222:3488,223:3610,224:3677,225:3793,226:3897,227:4024,228:2886,229:2981,230:3073,231:3249,232:3298,233:3374,234:3494,235:3631,236:3669,237:3790,238:3851,239:3959,240:2911,241:2981,242:3119,243:3238,244:3290,245:3377,246:3455,247:3596,248:3651,249:3844,250:3918,251:3991,252:2887,253:3038,254:3145,255:3208,256:3308,257:3371,258:3540,259:3577,260:3737,261:3772,262:3886,263:4019,264:2890,265:2965,266:3138,267:3226,268:3290,269:3424,270:3519,271:3622,272:3683,273:3765,274:3863,275:4022,276:2877,277:2966,278:3104,279:3170,280:3322,281:3437,282:3461,283:3618,284:3698,285:3796,286:3852,287:3962,288:2927,289:2977,290:3130,291:3190,292:3339,293:3420,294:3507,295:3572,296:3713,297:3761,298:3915,299:4029,300:2948,301:3006,302:3114,303:3186,304:3336,305:3438,306:3538,307:3637,308:3728,309:3833,310:3919,311:3988,312:2943,313:2998,314:3070,315:3176,316:3294,317:3403,318:3487,319:3599,320:3657,321:3776,322:3867,323:4045,324:2945,325:2955,326:3099,327:3248,328:3269,329:3371,330:3542,331:3640,332:3665,333:3821,334:3936,335:4032,336:2907,337:3027,338:3078,339:3228,340:3307,341:3369,342:3497,343:3624,344:3696,345:3826,346:3892,347:3988,348:2948,349:3022,350:3097,351:3209,352:3320,353:3363,354:3532,355:3601,356:3689,357:3791,358:3925,359:4027
0:2908,1:2965,2:3094,3:3189,4:3276,5:3399,6:3500,7:3611,8:3742,9:3834,10:3899,11:4016,12:2892,13:2957,14:3103,15:3190,16:3320,17:3404,18:3492,19:3649,20:3697,21:3755,22:3902,23:3970,24:2935,25:2996,26:3146,27:3170,28:3349,29:3391,30:3500,31:3555,32:3733,33:3757,34:3896,35:3963,36:2946,37:3013,38:3073,39:3195,40:3320,41:3416,42:3462,43:3554,44:3682,45:3751,46:3944,47:3990,48:2914,49:3008,50:3113,51:3186,52:3312,53:3429,54:3537,55:3558,56:3697,57:3769,58:3939,59:4032,60:2937,61:3047,62:3141,63:3189,64:3341,65:3437,66:3470,67:3631,68:3747,69:3834,70:3870,71:4030,72:2936,73:3045,74:3096,75:3169,76:3324,77:3409,78:3492,79:3594,80:3679,81:3808,82:3940,83:3971,84:2921,85:2951,86:3060,87:3229,88:3305,89:3370,90:3527,91:3635,92:3743,93:3799,94:3927,95:3999,96:2872,97:2968,98:3058,99:3241,100:3322,101:3394,102:3523,103:3649,104:3696,105:3829,106:3885,107:4024,108:2874,109:2996,110:3128,111:3216,112:3334,113:3428,114:3540,115:3568,116:3746,117:3836,118:3862,119:4047,120:2909,121:2971,122:3057,123:3169,124:3330,125:3381,126:3489,127:3622,128:3671,129:3779,130:3907,131:4030,132:2938,133:2963,134:3137,135:3195,136:3297,137:3418,138:3530,139:3579,140:3653,141:3849,142:3914,143:3966,144:2903,145:2959,146:3096,147:3167,148:3262,149:3382,150:3470,151:3593,152:3673,153:3778,154:3907,155:4010,156:2907,157:3005,158:3128,159:3172,160:3274,161:3372,162:3488,163:3608,164:3700,165:3834,166:3929,167:3989,168:2871,169:3041,170:3084,171:3168,172:3294,173:3427,174:3530,175:3588,176:3697,177:3838,178:3930,179:3951,180:2878,181:2971,182:3132,183:3181,184:3308,185:3447,186:3548,187:3626,188:3743,189:3762,190:3861,191:3985,192:2931,193:2972,194:3131,195:3236,196:3315,197:3427,198:3482,199:3592,200:3699,201:3750,202:3899,203:3976,204:2883,205:3028,206:3085,207:3177,208:3254,209:3408,210:3459,211:3589,212:3692,213:3818,214:3905,215:4032,216:2937,217:2961,218:3083,219:3198,220:3340,221:3377,222:3489,223:3555,224:3700,225:3806,226:3899,227:4011,228:2858,229:2955,230:3124,231:3177,232:3318,233:3404,234:3471,235:3646,236:3669,237:3752,238:3854,239:3956,240:2884,241:3009,242:3101,243:3188,244:3318,245:3428,246:3528,247:3647,248:3659,249:3752,250:3927,251:4042,252:2903,253:3000,254:3107,255:3171,256:3258,257:3428,258:3544,259:3624,260:3681,261:3769,262:3862,263:3963,264:2938,265:2987,266:3092,267:3221,268:3254,269:3418,270:3476,271:3575,272:3699,273:3773,274:3947,275:4025,276:2936,277:3002,278:3143,279:3209,280:3302,281:3377,282:3474,283:3553,284:3724,285:3849,286:3929,287:3953,288:2938,289:3017,290:3078,291:3181,292:3252,293:3383,294:3474,295:3558,296:3691,297:3782,298:3945,299:3958,300:2900,301:2951,302:3079,303:3222,304:3267,305:3367,306:3452,307:3590,308:3715,309:3799,310:3908,311:3955,312:2892,313:3003,314:3120,315:3194,316:3272,317:3364,318:3457,319:3627,320:3680,321:3808,322:3946,323:4041,324:2900,325:2975,326:3134,327:3203,328:3314,329:3430,330:3451,331:3635,332:3712,333:3843,334:3870,335:4018,336:2891,337:3030,338:3097,339:3153,340:3330,341:3362,342:3518,343:3608,344:3704,345:3829,346:3877,347:4027,348:2888,349:3017,350:3090,351:3170,352:3292,353:3370,354:3501,355:3562,356:3714,357:3814,358:3907,359:4044
0:2934,1:2971,2:3121,3:3158,4:3287,5:3433,6:3491,7:3555,8:3665,9:3777,10:3879,11:3954,12:2861,13:3027,14:3104,15:3221,16:3285,17:3409,18:3538,19:3602,20:3666,21:3773,22:3916,23:4008,24:2870,25:3014,26:3089,27:3162,28:3346,29:3373,30:3452,31:3597,32:3689,33:3789,34:3871,35:3956,36:2875,37:2979,38:3058,39:3192,40:3313,41:3428,42:3476,43:3575,44:3671,45:3842,46:3923,47:4034,48:2866,49:2987,50:3100,51:3230,52:3334,53:3380,54:3515,55:3599,56:3693,57:3779,58:3898,59:4021,60:2936,61:3044,62:3089,63:3247,64:3255,65:3365,66:3538,67:3600,68:3715,69:3782,70:3912,71:4042,72:2898,73:2992,74:3103,75:3152,76:3308,77:3425,78:3462,79:3584,80:3717,81:3800,82:3886,83:3957,84:2863,85:2993,86:3106,87:3233,88:3275,89:3413,90:3504,91:3644,92:3720,93:3837,94:3893,95:3981,96:2945,97:3004,98:3121,99:3159,100:3332,101:3359,102:3483,103:3568,104:3658,105:3810,106:3858,107:4003,108:2932,109:2997,110:3107,111:3208,112:3303,113:3411,114:3516,115:3605,116:3731,117:3797,118:3891,119:4030,120:2858,121:2973,122:3115,123:3183,124:3315,125:3358,126:3547,127:3602,128:3682,129:3775,130:3905,131:3973,132:2938,133:2987,134:3137,135:3210,136:3279,137:3416,138:3483,139:3556,140:3687,141:3815,142:3897,143:3974,144:2942,145:3019,146:3078,147:3228,148:3253,149:3379,150:3499,151:3590,152:3681,153:3831,154:3903,155:4008,156:2870,157:2961,158:3130,159:3242,160:3301,161:3404,162:3489,163:3559,164:3700,165:3802,166:3886,167:4020,168:2864,169:2952,170:3123,171:3181,172:3276,173:3435,174:3451,175:3632,176:3719,177:3847,178:3865,179:3960,180:2914,181:2976,182:3143,183:3205,184:3286,185:3443,186:3511,187:3629,188:3706,189:3816,190:3873,191:4030,192:2898,193:3018,194:3059,195:3206,196:3254,197:3354,198:3520,199:3636,200:3665,201:3754,202:3884,203:3987,204:2888,205:2969,206:3097,207:3210,208:3291,209:3374,210:3528,211:3600,212:3671,213:3783,214:3923,215:4031,216:2895,217:2990,218:3065,219:3177,220:3251,221:3389,222:3498,223:3609,224:3717,225:3807,226:3904,227:3998,228:2936,229:3042,230:3092,231:3239,232:3348,233:3428,234:3535,235:3578,236:3669,237:3826,238:3938,239:3986,240:2892,241:2983,242:3060,243:3212,244:3334,245:3403,246:3522,247:3567,248:3681,249:3826,250:3905,251:3969,252:2865,253:3009,254:3125,255:3166,256:3298,257:3374,258:3473,259:3589,260:3716,261:3754,262:3938,263:3984,264:2879,265:3031,266:3066,267:3226,268:3256,269:3377,270:3514,271:3638,272:3666,273:3766,274:3853,275:4025,276:2926,277:2969,278:3056,279:3167,280:3269,281:3408,282:3470,283:3560,284:3743,285:3779,286:3920,287:4023,288:2850,289:2959,290:3125,291:3224,292:3306,293:3410,294:3545,295:3610,296:3708,297:3822,298:3898,299:4010,300:2929,301:2969,302:3091,303:3154,304:3259,305:3404,306:3526,307:3631,308:3729,309:3829,310:3903,311:4025,312:2919,313:3016,314:3135,315:3245,316:3305,317:3377,318:3455,319:3639,320:3655,321:3800,322:3935,323:3960,324:2850,325:2968,326:3134,327:3216,328:3291,329:3409,330:3525,331:3587,332:3683,333:3839,334:3861,335:4047,336:2917,337:3001,338:3089,339:3220,340:3301,341:3429,342:3450,343:3553,344:3716,345:3763,346:3854,347:4027,348:2907,349:2967,350:3079,351:3154,352:3330,353:3449,354:3471,355:3643,356:3731,357:3830,358:3909,359:4042
0:2926,1:2976,2:3129,3:3220,4:3259,5:3439,6:3484,7:3608,8:3721,9:3839,10:3895,11:4029,12:2943,13:3043,14:3142,15:3179,16:3270,17:3433,18:3454,19:3613,20:3658,21:3755,22:3903,23:4032,24:2850,25:2976,26:3086,27:3230,28:3256,29:3425,30:3469,31:3594,32:3725,33:3763,34:3872,35:3951,36:2860,37:3042,38:3107,39:3204,40:3271,41:3391,42:3468,43:3594,44:3706,45:3840,46:3859,47:4027,48:2909,49:2974,50:3072,51:3190,52:3292,53:3372,54:3501,55:3606,56:3650,57:3778,58:3862,59:3991,60:2902,61:3035,62:3122,63:3179,64:3297,65:3350,66:3471,67:3638,68:3678,69:3792,70:3933,71:4040,72:2857,73:2989,74:3147,75:3222,76:3307,77:3429,78:3457,79:3600,80:3677,81:3823,82:3858,83:3989,84:2930,85:3047,86:3068,87:3217,88:3303,89:3408,90:3512,91:3629,92:3744,93:3751,94:3880,95:3976,96:2922,97:2959,98:3126,99:3231,100:3332,101:3410,102:3454,103:3566,104:3694,105:3825,106:3870,107:4029,108:2925,109:3039,110:3126,111:3154,112:3342,113:3381,114:3516,115:3634,116:3671,117:3779,118:3921,119:4020,120:2893,121:2976,122:3068,123:3207,124:3288,125:3416,126:3529,127:3622,128:3701,129:3752,130:3861,131:4006,132:2931,133:3014,134:3126,135:3222,136:3346,137:3367,138:3469,139:3648,140:3748,141:3776,142:3919,143:4024,144:2925,145:3036,146:3126,147:3207,148:3254,149:3368,150:3469,151:3614,152:3707,153:3812,154:3939,155:4019,156:2903,157:2956,158:3056,159:3237,160:3331,161:3449,162:3454,163:3647,164:3682,165:3797,166:3908,167:4038,168:2939,169:3009,170:3070,171:3166,172:3299,173:3413,174:3514,175:3622,176:3667,177:3761,178:3923,179:4031,180:2944,181:2956,182:3085,183:3209,184:3333,185:3431,186:3501,187:3647,188:3705,189:3773,190:3886,191:3962,192:2864,193:2965,194:3080,195:3244,196:3308,197:3386,198:3542,199:3605,200:3667,201:3801,202:3907,203:3993,204:2947,205:3001,206:3100,207:3202,208:3319,209:3430,210:3463,211:3593,212:3679,213:3822,214:3912,215:4014,216:2882,217:3037,218:3123,219:3159,220:3347,221:3444,222:3465,223:3637,224:3728,225:3759,226:3902,227:3968,228:2895,229:2968,230:3108,231:3235,232:3300,233:3392,234:3495,235:3646,236:3699,237:3804,238:3907,239:3989,240:2939,241:2956,242:3125,243:3166,244:3293,245:3405,246:3465,247:3629,248:3690,249:3792,250:3915,251:3976,252:2942,253:2986,254:3113,255:3211,256:3284,257:3421,258:3450,259:3634,260:3747,261:3750,262:3852,263:3956,264:2940,265:3038,266:3083,267:3244,268:3293,269:3410,270:3496,271:3619,272:3715,273:3773,274:3905,275:4024,276:2909,277:2968,278:3054,279:3222,280:3309,281:3408,282:3497,283:3647,284:3743,285:3773,286:3859,287:3982,288:2881,289:2982,290:3122,291:3194,292:3343,293:3417,294:3522,295:3579,296:3741,297:3780,298:3887,299:3990,300:2872,301:3007,302:3073,303:3176,304:3313,305:3366,306:3496,307:3606,308:3682,309:3784,310:3910,311:3980,312:2874,313:2990,314:3135,315:3235,316:3313,317:3392,318:3546,319:3560,320:3735,321:3813,322:3910,323:3953,324:2944,325:3009,326:3092,327:3168,328:3284,329:3416,330:3506,331:3629,332:3668,333:3775,334:3893,335:4038,336:2896,337:2983,338:3128,339:3161,340:3322,341:3446,342:3521,343:3584,344:3688,345:3806,346:3872,347:3955,348:2924,349:2975,350:3147,351:3174,352:3316,353:3374,354:3468,355:3609,356:3666,357:3790,358:3902,359:3997
0:2948,1:2997,2:3101,3:3242,4:3324,5:3409,6:3464,7:3564,8:3651,9:3839,10:3933,11:4001,12:2887,13:3009,14:3135,15:3168,16:3258,17:3362,18:3474,19:3645,20:3748,21:3753,22:3881,23:4022,24:2925,25:3031,26:3149,27:3239,28:3278,29:3402,30:3486,31:3636,32:3655,33:3767,34:3937,35:4008,36:2853,37:2952,38:3109,39:3241,40:3310,41:3391,42:3491,43:3581,44:3686,45:3790,46:3895,47:4013,48:2866,49:2978,50:3130,51:3187,52:3323,53:3432,54:3547,55:3574,56:3686,57:3761,58:3940,59:4017,60:2894,61:2953,62:3092,63:3182,64:3260,65:3378,66:3482,67:3574,68:3665,69:3818,70:3909,71:3970,72:2937,73:3010,74:3093,75:3213,76:3262,77:3426,78:3493,79:3617,80:3744,81:3818,82:3913,83:3970,84:2892,85:2999,86:3146,87:3217,88:3322,89:3377,90:3461,91:3590,92:3656,93:3802,94:3854,95:4043,96:2928,97:2973,98:3111,99:3208,100:3291,101:3404,102:3520,103:3633,104:3739,105:3830,106:3943,107:4019,108:2888,109:3019,110:3059,111:3220,112:3262,113:3443,114:3524,115:3589,116:3743,117:3770,118:3929,119:4024,120:2865,121:3014,122:3079,123:3200,124:3329,125:3368,126:3510,127:3613,128:3678,129:3845,130:3863,131:4031,132:2929,133:2950,134:3099,135:3176,136:3309,137:3386,138:3506,139:3579,140:3662,141:3828,142:3874,143:4021,144:2923,145:3030,146:3112,147:3176,148:3345,149:3356,150:3472,151:3558,152:3652,153:3764,154:3871,155:4001,156:2869,157:3014,158:3057,159:3237,160:3323,161:3411,162:3456,163:3560,164:3742,165:3828,166:3861,167:3976,168:2936,169:3004,170:3143,171:3225,172:3315,173:3441,174:3469,175:3602,176:3734,177:3758,178:3899,179:4036,180:2934,181:3034,182:3122,183:3246,184:3322,185:3408,186:3508,187:3568,188:3688,189:3807,190:3862,191:3955,192:2910,193:3029,194:3112,195:3201,196:3267,197:3357,198:3511,199:3607,200:3702,201:3762,202:3922,203:3986,204:2855,205:2991,206:3113,207:3224,208:3255,209:3445,210:3497,211:3552,212:3709,213:3846,214:3908,215:4028,216:2936,217:3017,218:3103,219:3191,220:3279,221:3367,222:3502,223:3607,224:3656,225:3776,226:3916,227:3956,228:2863,229:3007,230:3103,231:3213,232:3340,233:3438,234:3487,235:3578,236:3686,237:3772,238:3919,239:3966,240:2877,241:3004,242:3134,243:3176,244:3295,245:3444,246:3473,247:3627,248:3711,249:3812,250:3911,251:4016,252:2871,253:2957,254:3079,255:3239,256:3289,257:3382,258:3471,259:3619,260:3724,261:3825,262:3872,263:3974,264:2889,265:2973,266:3105,267:3176,268:3329,269:3394,270:3452,271:3577,272:3657,273:3752,274:3884,275:4028,276:2903,277:3014,278:3073,279:3226,280:3347,281:3358,282:3500,283:3622,284:3707,285:3837,286:3863,287:3989,288:2870,289:3049,290:3149,291:3187,292:3299,293:3410,294:3490,295:3603,296:3669,297:3765,298:3938,299:3994,300:2931,301:3036,302:3101,303:3229,304:3280,305:3404,306:3520,307:3569,308:3660,309:3822,310:3916,311:4008,312:2865,313:2977,314:3125,315:3207,316:3289,317:3388,318:3451,319:3641,320:3652,321:3808,322:3939,323:3981,324:2891,325:2984,326:3074,327:3168,328:3327,329:3422,330:3548,331:3638,332:3736,333:3848,334:3943,335:4019,336:2894,337:2951,338:3118,339:3226,340:3306,341:3397,342:3483,343:3595,344:3717,345:3836,346:3870,347:3984,348:2886,349:2988,350:3059,351:3203,352:3311,353:3429,354:3519,355:3627,356:3701,357:3822,358:3900,359:4046
0:2865,1:2974,2:3102,3:3160,4:3264,5:3363,6:3457,7:3644,8:3736,9:3775,10:3873,11:3992,12:2874,13:2963,14:3099,15:3194,16:3255,17:3411,18:3489,19:3591,20:3663,21:3783,22:3935,23:3951,24:2941,25:2966,26:3064,27:3162,28:3266,29:3366,30:3508,31:3560,32:3676,33:3760,34:3897,35:4010,36:2906,37:3033,38:3077,39:3161,40:3289,41:3382,42:3529,43:3602,44:3689,45:3842,46:3889,47:4009,48:2944,49:3030,50:3098,51:3204,52:3259,53:3447,54:3507,55:3557,56:3665,57:3788,58:3858,59:3985,60:2906,61:2996,62:3142,63:3175,64:3259,65:3431,66:3482,67:3637,68:3676,69:3817,70:3945,71:4017,72:2928,73:3031,74:3141,75:3157,76:3280,77:3426,78:3487,79:3581,80:3737,81:3785,82:3877,83:3983,84:2878,85:2989,86:3077,87:3192,88:3315,89:3430,90:3530,91:3611,92:3680,93:3816,94:3910,95:3986,96:2883,97:3014,98:3138,99:3152,100:3295,101:3364,102:3455,103:3574,104:3723,105:3848,106:3874,107:3963,108:2879,109:2987,110:3064,111:3183,112:3256,113:3358,114:3520,115:3637,116:3657,117:3808,118:3900,119:3992,120:2917,121:2974,122:3142,123:3169,124:3300,125:3445,126:3538,127:3617,128:3691,129:3825,130:3904,131:3985,132:2935,133:2979,134:3051,135:3177,136:3263,137:3388,138:3459,139:3603,140:3665,141:3799,142:3881,143:3950,144:2929,145:2995,146:3139,147:3182,148:3288,149:3410,150:3549,151:3623,152:3722,153:3830,154:3906,155:4025,156:2924,157:3046,158:3117,159:3169,160:3293,161:3405,162:3451,163:3620,164:3731,165:3780,166:3872,167:4034,168:2874,169:2950,170:3125,171:3218,172:3310,173:3357,174:3495,175:3618,176:3676,177:3839,178:3926,179:3967,180:2885,181:3023,182:3055,183:3182,184:3252,185:3397,186:3513,187:3620,188:3657,189:3840,190:3875,191:4038,192:2909,193:3049,194:3135,195:3227,196:3286,197:3424,198:3477,199:3550,200:3708,201:3833,202:3929,203:4024,204:2885,205:3014,206:3145,207:3214,208:3311,209:3427,210:3487,211:3625,212:3724,213:3784,214:3883,215:4045,216:2870,217:3038,218:3113,219:3175,220:3303,221:3395,222:3502,223:3564,224:3665,225:3821,226:3852,227:4027,228:2923,229:3002,230:3132,231:3218,232:3295,233:3422,234:3452,235:3592,236:3700,237:3771,238:3906,239:4017,240:2884,241:3046,242:3101,243:3239,244:3313,245:3367,246:3475,247:3646,248:3709,249:3750,250:3889,251:4002,252:2900,253:3047,254:3074,255:3198,256:3264,257:3399,258:3465,259:3577,260:3668,261:3809,262:3890,263:3988,264:2854,265:2999,266:3122,267:3188,268:3293,269:3377,270:3502,271:3566,272:3745,273:3815,274:3926,275:3982,276:2879,277:2957,278:3120,279:3177,280:3285,281:3427,282:3532,283:3596,284:3702,285:3756,286:3909,287:3991,288:2917,289:2985,290:3064,291:3155,292:3298,293:3396,294:3528,295:3581,296:3731,297:3817,298:3894,299:4030,300:2855,301:3019,302:3127,303:3175,304:3275,305:3435,306:3500,307:3563,308:3738,309:3753,310:3899,311:4001,312:2920,313:2974,314:3073,315:3181,316:3345,317:3390,318:3522,319:3606,320:3677,321:3837,322:3872,323:3993,324:2910,325:3014,326:3112,327:3172,328:3296,329:3411,330:3540,331:3649,332:3746,333:3838,334:3910,335:3988,336:2919,337:2992,338:3115,339:3242,340:3335,341:3358,342:3518,343:3561,344:3697,345:3786,346:3878,347:4037,348:2855,349:3048,350:3144,351:3153,352:3275,353:3438,354:3505,355:3634,356:3705,357:3836,358:3945,359:3966
0:2896,1:2967,2:3114,3:3213,4:3305,5:3359,6:3481,7:3619,8:3733,9:3829,10:3855,11:4040,12:2919,13:3013,14:3089,15:3212,16:3335,17:3382,18:3461,19:3638,20:3741,21:3762,22:3892,23:4001,24:2863,25:3024,26:3072,27:3171,28:3302,29:3420,30:3457,31:3627,32:3738,33:3756,34:3916,35:3966,36:2915,37:2994,38:3068,39:3220,40:3265,41:3387,42:3479,43:3604,44:3691,45:3751,46:3865,47:4049,48:2895,49:2971,50:3134,51:3174,52:3309,53:3413,54:3510,55:3554,56:3701,57:3769,58:3904,59:4024,60:2877,61:2959,62:3090,63:3189,64:3302,65:3354,66:3545,67:3649,68:3721,69:3815,70:3920,71:4018,72:2942,73:3010,74:3067,75:3179,76:3344,77:3406,78:3513,79:3593,80:3659,81:3794,82:3904,83:3965,84:2921,85:2963,86:3112,87:3209,88:3276,89:3387,90:3523,91:3608,92:3677,93:3757,94:3949,95:4010,96:2887,97:3019,98:3125,99:3218,100:3326,101:3404,102:3543,103:3559,104:3745,105:3799,106:3861,107:4049,108:2935,109:3025,110:3084,111:3180,112:3281,113:3448,114:3548,115:3607,116:3700,117:3825,118:3877,119:3998,120:2942,121:3001,122:3081,123:3152,124:3336,125:3422,126:3529,127:3619,128:3709,129:3770,130:3930,131:4017,132:2879,133:3030,134:3113,135:3233,136:3258,137:3427,138:3518,139:3561,140:3672,141:3820,142:3901,143:3961,144:2931,145:2971,146:3058,147:3180,148:3322,149:3427,150:3539,151:3617,152:3723,153:3764,154:3897,155:4040,156:2933,157:2996,158:3060,159:3186,160:3305,161:3399,162:3458,163:3626,164:3720,165:3811,166:3928,167:3973,168:2889,169:2985,170:3091,171:3152,172:3273,173:3380,174:3454,175:3584,176:3680,177:3798,178:3862,179:3968,180:2883,181:3000,182:3051,183:3187,184:3305,185:3400,186:3473,187:3579,188:3745,189:3789,190:3877,191:4041,192:2876,193:2962,194:3149,195:3215,196:3338,197:3369,198:3492,199:3574,200:3723,201:3811,202:3921,203:4043,204:2850,205:3027,206:3102,207:3164,208:3287,209:3385,210:3461,211:3556,212:3706,213:3805,214:3870,215:3960,216:2850,217:2960,218:3083,219:3196,220:3265,221:3363,222:3502,223:3602,224:3725,225:3836,226:3887,227:4036,228:2928,229:3028,230:3116,231:3247,232:3294,233:3357,234:3530,235:3640,236:3719,237:3790,238:3897,239:3973,240:2890,241:2982,242:3057,243:3156,244:3300,245:3441,246:3478,247:3617,248:3703,249:3809,250:3878,251:3980,252:2928,253:2983,254:3106,255:3190,256:3273,257:3367,258:3475,259:3556,260:3736,261:3761,262:3898,263:4007,264:2866,265:2950,266:3113,267:3196,268:3266,269:3390,270:3491,271:3630,272:3726,273:3848,274:3882,275:4010,276:2906,277:3045,278:3055,279:3167,280:3296,281:3374,282:3546,283:3623,284:3657,285:3842,286:3927,287:4038,288:2892,289:3023,290:3121,291:3206,292:3266,293:3374,294:3526,295:3633,296:3719,297:3775,298:3942,299:3959,300:2853,301:2988,302:3053,303:3154,304:3271,305:3383,306:3470,307:3621,308:3713,309:3788,310:3876,311:4025,312:2942,313:2988,314:3068,315:3240,316:3332,317:3429,318:3488,319:3627,320:3654,321:3768,322:3919,323:4048,324:2910,325:2979,326:3079,327:3247,328:3331,329:3422,330:3505,331:3616,332:3732,333:3839,334:3894,335:4019,336:2927,337:2955,338:3144,339:3222,340:3324,341:3389,342:3468,343:3571,344:3709,345:3756,346:3890,347:4018,348:2927,349:2964,350:3105,351:3176,352:3293,353:3386,354:3457,355:3611,356:3684,357:3839,358:3905,359:4031
0:2948,1:3030,2:3112,3:3231,4:3311,5:3436,6:3482,7:3565,8:3747,9:3759,10:3942,11:4027,12:2882,13:3042,14:3108,15:3165,16:3320,17:3423,18:3486,19:3558,20:3702,21:3827,22:3871,23:3978,24:2902,25:3018,26:3058,27:3212,28:3302,29:3359,30:3498,31:3629,32:3663,33:3812,34:3925,35:4018,36:2851,37:3033,38:3101,39:3193,40:3336,41:3430,42:3462,43:3620,44:3703,45:3790,46:3911,47:3995,48:2918,49:3012,50:3088,51:3236,52:3275,53:3371,54:3462,55:3600,56:3738,57:3787,58:3937,59:4035,60:2913,61:2966,62:3082,63:3218,64:3305,65:3400,66:3496,67:3566,68:3747,69:3788,70:3857,71:3963,72:2856,73:2967,74:3086,75:3217,76:3338,77:3380,78:3453,79:3605,80:3712,81:3770,82:3937,83:3996,84:2866,85:3020,86:3086,87:3175,88:3345,89:3374,90:3548,91:3608,92:3734,93:3798,94:3863,95:3966,96:2900,97:2977,98:3072,99:3165,100:3295,101:3361,102:3547,103:3614,104:3728,105:3814,106:3890,107:3969,108:2862,109:2995,110:3066,111:3213,112:3283,113:3403,114:3455,115:3589,116:3661,117:3833,118:3874,119:3969,120:2859,121:3038,122:3118,123:3175,124:3275,125:3442,126:3481,127:3637,128:3698,129:3780,130:3877,131:4049,132:2861,133:2971,134:3100,135:3234,136:3301,137:3436,138:3543,139:3587,140:3749,141:3839,142:3922,143:3955,144:2870,145:2999,146:3121,147:3160,148:3309,149:3370,150:3493,151:3637,152:3691,153:3807,154:3943,155:3986,156:2898,157:3029,158:3117,159:3177,160:3305,161:3397,162:3513,163:3642,164:3695,165:3838,166:3899,167:4026,168:2926,169:3002,170:3109,171:3231,172:3345,173:3444,174:3484,175:3620,176:3737,177:3764,178:3898,179:3962,180:2869,181:2986,182:3143,183:3248,184:3317,185:3418,186:3466,187:3634,188:3692,189:3778,190:3852,191:4019,192:2912,193:2999,194:3113,195:3189,196:3305,197:3355,198:3478,199:3584,200:3691,201:3841,202:3868,203:4037,204:2861,205:2987,206:3107,207:3215,208:3301,209:3409,210:3482,211:3573,212:3674,213:3819,214:3856,215:3953,216:2905,217:2953,218:3055,219:3236,220:3267,221:3356,222:3491,223:3634,224:3683,225:3840,226:3914,227:4039,228:2863,229:2993,230:3113,231:3188,232:3327,233:3444,234:3494,235:3596,236:3672,237:3803,238:3901,239:4034,240:2879,241:2991,242:3108,243:3208,244:3334,245:3438,246:3511,247:3553,248:3745,249:3792,250:3879,251:4001,252:2854,253:3008,254:3050,255:3199,256:3292,257:3377,258:3465,259:3564,260:3747,261:3805,262:3859,263:3983,264:2886,265:2962,266:3124,267:3242,268:3277,269:3406,270:3494,271:3625,272:3712,273:3755,274:3910,275:4020,276:2913,277:2999,278:3094,279:3236,280:3328,281:3442,282:3475,283:3588,284:3658,285:3799,286:3936,287:3994,288:2879,289:2994,290:3148,291:3214,292:3297,293:3387,294:3522,295:3556,296:3749,297:3767,298:3903,299:3987,300:2900,301:2980,302:3067,303:3231,304:3257,305:3357,306:3503,307:3647,308:3655,309:3844,310:3870,311:3959,312:2911,313:2993,314:3077,315:3197,316:3270,317:3416,318:3450,319:3632,320:3659,321:3795,322:3936,323:4035,324:2916,325:2972,326:3071,327:3151,328:3310,329:3438,330:3477,331:3644,332:3654,333:3783,334:3897,335:4013,336:2910,337:2978,338:3052,339:3168,340:3286,341:3350,342:3529,343:3616,344:3720,345:3795,346:3927,347:3978,348:2878,349:3020,350:3104,351:3217,352:3300,353:3407,354:3475,355:3555,356:3681,357:3761,358:3877,359:3992
0:2920,1:3010,2:3089,3:3240,4:3345,5:3363,6:3483,7:3633,8:3682,9:3824,10:3851,11:4019,12:2909,13:2999,14:3140,15:3173,16:3345,17:3418,18:3543,19:3585,20:3727,21:3800,22:3913,23:3991,24:2894,25:2996,26:3060,27:3202,28:3267,29:3351,30:3487,31:3612,32:3729,33:3818,34:3890,35:4031,36:2941,37:2952,38:3088,39:3153,40:3297,41:3436,42:3480,43:3572,44:3672,45:3759,46:3930,47:3961,48:2873,49:3033,50:3080,51:3210,52:3290,53:3421,54:3530,55:3560,56:3666,57:3787,58:3901,59:4040,60:2936,61:2997,62:3075,63:3207,64:3343,65:3354,66:3489,67:3628,68:3740,69:3838,70:3937,71:4026,72:2850,73:2963,74:3069,75:3218,76:3284,77:3423,78:3454,79:3570,80:3650,81:3847,82:3886,83:3952,84:2922,85:3008,86:3110,87:3207,88:3316,89:3428,90:3522,91:3643,92:3692,93:3762,94:3908,95:3999,96:2867,97:2986,98:3097,99:3199,100:3311,101:3449,102:3465,103:3644,104:3683,105:3755,106:3926,107:4039,108:2948,109:3040,110:3117,111:3191,112:3330,113:3406,114:3467,115:3577,116:3683,117:3829,118:3913,119:3976,120:2921,121:2963,122:3086,123:3195,124:3286,125:3391,126:3524,127:3616,128:3722,129:3823,130:3900,131:4006,132:2861,133:3047,134:3063,135:3152,136:3282,137:3399,138:3533,139:3564,140:3672,141:3838,142:3926,143:4027,144:2900,145:2961,146:3112,147:3151,148:3258,149:3433,150:3521,151:3619,152:3655,153:3790,154:3922,155:3994,156:2910,157:2951,158:3082,159:3228,160:3283,161:3367,162:3500,163:3599,164:3713,165:3823,166:3903,167:4045,168:2930,169:2977,170:3097,171:3212,172:3272,173:3402,174:3512,175:3631,176:3663,177:3763,178:3854,179:4016,180:2931,181:2955,182:3104,183:3205,184:3308,185:3357,186:3510,187:3598,188:3712,189:3763,190:3911,191:4025,192:2895,193:2998,194:3054,195:3227,196:3273,197:3373,198:3532,199:3627,200:3653,201:3766,202:3910,203:4031,204:2928,205:2979,206:3078,207:3218,208:3330,209:3355,210:3499,211:3635,212:3658,213:3775,214:3850,215:4007,216:2925,217:2981,218:3052,219:3159,220:3253,221:3381,222:3523,223:3622,224:3686,225:3792,226:3913,227:4037,228:2905,229:3008,230:3106,231:3233,232:3269,233:3448,234:3481,235:3555,236:3701,237:3804,238:3915,239:4043,240:2903,241:3011,242:3146,243:3224,244:3341,245:3357,246:3541,247:3620,248:3723,249:3772,250:3921,251:4035,252:2911,253:2963,254:3126,255:3186,256:3335,257:3414,258:3493,259:3591,260:3673,261:3791,262:3948,263:3998,264:2936,265:3006,266:3102,267:3167,268:3345,269:3419,270:3514,271:3586,272:3669,273:3843,274:3859,275:3964,276:2948,277:2958,278:3068,279:3247,280:3321,281:3422,282:3528,283:3603,284:3658,285:3771,286:3938,287:3975,288:2872,289:2978,290:3104,291:3189,292:3323,293:3403,294:3520,295:3587,296:3687,297:3771,298:3868,299:4026,300:2895,301:3021,302:3094,303:3203,304:3304,305:3407,306:3454,307:3610,308:3660,309:3836,310:3932,311:4045,312:2853,313:3038,314:3130,315:3198,316:3307,317:3444,318:3495,319:3627,320:3688,321:3781,322:3926,323:4037,324:2933,325:2964,326:3148,327:3218,328:3320,329:3384,330:3491,331:3568,332:3669,333:3830,334:3902,335:4040,336:2901,337:2968,338:3073,339:3170,340:3316,341:3397,342:3464,343:3554,344:3705,345:3839,346:3923,347:4023,348:2930,349:2976,350:3107,351:3246,352:3310,353:3372,354:3490,355:3553,356:3729,357:3803,358:3934,359:3961
0:2906,1:2969,2:3115,3:3181,4:3316,5:3429,6:3457,7:3567,8:3670,9:3804,10:3870,11:4007,12:2876,13:3015,14:3074,15:3213,16:3264,17:3445,18:3541,19:3633,20:3702,21:3836,22:3900,23:4041,24:2937,25:2995,26:3051,27:3233,28:3317,29:3364,30:3541,31:3644,32:3682,33:3837,34:3948,35:4037,36:2904,37:3031,38:3145,39:3185,40:3254,41:3448,42:3534,43:3571,44:3700,45:3767,46:3874,47:3976,48:2870,49:3016,50:3100,51:3226,52:3318,53:3408,54:3546,55:3609,56:3704,57:3785,58:3941,59:3990,60:2945,61:2969,62:3136,63:3172,64:3328,65:3373,66:3487,67:3606,68:3670,69:3754,70:3874,71:4019,72:2895,73:2996,74:3142,75:3234,76:3349,77:3364,78:3537,79:3642,80:3710,81:3768,82:3931,83:4048,84:2862,85:3047,86:3091,87:3164,88:3344,89:3417,90:3460,91:3550,92:3671,93:3840,94:3912,95:4001,96:2883,97:2970,98:3124,99:3218,100:3296,101:3400,102:3517,103:3601,104:3731,105:3816,106:3911,107:4016,108:2914,109:3026,110:3086,111:3192,112:3267,113:3442,114:3475,115:3595,116:3723,117:3811,118:3866,119:3984,120:2925,121:3016,122:3087,123:3221,124:3270,125:3358,126:3488,127:3554,128:3697,129:3789,130:3915,131:3969,132:2920,133:2968,134:3140,135:3186,136:3302,137:3373,138:3506,139:3595,140:3746,141:3808,142:3931,143:3955,144:2908,145:2991,146:3120,147:3151,148:3318,149:3355,150:3475,151:3594,152:3723,153:3849,154:3919,155:3988,156:2942,157:3040,158:3052,159:3174,160:3263,161:3355,162:3484,163:3611,164:3748,165:3804,166:3931,167:3958,168:2941,169:2964,170:3084,171:3170,172:3334,173:3377,174:3534,175:3575,176:3653,177:3842,178:3892,179:4014,180:2934,181:3010,182:3085,183:3233,184:3293,185:3368,186:3458,187:3622,188:3692,189:3777,190:3937,191:3986,192:2941,193:2986,194:3121,195:3169,196:3263,197:3369,198:3510,199:3609,200:3691,201:3802,202:3875,203:3985,204:2932,205:3008,206:3104,207:3181,208:3276,209:3387,210:3515,211:3565,212:3661,213:3790,214:3939,215:4005,216:2935,217:2969,218:3108,219:3163,220:3309,221:3405,222:3537,223:3606,224:3683,225:3832,226:3879,227:4006,228:2946,229:3049,230:3062,231:3249,232:3323,233:3413,234:3505,235:3553,236:3672,237:3812,238:3931,239:3989,240:2896,241:2979,242:3083,243:3239,244:3298,245:3419,246:3491,247:3608,248:3658,249:3803,250:3880,251:4006,252:2913,253:2954,254:3119,255:3175,256:3279,257:3365,258:3477,259:3562,260:3663,261:3773,262:3881,263:3984,264:2885,265:2986,266:3124,267:3183,268:3287,269:3424,270:3517,271:3629,272:3741,273:3798,274:3940,275:3988,276:2875,277:2961,278:3111,279:3244,280:3339,281:3379,282:3464,283:3582,284:3655,285:3833,286:3937,287:4000,288:2865,289:2998,290:3138,291:3182,292:3256,293:3409,294:3534,295:3560,296:3716,297:3759,298:3925,299:3998,300:2935,301:3013,302:3072,303:3202,304:3255,305:3401,306:3517,307:3562,308:3670,309:3754,310:3948,311:3950,312:2893,313:2995,314:3143,315:3204,316:3342,317:3412,318:3493,319:3636,320:3719,321:3768,322:3883,323:4007,324:2899,325:2988,326:3098,327:3169,328:3253,329:3426,330:3478,331:3557,332:3680,333:3828,334:3854,335:3995,336:2920,337:3030,338:3050,339:3177,340:3260,341:3353,342:3518,343:3577,344:3743,345:3814,346:3899,347:3979,348:2929,349:3025,350:3074,351:3231,352:3304,353:3360,354:3462,355:3607,356:3710,357:3824,358:3912,359:4043
0:2884,1:3030,2:3095,3:3220,4:3260,5:3428,6:3530,7:3557,8:3700,9:3799,10:3924,11:4038,12:2856,13:3013,14:3100,15:3246,16:3286,17:3375,18:3500,19:3619,20:3665,21:3839,22:3937,23:3956,24:2943,25:2960,26:3126,27:3203,28:3332,29:3383,30:3536,31:3580,32:3708,33:3750,34:3942,35:3962,36:2903,37:2956,38:3079,39:3176,40:3268,41:3431,42:3507,43:3626,44:3674,45:3768,46:3887,47:4033,48:2915,49:2990,50:3095,51:3218,52:3293,53:3384,54:3481,55:3628,56:3673,57:3778,58:3886,59:4017,60:2901,61:2986,62:3148,63:3192,64:3314,65:3381,66:3518,67:3631,68:3704,69:3781,70:3875,71:3996,72:2941,73:2970,74:3051,75:3242,76:3274,77:3440,78:3532,79:3593,80:3669,81:3813,82:3926,83:4008,84:2937,85:3035,86:3116,87:3174,88:3314,89:3398,90:3497,91:3640,92:3703,93:3757,94:3921,95:3952,96:2854,97:3024,98:3089,99:3233,100:3273,101:3378,102:3456,103:3584,104:3652,105:3849,106:3870,107:4011,108:2932,109:2988,110:3146,111:3190,112:3274,113:3415,114:3463,115:3634,116:3698,117:3825,118:3920,119:4043,120:2870,121:3048,122:3119,123:3180,124:3283,125:3410,126:3537,127:3623,128:3653,129:3768,130:3907,131:4000,132:2932,133:2993,134:3143,135:3211,136:3349,137:3441,138:3526,139:3563,140:3697,141:3756,142:3857,143:3977,144:2894,145:3030,146:3087,147:3228,148:3286,149:3411,150:3530,151:3649,152:3674,153:3750,154:3933,155:4048,156:2934,157:2997,158:3140,159:3242,160:3263,161:3390,162:3523,163:3625,164:3669,165:3750,166:3943,167:3951,168:2882,169:3034,170:3071,171:3213,172:3300,173:3353,174:3527,175:3583,176:3667,177:3839,178:3925,179:4038,180:2906,181:3041,182:3126,183:3213,184:3292,185:3436,186:3498,187:3636,188:3671,189:3754,190:3933,191:4047,192:2930,193:2952,194:3084,195:3165,196:3257,197:3419,198:3512,199:3611,200:3689,201:3775,202:3945,203:4037,204:2916,205:2992,206:3094,207:3172,208:3340,209:3351,210:3544,211:3628,212:3729,213:3839,214:3912,215:4011,216:2938,217:3011,218:3089,219:3162,220:3273,221:3365,222:3505,223:3624,224:3685,225:3768,226:3855,227:4021,228:2871,229:2969,230:3126,231:3192,232:3275,233:3431,234:3515,235:3588,236:3677,237:3803,238:3923,239:4040,240:2915,241:2993,242:3122,243:3215,244:3289,245:3426,246:3455,247:3581,248:3695,249:3759,250:3920,251:4037,252:2856,253:3032,254:3138,255:3231,256:3325,257:3430,258:3501,259:3582,260:3723,261:3758,262:3929,263:3978,264:2887,265:3004,266:3120,267:3246,268:3296,269:3438,270:3514,271:3647,272:3654,273:3824,274:3936,275:3997,276:2920,277:2989,278:3081,279:3197,280:3317,281:3381,282:3459,283:3613,284:3708,285:3841,286:3887,287:4011,288:2893,289:3029,290:3083,291:3234,292:3323,293:3417,294:3502,295:3638,296:3656,297:3828,298:3895,299:3990,300:2871,301:3012,302:3102,303:3170,304:3287,305:3364,306:3464,307:3562,308:3720,309:3837,310:3894,311:3953,312:2940,313:3004,314:3125,315:3247,316:3310,317:3365,318:3548,319:3615,320:3746,321:3774,322:3883,323:3995,324:2934,325:3027,326:3080,327:3241,328:3303,329:3448,330:3476,331:3636,332:3662,333:3823,334:3943,335:3974,336:2913,337:2998,338:3050,339:3247,340:3324,341:3432,342:3460,343:3572,344:3704,345:3849,346:3871,347:3967,348:2915,349:3015,350:3092,351:3223,352:3275,353:3365,354:3491,355:3594,356:3691,357:3766,358:3944,359:4022
0:2933,1:3033,2:3094,3:3173,4:3256,5:3372,6:3478,7:3599,8:3732,9:3781,10:3881,11:3952,12:2942,13:2951,14:3109,15:3226,16:3294,17:3410,18:3529,19:3619,20:3698,21:3825,22:3918,23:3967,24:2932,25:2984,26:3102,27:3232,28:3264,29:3391,30:3546,31:3580,32:3664,33:3829,34:3940,35:4021,36:2882,37:3018,38:3136,39:3217,40:3348,41:3426,42:3465,43:3557,44:3727,45:3827,46:3919,47:3961,48:2877,49:2971,50:3051,51:3208,52:3345,53:3373,54:3513,55:3603,56:3719,57:3838,58:3938,59:3967,60:2871,61:2987,62:3122,63:3216,64:3340,65:3353,66:3452,67:3622,68:3666,69:3815,70:3948,71:3968,72:2862,73:3013,74:3143,75:3224,76:3329,77:3432,78:3509,79:3558,80:3650,81:3796,82:3921,83:3969,84:2895,85:2986,86:3096,87:3186,88:3274,89:3409,90:3468,91:3593,92:3719,93:3784,94:3861,95:3999,96:2865,97:2977,98:3095,99:3185,100:3346,101:3446,102:3505,103:3557,104:3683,105:3816,106:3890,107:3979,108:2899,109:2962,110:3103,111:3158,112:3283,113:3399,114:3535,115:3606,116:3686,117:3782,118:3901,119:3994,120:2940,121:3021,122:3139,123:3197,124:3311,125:3407,126:3510,127:3630,128:3686,129:3760,130:3908,131:3963,132:2882,133:3020,134:3146,135:3235,136:3345,137:3404,138:3452,139:3573,140:3659,141:3803,142:3946,143:4041,144:2947,145:2983,146:3110,147:3233,148:3331,149:3363,150:3523,151:3551,152:3663,153:3847,154:3939,155:3999,156:2865,157:2986,158:3086,159:3234,160:3261,161:3436,162:3545,163:3550,164:3710,165:3762,166:3879,167:4040,168:2915,169:3023,170:3130,171:3181,172:3311,173:3375,174:3545,175:3573,176:3677,177:3763,178:3915,179:4040,180:2910,181:2957,182:3111,183:3186,184:3252,185:3444,186:3488,187:3582,188:3745,189:3763,190:3937,191:4017,192:2863,193:2993,194:3147,195:3154,196:3338,197:3392,198:3486,199:3551,200:3727,201:3780,202:3932,203:4015,204:2942,205:2990,206:3093,207:3225,208:3277,209:3423,210:3493,211:3603,212:3736,213:3750,214:3915,215:4016,216:2911,217:3010,218:3148,219:3236,220:3288,221:3364,222:3545,223:3556,224:3690,225:3776,226:3944,227:4031,228:2881,229:2972,230:3055,231:3246,232:3321,233:3374,234:3519,235:3593,236:3665,237:3845,238:3854,239:4043,240:2872,241:3048,242:3105,243:3188,244:3294,245:3434,246:3487,247:3619,248:3728,249:3841,250:3889,251:4024,252:2854,253:3015,254:3077,255:3188,256:3261,257:3425,258:3516,259:3610,260:3652,261:3792,262:3907,263:4004,264:2945,265:3028,266:3070,267:3243,268:3328,269:3354,270:3488,271:3624,272:3691,273:3823,274:3889,275:4022,276:2881,277:3034,278:3143,279:3162,280:3316,281:3395,282:3544,283:3568,284:3724,285:3827,286:3920,287:3961,288:2894,289:3046,290:3124,291:3159,292:3251,293:3440,294:3539,295:3580,296:3718,297:3846,298:3875,299:3958,300:2871,301:2974,302:3097,303:3158,304:3283,305:3437,306:3497,307:3625,308:3737,309:3811,310:3919,311:3996,312:2908,313:2951,314:3078,315:3226,316:3345,317:3358,318:3529,319:3574,320:3657,321:3767,322:3864,323:4006,324:2907,325:3040,326:3063,327:3186,328:3342,329:3410,330:3513,331:3559,332:3727,333:3792,334:3926,335:3963,336:2866,337:2989,338:3131,339:3172,340:3268,341:3366,342:3513,343:3554,344:3690,345:3841,346:3900,347:4011,348:2949,349:2962,350:3140,351:3155,352:3288,353:3411,354:3521,355:3595,356:3711,357:3780,358:3911,359:3967
0:2887,1:2993,2:3071,3:3182,4:3329,5:3447,6:3481,7:3619,8:3700,9:3757,10:3899,11:3958,12:2925,13:2996,14:3098,15:3213,16:3334,17:3447,18:3510,19:3647,20:3696,21:3803,22:3878,23:4046,24:2900,25:3034,26:3077,27:3160,28:3301,29:3396,30:3540,31:3617,32:3678,33:3765,34:3918,35:3964,36:2903,37:2970,38:3132,39:3152,40:3279,41:3408,42:3534,43:3607,44:3661,45:3753,46:3851,47:3978,48:2900,49:3028,50:3074,51:3170,52:3325,53:3363,54:3531,55:3564,56:3674,57:3835,58:3889,59:4023,60:2946,61:2997,62:3057,63:3154,64:3283,65:3351,66:3452,67:3619,68:3733,69:3774,70:3872,71:3959,72:2896,73:3033,74:3095,75:3197,76:3271,77:3435,78:3469,79:3616,80:3662,81:3840,82:3905,83:4041,84:2854,85:2991,86:3077,87:3213,88:3330,89:3366,90:3531,91:3621,92:3747,93:3808,94:3884,95:3997,96:2922,97:2966,98:3143,99:3186,100:3329,101:3447,102:3494,103:3577,104:3668,105:3831,106:3924,107:3958,108:2930,109:3035,110:3115,111:3154,112:3263,113:3388,114:3540,115:3626,116:3700,117:3788,118:3879,119:3956,120:2941,121:3043,122:3081,123:3216,124:3272,125:3394,126:3503,127:3633,128:3745,129:3838,130:3880,131:4041,132:2862,133:3017,134:3059,135:3173,136:3258,137:3352,138:3486,139:3574,140:3650,141:3839,142:3903,143:4030,144:2923,145:3024,146:3122,147:3241,148:3254,149:3400,150:3453,151:3558,152:3668,153:3773,154:3871,155:4039,156:2933,157:3007,158:3135,159:3247,160:3295,161:3438,162:3465,163:3612,164:3677,165:3812,166:3855,167:3977,168:2935,169:2973,170:3117,171:3154,172:3269,173:3416,174:3534,175:3568,176:3668,177:3761,178:3884,179:3950,180:2905,181:2953,182:3108,183:3223,184:3254,185:3423,186:3514,187:3551,188:3705,189:3839,190:3914,191:4023,192:2942,193:2959,194:3125,195:3213,196:3326,197:3357,198:3549,199:3558,200:3669,201:3797,202:3943,203:4001,204:2877,205:3043,206:3110,207:3199,208:3297,209:3387,210:3543,211:3554,212:3723,213:3789,214:3870,215:4023,216:2868,217:3038,218:3134,219:3181,220:3347,221:3428,222:3525,223:3560,224:3677,225:3803,226:3869,227:3995,228:2877,229:3035,230:3065,231:3185,232:3264,233:3370,234:3514,235:3607,236:3688,237:3835,238:3850,239:4034,240:2904,241:3033,242:3130,243:3162,244:3305,245:3380,246:3517,247:3579,248:3663,249:3812,250:3867,251:3959,252:2873,253:2965,254:3113,255:3156,256:3304,257:3350,258:3516,259:3638,260:3740,261:3796,262:3912,263:3960,264:2851,265:3044,266:3062,267:3209,268:3284,269:3397,270:3476,271:3645,272:3722,273:3835,274:3906,275:4002,276:2921,277:3004,278:3093,279:3173,280:3286,281:3407,282:3527,283:3597,284:3739,285:3783,286:3924,287:3977,288:2869,289:3023,290:3103,291:3175,292:3308,293:3423,294:3488,295:3587,296:3655,297:3846,298:3888,299:4029,300:2939,301:3044,302:3083,303:3182,304:3317,305:3387,306:3478,307:3633,308:3740,309:3767,310:3853,311:4041,312:2927,313:2977,314:3052,315:3203,316:3318,317:3360,318:3526,319:3602,320:3671,321:3807,322:3898,323:3968,324:2920,325:2953,326:3055,327:3182,328:3277,329:3422,330:3504,331:3565,332:3670,333:3767,334:3918,335:3950,336:2929,337:2969,338:3123,339:3238,340:3325,341:3431,342:3516,343:3602,344:3687,345:3778,346:3940,347:4002,348:2936,349:2990,350:3058,351:3242,352:3307,353:3446,354:3468,355:3595,356:3683,357:3781,358:3878,359:3983
0:2890,1:2985,2:3140,3:3173,4:3270,5:3354,6:3487,7:3563,8:3675,9:3788,10:3904,11:4000,12:2853,13:2988,14:3119,15:3213,16:3333,17:3387,18:3545,19:3561,20:3659,21:3775,22:3916,23:3975,24:2893,25:3042,26:3121,27:3170,28:3258,29:3361,30:3515,31:3593,32:3676,33:3762,34:3905,35:3957,36:2904,37:2968,38:3107,39:3193,40:3295,41:3381,42:3520,43:3579,44:3667,45:3834,46:3857,47:4017,48:2889,49:3025,50:3099,51:3220,52:3294,53:3421,54:3490,55:3600,56:3685,57:3757,58:3892,59:4045,60:2947,61:3029,62:3092,63:3174,64:3337,65:3354,66:3457,67:3628,68:3691,69:3841,70:3897,71:3955,72:2944,73:2974,74:3089,75:3162,76:3292,77:3422,78:3527,79:3638,80:3744,81:3774,82:3948,83:3991,84:2924,85:3029,86:3099,87:3150,88:3312,89:3371,90:3549,91:3636,92:3687,93:3771,94:3915,95:4042,96:2892,97:2962,98:3147,99:3225,100:3347,101:3359,102:3537,103:3602,104:3670,105:3825,106:3871,107:4028,108:2906,109:3048,110:3123,111:3153,112:3325,113:3350,114:3454,115:3628,116:3719,117:3777,118:3874,119:3956,120:2892,121:3029,122:3066,123:3166,124:3297,125:3387,126:3513,127:3619,128:3723,129:3812,130:3932,131:4029,132:2931,133:2978,134:3126,135:3188,136:3331,137:3437,138:3543,139:3625,140:3671,141:3777,142:3871,143:4033,144:2894,145:2961,146:3074,147:3190,148:3319,149:3383,150:3491,151:3565,152:3709,153:3833,154:3858,155:4007,156:2874,157:3032,158:3110,159:3172,160:3302,161:3385,162:3476,163:3612,164:3676,165:3803,166:3941,167:3972,168:2924,169:2999,170:3087,171:3246,172:3343,173:3412,174:3469,175:3592,176:3712,177:3762,178:3891,179:3966,180:2925,181:3015,182:3075,183:3170,184:3265,185:3440,186:3450,187:3578,188:3718,189:3843,190:3892,191:3960,192:2916,193:2976,194:3113,195:3231,196:3267,197:3386,198:3523,199:3565,200:3668,201:3836,202:3875,203:4006,204:2918,205:2994,206:3059,207:3224,208:3282,209:3402,210:3459,211:3636,212:3660,213:3818,214:3852,215:4020,216:2858,217:2988,218:3079,219:3226,220:3296,221:3359,222:3490,223:3592,224:3727,225:3837,226:3905,227:4033,228:2924,229:2987,230:3103,231:3170,232:3282,233:3403,234:3548,235:3578,236:3734,237:3761,238:3923,239:3978,240:2906,241:3041,242:3142,243:3156,244:3343,245:3438,246:3525,247:3633,248:3658,249:3820,250:3931,251:3995,252:2907,253:2951,254:3073,255:3185,256:3253,257:3442,258:3503,259:3638,260:3720,261:3800,262:3880,263:4014,264:2932,265:3041,266:3067,267:3202,268:3308,269:3437,270:3548,271:3634,272:3667,273:3787,274:3878,275:4007,276:2851,277:2975,278:3087,279:3245,280:3342,281:3397,282:3539,283:3601,284:3681,285:3753,286:3906,287:4039,288:2933,289:2985,290:3093,291:3248,292:3279,293:3440,294:3525,295:3625,296:3717,297:3777,298:3916,299:3999,300:2854,301:2964,302:3052,303:3240,304:3268,305:3431,306:3466,307:3613,308:3706,309:3845,310:3932,311:3960,312:2881,313:3011,314:3087,315:3161,316:3275,317:3408,318:3464,319:3629,320:3675,321:3785,322:3888,323:4023,324:2939,325:2964,326:3102,327:3177,328:3283,329:3420,330:3501,331:3557,332:3747,333:3790,334:3920,335:3959,336:2879,337:3033,338:3063,339:3226,340:3275,341:3351,342:3457,343:3646,344:3660,345:3772,346:3868,347:4017,348:2949,349:2956,350:3071,351:3222,352:3268,353:3393,354:3456,355:3618,356:3737,357:3814,358:3853,359:4014
0:2881,1:2974,2:3089,3:3205,4:3337,5:3357,6:3524,7:3645,8:3715,9:3799,10:3918,11:3965,12:2878,13:3034,14:3051,15:3152,16:3322,17:3392,18:3509,19:3612,20:3709,21:3753,22:3890,23:4011,24:2949,25:2979,26:3053,27:3169,28:3313,29:3426,30:3549,31:3582,32:3677,33:3753,34:3932,35:4049,36:2892,37:2998,38:3092,39:3235,40:3314,41:3373,42:3545,43:3552,44:3652,45:3786,46:3949,47:3968,48:2945,49:3009,50:3053,51:3246,52:3344,53:3437,54:3537,55:3592,56:3718,57:3821,58:3857,59:3953,60:2870,61:3016,62:3129,63:3187,64:3274,65:3355,66:3542,67:3643,68:3710,69:3835,70:3925,71:3991,72:2912,73:2999,74:3123,75:3179,76:3342,77:3358,78:3456,79:3590,80:3729,81:3821,82:3890,83:4027,84:2943,85:3028,86:3134,87:3207,88:3328,89:3439,90:3533,91:3605,92:3663,93:3763,94:3892,95:3988,96:2910,97:3045,98:3061,99:3187,100:3305,101:3396,102:3518,103:3562,104:3692,105:3836,106:3867,107:3958,108:2936,109:3046,110:3117,111:3187,112:3282,113:3445,114:3498,115:3570,116:3746,117:3794,118:3906,119:3999,120:2931,121:3003,122:3065,123:3183,124:3251,125:3365,126:3525,127:3588,128:3693,129:3784,130:3894,131:4030,132:2943,133:2979,134:3053,135:3217,136:3250,137:3449,138:3527,139:3576,140:3702,141:3750,142:3928,143:4047,144:2879,145:3029,146:3062,147:3189,148:3328,149:3357,150:3505,151:3606,152:3688,153:3834,154:3891,155:3962,156:2913,157:2971,158:3126,159:3190,160:3309,161:3350,162:3497,163:3552,164:3699,165:3763,166:3882,167:4007,168:2889,169:2994,170:3146,171:3156,172:3296,173:3383,174:3467,175:3577,176:3708,177:3755,178:3898,179:3970,180:2905,181:2973,182:3053,183:3170,184:3261,185:3410,186:3483,187:3552,188:3746,189:3810,190:3863,191:4033,192:2873,193:2988,194:3137,195:3170,196:3269,197:3394,198:3530,199:3628,200:3676,201:3830,202:3866,203:4021,204:2851,205:2978,206:3119,207:3168,208:3309,209:3416,210:3547,211:3569,212:3705,213:3799,214:3891,215:3974,216:2933,217:3034,218:3055,219:3174,220:3257,221:3383,222:3527,223:3632,224:3721,225:3816,226:3930,227:3952,228:2911,229:3001,230:3077,231:3203,232:3320,233:3434,234:3544,235:3583,236:3728,237:3786,238:3886,239:3981,240:2853,241:2975,242:3051,243:3174,244:3320,245:3394,246:3532,247:3613,248:3692,249:3842,250:3905,251:4034,252:2904,253:2958,254:3093,255:3205,256:3311,257:3392,258:3451,259:3640,260:3653,261:3828,262:3873,263:4039,264:2922,265:2980,266:3061,267:3218,268:3324,269:3409,270:3521,271:3589,272:3690,273:3778,274:3869,275:4033,276:2862,277:3012,278:3125,279:3217,280:3297,281:3433,282:3457,283:3566,284:3734,285:3757,286:3949,287:4039,288:2906,289:3035,290:3073,291:3240,292:3285,293:3362,294:3542,295:3552,296:3714,297:3795,298:3861,299:3978,300:2947,301:3020,302:3083,303:3179,304:3324,305:3367,306:3512,307:3643,308:3666,309:3827,310:3862,311:3999,312:2936,313:2973,314:3140,315:3179,316:3288,317:3427,318:3523,319:3645,320:3677,321:3814,322:3885,323:3959,324:2934,325:3022,326:3069,327:3247,328:3266,329:3398,330:3494,331:3603,332:3698,333:3805,334:3875,335:3955,336:2905,337:2969,338:3095,339:3159,340:3283,341:3391,342:3481,343:3644,344:3650,345:3823,346:3880,347:4016,348:2870,349:2983,350:3114,351:3236,352:3329,353:3438,354:3485,355:3551,356:3714,357:3792,358:3891,359:4034
0:2877,1:3048,2:3073,3:3217,4:3286,5:3423,6:3487,7:3575,8:3674,9:3810,10:3896,11:3974,12:2912,13:3022,14:3090,15:3160,16:3294,17:3365,18:3517,19:3575,20:3748,21:3840,22:3866,23:3964,24:2856,25:2953,26:3060,27:3219,28:3250,29:3409,30:3516,31:3552,32:3747,33:3824,34:3859,35:4020,36:2889,37:2984,38:3090,39:3218,40:3290,41:3377,42:3529,43:3607,44:3668,45:3756,46:3917,47:4022,48:2936,49:2979,50:3113,51:3219,52:3341,53:3402,54:3518,55:3588,56:3693,57:3794,58:3879,59:4007,60:2896,61:2986,62:3075,63:3219,64:3257,65:3408,66:3517,67:3621,68:3734,69:3807,70:3920,71:4048,72:2915,73:2969,74:3081,75:3189,76:3274,77:3361,78:3518,79:3572,80:3682,81:3760,82:3859,83:3983,84:2947,85:2973,86:3087,87:3214,88:3302,89:3432,90:3455,91:3611,92:3728,93:3785,94:3851,95:3981,96:2938,97:3028,98:3090,99:3241,100:3262,101:3386,102:3532,103:3597,104:3717,105:3810,106:3937,107:4008,108:2866,109:3001,110:3083,111:3234,112:3250,113:3385,114:3455,115:3623,116:3659,117:3814,118:3881,119:4047,120:2876,121:2970,122:3083,123:3183,124:3283,125:3427,126:3512,127:3578,128:3669,129:3775,130:3938,131:3979,132:2876,133:3022,134:3094,135:3173,136:3294,137:3422,138:3481,139:3582,140:3746,141:3793,142:3916,143:3954,144:2936,145:3037,146:3055,147:3222,148:3269,149:3405,150:3541,151:3554,152:3668,153:3758,154:3915,155:3989,156:2949,157:2962,158:3080,159:3220,160:3343,161:3414,162:3549,163:3606,164:3669,165:3783,166:3900,167:4009,168:2943,169:3009,170:3071,171:3178,172:3338,173:3398,174:3513,175:3589,176:3708,177:3756,178:3855,179:4036,180:2855,181:3042,182:3050,183:3162,184:3268,185:3445,186:3540,187:3602,188:3667,189:3778,190:3915,191:3986,192:2903,193:2950,194:3076,195:3156,196:3276,197:3352,198:3463,199:3588,200:3721,201:3839,202:3887,203:3979,204:2852,205:3006,206:3067,207:3175,208:3279,209:3449,210:3467,211:3582,212:3687,213:3796,214:3925,215:3966,216:2892,217:3002,218:3145,219:3163,220:3281,221:3404,222:3505,223:3613,224:3708,225:3758,226:3863,227:4043,228:2861,229:3031,230:3138,231:3221,232:3251,233:3439,234:3539,235:3571,236:3655,237:3789,238:3945,239:4027,240:2883,241:3040,242:3147,243:3239,244:3338,245:3421,246:3544,247:3550,248:3686,249:3762,250:3898,251:3988,252:2931,253:2984,254:3097,255:3194,256:3295,257:3420,258:3488,259:3573,260:3746,261:3773,262:3912,263:4035,264:2922,265:2963,266:3093,267:3170,268:3323,269:3360,270:3501,271:3555,272:3662,273:3817,274:3917,275:4021,276:2906,277:2968,278:3147,279:3240,280:3322,281:3386,282:3529,283:3588,284:3748,285:3840,286:3906,287:4048,288:2856,289:2976,290:3075,291:3179,292:3287,293:3399,294:3482,295:3649,296:3669,297:3773,298:3873,299:3973,300:2909,301:2984,302:3061,303:3175,304:3277,305:3414,306:3469,307:3635,308:3661,309:3805,310:3911,311:3988,312:2898,313:3023,314:3119,315:3182,316:3297,317:3360,318:3468,319:3606,320:3677,321:3841,322:3893,323:4014,324:2912,325:2984,326:3102,327:3176,328:3251,329:3442,330:3499,331:3617,332:3668,333:3842,334:3874,335:4036,336:2896,337:2990,338:3057,339:3246,340:3268,341:3416,342:3525,343:3609,344:3748,345:3846,346:3899,347:4013,348:2938,349:3041,350:3084,351:3247,352:3258,353:3350,354:3471,355:3633,356:3662,357:3819,358:3897,359:4027
0:2863,1:2978,2:3136,3:3170,4:3307,5:3406,6:3526,7:3586,8:3658,9:3774,10:3949,11:3953,12:2854,13:3025,14:3105,15:3240,16:3313,17:3424,18:3471,19:3620,20:3720,21:3826,22:3887,23:4031,24:2859,25:2984,26:3101,27:3214,28:3263,29:3395,30:3537,31:3603,32:3666,33:3797,34:3906,35:3950,36:2903,37:2962,38:3053,39:3174,40:3250,41:3402,42:3479,43:3593,44:3668,45:3778,46:3923,47:3952,48:2861,49:3014,50:3125,51:3173,52:3292,53:3447,54:3532,55:3589,56:3721,57:3844,58:3850,59:3975,60:2909,61:3042,62:3059,63:3185,64:3306,65:3429,66:3477,67:3555,68:3742,69:3766,70:3885,71:4036,72:2896,73:2952,74:3084,75:3209,76:3311,77:3434,78:3524,79:3641,80:3743,81:3759,82:3923,83:3959,84:2933,85:2964,86:3099,87:3234,88:3332,89:3356,90:3509,91:3643,92:3712,93:3756,94:3865,95:4031,96:2863,97:2999,98:3053,99:3152,100:3319,101:3428,102:3486,103:3623,104:3673,105:3798,106:3855,107:3974,108:2859,109:3025,110:3072,111:3165,112:3324,113:3363,114:3532,115:3628,116:3679,117:3793,118:3871,119:4008,120:2938,121:2960,122:3058,123:3230,124:3282,125:3443,126:3453,127:3640,128:3727,129:3797,130:3854,131:3970,132:2933,133:3015,134:3106,135:3249,136:3347,137:3429,138:3505,139:3634,140:3725,141:3805,142:3864,143:3968,144:2926,145:2957,146:3072,147:3166,148:3250,149:3388,150:3524,151:3618,152:3650,153:3761,154:3948,155:3988,156:2896,157:2986,158:3101,159:3158,160:3259,161:3358,162:3529,163:3550,164:3713,165:3829,166:3928,167:4030,168:2919,169:3039,170:3105,171:3217,172:3336,173:3359,174:3545,175:3631,176:3738,177:3788,178:3947,179:3955,180:2850,181:3030,182:3136,183:3155,184:3253,185:3379,186:3533,187:3605,188:3722,189:3784,190:3930,191:4013,192:2866,193:3031,194:3115,195:3216,196:3268,197:3388,198:3458,199:3567,200:3693,201:3755,202:3919,203:4001,204:2884,205:3026,206:3090,207:3186,208:3265,209:3442,210:3475,211:3593,212:3717,213:3843,214:3921,215:4017,216:2923,217:3030,218:3076,219:3181,220:3305,221:3368,222:3478,223:3605,224:3668,225:3761,226:3889,227:4009,228:2862,229:3047,230:3066,231:3208,232:3335,233:3387,234:3464,235:3607,236:3663,237:3798,238:3872,239:3987,240:2893,241:3011,242:3050,243:3153,244:3346,245:3352,246:3490,247:3630,248:3675,249:3803,250:3904,251:3952,252:2876,253:2965,254:3068,255:3189,256:3262,257:3417,258:3505,259:3574,260:3728,261:3825,262:3875,263:3971,264:2903,265:2998,266:3094,267:3158,268:3328,269:3407,270:3527,271:3573,272:3746,273:3813,274:3923,275:4014,276:2917,277:2999,278:3108,279:3192,280:3347,281:3430,282:3523,283:3552,284:3667,285:3814,286:3933,287:3993,288:2942,289:2961,290:3126,291:3219,292:3326,293:3420,294:3531,295:3605,296:3706,297:3835,298:3906,299:4005,300:2879,301:2961,302:3139,303:3191,304:3289,305:3423,306:3522,307:3608,308:3677,309:3785,310:3900,311:3951,312:2912,313:3011,314:3069,315:3171,316:3306,317:3421,318:3508,319:3585,320:3734,321:3777,322:3853,323:4028,324:2945,325:3036,326:3145,327:3224,328:3276,329:3437,330:3494,331:3569,332:3660,333:3845,334:3946,335:4049,336:2857,337:3035,338:3141,339:3210,340:3250,341:3384,342:3527,343:3580,344:3682,345:3785,346:3856,347:4008,348:2909,349:2992,350:3113,351:3193,352:3278,353:3381,354:3452,355:3580,356:3705,357:3776,358:3872,359:3999
0:2865,1:3023,2:3057,3:3240,4:3330,5:3437,6:3474,7:3585,8:3698,9:3805,10:3861,11:4009,12:2944,13:2973,14:3071,15:3151,16:3301,17:3399,18:3463,19:3603,20:3729,21:3757,22:3910,23:4022,24:2880,25:2980,26:3075,27:3184,28:3313,29:3419,30:3456,31:3632,32:3656,33:3840,34:3945,35:4023,36:2913,37:3043,38:3126,39:3237,40:3294,41:3422,42:3512,43:3559,44:3700,45:3841,46:3889,47:3974,48:2936,49:2991,50:3135,51:3207,52:3263,53:3370,54:3539,55:3596,56:3736,57:3776,58:3897,59:4034,60:2868,61:2974,62:3120,63:3234,64:3295,65:3417,66:3544,67:3604,68:3663,69:3847,70:3887,71:3973,72:2931,73:3021,74:3058,75:3213,76:3263,77:3430,78:3502,79:3572,80:3686,81:3838,82:3948,83:4036,84:2856,85:2958,86:3100,87:3154,88:3271,89:3428,90:3503,91:3639,92:3745,93:3849,94:3865,95:3990,96:2936,97:2974,98:3081,99:3241,100:3336,101:3444,102:3499,103:3577,104:3671,105:3795,106:3864,107:3992,108:2926,109:3038,110:3124,111:3200,112:3326,113:3366,114:3517,115:3557,116:3710,117:3832,118:3911,119:4004,120:2878,121:2990,122:3105,123:3202,124:3328,125:3437,126:3452,127:3632,128:3712,129:3790,130:3881,131:4026,132:2948,133:3044,134:3137,135:3162,136:3324,137:3355,138:3517,139:3565,140:3733,141:3808,142:3868,143:3995,144:2946,145:3034,146:3095,147:3166,148:3325,149:3368,150:3496,151:3627,152:3683,153:3766,154:3905,155:4011,156:2915,157:3036,158:3094,159:3192,160:3327,161:3419,162:3532,163:3606,164:3658,165:3813,166:3856,167:4027,168:2883,169:2952,170:3096,171:3213,172:3334,173:3392,174:3475,175:3641,176:3741,177:3781,178:3910,179:4023,180:2893,181:2975,182:3129,183:3216,184:3338,185:3436,186:3473,187:3629,188:3730,189:3767,190:3851,191:4019,192:2945,193:3024,194:3127,195:3239,196:3314,197:3433,198:3486,199:3610,200:3673,201:3848,202:3861,203:3995,204:2860,205:2979,206:3078,207:3165,208:3274,209:3423,210:3459,211:3579,212:3740,213:3771,214:3948,215:3973,216:2916,217:3033,218:3055,219:3187,220:3340,221:3441,222:3492,223:3623,224:3706,225:3795,226:3857,227:3975,228:2893,229:3045,230:3103,231:3213,232:3255,233:3421,234:3525,235:3643,236:3713,237:3780,238:3868,239:3958,240:2925,241:3036,242:3069,243:3179,244:3333,245:3428,246:3525,247:3638,248:3677,249:3808,250:3868,251:3986,252:2906,253:2953,254:3055,255:3212,256:3326,257:3355,258:3512,259:3551,260:3690,261:3785,262:3921,263:4001,264:2921,265:3004,266:3078,267:3206,268:3329,269:3449,270:3532,271:3641,272:3671,273:3794,274:3867,275:3970,276:2862,277:2991,278:3121,279:3185,280:3259,281:3401,282:3537,283:3583,284:3663,285:3762,286:3885,287:4006,288:2935,289:3020,290:3066,291:3205,292:3288,293:3384,294:3499,295:3617,296:3719,297:3757,298:3894,299:4043,300:2920,301:2963,302:3106,303:3236,304:3332,305:3415,306:3465,307:3555,308:3671,309:3828,310:3859,311:4024,312:2924,313:2991,314:3091,315:3181,316:3344,317:3389,318:3462,319:3553,320:3655,321:3750,322:3927,323:3999,324:2887,325:3004,326:3080,327:3150,328:3296,329:3437,330:3549,331:3615,332:3658,333:3815,334:3909,335:4013,336:2907,337:3014,338:3149,339:3240,340:3276,341:3442,342:3483,343:3554,344:3719,345:3830,346:3897,347:4031,348:2933,349:2980,350:3069,351:3198,352:3321,353:3442,354:3478,355:3586,356:3725,357:3766,358:3921,359:3978
0:2869,1:2960,2:3089,3:3188,4:3266,5:3428,6:3476,7:3550,8:3717,9:3778,10:3933,11:4044,12:2935,13:2952,14:3050,15:3223,16:3349,17:3354,18:3506,19:3579,20:3655,21:3828,22:3866,23:3996,24:2892,25:3025,26:3085,27:3240,28:3336,29:3353,30:3473,31:3575,32:3688,33:3824,34:3926,35:4009,36:2904,37:3036,38:3079,39:3203,40:3324,41:3353,42:3532,43:3590,44:3679,45:3775,46:3883,47:4044,48:2889,49:2970,50:3128,51:3202,52:3291,53:3399,54:3490,55:3595,56:3709,57:3813,58:3920,59:4023,60:2872,61:3045,62:3109,63:3194,64:3347,65:3437,66:3542,67:3593,68:3690,69:3846,70:3902,71:3979,72:2867,73:3013,74:3143,75:3167,76:3288,77:3377,78:3469,79:3603,80:3726,81:3752,82:3919,83:4023,84:2928,85:2953,86:3129,87:3233,88:3290,89:3432,90:3451,91:3611,92:3693,93:3836,94:3889,95:3956,96:2877,97:2961,98:3142,99:3213,100:3303,101:3363,102:3508,103:3586,104:3714,105:3763,106:3908,107:4013,108:2867,109:3010,110:3092,111:3249,112:3278,113:3432,114:3546,115:3572,116:3728,117:3794,118:3877,119:3966,120:2873,121:2985,122:3140,123:3191,124:3293,125:3363,126:3548,127:3642,128:3712,129:3811,130:3944,131:4007,132:2894,133:3036,134:3133,135:3242,136:3275,137:3439,138:3502,139:3640,140:3747,141:3838,142:3860,143:4018,144:2927,145:2971,146:3082,147:3234,148:3328,149:3357,150:3471,151:3627,152:3686,153:3829,154:3942,155:3957,156:2939,157:3008,158:3148,159:3174,160:3269,161:3402,162:3494,163:3587,164:3679,165:3759,166:3895,167:4029,168:2912,169:3026,170:3117,171:3175,172:3307,173:3405,174:3503,175:3585,176:3662,177:3785,178:3854,179:4040,180:2893,181:3000,182:3093,183:3193,184:3302,185:3440,186:3476,187:3584,188:3725,189:3753,190:3865,191:4043,192:2874,193:3019,194:3091,195:3216,196:3266,197:3436,198:3492,199:3597,200:3728,201:3817,202:3902,203:3996,204:2949,205:2963,206:3084,207:3161,208:3323,209:3428,210:3548,211:3596,212:3719,213:3842,214:3919,215:4007,216:2949,217:2970,218:3101,219:3158,220:3298,221:3398,222:3455,223:3611,224:3672,225:3795,226:3934,227:4011,228:2943,229:2958,230:3134,231:3157,232:3274,233:3352,234:3465,235:3591,236:3680,237:3794,238:3941,239:3999,240:2949,241:2956,242:3063,243:3244,244:3336,245:3411,246:3508,247:3649,248:3682,249:3833,250:3859,251:4002,252:2922,253:3046,254:3140,255:3238,256:3259,257:3443,258:3525,259:3586,260:3739,261:3800,262:3936,263:4048,264:2855,265:3005,266:3105,267:3229,268:3302,269:3360,270:3539,271:3599,272:3697,273:3776,274:3941,275:3982,276:2870,277:3032,278:3084,279:3236,280:3327,281:3369,282:3519,283:3605,284:3740,285:3815,286:3937,287:4029,288:2906,289:2995,290:3115,291:3227,292:3256,293:3372,294:3469,295:3649,296:3743,297:3751,298:3894,299:3982,300:2879,301:2958,302:3078,303:3194,304:3287,305:3448,306:3518,307:3620,308:3706,309:3835,310:3858,311:3971,312:2921,313:3016,314:3132,315:3241,316:3259,317:3445,318:3536,319:3555,320:3675,321:3812,322:3852,323:4010,324:2887,325:2976,326:3080,327:3204,328:3269,329:3435,330:3454,331:3647,332:3668,333:3753,334:3887,335:3984,336:2913,337:3042,338:3093,339:3193,340:3330,341:3364,342:3474,343:3640,344:3651,345:3800,346:3923,347:3993,348:2889,349:2993,350:3092,351:3181,352:3289,353:3448,354:3467,355:3563,356:3672,357:3753,358:3874,359:3997
0:2923,1:2986,2:3094,3:3155,4:3289,5:3395,6:3546,7:3598,8:3715,9:3846,10:3937,11:4031,12:2933,13:2991,14:3057,15:3228,16:3329,17:3362,18:3533,19:3555,20:3684,21:3785,22:3922,23:3955,24:2855,25:2959,26:3116,27:3206,28:3325,29:3443,30:3472,31:3588,32:3743,33:3834,34:3902,35:3957,36:2878,37:2977,38:3098,39:3197,40:3310,41:3374,42:3514,43:3551,44:3683,45:3759,46:3927,47:4027,48:2863,49:3043,50:3119,51:3153,52:3268,53:3396,54:3507,55:3636,56:3714,57:3766,58:3872,59:4045,60:2942,61:2984,62:3141,63:3164,64:3300,65:3353,66:3452,67:3550,68:3682,69:3771,70:3857,71:4033,72:2917,73:2986,74:3055,75:3232,76:3265,77:3399,78:3485,79:3619,80:3688,81:3824,82:3928,83:4039,84:2944,85:3015,86:3139,87:3175,88:3291,89:3397,90:3534,91:3560,92:3664,93:3756,94:3902,95:3989,96:2898,97:3042,98:3131,99:3199,100:3311,101:3416,102:3463,103:3630,104:3671,105:3807,106:3861,107:3953,108:2932,109:2995,110:3091,111:3238,112:3313,113:3364,114:3518,115:3600,116:3663,117:3787,118:3939,119:4021,120:2946,121:3043,122:3149,123:3212,124:3304,125:3373,126:3508,127:3627,128:3673,129:3825,130:3932,131:4014,132:2889,133:3023,134:3108,135:3181,136:3250,137:3443,138:3463,139:3575,140:3662,141:3760,142:3928,143:4038,144:2913,145:2997,146:3116,147:3212,148:3293,149:3446,150:3538,151:3556,152:3746,153:3759,154:3869,155:4022,156:2874,157:3007,158:3111,159:3241,160:3324,161:3428,162:3494,163:3622,164:3696,165:3841,166:3943,167:4035,168:2923,169:2961,170:3061,171:3161,172:3332,173:3401,174:3538,175:3627,176:3679,177:3774,178:3909,179:4042,180:2897,181:3032,182:3081,183:3201,184:3275,185:3395,186:3458,187:3568,188:3746,189:3837,190:3891,191:3985,192:2889,193:2996,194:3105,195:3222,196:3270,197:3372,198:3460,199:3576,200:3749,201:3788,202:3895,203:3985,204:2949,205:2989,206:3069,207:3209,208:3303,209:3428,210:3533,211:3565,212:3749,213:3844,214:3921,215:4040,216:2856,217:3039,218:3079,219:3225,220:3305,221:3377,222:3494,223:3588,224:3684,225:3758,226:3935,227:3979,228:2908,229:3041,230:3058,231:3219,232:3256,233:3448,234:3516,235:3586,236:3688,237:3809,238:3931,239:4038,240:2871,241:3033,242:3058,243:3221,244:3290,245:3391,246:3495,247:3633,248:3705,249:3800,250:3883,251:3970,252:2940,253:3017,254:3056,255:3239,256:3266,257:3445,258:3535,259:3645,260:3695,261:3822,262:3920,263:3994,264:2862,265:3013,266:3063,267:3200,268:3287,269:3366,270:3485,271:3559,272:3651,273:3827,274:3901,275:3985,276:2865,277:2971,278:3136,279:3209,280:3291,281:3441,282:3537,283:3574,284:3668,285:3798,286:3931,287:4009,288:2888,289:2974,290:3123,291:3222,292:3341,293:3373,294:3468,295:3579,296:3731,297:3786,298:3877,299:3993,300:2922,301:2987,302:3105,303:3151,304:3338,305:3381,306:3484,307:3583,308:3659,309:3848,310:3894,311:3950,312:2913,313:3016,314:3099,315:3202,316:3337,317:3426,318:3479,319:3615,320:3669,321:3761,322:3921,323:3989,324:2949,325:3028,326:3128,327:3248,328:3316,329:3424,330:3492,331:3611,332:3656,333:3826,334:3876,335:4010,336:2869,337:2984,338:3125,339:3158,340:3340,341:3401,342:3542,343:3602,344:3706,345:3848,346:3935,347:4030,348:2880,349:2986,350:3100,351:3221,352:3282,353:3403,354:3497,355:3573,356:3698,357:3803,358:3922,359:3997
0:2945,1:2960,2:3117,3:3168,4:3325,5:3363,6:3487,7:3626,8:3736,9:3799,10:3919,11:4018,12:2939,13:2971,14:3134,15:3155,16:3263,17:3422,18:3541,19:3640,20:3659,21:3841,22:3942,23:3988,24:2940,25:2964,26:3127,27:3214,28:3348,29:3428,30:3484,31:3556,32:3693,33:3761,34:3943,35:3954,36:2851,37:3046,38:3061,39:3242,40:3283,41:3449,42:3515,43:3638,44:3667,45:3777,46:3868,47:3953,48:2881,49:3005,50:3078,51:3158,52:3285,53:3414,54:3541,55:3616,56:3748,57:3824,58:3895,59:4009,60:2881,61:3012,62:3124,63:3236,64:3266,65:3407,66:3479,67:3604,68:3672,69:3750,70:3905,71:4014,72:2917,73:2963,74:3142,75:3182,76:3254,77:3422,78:3489,79:3618,80:3719,81:3796,82:3875,83:3960,84:2873,85:2986,86:3068,87:3158,88:3299,89:3389,90:3526,91:3594,92:3727,93:3778,94:3944,95:3968,96:2931,97:2988,98:3095,99:3175,100:3277,101:3417,102:3488,103:3620,104:3688,105:3818,106:3930,107:4046,108:2900,109:3035,110:3062,111:3190,112:3342,113:3369,114:3527,115:3561,116:3733,117:3835,118:3873,119:4000,120:2855,121:3041,122:3141,123:3232,124:3313,125:3357,126:3454,127:3598,128:3674,129:3842,130:3909,131:3961,132:2933,133:3037,134:3073,135:3183,136:3343,137:3399,138:3466,139:3597,140:3658,141:3776,142:3854,143:4000,144:2923,145:2998,146:3103,147:3160,148:3348,149:3384,150:3491,151:3599,152:3705,153:3829,154:3916,155:3958,156:2913,157:3003,158:3060,159:3155,160:3337,161:3415,162:3537,163:3565,164:3655,165:3788,166:3944,167:3971,168:2862,169:2988,170:3099,171:3152,172:3283,173:3380,174:3480,175:3625,176:3731,177:3842,178:3886,179:4039,180:2920,181:2988,182:3111,183:3160,184:3342,185:3353,186:3502,187:3554,188:3694,189:3761,190:3892,191:3971,192:2880,193:2993,194:3118,195:3163,196:3286,197:3364,198:3514,199:3575,200:3665,201:3838,202:3909,203:4037,204:2885,205:2977,206:3088,207:3190,208:3268,209:3422,210:3488,211:3565,212:3687,213:3809,214:3926,215:4039,216:2930,217:2975,218:3092,219:3226,220:3297,221:3414,222:3547,223:3639,224:3694,225:3761,226:3884,227:3971,228:2868,229:2950,230:3117,231:3150,232:3301,233:3434,234:3516,235:3572,236:3746,237:3828,238:3938,239:4022,240:2916,241:2955,242:3050,243:3217,244:3280,245:3441,246:3543,247:3566,248:3675,249:3751,250:3881,251:4039,252:2931,253:2956,254:3092,255:3221,256:3300,257:3385,258:3493,259:3641,260:3669,261:3760,262:3926,263:3995,264:2944,265:3012,266:3080,267:3242,268:3281,269:3368,270:3469,271:3635,272:3713,273:3814,274:3948,275:4043,276:2924,277:2968,278:3054,279:3186,280:3259,281:3371,282:3471,283:3573,284:3698,285:3823,286:3895,287:4027,288:2854,289:2958,290:3122,291:3203,292:3287,293:3446,294:3519,295:3605,296:3704,297:3755,298:3934,299:3954,300:2889,301:2974,302:3085,303:3233,304:3265,305:3371,306:3472,307:3602,308:3662,309:3819,310:3900,311:3975,312:2902,313:2992,314:3128,315:3237,316:3284,317:3433,318:3533,319:3551,320:3708,321:3820,322:3897,323:4038,324:2941,325:3025,326:3070,327:3178,328:3314,329:3389,330:3481,331:3557,332:3680,333:3831,334:3908,335:4019,336:2855,337:3049,338:3061,339:3180,340:3299,341:3354,342:3491,343:3645,344:3700,345:3787,346:3944,347:3959,348:2899,349:2986,350:3064,351:3203,352:3303,353:3401,354:3528,355:3553,356:3722,357:3813,358:3865,359:4011
0:2864,1:3033,2:3073,3:3171,4:3324,5:3413,6:3478,7:3598,8:3653,9:3804,10:3883,11:3954,12:2931,13:2994,14:3130,15:3212,16:3293,17:3386,18:3504,19:3556,20:3696,21:3838,22:3934,23:4038,24:2947,25:2950,26:3146,27:3220,28:3347,29:3364,30:3507,31:3597,32:3703,33:3751,34:3870,35:3973,36:2892,37:3000,38:3116,39:3163,40:3304,41:3433,42:3490,43:3612,44:3668,45:3800,46:3944,47:4008,48:2920,49:2950,50:3090,51:3249,52:3319,53:3398,54:3546,55:3578,56:3712,57:3773,58:3878,59:4024,60:2923,61:2989,62:3145,63:3213,64:3287,65:3412,66:3532,67:3596,68:3730,69:3827,70:3938,71:3951,72:2869,73:3010,74:3063,75:3215,76:3273,77:3447,78:3491,79:3623,80:3726,81:3812,82:3938,83:4028,84:2864,85:3030,86:3083,87:3233,88:3251,89:3413,90:3493,91:3635,92:3682,93:3794,94:3924,95:3965,96:2854,97:2989,98:3140,99:3187,100:3272,101:3375,102:3521,103:3596,104:3650,105:3795,106:3914,107:3992,108:2937,109:3012,110:3132,111:3229,112:3330,113:3446,114:3516,115:3630,116:3712,117:3794,118:3938,119:4000,120:2888,121:3049,122:3069,123:3176,124:3279,125:3448,126:3503,127:3618,128:3742,129:3754,130:3947,131:4024,132:2911,133:2996,134:3143,135:3168,136:3270,137:3366,138:3452,139:3568,140:3656,141:3780,142:3897,143:4000,144:2917,145:3017,146:3077,147:3168,148:3325,149:3424,150:3532,151:3629,152:3710,153:3846,154:3892,155:3974,156:2946,157:3036,158:3085,159:3245,160:3311,161:3393,162:3471,163:3595,164:3680,165:3835,166:3937,167:4009,168:2942,169:2993,170:3076,171:3203,172:3310,173:3391,174:3469,175:3617,176:3695,177:3757,178:3914,179:3994,180:2911,181:3049,182:3096,183:3217,184:3333,185:3402,186:3501,187:3582,188:3684,189:3779,190:3876,191:3962,192:2935,193:2993,194:3087,195:3230,196:3272,197:3428,198:3492,199:3594,200:3712,201:3791,202:3942,203:4023,204:2859,205:2980,206:3109,207:3240,208:3250,209:3447,210:3455,211:3620,212:3699,213:3810,214:3875,215:3980,216:2874,217:2959,218:3070,219:3191,220:3306,221:3377,222:3487,223:3615,224:3730,225:3765,226:3926,227:4007,228:2923,229:3036,230:3073,231:3187,232:3307,233:3437,234:3476,235:3591,236:3679,237:3812,238:3933,239:3976,240:2903,241:3040,242:3110,243:3164,244:3256,245:3402,246:3514,247:3600,248:3702,249:3797,250:3944,251:3974,252:2929,253:3029,254:3097,255:3197,256:3253,257:3415,258:3452,259:3639,260:3682,261:3838,262:3875,263:3979,264:2852,265:3031,266:3141,267:3211,268:3300,269:3441,270:3504,271:3568,272:3663,273:3846,274:3867,275:4010,276:2930,277:3028,278:3089,279:3201,280:3333,281:3365,282:3518,283:3636,284:3702,285:3802,286:3872,287:4046,288:2886,289:2968,290:3093,291:3221,292:3300,293:3377,294:3513,295:3644,296:3733,297:3780,298:3944,299:4042,300:2863,301:3019,302:3112,303:3174,304:3343,305:3395,306:3523,307:3555,308:3735,309:3829,310:3901,311:4022,312:2932,313:2977,314:3122,315:3168,316:3301,317:3385,318:3514,319:3634,320:3682,321:3770,322:3891,323:4012,324:2888,325:2960,326:3062,327:3242,328:3341,329:3353,330:3467,331:3623,332:3658,333:3809,334:3880,335:3994,336:2931,337:3042,338:3114,339:3240,340:3252,341:3446,342:3475,343:3560,344:3745,345:3761,346:3860,347:3988,348:2850,349:3040,350:3127,351:3240,352:3316,353:3425,354:3453,355:3631,356:3692,357:3782,358:3860,359:4016
0:2940,1:2975,2:3149,3:3193,4:3317,5:3409,6:3500,7:3554,8:3728,9:3767,10:3896,11:4002,12:2918,13:3046,14:3060,15:3244,16:3260,17:3386,18:3535,19:3612,20:3655,21:3811,22:3859,23:4045,24:2899,25:3004,26:3097,27:3223,28:3256,29:3377,30:3515,31:3612,32:3718,33:3817,34:3938,35:4025,36:2882,37:2971,38:3077,39:3171,40:3275,41:3355,42:3542,43:3603,44:3707,45:3844,46:3897,47:4003,48:2939,49:2987,50:3068,51:3158,52:3315,53:3416,54:3481,55:3637,56:3667,57:3831,58:3870,59:3998,60:2877,61:3027,62:3120,63:3200,64:3292,65:3386,66:3509,67:3635,68:3702,69:3751,70:3922,71:3977,72:2901,73:2953,74:3106,75:3234,76:3318,77:3444,78:3493,79:3575,80:3736,81:3818,82:3865,83:3955,84:2882,85:3037,86:3107,87:3193,88:3288,89:3361,90:3469,91:3627,92:3713,93:3829,94:3909,95:4034,96:2858,97:3038,98:3085,99:3167,100:3293,101:3401,102:3540,103:3602,104:3712,105:3768,106:3904,107:4004,108:2909,109:3003,110:3067,111:3178,112:3300,113:3412,114:3500,115:3556,116:3668,117:3846,118:3875,119:3999,120:2889,121:3046,122:3131,123:3204,124:3293,125:3447,126:3531,127:3628,128:3735,129:3751,130:3857,131:4033,132:2900,133:2977,134:3123,135:3186,136:3344,137:3378,138:3538,139:3601,140:3704,141:3766,142:3854,143:4039,144:2904,145:3009,146:3072,147:3241,148:3280,149:3410,150:3467,151:3612,152:3690,153:3771,154:3899,155:3988,156:2939,157:3010,158:3128,159:3157,160:3322,161:3357,162:3502,163:3624,164:3740,165:3806,166:3883,167:4032,168:2855,169:2965,170:3081,171:3227,172:3318,173:3426,174:3503,175:3579,176:3698,177:3837,178:3880,179:3988,180:2865,181:2996,182:3113,183:3218,184:3276,185:3392,186:3511,187:3556,188:3743,189:3825,190:3877,191:4003,192:2856,193:2966,194:3072,195:3238,196:3263,197:3392,198:3486,199:3624,200:3682,201:3766,202:3905,203:3974,204:2851,205:2957,206:3139,207:3186,208:3336,209:3357,210:3526,211:3631,212:3740,213:3782,214:3922,215:3957,216:2895,217:2977,218:3095,219:3170,220:3299,221:3447,222:3459,223:3568,224:3709,225:3824,226:3887,227:3993,228:2870,229:2996,230:3129,231:3164,232:3279,233:3405,234:3522,235:3575,236:3666,237:3840,238:3876,239:3953,240:2862,241:2971,242:3075,243:3167,244:3304,245:3441,246:3540,247:3603,248:3727,249:3828,250:3901,251:3996,252:2851,253:2988,254:3074,255:3243,256:3323,257:3350,258:3491,259:3577,260:3700,261:3806,262:3864,263:4021,264:2890,265:2982,266:3075,267:3236,268:3281,269:3392,270:3453,271:3577,272:3696,273:3773,274:3858,275:4017,276:2908,277:2952,278:3125,279:3162,280:3292,281:3443,282:3466,283:3553,284:3677,285:3801,286:3870,287:4016,288:2938,289:2965,290:3090,291:3212,292:3323,293:3384,294:3545,295:3621,296:3679,297:3843,298:3946,299:4003,300:2920,301:2963,302:3092,303:3181,304:3275,305:3368,306:3535,307:3593,308:3718,309:3842,310:3888,311:3980,312:2945,313:2986,314:3106,315:3180,316:3283,317:3428,318:3451,319:3556,320:3688,321:3787,322:3898,323:4021,324:2922,325:2977,326:3143,327:3153,328:3346,329:3424,330:3475,331:3640,332:3683,333:3833,334:3877,335:3974,336:2909,337:2972,338:3057,339:3160,340:3267,341:3384,342:3532,343:3578,344:3654,345:3790,346:3850,347:4036,348:2930,349:3019,350:3115,351:3184,352:3275,353:3403,354:3453,355:3637,356:3687,357:3816,358:3949,359:3964
0:2942,1:2965,2:3136,3:3197,4:3276,5:3393,6:3451,7:3559,8:3693,9:3782,10:3911,11:4022,12:2913,13:2965,14:3089,15:3186,16:3284,17:3402,18:3497,19:3576,20:3679,21:3808,22:3934,23:4030,24:2886,25:2997,26:3134,27:3241,28:3272,29:3382,30:3474,31:3567,32:3738,33:3816,34:3879,35:4008,36:2850,37:2962,38:3122,39:3159,40:3270,41:3358,42:3477,43:3559,44:3723,45:3751,46:3854,47:4049,48:2908,49:3048,50:3139,51:3165,52:3252,53:3412,54:3473,55:3630,56:3708,57:3839,58:3906,59:3977,60:2892,61:2962,62:3140,63:3196,64:3281,65:3432,66:3495,67:3588,68:3699,69:3751,70:3895,71:4000,72:2879,73:2955,74:3115,75:3248,76:3300,77:3367,78:3507,79:3610,80:3738,81:3761,82:3880,83:3995,84:2923,85:2955,86:3146,87:3195,88:3318,89:3419,90:3527,91:3607,92:3726,93:3762,94:3872,95:4030,96:2926,97:2972,98:3107,99:3209,100:3295,101:3394,102:3510,103:3585,104:3739,105:3794,106:3855,107:3994,108:2908,109:3019,110:3102,111:3218,112:3309,113:3447,114:3502,115:3579,116:3683,117:3806,118:3946,119:3954,120:2897,121:2965,122:3075,123:3209,124:3267,125:3410,126:3483,127:3612,128:3731,129:3825,130:3889,131:4042,132:2908,133:2962,134:3104,135:3215,136:3331,137:3423,138:3463,139:3580,140:3743,141:3801,142:3902,143:3961,144:2883,145:2976,146:3120,147:3249,148:3344,149:3402,150:3460,151:3628,152:3686,153:3827,154:3876,155:3953,156:2941,157:3044,158:3067,159:3183,160:3333,161:3437,162:3518,163:3646,164:3698,165:3810,166:3889,167:4006,168:2885,169:3023,170:3122,171:3208,172:3267,173:3415,174:3450,175:3649,176:3671,177:3768,178:3858,179:4020,180:2879,181:2952,182:3088,183:3192,184:3297,185:3387,186:3522,187:3598,188:3707,189:3848,190:3940,191:3966,192:2926,193:2979,194:3085,195:3183,196:3340,197:3440,198:3516,199:3636,200:3735,201:3806,202:3893,203:4031,204:2930,205:3028,206:3102,207:3175,208:3257,209:3421,210:3472,211:3573,212:3662,213:3831,214:3881,215:4007,216:2866,217:2968,218:3066,219:3171,220:3279,221:3380,222:3483,223:3627,224:3730,225:3779,226:3926,227:3992,228:2868,229:3032,230:3119,231:3153,232:3327,233:3417,234:3539,235:3599,236:3691,237:3827,238:3881,239:4014,240:2935,241:3048,242:3124,243:3219,244:3294,245:3401,246:3520,247:3554,248:3722,249:3756,250:3938,251:3972,252:2866,253:3031,254:3133,255:3219,256:3279,257:3373,258:3461,259:3592,260:3684,261:3809,262:3931,263:3974,264:2906,265:2954,266:3113,267:3205,268:3349,269:3416,270:3481,271:3597,272:3748,273:3820,274:3889,275:4004,276:2904,277:2981,278:3056,279:3203,280:3306,281:3408,282:3534,283:3556,284:3670,285:3787,286:3877,287:4017,288:2935,289:2980,290:3060,291:3229,292:3326,293:3351,294:3511,295:3586,296:3736,297:3772,298:3878,299:3970,300:2867,301:2993,302:3106,303:3189,304:3326,305:3383,306:3480,307:3641,308:3675,309:3801,310:3944,311:4044,312:2926,313:2993,314:3074,315:3220,316:3293,317:3353,318:3483,319:3551,320:3743,321:3751,322:3925,323:4010,324:2905,325:3024,326:3067,327:3223,328:3325,329:3406,330:3499,331:3559,332:3666,333:3842,334:3891,335:3978,336:2894,337:2987,338:3131,339:3222,340:3306,341:3435,342:3478,343:3627,344:3729,345:3802,346:3851,347:4009,348:2934,349:3042,350:3079,351:3172,352:3343,353:3394,354:3487,355:3582,356:3678,357:3768,358:3877,359:3979
0:2892,1:3000,2:3117,3:3189,4:3295,5:3366,6:3460,7:3559,8:3652,9:3797,10:3923,11:3983,12:2927,13:3048,14:3110,15:3228,16:3275,17:3353,18:3518,19:3581,20:3708,21:3808,22:3932,23:3968,24:2928,25:3027,26:3058,27:3180,28:3347,29:3399,30:3488,31:3622,32:3746,33:3816,34:3899,35:3987,36:2915,37:3041,38:3125,39:3219,40:3331,41:3352,42:3486,43:3563,44:3733,45:3799,46:3918,47:3968,48:2924,49:2964,50:3092,51:3161,52:3345,53:3430,54:3544,55:3626,56:3697,57:3800,58:3881,59:3965,60:2868,61:2984,62:3122,63:3183,64:3318,65:3371,66:3539,67:3568,68:3652,69:3778,70:3890,71:4001,72:2929,73:3024,74:3064,75:3173,76:3349,77:3444,78:3452,79:3610,80:3694,81:3763,82:3856,83:4023,84:2873,85:3012,86:3148,87:3191,88:3298,89:3411,90:3492,91:3591,92:3717,93:3763,94:3916,95:4029,96:2874,97:2976,98:3090,99:3157,100:3290,101:3434,102:3527,103:3610,104:3741,105:3844,106:3903,107:4013,108:2934,109:3034,110:3128,111:3153,112:3266,113:3437,114:3480,115:3582,116:3660,117:3835,118:3889,119:3995,120:2937,121:3042,122:3138,123:3234,124:3311,125:3444,126:3461,127:3582,128:3675,129:3752,130:3850,131:3999,132:2853,133:2971,134:3122,135:3219,136:3266,137:3429,138:3539,139:3577,140:3735,141:3774,142:3932,143:3979,144:2899,145:2988,146:3141,147:3194,148:3344,149:3380,150:3464,151:3646,152:3729,153:3770,154:3862,155:4039,156:2887,157:2961,158:3117,159:3173,160:3317,161:3414,162:3466,163:3585,164:3737,165:3789,166:3860,167:4001,168:2937,169:2995,170:3138,171:3157,172:3273,173:3385,174:3498,175:3611,176:3669,177:3808,178:3869,179:3988,180:2946,181:3028,182:3130,183:3226,184:3317,185:3407,186:3464,187:3628,188:3665,189:3752,190:3885,191:4022,192:2911,193:3028,194:3070,195:3153,196:3273,197:3400,198:3549,199:3625,200:3732,201:3790,202:3928,203:3957,204:2943,205:2951,206:3099,207:3182,208:3319,209:3407,210:3500,211:3644,212:3685,213:3847,214:3921,215:4030,216:2860,217:3018,218:3059,219:3192,220:3327,221:3387,222:3504,223:3596,224:3747,225:3838,226:3901,227:4030,228:2949,229:2968,230:3139,231:3212,232:3250,233:3446,234:3489,235:3564,236:3744,237:3753,238:3860,239:3989,240:2919,241:2961,242:3060,243:3242,244:3282,245:3429,246:3475,247:3628,248:3653,249:3781,250:3929,251:3987,252:2925,253:3036,254:3106,255:3209,256:3264,257:3445,258:3496,259:3598,260:3736,261:3780,262:3886,263:4016,264:2934,265:3040,266:3068,267:3151,268:3311,269:3372,270:3535,271:3604,272:3703,273:3759,274:3943,275:3985,276:2879,277:3026,278:3135,279:3173,280:3314,281:3353,282:3475,283:3552,284:3695,285:3846,286:3905,287:4040,288:2933,289:2980,290:3061,291:3238,292:3270,293:3355,294:3496,295:3632,296:3721,297:3820,298:3893,299:4038,300:2881,301:2962,302:3139,303:3238,304:3337,305:3431,306:3494,307:3552,308:3747,309:3763,310:3897,311:3961,312:2944,313:2978,314:3138,315:3232,316:3326,317:3388,318:3484,319:3646,320:3716,321:3757,322:3857,323:3997,324:2886,325:3001,326:3141,327:3229,328:3270,329:3412,330:3510,331:3604,332:3688,333:3798,334:3891,335:3995,336:2875,337:2981,338:3133,339:3184,340:3267,341:3365,342:3451,343:3601,344:3727,345:3839,346:3938,347:4025,348:2896,349:2992,350:3142,351:3220,352:3348,353:3411,354:3471,355:3601,356:3704,357:3775,358:3932,359:4025
0:2905,1:2997,2:3119,3:3231,4:3274,5:3448,6:3514,7:3632,8:3692,9:3843,10:3894,11:4033,12:2873,13:3036,14:3108,15:3159,16:3286,17:3371,18:3476,19:3631,20:3700,21:3751,22:3948,23:4002,24:2892,25:2975,26:3070,27:3198,28:3347,29:3402,30:3499,31:3578,32:3704,33:3832,34:3936,35:3971,36:2922,37:3022,38:3142,39:3161,40:3323,41:3382,42:3490,43:3634,44:3695,45:3784,46:3920,47:3972,48:2888,49:3045,50:3064,51:3242,52:3303,53:3408,54:3492,55:3606,56:3718,57:3766,58:3868,59:3955,60:2946,61:2963,62:3124,63:3177,64:3288,65:3443,66:3536,67:3589,68:3668,69:3759,70:3903,71:4022,72:2921,73:3048,74:3092,75:3216,76:3256,77:3433,78:3516,79:3644,80:3736,81:3846,82:3907,83:3986,84:2948,85:3000,86:3067,87:3216,88:3272,89:3421,90:3531,91:3649,92:3748,93:3837,94:3942,95:3956,96:2879,97:2975,98:3145,99:3164,100:3341,101:3427,102:3450,103:3637,104:3733,105:3836,106:3884,107:4035,108:2880,109:3030,110:3115,111:3171,112:3263,113:3364,114:3503,115:3607,116:3691,117:3758,118:3896,119:3958,120:2905,121:2963,122:3142,123:3229,124:3287,125:3391,126:3482,127:3561,128:3715,129:3780,130:3888,131:4045,132:2925,133:3043,134:3134,135:3239,136:3309,137:3400,138:3476,139:3554,140:3728,141:3787,142:3930,143:3988,144:2905,145:3037,146:3075,147:3214,148:3265,149:3398,150:3470,151:3560,152:3708,153:3849,154:3883,155:3954,156:2924,157:3045,158:3093,159:3240,160:3261,161:3410,162:3475,163:3572,164:3697,165:3778,166:3903,167:4039,168:2885,169:3037,170:3144,171:3189,172:3267,173:3421,174:3463,175:3646,176:3681,177:3803,178:3861,179:4019,180:2908,181:3009,182:3075,183:3234,184:3292,185:3430,186:3463,187:3591,188:3689,189:3822,190:3900,191:4047,192:2867,193:2982,194:3126,195:3211,196:3310,197:3438,198:3495,199:3629,200:3672,201:3815,202:3872,203:4002,204:2892,205:3022,206:3089,207:3209,208:3344,209:3435,210:3458,211:3561,212:3687,213:3794,214:3927,215:4018,216:2859,217:2979,218:3134,219:3170,220:3285,221:3368,222:3472,223:3639,224:3653,225:3774,226:3913,227:3983,228:2856,229:3040,230:3050,231:3167,232:3253,233:3401,234:3536,235:3581,236:3699,237:3771,238:3928,239:4044,240:2865,241:3015,242:3142,243:3171,244:3260,245:3420,246:3512,247:3612,248:3657,249:3848,250:3883,251:4029,252:2878,253:3048,254:3095,255:3193,256:3338,257:3378,258:3451,259:3624,260:3731,261:3823,262:3928,263:3970,264:2906,265:3046,266:3149,267:3155,268:3305,269:3393,270:3484,271:3638,272:3744,273:3831,274:3894,275:3978,276:2850,277:3010,278:3093,279:3193,280:3274,281:3378,282:3486,283:3625,284:3729,285:3823,286:3906,287:4038,288:2874,289:2983,290:3138,291:3183,292:3288,293:3418,294:3503,295:3561,296:3650,297:3808,298:3876,299:3975,300:2869,301:3001,302:3132,303:3166,304:3283,305:3354,306:3494,307:3583,308:3670,309:3811,310:3886,311:4014,312:2869,313:3022,314:3055,315:3170,316:3307,317:3355,318:3496,319:3567,320:3651,321:3824,322:3910,323:4009,324:2924,325:2954,326:3105,327:3227,328:3306,329:3447,330:3471,331:3554,332:3734,333:3759,334:3879,335:3966,336:2860,337:3042,338:3135,339:3200,340:3328,341:3409,342:3521,343:3600,344:3654,345:3815,346:3876,347:3952,348:2852,349:2953,350:3134,351:3213,352:3318,353:3379,354:3486,355:3627,356:3686,357:3801,358:3873,359:4033
