SNIPPET;INDEX;CYCLES;POINTS;OBSTACLES
testrun-0-0;0;1104194;213;9
testrun-0-0;1;1132555;237;8
testrun-0-0;2;1129645;227;6
testrun-0-0;3;1074203;227;8
testrun-0-0;4;1028764;216;7
testrun-0-0;5;1065391;221;7
testrun-0-0;6;905230;193;6
testrun-0-0;7;900270;190;7
testrun-0-0;8;941180;183;6
testrun-0-0;9;778301;154;7
testrun-0-0;10;766423;149;7
testrun-0-0;11;830532;170;7
testrun-0-0;12;741043;153;5
testrun-0-0;13;874436;181;8
testrun-0-0;14;753366;156;7
testrun-0-0;15;929444;183;7
testrun-0-0;16;817302;163;7
testrun-0-0;17;852658;163;6
testrun-0-0;18;838522;162;6
testrun-0-0;19;788293;163;7
testrun-0-0;20;771775;154;7
testrun-0-0;21;754834;148;7
testrun-0-0;22;774642;151;8
testrun-0-0;23;856281;168;7
testrun-0-0;24;939732;196;7
testrun-0-0;25;1103978;216;8
testrun-0-0;26;1003448;207;6
testrun-0-0;27;954040;201;5
testrun-0-0;28;901555;192;7
testrun-0-0;29;811931;166;7
testrun-0-0;30;760240;144;7
testrun-0-0;31;684495;135;7
testrun-0-0;32;928144;183;7
testrun-0-0;33;857293;171;7
testrun-0-0;34;926308;186;8
testrun-0-0;35;875420;186;7
testrun-0-0;36;807394;166;5
testrun-0-0;37;644372;137;5
testrun-0-0;38;932803;182;7
testrun-0-0;39;886385;179;7
testrun-0-0;40;797782;156;7
testrun-0-0;41;757839;161;8
testrun-0-0;42;782631;155;8
testrun-0-0;43;767439;157;9
testrun-0-0;44;932092;176;8
testrun-0-0;45;933039;193;7
testrun-0-0;46;1005792;200;7
testrun-0-0;47;975058;205;6
testrun-0-0;48;970190;203;6
testrun-0-0;49;906768;177;7
testrun-0-0;50;857553;158;7
testrun-0-0;51;814555;168;6
testrun-0-0;52;879256;184;7
testrun-0-0;53;939458;197;9
testrun-0-0;54;886333;186;7
testrun-0-0;55;880344;182;6
testrun-0-0;56;894258;182;5
testrun-0-0;57;1028495;203;8
testrun-0-0;58;1024747;196;9
testrun-0-0;59;845905;179;8
testrun-0-0;60;933134;193;9
testrun-0-0;61;799853;161;6
testrun-0-0;62;655926;137;5
testrun-0-0;63;850999;172;6
testrun-0-0;64;833347;172;6
testrun-0-0;65;792219;158;6
testrun-0-0;66;663591;130;6
testrun-0-0;67;829599;167;7
testrun-0-0;68;845278;172;8
testrun-0-0;69;850905;171;7
testrun-0-0;70;960283;195;7
testrun-0-0;71;959581;196;6
testrun-0-0;72;792200;156;5
testrun-0-0;73;848529;172;6
testrun-0-0;74;922736;190;8
testrun-0-0;75;883042;173;7
testrun-0-0;76;897758;178;7
testrun-0-0;77;954823;186;8
testrun-0-0;78;761029;160;7
testrun-0-0;79;949193;177;9
testrun-0-0;80;886876;183;9
testrun-0-0;81;895361;179;8
testrun-0-0;82;736497;148;7
testrun-0-0;83;872812;185;9
testrun-0-0;84;877448;172;8
testrun-0-0;85;821276;156;6
testrun-0-0;86;744521;158;7
testrun-0-0;87;645148;137;7
testrun-0-0;88;517743;103;6
testrun-0-0;89;745641;157;7
testrun-0-0;90;814524;149;7
testrun-0-0;91;669331;140;8
testrun-0-0;92;778344;156;7
testrun-0-0;93;737716;157;6
testrun-0-0;94;743757;157;6
testrun-0-0;95;813862;162;7
testrun-0-0;96;730836;150;8
testrun-0-0;97;787611;168;7
testrun-0-0;98;879801;155;8
testrun-0-0;99;951207;186;7
testrun-0-0;100;1098832;220;7
testrun-0-0;101;1068653;218;7
testrun-0-0;102;1128762;226;7
testrun-0-0;103;1064219;220;6
testrun-0-0;104;1046002;215;9
testrun-0-0;105;986754;202;7
testrun-0-0;106;866733;183;6
testrun-0-0;107;936833;196;6
testrun-0-0;108;951168;199;6
testrun-0-0;109;966074;178;6
testrun-0-0;110;743710;156;6
testrun-0-0;111;728191;138;7
testrun-0-0;112;725801;145;7
testrun-0-0;113;683396;139;8
testrun-0-0;114;593257;114;6
testrun-0-0;115;638020;132;6
testrun-0-0;116;611069;126;4
testrun-0-0;117;574192;121;6
testrun-0-0;118;742750;146;7
testrun-0-0;119;739981;158;9
testrun-0-0;120;986308;209;9
testrun-0-0;121;667235;134;9
testrun-0-0;122;807059;163;10
testrun-0-0;123;827047;165;8
testrun-0-0;124;776497;157;6
testrun-0-0;125;817080;169;6
testrun-0-0;126;1011608;197;8
testrun-0-0;127;1016826;203;8
testrun-0-0;128;881315;185;7
testrun-0-0;129;918751;179;7
testrun-0-0;130;906451;179;8
testrun-0-0;131;942812;196;9
testrun-0-0;132;861903;179;9
testrun-0-0;133;734629;152;9
testrun-0-0;134;697682;140;5
testrun-0-0;135;673166;137;6
testrun-0-0;136;615254;130;7
testrun-0-0;137;568011;112;6
testrun-0-0;138;750249;147;7
testrun-0-0;139;705603;150;7
testrun-0-0;140;680180;137;6
testrun-0-0;141;672379;136;6
testrun-0-0;142;684834;133;6
testrun-0-0;143;742105;148;6
testrun-0-0;144;850842;170;7
testrun-0-0;145;588920;126;7
testrun-0-0;146;663163;142;7
testrun-0-0;147;892207;168;7
testrun-0-0;148;891090;187;6
testrun-0-0;149;862714;180;7
testrun-0-0;150;821920;172;8
testrun-0-0;151;917726;181;7
testrun-0-0;152;932718;171;8
testrun-0-0;153;773962;162;7
testrun-0-0;154;805565;168;8
testrun-0-0;155;766983;161;6
testrun-0-0;156;720848;153;7
testrun-0-0;157;701671;145;6
testrun-0-0;158;558180;117;6
testrun-0-0;159;845119;178;7
testrun-0-0;160;744486;142;7
testrun-0-0;161;775807;150;7
testrun-0-0;162;752265;156;8
testrun-0-0;163;787929;164;7
testrun-0-0;164;707085;144;7
testrun-0-0;165;682957;140;6
testrun-0-0;166;776443;152;8
testrun-0-0;167;846208;179;8
testrun-0-0;168;1021045;210;7
testrun-0-0;169;701498;149;10
testrun-0-0;170;875023;170;10
testrun-0-0;171;867797;169;7
testrun-0-0;172;814744;161;6
testrun-0-0;173;816513;155;7
testrun-0-0;174;821247;170;6
testrun-0-0;175;1024831;196;8
testrun-0-0;176;1021109;213;8
testrun-0-0;177;964153;201;6
testrun-0-0;178;890662;182;7
testrun-0-0;179;964967;185;9
testrun-0-0;180;926838;179;8
testrun-0-0;181;744704;154;6
testrun-0-0;182;873264;175;7
testrun-0-0;183;669350;141;6
testrun-0-0;184;759294;160;6
testrun-0-0;185;664597;134;6
testrun-0-0;186;789167;163;9
testrun-0-0;187;688809;138;7
testrun-0-0;188;864770;162;7
testrun-0-0;189;873501;181;8
testrun-0-0;190;991835;199;8
testrun-0-0;191;851565;170;8
testrun-0-0;192;866782;182;7
testrun-0-0;193;906488;180;7
testrun-0-0;194;918634;179;7
testrun-0-0;195;888276;168;6
testrun-0-0;196;864452;158;5
testrun-0-0;197;709557;149;4
testrun-0-0;198;802884;171;6
testrun-0-0;199;858458;182;7
testrun-0-1;0;763751;163;6
testrun-0-1;1;885094;189;10
testrun-0-1;2;929799;186;7
testrun-0-1;3;814230;172;6
testrun-0-1;4;637245;136;5
testrun-0-1;5;885394;184;8
testrun-0-1;6;865062;180;7
testrun-0-1;7;862932;176;6
testrun-0-1;8;745051;153;7
testrun-0-1;9;700856;133;7
testrun-0-1;10;643835;136;8
testrun-0-1;11;627274;132;7
testrun-0-1;12;735469;155;6
testrun-0-1;13;969357;198;5
testrun-0-1;14;956679;204;5
testrun-0-1;15;777715;163;5
testrun-0-1;16;1063512;226;8
testrun-0-1;17;1014861;215;7
testrun-0-1;18;1021088;214;8
testrun-0-1;19;1029674;213;6
testrun-0-1;20;1029373;211;6
testrun-0-1;21;889528;184;6
testrun-0-1;22;886291;183;7
testrun-0-1;23;905337;188;6
testrun-0-1;24;927083;194;8
testrun-0-1;25;889053;187;8
testrun-0-1;26;703347;148;7
testrun-0-1;27;736025;145;8
testrun-0-1;28;763239;163;7
testrun-0-1;29;787616;166;5
testrun-0-1;30;883841;184;8
testrun-0-1;31;832218;160;6
testrun-1-0;0;848472;167;10
testrun-1-0;1;1158129;224;9
testrun-1-0;2;1134312;213;9
testrun-1-0;3;1149334;217;14
testrun-1-0;4;1039304;206;9
testrun-1-0;5;1015226;203;10
testrun-1-0;6;979955;203;8
testrun-1-0;7;777815;161;7
testrun-1-0;8;981122;203;7
testrun-1-0;9;1035902;210;8
testrun-1-0;10;948097;192;8
testrun-1-0;11;1124033;216;7
testrun-1-0;12;1150687;236;6
testrun-1-0;13;1128847;216;6
testrun-1-0;14;976502;193;7
testrun-1-0;15;1024258;196;6
testrun-1-0;16;1017263;197;6
testrun-1-0;17;889400;183;7
testrun-1-0;18;909839;183;8
testrun-1-0;19;1031240;183;13
testrun-1-0;20;1140175;226;7
testrun-1-0;21;1088825;226;7
testrun-1-0;22;1088796;207;7
testrun-1-0;23;964829;205;8
testrun-1-0;24;999726;215;9
testrun-1-0;25;1101467;218;9
testrun-1-0;26;1123335;222;8
testrun-1-0;27;1091089;212;8
testrun-1-0;28;932712;196;7
testrun-1-0;29;1119286;224;7
testrun-1-0;30;1077210;217;9
testrun-1-0;31;880347;181;7
testrun-1-0;32;847158;171;8
testrun-1-0;33;810574;159;7
testrun-1-0;34;829028;176;7
testrun-1-0;35;889512;178;8
testrun-1-0;36;947354;188;8
testrun-1-0;37;913478;181;9
testrun-1-0;38;872022;184;8
testrun-1-0;39;1027295;184;10
testrun-1-0;40;1128312;220;9
testrun-1-0;41;1175890;243;9
testrun-1-0;42;1211108;250;7
testrun-1-0;43;1155322;244;8
testrun-1-0;44;1151988;242;9
testrun-1-0;45;1127786;236;7
testrun-1-0;46;1137814;237;7
testrun-1-0;47;1256467;258;9
testrun-1-0;48;1168133;239;8
testrun-1-0;49;1073060;224;7
testrun-1-0;50;1131491;235;6
testrun-1-0;51;1169811;243;8
testrun-1-0;52;1004905;204;8
testrun-1-0;53;870841;182;7
testrun-1-0;54;870898;172;8
testrun-1-0;55;887543;180;8
testrun-1-0;56;817536;173;7
testrun-1-0;57;812790;171;9
testrun-1-0;58;804888;171;7
testrun-1-0;59;952858;186;9
testrun-1-0;60;902958;189;8
testrun-1-0;61;848948;178;8
testrun-1-0;62;1031498;210;8
testrun-1-0;63;1119086;232;9
testrun-1-0;64;959555;204;9
testrun-1-0;65;1110280;234;9
testrun-1-0;66;1171751;246;9
testrun-1-0;67;1195791;247;6
testrun-1-0;68;1204082;245;7
testrun-1-0;69;1039857;216;7
testrun-1-0;70;1112352;231;6
testrun-1-0;71;1098519;230;6
testrun-1-0;72;1157732;222;8
testrun-1-0;73;1022169;208;6
testrun-1-0;74;1060947;212;7
testrun-1-0;75;1061698;219;8
testrun-1-0;76;1076394;223;9
testrun-1-0;77;1060599;221;10
testrun-1-0;78;1103707;219;9
testrun-1-0;79;1111072;225;10
testrun-1-0;80;1106391;225;11
testrun-1-0;81;1177752;230;8
testrun-1-0;82;1113648;226;8
testrun-1-0;83;1009093;206;8
testrun-1-0;84;1030880;220;10
testrun-1-0;85;1024827;218;10
testrun-1-0;86;1075276;200;9
testrun-1-0;87;1160622;208;9
testrun-1-0;88;1154294;242;8
testrun-1-0;89;1065694;223;7
testrun-1-0;90;1168022;239;7
testrun-1-0;91;1097403;229;8
testrun-1-0;92;1158441;245;10
testrun-1-0;93;1133236;239;7
testrun-1-0;94;1104717;224;7
testrun-1-0;95;1158549;244;9
testrun-1-0;96;1103883;206;9
testrun-1-0;97;1011614;192;9
testrun-1-0;98;1044134;214;9
testrun-1-0;99;1046903;211;9
testrun-1-0;100;847922;180;9
testrun-1-0;101;1065892;204;8
testrun-1-0;102;859897;181;7
testrun-1-0;103;1128543;221;8
testrun-1-0;104;1003107;206;7
testrun-1-0;105;915515;189;7
testrun-1-0;106;814445;159;8
testrun-1-0;107;887578;185;8
testrun-1-0;108;819343;170;6
testrun-1-0;109;892273;183;9
testrun-1-0;110;908720;187;9
testrun-1-0;111;1082220;212;9
testrun-1-0;112;1125912;227;9
testrun-1-0;113;1003177;208;10
testrun-1-0;114;1101009;213;12
testrun-1-0;115;1058246;219;9
testrun-1-0;116;987934;209;8
testrun-1-0;117;1055206;207;8
testrun-1-0;118;993971;198;9
testrun-1-0;119;993409;194;9
testrun-1-0;120;987496;206;8
testrun-1-0;121;956345;200;8
testrun-1-0;122;1026208;200;7
testrun-2-0;0;1013852;180;8
testrun-2-0;1;864641;174;8
testrun-2-0;2;738175;151;10
testrun-2-0;3;936959;172;10
testrun-2-0;4;823771;169;8
testrun-2-0;5;884856;181;8
testrun-2-0;6;896975;186;7
testrun-2-0;7;1172686;246;9
testrun-2-0;8;1161372;244;8
testrun-2-0;9;1036906;220;9
testrun-2-0;10;1193285;251;9
testrun-2-0;11;1143358;239;7
testrun-2-0;12;1117796;234;8
testrun-2-0;13;1171857;246;9
testrun-2-0;14;1133005;237;8
testrun-2-0;15;957759;194;9
testrun-2-0;16;967903;193;10
testrun-2-0;17;982809;201;9
testrun-2-0;18;941589;186;8
testrun-2-0;19;1078893;209;8
testrun-2-0;20;895880;188;8
testrun-2-0;21;785593;160;9
testrun-2-0;22;988829;196;7
testrun-2-0;23;910349;183;8
testrun-2-0;24;1013683;195;6
testrun-2-0;25;1135102;219;6
testrun-2-0;26;1131168;232;6
testrun-2-0;27;1040695;200;8
testrun-2-0;28;1033702;210;8
testrun-2-0;29;1165688;233;9
testrun-2-0;30;1205363;243;9
testrun-2-0;31;1285696;247;9
testrun-2-0;32;1193820;236;10
testrun-2-0;33;1249450;259;9
testrun-2-0;34;1189904;250;9
testrun-2-0;35;1181233;238;9
testrun-2-0;36;1272585;265;8
testrun-2-0;37;1143014;232;7
testrun-2-0;38;1184579;248;10
testrun-2-0;39;1121391;237;9
testrun-2-0;40;1003357;201;8
testrun-2-0;41;1003489;201;9
testrun-2-0;42;967748;189;9
testrun-2-0;43;846900;173;10
testrun-2-0;44;793754;171;9
testrun-2-0;45;882046;179;7
testrun-2-0;46;903785;187;8
testrun-2-0;47;1041331;218;9
testrun-2-0;48;1174781;239;8
testrun-2-0;49;994858;212;8
testrun-2-0;50;1091751;222;9
testrun-2-0;51;1271443;248;7
testrun-2-0;52;1153571;242;7
testrun-2-0;53;1123476;236;8
testrun-2-0;54;1182679;246;7
testrun-2-0;55;1139887;222;6
testrun-2-0;56;1070110;218;7
testrun-2-0;57;1001462;209;6
testrun-2-0;58;1128176;231;8
testrun-2-0;59;1169428;234;8
testrun-2-0;60;1080780;222;6
testrun-2-0;61;1064561;210;9
testrun-2-0;62;922230;195;10
testrun-2-0;63;836051;159;7
testrun-2-0;64;929204;191;7
testrun-2-0;65;850619;172;7
testrun-2-0;66;847910;179;9
testrun-2-0;67;887534;171;7
testrun-2-0;68;848405;172;8
testrun-2-0;69;793506;164;7
testrun-2-0;70;868311;179;8
testrun-2-0;71;937055;188;8
testrun-2-0;72;1056634;225;9
testrun-2-0;73;924177;193;7
testrun-2-0;74;974527;198;8
testrun-2-0;75;995014;190;8
testrun-2-0;76;913524;191;8
testrun-2-0;77;1130423;223;9
testrun-2-0;78;1113272;223;8
testrun-2-0;79;1090903;221;9
testrun-2-0;80;777024;163;8
testrun-2-0;81;1044518;221;9
testrun-2-0;82;1053348;215;8
testrun-2-0;83;1066918;227;10
testrun-2-0;84;1042877;217;9
testrun-2-0;85;1099863;212;9
testrun-2-0;86;996050;194;8
testrun-2-0;87;877274;184;9
testrun-2-0;88;833400;172;7
testrun-2-0;89;929351;194;7
testrun-2-0;90;916252;189;8
testrun-2-0;91;840182;164;6
testrun-2-0;92;929238;197;7
testrun-2-0;93;1031110;210;7
testrun-2-0;94;1029598;204;8
testrun-2-0;95;1045039;211;7
testrun-2-0;96;1075976;219;8
testrun-2-0;97;992691;203;6
testrun-2-0;98;1130034;233;7
testrun-2-0;99;1094930;225;9
testrun-2-0;100;1066228;224;7
testrun-2-0;101;1090763;214;8
testrun-2-0;102;947072;189;8
testrun-2-0;103;879555;168;7
testrun-2-0;104;958637;193;7
testrun-2-0;105;972854;187;7
testrun-2-0;106;901585;175;7
testrun-2-0;107;871442;179;8
testrun-2-0;108;824605;170;8
testrun-2-0;109;794646;151;7
testrun-2-0;110;833847;173;7
testrun-2-0;111;985410;208;9
testrun-2-0;112;1127125;226;9
testrun-2-0;113;1199146;247;8
testrun-2-0;114;1198999;246;7
testrun-2-0;115;1209174;241;8
testrun-2-0;116;1135742;206;6
testrun-2-0;117;1215835;245;6
testrun-2-0;118;1132573;233;8
testrun-2-0;119;1210318;245;7
testrun-2-0;120;1200548;248;8
testrun-2-0;121;1084985;225;7
testrun-2-0;122;964715;190;8
testrun-2-0;123;948311;183;7
testrun-2-0;124;920271;167;6
testrun-2-0;125;957039;187;6
testrun-2-0;126;907189;168;7
testrun-2-0;127;937170;187;8
testrun-2-0;128;924891;191;8
testrun-2-0;129;1148365;217;7
testrun-2-0;130;966019;204;9
testrun-2-0;131;976799;204;7
testrun-2-0;132;961958;206;8
testrun-2-0;133;1013140;212;7
testrun-2-0;134;1075393;215;9
testrun-2-0;135;1197516;229;9
testrun-2-0;136;953944;183;8
testrun-2-0;137;1011130;210;7
testrun-2-0;138;1059937;220;8
testrun-2-0;139;1176723;242;9
testrun-2-0;140;1122522;235;10
testrun-2-0;141;1163071;243;9
testrun-2-0;142;1134719;237;9
testrun-2-0;143;1079368;221;10
testrun-2-0;144;1148280;234;7
testrun-2-0;145;1132387;231;9
testrun-2-0;146;1040174;221;8
testrun-2-0;147;948396;201;8
testrun-2-0;148;924213;182;8
testrun-2-0;149;844718;168;7
testrun-2-0;150;967355;194;8
testrun-2-0;151;904407;181;8
testrun-2-0;152;834895;158;8
testrun-2-0;153;878577;182;7
testrun-2-0;154;911066;168;8
testrun-2-0;155;913951;175;9
testrun-2-0;156;849080;175;7
testrun-2-0;157;867467;174;7
testrun-2-0;158;747693;157;7
testrun-2-0;159;778537;164;7
testrun-2-0;160;890029;187;9
testrun-2-0;161;1052767;208;8
testrun-2-0;162;1132145;227;7
testrun-2-0;163;1067672;224;7
testrun-2-0;164;1048758;219;8
testrun-2-0;165;1013621;195;8
testrun-2-0;166;948250;197;10
testrun-2-0;167;1053585;220;9
testrun-2-0;168;987468;207;10
testrun-2-0;169;1109379;216;9
testrun-2-0;170;981394;199;8
testrun-2-0;171;1062503;216;8
testrun-2-0;172;1036690;195;8
testrun-2-0;173;932216;178;6
testrun-2-0;174;892056;183;7
testrun-2-0;175;962265;179;8
testrun-2-0;176;889194;175;8
testrun-2-0;177;736425;152;8
testrun-2-0;178;876571;176;7
testrun-2-0;179;1016743;190;8
testrun-2-0;180;1129880;228;8
testrun-2-0;181;1187116;240;7
testrun-2-0;182;1189094;247;6
testrun-2-0;183;1145186;234;6
testrun-2-0;184;1102960;224;8
testrun-2-0;185;1142517;241;7
testrun-2-0;186;1158786;243;7
testrun-2-0;187;1165760;243;7
testrun-2-0;188;1154769;243;7
testrun-2-0;189;1083514;206;8
testrun-2-0;190;921034;193;9
testrun-2-0;191;987907;204;9
testrun-2-0;192;960471;198;9
testrun-2-0;193;990030;202;7
testrun-2-0;194;875806;179;7
testrun-2-0;195;785291;163;6
testrun-2-0;196;969355;201;7
testrun-2-0;197;822491;172;7
testrun-2-0;198;924005;194;7
testrun-2-0;199;905170;185;7
testrun-2-1;0;806591;162;7
testrun-2-1;1;841423;177;8
testrun-2-1;2;826331;172;7
testrun-2-1;3;903472;174;7
testrun-2-1;4;962712;201;8
testrun-2-1;5;958301;203;8
testrun-2-1;6;1209885;243;9
testrun-2-1;7;1208247;249;9
testrun-2-1;8;1119508;230;7
testrun-2-1;9;1178634;238;8
testrun-2-1;10;1114848;233;9
testrun-2-1;11;1234878;243;8
testrun-2-1;12;1074043;227;9
testrun-2-1;13;1062282;216;8
testrun-2-1;14;1057244;214;8
testrun-2-1;15;1010043;211;8
testrun-2-1;16;883281;184;7
testrun-2-1;17;837914;172;6
testrun-2-1;18;991330;204;8
testrun-2-1;19;878461;184;8
testrun-2-1;20;1006446;204;7
testrun-2-1;21;966354;194;7
testrun-2-1;22;874524;178;7
testrun-2-1;23;844541;173;6
testrun-2-1;24;999960;203;7
testrun-2-1;25;897367;188;8
testrun-2-1;26;898793;191;9
testrun-2-1;27;1169260;228;8
testrun-2-1;28;927283;195;6
testrun-2-1;29;1028880;214;8
testrun-3-0;0;998945;205;10
testrun-3-0;1;1093490;206;9
testrun-3-0;2;1043106;217;9
testrun-3-0;3;1050558;202;7
testrun-3-0;4;1012871;202;6
testrun-3-0;5;1188883;244;8
testrun-3-0;6;1232266;242;10
testrun-3-0;7;1095844;228;9
testrun-3-0;8;1142306;240;7
testrun-3-0;9;1093754;228;7
testrun-3-0;10;1202545;244;8
testrun-3-0;11;1126507;231;7
testrun-3-0;12;1061588;224;9
testrun-3-0;13;1184117;231;8
testrun-3-0;14;988166;203;8
testrun-3-0;15;875760;177;7
testrun-3-0;16;1027148;208;8
testrun-3-0;17;1040821;203;7
testrun-3-0;18;906445;188;8
testrun-3-0;19;994472;206;7
testrun-3-0;20;1033100;214;8
testrun-3-0;21;902016;183;7
testrun-3-0;22;877253;177;7
testrun-3-0;23;921779;184;7
testrun-3-0;24;845500;177;8
testrun-3-0;25;912048;178;8
testrun-3-0;26;739881;150;8
testrun-3-0;27;833048;174;8
testrun-3-0;28;801553;169;8
testrun-3-0;29;823994;167;6
testrun-3-0;30;888078;190;8
testrun-3-0;31;1048250;217;8
testrun-3-0;32;896722;183;8
testrun-3-0;33;998169;200;9
testrun-3-0;34;1018873;206;8
testrun-3-0;35;1118658;209;7
testrun-3-0;36;1056113;217;7
testrun-3-0;37;1213567;244;9
testrun-3-0;38;1209092;253;10
testrun-3-0;39;1151612;229;7
testrun-3-0;40;1110072;233;7
testrun-3-0;41;1111752;232;7
testrun-3-0;42;1136984;239;9
testrun-3-0;43;928141;196;7
testrun-3-0;44;1005313;190;9
testrun-3-0;45;898489;181;7
testrun-3-0;46;813685;166;8
testrun-3-0;47;753616;159;9
testrun-3-0;48;888150;175;7
testrun-3-0;49;935233;188;9
testrun-3-0;50;1044415;215;8
testrun-3-0;51;1064735;224;7
testrun-3-0;52;1016720;213;9
testrun-3-0;53;1263182;237;9
testrun-3-0;54;1233164;253;8
testrun-3-0;55;1133488;238;7
testrun-3-0;56;1099826;228;7
testrun-3-0;57;1212286;251;7
testrun-3-0;58;1141355;238;7
testrun-3-0;59;1049440;222;8
testrun-3-0;60;1148103;240;6
testrun-3-0;61;1162112;241;6
testrun-3-0;62;1027863;216;8
testrun-3-0;63;1053301;213;6
testrun-3-0;64;970719;202;7
testrun-3-0;65;1044223;217;7
testrun-3-0;66;1165786;229;9
testrun-3-0;67;1027454;218;7
testrun-3-0;68;986042;209;9
testrun-3-0;69;866049;183;8
testrun-3-0;70;767479;157;7
testrun-3-0;71;894924;179;7
testrun-3-0;72;907801;184;7
testrun-3-0;73;1011907;206;8
testrun-3-0;74;1179050;243;7
testrun-3-0;75;1086327;231;8
testrun-3-0;76;1230619;240;8
testrun-3-0;77;1170396;244;8
testrun-3-0;78;1178567;235;9
testrun-3-0;79;1144349;243;8
testrun-3-0;80;1124156;235;7
testrun-3-0;81;1052237;222;7
testrun-3-0;82;1172452;241;7
testrun-3-0;83;1151048;237;7
testrun-3-0;84;990593;194;7
testrun-3-0;85;934748;189;9
testrun-3-0;86;1018724;211;10
testrun-3-0;87;1010028;214;9
testrun-3-0;88;1069416;220;9
testrun-3-0;89;1019627;211;10
testrun-3-0;90;1063636;221;9
testrun-3-0;91;979578;188;7
testrun-3-0;92;959040;181;8
testrun-3-0;93;885157;182;8
testrun-3-0;94;866234;171;7
testrun-3-0;95;890272;172;8
testrun-3-0;96;840359;176;8
testrun-3-0;97;1050336;192;8
testrun-3-0;98;1246865;234;8
testrun-3-0;99;1128840;235;6
testrun-3-0;100;1152170;240;10
testrun-3-0;101;1167557;243;6
testrun-3-0;102;1101067;226;6
testrun-3-0;103;1067481;209;8
testrun-3-0;104;1018530;209;7
testrun-3-0;105;1071800;225;8
testrun-3-0;106;1097563;229;9
testrun-3-0;107;1099424;227;8
testrun-3-0;108;1116985;229;9
testrun-3-0;109;1034696;218;9
testrun-3-0;110;988407;200;8
testrun-3-0;111;1119639;225;10
testrun-3-0;112;993025;205;10
testrun-3-0;113;960690;193;10
testrun-3-0;114;902336;184;7
testrun-3-0;115;948642;193;7
testrun-3-0;116;993062;200;7
testrun-3-0;117;869212;161;7
testrun-3-0;118;896847;190;7
testrun-3-0;119;961258;200;7
testrun-3-0;120;964224;196;9
testrun-3-0;121;1079177;211;7
testrun-3-0;122;1069070;213;7
testrun-3-0;123;990940;195;7
testrun-3-0;124;1011404;211;6
testrun-3-0;125;1073829;218;9
testrun-3-0;126;979684;198;7
testrun-3-0;127;1037841;212;7
testrun-3-0;128;1049373;217;9
testrun-3-0;129;1121058;239;10
testrun-3-0;130;1096582;222;10
testrun-3-0;131;1100769;233;9
testrun-3-0;132;1054555;221;9
testrun-3-0;133;1016159;209;8
testrun-3-0;134;947398;198;8
testrun-3-0;135;1100136;221;9
testrun-3-0;136;1043834;206;8
testrun-3-0;137;1003212;207;8
testrun-3-0;138;964061;192;8
testrun-3-0;139;795969;166;8
testrun-3-0;140;917153;191;7
testrun-3-0;141;864757;172;7
testrun-3-0;142;849081;176;7
testrun-3-0;143;853792;182;7
testrun-3-0;144;857876;182;8
testrun-3-0;145;922632;195;9
testrun-3-0;146;884368;187;9
testrun-3-0;147;920977;195;8
testrun-3-0;148;999832;212;8
testrun-3-0;149;862021;178;7
testrun-3-0;150;997655;200;7
testrun-3-0;151;1033252;212;8
testrun-3-0;152;1109037;226;6
testrun-3-0;153;1056042;207;7
testrun-3-0;154;1138490;228;8
testrun-3-0;155;971190;196;8
testrun-3-0;156;982298;200;10
testrun-3-0;157;1060108;215;10
testrun-3-0;158;956085;196;9
testrun-3-0;159;1153022;219;8
testrun-3-0;160;933599;195;7
testrun-3-0;161;1060622;213;7
testrun-3-0;162;946179;197;8
testrun-3-0;163;941849;182;6
testrun-3-0;164;945959;185;9
testrun-3-0;165;962966;203;9
testrun-3-0;166;932403;195;9
testrun-3-0;167;962434;188;8
testrun-3-0;168;1134030;226;9
testrun-3-0;169;1130849;235;7
testrun-3-0;170;1079916;225;7
testrun-3-0;171;1121066;230;7
testrun-3-0;172;1137341;208;8
testrun-3-0;173;1003916;206;6
testrun-3-0;174;962318;200;7
testrun-3-0;175;1120314;232;7
testrun-3-0;176;1013228;212;8
testrun-3-0;177;1164543;233;9
testrun-3-0;178;1136553;228;10
testrun-3-0;179;1154025;221;10
testrun-3-0;180;1167936;228;9
testrun-3-0;181;959622;195;9
testrun-3-0;182;1165145;234;10
testrun-3-0;183;1154946;224;8
testrun-3-0;184;1100087;213;8
testrun-3-0;185;994147;198;8
testrun-3-0;186;881380;185;8
testrun-3-0;187;967784;201;7
testrun-3-0;188;1013144;193;7
testrun-3-0;189;872512;181;8
testrun-3-0;190;943606;187;9
testrun-3-0;191;1017683;210;9
testrun-3-0;192;1027735;217;10
testrun-3-0;193;1053748;206;9
testrun-3-0;194;1228092;250;8
testrun-3-0;195;1158629;239;7
testrun-3-0;196;1155175;241;7
testrun-3-0;197;1197365;231;7
testrun-3-0;198;1159280;241;7
testrun-3-0;199;1099210;229;8
testrun-3-1;0;1035139;214;8
testrun-3-1;1;1104288;230;6
testrun-3-1;2;1125965;232;7
testrun-3-1;3;1057996;207;8
testrun-3-1;4;919847;184;7
testrun-3-1;5;836290;162;7
testrun-3-1;6;877181;177;7
testrun-3-1;7;997273;188;8
testrun-3-1;8;812019;167;7
testrun-3-1;9;865670;179;8
testrun-3-1;10;1183597;231;8
testrun-3-1;11;1077235;227;7
testrun-3-1;12;1110354;232;7
testrun-3-1;13;1101957;232;7
testrun-3-1;14;1107399;226;7
testrun-3-1;15;1113502;231;6
testrun-3-1;16;1056284;211;7
testrun-3-1;17;912486;181;9
testrun-3-1;18;781326;163;7
testrun-3-1;19;902846;182;7
testrun-3-1;20;842806;163;6
testrun-3-1;21;893667;182;8
testrun-3-1;22;849047;177;8
testrun-3-1;23;914289;173;7
testrun-3-1;24;797247;160;8
testrun-3-1;25;884563;170;7
testrun-3-1;26;886832;185;9
testrun-3-1;27;826008;171;8
testrun-3-1;28;939783;180;8
testrun-3-1;29;999315;204;9
testrun-3-1;30;1183926;228;8
testrun-3-1;31;1214223;242;6
testrun-3-1;32;1111146;235;8
testrun-3-1;33;1122459;234;9
testrun-3-1;34;1161551;242;8
testrun-3-1;35;1178328;244;7
testrun-3-1;36;1098744;229;8
testrun-3-1;37;1073668;220;8
testrun-3-1;38;1069276;223;7
testrun-3-1;39;1069074;226;7
testrun-3-1;40;1018548;201;9
testrun-3-1;41;968289;187;9
testrun-3-1;42;1073971;214;8
testrun-3-1;43;935377;192;9
testrun-3-1;44;1069867;209;8
testrun-3-1;45;966321;194;7
testrun-3-1;46;1030708;207;9
testrun-3-1;47;923090;194;9
testrun-3-1;48;800992;171;7
testrun-3-1;49;990615;199;7
testrun-3-1;50;902867;181;7
testrun-3-1;51;805670;157;8
testrun-3-1;52;926335;195;7
testrun-3-1;53;894189;178;6
testrun-3-1;54;945937;187;7
testrun-3-1;55;963263;188;7
testrun-3-1;56;1053721;213;8
testrun-3-1;57;1242125;235;7
testrun-3-1;58;912317;194;8
testrun-3-1;59;1092526;226;9
testrun-3-1;60;1148835;237;9
testrun-3-1;61;1177872;228;7
testrun-3-1;62;1060686;220;7
testrun-3-1;63;1097419;231;8
testrun-3-1;64;1054586;213;7
testrun-3-1;65;970185;193;8
testrun-3-1;66;1011299;215;9
testrun-3-1;67;1063141;222;9
testrun-3-1;68;1110835;223;9
testrun-3-1;69;1189269;231;9
testrun-3-1;70;1041865;208;9
testrun-3-1;71;1157708;227;8
testrun-3-1;72;991652;197;8
testrun-3-1;73;920593;176;7
testrun-3-1;74;820009;169;7
testrun-3-1;75;902860;170;8
testrun-3-1;76;817652;160;8
testrun-3-1;77;864629;172;8
testrun-3-1;78;979112;191;8
testrun-3-1;79;1134660;229;8
testrun-3-1;80;1200677;243;6
testrun-3-1;81;1166063;243;7
testrun-3-1;82;1146580;235;9
testrun-3-1;83;1146621;241;7
testrun-3-1;84;1115187;233;7
testrun-3-1;85;1127040;223;6
testrun-3-1;86;1066042;211;6
testrun-3-1;87;987990;203;7
testrun-3-1;88;1131127;231;8
testrun-3-1;89;1033049;218;11
testrun-3-1;90;1142619;220;9
testrun-3-1;91;1135674;224;8
testrun-3-1;92;974807;205;9
testrun-3-1;93;861136;184;8
testrun-3-1;94;758413;158;7
testrun-3-1;95;904998;190;8
testrun-3-1;96;893622;180;9
testrun-3-1;97;973143;192;8
testrun-3-1;98;1128618;229;8
testrun-3-1;99;1137801;235;7
testrun-3-1;100;1175769;226;8
testrun-3-1;101;1119244;235;7
testrun-3-1;102;1073870;225;7
testrun-3-1;103;1122630;235;8
testrun-3-1;104;1013504;196;9
testrun-3-1;105;1070312;203;9
testrun-3-1;106;1048168;222;9
testrun-3-1;107;1069153;217;9
testrun-3-1;108;919123;192;10
testrun-3-1;109;1110562;226;8
testrun-3-1;110;1014089;203;7
testrun-3-1;111;884412;187;8
testrun-3-1;112;1023678;213;9
testrun-3-1;113;988872;197;9
testrun-3-1;114;874181;183;8
testrun-3-1;115;891406;177;8
testrun-3-1;116;958409;194;8
testrun-3-1;117;898483;186;7
testrun-3-1;118;896600;178;8
testrun-3-1;119;885966;178;8
testrun-3-1;120;864065;175;9
testrun-3-1;121;1015916;205;9
testrun-3-1;122;914820;195;9
testrun-3-1;123;1020302;188;8
testrun-3-1;124;1261710;241;8
testrun-3-1;125;1147476;239;7
testrun-3-1;126;1157479;241;7
testrun-3-1;127;1072175;221;8
testrun-3-1;128;1163685;243;6
testrun-3-1;129;1111263;234;6
testrun-3-1;130;1067235;224;7
testrun-3-1;131;1053994;213;6
testrun-3-1;132;971457;202;6
testrun-3-1;133;1124788;237;8
testrun-3-1;134;1103619;228;8
testrun-3-1;135;1108163;228;8
testrun-3-1;136;1050576;222;10
testrun-3-1;137;1083714;228;10
testrun-3-1;138;1139481;223;9
testrun-3-1;139;836554;176;9
testrun-3-1;140;1134314;226;9
testrun-3-1;141;1070136;216;8
testrun-3-1;142;1081145;203;9
testrun-3-1;143;967533;191;9
testrun-3-1;144;1129110;219;8
testrun-3-1;145;1033530;203;7
testrun-3-1;146;985418;192;7
testrun-3-1;147;940055;188;8
testrun-3-1;148;778972;155;7
testrun-3-1;149;943894;193;7
testrun-3-1;150;850144;167;6
testrun-3-1;151;926719;175;8
testrun-3-1;152;936137;187;7
testrun-3-1;153;1092323;227;9
testrun-3-1;154;1146196;240;8
testrun-3-1;155;956518;197;8
testrun-3-1;156;1113977;231;9
testrun-3-1;157;1169479;244;6
testrun-3-1;158;1140059;239;8
testrun-3-1;159;1158937;241;8
testrun-3-1;160;1198836;241;8
testrun-3-1;161;1046441;207;6
testrun-3-1;162;1001029;207;6
testrun-3-1;163;1144325;226;7
testrun-3-1;164;1137551;229;7
testrun-3-1;165;1126905;219;7
testrun-3-1;166;1140066;241;10
testrun-3-1;167;1084251;228;10
testrun-3-1;168;1075095;222;9
testrun-3-1;169;1019300;217;8
testrun-3-1;170;964748;199;8
testrun-3-1;171;806890;167;8
testrun-3-1;172;807690;160;8
testrun-3-1;173;880942;182;9
testrun-3-1;174;941267;188;9
testrun-3-1;175;959692;194;9
testrun-3-1;176;1109450;235;8
testrun-3-1;177;1126356;235;9
testrun-3-1;178;1163209;240;8
testrun-3-1;179;1104541;228;8
testrun-3-1;180;1056563;220;8
testrun-3-1;181;1095852;226;6
testrun-3-1;182;1107380;220;6
testrun-3-1;183;1029390;208;6
testrun-3-1;184;1016994;211;7
testrun-3-1;185;1102660;228;8
testrun-3-1;186;1037384;219;10
testrun-3-1;187;1096337;223;10
testrun-3-1;188;1105989;221;9
testrun-3-1;189;1077753;222;10
testrun-3-1;190;960465;200;9
testrun-3-1;191;1041689;222;9
testrun-3-1;192;1074283;224;10
testrun-3-1;193;993747;212;9
testrun-3-1;194;918670;194;8
testrun-3-1;195;895700;187;9
testrun-3-1;196;829986;176;7
testrun-3-1;197;960434;196;7
testrun-3-1;198;928202;188;7
testrun-3-1;199;862856;182;9
testrun-3-2;0;966313;189;7
testrun-3-2;1;1052408;211;8
testrun-3-2;2;1135908;239;7
testrun-3-2;3;1149179;239;8
testrun-3-2;4;1144749;235;8
testrun-3-2;5;1137421;240;9
testrun-3-2;6;1125178;233;8
testrun-3-2;7;1128586;236;8
testrun-3-2;8;1120445;217;6
testrun-3-2;9;1064624;213;6
testrun-3-2;10;1044790;214;6
testrun-3-2;11;1157766;238;8
testrun-3-2;12;1146974;237;8
testrun-3-2;13;1033583;213;8
testrun-3-2;14;1151337;240;9
testrun-3-2;15;1161711;233;8
testrun-3-2;16;1108382;229;10
testrun-3-2;17;1094698;215;9
testrun-3-2;18;1010681;203;9
testrun-3-2;19;1093852;228;9
testrun-3-2;20;1085351;227;9
testrun-3-2;21;1044921;207;8
testrun-3-2;22;1051508;213;8
testrun-3-2;23;946864;187;9
testrun-3-2;24;742597;155;8
testrun-3-2;25;976495;198;8
testrun-3-2;26;941876;190;8
testrun-3-2;27;976762;186;10
testrun-3-2;28;934056;190;7
testrun-3-2;29;1122924;236;7
testrun-3-2;30;1156222;238;7
testrun-3-2;31;1148547;236;8
testrun-3-2;32;1170704;240;7
testrun-3-2;33;1086683;226;7
testrun-3-2;34;1040249;217;7
testrun-3-2;35;1098423;226;7
testrun-3-2;36;1054510;220;7
testrun-3-2;37;1001967;189;8
testrun-3-2;38;949141;182;9
testrun-3-2;39;998151;207;9
testrun-3-2;40;857910;177;8
testrun-3-2;41;1003156;211;7
testrun-3-2;42;989516;192;7
testrun-3-2;43;1046051;208;8
testrun-3-2;44;976493;195;8
testrun-3-2;45;826691;157;8
testrun-3-2;46;958197;202;7
testrun-3-2;47;979285;189;8
testrun-3-2;48;980987;200;7
testrun-3-2;49;1093579;224;6
testrun-3-2;50;971588;194;5
testrun-3-2;51;1010480;210;8
testrun-3-2;52;1065911;214;7
testrun-3-2;53;975824;206;9
testrun-3-2;54;1063895;221;8
testrun-3-2;55;1190610;249;10
testrun-3-2;56;1184922;247;9
testrun-3-2;57;1179602;237;9
testrun-3-2;58;1142879;236;8
testrun-3-2;59;1143620;221;9
testrun-3-2;60;1252134;233;9
testrun-3-2;61;1099113;220;10
testrun-3-2;62;1035596;212;9
testrun-3-2;63;1051228;215;10
testrun-3-2;64;1075744;218;8
testrun-3-2;65;996018;203;7
testrun-3-2;66;873669;178;7
testrun-3-2;67;957218;200;8
testrun-3-2;68;865068;171;7
testrun-3-2;69;889410;180;9
testrun-3-2;70;856185;173;7
testrun-3-2;71;788485;166;8
testrun-3-2;72;703617;143;6
testrun-3-2;73;779256;164;8
testrun-3-2;74;819713;174;8
testrun-3-2;75;1097217;207;8
testrun-3-2;76;1154556;240;8
testrun-3-2;77;1099806;226;6
testrun-3-2;78;1067088;222;8
testrun-3-2;79;1177922;244;7
testrun-3-2;80;1088178;228;8
testrun-3-2;81;1081869;215;7
testrun-3-2;82;1078840;226;8
testrun-3-2;83;1048887;221;7
testrun-3-2;84;1036187;203;8
testrun-3-2;85;989011;194;8
testrun-3-2;86;1053006;208;8
testrun-3-2;87;892363;190;8
testrun-3-2;88;979001;203;8
testrun-3-2;89;927372;180;7
testrun-3-2;90;875284;164;8
testrun-3-2;91;910367;191;8
testrun-3-2;92;914800;186;8
testrun-3-2;93;1002517;197;9
testrun-3-2;94;1098922;221;7
testrun-3-2;95;1083613;211;6
testrun-3-2;96;1009582;204;8
testrun-3-2;97;982919;204;6
testrun-3-2;98;1140525;232;8
testrun-3-2;99;1078510;223;7
testrun-3-2;100;1060250;223;8
testrun-3-2;101;1067206;227;9
testrun-3-2;102;1088817;230;10
testrun-3-2;103;1116431;226;8
testrun-3-2;104;1065599;226;8
testrun-3-2;105;1030929;214;9
testrun-3-2;106;923482;194;7
testrun-3-2;107;848206;177;7
testrun-3-2;108;987173;197;7
testrun-3-2;109;1001019;198;8
testrun-3-2;110;893509;167;8
testrun-3-2;111;937769;195;7
testrun-3-2;112;947477;194;7
testrun-3-2;113;810119;170;7
testrun-3-2;114;866872;176;7
testrun-3-2;115;1031938;195;9
testrun-3-2;116;999390;207;9
testrun-3-2;117;870902;179;8
testrun-3-2;118;1073105;202;9
testrun-3-2;119;1097972;218;7
testrun-3-2;120;1054206;210;8
testrun-3-2;121;1013918;210;8
testrun-3-2;122;979735;202;7
testrun-3-2;123;1079386;220;8
testrun-3-2;124;1089913;227;9
testrun-3-2;125;1064453;227;9
testrun-3-2;126;1064866;221;9
testrun-3-2;127;1189176;235;9
testrun-3-2;128;1160565;229;9
testrun-3-2;129;876407;182;9
testrun-3-2;130;1070383;221;9
testrun-3-2;131;1013695;211;9
testrun-3-2;132;1040489;209;9
testrun-3-2;133;956979;192;8
testrun-3-2;134;1043577;210;8
testrun-3-2;135;1034398;208;7
testrun-3-2;136;918336;185;7
testrun-3-2;137;946055;184;9
testrun-3-2;138;957330;190;8
testrun-3-2;139;934152;191;8
testrun-3-2;140;799900;166;7
testrun-3-2;141;910271;186;9
testrun-3-2;142;1002686;212;8
testrun-3-2;143;1182336;237;8
testrun-3-2;144;1136383;238;8
testrun-3-2;145;1161744;243;8
testrun-3-2;146;1151094;242;8
testrun-3-2;147;997922;206;8
testrun-3-2;148;905744;186;8
testrun-3-2;149;1079595;211;9
testrun-3-2;150;1030223;204;9
testrun-3-2;151;929946;191;10
testrun-3-2;152;1071701;211;7
testrun-3-2;153;1001985;208;8
testrun-3-2;154;949543;199;7
testrun-3-2;155;797911;165;8
testrun-3-2;156;945779;198;7
testrun-3-2;157;889809;181;7
testrun-3-2;158;899422;183;9
testrun-3-2;159;963759;184;9
testrun-3-2;160;1007622;198;11
testrun-3-2;161;1032168;218;10
testrun-3-2;162;959031;199;9
testrun-3-2;163;1070443;213;7
testrun-3-2;164;1047082;219;7
testrun-3-2;165;1048680;221;7
testrun-3-2;166;1124577;226;7
testrun-3-2;167;980480;195;7
testrun-3-2;168;1028885;217;8
testrun-3-2;169;1081616;226;9
testrun-3-2;170;1042559;220;9
testrun-3-2;171;917402;195;8
testrun-3-2;172;1038531;222;9
testrun-3-2;173;1141056;235;9
testrun-3-2;174;1043473;206;9
testrun-3-2;175;1023014;200;9
testrun-3-2;176;910160;186;9
testrun-3-2;177;856719;172;7
testrun-3-2;178;961171;196;7
testrun-3-2;179;934463;195;8
testrun-3-2;180;884474;186;7
testrun-3-2;181;974058;189;8
testrun-3-2;182;1036306;205;8
testrun-3-2;183;1143967;239;7
testrun-3-2;184;1148214;242;8
testrun-3-2;185;941034;200;9
testrun-3-2;186;1201813;244;7
testrun-3-2;187;1141972;240;7
testrun-3-2;188;1064455;225;8
testrun-3-2;189;1173929;244;7
testrun-3-2;190;1164396;239;7
testrun-3-2;191;940665;196;8
testrun-3-2;192;876884;177;7
testrun-3-2;193;840785;172;7
testrun-3-2;194;887741;179;8
testrun-3-2;195;899875;182;8
testrun-3-2;196;852612;171;8
testrun-3-2;197;760810;154;7
testrun-3-2;198;845153;180;8
testrun-3-2;199;907842;192;7
testrun-3-3;0;916390;174;9
testrun-3-3;1;944441;189;10
testrun-3-3;2;995505;199;8
testrun-3-3;3;1127181;210;9
testrun-3-3;4;1010040;213;8
testrun-3-3;5;1078354;217;9
testrun-3-3;6;1042612;210;7
testrun-3-3;7;986349;201;6
testrun-3-3;8;1113022;230;7
testrun-3-3;9;1187996;246;10
testrun-3-3;10;1096772;222;8
testrun-3-3;11;1183668;238;7
testrun-3-3;12;1202698;247;7
testrun-3-3;13;1151923;237;8
testrun-3-3;14;1157009;235;7
testrun-3-3;15;1147007;230;10
testrun-3-3;16;1097342;232;10
testrun-3-3;17;1029775;216;10
testrun-3-3;18;878066;185;9
testrun-3-3;19;1060285;224;9
testrun-3-3;20;1073621;218;9
testrun-3-3;21;994664;207;9
testrun-3-3;22;952307;196;8
testrun-3-3;23;965663;195;8
testrun-3-3;24;1018037;194;7
testrun-3-3;25;967083;203;7
testrun-3-3;26;885776;183;7
testrun-3-3;27;968801;183;7
testrun-3-3;28;934963;184;7
testrun-3-3;29;906440;188;8
testrun-3-3;30;838321;175;7
testrun-3-3;31;838670;177;8
testrun-3-3;32;1165749;223;7
testrun-3-3;33;1112234;234;8
testrun-3-3;34;1044709;220;6
testrun-3-3;35;1087799;223;8
testrun-3-3;36;1132531;227;7
testrun-3-3;37;998089;210;7
testrun-3-3;38;1088944;228;8
testrun-3-3;39;1016959;205;8
testrun-3-3;40;1045430;205;9
testrun-3-3;41;1161598;223;9
testrun-3-3;42;975557;206;10
testrun-3-3;43;1187120;221;8
testrun-3-3;44;999437;208;9
testrun-3-3;45;1216250;229;8
testrun-3-3;46;1000162;209;8
testrun-3-3;47;909190;180;8
testrun-3-3;48;845131;163;8
testrun-3-3;49;947890;194;7
testrun-3-3;50;834774;167;7
testrun-3-3;51;914472;178;8
testrun-3-3;52;874775;169;8
testrun-3-3;53;919308;176;8
testrun-3-3;54;798393;152;8
testrun-3-3;55;814574;162;8
testrun-3-3;56;856641;173;7
testrun-3-3;57;857606;166;8
testrun-3-3;58;774320;159;7
testrun-3-3;59;846485;174;8
testrun-3-3;60;896001;191;8
testrun-3-3;61;869835;178;7
testrun-3-3;62;990888;193;9
testrun-3-3;63;1074202;227;8
testrun-3-3;64;1186920;244;9
testrun-3-3;65;1189928;248;8
testrun-3-3;66;1178552;238;7
testrun-3-3;67;1163326;227;8
testrun-3-3;68;1187133;240;7
testrun-3-3;69;1106797;233;8
testrun-3-3;70;1249650;254;8
testrun-3-3;71;1156053;237;9
testrun-3-3;72;975438;202;7
testrun-3-3;73;1018237;189;8
testrun-3-3;74;886892;181;8
testrun-3-3;75;871171;179;8
testrun-3-3;76;904309;178;7
testrun-3-3;77;872342;180;8
testrun-3-3;78;794323;164;8
testrun-3-3;79;942127;197;7
testrun-3-3;80;1030266;204;7
testrun-3-3;81;922294;189;7
testrun-3-3;82;984517;202;7
testrun-3-3;83;1047625;215;6
testrun-3-3;84;972516;196;6
testrun-3-3;85;1118985;230;9
testrun-3-3;86;1079210;230;10
testrun-3-3;87;1056574;214;8
testrun-3-3;88;1139647;232;10
testrun-3-3;89;1185620;249;9
testrun-3-3;90;1046706;209;9
testrun-3-3;91;1236799;248;9
testrun-3-3;92;1207822;249;9
testrun-3-3;93;1156297;233;7
testrun-3-3;94;1128373;234;8
testrun-3-3;95;1090603;223;8
testrun-3-3;96;1139763;224;8
testrun-3-3;97;1084180;211;8
testrun-3-3;98;932518;192;8
testrun-3-3;99;1099439;225;8
testrun-3-3;100;972072;205;7
testrun-3-3;101;1031669;206;8
testrun-3-3;102;885433;183;7
testrun-3-3;103;754634;152;6
testrun-3-3;104;937725;190;8
testrun-3-3;105;834561;179;8
testrun-3-3;106;920523;183;9
testrun-3-3;107;861788;178;8
testrun-3-3;108;1046840;207;10
testrun-3-3;109;1079179;217;9
testrun-3-3;110;1040812;208;8
testrun-3-3;111;1214564;244;7
testrun-3-3;112;1122777;237;6
testrun-3-3;113;1077470;224;6
testrun-3-3;114;1140560;240;7
testrun-3-3;115;1052068;220;6
testrun-3-3;116;1018311;205;8
testrun-3-3;117;1048589;204;6
testrun-3-3;118;1069794;213;9
testrun-3-3;119;1111070;228;9
testrun-3-3;120;1059860;209;9
testrun-3-3;121;1129628;225;9
testrun-3-3;122;1154156;227;8
testrun-3-3;123;1001935;206;9
testrun-3-3;124;1063980;218;10
testrun-3-3;125;1024975;219;9
testrun-3-3;126;893610;186;9
testrun-3-3;127;985400;209;8
testrun-3-3;128;1152060;242;10
testrun-3-3;129;1098319;222;8
testrun-3-3;130;1230154;237;9
testrun-3-3;131;1178267;246;8
testrun-3-3;132;1101380;234;8
testrun-3-3;133;1165513;240;7
testrun-3-3;134;1047581;218;7
testrun-3-3;135;1049398;207;8
testrun-3-3;136;1089901;226;7
testrun-3-3;137;1049708;208;7
testrun-3-3;138;1006806;202;10
testrun-3-3;139;1031489;208;10
testrun-3-3;140;1050832;220;8
testrun-3-3;141;1048016;215;9
testrun-3-3;142;1038617;210;8
testrun-3-3;143;932401;199;7
testrun-3-3;144;1015002;194;8
testrun-3-3;145;868736;170;6
testrun-3-3;146;966447;184;7
testrun-3-3;147;974997;189;8
testrun-3-3;148;848975;175;7
testrun-3-3;149;908933;183;9
testrun-3-3;150;988313;189;9
testrun-3-3;151;1037834;209;10
testrun-3-3;152;1111259;226;8
testrun-3-3;153;1031488;206;9
testrun-3-3;154;1185139;230;8
testrun-3-3;155;1079130;222;7
testrun-3-3;156;1094652;219;7
testrun-3-3;157;1079977;225;8
testrun-3-3;158;978919;199;7
testrun-3-3;159;970366;180;8
testrun-3-3;160;905455;191;8
testrun-3-3;161;910774;190;8
testrun-3-3;162;988386;194;8
testrun-3-3;163;871014;166;8
testrun-3-3;164;963655;195;7
testrun-3-3;165;879391;178;9
testrun-3-3;166;932826;190;7
testrun-3-3;167;1104883;234;6
testrun-3-3;168;1091441;229;8
testrun-3-3;169;944021;188;7
testrun-3-3;170;1175346;243;8
testrun-3-3;171;1117445;234;7
testrun-3-3;172;1085992;224;7
testrun-3-3;173;1142546;237;6
testrun-3-3;174;1093240;226;8
testrun-3-3;175;1164688;239;6
testrun-3-3;176;1192804;247;8
testrun-3-3;177;1113664;229;7
testrun-3-3;178;1069222;190;8
testrun-3-3;179;911946;182;7
testrun-3-3;180;846694;160;7
testrun-3-3;181;869055;178;8
testrun-3-3;182;840287;172;8
testrun-3-3;183;735489;155;8
testrun-3-3;184;869869;178;8
testrun-3-3;185;900673;167;7
testrun-3-3;186;899228;183;8
testrun-3-3;187;826591;171;9
testrun-3-3;188;880426;184;9
testrun-3-3;189;973545;204;8
testrun-3-3;190;1123618;231;9
testrun-3-3;191;1155146;242;8
testrun-3-3;192;1172350;246;7
testrun-3-3;193;1222421;241;6
testrun-3-3;194;1053914;202;6
testrun-3-3;195;1194506;239;7
testrun-3-3;196;1090306;231;8
testrun-3-3;197;1168594;243;9
testrun-3-3;198;1105639;231;7
testrun-3-3;199;1061756;220;7
testrun-3-4;0;1144626;240;6
testrun-3-4;1;1078286;227;6
testrun-3-4;2;1129042;217;7
testrun-3-4;3;1020075;205;6
testrun-3-4;4;1021973;215;6
testrun-3-4;5;1022027;216;9
testrun-3-4;6;1099748;234;9
testrun-3-4;7;987839;210;9
testrun-3-4;8;1145772;230;10
testrun-3-4;9;1160903;224;9
testrun-3-4;10;1062708;211;9
testrun-3-4;11;1085962;222;9
testrun-3-4;12;1093110;224;8
testrun-3-4;13;1046583;216;9
testrun-3-4;14;1066368;215;8
testrun-3-4;15;1143407;227;9
testrun-3-4;16;1020598;200;9
testrun-3-4;17;947473;194;9
testrun-3-4;18;837068;175;9
testrun-3-4;19;731364;153;7
testrun-3-4;20;943735;187;7
testrun-3-4;21;908932;191;7
testrun-3-4;22;846680;181;8
testrun-3-4;23;928658;183;5
testrun-3-4;24;1014382;197;7
testrun-3-4;25;1180005;244;7
testrun-3-4;26;1108429;236;8
testrun-3-4;27;1176758;240;10
testrun-3-4;28;1119266;236;7
testrun-3-4;29;1164920;229;8
testrun-3-4;30;1141613;238;9
testrun-3-4;31;1107027;222;8
testrun-3-4;32;1037215;214;9
testrun-3-4;33;1084237;225;6
testrun-3-4;34;1093686;222;7
testrun-3-4;35;1015839;206;6
testrun-3-4;36;1067044;218;8
testrun-3-4;37;1166880;242;7
testrun-3-4;38;1090857;225;7
testrun-3-4;39;958914;199;8
testrun-3-4;40;1204734;244;8
testrun-3-4;41;1092026;229;9
testrun-3-4;42;1199815;244;9
testrun-3-4;43;1111668;229;8
testrun-3-4;44;1012234;207;9
testrun-3-4;45;908690;185;8
testrun-3-4;46;881409;182;9
testrun-3-4;47;796476;168;8
testrun-3-4;48;745339;157;9
testrun-3-4;49;851055;173;8
testrun-3-4;50;851432;164;7
testrun-3-4;51;728375;152;7
testrun-3-4;52;856067;170;7
testrun-3-4;53;866709;183;8
testrun-3-4;54;930080;197;9
testrun-3-4;55;983633;208;9
testrun-3-4;56;900644;191;9
testrun-3-4;57;947198;198;8
testrun-3-4;58;992963;191;8
testrun-3-4;59;1077182;200;9
testrun-3-4;60;1099204;220;8
testrun-3-4;61;1132990;229;8
testrun-3-4;62;1018055;212;8
testrun-3-4;63;1079462;227;10
testrun-3-4;64;1017060;210;9
testrun-3-4;65;1055690;224;10
testrun-3-4;66;1006128;205;7
testrun-3-4;67;907689;185;8
testrun-3-4;68;946106;176;8
testrun-3-4;69;780913;161;9
testrun-3-4;70;871032;173;9
testrun-3-4;71;818766;171;9
testrun-3-4;72;845293;170;8
testrun-3-4;73;867501;178;8
testrun-3-4;74;779620;163;8
testrun-3-4;75;820474;167;7
testrun-3-4;76;896561;183;7
testrun-3-4;77;989977;199;6
testrun-3-4;78;1095935;225;6
testrun-3-4;79;1035352;216;6
testrun-3-4;80;1065278;222;8
testrun-3-4;81;1115482;222;7
testrun-3-4;82;1019279;209;7
testrun-3-4;83;1162568;223;8
testrun-3-4;84;1022125;207;7
testrun-3-4;85;1017578;211;7
testrun-3-4;86;1137515;228;7
testrun-3-4;87;1075676;225;9
testrun-3-4;88;1158195;232;6
testrun-3-4;89;1007395;215;8
testrun-3-4;90;1033346;206;8
testrun-3-4;91;972154;201;8
testrun-3-4;92;895004;190;7
testrun-3-4;93;789975;160;6
testrun-3-4;94;965193;194;7
testrun-3-4;95;836276;170;7
testrun-3-4;96;840030;167;7
testrun-3-4;97;889335;179;9
testrun-3-4;98;1080298;202;9
testrun-3-4;99;955693;194;9
testrun-3-4;100;893213;190;10
testrun-3-4;101;1038968;220;9
testrun-3-4;102;1038935;218;6
testrun-3-4;103;1083436;218;9
testrun-3-4;104;1193417;240;7
testrun-3-4;105;1126218;235;6
testrun-3-4;106;1034824;220;6
testrun-3-4;107;1112803;234;6
testrun-3-4;108;1067691;200;7
testrun-3-4;109;1094204;207;7
testrun-3-4;110;1089724;216;8
testrun-3-4;111;1130895;230;9
testrun-3-4;112;1095221;216;9
testrun-3-4;113;1066416;226;10
testrun-3-4;114;1040911;213;9
testrun-3-4;115;1003849;205;8
testrun-3-4;116;908712;191;8
testrun-3-4;117;777467;158;7
testrun-3-4;118;967024;205;7
testrun-3-4;119;912996;189;7
testrun-3-4;120;938255;181;8
testrun-3-4;121;988133;192;6
testrun-3-4;122;1163238;241;6
testrun-3-4;123;1115447;235;6
testrun-3-4;124;948316;204;9
testrun-3-4;125;1162431;241;8
testrun-3-4;126;1152409;241;7
testrun-3-4;127;1064360;223;7
testrun-3-4;128;1160533;242;6
testrun-3-4;129;1096651;228;6
testrun-3-4;130;1130771;224;6
testrun-3-4;131;1066999;208;7
testrun-3-4;132;1063755;214;7
testrun-3-4;133;1160305;236;7
testrun-3-4;134;1121054;232;8
testrun-3-4;135;1108506;223;8
testrun-3-4;136;1101051;230;9
testrun-3-4;137;1118028;229;10
testrun-3-4;138;1185114;233;7
testrun-3-4;139;1107427;230;10
testrun-3-4;140;1064013;218;9
testrun-3-4;141;1130484;220;11
testrun-3-4;142;932283;190;8
testrun-3-4;143;1056579;214;8
testrun-3-4;144;1000186;209;8
testrun-3-4;145;1133793;224;8
testrun-3-4;146;1109187;223;8
testrun-3-4;147;1064172;198;8
testrun-3-4;148;950591;183;8
testrun-3-4;149;949049;181;8
testrun-3-4;150;872576;174;8
testrun-3-4;151;774682;156;7
testrun-3-4;152;834941;172;8
testrun-3-4;153;1072553;206;8
testrun-3-4;154;1202888;233;8
testrun-3-4;155;1141726;241;8
testrun-3-4;156;1133152;238;6
testrun-3-4;157;1113516;229;6
testrun-3-4;158;1199898;246;8
testrun-3-4;159;1133707;236;7
testrun-3-4;160;1102711;228;8
testrun-3-4;161;1209163;248;8
testrun-3-4;162;1126481;231;7
testrun-3-4;163;1063364;220;7
testrun-3-4;164;1147856;241;8
testrun-3-4;165;1140053;232;7
testrun-3-4;166;1057008;211;9
testrun-3-4;167;908524;185;7
testrun-3-4;168;929380;197;10
testrun-3-4;169;995384;195;8
testrun-3-4;170;833886;171;8
testrun-3-4;171;954970;194;7
testrun-3-4;172;840861;173;8
testrun-3-4;173;793757;161;7
testrun-3-4;174;947837;200;7
testrun-3-4;175;962000;197;8
testrun-3-4;176;924444;193;8
testrun-3-4;177;1030011;204;6
testrun-3-4;178;1041257;215;7
testrun-3-4;179;960634;195;7
testrun-3-4;180;988397;205;8
testrun-3-4;181;1086363;224;9
testrun-3-4;182;1031731;208;7
testrun-3-4;183;1072086;222;7
testrun-3-4;184;1149843;234;7
testrun-3-4;185;1036851;216;7
testrun-3-4;186;1152134;231;9
testrun-3-4;187;1122906;235;10
testrun-3-4;188;1095238;229;7
testrun-3-4;189;1026681;216;8
testrun-3-4;190;1084360;214;8
testrun-3-4;191;942364;199;7
testrun-3-4;192;827894;174;7
testrun-3-4;193;846350;173;6
testrun-3-4;194;1017158;202;9
testrun-3-4;195;950338;183;7
testrun-3-4;196;898389;189;8
testrun-3-4;197;985442;202;8
testrun-3-4;198;960402;193;8
testrun-3-4;199;1084988;207;8
testrun-3-5;0;1131326;224;6
testrun-3-5;1;1053036;208;8
testrun-3-5;2;1047444;211;9
testrun-3-5;3;1086540;224;9
testrun-3-5;4;965676;202;8
testrun-3-5;5;1017076;211;7
testrun-3-5;6;1114614;226;7
testrun-3-5;7;1071654;227;9
testrun-3-5;8;1155065;231;8
testrun-3-5;9;1095644;218;9
testrun-3-5;10;1030974;216;9
testrun-3-5;11;1018262;206;9
testrun-3-5;12;889346;178;7
testrun-3-5;13;992376;205;9
testrun-3-5;14;906821;191;9
testrun-3-5;15;868613;182;8
testrun-3-5;16;774792;159;7
testrun-3-5;17;863870;181;6
testrun-3-5;18;924605;189;7
testrun-3-5;19;857713;180;7
testrun-3-5;20;941888;183;7
testrun-3-5;21;942590;200;7
testrun-3-5;22;1192879;246;8
testrun-3-5;23;1121721;225;7
testrun-3-5;24;1132362;239;10
testrun-3-5;25;1156266;244;8
testrun-3-5;26;1152565;232;8
testrun-3-5;27;1002010;204;7
testrun-3-5;28;1163608;239;7
testrun-3-5;29;1126217;236;6
testrun-3-5;30;1141145;222;7
testrun-3-5;31;1159146;239;6
testrun-3-5;32;1157835;241;7
testrun-3-5;33;1057775;221;6
testrun-3-5;34;1156092;239;6
testrun-3-5;35;1161011;244;6
testrun-3-5;36;1073754;222;8
testrun-3-5;37;941029;202;9
testrun-3-5;38;873779;186;8
testrun-3-5;39;836231;175;8
testrun-3-5;40;861571;177;8
testrun-3-5;41;933079;196;9
testrun-3-5;42;856058;179;8
testrun-3-5;43;1112680;226;9
testrun-3-5;44;1167613;242;7
testrun-3-5;45;1129701;237;7
testrun-3-5;46;1104158;223;8
testrun-3-5;47;1178818;245;7
testrun-3-5;48;1112610;232;8
testrun-3-5;49;1131275;235;6
testrun-3-5;50;1174476;243;7
testrun-3-5;51;1118503;236;8
testrun-3-5;52;972353;205;9
testrun-3-5;53;927346;173;7
testrun-3-5;54;787755;167;8
testrun-3-5;55;740394;144;6
testrun-3-5;56;848271;168;8
testrun-3-5;57;758254;159;8
testrun-3-5;58;863707;176;9
testrun-3-5;59;936772;182;9
testrun-3-5;60;1060046;219;10
testrun-3-5;61;1152547;244;8
testrun-3-5;62;1128322;233;8
testrun-3-5;63;1030975;211;9
testrun-3-5;64;1199419;242;7
testrun-3-5;65;1134677;237;6
testrun-3-5;66;1080822;223;6
testrun-3-5;67;1104469;218;7
testrun-3-5;68;1031213;211;8
testrun-3-5;69;1122625;233;8
testrun-3-5;70;1170522;241;9
testrun-3-5;71;1088449;221;8
testrun-3-5;72;1138350;236;8
testrun-3-5;73;1091803;230;7
testrun-3-5;74;1004538;214;8
testrun-3-5;75;1126814;235;8
testrun-3-5;76;1098584;229;9
testrun-3-5;77;1121994;235;10
testrun-3-5;78;1059099;215;9
testrun-3-5;79;961245;201;10
testrun-3-5;80;1038833;219;9
testrun-3-5;81;1118027;230;8
testrun-3-5;82;1026360;213;7
testrun-3-5;83;977048;204;8
testrun-3-5;84;872337;180;8
testrun-3-5;85;821145;164;8
testrun-3-5;86;901093;191;7
testrun-3-5;87;815975;170;7
testrun-3-5;88;883399;174;7
testrun-3-5;89;853489;176;8
testrun-3-5;90;883869;188;9
testrun-3-5;91;1046534;194;8
testrun-3-5;92;982239;194;10
testrun-3-5;93;986127;209;8
testrun-3-5;94;1092351;219;7
testrun-3-5;95;1042140;214;7
testrun-3-5;96;1093621;225;8
testrun-3-5;97;1055496;204;7
testrun-3-5;98;1057299;216;8
testrun-3-5;99;1201978;242;9
testrun-3-5;100;1177791;246;10
testrun-3-5;101;1028504;216;11
testrun-3-5;102;1174055;241;9
testrun-3-5;103;1135140;237;9
testrun-3-5;104;1167857;248;9
testrun-3-5;105;1101411;232;8
testrun-3-5;106;1066928;212;7
testrun-3-5;107;909731;191;8
testrun-3-5;108;955468;180;7
testrun-3-5;109;865676;164;6
testrun-3-5;110;899140;179;8
testrun-3-5;111;967749;180;6
testrun-3-5;112;874304;183;7
testrun-3-5;113;897014;180;8
testrun-3-5;114;785058;162;7
testrun-3-5;115;888956;182;9
testrun-3-5;116;948650;203;9
testrun-3-5;117;800186;166;8
testrun-3-5;118;938411;195;9
testrun-3-5;119;1135403;224;8
testrun-3-5;120;1165677;233;6
testrun-3-5;121;1114366;233;6
testrun-3-5;122;1073260;227;8
testrun-3-5;123;1132322;236;6
testrun-3-5;124;1118336;227;6
testrun-3-5;125;1075031;224;6
testrun-3-5;126;997368;205;6
testrun-3-5;127;1124602;229;7
testrun-3-5;128;1159620;239;8
testrun-3-5;129;1075254;223;7
testrun-3-5;130;1110768;227;9
testrun-3-5;131;1162702;223;9
testrun-3-5;132;1020461;213;9
testrun-3-5;133;1192755;227;8
testrun-3-5;134;980198;196;7
testrun-3-5;135;962023;194;7
testrun-3-5;136;1129760;210;9
testrun-3-5;137;1042517;211;8
testrun-3-5;138;1007438;203;9
testrun-3-5;139;848824;167;8
testrun-3-5;140;951209;196;9
testrun-3-5;141;1035302;198;8
testrun-3-5;142;938409;184;8
testrun-3-5;143;1089220;208;8
testrun-3-5;144;1116360;231;8
testrun-3-5;145;1113947;235;8
testrun-3-5;146;1053806;221;7
testrun-3-5;147;1000947;213;6
testrun-3-5;148;1153981;224;6
testrun-3-5;149;1114688;218;8
testrun-3-5;150;1012769;210;8
testrun-3-5;151;1102814;226;8
testrun-3-5;152;1133681;238;10
testrun-3-5;153;1205976;250;10
testrun-3-5;154;1151853;243;9
testrun-3-5;155;1145881;234;7
testrun-3-5;156;1088310;220;8
testrun-3-5;157;1050732;208;7
testrun-3-5;158;953951;194;7
testrun-3-5;159;839221;173;6
testrun-3-5;160;947130;201;8
testrun-3-5;161;1019298;200;9
testrun-3-5;162;861876;181;7
testrun-3-5;163;952773;195;7
testrun-3-5;164;926319;189;7
testrun-3-5;165;855910;177;7
testrun-3-5;166;883633;171;8
testrun-3-5;167;820762;170;7
testrun-3-5;168;838120;168;8
testrun-3-5;169;836302;170;8
testrun-3-5;170;816030;171;7
testrun-3-5;171;899613;183;8
testrun-3-5;172;980555;201;7
testrun-3-5;173;1087918;220;6
testrun-3-5;174;1054531;219;6
testrun-3-5;175;1085135;225;9
testrun-3-5;176;997487;199;8
testrun-3-5;177;934843;194;11
testrun-3-5;178;1095810;218;9
testrun-3-5;179;981211;205;10
testrun-3-5;180;1135903;227;8
testrun-3-5;181;954141;199;8
testrun-3-5;182;953137;191;7
testrun-3-5;183;1064248;208;7
testrun-3-5;184;960375;201;8
testrun-3-5;185;906470;191;8
testrun-3-5;186;754919;156;7
testrun-3-5;187;918337;195;7
testrun-3-5;188;940904;189;7
testrun-3-5;189;876208;173;7
testrun-3-5;190;856675;177;7
testrun-3-5;191;856646;178;8
testrun-3-5;192;915605;194;9
testrun-3-5;193;907977;182;8
testrun-3-5;194;1007637;192;9
testrun-3-5;195;1031399;219;8
testrun-3-5;196;1014712;211;7
testrun-3-5;197;937633;200;9
testrun-3-5;198;1175321;232;7
testrun-3-5;199;1124650;235;7
testrun-3-6;0;1188062;236;6
testrun-3-6;1;1040355;219;6
testrun-3-6;2;1094039;229;6
testrun-3-6;3;1157716;223;6
testrun-3-6;4;1019048;205;6
testrun-3-6;5;935565;196;6
testrun-3-6;6;1088964;226;9
testrun-3-6;7;1122952;236;9
testrun-3-6;8;1017269;215;9
testrun-3-6;9;1088541;224;10
testrun-3-6;10;1113461;235;10
testrun-3-6;11;1040579;207;9
testrun-3-6;12;867913;178;8
testrun-3-6;13;1039457;210;9
testrun-3-6;14;1145184;227;9
testrun-3-6;15;1063570;214;8
testrun-3-6;16;1004738;194;9
testrun-3-6;17;805017;164;8
testrun-3-6;18;933877;191;7
testrun-3-6;19;905373;183;8
testrun-3-6;20;945606;193;8
testrun-3-6;21;1188457;249;6
testrun-3-6;22;1157866;236;6
testrun-3-6;23;950308;203;7
testrun-3-6;24;1131207;239;8
testrun-3-6;25;1153625;240;7
testrun-3-6;26;1155583;234;6
testrun-3-6;27;1147554;240;8
testrun-3-6;28;1150274;239;8
testrun-3-6;29;973460;191;6
testrun-3-6;30;865942;177;8
testrun-3-6;31;1067266;216;8
testrun-3-6;32;987120;211;9
testrun-3-6;33;1090059;214;7
testrun-3-6;34;997654;202;8
testrun-3-6;35;879991;176;6
testrun-3-6;36;991073;207;8
testrun-3-6;37;864262;178;7
testrun-3-6;38;1033703;197;8
testrun-3-6;39;1104766;211;8
testrun-3-6;40;1117618;222;8
testrun-3-6;41;963537;197;9
testrun-3-6;42;1070043;223;8
testrun-3-6;43;1153639;235;7
testrun-3-6;44;1103024;233;8
testrun-3-6;45;1039922;218;6
testrun-3-6;46;1132980;236;7
testrun-3-6;47;1041592;213;7
testrun-3-6;48;1010354;199;7
testrun-3-6;49;1064190;215;8
testrun-3-6;50;1092918;232;9
testrun-3-6;51;1001239;213;8
testrun-3-6;52;1087012;228;9
testrun-3-6;53;1112445;220;9
testrun-3-6;54;994329;208;8
testrun-3-6;55;934258;197;8
testrun-3-6;56;882641;182;8
testrun-3-6;57;1012336;207;7
testrun-3-6;58;922118;189;7
testrun-3-6;59;1003748;188;8
testrun-3-6;60;1029980;207;7
testrun-3-6;61;1145725;241;7
testrun-3-6;62;1118755;239;7
testrun-3-6;63;879167;186;9
testrun-3-6;64;1208476;244;7
testrun-3-6;65;1178977;238;7
testrun-3-6;66;1118127;235;10
testrun-3-6;67;1125182;235;7
testrun-3-6;68;1072413;226;7
testrun-3-6;69;1094219;224;7
testrun-3-6;70;933868;185;7
testrun-3-6;71;1083213;204;9
testrun-3-6;72;1019821;208;8
testrun-3-6;73;992046;209;9
testrun-3-6;74;1008649;209;9
testrun-3-6;75;996582;200;7
testrun-3-6;76;891974;188;7
testrun-3-6;77;978294;206;8
testrun-3-6;78;1048671;207;8
testrun-3-6;79;950619;193;9
testrun-3-6;80;1026588;197;7
testrun-3-6;81;1145891;238;9
testrun-3-6;82;1125511;230;8
testrun-3-6;83;1160943;229;8
testrun-3-6;84;1173681;248;8
testrun-3-6;85;1112632;231;8
testrun-3-6;86;1178233;246;8
testrun-3-6;87;1153912;238;8
testrun-3-6;88;1201167;237;8
testrun-3-6;89;1187217;246;9
testrun-3-6;90;1205633;242;8
testrun-3-6;91;1134816;235;8
testrun-3-6;92;1194030;245;8
testrun-3-6;93;1096710;230;8
testrun-3-6;94;1065076;222;7
testrun-3-6;95;1122712;236;7
testrun-3-6;96;1092196;228;7
testrun-3-6;97;959711;191;8
testrun-3-6;98;907544;189;8
testrun-3-6;99;992202;202;9
testrun-3-6;100;999260;193;8
testrun-3-6;101;969365;197;9
testrun-3-6;102;897812;179;8
testrun-3-6;103;969962;198;7
testrun-3-6;104;875968;174;7
testrun-3-6;105;874450;178;7
testrun-3-6;106;864982;183;8
testrun-3-6;107;883752;185;8
testrun-3-6;108;816952;165;7
testrun-3-6;109;882299;189;9
testrun-3-6;110;927583;199;10
testrun-3-6;111;1122096;228;9
testrun-3-6;112;893546;185;9
testrun-3-6;113;1011765;211;9
testrun-3-6;114;1154654;239;9
testrun-3-6;115;1105083;232;8
testrun-3-6;116;1136912;238;8
testrun-3-6;117;1164969;241;9
testrun-3-6;118;1041126;220;7
testrun-3-6;119;1128669;234;6
testrun-3-6;120;1145981;229;8
testrun-3-6;121;959990;188;6
testrun-3-6;122;894727;176;8
testrun-3-6;123;882954;168;8
testrun-3-6;124;946194;179;6
testrun-3-6;125;901268;168;6
testrun-3-6;126;882798;178;7
testrun-3-6;127;975135;188;8
testrun-3-6;128;835329;174;8
testrun-3-6;129;757524;157;7
testrun-3-6;130;975975;182;8
testrun-3-6;131;1048849;202;8
testrun-3-6;132;1056110;219;9
testrun-3-6;133;1186166;240;8
testrun-3-6;134;1186048;246;10
testrun-3-6;135;1139835;230;7
testrun-3-6;136;1195494;249;8
testrun-3-6;137;1131229;238;7
testrun-3-6;138;1119365;232;8
testrun-3-6;139;1229053;249;8
testrun-3-6;140;1107529;227;7
testrun-3-6;141;1080604;223;7
testrun-3-6;142;1126028;235;8
testrun-3-6;143;1095484;228;8
testrun-3-6;144;957891;183;8
testrun-3-6;145;893357;190;9
testrun-3-6;146;1039794;205;9
testrun-3-6;147;930181;196;9
testrun-3-6;148;1000042;204;8
testrun-3-6;149;941965;185;8
testrun-3-6;150;883086;173;6
testrun-3-6;151;905152;191;7
testrun-3-6;152;830402;172;8
testrun-3-6;153;896717;190;7
testrun-3-6;154;1008621;209;7
testrun-3-6;155;1040513;207;8
testrun-3-6;156;1061686;210;6
testrun-3-6;157;1048397;210;6
testrun-3-6;158;999673;206;6
testrun-3-6;159;1062704;221;8
testrun-3-6;160;1037634;217;7
testrun-3-6;161;1104058;217;9
testrun-3-6;162;1066943;224;10
testrun-3-6;163;1138363;224;9
testrun-3-6;164;1085610;215;9
testrun-3-6;165;1105716;222;8
testrun-3-6;166;1001585;202;9
testrun-3-6;167;920675;188;7
testrun-3-6;168;1098877;213;9
testrun-3-6;169;1018217;205;10
testrun-3-6;170;946037;196;9
testrun-3-6;171;896969;182;8
testrun-3-6;172;914920;196;7
testrun-3-6;173;948625;187;7
testrun-3-6;174;992423;182;8
testrun-3-6;175;883335;176;9
testrun-3-6;176;974146;205;9
testrun-3-6;177;992497;210;10
testrun-3-6;178;957239;199;8
testrun-3-6;179;1133702;234;9
testrun-3-6;180;1176245;246;7
testrun-3-6;181;1222928;244;7
testrun-3-6;182;1218774;237;8
testrun-3-6;183;1138287;240;6
testrun-3-6;184;1133289;232;6
testrun-3-6;185;1149691;218;6
testrun-3-6;186;1075483;210;6
testrun-3-6;187;944511;198;7
testrun-3-6;188;1132518;230;9
testrun-3-6;189;1130981;235;9
testrun-3-6;190;1003895;213;10
testrun-3-6;191;1096794;226;9
testrun-3-6;192;1150431;225;8
testrun-3-6;193;1021236;209;8
testrun-3-6;194;903143;193;8
testrun-3-6;195;863682;182;8
testrun-3-6;196;1006893;208;8
testrun-3-6;197;859501;173;8
testrun-3-6;198;972368;203;7
testrun-3-6;199;918714;189;7
testrun-3-7;0;972087;195;7
testrun-3-7;1;1069335;220;6
testrun-3-7;2;985333;201;8
testrun-3-7;3;1056888;209;8
testrun-3-7;4;1170120;246;9
testrun-3-7;5;1149668;239;9
testrun-3-7;6;1166679;240;7
testrun-3-7;7;1159089;237;7
testrun-3-7;8;1197507;241;8
testrun-3-7;9;1083007;222;7
testrun-3-7;10;1032119;217;8
testrun-3-7;11;970891;198;7
testrun-3-7;12;944734;194;7
testrun-3-7;13;871698;183;7
testrun-3-7;14;937981;197;7
testrun-3-7;15;917286;182;8
testrun-3-7;16;999347;186;8
testrun-3-7;17;1041220;215;9
testrun-3-7;18;1048767;221;10
testrun-3-7;19;1035445;201;8
testrun-3-7;20;1199656;238;6
testrun-3-7;21;1162601;240;6
testrun-3-7;22;1208704;238;7
testrun-3-7;23;1148844;241;7
testrun-3-7;24;1088664;224;8
testrun-3-7;25;1168786;246;7
testrun-3-7;26;1099657;223;6
testrun-3-7;27;995561;202;6
testrun-3-7;28;962057;202;6
testrun-3-7;29;1056202;220;8
testrun-3-7;30;1080483;229;9
testrun-3-7;31;1101506;224;8
testrun-3-7;32;1074595;222;8
testrun-3-7;33;1100867;215;9
testrun-3-7;34;949324;196;7
testrun-3-7;35;1073705;222;8
testrun-3-7;36;1013058;205;9
testrun-3-7;37;965163;193;10
testrun-3-7;38;783673;162;9
testrun-3-7;39;982111;200;8
testrun-3-7;40;968299;192;7
testrun-3-7;41;1002552;194;9
testrun-3-7;42;1096983;222;6
testrun-3-7;43;1151069;221;7
testrun-3-7;44;967639;201;10
testrun-3-7;45;1017468;208;6
testrun-3-7;46;1062286;222;8
testrun-3-7;47;1112659;229;8
testrun-3-7;48;1064949;222;8
testrun-3-7;49;1063612;220;9
testrun-3-7;50;1151182;227;9
testrun-3-7;51;1026787;213;9
testrun-3-7;52;1100852;219;8
testrun-3-7;53;973809;199;8
testrun-3-7;54;922664;184;8
testrun-3-7;55;876953;182;7
testrun-3-7;56;880681;176;8
testrun-3-7;57;786123;161;7
testrun-3-7;58;869491;175;8
testrun-3-7;59;1071831;204;8
testrun-3-7;60;1106442;223;7
testrun-3-7;61;1201833;244;7
testrun-3-7;62;1190279;243;7
testrun-3-7;63;1144161;235;7
testrun-3-7;64;1156659;243;8
testrun-3-7;65;1167980;241;7
testrun-3-7;66;1097396;231;8
testrun-3-7;67;1186845;243;8
testrun-3-7;68;1092500;230;9
testrun-3-7;69;975362;196;8
testrun-3-7;70;991753;193;9
testrun-3-7;71;1000516;210;9
testrun-3-7;72;888265;184;8
testrun-3-7;73;1027638;202;8
testrun-3-7;74;873803;167;7
testrun-3-7;75;957437;198;7
testrun-3-7;76;870825;165;7
testrun-3-7;77;897503;176;7
testrun-3-7;78;893688;177;7
testrun-3-7;79;909030;185;8
testrun-3-7;80;914824;180;8
testrun-3-7;81;776933;158;7
testrun-3-7;82;817197;170;7
testrun-3-7;83;962458;190;8
testrun-3-7;84;1091965;221;8
testrun-3-7;85;1197467;240;7
testrun-3-7;86;1105746;232;6
testrun-3-7;87;1083723;225;7
testrun-3-7;88;1151231;233;7
testrun-3-7;89;1084409;221;8
testrun-3-7;90;957192;188;8
testrun-3-7;91;996942;201;11
testrun-3-7;92;1087460;222;9
testrun-3-7;93;986512;210;11
testrun-3-7;94;1073624;210;8
testrun-3-7;95;1022753;202;8
testrun-3-7;96;1081093;217;7
testrun-3-7;97;992567;200;9
testrun-3-7;98;853469;175;7
testrun-3-7;99;1018542;206;8
testrun-3-7;100;1047136;208;8
testrun-3-7;101;941839;187;7
testrun-3-7;102;795035;165;9
testrun-3-7;103;945532;195;7
testrun-3-7;104;877035;180;10
testrun-3-7;105;1021721;191;7
testrun-3-7;106;1093615;226;8
testrun-3-7;107;1127850;235;7
testrun-3-7;108;1134595;233;7
testrun-3-7;109;1128943;235;6
testrun-3-7;110;1125752;234;7
testrun-3-7;111;1090557;227;7
testrun-3-7;112;1029238;217;7
testrun-3-7;113;1099989;230;8
testrun-3-7;114;1062840;214;8
testrun-3-7;115;982188;206;8
testrun-3-7;116;1087529;223;7
testrun-3-7;117;996527;203;9
testrun-3-7;118;1010694;199;10
testrun-3-7;119;1086354;214;8
testrun-3-7;120;992686;206;9
testrun-3-7;121;1099517;212;7
testrun-3-7;122;1011807;199;8
testrun-3-7;123;880139;178;6
testrun-3-7;124;1012766;212;7
testrun-3-7;125;885507;181;7
testrun-3-7;126;841207;170;7
testrun-3-7;127;934461;196;7
testrun-3-7;128;959432;197;7
testrun-3-7;129;833318;172;7
testrun-3-7;130;928945;178;8
testrun-3-7;131;836456;169;7
testrun-3-7;132;887691;166;8
testrun-3-7;133;830485;165;8
testrun-3-7;134;821471;170;8
testrun-3-7;135;791590;168;8
testrun-3-7;136;842604;168;8
testrun-3-7;137;824680;166;8
testrun-3-7;138;852680;181;9
testrun-3-7;139;984225;209;10
testrun-3-7;140;872494;183;8
testrun-3-7;141;1022988;201;8
testrun-3-7;142;1109765;224;8
testrun-3-7;143;1163955;240;9
testrun-3-7;144;1142879;234;6
testrun-3-7;145;1084458;226;7
testrun-3-7;146;1103627;232;6
testrun-3-7;147;1069731;222;6
testrun-3-7;148;1168295;242;7
testrun-3-7;149;1101223;229;6
testrun-3-7;150;1117128;218;7
testrun-3-7;151;952190;198;7
testrun-3-7;152;1076392;214;6
testrun-3-7;153;1209465;238;8
testrun-3-7;154;1160292;238;9
testrun-3-7;155;1141434;235;7
testrun-3-7;156;1006952;210;7
testrun-3-7;157;982373;209;8
testrun-3-7;158;963027;200;7
testrun-3-7;159;859956;173;7
testrun-3-7;160;788875;167;6
testrun-3-7;161;909764;194;7
testrun-3-7;162;860660;175;7
testrun-3-7;163;866865;165;7
testrun-3-7;164;896341;183;8
testrun-3-7;165;851024;180;8
testrun-3-7;166;902283;178;9
testrun-3-7;167;834600;170;7
testrun-3-7;168;866652;179;9
testrun-3-7;169;986201;209;10
testrun-3-7;170;1187935;233;9
testrun-3-7;171;1138524;238;8
testrun-3-7;172;1031489;217;10
testrun-3-7;173;1245764;240;9
testrun-3-7;174;1144987;241;9
testrun-3-7;175;1140941;240;8
testrun-3-7;176;1146331;239;6
testrun-3-7;177;1069076;225;6
testrun-3-7;178;1076482;203;7
testrun-3-7;179;959028;200;6
testrun-3-7;180;1082545;218;7
testrun-3-7;181;1110757;233;8
testrun-3-7;182;1047892;217;9
testrun-3-7;183;1078994;225;10
testrun-3-7;184;1099117;231;10
testrun-3-7;185;1101885;220;9
testrun-3-7;186;840679;178;9
testrun-3-7;187;1099903;233;9
testrun-3-7;188;1087043;221;8
testrun-3-7;189;975678;201;8
testrun-3-7;190;850234;182;7
testrun-3-7;191;1066453;216;9
testrun-3-7;192;1020084;209;8
testrun-3-7;193;1035117;199;7
testrun-3-7;194;971789;183;8
testrun-3-7;195;939081;179;8
testrun-3-7;196;909027;178;8
testrun-3-7;197;859355;170;8
testrun-3-7;198;725143;146;7
testrun-3-7;199;873838;183;8
testrun-3-8;0;826429;170;8
testrun-3-8;1;859461;182;8
testrun-3-8;2;887279;186;8
testrun-3-8;3;1016667;215;8
testrun-3-8;4;914633;180;7
testrun-3-8;5;939971;184;8
testrun-3-8;6;892789;182;7
testrun-3-8;7;891838;188;8
testrun-3-8;8;1134398;222;9
testrun-3-8;9;1066283;225;9
testrun-3-8;10;1135075;223;8
testrun-3-8;11;1135608;226;8
testrun-3-8;12;1049631;204;7
testrun-3-8;13;882527;187;7
testrun-3-8;14;1000626;213;9
testrun-3-8;15;951586;196;8
testrun-3-8;16;881766;186;9
testrun-3-8;17;856959;179;7
testrun-3-8;18;962755;194;9
testrun-3-8;19;967589;198;8
testrun-3-8;20;887292;186;9
testrun-3-8;21;999248;202;7
testrun-3-8;22;1147546;235;8
testrun-3-8;23;1120514;234;7
testrun-3-8;24;1091337;229;8
testrun-3-8;25;1146333;241;7
testrun-3-8;26;1128007;231;7
testrun-3-8;27;1135146;236;8
testrun-3-8;28;1141513;222;6
testrun-3-8;29;976492;204;8
testrun-3-8;30;911287;192;7
testrun-3-8;31;1095142;221;6
testrun-3-8;32;1177387;227;8
testrun-3-8;33;1061078;219;7
testrun-3-8;34;1071297;199;9
testrun-4-0;0;1045043;220;8
testrun-4-0;1;1174925;246;5
testrun-4-0;2;1081640;224;5
testrun-4-0;3;1220862;256;5
testrun-4-0;4;1194975;250;5
testrun-4-0;5;950926;198;6
testrun-4-0;6;1193477;248;4
testrun-4-0;7;1112333;233;4
testrun-4-0;8;1036990;208;6
testrun-4-0;9;1109445;234;4
testrun-4-0;10;1053630;223;4
testrun-4-0;11;950608;199;5
testrun-4-0;12;1132587;237;4
testrun-4-0;13;1244282;259;4
testrun-4-0;14;1259214;262;6
testrun-4-0;15;1246298;248;5
testrun-4-0;16;1258858;257;4
testrun-4-0;17;1131249;233;5
testrun-4-0;18;1209887;253;5
testrun-4-0;19;1163377;242;5
testrun-4-0;20;1102967;221;8
testrun-4-0;21;1249072;261;5
testrun-4-0;22;1071428;226;5
testrun-4-0;23;1250602;260;4
testrun-4-0;24;1129822;237;4
testrun-4-0;25;1033921;216;5
testrun-4-0;26;1170716;244;5
testrun-4-0;27;1196042;237;6
testrun-4-0;28;1002653;204;6
testrun-4-0;29;1121370;233;6
testrun-4-0;30;1131872;230;6
testrun-4-0;31;1131972;236;5
testrun-4-0;32;1197346;251;5
testrun-4-0;33;1052321;217;6
testrun-4-0;34;1235315;257;4
testrun-4-0;35;1270795;263;4
testrun-5-0;0;1046450;206;9
testrun-5-0;1;1056782;215;12
testrun-5-0;2;1137516;221;8
testrun-5-0;3;1253070;236;10
testrun-5-0;4;1145742;235;9
testrun-5-0;5;1105553;229;9
testrun-5-0;6;1105360;231;10
testrun-5-0;7;1251243;242;10
testrun-5-0;8;1140902;217;9
testrun-5-0;9;942143;187;8
testrun-5-0;10;1260423;228;8
testrun-5-0;11;1174331;239;11
testrun-5-0;12;1245720;245;9
testrun-5-0;13;1173550;222;10
testrun-5-0;14;1212918;236;8
testrun-5-0;15;1157718;242;8
testrun-5-0;16;1143676;234;8
testrun-5-0;17;1224299;245;6
testrun-5-0;18;1150680;236;7
testrun-5-0;19;1182299;223;8
testrun-5-0;20;994644;193;9
testrun-5-0;21;902571;169;8
testrun-5-0;22;999748;194;8
testrun-5-0;23;1021654;197;8
testrun-5-0;24;1066239;226;8
testrun-5-0;25;1164214;234;7
testrun-5-0;26;1169163;242;8
testrun-5-0;27;1196345;244;8
testrun-5-0;28;1245084;251;8
testrun-5-0;29;1323352;270;9
testrun-5-0;30;1305821;276;10
testrun-5-0;31;614886;124;8
testrun-5-0;32;1369521;283;6
testrun-5-0;33;1445871;302;8
testrun-5-0;34;1323551;276;7
testrun-5-0;35;1300432;271;7
testrun-5-0;36;1303408;270;7
testrun-5-0;37;1206575;254;7
testrun-5-0;38;1337005;273;7
testrun-5-0;39;1332422;274;7
testrun-5-0;40;1344336;274;7
testrun-5-0;41;1275905;265;7
testrun-5-0;42;1365120;277;7
testrun-5-0;43;1374316;282;7
testrun-5-0;44;1348057;280;7
testrun-5-0;45;1358181;281;7
testrun-5-0;46;1409932;284;8
testrun-5-0;47;1376098;279;8
testrun-5-0;48;1396763;285;8
testrun-5-0;49;1379346;276;10
testrun-5-0;50;1397153;282;12
testrun-5-0;51;1206180;251;10
testrun-5-0;52;1065788;222;10
testrun-5-0;53;1269200;261;11
testrun-5-0;54;1153359;239;11
testrun-5-0;55;1099058;227;10
testrun-5-0;56;1066234;209;11
testrun-5-0;57;994856;198;10
testrun-5-0;58;938259;186;8
testrun-5-0;59;1086407;222;9
testrun-5-0;60;1047856;213;8
testrun-5-0;61;1183722;249;7
testrun-5-0;62;1315853;249;8
testrun-5-0;63;1176728;243;6
testrun-5-0;64;1262795;256;7
testrun-5-0;65;1474442;277;6
testrun-5-0;66;1425047;300;8
testrun-5-0;67;1372242;284;8
testrun-5-0;68;1364129;269;7
testrun-5-0;69;1292506;256;6
testrun-5-0;70;1438021;269;9
testrun-5-0;71;1251755;258;8
testrun-5-0;72;1255846;252;9
testrun-5-0;73;1266921;252;8
testrun-5-0;74;1211882;249;9
testrun-5-0;75;1352591;254;8
testrun-5-0;76;1296330;264;9
testrun-5-0;77;1311782;270;8
testrun-5-0;78;1315530;275;8
testrun-5-0;79;1239288;255;8
testrun-5-0;80;1264950;264;7
testrun-5-0;81;1382635;282;7
testrun-5-0;82;1373621;282;7
testrun-5-0;83;1337948;280;7
testrun-5-0;84;1389874;282;7
testrun-5-0;85;1336831;279;8
testrun-5-0;86;1335985;271;8
testrun-5-0;87;1241923;261;7
testrun-5-0;88;1274468;266;8
testrun-5-0;89;1204752;250;9
testrun-5-0;90;1190920;250;9
testrun-5-0;91;1243621;258;9
testrun-5-0;92;1271404;262;9
testrun-5-0;93;1416479;283;11
testrun-5-0;94;1300298;261;10
testrun-5-0;95;1085425;224;8
testrun-5-0;96;1170288;233;9
testrun-5-0;97;1215349;242;8
testrun-5-0;98;1323368;265;8
testrun-5-0;99;1302787;273;8
testrun-5-0;100;1406348;292;9
testrun-5-0;101;1344477;273;8
testrun-5-0;102;1253919;258;9
testrun-5-0;103;1193471;247;9
testrun-5-0;104;1336731;264;8
testrun-5-0;105;1257856;258;8
testrun-5-0;106;1063932;225;7
testrun-5-0;107;1292499;264;8
testrun-5-0;108;1296424;268;9
testrun-5-0;109;1332439;273;8
testrun-5-0;110;1312267;268;8
testrun-5-0;111;1299616;271;7
testrun-5-0;112;1381251;278;6
testrun-5-0;113;1322299;277;8
testrun-5-0;114;1378146;281;6
testrun-5-0;115;1314442;270;7
testrun-5-0;116;1207992;245;8
testrun-5-0;117;1138736;237;7
testrun-5-0;118;1278974;257;10
testrun-5-0;119;1180628;241;6
testrun-5-0;120;1124184;227;7
testrun-5-0;121;1229293;255;8
testrun-5-0;122;1416386;278;9
testrun-5-0;123;1367944;283;8
testrun-5-0;124;1423229;290;8
testrun-5-0;125;1165176;248;11
testrun-5-0;126;1263741;262;8
testrun-5-0;127;1181652;238;7
testrun-5-0;128;1310469;266;9
testrun-5-0;129;1261448;260;8
testrun-5-0;130;1255512;262;8
testrun-5-0;131;1290711;268;8
testrun-5-0;132;1270696;263;8
testrun-5-0;133;1415253;276;7
testrun-5-0;134;1356396;259;7
testrun-5-0;135;1305458;270;7
testrun-5-0;136;1352283;276;7
testrun-5-0;137;1381517;289;7
testrun-5-0;138;1372989;285;7
testrun-5-0;139;1306403;264;8
testrun-5-0;140;1288730;265;9
testrun-5-0;141;1173087;245;7
testrun-5-0;142;1154014;237;8
testrun-5-0;143;1092413;223;9
testrun-5-0;144;998714;203;8
testrun-5-0;145;992583;205;9
testrun-5-0;146;1077160;223;8
testrun-5-0;147;1135082;235;8
testrun-5-0;148;1151167;239;7
testrun-5-0;149;1210157;251;8
testrun-5-0;150;1260355;260;8
testrun-5-0;151;1249141;260;8
testrun-5-0;152;1178343;242;10
testrun-5-0;153;1169962;247;8
testrun-5-0;154;1138741;232;8
testrun-5-0;155;1158870;241;10
testrun-5-0;156;1209657;244;9
testrun-5-0;157;1138928;229;9
testrun-5-0;158;1019057;201;8
testrun-5-0;159;829497;172;8
testrun-5-0;160;893088;171;8
testrun-5-0;161;1039938;206;8
testrun-5-0;162;1083365;219;8
testrun-5-0;163;1163825;224;8
testrun-5-0;164;1114743;211;7
testrun-5-0;165;1081388;220;9
testrun-5-0;166;1042833;217;10
testrun-5-0;167;1065293;222;9
testrun-5-0;168;1091563;227;8
testrun-5-0;169;1112807;226;9
testrun-5-0;170;1036725;218;9
testrun-5-0;171;1033314;208;9
testrun-5-0;172;937931;180;8
testrun-5-0;173;1031889;212;8
testrun-5-0;174;1043399;211;8
testrun-5-0;175;1169247;217;7
testrun-5-0;176;1063035;217;9
testrun-5-0;177;1082775;205;8
testrun-5-0;178;1100482;228;10
testrun-5-0;179;1276625;247;9
testrun-5-0;180;1220684;220;8
testrun-5-0;181;1197228;228;7
testrun-5-0;182;1147530;235;9
testrun-5-0;183;1109307;215;9
testrun-5-0;184;1075261;210;9
testrun-5-0;185;967183;194;8
testrun-5-0;186;995559;189;8
testrun-5-0;187;1090237;207;7
testrun-5-0;188;990287;197;8
testrun-5-0;189;1025389;212;9
testrun-5-0;190;951710;182;8
testrun-5-0;191;1056355;209;7
testrun-5-0;192;1013222;205;8
testrun-5-0;193;1068401;200;8
testrun-5-0;194;1025941;209;10
testrun-5-0;195;896102;187;7
testrun-5-0;196;974707;189;8
testrun-5-0;197;1033033;194;8
testrun-5-0;198;1021287;186;6
testrun-5-0;199;1027803;209;8
testrun-5-1;0;1011845;204;7
testrun-5-1;1;992527;201;8
testrun-5-1;2;1035394;208;7
testrun-5-1;3;1035324;217;9
testrun-5-1;4;1138219;230;9
testrun-5-1;5;1254246;253;9
testrun-5-1;6;1191849;247;8
testrun-5-1;7;1135187;232;9
testrun-5-1;8;1262047;257;8
testrun-5-1;9;1159413;239;9
testrun-5-1;10;1229458;236;9
testrun-5-1;11;1065898;224;8
testrun-5-1;12;1014047;200;8
testrun-5-1;13;902262;178;7
testrun-5-1;14;1001203;204;8
testrun-5-1;15;996634;189;7
testrun-5-1;16;1018075;206;8
testrun-5-1;17;1159004;240;8
testrun-5-1;18;1056821;223;9
testrun-5-1;19;1281218;252;7
testrun-5-1;20;1288110;261;8
testrun-5-1;21;1205212;246;9
testrun-5-1;22;1225662;255;11
testrun-5-1;23;1135122;236;8
testrun-5-1;24;1267252;243;8
testrun-5-1;25;1225467;249;8
testrun-5-1;26;1220244;244;10
testrun-5-1;27;1211596;240;7
testrun-5-1;28;1219000;236;8
testrun-5-1;29;1192149;228;7
testrun-5-1;30;986952;197;8
testrun-5-1;31;1111377;223;10
testrun-5-1;32;1016006;216;9
testrun-5-1;33;942828;188;9
testrun-5-1;34;916528;180;6
testrun-5-1;35;978275;190;9
testrun-5-1;36;983900;198;8
testrun-5-1;37;1168157;239;8
testrun-5-1;38;1328505;265;9
testrun-5-1;39;1321450;276;10
testrun-5-1;40;1375663;282;8
testrun-5-1;41;1314443;261;7
testrun-5-1;42;1302760;259;7
testrun-5-1;43;1359082;275;9
testrun-5-1;44;1274816;265;9
testrun-5-1;45;1208392;252;9
testrun-5-1;46;1243763;260;7
testrun-5-1;47;1287516;266;7
testrun-5-1;48;1281674;268;7
testrun-5-1;49;1215463;256;9
testrun-5-1;50;1279475;269;7
testrun-5-1;51;1297917;272;9
testrun-5-1;52;1294375;272;10
testrun-5-1;53;1274181;264;10
testrun-5-1;54;1130466;237;7
testrun-5-1;55;1133343;225;10
testrun-5-1;56;1065945;220;7
testrun-5-1;57;1110576;215;7
testrun-5-1;58;1190656;248;7
testrun-5-1;59;1235422;250;8
testrun-5-1;60;1250844;247;8
testrun-5-1;61;1360211;281;8
testrun-5-1;62;1374804;280;7
testrun-5-1;63;1276798;268;8
testrun-5-1;64;1269151;257;8
testrun-5-1;65;1180567;249;9
testrun-5-1;66;1342416;260;8
testrun-5-1;67;1311014;271;8
testrun-5-1;68;1332397;277;8
testrun-5-1;69;1137296;237;8
testrun-5-1;70;1326184;267;8
testrun-5-1;71;1305407;271;8
testrun-5-1;72;1262602;262;7
testrun-5-1;73;1332289;271;6
testrun-5-1;74;1304040;271;7
testrun-5-1;75;1393344;284;7
testrun-5-1;76;1357589;269;8
testrun-5-1;77;1242737;249;11
testrun-5-1;78;1128772;235;9
testrun-5-1;79;1257857;259;10
testrun-5-1;80;1162806;236;10
testrun-5-1;81;1211515;245;8
testrun-5-1;82;1113756;227;6
testrun-5-1;83;1270376;267;8
testrun-5-1;84;1389695;284;7
testrun-5-1;85;1386497;290;7
testrun-5-1;86;1304561;268;7
testrun-5-1;87;1224151;256;8
testrun-5-1;88;1200921;240;7
testrun-5-1;89;1248290;257;9
testrun-5-1;90;1279270;266;8
testrun-5-1;91;1339459;274;8
testrun-5-1;92;1206253;232;7
testrun-5-1;93;1306786;270;7
testrun-5-1;94;1359785;273;7
testrun-5-1;95;1355473;279;7
testrun-5-1;96;1351214;277;7
testrun-5-1;97;1354001;281;9
testrun-5-1;98;1270979;263;9
testrun-5-1;99;1187940;243;7
testrun-5-1;100;1142765;236;8
testrun-5-1;101;1118100;214;9
testrun-5-1;102;1032218;204;10
testrun-5-1;103;979464;201;7
testrun-5-1;104;1059267;222;9
testrun-5-1;105;1113071;229;8
testrun-5-1;106;1155557;239;8
testrun-5-1;107;1158215;237;8
testrun-5-1;108;1292175;263;8
testrun-5-1;109;1233533;259;6
testrun-5-1;110;1219229;253;8
testrun-5-1;111;1237542;249;9
testrun-5-1;112;1169198;242;11
testrun-5-1;113;1201286;241;9
testrun-5-1;114;1220529;241;10
testrun-5-1;115;1226131;238;9
testrun-5-1;116;1153331;228;8
testrun-5-1;117;1033290;208;12
testrun-5-1;118;1006895;204;10
testrun-5-1;119;962499;202;9
testrun-5-1;120;1047322;199;9
testrun-5-1;121;948653;197;10
testrun-5-1;122;1009665;209;9
testrun-5-1;123;1080401;216;10
testrun-5-1;124;1087253;219;9
testrun-5-1;125;1089605;218;9
testrun-5-1;126;1056232;221;8
testrun-5-1;127;1072817;211;10
testrun-5-1;128;1113892;222;9
testrun-5-1;129;1070579;213;9
testrun-5-1;130;963888;199;8
testrun-5-1;131;916156;182;9
testrun-5-1;132;1051675;216;9
testrun-5-1;133;1131714;220;9
testrun-5-1;134;1158424;207;9
testrun-5-1;135;1155988;231;9
testrun-5-1;136;1066172;214;10
testrun-5-1;137;1068232;212;10
testrun-5-1;138;1264618;238;9
testrun-5-1;139;1012794;202;7
testrun-5-1;140;1125458;218;8
testrun-5-1;141;1223343;225;8
testrun-5-1;142;1114301;226;7
testrun-5-1;143;1014926;200;7
testrun-5-1;144;922239;186;8
testrun-5-1;145;971262;189;8
testrun-5-1;146;1090623;206;9
testrun-5-1;147;890226;187;9
testrun-5-1;148;1141500;214;9
testrun-5-1;149;884810;178;10
testrun-5-1;150;1116053;209;7
testrun-5-1;151;1046677;205;8
testrun-5-1;152;997531;209;8
testrun-5-1;153;974190;194;8
testrun-5-1;154;1125068;193;8
testrun-5-1;155;997233;195;9
testrun-5-1;156;997212;189;7
testrun-5-1;157;1019192;213;10
testrun-5-1;158;1134509;224;10
testrun-5-1;159;1159912;237;10
testrun-5-1;160;1182620;243;9
testrun-5-1;161;1273963;240;8
testrun-5-1;162;1262761;239;7
testrun-5-1;163;1144330;234;8
testrun-5-1;164;1232499;248;8
testrun-5-1;165;1172546;238;7
testrun-5-1;166;1224352;227;7
testrun-5-1;167;1019710;200;7
testrun-5-1;168;963259;191;7
testrun-5-1;169;1134460;219;8
testrun-5-1;170;1202243;242;8
testrun-5-1;171;1296980;267;10
testrun-5-1;172;1352906;283;10
testrun-5-1;173;1342558;279;8
testrun-5-1;174;1367412;284;9
testrun-5-1;175;1307520;271;8
testrun-5-1;176;1265946;267;8
testrun-5-1;177;1136359;230;7
testrun-5-1;178;1297728;269;7
testrun-5-1;179;1182998;251;7
testrun-5-1;180;1291658;270;8
testrun-5-1;181;1297286;267;8
testrun-5-1;182;1097863;224;8
testrun-5-1;183;1328159;270;8
testrun-5-1;184;1301078;258;7
testrun-5-1;185;1286315;263;7
testrun-5-1;186;1321426;268;7
testrun-5-1;187;1368679;266;6
testrun-5-1;188;1254331;257;7
testrun-5-1;189;1380720;278;7
testrun-5-1;190;1334131;272;7
testrun-5-1;191;1394948;270;7
testrun-5-1;192;1332544;277;8
testrun-5-1;193;1327682;273;7
testrun-5-1;194;1381151;281;7
testrun-5-1;195;1079468;189;8
testrun-6-0;0;977072;182;8
testrun-6-0;1;1112533;229;8
testrun-6-0;2;1200421;248;10
testrun-6-0;3;1303871;268;10
testrun-6-0;4;1369917;275;10
testrun-6-0;5;1271255;252;9
testrun-6-0;6;1412310;280;10
testrun-6-0;7;1295343;269;10
testrun-6-0;8;1230176;245;10
testrun-6-0;9;1275044;271;11
testrun-6-0;10;1213021;257;10
testrun-6-0;11;1334114;273;9
testrun-6-0;12;1279369;264;8
testrun-6-0;13;1129793;229;9
testrun-6-0;14;1350900;269;11
testrun-6-0;15;1280643;265;10
testrun-6-0;16;1243501;257;11
testrun-6-0;17;1216516;243;9
testrun-6-0;18;1091928;219;7
testrun-6-0;19;1046073;206;6
testrun-6-0;20;892079;189;9
testrun-6-0;21;1148719;232;7
testrun-6-0;22;1175373;231;7
testrun-6-0;23;1202377;247;8
testrun-6-0;24;1290182;273;9
testrun-6-0;25;1357810;283;9
testrun-6-0;26;1350802;281;9
testrun-6-0;27;1291164;268;8
testrun-6-0;28;1257277;263;8
testrun-6-0;29;1210339;255;8
testrun-6-0;30;1283602;261;7
testrun-6-0;31;1253971;264;9
testrun-6-0;32;1295875;266;7
testrun-6-0;33;1353145;274;8
testrun-6-0;34;1288037;266;8
testrun-6-0;35;1183875;239;7
testrun-6-0;36;1295972;262;7
testrun-6-0;37;1286220;261;5
testrun-6-0;38;1289873;258;6
testrun-6-0;39;1213356;250;5
testrun-6-0;40;1285880;254;6
testrun-6-0;41;1332605;271;8
testrun-6-0;42;1305949;258;8
testrun-6-0;43;1308009;268;8
testrun-6-0;44;1305258;272;8
testrun-6-0;45;1265569;260;8
testrun-6-0;46;1286592;268;7
testrun-6-0;47;1326022;269;7
testrun-6-0;48;1341794;277;8
testrun-6-0;49;1436990;283;8
testrun-6-0;50;1393127;280;9
testrun-6-0;51;1272381;260;9
testrun-6-0;52;1195538;248;7
testrun-6-0;53;1154593;238;7
testrun-6-0;54;1065483;216;9
testrun-6-0;55;1015882;205;10
testrun-6-0;56;1005677;206;7
testrun-6-0;57;1130847;221;8
testrun-6-0;58;1109108;235;8
testrun-6-0;59;1209951;240;7
testrun-6-0;60;1233349;244;10
testrun-6-0;61;1326038;265;8
testrun-6-0;62;1184307;247;8
testrun-6-0;63;1211833;251;8
testrun-6-0;64;1163597;247;8
testrun-6-0;65;1226375;246;8
testrun-6-0;66;1148831;237;8
testrun-6-0;67;1165461;232;8
testrun-6-0;68;1095833;219;8
testrun-6-0;69;920512;176;8
testrun-6-0;70;824206;165;8
testrun-6-0;71;1023311;208;7
testrun-6-0;72;996305;194;8
testrun-6-0;73;1012926;213;9
testrun-6-0;74;1006115;203;9
testrun-6-0;75;978093;201;8
testrun-6-0;76;1055015;221;11
testrun-6-0;77;1114615;236;12
testrun-6-0;78;1287307;261;9
testrun-6-0;79;1336331;270;8
testrun-6-0;80;1206362;246;10
testrun-6-0;81;1373433;277;10
testrun-6-0;82;1316127;265;8
testrun-6-0;83;1230421;249;8
testrun-6-0;84;1401861;282;9
testrun-6-0;85;1307182;268;9
testrun-6-0;86;1160984;238;9
testrun-6-0;87;1156678;236;9
testrun-6-0;88;1072001;208;9
testrun-6-0;89;972384;186;9
testrun-6-0;90;1091934;222;10
testrun-6-0;91;1006501;202;9
testrun-6-0;92;975605;196;10
testrun-6-0;93;1009520;204;9
testrun-6-0;94;1135902;239;9
testrun-6-0;95;1121651;236;8
testrun-6-0;96;1118653;226;10
testrun-6-0;97;1059908;225;9
testrun-6-0;98;1074246;221;7
testrun-6-0;99;1120894;237;8
testrun-6-0;100;1104965;234;7
testrun-6-0;101;1119153;239;8
testrun-6-0;102;1208664;246;9
testrun-6-0;103;1068535;208;8
testrun-6-0;104;1064598;207;7
testrun-6-0;105;920603;183;6
testrun-6-0;106;846048;171;8
testrun-6-0;107;1035826;194;8
testrun-6-0;108;1061035;209;9
testrun-6-0;109;1141296;230;10
testrun-6-0;110;1169397;235;9
testrun-6-0;111;1211202;253;8
testrun-6-0;112;1269267;251;8
testrun-6-0;113;1236428;249;10
testrun-6-0;114;1246497;250;8
testrun-6-0;115;1364369;240;7
testrun-6-0;116;1289061;263;8
testrun-6-0;117;1202359;248;8
testrun-6-0;118;1265969;245;9
testrun-6-0;119;1206244;251;8
testrun-6-0;120;1194515;254;10
testrun-6-0;121;1187224;251;10
testrun-6-0;122;1236644;258;9
testrun-6-0;123;1254103;240;8
testrun-6-0;124;1180033;224;7
testrun-6-0;125;982179;193;9
testrun-6-0;126;866815;176;8
testrun-6-0;127;1101877;210;8
testrun-6-0;128;1094023;222;9
testrun-6-0;129;1082737;214;10
testrun-6-0;130;1125948;224;10
testrun-6-0;131;1166456;227;8
testrun-6-0;132;1003647;201;8
testrun-6-0;133;982084;187;7
testrun-6-0;134;1126196;213;8
testrun-6-0;135;1167567;230;8
testrun-6-0;136;1261284;250;8
testrun-6-0;137;1246809;241;8
testrun-6-0;138;1233294;258;9
testrun-6-0;139;1265679;255;8
testrun-6-0;140;1163070;237;9
testrun-6-0;141;1262214;251;11
testrun-6-0;142;1242753;252;8
testrun-6-0;143;1256969;242;9
testrun-6-0;144;1335473;262;7
testrun-6-0;145;1276194;255;7
testrun-6-0;146;1190922;246;10
testrun-6-0;147;1200913;251;9
testrun-6-0;148;1194827;246;9
testrun-6-0;149;1104480;233;8
testrun-6-0;150;1148311;231;9
testrun-6-0;151;943781;190;8
testrun-6-0;152;921889;182;9
testrun-6-0;153;1027445;215;8
testrun-6-0;154;1046994;200;9
testrun-6-0;155;933756;189;7
testrun-6-0;156;1016876;207;7
testrun-6-0;157;1014245;201;9
testrun-6-0;158;1018207;206;9
testrun-6-0;159;1069836;204;9
testrun-6-0;160;920293;190;9
testrun-6-0;161;1021832;214;8
testrun-6-0;162;1057774;212;8
testrun-6-0;163;1021167;212;8
testrun-6-0;164;1029367;218;10
testrun-6-0;165;1100587;220;9
testrun-6-0;166;1055566;215;9
testrun-6-0;167;993121;199;9
testrun-6-0;168;1041007;219;9
testrun-6-0;169;999201;209;8
testrun-6-0;170;866338;176;8
testrun-6-0;171;1017589;205;8
testrun-6-0;172;1077831;220;9
testrun-6-0;173;1101808;220;7
testrun-6-0;174;985734;199;9
testrun-6-0;175;976888;190;8
testrun-6-0;176;933623;182;8
testrun-6-0;177;1021335;195;7
testrun-6-0;178;1063452;195;5
testrun-6-0;179;840943;171;7
testrun-6-0;180;868323;184;8
testrun-6-0;181;970744;189;7
testrun-6-0;182;908321;183;7
testrun-6-0;183;832589;164;8
testrun-6-0;184;924879;184;6
testrun-6-0;185;786299;159;6
testrun-6-0;186;979953;196;5
testrun-6-0;187;1003168;195;8
testrun-6-0;188;904259;172;8
testrun-6-0;189;900792;184;6
testrun-6-0;190;848506;169;8
testrun-6-0;191;1020916;203;7
testrun-6-0;192;895544;183;8
testrun-6-0;193;849189;164;7
testrun-6-0;194;1019342;191;6
testrun-6-0;195;910139;169;6
testrun-6-0;196;1050247;205;10
testrun-6-0;197;964489;197;8
testrun-6-0;198;763526;151;7
testrun-6-0;199;929822;189;5
testrun-6-1;0;893193;176;6
testrun-6-1;1;986841;198;9
testrun-6-1;2;1031715;191;7
testrun-6-1;3;817847;154;7
testrun-6-1;4;959854;189;8
testrun-6-1;5;927958;168;8
testrun-6-1;6;1120456;210;8
testrun-6-1;7;969003;182;6
testrun-6-1;8;755875;158;6
testrun-6-1;9;972476;199;7
testrun-6-1;10;1055707;213;8
testrun-6-1;11;1085251;213;9
testrun-6-1;12;1163270;238;9
testrun-6-1;13;1255940;240;10
testrun-6-1;14;1230971;250;8
testrun-6-1;15;1176937;243;9
testrun-6-1;16;1190318;250;8
testrun-6-1;17;1138386;231;11
testrun-6-1;18;1292327;246;8
testrun-6-1;19;1125084;241;9
testrun-6-1;20;1159259;228;7
testrun-6-1;21;1037056;221;8
testrun-6-1;22;1170326;243;6
testrun-6-1;23;1146260;241;8
testrun-6-1;24;1173967;247;8
testrun-6-1;25;1186303;239;7
testrun-6-1;26;1121958;232;8
testrun-6-1;27;1095529;223;9
testrun-6-1;28;972952;201;7
testrun-6-1;29;981021;189;8
testrun-6-1;30;1097265;212;8
testrun-6-1;31;1063981;205;8
testrun-6-1;32;952447;184;8
testrun-6-1;33;1004832;199;6
testrun-6-1;34;1076665;207;7
testrun-6-1;35;1030248;214;7
testrun-6-1;36;1096663;219;10
testrun-6-1;37;1032174;215;6
testrun-6-1;38;1126075;226;8
testrun-6-1;39;1059012;214;9
testrun-6-1;40;974396;198;8
testrun-6-1;41;1100853;206;9
testrun-6-1;42;958541;196;8
testrun-6-1;43;1124966;237;7
testrun-6-1;44;1033187;217;6
testrun-6-1;45;1126821;230;7
testrun-6-1;46;1242952;240;9
testrun-6-1;47;1326690;260;8
testrun-6-1;48;1336669;270;6
testrun-6-1;49;1360498;285;8
testrun-6-1;50;1303868;254;6
testrun-6-1;51;1188673;240;5
testrun-6-1;52;1348436;264;6
testrun-6-1;53;1345137;280;8
testrun-6-1;54;1335626;273;6
testrun-6-1;55;1351975;271;8
testrun-6-1;56;1291092;264;11
testrun-6-1;57;1251390;258;9
testrun-6-1;58;1348373;266;10
testrun-6-1;59;1345172;270;9
testrun-6-1;60;1227041;253;8
testrun-6-1;61;1071772;213;8
testrun-6-1;62;1293403;268;9
testrun-6-1;63;1312632;270;10
testrun-6-1;64;1220718;257;8
testrun-6-1;65;1212602;246;9
testrun-6-1;66;1265329;265;8
testrun-6-1;67;1283073;265;10
testrun-6-1;68;1296429;264;10
testrun-6-1;69;1302020;270;9
testrun-6-1;70;1236961;256;9
testrun-6-1;71;1151385;231;9
testrun-6-1;72;1448479;271;9
testrun-6-1;73;1324218;270;10
testrun-6-1;74;1227948;255;10
testrun-6-1;75;1167334;246;10
testrun-6-1;76;1152105;239;8
testrun-6-1;77;1083852;220;7
testrun-6-1;78;898153;172;7
testrun-6-1;79;1136864;230;7
testrun-6-1;80;1097013;226;7
testrun-6-1;81;1085279;213;8
testrun-6-1;82;1038844;207;6
testrun-6-1;83;983813;204;5
testrun-6-1;84;1155399;233;9
testrun-6-1;85;996346;210;10
testrun-6-1;86;1130665;234;7
testrun-6-1;87;1081188;219;9
testrun-6-1;88;996990;201;8
testrun-6-1;89;1025805;201;8
testrun-6-1;90;1096334;215;8
testrun-6-1;91;1082347;226;8
testrun-6-1;92;1110234;231;8
testrun-6-1;93;1180367;237;9
testrun-6-1;94;1206842;244;9
testrun-6-1;95;1363399;252;10
testrun-6-1;96;1211110;247;9
testrun-6-1;97;1268599;252;8
testrun-6-1;98;1175593;234;9
testrun-6-1;99;1200447;249;9
testrun-6-1;100;1207406;238;9
testrun-6-1;101;1125020;234;10
testrun-6-1;102;1024085;209;9
testrun-6-1;103;955087;183;8
testrun-6-1;104;1047303;213;8
testrun-6-1;105;964569;191;7
testrun-6-1;106;1042392;215;7
testrun-6-1;107;914973;183;6
testrun-6-1;108;695976;143;5
testrun-6-1;109;991336;191;8
testrun-6-1;110;978839;205;9
testrun-6-1;111;1180262;225;9
testrun-6-1;112;1145875;226;9
testrun-6-1;113;1208192;233;9
testrun-6-1;114;1285030;232;7
testrun-6-1;115;1169168;232;9
testrun-6-1;116;1107447;213;9
testrun-6-1;117;1028457;205;8
testrun-6-1;118;1043530;196;9
testrun-6-1;119;871535;173;7
testrun-6-1;120;1054378;203;9
testrun-6-1;121;1111525;223;8
testrun-6-1;122;1192357;246;10
testrun-6-1;123;1188673;247;8
testrun-6-1;124;1154673;241;8
testrun-6-1;125;1167924;239;8
testrun-6-1;126;1074622;227;9
testrun-6-1;127;1065011;225;8
testrun-6-1;128;1218532;239;9
testrun-6-1;129;1214903;248;7
testrun-6-1;130;1240104;262;8
testrun-6-1;131;1187745;251;10
testrun-6-1;132;1241886;253;8
testrun-6-1;133;1166373;245;9
testrun-6-1;134;1296324;250;8
testrun-6-1;135;1312528;258;10
testrun-6-1;136;1282615;258;8
testrun-6-1;137;1243949;249;8
testrun-6-1;138;1185473;242;10
testrun-6-1;139;1282834;249;6
testrun-6-1;140;1238842;248;10
testrun-6-1;141;1370849;251;7
testrun-6-1;142;1115007;237;8
testrun-6-1;143;1101177;230;8
testrun-6-1;144;1077993;230;8
testrun-6-1;145;942408;193;7
testrun-6-1;146;883421;178;7
testrun-6-1;147;1023439;204;9
testrun-6-1;148;943680;202;7
testrun-6-1;149;1107442;233;7
testrun-6-1;150;1200889;251;8
testrun-6-1;151;1236472;260;9
testrun-6-1;152;1300620;274;8
testrun-6-1;153;1364462;280;8
testrun-6-1;154;1319609;266;8
testrun-6-1;155;1268537;258;7
testrun-6-1;156;1239526;257;7
testrun-6-1;157;1245993;259;8
testrun-6-1;158;1202346;246;8
testrun-6-1;159;1199198;244;8
testrun-6-1;160;1345062;255;7
testrun-6-1;161;1328380;255;7
testrun-6-1;162;1371653;274;8
testrun-6-1;163;1368395;273;8
testrun-6-1;164;1381972;278;9
testrun-6-1;165;1384640;276;9
testrun-6-1;166;1285512;268;10
testrun-6-1;167;1243762;262;11
testrun-6-1;168;1378557;270;9
testrun-6-1;169;1349956;265;11
testrun-6-1;170;1232544;251;9
testrun-6-1;171;1084507;223;9
testrun-6-1;172;1311190;263;10
testrun-6-1;173;1290333;257;9
testrun-6-1;174;1261287;255;8
testrun-6-1;175;1382111;275;10
testrun-6-1;176;1270242;260;9
testrun-6-1;177;1354977;266;8
testrun-6-1;178;1330129;272;10
testrun-6-1;179;1338838;268;9
testrun-6-1;180;1230228;257;8
testrun-6-1;181;1331023;267;10
testrun-6-1;182;1291183;267;8
testrun-6-1;183;1365327;274;7
testrun-6-1;184;1355219;263;7
testrun-6-1;185;1347703;266;7
testrun-6-1;186;1304734;268;8
testrun-6-1;187;1280871;265;8
testrun-6-1;188;1328071;269;8
testrun-6-1;189;1286030;266;8
testrun-6-1;190;1243973;263;8
testrun-6-1;191;1074912;222;8
testrun-6-1;192;1258791;266;8
testrun-6-1;193;1245500;259;8
testrun-6-1;194;1215002;256;8
testrun-6-1;195;1245380;255;9
testrun-6-1;196;1223961;249;8
testrun-6-1;197;1177428;244;7
testrun-6-1;198;1221035;255;6
testrun-6-1;199;1187875;240;7
testrun-6-2;0;1255539;248;6
testrun-6-2;1;1372558;283;8
testrun-6-2;2;1395337;279;8
testrun-6-2;3;1335143;275;8
testrun-6-2;4;1271320;261;9
testrun-6-2;5;1192264;248;10
testrun-6-2;6;1200424;252;8
testrun-6-2;7;1033226;212;10
testrun-6-2;8;973858;199;7
testrun-6-2;9;1002776;205;9
testrun-6-2;10;1132565;226;10
testrun-6-2;11;1270499;262;8
testrun-6-2;12;1252610;265;12
testrun-6-2;13;1180077;248;10
testrun-6-2;14;1277737;266;10
testrun-6-2;15;1147484;242;9
testrun-6-2;16;1392770;271;10
testrun-6-2;17;1407653;262;9
testrun-6-2;18;1233217;252;9
testrun-6-2;19;1303908;274;10
testrun-6-2;20;1296745;276;10
testrun-6-2;21;1323915;272;10
testrun-6-2;22;1360364;279;10
testrun-6-2;23;1353029;267;9
testrun-6-2;24;1177260;243;9
testrun-6-2;25;1130024;234;7
testrun-6-2;26;1287819;241;7
testrun-6-2;27;1286362;263;7
testrun-6-2;28;1399567;281;8
testrun-6-2;29;1323854;272;7
testrun-6-2;30;1331315;274;8
testrun-6-2;31;1217344;246;7
testrun-6-2;32;1204851;236;8
testrun-6-2;33;1156827;239;7
testrun-6-2;34;1164096;231;7
testrun-6-2;35;1065204;210;10
testrun-6-2;36;1011702;201;8
testrun-6-2;37;996036;204;9
testrun-6-2;38;1118871;214;8
testrun-6-2;39;1094027;230;9
testrun-6-2;40;1094393;233;9
testrun-6-2;41;1122871;239;10
testrun-6-2;42;1190207;233;12
testrun-6-2;43;1136281;225;9
testrun-6-2;44;1201211;230;9
testrun-6-2;45;1090298;202;9
testrun-6-2;46;1206139;231;9
testrun-6-2;47;1205842;219;9
testrun-6-2;48;1012330;204;8
testrun-6-2;49;1014955;200;8
testrun-6-2;50;1151317;219;10
testrun-6-2;51;1216755;219;9
testrun-6-2;52;1263259;248;10
testrun-6-2;53;1215805;245;9
testrun-6-2;54;1203565;242;9
testrun-6-2;55;1245169;228;7
testrun-6-2;56;1100854;216;8
testrun-6-2;57;953010;197;6
testrun-6-2;58;873276;182;8
testrun-6-2;59;1095685;206;8
testrun-6-2;60;895282;176;6
testrun-6-2;61;1005031;205;9
testrun-6-2;62;908319;188;9
testrun-6-2;63;1090692;214;9
testrun-6-2;64;1056389;204;6
testrun-6-2;65;1008027;194;8
testrun-6-2;66;933446;172;7
testrun-6-2;67;1036619;196;8
testrun-6-2;68;805235;168;9
testrun-6-2;69;1102370;209;10
testrun-6-2;70;986439;199;7
testrun-6-2;71;981757;184;6
testrun-6-2;72;978817;190;7
testrun-6-2;73;936524;193;9
testrun-6-2;74;824753;161;7
testrun-6-2;75;1010958;198;6
testrun-6-2;76;899432;171;7
testrun-6-2;77;950449;203;9
testrun-6-2;78;1128737;222;10
testrun-6-2;79;1100112;223;10
testrun-6-2;80;1226842;239;9
testrun-6-2;81;1018262;202;8
testrun-6-2;82;1265135;239;7
testrun-6-2;83;1220527;237;8
testrun-6-2;84;1220959;233;7
testrun-6-2;85;1097145;221;8
testrun-6-2;86;1019086;212;9
testrun-6-2;87;1047965;204;9
testrun-6-2;88;953129;186;7
testrun-6-2;89;1049026;206;9
testrun-6-2;90;1011296;210;8
testrun-6-2;91;1180078;249;9
testrun-6-2;92;1368739;250;9
testrun-6-2;93;1223135;246;8
testrun-6-2;94;1226816;247;9
testrun-6-2;95;1125671;225;7
testrun-6-2;96;1112433;219;8
testrun-6-2;97;1002112;199;7
testrun-6-2;98;1014346;190;9
testrun-6-2;99;1027021;206;8
testrun-6-2;100;912260;169;6
testrun-6-2;101;994885;206;8
testrun-6-2;102;933396;191;5
testrun-6-2;103;960963;192;8
testrun-6-2;104;968804;191;8
testrun-6-2;105;1010654;215;9
testrun-6-2;106;1131190;226;10
testrun-6-2;107;1245893;228;9
testrun-6-2;108;1188661;242;10
testrun-6-2;109;1173451;215;8
testrun-6-2;110;1275124;250;9
testrun-6-2;111;1076655;216;8
testrun-6-2;112;1176650;239;9
testrun-6-2;113;1150193;223;8
testrun-6-2;114;1176192;234;8
testrun-6-2;115;1025106;203;9
testrun-6-2;116;1119301;227;10
testrun-6-2;117;1203687;235;10
testrun-6-2;118;1257218;229;8
testrun-6-2;119;1103142;200;8
testrun-6-2;120;1013175;202;8
testrun-6-2;121;1041999;213;8
testrun-6-2;122;1164563;223;9
testrun-6-2;123;1032023;215;9
testrun-6-2;124;1051430;203;9
testrun-6-2;125;896127;176;7
testrun-6-2;126;1066894;207;8
testrun-6-2;127;1090311;210;8
testrun-6-2;128;1029686;203;8
testrun-6-2;129;1048784;198;8
testrun-6-2;130;1051167;207;8
testrun-6-2;131;1046988;209;8
testrun-6-2;132;1037657;206;9
testrun-6-2;133;1125512;208;10
testrun-6-2;134;1101507;205;8
testrun-6-2;135;1060137;208;9
testrun-6-2;136;1129668;227;10
testrun-6-2;137;1172815;239;10
testrun-6-2;138;1295509;260;10
testrun-6-2;139;1331148;271;11
testrun-6-2;140;1354672;279;8
testrun-6-2;141;1247724;259;9
testrun-6-2;142;1215791;254;9
testrun-6-2;143;1194254;238;8
testrun-6-2;144;1307462;260;8
testrun-6-2;145;1208183;253;8
testrun-6-2;146;1134587;239;7
testrun-6-2;147;1266385;253;8
testrun-6-2;148;1169801;240;8
testrun-6-2;149;1293063;257;8
testrun-6-2;150;1231682;247;8
testrun-6-2;151;1314333;245;8
testrun-6-2;152;1192980;246;8
testrun-6-2;153;1239782;253;6
testrun-6-2;154;1226613;257;5
testrun-6-2;155;1207995;242;6
testrun-6-2;156;1335604;259;6
testrun-6-2;157;1252229;245;6
testrun-6-2;158;1244626;257;5
testrun-6-2;159;1182383;221;7
testrun-6-2;160;1213790;239;7
testrun-6-2;161;1249664;257;6
testrun-6-2;162;1122311;234;5
testrun-6-2;163;1299443;254;5
testrun-6-2;164;1299614;261;5
testrun-6-2;165;1219899;245;6
testrun-6-2;166;1239605;248;8
testrun-6-2;167;1311639;254;8
testrun-6-2;168;1281391;260;9
testrun-6-2;169;1307102;264;8
testrun-6-2;170;1240676;255;9
testrun-6-2;171;1318740;269;8
testrun-6-2;172;1314147;266;8
testrun-6-2;173;1187357;236;7
testrun-6-2;174;1258650;264;7
testrun-6-2;175;1265730;267;7
testrun-6-2;176;1281382;258;7
testrun-6-2;177;1171603;244;8
testrun-6-2;178;1143924;239;7
testrun-6-2;179;1225373;244;8
testrun-6-2;180;1253921;256;8
testrun-6-2;181;1294588;265;8
testrun-6-2;182;1312585;269;8
testrun-6-2;183;1324480;262;7
testrun-6-2;184;1285470;266;8
testrun-6-2;185;1234888;257;8
testrun-6-2;186;1357498;266;6
testrun-6-2;187;1333620;269;7
testrun-6-2;188;1300765;265;7
testrun-6-2;189;1187961;247;7
testrun-6-2;190;1279887;269;8
testrun-6-2;191;1156315;243;8
testrun-6-2;192;1310544;272;8
testrun-6-2;193;1307776;271;8
testrun-6-2;194;1247981;258;9
testrun-6-2;195;1291371;267;7
testrun-6-2;196;1278478;264;7
testrun-6-2;197;1335303;273;8
testrun-6-2;198;1286762;266;7
testrun-6-2;199;1332756;273;8
testrun-6-3;0;1328297;271;8
testrun-6-3;1;1240073;258;10
testrun-6-3;2;1250056;257;11
testrun-6-3;3;1097143;227;10
testrun-6-3;4;1014852;204;9
testrun-6-3;5;1059745;219;9
testrun-6-3;6;1188004;245;8
testrun-6-3;7;1377397;257;9
testrun-6-3;8;1420155;272;9
testrun-6-3;9;1297070;272;9
testrun-6-3;10;1327660;272;6
testrun-6-3;11;1402012;277;6
testrun-6-3;12;1303278;262;8
testrun-6-3;13;1235524;259;8
testrun-6-3;14;1190087;252;8
testrun-6-3;15;1253445;258;7
testrun-6-3;16;1263273;263;7
testrun-6-3;17;1344344;272;8
testrun-6-3;18;1398593;271;7
testrun-6-3;19;1279700;263;8
testrun-6-3;20;1297657;268;7
testrun-6-3;21;1316500;273;7
testrun-6-3;22;1366866;282;8
testrun-6-3;23;1373752;278;7
testrun-6-3;24;1246147;251;9
testrun-6-3;25;1301645;260;9
testrun-6-3;26;1139357;236;7
testrun-6-3;27;1099213;230;7
testrun-6-3;28;981826;201;9
testrun-6-3;29;972776;198;8
testrun-6-3;30;976621;202;7
testrun-6-3;31;1026532;216;8
testrun-6-3;32;1118336;228;8
testrun-6-3;33;1179946;234;8
testrun-6-3;34;1159530;243;6
testrun-6-3;35;1225167;253;8
testrun-6-3;36;1220781;240;8
testrun-6-3;37;1214363;248;8
testrun-6-3;38;1299964;259;9
testrun-6-3;39;1327830;257;7
testrun-6-3;40;1262290;256;9
testrun-6-3;41;1244826;241;10
testrun-6-3;42;1216288;254;9
testrun-6-3;43;1016333;208;8
testrun-6-3;44;951495;182;9
testrun-6-3;45;1047714;210;9
testrun-6-3;46;934675;189;9
testrun-6-3;47;1064994;202;8
testrun-6-3;48;1108553;210;9
testrun-6-3;49;1014066;204;9
testrun-6-3;50;1063493;207;9
testrun-6-3;51;972082;194;9
testrun-6-3;52;955137;193;7
testrun-6-3;53;924265;185;7
testrun-6-3;54;980878;201;9
testrun-6-3;55;1079121;208;8
testrun-6-3;56;1107886;232;9
testrun-6-3;57;1207977;243;10
testrun-6-3;58;1171533;246;9
testrun-6-3;59;1207951;243;9
testrun-6-3;60;1141048;229;9
testrun-6-3;61;1095684;225;9
testrun-6-3;62;1227555;240;9
testrun-6-3;63;1146297;232;9
testrun-6-3;64;1134429;230;10
testrun-6-3;65;962089;195;9
testrun-6-3;66;874797;175;8
testrun-6-3;67;1027621;202;7
testrun-6-3;68;1057689;209;8
testrun-6-3;69;908726;184;6
testrun-6-3;70;948080;193;9
testrun-6-3;71;1149213;221;8
testrun-6-3;72;1181040;238;8
testrun-6-3;73;1311067;251;9
testrun-6-3;74;1197212;247;9
testrun-6-3;75;1282397;250;10
testrun-6-3;76;1298386;258;8
testrun-6-3;77;1261137;252;9
testrun-6-3;78;1210816;252;7
testrun-6-3;79;1346479;248;10
testrun-6-3;80;1176287;248;10
testrun-6-3;81;1015883;205;9
testrun-6-3;82;933240;186;8
testrun-6-3;83;1092887;220;9
testrun-6-3;84;1087768;216;9
testrun-6-3;85;1121302;224;11
testrun-6-3;86;1008868;211;8
testrun-6-3;87;1029159;189;8
testrun-6-3;88;1196243;219;7
testrun-6-3;89;1042803;201;8
testrun-6-3;90;1076493;215;9
testrun-6-3;91;1283746;222;9
testrun-6-3;92;1254683;245;9
testrun-6-3;93;1210555;239;9
testrun-6-3;94;1254902;245;9
testrun-6-3;95;1136441;234;8
testrun-6-3;96;1206882;244;8
testrun-6-3;97;1218480;230;6
testrun-6-3;98;1115470;216;6
testrun-6-3;99;968283;202;8
testrun-6-3;100;950191;183;9
testrun-6-3;101;1075855;214;8
testrun-6-3;102;1145088;238;9
testrun-6-3;103;1237312;258;9
testrun-6-3;104;1288191;264;9
testrun-6-3;105;1401095;282;8
testrun-6-3;106;1392302;282;9
testrun-6-3;107;1302843;268;8
testrun-6-3;108;1269529;264;8
testrun-6-3;109;1195725;254;8
testrun-6-3;110;1270317;262;8
testrun-6-3;111;1294630;266;8
testrun-6-3;112;1260364;249;7
testrun-6-3;113;1271951;264;8
testrun-6-3;114;1272353;261;7
testrun-6-3;115;1226964;256;8
testrun-6-3;116;1185599;238;8
testrun-6-3;117;1261735;252;8
testrun-6-3;118;1222858;249;8
testrun-6-3;119;1259016;251;9
testrun-6-3;120;1198902;241;9
testrun-6-3;121;1170661;239;7
testrun-6-3;122;1245768;248;8
testrun-6-3;123;1272521;253;7
testrun-6-3;124;1333448;268;7
testrun-6-3;125;1361788;280;7
testrun-6-3;126;1357366;278;7
testrun-6-3;127;1317784;274;7
testrun-6-3;128;1300688;264;8
testrun-6-3;129;1191882;250;8
testrun-6-3;130;1158194;240;8
testrun-6-3;131;940302;184;8
testrun-7-0;0;546823;102;10
testrun-7-0;1;970512;196;7
testrun-7-0;2;1008323;208;6
testrun-7-0;3;1159733;220;5
testrun-7-0;4;1115559;230;6
testrun-7-0;5;1125026;238;4
testrun-7-0;6;1137209;240;3
testrun-7-0;7;1153318;243;4
testrun-7-0;8;1249556;245;3
testrun-7-0;9;1220921;254;3
testrun-7-0;10;1184600;251;3
testrun-7-0;11;1238967;252;3
testrun-7-0;12;1202735;252;4
testrun-7-0;13;1291362;251;4
testrun-7-0;14;1274976;252;7
testrun-7-0;15;1251209;251;5
testrun-7-0;16;1226403;248;4
testrun-7-0;17;1247633;256;5
testrun-7-0;18;1283732;255;4
testrun-7-0;19;1320201;260;4
testrun-7-0;20;1266947;264;5
testrun-7-0;21;1291224;266;5
testrun-7-0;22;1305052;270;5
testrun-7-0;23;1220560;257;5
testrun-7-0;24;1212593;251;6
testrun-7-0;25;1178534;244;5
testrun-7-0;26;1171155;235;7
testrun-7-0;27;1131774;226;7
testrun-7-0;28;1102964;228;11
testrun-7-0;29;1168780;230;12
testrun-7-0;30;1203076;233;8
testrun-7-0;31;1251685;240;10
testrun-7-0;32;1177109;242;9
testrun-7-0;33;1205022;241;7
testrun-7-0;34;1229349;238;7
testrun-7-0;35;1161848;225;6
testrun-7-0;36;1155548;230;7
testrun-7-0;37;1047326;215;5
testrun-7-0;38;1204680;227;7
testrun-7-0;39;1122365;215;8
testrun-7-0;40;1187827;209;7
testrun-7-0;41;1189012;212;7
testrun-7-0;42;1092866;193;7
testrun-7-0;43;1180499;208;7
testrun-7-0;44;1106325;208;7
testrun-7-0;45;1059287;205;8
testrun-7-0;46;922122;183;7
testrun-7-0;47;997433;201;9
testrun-7-0;48;1032547;208;10
testrun-7-0;49;1025274;206;7
testrun-7-0;50;1053621;205;8
testrun-7-0;51;955316;198;9
testrun-7-0;52;1082063;202;6
testrun-7-0;53;1051830;203;6
testrun-7-0;54;1207982;208;6
testrun-7-0;55;1132358;204;6
testrun-7-0;56;1113476;192;7
testrun-7-0;57;992427;194;8
testrun-7-0;58;1042190;199;8
testrun-7-0;59;1167030;216;6
testrun-7-0;60;1124948;215;6
testrun-7-0;61;1118271;212;7
testrun-7-0;62;1212406;218;7
testrun-7-0;63;1087592;209;7
testrun-7-0;64;1038965;217;8
testrun-7-0;65;1047330;208;8
testrun-7-0;66;1203098;229;5
testrun-7-0;67;1139287;216;6
testrun-7-0;68;1127298;215;6
testrun-7-0;69;1140527;221;6
testrun-7-0;70;1137315;206;6
testrun-7-0;71;1113922;198;7
testrun-7-0;72;1123024;221;6
testrun-7-0;73;1210550;221;5
testrun-7-0;74;1247759;225;7
testrun-7-0;75;1195339;231;6
testrun-7-0;76;1151757;233;8
testrun-7-0;77;1218166;240;9
testrun-7-0;78;1271579;247;8
testrun-7-0;79;1381814;261;7
testrun-7-0;80;1264657;252;9
testrun-7-0;81;1323339;261;8
testrun-7-0;82;1229293;233;9
testrun-7-0;83;1224660;226;12
testrun-7-0;84;1193919;209;10
testrun-7-0;85;1161819;194;10
testrun-7-0;86;1115404;195;11
testrun-7-0;87;1009883;184;12
testrun-7-0;88;1026651;195;11
testrun-7-0;89;1082678;201;10
testrun-7-0;90;1200611;233;11
testrun-7-0;91;1174679;229;9
testrun-7-0;92;1239012;238;7
testrun-7-0;93;1191016;237;6
testrun-7-0;94;1206250;233;5
testrun-7-0;95;1134307;224;5
testrun-7-0;96;1069977;222;6
testrun-7-0;97;1182331;241;8
testrun-7-0;98;1138482;220;5
testrun-7-0;99;1187454;236;6
testrun-7-0;100;1260820;247;6
testrun-7-0;101;1209437;241;9
testrun-7-0;102;1245488;247;10
testrun-7-0;103;1294248;248;10
testrun-7-0;104;1335519;248;9
testrun-7-0;105;1199682;230;8
testrun-7-0;106;1094628;221;7
testrun-7-0;107;1052178;207;6
testrun-7-0;108;1024125;182;7
testrun-7-0;109;1100816;213;8
testrun-7-0;110;1160407;221;8
testrun-7-0;111;1113497;226;8
testrun-7-0;112;1233352;239;7
testrun-7-0;113;1220802;233;8
testrun-7-0;114;1249198;245;8
testrun-7-0;115;1203825;245;9
testrun-7-0;116;1178360;236;6
testrun-7-0;117;1111811;222;7
testrun-7-0;118;1248963;227;6
testrun-7-0;119;1100770;224;7
testrun-7-0;120;1175763;232;7
testrun-7-0;121;1107491;225;7
testrun-7-0;122;1139781;220;6
testrun-7-0;123;1229568;220;6
testrun-7-0;124;1162484;209;7
testrun-7-0;125;1138072;198;7
testrun-7-0;126;1093754;213;7
testrun-7-0;127;1238246;223;6
testrun-7-0;128;1182316;220;8
testrun-7-0;129;1164442;224;8
testrun-7-0;130;1178153;223;7
testrun-7-0;131;1094654;214;6
testrun-7-0;132;1147950;222;6
testrun-7-0;133;1006232;206;7
testrun-7-0;134;1175086;223;5
testrun-7-0;135;1137551;219;7
testrun-7-0;136;1094287;218;6
testrun-7-0;137;1135638;217;5
testrun-7-0;138;1146566;212;6
testrun-7-0;139;1100119;211;7
testrun-7-0;140;1079626;207;6
testrun-7-0;141;1110219;211;6
testrun-7-0;142;1133910;217;5
testrun-7-0;143;1179041;210;5
testrun-7-0;144;1042298;203;6
testrun-7-0;145;1141039;208;6
testrun-7-0;146;1093393;213;6
testrun-7-0;147;1175698;219;8
testrun-7-0;148;1154889;229;8
testrun-7-0;149;1181314;231;6
testrun-7-0;150;1226247;236;7
testrun-7-0;151;1276252;241;8
testrun-7-0;152;1373243;257;10
testrun-7-0;153;1251763;243;13
testrun-7-0;154;1283835;237;14
testrun-7-0;155;1178607;227;13
testrun-7-0;156;1182428;224;14
testrun-7-0;157;1100036;221;16
testrun-7-0;158;1227535;233;15
testrun-7-0;159;1219055;251;13
testrun-7-0;160;1292160;256;12
testrun-7-0;161;1312125;260;14
testrun-7-0;162;1359142;259;12
testrun-7-0;163;1305374;266;11
testrun-7-0;164;1229108;245;8
testrun-7-0;165;1249000;235;6
testrun-7-0;166;1146868;209;6
testrun-7-0;167;1227977;238;6
testrun-7-0;168;1215802;237;5
testrun-7-0;169;1138549;222;5
testrun-7-0;170;1212945;233;6
testrun-7-0;171;1243552;244;6
testrun-7-0;172;1270639;248;6
testrun-7-0;173;1247849;244;8
testrun-7-0;174;1247593;237;10
testrun-7-0;175;1259110;235;12
testrun-7-0;176;1298945;219;10
testrun-7-0;177;1321618;243;14
testrun-7-0;178;1166714;237;14
testrun-7-0;179;1192221;234;12
testrun-7-0;180;1258922;231;10
testrun-7-0;181;1285839;231;10
testrun-7-0;182;1300901;238;9
testrun-7-0;183;1229287;231;10
testrun-7-0;184;1161965;218;11
testrun-7-0;185;1117609;211;11
testrun-7-0;186;1232049;230;11
testrun-7-0;187;1257393;234;10
testrun-7-0;188;1311053;233;10
testrun-7-0;189;1215117;219;10
testrun-7-0;190;1249267;217;13
testrun-7-0;191;1266139;217;11
testrun-7-0;192;1223783;231;13
testrun-7-0;193;1177120;214;11
testrun-7-0;194;1160086;222;11
testrun-7-0;195;1065220;219;12
testrun-7-0;196;1067642;208;10
testrun-7-0;197;1102231;194;9
testrun-7-0;198;1099400;190;10
testrun-7-0;199;1193989;211;9
testrun-7-1;0;1060334;193;4
testrun-7-1;1;1121223;208;8
testrun-7-1;2;1051722;209;9
testrun-7-1;3;962906;180;7
testrun-7-1;4;876495;171;7
testrun-7-1;5;1040528;202;10
testrun-7-1;6;968776;194;8
testrun-7-1;7;1020735;202;9
testrun-7-1;8;815369;167;8
testrun-7-1;9;1002238;198;9
testrun-7-1;10;1164675;218;8
testrun-7-1;11;1172207;216;9
testrun-7-1;12;1123754;209;10
testrun-7-1;13;1003379;191;9
testrun-7-1;14;827601;161;6
testrun-7-1;15;979551;190;8
testrun-7-1;16;927983;168;6
testrun-7-1;17;981865;196;10
testrun-7-1;18;1053557;206;10
testrun-7-1;19;953217;196;8
testrun-7-1;20;974279;181;7
testrun-7-1;21;990680;197;9
testrun-7-1;22;1111477;213;10
testrun-7-1;23;933094;184;7
testrun-7-1;24;846704;168;7
testrun-7-1;25;899979;187;7
testrun-7-1;26;991350;180;7
testrun-7-1;27;992431;194;9
testrun-7-1;28;1103701;206;9
testrun-7-1;29;1123459;202;8
testrun-7-1;30;1072808;209;9
testrun-7-1;31;972660;187;8
testrun-7-1;32;775787;157;9
testrun-7-1;33;1049675;199;8
testrun-7-1;34;998416;199;8
testrun-7-1;35;1047909;192;6
testrun-7-1;36;1144477;196;6
testrun-7-1;37;1135985;202;8
testrun-7-1;38;1039733;195;9
testrun-7-1;39;1213005;204;8
testrun-7-1;40;1042826;202;10
testrun-7-1;41;1010165;185;8
testrun-7-1;42;899145;186;11
testrun-7-1;43;1012523;198;11
testrun-7-1;44;981526;192;8
testrun-7-1;45;1032349;192;10
testrun-7-1;46;861619;156;10
testrun-7-1;47;1068042;164;10
testrun-7-1;48;1303810;259;10
testrun-7-1;49;1431912;251;9
testrun-7-1;50;1248616;242;7
testrun-7-1;51;1178284;237;5
testrun-7-1;52;1303583;247;8
testrun-7-1;53;1241793;248;7
testrun-7-1;54;1294563;245;6
testrun-7-1;55;1283199;236;9
testrun-7-1;56;1156729;225;8
testrun-7-1;57;1172235;222;10
testrun-7-1;58;1251612;214;12
testrun-7-1;59;1022217;204;11
testrun-7-1;60;942548;190;14
testrun-7-1;61;1064851;173;11
testrun-7-1;62;963391;183;10
testrun-7-1;63;1129076;217;9
testrun-7-1;64;1116179;210;9
testrun-7-1;65;1176432;227;7
testrun-7-1;66;1139978;225;6
testrun-7-1;67;1336609;245;5
testrun-7-1;68;1272241;242;5
testrun-7-1;69;1231210;235;6
testrun-7-1;70;1186100;222;6
testrun-7-1;71;1198880;222;6
testrun-7-1;72;1109809;219;7
testrun-7-1;73;1193147;218;5
testrun-7-1;74;1050676;212;8
testrun-7-1;75;1035481;206;6
testrun-7-1;76;1063215;214;8
testrun-7-1;77;1030878;206;8
testrun-7-1;78;1075734;197;7
testrun-7-1;79;997204;203;7
testrun-7-1;80;971242;189;10
testrun-7-1;81;1103116;203;7
testrun-7-1;82;1176941;206;7
testrun-7-1;83;1181519;225;6
testrun-7-1;84;1122314;228;8
testrun-7-1;85;1172148;240;6
testrun-7-1;86;1369941;258;8
testrun-7-1;87;1398827;260;10
testrun-7-1;88;1361839;252;9
testrun-7-1;89;1371195;249;9
testrun-7-1;90;1403785;248;10
testrun-7-1;91;1306928;239;9
testrun-7-1;92;1425571;251;10
testrun-7-1;93;1500742;263;12
testrun-7-1;94;1360215;254;9
testrun-7-1;95;1182648;228;6
testrun-7-1;96;1096245;209;6
testrun-7-1;97;1161550;214;6
testrun-7-1;98;1042050;180;7
testrun-7-1;99;1203864;215;5
testrun-7-1;100;1242418;225;7
testrun-7-1;101;1224354;227;6
testrun-7-1;102;1296168;241;8
testrun-7-1;103;1395570;248;6
testrun-7-1;104;1314311;247;12
testrun-7-1;105;1325241;252;13
testrun-7-1;106;1229147;244;12
testrun-7-1;107;1242100;234;12
testrun-7-1;108;1276698;233;10
testrun-7-1;109;1114143;224;13
testrun-7-1;110;1139568;224;12
testrun-7-1;111;1237836;219;11
testrun-7-1;112;1109863;203;12
testrun-7-1;113;1265129;218;10
testrun-7-1;114;1243444;234;12
testrun-7-1;115;1287242;238;14
testrun-7-1;116;1442944;244;11
testrun-7-1;117;1330860;231;12
testrun-7-1;118;1278867;212;8
testrun-7-1;119;1034829;194;7
testrun-7-1;120;972286;178;7
testrun-7-1;121;990165;173;9
testrun-7-1;122;999740;179;8
testrun-7-1;123;1117268;204;12
testrun-7-1;124;980940;177;7
testrun-7-1;125;912069;179;11
testrun-7-1;126;1072025;190;9
testrun-7-1;127;1021511;186;10
testrun-7-1;128;995140;178;10
testrun-7-1;129;822743;148;8
testrun-7-1;130;1076304;182;10
testrun-7-1;131;1046096;192;13
testrun-7-1;132;1045948;187;10
testrun-7-1;133;1075864;193;13
testrun-7-1;134;1101179;190;12
testrun-7-1;135;1075278;215;12
testrun-7-1;136;1141520;225;13
testrun-7-1;137;1246423;221;12
testrun-7-1;138;1215321;224;14
testrun-7-1;139;1231877;221;13
testrun-7-1;140;1175442;232;11
testrun-7-1;141;1137676;235;12
testrun-7-1;142;1281797;248;10
testrun-7-1;143;1258322;245;7
testrun-7-1;144;1215644;240;6
testrun-7-1;145;1302675;247;7
testrun-7-1;146;1281248;236;11
testrun-7-1;147;1175219;225;8
testrun-7-1;148;1230661;245;10
testrun-7-1;149;1266430;241;9
testrun-7-1;150;1110021;223;12
testrun-7-1;151;1161929;212;11
testrun-7-1;152;1203626;234;15
testrun-7-1;153;1274848;238;10
testrun-7-1;154;1229999;232;8
testrun-7-1;155;1061671;196;9
testrun-7-1;156;1367770;242;8
testrun-7-1;157;1187066;226;8
testrun-7-1;158;1193671;223;8
testrun-7-1;159;1222058;225;7
testrun-7-1;160;1317146;244;8
testrun-7-1;161;1210682;229;6
testrun-7-1;162;1259793;239;8
testrun-7-1;163;1255816;240;8
testrun-7-1;164;1300134;242;7
testrun-7-1;165;1305487;246;5
testrun-7-1;166;1230462;245;5
testrun-7-1;167;1219980;244;3
testrun-7-1;168;1198705;249;4
testrun-7-1;169;1318039;265;4
testrun-7-1;170;1281129;268;5
testrun-7-1;171;1231930;248;4
testrun-7-1;172;1322119;267;5
testrun-7-1;173;1264510;267;5
testrun-7-1;174;1324442;269;6
testrun-7-1;175;1333099;282;4
testrun-7-1;176;1328073;281;5
testrun-7-1;177;1353981;283;5
testrun-7-1;178;1293413;261;5
testrun-7-1;179;1222941;240;4
testrun-7-1;180;1187864;234;6
testrun-8-0;0;591701;82;8
testrun-8-0;1;684163;107;8
testrun-8-0;2;365500;55;6
testrun-8-0;3;291609;48;5
testrun-8-0;4;654483;95;6
testrun-8-0;5;277785;48;4
testrun-8-0;6;401408;54;5
testrun-8-0;7;383212;46;5
testrun-8-0;8;315652;54;6
testrun-8-0;9;813236;129;8
testrun-8-0;10;316693;50;4
testrun-8-0;11;515352;89;7
testrun-8-0;12;269138;59;7
testrun-8-0;13;228640;51;7
testrun-8-0;14;444884;61;5
testrun-8-0;15;761550;116;5
testrun-8-0;16;319974;51;6
testrun-8-0;17;557133;87;8
testrun-8-0;18;285460;53;7
testrun-8-0;19;436270;59;7
testrun-8-0;20;380027;68;6
testrun-8-0;21;217208;44;6
testrun-8-0;22;312056;53;7
testrun-8-0;23;484154;83;8
testrun-8-0;24;288078;50;6
testrun-8-0;25;286524;50;6
testrun-8-0;26;302348;52;7
testrun-8-0;27;416594;74;8
testrun-8-0;28;483724;82;5
testrun-8-0;29;415813;88;8
testrun-8-0;30;414967;60;8
testrun-8-0;31;358008;57;7
testrun-8-0;32;929037;154;6
testrun-8-0;33;329214;54;7
testrun-8-0;34;1002411;162;11
testrun-8-0;35;467715;81;9
testrun-8-0;36;450287;72;6
testrun-8-0;37;391224;55;6
testrun-8-0;38;481538;67;6
testrun-8-0;39;414559;71;8
testrun-8-0;40;647189;103;8
testrun-8-0;41;370075;53;7
testrun-8-0;42;352731;40;4
testrun-8-0;43;272912;43;5
testrun-8-0;44;825482;123;9
testrun-8-0;45;327771;50;5
testrun-8-0;46;329713;57;8
testrun-8-0;47;383309;67;6
testrun-8-0;48;369414;57;6
testrun-8-0;49;233462;37;5
testrun-8-0;50;261339;46;5
testrun-8-0;51;390732;52;5
testrun-8-0;52;7757;52;5
testrun-8-0;53;242619;45;5
testrun-8-0;54;500694;83;8
testrun-8-0;55;261346;48;6
testrun-8-0;56;265536;50;5
testrun-8-0;57;290012;43;4
testrun-8-0;58;301566;45;4
testrun-8-0;59;512785;77;5
testrun-8-0;60;282171;46;4
testrun-8-0;61;296809;45;5
testrun-8-0;62;275338;47;6
testrun-8-0;63;755491;99;7
testrun-8-0;64;618048;110;6
testrun-8-0;65;268944;43;4
testrun-8-0;66;456945;79;6
testrun-8-0;67;511108;94;8
testrun-8-0;68;526348;80;8
testrun-8-0;69;506410;88;6
testrun-8-0;70;337536;53;6
testrun-8-0;71;350384;59;8
testrun-8-0;72;343008;50;5
testrun-8-0;73;287393;43;2
testrun-8-0;74;336392;49;6
testrun-8-0;75;321591;46;4
testrun-8-0;76;335110;45;6
testrun-8-0;77;365715;48;5
testrun-8-0;78;490101;77;7
testrun-8-0;79;380886;46;4
testrun-8-0;80;355620;58;5
testrun-8-0;81;318205;45;5
testrun-8-0;82;741725;120;5
testrun-8-0;83;346114;62;7
testrun-8-0;84;789298;126;12
testrun-8-0;85;337034;47;7
testrun-8-0;86;281319;46;5
testrun-8-0;87;518098;83;6
testrun-8-0;88;538807;69;6
testrun-8-0;89;390020;52;7
testrun-8-0;90;554944;92;7
testrun-8-0;91;361758;61;7
testrun-8-0;92;330909;47;4
testrun-8-0;93;750400;122;9
testrun-8-0;94;7757;122;9
testrun-8-0;95;384434;46;5
testrun-8-0;96;312094;47;5
testrun-8-0;97;238371;44;6
testrun-8-0;98;256893;43;6
testrun-8-0;99;517268;82;6
testrun-8-0;100;7757;82;6
testrun-8-0;101;765364;117;8
testrun-8-0;102;759724;114;10
testrun-8-0;103;425909;65;7
testrun-8-0;104;7754;65;7
testrun-8-0;105;445451;83;7
testrun-8-0;106;9101;83;7
testrun-8-0;107;532820;91;9
testrun-8-0;108;523385;90;9
testrun-8-0;109;544592;86;9
testrun-8-0;110;428931;85;5
testrun-8-0;111;654665;122;6
testrun-8-0;112;469108;65;6
testrun-8-0;113;1028466;123;6
testrun-8-0;114;249070;41;5
testrun-8-0;115;572553;89;7
testrun-8-0;116;563022;79;9
testrun-8-0;117;461631;70;7
testrun-8-0;118;452924;71;6
testrun-8-0;119;7757;71;6
testrun-8-0;120;260876;44;5
testrun-8-0;121;434419;67;8
testrun-8-0;122;525204;81;6
testrun-8-0;123;266178;46;5
testrun-8-0;124;259766;42;5
testrun-8-0;125;239393;35;4
testrun-8-0;126;324316;47;5
testrun-8-0;127;225520;39;4
testrun-8-0;128;434934;56;6
testrun-8-0;129;197467;37;4
testrun-8-0;130;482315;78;8
testrun-8-0;131;175753;35;4
testrun-8-0;132;646977;99;7
testrun-8-0;133;174016;39;4
testrun-8-0;134;216698;39;4
testrun-8-0;135;247563;36;3
testrun-8-0;136;307120;37;1
testrun-8-0;137;304355;45;5
testrun-8-0;138;480107;97;9
testrun-8-0;139;293991;49;5
testrun-8-0;140;421213;55;5
testrun-8-0;141;343566;48;5
testrun-8-0;142;177064;34;4
testrun-8-0;143;294018;39;3
testrun-8-0;144;593730;85;7
testrun-8-0;145;252661;42;6
testrun-8-0;146;401437;70;6
testrun-8-0;147;513857;77;6
testrun-8-0;148;301523;54;7
testrun-8-0;149;300689;51;7
testrun-8-0;150;309273;48;6
testrun-8-0;151;290955;39;3
testrun-8-0;152;583751;96;9
testrun-8-0;153;272887;42;4
testrun-8-0;154;289265;49;5
testrun-8-0;155;493726;80;7
testrun-8-0;156;632859;96;9
testrun-8-0;157;354357;51;5
testrun-8-0;158;271538;47;7
testrun-8-0;159;376941;53;6
testrun-8-0;160;534100;82;9
testrun-8-0;161;648745;93;9
testrun-8-0;162;547357;77;4
testrun-8-0;163;806216;111;9
testrun-8-0;164;513356;75;7
testrun-8-0;165;718129;123;10
testrun-8-0;166;706711;111;9
testrun-8-0;167;490748;80;7
testrun-8-0;168;285012;45;6
testrun-8-0;169;472503;85;10
testrun-8-0;170;335775;53;7
testrun-8-0;171;246749;35;3
testrun-8-0;172;795462;114;6
testrun-8-0;173;249898;43;4
testrun-8-0;174;555971;75;6
testrun-8-0;175;7757;75;6
testrun-8-0;176;597579;80;8
testrun-8-0;177;565639;108;7
testrun-8-0;178;277065;46;6
testrun-8-0;179;790820;105;8
testrun-8-0;180;424814;53;6
testrun-8-0;181;297549;41;5
testrun-8-0;182;254167;43;5
testrun-8-0;183;546055;83;8
testrun-8-0;184;402912;54;6
testrun-8-0;185;257617;41;5
testrun-8-0;186;323071;52;7
testrun-8-0;187;224101;40;5
testrun-8-0;188;268651;42;5
testrun-8-0;189;286000;39;5
testrun-8-0;190;248884;42;5
testrun-8-0;191;305842;48;5
testrun-8-0;192;215302;32;4
testrun-8-0;193;357431;51;6
testrun-8-0;194;7757;51;6
testrun-8-0;195;562233;81;9
testrun-8-0;196;409755;65;7
testrun-8-0;197;407878;71;7
testrun-8-0;198;281965;42;5
testrun-8-0;199;560414;82;7
testrun-8-1;0;477727;76;7
testrun-8-1;1;408378;47;6
testrun-8-1;2;451779;72;6
testrun-8-1;3;486681;80;7
testrun-8-1;4;250541;45;5
testrun-8-1;5;500160;81;8
testrun-8-1;6;166014;35;4
testrun-8-1;7;254340;39;3
testrun-8-1;8;370134;45;4
testrun-8-1;9;350687;70;8
testrun-8-1;10;340225;39;3
testrun-8-1;11;577814;81;7
testrun-8-1;12;440287;71;8
testrun-8-1;13;624449;100;8
testrun-8-1;14;158048;28;3
testrun-8-1;15;254204;47;6
testrun-8-1;16;511375;82;7
testrun-8-1;17;448083;82;5
testrun-8-1;18;7757;82;5
testrun-8-1;19;179710;35;3
testrun-8-1;20;7767;35;3
testrun-8-1;21;229908;40;5
testrun-8-1;22;334978;55;7
testrun-8-1;23;339822;52;6
testrun-8-1;24;481160;75;6
testrun-8-1;25;423335;71;6
testrun-8-1;26;769919;123;12
testrun-8-1;27;7757;123;12
testrun-8-1;28;270266;47;5
testrun-8-1;29;392892;73;7
testrun-8-1;30;241958;45;5
testrun-8-1;31;276191;50;7
testrun-8-1;32;221910;43;5
testrun-8-1;33;340566;45;5
testrun-8-1;34;328273;36;2
testrun-8-1;35;222253;36;5
testrun-8-1;36;252066;42;4
testrun-8-1;37;314090;43;6
testrun-8-1;38;593380;83;8
testrun-8-1;39;327222;53;5
testrun-8-1;40;355547;48;5
testrun-8-1;41;439800;72;7
testrun-8-1;42;330820;41;3
testrun-8-1;43;210229;37;5
testrun-8-1;44;788884;97;6
testrun-8-1;45;294118;46;5
testrun-8-1;46;222312;39;3
testrun-8-1;47;580627;82;9
testrun-8-1;48;330445;46;4
testrun-8-1;49;678132;75;3
testrun-8-1;50;284807;45;4
testrun-8-1;51;435417;78;8
testrun-8-1;52;318204;51;6
testrun-8-1;53;241197;35;5
testrun-8-1;54;281862;43;4
testrun-8-1;55;348892;50;5
testrun-8-1;56;562985;88;8
testrun-8-1;57;275256;40;4
testrun-8-1;58;295426;49;5
testrun-8-1;59;438028;70;7
testrun-8-1;60;7754;70;7
testrun-8-1;61;204719;35;4
testrun-8-1;62;285108;42;5
testrun-8-1;63;600381;88;8
testrun-8-1;64;371085;46;5
testrun-8-1;65;442164;60;7
testrun-8-1;66;356201;60;8
testrun-8-1;67;379720;42;4
testrun-8-1;68;416716;62;6
testrun-8-1;69;340486;60;6
testrun-8-1;70;437267;67;6
testrun-8-1;71;312789;46;5
testrun-8-1;72;9095;46;5
testrun-8-1;73;287188;42;5
testrun-8-1;74;437502;78;8
testrun-8-1;75;182517;40;6
testrun-8-1;76;571668;91;7
testrun-8-1;77;510410;75;7
testrun-8-1;78;273243;49;6
testrun-8-1;79;482889;75;7
testrun-8-1;80;228547;39;5
testrun-8-1;81;457711;68;5
testrun-8-1;82;248067;35;3
testrun-8-1;83;468684;86;7
testrun-8-1;84;558738;90;7
testrun-8-1;85;437979;68;6
testrun-8-1;86;247547;44;4
testrun-8-1;87;392949;63;6
testrun-8-1;88;360140;54;6
testrun-8-1;89;525870;85;7
testrun-8-1;90;573222;99;8
testrun-8-1;91;588108;112;8
testrun-8-1;92;713519;129;9
testrun-8-1;93;448809;77;5
testrun-8-1;94;320855;46;5
testrun-8-1;95;309371;41;3
testrun-8-1;96;430256;61;3
testrun-8-1;97;680126;97;8
testrun-8-1;98;276811;49;5
testrun-8-1;99;334178;54;6
testrun-8-1;100;346216;52;7
testrun-8-1;101;257544;51;6
testrun-8-1;102;405774;66;5
testrun-8-1;103;209216;43;6
testrun-8-1;104;293865;53;6
testrun-8-1;105;494074;71;6
testrun-8-1;106;646085;116;8
testrun-8-1;107;286008;45;3
testrun-8-1;108;229117;36;2
testrun-8-1;109;273947;39;2
testrun-8-1;110;963540;157;11
testrun-8-1;111;774743;96;9
testrun-8-1;112;342187;48;5
testrun-8-1;113;615465;104;9
testrun-8-1;114;354567;60;7
testrun-8-1;115;374701;53;5
testrun-8-1;116;311058;55;7
testrun-8-1;117;383173;65;6
testrun-8-1;118;427341;74;2
testrun-8-1;119;976067;145;6
testrun-8-1;120;351182;53;7
testrun-8-1;121;284951;43;5
testrun-8-1;122;406679;55;5
testrun-8-1;123;355612;48;5
testrun-8-1;124;345175;59;5
testrun-8-1;125;597656;88;6
testrun-8-1;126;254464;43;4
testrun-8-1;127;433107;72;6
testrun-8-1;128;948324;153;11
testrun-8-1;129;291335;51;6
testrun-8-1;130;884143;133;10
testrun-8-1;131;309473;47;7
testrun-8-1;132;924890;130;10
testrun-8-1;133;324946;51;4
testrun-8-1;134;9095;51;4
testrun-8-1;135;257641;47;5
testrun-8-1;136;332142;56;6
testrun-8-1;137;498511;92;8
testrun-8-1;138;231190;41;5
testrun-8-1;139;352111;50;4
testrun-8-1;140;200957;44;5
testrun-8-1;141;280540;50;6
testrun-8-1;142;306726;48;5
testrun-8-1;143;331314;48;5
testrun-8-1;144;213791;40;5
testrun-8-1;145;324381;51;5
testrun-8-1;146;9092;51;5
testrun-8-1;147;215607;41;4
testrun-8-1;148;243304;50;7
testrun-8-1;149;269360;48;7
testrun-8-1;150;353108;52;5
testrun-8-1;151;7757;52;5
testrun-8-1;152;318137;48;5
testrun-8-1;153;601819;91;7
testrun-8-1;154;7757;91;7
testrun-8-1;155;773573;114;8
testrun-8-1;156;617087;111;7
testrun-8-1;157;303861;47;5
testrun-8-1;158;228202;44;5
testrun-8-1;159;260939;46;5
testrun-8-1;160;266353;45;4
testrun-8-1;161;679012;92;8
testrun-8-1;162;360818;47;5
testrun-8-1;163;9091;47;5
testrun-8-1;164;285601;44;4
testrun-8-1;165;528708;81;9
testrun-8-1;166;548415;78;8
testrun-8-1;167;342811;49;5
testrun-8-1;168;234529;42;3
testrun-8-1;169;585101;103;9
testrun-8-1;170;630475;86;5
testrun-8-1;171;389515;67;7
testrun-8-1;172;338643;50;6
testrun-8-1;173;1180587;148;10
testrun-8-1;174;570346;88;8
testrun-8-1;175;529233;81;8
testrun-8-1;176;726029;101;5
testrun-8-1;177;231739;46;5
testrun-8-1;178;352230;49;4
testrun-8-1;179;218740;41;5
testrun-8-1;180;282986;45;5
testrun-8-1;181;292263;45;5
testrun-8-1;182;452253;77;6
testrun-8-1;183;453225;91;9
testrun-8-1;184;232937;36;3
testrun-8-1;185;258319;50;6
testrun-8-1;186;504737;84;7
testrun-8-1;187;290760;51;7
testrun-8-1;188;319848;51;6
testrun-8-1;189;300216;52;6
testrun-8-1;190;389594;70;9
testrun-8-1;191;480721;66;6
testrun-8-1;192;617693;98;7
testrun-8-1;193;953821;139;11
testrun-8-1;194;275926;50;7
testrun-8-1;195;394604;55;7
testrun-8-1;196;613415;96;8
testrun-8-1;197;199709;39;5
testrun-8-1;198;579134;102;9
testrun-8-1;199;264341;43;5
testrun-8-2;0;385876;52;6
testrun-8-2;1;367633;53;5
testrun-8-2;2;288896;55;8
testrun-8-2;3;301718;52;7
testrun-8-2;4;283057;46;6
testrun-8-2;5;536207;100;10
testrun-8-2;6;843823;146;10
testrun-8-2;7;1046093;154;9
testrun-8-2;8;237667;43;5
testrun-8-2;9;679997;104;7
testrun-8-2;10;972877;133;11
testrun-8-2;11;673707;80;7
testrun-8-2;12;455898;83;8
testrun-8-2;13;735911;96;8
testrun-8-2;14;536020;94;12
testrun-8-2;15;643664;96;9
testrun-8-2;16;511069;88;7
testrun-8-2;17;261689;47;5
testrun-8-2;18;348723;45;4
testrun-8-2;19;391986;48;4
testrun-8-2;20;529657;94;10
testrun-8-2;21;249486;38;4
testrun-8-2;22;358853;46;4
testrun-8-2;23;464259;85;6
testrun-8-2;24;315759;45;4
testrun-8-2;25;605248;97;9
testrun-8-2;26;779277;117;7
testrun-8-2;27;445531;59;6
testrun-8-2;28;325193;53;5
testrun-8-2;29;374243;51;4
testrun-8-2;30;345013;51;5
testrun-8-2;31;318630;49;5
testrun-8-2;32;219136;39;4
testrun-8-2;33;214165;30;3
testrun-8-2;34;178830;35;5
testrun-8-2;35;1309007;152;10
testrun-8-2;36;353746;51;6
testrun-8-2;37;316086;53;5
testrun-8-2;38;778591;134;9
testrun-8-2;39;332458;50;6
testrun-8-2;40;389840;56;7
testrun-8-2;41;363410;63;8
testrun-8-2;42;400197;58;7
testrun-8-2;43;355838;70;8
testrun-8-2;44;772719;134;10
testrun-8-2;45;267507;47;5
testrun-8-2;46;386703;57;6
testrun-8-2;47;287433;45;5
testrun-8-2;48;444752;59;6
testrun-8-2;49;615884;83;7
testrun-8-2;50;529166;74;6
testrun-8-2;51;292922;50;6
testrun-8-2;52;292948;43;4
testrun-8-2;53;323397;54;6
testrun-8-2;54;334232;49;6
testrun-8-2;55;7757;49;6
testrun-8-2;56;624845;116;6
testrun-8-2;57;7757;116;6
testrun-8-2;58;557244;82;8
testrun-8-2;59;289773;42;5
testrun-8-2;60;250460;46;6
testrun-8-2;61;414396;74;8
testrun-8-2;62;298996;42;5
testrun-8-2;63;513581;82;5
testrun-8-2;64;524333;88;7
testrun-8-2;65;359620;63;7
testrun-8-2;66;101401;17;2
testrun-8-2;67;10125;17;2
testrun-8-2;68;837660;137;12
testrun-8-2;69;485827;90;10
testrun-8-2;70;682037;118;10
testrun-8-2;71;568077;87;8
testrun-8-2;72;256137;41;5
testrun-8-2;73;300745;48;5
testrun-8-2;74;338704;50;5
testrun-8-2;75;7757;50;5
testrun-8-2;76;263890;44;5
testrun-8-2;77;606664;88;8
testrun-8-2;78;244436;39;4
testrun-8-2;79;709607;131;11
testrun-8-2;80;564847;95;9
testrun-8-2;81;332546;52;6
testrun-8-2;82;337819;57;6
testrun-8-2;83;706055;124;12
testrun-8-2;84;404523;68;8
testrun-8-2;85;321463;49;6
testrun-8-2;86;966879;125;9
testrun-8-2;87;559524;80;7
testrun-8-2;88;295870;50;6
testrun-8-2;89;384418;51;5
testrun-8-2;90;235945;47;6
testrun-8-2;91;26995;3;6
testrun-8-2;92;1133883;151;15
testrun-8-2;93;717368;92;8
testrun-8-2;94;625350;105;12
testrun-8-2;95;487615;92;8
testrun-8-2;96;523710;92;9
testrun-8-2;97;230617;44;6
testrun-8-2;98;307960;49;5
testrun-8-2;99;294576;46;5
testrun-8-2;100;325801;47;5
testrun-8-2;101;537842;94;9
testrun-8-2;102;459354;74;7
testrun-8-2;103;304024;49;6
testrun-8-2;104;1008323;124;5
testrun-8-2;105;604421;96;8
testrun-8-2;106;703262;83;7
testrun-8-2;107;690617;94;9
testrun-8-2;108;425860;54;6
testrun-8-2;109;777585;114;7
testrun-8-2;110;369567;72;7
testrun-8-2;111;294452;44;5
testrun-8-2;112;936589;143;11
testrun-8-2;113;655102;95;9
testrun-8-2;114;739882;94;9
testrun-8-2;115;253277;50;6
testrun-8-2;116;293623;42;5
testrun-8-2;117;325527;51;6
testrun-8-2;118;555657;99;9
testrun-8-2;119;786769;118;10
testrun-8-2;120;210042;40;5
testrun-8-2;121;591966;83;9
testrun-8-2;122;987957;147;10
testrun-8-2;123;609397;78;6
testrun-8-2;124;26890;3;6
testrun-8-2;125;285262;49;6
testrun-8-2;126;360773;53;6
testrun-8-2;127;379671;57;7
testrun-8-2;128;331537;51;7
testrun-8-2;129;869309;111;11
testrun-8-2;130;374784;50;5
testrun-8-2;131;502309;79;8
testrun-8-2;132;706888;127;10
testrun-8-2;133;501075;84;8
testrun-8-2;134;316481;53;7
testrun-8-2;135;694286;105;9
testrun-8-2;136;306318;49;6
testrun-8-2;137;341347;58;8
testrun-8-2;138;529801;89;6
testrun-8-2;139;593590;99;8
testrun-8-2;140;426425;71;7
testrun-8-2;141;878330;157;12
testrun-8-2;142;528879;85;9
testrun-8-2;143;370796;49;6
testrun-8-2;144;413582;80;7
testrun-8-2;145;445756;90;8
testrun-8-2;146;510673;91;8
testrun-8-2;147;807123;139;11
testrun-8-2;148;273894;36;4
testrun-8-2;149;430228;74;9
testrun-8-2;150;575480;95;6
testrun-8-2;151;262971;50;6
testrun-8-2;152;554774;77;8
testrun-8-2;153;279428;50;6
testrun-8-2;154;272283;56;7
testrun-8-2;155;498130;92;6
testrun-8-2;156;9091;92;6
testrun-8-2;157;147928;33;4
testrun-8-2;158;265458;48;5
testrun-8-2;159;991272;157;11
testrun-8-2;160;793689;98;7
testrun-8-2;161;376527;53;5
testrun-8-2;162;512493;93;9
testrun-8-2;163;464905;84;8
testrun-8-2;164;414114;68;8
testrun-8-2;165;622980;98;7
testrun-8-2;166;270239;49;6
testrun-8-2;167;585009;81;7
testrun-8-2;168;498094;78;8
testrun-8-2;169;636988;103;8
testrun-8-2;170;231860;43;5
testrun-8-2;171;9092;43;5
testrun-8-2;172;420584;57;4
testrun-8-2;173;639070;86;8
testrun-8-2;174;938989;141;12
testrun-8-2;175;457903;57;4
testrun-8-2;176;374129;55;5
testrun-8-2;177;395943;61;7
testrun-8-2;178;292631;56;7
testrun-8-2;179;384101;55;5
testrun-8-2;180;266115;49;6
testrun-8-2;181;358273;56;7
testrun-8-2;182;697455;124;9
testrun-8-2;183;275582;46;5
testrun-8-2;184;261313;44;6
testrun-8-2;185;527080;93;9
testrun-8-2;186;277068;51;6
testrun-8-2;187;529847;98;10
testrun-8-2;188;290224;49;5
testrun-8-2;189;514537;91;9
testrun-8-2;190;441590;82;8
testrun-8-2;191;299429;42;4
testrun-8-2;192;840450;141;9
testrun-8-2;193;707817;118;8
testrun-8-2;194;436747;55;5
testrun-8-2;195;263955;39;3
testrun-8-2;196;10125;39;3
testrun-8-2;197;358851;67;9
testrun-8-2;198;611861;108;11
testrun-8-2;199;874539;135;11
testrun-8-3;0;305490;52;7
testrun-8-3;1;334297;57;4
testrun-8-3;2;118548;18;1
testrun-8-3;3;243348;39;5
testrun-8-3;4;274440;56;8
testrun-8-3;5;453024;70;6
testrun-8-3;6;259150;46;6
testrun-8-3;7;300479;50;6
testrun-8-3;8;264613;34;4
testrun-8-3;9;615863;95;8
testrun-8-3;10;355482;57;3
testrun-8-3;11;110302;21;2
testrun-8-3;12;359448;51;4
testrun-8-3;13;347357;57;5
testrun-8-3;14;348570;51;7
testrun-8-3;15;7757;51;7
testrun-8-3;16;322117;51;7
testrun-8-3;17;539350;92;7
testrun-8-3;18;286828;54;7
testrun-8-3;19;524022;91;4
testrun-8-3;20;232282;48;7
testrun-8-3;21;7754;48;7
testrun-8-3;22;288597;44;5
testrun-8-3;23;282061;54;7
testrun-8-3;24;581127;109;8
testrun-8-3;25;692946;108;9
testrun-8-3;26;7767;108;9
testrun-8-3;27;1036207;146;8
testrun-8-3;28;246969;42;6
testrun-8-3;29;186316;39;5
testrun-8-3;30;390490;53;6
testrun-8-3;31;258199;53;7
testrun-8-3;32;10125;53;7
testrun-8-3;33;868470;130;8
testrun-8-3;34;255468;46;5
testrun-8-3;35;253815;52;7
testrun-8-3;36;427898;54;5
testrun-8-3;37;443235;78;9
testrun-8-3;38;395617;58;6
testrun-8-3;39;215319;44;5
testrun-8-3;40;249116;41;4
testrun-8-3;41;943693;138;16
testrun-8-3;42;326746;51;5
testrun-8-3;43;917389;133;9
testrun-8-3;44;348656;51;5
testrun-8-3;45;646631;100;10
testrun-8-3;46;312079;53;6
testrun-8-3;47;358745;49;4
testrun-8-3;48;518064;89;7
testrun-8-3;49;530642;98;10
testrun-8-3;50;231478;40;4
testrun-8-3;51;373269;54;5
testrun-8-3;52;404608;55;6
testrun-8-3;53;309107;53;6
testrun-8-3;54;554906;95;7
testrun-8-3;55;764850;116;6
testrun-8-3;56;315178;48;6
testrun-8-3;57;595689;92;8
testrun-8-3;58;1059836;149;12
testrun-8-3;59;318204;54;6
testrun-8-3;60;646823;108;8
testrun-8-3;61;335446;49;5
testrun-8-3;62;278642;51;5
testrun-8-3;63;224506;42;5
testrun-8-3;64;508194;89;5
testrun-8-3;65;282521;44;3
testrun-8-3;66;10125;44;3
testrun-8-3;67;254140;49;7
testrun-8-3;68;368139;49;5
testrun-8-3;69;524174;93;8
testrun-8-3;70;322496;51;5
testrun-8-3;71;546308;67;4
testrun-8-3;72;363955;48;5
testrun-8-3;73;10128;48;5
testrun-8-3;74;191570;39;5
testrun-8-3;75;336565;58;8
testrun-8-3;76;235611;45;5
testrun-8-3;77;343642;54;6
testrun-8-3;78;813496;126;10
testrun-8-3;79;231063;49;6
testrun-8-3;80;497994;86;6
testrun-8-3;81;242679;44;5
testrun-8-3;82;641398;86;8
testrun-8-3;83;688449;124;5
testrun-8-3;84;293450;54;5
testrun-8-3;85;315529;48;5
testrun-8-3;86;453234;87;10
testrun-8-3;87;238299;43;4
testrun-8-3;88;835565;129;10
testrun-8-3;89;249224;48;6
testrun-8-3;90;342995;55;6
testrun-8-3;91;809444;125;11
testrun-8-3;92;486423;92;9
testrun-8-3;93;347452;48;6
testrun-8-3;94;250066;51;5
testrun-8-3;95;924446;128;8
testrun-8-3;96;303683;49;6
testrun-8-3;97;307072;48;5
testrun-8-3;98;9095;48;5
testrun-8-3;99;287625;50;5
testrun-8-3;100;353749;49;6
testrun-8-3;101;331667;48;5
testrun-8-3;102;467389;74;8
testrun-8-3;103;516311;81;9
testrun-8-3;104;530354;98;10
testrun-8-3;105;361925;49;5
testrun-8-3;106;10125;49;5
testrun-8-3;107;653947;103;10
testrun-8-3;108;252329;48;6
testrun-8-3;109;864551;146;12
testrun-8-3;110;761383;95;7
testrun-8-3;111;844606;114;9
testrun-8-3;112;319510;47;5
testrun-8-3;113;557386;82;8
testrun-8-3;114;317814;46;5
testrun-8-3;115;546886;97;11
testrun-8-3;116;718395;116;9
testrun-8-3;117;526637;102;11
testrun-8-3;118;1170730;158;7
testrun-8-3;119;926601;132;9
testrun-8-3;120;840946;158;10
testrun-8-3;121;990698;148;8
testrun-8-3;122;762460;129;8
testrun-8-3;123;242921;42;5
testrun-8-3;124;282783;43;4
testrun-8-3;125;550845;74;7
testrun-8-3;126;699054;99;6
testrun-8-3;127;695662;100;9
testrun-8-3;128;491607;96;7
testrun-8-3;129;240764;41;4
testrun-8-3;130;301314;49;6
testrun-8-3;131;592785;105;7
testrun-8-3;132;287778;51;6
testrun-8-3;133;231962;37;3
testrun-8-3;134;212468;47;5
testrun-8-3;135;204530;40;5
testrun-8-3;136;224043;44;5
testrun-8-3;137;261112;49;6
testrun-8-3;138;219978;46;6
testrun-8-3;139;225280;46;5
testrun-8-3;140;344243;50;5
testrun-8-3;141;239841;46;6
testrun-8-3;142;570329;103;6
testrun-8-3;143;204017;42;5
testrun-8-3;144;331270;51;5
testrun-8-3;145;294096;45;5
testrun-8-3;146;604999;112;7
testrun-8-3;147;499136;75;7
testrun-8-3;148;7757;75;7
testrun-8-3;149;484799;90;7
testrun-8-3;150;485178;82;8
testrun-8-3;151;213261;42;5
testrun-8-3;152;877472;150;9
testrun-8-3;153;932100;162;11
testrun-8-3;154;299080;50;5
testrun-8-3;155;408404;74;6
testrun-8-3;156;442530;87;8
testrun-8-3;157;236276;44;4
testrun-8-3;158;520375;93;9
testrun-8-3;159;496241;74;6
testrun-8-3;160;864368;148;11
testrun-8-3;161;331874;48;5
testrun-8-3;162;524165;78;7
testrun-8-3;163;860977;119;8
testrun-8-3;164;719628;97;9
testrun-8-3;165;333985;54;6
testrun-8-3;166;634269;85;7
testrun-8-3;167;316857;52;6
testrun-8-3;168;991319;153;10
testrun-8-3;169;545124;78;7
testrun-8-3;170;300801;49;6
testrun-8-3;171;236240;37;3
testrun-8-3;172;843008;120;4
testrun-8-3;173;365912;52;5
testrun-8-3;174;523309;87;8
testrun-8-3;175;10128;87;8
testrun-8-3;176;511938;95;9
testrun-8-3;177;399976;85;9
testrun-8-3;178;396507;50;5
testrun-8-3;179;298918;52;7
testrun-8-3;180;230460;39;4
testrun-8-3;181;253697;41;4
testrun-8-3;182;591711;99;10
testrun-8-3;183;265751;41;5
testrun-8-3;184;529162;88;6
testrun-8-3;185;247128;52;7
testrun-8-3;186;365751;48;5
testrun-8-3;187;632302;128;7
testrun-8-3;188;641245;93;7
testrun-8-3;189;569388;77;7
testrun-8-3;190;9091;77;7
testrun-8-3;191;308674;49;4
testrun-8-3;192;7757;49;4
testrun-8-3;193;1047881;143;10
testrun-8-3;194;267467;42;5
testrun-8-3;195;196467;37;4
testrun-8-3;196;515654;96;7
testrun-8-3;197;293738;51;6
testrun-8-3;198;278257;49;6
testrun-8-3;199;304020;56;6
testrun-8-4;0;742908;136;6
testrun-8-4;1;257885;52;7
testrun-8-4;2;319062;49;6
testrun-8-4;3;303835;50;6
testrun-8-4;4;258446;46;6
testrun-8-4;5;780808;112;8
testrun-8-4;6;528465;70;6
testrun-8-4;7;670498;99;7
testrun-8-4;8;578683;95;9
testrun-8-4;9;399638;59;7
testrun-8-4;10;553260;89;7
testrun-8-4;11;308352;54;7
testrun-8-4;12;650197;95;8
testrun-8-4;13;520958;90;9
testrun-8-4;14;275964;51;6
testrun-8-4;15;761933;125;7
testrun-8-4;16;906227;128;6
testrun-8-4;17;380275;48;3
testrun-8-4;18;337113;54;6
testrun-8-4;19;778944;125;11
testrun-8-4;20;292576;42;4
testrun-8-4;21;454100;59;6
testrun-8-4;22;592037;91;9
testrun-8-4;23;288383;55;7
testrun-8-4;24;319784;55;7
testrun-8-4;25;1048583;164;12
testrun-8-4;26;817497;136;9
testrun-8-4;27;912022;144;14
testrun-8-4;28;996963;144;11
testrun-8-4;29;232019;39;4
testrun-8-4;30;241393;44;6
testrun-8-4;31;1076852;151;9
testrun-8-4;32;1145651;158;8
testrun-8-4;33;738171;126;11
testrun-8-4;34;946366;162;10
testrun-8-4;35;330734;57;6
testrun-8-4;36;609204;89;9
testrun-8-4;37;378799;74;7
testrun-8-4;38;420652;48;4
testrun-8-4;39;327687;60;8
testrun-8-4;40;305519;46;4
testrun-8-4;41;357885;51;4
testrun-8-4;42;481868;93;9
testrun-8-4;43;1105656;144;8
testrun-8-4;44;405202;65;6
testrun-8-4;45;7757;65;6
testrun-8-4;46;284325;47;5
testrun-8-4;47;7757;47;5
testrun-8-4;48;7754;47;5
testrun-8-4;49;443011;59;7
testrun-8-4;50;618439;83;8
testrun-8-4;51;343318;50;7
testrun-8-4;52;366799;60;7
testrun-8-4;53;251521;36;5
testrun-8-4;54;322234;53;7
testrun-8-4;55;850140;135;7
testrun-8-4;56;245693;46;5
testrun-8-4;57;235457;40;4
testrun-8-4;58;264133;46;4
testrun-8-4;59;246482;43;4
testrun-8-4;60;490412;93;6
testrun-8-4;61;253099;55;8
testrun-8-4;62;710038;91;7
testrun-8-4;63;596651;91;7
testrun-8-4;64;275083;46;5
testrun-8-4;65;419292;71;6
testrun-8-4;66;263777;48;6
testrun-8-4;67;261245;47;6
testrun-8-4;68;7757;47;6
testrun-8-4;69;563381;78;7
testrun-8-4;70;211296;33;3
testrun-8-4;71;335514;44;4
testrun-8-4;72;328387;43;3
testrun-8-4;73;242103;40;4
testrun-8-4;74;745356;106;8
testrun-8-4;75;453855;87;8
testrun-8-4;76;501072;90;8
testrun-8-4;77;998849;173;9
testrun-8-4;78;932710;152;10
testrun-8-4;79;863348;153;9
testrun-8-4;80;863269;142;11
testrun-8-4;81;698630;127;9
testrun-8-4;82;586585;120;9
testrun-8-4;83;327986;51;6
testrun-8-4;84;261352;45;5
testrun-8-4;85;464176;83;7
testrun-8-4;86;313257;48;6
testrun-8-4;87;10121;48;6
testrun-8-4;88;718702;128;7
testrun-8-4;89;9095;128;7
testrun-8-4;90;210448;39;5
testrun-8-4;91;270794;42;4
testrun-8-4;92;277631;42;4
testrun-8-4;93;309712;52;6
testrun-8-4;94;238864;48;5
testrun-8-4;95;318402;50;6
testrun-8-4;96;351719;58;7
testrun-8-4;97;7757;58;7
testrun-8-4;98;368238;54;7
testrun-8-4;99;963319;151;11
testrun-8-4;100;397379;52;6
testrun-8-4;101;331633;55;5
testrun-8-4;102;274151;44;6
testrun-8-4;103;660964;105;9
testrun-8-4;104;354387;48;5
testrun-8-4;105;625622;94;8
testrun-8-4;106;1076659;146;11
testrun-8-4;107;329775;55;7
testrun-8-4;108;858881;126;8
testrun-8-4;109;238682;44;6
testrun-8-4;110;508546;89;9
testrun-8-4;111;590272;99;11
testrun-8-4;112;366801;80;8
testrun-8-4;113;607719;76;6
testrun-8-4;114;7757;76;6
testrun-8-4;115;278422;48;5
testrun-8-4;116;296224;45;4
testrun-8-4;117;248786;53;7
testrun-8-4;118;258963;56;8
testrun-8-4;119;455931;54;5
testrun-8-4;120;264926;46;6
testrun-8-4;121;724712;99;7
testrun-8-4;122;717089;130;8
testrun-8-4;123;299335;44;5
testrun-8-4;124;405981;64;5
testrun-8-4;125;259693;55;8
testrun-8-4;126;743706;139;8
testrun-8-4;127;444060;80;7
testrun-8-4;128;317452;54;6
testrun-8-4;129;420266;65;6
testrun-8-4;130;238474;46;6
testrun-8-4;131;9088;46;6
testrun-8-4;132;257740;47;5
testrun-8-4;133;284978;45;4
testrun-8-4;134;528701;77;8
testrun-8-4;135;361257;60;7
testrun-8-4;136;314230;48;5
testrun-8-4;137;492244;95;6
testrun-8-4;138;235366;49;6
testrun-8-4;139;714131;123;7
testrun-8-4;140;784219;136;9
testrun-8-4;141;974335;154;8
testrun-8-4;142;730924;124;12
testrun-8-4;143;769445;123;6
testrun-8-4;144;349247;44;4
testrun-8-4;145;668878;86;8
testrun-8-4;146;717056;110;10
testrun-8-4;147;528704;97;11
testrun-8-4;148;618788;91;9
testrun-8-4;149;333313;53;6
testrun-8-4;150;666738;103;9
testrun-8-4;151;415463;55;6
testrun-8-4;152;356478;55;6
testrun-8-4;153;249870;48;6
testrun-8-4;154;284760;52;6
testrun-8-4;155;327789;50;5
testrun-8-4;156;189139;39;4
testrun-8-4;157;414881;77;8
testrun-8-4;158;455111;74;7
testrun-8-4;159;283191;44;4
testrun-8-4;160;282847;49;5
testrun-8-4;161;306502;53;6
testrun-8-4;162;222852;42;4
testrun-8-4;163;271960;51;7
testrun-8-4;164;328143;52;6
testrun-8-4;165;296526;50;6
testrun-8-4;166;403267;79;8
testrun-8-4;167;320170;56;7
testrun-8-4;168;524919;88;8
testrun-8-4;169;484423;89;9
testrun-8-4;170;235292;40;4
testrun-8-4;171;477647;89;8
testrun-8-4;172;693975;104;7
testrun-8-4;173;260146;45;6
testrun-8-4;174;624443;99;8
testrun-8-4;175;323525;43;4
testrun-8-4;176;271863;49;6
testrun-8-4;177;388022;77;8
testrun-8-4;178;424163;63;7
testrun-8-4;179;240308;55;8
testrun-8-4;180;311197;48;5
testrun-8-4;181;689420;115;10
testrun-8-4;182;671102;77;6
testrun-8-4;183;742108;123;8
testrun-8-4;184;780039;123;11
testrun-8-4;185;549811;84;8
testrun-8-4;186;413861;87;6
testrun-8-4;187;383545;66;5
testrun-8-4;188;393480;53;7
testrun-8-4;189;576842;122;8
testrun-8-4;190;477474;71;7
testrun-8-4;191;507555;81;8
testrun-8-4;192;193368;39;5
testrun-8-4;193;400601;73;7
testrun-8-4;194;327821;51;6
testrun-8-4;195;529419;69;7
testrun-8-4;196;508138;70;6
testrun-8-4;197;258483;43;4
testrun-8-4;198;281140;45;4
testrun-8-4;199;294866;51;5
testrun-8-5;0;867736;116;9
testrun-8-5;1;544644;96;9
testrun-8-5;2;478436;81;6
testrun-8-5;3;656456;91;9
testrun-8-5;4;722277;103;7
testrun-8-5;5;1001457;129;9
testrun-8-5;6;546143;80;5
testrun-8-5;7;473541;87;8
testrun-8-5;8;274387;52;6
testrun-8-5;9;517089;92;8
testrun-8-5;10;368001;47;4
testrun-8-5;11;284070;52;6
testrun-8-5;12;321196;56;6
testrun-8-5;13;331227;55;7
testrun-8-5;14;736297;115;11
testrun-8-5;15;570581;84;9
testrun-8-5;16;879190;135;10
testrun-8-5;17;423619;74;8
testrun-8-5;18;575303;98;10
testrun-8-5;19;321693;55;6
testrun-8-5;20;286170;47;6
testrun-8-5;21;841566;155;9
testrun-8-5;22;515394;96;9
testrun-8-5;23;321376;55;6
testrun-8-5;24;1286749;148;12
testrun-8-5;25;799133;105;8
testrun-8-5;26;265625;46;6
testrun-8-5;27;287763;46;4
testrun-8-5;28;347386;54;7
testrun-8-5;29;1003753;155;13
testrun-8-5;30;492652;83;9
testrun-8-5;31;340191;56;7
testrun-8-5;32;280958;56;7
testrun-8-5;33;361040;56;6
testrun-8-5;34;574642;90;9
testrun-8-5;35;7757;90;9
testrun-8-5;36;573086;83;6
testrun-8-5;37;277747;50;6
testrun-8-5;38;277744;53;6
testrun-8-5;39;247234;43;4
testrun-8-5;40;470257;76;7
testrun-8-5;41;325831;51;5
testrun-8-5;42;327012;52;6
testrun-8-5;43;292176;42;5
testrun-8-5;44;9091;42;5
testrun-8-5;45;825219;104;5
testrun-8-5;46;669270;86;7
testrun-8-5;47;708862;96;10
testrun-8-5;48;455214;76;6
testrun-8-5;49;246004;34;2
testrun-8-5;50;676952;98;7
testrun-8-5;51;577082;102;10
testrun-8-5;52;269194;51;7
testrun-8-5;53;555549;72;8
testrun-8-5;54;577860;102;8
testrun-8-5;55;225238;45;6
testrun-8-5;56;282173;47;6
testrun-8-5;57;353395;63;7
testrun-8-5;58;302260;45;5
testrun-8-5;59;600719;94;7
testrun-8-5;60;811910;98;5
testrun-8-5;61;215501;43;5
testrun-8-5;62;559000;83;6
testrun-8-5;63;7757;83;6
testrun-8-5;64;285947;46;5
testrun-8-5;65;406032;53;5
testrun-8-5;66;265929;41;4
testrun-8-5;67;585177;100;8
testrun-8-5;68;224017;44;6
testrun-8-5;69;536830;89;7
testrun-8-5;70;494887;87;6
testrun-8-5;71;226215;42;5
testrun-8-5;72;230127;46;4
testrun-8-5;73;272405;46;4
testrun-8-5;74;9095;46;4
testrun-8-5;75;265259;47;5
testrun-8-5;76;630392;89;8
testrun-8-5;77;873016;131;9
testrun-8-5;78;287114;48;6
testrun-8-5;79;303771;44;4
testrun-8-5;80;360899;47;5
testrun-8-5;81;253842;46;6
testrun-8-5;82;604504;88;7
testrun-8-5;83;309712;44;4
testrun-8-5;84;230211;41;3
testrun-8-5;85;906331;158;12
testrun-8-5;86;458340;72;8
testrun-8-5;87;1053972;129;12
testrun-8-5;88;850570;101;6
testrun-8-5;89;415183;71;7
testrun-8-5;90;262696;43;4
testrun-8-5;91;246992;41;3
testrun-8-5;92;526683;91;8
testrun-8-5;93;282412;42;4
testrun-8-5;94;355700;51;6
testrun-8-5;95;282458;48;5
testrun-8-5;96;286309;41;4
testrun-8-5;97;350018;50;6
testrun-8-5;98;317858;53;6
testrun-8-5;99;239019;44;5
testrun-8-5;100;271377;54;6
testrun-8-5;101;333846;54;6
testrun-8-5;102;517819;96;8
testrun-8-5;103;287729;54;6
testrun-8-5;104;263753;46;6
testrun-8-5;105;735067;138;8
testrun-8-5;106;379544;52;5
testrun-8-5;107;223981;46;6
testrun-8-5;108;701971;102;10
testrun-8-5;109;262305;48;6
testrun-8-5;110;354487;46;4
testrun-8-5;111;294161;44;4
testrun-8-5;112;474299;84;8
testrun-8-5;113;798461;125;10
testrun-8-5;114;684011;117;7
testrun-8-5;115;9095;117;7
testrun-8-5;116;908429;152;8
testrun-8-5;117;9097;152;8
testrun-8-5;118;796255;136;6
testrun-8-5;119;301754;43;6
testrun-8-5;120;595982;115;8
testrun-8-5;121;458804;81;6
testrun-8-5;122;794014;130;12
testrun-8-5;123;274984;41;4
testrun-8-5;124;210715;38;4
testrun-8-5;125;462021;76;6
testrun-8-5;126;160119;34;4
testrun-8-5;127;562830;88;9
testrun-8-5;128;9091;88;9
testrun-8-5;129;971524;147;9
testrun-8-5;130;642673;101;8
testrun-8-5;131;383776;64;8
testrun-8-5;132;552264;90;7
testrun-8-5;133;280191;47;4
testrun-8-5;134;264011;48;5
testrun-8-5;135;857379;142;12
testrun-8-5;136;241109;49;6
testrun-8-5;137;360694;52;6
testrun-8-5;138;7757;52;6
testrun-8-5;139;569251;95;7
testrun-8-5;140;771549;133;8
testrun-8-5;141;375756;53;5
testrun-8-5;142;892210;136;10
testrun-8-5;143;354930;48;5
testrun-8-5;144;1093701;153;9
testrun-8-5;145;835053;146;9
testrun-8-5;146;303782;42;5
testrun-8-5;147;322878;56;6
testrun-8-5;148;497824;73;7
testrun-8-5;149;967994;153;11
testrun-8-5;150;240762;48;6
testrun-8-5;151;326849;46;5
testrun-8-5;152;251836;42;4
testrun-8-5;153;269487;45;4
testrun-8-5;154;380356;51;5
testrun-8-5;155;854342;126;7
testrun-8-5;156;709674;128;9
testrun-8-5;157;883424;158;8
testrun-8-5;158;320556;58;8
testrun-8-5;159;545573;103;8
testrun-8-5;160;296685;49;5
testrun-8-5;161;288337;47;5
testrun-8-5;162;662133;94;7
testrun-8-5;163;269069;45;4
testrun-8-5;164;298548;52;6
testrun-8-5;165;9095;52;6
testrun-8-5;166;249923;41;4
testrun-8-5;167;1115092;142;9
testrun-8-5;168;866286;143;8
testrun-8-5;169;646152;130;9
testrun-8-5;170;290932;46;6
testrun-8-5;171;289257;51;5
testrun-8-5;172;305754;48;6
testrun-8-5;173;527296;89;9
testrun-8-5;174;303629;55;7
testrun-8-5;175;531140;108;7
testrun-8-5;176;306509;48;7
testrun-8-5;177;683740;122;9
testrun-8-5;178;412721;79;6
testrun-8-5;179;10124;79;6
testrun-8-5;180;683094;100;8
testrun-8-5;181;514819;94;11
testrun-8-5;182;757637;128;9
testrun-8-5;183;251141;44;5
testrun-8-5;184;643110;100;8
testrun-8-5;185;684085;94;7
testrun-8-5;186;233134;40;5
testrun-8-5;187;566809;92;9
testrun-8-5;188;745969;129;10
testrun-8-5;189;330035;49;5
testrun-8-5;190;458624;85;8
testrun-8-5;191;297698;49;6
testrun-8-5;192;333326;50;5
testrun-8-5;193;909849;137;9
testrun-8-5;194;567477;99;9
testrun-8-5;195;552439;85;7
testrun-8-5;196;772361;135;8
testrun-8-5;197;299305;50;5
testrun-8-5;198;757377;129;8
testrun-8-5;199;615104;107;10
testrun-8-6;0;368978;47;5
testrun-8-6;1;1096331;146;10
testrun-8-6;2;607632;95;9
testrun-8-6;3;238486;39;3
testrun-8-6;4;619218;107;8
testrun-8-6;5;506468;95;9
testrun-8-6;6;311945;47;5
testrun-8-6;7;328144;53;7
testrun-8-6;8;804252;131;10
testrun-8-6;9;810599;109;8
testrun-8-6;10;317549;41;5
testrun-8-6;11;348960;43;4
testrun-8-6;12;1035244;132;7
testrun-8-6;13;306792;44;5
testrun-8-6;14;228683;45;6
testrun-8-6;15;641328;135;9
testrun-8-6;16;760371;136;9
testrun-8-6;17;282870;47;7
testrun-8-6;18;509502;94;8
testrun-8-6;19;286656;45;6
testrun-8-6;20;622075;98;9
testrun-8-6;21;535493;97;11
testrun-8-6;22;359142;71;9
testrun-8-6;23;610645;96;9
testrun-8-6;24;273753;46;6
testrun-8-6;25;856610;123;9
testrun-8-6;26;173712;34;4
testrun-8-6;27;960395;141;10
testrun-8-6;28;754875;131;9
testrun-8-6;29;787592;127;9
testrun-8-6;30;304959;43;4
testrun-8-6;31;629590;101;8
testrun-8-6;32;246069;41;4
testrun-8-6;33;316485;53;6
testrun-8-6;34;623389;98;8
testrun-8-6;35;590960;93;7
testrun-8-6;36;850025;146;7
testrun-8-6;37;245137;36;4
testrun-8-6;38;536887;89;8
testrun-8-6;39;1097769;147;11
testrun-8-6;40;536270;94;8
testrun-8-6;41;309470;45;4
testrun-8-6;42;978657;127;9
testrun-8-6;43;407071;57;5
testrun-8-6;44;593049;99;10
testrun-8-6;45;397822;57;6
testrun-8-6;46;338192;55;7
testrun-8-6;47;631668;102;10
testrun-8-6;48;408745;61;6
testrun-8-6;49;564843;99;11
testrun-8-6;50;357172;51;5
testrun-8-6;51;263920;50;6
testrun-8-6;52;1154802;134;10
testrun-8-6;53;7757;134;10
testrun-8-6;54;953480;158;14
testrun-8-6;55;323174;50;5
testrun-8-6;56;769535;113;9
testrun-8-6;57;303490;47;6
testrun-8-6;58;382054;58;7
testrun-8-6;59;357883;52;6
testrun-8-6;60;487444;94;9
testrun-8-6;61;626731;96;7
testrun-8-6;62;237475;44;5
testrun-8-6;63;212591;40;4
testrun-8-6;64;440317;87;9
testrun-8-6;65;286923;47;5
testrun-8-6;66;27235;3;5
testrun-8-6;67;284249;55;7
testrun-8-6;68;353645;47;5
testrun-8-6;69;605706;108;6
testrun-8-6;70;511496;92;9
testrun-8-6;71;519102;90;6
testrun-8-6;72;339969;52;7
testrun-8-6;73;296508;46;5
testrun-8-6;74;303756;52;5
testrun-8-6;75;295607;42;4
testrun-8-6;76;509648;94;7
testrun-8-6;77;827380;140;10
testrun-8-6;78;277611;49;6
testrun-8-6;79;670232;105;7
testrun-8-6;80;9091;105;7
testrun-8-6;81;550358;88;7
testrun-8-6;82;656529;115;8
testrun-8-6;83;489080;86;5
testrun-8-6;84;283993;39;2
testrun-8-6;85;466201;73;5
testrun-8-6;86;208056;35;4
testrun-8-6;87;301559;48;6
testrun-8-6;88;1008521;132;8
testrun-8-6;89;315663;53;5
testrun-8-6;90;537858;90;9
testrun-8-6;91;305409;50;5
testrun-8-6;92;515260;85;8
testrun-8-6;93;10128;85;8
testrun-8-6;94;323474;49;5
testrun-8-6;95;370747;46;5
testrun-8-6;96;598566;87;8
testrun-8-6;97;492663;88;8
testrun-8-6;98;518339;90;10
testrun-8-6;99;504889;84;8
testrun-8-6;100;588258;92;9
testrun-8-6;101;233173;46;6
testrun-8-6;102;854410;138;9
testrun-8-6;103;256226;43;5
testrun-8-6;104;339841;52;6
testrun-8-6;105;360145;48;5
testrun-8-6;106;290143;48;6
testrun-8-6;107;304410;44;4
testrun-8-6;108;332611;55;7
testrun-8-6;109;611884;93;6
testrun-8-6;110;303246;49;5
testrun-8-6;111;730514;127;10
testrun-8-6;112;561166;93;6
testrun-8-6;113;262062;49;6
testrun-8-6;114;661756;120;9
testrun-8-6;115;588276;95;9
testrun-8-6;116;1162126;153;11
testrun-8-6;117;266121;45;5
testrun-8-6;118;484734;93;9
testrun-8-6;119;232370;41;4
testrun-8-6;120;305141;51;6
testrun-8-6;121;661956;101;10
testrun-8-6;122;269867;44;5
testrun-8-6;123;388807;59;7
testrun-8-6;124;203051;37;4
testrun-8-6;125;298011;49;5
testrun-8-6;126;268852;45;5
testrun-8-6;127;9088;45;5
testrun-8-6;128;348088;49;6
testrun-8-6;129;475955;69;7
testrun-8-6;130;290700;50;6
testrun-8-6;131;468410;93;10
testrun-8-6;132;497020;90;6
testrun-8-6;133;512121;93;7
testrun-8-6;134;282185;43;5
testrun-8-6;135;512649;102;7
testrun-8-6;136;245785;38;4
testrun-8-6;137;361883;59;7
testrun-8-6;138;7757;59;7
testrun-8-6;139;597382;89;8
testrun-8-6;140;446705;81;5
testrun-8-6;141;465440;78;7
testrun-8-6;142;598381;121;9
testrun-8-6;143;357082;55;7
testrun-8-6;144;234895;37;4
testrun-8-6;145;298203;52;7
testrun-8-6;146;598733;121;10
testrun-8-6;147;317996;49;6
testrun-8-6;148;542327;95;9
testrun-8-6;149;733635;116;5
testrun-8-6;150;502679;76;7
testrun-8-6;151;314722;45;6
testrun-8-6;152;862227;122;9
testrun-8-6;153;555482;98;7
testrun-8-6;154;690788;131;11
testrun-8-6;155;341437;63;7
testrun-8-6;156;464814;76;6
testrun-8-6;157;390076;57;7
testrun-8-6;158;319856;47;5
testrun-8-6;159;271883;47;5
testrun-8-6;160;673311;122;10
testrun-8-6;161;312321;40;3
testrun-8-6;162;655198;109;10
testrun-8-6;163;367977;52;6
testrun-8-6;164;1096245;151;10
testrun-8-6;165;823814;156;13
testrun-8-6;166;308355;49;5
testrun-8-6;167;1491014;173;12
testrun-8-6;168;319394;47;5
testrun-8-6;169;346147;55;6
testrun-8-6;170;649737;107;10
testrun-8-6;171;220234;47;6
testrun-8-6;172;373538;58;6
testrun-8-6;173;861848;137;9
testrun-8-6;174;310244;46;5
testrun-8-6;175;844942;145;11
testrun-8-6;176;375663;53;5
testrun-8-6;177;359156;58;6
testrun-8-6;178;790402;129;6
testrun-8-6;179;308063;46;4
testrun-8-6;180;772259;132;10
testrun-8-6;181;975759;152;9
testrun-8-6;182;321422;49;5
testrun-8-6;183;475012;88;8
testrun-8-6;184;336936;54;6
testrun-8-6;185;348034;56;7
testrun-8-6;186;519432;93;9
testrun-8-6;187;584255;95;7
testrun-8-6;188;332440;49;5
testrun-8-6;189;395704;58;6
testrun-8-6;190;300694;44;5
testrun-8-6;191;366445;53;5
testrun-8-6;192;665221;99;8
testrun-8-6;193;7757;99;8
testrun-8-6;194;255779;50;6
testrun-8-6;195;710798;119;7
testrun-8-6;196;624105;94;7
testrun-8-6;197;214322;42;6
testrun-8-6;198;306370;52;6
testrun-8-6;199;324130;46;6
testrun-8-7;0;921917;131;12
testrun-8-7;1;261367;50;6
testrun-8-7;2;276230;48;5
testrun-8-7;3;706526;135;7
testrun-8-7;4;246682;44;6
testrun-8-7;5;280999;53;6
testrun-8-7;6;456719;83;8
testrun-8-7;7;239314;47;5
testrun-8-7;8;231937;40;3
testrun-8-7;9;285430;48;7
testrun-8-7;10;508019;83;6
testrun-8-7;11;493537;88;8
testrun-8-7;12;273261;43;4
testrun-8-7;13;350052;52;6
testrun-8-7;14;284743;44;4
testrun-8-7;15;211423;45;5
testrun-8-7;16;7757;45;5
testrun-8-7;17;487838;89;7
testrun-8-7;18;588113;96;9
testrun-8-7;19;715940;117;8
testrun-8-7;20;553177;96;10
testrun-8-7;21;226799;51;7
testrun-8-7;22;598829;96;10
testrun-8-7;23;371696;55;7
testrun-8-7;24;533329;98;9
testrun-8-7;25;231790;40;4
testrun-8-7;26;551503;102;8
testrun-8-7;27;432093;64;5
testrun-8-7;28;579495;89;8
testrun-8-7;29;330966;51;6
testrun-8-7;30;230730;49;6
testrun-8-7;31;10121;49;6
testrun-8-7;32;580166;87;8
testrun-8-7;33;665960;94;5
testrun-8-7;34;281772;46;5
testrun-8-7;35;341192;60;7
testrun-8-7;36;903469;132;10
testrun-8-7;37;799633;134;9
testrun-8-7;38;315464;50;5
testrun-8-7;39;366737;54;6
testrun-8-7;40;270856;47;5
testrun-8-7;41;319311;53;6
testrun-8-7;42;260197;49;6
testrun-8-7;43;728030;131;8
testrun-8-7;44;403312;65;6
testrun-8-7;45;481905;93;7
testrun-8-7;46;7757;93;7
testrun-8-7;47;308564;46;5
testrun-8-7;48;311856;50;7
testrun-8-7;49;259982;50;6
testrun-8-7;50;320556;56;7
testrun-8-7;51;778914;128;10
testrun-8-7;52;563484;80;8
testrun-8-7;53;568952;94;9
testrun-8-7;54;522658;88;10
testrun-8-7;55;393158;56;7
testrun-8-7;56;346474;56;6
testrun-8-7;57;250268;41;4
testrun-8-7;58;441069;87;9
testrun-8-7;59;291497;45;5
testrun-8-7;60;302676;51;6
testrun-8-7;61;335872;54;6
testrun-8-7;62;286509;43;6
testrun-8-7;63;338946;46;4
testrun-8-7;64;366802;56;7
testrun-8-7;65;286044;45;5
testrun-8-7;66;294435;48;6
testrun-8-7;67;268638;49;5
testrun-8-7;68;967235;137;10
testrun-8-7;69;9091;137;10
testrun-8-7;70;531243;85;6
testrun-8-7;71;690687;98;9
testrun-8-7;72;364606;44;5
testrun-8-7;73;713047;97;9
testrun-8-7;74;778474;131;9
testrun-8-7;75;622998;90;6
testrun-8-7;76;556620;84;7
testrun-8-7;77;298290;45;4
testrun-8-7;78;528066;89;6
testrun-8-7;79;260623;42;4
testrun-8-7;80;531318;87;8
testrun-8-7;81;254430;46;5
testrun-8-7;82;888510;124;4
testrun-8-7;83;287395;50;6
testrun-8-7;84;1063779;155;13
testrun-8-7;85;756216;115;8
testrun-8-7;86;550721;106;12
testrun-8-7;87;9095;106;12
testrun-8-7;88;265716;43;3
testrun-8-7;89;340824;51;5
testrun-8-7;90;9091;51;5
testrun-8-7;91;635289;110;12
testrun-8-7;92;417533;56;5
testrun-8-7;93;597705;98;10
testrun-8-7;94;333121;51;5
testrun-8-7;95;290540;41;4
testrun-8-7;96;373868;56;7
testrun-8-7;97;282739;53;6
testrun-8-7;98;9084;53;6
testrun-8-7;99;642570;103;9
testrun-8-7;100;1010210;145;11
testrun-8-7;101;268842;47;6
testrun-8-7;102;328415;55;5
testrun-8-7;103;588688;104;10
testrun-8-7;104;310330;57;8
testrun-8-7;105;1040921;134;7
testrun-8-7;106;246628;43;4
testrun-8-7;107;476290;64;6
testrun-8-7;108;1113758;155;12
testrun-8-7;109;293528;48;6
testrun-8-7;110;291722;47;4
testrun-8-7;111;489248;85;7
testrun-8-7;112;418133;79;8
testrun-8-7;113;281844;36;3
testrun-8-7;114;483824;85;8
testrun-8-7;115;202417;32;4
testrun-8-7;116;462248;78;7
testrun-8-7;117;180180;34;4
testrun-8-7;118;537839;87;6
testrun-8-7;119;172241;31;3
testrun-8-7;120;307248;58;6
testrun-8-7;121;222108;35;4
testrun-8-7;122;461487;95;8
testrun-8-7;123;271737;40;5
testrun-8-7;124;275297;41;5
testrun-8-7;125;203985;41;5
testrun-8-7;126;242321;44;4
testrun-8-7;127;448584;84;6
testrun-8-7;128;300837;43;5
testrun-8-7;129;380991;55;7
testrun-8-7;130;277181;46;6
testrun-8-7;131;246848;39;4
testrun-8-7;132;285215;52;7
testrun-8-7;133;295479;48;5
testrun-8-7;134;261809;43;4
testrun-8-7;135;265998;50;6
testrun-8-7;136;441972;85;5
testrun-8-7;137;227147;46;6
testrun-8-7;138;620825;92;7
testrun-8-7;139;295265;49;6
testrun-8-7;140;760201;129;12
testrun-8-7;141;718027;140;8
testrun-8-7;142;258442;46;5
testrun-8-7;143;218716;46;6
testrun-8-7;144;737510;130;7
testrun-8-7;145;1127151;152;12
testrun-8-7;146;350490;55;7
testrun-8-7;147;821745;123;11
testrun-8-7;148;250188;44;6
testrun-8-7;149;286010;52;6
testrun-8-7;150;236454;39;4
testrun-8-7;151;369901;55;6
testrun-8-7;152;196316;42;5
testrun-8-7;153;315795;46;4
testrun-8-7;154;293652;52;7
testrun-8-7;155;298932;41;4
testrun-8-7;156;296029;51;7
testrun-8-7;157;300833;43;5
testrun-8-7;158;234392;49;6
testrun-8-7;159;711514;118;8
testrun-8-7;160;485116;87;9
testrun-8-7;161;554519;90;10
testrun-8-7;162;364434;68;7
testrun-8-7;163;555343;85;10
testrun-8-7;164;492694;78;8
testrun-8-7;165;519592;79;6
testrun-8-7;166;303397;49;6
testrun-8-7;167;282138;47;6
testrun-8-7;168;442785;67;6
testrun-8-7;169;415102;64;6
testrun-8-7;170;7757;64;6
testrun-8-7;171;351647;67;8
testrun-8-7;172;7757;67;8
testrun-8-7;173;209331;41;5
testrun-8-7;174;272420;37;5
testrun-8-7;175;278062;46;6
testrun-8-7;176;183489;33;4
testrun-8-7;177;242693;34;4
testrun-8-7;178;498395;79;7
testrun-8-7;179;235986;39;4
testrun-8-7;180;261582;37;4
testrun-8-7;181;248334;43;4
testrun-8-7;182;662717;99;7
testrun-8-7;183;288538;39;3
testrun-8-7;184;591035;78;7
testrun-8-7;185;264466;41;5
testrun-8-7;186;287959;42;5
testrun-8-7;187;310255;56;7
testrun-8-7;188;885220;130;11
testrun-8-7;189;292317;48;5
testrun-8-7;190;626434;110;8
testrun-8-7;191;261282;41;4
testrun-8-7;192;241237;46;6
testrun-8-7;193;292029;44;4
testrun-8-7;194;455372;75;6
testrun-8-7;195;337922;51;5
testrun-8-7;196;515652;78;6
testrun-8-7;197;499886;73;9
testrun-8-7;198;332789;49;6
testrun-8-7;199;373804;51;5
testrun-8-8;0;9094;360;8
testrun-8-8;1;726528;106;9
testrun-8-8;2;1051701;144;12
testrun-8-8;3;291547;42;4
testrun-8-8;4;359381;44;5
testrun-8-8;5;484288;85;6
testrun-8-8;6;700102;109;11
testrun-8-8;7;545006;89;4
testrun-8-8;8;468343;93;6
testrun-8-8;9;747291;126;7
testrun-8-8;10;487607;99;6
testrun-8-8;11;893829;137;10
testrun-8-8;12;388957;58;6
testrun-8-8;13;406009;54;7
testrun-8-8;14;190872;40;5
testrun-8-8;15;591106;95;8
testrun-8-8;16;310357;45;5
testrun-8-8;17;528342;81;8
testrun-8-8;18;178713;26;3
testrun-8-8;19;239626;33;3
testrun-8-8;20;298425;47;6
testrun-8-8;21;505291;79;8
testrun-8-8;22;7757;79;8
testrun-8-8;23;749595;111;9
testrun-8-8;24;637466;120;10
testrun-8-8;25;504982;84;9
testrun-8-8;26;705839;116;10
testrun-8-8;27;246232;41;4
testrun-8-8;28;166582;30;3
testrun-8-8;29;285230;38;3
testrun-8-8;30;199282;36;4
testrun-8-8;31;199559;31;2
testrun-8-8;32;377111;56;4
testrun-8-8;33;274257;47;6
testrun-8-8;34;332795;47;4
testrun-8-8;35;747196;118;10
testrun-8-8;36;9101;118;10
testrun-8-8;37;711734;121;9
testrun-8-8;38;451617;90;7
testrun-8-8;39;196328;39;5
testrun-8-8;40;331474;48;4
testrun-8-8;41;257679;55;7
testrun-8-8;42;495477;87;8
testrun-8-8;43;7757;87;8
testrun-8-8;44;184468;37;5
testrun-8-8;45;414021;60;7
testrun-8-8;46;423775;84;8
testrun-8-8;47;274052;43;4
testrun-8-8;48;300144;41;4
testrun-8-8;49;1082124;132;11
testrun-8-8;50;546432;101;8
testrun-8-8;51;290285;42;4
testrun-8-8;52;300583;49;5
testrun-8-8;53;958724;148;13
testrun-8-8;54;750161;114;6
testrun-8-8;55;531329;106;5
testrun-8-8;56;1072114;155;14
testrun-8-8;57;294863;53;7
testrun-8-8;58;304797;50;6
testrun-8-8;59;723823;127;8
testrun-8-8;60;768139;132;7
testrun-8-8;61;237487;51;7
testrun-8-8;62;271385;43;6
testrun-8-8;63;483848;99;8
testrun-8-8;64;777588;149;11
testrun-8-8;65;282281;52;7
testrun-8-8;66;656470;117;7
testrun-8-8;67;309852;53;7
testrun-8-8;68;332957;49;5
testrun-8-8;69;363273;60;7
testrun-8-8;70;511491;93;9
testrun-8-8;71;736092;112;6
testrun-8-8;72;266217;46;4
testrun-8-8;73;654789;88;5
testrun-8-8;74;302004;49;5
testrun-8-8;75;442608;88;9
testrun-8-8;76;582095;98;9
testrun-8-8;77;695176;98;5
testrun-8-8;78;265926;35;3
testrun-8-8;79;459366;64;5
testrun-8-8;80;173006;32;3
testrun-8-8;81;377845;59;5
testrun-8-8;82;7757;59;5
testrun-8-8;83;600685;99;10
testrun-8-8;84;196990;32;4
testrun-8-8;85;449367;70;8
testrun-8-8;86;288626;38;5
testrun-8-8;87;451700;74;6
testrun-8-8;88;357374;66;5
testrun-8-8;89;334211;46;6
testrun-8-8;90;172005;28;3
testrun-8-8;91;489480;80;7
testrun-8-8;92;259787;41;4
testrun-8-8;93;432965;76;6
testrun-8-8;94;331341;50;6
testrun-8-8;95;285994;48;6
testrun-8-8;96;444766;71;3
testrun-8-8;97;308576;47;5
testrun-8-8;98;409094;73;5
testrun-8-8;99;335010;46;5
testrun-8-8;100;290008;49;5
testrun-8-8;101;362321;59;7
testrun-8-8;102;1012553;146;14
testrun-8-8;103;681991;141;9
testrun-8-8;104;236078;38;4
testrun-8-8;105;360889;55;7
testrun-8-8;106;306344;45;4
testrun-8-8;107;625299;87;7
testrun-8-8;108;1004606;131;8
testrun-8-8;109;777561;126;7
testrun-8-8;110;264461;46;5
testrun-8-8;111;366938;58;7
testrun-8-8;112;249345;51;6
testrun-8-8;113;282011;57;8
testrun-8-8;114;1071143;146;10
testrun-8-8;115;213874;47;7
testrun-8-8;116;290178;53;7
testrun-8-8;117;741725;153;10
testrun-8-8;118;855508;137;10
testrun-8-8;119;766110;107;9
testrun-8-8;120;414700;76;9
testrun-8-8;121;7757;76;9
testrun-8-8;122;660897;116;12
testrun-8-8;123;774415;126;8
testrun-8-8;124;7767;126;8
testrun-8-8;125;446174;73;6
testrun-8-8;126;711252;117;9
testrun-8-8;127;702413;111;9
testrun-8-8;128;202112;37;4
testrun-8-8;129;270333;41;3
testrun-8-8;130;322556;42;5
testrun-8-8;131;248354;37;4
testrun-8-8;132;412492;78;8
testrun-8-8;133;317578;44;4
testrun-8-8;134;304223;40;5
testrun-8-8;135;214991;37;5
testrun-8-8;136;266430;49;6
testrun-8-8;137;478255;95;11
testrun-8-8;138;10128;95;11
testrun-8-8;139;602527;87;7
testrun-8-8;140;293404;46;5
testrun-8-8;141;482376;74;8
testrun-8-8;142;267946;45;5
testrun-8-8;143;205026;29;3
testrun-8-8;144;225316;36;3
testrun-8-8;145;376012;67;7
testrun-8-8;146;451569;67;5
testrun-8-8;147;553249;73;7
testrun-8-8;148;494428;61;5
testrun-8-8;149;198374;41;5
testrun-8-8;150;397840;68;8
testrun-8-8;151;252271;39;3
testrun-8-8;152;187220;33;4
testrun-8-8;153;326623;44;4
testrun-8-8;154;10128;44;4
testrun-8-8;155;211924;40;5
testrun-8-8;156;7767;40;5
testrun-8-8;157;406934;64;4
testrun-8-8;158;229425;46;6
testrun-8-8;159;9084;46;6
testrun-8-8;160;251176;35;4
testrun-8-8;161;574133;89;7
testrun-8-8;162;217187;33;4
testrun-8-8;163;355297;51;5
testrun-8-8;164;441529;83;7
testrun-8-8;165;271637;51;7
testrun-8-8;166;466378;84;5
testrun-8-8;167;304455;46;5
testrun-8-8;168;254375;41;4
testrun-8-8;169;343848;46;4
testrun-8-8;170;284690;50;6
testrun-8-8;171;543985;94;7
testrun-8-8;172;500879;79;5
testrun-8-8;173;326107;41;4
testrun-8-8;174;342103;57;7
testrun-8-8;175;515243;84;7
testrun-8-8;176;282476;44;5
testrun-8-8;177;264191;49;6
testrun-8-8;178;261246;44;5
testrun-8-8;179;309834;53;6
testrun-8-8;180;313478;44;5
testrun-8-8;181;852305;140;11
testrun-8-8;182;266484;47;5
testrun-8-8;183;504399;83;5
testrun-8-8;184;820710;121;7
testrun-8-8;185;332910;45;4
testrun-8-8;186;326002;51;6
testrun-8-8;187;828757;130;12
testrun-8-8;188;703764;116;9
testrun-8-8;189;268155;44;4
testrun-8-8;190;781963;129;10
testrun-8-8;191;453449;72;7
testrun-8-8;192;843234;149;9
testrun-8-8;193;212088;43;6
testrun-8-8;194;994210;142;10
testrun-8-8;195;519763;94;10
testrun-8-8;196;634463;92;9
testrun-8-8;197;199368;41;5
testrun-8-8;198;309063;44;5
testrun-8-8;199;247337;41;5
testrun-8-9;0;551946;85;9
testrun-8-9;1;231852;42;5
testrun-8-9;2;341384;51;7
testrun-8-9;3;489399;83;5
testrun-8-9;4;436613;79;7
testrun-8-9;5;550294;90;9
testrun-8-9;6;605620;78;7
testrun-8-9;7;239869;36;3
testrun-8-9;8;190606;35;4
testrun-8-9;9;234743;38;5
testrun-8-9;10;239525;40;4
testrun-8-9;11;422881;63;6
testrun-8-9;12;7757;63;6
testrun-8-9;13;182560;30;3
testrun-8-9;14;348272;53;5
testrun-8-9;15;259834;37;5
testrun-8-9;16;545920;98;7
testrun-8-9;17;209367;42;5
testrun-8-9;18;9088;42;5
testrun-8-9;19;363304;70;8
testrun-8-9;20;371643;74;8
testrun-8-9;21;298561;47;6
testrun-8-9;22;806874;122;10
testrun-8-9;23;9091;122;10
testrun-8-9;24;330972;49;5
testrun-8-9;25;728993;123;7
testrun-8-9;26;251449;47;5
testrun-8-9;27;839834;121;8
testrun-8-9;28;673947;115;6
testrun-8-9;29;332657;43;4
testrun-8-9;30;310490;47;6
testrun-8-9;31;470788;83;7
testrun-8-9;32;998849;143;12
testrun-8-9;33;275935;49;5
testrun-8-9;34;305436;47;5
testrun-8-9;35;270717;38;3
testrun-8-9;36;855897;133;5
testrun-8-9;37;329343;48;5
testrun-8-9;38;988495;155;10
testrun-8-9;39;510573;90;7
testrun-8-9;40;316658;48;6
testrun-8-9;41;313403;55;7
testrun-8-9;42;242912;48;7
testrun-8-9;43;236884;48;6
testrun-8-9;44;1053041;146;14
testrun-8-9;45;285078;41;5
testrun-8-9;46;282406;49;6
testrun-8-9;47;252796;41;4
testrun-8-9;48;619352;98;6
testrun-8-9;49;311495;49;6
testrun-8-9;50;495028;90;9
testrun-8-9;51;940460;135;11
testrun-8-9;52;691399;113;9
testrun-8-9;53;279603;38;3
testrun-8-9;54;218641;40;4
testrun-8-9;55;428782;68;8
testrun-8-9;56;237936;42;5
testrun-8-9;57;228029;39;4
testrun-8-9;58;213146;35;4
testrun-8-9;59;461134;75;9
testrun-8-9;60;411049;77;7
testrun-8-9;61;239213;42;5
testrun-8-9;62;477642;80;8
testrun-8-9;63;208611;33;2
testrun-8-9;64;266854;43;5
testrun-8-9;65;285968;41;4
testrun-8-9;66;633191;105;5
testrun-8-9;67;220380;41;4
testrun-8-9;68;284457;45;6
testrun-8-9;69;258601;38;3
testrun-8-9;70;242219;47;6
testrun-8-9;71;264340;41;4
testrun-8-9;72;216941;35;3
testrun-8-9;73;328083;53;6
testrun-8-9;74;300262;42;5
testrun-8-9;75;390154;52;5
testrun-8-9;76;539963;83;6
testrun-8-9;77;9091;83;6
testrun-8-9;78;524859;86;6
testrun-8-9;79;655419;120;9
testrun-8-9;80;775882;124;7
testrun-8-9;81;870304;116;9
testrun-8-9;82;759463;134;11
testrun-8-9;83;759852;116;8
testrun-8-9;84;338961;46;5
testrun-8-9;85;857800;150;16
testrun-8-9;86;499495;90;5
testrun-8-9;87;740990;142;7
testrun-8-9;88;248198;48;5
testrun-8-9;89;227501;53;8
testrun-8-9;90;747205;138;7
testrun-8-9;91;723467;147;9
testrun-8-9;92;528838;93;7
testrun-8-9;93;576963;94;8
testrun-8-9;94;922298;135;11
testrun-8-9;95;295366;52;6
testrun-8-9;96;440654;88;10
testrun-8-9;97;409525;78;8
testrun-8-9;98;757593;120;10
testrun-8-9;99;7757;120;10
testrun-8-9;100;506067;77;6
testrun-8-9;101;256441;45;5
testrun-8-9;102;251202;45;5
testrun-8-9;103;567568;94;10
testrun-8-9;104;408713;73;5
testrun-8-9;105;299649;48;5
testrun-8-9;106;451342;80;8
testrun-8-9;107;884683;121;10
testrun-8-9;108;640593;104;6
testrun-8-9;109;411645;73;8
testrun-8-9;110;611068;97;10
testrun-8-9;111;239147;39;5
testrun-8-9;112;246659;42;5
testrun-8-9;113;260578;33;2
testrun-8-9;114;291930;41;4
testrun-8-9;115;456035;73;7
testrun-8-9;116;299448;41;4
testrun-8-9;117;329633;43;4
testrun-8-9;118;293486;53;6
testrun-8-9;119;668854;122;7
testrun-8-9;120;234480;43;5
testrun-8-9;121;277507;47;6
testrun-8-9;122;240843;46;5
testrun-8-9;123;385182;49;6
testrun-8-9;124;286221;49;6
testrun-8-9;125;341352;50;5
testrun-8-9;126;436870;81;6
testrun-8-9;127;307507;47;4
testrun-8-9;128;346065;52;5
testrun-8-9;129;288845;46;5
testrun-8-9;130;290873;43;4
testrun-8-9;131;239979;50;6
testrun-8-9;132;212038;42;6
testrun-8-9;133;434124;85;5
testrun-8-9;134;287613;48;5
testrun-8-9;135;7767;48;5
testrun-8-9;136;268874;40;4
testrun-8-9;137;335569;49;5
testrun-8-9;138;291385;51;6
testrun-8-9;139;527024;90;5
testrun-8-9;140;240596;40;5
testrun-8-9;141;281664;46;5
testrun-8-9;142;262837;51;7
testrun-8-9;143;261228;37;3
testrun-8-9;144;313068;48;5
testrun-8-9;145;480492;86;6
testrun-8-9;146;9095;86;6
testrun-8-9;147;838866;133;10
testrun-8-9;148;591209;95;8
testrun-8-9;149;575058;97;7
testrun-8-9;150;324010;46;5
testrun-8-9;151;497736;84;6
testrun-8-9;152;343810;54;7
testrun-8-9;153;288999;47;5
testrun-8-9;154;276503;52;6
testrun-8-9;155;469603;91;7
testrun-8-9;156;607343;119;7
testrun-8-9;157;306807;49;6
testrun-8-9;158;644585;124;10
testrun-8-9;159;493188;92;4
testrun-8-9;160;709894;114;6
testrun-8-9;161;302381;47;4
testrun-8-9;162;279419;58;7
testrun-8-9;163;236485;52;6
testrun-8-9;164;303843;49;5
testrun-8-9;165;374381;57;7
testrun-8-9;166;719481;143;8
testrun-8-9;167;221486;44;5
testrun-8-9;168;376095;54;7
testrun-8-9;169;886240;131;9
testrun-8-9;170;482247;78;7
testrun-8-9;171;297836;54;7
testrun-8-9;172;226765;42;5
testrun-8-9;173;707966;98;10
testrun-8-9;174;229547;41;5
testrun-8-9;175;470505;74;9
testrun-8-9;176;9095;74;9
testrun-8-9;177;514676;92;10
testrun-8-9;178;829581;138;10
testrun-8-9;179;212590;33;3
testrun-8-9;180;26867;3;3
testrun-8-9;181;427558;66;8
testrun-8-9;182;579691;83;8
testrun-8-9;183;538268;81;9
testrun-8-9;184;229533;40;4
testrun-8-9;185;304934;48;6
testrun-8-9;186;218176;40;4
testrun-8-9;187;425472;63;5
testrun-8-9;188;245571;44;4
testrun-8-9;189;420650;67;5
testrun-8-9;190;184604;24;1
testrun-8-9;191;7754;24;1
testrun-8-9;192;335298;58;6
testrun-8-9;193;181458;25;2
testrun-8-9;194;396513;64;5
testrun-8-9;195;457848;64;8
testrun-8-9;196;649799;99;7
testrun-8-9;197;367281;63;6
testrun-8-9;198;277428;40;4
testrun-8-9;199;138487;27;2
testrun-8-10;0;480470;63;6
testrun-8-10;1;248438;41;4
testrun-8-10;2;598042;90;8
testrun-8-10;3;487500;78;9
testrun-8-10;4;134797;24;3
testrun-8-10;5;268501;45;5
testrun-8-10;6;316949;45;5
testrun-8-10;7;222217;46;6
testrun-8-10;8;313540;40;3
testrun-8-10;9;506144;86;8
testrun-8-10;10;487969;88;7
testrun-8-10;11;7757;88;7
testrun-8-10;12;471051;80;5
testrun-8-10;13;330492;57;6
testrun-8-10;14;235680;31;4
testrun-8-10;15;332112;54;6
testrun-8-10;16;305859;43;5
testrun-8-10;17;289849;46;5
testrun-8-10;18;451297;77;6
testrun-8-10;19;335983;53;6
testrun-8-10;20;199807;40;5
testrun-8-10;21;584580;93;7
testrun-8-10;22;283165;48;5
testrun-8-10;23;274071;50;6
testrun-8-10;24;303125;50;5
testrun-8-10;25;253187;52;7
testrun-8-10;26;906165;149;16
testrun-8-10;27;354120;50;6
testrun-8-10;28;235523;41;4
testrun-8-10;29;252520;54;8
testrun-8-10;30;680545;127;6
testrun-8-10;31;247334;42;5
testrun-8-10;32;244857;51;7
testrun-8-10;33;245951;41;5
testrun-8-10;34;268995;53;7
testrun-8-10;35;267241;44;5
testrun-8-10;36;7754;44;5
testrun-8-10;37;793575;145;8
testrun-8-10;38;324917;47;5
testrun-8-10;39;203603;41;5
testrun-8-10;40;340709;50;6
testrun-8-10;41;770352;120;8
testrun-8-10;42;384347;52;5
testrun-8-10;43;207525;42;4
testrun-8-10;44;299898;48;6
testrun-8-10;45;234539;38;4
testrun-8-10;46;733458;102;10
testrun-8-10;47;584848;96;10
testrun-8-10;48;502266;79;7
testrun-8-10;49;669399;122;10
testrun-8-10;50;201649;36;5
testrun-8-10;51;285929;44;4
testrun-8-10;52;46691;4;4
testrun-8-10;53;511657;88;9
testrun-8-10;54;226267;40;5
testrun-8-10;55;328577;46;5
testrun-8-10;56;560748;82;8
testrun-8-10;57;455025;80;8
testrun-8-10;58;429008;77;8
testrun-8-10;59;496230;90;8
testrun-8-10;60;407764;82;7
testrun-8-10;61;492069;86;9
testrun-8-10;62;420383;68;6
testrun-8-10;63;516762;82;8
testrun-8-10;64;546733;93;8
testrun-8-10;65;446409;78;8
testrun-8-10;66;205413;31;3
testrun-8-10;67;325034;49;6
testrun-8-10;68;478466;71;6
testrun-8-10;69;561847;71;7
testrun-8-10;70;551841;62;4
testrun-8-10;71;9095;62;4
testrun-8-10;72;209403;38;5
testrun-8-10;73;207349;33;3
testrun-8-10;74;338316;47;5
testrun-8-10;75;273568;42;3
testrun-8-10;76;613531;94;6
testrun-8-10;77;573264;103;8
testrun-8-10;78;417926;70;6
testrun-8-10;79;255320;36;3
testrun-8-10;80;382926;52;5
testrun-8-10;81;203078;35;4
testrun-8-10;82;806230;128;11
testrun-8-10;83;232927;41;5
testrun-8-10;84;389240;52;5
testrun-8-10;85;7767;52;5
testrun-8-10;86;532527;107;11
testrun-8-10;87;747258;110;6
testrun-8-10;88;625352;115;7
testrun-8-10;89;508859;81;5
testrun-8-10;90;310670;47;5
testrun-8-10;91;683405;128;9
testrun-8-10;92;377420;65;7
testrun-8-10;93;967557;148;12
testrun-8-10;94;286198;42;4
testrun-8-10;95;546748;90;4
testrun-8-10;96;452607;82;6
testrun-8-10;97;269223;37;3
testrun-8-10;98;333169;50;6
testrun-8-10;99;315690;54;6
testrun-8-10;100;300439;44;5
testrun-8-10;101;359237;53;6
testrun-8-10;102;587351;98;7
testrun-8-10;103;231398;39;3
testrun-8-10;104;316590;54;7
testrun-8-10;105;212774;42;5
testrun-8-10;106;279297;49;6
testrun-8-10;107;216262;42;6
testrun-8-10;108;622271;92;6
testrun-8-10;109;272518;46;6
testrun-8-10;110;535776;98;5
testrun-8-10;111;327351;60;7
testrun-8-10;112;509048;93;7
testrun-8-10;113;525607;96;6
testrun-8-10;114;295689;49;7
testrun-8-10;115;781973;129;8
testrun-8-10;116;279998;44;6
testrun-8-10;117;316841;50;6
testrun-8-10;118;230022;44;5
testrun-8-10;119;339127;61;7
testrun-8-10;120;229160;40;4
testrun-8-10;121;296307;49;6
testrun-8-10;122;233651;38;4
testrun-8-10;123;248942;46;6
testrun-8-10;124;7754;46;6
testrun-8-10;125;335528;47;5
testrun-8-10;126;224329;41;4
testrun-8-10;127;261945;46;5
testrun-8-10;128;196599;38;4
testrun-8-10;129;649877;119;9
testrun-8-10;130;252778;45;6
testrun-8-10;131;1253510;155;9
testrun-8-10;132;772154;116;8
testrun-8-10;133;280751;36;3
testrun-8-10;134;244058;36;3
testrun-8-10;135;238269;30;3
testrun-8-10;136;550724;67;5
testrun-8-10;137;10128;67;5
testrun-8-10;138;367199;66;5
testrun-8-10;139;231713;33;3
testrun-8-10;140;680186;99;6
testrun-8-10;141;7757;99;6
testrun-8-10;142;411722;72;8
testrun-8-10;143;662014;105;7
testrun-8-10;144;598716;114;7
testrun-8-10;145;808348;113;8
testrun-8-10;146;7757;113;8
testrun-8-10;147;540165;89;9
testrun-8-10;148;287164;42;4
testrun-8-10;149;7757;42;4
testrun-8-10;150;268582;45;6
testrun-8-10;151;281418;39;3
testrun-8-10;152;162004;30;3
testrun-8-10;153;568210;91;7
testrun-8-10;154;393228;54;5
testrun-8-10;155;507305;95;9
testrun-8-10;156;202269;38;4
testrun-8-10;157;303113;49;5
testrun-8-10;158;252385;40;5
testrun-8-10;159;342883;49;5
testrun-8-10;160;227941;41;4
testrun-8-10;161;545459;89;6
testrun-8-10;162;582302;97;7
testrun-8-10;163;526929;86;4
testrun-8-10;164;430582;56;7
testrun-8-10;165;341080;50;5
testrun-8-10;166;728320;122;7
testrun-8-10;167;594104;90;7
testrun-8-10;168;240257;40;4
testrun-8-10;169;399507;54;5
testrun-8-10;170;856956;148;9
testrun-8-10;171;516708;81;4
testrun-8-10;172;218359;38;5
testrun-8-10;173;461896;83;5
testrun-8-10;174;7757;83;5
testrun-8-10;175;193041;41;5
testrun-8-10;176;349531;75;7
testrun-8-10;177;248192;51;6
testrun-8-10;178;201839;43;6
testrun-8-10;179;298720;47;5
testrun-8-10;180;629617;129;9
testrun-8-10;181;694557;120;6
testrun-8-10;182;483139;83;5
testrun-8-10;183;439824;61;6
testrun-8-10;184;237941;47;6
testrun-8-10;185;268604;55;7
testrun-8-10;186;226004;44;6
testrun-8-10;187;1112819;146;13
testrun-8-10;188;307133;56;7
testrun-8-10;189;766230;140;7
testrun-8-10;190;619355;99;6
testrun-8-10;191;709440;137;8
testrun-8-10;192;609992;98;6
testrun-8-10;193;267647;49;6
testrun-8-10;194;296419;58;8
testrun-8-10;195;278880;46;5
testrun-8-10;196;268131;52;8
testrun-8-10;197;410522;85;6
testrun-8-10;198;265393;51;6
testrun-8-10;199;255504;42;5
testrun-8-11;0;242377;51;6
testrun-8-11;1;980408;137;10
testrun-8-11;2;247888;41;5
testrun-8-11;3;238827;36;3
testrun-8-11;4;327267;55;7
testrun-8-11;5;7757;55;7
testrun-8-11;6;521399;97;7
testrun-8-11;7;463890;84;9
testrun-8-11;8;455075;69;7
testrun-8-11;9;440604;78;8
testrun-8-11;10;227185;39;4
testrun-8-11;11;507099;85;8
testrun-8-11;12;268703;48;6
testrun-8-11;13;492610;73;7
testrun-8-11;14;446902;80;7
testrun-8-11;15;759975;119;9
testrun-8-11;16;514782;85;9
testrun-8-11;17;833517;114;8
testrun-8-11;18;292324;47;4
testrun-8-11;19;192565;32;3
testrun-8-11;20;191416;39;4
testrun-8-11;21;325637;46;2
testrun-8-11;22;729506;102;5
testrun-8-11;23;187192;31;3
testrun-8-11;24;486530;79;7
testrun-8-11;25;446795;81;8
testrun-8-11;26;634051;102;6
testrun-8-11;27;266587;36;3
testrun-8-11;28;305448;40;4
testrun-8-11;29;230694;43;4
testrun-8-11;30;9101;43;4
testrun-8-11;31;194316;39;5
testrun-8-11;32;285599;43;5
testrun-8-11;33;265628;44;5
testrun-8-11;34;236419;38;4
testrun-8-11;35;768907;112;8
testrun-8-11;36;967638;165;13
testrun-8-11;37;495680;93;8
testrun-8-11;38;255629;41;4
testrun-8-11;39;1054474;138;9
testrun-8-11;40;273085;47;5
testrun-8-11;41;291492;47;5
testrun-8-11;42;502435;88;7
testrun-8-11;43;9095;88;7
testrun-8-11;44;194322;43;6
testrun-8-11;45;225030;46;6
testrun-8-11;46;278446;45;5
testrun-8-11;47;210480;48;6
testrun-8-11;48;896938;148;9
testrun-8-11;49;681012;129;7
testrun-8-11;50;261395;53;7
testrun-8-11;51;675686;116;8
testrun-8-11;52;508904;89;9
testrun-8-11;53;522987;86;6
testrun-8-11;54;354883;51;6
testrun-8-11;55;7757;51;6
testrun-8-11;56;254376;39;4
testrun-8-11;57;535333;95;9
testrun-8-11;58;177741;39;5
testrun-8-11;59;336855;49;6
testrun-8-11;60;378228;80;8
testrun-8-11;61;508336;76;8
testrun-8-11;62;212482;42;6
testrun-8-11;63;426076;80;7
testrun-8-11;64;355365;59;4
testrun-8-11;65;221434;38;5
testrun-8-11;66;294070;45;5
testrun-8-11;67;206023;35;5
testrun-8-11;68;290481;57;6
testrun-8-11;69;12831;57;6
testrun-8-11;70;443500;79;6
testrun-8-11;71;371831;64;6
testrun-8-11;72;335349;49;5
testrun-8-11;73;139055;27;2
testrun-8-11;74;250406;42;5
testrun-8-11;75;689273;111;9
testrun-8-11;76;158582;36;4
testrun-8-11;77;577090;101;9
testrun-8-11;78;290087;44;5
testrun-8-11;79;325964;46;4
testrun-8-11;80;641476;91;7
testrun-8-11;81;307109;50;5
testrun-8-11;82;569451;86;6
testrun-8-11;83;542474;77;5
testrun-8-11;84;328652;50;6
testrun-8-11;85;466291;87;7
testrun-8-11;86;735401;125;8
testrun-8-11;87;406861;53;6
testrun-8-11;88;683871;94;7
testrun-8-11;89;316235;44;4
testrun-8-11;90;889054;126;11
testrun-8-11;91;986336;152;10
testrun-8-11;92;282218;52;6
testrun-8-11;93;284629;44;4
testrun-8-11;94;319156;51;6
testrun-8-11;95;684104;123;7
testrun-8-11;96;857073;132;6
testrun-8-11;97;7757;132;6
testrun-8-11;98;277702;44;5
testrun-8-11;99;509647;103;7
testrun-8-11;100;813215;123;7
testrun-8-11;101;722963;136;8
testrun-8-11;102;303321;53;6
testrun-8-11;103;491114;81;8
testrun-8-11;104;754855;142;10
testrun-8-11;105;955728;154;13
testrun-8-11;106;773735;126;9
testrun-8-11;107;407286;76;8
testrun-8-11;108;272619;52;7
testrun-8-11;109;211742;42;4
testrun-8-11;110;438146;80;9
testrun-8-11;111;527227;85;9
testrun-8-11;112;200062;38;5
testrun-8-11;113;629905;89;10
testrun-8-11;114;480959;85;9
testrun-8-11;115;295309;43;4
testrun-8-11;116;404517;72;8
testrun-8-11;117;631904;104;8
testrun-8-11;118;552920;78;6
testrun-8-11;119;311502;44;5
testrun-8-11;120;256455;42;4
testrun-8-11;121;267845;39;5
testrun-8-11;122;254619;40;5
testrun-8-11;123;240107;36;4
testrun-8-11;124;564284;87;9
testrun-8-11;125;546860;91;10
testrun-8-11;126;285863;48;6
testrun-8-11;127;277316;38;4
testrun-8-11;128;429212;79;9
testrun-8-11;129;454779;79;8
testrun-8-11;130;226826;40;3
testrun-8-11;131;173204;31;4
testrun-8-11;132;575288;100;6
testrun-8-11;133;529604;95;6
testrun-8-11;134;751941;107;10
testrun-8-11;135;303358;40;5
testrun-8-11;136;323789;46;4
testrun-8-11;137;517475;77;7
testrun-8-11;138;210820;32;2
testrun-8-11;139;308921;46;5
testrun-8-11;140;262669;41;4
testrun-8-11;141;257763;32;3
testrun-8-11;142;356799;54;4
testrun-8-11;143;256735;42;4
testrun-8-11;144;287826;42;4
testrun-8-11;145;311374;46;5
testrun-8-11;146;342420;47;5
testrun-8-11;147;288563;44;5
testrun-8-11;148;538152;74;7
testrun-8-11;149;234916;42;5
testrun-8-11;150;526589;84;5
testrun-8-11;151;7757;84;5
testrun-8-11;152;524364;85;5
testrun-8-11;153;191937;43;6
testrun-8-11;154;510060;86;6
testrun-8-11;155;619728;95;4
testrun-8-11;156;12830;95;4
testrun-8-11;157;511347;84;5
testrun-8-11;158;7757;84;5
testrun-8-11;159;189818;38;5
testrun-8-11;160;408702;85;6
testrun-8-11;161;226783;37;4
testrun-8-11;162;9095;37;4
testrun-8-11;163;200621;37;3
testrun-8-11;164;470585;91;6
testrun-8-11;165;400280;80;6
testrun-8-11;166;9101;80;6
testrun-8-11;167;310023;45;3
testrun-8-11;168;543042;82;4
testrun-8-11;169;669518;99;8
testrun-8-11;170;530971;87;8
testrun-8-11;171;199220;37;4
testrun-8-11;172;376177;62;4
testrun-8-11;173;615912;77;6
testrun-8-11;174;701265;94;5
testrun-8-11;175;208161;36;3
testrun-8-11;176;172822;31;2
testrun-8-11;177;170622;28;2
testrun-8-11;178;210566;29;3
testrun-8-11;179;340778;63;5
testrun-8-11;180;284516;52;4
testrun-8-11;181;350625;60;3
testrun-8-11;182;196542;32;3
testrun-8-11;183;205206;34;2
testrun-8-11;184;527371;72;4
testrun-8-11;185;309779;41;4
testrun-8-11;186;399105;65;7
testrun-8-11;187;563935;87;10
testrun-8-11;188;697816;112;7
testrun-8-11;189;442986;78;4
testrun-8-11;190;285891;43;3
testrun-8-11;191;329791;54;3
testrun-8-11;192;521309;74;5
testrun-8-11;193;269910;53;4
testrun-8-11;194;302438;60;4
testrun-8-11;195;183377;38;4
testrun-8-11;196;139291;29;3
testrun-8-11;197;197264;33;4
testrun-8-11;198;453255;73;8
testrun-8-11;199;521251;100;8
testrun-8-12;0;888073;122;8
testrun-8-12;1;7757;122;8
testrun-8-12;2;1028381;135;7
testrun-8-12;3;755997;117;7
testrun-8-12;4;234434;33;2
testrun-8-12;5;258286;44;5
testrun-8-12;6;333119;51;5
testrun-8-12;7;172526;30;2
testrun-8-12;8;160612;35;4
testrun-8-12;9;432434;71;7
testrun-8-12;10;248628;48;6
testrun-8-12;11;409472;64;4
testrun-8-12;12;249699;38;4
testrun-8-12;13;479789;78;7
testrun-8-12;14;206478;35;4
testrun-8-12;15;414451;65;5
testrun-8-12;16;515272;92;10
testrun-8-12;17;512348;65;4
testrun-8-12;18;198931;39;4
testrun-8-12;19;473854;79;5
testrun-8-12;20;281662;56;5
testrun-8-12;21;522878;75;7
testrun-8-12;22;279591;39;4
testrun-8-12;23;270609;47;4
testrun-8-12;24;378033;56;6
testrun-8-12;25;570853;92;8
testrun-8-12;26;230474;37;4
testrun-8-12;27;219056;39;4
testrun-8-12;28;515910;89;5
testrun-8-12;29;256770;36;4
testrun-8-12;30;613701;81;8
testrun-8-12;31;365684;50;6
testrun-8-12;32;318204;48;5
testrun-8-12;33;598483;104;7
testrun-8-12;34;291956;51;6
testrun-8-12;35;258965;50;5
testrun-8-12;36;342484;47;4
testrun-8-12;37;317787;46;4
testrun-8-12;38;7757;46;4
testrun-8-12;39;499347;70;5
testrun-8-12;40;253809;44;4
testrun-8-12;41;273690;34;3
testrun-8-12;42;7754;34;3
testrun-8-12;43;231575;40;4
testrun-8-12;44;512404;82;7
testrun-8-12;45;1098673;135;11
testrun-8-12;46;624300;110;7
testrun-8-12;47;804285;133;10
testrun-8-12;48;243213;46;5
testrun-8-12;49;288926;47;4
testrun-8-12;50;492364;84;7
testrun-8-12;51;437884;73;6
testrun-8-12;52;280360;46;5
testrun-8-12;53;260413;41;4
testrun-8-12;54;494645;82;6
testrun-8-12;55;574841;81;5
testrun-8-12;56;288441;39;3
testrun-8-12;57;209461;40;3
testrun-8-12;58;230165;45;4
testrun-8-12;59;645895;97;9
testrun-8-12;60;7757;97;9
testrun-8-12;61;265517;42;2
testrun-8-12;62;212659;42;3
testrun-8-12;63;223035;42;3
testrun-8-12;64;222053;38;3
testrun-8-12;65;284084;46;4
testrun-8-12;66;233551;36;2
testrun-8-12;67;222400;41;3
testrun-8-12;68;509141;83;7
testrun-8-12;69;233308;42;3
testrun-8-12;70;220739;37;3
testrun-8-12;71;646166;107;7
testrun-8-12;72;921235;133;9
testrun-8-12;73;260204;46;4
testrun-8-12;74;209628;34;3
testrun-8-12;75;354245;45;4
testrun-8-12;76;226653;38;5
testrun-8-12;77;295390;45;5
testrun-8-12;78;660605;109;11
testrun-8-12;79;224997;28;2
testrun-8-12;80;281142;31;3
testrun-8-12;81;278802;37;3
testrun-8-12;82;584082;72;7
testrun-8-12;83;308462;47;6
testrun-8-12;84;210036;37;4
testrun-8-12;85;237371;39;5
testrun-8-12;86;236422;33;4
testrun-8-12;87;420755;66;6
testrun-8-12;88;426158;53;6
testrun-8-12;89;588613;86;6
testrun-8-12;90;7757;86;6
testrun-8-12;91;554736;70;7
testrun-8-12;92;489105;77;10
testrun-8-12;93;662771;80;6
testrun-8-12;94;427461;66;6
testrun-8-12;95;183967;32;3
testrun-8-12;96;198004;37;3
testrun-8-12;97;191052;36;3
testrun-8-12;98;132411;25;2
testrun-8-12;99;151546;27;2
testrun-8-12;100;242051;42;5
testrun-8-12;101;764537;113;7
testrun-8-12;102;714209;118;8
testrun-8-12;103;273668;39;4
testrun-8-12;104;812988;127;10
testrun-8-12;105;260862;44;4
testrun-8-12;106;323629;47;5
testrun-8-12;107;828005;113;7
testrun-8-12;108;257813;38;2
testrun-8-12;109;1026803;130;10
testrun-8-12;110;375364;48;4
testrun-8-12;111;247143;40;5
testrun-8-12;112;711805;109;7
testrun-8-12;113;812407;122;10
testrun-8-12;114;431518;82;5
testrun-8-12;115;9091;82;5
testrun-8-12;116;252674;43;3
testrun-8-12;117;357791;49;4
testrun-8-12;118;594023;109;7
testrun-8-12;119;219258;39;4
testrun-8-12;120;500579;97;6
testrun-8-12;121;260772;37;2
testrun-8-12;122;279539;42;3
testrun-8-12;123;444764;68;4
testrun-8-12;124;7767;68;4
testrun-8-12;125;921022;112;9
testrun-8-12;126;325447;58;8
testrun-8-12;127;215218;35;4
testrun-8-12;128;847701;97;8
testrun-8-12;129;419015;69;5
testrun-8-12;130;312973;37;4
testrun-8-12;131;580227;107;7
testrun-8-12;132;495791;70;6
testrun-8-12;133;641081;108;10
testrun-8-12;134;640459;103;7
testrun-8-12;135;418439;58;5
testrun-8-12;136;208919;36;4
testrun-8-12;137;503328;68;5
testrun-8-12;138;182792;34;3
testrun-8-12;139;511276;80;8
testrun-8-12;140;642200;111;9
testrun-8-12;141;243693;41;4
testrun-8-12;142;325616;49;5
testrun-8-12;143;7754;49;5
testrun-8-12;144;284504;43;4
testrun-8-12;145;526782;80;9
testrun-8-12;146;223123;42;4
testrun-8-12;147;293614;40;4
testrun-8-12;148;327616;45;4
testrun-8-12;149;7754;45;4
testrun-8-12;150;452759;80;7
testrun-8-12;151;467935;82;8
testrun-8-12;152;209956;38;4
testrun-8-12;153;340575;42;4
testrun-8-12;154;248488;43;5
testrun-8-12;155;317318;43;4
testrun-8-12;156;252129;39;4
testrun-8-12;157;300699;44;4
testrun-8-12;158;241569;38;4
testrun-8-12;159;224432;38;5
testrun-8-12;160;308159;42;4
testrun-8-12;161;268926;38;4
testrun-8-12;162;281832;41;4
testrun-8-12;163;324160;38;3
testrun-8-12;164;219191;37;4
testrun-8-12;165;253991;45;5
testrun-8-12;166;275987;41;5
testrun-8-12;167;237992;35;4
testrun-8-12;168;365162;68;6
testrun-8-12;169;338598;48;5
testrun-8-12;170;223347;25;1
testrun-8-12;171;198487;38;4
testrun-8-12;172;353798;49;5
testrun-8-12;173;274881;49;5
testrun-8-12;174;235871;32;3
testrun-8-12;175;281189;47;6
testrun-8-12;176;274528;32;2
testrun-8-12;177;243107;33;3
testrun-8-12;178;411514;62;6
testrun-8-12;179;288383;45;4
testrun-8-12;180;263929;38;4
testrun-8-12;181;191269;32;4
testrun-8-12;182;262838;39;5
testrun-8-12;183;662413;84;8
testrun-8-12;184;889695;113;6
testrun-8-12;185;215377;36;4
testrun-8-12;186;408545;60;5
testrun-8-12;187;250024;33;3
testrun-8-12;188;7754;33;3
testrun-8-12;189;301163;38;5
testrun-8-12;190;424682;56;4
testrun-8-12;191;308401;35;3
testrun-8-12;192;288911;39;5
testrun-8-12;193;9092;39;5
testrun-8-12;194;366013;61;5
testrun-8-12;195;429470;76;9
testrun-8-12;196;746017;109;11
testrun-8-12;197;428091;74;7
testrun-8-12;198;345776;40;3
testrun-8-12;199;223667;29;3
testrun-8-13;0;191118;36;5
testrun-8-13;1;302874;40;3
testrun-8-13;2;611216;83;6
testrun-8-13;3;466876;75;6
testrun-8-13;4;417917;58;5
testrun-8-13;5;211744;39;4
testrun-8-13;6;158700;27;3
testrun-8-13;7;248687;39;5
testrun-8-13;8;214980;29;3
testrun-8-13;9;195085;45;7
testrun-8-13;10;355111;51;4
testrun-8-13;11;654978;90;5
testrun-8-13;12;501908;66;6
testrun-8-13;13;253707;35;4
testrun-8-13;14;264208;37;4
testrun-8-13;15;348600;64;6
testrun-8-13;16;196550;28;2
testrun-8-13;17;164920;32;4
testrun-8-13;18;434228;68;6
testrun-8-13;19;216416;37;5
testrun-8-13;20;348147;41;4
testrun-8-13;21;416775;65;7
testrun-8-13;22;293947;43;6
testrun-8-13;23;700737;103;8
testrun-8-13;24;682344;85;7
testrun-8-13;25;382462;51;4
testrun-8-13;26;237227;36;5
testrun-8-13;27;233331;30;3
testrun-8-13;28;463570;63;5
testrun-8-13;29;603097;84;7
testrun-8-13;30;415508;73;6
testrun-8-13;31;365202;64;5
testrun-8-13;32;211963;40;4
testrun-8-13;33;498895;80;9
testrun-8-13;34;194744;29;4
testrun-8-13;35;312694;42;4
testrun-8-13;36;133569;24;3
testrun-8-13;37;294238;37;3
testrun-8-13;38;187679;33;3
testrun-8-13;39;217505;27;3
testrun-8-13;40;268796;37;4
testrun-8-13;41;186989;28;3
testrun-8-13;42;182693;25;1
testrun-8-13;43;156370;25;2
testrun-8-13;44;137935;25;3
testrun-8-13;45;142404;22;2
testrun-8-13;46;146563;22;3
testrun-8-13;47;184762;32;4
testrun-8-13;48;219976;34;5
testrun-8-13;49;257838;31;4
testrun-8-13;50;283098;44;5
testrun-8-13;51;103945;24;4
testrun-8-13;52;365045;56;5
testrun-8-13;53;294931;35;3
testrun-8-13;54;9095;35;3
testrun-8-13;55;220498;27;3
testrun-8-13;56;390733;47;5
testrun-8-13;57;309996;34;3
testrun-8-13;58;172897;28;3
testrun-8-13;59;259010;34;4
testrun-8-13;60;141541;24;2
testrun-8-13;61;410006;71;7
testrun-8-13;62;417942;59;4
testrun-8-13;63;221581;37;5
testrun-8-13;64;243446;32;3
testrun-8-13;65;321844;39;4
testrun-8-13;66;268137;37;4
testrun-8-13;67;269161;42;4
testrun-8-13;68;675667;110;7
testrun-8-13;69;713260;81;6
testrun-8-13;70;243628;33;3
testrun-8-13;71;209301;29;3
testrun-8-13;72;319516;55;5
testrun-8-13;73;690559;84;7
testrun-8-13;74;263193;42;4
testrun-8-13;75;340519;49;5
testrun-8-13;76;244839;39;4
testrun-8-13;77;414847;61;4
testrun-8-13;78;182906;33;4
testrun-8-13;79;10128;33;4
testrun-8-13;80;304480;54;4
testrun-8-13;81;208908;30;3
testrun-8-13;82;275393;39;5
testrun-8-13;83;634426;100;8
testrun-8-13;84;652650;100;9
testrun-8-13;85;280586;60;6
testrun-8-13;86;208879;34;4
testrun-8-13;87;464655;58;5
testrun-8-13;88;316769;33;2
testrun-8-13;89;324710;55;6
testrun-8-13;90;680867;108;7
testrun-8-13;91;750228;96;8
testrun-8-13;92;593267;90;7
testrun-8-13;93;183766;35;4
testrun-8-13;94;822928;92;7
testrun-8-13;95;7757;92;7
testrun-8-13;96;277914;27;2
testrun-8-13;97;278286;34;4
testrun-8-13;98;235611;29;3
testrun-8-13;99;533831;85;8
testrun-8-13;100;193148;25;2
testrun-8-13;101;132600;23;2
testrun-8-13;102;648908;72;5
testrun-8-13;103;99314;19;2
testrun-8-13;104;156840;24;2
testrun-8-13;105;258853;46;3
testrun-8-13;106;140096;19;2
testrun-8-13;107;173045;33;4
testrun-8-13;108;81990;17;2
testrun-8-13;109;204684;31;4
testrun-8-13;110;344843;58;7
testrun-8-13;111;315418;56;7
testrun-8-13;112;272351;29;2
testrun-8-13;113;190767;31;4
testrun-8-13;114;154258;31;4
testrun-8-13;115;209554;28;2
testrun-8-13;116;149899;31;4
testrun-8-13;117;221181;33;3
testrun-8-13;118;251780;38;5
testrun-8-13;119;226912;36;4
testrun-8-13;120;213934;31;3
testrun-8-13;121;511296;70;6
testrun-8-13;122;451942;73;7
testrun-8-13;123;377799;55;5
testrun-8-13;124;215804;32;2
testrun-8-13;125;7754;32;2
testrun-8-13;126;374332;64;7
testrun-8-13;127;287113;32;3
testrun-8-13;128;233537;38;4
testrun-8-13;129;267186;32;3
testrun-8-13;130;206897;33;3
testrun-8-13;131;7754;33;3
testrun-8-13;132;423708;66;7
testrun-8-13;133;181892;37;5
testrun-8-13;134;443948;65;6
testrun-8-13;135;235087;34;4
testrun-8-13;136;566926;90;7
testrun-8-13;137;510376;74;6
testrun-8-13;138;230424;35;3
testrun-8-13;139;170683;28;2
testrun-8-13;140;289115;40;5
testrun-8-13;141;395617;60;8
testrun-8-13;142;250382;35;3
testrun-8-13;143;506548;83;8
testrun-8-13;144;228376;33;3
testrun-8-13;145;7767;33;3
testrun-8-13;146;702513;97;5
testrun-8-13;147;222273;30;4
testrun-8-13;148;266970;46;5
testrun-8-13;149;232862;38;5
testrun-8-13;150;536257;63;5
testrun-8-13;151;251720;39;5
testrun-8-13;152;203903;26;1
testrun-8-13;153;279936;40;4
testrun-8-13;154;7757;40;4
testrun-8-13;155;476304;56;4
testrun-8-13;156;365238;70;6
testrun-8-13;157;332191;47;5
testrun-8-13;158;366603;65;6
testrun-8-13;159;345542;52;3
testrun-8-13;160;262738;35;2
testrun-8-13;161;230495;36;3
testrun-8-13;162;189523;32;3
testrun-8-13;163;383748;75;8
testrun-8-13;164;217931;33;3
testrun-8-13;165;270616;36;3
testrun-8-13;166;287546;33;3
testrun-8-13;167;269915;31;3
testrun-8-13;168;225108;32;3
testrun-8-13;169;394265;55;4
testrun-8-13;170;263336;31;2
testrun-8-13;171;195835;33;4
testrun-8-13;172;532628;67;7
testrun-8-13;173;214803;31;3
testrun-8-13;174;7754;31;3
testrun-8-13;175;293943;53;5
testrun-8-13;176;318097;49;3
testrun-8-13;177;7757;49;3
testrun-8-13;178;207172;39;3
testrun-8-13;179;212197;32;4
testrun-8-13;180;247505;37;3
testrun-8-13;181;174406;28;3
testrun-8-13;182;175504;30;4
testrun-8-13;183;272254;37;4
testrun-8-13;184;334500;52;5
testrun-8-13;185;193452;30;4
testrun-8-13;186;731023;92;8
testrun-8-13;187;232182;34;3
testrun-8-13;188;176395;24;3
testrun-8-13;189;181313;27;3
testrun-8-13;190;156661;24;3
testrun-8-13;191;9101;24;3
testrun-8-13;192;201478;26;2
testrun-8-13;193;260460;29;3
testrun-8-13;194;173747;31;3
testrun-8-13;195;166193;26;2
testrun-8-13;196;224754;31;4
testrun-8-13;197;237659;31;3
testrun-8-13;198;7757;31;3
testrun-8-13;199;146483;22;2
testrun-8-14;0;175965;28;4
testrun-8-14;1;228831;34;4
testrun-8-14;2;295510;36;3
testrun-8-14;3;183083;31;4
testrun-8-14;4;164921;26;3
testrun-8-14;5;312288;57;7
testrun-8-14;6;206545;35;3
testrun-8-14;7;137849;24;3
testrun-8-14;8;211484;32;4
testrun-8-14;9;708772;101;7
testrun-8-14;10;153623;30;4
testrun-8-14;11;239341;37;3
testrun-8-14;12;444798;66;7
testrun-8-14;13;204453;33;2
testrun-8-14;14;601541;97;6
testrun-8-14;15;350051;60;6
testrun-8-14;16;203848;30;4
testrun-8-14;17;418096;73;8
testrun-8-14;18;193864;33;4
testrun-8-14;19;493232;82;8
testrun-8-14;20;241156;33;3
testrun-8-14;21;267726;38;3
testrun-8-14;22;293255;34;3
testrun-8-14;23;237973;32;3
testrun-8-14;24;766943;119;8
testrun-8-14;25;343331;68;7
testrun-8-14;26;545904;74;6
testrun-8-14;27;217745;36;5
testrun-8-14;28;414714;62;6
testrun-8-14;29;357818;55;5
testrun-8-14;30;189254;30;4
testrun-8-14;31;259755;30;2
testrun-8-14;32;215796;29;2
testrun-8-14;33;338791;34;4
testrun-8-14;34;226206;30;3
testrun-8-14;35;230145;30;2
dense-clutter-0-0;0;2998554;359;1
dense-clutter-0-0;1;2580153;359;3
dense-clutter-0-0;2;2729025;359;2
dense-clutter-0-0;3;2654035;359;1
dense-clutter-0-0;4;2811165;359;4
dense-clutter-0-0;5;2561701;359;4
dense-clutter-0-0;6;2639149;359;4
dense-clutter-0-0;7;2820805;359;1
dense-clutter-0-0;8;2583280;359;3
dense-clutter-0-0;9;2659735;359;2
dense-clutter-0-0;10;2745233;359;3
dense-clutter-0-0;11;2614934;359;2
dense-clutter-0-0;12;2768522;359;1
dense-clutter-0-0;13;2840121;359;1
dense-clutter-0-0;14;3019777;359;1
dense-clutter-0-0;15;2600999;359;1
dense-clutter-0-0;16;2764699;359;1
dense-clutter-0-0;17;2758049;359;1
dense-clutter-0-0;18;2749736;359;1
dense-clutter-0-0;19;2905198;359;1
dense-clutter-0-0;20;2760001;359;4
dense-clutter-0-0;21;2888768;359;1
dense-clutter-0-0;22;2915193;359;1
dense-clutter-0-0;23;2800105;359;1
dense-clutter-0-0;24;2624103;359;1
dense-clutter-0-0;25;2851148;359;2
dense-clutter-0-0;26;2652880;359;1
dense-clutter-0-0;27;2765947;359;1
dense-clutter-0-0;28;2856949;359;1
dense-clutter-0-0;29;2643407;359;1
dense-clutter-0-0;30;2733324;359;2
dense-clutter-0-0;31;2810937;359;2
dense-clutter-0-0;32;2736361;359;3
dense-clutter-0-0;33;2767343;359;2
dense-clutter-0-0;34;2695572;359;2
dense-clutter-0-0;35;2780356;359;1
dense-clutter-0-0;36;2701135;359;1
dense-clutter-0-0;37;2631636;359;5
dense-clutter-0-0;38;2888191;359;1
dense-clutter-0-0;39;2690384;359;2
dense-clutter-0-0;40;2690430;359;2
dense-clutter-0-0;41;2913643;359;2
dense-clutter-0-0;42;2657154;359;1
dense-clutter-0-0;43;2761698;359;1
dense-clutter-0-0;44;3011867;359;2
dense-clutter-0-0;45;2681676;359;4
dense-clutter-0-0;46;2756178;359;4
dense-clutter-0-0;47;2675342;359;4
dense-clutter-0-0;48;2631719;359;3
dense-clutter-0-0;49;2803009;359;4
dense-clutter-0-0;50;2906295;359;3
dense-clutter-0-0;51;2816593;359;1
dense-clutter-0-0;52;2692393;359;1
dense-clutter-0-0;53;2712804;359;2
dense-clutter-0-0;54;2614175;359;3
dense-clutter-0-0;55;2975367;359;1
dense-clutter-0-0;56;2793920;359;1
dense-clutter-0-0;57;2817453;359;1
dense-clutter-0-0;58;2750636;359;2
dense-clutter-0-0;59;2741271;359;2
dense-clutter-0-0;60;2804092;359;3
dense-clutter-0-0;61;2903595;359;2
dense-clutter-0-0;62;2606283;359;1
dense-clutter-0-0;63;2782382;359;1
dense-clutter-0-0;64;2685985;359;1
dense-clutter-0-0;65;2750719;359;1
dense-clutter-0-0;66;2922376;359;2
dense-clutter-0-0;67;3059656;359;2
dense-clutter-0-0;68;2775395;359;2
dense-clutter-0-0;69;2687370;359;1
dense-clutter-0-0;70;2805113;359;1
dense-clutter-0-0;71;2659997;359;1
dense-clutter-0-0;72;2787292;359;2
dense-clutter-0-0;73;2542581;359;2
dense-clutter-0-0;74;2715487;359;1
dense-clutter-0-0;75;2708141;359;3
dense-clutter-0-0;76;2650688;359;1
dense-clutter-0-0;77;2849937;359;2
dense-clutter-0-0;78;2676993;359;3
dense-clutter-0-0;79;2710911;359;1
dense-clutter-0-0;80;2968702;359;1
dense-clutter-0-0;81;2664751;359;1
dense-clutter-0-0;82;2669837;359;1
dense-clutter-0-0;83;2713006;359;1
dense-clutter-0-0;84;2762839;359;2
dense-clutter-0-0;85;2831969;359;1
dense-clutter-0-0;86;2747318;359;3
dense-clutter-0-0;87;2756762;359;3
dense-clutter-0-0;88;2676230;359;4
dense-clutter-0-0;89;2876505;359;4
dense-clutter-0-0;90;2612806;359;1
dense-clutter-0-0;91;2720521;359;1
dense-clutter-0-0;92;2880440;359;1
dense-clutter-0-0;93;2570062;359;4
dense-clutter-0-0;94;2612574;359;4
dense-clutter-0-0;95;2800843;359;2
dense-clutter-0-0;96;2753107;359;2
dense-clutter-0-0;97;2702094;359;2
dense-clutter-0-0;98;2663541;359;1
dense-clutter-0-0;99;2607667;359;3
dense-clutter-0-0;100;2711904;359;3
dense-clutter-0-0;101;2993937;359;3
dense-clutter-0-0;102;2864834;359;3
dense-clutter-0-0;103;2851381;359;3
dense-clutter-0-0;104;2723970;359;1
dense-clutter-0-0;105;2510192;359;3
dense-clutter-0-0;106;2902578;359;3
dense-clutter-0-0;107;2815267;359;3
dense-clutter-0-0;108;2623913;359;1
dense-clutter-0-0;109;2733194;359;2
dense-clutter-0-0;110;2824200;359;1
dense-clutter-0-0;111;2810082;359;4
dense-clutter-0-0;112;2733489;359;2
dense-clutter-0-0;113;2649223;359;1
dense-clutter-0-0;114;2713842;359;1
dense-clutter-0-0;115;2704000;359;1
dense-clutter-0-0;116;2936782;359;1
dense-clutter-0-0;117;2783474;359;1
dense-clutter-0-0;118;2874576;359;5
dense-clutter-0-0;119;2791910;359;2
dense-clutter-0-0;120;2729804;359;2
dense-clutter-0-0;121;2723058;359;2
dense-clutter-0-0;122;2668007;359;2
dense-clutter-0-0;123;2679693;359;1
dense-clutter-0-0;124;2610274;359;1
dense-clutter-0-0;125;2819240;359;3
dense-clutter-0-0;126;2701224;359;3
dense-clutter-0-0;127;2661779;359;2
dense-clutter-0-0;128;2647086;359;1
dense-clutter-0-0;129;2667847;359;1
dense-clutter-0-0;130;2723850;359;2
dense-clutter-0-0;131;2688234;359;3
dense-clutter-0-0;132;2683359;359;1
dense-clutter-0-0;133;2583924;359;6
dense-clutter-0-0;134;2775873;359;4
dense-clutter-0-0;135;2632493;359;2
dense-clutter-0-0;136;2664066;359;1
dense-clutter-0-0;137;2766363;359;1
dense-clutter-0-0;138;2671373;359;2
dense-clutter-0-0;139;2966018;359;1
dense-clutter-0-0;140;2778559;359;1
dense-clutter-0-0;141;2777873;359;1
dense-clutter-0-0;142;2715793;359;2
dense-clutter-0-0;143;2803924;359;4
dense-clutter-0-0;144;2813235;359;1
dense-clutter-0-0;145;2708258;359;2
dense-clutter-0-0;146;2845997;359;3
dense-clutter-0-0;147;2730986;359;3
dense-clutter-0-0;148;2691909;359;3
dense-clutter-0-0;149;2734629;359;1
dense-clutter-0-0;150;2793310;359;1
dense-clutter-0-0;151;2780172;359;3
dense-clutter-0-0;152;2922269;359;2
dense-clutter-0-0;153;2720504;359;1
dense-clutter-0-0;154;2800889;359;2
dense-clutter-0-0;155;2684505;359;1
dense-clutter-0-0;156;2855275;359;3
dense-clutter-0-0;157;2683502;359;2
dense-clutter-0-0;158;2896786;359;2
dense-clutter-0-0;159;2702256;359;2
dense-clutter-0-0;160;2760456;359;2
dense-clutter-0-0;161;2770013;359;2
dense-clutter-0-0;162;2652496;359;1
dense-clutter-0-0;163;2771420;359;2
dense-clutter-0-0;164;2827052;359;2
dense-clutter-0-0;165;2648207;359;2
dense-clutter-0-0;166;2956176;359;1
dense-clutter-0-0;167;2687845;359;1
dense-clutter-0-0;168;2651884;359;2
dense-clutter-0-0;169;2903990;359;1
dense-clutter-0-0;170;2601749;359;1
dense-clutter-0-0;171;2734949;359;1
dense-clutter-0-0;172;2744647;359;1
dense-clutter-0-0;173;2842279;359;2
dense-clutter-0-0;174;2911550;359;2
dense-clutter-0-0;175;2797497;359;2
dense-clutter-0-0;176;2575971;359;2
dense-clutter-0-0;177;2698530;359;1
dense-clutter-0-0;178;2647648;359;1
dense-clutter-0-0;179;2814033;359;1
dense-clutter-0-0;180;2581199;359;2
dense-clutter-0-0;181;2741025;359;1
dense-clutter-0-0;182;2801440;359;4
dense-clutter-0-0;183;2572859;359;2
dense-clutter-0-0;184;2735056;359;1
dense-clutter-0-0;185;2777369;359;2
dense-clutter-0-0;186;2639418;359;2
dense-clutter-0-0;187;2715736;359;1
dense-clutter-0-0;188;2659752;359;1
dense-clutter-0-0;189;2802733;359;1
dense-clutter-0-0;190;2704189;359;1
dense-clutter-0-0;191;2732391;359;2
dense-clutter-0-0;192;2767254;359;1
dense-clutter-0-0;193;2817689;359;2
dense-clutter-0-0;194;2975118;359;1
dense-clutter-0-0;195;2815473;359;1
dense-clutter-0-0;196;2561028;359;1
dense-clutter-0-0;197;2946613;359;1
dense-clutter-0-0;198;2711686;359;1
dense-clutter-0-0;199;2717775;359;3
noisy-wall-0-0;0;2469738;359;1
noisy-wall-0-0;1;2456042;359;1
noisy-wall-0-0;2;2473350;359;1
noisy-wall-0-0;3;2547979;359;1
noisy-wall-0-0;4;2595205;359;1
noisy-wall-0-0;5;2634715;359;1
noisy-wall-0-0;6;2558109;359;3
noisy-wall-0-0;7;2585687;359;1
noisy-wall-0-0;8;2624090;359;1
noisy-wall-0-0;9;2729796;359;1
noisy-wall-0-0;10;2574313;359;2
noisy-wall-0-0;11;2692127;359;1
noisy-wall-0-0;12;2485328;359;1
noisy-wall-0-0;13;2548233;359;1
noisy-wall-0-0;14;2604117;359;1
noisy-wall-0-0;15;2515330;359;1
noisy-wall-0-0;16;2713446;359;1
noisy-wall-0-0;17;2585270;359;1
noisy-wall-0-0;18;2644628;359;2
noisy-wall-0-0;19;2572223;359;1
noisy-wall-0-0;20;2596335;359;1
noisy-wall-0-0;21;2463922;359;1
noisy-wall-0-0;22;2483496;359;1
noisy-wall-0-0;23;2528270;359;1
noisy-wall-0-0;24;2529416;359;1
noisy-wall-0-0;25;2590971;359;1
noisy-wall-0-0;26;2420697;359;1
noisy-wall-0-0;27;2628905;359;1
noisy-wall-0-0;28;2621887;359;1
noisy-wall-0-0;29;2569611;359;2
noisy-wall-0-0;30;2481320;359;1
noisy-wall-0-0;31;2545927;359;1
noisy-wall-0-0;32;2618256;359;1
noisy-wall-0-0;33;2608130;359;1
noisy-wall-0-0;34;2533251;359;1
noisy-wall-0-0;35;2499780;359;1
noisy-wall-0-0;36;2640924;359;1
noisy-wall-0-0;37;2564227;359;1
noisy-wall-0-0;38;2601254;359;2
noisy-wall-0-0;39;2689819;359;2
noisy-wall-0-0;40;2692074;359;1
noisy-wall-0-0;41;2723631;359;1
noisy-wall-0-0;42;2659701;359;1
noisy-wall-0-0;43;2692699;359;1
noisy-wall-0-0;44;2724242;359;1
noisy-wall-0-0;45;2636824;359;1
noisy-wall-0-0;46;2538249;359;1
noisy-wall-0-0;47;2626029;359;1
noisy-wall-0-0;48;2729021;359;1
noisy-wall-0-0;49;2455545;359;1
noisy-wall-0-0;50;2484063;359;1
noisy-wall-0-0;51;2565865;359;1
noisy-wall-0-0;52;2634351;359;1
noisy-wall-0-0;53;2558512;359;1
noisy-wall-0-0;54;2569425;359;1
noisy-wall-0-0;55;2798151;359;1
noisy-wall-0-0;56;2693402;359;1
noisy-wall-0-0;57;2579419;359;1
noisy-wall-0-0;58;2658313;359;1
noisy-wall-0-0;59;2532661;359;1
noisy-wall-0-0;60;2463381;359;1
noisy-wall-0-0;61;2572256;359;2
noisy-wall-0-0;62;2527564;359;2
noisy-wall-0-0;63;2757635;359;2
noisy-wall-0-0;64;2527496;359;1
noisy-wall-0-0;65;2505712;359;1
noisy-wall-0-0;66;2476639;359;1
noisy-wall-0-0;67;2706681;359;1
noisy-wall-0-0;68;2781718;359;1
noisy-wall-0-0;69;2692177;359;2
noisy-wall-0-0;70;2744770;359;2
noisy-wall-0-0;71;2707148;359;2
noisy-wall-0-0;72;2595519;359;2
noisy-wall-0-0;73;2485465;359;2
noisy-wall-0-0;74;2642827;359;3
noisy-wall-0-0;75;2514623;359;3
noisy-wall-0-0;76;2588849;359;3
noisy-wall-0-0;77;2614007;359;1
noisy-wall-0-0;78;2626950;359;1
noisy-wall-0-0;79;2421904;359;1
noisy-wall-0-0;80;2740725;359;1
noisy-wall-0-0;81;2558586;359;2
noisy-wall-0-0;82;2560583;359;2
noisy-wall-0-0;83;2655439;359;2
noisy-wall-0-0;84;2570765;359;1
noisy-wall-0-0;85;2421169;359;1
noisy-wall-0-0;86;2594215;359;1
noisy-wall-0-0;87;2541027;359;1
noisy-wall-0-0;88;2526964;359;2
noisy-wall-0-0;89;2732742;359;2
noisy-wall-0-0;90;2666107;359;2
noisy-wall-0-0;91;2602417;359;2
noisy-wall-0-0;92;2372919;359;1
noisy-wall-0-0;93;2440058;359;2
noisy-wall-0-0;94;2594935;359;2
noisy-wall-0-0;95;2430870;359;2
noisy-wall-0-0;96;2595553;359;2
noisy-wall-0-0;97;2612311;359;2
noisy-wall-0-0;98;2743665;359;1
noisy-wall-0-0;99;2643885;359;1
noisy-wall-0-0;100;2640186;359;2
noisy-wall-0-0;101;2667738;359;2
noisy-wall-0-0;102;2614023;359;2
noisy-wall-0-0;103;2413450;359;1
noisy-wall-0-0;104;2627185;359;1
noisy-wall-0-0;105;2589978;359;1
noisy-wall-0-0;106;2633444;359;1
noisy-wall-0-0;107;2657048;359;1
noisy-wall-0-0;108;2581695;359;1
noisy-wall-0-0;109;2490977;359;2
noisy-wall-0-0;110;2577863;359;2
noisy-wall-0-0;111;2564803;359;2
noisy-wall-0-0;112;2626516;359;2
noisy-wall-0-0;113;2541298;359;1
noisy-wall-0-0;114;2597525;359;1
noisy-wall-0-0;115;2577304;359;1
noisy-wall-0-0;116;2593787;359;1
noisy-wall-0-0;117;2599158;359;1
noisy-wall-0-0;118;2493004;359;1
noisy-wall-0-0;119;2599086;359;1
noisy-wall-0-0;120;2573237;359;1
noisy-wall-0-0;121;2691900;359;1
noisy-wall-0-0;122;2723935;359;1
noisy-wall-0-0;123;2754736;359;1
noisy-wall-0-0;124;2345420;359;1
noisy-wall-0-0;125;2634581;359;1
noisy-wall-0-0;126;2576811;359;1
noisy-wall-0-0;127;2634718;359;1
noisy-wall-0-0;128;2602853;359;1
noisy-wall-0-0;129;2358593;359;1
noisy-wall-0-0;130;2744794;359;1
noisy-wall-0-0;131;2693005;359;1
noisy-wall-0-0;132;2567553;359;1
noisy-wall-0-0;133;2622394;359;1
noisy-wall-0-0;134;2537928;359;1
noisy-wall-0-0;135;2768951;359;1
noisy-wall-0-0;136;2654879;359;1
noisy-wall-0-0;137;2737702;359;1
noisy-wall-0-0;138;2867035;359;1
noisy-wall-0-0;139;2457597;359;1
noisy-wall-0-0;140;2535974;359;2
noisy-wall-0-0;141;2493911;359;1
noisy-wall-0-0;142;2635302;359;1
noisy-wall-0-0;143;2657671;359;1
noisy-wall-0-0;144;2641521;359;1
noisy-wall-0-0;145;2502235;359;1
noisy-wall-0-0;146;2575753;359;1
noisy-wall-0-0;147;2768847;359;2
noisy-wall-0-0;148;2795324;359;2
noisy-wall-0-0;149;2581134;359;2
noisy-wall-0-0;150;2558899;359;2
noisy-wall-0-0;151;2453676;359;2
noisy-wall-0-0;152;2565688;359;1
noisy-wall-0-0;153;2626588;359;1
noisy-wall-0-0;154;2536394;359;1
noisy-wall-0-0;155;2435191;359;1
noisy-wall-0-0;156;2560560;359;1
noisy-wall-0-0;157;2774390;359;1
noisy-wall-0-0;158;2824529;359;2
noisy-wall-0-0;159;2438143;359;2
noisy-wall-0-0;160;2748077;359;2
noisy-wall-0-0;161;2551586;359;1
noisy-wall-0-0;162;2733342;359;1
noisy-wall-0-0;163;2653336;359;1
noisy-wall-0-0;164;2602437;359;1
noisy-wall-0-0;165;2787071;359;1
noisy-wall-0-0;166;2678251;359;1
noisy-wall-0-0;167;2606476;359;1
noisy-wall-0-0;168;2523213;359;1
noisy-wall-0-0;169;2533257;359;2
noisy-wall-0-0;170;2472039;359;2
noisy-wall-0-0;171;2585952;359;1
noisy-wall-0-0;172;2839777;359;1
noisy-wall-0-0;173;2659172;359;1
noisy-wall-0-0;174;2608573;359;1
noisy-wall-0-0;175;2479368;359;1
noisy-wall-0-0;176;2590667;359;1
noisy-wall-0-0;177;2500639;359;1
noisy-wall-0-0;178;2603133;359;1
noisy-wall-0-0;179;2616889;359;1
noisy-wall-0-0;180;2632260;359;1
noisy-wall-0-0;181;2603494;359;1
noisy-wall-0-0;182;2463833;359;1
noisy-wall-0-0;183;2379419;359;1
noisy-wall-0-0;184;2735517;359;1
noisy-wall-0-0;185;2650413;359;1
noisy-wall-0-0;186;2673343;359;1
noisy-wall-0-0;187;2545216;359;1
noisy-wall-0-0;188;2540363;359;1
noisy-wall-0-0;189;2714637;359;3
noisy-wall-0-0;190;2642873;359;3
noisy-wall-0-0;191;2520214;359;3
noisy-wall-0-0;192;2606473;359;2
noisy-wall-0-0;193;2620999;359;2
noisy-wall-0-0;194;2314288;359;1
noisy-wall-0-0;195;2606138;359;1
noisy-wall-0-0;196;2646148;359;1
noisy-wall-0-0;197;2504509;359;1
noisy-wall-0-0;198;2554599;359;3
noisy-wall-0-0;199;2424588;359;3
testrun-sa-0;0;1292878;360;8
testrun-sa-0;1;1229919;355;8
testrun-synthetic-135;0;1735418;360;8
testrun-synthetic-135;1;1728964;360;8
testrun-synthetic-135;2;1733231;360;8
testrun-synthetic-135;3;1736182;360;8
testrun-synthetic-135;4;1727178;360;8
testrun-synthetic-135;5;1739154;360;8
testrun-synthetic-135;6;1736644;360;8
testrun-synthetic-135;7;1725403;360;8
testrun-synthetic-135;8;1738822;360;8
testrun-synthetic-135;9;1734035;360;8
testrun-synthetic-135;10;1736105;360;8
testrun-synthetic-135;11;1723351;360;8
testrun-synthetic-135;12;1733671;360;9
testrun-synthetic-135;13;1751837;360;9
testrun-synthetic-135;14;1731451;360;9
testrun-synthetic-135;15;1747123;360;9
testrun-synthetic-135;16;1754171;360;9
testrun-synthetic-135;17;1707916;360;9
testrun-synthetic-135;18;1712942;360;9
testrun-synthetic-135;19;1723513;360;9
testrun-synthetic-135;20;1716803;360;9
testrun-synthetic-135;21;1730783;360;9
testrun-synthetic-135;22;1719130;360;9
testrun-synthetic-135;23;1714277;360;9
testrun-synthetic-135;24;1728278;360;9
testrun-synthetic-135;25;1718188;360;9
testrun-synthetic-135;26;1708850;360;9
testrun-synthetic-135;27;1734394;360;9
testrun-synthetic-135;28;1718690;360;9
testrun-synthetic-135;29;1726921;360;9
testrun-synthetic-135;30;1731613;360;9
testrun-synthetic-135;31;1724637;360;9
testrun-synthetic-135;32;1719030;360;9
testrun-synthetic-135;33;1729126;360;9
testrun-synthetic-135;34;1736217;360;9
testrun-synthetic-135;35;1733446;360;9
testrun-synthetic-135;36;1732295;360;10
testrun-synthetic-135;37;1734982;360;10
testrun-synthetic-135;38;1730611;360;10
testrun-synthetic-135;39;1730322;360;10
testrun-synthetic-135;40;1716687;360;10
testrun-synthetic-135;41;1727083;360;10
testrun-synthetic-135;42;1728469;360;10
testrun-synthetic-135;43;1708845;360;10
testrun-synthetic-135;44;1736417;360;10
testrun-synthetic-135;45;1731327;360;10
testrun-synthetic-135;46;1718964;360;10
testrun-synthetic-135;47;1730129;360;10
testrun-synthetic-135;48;1730364;360;10
testrun-synthetic-135;49;1717048;360;10
testrun-synthetic-135;50;1721630;360;10
testrun-synthetic-135;51;1741311;360;10
testrun-synthetic-135;52;1731433;360;10
testrun-synthetic-135;53;1726974;360;10
testrun-synthetic-135;54;1727835;360;10
testrun-synthetic-135;55;1733130;360;10
testrun-synthetic-135;56;1729318;360;10
testrun-synthetic-135;57;1742564;360;10
testrun-synthetic-135;58;1719397;360;11
testrun-synthetic-135;59;1730719;360;11
testrun-synthetic-135;60;1730842;360;11
testrun-synthetic-135;61;1727634;360;11
testrun-synthetic-135;62;1721594;360;11
testrun-synthetic-135;63;1727610;360;11
testrun-synthetic-135;64;1742058;360;11
testrun-synthetic-135;65;1743294;360;11
testrun-synthetic-135;66;1719236;360;11
testrun-synthetic-135;67;1731567;360;11
testrun-synthetic-135;68;1721021;360;11
testrun-synthetic-135;69;1731731;360;11
testrun-synthetic-135;70;1731329;360;11
testrun-synthetic-135;71;1748542;360;11
testrun-synthetic-135;72;1742945;360;11
testrun-synthetic-135;73;1739954;360;11
testrun-synthetic-135;74;1728817;360;11
testrun-synthetic-135;75;1731435;360;11
testrun-synthetic-135;76;1723111;360;12
testrun-synthetic-135;77;1738146;360;12
testrun-synthetic-135;78;1732413;360;12
testrun-synthetic-135;79;1736235;360;12
testrun-synthetic-135;80;1718961;360;12
testrun-synthetic-135;81;1732992;360;12
testrun-synthetic-135;82;1736713;360;12
testrun-synthetic-135;83;1745853;360;12
testrun-synthetic-135;84;1732405;360;12
testrun-synthetic-135;85;1730638;360;12
testrun-synthetic-135;86;1747863;360;12
testrun-synthetic-135;87;1711789;360;12
testrun-synthetic-135;88;1718249;360;12
testrun-synthetic-135;89;1709768;360;12
testrun-synthetic-135;90;1713133;360;12
testrun-synthetic-135;91;1721887;360;12
testrun-synthetic-135;92;1713789;360;12
testrun-synthetic-135;93;1716616;360;12
testrun-synthetic-135;94;1735298;360;12
testrun-synthetic-135;95;1718420;360;12
testrun-synthetic-135;96;1719500;360;13
testrun-synthetic-135;97;1722911;360;13
testrun-synthetic-135;98;1721864;360;13
testrun-synthetic-135;99;1699862;360;13
testrun-synthetic-135;100;1720166;360;13
testrun-synthetic-135;101;1725600;360;13
testrun-synthetic-135;102;1718207;360;13
testrun-synthetic-135;103;1733747;360;13
testrun-synthetic-135;104;1716167;360;13
testrun-synthetic-135;105;1733712;360;13
testrun-synthetic-135;106;1731490;360;13
testrun-synthetic-135;107;1716552;360;13
testrun-synthetic-135;108;1725764;360;13
testrun-synthetic-135;109;1713861;360;13
testrun-synthetic-135;110;1716786;360;14
testrun-synthetic-135;111;1721512;360;14
testrun-synthetic-135;112;1714004;360;14
testrun-synthetic-135;113;1722064;360;14
testrun-synthetic-135;114;1719838;360;14
testrun-synthetic-135;115;1707769;360;14
testrun-synthetic-135;116;1737314;360;14
testrun-synthetic-135;117;1735383;360;14
testrun-synthetic-135;118;1733385;360;14
testrun-synthetic-135;119;1730725;360;14
testrun-synthetic-135;120;1731230;360;14
testrun-synthetic-135;121;1706733;360;14
testrun-synthetic-135;122;1725405;360;14
testrun-synthetic-135;123;1728303;360;14
testrun-synthetic-135;124;1731998;360;14
testrun-synthetic-135;125;1741600;360;14
testrun-synthetic-135;126;1735350;360;15
testrun-synthetic-135;127;1736069;360;15
testrun-synthetic-135;128;1707857;360;15
testrun-synthetic-135;129;1728924;360;15
testrun-synthetic-135;130;1722894;360;15
testrun-synthetic-135;131;1722143;360;15
testrun-synthetic-135;132;1711881;360;15
testrun-synthetic-135;133;1722350;360;15
testrun-synthetic-135;134;1736193;360;15
testrun-synthetic-135;135;1731010;360;15
testrun-synthetic-135;136;1723484;360;15
testrun-synthetic-135;137;1727620;360;15
testrun-synthetic-135;138;1734427;360;15
testrun-synthetic-135;139;1732261;360;15
testrun-synthetic-135;140;1726588;360;15
testrun-synthetic-135;141;1717247;360;15
testrun-synthetic-135;142;1741788;360;15
testrun-synthetic-135;143;1714988;360;16
testrun-synthetic-135;144;1727538;360;16
testrun-synthetic-135;145;1722622;360;16
testrun-synthetic-135;146;1734183;360;16
testrun-synthetic-135;147;1725845;360;16
testrun-synthetic-135;148;1729341;360;16
testrun-synthetic-135;149;1740595;360;16
testrun-synthetic-135;150;1713032;360;16
testrun-synthetic-135;151;1730388;360;16
testrun-synthetic-135;152;1737132;360;17
testrun-synthetic-135;153;1726016;360;17
testrun-synthetic-135;154;1732975;360;17
testrun-synthetic-135;155;1734947;360;17
testrun-synthetic-135;156;1743456;360;17
testrun-synthetic-135;157;1704095;360;17
testrun-synthetic-135;158;1699029;360;17
testrun-synthetic-135;159;1720027;360;17
testrun-synthetic-135;160;1708140;360;17
testrun-synthetic-135;161;1713305;360;17
testrun-synthetic-135;162;1738241;360;17
testrun-synthetic-135;163;1722354;360;17
testrun-synthetic-135;164;1733880;360;17
testrun-synthetic-135;165;1730958;360;17
testrun-synthetic-135;166;1728230;360;17
testrun-synthetic-135;167;1721844;360;17
testrun-synthetic-135;168;1702339;360;17
testrun-synthetic-135;169;1736413;360;17
testrun-synthetic-135;170;1734884;360;17
testrun-synthetic-135;171;1733075;360;17
testrun-synthetic-135;172;1724778;360;18
testrun-synthetic-135;173;1719070;360;18
testrun-synthetic-135;174;1729413;360;18
testrun-synthetic-135;175;1218258;360;18
testrun-synthetic-135;176;1186755;360;18
testrun-synthetic-135;177;1232429;360;18
testrun-synthetic-135;178;1215317;360;18
testrun-synthetic-135;179;1202393;360;18
testrun-synthetic-135;180;1200866;360;18
testrun-synthetic-135;181;1232535;360;18
testrun-synthetic-135;182;1222782;360;18
testrun-synthetic-135;183;1242166;360;18
testrun-synthetic-135;184;1223021;360;18
testrun-synthetic-135;185;1222122;360;18
testrun-synthetic-135;186;1203138;360;18
testrun-synthetic-135;187;1208775;360;18
testrun-synthetic-135;188;1233820;360;18
testrun-synthetic-135;189;1213086;360;18
testrun-synthetic-135;190;1223985;360;18
testrun-synthetic-135;191;1228666;360;18
testrun-synthetic-135;192;1243677;360;18
testrun-synthetic-135;193;1211238;360;18
testrun-synthetic-135;194;1229556;360;18
testrun-synthetic-135;195;1237877;360;18
testrun-synthetic-135;196;1236575;360;18
testrun-synthetic-135;197;1210228;360;18
testrun-synthetic-135;198;1205224;360;18
testrun-synthetic-135;199;1185675;360;18
threshold-jitter-0-0;0;2194264;359;8
threshold-jitter-0-0;1;2196604;359;8
threshold-jitter-0-0;2;2191541;359;8
threshold-jitter-0-0;3;2193453;359;8
threshold-jitter-0-0;4;2188285;359;8
threshold-jitter-0-0;5;2190141;359;8
threshold-jitter-0-0;6;2193182;359;8
threshold-jitter-0-0;7;2192318;359;8
threshold-jitter-0-0;8;2197079;359;8
threshold-jitter-0-0;9;2187600;359;8
threshold-jitter-0-0;10;2185198;359;8
threshold-jitter-0-0;11;2193837;359;8
threshold-jitter-0-0;12;2188936;359;8
threshold-jitter-0-0;13;2193379;359;8
threshold-jitter-0-0;14;2194802;359;8
threshold-jitter-0-0;15;2187114;359;8
threshold-jitter-0-0;16;2190958;359;8
threshold-jitter-0-0;17;2194143;359;8
threshold-jitter-0-0;18;2192397;359;8
threshold-jitter-0-0;19;2195549;359;8
threshold-jitter-0-0;20;2193158;359;8
threshold-jitter-0-0;21;2192627;359;8
threshold-jitter-0-0;22;2192122;359;8
threshold-jitter-0-0;23;2190608;359;8
threshold-jitter-0-0;24;2194666;359;8
threshold-jitter-0-0;25;2194736;359;8
threshold-jitter-0-0;26;2192137;359;8
threshold-jitter-0-0;27;2193269;359;8
threshold-jitter-0-0;28;2187626;359;8
threshold-jitter-0-0;29;2193781;359;8
threshold-jitter-0-0;30;2193001;359;8
threshold-jitter-0-0;31;2190810;359;8
threshold-jitter-0-0;32;2195451;359;8
threshold-jitter-0-0;33;2191299;359;8
threshold-jitter-0-0;34;2189080;359;8
threshold-jitter-0-0;35;2186750;359;8
threshold-jitter-0-0;36;2189167;359;8
threshold-jitter-0-0;37;2194792;359;8
threshold-jitter-0-0;38;2194058;359;8
threshold-jitter-0-0;39;2190655;359;8
threshold-jitter-0-0;40;2194184;359;8
threshold-jitter-0-0;41;2192170;359;8
threshold-jitter-0-0;42;2191815;359;8
threshold-jitter-0-0;43;2194266;359;8
threshold-jitter-0-0;44;2191317;359;8
threshold-jitter-0-0;45;2194743;359;8
threshold-jitter-0-0;46;2194120;359;8
threshold-jitter-0-0;47;2192041;359;8
threshold-jitter-0-0;48;2188418;359;8
threshold-jitter-0-0;49;2190727;359;8
threshold-jitter-0-0;50;2190833;359;8
threshold-jitter-0-0;51;2195126;359;8
threshold-jitter-0-0;52;2191889;359;8
threshold-jitter-0-0;53;2194115;359;8
threshold-jitter-0-0;54;2194724;359;8
threshold-jitter-0-0;55;2191557;359;8
threshold-jitter-0-0;56;2195064;359;8
threshold-jitter-0-0;57;2189625;359;8
threshold-jitter-0-0;58;2192805;359;8
threshold-jitter-0-0;59;2194363;359;8
threshold-jitter-0-0;60;2189673;359;8
threshold-jitter-0-0;61;2191622;359;8
threshold-jitter-0-0;62;2193686;359;8
threshold-jitter-0-0;63;2191526;359;8
threshold-jitter-0-0;64;2192539;359;8
threshold-jitter-0-0;65;2191026;359;8
threshold-jitter-0-0;66;2192896;359;8
threshold-jitter-0-0;67;2193727;359;8
threshold-jitter-0-0;68;2188470;359;8
threshold-jitter-0-0;69;2195458;359;8
threshold-jitter-0-0;70;2193390;359;8
threshold-jitter-0-0;71;2190692;359;8
threshold-jitter-0-0;72;2193820;359;8
threshold-jitter-0-0;73;2191721;359;8
threshold-jitter-0-0;74;2188908;359;8
threshold-jitter-0-0;75;2194879;359;8
threshold-jitter-0-0;76;2188490;359;8
threshold-jitter-0-0;77;2195602;359;8
threshold-jitter-0-0;78;2193496;359;8
threshold-jitter-0-0;79;2189335;359;8
threshold-jitter-0-0;80;2192042;359;8
threshold-jitter-0-0;81;2190586;359;8
threshold-jitter-0-0;82;2194707;359;8
threshold-jitter-0-0;83;2192828;359;8
threshold-jitter-0-0;84;2188602;359;8
threshold-jitter-0-0;85;2194865;359;8
threshold-jitter-0-0;86;2185460;359;8
threshold-jitter-0-0;87;2185870;359;8
threshold-jitter-0-0;88;2194360;359;8
threshold-jitter-0-0;89;2192314;359;8
threshold-jitter-0-0;90;2195334;359;8
threshold-jitter-0-0;91;2192994;359;8
threshold-jitter-0-0;92;2189229;359;8
threshold-jitter-0-0;93;2194084;359;8
threshold-jitter-0-0;94;2191877;359;8
threshold-jitter-0-0;95;2190580;359;8
threshold-jitter-0-0;96;2196297;359;8
threshold-jitter-0-0;97;2189030;359;8
threshold-jitter-0-0;98;2193044;359;8
threshold-jitter-0-0;99;2189353;359;8
threshold-jitter-0-0;100;2187549;359;8
threshold-jitter-0-0;101;2192025;359;8
threshold-jitter-0-0;102;2188602;359;8
threshold-jitter-0-0;103;2195357;359;8
threshold-jitter-0-0;104;2196663;359;8
threshold-jitter-0-0;105;2193014;359;8
threshold-jitter-0-0;106;2193609;359;8
threshold-jitter-0-0;107;2194128;359;8
threshold-jitter-0-0;108;2189461;359;8
threshold-jitter-0-0;109;2196246;359;8
threshold-jitter-0-0;110;2190959;359;8
threshold-jitter-0-0;111;2194854;359;8
threshold-jitter-0-0;112;2188948;359;8
threshold-jitter-0-0;113;2189648;359;8
threshold-jitter-0-0;114;2193581;359;8
threshold-jitter-0-0;115;2195448;359;8
threshold-jitter-0-0;116;2191055;359;8
threshold-jitter-0-0;117;2196998;359;8
threshold-jitter-0-0;118;2188377;359;8
threshold-jitter-0-0;119;2193846;359;8
threshold-jitter-0-0;120;2194034;359;8
threshold-jitter-0-0;121;2188899;359;8
threshold-jitter-0-0;122;2193448;359;8
threshold-jitter-0-0;123;2189592;359;8
threshold-jitter-0-0;124;2191053;359;8
threshold-jitter-0-0;125;2189984;359;8
threshold-jitter-0-0;126;2192078;359;8
threshold-jitter-0-0;127;2197683;359;8
threshold-jitter-0-0;128;2191545;359;8
threshold-jitter-0-0;129;2190403;359;8
threshold-jitter-0-0;130;2195470;359;8
threshold-jitter-0-0;131;2189018;359;8
threshold-jitter-0-0;132;2190023;359;8
threshold-jitter-0-0;133;2192974;359;8
threshold-jitter-0-0;134;2190136;359;8
threshold-jitter-0-0;135;2191125;359;8
threshold-jitter-0-0;136;2194673;359;8
threshold-jitter-0-0;137;2189755;359;8
threshold-jitter-0-0;138;2188034;359;8
threshold-jitter-0-0;139;2190899;359;8
threshold-jitter-0-0;140;2197432;359;8
threshold-jitter-0-0;141;2193201;359;8
threshold-jitter-0-0;142;2190142;359;8
threshold-jitter-0-0;143;2194976;359;8
threshold-jitter-0-0;144;2194408;359;8
threshold-jitter-0-0;145;2192036;359;8
threshold-jitter-0-0;146;2196217;359;8
threshold-jitter-0-0;147;2192021;359;8
threshold-jitter-0-0;148;2190766;359;8
threshold-jitter-0-0;149;2195669;359;8
threshold-jitter-0-0;150;2189956;359;8
threshold-jitter-0-0;151;2187543;359;8
threshold-jitter-0-0;152;2193509;359;8
threshold-jitter-0-0;153;2191385;359;8
threshold-jitter-0-0;154;2192843;359;8
threshold-jitter-0-0;155;2189719;359;8
threshold-jitter-0-0;156;2195078;359;8
threshold-jitter-0-0;157;2196960;359;8
threshold-jitter-0-0;158;2192234;359;8
threshold-jitter-0-0;159;2195360;359;8
threshold-jitter-0-0;160;2195268;359;8
threshold-jitter-0-0;161;2189658;359;8
threshold-jitter-0-0;162;2191999;359;8
threshold-jitter-0-0;163;2185503;359;8
threshold-jitter-0-0;164;2190309;359;8
threshold-jitter-0-0;165;2195033;359;8
threshold-jitter-0-0;166;2190702;359;8
threshold-jitter-0-0;167;2193852;359;8
threshold-jitter-0-0;168;2192044;359;8
threshold-jitter-0-0;169;2188616;359;8
threshold-jitter-0-0;170;2192943;359;8
threshold-jitter-0-0;171;2188584;359;8
threshold-jitter-0-0;172;2193701;359;8
threshold-jitter-0-0;173;2192032;359;8
threshold-jitter-0-0;174;2193023;359;8
threshold-jitter-0-0;175;2193277;359;8
threshold-jitter-0-0;176;2184398;359;8
threshold-jitter-0-0;177;2196264;359;8
threshold-jitter-0-0;178;2194585;359;8
threshold-jitter-0-0;179;2191975;359;8
threshold-jitter-0-0;180;2195577;359;8
threshold-jitter-0-0;181;2194989;359;8
threshold-jitter-0-0;182;2189787;359;8
threshold-jitter-0-0;183;2196650;359;8
threshold-jitter-0-0;184;2190321;359;8
threshold-jitter-0-0;185;2195348;359;8
threshold-jitter-0-0;186;2196116;359;8
threshold-jitter-0-0;187;2188362;359;8
threshold-jitter-0-0;188;2197532;359;8
threshold-jitter-0-0;189;2187498;359;8
threshold-jitter-0-0;190;2188739;359;8
threshold-jitter-0-0;191;2194753;359;8
threshold-jitter-0-0;192;2190047;359;8
threshold-jitter-0-0;193;2194947;359;8
threshold-jitter-0-0;194;2192518;359;8
threshold-jitter-0-0;195;2188696;359;8
threshold-jitter-0-0;196;2194333;359;8
threshold-jitter-0-0;197;2194130;359;8
threshold-jitter-0-0;198;2190397;359;8
threshold-jitter-0-0;199;2192978;359;8
worst-mixed-0-0;0;2386095;359;8
worst-mixed-0-0;1;2456928;359;11
worst-mixed-0-0;2;2526285;359;8
worst-mixed-0-0;3;2433984;359;8
worst-mixed-0-0;4;2404383;359;9
worst-mixed-0-0;5;2473085;359;11
worst-mixed-0-0;6;2513795;359;10
worst-mixed-0-0;7;2333622;359;8
worst-mixed-0-0;8;2556725;359;8
worst-mixed-0-0;9;2410656;359;10
worst-mixed-0-0;10;2408811;359;10
worst-mixed-0-0;11;2394704;359;9
worst-mixed-0-0;12;2481323;359;9
worst-mixed-0-0;13;2567097;359;9
worst-mixed-0-0;14;2668125;359;9
worst-mixed-0-0;15;2630352;359;9
worst-mixed-0-0;16;2480686;359;9
worst-mixed-0-0;17;2617266;359;9
worst-mixed-0-0;18;2424590;359;7
worst-mixed-0-0;19;2460874;359;10
worst-mixed-0-0;20;2516080;359;7
worst-mixed-0-0;21;2720262;359;11
worst-mixed-0-0;22;2584620;359;8
worst-mixed-0-0;23;2399334;359;10
worst-mixed-0-0;24;2435309;359;10
worst-mixed-0-0;25;2506497;359;12
worst-mixed-0-0;26;2413608;359;9
worst-mixed-0-0;27;2517703;359;9
worst-mixed-0-0;28;2409044;359;9
worst-mixed-0-0;29;2474303;359;8
worst-mixed-0-0;30;2535440;359;7
worst-mixed-0-0;31;2475261;359;9
worst-mixed-0-0;32;2485504;359;12
worst-mixed-0-0;33;2525902;359;8
worst-mixed-0-0;34;2684545;359;8
worst-mixed-0-0;35;2400346;359;10
worst-mixed-0-0;36;2452480;359;8
worst-mixed-0-0;37;2404001;359;8
worst-mixed-0-0;38;2657020;359;8
worst-mixed-0-0;39;2594717;359;6
worst-mixed-0-0;40;2605717;359;10
worst-mixed-0-0;41;2463562;359;9
worst-mixed-0-0;42;2625347;359;8
worst-mixed-0-0;43;2426873;359;10
worst-mixed-0-0;44;2571424;359;8
worst-mixed-0-0;45;2698184;359;9
worst-mixed-0-0;46;2434555;359;9
worst-mixed-0-0;47;2621614;359;8
worst-mixed-0-0;48;2658641;359;8
worst-mixed-0-0;49;2444045;359;10
worst-mixed-0-0;50;2592108;359;8
worst-mixed-0-0;51;2535137;359;10
worst-mixed-0-0;52;2440470;359;9
worst-mixed-0-0;53;2676684;359;10
worst-mixed-0-0;54;2481829;359;9
worst-mixed-0-0;55;2596545;359;11
worst-mixed-0-0;56;2489192;359;7
worst-mixed-0-0;57;2491323;359;10
worst-mixed-0-0;58;2318038;359;9
worst-mixed-0-0;59;2446937;359;8
worst-mixed-0-0;60;2506993;359;8
worst-mixed-0-0;61;2453236;359;9
worst-mixed-0-0;62;2497998;359;7
worst-mixed-0-0;63;2426618;359;11
worst-mixed-0-0;64;2493837;359;8
worst-mixed-0-0;65;2435543;359;8
worst-mixed-0-0;66;2505705;359;7
worst-mixed-0-0;67;2596888;359;8
worst-mixed-0-0;68;2479257;359;8
worst-mixed-0-0;69;2505789;359;8
worst-mixed-0-0;70;2581854;359;9
worst-mixed-0-0;71;2450952;359;8
worst-mixed-0-0;72;2478712;359;10
worst-mixed-0-0;73;2726541;359;8
worst-mixed-0-0;74;2645814;359;8
worst-mixed-0-0;75;2467459;359;8
worst-mixed-0-0;76;2459478;359;8
worst-mixed-0-0;77;2526808;359;10
worst-mixed-0-0;78;2478301;359;10
worst-mixed-0-0;79;2461993;359;10
worst-mixed-0-0;80;2478369;359;8
worst-mixed-0-0;81;2467431;359;8
worst-mixed-0-0;82;2450682;359;11
worst-mixed-0-0;83;2347634;359;11
worst-mixed-0-0;84;2425080;359;10
worst-mixed-0-0;85;2500273;359;8
worst-mixed-0-0;86;2471174;359;9
worst-mixed-0-0;87;2526833;359;7
worst-mixed-0-0;88;2586265;359;8
worst-mixed-0-0;89;2356382;359;11
worst-mixed-0-0;90;2546183;359;8
worst-mixed-0-0;91;2386728;359;8
worst-mixed-0-0;92;2395812;359;7
worst-mixed-0-0;93;2406952;359;10
worst-mixed-0-0;94;2480693;359;9
worst-mixed-0-0;95;2527116;359;8
worst-mixed-0-0;96;2517221;359;10
worst-mixed-0-0;97;2533032;359;9
worst-mixed-0-0;98;2280292;359;10
worst-mixed-0-0;99;2456224;359;9
worst-mixed-0-0;100;2508495;359;9
worst-mixed-0-0;101;2705462;359;9
worst-mixed-0-0;102;2395229;359;11
worst-mixed-0-0;103;2418982;359;8
worst-mixed-0-0;104;2456965;359;9
worst-mixed-0-0;105;2498248;359;7
worst-mixed-0-0;106;2592741;359;9
worst-mixed-0-0;107;2482387;359;7
worst-mixed-0-0;108;2482466;359;9
worst-mixed-0-0;109;2499355;359;8
worst-mixed-0-0;110;2375430;359;10
worst-mixed-0-0;111;2477815;359;10
worst-mixed-0-0;112;2458451;359;11
worst-mixed-0-0;113;2416769;359;9
worst-mixed-0-0;114;2723622;359;8
worst-mixed-0-0;115;2575230;359;9
worst-mixed-0-0;116;2590061;359;7
worst-mixed-0-0;117;2430481;359;10
worst-mixed-0-0;118;2507533;359;8
worst-mixed-0-0;119;2395786;359;11
worst-mixed-0-0;120;2352153;359;10
worst-mixed-0-0;121;2533151;359;11
worst-mixed-0-0;122;2493746;359;7
worst-mixed-0-0;123;2577195;359;10
worst-mixed-0-0;124;2647910;359;8
worst-mixed-0-0;125;2405388;359;10
worst-mixed-0-0;126;2483171;359;10
worst-mixed-0-0;127;2439208;359;11
worst-mixed-0-0;128;2569339;359;10
worst-mixed-0-0;129;2511214;359;8
worst-mixed-0-0;130;2326300;359;8
worst-mixed-0-0;131;2440355;359;10
worst-mixed-0-0;132;2455466;359;11
worst-mixed-0-0;133;2405416;359;10
worst-mixed-0-0;134;2493458;359;9
worst-mixed-0-0;135;2419167;359;9
worst-mixed-0-0;136;2584717;359;8
worst-mixed-0-0;137;2403638;359;9
worst-mixed-0-0;138;2526195;359;8
worst-mixed-0-0;139;2448825;359;10
worst-mixed-0-0;140;2625601;359;9
worst-mixed-0-0;141;2729905;359;8
worst-mixed-0-0;142;2449219;359;11
worst-mixed-0-0;143;2612669;359;9
worst-mixed-0-0;144;2519745;359;9
worst-mixed-0-0;145;2439988;359;9
worst-mixed-0-0;146;2424488;359;10
worst-mixed-0-0;147;2582622;359;9
worst-mixed-0-0;148;2553395;359;9
worst-mixed-0-0;149;2515829;359;8
worst-mixed-0-0;150;2535178;359;10
worst-mixed-0-0;151;2386580;359;11
worst-mixed-0-0;152;2395545;359;9
worst-mixed-0-0;153;2464218;359;10
worst-mixed-0-0;154;2468903;359;7
worst-mixed-0-0;155;2634822;359;7
worst-mixed-0-0;156;2543837;359;7
worst-mixed-0-0;157;2437363;359;8
worst-mixed-0-0;158;2445807;359;8
worst-mixed-0-0;159;2412802;359;9
worst-mixed-0-0;160;2413819;359;9
worst-mixed-0-0;161;2539000;359;8
worst-mixed-0-0;162;2587588;359;9
worst-mixed-0-0;163;2426472;359;8
worst-mixed-0-0;164;2382005;359;9
worst-mixed-0-0;165;2655575;359;10
worst-mixed-0-0;166;2440526;359;8
worst-mixed-0-0;167;2653980;359;8
worst-mixed-0-0;168;2391874;359;9
worst-mixed-0-0;169;2320336;359;9
worst-mixed-0-0;170;2680323;359;12
worst-mixed-0-0;171;2584998;359;9
worst-mixed-0-0;172;2477088;359;8
worst-mixed-0-0;173;2571776;359;9
worst-mixed-0-0;174;2518465;359;9
worst-mixed-0-0;175;2369821;359;10
worst-mixed-0-0;176;2531779;359;8
worst-mixed-0-0;177;2562786;359;8
worst-mixed-0-0;178;2524818;359;10
worst-mixed-0-0;179;2501969;359;9
worst-mixed-0-0;180;2520876;359;10
worst-mixed-0-0;181;2693294;359;8
worst-mixed-0-0;182;2490110;359;12
worst-mixed-0-0;183;2676729;359;7
worst-mixed-0-0;184;2507376;359;9
worst-mixed-0-0;185;2509667;359;10
worst-mixed-0-0;186;2617711;359;11
worst-mixed-0-0;187;2663948;359;8
worst-mixed-0-0;188;2628542;359;8
worst-mixed-0-0;189;2368209;359;8
worst-mixed-0-0;190;2474811;359;8
worst-mixed-0-0;191;2402508;359;9
worst-mixed-0-0;192;2564742;359;8
worst-mixed-0-0;193;2513231;359;9
worst-mixed-0-0;194;2499574;359;12
worst-mixed-0-0;195;2603800;359;9
worst-mixed-0-0;196;2476935;359;10
worst-mixed-0-0;197;2507706;359;11
worst-mixed-0-0;198;2554797;359;9
worst-mixed-0-0;199;2549180;359;9
zigzag-0-0;0;2315232;359;34
zigzag-0-0;1;2392572;359;32
zigzag-0-0;2;2469526;359;32
zigzag-0-0;3;2445265;359;36
zigzag-0-0;4;2434019;359;29
zigzag-0-0;5;2280295;359;37
zigzag-0-0;6;2664577;359;33
zigzag-0-0;7;2343909;359;37
zigzag-0-0;8;2400838;359;31
zigzag-0-0;9;2456408;359;32
zigzag-0-0;10;2227077;359;33
zigzag-0-0;11;2621117;359;34
zigzag-0-0;12;2416887;359;33
zigzag-0-0;13;2326593;359;30
zigzag-0-0;14;2327019;359;32
zigzag-0-0;15;2539307;359;32
zigzag-0-0;16;2581458;359;33
zigzag-0-0;17;2514729;359;32
zigzag-0-0;18;2615413;359;30
zigzag-0-0;19;2437809;359;29
zigzag-0-0;20;2523095;359;34
zigzag-0-0;21;2385229;359;37
zigzag-0-0;22;2484950;359;31
zigzag-0-0;23;2306913;359;33
zigzag-0-0;24;2263449;359;37
zigzag-0-0;25;2480040;359;33
zigzag-0-0;26;2753890;359;35
zigzag-0-0;27;2239710;359;30
zigzag-0-0;28;2309849;359;33
zigzag-0-0;29;2413235;359;33
zigzag-0-0;30;2453653;359;31
zigzag-0-0;31;2551261;359;33
zigzag-0-0;32;2442068;359;37
zigzag-0-0;33;2355977;359;30
zigzag-0-0;34;2466009;359;32
zigzag-0-0;35;2664384;359;30
zigzag-0-0;36;2457453;359;27
zigzag-0-0;37;2499098;359;30
zigzag-0-0;38;2434129;359;33
zigzag-0-0;39;2532818;359;34
zigzag-0-0;40;2394848;359;32
zigzag-0-0;41;2422904;359;33
zigzag-0-0;42;2442918;359;33
zigzag-0-0;43;2549259;359;33
zigzag-0-0;44;2642103;359;35
zigzag-0-0;45;2552190;359;31
zigzag-0-0;46;2376070;359;31
zigzag-0-0;47;2333998;359;33
zigzag-0-0;48;2450036;359;32
zigzag-0-0;49;2591673;359;29
zigzag-0-0;50;2362831;359;33
zigzag-0-0;51;2690593;359;28
zigzag-0-0;52;2326304;359;33
zigzag-0-0;53;2541350;359;32
zigzag-0-0;54;2573881;359;33
zigzag-0-0;55;2469882;359;29
zigzag-0-0;56;2360029;359;34
zigzag-0-0;57;2273869;359;29
zigzag-0-0;58;2534511;359;33
zigzag-0-0;59;2487880;359;30
zigzag-0-0;60;2407781;359;36
zigzag-0-0;61;2423607;359;29
zigzag-0-0;62;2224518;359;38
zigzag-0-0;63;2257857;359;33
zigzag-0-0;64;2426931;359;31
zigzag-0-0;65;2637853;359;31
zigzag-0-0;66;2506813;359;31
zigzag-0-0;67;2488786;359;34
zigzag-0-0;68;2545941;359;36
zigzag-0-0;69;2539845;359;35
zigzag-0-0;70;2612348;359;36
zigzag-0-0;71;2389920;359;38
zigzag-0-0;72;2367004;359;34
zigzag-0-0;73;2565188;359;32
zigzag-0-0;74;2562509;359;34
zigzag-0-0;75;2320223;359;37
zigzag-0-0;76;2411663;359;35
zigzag-0-0;77;2291857;359;31
zigzag-0-0;78;2630218;359;32
zigzag-0-0;79;2478759;359;32
zigzag-0-0;80;2581157;359;34
zigzag-0-0;81;2443643;359;33
zigzag-0-0;82;2443525;359;34
zigzag-0-0;83;2424836;359;30
zigzag-0-0;84;2394723;359;34
zigzag-0-0;85;2548831;359;33
zigzag-0-0;86;2368540;359;34
zigzag-0-0;87;2588474;359;34
zigzag-0-0;88;2470192;359;32
zigzag-0-0;89;2572428;359;32
zigzag-0-0;90;2297201;359;31
zigzag-0-0;91;2519527;359;34
zigzag-0-0;92;2592506;359;33
zigzag-0-0;93;2440783;359;30
zigzag-0-0;94;2333897;359;30
zigzag-0-0;95;2612629;359;29
zigzag-0-0;96;2539894;359;35
zigzag-0-0;97;2321419;359;31
zigzag-0-0;98;2641217;359;31
zigzag-0-0;99;2577750;359;33
zigzag-0-0;100;2414321;359;33
zigzag-0-0;101;2434560;359;34
zigzag-0-0;102;2648148;359;31
zigzag-0-0;103;2411666;359;37
zigzag-0-0;104;2494826;359;36
zigzag-0-0;105;2634137;359;34
zigzag-0-0;106;2609158;359;32
zigzag-0-0;107;2386687;359;32
zigzag-0-0;108;2428046;359;37
zigzag-0-0;109;2771642;359;36
zigzag-0-0;110;2175381;359;34
zigzag-0-0;111;2503761;359;31
zigzag-0-0;112;2593202;359;34
zigzag-0-0;113;2258521;359;34
zigzag-0-0;114;2441222;359;29
zigzag-0-0;115;2536727;359;34
zigzag-0-0;116;2503000;359;31
zigzag-0-0;117;2584451;359;30
zigzag-0-0;118;2429036;359;31
zigzag-0-0;119;2433918;359;33
zigzag-0-0;120;2406211;359;33
zigzag-0-0;121;2422820;359;31
zigzag-0-0;122;2564596;359;31
zigzag-0-0;123;2518947;359;31
zigzag-0-0;124;2617250;359;30
zigzag-0-0;125;2532836;359;33
zigzag-0-0;126;2520381;359;29
zigzag-0-0;127;2578035;359;32
zigzag-0-0;128;2589142;359;32
zigzag-0-0;129;2522436;359;33
zigzag-0-0;130;2327312;359;33
zigzag-0-0;131;2479348;359;31
zigzag-0-0;132;2523852;359;27
zigzag-0-0;133;2467648;359;33
zigzag-0-0;134;2606573;359;32
zigzag-0-0;135;2604232;359;34
zigzag-0-0;136;2458609;359;31
zigzag-0-0;137;2602394;359;34
zigzag-0-0;138;2570077;359;35
zigzag-0-0;139;2474876;359;33
zigzag-0-0;140;2525909;359;30
zigzag-0-0;141;2484218;359;31
zigzag-0-0;142;2211405;359;31
zigzag-0-0;143;2278545;359;34
zigzag-0-0;144;2446812;359;30
zigzag-0-0;145;2650801;359;27
zigzag-0-0;146;2281281;359;31
zigzag-0-0;147;2380919;359;32
zigzag-0-0;148;2544034;359;33
zigzag-0-0;149;2492380;359;33
zigzag-0-0;150;2438568;359;33
zigzag-0-0;151;2277484;359;34
zigzag-0-0;152;2318088;359;33
zigzag-0-0;153;2336275;359;33
zigzag-0-0;154;2574016;359;31
zigzag-0-0;155;2542811;359;31
zigzag-0-0;156;2401982;359;35
zigzag-0-0;157;2603301;359;33
zigzag-0-0;158;2606052;359;32
zigzag-0-0;159;2280944;359;31
zigzag-0-0;160;2283810;359;37
zigzag-0-0;161;2385335;359;35
zigzag-0-0;162;2631971;359;34
zigzag-0-0;163;2412153;359;32
zigzag-0-0;164;2461912;359;31
zigzag-0-0;165;2473226;359;33
zigzag-0-0;166;2550117;359;33
zigzag-0-0;167;2548104;359;36
zigzag-0-0;168;2249557;359;33
zigzag-0-0;169;2616806;359;30
zigzag-0-0;170;2582649;359;29
zigzag-0-0;171;2252198;359;33
zigzag-0-0;172;2266881;359;31
zigzag-0-0;173;2296358;359;34
zigzag-0-0;174;2422262;359;34
zigzag-0-0;175;2382637;359;29
zigzag-0-0;176;2267127;359;33
zigzag-0-0;177;2407398;359;31
zigzag-0-0;178;2296664;359;31
zigzag-0-0;179;2585475;359;32
zigzag-0-0;180;2341625;359;34
zigzag-0-0;181;2487377;359;31
zigzag-0-0;182;2378388;359;36
zigzag-0-0;183;2582525;359;36
zigzag-0-0;184;2530709;359;31
zigzag-0-0;185;2389898;359;35
zigzag-0-0;186;2503822;359;34
zigzag-0-0;187;2365618;359;33
zigzag-0-0;188;2399214;359;37
zigzag-0-0;189;2494640;359;29
zigzag-0-0;190;2488181;359;34
zigzag-0-0;191;2432444;359;31
zigzag-0-0;192;2718333;359;32
zigzag-0-0;193;2390498;359;34
zigzag-0-0;194;2450548;359;31
zigzag-0-0;195;2419310;359;32
zigzag-0-0;196;2368379;359;36
zigzag-0-0;197;2521589;359;30
zigzag-0-0;198;2620608;359;29
zigzag-0-0;199;2532113;359;30
